create table SURVEY (ID integer, PARENT_ID integer, NAME varchar(29), FULL_NAME varchar(66), TITLE varchar(33));
create table CENTRELINE (ID integer, SURVEY_ID integer, TITLE varchar(4), TOPO_DATE date, EXPLO_DATE date, LENGTH real, SURFACE_LENGTH real, DUPLICATE_LENGTH real);
create table PERSON (ID integer, NAME varchar(15), SURNAME varchar(12));
create table EXPLO (PERSON_ID integer, CENTRELINE_ID integer);
create table TOPO (PERSON_ID integer, CENTRELINE_ID integer);
create table STATION (ID integer, NAME varchar(31), SURVEY_ID integer, X real, Y real, Z real);
create table STATION_FLAG (STATION_ID integer, FLAG char(3));
create table SHOT (ID integer, FROM_ID integer, TO_ID integer, CENTRELINE_ID integer, LENGTH real, BEARING real, GRADIENT real, ADJ_LENGTH real, ADJ_BEARING real, ADJ_GRADIENT real, ERR_LENGTH real, ERR_BEARING real, ERR_GRADIENT real);
create table SHOT_FLAG (SHOT_ID integer, FLAG char(3));
create table MAPS (ID integer, SURVEY_ID integer, NAME varchar(29), TITLE varchar(33), PROJID integer, LENGTH real, DEPTH real);
create table SCRAPS (ID integer, SURVEY_ID integer, NAME varchar(29), PROJID integer, MAX_DISTORTION real, AVG_DISTORTION real);
create table MAPITEMS (ID integer, TYPE integer, ITEMID integer);
insert into SURVEY values (1, 0, '', '', NULL);
 insert into CENTRELINE values (2, 1, NULL, NULL, NULL, 0.00, 0.00, 0.00);
 insert into SURVEY values (50, 1, 'Koytendag', 'Koytendag', 'Karst de Koytendag');
 insert into CENTRELINE values (51, 50, NULL, NULL, NULL, 0.00, 0.00, 0.00);
 insert into SURVEY values (52, 50, 'Hanaka', 'Hanaka.Koytendag', 'Hanaka');
 insert into CENTRELINE values (53, 52, NULL, NULL, NULL, 0.00, 0.00, 0.00);
 insert into SURVEY values (54, 52, 'HanakaMain', 'HanakaMain.Hanaka.Koytendag', 'HanakaMain');
 insert into CENTRELINE values (55, 54, NULL, NULL, NULL, 0.00, 0.00, 0.00);
 insert into SURVEY values (56, 54, 'HanakaMain', 'HanakaMain.HanakaMain.Hanaka.Koytendag', 'Hanaka Main');
 insert into CENTRELINE values (57, 56, NULL, NULL, NULL, 0.00, 0.00, 0.00);
 insert into CENTRELINE values (58, 56, NULL, '2024-04-21', NULL, 65.48, 0.00, 0.00);
 insert into PERSON values (1, 'Jean-Marie', 'Briffon');
insert into TOPO values (1, 58);
 insert into PERSON values (2, 'Bernard', 'Lips');
insert into TOPO values (2, 58);
 insert into PERSON values (3, 'Xavier', 'Robert');
insert into TOPO values (3, 58);
 insert into SHOT values (1, 1, 2, 58, 8.020, 231.95, 7.30, 8.020, 231.95, 7.30, 0.000, 2.61, 0.02);
insert into SHOT values (2, 1, 3, 58, 9.870, 193.15, 4.90, 9.870, 193.15, 4.90, 0.000, 172.73, -0.03);
insert into SHOT values (3, 1, 4, 58, 3.080, 146.65, -0.50, 3.080, 146.65, -0.50, 0.000, 358.88, 0.02);
insert into SHOT values (4, 1, 5, 58, 4.070, 296.35, 3.80, 4.070, 296.35, 3.80, 0.000, 171.27, -0.01);
insert into SHOT values (5, 1, 6, 58, 2.210, 333.35, -23.50, 2.210, 333.35, -23.50, 0.000, 3.47, -0.02);
insert into SHOT values (6, 1, 7, 58, 2.960, 271.05, -68.60, 2.960, 271.05, -68.60, 0.000, 192.19, -0.01);
insert into SHOT values (7, 1, 8, 58, 13.010, 205.85, -41.10, 13.010, 205.85, -41.10, 0.000, 181.72, -0.02);
insert into SHOT values (8, 1, 9, 58, 11.400, 188.25, -26.10, 11.400, 188.25, -26.10, 0.000, 4.05, -0.00);
insert into SHOT values (9, 1, 10, 58, 15.650, 175.05, -39.00, 15.650, 175.05, -39.00, 0.000, 28.13, 0.11);
insert into SHOT values (10, 1, 11, 58, 8.340, 213.55, -28.40, 8.340, 213.55, -28.40, 0.000, 180.00, 0.01);
insert into SHOT values (11, 1, 12, 58, 23.690, 197.15, -42.60, 23.690, 197.15, -42.60, 0.000, 357.15, 0.01);
insert into SHOT values (12, 12, 13, 58, 2.810, 210.15, 76.30, 2.810, 210.15, 76.30, 0.000, 347.52, 0.02);
insert into SHOT values (13, 12, 14, 58, 7.200, 34.95, 87.80, 7.200, 34.95, 87.80, 0.000, 357.44, -0.02);
insert into SHOT values (14, 12, 15, 58, 2.310, 150.15, 25.00, 2.310, 150.15, 25.00, 0.000, 0.70, -0.01);
insert into SHOT values (15, 12, 16, 58, 4.080, 303.95, 11.10, 4.080, 303.95, 11.10, 0.000, 177.35, 0.01);
insert into SHOT values (16, 12, 17, 58, 6.240, 343.15, 45.20, 6.240, 343.15, 45.20, 0.000, 176.90, -0.01);
insert into SHOT values (17, 12, 18, 58, 7.360, 29.85, 49.50, 7.360, 29.85, 49.50, 0.000, 177.47, 0.00);
insert into SHOT values (18, 12, 19, 58, 4.470, 56.55, 34.60, 4.470, 56.55, 34.60, 0.000, 181.99, -0.01);
insert into SHOT values (19, 12, 20, 58, 5.970, 19.55, 17.40, 5.970, 19.55, 17.40, 0.000, 356.62, -0.01);
insert into SHOT values (20, 12, 21, 58, 14.020, 10.05, 33.00, 14.020, 10.05, 33.00, 0.000, 355.68, 0.01);
insert into SHOT values (21, 12, 22, 58, 19.980, 24.85, 37.40, 19.980, 24.85, 37.40, 0.000, 358.96, 0.01);
insert into SHOT values (22, 12, 23, 58, 3.450, 200.85, -29.40, 3.450, 200.85, -29.40, 0.000, 164.34, -0.06);
insert into SHOT values (23, 12, 24, 58, 3.890, 230.15, -28.50, 3.890, 230.15, -28.50, 0.000, 177.64, -0.01);
insert into SHOT values (24, 12, 25, 58, 2.070, 169.15, -26.00, 2.070, 169.15, -26.00, 0.000, 356.55, 0.00);
insert into SHOT values (25, 12, 26, 58, 3.510, 242.35, -53.30, 3.510, 242.35, -53.30, 0.000, 179.03, -0.00);
insert into SHOT values (26, 12, 27, 58, 4.410, 222.75, -65.70, 4.410, 222.75, -65.70, 0.000, 357.22, 0.01);
insert into SHOT values (27, 12, 28, 58, 4.520, 191.85, -38.60, 4.520, 191.85, -38.60, 0.000, 185.13, 0.02);
insert into SHOT values (28, 28, 29, 58, 0.980, 263.75, -6.10, 0.980, 263.75, -6.10, 0.000, 7.38, 0.01);
insert into SHOT values (29, 28, 30, 58, 1.370, 76.25, -65.70, 1.370, 76.25, -65.70, 0.000, 2.19, -0.00);
insert into SHOT values (30, 28, 31, 58, 1.820, 94.95, -18.10, 1.820, 94.95, -18.10, 0.000, 1.40, -0.01);
insert into SHOT values (31, 28, 32, 58, 3.780, 163.05, 1.90, 3.780, 163.05, 1.90, 0.000, 178.88, 0.01);
insert into SHOT values (32, 28, 33, 58, 4.390, 197.05, -4.00, 4.390, 197.05, -4.00, 0.000, 358.67, 0.01);
insert into SHOT values (33, 28, 34, 58, 0.810, 209.85, 24.00, 0.810, 209.85, 24.00, 0.000, 359.31, -0.01);
insert into SHOT values (34, 28, 35, 58, 3.000, 252.35, -9.70, 3.000, 252.35, -9.70, 0.000, 180.07, -0.01);
insert into SHOT values (35, 28, 36, 58, 2.230, 208.85, -1.80, 2.230, 208.85, -1.80, 0.000, 161.61, -0.13);
insert into SHOT values (36, 36, 37, 58, 1.260, 108.15, -73.80, 1.260, 108.15, -73.80, 0.000, 173.01, -0.04);
insert into SHOT values (37, 36, 38, 58, 2.930, 126.65, -14.40, 2.930, 126.65, -14.40, 0.000, 161.79, 0.18);
insert into SHOT values (38, 36, 39, 58, 1.620, 212.65, 45.30, 1.620, 212.65, 45.30, 0.000, 4.22, 0.00);
insert into SHOT values (39, 36, 40, 58, 2.140, 303.65, -14.50, 2.140, 303.65, -14.50, 0.000, 356.29, 0.00);
insert into SHOT values (40, 36, 41, 58, 3.030, 55.25, -5.40, 3.030, 55.25, -5.40, 0.000, 189.00, -0.03);
insert into SHOT values (41, 36, 42, 58, 1.870, 218.65, 15.40, 1.870, 218.65, 15.40, 0.000, 171.22, -0.03);
insert into SHOT values (42, 36, 43, 58, 2.430, 224.65, -6.60, 2.430, 224.65, -6.60, 0.000, 357.49, -0.00);
insert into SHOT values (43, 36, 44, 58, 2.410, 273.15, -4.10, 2.410, 273.15, -4.10, 0.000, 184.89, -0.03);
insert into SHOT values (44, 36, 45, 58, 2.370, 236.95, -30.80, 2.370, 236.95, -30.80, 0.000, 4.98, -0.00);
insert into SHOT values (45, 36, 46, 58, 3.690, 264.05, 0.80, 3.690, 264.05, 0.80, 0.000, 2.54, -0.01);
insert into SHOT values (46, 36, 47, 58, 11.680, 229.05, -3.20, 11.680, 229.05, -3.20, 0.000, 355.00, -0.02);
insert into SHOT values (47, 36, 48, 58, 2.630, 232.05, 12.50, 2.630, 232.05, 12.50, 0.000, 356.24, 0.01);
insert into SHOT values (48, 36, 49, 58, 8.200, 238.55, 2.60, 8.200, 238.55, 2.60, 0.000, 5.27, 0.00);
insert into SHOT values (49, 49, 50, 58, 1.120, 339.25, 1.40, 1.120, 339.25, 1.40, 0.000, 184.68, 0.00);
insert into SHOT values (50, 49, 51, 58, 3.240, 42.55, 85.00, 3.240, 42.55, 85.00, 0.000, 348.17, 0.05);
insert into SHOT values (51, 49, 52, 58, 4.090, 131.05, 26.80, 4.090, 131.05, 26.80, 0.000, 9.19, -0.00);
insert into SHOT values (52, 49, 53, 58, 2.700, 125.75, -34.00, 2.700, 125.75, -34.00, 0.000, 1.34, -0.01);
insert into SHOT values (53, 49, 54, 58, 2.510, 299.85, -25.60, 2.510, 299.85, -25.60, 0.000, 173.00, -0.00);
insert into SHOT values (54, 49, 55, 58, 3.890, 243.05, -22.40, 3.890, 243.05, -22.40, 0.000, 0.55, 0.11);
insert into SHOT values (55, 49, 56, 58, 3.440, 221.95, 34.70, 3.440, 221.95, 34.70, 0.000, 176.86, 0.01);
insert into SHOT values (56, 49, 57, 58, 3.800, 212.05, -3.00, 3.800, 212.05, -3.00, 0.000, 188.34, 0.07);
insert into SHOT values (57, 49, 58, 58, 2.660, 181.85, 21.20, 2.660, 181.85, 21.20, 0.000, 0.17, -0.01);
insert into SHOT values (58, 49, 59, 58, 4.080, 291.95, 16.30, 4.080, 291.95, 16.30, 0.000, 215.31, 0.19);
insert into SHOT values (59, 59, 60, 58, 4.730, 183.25, 51.20, 4.730, 183.25, 51.20, 0.000, 2.79, 0.02);
insert into SHOT values (60, 60, 61, 58, 1.180, 198.35, 13.10, 1.180, 198.35, 13.10, 0.000, 1.19, 0.02);
insert into SHOT values (61, 60, 62, 58, 0.660, 346.05, 67.40, 0.660, 346.05, 67.40, 0.000, 183.69, 0.00);
insert into SHOT values (62, 60, 63, 58, 0.470, 4.75, 5.30, 0.470, 4.75, 5.30, 0.000, 2.66, 0.04);
insert into SHOT values (63, 60, 64, 58, 0.900, 268.75, -41.30, 0.900, 268.75, -41.30, 0.000, 182.98, -0.02);
insert into SHOT values (64, 60, 65, 58, 1.630, 304.25, 14.60, 1.630, 304.25, 14.60, 0.000, 175.44, -0.01);
insert into SHOT values (65, 60, 66, 58, 0.900, 330.55, 5.60, 0.900, 330.55, 5.60, 0.000, 178.27, -0.01);
insert into SHOT values (66, 60, 67, 58, 1.710, 265.25, 32.70, 1.710, 265.25, 32.70, 0.000, 177.68, 0.00);
insert into SHOT values (67, 60, 68, 58, 3.270, 293.25, 7.40, 3.270, 293.25, 7.40, 0.000, 349.38, -0.03);
insert into SHOT values (68, 68, 69, 58, 1.780, 305.25, -3.50, 1.780, 305.25, -3.50, 0.000, 36.92, -0.23);
insert into SHOT values (69, 68, 70, 58, 2.470, 340.75, -44.50, 2.470, 340.75, -44.50, 0.000, 310.44, 0.16);
insert into SHOT values (70, 68, 71, 58, 1.530, 128.05, 19.80, 1.530, 128.05, 19.80, 0.000, 9.78, 0.06);
insert into SHOT values (71, 68, 72, 58, 1.380, 100.95, 86.90, 1.380, 100.95, 86.90, 0.000, 175.48, 0.01);
insert into SHOT values (72, 68, 73, 58, 1.670, 327.75, 60.70, 1.670, 327.75, 60.70, 0.000, 327.16, -0.01);
insert into SHOT values (73, 68, 74, 58, 1.590, 9.85, -0.90, 1.590, 9.85, -0.90, 0.000, 0.55, 0.01);
insert into SHOT values (74, 68, 75, 58, 1.830, 71.95, 8.30, 1.830, 71.95, 8.30, 0.000, 179.36, -0.03);
insert into SHOT values (75, 68, 76, 58, 2.860, 10.45, -39.50, 2.860, 10.45, -39.50, 0.000, 180.97, 0.01);
insert into SHOT values (76, 68, 77, 58, 2.160, 89.85, -25.50, 2.160, 89.85, -25.50, 0.000, 164.99, 0.01);
insert into SHOT values (77, 68, 78, 58, 1.220, 71.15, -49.30, 1.220, 71.15, -49.30, 0.000, 3.47, -0.00);
insert into SHOT values (78, 68, 79, 58, 4.870, 54.95, 79.60, 4.870, 54.95, 79.60, 0.000, 177.05, -0.00);
insert into SHOT values (79, 68, 80, 58, 8.060, 147.55, 70.00, 8.060, 147.55, 70.00, 0.000, 5.76, 0.02);
insert into SHOT values (80, 68, 81, 58, 2.170, 58.55, 74.00, 2.170, 58.55, 74.00, 0.000, 16.42, -0.05);
insert into SHOT values (81, 68, 82, 58, 2.540, 262.45, 42.00, 2.540, 262.45, 42.00, 0.000, 1.35, -0.07);
insert into SHOT values (82, 68, 83, 58, 2.560, 262.55, 43.60, 2.560, 262.55, 43.60, 0.000, 174.85, -0.02);
insert into SHOT values (83, 83, 84, 58, 0.400, 86.15, 20.70, 0.400, 86.15, 20.70, 0.000, 0.65, 0.01);
insert into SHOT values (84, 83, 85, 58, 1.270, 131.35, 58.40, 1.270, 131.35, 58.40, 0.000, 1.70, 0.01);
insert into SHOT values (85, 83, 86, 58, 0.950, 44.95, 39.40, 0.950, 44.95, 39.40, 0.000, 182.58, -0.02);
insert into SHOT values (86, 83, 87, 58, 0.780, 22.85, 50.80, 0.780, 22.85, 50.80, 0.000, 176.01, 0.01);
insert into SHOT values (87, 83, 88, 58, 0.810, 232.95, -73.60, 0.810, 232.95, -73.60, 0.000, 0.26, 0.01);
insert into SHOT values (88, 83, 89, 58, 5.860, 117.15, 68.80, 5.860, 117.15, 68.80, 0.000, 186.77, 0.00);
insert into SHOT values (89, 83, 90, 58, 5.580, 171.65, 68.80, 5.580, 171.65, 68.80, 0.000, 356.39, -0.01);
insert into SHOT values (90, 83, 91, 58, 7.400, 205.15, 75.60, 7.400, 205.15, 75.60, 0.000, 11.36, -0.31);
insert into SHOT values (91, 83, 92, 58, 1.770, 149.65, 59.40, 1.770, 149.65, 59.40, 0.000, 184.04, 0.01);
insert into SHOT values (92, 83, 93, 58, 1.810, 150.45, 58.80, 1.810, 150.45, 58.80, 0.000, 183.10, 0.02);
insert into SHOT values (93, 83, 94, 58, 1.730, 150.05, 59.20, 1.730, 150.05, 59.20, 0.000, 329.59, -0.41);
insert into SHOT values (94, 83, 95, 58, 1.790, 150.45, 59.10, 1.790, 150.45, 59.10, 0.000, 181.59, -0.17);
insert into SHOT values (95, 93, 96, 58, 2.080, 1.65, 13.80, 2.080, 1.65, 13.80, 0.000, 357.25, 0.02);
insert into SHOT values (96, 93, 97, 58, 6.210, 297.95, 72.80, 6.210, 297.95, 72.80, 0.000, 181.32, 0.02);
insert into SHOT values (97, 93, 98, 58, 3.520, 90.05, -2.30, 3.520, 90.05, -2.30, 0.000, 1.18, 0.01);
insert into SHOT values (98, 93, 99, 58, 5.330, 132.95, -20.20, 5.330, 132.95, -20.20, 0.000, 181.05, -0.01);
insert into SHOT values (99, 93, 100, 58, 4.430, 164.45, -18.40, 4.430, 164.45, -18.40, 0.000, 175.33, -0.01);
insert into SHOT values (100, 93, 101, 58, 6.710, 114.15, 40.80, 6.710, 114.15, 40.80, 0.000, 179.92, -0.00);
insert into SHOT values (101, 93, 102, 58, 5.380, 157.75, 36.10, 5.380, 157.75, 36.10, 0.000, 5.44, -0.01);
insert into SHOT values (102, 93, 103, 58, 2.400, 272.35, 24.50, 2.400, 272.35, 24.50, 0.000, 358.05, -0.01);
insert into SHOT values (103, 93, 104, 58, 6.830, 311.45, 28.50, 6.830, 311.45, 28.50, 0.000, 355.41, 0.00);
insert into SHOT values (104, 93, 105, 58, 9.140, 303.25, 41.60, 9.140, 303.25, 41.60, 0.000, 180.76, -0.02);
insert into SHOT values (105, 93, 106, 58, 7.450, 263.95, 63.50, 7.450, 263.95, 63.50, 0.000, 181.20, -0.00);
insert into SHOT values (106, 93, 107, 58, 7.040, 233.35, 41.70, 7.040, 233.35, 41.70, 0.000, 180.23, -0.01);
insert into SHOT values (107, 93, 108, 58, 5.530, 203.25, 44.20, 5.530, 203.25, 44.20, 0.000, 177.05, 0.01);
insert into SHOT values (108, 93, 109, 58, 6.060, 211.25, 24.50, 6.060, 211.25, 24.50, 0.000, 188.68, 0.03);
insert into SHOT values (109, 93, 110, 58, 10.390, 285.45, 37.60, 10.390, 285.45, 37.60, 0.000, 181.15, -0.00);
insert into SCRAPS values (60, 54, 'SP-HanakaMain-1', 1, 0.51082, 0.04649);
 insert into SCRAPS values (122, 54, 'SP-HanakaMain-2', 1, 0.43600, 0.07473);
 insert into SCRAPS values (131, 54, 'SC-HanakaMain-1', 2, 0.22037, 0.01899);
 insert into MAPS values (170, 54, 'MP-HanakaMain', 'Hanaka Main', 1, 65.480, -18.925);
 insert into MAPITEMS values (170, 4, 122);
 insert into MAPITEMS values (170, 4, 60);
 insert into MAPS values (171, 54, 'MC-HanakaMain', 'HanakaMain', 2, 65.480, -18.925);
 insert into MAPITEMS values (171, 4, 131);
 insert into SURVEY values (173, 52, 'Ahmethan', 'Ahmethan.Hanaka.Koytendag', 'Ahmethan Gypsum Cave n_2');
 insert into CENTRELINE values (174, 173, NULL, NULL, NULL, 0.00, 0.00, 0.00);
 insert into SURVEY values (175, 173, 'Ahmethan', 'Ahmethan.Ahmethan.Hanaka.Koytendag', 'Ahmethan Gypsum Cave n_2');
 insert into CENTRELINE values (176, 175, NULL, NULL, NULL, 0.00, 0.00, 0.00);
 insert into CENTRELINE values (177, 175, NULL, '2024-04-21', NULL, 130.07, 0.00, 0.00);
 insert into PERSON values (4, 'Philippe', 'Audra');
insert into TOPO values (4, 177);
 insert into PERSON values (5, 'Gael', 'Cazes');
insert into TOPO values (5, 177);
 insert into PERSON values (6, 'Jo', 'De-Waele');
insert into TOPO values (6, 177);
 insert into SHOT values (110, 111, 112, 177, 13.370, 7.05, -52.80, 13.370, 7.05, -52.80, 0.000, 169.39, 0.07);
insert into SHOT values (111, 112, 113, 177, 12.530, 321.85, -19.50, 12.530, 321.85, -19.50, 0.000, 180.95, -0.00);
insert into SHOT values (112, 113, 114, 177, 0.790, 216.45, -87.10, 0.790, 216.45, -87.10, 0.000, 181.08, 0.02);
insert into SHOT values (113, 114, 115, 177, 21.090, 31.35, -39.80, 21.090, 31.35, -39.80, 0.000, 2.88, 0.02);
insert into SHOT values (114, 115, 116, 177, 14.310, 326.65, -32.80, 14.310, 326.65, -32.80, 0.000, 4.19, 0.04);
insert into SHOT values (115, 116, 117, 177, 4.810, 218.45, 7.00, 4.810, 218.45, 7.00, 0.000, 186.27, 0.05);
insert into SHOT values (116, 117, 118, 177, 12.610, 228.45, 15.60, 12.610, 228.45, 15.60, 0.000, 348.68, 0.03);
insert into SHOT values (117, 116, 119, 177, 7.910, 31.35, -14.00, 7.910, 31.35, -14.00, 0.000, 191.89, 0.08);
insert into SHOT values (118, 116, 120, 177, 13.310, 105.05, 38.80, 13.310, 105.05, 38.80, 0.000, 353.85, -0.01);
insert into SHOT values (119, 120, 121, 177, 4.610, 356.75, -16.20, 4.610, 356.75, -16.20, 0.000, 4.90, -0.01);
insert into SHOT values (120, 121, 122, 177, 9.400, 10.05, -42.70, 9.400, 10.05, -42.70, 0.000, 175.74, 0.01);
insert into SHOT values (121, 120, 123, 177, 3.800, 120.35, -18.30, 3.800, 120.35, -18.30, 0.000, 181.72, -0.01);
insert into SHOT values (122, 123, 124, 177, 2.560, 348.65, 33.30, 2.560, 348.65, 33.30, 0.000, 139.39, 0.17);
insert into SHOT values (123, 124, 125, 177, 1.760, 311.45, 63.50, 1.760, 311.45, 63.50, 0.000, 179.12, -0.00);
insert into SHOT values (124, 125, 126, 177, 7.210, 111.55, 45.40, 7.210, 111.55, 45.40, 0.000, 355.45, -0.02);
insert into SHOT values (125, 111, 127, 177, 3.790, 290.45, -33.70, 3.790, 290.45, -33.70, 0.000, 169.85, -0.03);
insert into SHOT values (126, 111, 128, 177, 15.730, 316.65, -4.60, 15.730, 316.65, -4.60, 0.000, 180.38, -0.01);
insert into SHOT values (127, 111, 129, 177, 14.370, 350.35, -1.70, 14.370, 350.35, -1.70, 0.000, 176.21, -0.02);
insert into SHOT values (128, 111, 130, 177, 9.940, 45.55, -10.20, 9.940, 45.55, -10.20, 0.000, 3.56, 0.00);
insert into SHOT values (129, 111, 131, 177, 9.680, 100.65, -7.60, 9.680, 100.65, -7.60, 0.000, 181.32, 0.01);
insert into SHOT values (130, 111, 132, 177, 11.520, 141.65, -7.70, 11.520, 141.65, -7.70, 0.000, 1.73, 0.02);
insert into SHOT values (131, 112, 133, 177, 2.400, 284.65, 13.80, 2.400, 284.65, 13.80, 0.000, 175.31, -0.01);
insert into SHOT values (132, 112, 134, 177, 9.350, 338.95, 9.50, 9.350, 338.95, 9.50, 0.000, 179.16, -0.01);
insert into SHOT values (133, 112, 135, 177, 12.870, 322.35, -19.40, 12.870, 322.35, -19.40, 0.000, 5.83, -0.05);
insert into SHOT values (134, 113, 136, 177, 5.540, 283.85, 2.80, 5.540, 283.85, 2.80, 0.000, 184.14, 0.01);
insert into SHOT values (135, 113, 137, 177, 1.290, 221.75, 4.80, 1.290, 221.75, 4.80, 0.000, 173.95, -0.03);
insert into SHOT values (136, 113, 138, 177, 7.000, 325.55, -4.50, 7.000, 325.55, -4.50, 0.000, 172.94, -0.03);
insert into SHOT values (137, 113, 139, 177, 4.860, 35.95, -4.90, 4.860, 35.95, -4.90, 0.000, 182.94, -0.04);
insert into SHOT values (138, 113, 140, 177, 7.770, 99.75, 2.40, 7.770, 99.75, 2.40, 0.000, 354.17, 0.04);
insert into SHOT values (139, 115, 141, 177, 10.740, 277.75, -6.70, 10.740, 277.75, -6.70, 0.000, 182.75, -0.01);
insert into SHOT values (140, 115, 142, 177, 5.510, 319.45, -8.00, 5.510, 319.45, -8.00, 0.000, 189.18, 0.03);
insert into SHOT values (141, 115, 143, 177, 10.560, 357.95, -7.40, 10.560, 357.95, -7.40, 0.000, 187.58, 0.02);
insert into SHOT values (142, 115, 144, 177, 11.700, 14.35, 8.10, 11.700, 14.35, 8.10, 0.000, 9.67, -0.01);
insert into SHOT values (143, 115, 145, 177, 10.310, 34.95, 7.60, 10.310, 34.95, 7.60, 0.000, 359.38, -0.02);
insert into SHOT values (144, 115, 146, 177, 11.290, 50.65, 9.90, 11.290, 50.65, 9.90, 0.000, 356.86, -0.01);
insert into SHOT values (145, 115, 147, 177, 11.990, 64.25, 10.30, 11.990, 64.25, 10.30, 0.000, 183.76, 0.01);
insert into SHOT values (146, 115, 148, 177, 9.230, 76.25, 3.10, 9.230, 76.25, 3.10, 0.000, 2.65, 0.01);
insert into SHOT values (147, 115, 149, 177, 5.560, 114.25, 2.10, 5.560, 114.25, 2.10, 0.000, 5.05, -0.01);
insert into SHOT values (148, 115, 150, 177, 4.700, 157.85, 13.30, 4.700, 157.85, 13.30, 0.000, 21.85, 0.10);
insert into SHOT values (149, 115, 151, 177, 11.440, 167.05, 11.40, 11.440, 167.05, 11.40, 0.000, 4.32, 0.00);
insert into SHOT values (150, 115, 152, 177, 11.960, 172.15, 13.20, 11.960, 172.15, 13.20, 0.000, 180.71, 0.00);
insert into SHOT values (151, 115, 153, 177, 5.910, 90.15, 82.40, 5.910, 90.15, 82.40, 0.000, 182.06, -0.01);
insert into SHOT values (152, 116, 154, 177, 2.110, 252.25, -52.80, 2.110, 252.25, -52.80, 0.000, 176.43, -0.01);
insert into SHOT values (153, 116, 155, 177, 1.960, 38.15, -50.20, 1.960, 38.15, -50.20, 0.000, 2.02, 0.01);
insert into SHOT values (154, 117, 156, 177, 4.950, 218.65, 7.30, 4.950, 218.65, 7.30, 0.000, 183.20, 0.01);
insert into SHOT values (155, 117, 157, 177, 4.800, 252.05, 7.30, 4.800, 252.05, 7.30, 0.000, 171.82, -0.01);
insert into SHOT values (156, 117, 158, 177, 2.540, 301.45, -8.10, 2.540, 301.45, -8.10, 0.000, 2.04, -0.01);
insert into SHOT values (157, 117, 159, 177, 3.970, 349.65, -34.00, 3.970, 349.65, -34.00, 0.000, 358.83, 0.01);
insert into SHOT values (158, 120, 160, 177, 2.690, 302.05, -19.70, 2.690, 302.05, -19.70, 0.000, 178.60, -0.02);
insert into SHOT values (159, 120, 161, 177, 2.360, 327.05, -7.40, 2.360, 327.05, -7.40, 0.000, 4.59, 0.02);
insert into SHOT values (160, 120, 162, 177, 1.860, 38.05, 10.00, 1.860, 38.05, 10.00, 0.000, 0.63, 0.04);
insert into SHOT values (161, 120, 163, 177, 1.950, 80.75, -72.70, 1.950, 80.75, -72.70, 0.000, 359.17, -0.01);
insert into SHOT values (162, 120, 164, 177, 6.730, 154.15, -7.10, 6.730, 154.15, -7.10, 0.000, 179.61, 0.01);
insert into SHOT values (163, 121, 165, 177, 2.430, 272.45, -22.70, 2.430, 272.45, -22.70, 0.000, 345.25, -0.00);
insert into SHOT values (164, 121, 166, 177, 2.280, 71.25, -13.90, 2.280, 71.25, -13.90, 0.000, 9.45, 0.02);
insert into SHOT values (165, 121, 167, 177, 1.250, 109.45, 41.00, 1.250, 109.45, 41.00, 0.000, 180.80, -0.03);
insert into SHOT values (166, 121, 168, 177, 1.700, 43.55, -77.00, 1.700, 43.55, -77.00, 0.000, 354.96, -0.00);
insert into SHOT values (167, 122, 169, 177, 1.010, 295.35, -3.60, 1.010, 295.35, -3.60, 0.000, 0.86, -0.03);
insert into SHOT values (168, 122, 170, 177, 0.400, 99.65, -18.50, 0.400, 99.65, -18.50, 0.000, 3.91, -0.01);
insert into SHOT values (169, 122, 171, 177, 0.350, 30.35, 69.50, 0.350, 30.35, 69.50, 0.000, 181.96, -0.01);
insert into SHOT values (170, 122, 172, 177, 0.690, 58.25, -78.30, 0.690, 58.25, -78.30, 0.000, 177.95, 0.01);
insert into SHOT values (171, 124, 173, 177, 0.850, 316.25, 11.00, 0.850, 316.25, 11.00, 0.000, 3.53, 0.02);
insert into SHOT values (172, 124, 174, 177, 0.690, 135.75, 0.90, 0.690, 135.75, 0.90, 0.000, 185.11, -0.03);
insert into SHOT values (173, 124, 175, 177, 0.340, 207.15, 80.10, 0.340, 207.15, 80.10, 0.000, 175.54, -0.02);
insert into SHOT values (174, 124, 176, 177, 0.630, 51.45, -77.60, 0.630, 51.45, -77.60, 0.000, 27.02, 0.09);
insert into SHOT values (175, 125, 177, 177, 2.400, 232.05, 24.20, 2.400, 232.05, 24.20, 0.000, 2.86, -0.02);
insert into SHOT values (176, 125, 178, 177, 5.680, 280.45, 31.30, 5.680, 280.45, 31.30, 0.000, 184.62, -0.00);
insert into SHOT values (177, 125, 179, 177, 7.880, 328.85, 25.80, 7.880, 328.85, 25.80, 0.000, 175.07, -0.01);
insert into SHOT values (178, 125, 180, 177, 4.070, 17.35, 27.20, 4.070, 17.35, 27.20, 0.000, 174.68, 0.01);
insert into SHOT values (179, 125, 181, 177, 3.000, 76.85, 21.00, 3.000, 76.85, 21.00, 0.000, 2.21, 0.01);
insert into SHOT values (180, 125, 182, 177, 2.020, 121.05, 16.50, 2.020, 121.05, 16.50, 0.000, 183.66, 0.01);
insert into SHOT values (181, 125, 183, 177, 2.660, 172.65, 34.20, 2.660, 172.65, 34.20, 0.000, 17.66, -0.04);
insert into SCRAPS values (179, 173, 'SP-Ahmethan1', 1, 56.17771, 0.76420);
 insert into SCRAPS values (244, 173, 'SP-Ahmethan2', 1, 42.90244, 23.31638);
 insert into MAPS values (253, 173, 'MP-Ahmethan', 'Ahmethan Gypsum Cave n_ 2', 1, 130.070, -38.787);
 insert into MAPITEMS values (253, 4, 244);
 insert into MAPITEMS values (253, 4, 179);
 insert into SURVEY values (256, 50, 'Cenotes_check-point', 'Cenotes_check-point.Koytendag', 'Karabulak Gypsum Collapses');
 insert into CENTRELINE values (257, 256, NULL, NULL, NULL, 0.00, 0.00, 0.00);
 insert into SURVEY values (258, 256, 'SINKHOLE1', 'SINKHOLE1.Cenotes_check-point.Koytendag', 'Karabulak Gypsum Collapses 1');
 insert into CENTRELINE values (259, 258, NULL, NULL, NULL, 0.00, 0.00, 0.00);
 insert into CENTRELINE values (260, 258, NULL, '2024-04-11', NULL, 31.64, 0.00, 0.00);
 insert into TOPO values (4, 260);
 insert into SHOT values (182, 184, 185, 260, 19.550, 3.60, -0.69, 19.550, 3.60, -0.69, 0.000, 302.50, -0.02);
insert into SHOT values (183, 184, 186, 260, 12.930, 1.01, 0.08, 12.930, 1.01, 0.08, 0.000, 358.47, 0.00);
insert into SHOT values (184, 184, 187, 260, 21.630, 8.53, -6.48, 21.630, 8.53, -6.48, 0.000, 178.40, 0.00);
insert into SHOT values (185, 184, 188, 260, 17.530, 12.13, -5.90, 17.530, 12.13, -5.90, 0.000, 96.62, -0.04);
insert into SHOT values (186, 184, 189, 260, 22.040, 11.17, -17.48, 22.040, 11.17, -17.48, 0.000, 351.08, 0.01);
insert into SHOT values (187, 184, 190, 260, 24.090, 4.79, -21.91, 24.090, 4.79, -21.91, 0.000, 358.70, -0.02);
insert into SHOT values (188, 184, 191, 260, 27.250, 3.50, -24.40, 27.250, 3.50, -24.40, 0.000, 7.44, -0.01);
insert into SHOT values (189, 184, 192, 260, 28.540, 5.84, -28.46, 28.540, 5.84, -28.46, 0.000, 180.06, -0.02);
insert into SHOT values (190, 184, 193, 260, 28.600, 4.85, -33.26, 28.600, 4.85, -33.26, 0.000, 143.73, -0.01);
insert into SHOT values (191, 184, 194, 260, 28.540, 5.01, -32.36, 28.540, 5.01, -32.36, 0.000, 168.33, 0.01);
insert into SHOT values (192, 184, 195, 260, 25.610, 8.54, -30.89, 25.610, 8.54, -30.89, 0.000, 1.18, 0.00);
insert into SHOT values (193, 184, 196, 260, 31.640, 0.89, -39.94, 31.640, 0.89, -39.94, 0.000, 5.16, -0.00);
insert into SHOT values (194, 184, 197, 260, 28.060, 3.98, -31.01, 28.060, 3.98, -31.01, 0.000, 172.66, -0.01);
insert into SHOT values (195, 184, 198, 260, 23.320, 341.23, -36.21, 23.320, 341.23, -36.21, 0.000, 194.32, -0.01);
insert into SURVEY values (262, 256, 'SINKHOLE2', 'SINKHOLE2.Cenotes_check-point.Koytendag', 'Karabulak Gypsum Collapses 2');
 insert into CENTRELINE values (263, 262, NULL, NULL, NULL, 0.00, 0.00, 0.00);
 insert into CENTRELINE values (264, 262, NULL, '2024-04-11', NULL, 31.04, 0.00, 0.00);
 insert into TOPO values (4, 264);
 insert into SHOT values (196, 199, 200, 264, 4.640, 2.87, -15.22, 4.640, 2.87, -15.22, 0.000, 130.15, -0.01);
insert into SHOT values (197, 199, 201, 264, 15.000, 8.49, -9.74, 15.000, 8.49, -9.74, 0.000, 346.44, -0.01);
insert into SHOT values (198, 199, 202, 264, 26.400, 6.95, -7.05, 26.400, 6.95, -7.05, 0.000, 351.02, 0.01);
insert into SHOT values (199, 199, 203, 264, 17.300, 7.83, -6.51, 17.300, 7.83, -6.51, 0.000, 78.54, -0.00);
insert into SHOT values (200, 199, 204, 264, 5.240, 0.08, -22.04, 5.240, 0.08, -22.04, 0.000, 4.77, -0.00);
insert into SHOT values (201, 199, 205, 264, 18.690, 359.54, -26.48, 18.690, 359.54, -26.48, 0.000, 303.97, -0.07);
insert into SHOT values (202, 199, 206, 264, 14.310, 14.71, -42.16, 14.310, 14.71, -42.16, 0.000, 180.09, -0.00);
insert into SHOT values (203, 199, 207, 264, 20.350, 12.15, -35.26, 20.350, 12.15, -35.26, 0.000, 182.02, 0.01);
insert into SHOT values (204, 199, 208, 264, 26.110, 9.05, -31.92, 26.110, 9.05, -31.92, 0.000, 354.07, 0.00);
insert into SHOT values (205, 199, 209, 264, 32.640, 6.67, -32.74, 32.640, 6.67, -32.74, 0.000, 31.94, -0.04);
insert into SHOT values (206, 199, 210, 264, 29.000, 14.34, -27.98, 29.000, 14.34, -27.98, 0.000, 200.10, -0.01);
insert into SHOT values (207, 199, 211, 264, 22.120, 22.42, -32.99, 22.120, 22.42, -32.99, 0.000, 175.23, -0.01);
insert into SHOT values (208, 199, 212, 264, 27.720, 7.88, -29.49, 27.720, 7.88, -29.49, 0.000, 189.29, -0.00);
insert into SHOT values (209, 199, 213, 264, 25.280, 9.40, -38.10, 25.280, 9.40, -38.10, 0.000, 10.44, 0.01);
insert into SHOT values (210, 199, 214, 264, 27.040, 8.27, -38.75, 27.040, 8.27, -38.75, 0.000, 172.90, -0.01);
insert into SHOT values (211, 199, 215, 264, 21.810, 5.40, -43.62, 21.810, 5.40, -43.62, 0.000, 24.89, 0.01);
insert into SHOT values (212, 199, 216, 264, 26.610, 8.74, -33.37, 26.610, 8.74, -33.37, 0.000, 166.82, 0.00);
insert into SHOT values (213, 199, 217, 264, 21.810, 2.74, -38.96, 21.810, 2.74, -38.96, 0.000, 189.03, -0.00);
insert into SHOT values (214, 199, 218, 264, 29.930, 5.50, -33.27, 29.930, 5.50, -33.27, 0.000, 353.35, 0.00);
insert into SHOT values (215, 199, 219, 264, 29.600, 4.63, -35.82, 29.600, 4.63, -35.82, 0.000, 356.74, 0.01);
insert into SHOT values (216, 199, 220, 264, 31.040, 3.94, -37.11, 31.040, 3.94, -37.11, 0.000, 350.69, -0.01);
insert into SCRAPS values (266, 256, 'SP-SINKHOLE1', 1, 0.00086, 0.00001);
 insert into SCRAPS values (273, 256, 'SP-SINKHOLE2', 1, 0.00065, 0.00000);
 insert into MAPS values (282, 256, 'MP-Cenotes_check-point', 'Cenotes Check-point', 1, 62.680, -20.312);
 insert into MAPITEMS values (282, 4, 266);
 insert into MAPITEMS values (282, 4, 273);
 insert into SURVEY values (284, 50, 'Chauve-Souris', 'Chauve-Souris.Koytendag', 'Grotte des Chauves-Souris');
 insert into CENTRELINE values (285, 284, NULL, NULL, NULL, 0.00, 0.00, 0.00);
 insert into SURVEY values (286, 284, 'chauves', 'chauves.Chauve-Souris.Koytendag', 'chauves');
 insert into CENTRELINE values (287, 286, NULL, NULL, NULL, 0.00, 0.00, 0.00);
 insert into CENTRELINE values (288, 286, NULL, '2024-04-19', NULL, 93.35, 0.00, 0.00);
 insert into TOPO values (5, 288);
 insert into TOPO values (3, 288);
 insert into SHOT values (217, 221, 222, 288, 1.040, 75.15, 11.40, 1.040, 75.15, 11.40, 0.000, 61.89, 0.02);
insert into SHOT values (218, 221, 223, 288, 0.510, 82.55, -46.00, 0.510, 82.55, -46.00, 0.000, 104.13, 0.12);
insert into SHOT values (219, 221, 224, 288, 0.960, 116.85, 53.80, 0.960, 116.85, 53.80, 0.000, 3.32, -0.00);
insert into SHOT values (220, 221, 225, 288, 1.370, 139.65, -6.00, 1.370, 139.65, -6.00, 0.000, 173.97, -0.00);
insert into SHOT values (221, 221, 226, 288, 2.960, 149.35, 0.00, 2.960, 149.35, 0.00, 0.000, 1.24, 0.00);
insert into SHOT values (222, 221, 227, 288, 1.870, 149.55, 26.90, 1.870, 149.55, 26.90, 0.000, 355.24, -0.01);
insert into SHOT values (223, 221, 228, 288, 0.860, 166.75, 20.40, 0.860, 166.75, 20.40, 0.000, 175.34, -0.01);
insert into SHOT values (224, 221, 229, 288, 2.650, 139.25, 12.50, 2.650, 139.25, 12.50, 0.000, 185.37, -0.01);
insert into SHOT values (225, 221, 230, 288, 2.630, 18.55, -14.50, 2.630, 18.55, -14.50, 0.000, 353.12, 0.02);
insert into SHOT values (226, 221, 231, 288, 1.270, 13.95, 24.40, 1.270, 13.95, 24.40, 0.000, 177.90, -0.00);
insert into SHOT values (227, 221, 232, 288, 3.410, 6.85, 5.20, 3.410, 6.85, 5.20, 0.000, 359.72, 0.01);
insert into SHOT values (228, 221, 233, 288, 4.170, 30.35, -7.20, 4.170, 30.35, -7.20, 0.000, 355.89, -0.00);
insert into SHOT values (229, 221, 234, 288, 3.640, 359.45, -1.80, 3.640, 359.45, -1.80, 0.000, 182.35, -0.02);
insert into SHOT values (230, 221, 235, 288, 2.220, 317.15, -10.00, 2.220, 317.15, -10.00, 0.000, 358.08, 0.02);
insert into SHOT values (231, 221, 236, 288, 1.450, 335.65, -25.60, 1.450, 335.65, -25.60, 0.000, 356.60, 0.01);
insert into SHOT values (232, 221, 237, 288, 1.410, 113.95, 24.00, 1.410, 113.95, 24.00, 0.000, 180.02, 0.00);
insert into SHOT values (233, 221, 238, 288, 1.390, 113.55, 23.80, 1.390, 113.55, 23.80, 0.000, 175.96, -0.01);
insert into SHOT values (234, 221, 239, 288, 1.260, 241.15, -1.00, 1.260, 241.15, -1.00, 0.000, 354.25, 0.04);
insert into SHOT values (235, 221, 240, 288, 0.780, 232.15, -50.90, 0.780, 232.15, -50.90, 0.000, 181.24, -0.00);
insert into SHOT values (236, 221, 241, 288, 0.610, 206.95, 55.60, 0.610, 206.95, 55.60, 0.000, 344.81, 0.03);
insert into SHOT values (237, 221, 242, 288, 2.550, 163.15, 12.00, 2.550, 163.15, 12.00, 0.000, 176.37, 0.00);
insert into SHOT values (238, 221, 243, 288, 2.000, 185.65, 13.00, 2.000, 185.65, 13.00, 0.000, 173.22, 0.01);
insert into SHOT values (239, 221, 244, 288, 1.850, 168.05, -9.70, 1.850, 168.05, -9.70, 0.000, 352.52, -0.02);
insert into SHOT values (240, 221, 245, 288, 3.320, 174.35, 7.10, 3.320, 174.35, 7.10, 0.000, 181.39, -0.00);
insert into SHOT values (241, 221, 246, 288, 4.290, 176.45, 20.80, 4.290, 176.45, 20.80, 0.000, 357.58, 0.00);
insert into SHOT values (242, 221, 247, 288, 4.160, 178.55, 15.60, 4.160, 178.55, 15.60, 0.000, 177.04, -0.00);
insert into SHOT values (243, 221, 248, 288, 3.980, 172.05, 15.60, 3.980, 172.05, 15.60, 0.000, 162.27, 0.04);
insert into SHOT values (244, 237, 249, 288, 5.310, 174.25, 15.50, 5.310, 174.25, 15.50, 0.000, 1.21, -0.00);
insert into SHOT values (245, 221, 250, 288, 5.350, 22.75, -5.90, 5.350, 22.75, -5.90, 0.000, 2.06, 0.00);
insert into SHOT values (246, 250, 251, 288, 1.120, 282.75, 8.20, 1.120, 282.75, 8.20, 0.000, 1.30, 0.00);
insert into SHOT values (247, 250, 252, 288, 0.750, 299.45, -13.90, 0.750, 299.45, -13.90, 0.000, 166.62, -0.02);
insert into SHOT values (248, 250, 253, 288, 0.490, 305.35, 31.20, 0.490, 305.35, 31.20, 0.000, 184.65, 0.01);
insert into SHOT values (249, 250, 254, 288, 2.810, 320.95, -5.50, 2.810, 320.95, -5.50, 0.000, 182.73, 0.01);
insert into SHOT values (250, 250, 255, 288, 2.210, 344.65, -5.00, 2.210, 344.65, -5.00, 0.000, 179.92, -0.00);
insert into SHOT values (251, 250, 256, 288, 5.060, 334.55, -7.10, 5.060, 334.55, -7.10, 0.000, 4.74, -0.00);
insert into SHOT values (252, 250, 257, 288, 3.600, 326.05, -7.10, 3.600, 326.05, -7.10, 0.000, 170.93, -0.00);
insert into SHOT values (253, 250, 258, 288, 3.650, 331.15, -0.50, 3.650, 331.15, -0.50, 0.000, 355.68, 0.01);
insert into SHOT values (254, 250, 259, 288, 1.810, 330.55, -9.40, 1.810, 330.55, -9.40, 0.000, 9.17, 0.04);
insert into SHOT values (255, 250, 260, 288, 10.750, 329.95, -6.30, 10.750, 329.95, -6.30, 0.000, 3.83, 0.00);
insert into SHOT values (256, 260, 261, 288, 2.260, 108.95, -6.90, 2.260, 108.95, -6.90, 0.000, 178.95, -0.00);
insert into SHOT values (257, 260, 262, 288, 1.580, 101.95, -48.60, 1.580, 101.95, -48.60, 0.000, 355.60, -0.01);
insert into SHOT values (258, 260, 263, 288, 4.570, 134.45, 71.00, 4.570, 134.45, 71.00, 0.000, 182.60, -0.00);
insert into SHOT values (259, 260, 264, 288, 6.100, 162.25, 48.00, 6.100, 162.25, 48.00, 0.000, 188.96, -0.02);
insert into SHOT values (260, 260, 265, 288, 4.630, 162.45, 36.30, 4.630, 162.45, 36.30, 0.000, 4.69, -0.01);
insert into SHOT values (261, 260, 266, 288, 2.290, 182.65, 16.70, 2.290, 182.65, 16.70, 0.000, 359.24, 0.01);
insert into SHOT values (262, 260, 267, 288, 5.130, 157.15, 1.00, 5.130, 157.15, 1.00, 0.000, 180.72, 0.01);
insert into SHOT values (263, 260, 268, 288, 2.290, 164.85, -14.20, 2.290, 164.85, -14.20, 0.000, 1.27, 0.01);
insert into SHOT values (264, 260, 269, 288, 1.160, 244.25, -4.40, 1.160, 244.25, -4.40, 0.000, 172.90, 0.01);
insert into SHOT values (265, 260, 270, 288, 4.660, 155.05, 75.10, 4.660, 155.05, 75.10, 0.000, 172.84, -0.01);
insert into SHOT values (266, 260, 271, 288, 6.150, 15.45, -27.00, 6.150, 15.45, -27.00, 0.000, 184.12, -0.01);
insert into SHOT values (267, 260, 272, 288, 20.240, 0.25, -2.90, 20.240, 0.25, -2.90, 0.000, 182.40, -0.00);
insert into SHOT values (268, 260, 273, 288, 15.330, 14.25, 2.70, 15.330, 14.25, 2.70, 0.000, 350.30, -0.01);
insert into SHOT values (269, 260, 274, 288, 7.820, 27.35, 10.20, 7.820, 27.35, 10.20, 0.000, 186.52, -0.01);
insert into SHOT values (270, 260, 275, 288, 3.620, 53.35, 19.50, 3.620, 53.35, 19.50, 0.000, 176.34, -0.01);
insert into SHOT values (271, 260, 276, 288, 5.470, 16.05, 38.60, 5.470, 16.05, 38.60, 0.000, 240.71, -0.05);
insert into SHOT values (272, 260, 277, 288, 3.400, 352.45, -2.60, 3.400, 352.45, -2.60, 0.000, 0.66, -0.00);
insert into SHOT values (273, 260, 278, 288, 11.650, 21.55, -9.90, 11.650, 21.55, -9.90, 0.000, 188.23, -0.01);
insert into SHOT values (274, 278, 279, 288, 1.500, 280.85, -59.10, 1.500, 280.85, -59.10, 0.000, 351.07, -0.00);
insert into SHOT values (275, 278, 280, 288, 4.500, 267.35, -21.90, 4.500, 267.35, -21.90, 0.000, 177.28, -0.01);
insert into SHOT values (276, 278, 281, 288, 2.860, 267.45, -32.40, 2.860, 267.45, -32.40, 0.000, 196.45, -0.02);
insert into SHOT values (277, 278, 282, 288, 7.760, 273.25, 20.90, 7.760, 273.25, 20.90, 0.000, 183.86, -0.00);
insert into SHOT values (278, 278, 283, 288, 13.360, 281.35, 44.10, 13.360, 281.35, 44.10, 0.000, 181.48, 0.01);
insert into SHOT values (279, 278, 284, 288, 11.660, 299.15, 56.20, 11.660, 299.15, 56.20, 0.000, 172.37, 0.01);
insert into SHOT values (280, 278, 285, 288, 9.040, 2.45, 70.10, 9.040, 2.45, 70.10, 0.000, 175.80, 0.00);
insert into SHOT values (281, 278, 286, 288, 2.400, 47.35, 30.40, 2.400, 47.35, 30.40, 0.000, 353.69, 0.01);
insert into SHOT values (282, 278, 287, 288, 13.900, 320.95, -20.60, 13.900, 320.95, -20.60, 0.000, 354.46, 0.01);
insert into SHOT values (283, 278, 288, 288, 12.760, 320.45, 4.40, 12.760, 320.45, 4.40, 0.000, 0.97, -0.00);
insert into SHOT values (284, 278, 289, 288, 8.780, 341.05, 4.30, 8.780, 341.05, 4.30, 0.000, 183.07, 0.01);
insert into SHOT values (285, 278, 290, 288, 9.730, 330.45, 15.30, 9.730, 330.45, 15.30, 0.000, 187.18, -0.01);
insert into SHOT values (286, 278, 291, 288, 13.130, 318.35, 41.00, 13.130, 318.35, 41.00, 0.000, 0.09, -0.01);
insert into SHOT values (287, 278, 292, 288, 11.100, 323.15, 50.20, 11.100, 323.15, 50.20, 0.000, 184.61, 0.00);
insert into SHOT values (288, 278, 293, 288, 9.130, 265.55, 74.80, 9.130, 265.55, 74.80, 0.000, 177.72, -0.01);
insert into SHOT values (289, 278, 294, 288, 5.280, 203.15, -2.10, 5.280, 203.15, -2.10, 0.000, 357.68, 0.00);
insert into SHOT values (290, 278, 295, 288, 7.300, 216.95, 7.90, 7.300, 216.95, 7.90, 0.000, 174.16, 0.01);
insert into SHOT values (291, 278, 296, 288, 3.000, 179.85, 13.30, 3.000, 179.85, 13.30, 0.000, 181.70, -0.00);
insert into SHOT values (292, 278, 297, 288, 6.810, 200.75, 41.10, 6.810, 200.75, 41.10, 0.000, 356.79, 0.00);
insert into SHOT values (293, 278, 298, 288, 9.180, 254.85, 76.90, 9.180, 254.85, 76.90, 0.000, 182.41, 0.00);
insert into SHOT values (294, 278, 299, 288, 6.240, 101.05, 22.50, 6.240, 101.05, 22.50, 0.000, 152.47, 0.01);
insert into SHOT values (295, 278, 300, 288, 4.560, 342.75, -14.40, 4.560, 342.75, -14.40, 0.000, 181.64, 0.01);
insert into SHOT values (296, 300, 301, 288, 4.460, 264.45, -18.40, 4.460, 264.45, -18.40, 0.000, 358.28, -0.01);
insert into SHOT values (297, 300, 302, 288, 1.580, 256.05, -66.40, 1.580, 256.05, -66.40, 0.000, 354.53, -0.00);
insert into SHOT values (298, 300, 303, 288, 6.970, 274.65, 27.50, 6.970, 274.65, 27.50, 0.000, 194.92, 0.03);
insert into SHOT values (299, 300, 304, 288, 7.490, 297.85, 42.70, 7.490, 297.85, 42.70, 0.000, 184.25, -0.00);
insert into SHOT values (300, 300, 305, 288, 5.810, 316.95, 48.60, 5.810, 316.95, 48.60, 0.000, 355.74, 0.00);
insert into SHOT values (301, 300, 306, 288, 3.500, 345.15, 45.90, 3.500, 345.15, 45.90, 0.000, 185.32, -0.00);
insert into SHOT values (302, 300, 307, 288, 10.680, 307.35, -18.60, 10.680, 307.35, -18.60, 0.000, 352.92, 0.01);
insert into SHOT values (303, 300, 308, 288, 25.080, 326.05, -9.90, 25.080, 326.05, -9.90, 0.000, 344.63, 0.00);
insert into SHOT values (304, 300, 309, 288, 5.650, 326.15, -32.30, 5.650, 326.15, -32.30, 0.000, 355.26, -0.00);
insert into SHOT values (305, 300, 310, 288, 9.320, 329.05, -28.90, 9.320, 329.05, -28.90, 0.000, 0.37, 0.00);
insert into SHOT values (306, 300, 311, 288, 4.160, 343.75, -35.20, 4.160, 343.75, -35.20, 0.000, 2.21, 0.00);
insert into SHOT values (307, 300, 312, 288, 3.050, 205.95, -15.00, 3.050, 205.95, -15.00, 0.000, 1.96, -0.01);
insert into SHOT values (308, 300, 313, 288, 15.490, 183.55, 40.40, 15.490, 183.55, 40.40, 0.000, 221.46, -0.04);
insert into SHOT values (309, 300, 314, 288, 13.520, 247.75, 47.30, 13.520, 247.75, 47.30, 0.000, 178.14, -0.00);
insert into SHOT values (310, 300, 315, 288, 9.210, 322.45, -26.40, 9.210, 322.45, -26.40, 0.000, 3.15, -0.01);
insert into SHOT values (311, 315, 316, 288, 0.280, 105.75, -69.90, 0.280, 105.75, -69.90, 0.000, 187.40, -0.00);
insert into SHOT values (312, 315, 317, 288, 6.800, 39.95, 82.30, 6.800, 39.95, 82.30, 0.000, 353.52, 0.01);
insert into SHOT values (313, 315, 318, 288, 4.530, 80.25, 10.20, 4.530, 80.25, 10.20, 0.000, 14.93, 0.02);
insert into SHOT values (314, 315, 319, 288, 6.490, 54.45, -2.10, 6.490, 54.45, -2.10, 0.000, 184.23, -0.02);
insert into SHOT values (315, 315, 320, 288, 3.950, 0.55, -30.70, 3.950, 0.55, -30.70, 0.000, 179.19, -0.00);
insert into SHOT values (316, 315, 321, 288, 6.600, 344.45, 67.40, 6.600, 344.45, 67.40, 0.000, 181.50, 0.00);
insert into SHOT values (317, 315, 322, 288, 3.570, 274.45, 22.10, 3.570, 274.45, 22.10, 0.000, 3.27, -0.01);
insert into SHOT values (318, 315, 323, 288, 4.770, 277.15, 61.50, 4.770, 277.15, 61.50, 0.000, 173.33, -0.02);
insert into SHOT values (319, 315, 324, 288, 2.430, 157.65, 12.10, 2.430, 157.65, 12.10, 0.000, 175.27, -0.00);
insert into SHOT values (320, 315, 325, 288, 4.910, 202.15, 31.60, 4.910, 202.15, 31.60, 0.000, 4.01, -0.01);
insert into SHOT values (321, 315, 326, 288, 2.890, 323.15, -12.80, 2.890, 323.15, -12.80, 0.000, 353.88, -0.01);
insert into SHOT values (322, 326, 327, 288, 3.730, 333.95, -19.70, 3.730, 333.95, -19.70, 0.000, 180.61, 0.01);
insert into SHOT values (323, 327, 328, 288, 3.240, 347.45, -38.40, 3.240, 347.45, -38.40, 0.000, 5.54, -0.00);
insert into SURVEY values (291, 50, 'Cupp-Coutun', 'Cupp-Coutun.Koytendag', 'Cupp-Coutun');
 insert into CENTRELINE values (292, 291, NULL, NULL, NULL, 0.00, 0.00, 0.00);
 insert into SURVEY values (293, 291, 'Cupp-Coutun-Entree', 'Cupp-Coutun-Entree.Cupp-Coutun.Koytendag', 'Cupp-Coutun-Entree');
 insert into CENTRELINE values (294, 293, NULL, NULL, NULL, 0.00, 0.00, 0.00);
 insert into SURVEY values (295, 293, 'Cap_Coutun', 'Cap_Coutun.Cupp-Coutun-Entree.Cupp-Coutun.Koytendag', 'Cupp Coutunn');
 insert into CENTRELINE values (296, 295, NULL, NULL, NULL, 0.00, 0.00, 0.00);
 insert into CENTRELINE values (297, 295, NULL, '2024-04-18', NULL, 1809.58, 0.00, 0.00);
 insert into TOPO values (6, 297);
 insert into PERSON values (7, 'Alexandre', 'Pont');
insert into TOPO values (7, 297);
 insert into TOPO values (3, 297);
 insert into SHOT values (324, 329, 330, 297, 21.680, 89.95, -0.90, 21.804, 88.29, 1.47, 1.104, 9.92, 54.53);
insert into SHOT values (325, 329, 331, 297, 1.700, 2.25, 6.70, 1.700, 2.25, 6.70, 0.000, 2.38, -0.00);
insert into SHOT values (326, 329, 332, 297, 1.610, 178.25, 3.60, 1.610, 178.25, 3.60, 0.000, 353.10, -0.00);
insert into SHOT values (327, 329, 333, 297, 0.190, 87.35, -85.70, 0.190, 87.35, -85.70, 0.000, 221.21, 1.65);
insert into SHOT values (328, 329, 334, 297, 2.950, 23.65, 77.30, 2.950, 23.65, 77.30, 0.000, 351.01, 0.01);
insert into SHOT values (329, 330, 335, 297, 1.280, 18.45, -0.30, 1.280, 18.45, -0.30, 0.000, 195.02, 0.02);
insert into SHOT values (330, 330, 336, 297, 1.460, 203.35, -0.30, 1.460, 203.35, -0.30, 0.000, 182.24, 0.01);
insert into SHOT values (331, 330, 337, 297, 0.390, 328.45, -85.40, 0.390, 328.45, -85.40, 0.000, 176.01, -0.01);
insert into SHOT values (332, 330, 338, 297, 1.960, 43.85, 84.20, 1.960, 43.85, 84.20, 0.000, 9.79, -0.01);
insert into SHOT values (333, 330, 339, 297, 20.040, 90.75, 5.70, 20.253, 89.21, 7.82, 0.943, 12.97, 54.13);
insert into SHOT values (334, 339, 340, 297, 1.780, 169.75, -3.90, 1.780, 169.75, -3.90, 0.000, 353.54, -0.01);
insert into SHOT values (335, 339, 341, 297, 0.280, 358.05, 0.80, 0.280, 358.05, 0.80, 0.000, 191.38, 0.01);
insert into SHOT values (336, 339, 342, 297, 1.720, 79.85, -84.60, 1.720, 79.85, -84.60, 0.000, 2.56, -0.01);
insert into SHOT values (337, 339, 343, 297, 0.750, 158.05, 40.90, 0.750, 158.05, 40.90, 0.000, 180.77, -0.01);
insert into SHOT values (338, 339, 344, 297, 19.600, 90.25, 0.70, 19.737, 88.74, 2.84, 0.909, 12.00, 54.34);
insert into SHOT values (339, 344, 345, 297, 4.120, 177.85, -5.30, 4.120, 177.85, -5.30, 0.000, 183.68, 0.01);
insert into SHOT values (340, 344, 346, 297, 0.390, 356.25, -19.80, 0.390, 356.25, -19.80, 0.000, 189.35, 0.03);
insert into SHOT values (341, 344, 347, 297, 1.590, 159.65, -85.50, 1.590, 159.65, -85.50, 0.000, 5.21, 0.01);
insert into SHOT values (342, 344, 348, 297, 1.090, 158.85, 37.00, 1.090, 158.85, 37.00, 0.000, 3.60, -0.01);
insert into SHOT values (343, 344, 349, 297, 21.600, 92.15, 1.50, 21.740, 90.49, 3.84, 1.095, 10.21, 54.53);
insert into SHOT values (344, 349, 350, 297, 1.990, 3.05, -2.30, 1.990, 3.05, -2.30, 0.000, 359.01, 0.00);
insert into SHOT values (345, 349, 351, 297, 0.220, 182.85, 5.90, 0.220, 182.85, 5.90, 0.000, 183.08, -0.01);
insert into SHOT values (346, 349, 352, 297, 1.630, 232.85, -87.30, 1.630, 232.85, -87.30, 0.000, 2.06, -0.02);
insert into SHOT values (347, 349, 353, 297, 0.880, 1.65, 34.70, 0.880, 1.65, 34.70, 0.000, 175.68, 0.02);
insert into SHOT values (348, 349, 354, 297, 19.640, 85.45, 0.60, 19.824, 83.98, 2.74, 0.911, 12.60, 54.43);
insert into SHOT values (349, 354, 355, 297, 2.080, 179.05, -3.40, 2.080, 179.05, -3.40, 0.000, 334.84, -0.03);
insert into SHOT values (350, 354, 356, 297, 0.650, 353.25, -51.80, 0.650, 353.25, -51.80, 0.000, 4.26, 0.01);
insert into SHOT values (351, 354, 357, 297, 1.660, 165.95, -73.20, 1.660, 165.95, -73.20, 0.000, 357.45, -0.01);
insert into SHOT values (352, 354, 358, 297, 0.980, 158.15, 36.20, 0.980, 158.15, 36.20, 0.000, 335.14, 0.11);
insert into SHOT values (353, 354, 359, 297, 22.660, 95.55, 0.90, 22.762, 93.81, 3.36, 1.200, 10.11, 54.74);
insert into SHOT values (354, 359, 360, 297, 2.430, 355.65, -2.10, 2.430, 355.65, -2.10, 0.000, 171.66, -0.01);
insert into SHOT values (355, 359, 361, 297, 0.600, 76.95, 51.70, 0.600, 76.95, 51.70, 0.000, 1.59, 0.00);
insert into SHOT values (356, 359, 362, 297, 1.570, 32.45, 31.90, 1.570, 32.45, 31.90, 0.000, 14.07, 0.00);
insert into SHOT values (357, 359, 363, 297, 2.210, 5.55, -46.60, 2.210, 5.55, -46.60, 0.000, 1.96, 0.02);
insert into SHOT values (358, 359, 364, 297, 24.080, 83.85, -0.10, 24.322, 82.08, 2.50, 1.350, 9.31, 54.87);
insert into SHOT values (359, 364, 365, 297, 2.430, 182.85, -4.70, 2.430, 182.85, -4.70, 0.000, 172.51, 0.01);
insert into SHOT values (360, 364, 366, 297, 1.390, 87.25, -73.70, 1.390, 87.25, -73.70, 0.000, 355.31, -0.02);
insert into SHOT values (361, 364, 367, 297, 1.800, 164.55, -55.10, 1.800, 164.55, -55.10, 0.000, 181.67, 0.01);
insert into SHOT values (362, 364, 368, 297, 1.590, 159.05, 30.20, 1.590, 159.05, 30.20, 0.000, 173.61, -0.01);
insert into SHOT values (363, 364, 369, 297, 24.010, 100.75, 0.90, 24.080, 98.93, 3.51, 1.336, 11.95, 55.22);
insert into SHOT values (364, 369, 370, 297, 1.730, 11.55, -6.80, 1.730, 11.55, -6.80, 0.000, 8.07, 0.00);
insert into SHOT values (365, 369, 371, 297, 0.200, 187.25, 3.40, 0.200, 187.25, 3.40, 0.000, 37.66, 0.06);
insert into SHOT values (366, 369, 372, 297, 1.930, 29.15, -61.60, 1.930, 29.15, -61.60, 0.000, 6.85, 0.04);
insert into SHOT values (367, 369, 373, 297, 0.830, 24.45, 22.10, 0.830, 24.45, 22.10, 0.000, 354.73, 0.00);
insert into SHOT values (368, 369, 374, 297, 28.950, 86.45, 0.20, 29.206, 84.29, 3.31, 1.940, 6.05, 54.88);
insert into SHOT values (369, 374, 375, 297, 2.170, 186.15, 0.40, 2.170, 186.15, 0.40, 0.000, 40.89, -0.01);
insert into SHOT values (370, 374, 376, 297, 1.400, 72.75, -33.30, 1.400, 72.75, -33.30, 0.000, 9.41, -0.01);
insert into SHOT values (371, 374, 377, 297, 1.740, 158.35, -57.60, 1.740, 158.35, -57.60, 0.000, 5.40, -0.01);
insert into SHOT values (372, 374, 378, 297, 1.790, 165.85, 30.60, 1.790, 165.85, 30.60, 0.000, 186.61, -0.01);
insert into SHOT values (373, 374, 379, 297, 20.350, 95.95, 0.30, 20.440, 94.37, 2.53, 0.975, 12.28, 54.57);
insert into SHOT values (374, 379, 380, 297, 2.020, 4.25, -3.20, 2.020, 4.25, -3.20, 0.000, 355.75, 0.04);
insert into SHOT values (375, 379, 381, 297, 1.090, 68.15, -79.50, 1.090, 68.15, -79.50, 0.000, 190.25, -0.01);
insert into SHOT values (376, 379, 382, 297, 1.590, 4.55, -51.00, 1.590, 4.55, -51.00, 0.000, 111.06, -0.00);
insert into SHOT values (377, 379, 383, 297, 1.520, 20.75, 36.40, 1.520, 20.75, 36.40, 0.000, 181.70, 0.00);
insert into SHOT values (378, 379, 384, 297, 15.950, 81.35, 2.20, 16.153, 80.21, 3.93, 0.614, 19.93, 53.76);
insert into SHOT values (379, 384, 385, 297, 2.940, 183.05, -3.80, 2.940, 183.05, -3.80, 0.000, 171.83, 0.00);
insert into SHOT values (380, 384, 386, 297, 1.190, 19.85, -80.40, 1.190, 19.85, -80.40, 0.000, 7.87, -0.02);
insert into SHOT values (381, 384, 387, 297, 1.680, 180.25, -59.00, 1.680, 180.25, -59.00, 0.000, 165.74, -0.01);
insert into SHOT values (382, 384, 388, 297, 1.700, 182.75, 30.80, 1.700, 182.75, 30.80, 0.000, 199.54, -0.00);
insert into SHOT values (383, 384, 389, 297, 21.160, 93.35, -5.50, 21.197, 91.71, -3.19, 1.047, 12.10, 54.31);
insert into SHOT values (384, 389, 390, 297, 8.040, 84.95, 7.80, 8.040, 84.95, 7.80, 0.000, 164.83, 0.03);
insert into SHOT values (385, 389, 391, 297, 8.720, 80.25, 34.10, 8.720, 80.25, 34.10, 0.000, 142.00, 0.12);
insert into SHOT values (386, 389, 392, 297, 9.040, 27.05, 75.80, 9.040, 27.05, 75.80, 0.000, 173.89, 0.01);
insert into SHOT values (387, 389, 393, 297, 20.980, 270.45, 6.80, 20.980, 270.45, 6.80, 0.000, 182.00, -0.01);
insert into SHOT values (388, 389, 394, 297, 16.700, 274.65, 30.80, 16.700, 274.65, 30.80, 0.000, 209.80, 0.08);
insert into SHOT values (389, 389, 395, 297, 27.070, 326.95, -3.10, 27.070, 326.95, -3.10, 0.000, 353.35, 0.01);
insert into SHOT values (390, 389, 396, 297, 19.770, 29.85, 2.50, 19.770, 29.85, 2.50, 0.000, 350.73, 0.01);
insert into SHOT values (391, 389, 397, 297, 27.170, 226.55, 18.60, 27.170, 226.55, 18.60, 0.000, 0.94, 0.03);
insert into SHOT values (392, 389, 398, 297, 17.050, 156.25, 2.50, 17.050, 156.25, 2.50, 0.000, 358.24, 0.01);
insert into SHOT values (393, 389, 399, 297, 19.070, 348.25, -13.20, 19.070, 348.25, -13.20, 0.000, 184.40, -0.01);
insert into SHOT values (394, 399, 400, 297, 11.730, 68.45, 26.20, 11.730, 68.45, 26.20, 0.000, 309.79, -0.09);
insert into SHOT values (395, 399, 401, 297, 15.890, 30.25, 7.20, 15.890, 30.25, 7.20, 0.000, 5.16, -0.01);
insert into SHOT values (396, 399, 402, 297, 19.360, 325.95, -8.90, 19.360, 325.95, -8.90, 0.000, 0.68, 0.01);
insert into SHOT values (397, 399, 403, 297, 13.620, 297.75, -3.70, 13.620, 297.75, -3.70, 0.000, 175.41, -0.01);
insert into SHOT values (398, 399, 404, 297, 16.500, 117.65, 18.40, 16.500, 117.65, 18.40, 0.000, 178.91, 0.00);
insert into SHOT values (399, 399, 405, 297, 18.520, 249.95, 13.60, 18.520, 249.95, 13.60, 0.000, 347.60, -0.01);
insert into SHOT values (400, 399, 406, 297, 11.560, 295.45, 67.00, 11.560, 295.45, 67.00, 0.000, 184.22, -0.02);
insert into SHOT values (401, 399, 407, 297, 1.030, 303.05, -37.60, 1.030, 303.05, -37.60, 0.000, 195.59, -0.13);
insert into SHOT values (402, 399, 408, 297, 22.330, 333.75, -21.30, 22.330, 333.75, -21.30, 0.000, 180.79, 0.01);
insert into SHOT values (403, 408, 409, 297, 5.920, 262.55, -1.00, 5.920, 262.55, -1.00, 0.000, 26.19, -0.09);
insert into SHOT values (404, 408, 410, 297, 10.180, 342.95, -8.40, 10.180, 342.95, -8.40, 0.000, 96.81, -0.10);
insert into SHOT values (405, 408, 411, 297, 16.160, 37.35, -5.50, 16.160, 37.35, -5.50, 0.000, 166.10, -0.01);
insert into SHOT values (406, 408, 412, 297, 11.440, 85.75, 6.30, 11.440, 85.75, 6.30, 0.000, 3.47, 0.02);
insert into SHOT values (407, 408, 413, 297, 18.160, 120.85, 19.20, 18.160, 120.85, 19.20, 0.000, 187.61, 0.00);
insert into SHOT values (408, 408, 414, 297, 9.330, 209.25, 1.50, 9.330, 209.25, 1.50, 0.000, 172.98, 0.00);
insert into SHOT values (409, 408, 415, 297, 11.890, 70.75, 58.10, 11.890, 70.75, 58.10, 0.000, 12.68, -0.02);
insert into SHOT values (410, 408, 416, 297, 4.820, 77.95, -25.40, 4.820, 77.95, -25.40, 0.000, 186.18, 0.00);
insert into SHOT values (411, 408, 417, 297, 17.060, 17.45, -36.30, 17.060, 17.45, -36.30, 0.000, 187.78, 0.02);
insert into SHOT values (412, 408, 418, 297, 9.510, 119.35, 11.70, 9.510, 119.35, 11.70, 0.000, 82.30, -0.34);
insert into SHOT values (413, 408, 419, 297, 17.240, 336.55, -43.20, 17.240, 336.55, -43.20, 0.000, 187.45, 0.02);
insert into SHOT values (414, 408, 420, 297, 16.230, 336.05, -43.10, 16.230, 336.05, -43.10, 0.000, 19.06, -0.01);
insert into SHOT values (415, 408, 421, 297, 17.160, 336.25, -43.10, 17.160, 336.25, -43.10, 0.000, 355.05, 0.00);
insert into SHOT values (416, 421, 422, 297, 7.560, 287.75, -1.70, 7.560, 287.75, -1.70, 0.000, 349.77, -0.01);
insert into SHOT values (417, 421, 423, 297, 19.190, 354.85, -13.50, 19.190, 354.85, -13.50, 0.000, 10.88, 0.01);
insert into SHOT values (418, 421, 424, 297, 21.620, 30.45, 2.80, 21.620, 30.45, 2.80, 0.000, 46.65, -0.00);
insert into SHOT values (419, 421, 425, 297, 14.550, 62.95, 10.10, 14.550, 62.95, 10.10, 0.000, 136.74, 0.16);
insert into SHOT values (420, 421, 426, 297, 18.490, 102.75, 29.90, 18.490, 102.75, 29.90, 0.000, 7.76, 0.01);
insert into SHOT values (421, 421, 427, 297, 7.600, 219.25, 10.70, 7.600, 219.25, 10.70, 0.000, 187.34, -0.09);
insert into SHOT values (422, 421, 428, 297, 12.600, 186.75, 29.30, 12.600, 186.75, 29.30, 0.000, 167.33, -0.02);
insert into SHOT values (423, 421, 429, 297, 6.600, 33.35, -21.30, 6.600, 33.35, -21.30, 0.000, 169.98, 0.01);
insert into SHOT values (424, 421, 430, 297, 12.250, 114.65, 69.30, 12.250, 114.65, 69.30, 0.000, 32.39, 0.01);
insert into SHOT values (425, 421, 431, 297, 25.730, 6.65, -9.30, 25.730, 6.65, -9.30, 0.000, 183.70, 0.16);
insert into SHOT values (426, 431, 432, 297, 10.990, 244.45, -12.20, 10.990, 244.45, -12.20, 0.000, 356.41, 0.01);
insert into SHOT values (427, 431, 433, 297, 13.790, 214.85, -3.80, 13.790, 214.85, -3.80, 0.000, 350.43, 0.00);
insert into SHOT values (428, 431, 434, 297, 19.200, 197.35, 6.00, 19.200, 197.35, 6.00, 0.000, 174.11, -0.00);
insert into SHOT values (429, 431, 435, 297, 30.020, 151.35, 24.10, 30.020, 151.35, 24.10, 0.000, 178.80, 0.00);
insert into SHOT values (430, 431, 436, 297, 20.140, 130.35, 34.40, 20.140, 130.35, 34.40, 0.000, 7.32, 0.01);
insert into SHOT values (431, 431, 437, 297, 8.340, 25.85, 28.10, 8.340, 25.85, 28.10, 0.000, 2.82, -0.01);
insert into SHOT values (432, 431, 438, 297, 12.890, 352.15, 13.20, 12.890, 352.15, 13.20, 0.000, 164.74, 0.04);
insert into SHOT values (433, 431, 439, 297, 7.790, 302.85, -13.80, 7.790, 302.85, -13.80, 0.000, 350.30, 0.01);
insert into SHOT values (434, 431, 440, 297, 6.530, 293.75, 76.60, 6.530, 293.75, 76.60, 0.000, 181.64, -0.01);
insert into SHOT values (435, 431, 441, 297, 13.350, 277.15, -37.70, 13.350, 277.15, -37.70, 0.000, 270.80, -0.01);
insert into SHOT values (436, 431, 442, 297, 6.950, 228.45, -26.30, 6.950, 228.45, -26.30, 0.000, 357.87, 0.01);
insert into SHOT values (437, 431, 443, 297, 14.880, 285.05, -30.90, 14.880, 285.05, -30.90, 0.000, 171.82, 0.01);
insert into SHOT values (438, 443, 444, 297, 3.490, 197.75, 9.40, 3.490, 197.75, 9.40, 0.000, 335.61, -0.01);
insert into SHOT values (439, 443, 445, 297, 9.560, 259.75, 16.40, 9.560, 259.75, 16.40, 0.000, 168.23, 0.01);
insert into SHOT values (440, 443, 446, 297, 6.700, 310.45, 17.80, 6.700, 310.45, 17.80, 0.000, 200.53, 0.02);
insert into SHOT values (441, 443, 447, 297, 2.660, 5.05, 18.10, 2.660, 5.05, 18.10, 0.000, 210.63, 0.03);
insert into SHOT values (442, 443, 448, 297, 6.630, 73.75, 32.90, 6.630, 73.75, 32.90, 0.000, 173.26, 0.01);
insert into SHOT values (443, 443, 449, 297, 6.650, 149.75, 27.70, 6.650, 149.75, 27.70, 0.000, 11.34, -0.01);
insert into SHOT values (444, 443, 450, 297, 7.180, 175.85, 71.00, 7.180, 175.85, 71.00, 0.000, 194.39, 0.00);
insert into SHOT values (445, 443, 451, 297, 0.610, 90.15, -41.90, 0.610, 90.15, -41.90, 0.000, 168.63, 0.02);
insert into SHOT values (446, 443, 452, 297, 3.220, 226.85, -26.20, 3.220, 226.85, -26.20, 0.000, 2.93, -0.03);
insert into SHOT values (447, 443, 453, 297, 17.900, 301.75, 5.00, 17.900, 301.75, 5.00, 0.000, 188.16, 0.01);
insert into SHOT values (448, 453, 454, 297, 7.570, 60.05, 1.50, 7.570, 60.05, 1.50, 0.000, 176.93, 0.02);
insert into SHOT values (449, 453, 455, 297, 4.960, 64.45, 33.50, 4.960, 64.45, 33.50, 0.000, 4.84, 0.02);
insert into SHOT values (450, 453, 456, 297, 11.410, 23.45, -2.00, 11.410, 23.45, -2.00, 0.000, 170.19, 0.02);
insert into SHOT values (451, 453, 457, 297, 16.050, 354.95, 0.30, 16.050, 354.95, 0.30, 0.000, 182.71, -0.01);
insert into SHOT values (452, 453, 458, 297, 7.410, 344.85, 8.00, 7.410, 344.85, 8.00, 0.000, 64.62, -0.03);
insert into SHOT values (453, 453, 459, 297, 5.770, 170.75, 9.80, 5.770, 170.75, 9.80, 0.000, 349.36, 0.01);
insert into SHOT values (454, 453, 460, 297, 9.710, 153.45, 5.80, 9.710, 153.45, 5.80, 0.000, 355.43, 0.01);
insert into SHOT values (455, 453, 461, 297, 11.460, 116.25, 2.20, 11.460, 116.25, 2.20, 0.000, 358.56, 0.01);
insert into SHOT values (456, 453, 462, 297, 4.330, 109.45, -17.20, 4.330, 109.45, -17.20, 0.000, 357.56, -0.01);
insert into SHOT values (457, 453, 463, 297, 6.290, 120.95, 30.30, 6.290, 120.95, 30.30, 0.000, 336.98, 0.18);
insert into SHOT values (458, 453, 464, 297, 22.900, 14.35, -7.30, 22.900, 14.35, -7.30, 0.000, 1.51, -0.03);
insert into SHOT values (459, 464, 465, 297, 11.930, 180.45, 6.90, 11.930, 180.45, 6.90, 0.000, 186.14, 0.00);
insert into SHOT values (460, 464, 466, 297, 8.020, 143.25, 4.60, 8.020, 143.25, 4.60, 0.000, 354.87, 0.00);
insert into SHOT values (461, 464, 467, 297, 1.650, 90.45, 8.60, 1.650, 90.45, 8.60, 0.000, 7.23, 0.02);
insert into SHOT values (462, 464, 468, 297, 6.780, 34.55, 2.20, 6.780, 34.55, 2.20, 0.000, 7.79, 0.02);
insert into SHOT values (463, 464, 469, 297, 14.930, 212.85, 11.20, 14.930, 212.85, 11.20, 0.000, 179.11, 0.01);
insert into SHOT values (464, 464, 470, 297, 7.200, 247.65, 13.00, 7.200, 247.65, 13.00, 0.000, 6.87, -0.01);
insert into SHOT values (465, 464, 471, 297, 11.290, 292.65, 9.70, 11.290, 292.65, 9.70, 0.000, 187.45, 0.01);
insert into SHOT values (466, 464, 472, 297, 20.890, 314.75, 8.10, 20.890, 314.75, 8.10, 0.000, 236.31, -0.05);
insert into SHOT values (467, 464, 473, 297, 8.810, 307.05, 30.70, 8.810, 307.05, 30.70, 0.000, 16.23, 0.02);
insert into SHOT values (468, 464, 474, 297, 3.060, 305.15, -20.80, 3.060, 305.15, -20.80, 0.000, 6.65, -0.01);
insert into SHOT values (469, 464, 475, 297, 22.940, 354.85, 1.90, 22.940, 354.85, 1.90, 0.000, 176.87, -0.01);
insert into SHOT values (470, 475, 476, 297, 9.630, 149.65, 16.20, 9.630, 149.65, 16.20, 0.000, 190.62, -0.06);
insert into SHOT values (471, 475, 477, 297, 10.480, 182.65, 28.50, 10.480, 182.65, 28.50, 0.000, 173.36, -0.00);
insert into SHOT values (472, 475, 478, 297, 12.220, 216.05, 14.20, 12.220, 216.05, 14.20, 0.000, 174.61, 0.00);
insert into SHOT values (473, 475, 479, 297, 20.670, 187.15, 4.00, 20.670, 187.15, 4.00, 0.000, 356.39, -0.01);
insert into SHOT values (474, 475, 480, 297, 11.920, 256.05, 7.70, 11.920, 256.05, 7.70, 0.000, 175.11, 0.00);
insert into SHOT values (475, 475, 481, 297, 5.260, 7.15, 40.40, 5.260, 7.15, 40.40, 0.000, 301.25, 0.10);
insert into SHOT values (476, 475, 482, 297, 13.330, 344.35, 9.00, 13.330, 344.35, 9.00, 0.000, 11.44, -0.00);
insert into SHOT values (477, 475, 483, 297, 28.550, 290.75, 7.70, 28.550, 290.75, 7.70, 0.000, 342.15, 0.06);
insert into SHOT values (478, 475, 484, 297, 15.710, 276.35, 10.10, 15.710, 276.35, 10.10, 0.000, 185.01, 0.02);
insert into SHOT values (479, 475, 485, 297, 3.860, 328.15, -21.70, 3.860, 328.15, -21.70, 0.000, 348.90, -0.01);
insert into SHOT values (480, 475, 486, 297, 12.740, 314.25, 22.80, 12.740, 314.25, 22.80, 0.000, 228.99, 0.27);
insert into SHOT values (481, 475, 487, 297, 23.160, 306.85, 6.70, 23.160, 306.85, 6.70, 0.000, 5.97, -0.02);
insert into SHOT values (482, 487, 488, 297, 8.810, 204.35, 3.40, 8.810, 204.35, 3.40, 0.000, 357.67, 0.00);
insert into SHOT values (483, 487, 489, 297, 8.160, 173.05, -0.40, 8.160, 173.05, -0.40, 0.000, 359.37, -0.01);
insert into SHOT values (484, 487, 490, 297, 19.810, 151.15, -0.80, 19.810, 151.15, -0.80, 0.000, 266.30, -0.18);
insert into SHOT values (485, 487, 491, 297, 17.960, 102.55, 0.40, 17.960, 102.55, 0.40, 0.000, 5.76, -0.02);
insert into SHOT values (486, 487, 492, 297, 13.130, 76.65, 1.00, 13.130, 76.65, 1.00, 0.000, 296.60, -0.09);
insert into SHOT values (487, 487, 493, 297, 6.610, 320.05, 12.20, 6.610, 320.05, 12.20, 0.000, 355.35, -0.02);
insert into SHOT values (488, 487, 494, 297, 6.780, 4.65, 7.30, 6.780, 4.65, 7.30, 0.000, 192.60, -0.01);
insert into SHOT values (489, 487, 495, 297, 4.560, 193.85, -12.60, 4.560, 193.85, -12.60, 0.000, 179.11, 0.03);
insert into SHOT values (490, 487, 496, 297, 3.320, 190.65, 44.20, 3.320, 190.65, 44.20, 0.000, 351.77, 0.01);
insert into SHOT values (491, 487, 497, 297, 29.950, 49.45, -4.00, 29.950, 49.45, -4.00, 0.000, 355.38, 0.02);
insert into SHOT values (492, 497, 498, 297, 8.450, 325.75, 1.20, 8.450, 325.75, 1.20, 0.000, 38.88, -0.01);
insert into SHOT values (493, 497, 499, 297, 15.030, 282.25, 14.70, 15.030, 282.25, 14.70, 0.000, 182.06, 0.02);
insert into SHOT values (494, 497, 500, 297, 12.760, 257.35, 12.70, 12.760, 257.35, 12.70, 0.000, 172.23, 0.01);
insert into SHOT values (495, 497, 501, 297, 12.350, 206.75, 7.00, 12.350, 206.75, 7.00, 0.000, 34.65, 0.11);
insert into SHOT values (496, 497, 502, 297, 7.030, 162.95, -4.20, 7.030, 162.95, -4.20, 0.000, 200.11, -0.04);
insert into SHOT values (497, 497, 503, 297, 6.970, 145.25, -5.30, 6.970, 145.25, -5.30, 0.000, 342.34, -0.02);
insert into SHOT values (498, 497, 504, 297, 2.320, 121.15, -8.30, 2.320, 121.15, -8.30, 0.000, 186.55, 0.01);
insert into SHOT values (499, 497, 505, 297, 7.580, 211.45, 32.30, 7.580, 211.45, 32.30, 0.000, 331.62, 0.04);
insert into SHOT values (500, 497, 506, 297, 3.980, 214.85, -15.80, 3.980, 214.85, -15.80, 0.000, 3.31, 0.00);
insert into SHOT values (501, 497, 507, 297, 13.290, 313.15, -2.10, 13.290, 313.15, -2.10, 0.000, 182.13, 0.01);
insert into SHOT values (502, 507, 508, 297, 8.340, 258.65, 22.80, 8.340, 258.65, 22.80, 0.000, 181.93, 0.04);
insert into SHOT values (503, 507, 509, 297, 8.380, 217.75, 32.70, 8.380, 217.75, 32.70, 0.000, 18.56, 0.05);
insert into SHOT values (504, 507, 510, 297, 1.310, 343.95, 5.00, 1.310, 343.95, 5.00, 0.000, 174.19, 0.01);
insert into SHOT values (505, 507, 511, 297, 5.370, 29.15, 7.10, 5.370, 29.15, 7.10, 0.000, 354.42, -0.01);
insert into SHOT values (506, 507, 512, 297, 4.310, 103.95, 9.00, 4.310, 103.95, 9.00, 0.000, 165.20, 0.09);
insert into SHOT values (507, 507, 513, 297, 13.090, 131.15, 3.00, 13.090, 131.15, 3.00, 0.000, 172.66, 0.01);
insert into SHOT values (508, 507, 514, 297, 7.580, 61.75, 65.50, 7.580, 61.75, 65.50, 0.000, 328.74, -0.02);
insert into SHOT values (509, 507, 515, 297, 1.650, 1.35, -33.20, 1.650, 1.35, -33.20, 0.000, 182.29, -0.00);
insert into SHOT values (510, 507, 516, 297, 32.710, 317.55, 0.60, 32.710, 317.55, 0.60, 0.000, 180.39, 0.01);
insert into SHOT values (511, 516, 517, 297, 18.820, 16.05, 3.20, 18.820, 16.05, 3.20, 0.000, 345.63, -0.01);
insert into SHOT values (512, 516, 518, 297, 13.210, 55.45, 16.40, 13.210, 55.45, 16.40, 0.000, 181.36, -0.00);
insert into SHOT values (513, 516, 519, 297, 22.680, 114.35, 10.00, 22.680, 114.35, 10.00, 0.000, 173.02, 0.02);
insert into SHOT values (514, 516, 520, 297, 25.070, 153.55, 3.50, 25.070, 153.55, 3.50, 0.000, 353.46, 0.00);
insert into SHOT values (515, 516, 521, 297, 11.850, 164.75, 0.90, 11.850, 164.75, 0.90, 0.000, 8.85, 0.01);
insert into SHOT values (516, 516, 522, 297, 9.430, 195.05, 12.30, 9.430, 195.05, 12.30, 0.000, 174.00, 0.00);
insert into SHOT values (517, 516, 523, 297, 21.390, 301.65, 22.80, 21.390, 301.65, 22.80, 0.000, 122.92, -0.11);
insert into SHOT values (518, 516, 524, 297, 11.850, 315.95, 6.50, 11.850, 315.95, 6.50, 0.000, 170.38, 0.04);
insert into SHOT values (519, 516, 525, 297, 9.550, 343.75, 56.90, 9.550, 343.75, 56.90, 0.000, 5.99, 0.03);
insert into SHOT values (520, 516, 526, 297, 3.410, 22.65, -34.50, 3.410, 22.65, -34.50, 0.000, 353.80, 0.01);
insert into SHOT values (521, 516, 527, 297, 39.740, 345.35, 7.70, 39.740, 345.35, 7.70, 0.000, 357.63, 0.01);
insert into SHOT values (522, 527, 528, 297, 10.280, 72.55, 7.20, 10.280, 72.55, 7.20, 0.000, 173.43, -0.00);
insert into SHOT values (523, 527, 529, 297, 18.440, 128.65, -2.00, 18.440, 128.65, -2.00, 0.000, 164.00, 0.02);
insert into SHOT values (524, 527, 530, 297, 13.750, 196.65, 5.80, 13.750, 196.65, 5.80, 0.000, 171.79, -0.00);
insert into SHOT values (525, 527, 531, 297, 11.900, 215.95, 10.30, 11.900, 215.95, 10.30, 0.000, 24.12, -0.02);
insert into SHOT values (526, 527, 532, 297, 19.080, 280.05, 25.70, 19.080, 280.05, 25.70, 0.000, 188.19, -0.01);
insert into SHOT values (527, 527, 533, 297, 5.450, 184.05, -41.90, 5.450, 184.05, -41.90, 0.000, 354.83, 0.00);
insert into SHOT values (528, 527, 534, 297, 13.250, 159.65, -29.00, 13.250, 159.65, -29.00, 0.000, 354.95, -0.01);
insert into SHOT values (529, 527, 535, 297, 9.350, 194.35, 60.60, 9.350, 194.35, 60.60, 0.000, 195.80, 0.02);
insert into SHOT values (530, 527, 536, 297, 21.900, 267.15, 18.70, 21.900, 267.15, 18.70, 0.000, 171.40, -0.00);
insert into SHOT values (531, 527, 537, 297, 19.180, 265.05, 17.80, 19.180, 265.05, 17.80, 0.000, 13.10, -0.02);
insert into SHOT values (532, 537, 538, 297, 29.190, 72.75, -4.20, 29.190, 72.75, -4.20, 0.000, 299.32, -0.05);
insert into SHOT values (533, 537, 539, 297, 16.540, 125.55, -5.90, 16.540, 125.55, -5.90, 0.000, 14.72, 0.03);
insert into SHOT values (534, 537, 540, 297, 3.570, 172.05, 10.00, 3.570, 172.05, 10.00, 0.000, 189.47, 0.00);
insert into SHOT values (535, 537, 541, 297, 35.310, 14.75, -2.10, 35.310, 14.75, -2.10, 0.000, 356.02, -0.01);
insert into SHOT values (536, 537, 542, 297, 19.090, 17.35, 21.50, 19.090, 17.35, 21.50, 0.000, 302.49, 0.01);
insert into SHOT values (537, 537, 543, 297, 6.950, 38.55, -9.60, 6.950, 38.55, -9.60, 0.000, 336.78, -0.05);
insert into SHOT values (538, 537, 544, 297, 15.720, 348.15, -10.80, 15.720, 348.15, -10.80, 0.000, 180.88, 0.00);
insert into SHOT values (539, 537, 545, 297, 31.720, 90.25, -16.90, 31.720, 90.25, -16.90, 0.000, 118.45, -0.04);
insert into SHOT values (540, 537, 546, 297, 31.850, 343.55, -2.70, 31.850, 343.55, -2.70, 0.000, 343.50, 0.05);
insert into SHOT values (541, 546, 547, 297, 25.560, 37.75, 5.10, 25.560, 37.75, 5.10, 0.000, 185.19, -0.01);
insert into SHOT values (542, 546, 548, 297, 23.470, 68.05, 2.30, 23.470, 68.05, 2.30, 0.000, 347.52, -0.02);
insert into SHOT values (543, 546, 549, 297, 19.600, 93.05, -3.10, 19.600, 93.05, -3.10, 0.000, 182.58, -0.03);
insert into SHOT values (544, 546, 550, 297, 11.230, 284.85, 4.50, 11.230, 284.85, 4.50, 0.000, 8.90, 0.01);
insert into SHOT values (545, 546, 551, 297, 8.660, 233.25, 12.00, 8.660, 233.25, 12.00, 0.000, 1.71, -0.04);
insert into SHOT values (546, 546, 552, 297, 17.830, 179.35, 1.50, 17.830, 179.35, 1.50, 0.000, 164.01, -0.03);
insert into SHOT values (547, 546, 553, 297, 8.990, 121.95, 56.00, 8.990, 121.95, 56.00, 0.000, 158.90, -0.01);
insert into SHOT values (548, 546, 554, 297, 3.780, 331.05, -21.60, 3.780, 331.05, -21.60, 0.000, 184.15, 0.02);
insert into SHOT values (549, 546, 555, 297, 17.380, 90.15, -20.00, 17.380, 90.15, -20.00, 0.000, 173.58, -0.01);
insert into SHOT values (550, 546, 556, 297, 18.410, 357.75, 1.50, 18.410, 357.75, 1.50, 0.000, 320.90, -0.07);
insert into SHOT values (551, 556, 557, 297, 16.390, 45.95, -5.70, 16.390, 45.95, -5.70, 0.000, 7.31, -0.02);
insert into SHOT values (552, 556, 558, 297, 20.480, 83.85, -2.50, 20.480, 83.85, -2.50, 0.000, 7.63, 0.01);
insert into SHOT values (553, 556, 559, 297, 29.510, 119.55, 5.30, 29.510, 119.55, 5.30, 0.000, 184.50, 0.05);
insert into SHOT values (554, 556, 560, 297, 0.230, 141.75, 7.10, 0.230, 141.75, 7.10, 0.000, 188.15, -0.00);
insert into SHOT values (555, 556, 561, 297, 29.820, 179.85, 4.70, 29.820, 179.85, 4.70, 0.000, 185.72, -0.00);
insert into SHOT values (556, 556, 562, 297, 23.210, 195.15, 4.10, 23.210, 195.15, 4.10, 0.000, 351.51, -0.01);
insert into SHOT values (557, 556, 563, 297, 27.750, 117.65, 4.30, 27.750, 117.65, 4.30, 0.000, 6.46, -0.00);
insert into SHOT values (558, 556, 564, 297, 11.900, 287.95, 9.10, 11.900, 287.95, 9.10, 0.000, 12.17, 0.03);
insert into SHOT values (559, 556, 565, 297, 13.760, 253.25, 8.50, 13.760, 253.25, 8.50, 0.000, 155.24, 0.01);
insert into SHOT values (560, 556, 566, 297, 7.360, 291.85, 46.90, 7.360, 291.85, 46.90, 0.000, 351.68, -0.00);
insert into SHOT values (561, 556, 567, 297, 7.800, 25.65, 60.30, 7.800, 25.65, 60.30, 0.000, 204.82, -0.01);
insert into SHOT values (562, 556, 568, 297, 2.110, 1.25, -27.50, 2.110, 1.25, -27.50, 0.000, 172.87, -0.01);
insert into SHOT values (563, 556, 569, 297, 7.210, 25.95, -19.40, 7.210, 25.95, -19.40, 0.000, 343.45, 0.00);
insert into SHOT values (564, 556, 570, 297, 14.540, 14.05, -11.30, 14.540, 14.05, -11.30, 0.000, 0.60, -0.02);
insert into SHOT values (565, 556, 571, 297, 28.220, 354.35, -10.30, 28.220, 354.35, -10.30, 0.000, 13.03, 0.01);
insert into SHOT values (566, 556, 572, 297, 43.460, 359.25, 1.20, 43.460, 359.25, 1.20, 0.000, 352.82, -0.01);
insert into SHOT values (567, 572, 573, 297, 22.290, 257.55, -3.80, 22.290, 257.55, -3.80, 0.000, 171.89, 0.01);
insert into SHOT values (568, 572, 574, 297, 22.890, 226.45, 2.60, 22.890, 226.45, 2.60, 0.000, 356.14, 0.01);
insert into SHOT values (569, 572, 575, 297, 24.720, 203.15, -2.60, 24.720, 203.15, -2.60, 0.000, 8.82, -0.01);
insert into SHOT values (570, 572, 576, 297, 21.130, 299.65, 1.10, 21.130, 299.65, 1.10, 0.000, 165.78, 0.01);
insert into SHOT values (571, 572, 577, 297, 2.370, 23.75, 31.30, 2.370, 23.75, 31.30, 0.000, 179.35, 0.01);
insert into SHOT values (572, 572, 578, 297, 2.640, 115.75, 13.40, 2.640, 115.75, 13.40, 0.000, 352.99, 0.01);
insert into SHOT values (573, 572, 579, 297, 7.410, 303.35, 67.90, 7.410, 303.35, 67.90, 0.000, 288.68, 0.03);
insert into SHOT values (574, 572, 580, 297, 7.800, 276.15, -18.20, 7.800, 276.15, -18.20, 0.000, 192.72, 0.03);
insert into SHOT values (575, 572, 581, 297, 5.330, 200.85, -41.90, 5.330, 200.85, -41.90, 0.000, 356.92, 0.01);
insert into SHOT values (576, 572, 582, 297, 21.830, 331.05, 8.90, 21.830, 331.05, 8.90, 0.000, 186.33, -0.01);
insert into SHOT values (577, 582, 583, 297, 13.750, 257.85, 16.50, 13.750, 257.85, 16.50, 0.000, 3.74, 0.00);
insert into SHOT values (578, 582, 584, 297, 13.580, 217.95, 8.60, 13.580, 217.95, 8.60, 0.000, 194.55, -0.04);
insert into SHOT values (579, 582, 585, 297, 31.210, 202.65, -2.10, 31.210, 202.65, -2.10, 0.000, 15.97, 0.03);
insert into SHOT values (580, 582, 586, 297, 39.380, 179.85, -7.40, 39.380, 179.85, -7.40, 0.000, 199.28, -0.09);
insert into SHOT values (581, 582, 587, 297, 34.750, 192.25, -2.60, 34.750, 192.25, -2.60, 0.000, 2.81, -0.01);
insert into SHOT values (582, 582, 588, 297, 15.900, 130.05, 6.60, 15.900, 130.05, 6.60, 0.000, 190.49, -0.01);
insert into SHOT values (583, 582, 589, 297, 21.270, 90.95, 15.00, 21.270, 90.95, 15.00, 0.000, 347.73, -0.05);
insert into SHOT values (584, 582, 590, 297, 15.740, 69.55, 15.70, 15.740, 69.55, 15.70, 0.000, 344.61, 0.03);
insert into SHOT values (585, 582, 591, 297, 14.760, 29.95, 13.00, 14.760, 29.95, 13.00, 0.000, 320.99, 0.08);
insert into SHOT values (586, 582, 592, 297, 15.110, 3.15, 8.50, 15.110, 3.15, 8.50, 0.000, 205.86, 0.04);
insert into SHOT values (587, 582, 593, 297, 21.440, 351.85, 2.30, 21.440, 351.85, 2.30, 0.000, 7.71, 0.02);
insert into SHOT values (588, 582, 594, 297, 32.610, 342.85, -0.60, 32.610, 342.85, -0.60, 0.000, 6.48, 0.01);
insert into SHOT values (589, 582, 595, 297, 7.040, 33.15, 62.30, 7.040, 33.15, 62.30, 0.000, 5.96, -0.01);
insert into SHOT values (590, 582, 596, 297, 22.670, 310.75, -3.90, 22.670, 310.75, -3.90, 0.000, 165.93, -0.00);
insert into SHOT values (591, 582, 597, 297, 25.990, 344.65, -0.90, 25.990, 344.65, -0.90, 0.000, 169.08, -0.00);
insert into SHOT values (592, 597, 598, 297, 10.810, 141.85, 4.60, 10.810, 141.85, 4.60, 0.000, 163.66, 0.11);
insert into SHOT values (593, 597, 599, 297, 9.790, 263.45, -1.90, 9.790, 263.45, -1.90, 0.000, 173.75, 0.01);
insert into SHOT values (594, 597, 600, 297, 9.450, 230.65, -5.40, 9.450, 230.65, -5.40, 0.000, 127.49, 0.10);
insert into SHOT values (595, 597, 601, 297, 23.200, 298.45, -4.80, 23.200, 298.45, -4.80, 0.000, 207.58, 0.01);
insert into SHOT values (596, 597, 602, 297, 18.980, 213.35, 2.00, 18.980, 213.35, 2.00, 0.000, 105.24, 0.05);
insert into SHOT values (597, 597, 603, 297, 21.970, 197.05, 1.00, 21.970, 197.05, 1.00, 0.000, 182.04, -0.02);
insert into SHOT values (598, 597, 604, 297, 15.810, 201.35, 30.30, 15.810, 201.35, 30.30, 0.000, 2.14, -0.01);
insert into SHOT values (599, 597, 605, 297, 6.210, 225.15, -25.40, 6.210, 225.15, -25.40, 0.000, 189.21, 0.01);
insert into SHOT values (600, 597, 606, 297, 24.650, 322.25, -4.00, 24.650, 322.25, -4.00, 0.000, 187.54, 0.01);
insert into SHOT values (601, 606, 607, 297, 3.970, 308.95, 26.00, 3.970, 308.95, 26.00, 0.000, 351.73, 0.01);
insert into SHOT values (602, 606, 608, 297, 16.620, 343.75, 6.20, 16.620, 343.75, 6.20, 0.000, 3.03, -0.02);
insert into SHOT values (603, 606, 609, 297, 6.230, 252.65, 31.00, 6.230, 252.65, 31.00, 0.000, 178.70, 0.00);
insert into SHOT values (604, 606, 610, 297, 13.320, 211.45, 17.10, 13.320, 211.45, 17.10, 0.000, 189.38, 0.00);
insert into SHOT values (605, 606, 611, 297, 15.650, 192.55, 13.40, 15.650, 192.55, 13.40, 0.000, 6.94, -0.00);
insert into SHOT values (606, 606, 612, 297, 19.880, 119.75, 14.90, 19.880, 119.75, 14.90, 0.000, 178.28, 0.01);
insert into SHOT values (607, 606, 613, 297, 7.360, 97.75, 11.40, 7.360, 97.75, 11.40, 0.000, 139.47, -0.07);
insert into SHOT values (608, 606, 614, 297, 8.790, 44.55, 14.30, 8.790, 44.55, 14.30, 0.000, 179.21, 0.01);
insert into SHOT values (609, 606, 615, 297, 31.840, 36.25, 19.80, 31.840, 36.25, 19.80, 0.000, 1.51, -0.01);
insert into SHOT values (610, 606, 616, 297, 28.160, 24.15, 13.00, 28.160, 24.15, 13.00, 0.000, 2.21, 0.02);
insert into SHOT values (611, 606, 617, 297, 13.620, 51.15, 56.90, 13.620, 51.15, 56.90, 0.000, 359.18, 0.01);
insert into SHOT values (612, 606, 618, 297, 3.980, 75.95, -11.80, 3.980, 75.95, -11.80, 0.000, 181.14, 0.00);
insert into SHOT values (613, 606, 619, 297, 32.710, 0.45, 4.00, 32.710, 0.45, 4.00, 0.000, 172.21, 0.00);
insert into SHOT values (614, 619, 620, 297, 9.430, 245.45, 0.90, 9.430, 245.45, 0.90, 0.000, 190.14, 0.01);
insert into SHOT values (615, 619, 621, 297, 10.580, 298.05, 1.10, 10.580, 298.05, 1.10, 0.000, 160.39, -0.06);
insert into SHOT values (616, 619, 622, 297, 18.210, 317.15, 5.20, 18.210, 317.15, 5.20, 0.000, 186.12, -0.01);
insert into SHOT values (617, 619, 623, 297, 12.700, 7.75, 17.40, 12.700, 7.75, 17.40, 0.000, 1.14, -0.03);
insert into SHOT values (618, 619, 624, 297, 9.470, 56.35, 28.40, 9.470, 56.35, 28.40, 0.000, 354.82, 0.06);
insert into SHOT values (619, 619, 625, 297, 11.940, 110.05, 20.50, 11.940, 110.05, 20.50, 0.000, 194.91, -0.03);
insert into SHOT values (620, 619, 626, 297, 22.480, 139.45, 13.80, 22.480, 139.45, 13.80, 0.000, 9.15, -0.00);
insert into SHOT values (621, 619, 627, 297, 33.580, 149.25, 10.70, 33.580, 149.25, 10.70, 0.000, 25.28, 0.01);
insert into SHOT values (622, 619, 628, 297, 15.220, 170.65, 42.90, 15.220, 170.65, 42.90, 0.000, 357.87, -0.02);
insert into SHOT values (623, 619, 629, 297, 3.590, 217.45, -21.10, 3.590, 217.45, -21.10, 0.000, 348.01, -0.01);
insert into SHOT values (624, 619, 630, 297, 21.290, 326.15, 5.80, 21.290, 326.15, 5.80, 0.000, 195.83, -0.06);
insert into SHOT values (625, 630, 631, 297, 23.830, 42.75, 28.40, 23.830, 42.75, 28.40, 0.000, 187.08, 0.02);
insert into SHOT values (626, 630, 632, 297, 17.350, 74.85, 28.70, 17.350, 74.85, 28.70, 0.000, 8.72, -0.02);
insert into SHOT values (627, 630, 633, 297, 17.470, 94.95, 26.60, 17.470, 94.95, 26.60, 0.000, 118.15, -0.20);
insert into SHOT values (628, 630, 634, 297, 26.760, 128.75, 8.90, 26.760, 128.75, 8.90, 0.000, 352.20, -0.00);
insert into SHOT values (629, 630, 635, 297, 45.320, 137.85, 6.40, 45.320, 137.85, 6.40, 0.000, 2.28, -0.00);
insert into SHOT values (630, 630, 636, 297, 35.260, 167.15, 2.40, 35.260, 167.15, 2.40, 0.000, 350.93, -0.00);
insert into SHOT values (631, 630, 637, 297, 18.770, 178.35, 7.80, 18.770, 178.35, 7.80, 0.000, 172.01, 0.00);
insert into SHOT values (632, 630, 638, 297, 4.360, 127.05, -21.30, 4.360, 127.05, -21.30, 0.000, 356.08, 0.01);
insert into SHOT values (633, 630, 639, 297, 15.550, 127.05, 38.70, 15.550, 127.05, 38.70, 0.000, 160.05, -0.03);
insert into SHOT values (634, 630, 640, 297, 13.070, 11.65, 6.90, 13.070, 11.65, 6.90, 0.000, 135.30, -0.04);
insert into SHOT values (635, 640, 641, 297, 6.440, 318.55, 14.30, 6.440, 318.55, 14.30, 0.000, 2.45, 0.01);
insert into SHOT values (636, 640, 642, 297, 4.760, 255.85, 6.50, 4.760, 255.85, 6.50, 0.000, 171.18, -0.02);
insert into SHOT values (637, 640, 643, 297, 10.480, 200.95, -2.00, 10.480, 200.95, -2.00, 0.000, 13.41, -0.02);
insert into SHOT values (638, 640, 644, 297, 16.280, 63.35, 28.30, 16.280, 63.35, 28.30, 0.000, 187.92, 0.01);
insert into SHOT values (639, 640, 645, 297, 16.120, 99.45, 25.90, 16.120, 99.45, 25.90, 0.000, 7.17, 0.00);
insert into SHOT values (640, 640, 646, 297, 17.190, 134.35, 26.50, 17.190, 134.35, 26.50, 0.000, 354.51, -0.00);
insert into SHOT values (641, 640, 647, 297, 8.000, 7.05, -9.90, 8.000, 7.05, -9.90, 0.000, 357.29, -0.01);
insert into SHOT values (642, 640, 648, 297, 13.140, 26.75, 83.30, 13.140, 26.75, 83.30, 0.000, 2.82, 0.00);
insert into SHOT values (643, 640, 649, 297, 14.330, 359.45, 11.50, 14.330, 359.45, 11.50, 0.000, 353.68, 0.00);
insert into SHOT values (644, 649, 650, 297, 14.410, 291.95, 15.00, 14.410, 291.95, 15.00, 0.000, 2.76, -0.01);
insert into SHOT values (645, 649, 651, 297, 6.900, 255.35, 10.10, 6.900, 255.35, 10.10, 0.000, 14.59, 0.03);
insert into SHOT values (646, 649, 652, 297, 10.550, 208.25, -13.50, 10.550, 208.25, -13.50, 0.000, 176.99, 0.01);
insert into SHOT values (647, 649, 653, 297, 16.130, 129.55, 22.20, 16.130, 129.55, 22.20, 0.000, 182.54, -0.01);
insert into SHOT values (648, 649, 654, 297, 13.570, 86.25, 35.40, 13.570, 86.25, 35.40, 0.000, 1.22, 0.02);
insert into SHOT values (649, 649, 655, 297, 16.500, 44.35, 17.00, 16.500, 44.35, 17.00, 0.000, 7.51, -0.00);
insert into SHOT values (650, 649, 656, 297, 21.160, 31.95, 8.20, 21.160, 31.95, 8.20, 0.000, 197.97, 0.03);
insert into SHOT values (651, 649, 657, 297, 11.290, 74.45, 75.50, 11.290, 74.45, 75.50, 0.000, 196.95, -0.03);
insert into SHOT values (652, 649, 658, 297, 1.710, 77.75, -26.10, 1.710, 77.75, -26.10, 0.000, 182.50, 0.01);
insert into SHOT values (653, 649, 659, 297, 27.930, 6.35, 4.70, 27.930, 6.35, 4.70, 0.000, 220.91, 0.10);
insert into SHOT values (654, 659, 660, 297, 5.950, 50.05, 16.70, 5.950, 50.05, 16.70, 0.000, 182.37, -0.03);
insert into SHOT values (655, 659, 661, 297, 14.470, 19.05, 12.90, 14.470, 19.05, 12.90, 0.000, 356.84, 0.01);
insert into SHOT values (656, 659, 662, 297, 30.650, 4.05, 9.60, 30.650, 4.05, 9.60, 0.000, 174.48, -0.01);
insert into SHOT values (657, 659, 663, 297, 24.580, 335.95, 13.50, 24.580, 335.95, 13.50, 0.000, 357.51, -0.00);
insert into SHOT values (658, 659, 664, 297, 6.360, 314.45, 7.10, 6.360, 314.45, 7.10, 0.000, 287.25, 0.04);
insert into SHOT values (659, 659, 665, 297, 5.380, 259.25, 14.60, 5.380, 259.25, 14.60, 0.000, 171.54, -0.16);
insert into SHOT values (660, 659, 666, 297, 10.230, 216.45, 18.90, 10.230, 216.45, 18.90, 0.000, 180.20, -0.01);
insert into SHOT values (661, 659, 667, 297, 5.570, 330.95, 63.10, 5.570, 330.95, 63.10, 0.000, 355.71, 0.00);
insert into SHOT values (662, 659, 668, 297, 6.820, 345.65, -17.60, 6.820, 345.65, -17.60, 0.000, 189.23, 0.02);
insert into SHOT values (663, 659, 669, 297, 15.400, 334.15, 2.90, 15.400, 334.15, 2.90, 0.000, 355.99, -0.01);
insert into SHOT values (664, 669, 670, 297, 19.800, 58.45, 32.20, 19.800, 58.45, 32.20, 0.000, 354.85, 0.03);
insert into SHOT values (665, 669, 671, 297, 25.410, 30.95, 25.20, 25.410, 30.95, 25.20, 0.000, 182.77, -0.00);
insert into SHOT values (666, 669, 672, 297, 13.120, 340.15, 13.50, 13.120, 340.15, 13.50, 0.000, 190.71, -0.01);
insert into SHOT values (667, 669, 673, 297, 14.830, 130.65, 3.80, 14.830, 130.65, 3.80, 0.000, 181.70, 0.02);
insert into SHOT values (668, 669, 674, 297, 6.740, 183.05, 6.90, 6.740, 183.05, 6.90, 0.000, 353.47, -0.01);
insert into SHOT values (669, 669, 675, 297, 16.580, 249.25, 1.00, 16.580, 249.25, 1.00, 0.000, 350.33, -0.03);
insert into SHOT values (670, 669, 676, 297, 18.240, 266.15, -3.40, 18.240, 266.15, -3.40, 0.000, 51.19, -0.09);
insert into SHOT values (671, 669, 677, 297, 21.580, 283.15, -6.80, 21.580, 283.15, -6.80, 0.000, 189.53, -0.02);
insert into SHOT values (672, 669, 678, 297, 10.130, 313.85, 9.10, 10.130, 313.85, 9.10, 0.000, 353.38, -0.02);
insert into SHOT values (673, 669, 679, 297, 10.580, 293.65, 82.00, 10.580, 293.65, 82.00, 0.000, 10.77, 0.13);
insert into SHOT values (674, 669, 680, 297, 2.380, 304.65, -49.00, 2.380, 304.65, -49.00, 0.000, 179.35, -0.01);
insert into SHOT values (675, 669, 681, 297, 21.000, 350.35, 10.10, 20.967, 350.43, 9.45, 0.241, 66.06, -82.97);
insert into SHOT values (676, 681, 682, 297, 15.120, 84.65, 23.00, 15.120, 84.65, 23.00, 0.000, 8.81, -0.01);
insert into SHOT values (677, 681, 683, 297, 15.440, 48.45, 15.90, 15.440, 48.45, 15.90, 0.000, 184.37, -0.01);
insert into SHOT values (678, 681, 684, 297, 14.780, 123.55, 12.90, 14.780, 123.55, 12.90, 0.000, 164.83, 0.02);
insert into SHOT values (679, 681, 685, 297, 10.530, 339.95, 10.70, 10.530, 339.95, 10.70, 0.000, 12.59, -0.01);
insert into SHOT values (680, 681, 686, 297, 5.000, 297.05, 13.80, 5.000, 297.05, 13.80, 0.000, 198.05, 0.05);
insert into SHOT values (681, 681, 687, 297, 7.920, 242.95, 17.60, 7.920, 242.95, 17.60, 0.000, 358.01, 0.01);
insert into SHOT values (682, 681, 688, 297, 6.030, 185.75, 7.60, 6.030, 185.75, 7.60, 0.000, 3.64, -0.00);
insert into SHOT values (683, 681, 689, 297, 6.570, 112.95, 66.50, 6.570, 112.95, 66.50, 0.000, 41.86, 0.08);
insert into SHOT values (684, 681, 690, 297, 2.290, 96.75, -35.20, 2.290, 96.75, -35.20, 0.000, 189.99, 0.01);
insert into SHOT values (685, 681, 691, 297, 30.330, 27.85, 12.10, 30.292, 27.88, 11.18, 0.490, 45.17, -82.46);
insert into SHOT values (686, 691, 692, 297, 8.300, 35.85, 20.80, 8.300, 35.85, 20.80, 0.000, 188.35, -0.01);
insert into SHOT values (687, 691, 693, 297, 8.230, 350.45, 21.30, 8.230, 350.45, 21.30, 0.000, 10.81, -0.01);
insert into SHOT values (688, 691, 694, 297, 11.080, 299.85, 18.00, 11.080, 299.85, 18.00, 0.000, 350.91, -0.02);
insert into SHOT values (689, 691, 695, 297, 10.580, 132.65, 11.20, 10.580, 132.65, 11.20, 0.000, 186.94, 0.01);
insert into SHOT values (690, 691, 696, 297, 12.000, 170.35, 7.10, 12.000, 170.35, 7.10, 0.000, 347.62, 0.01);
insert into SHOT values (691, 691, 697, 297, 11.940, 188.15, 1.40, 11.940, 188.15, 1.40, 0.000, 160.58, 0.02);
insert into SHOT values (692, 691, 698, 297, 5.720, 174.95, 49.70, 5.720, 174.95, 49.70, 0.000, 197.72, -0.01);
insert into SHOT values (693, 691, 699, 297, 3.790, 133.65, -22.60, 3.790, 133.65, -22.60, 0.000, 351.23, 0.01);
insert into SHOT values (694, 691, 700, 297, 18.230, 67.45, 18.90, 18.230, 67.45, 18.90, 0.000, 356.73, -0.01);
insert into SHOT values (695, 691, 701, 297, 17.220, 67.35, 19.00, 17.193, 67.22, 18.50, 0.158, 9.52, -74.17);
insert into SHOT values (696, 701, 702, 297, 12.990, 8.25, 0.20, 12.990, 8.25, 0.20, 0.000, 188.44, 0.01);
insert into SHOT values (697, 701, 703, 297, 8.430, 336.35, 12.00, 8.430, 336.35, 12.00, 0.000, 168.95, 0.01);
insert into SHOT values (698, 701, 704, 297, 19.520, 292.15, 24.80, 19.520, 292.15, 24.80, 0.000, 357.49, -0.01);
insert into SHOT values (699, 701, 705, 297, 20.920, 249.55, -0.90, 20.920, 249.55, -0.90, 0.000, 168.00, 0.00);
insert into SHOT values (700, 701, 706, 297, 18.950, 258.45, 2.50, 18.950, 258.45, 2.50, 0.000, 183.75, -0.02);
insert into SHOT values (701, 701, 707, 297, 15.340, 218.05, -3.60, 15.340, 218.05, -3.60, 0.000, 353.37, -0.01);
insert into SHOT values (702, 701, 708, 297, 10.320, 170.45, 8.00, 10.320, 170.45, 8.00, 0.000, 185.01, 0.01);
insert into SHOT values (703, 701, 709, 297, 5.050, 217.45, -26.00, 5.050, 217.45, -26.00, 0.000, 171.09, 0.01);
insert into SHOT values (704, 701, 710, 297, 11.140, 242.65, 47.10, 11.140, 242.65, 47.10, 0.000, 354.68, -0.01);
insert into SHOT values (705, 701, 711, 297, 5.350, 12.35, -29.00, 5.367, 12.36, -29.17, 0.023, 17.50, -71.11);
insert into SHOT values (706, 711, 712, 297, 13.350, 62.45, 9.80, 13.350, 62.45, 9.80, 0.000, 358.53, 0.02);
insert into SHOT values (707, 711, 713, 297, 7.480, 19.05, 14.50, 7.480, 19.05, 14.50, 0.000, 182.13, -0.01);
insert into SHOT values (708, 711, 714, 297, 9.940, 336.65, 15.30, 9.940, 336.65, 15.30, 0.000, 199.24, 0.03);
insert into SHOT values (709, 711, 715, 297, 7.160, 299.05, 31.40, 7.160, 299.05, 31.40, 0.000, 2.81, -0.01);
insert into SHOT values (710, 711, 716, 297, 5.180, 190.35, 29.20, 5.180, 190.35, 29.20, 0.000, 177.56, 0.00);
insert into SHOT values (711, 711, 717, 297, 3.940, 152.95, 21.30, 3.940, 152.95, 21.30, 0.000, 349.67, -0.00);
insert into SHOT values (712, 711, 718, 297, 13.440, 121.75, 6.90, 13.440, 121.75, 6.90, 0.000, 289.37, -0.05);
insert into SHOT values (713, 711, 719, 297, 19.460, 103.75, 2.80, 19.460, 103.75, 2.80, 0.000, 176.91, 0.00);
insert into SHOT values (714, 711, 720, 297, 6.910, 115.75, -18.80, 6.910, 115.75, -18.80, 0.000, 179.52, -0.02);
insert into SHOT values (715, 711, 721, 297, 6.130, 245.45, 77.50, 6.130, 245.45, 77.50, 0.000, 7.76, 0.00);
insert into SHOT values (716, 711, 722, 297, 19.500, 76.65, -0.30, 19.520, 76.48, -0.92, 0.221, 3.64, -74.04);
insert into SHOT values (717, 722, 723, 297, 13.830, 62.25, 0.90, 13.830, 62.25, 0.90, 0.000, 170.86, 0.01);
insert into SHOT values (718, 722, 724, 297, 8.440, 85.15, 2.40, 8.440, 85.15, 2.40, 0.000, 43.33, -0.08);
insert into SHOT values (719, 722, 725, 297, 3.800, 132.25, 11.50, 3.800, 132.25, 11.50, 0.000, 13.75, 0.02);
insert into SHOT values (720, 722, 726, 297, 7.710, 177.25, 11.20, 7.710, 177.25, 11.20, 0.000, 354.76, -0.03);
insert into SHOT values (721, 722, 727, 297, 13.690, 206.75, 9.10, 13.690, 206.75, 9.10, 0.000, 5.65, -0.01);
insert into SHOT values (722, 722, 728, 297, 16.670, 33.65, 1.80, 16.670, 33.65, 1.80, 0.000, 359.25, -0.01);
insert into SHOT values (723, 722, 729, 297, 10.350, 11.25, 3.60, 10.350, 11.25, 3.60, 0.000, 348.26, 0.03);
insert into SHOT values (724, 722, 730, 297, 6.870, 323.25, 2.20, 6.870, 323.25, 2.20, 0.000, 356.87, -0.02);
insert into SHOT values (725, 722, 731, 297, 5.510, 271.85, 2.50, 5.510, 271.85, 2.50, 0.000, 180.74, -0.00);
insert into SHOT values (726, 722, 732, 297, 2.690, 318.25, 52.60, 2.690, 318.25, 52.60, 0.000, 138.73, -0.02);
insert into SHOT values (727, 722, 733, 297, 0.800, 343.85, -22.20, 0.800, 343.85, -22.20, 0.000, 171.91, -0.10);
insert into SHOT values (728, 722, 734, 297, 16.650, 50.95, -1.90, 16.682, 50.88, -2.43, 0.160, 15.68, -78.32);
insert into SHOT values (729, 734, 735, 297, 4.340, 152.45, 1.20, 4.340, 152.45, 1.20, 0.000, 348.55, 0.00);
insert into SHOT values (730, 734, 736, 297, 3.290, 78.85, 7.60, 3.290, 78.85, 7.60, 0.000, 175.98, -0.02);
insert into SHOT values (731, 734, 737, 297, 11.280, 203.35, 7.30, 11.280, 203.35, 7.30, 0.000, 4.40, 0.01);
insert into SHOT values (732, 734, 738, 297, 10.710, 266.65, 8.70, 10.710, 266.65, 8.70, 0.000, 82.61, -0.13);
insert into SHOT values (733, 734, 739, 297, 4.230, 322.75, 11.40, 4.230, 322.75, 11.40, 0.000, 163.53, -0.05);
insert into SHOT values (734, 734, 740, 297, 0.900, 7.05, 6.00, 0.900, 7.05, 6.00, 0.000, 4.25, 0.01);
insert into SHOT values (735, 734, 741, 297, 0.970, 105.15, 84.80, 0.970, 105.15, 84.80, 0.000, 336.63, 0.00);
insert into SHOT values (736, 734, 742, 297, 0.880, 217.55, -74.60, 0.880, 217.55, -74.60, 0.000, 346.27, 0.02);
insert into SHOT values (737, 734, 743, 297, 4.650, 103.05, 6.60, 4.649, 102.98, 6.38, 0.019, 26.48, -71.34);
insert into SHOT values (738, 743, 744, 297, 1.330, 331.95, 7.10, 1.330, 331.95, 7.10, 0.000, 178.92, 0.01);
insert into SHOT values (739, 743, 745, 297, 0.770, 5.85, 49.50, 0.770, 5.85, 49.50, 0.000, 353.58, -0.00);
insert into SHOT values (740, 743, 746, 297, 2.100, 79.35, -23.00, 2.100, 79.35, -23.00, 0.000, 2.18, 0.01);
insert into SHOT values (741, 743, 747, 297, 2.840, 160.95, 4.10, 2.840, 160.95, 4.10, 0.000, 355.85, -0.01);
insert into SHOT values (742, 743, 748, 297, 5.770, 31.65, 6.70, 5.775, 31.63, 6.45, 0.025, 20.84, -72.31);
insert into SHOT values (743, 748, 749, 297, 2.450, 132.15, 13.50, 2.450, 132.15, 13.50, 0.000, 6.22, -0.01);
insert into SHOT values (744, 748, 750, 297, 0.780, 95.45, 59.40, 0.780, 95.45, 59.40, 0.000, 12.50, -0.07);
insert into SHOT values (745, 748, 751, 297, 3.300, 311.35, -4.20, 3.300, 311.35, -4.20, 0.000, 167.96, 0.02);
insert into SHOT values (746, 748, 752, 297, 0.710, 47.85, -58.20, 0.710, 47.85, -58.20, 0.000, 177.18, 0.02);
insert into SHOT values (747, 748, 753, 297, 8.420, 5.25, 2.50, 8.420, 5.25, 2.50, 0.000, 181.16, -0.01);
insert into SHOT values (748, 748, 754, 297, 3.940, 82.95, 4.00, 3.940, 82.95, 4.00, 0.000, 355.65, 0.00);
insert into SHOT values (749, 748, 755, 297, 9.410, 36.75, 5.40, 9.416, 36.73, 5.07, 0.055, 25.29, -77.88);
insert into SHOT values (750, 755, 756, 297, 6.330, 146.25, 8.80, 6.330, 146.25, 8.80, 0.000, 333.74, 0.05);
insert into SHOT values (751, 755, 757, 297, 3.940, 343.55, 31.50, 3.940, 343.55, 31.50, 0.000, 160.92, 0.00);
insert into SHOT values (752, 755, 758, 297, 5.830, 33.45, 6.80, 5.830, 33.45, 6.80, 0.000, 353.29, -0.03);
insert into SHOT values (753, 755, 759, 297, 16.240, 80.95, 4.00, 16.240, 80.95, 4.00, 0.000, 359.80, 0.01);
insert into SHOT values (754, 755, 760, 297, 2.140, 112.65, 75.10, 2.140, 112.65, 75.10, 0.000, 347.28, 0.02);
insert into SHOT values (755, 755, 761, 297, 2.180, 126.55, -25.50, 2.180, 126.55, -25.50, 0.000, 197.87, 0.04);
insert into SHOT values (756, 755, 762, 297, 4.820, 289.15, 9.30, 4.820, 289.15, 9.30, 0.000, 182.62, 0.02);
insert into SHOT values (757, 755, 763, 297, 6.930, 195.55, -1.10, 6.930, 195.55, -1.10, 0.000, 190.73, -0.02);
insert into SHOT values (758, 755, 764, 297, 15.840, 52.45, -0.10, 15.865, 52.38, -0.61, 0.146, 14.72, -77.92);
insert into SHOT values (759, 764, 765, 297, 7.090, 333.85, 9.20, 7.090, 333.85, 9.20, 0.000, 174.04, 0.01);
insert into SHOT values (760, 764, 766, 297, 6.170, 273.85, 7.80, 6.170, 273.85, 7.80, 0.000, 308.17, -0.03);
insert into SHOT values (761, 764, 767, 297, 10.400, 246.65, 2.10, 10.400, 246.65, 2.10, 0.000, 176.13, -0.01);
insert into SHOT values (762, 764, 768, 297, 7.750, 89.55, 14.50, 7.750, 89.55, 14.50, 0.000, 17.66, 0.03);
insert into SHOT values (763, 764, 769, 297, 7.660, 131.35, 15.60, 7.660, 131.35, 15.60, 0.000, 193.45, 0.01);
insert into SHOT values (764, 764, 770, 297, 10.010, 167.45, 9.90, 10.010, 167.45, 9.90, 0.000, 359.35, 0.00);
insert into SHOT values (765, 764, 771, 297, 2.500, 157.65, 66.60, 2.500, 157.65, 66.60, 0.000, 181.99, 0.00);
insert into SHOT values (766, 764, 772, 297, 1.320, 259.95, -19.40, 1.320, 259.95, -19.40, 0.000, 169.57, 0.04);
insert into SHOT values (767, 764, 773, 297, 13.340, 32.95, 6.70, 13.345, 32.95, 6.26, 0.103, 32.12, -80.48);
insert into SHOT values (768, 773, 774, 297, 12.910, 298.65, 0.10, 12.910, 298.65, 0.10, 0.000, 208.76, -0.02);
insert into SHOT values (769, 773, 775, 297, 1.790, 259.85, 1.60, 1.790, 259.85, 1.60, 0.000, 352.71, 0.01);
insert into SHOT values (770, 773, 776, 297, 16.550, 231.85, -1.70, 16.550, 231.85, -1.70, 0.000, 185.52, 0.02);
insert into SHOT values (771, 773, 777, 297, 5.260, 41.35, 4.40, 5.260, 41.35, 4.40, 0.000, 172.79, -0.06);
insert into SHOT values (772, 773, 778, 297, 13.690, 98.65, 0.50, 13.690, 98.65, 0.50, 0.000, 5.63, 0.04);
insert into SHOT values (773, 773, 779, 297, 9.390, 134.15, 4.20, 9.390, 134.15, 4.20, 0.000, 7.06, -0.03);
insert into SHOT values (774, 773, 780, 297, 19.150, 190.65, 0.80, 19.150, 190.65, 0.80, 0.000, 171.55, 0.01);
insert into SHOT values (775, 773, 781, 297, 3.290, 189.85, 37.30, 3.290, 189.85, 37.30, 0.000, 135.36, -0.09);
insert into SHOT values (776, 773, 782, 297, 1.610, 220.65, -17.40, 1.610, 220.65, -17.40, 0.000, 172.84, 0.00);
insert into SHOT values (777, 773, 783, 297, 15.980, 328.75, -0.30, 15.989, 328.82, -0.82, 0.147, 37.16, -81.67);
insert into SHOT values (778, 783, 784, 297, 4.050, 269.75, -22.00, 4.050, 269.75, -22.00, 0.000, 1.06, 0.01);
insert into SHOT values (779, 783, 785, 297, 7.900, 348.85, -7.00, 7.900, 348.85, -7.00, 0.000, 201.42, 0.00);
insert into SHOT values (780, 783, 786, 297, 12.450, 25.15, -3.10, 12.450, 25.15, -3.10, 0.000, 45.54, 0.04);
insert into SHOT values (781, 783, 787, 297, 10.350, 69.95, -4.90, 10.350, 69.95, -4.90, 0.000, 200.64, 0.03);
insert into SHOT values (782, 783, 788, 297, 11.830, 106.25, -3.50, 11.830, 106.25, -3.50, 0.000, 351.48, 0.02);
insert into SHOT values (783, 783, 789, 297, 2.250, 53.75, -45.90, 2.250, 53.75, -45.90, 0.000, 1.89, 0.01);
insert into SHOT values (784, 783, 790, 297, 3.380, 57.45, 19.50, 3.380, 57.45, 19.50, 0.000, 16.26, -0.11);
insert into SHOT values (785, 783, 791, 297, 23.830, 42.65, -2.10, 23.892, 42.61, -2.85, 0.319, 23.66, -80.69);
insert into SHOT values (786, 791, 792, 297, 5.390, 307.85, 3.80, 5.390, 307.85, 3.80, 0.000, 185.57, -0.01);
insert into SHOT values (787, 791, 793, 297, 5.340, 257.95, 0.00, 5.340, 257.95, 0.00, 0.000, 8.14, 0.00);
insert into SHOT values (788, 791, 794, 297, 11.600, 238.95, -2.80, 11.600, 238.95, -2.80, 0.000, 185.49, -0.01);
insert into SHOT values (789, 791, 795, 297, 10.930, 203.75, -2.20, 10.930, 203.75, -2.20, 0.000, 354.81, -0.01);
insert into SHOT values (790, 791, 796, 297, 3.500, 48.55, 1.80, 3.500, 48.55, 1.80, 0.000, 42.26, 0.06);
insert into SHOT values (791, 791, 797, 297, 4.040, 95.25, 0.30, 4.040, 95.25, 0.30, 0.000, 2.65, -0.01);
insert into SHOT values (792, 791, 798, 297, 7.810, 148.55, -0.80, 7.810, 148.55, -0.80, 0.000, 170.91, 0.00);
insert into SHOT values (793, 791, 799, 297, 1.870, 137.45, 58.60, 1.870, 137.45, 58.60, 0.000, 172.93, -0.02);
insert into SHOT values (794, 791, 800, 297, 0.440, 348.55, -47.00, 0.440, 348.55, -47.00, 0.000, 3.88, 0.02);
insert into SHOT values (795, 791, 801, 297, 12.110, 320.75, 3.10, 12.113, 320.82, 2.69, 0.087, 25.48, -79.29);
insert into SHOT values (796, 801, 802, 297, 15.530, 239.35, 1.60, 15.505, 239.44, 1.10, 0.141, 10.68, -76.53);
insert into SHOT values (797, 801, 803, 297, 22.680, 82.05, 0.10, 22.680, 82.05, 0.10, 0.000, 185.53, 0.02);
insert into SHOT values (798, 803, 804, 297, 5.110, 234.25, 6.40, 5.110, 234.25, 6.40, 0.000, 198.67, -0.10);
insert into SHOT values (799, 803, 805, 297, 7.550, 204.45, 5.80, 7.550, 204.45, 5.80, 0.000, 358.55, -0.01);
insert into SHOT values (800, 803, 806, 297, 7.750, 150.65, 10.50, 7.750, 150.65, 10.50, 0.000, 188.70, -0.02);
insert into SHOT values (801, 803, 807, 297, 2.180, 72.35, 32.10, 2.180, 72.35, 32.10, 0.000, 348.46, -0.05);
insert into SHOT values (802, 803, 808, 297, 5.910, 308.05, 8.30, 5.910, 308.05, 8.30, 0.000, 6.02, -0.02);
insert into SHOT values (803, 803, 809, 297, 6.660, 290.15, 2.50, 6.660, 290.15, 2.50, 0.000, 9.63, 0.01);
insert into SHOT values (804, 803, 810, 297, 24.200, 172.85, 2.50, 24.200, 172.85, 2.50, 0.000, 10.75, 0.01);
insert into SHOT values (805, 810, 811, 297, 1.810, 243.35, 9.50, 1.810, 243.35, 9.50, 0.000, 221.29, -0.06);
insert into SHOT values (806, 810, 812, 297, 5.930, 158.15, 7.80, 5.930, 158.15, 7.80, 0.000, 7.80, 0.03);
insert into SHOT values (807, 810, 813, 297, 8.770, 143.65, 10.30, 8.770, 143.65, 10.30, 0.000, 12.49, -0.01);
insert into SHOT values (808, 810, 814, 297, 13.010, 107.85, 9.10, 13.010, 107.85, 9.10, 0.000, 19.45, 0.03);
insert into SHOT values (809, 810, 815, 297, 6.840, 325.55, 6.40, 6.840, 325.55, 6.40, 0.000, 285.56, 0.11);
insert into SHOT values (810, 810, 816, 297, 7.900, 16.95, 2.10, 7.900, 16.95, 2.10, 0.000, 218.36, -0.07);
insert into SHOT values (811, 810, 817, 297, 15.300, 3.65, 3.10, 15.300, 3.65, 3.10, 0.000, 179.39, 0.01);
insert into SHOT values (812, 810, 818, 297, 3.860, 22.35, 32.00, 3.860, 22.35, 32.00, 0.000, 177.00, -0.02);
insert into SHOT values (813, 810, 819, 297, 2.190, 35.75, -12.80, 2.190, 35.75, -12.80, 0.000, 168.79, -0.01);
insert into SHOT values (814, 810, 820, 297, 8.960, 128.35, 5.30, 8.960, 128.35, 5.30, 0.000, 174.12, 0.02);
insert into SHOT values (815, 820, 821, 297, 5.690, 67.85, 10.00, 5.690, 67.85, 10.00, 0.000, 186.37, 0.01);
insert into SHOT values (816, 820, 822, 297, 5.350, 9.95, 15.40, 5.350, 9.95, 15.40, 0.000, 359.62, -0.02);
insert into SHOT values (817, 820, 823, 297, 12.720, 339.95, 3.00, 12.720, 339.95, 3.00, 0.000, 163.10, -0.03);
insert into SHOT values (818, 820, 824, 297, 2.940, 195.45, 26.20, 2.940, 195.45, 26.20, 0.000, 181.84, -0.00);
insert into SHOT values (819, 820, 825, 297, 3.700, 262.95, 3.80, 3.700, 262.95, 3.80, 0.000, 2.42, 0.00);
insert into SHOT values (820, 820, 826, 297, 10.060, 298.05, -2.50, 10.060, 298.05, -2.50, 0.000, 17.54, 0.04);
insert into SHOT values (821, 820, 827, 297, 2.740, 287.25, 66.00, 2.740, 287.25, 66.00, 0.000, 170.47, -0.02);
insert into SHOT values (822, 820, 828, 297, 1.250, 73.65, -27.20, 1.250, 73.65, -27.20, 0.000, 175.11, 0.01);
insert into SHOT values (823, 820, 829, 297, 27.550, 126.75, 0.50, 27.550, 126.75, 0.50, 0.000, 1.10, 0.00);
insert into SHOT values (824, 802, 830, 297, 3.680, 208.25, 7.30, 3.680, 208.25, 7.30, 0.000, 114.85, 0.13);
insert into SHOT values (825, 802, 831, 297, 7.590, 74.45, 1.30, 7.590, 74.45, 1.30, 0.000, 189.33, -0.01);
insert into SHOT values (826, 802, 832, 297, 2.770, 84.95, 74.70, 2.770, 84.95, 74.70, 0.000, 192.48, -0.01);
insert into SHOT values (827, 802, 833, 297, 1.370, 60.85, -27.60, 1.370, 60.85, -27.60, 0.000, 2.29, 0.01);
insert into SHOT values (828, 802, 834, 297, 27.420, 294.95, -0.90, 27.464, 295.15, -1.76, 0.428, 5.89, -75.92);
insert into SHOT values (829, 834, 835, 297, 5.780, 226.25, -9.80, 5.780, 226.25, -9.80, 0.000, 356.05, 0.00);
insert into SHOT values (830, 834, 836, 297, 7.260, 178.05, 16.10, 7.260, 178.05, 16.10, 0.000, 8.21, 0.02);
insert into SHOT values (831, 834, 837, 297, 13.060, 152.65, 0.60, 13.060, 152.65, 0.60, 0.000, 174.26, -0.02);
insert into SHOT values (832, 834, 838, 297, 10.970, 110.55, 6.40, 10.970, 110.55, 6.40, 0.000, 357.58, -0.01);
insert into SHOT values (833, 834, 839, 297, 5.320, 69.65, 7.10, 5.320, 69.65, 7.10, 0.000, 359.31, 0.02);
insert into SHOT values (834, 834, 840, 297, 3.480, 22.15, 0.70, 3.480, 22.15, 0.70, 0.000, 24.79, -0.08);
insert into SHOT values (835, 834, 841, 297, 7.290, 291.35, -10.50, 7.290, 291.35, -10.50, 0.000, 169.33, 0.07);
insert into SHOT values (836, 834, 842, 297, 5.970, 221.25, 55.40, 5.970, 221.25, 55.40, 0.000, 169.52, 0.01);
insert into SHOT values (837, 834, 843, 297, 1.650, 242.45, -42.30, 1.650, 242.45, -42.30, 0.000, 346.39, 0.05);
insert into SHOT values (838, 834, 844, 297, 16.900, 254.65, -7.80, 16.906, 254.79, -8.34, 0.165, 5.34, -74.07);
insert into SHOT values (839, 844, 845, 297, 8.000, 267.75, 5.70, 8.000, 267.75, 5.70, 0.000, 83.66, 0.09);
insert into SHOT values (840, 844, 846, 297, 2.380, 202.35, 12.10, 2.380, 202.35, 12.10, 0.000, 354.74, 0.00);
insert into SHOT values (841, 844, 847, 297, 4.940, 137.45, 5.80, 4.940, 137.45, 5.80, 0.000, 174.35, -0.01);
insert into SHOT values (842, 844, 848, 297, 13.830, 296.55, -0.90, 13.830, 296.55, -0.90, 0.000, 351.71, -0.01);
insert into SHOT values (843, 844, 849, 297, 15.310, 322.75, 0.20, 15.310, 322.75, 0.20, 0.000, 9.50, 0.02);
insert into SHOT values (844, 844, 850, 297, 6.900, 352.95, 4.00, 6.900, 352.95, 4.00, 0.000, 2.40, -0.01);
insert into SHOT values (845, 844, 851, 297, 4.790, 18.95, -4.30, 4.790, 18.95, -4.30, 0.000, 354.54, -0.01);
insert into SHOT values (846, 844, 852, 297, 9.070, 64.55, 2.60, 9.070, 64.55, 2.60, 0.000, 189.97, 0.03);
insert into SHOT values (847, 844, 853, 297, 2.970, 335.55, 49.50, 2.970, 335.55, 49.50, 0.000, 9.25, 0.03);
insert into SHOT values (848, 844, 854, 297, 1.960, 350.05, -26.10, 1.960, 350.05, -26.10, 0.000, 163.95, -0.03);
insert into SHOT values (849, 844, 855, 297, 18.220, 287.55, 2.80, 18.223, 287.71, 2.21, 0.193, 4.96, -74.50);
insert into SHOT values (850, 855, 856, 297, 10.440, 302.95, -2.10, 10.440, 302.95, -2.10, 0.000, 178.22, -0.03);
insert into SHOT values (851, 855, 857, 297, 4.160, 265.05, -14.60, 4.160, 265.05, -14.60, 0.000, 185.80, -0.02);
insert into SHOT values (852, 855, 858, 297, 6.570, 222.05, -22.10, 6.570, 222.05, -22.10, 0.000, 36.07, -0.01);
insert into SHOT values (853, 855, 859, 297, 9.530, 182.45, -16.30, 9.530, 182.45, -16.30, 0.000, 174.46, 0.01);
insert into SHOT values (854, 855, 860, 297, 10.410, 151.35, -9.50, 10.410, 151.35, -9.50, 0.000, 190.49, 0.01);
insert into SHOT values (855, 855, 861, 297, 10.800, 127.95, -4.20, 10.800, 127.95, -4.20, 0.000, 4.67, 0.01);
insert into SHOT values (856, 855, 862, 297, 4.450, 79.95, -21.80, 4.450, 79.95, -21.80, 0.000, 358.81, -0.01);
insert into SHOT values (857, 855, 863, 297, 5.680, 45.85, -16.90, 5.680, 45.85, -16.90, 0.000, 174.88, -0.01);
insert into SHOT values (858, 855, 864, 297, 8.110, 9.55, -12.90, 8.110, 9.55, -12.90, 0.000, 184.54, 0.01);
insert into SHOT values (859, 855, 865, 297, 11.470, 346.85, -8.60, 11.470, 346.85, -8.60, 0.000, 171.91, -0.01);
insert into SHOT values (860, 855, 866, 297, 14.610, 337.35, -6.10, 14.610, 337.35, -6.10, 0.000, 175.96, -0.00);
insert into SHOT values (861, 855, 867, 297, 2.710, 54.45, 24.20, 2.710, 54.45, 24.20, 0.000, 317.59, 0.02);
insert into SHOT values (862, 855, 868, 297, 2.660, 35.05, -41.70, 2.660, 35.05, -41.70, 0.000, 182.84, 0.01);
insert into SHOT values (863, 855, 869, 297, 4.240, 70.75, -39.60, 4.240, 70.75, -39.60, 0.000, 183.01, -0.01);
insert into SHOT values (864, 855, 870, 297, 21.180, 324.95, -4.40, 21.213, 325.04, -5.07, 0.251, 33.88, -81.78);
insert into SHOT values (865, 870, 871, 297, 17.350, 261.75, -3.80, 17.350, 261.75, -3.80, 0.000, 8.59, 0.01);
insert into SHOT values (866, 870, 872, 297, 11.450, 230.85, -2.40, 11.450, 230.85, -2.40, 0.000, 184.25, 0.02);
insert into SHOT values (867, 870, 873, 297, 8.170, 183.85, 5.40, 8.170, 183.85, 5.40, 0.000, 163.04, -0.01);
insert into SHOT values (868, 870, 874, 297, 13.620, 161.65, 7.20, 13.620, 161.65, 7.20, 0.000, 4.21, -0.01);
insert into SHOT values (869, 870, 875, 297, 10.060, 123.05, 6.40, 10.060, 123.05, 6.40, 0.000, 193.63, 0.02);
insert into SHOT values (870, 870, 876, 297, 6.840, 82.05, 2.90, 6.840, 82.05, 2.90, 0.000, 179.17, -0.02);
insert into SHOT values (871, 870, 877, 297, 10.700, 11.75, -13.80, 10.700, 11.75, -13.80, 0.000, 351.52, 0.02);
insert into SHOT values (872, 870, 878, 297, 13.630, 345.65, -3.70, 13.630, 345.65, -3.70, 0.000, 170.25, 0.00);
insert into SHOT values (873, 870, 879, 297, 17.990, 315.05, -3.50, 17.990, 315.05, -3.50, 0.000, 110.47, -0.11);
insert into SHOT values (874, 870, 880, 297, 16.490, 303.25, 2.00, 16.490, 303.25, 2.00, 0.000, 7.32, 0.02);
insert into SHOT values (875, 870, 881, 297, 11.630, 316.05, -12.10, 11.630, 316.05, -12.10, 0.000, 359.19, 0.00);
insert into SHOT values (876, 870, 882, 297, 2.010, 328.55, 68.90, 2.010, 328.55, 68.90, 0.000, 356.65, 0.01);
insert into SHOT values (877, 870, 883, 297, 8.050, 252.75, 53.60, 8.050, 252.75, 53.60, 0.000, 351.81, 0.00);
insert into SHOT values (878, 870, 884, 297, 28.850, 334.95, -3.70, 28.850, 334.95, -3.70, 0.000, 324.05, 0.06);
insert into SHOT values (879, 884, 885, 297, 2.240, 64.95, -6.00, 2.240, 64.95, -6.00, 0.000, 187.02, 0.01);
insert into SHOT values (880, 884, 886, 297, 7.370, 13.95, 7.30, 7.370, 13.95, 7.30, 0.000, 356.96, -0.00);
insert into SHOT values (881, 884, 887, 297, 9.390, 344.25, 11.20, 9.390, 344.25, 11.20, 0.000, 212.40, -0.02);
insert into SHOT values (882, 884, 888, 297, 6.210, 315.35, 7.60, 6.210, 315.35, 7.60, 0.000, 235.66, -0.01);
insert into SHOT values (883, 884, 889, 297, 7.700, 139.85, 8.70, 7.700, 139.85, 8.70, 0.000, 156.74, -0.02);
insert into SHOT values (884, 884, 890, 297, 8.510, 75.75, 57.10, 8.510, 75.75, 57.10, 0.000, 355.92, 0.01);
insert into SHOT values (885, 884, 891, 297, 1.950, 125.95, -53.70, 1.950, 125.95, -53.70, 0.000, 247.56, 0.05);
insert into SHOT values (886, 884, 892, 297, 12.740, 353.85, 21.40, 12.740, 353.85, 21.40, 0.000, 182.26, 0.03);
insert into SHOT values (887, 870, 893, 297, 22.250, 300.25, -3.80, 22.293, 300.40, -4.50, 0.282, 9.08, -76.83);
insert into SHOT values (888, 893, 894, 297, 9.520, 276.45, -8.20, 9.520, 276.45, -8.20, 0.000, 63.98, -0.07);
insert into SHOT values (889, 893, 895, 297, 9.460, 240.65, -23.30, 9.460, 240.65, -23.30, 0.000, 154.01, 0.03);
insert into SHOT values (890, 893, 896, 297, 8.230, 197.85, -15.80, 8.230, 197.85, -15.80, 0.000, 181.43, 0.02);
insert into SHOT values (891, 893, 897, 297, 11.780, 170.55, -2.80, 11.780, 170.55, -2.80, 0.000, 172.53, 0.00);
insert into SHOT values (892, 893, 898, 297, 1.830, 358.35, -6.30, 1.830, 358.35, -6.30, 0.000, 176.23, 0.00);
insert into SHOT values (893, 893, 899, 297, 4.480, 109.35, 8.20, 4.480, 109.35, 8.20, 0.000, 204.42, -0.05);
insert into SHOT values (894, 893, 900, 297, 3.190, 277.45, -60.70, 3.190, 277.45, -60.70, 0.000, 0.40, -0.01);
insert into SHOT values (895, 893, 901, 297, 9.980, 251.95, -31.50, 9.980, 251.95, -31.50, 0.000, 181.73, 0.01);
insert into SHOT values (896, 893, 902, 297, 2.640, 252.25, 30.10, 2.640, 252.25, 30.10, 0.000, 9.12, -0.02);
insert into SHOT values (897, 893, 903, 297, 14.780, 325.75, -7.40, 14.805, 325.82, -7.87, 0.125, 31.71, -80.69);
insert into SHOT values (898, 903, 904, 297, 10.720, 131.05, 13.60, 10.720, 131.05, 13.60, 0.000, 186.99, -0.01);
insert into SHOT values (899, 903, 905, 297, 7.710, 102.95, 18.80, 7.710, 102.95, 18.80, 0.000, 178.91, 0.01);
insert into SHOT values (900, 903, 906, 297, 9.350, 57.05, -0.50, 9.350, 57.05, -0.50, 0.000, 72.10, -0.10);
insert into SHOT values (901, 903, 907, 297, 12.370, 24.05, -5.40, 12.370, 24.05, -5.40, 0.000, 359.72, -0.03);
insert into SHOT values (902, 903, 908, 297, 13.740, 335.45, -3.30, 13.740, 335.45, -3.30, 0.000, 9.20, 0.03);
insert into SHOT values (903, 903, 909, 297, 8.990, 313.05, -2.20, 8.990, 313.05, -2.20, 0.000, 186.81, -0.01);
insert into SHOT values (904, 903, 910, 297, 6.970, 222.15, 16.00, 6.970, 222.15, 16.00, 0.000, 161.23, 0.04);
insert into SHOT values (905, 903, 911, 297, 9.420, 190.45, 14.00, 9.420, 190.45, 14.00, 0.000, 8.57, 0.02);
insert into SHOT values (906, 903, 912, 297, 10.490, 139.95, 67.70, 10.490, 139.95, 67.70, 0.000, 359.86, 0.02);
insert into SHOT values (907, 903, 913, 297, 7.300, 32.05, -21.90, 7.300, 32.05, -21.90, 0.000, 2.91, -0.02);
insert into SHOT values (908, 903, 914, 297, 26.100, 353.25, -4.10, 26.134, 353.34, -4.92, 0.377, 77.47, -83.41);
insert into SHOT values (909, 914, 915, 297, 17.170, 312.75, -6.90, 17.170, 312.75, -6.90, 0.000, 6.68, -0.01);
insert into SHOT values (910, 914, 916, 297, 7.370, 259.45, -8.20, 7.370, 259.45, -8.20, 0.000, 320.69, -0.00);
insert into SHOT values (911, 914, 917, 297, 13.910, 148.25, 3.80, 13.910, 148.25, 3.80, 0.000, 352.83, 0.02);
insert into SHOT values (912, 914, 918, 297, 7.270, 110.65, 1.30, 7.270, 110.65, 1.30, 0.000, 12.63, 0.00);
insert into SHOT values (913, 914, 919, 297, 8.260, 56.25, 6.20, 8.260, 56.25, 6.20, 0.000, 0.68, -0.00);
insert into SHOT values (914, 914, 920, 297, 15.410, 355.75, -5.90, 15.410, 355.75, -5.90, 0.000, 184.99, -0.00);
insert into SHOT values (915, 914, 921, 297, 26.430, 344.85, -5.90, 26.430, 344.85, -5.90, 0.000, 358.95, 0.01);
insert into SHOT values (916, 914, 922, 297, 11.280, 27.15, 45.60, 11.280, 27.15, 45.60, 0.000, 347.17, -0.02);
insert into SHOT values (917, 914, 923, 297, 2.800, 11.05, -27.70, 2.800, 11.05, -27.70, 0.000, 356.58, 0.01);
insert into SHOT values (918, 914, 924, 297, 13.260, 336.75, -3.60, 13.260, 336.75, -3.60, 0.000, 285.53, 0.01);
insert into SHOT values (919, 914, 925, 297, 21.210, 337.45, -8.40, 21.255, 337.53, -9.05, 0.248, 52.54, -82.80);
insert into SHOT values (920, 925, 926, 297, 8.550, 267.05, 8.90, 8.550, 267.05, 8.90, 0.000, 114.47, -0.10);
insert into SHOT values (921, 925, 927, 297, 5.470, 225.05, 14.20, 5.470, 225.05, 14.20, 0.000, 188.08, 0.04);
insert into SHOT values (922, 925, 928, 297, 13.080, 337.15, 3.90, 13.080, 337.15, 3.90, 0.000, 358.97, -0.02);
insert into SHOT values (923, 925, 929, 297, 0.920, 11.45, 5.20, 0.920, 11.45, 5.20, 0.000, 359.57, -0.01);
insert into SHOT values (924, 925, 930, 297, 6.320, 13.75, 8.60, 6.320, 13.75, 8.60, 0.000, 5.23, 0.03);
insert into SHOT values (925, 925, 931, 297, 6.210, 90.85, 11.30, 6.210, 90.85, 11.30, 0.000, 354.15, -0.01);
insert into SHOT values (926, 925, 932, 297, 7.390, 118.85, 9.90, 7.390, 118.85, 9.90, 0.000, 358.25, 0.02);
insert into SHOT values (927, 925, 933, 297, 2.030, 24.25, 72.40, 2.030, 24.25, 72.40, 0.000, 262.16, 0.06);
insert into SHOT values (928, 925, 934, 297, 0.340, 257.15, -60.10, 0.340, 257.15, -60.10, 0.000, 200.93, -0.09);
insert into SHOT values (929, 925, 935, 297, 15.190, 333.45, 3.50, 15.189, 333.51, 3.00, 0.132, 42.42, -81.93);
insert into SHOT values (930, 935, 936, 297, 9.540, 287.45, -3.90, 9.540, 287.45, -3.90, 0.000, 2.02, 0.01);
insert into SHOT values (931, 935, 937, 297, 10.360, 244.05, -4.30, 10.360, 244.05, -4.30, 0.000, 170.22, 0.02);
insert into SHOT values (932, 935, 938, 297, 14.580, 202.95, -0.70, 14.580, 202.95, -0.70, 0.000, 351.10, -0.01);
insert into SHOT values (933, 935, 939, 297, 4.540, 142.25, 0.30, 4.540, 142.25, 0.30, 0.000, 176.88, -0.01);
insert into SHOT values (934, 935, 940, 297, 3.810, 345.85, -8.50, 3.810, 345.85, -8.50, 0.000, 171.49, 0.01);
insert into SHOT values (935, 935, 941, 297, 2.460, 302.95, 25.10, 2.460, 302.95, 25.10, 0.000, 179.46, -0.00);
insert into SHOT values (936, 935, 942, 297, 3.570, 294.05, -17.10, 3.570, 294.05, -17.10, 0.000, 171.83, 0.02);
insert into SHOT values (937, 935, 943, 297, 12.700, 309.95, -4.00, 12.715, 310.03, -4.42, 0.096, 17.21, -77.68);
insert into SHOT values (938, 943, 944, 297, 5.360, 190.75, 3.00, 5.360, 190.75, 3.00, 0.000, 1.46, 0.01);
insert into SHOT values (939, 943, 945, 297, 8.220, 119.55, 3.40, 8.220, 119.55, 3.40, 0.000, 179.91, -0.01);
insert into SHOT values (940, 943, 946, 297, 4.530, 239.55, -1.40, 4.530, 239.55, -1.40, 0.000, 5.18, -0.03);
insert into SHOT values (941, 943, 947, 297, 9.300, 242.25, -1.90, 9.300, 242.25, -1.90, 0.000, 182.78, 0.02);
insert into SHOT values (942, 943, 948, 297, 7.650, 301.25, 1.20, 7.650, 301.25, 1.20, 0.000, 350.83, 0.03);
insert into SHOT values (943, 943, 949, 297, 5.090, 334.45, -1.30, 5.090, 334.45, -1.30, 0.000, 353.87, 0.01);
insert into SHOT values (944, 943, 950, 297, 13.430, 27.25, 0.80, 13.430, 27.25, 0.80, 0.000, 181.23, 0.02);
insert into SHOT values (945, 943, 951, 297, 2.470, 258.05, 73.20, 2.470, 258.05, 73.20, 0.000, 182.96, 0.01);
insert into SHOT values (946, 943, 952, 297, 3.740, 235.55, -28.30, 3.740, 235.55, -28.30, 0.000, 166.48, 0.00);
insert into SHOT values (947, 943, 953, 297, 19.980, 359.95, -5.30, 19.980, 359.95, -5.30, 0.000, 167.78, 0.02);
insert into SHOT values (948, 943, 954, 297, 38.720, 293.45, 1.40, 38.720, 293.45, 1.40, 0.000, 181.97, -0.03);
insert into SHOT values (949, 943, 955, 297, 7.770, 236.35, -7.30, 7.767, 236.40, -7.59, 0.040, 17.72, -74.43);
insert into SHOT values (950, 955, 956, 297, 5.240, 221.95, 31.00, 5.240, 221.95, 31.00, 0.000, 10.20, 0.00);
insert into SHOT values (951, 955, 957, 297, 11.280, 146.25, 10.90, 11.280, 146.25, 10.90, 0.000, 357.46, -0.00);
insert into SHOT values (952, 955, 958, 297, 5.930, 109.75, 17.70, 5.930, 109.75, 17.70, 0.000, 348.14, 0.02);
insert into SHOT values (953, 955, 959, 297, 6.110, 280.65, 20.90, 6.110, 280.65, 20.90, 0.000, 278.07, 0.09);
insert into SHOT values (954, 955, 960, 297, 8.560, 343.45, 5.10, 8.560, 343.45, 5.10, 0.000, 13.28, -0.02);
insert into SHOT values (955, 955, 961, 297, 17.780, 333.15, 6.50, 17.780, 333.15, 6.50, 0.000, 352.81, 0.00);
insert into SHOT values (956, 955, 962, 297, 5.080, 320.95, 74.20, 5.080, 320.95, 74.20, 0.000, 172.04, 0.04);
insert into SHOT values (957, 955, 963, 297, 1.300, 115.45, -41.50, 1.300, 115.45, -41.50, 0.000, 43.61, 0.07);
insert into SHOT values (958, 955, 964, 297, 18.220, 167.35, 1.60, 18.211, 167.28, 1.01, 0.188, 64.94, -83.12);
insert into SHOT values (959, 964, 965, 297, 11.540, 218.95, 13.20, 11.540, 218.95, 13.20, 0.000, 161.21, 0.05);
insert into SHOT values (960, 964, 966, 297, 1.470, 155.35, 30.40, 1.470, 155.35, 30.40, 0.000, 7.45, -0.01);
insert into SHOT values (961, 964, 967, 297, 2.940, 55.75, 21.00, 2.940, 55.75, 21.00, 0.000, 183.01, 0.02);
insert into SHOT values (962, 964, 968, 297, 7.180, 12.45, 9.10, 7.180, 12.45, 9.10, 0.000, 159.54, -0.04);
insert into SHOT values (963, 964, 969, 297, 11.810, 333.95, 7.30, 11.810, 333.95, 7.30, 0.000, 32.40, -0.07);
insert into SHOT values (964, 964, 970, 297, 13.160, 264.85, 4.70, 13.160, 264.85, 4.70, 0.000, 348.61, 0.02);
insert into SHOT values (965, 964, 971, 297, 3.930, 262.45, 46.00, 3.930, 262.45, 46.00, 0.000, 27.06, -0.05);
insert into SHOT values (966, 964, 972, 297, 2.930, 274.75, -28.40, 2.930, 274.75, -28.40, 0.000, 191.70, 0.01);
insert into SHOT values (967, 964, 973, 297, 19.520, 249.95, -2.50, 19.506, 250.10, -3.13, 0.221, 5.30, -74.90);
insert into SHOT values (968, 973, 974, 297, 12.010, 195.55, 9.20, 12.010, 195.55, 9.20, 0.000, 178.43, -0.01);
insert into SHOT values (969, 973, 975, 297, 15.540, 175.85, 14.10, 15.540, 175.85, 14.10, 0.000, 352.16, -0.02);
insert into SHOT values (970, 973, 976, 297, 19.580, 70.05, 4.20, 19.580, 70.05, 4.20, 0.000, 1.19, -0.01);
insert into SHOT values (971, 973, 977, 297, 4.780, 47.25, 5.20, 4.780, 47.25, 5.20, 0.000, 155.52, -0.04);
insert into SHOT values (972, 973, 978, 297, 3.830, 15.45, 19.30, 3.830, 15.45, 19.30, 0.000, 192.41, -0.01);
insert into SHOT values (973, 973, 979, 297, 12.530, 344.35, 13.70, 12.530, 344.35, 13.70, 0.000, 178.43, 0.00);
insert into SHOT values (974, 973, 980, 297, 11.470, 324.85, 16.70, 11.470, 324.85, 16.70, 0.000, 350.31, -0.03);
insert into SHOT values (975, 973, 981, 297, 10.510, 283.75, 1.80, 10.510, 283.75, 1.80, 0.000, 182.45, 0.00);
insert into SHOT values (976, 973, 982, 297, 11.650, 261.85, 4.20, 11.650, 261.85, 4.20, 0.000, 172.90, 0.01);
insert into SHOT values (977, 973, 983, 297, 5.290, 260.15, 70.70, 5.290, 260.15, 70.70, 0.000, 6.73, -0.01);
insert into SHOT values (978, 973, 984, 297, 1.300, 271.15, -40.50, 1.300, 271.15, -40.50, 0.000, 0.42, -0.01);
insert into SHOT values (979, 973, 985, 297, 12.550, 207.05, 7.20, 12.525, 207.04, 6.80, 0.092, 37.04, -80.80);
insert into SHOT values (980, 985, 986, 297, 1.440, 118.65, 8.30, 1.440, 118.65, 8.30, 0.000, 352.62, -0.02);
insert into SHOT values (981, 985, 987, 297, 9.330, 54.75, 4.60, 9.330, 54.75, 4.60, 0.000, 269.22, 0.17);
insert into SHOT values (982, 985, 988, 297, 6.790, 177.35, 0.40, 6.790, 177.35, 0.40, 0.000, 154.12, -0.03);
insert into SHOT values (983, 985, 989, 297, 19.870, 201.35, -2.50, 19.870, 201.35, -2.50, 0.000, 177.48, -0.02);
insert into SHOT values (984, 985, 990, 297, 10.520, 238.75, 5.30, 10.520, 238.75, 5.30, 0.000, 180.19, -0.03);
insert into SHOT values (985, 985, 991, 297, 11.270, 259.85, -0.90, 11.270, 259.85, -0.90, 0.000, 186.01, 0.01);
insert into SHOT values (986, 985, 992, 297, 11.610, 332.45, -5.50, 11.610, 332.45, -5.50, 0.000, 347.45, -0.00);
insert into SHOT values (987, 985, 993, 297, 5.770, 15.75, 67.50, 5.770, 15.75, 67.50, 0.000, 349.43, 0.01);
insert into SHOT values (988, 985, 994, 297, 1.250, 322.65, -33.50, 1.250, 322.65, -33.50, 0.000, 186.26, 0.02);
insert into SHOT values (989, 985, 995, 297, 15.550, 189.85, -2.70, 15.546, 189.80, -3.21, 0.138, 61.66, -82.79);
insert into SHOT values (990, 995, 996, 297, 3.950, 58.65, 5.30, 3.950, 58.65, 5.30, 0.000, 185.18, -0.00);
insert into SHOT values (991, 995, 997, 297, 8.070, 21.25, 5.60, 8.070, 21.25, 5.60, 0.000, 198.32, -0.02);
insert into SHOT values (992, 995, 998, 297, 10.600, 329.85, 0.60, 10.600, 329.85, 0.60, 0.000, 2.40, 0.01);
insert into SHOT values (993, 995, 999, 297, 7.320, 287.25, -0.20, 7.320, 287.25, -0.20, 0.000, 190.15, -0.01);
insert into SHOT values (994, 995, 1000, 297, 5.910, 230.75, -7.60, 5.910, 230.75, -7.60, 0.000, 173.82, 0.00);
insert into SHOT values (995, 995, 1001, 297, 4.770, 279.85, 34.90, 4.770, 279.85, 34.90, 0.000, 352.70, -0.02);
insert into SHOT values (996, 995, 1002, 297, 2.590, 313.85, -20.90, 2.590, 313.85, -20.90, 0.000, 3.74, -0.00);
insert into SHOT values (997, 995, 1003, 297, 27.660, 199.25, -5.50, 27.669, 199.18, -6.37, 0.422, 63.46, -83.43);
insert into SHOT values (998, 1003, 1004, 297, 10.700, 232.55, 6.70, 10.700, 232.55, 6.70, 0.000, 191.28, 0.01);
insert into SHOT values (999, 1003, 1005, 297, 18.890, 193.75, 1.40, 18.890, 193.75, 1.40, 0.000, 188.68, 0.01);
insert into SHOT values (1000, 1003, 1006, 297, 24.850, 185.35, 1.90, 24.850, 185.35, 1.90, 0.000, 90.27, -0.15);
insert into SHOT values (1001, 1003, 1007, 297, 16.970, 132.05, 9.50, 16.970, 132.05, 9.50, 0.000, 179.85, 0.00);
insert into SHOT values (1002, 1003, 1008, 297, 9.310, 77.45, 10.10, 9.310, 77.45, 10.10, 0.000, 181.09, -0.01);
insert into SHOT values (1003, 1003, 1009, 297, 8.320, 272.65, 5.70, 8.320, 272.65, 5.70, 0.000, 196.09, 0.02);
insert into SHOT values (1004, 1003, 1010, 297, 23.420, 28.55, 6.90, 23.420, 28.55, 6.90, 0.000, 16.73, -0.06);
insert into SHOT values (1005, 1003, 1011, 297, 20.030, 0.75, 4.40, 20.030, 0.75, 4.40, 0.000, 205.78, -0.01);
insert into SHOT values (1006, 1003, 1012, 297, 7.040, 124.45, 64.50, 7.040, 124.45, 64.50, 0.000, 5.90, 0.01);
insert into SHOT values (1007, 1003, 1013, 297, 1.310, 109.25, -33.80, 1.310, 109.25, -33.80, 0.000, 348.15, 0.01);
insert into SHOT values (1008, 1003, 1014, 297, 15.790, 177.25, 1.60, 15.780, 177.19, 1.09, 0.143, 65.75, -82.88);
insert into SHOT values (1009, 1014, 1015, 297, 23.200, 129.05, 10.90, 23.200, 129.05, 10.90, 0.000, 3.54, -0.02);
insert into SHOT values (1010, 1014, 1016, 297, 7.440, 77.45, 18.50, 7.440, 77.45, 18.50, 0.000, 355.01, 0.00);
insert into SHOT values (1011, 1014, 1017, 297, 12.970, 60.55, 15.60, 12.970, 60.55, 15.60, 0.000, 353.14, -0.01);
insert into SHOT values (1012, 1014, 1018, 297, 17.790, 39.95, 6.00, 17.790, 39.95, 6.00, 0.000, 7.55, -0.02);
insert into SHOT values (1013, 1014, 1019, 297, 20.070, 25.75, 3.40, 20.070, 25.75, 3.40, 0.000, 187.07, -0.03);
insert into SHOT values (1014, 1014, 1020, 297, 24.320, 346.75, 1.90, 24.320, 346.75, 1.90, 0.000, 202.84, 0.05);
insert into SHOT values (1015, 1014, 1021, 297, 13.330, 312.15, 2.30, 13.330, 312.15, 2.30, 0.000, 185.67, 0.01);
insert into SHOT values (1016, 1014, 1022, 297, 4.840, 216.85, -1.00, 4.840, 216.85, -1.00, 0.000, 179.64, 0.01);
insert into SHOT values (1017, 1014, 1023, 297, 9.070, 206.25, -3.10, 9.070, 206.25, -3.10, 0.000, 349.68, 0.01);
insert into SHOT values (1018, 1014, 1024, 297, 13.140, 183.65, -2.20, 13.140, 183.65, -2.20, 0.000, 84.23, 0.00);
insert into SHOT values (1019, 1014, 1025, 297, 3.520, 187.85, 63.00, 3.520, 187.85, 63.00, 0.000, 358.51, -0.00);
insert into SHOT values (1020, 1014, 1026, 297, 1.630, 196.25, -40.90, 1.630, 196.25, -40.90, 0.000, 0.50, 0.00);
insert into SHOT values (1021, 1014, 1027, 297, 17.420, 171.95, 2.00, 17.410, 171.88, 1.44, 0.172, 67.14, -83.06);
insert into SHOT values (1022, 1027, 1028, 297, 19.790, 78.55, 0.80, 19.790, 78.55, 0.80, 0.000, 6.79, 0.08);
insert into SHOT values (1023, 1027, 1029, 297, 23.030, 52.75, 5.60, 23.030, 52.75, 5.60, 0.000, 332.28, -0.02);
insert into SHOT values (1024, 1027, 1030, 297, 18.480, 15.45, 6.60, 18.480, 15.45, 6.60, 0.000, 358.86, 0.02);
insert into SHOT values (1025, 1027, 1031, 297, 15.620, 336.15, -0.60, 15.620, 336.15, -0.60, 0.000, 193.32, -0.03);
insert into SHOT values (1026, 1027, 1032, 297, 2.930, 322.25, -6.10, 2.930, 322.25, -6.10, 0.000, 199.73, -0.02);
insert into SHOT values (1027, 1027, 1033, 297, 3.640, 162.45, -10.40, 3.640, 162.45, -10.40, 0.000, 19.32, -0.02);
insert into SHOT values (1028, 1027, 1034, 297, 16.010, 76.05, 20.20, 16.010, 76.05, 20.20, 0.000, 6.46, -0.00);
insert into SHOT values (1029, 1027, 1035, 297, 6.850, 82.45, -16.20, 6.850, 82.45, -16.20, 0.000, 177.52, -0.01);
insert into SHOT values (1030, 1027, 1036, 297, 19.140, 134.35, 0.10, 19.126, 134.25, -0.52, 0.209, 20.16, -79.72);
insert into SHOT values (1031, 1036, 1037, 297, 10.840, 174.15, 0.40, 10.840, 174.15, 0.40, 0.000, 18.12, -0.03);
insert into SHOT values (1032, 1036, 1038, 297, 7.090, 217.05, 5.00, 7.090, 217.05, 5.00, 0.000, 198.89, 0.03);
insert into SHOT values (1033, 1036, 1039, 297, 5.450, 291.15, -1.40, 5.450, 291.15, -1.40, 0.000, 348.41, 0.01);
insert into SHOT values (1034, 1036, 1040, 297, 14.780, 16.25, 10.80, 14.780, 16.25, 10.80, 0.000, 175.68, 0.03);
insert into SHOT values (1035, 1036, 1041, 297, 13.570, 110.65, 9.10, 13.570, 110.65, 9.10, 0.000, 162.86, -0.02);
insert into SHOT values (1036, 1036, 1042, 297, 18.430, 131.25, 3.00, 18.430, 131.25, 3.00, 0.000, 357.98, 0.01);
insert into SHOT values (1037, 1036, 1043, 297, 28.690, 150.85, 0.60, 28.690, 150.85, 0.60, 0.000, 185.93, 0.00);
insert into SHOT values (1038, 1036, 1044, 297, 25.080, 162.75, -2.10, 25.091, 162.66, -2.89, 0.350, 66.48, -83.48);
insert into SHOT values (1039, 1044, 1045, 297, 6.170, 315.75, 3.00, 6.170, 315.75, 3.00, 0.000, 182.27, -0.00);
insert into SHOT values (1040, 1044, 1046, 297, 4.750, 235.75, 10.00, 4.750, 235.75, 10.00, 0.000, 176.34, -0.01);
insert into SHOT values (1041, 1044, 1047, 297, 5.000, 233.15, 8.50, 5.000, 233.15, 8.50, 0.000, 1.35, -0.02);
insert into SHOT values (1042, 1044, 1048, 297, 6.740, 186.65, 5.40, 6.740, 186.65, 5.40, 0.000, 181.87, 0.00);
insert into SHOT values (1043, 1044, 1049, 297, 14.900, 157.35, 3.40, 14.900, 157.35, 3.40, 0.000, 170.04, -0.01);
insert into SHOT values (1044, 1044, 1050, 297, 7.500, 110.15, 9.50, 7.500, 110.15, 9.50, 0.000, 5.12, -0.02);
insert into SHOT values (1045, 1044, 1051, 297, 7.970, 75.75, 16.70, 7.970, 75.75, 16.70, 0.000, 182.16, 0.04);
insert into SHOT values (1046, 1044, 1052, 297, 11.370, 36.45, 17.10, 11.370, 36.45, 17.10, 0.000, 36.56, 0.05);
insert into SHOT values (1047, 1044, 1053, 297, 4.920, 87.85, 40.00, 4.920, 87.85, 40.00, 0.000, 350.06, 0.04);
insert into SHOT values (1048, 1044, 1054, 297, 2.150, 88.25, -20.60, 2.150, 88.25, -20.60, 0.000, 355.57, -0.01);
insert into SHOT values (1049, 1044, 1055, 297, 18.910, 139.25, 0.10, 18.898, 139.16, -0.51, 0.203, 25.69, -80.67);
insert into SHOT values (1050, 1055, 1056, 297, 11.860, 57.25, 8.10, 11.860, 57.25, 8.10, 0.000, 187.07, 0.00);
insert into SHOT values (1051, 1055, 1057, 297, 8.350, 8.75, 25.70, 8.350, 8.75, 25.70, 0.000, 354.50, -0.01);
insert into SHOT values (1052, 1055, 1058, 297, 12.960, 341.95, 17.80, 12.960, 341.95, 17.80, 0.000, 323.97, -0.03);
insert into SHOT values (1053, 1055, 1059, 297, 14.560, 286.05, 9.50, 14.560, 286.05, 9.50, 0.000, 296.78, 0.08);
insert into SHOT values (1054, 1055, 1060, 297, 6.980, 267.45, 17.30, 6.980, 267.45, 17.30, 0.000, 3.64, -0.00);
insert into SHOT values (1055, 1055, 1061, 297, 5.800, 204.25, 25.50, 5.800, 204.25, 25.50, 0.000, 4.96, 0.01);
insert into SHOT values (1056, 1055, 1062, 297, 12.310, 161.25, 16.00, 12.310, 161.25, 16.00, 0.000, 209.89, -0.09);
insert into SHOT values (1057, 1055, 1063, 297, 4.870, 251.05, 71.90, 4.870, 251.05, 71.90, 0.000, 217.31, -0.07);
insert into SHOT values (1058, 1055, 1064, 297, 1.100, 310.95, -32.30, 1.100, 310.95, -32.30, 0.000, 194.44, 0.05);
insert into SHOT values (1059, 1055, 1065, 297, 21.070, 121.05, 11.20, 21.005, 120.90, 10.57, 0.246, 10.48, -76.52);
insert into SHOT values (1060, 1065, 1066, 297, 11.150, 69.15, 38.10, 11.150, 69.15, 38.10, 0.000, 177.85, 0.01);
insert into SHOT values (1061, 1065, 1067, 297, 9.310, 0.25, 20.40, 9.310, 0.25, 20.40, 0.000, 2.69, 0.02);
insert into SHOT values (1062, 1065, 1068, 297, 21.170, 291.55, 11.30, 21.170, 291.55, 11.30, 0.000, 235.73, 0.82);
insert into SHOT values (1063, 1065, 1069, 297, 13.400, 244.25, 35.20, 13.400, 244.25, 35.20, 0.000, 356.98, 0.02);
insert into SHOT values (1064, 1065, 1070, 297, 18.240, 203.95, 5.40, 18.240, 203.95, 5.40, 0.000, 171.07, 0.02);
insert into SHOT values (1065, 1065, 1071, 297, 10.470, 186.15, 25.80, 10.470, 186.15, 25.80, 0.000, 175.47, 0.00);
insert into SHOT values (1066, 1065, 1072, 297, 2.050, 223.55, -36.20, 2.050, 223.55, -36.20, 0.000, 179.06, -0.01);
insert into SHOT values (1067, 1065, 1073, 297, 14.840, 184.35, -2.80, 14.838, 184.29, -3.29, 0.127, 62.50, -82.70);
insert into SHOT values (1068, 1073, 1074, 297, 11.400, 136.85, -6.70, 11.400, 136.85, -6.70, 0.000, 1.99, -0.01);
insert into SHOT values (1069, 1073, 1075, 297, 8.730, 69.65, -1.10, 8.730, 69.65, -1.10, 0.000, 197.18, -0.03);
insert into SHOT values (1070, 1073, 1076, 297, 14.190, 189.65, -14.20, 14.190, 189.65, -14.20, 0.000, 345.68, 0.03);
insert into SHOT values (1071, 1073, 1077, 297, 11.900, 249.35, -7.50, 11.900, 249.35, -7.50, 0.000, 4.20, -0.00);
insert into SHOT values (1072, 1073, 1078, 297, 17.190, 299.35, -0.40, 17.190, 299.35, -0.40, 0.000, 355.00, -0.02);
insert into SHOT values (1073, 1073, 1079, 297, 20.730, 319.75, -0.00, 20.730, 319.75, 0.00, 0.000, 4.23, 0.00);
insert into SHOT values (1074, 1073, 1080, 297, 14.110, 218.65, 59.00, 14.110, 218.65, 59.00, 0.000, 353.66, 0.00);
insert into SHOT values (1075, 1073, 1081, 297, 16.800, 221.55, -35.00, 16.800, 221.55, -35.00, 0.000, 354.58, 0.02);
insert into SHOT values (1076, 1073, 1082, 297, 4.440, 244.15, -52.20, 4.440, 244.15, -52.20, 0.000, 185.55, 0.00);
insert into SHOT values (1077, 1073, 1083, 297, 17.190, 215.75, -31.00, 17.230, 215.77, -31.42, 0.133, 25.29, -76.01);
insert into SHOT values (1078, 1083, 1084, 297, 4.370, 132.15, 1.50, 4.370, 132.15, 1.50, 0.000, 351.12, -0.01);
insert into SHOT values (1079, 1083, 1085, 297, 15.310, 84.65, 25.90, 15.310, 84.65, 25.90, 0.000, 172.89, -0.01);
insert into SHOT values (1080, 1083, 1086, 297, 9.180, 0.75, 24.30, 9.180, 0.75, 24.30, 0.000, 193.87, 0.01);
insert into SHOT values (1081, 1083, 1087, 297, 9.570, 317.75, 8.40, 9.570, 317.75, 8.40, 0.000, 11.87, -0.01);
insert into SHOT values (1082, 1083, 1088, 297, 12.790, 281.45, 7.10, 12.790, 281.45, 7.10, 0.000, 22.59, -0.03);
insert into SHOT values (1083, 1083, 1089, 297, 0.360, 253.85, -2.10, 0.360, 253.85, -2.10, 0.000, 359.77, 0.00);
insert into SHOT values (1084, 1083, 1090, 297, 10.190, 229.05, 6.00, 10.190, 229.05, 6.00, 0.000, 353.10, 0.02);
insert into SHOT values (1085, 1083, 1091, 297, 6.100, 265.85, 40.10, 6.100, 265.85, 40.10, 0.000, 353.94, 0.00);
insert into SHOT values (1086, 1083, 1092, 297, 4.810, 278.55, -18.90, 4.810, 278.55, -18.90, 0.000, 7.61, -0.01);
insert into SHOT values (1087, 1083, 1093, 297, 28.400, 163.05, 1.70, 28.387, 162.95, 0.80, 0.447, 68.89, -83.58);
insert into SHOT values (1088, 1093, 1094, 297, 8.440, 130.45, 10.00, 8.440, 130.45, 10.00, 0.000, 2.96, 0.02);
insert into SHOT values (1089, 1093, 1095, 297, 5.000, 72.35, 17.70, 5.000, 72.35, 17.70, 0.000, 180.73, -0.01);
insert into SHOT values (1090, 1093, 1096, 297, 6.670, 23.95, 6.70, 6.670, 23.95, 6.70, 0.000, 4.92, 0.02);
insert into SHOT values (1091, 1093, 1097, 297, 11.930, 6.35, 5.60, 11.930, 6.35, 5.60, 0.000, 177.73, -0.01);
insert into SHOT values (1092, 1093, 1098, 297, 10.460, 325.45, 1.20, 10.460, 325.45, 1.20, 0.000, 174.80, -0.01);
insert into SHOT values (1093, 1093, 1099, 297, 3.720, 279.65, 5.00, 3.720, 279.65, 5.00, 0.000, 176.55, -0.01);
insert into SHOT values (1094, 1093, 1100, 297, 6.890, 201.55, -0.80, 6.890, 201.55, -0.80, 0.000, 10.48, -0.02);
insert into SHOT values (1095, 1093, 1101, 297, 10.530, 181.15, 0.60, 10.530, 181.15, 0.60, 0.000, 2.34, -0.00);
insert into SHOT values (1096, 1093, 1102, 297, 2.470, 192.15, 29.20, 2.470, 192.15, 29.20, 0.000, 22.27, -0.05);
insert into SHOT values (1097, 1093, 1103, 297, 3.370, 203.45, -20.90, 3.370, 203.45, -20.90, 0.000, 219.95, -0.00);
insert into SHOT values (1098, 1093, 1104, 297, 19.810, 171.85, -2.40, 19.816, 171.77, -3.03, 0.221, 70.98, -83.24);
insert into SHOT values (1099, 1104, 1105, 297, 4.560, 161.45, 15.30, 4.560, 161.45, 15.30, 0.000, 176.97, -0.01);
insert into SHOT values (1100, 1104, 1106, 297, 6.950, 121.25, 12.50, 6.950, 121.25, 12.50, 0.000, 162.44, 0.01);
insert into SHOT values (1101, 1104, 1107, 297, 11.590, 75.45, 25.80, 11.590, 75.45, 25.80, 0.000, 353.14, -0.01);
insert into SHOT values (1102, 1104, 1108, 297, 8.390, 41.35, 15.70, 8.390, 41.35, 15.70, 0.000, 178.97, 0.01);
insert into SHOT values (1103, 1104, 1109, 297, 12.510, 15.65, 10.50, 12.510, 15.65, 10.50, 0.000, 189.68, -0.03);
insert into SHOT values (1104, 1104, 1110, 297, 7.500, 338.15, 8.20, 7.500, 338.15, 8.20, 0.000, 356.38, -0.01);
insert into SHOT values (1105, 1104, 1111, 297, 1.940, 66.35, 69.60, 1.940, 66.35, 69.60, 0.000, 300.13, -0.02);
insert into SHOT values (1106, 1104, 1112, 297, 2.430, 105.55, -5.30, 2.430, 105.55, -5.30, 0.000, 349.94, 0.01);
insert into SHOT values (1107, 1104, 669, 297, 32.940, 106.45, 22.10, 32.726, 106.16, 21.28, 0.539, 7.02, -73.03);
insert into SURVEY values (300, 291, 'Philippe-01-tot', 'Philippe-01-tot.Cupp-Coutun.Koytendag', 'Philippe-01-tot');
 insert into CENTRELINE values (301, 300, NULL, NULL, NULL, 0.00, 0.00, 0.00);
 insert into SURVEY values (302, 300, 'Cup_Coutun_01', 'Cup_Coutun_01.Philippe-01-tot.Cupp-Coutun.Koytendag', 'Cupp Coutunn ; entree naturelle');
 insert into CENTRELINE values (303, 302, NULL, NULL, NULL, 0.00, 0.00, 0.00);
 insert into CENTRELINE values (304, 302, NULL, '2024-04-18', NULL, 395.68, 0.00, 0.00);
 insert into TOPO values (4, 304);
 insert into PERSON values (8, 'Lionnel', 'Barriquand');
insert into TOPO values (8, 304);
 insert into SHOT values (1108, 1113, 1114, 304, 20.530, 161.55, -1.40, 20.758, 158.86, 0.85, 1.281, 83.71, 39.10);
insert into SHOT values (1109, 1114, 1115, 304, 21.340, 190.05, -9.60, 20.954, 187.04, -7.43, 1.413, 85.09, 36.97);
insert into SHOT values (1110, 1114, 1116, 304, 21.340, 189.35, -9.90, 21.340, 189.35, -9.90, 0.000, 174.05, -0.04);
insert into SHOT values (1111, 1115, 1117, 304, 13.730, 218.85, -9.10, 13.352, 218.05, -7.77, 0.525, 67.97, 44.11);
insert into SHOT values (1112, 1117, 1118, 304, 35.800, 164.15, -12.30, 36.034, 159.44, -8.48, 3.765, 84.64, 37.85);
insert into SHOT values (1113, 1118, 1119, 304, 12.360, 188.75, 5.00, 12.274, 186.92, 6.46, 0.509, 81.12, 36.74);
insert into SHOT values (1114, 1119, 1120, 304, 16.660, 178.65, 0.40, 16.648, 176.15, 2.26, 0.905, 85.45, 36.59);
insert into SHOT values (1115, 1119, 1121, 304, 16.660, 178.55, 0.40, 16.660, 178.55, 0.40, 0.000, 140.22, -0.05);
insert into SHOT values (1116, 1120, 1122, 304, 23.550, 197.65, -8.60, 22.926, 194.66, -6.23, 1.660, 83.78, 38.59);
insert into SHOT values (1117, 1122, 1123, 304, 16.400, 190.15, -14.30, 16.092, 187.81, -12.76, 0.836, 81.95, 36.41);
insert into SHOT values (1118, 1123, 1124, 304, 28.690, 198.85, -0.00, 28.021, 195.30, 3.19, 2.453, 84.98, 39.45);
insert into SHOT values (1119, 1124, 1125, 304, 22.060, 194.45, 7.90, 21.840, 191.50, 10.41, 1.489, 84.62, 37.88);
insert into SHOT values (1120, 1125, 1126, 304, 37.720, 179.75, 3.20, 38.083, 174.29, 7.21, 4.479, 88.95, 36.62);
insert into SHOT values (1121, 1126, 1127, 304, 8.750, 170.75, 3.10, 8.740, 169.28, 4.18, 0.278, 74.71, 36.02);
insert into SHOT values (1122, 1127, 1128, 304, 37.660, 170.55, 20.90, 38.820, 165.19, 23.98, 4.060, 82.83, 35.22);
insert into SHOT values (1123, 1128, 1129, 304, 24.910, 191.05, 12.30, 24.811, 187.58, 15.04, 1.884, 84.86, 36.87);
insert into SHOT values (1124, 1129, 1130, 304, 36.290, 189.55, 15.70, 36.362, 184.45, 19.48, 3.903, 85.00, 36.21);
insert into SHOT values (1125, 1129, 1131, 304, 36.260, 189.65, 15.70, 36.260, 189.65, 15.70, 0.000, 161.43, -0.04);
insert into SHOT values (1126, 1130, 1132, 304, 16.150, 180.65, 19.30, 16.216, 178.21, 20.95, 0.801, 80.80, 35.16);
insert into SHOT values (1127, 1132, 1133, 304, 17.580, 193.85, 18.60, 17.495, 191.47, 20.59, 0.922, 80.15, 36.27);
insert into SHOT values (1128, 1133, 1134, 304, 5.500, 134.55, 35.00, 5.575, 133.17, 35.45, 0.139, 62.49, 34.43);
insert into SURVEY values (308, 50, 'Geophysicalskaya', 'Geophysicalskaya.Koytendag', 'Geophysicalskaya');
 insert into CENTRELINE values (309, 308, NULL, NULL, NULL, 0.00, 0.00, 0.00);
 insert into SURVEY values (310, 308, 'Entree', 'Entree.Geophysicalskaya.Koytendag', 'Entree');
 insert into CENTRELINE values (311, 310, NULL, NULL, NULL, 0.00, 0.00, 0.00);
 insert into SURVEY values (312, 310, 'Geophysicaya_01_entree', 'Geophysicaya_01_entree.Entree.Geophysicalskaya.Koytendag', 'Geophysicalskaya 01 entree');
 insert into CENTRELINE values (313, 312, NULL, NULL, NULL, 0.00, 0.00, 0.00);
 insert into CENTRELINE values (314, 312, NULL, '2024-04-12', NULL, 860.04, 0.00, 0.00);
 insert into TOPO values (5, 314);
 insert into PERSON values (9, 'Jean-Philippe', 'Grandcolas');
insert into TOPO values (9, 314);
 insert into TOPO values (7, 314);
 insert into SHOT values (1129, 1135, 1136, 314, 0.770, 177.65, -42.10, 0.770, 177.65, -42.10, 0.000, 179.98, 0.00);
insert into SHOT values (1130, 1135, 1137, 314, 0.590, 351.45, -42.10, 0.590, 351.45, -42.10, 0.000, 353.93, 0.01);
insert into SHOT values (1131, 1135, 1138, 314, 1.070, 286.05, -83.50, 1.070, 286.05, -83.50, 0.000, 3.52, -0.03);
insert into SHOT values (1132, 1135, 1139, 314, 0.170, 83.65, 54.40, 0.170, 83.65, 54.40, 0.000, 358.20, 0.03);
insert into SHOT values (1133, 1135, 1140, 314, 1.160, 161.25, -59.60, 1.160, 161.25, -59.60, 0.000, 177.28, -0.01);
insert into SHOT values (1134, 1140, 1141, 314, 0.870, 6.95, 3.50, 0.870, 6.95, 3.50, 0.000, 180.47, -0.00);
insert into SHOT values (1135, 1140, 1142, 314, 1.070, 29.65, 2.80, 1.070, 29.65, 2.80, 0.000, 7.98, -0.01);
insert into SHOT values (1136, 1140, 1143, 314, 0.310, 25.55, -43.10, 0.310, 25.55, -43.10, 0.000, 3.88, -0.02);
insert into SHOT values (1137, 1140, 1144, 314, 1.250, 57.25, -14.60, 1.250, 57.25, -14.60, 0.000, 188.94, 0.03);
insert into SHOT values (1138, 1140, 1145, 314, 0.680, 116.85, 0.10, 0.680, 116.85, 0.10, 0.000, 167.79, -0.02);
insert into SHOT values (1139, 1140, 1146, 314, 1.600, 84.95, -1.70, 1.600, 84.95, -1.70, 0.000, 182.24, 0.02);
insert into SHOT values (1140, 1140, 1147, 314, 1.280, 36.35, 0.90, 1.280, 36.35, 0.90, 0.000, 180.83, -0.01);
insert into SHOT values (1141, 1140, 1148, 314, 2.940, 75.65, 5.40, 2.940, 75.65, 5.40, 0.000, 186.33, -0.02);
insert into SHOT values (1142, 1148, 1149, 314, 1.150, 257.45, -12.00, 1.150, 257.45, -12.00, 0.000, 179.10, 0.03);
insert into SHOT values (1143, 1148, 1150, 314, 0.940, 238.25, -35.40, 0.940, 238.25, -35.40, 0.000, 64.21, -0.12);
insert into SHOT values (1144, 1148, 1151, 314, 0.660, 221.25, -45.50, 0.660, 221.25, -45.50, 0.000, 358.79, -0.03);
insert into SHOT values (1145, 1148, 1152, 314, 1.120, 270.15, 3.90, 1.120, 270.15, 3.90, 0.000, 193.37, 0.00);
insert into SHOT values (1146, 1148, 1153, 314, 0.620, 281.85, 24.20, 0.620, 281.85, 24.20, 0.000, 355.59, -0.00);
insert into SHOT values (1147, 1148, 1154, 314, 0.540, 242.95, 50.10, 0.540, 242.95, 50.10, 0.000, 30.88, -0.05);
insert into SHOT values (1148, 1148, 1155, 314, 1.700, 319.05, -1.90, 1.700, 319.05, -1.90, 0.000, 11.27, -0.01);
insert into SHOT values (1149, 1148, 1156, 314, 1.240, 338.35, 0.80, 1.240, 338.35, 0.80, 0.000, 186.92, -0.02);
insert into SHOT values (1150, 1148, 1157, 314, 0.510, 230.25, 60.70, 0.510, 230.25, 60.70, 0.000, 349.39, -0.02);
insert into SHOT values (1151, 1148, 1158, 314, 0.840, 266.75, -49.50, 0.840, 266.75, -49.50, 0.000, 180.31, 0.01);
insert into SHOT values (1152, 1148, 1159, 314, 1.550, 176.95, -80.30, 1.550, 176.95, -80.30, 0.000, 180.43, -0.00);
insert into SHOT values (1153, 1148, 1160, 314, 1.500, 184.75, -57.30, 1.500, 184.75, -57.30, 0.000, 0.98, -0.00);
insert into SHOT values (1154, 1160, 1161, 314, 2.590, 67.85, 15.40, 2.590, 67.85, 15.40, 0.000, 185.02, 0.02);
insert into SHOT values (1155, 1160, 1162, 314, 2.720, 91.15, 4.20, 2.720, 91.15, 4.20, 0.000, 334.53, 0.11);
insert into SHOT values (1156, 1160, 1163, 314, 1.290, 129.95, -6.90, 1.290, 129.95, -6.90, 0.000, 358.33, -0.01);
insert into SHOT values (1157, 1160, 1164, 314, 0.990, 153.25, -9.40, 0.990, 153.25, -9.40, 0.000, 166.65, -0.02);
insert into SHOT values (1158, 1160, 1165, 314, 1.760, 184.85, -6.30, 1.760, 184.85, -6.30, 0.000, 178.78, 0.01);
insert into SHOT values (1159, 1160, 1166, 314, 1.800, 213.65, -0.50, 1.800, 213.65, -0.50, 0.000, 178.94, -0.01);
insert into SHOT values (1160, 1160, 1167, 314, 0.970, 243.05, 1.00, 0.970, 243.05, 1.00, 0.000, 190.01, -0.02);
insert into SHOT values (1161, 1160, 1168, 314, 0.900, 279.95, 16.60, 0.900, 279.95, 16.60, 0.000, 341.57, -0.02);
insert into SHOT values (1162, 1160, 1169, 314, 0.560, 345.15, 68.30, 0.560, 345.15, 68.30, 0.000, 226.34, -0.02);
insert into SHOT values (1163, 1160, 1170, 314, 0.800, 205.05, 73.40, 0.800, 205.05, 73.40, 0.000, 11.31, 0.05);
insert into SHOT values (1164, 1160, 1171, 314, 0.700, 178.65, 25.60, 0.700, 178.65, 25.60, 0.000, 182.87, 0.01);
insert into SHOT values (1165, 1160, 1172, 314, 0.750, 164.75, -44.10, 0.750, 164.75, -44.10, 0.000, 5.17, 0.01);
insert into SHOT values (1166, 1160, 1173, 314, 1.760, 195.65, -14.90, 1.760, 195.65, -14.90, 0.000, 195.92, 0.01);
insert into SHOT values (1167, 1173, 1174, 314, 1.050, 50.25, -4.30, 1.050, 50.25, -4.30, 0.000, 357.16, -0.01);
insert into SHOT values (1168, 1173, 1175, 314, 0.970, 82.65, -5.00, 0.970, 82.65, -5.00, 0.000, 173.24, 0.01);
insert into SHOT values (1169, 1173, 1176, 314, 0.730, 48.55, 42.70, 0.730, 48.55, 42.70, 0.000, 243.44, 0.17);
insert into SHOT values (1170, 1173, 1177, 314, 1.000, 71.85, -61.50, 1.000, 71.85, -61.50, 0.000, 175.03, -0.00);
insert into SHOT values (1171, 1173, 1178, 314, 1.440, 80.25, -48.20, 1.440, 80.25, -48.20, 0.000, 5.42, -0.01);
insert into SHOT values (1172, 1173, 1179, 314, 1.400, 91.25, -40.90, 1.400, 91.25, -40.90, 0.000, 37.25, 0.09);
insert into SHOT values (1173, 1179, 1180, 314, 0.810, 12.65, 0.70, 0.810, 12.65, 0.70, 0.000, 353.95, -0.01);
insert into SHOT values (1174, 1179, 1181, 314, 0.710, 33.15, -2.10, 0.710, 33.15, -2.10, 0.000, 190.71, -0.02);
insert into SHOT values (1175, 1179, 1182, 314, 0.530, 173.35, 23.10, 0.530, 173.35, 23.10, 0.000, 176.28, -0.01);
insert into SHOT values (1176, 1179, 1183, 314, 0.650, 137.85, 31.30, 0.650, 137.85, 31.30, 0.000, 190.74, 0.03);
insert into SHOT values (1177, 1179, 1184, 314, 0.440, 67.75, 64.90, 0.440, 67.75, 64.90, 0.000, 174.12, 0.01);
insert into SHOT values (1178, 1179, 1185, 314, 1.010, 70.45, 5.20, 1.010, 70.45, 5.20, 0.000, 349.69, -0.00);
insert into SHOT values (1179, 1179, 1186, 314, 0.440, 173.75, -6.40, 0.440, 173.75, -6.40, 0.000, 332.47, 0.02);
insert into SHOT values (1180, 1179, 1187, 314, 2.380, 93.65, -41.50, 2.380, 93.65, -41.50, 0.000, 10.22, -0.01);
insert into SHOT values (1181, 1187, 1188, 314, 1.440, 20.75, 35.40, 1.440, 20.75, 35.40, 0.000, 193.68, -0.04);
insert into SHOT values (1182, 1187, 1189, 314, 2.170, 43.35, 29.20, 2.170, 43.35, 29.20, 0.000, 178.96, -0.02);
insert into SHOT values (1183, 1187, 1190, 314, 1.520, 163.85, 9.70, 1.520, 163.85, 9.70, 0.000, 356.44, 0.00);
insert into SHOT values (1184, 1187, 1191, 314, 1.900, 222.75, 16.60, 1.900, 222.75, 16.60, 0.000, 110.67, -0.04);
insert into SHOT values (1185, 1187, 1192, 314, 0.350, 206.55, -51.10, 0.350, 206.55, -51.10, 0.000, 11.54, -0.01);
insert into SHOT values (1186, 1187, 1193, 314, 0.920, 213.35, 56.80, 0.920, 213.35, 56.80, 0.000, 356.57, -0.03);
insert into SHOT values (1187, 1187, 1194, 314, 1.740, 120.55, 30.90, 1.740, 120.55, 30.90, 0.000, 340.55, -0.00);
insert into SHOT values (1188, 1187, 1195, 314, 3.320, 105.75, 3.80, 3.320, 105.75, 3.80, 0.000, 344.28, 0.00);
insert into SHOT values (1189, 1187, 1196, 314, 7.070, 97.45, -15.00, 7.070, 97.45, -15.00, 0.000, 174.97, -0.01);
insert into SHOT values (1190, 1196, 1197, 314, 6.160, 339.85, 28.80, 6.160, 339.85, 28.80, 0.000, 355.09, -0.01);
insert into SHOT values (1191, 1196, 1198, 314, 7.140, 6.95, 22.10, 7.140, 6.95, 22.10, 0.000, 186.01, 0.02);
insert into SHOT values (1192, 1196, 1199, 314, 8.140, 43.05, 7.90, 8.140, 43.05, 7.90, 0.000, 20.83, -0.04);
insert into SHOT values (1193, 1196, 1200, 314, 9.310, 102.85, -2.50, 9.310, 102.85, -2.50, 0.000, 351.69, -0.02);
insert into SHOT values (1194, 1196, 1201, 314, 13.250, 127.15, -3.40, 13.250, 127.15, -3.40, 0.000, 191.40, -0.06);
insert into SHOT values (1195, 1196, 1202, 314, 1.630, 139.55, 62.70, 1.630, 139.55, 62.70, 0.000, 172.58, -0.02);
insert into SHOT values (1196, 1196, 1203, 314, 0.890, 125.75, -58.00, 0.890, 125.75, -58.00, 0.000, 181.94, -0.02);
insert into SHOT values (1197, 1196, 1204, 314, 10.930, 246.25, 4.60, 10.930, 246.25, 4.60, 0.000, 19.74, 0.01);
insert into SHOT values (1198, 1196, 1205, 314, 11.740, 225.45, -1.80, 11.740, 225.45, -1.80, 0.000, 134.91, -0.09);
insert into SHOT values (1199, 1196, 1206, 314, 2.040, 207.35, 42.70, 2.040, 207.35, 42.70, 0.000, 177.45, 0.01);
insert into SHOT values (1200, 1196, 1207, 314, 4.650, 176.95, 18.70, 4.650, 176.95, 18.70, 0.000, 8.02, 0.05);
insert into SHOT values (1201, 1196, 1208, 314, 12.100, 170.85, 1.70, 12.100, 170.85, 1.70, 0.000, 178.69, -0.01);
insert into SHOT values (1202, 1196, 1209, 314, 7.110, 166.05, -24.20, 7.110, 166.05, -24.20, 0.000, 14.93, 0.02);
insert into SHOT values (1203, 1196, 1210, 314, 8.550, 34.95, 8.00, 8.550, 34.95, 8.00, 0.000, 10.62, 0.03);
insert into SHOT values (1204, 1196, 1211, 314, 9.730, 176.65, -20.00, 9.730, 176.65, -20.00, 0.000, 353.20, 0.01);
insert into SHOT values (1205, 1211, 1212, 314, 10.710, 97.55, 8.00, 10.710, 97.55, 8.00, 0.000, 0.15, 0.01);
insert into SHOT values (1206, 1211, 1213, 314, 15.710, 260.85, -5.70, 15.710, 260.85, -5.70, 0.000, 1.17, 0.01);
insert into SHOT values (1207, 1211, 1214, 314, 15.410, 245.75, -11.60, 15.410, 245.75, -11.60, 0.000, 211.33, -0.09);
insert into SHOT values (1208, 1211, 1215, 314, 16.440, 214.75, -19.00, 16.440, 214.75, -19.00, 0.000, 336.66, 0.03);
insert into SHOT values (1209, 1211, 1216, 314, 1.280, 165.05, -40.30, 1.280, 165.05, -40.30, 0.000, 358.86, -0.00);
insert into SHOT values (1210, 1211, 1217, 314, 5.370, 168.15, -26.30, 5.370, 168.15, -26.30, 0.000, 238.73, 0.07);
insert into SHOT values (1211, 1211, 1218, 314, 4.720, 174.65, 4.00, 4.720, 174.65, 4.00, 0.000, 180.96, -0.03);
insert into SHOT values (1212, 1211, 1219, 314, 11.770, 170.55, -4.80, 11.770, 170.55, -4.80, 0.000, 161.61, 0.04);
insert into SHOT values (1213, 1211, 1220, 314, 12.210, 156.45, -17.30, 12.210, 156.45, -17.30, 0.000, 346.40, -0.01);
insert into SHOT values (1214, 1220, 1221, 314, 10.350, 49.95, 19.00, 10.350, 49.95, 19.00, 0.000, 358.92, -0.04);
insert into SHOT values (1215, 1220, 1222, 314, 12.190, 73.55, 12.00, 12.190, 73.55, 12.00, 0.000, 184.49, 0.00);
insert into SHOT values (1216, 1220, 1223, 314, 15.370, 93.55, 8.00, 15.370, 93.55, 8.00, 0.000, 174.54, 0.01);
insert into SHOT values (1217, 1220, 1224, 314, 16.740, 179.75, -15.40, 16.740, 179.75, -15.40, 0.000, 16.61, 0.06);
insert into SHOT values (1218, 1220, 1225, 314, 19.620, 154.75, -12.40, 19.620, 154.75, -12.40, 0.000, 200.15, 0.02);
insert into SHOT values (1219, 1220, 1226, 314, 13.940, 248.95, -9.90, 13.940, 248.95, -9.90, 0.000, 254.80, 0.06);
insert into SHOT values (1220, 1220, 1227, 314, 3.130, 149.05, -33.10, 3.130, 149.05, -33.10, 0.000, 13.89, -0.06);
insert into SHOT values (1221, 1220, 1228, 314, 3.510, 158.25, 71.20, 3.510, 158.25, 71.20, 0.000, 10.57, 0.00);
insert into SHOT values (1222, 1220, 1229, 314, 3.970, 133.55, 42.10, 3.970, 133.55, 42.10, 0.000, 349.31, -0.02);
insert into SHOT values (1223, 1220, 1230, 314, 13.500, 133.75, 13.80, 13.500, 133.75, 13.80, 0.000, 168.45, -0.07);
insert into SHOT values (1224, 1220, 1231, 314, 12.270, 151.95, -10.70, 12.270, 151.95, -10.70, 0.000, 6.15, 0.01);
insert into SHOT values (1225, 1231, 1232, 314, 7.080, 168.05, -17.00, 7.080, 168.05, -17.00, 0.000, 181.57, 0.01);
insert into SHOT values (1226, 1231, 1233, 314, 9.800, 136.25, -7.60, 9.800, 136.25, -7.60, 0.000, 358.04, 0.02);
insert into SHOT values (1227, 1231, 1234, 314, 3.620, 106.65, 40.20, 3.620, 106.65, 40.20, 0.000, 203.01, -0.04);
insert into SHOT values (1228, 1231, 1235, 314, 10.670, 108.35, 20.20, 10.670, 108.35, 20.20, 0.000, 6.67, 0.03);
insert into SHOT values (1229, 1231, 1236, 314, 2.070, 136.45, -41.80, 2.070, 136.45, -41.80, 0.000, 185.26, 0.00);
insert into SHOT values (1230, 1231, 1237, 314, 6.760, 115.45, -20.50, 6.760, 115.45, -20.50, 0.000, 348.46, -0.04);
insert into SHOT values (1231, 1231, 1238, 314, 12.240, 120.05, -8.30, 12.240, 120.05, -8.30, 0.000, 162.53, 0.04);
insert into SHOT values (1232, 1238, 1239, 314, 8.540, 43.45, 5.20, 8.540, 43.45, 5.20, 0.000, 198.37, 0.01);
insert into SHOT values (1233, 1238, 1240, 314, 1.680, 164.15, -1.00, 1.680, 164.15, -1.00, 0.000, 185.86, -0.01);
insert into SHOT values (1234, 1238, 1241, 314, 4.090, 141.05, -19.60, 4.090, 141.05, -19.60, 0.000, 185.67, -0.00);
insert into SHOT values (1235, 1238, 1242, 314, 4.710, 94.25, 30.30, 4.710, 94.25, 30.30, 0.000, 175.60, 0.01);
insert into SHOT values (1236, 1238, 1243, 314, 6.410, 120.55, -33.40, 6.410, 120.55, -33.40, 0.000, 0.42, 0.00);
insert into SHOT values (1237, 1238, 1244, 314, 2.420, 83.15, -31.40, 2.420, 83.15, -31.40, 0.000, 172.14, 0.02);
insert into SHOT values (1238, 1238, 1245, 314, 6.780, 119.75, -18.50, 6.780, 119.75, -18.50, 0.000, 201.67, 0.06);
insert into SHOT values (1239, 1245, 1246, 314, 3.870, 40.45, 9.80, 3.870, 40.45, 9.80, 0.000, 3.08, 0.01);
insert into SHOT values (1240, 1245, 1247, 314, 1.370, 330.15, -82.30, 1.370, 330.15, -82.30, 0.000, 181.98, -0.02);
insert into SHOT values (1241, 1245, 1248, 314, 3.240, 94.25, -60.60, 3.240, 94.25, -60.60, 0.000, 333.70, -0.05);
insert into SHOT values (1242, 1245, 1249, 314, 4.880, 95.25, -28.40, 4.880, 95.25, -28.40, 0.000, 7.66, -0.01);
insert into SHOT values (1243, 1249, 1250, 314, 1.900, 234.75, 13.30, 1.900, 234.75, 13.30, 0.000, 149.68, -0.01);
insert into SHOT values (1244, 1249, 1251, 314, 1.160, 211.75, 9.90, 1.160, 211.75, 9.90, 0.000, 7.14, -0.03);
insert into SHOT values (1245, 1249, 1252, 314, 1.710, 143.65, -8.00, 1.710, 143.65, -8.00, 0.000, 352.26, -0.00);
insert into SHOT values (1246, 1249, 1253, 314, 0.960, 69.85, -6.70, 0.960, 69.85, -6.70, 0.000, 3.26, 0.01);
insert into SHOT values (1247, 1249, 1254, 314, 1.000, 180.05, 71.30, 1.000, 180.05, 71.30, 0.000, 189.39, 0.02);
insert into SHOT values (1248, 1249, 1255, 314, 1.330, 6.85, 42.90, 1.330, 6.85, 42.90, 0.000, 185.22, 0.01);
insert into SHOT values (1249, 1249, 1256, 314, 1.880, 320.95, -2.00, 1.880, 320.95, -2.00, 0.000, 356.28, 0.00);
insert into SHOT values (1250, 1249, 1257, 314, 3.960, 342.35, -12.00, 3.960, 342.35, -12.00, 0.000, 2.49, -0.01);
insert into SHOT values (1251, 1249, 1258, 314, 4.250, 15.15, -26.40, 4.250, 15.15, -26.40, 0.000, 170.70, 0.01);
insert into SHOT values (1252, 1258, 1259, 314, 1.960, 171.25, -35.40, 1.960, 171.25, -35.40, 0.000, 174.07, 0.01);
insert into SHOT values (1253, 1258, 1260, 314, 1.560, 226.45, -35.00, 1.560, 226.45, -35.00, 0.000, 182.25, -0.00);
insert into SHOT values (1254, 1258, 1261, 314, 1.720, 235.95, -62.60, 1.720, 235.95, -62.60, 0.000, 353.69, 0.02);
insert into SHOT values (1255, 1258, 1262, 314, 2.420, 335.05, 1.00, 2.420, 335.05, 1.00, 0.000, 181.47, 0.01);
insert into SHOT values (1256, 1258, 1263, 314, 1.980, 113.65, -85.50, 1.980, 113.65, -85.50, 0.000, 346.87, -0.00);
insert into SHOT values (1257, 1263, 1264, 314, 2.240, 60.25, -56.70, 2.240, 60.25, -56.70, 0.000, 355.90, 0.00);
insert into SHOT values (1258, 1263, 1265, 314, 1.390, 85.95, 22.80, 1.390, 85.95, 22.80, 0.000, 3.80, 0.01);
insert into SHOT values (1259, 1263, 1266, 314, 1.110, 87.35, 57.50, 1.110, 87.35, 57.50, 0.000, 5.51, -0.01);
insert into SHOT values (1260, 1263, 1267, 314, 9.210, 110.75, -24.30, 9.210, 110.75, -24.30, 0.000, 189.54, -0.01);
insert into SHOT values (1261, 1267, 1268, 314, 5.240, 206.85, 0.50, 5.240, 206.85, 0.50, 0.000, 350.63, 0.01);
insert into SHOT values (1262, 1267, 1269, 314, 10.150, 147.95, 2.40, 10.150, 147.95, 2.40, 0.000, 12.68, -0.03);
insert into SHOT values (1263, 1267, 1270, 314, 3.500, 287.45, 51.80, 3.500, 287.45, 51.80, 0.000, 193.52, 0.02);
insert into SHOT values (1264, 1267, 1271, 314, 2.970, 152.55, 71.60, 2.970, 152.55, 71.60, 0.000, 176.88, -0.01);
insert into SHOT values (1265, 1267, 1272, 314, 4.220, 80.65, 41.00, 4.220, 80.65, 41.00, 0.000, 169.97, -0.00);
insert into SHOT values (1266, 1267, 1273, 314, 5.820, 81.85, 12.20, 5.820, 81.85, 12.20, 0.000, 359.57, 0.00);
insert into SHOT values (1267, 1267, 1274, 314, 11.160, 31.45, 0.70, 11.160, 31.45, 0.70, 0.000, 288.37, -0.11);
insert into SHOT values (1268, 1267, 1275, 314, 6.690, 14.65, 11.30, 6.690, 14.65, 11.30, 0.000, 200.54, -0.01);
insert into SHOT values (1269, 1267, 1276, 314, 19.900, 47.05, -3.30, 19.900, 47.05, -3.30, 0.000, 163.04, -0.00);
insert into SHOT values (1270, 1267, 1277, 314, 5.720, 82.35, -23.90, 5.720, 82.35, -23.90, 0.000, 32.34, 0.05);
insert into SHOT values (1271, 1267, 1278, 314, 9.740, 75.85, -23.90, 9.740, 75.85, -23.90, 0.000, 189.46, 0.02);
insert into SHOT values (1272, 1267, 1279, 314, 8.450, 81.65, -21.00, 8.450, 81.65, -21.00, 0.000, 342.81, -0.08);
insert into SHOT values (1273, 1279, 1280, 314, 10.520, 16.15, 10.70, 10.520, 16.15, 10.70, 0.000, 354.88, 0.02);
insert into SHOT values (1274, 1279, 1281, 314, 14.540, 47.75, 7.90, 14.540, 47.75, 7.90, 0.000, 14.89, 0.00);
insert into SHOT values (1275, 1279, 1282, 314, 10.860, 168.65, 15.00, 10.860, 168.65, 15.00, 0.000, 0.62, -0.01);
insert into SHOT values (1276, 1279, 1283, 314, 19.170, 149.75, 9.30, 19.170, 149.75, 9.30, 0.000, 358.79, 0.00);
insert into SHOT values (1277, 1279, 1284, 314, 4.550, 93.35, -27.30, 4.550, 93.35, -27.30, 0.000, 354.72, 0.01);
insert into SHOT values (1278, 1279, 1285, 314, 8.610, 93.45, -19.40, 8.610, 93.45, -19.40, 0.000, 10.69, 0.02);
insert into SHOT values (1279, 1279, 1286, 314, 4.400, 121.15, 64.50, 4.400, 121.15, 64.50, 0.000, 178.00, 0.01);
insert into SHOT values (1280, 1279, 1287, 314, 11.460, 103.05, 30.40, 11.460, 103.05, 30.40, 0.000, 168.97, -0.06);
insert into SHOT values (1281, 1279, 1288, 314, 19.590, 106.35, -1.20, 19.590, 106.35, -1.20, 0.000, 271.05, 0.07);
insert into SHOT values (1282, 1288, 1289, 314, 14.690, 220.55, 8.80, 14.690, 220.55, 8.80, 0.000, 15.76, 0.09);
insert into SHOT values (1283, 1288, 1290, 314, 10.740, 23.85, -12.80, 10.740, 23.85, -12.80, 0.000, 180.48, 0.01);
insert into SHOT values (1284, 1288, 1291, 314, 15.310, 4.75, -19.20, 15.310, 4.75, -19.20, 0.000, 172.10, 0.02);
insert into SHOT values (1285, 1288, 1292, 314, 15.060, 20.75, -27.20, 15.060, 20.75, -27.20, 0.000, 5.71, -0.00);
insert into SHOT values (1286, 1288, 1293, 314, 6.510, 21.15, -41.70, 6.510, 21.15, -41.70, 0.000, 183.49, -0.01);
insert into SHOT values (1287, 1288, 1294, 314, 12.680, 65.15, -17.00, 12.680, 65.15, -17.00, 0.000, 178.89, -0.02);
insert into SHOT values (1288, 1288, 1295, 314, 14.740, 85.35, -5.30, 14.740, 85.35, -5.30, 0.000, 4.47, 0.03);
insert into SHOT values (1289, 1288, 1296, 314, 6.130, 61.25, 71.40, 6.130, 61.25, 71.40, 0.000, 164.82, -0.00);
insert into SHOT values (1290, 1288, 1297, 314, 27.160, 166.35, 16.80, 27.160, 166.35, 16.80, 0.000, 328.80, 0.04);
insert into SHOT values (1291, 1288, 1298, 314, 9.640, 126.25, -5.50, 9.640, 126.25, -5.50, 0.000, 321.37, -0.05);
insert into SHOT values (1292, 1288, 1299, 314, 18.680, 125.85, 1.90, 18.680, 125.85, 1.90, 0.000, 355.24, 0.02);
insert into SHOT values (1293, 1288, 1300, 314, 11.540, 139.65, 6.10, 11.540, 139.65, 6.10, 0.000, 357.83, -0.01);
insert into SHOT values (1294, 1288, 1301, 314, 21.340, 137.05, 7.90, 21.340, 137.05, 7.90, 0.000, 181.61, 0.01);
insert into SHOT values (1295, 1301, 1302, 314, 11.720, 65.85, -2.30, 11.720, 65.85, -2.30, 0.000, 7.42, 0.01);
insert into SHOT values (1296, 1301, 1303, 314, 24.250, 89.05, -1.40, 24.250, 89.05, -1.40, 0.000, 176.26, -0.00);
insert into SHOT values (1297, 1301, 1304, 314, 8.410, 151.05, 64.60, 8.410, 151.05, 64.60, 0.000, 358.25, -0.01);
insert into SHOT values (1298, 1301, 1305, 314, 15.970, 135.65, 40.00, 15.970, 135.65, 40.00, 0.000, 177.02, 0.01);
insert into SHOT values (1299, 1301, 1306, 314, 12.640, 237.65, 15.90, 12.640, 237.65, 15.90, 0.000, 357.46, -0.01);
insert into SHOT values (1300, 1301, 1307, 314, 14.120, 206.15, 21.20, 14.120, 206.15, 21.20, 0.000, 176.22, 0.00);
insert into SHOT values (1301, 1301, 1308, 314, 1.810, 61.65, -34.20, 1.810, 61.65, -34.20, 0.000, 0.53, -0.00);
insert into SHOT values (1302, 1301, 1309, 314, 8.240, 97.35, -16.30, 8.240, 97.35, -16.30, 0.000, 188.69, -0.01);
insert into SHOT values (1303, 1301, 1310, 314, 13.250, 125.95, 6.10, 13.250, 125.95, 6.10, 0.000, 174.97, 0.01);
insert into SHOT values (1304, 1310, 1311, 314, 21.200, 84.85, 3.50, 21.200, 84.85, 3.50, 0.000, 170.92, -0.01);
insert into SHOT values (1305, 1310, 1312, 314, 27.030, 105.35, 3.00, 27.030, 105.35, 3.00, 0.000, 325.20, -0.06);
insert into SHOT values (1306, 1310, 1313, 314, 13.820, 222.05, 7.00, 13.820, 222.05, 7.00, 0.000, 359.20, 0.01);
insert into SHOT values (1307, 1310, 1314, 314, 19.890, 190.55, 5.70, 19.890, 190.55, 5.70, 0.000, 83.68, 0.14);
insert into SHOT values (1308, 1310, 1315, 314, 9.160, 138.95, 57.80, 9.160, 138.95, 57.80, 0.000, 169.70, -0.01);
insert into SHOT values (1309, 1310, 1316, 314, 18.700, 145.05, 28.90, 18.700, 145.05, 28.90, 0.000, 157.62, 0.03);
insert into SHOT values (1310, 1310, 1317, 314, 6.140, 152.45, -11.80, 6.140, 152.45, -11.80, 0.000, 196.52, 0.03);
insert into SHOT values (1311, 1310, 1318, 314, 14.140, 147.05, -4.80, 14.140, 147.05, -4.80, 0.000, 170.43, -0.00);
insert into SHOT values (1312, 1310, 1319, 314, 24.070, 143.35, 0.70, 24.070, 143.35, 0.70, 0.000, 186.08, -0.03);
insert into SHOT values (1313, 1319, 1320, 314, 12.500, 94.25, 1.20, 12.500, 94.25, 1.20, 0.000, 186.57, 0.01);
insert into SHOT values (1314, 1319, 1321, 314, 17.530, 122.45, -3.70, 17.530, 122.45, -3.70, 0.000, 179.78, 0.03);
insert into SHOT values (1315, 1319, 1322, 314, 19.990, 133.45, -5.00, 19.990, 133.45, -5.00, 0.000, 8.34, 0.01);
insert into SHOT values (1316, 1319, 1323, 314, 16.460, 250.25, 7.00, 16.460, 250.25, 7.00, 0.000, 320.50, -0.03);
insert into SHOT values (1317, 1319, 1324, 314, 19.330, 220.85, 2.60, 19.330, 220.85, 2.60, 0.000, 179.60, -0.00);
insert into SHOT values (1318, 1319, 1325, 314, 7.320, 201.95, 44.90, 7.320, 201.95, 44.90, 0.000, 176.24, -0.01);
insert into SHOT values (1319, 1319, 1326, 314, 20.670, 166.45, 10.90, 20.670, 166.45, 10.90, 0.000, 259.61, -0.05);
insert into SHOT values (1320, 1319, 1327, 314, 10.380, 197.65, -19.20, 10.380, 197.65, -19.20, 0.000, 206.49, 0.04);
insert into SHOT values (1321, 1319, 1328, 314, 14.930, 158.55, -17.50, 14.930, 158.55, -17.50, 0.000, 174.70, 0.01);
insert into SHOT values (1322, 1319, 1329, 314, 7.970, 150.15, 70.70, 7.970, 150.15, 70.70, 0.000, 341.49, 0.00);
insert into SHOT values (1323, 1319, 1330, 314, 21.010, 160.85, -13.10, 21.010, 160.85, -13.10, 0.000, 172.44, -0.01);
insert into SHOT values (1324, 1330, 1331, 314, 17.290, 243.65, 6.00, 17.290, 243.65, 6.00, 0.000, 189.01, 0.00);
insert into SHOT values (1325, 1330, 1332, 314, 23.420, 207.05, 0.90, 23.420, 207.05, 0.90, 0.000, 1.46, -0.01);
insert into SHOT values (1326, 1330, 1333, 314, 35.040, 181.85, -0.80, 35.040, 181.85, -0.80, 0.000, 355.94, 0.00);
insert into SHOT values (1327, 1330, 1334, 314, 8.900, 207.25, 63.00, 8.900, 207.25, 63.00, 0.000, 15.32, 0.06);
insert into SHOT values (1328, 1330, 1335, 314, 13.840, 164.25, 49.60, 13.840, 164.25, 49.60, 0.000, 188.44, 0.00);
insert into SHOT values (1329, 1330, 1336, 314, 11.950, 53.45, 8.80, 11.950, 53.45, 8.80, 0.000, 184.08, -0.02);
insert into SHOT values (1330, 1330, 1337, 314, 11.290, 81.05, 6.20, 11.290, 81.05, 6.20, 0.000, 7.99, -0.01);
insert into SHOT values (1331, 1330, 1338, 314, 2.260, 28.05, -23.80, 2.260, 28.05, -23.80, 0.000, 173.99, -0.02);
insert into SHOT values (1332, 1330, 1339, 314, 4.760, 145.85, -33.20, 4.760, 145.85, -33.20, 0.000, 24.35, 0.06);
insert into SHOT values (1333, 1330, 1340, 314, 12.100, 148.05, -15.00, 12.100, 148.05, -15.00, 0.000, 21.82, -0.00);
insert into SHOT values (1334, 1330, 1341, 314, 24.180, 168.55, -5.10, 24.180, 168.55, -5.10, 0.000, 188.72, 0.03);
insert into SHOT values (1335, 1341, 1342, 314, 25.810, 54.75, 1.50, 25.810, 54.75, 1.50, 0.000, 354.98, 0.00);
insert into SHOT values (1336, 1341, 1343, 314, 10.690, 70.15, 48.50, 10.690, 70.15, 48.50, 0.000, 354.27, 0.01);
insert into SHOT values (1337, 1341, 1344, 314, 12.910, 87.95, 35.50, 12.910, 87.95, 35.50, 0.000, 352.34, 0.00);
insert into SHOT values (1338, 1341, 1345, 314, 13.660, 136.15, -8.20, 13.660, 136.15, -8.20, 0.000, 352.11, 0.01);
insert into SHOT values (1339, 1341, 1346, 314, 20.980, 115.05, -6.00, 20.980, 115.05, -6.00, 0.000, 177.07, -0.00);
insert into SHOT values (1340, 1341, 1347, 314, 3.750, 98.15, -27.60, 3.750, 98.15, -27.60, 0.000, 189.65, 0.02);
insert into SHOT values (1341, 1341, 1348, 314, 14.870, 102.15, -16.90, 14.870, 102.15, -16.90, 0.000, 177.06, -0.01);
insert into SHOT values (1342, 1341, 1349, 314, 17.480, 220.55, 1.90, 17.480, 220.55, 1.90, 0.000, 3.89, 0.02);
insert into SHOT values (1343, 1341, 1350, 314, 11.900, 205.25, 48.40, 11.900, 205.25, 48.40, 0.000, 188.66, 0.00);
insert into SHOT values (1344, 1341, 1351, 314, 12.580, 202.85, -14.80, 12.613, 202.82, -15.17, 0.087, 178.11, -82.06);
insert into SHOT values (1345, 1351, 1352, 314, 12.470, 21.15, 15.80, 12.470, 21.15, 15.80, 0.000, 349.15, -0.00);
insert into SHOT values (1346, 1351, 1353, 314, 7.940, 108.95, 2.40, 7.940, 108.95, 2.40, 0.000, 352.74, -0.03);
insert into SHOT values (1347, 1351, 1354, 314, 4.980, 158.05, -2.10, 4.980, 158.05, -2.10, 0.000, 256.37, -0.10);
insert into SHOT values (1348, 1351, 1355, 314, 9.920, 268.45, 3.90, 9.920, 268.45, 3.90, 0.000, 12.50, -0.07);
insert into SHOT values (1349, 1351, 1356, 314, 10.090, 244.95, -10.30, 10.090, 244.95, -10.30, 0.000, 182.70, 0.01);
insert into SHOT values (1350, 1351, 1357, 314, 4.680, 248.85, 57.10, 4.680, 248.85, 57.10, 0.000, 129.52, 0.07);
insert into SHOT values (1351, 1351, 1358, 314, 5.950, 212.85, 21.90, 5.950, 212.85, 21.90, 0.000, 3.22, -0.06);
insert into SHOT values (1352, 1351, 1359, 314, 8.390, 207.05, -11.50, 8.390, 207.05, -11.50, 0.000, 1.29, -0.00);
insert into SHOT values (1353, 1351, 1360, 314, 2.380, 284.55, -19.90, 2.380, 284.55, -19.90, 0.000, 181.88, -0.05);
insert into SHOT values (1354, 1351, 1361, 314, 6.270, 234.05, -31.60, 6.270, 234.05, -31.60, 0.000, 352.42, 0.00);
insert into SHOT values (1355, 1351, 1362, 314, 8.730, 201.05, -32.90, 8.760, 201.02, -33.08, 0.041, 178.91, -75.32);
insert into SHOT values (1356, 1362, 1363, 314, 1.390, 87.15, -17.50, 1.390, 87.15, -17.50, 0.000, 26.28, 0.03);
insert into SHOT values (1357, 1362, 1364, 314, 1.950, 109.35, -26.90, 1.950, 109.35, -26.90, 0.000, 175.34, 0.00);
insert into SHOT values (1358, 1362, 1365, 314, 3.440, 241.55, -6.60, 3.440, 241.55, -6.60, 0.000, 169.41, 0.01);
insert into SHOT values (1359, 1362, 1366, 314, 1.220, 171.25, 51.80, 1.220, 171.25, 51.80, 0.000, 151.08, -0.04);
insert into SHOT values (1360, 1362, 1367, 314, 1.110, 165.45, 1.30, 1.110, 165.45, 1.30, 0.000, 293.76, 0.10);
insert into SHOT values (1361, 1362, 1368, 314, 3.320, 180.55, -51.60, 3.320, 180.55, -51.60, 0.000, 2.60, -0.06);
insert into SHOT values (1362, 1362, 1369, 314, 4.140, 162.75, -49.30, 4.140, 162.75, -49.30, 0.000, 37.94, 0.28);
insert into SHOT values (1363, 1362, 1370, 314, 7.920, 170.55, -40.90, 7.949, 170.56, -41.03, 0.034, 179.05, -73.45);
insert into SHOT values (1364, 1370, 1371, 314, 4.690, 258.75, 5.10, 4.690, 258.75, 5.10, 0.000, 178.00, 0.01);
insert into SHOT values (1365, 1370, 1372, 314, 10.440, 238.25, -8.40, 10.440, 238.25, -8.40, 0.000, 91.43, -0.11);
insert into SHOT values (1366, 1370, 1373, 314, 1.050, 291.55, 56.50, 1.050, 291.55, 56.50, 0.000, 116.59, -0.10);
insert into SHOT values (1367, 1370, 1374, 314, 1.550, 171.05, 20.10, 1.550, 171.05, 20.10, 0.000, 172.49, 0.00);
insert into SHOT values (1368, 1370, 1375, 314, 1.740, 169.65, -30.90, 1.740, 169.65, -30.90, 0.000, 170.13, 0.00);
insert into SHOT values (1369, 1370, 1376, 314, 4.380, 42.15, 10.50, 4.380, 42.15, 10.50, 0.000, 348.48, 0.01);
insert into SHOT values (1370, 1370, 1377, 314, 9.300, 101.05, -14.00, 9.300, 101.05, -14.00, 0.000, 310.46, 0.07);
insert into SHOT values (1371, 1370, 1378, 314, 10.560, 112.35, -17.10, 10.560, 112.35, -17.10, 0.000, 355.49, -0.01);
insert into SHOT values (1372, 1370, 1379, 314, 8.660, 151.15, -24.00, 8.660, 151.15, -24.00, 0.000, 178.75, 0.01);
insert into SHOT values (1373, 1370, 1380, 314, 11.400, 162.05, -21.10, 11.435, 162.06, -21.40, 0.070, 178.31, -80.54);
insert into SHOT values (1374, 1380, 1381, 314, 9.430, 64.75, -5.60, 9.430, 64.75, -5.60, 0.000, 181.24, -0.01);
insert into SHOT values (1375, 1380, 1382, 314, 7.540, 109.35, -3.70, 7.540, 109.35, -3.70, 0.000, 0.91, 0.02);
insert into SHOT values (1376, 1380, 1383, 314, 6.010, 350.25, 46.60, 6.010, 350.25, 46.60, 0.000, 2.13, 0.01);
insert into SHOT values (1377, 1380, 1384, 314, 3.380, 170.85, 64.70, 3.380, 170.85, 64.70, 0.000, 7.53, 0.04);
insert into SHOT values (1378, 1380, 1385, 314, 1.330, 172.45, -35.50, 1.330, 172.45, -35.50, 0.000, 180.98, 0.00);
insert into SHOT values (1379, 1380, 1386, 314, 15.040, 282.25, 4.60, 15.040, 282.25, 4.60, 0.000, 180.97, -0.00);
insert into SHOT values (1380, 1380, 1387, 314, 18.010, 254.05, 1.60, 18.010, 254.05, 1.60, 0.000, 73.94, -0.09);
insert into SHOT values (1381, 1380, 1388, 314, 25.170, 222.45, 2.30, 25.170, 222.45, 2.30, 0.000, 348.80, 0.02);
insert into SHOT values (1382, 1380, 1389, 314, 6.820, 210.95, -16.50, 6.820, 210.95, -16.50, 0.000, 15.76, 0.02);
insert into SHOT values (1383, 1380, 1390, 314, 12.450, 186.85, -11.10, 12.450, 186.85, -11.10, 0.000, 172.56, -0.01);
insert into SHOT values (1384, 1380, 1391, 314, 7.150, 179.55, 20.10, 7.150, 179.55, 20.10, 0.000, 180.25, 0.02);
insert into SHOT values (1385, 1380, 1392, 314, 30.020, 162.25, -2.90, 30.069, 162.26, -3.82, 0.487, 173.97, -87.51);
insert into SHOT values (1386, 1392, 1393, 314, 15.480, 53.55, 6.90, 15.480, 53.55, 6.90, 0.000, 7.66, 0.01);
insert into SHOT values (1387, 1392, 1394, 314, 19.970, 82.45, 8.90, 19.970, 82.45, 8.90, 0.000, 5.54, -0.01);
insert into SHOT values (1388, 1392, 1395, 314, 15.770, 248.25, 12.90, 15.770, 248.25, 12.90, 0.000, 175.86, -0.02);
insert into SHOT values (1389, 1392, 1396, 314, 17.790, 200.35, 8.30, 17.790, 200.35, 8.30, 0.000, 251.42, -0.13);
insert into SHOT values (1390, 1392, 1397, 314, 8.310, 328.85, 36.70, 8.310, 328.85, 36.70, 0.000, 9.85, 0.01);
insert into SHOT values (1391, 1392, 1398, 314, 5.530, 42.45, 69.30, 5.530, 42.45, 69.30, 0.000, 353.65, -0.02);
insert into SHOT values (1392, 1392, 1399, 314, 11.260, 109.95, 29.50, 11.260, 109.95, 29.50, 0.000, 185.63, 0.02);
insert into SHOT values (1393, 1392, 1400, 314, 2.370, 135.95, -36.20, 2.370, 135.95, -36.20, 0.000, 175.74, -0.02);
insert into SHOT values (1394, 1392, 1401, 314, 6.880, 126.45, -16.10, 6.880, 126.45, -16.10, 0.000, 5.66, 0.01);
insert into SHOT values (1395, 1392, 1402, 314, 4.330, 340.85, -31.80, 4.330, 340.85, -31.80, 0.000, 191.30, 0.01);
insert into SHOT values (1396, 1392, 1403, 314, 10.900, 333.25, -7.40, 10.900, 333.25, -7.40, 0.000, 3.15, -0.03);
insert into SHOT values (1397, 1392, 1404, 314, 14.820, 120.65, -3.80, 14.844, 120.75, -4.27, 0.126, 179.52, -76.25);
insert into SHOT values (1398, 1404, 1405, 314, 14.790, 15.55, 13.20, 14.790, 15.55, 13.20, 0.000, 181.71, 0.00);
insert into SHOT values (1399, 1404, 1406, 314, 13.040, 43.95, 11.40, 13.040, 43.95, 11.40, 0.000, 354.63, -0.01);
insert into SHOT values (1400, 1404, 1407, 314, 9.910, 120.55, 5.80, 9.910, 120.55, 5.80, 0.000, 190.34, 0.01);
insert into SHOT values (1401, 1404, 1408, 314, 11.980, 127.25, 5.20, 11.980, 127.25, 5.20, 0.000, 7.42, 0.02);
insert into SHOT values (1402, 1404, 1409, 314, 12.150, 108.35, 5.50, 12.150, 108.35, 5.50, 0.000, 330.83, 0.05);
insert into SHOT values (1403, 1404, 1410, 314, 19.220, 147.25, 4.70, 19.220, 147.25, 4.70, 0.000, 170.19, -0.07);
insert into SHOT values (1404, 1404, 1411, 314, 17.680, 220.25, 7.30, 17.680, 220.25, 7.30, 0.000, 170.16, 0.08);
insert into SHOT values (1405, 1404, 1412, 314, 22.980, 248.75, 9.90, 22.980, 248.75, 9.90, 0.000, 190.49, -0.05);
insert into SHOT values (1406, 1404, 1413, 314, 7.730, 235.45, 50.40, 7.730, 235.45, 50.40, 0.000, 3.14, -0.02);
insert into SHOT values (1407, 1404, 1414, 314, 6.250, 176.25, 71.20, 6.250, 176.25, 71.20, 0.000, 1.52, 0.01);
insert into SHOT values (1408, 1404, 1415, 314, 8.190, 93.15, 56.20, 8.190, 93.15, 56.20, 0.000, 182.58, -0.01);
insert into SHOT values (1409, 1404, 1416, 314, 3.640, 83.25, -8.70, 3.640, 83.25, -8.70, 0.000, 155.31, 0.05);
insert into SHOT values (1410, 1404, 1417, 314, 9.720, 91.25, 35.90, 9.720, 91.25, 35.90, 0.000, 3.94, 0.01);
insert into SHOT values (1411, 1404, 1418, 314, 13.970, 87.85, 5.20, 13.959, 87.99, 4.75, 0.115, 179.79, -72.81);
insert into SHOT values (1412, 1418, 1419, 314, 1.660, 53.95, 24.60, 1.660, 53.95, 24.60, 0.000, 33.99, -0.06);
insert into SHOT values (1413, 1418, 1420, 314, 3.630, 206.05, 3.00, 3.630, 206.05, 3.00, 0.000, 359.53, -0.01);
insert into SHOT values (1414, 1418, 1421, 314, 5.220, 168.65, 1.80, 5.220, 168.65, 1.80, 0.000, 355.36, 0.01);
insert into SHOT values (1415, 1418, 1422, 314, 3.620, 178.75, -21.90, 3.620, 178.75, -21.90, 0.000, 10.30, -0.01);
insert into SHOT values (1416, 1418, 1423, 314, 6.840, 129.75, 24.90, 6.840, 129.75, 24.90, 0.000, 24.64, -0.07);
insert into SHOT values (1417, 1404, 1424, 314, 19.550, 192.65, -3.70, 19.550, 192.65, -3.70, 0.000, 169.55, -0.02);
insert into SHOT values (1418, 1424, 1425, 314, 12.520, 98.85, 14.60, 12.520, 98.85, 14.60, 0.000, 311.19, 0.02);
insert into SHOT values (1419, 1424, 1426, 314, 6.090, 272.05, 6.00, 6.090, 272.05, 6.00, 0.000, 186.90, 0.01);
insert into SHOT values (1420, 1424, 1427, 314, 5.850, 166.95, 88.60, 5.850, 166.95, 88.60, 0.000, 165.66, 0.01);
insert into SHOT values (1421, 1424, 1428, 314, 1.430, 243.05, -81.90, 1.430, 243.05, -81.90, 0.000, 181.61, -0.00);
insert into SHOT values (1422, 1424, 1429, 314, 9.730, 192.25, 5.20, 9.730, 192.25, 5.20, 0.000, 188.15, -0.01);
insert into SHOT values (1423, 1424, 1430, 314, 16.590, 57.15, 9.30, 16.590, 57.15, 9.30, 0.000, 358.09, 0.01);
insert into SHOT values (1424, 1424, 1431, 314, 10.560, 306.55, 12.60, 10.560, 306.55, 12.60, 0.000, 178.11, -0.00);
insert into SHOT values (1425, 1424, 1432, 314, 16.050, 165.15, -13.40, 16.050, 165.15, -13.40, 0.000, 356.39, -0.04);
insert into SHOT values (1426, 1432, 1433, 314, 6.780, 84.85, 18.50, 6.780, 84.85, 18.50, 0.000, 359.40, -0.02);
insert into SHOT values (1427, 1432, 1434, 314, 7.280, 267.35, 22.00, 7.280, 267.35, 22.00, 0.000, 170.47, -0.00);
insert into SHOT values (1428, 1432, 1435, 314, 3.680, 158.65, 86.40, 3.680, 158.65, 86.40, 0.000, 175.04, -0.01);
insert into SHOT values (1429, 1432, 1436, 314, 1.560, 282.15, -79.50, 1.560, 282.15, -79.50, 0.000, 199.62, 0.01);
insert into SHOT values (1430, 1432, 1437, 314, 11.850, 158.75, 14.70, 11.850, 158.75, 14.70, 0.000, 4.18, -0.01);
insert into SHOT values (1431, 1432, 1438, 314, 9.070, 55.15, 27.80, 9.070, 55.15, 27.80, 0.000, 354.92, 0.00);
insert into SHOT values (1432, 1432, 1439, 314, 9.200, 321.55, 34.40, 9.200, 321.55, 34.40, 0.000, 186.85, 0.08);
insert into SHOT values (1433, 1432, 1440, 314, 9.920, 224.45, 11.60, 9.920, 224.45, 11.60, 0.000, 358.61, -0.01);
insert into SHOT values (1434, 1432, 1441, 314, 11.850, 205.55, 1.50, 11.850, 205.55, 1.50, 0.000, 323.70, 0.01);
insert into SHOT values (1435, 1441, 1442, 314, 3.220, 310.75, 10.70, 3.220, 310.75, 10.70, 0.000, 330.19, -0.02);
insert into SHOT values (1436, 1441, 1443, 314, 8.370, 109.45, 9.00, 8.370, 109.45, 9.00, 0.000, 182.96, 0.01);
insert into SHOT values (1437, 1441, 1444, 314, 3.090, 357.45, 86.20, 3.090, 357.45, 86.20, 0.000, 172.97, -0.00);
insert into SHOT values (1438, 1441, 1445, 314, 1.530, 51.65, -65.00, 1.530, 51.65, -65.00, 0.000, 9.71, -0.02);
insert into SHOT values (1439, 1441, 1446, 314, 13.940, 60.95, 5.80, 13.940, 60.95, 5.80, 0.000, 180.52, -0.01);
insert into SHOT values (1440, 1441, 1447, 314, 6.440, 346.75, 12.60, 6.440, 346.75, 12.60, 0.000, 351.04, -0.01);
insert into SHOT values (1441, 1441, 1448, 314, 6.040, 272.15, 12.20, 6.040, 272.15, 12.20, 0.000, 357.50, -0.01);
insert into SHOT values (1442, 1441, 1449, 314, 9.820, 143.15, 23.00, 9.820, 143.15, 23.00, 0.000, 185.01, -0.00);
insert into SHOT values (1443, 1441, 1450, 314, 8.670, 213.45, 10.20, 8.670, 213.45, 10.20, 0.000, 97.65, -0.06);
insert into SHOT values (1444, 1450, 1451, 314, 10.920, 84.35, 10.60, 10.920, 84.35, 10.60, 0.000, 355.24, -0.00);
insert into SHOT values (1445, 1450, 1452, 314, 2.430, 151.65, 89.00, 2.430, 151.65, 89.00, 0.000, 346.20, -0.02);
insert into SHOT values (1446, 1450, 1453, 314, 8.630, 244.45, 12.70, 8.630, 244.45, 12.70, 0.000, 19.74, -0.04);
insert into SHOT values (1447, 1450, 1454, 314, 1.650, 189.15, -85.50, 1.650, 189.15, -85.50, 0.000, 350.06, 0.04);
insert into SHOT values (1448, 1450, 1455, 314, 14.950, 118.05, 14.20, 14.950, 118.05, 14.20, 0.000, 7.22, -0.00);
insert into SHOT values (1449, 1450, 1456, 314, 13.100, 175.15, 8.30, 13.100, 175.15, 8.30, 0.000, 354.63, -0.02);
insert into SHOT values (1450, 1450, 1457, 314, 5.740, 341.25, 2.90, 5.740, 341.25, 2.90, 0.000, 356.34, -0.01);
insert into SHOT values (1451, 1450, 1458, 314, 8.780, 253.55, 10.00, 8.780, 253.55, 10.00, 0.000, 151.80, -0.01);
insert into SHOT values (1452, 1458, 1459, 314, 8.670, 178.65, 5.40, 8.670, 178.65, 5.40, 0.000, 79.63, 0.10);
insert into SHOT values (1453, 1458, 1460, 314, 11.410, 178.45, 5.70, 11.410, 178.45, 5.70, 0.000, 180.63, -0.00);
insert into SHOT values (1454, 1450, 1461, 314, 8.690, 178.65, 5.30, 8.690, 178.65, 5.30, 0.000, 183.08, 0.01);
insert into SHOT values (1455, 1461, 1462, 314, 3.240, 250.55, 23.00, 3.240, 250.55, 23.00, 0.000, 352.54, -0.01);
insert into SHOT values (1456, 1461, 1463, 314, 12.430, 59.55, 9.20, 12.430, 59.55, 9.20, 0.000, 349.86, -0.02);
insert into SHOT values (1457, 1461, 1464, 314, 1.840, 136.85, 88.30, 1.840, 136.85, 88.30, 0.000, 185.36, 0.01);
insert into SHOT values (1458, 1461, 1465, 314, 1.570, 36.65, -68.20, 1.570, 36.65, -68.20, 0.000, 352.50, -0.03);
insert into SHOT values (1459, 1461, 1466, 314, 5.170, 150.15, 13.60, 5.170, 150.15, 13.60, 0.000, 345.30, 0.05);
insert into SHOT values (1460, 1461, 1467, 314, 9.930, 323.45, 7.30, 9.930, 323.45, 7.30, 0.000, 183.15, -0.01);
insert into SHOT values (1461, 1461, 1468, 314, 14.470, 45.75, 8.20, 14.470, 45.75, 8.20, 0.000, 180.62, -0.01);
insert into SHOT values (1462, 1461, 1469, 314, 6.070, 99.55, 4.60, 6.084, 99.38, 4.25, 0.043, 51.67, -55.79);
insert into SHOT values (1463, 1469, 1470, 314, 6.910, 80.35, 13.80, 6.910, 80.35, 13.80, 0.000, 354.81, -0.01);
insert into SHOT values (1464, 1469, 1471, 314, 5.240, 233.55, 9.00, 5.240, 233.55, 9.00, 0.000, 187.36, 0.04);
insert into SHOT values (1465, 1469, 1472, 314, 1.880, 180.45, 84.50, 1.880, 180.45, 84.50, 0.000, 184.17, -0.00);
insert into SHOT values (1466, 1469, 1473, 314, 1.450, 290.55, -79.00, 1.450, 290.55, -79.00, 0.000, 0.21, -0.00);
insert into SHOT values (1467, 1469, 1474, 314, 8.850, 172.75, -12.80, 8.855, 172.49, -13.23, 0.077, 67.80, -58.09);
insert into SHOT values (1468, 1474, 1475, 314, 4.910, 280.75, 13.40, 4.910, 280.75, 13.40, 0.000, 189.34, -0.01);
insert into SHOT values (1469, 1474, 1476, 314, 9.050, 55.75, 15.80, 9.050, 55.75, 15.80, 0.000, 355.60, 0.00);
insert into SHOT values (1470, 1474, 1477, 314, 2.460, 182.45, 80.60, 2.460, 182.45, 80.60, 0.000, 182.47, 0.03);
insert into SHOT values (1471, 1474, 1478, 314, 1.530, 276.55, -79.10, 1.530, 276.55, -79.10, 0.000, 353.45, -0.02);
insert into SHOT values (1472, 1474, 1479, 314, 11.080, 167.85, 6.60, 11.080, 167.85, 6.60, 0.000, 9.67, 0.00);
insert into SHOT values (1473, 1474, 1480, 314, 7.840, 207.15, 2.00, 7.811, 207.01, 1.61, 0.063, 61.27, -58.80);
insert into SHOT values (1474, 1480, 1481, 314, 5.540, 167.35, 7.00, 5.540, 167.35, 7.00, 0.000, 348.97, 0.01);
insert into SHOT values (1475, 1480, 1482, 314, 4.780, 336.05, 14.90, 4.780, 336.05, 14.90, 0.000, 4.03, 0.14);
insert into SHOT values (1476, 1480, 1483, 314, 1.810, 231.05, 82.60, 1.810, 231.05, 82.60, 0.000, 325.92, 0.11);
insert into SHOT values (1477, 1480, 1484, 314, 1.410, 340.45, -75.20, 1.410, 340.45, -75.20, 0.000, 8.45, -0.05);
insert into SHOT values (1478, 1480, 1485, 314, 6.940, 109.75, 8.20, 6.940, 109.75, 8.20, 0.000, 1.88, -0.01);
insert into SHOT values (1479, 1480, 1486, 314, 6.830, 304.35, 8.60, 6.830, 304.35, 8.60, 0.000, 348.08, -0.01);
insert into SHOT values (1480, 1480, 1487, 314, 10.610, 254.45, 3.20, 10.574, 254.61, 2.71, 0.102, 30.10, -64.97);
insert into SHOT values (1481, 1487, 1488, 314, 7.600, 131.15, -2.90, 7.600, 131.15, -2.90, 0.000, 168.79, 0.05);
insert into SHOT values (1482, 1487, 1489, 314, 9.910, 183.15, 0.90, 9.910, 183.15, 0.90, 0.000, 350.97, 0.02);
insert into SHOT values (1483, 1487, 1490, 314, 5.060, 355.15, 3.70, 5.060, 355.15, 3.70, 0.000, 184.10, 0.00);
insert into SHOT values (1484, 1487, 1491, 314, 1.170, 218.65, 87.70, 1.170, 218.65, 87.70, 0.000, 182.12, 0.02);
insert into SHOT values (1485, 1487, 1492, 314, 1.910, 217.15, -84.20, 1.910, 217.15, -84.20, 0.000, 171.69, 0.02);
insert into SHOT values (1486, 1487, 1493, 314, 13.830, 271.85, -4.40, 13.825, 272.12, -5.03, 0.165, 17.13, -66.09);
insert into SHOT values (1487, 1493, 1494, 314, 5.930, 355.55, 22.70, 5.930, 355.55, 22.70, 0.000, 178.60, 0.01);
insert into SHOT values (1488, 1493, 1495, 314, 5.170, 182.05, 0.70, 5.170, 182.05, 0.70, 0.000, 354.22, -0.00);
insert into SHOT values (1489, 1493, 1496, 314, 1.620, 176.65, 82.30, 1.620, 176.65, 82.30, 0.000, 182.86, 0.00);
insert into SHOT values (1490, 1493, 1497, 314, 0.870, 99.15, -86.00, 0.870, 99.15, -86.00, 0.000, 176.71, -0.02);
insert into SHOT values (1491, 1493, 1498, 314, 6.300, 29.05, 14.70, 6.300, 29.05, 14.70, 0.000, 342.74, -0.05);
insert into SHOT values (1492, 1493, 1499, 314, 8.510, 266.95, 5.30, 8.510, 266.95, 5.30, 0.000, 357.10, 0.13);
insert into SHOT values (1493, 1493, 1500, 314, 6.060, 261.95, -1.40, 6.040, 262.06, -1.74, 0.043, 51.57, -55.79);
insert into SHOT values (1494, 1500, 1501, 314, 1.380, 211.65, 5.40, 1.380, 211.65, 5.40, 0.000, 352.62, 0.01);
insert into SHOT values (1495, 1500, 1502, 314, 3.940, 32.35, 26.90, 3.940, 32.35, 26.90, 0.000, 180.32, -0.02);
insert into SHOT values (1496, 1500, 1503, 314, 1.680, 338.45, 83.50, 1.680, 338.45, 83.50, 0.000, 359.28, 0.01);
insert into SHOT values (1497, 1500, 1504, 314, 1.200, 242.45, -54.70, 1.200, 242.45, -54.70, 0.000, 189.33, -0.01);
insert into SHOT values (1498, 1500, 1505, 314, 4.520, 315.95, 2.90, 4.516, 316.20, 2.60, 0.031, 53.52, -49.44);
insert into SHOT values (1499, 1505, 1506, 314, 2.950, 232.05, -24.40, 2.950, 232.05, -24.40, 0.000, 354.53, 0.01);
insert into SHOT values (1500, 1505, 1507, 314, 13.100, 53.95, 38.40, 13.100, 53.95, 38.40, 0.000, 188.82, -0.01);
insert into SHOT values (1501, 1505, 1508, 314, 9.240, 298.95, 1.20, 9.240, 298.95, 1.20, 0.000, 104.32, -0.11);
insert into SHOT values (1502, 1505, 1509, 314, 2.880, 162.45, 26.10, 2.880, 162.45, 26.10, 0.000, 15.45, 0.00);
insert into SHOT values (1503, 1505, 1510, 314, 1.300, 76.65, -78.20, 1.300, 76.65, -78.20, 0.000, 355.73, -0.01);
insert into SHOT values (1504, 1505, 1511, 314, 1.090, 331.15, 88.00, 1.090, 331.15, 88.00, 0.000, 180.14, -0.03);
insert into SHOT values (1505, 1505, 1512, 314, 7.070, 316.85, -8.80, 7.073, 317.08, -9.17, 0.053, 54.34, -58.03);
insert into SHOT values (1506, 1512, 1513, 314, 3.710, 174.55, 4.80, 3.710, 174.55, 4.80, 0.000, 2.88, -0.00);
insert into SHOT values (1507, 1512, 1514, 314, 4.460, 316.95, 4.70, 4.460, 316.95, 4.70, 0.000, 194.75, -0.03);
insert into SHOT values (1508, 1512, 1515, 314, 4.810, 297.45, 80.50, 4.810, 297.45, 80.50, 0.000, 10.91, -0.00);
insert into SHOT values (1509, 1512, 1516, 314, 1.260, 254.85, -77.80, 1.260, 254.85, -77.80, 0.000, 181.01, -0.01);
insert into SHOT values (1510, 1512, 1517, 314, 12.620, 281.55, -24.30, 12.620, 281.55, -24.30, 0.000, 110.20, -0.04);
insert into SHOT values (1511, 1517, 1518, 314, 2.610, 358.35, 3.10, 2.610, 358.35, 3.10, 0.000, 329.69, 0.06);
insert into SHOT values (1512, 1517, 1519, 314, 6.040, 176.05, 10.90, 6.040, 176.05, 10.90, 0.000, 176.97, 0.01);
insert into SHOT values (1513, 1517, 1520, 314, 2.450, 341.65, 82.80, 2.450, 341.65, 82.80, 0.000, 154.04, 0.16);
insert into SHOT values (1514, 1517, 1521, 314, 1.460, 125.35, -84.40, 1.460, 125.35, -84.40, 0.000, 173.78, -0.00);
insert into SHOT values (1515, 1517, 1522, 314, 5.220, 224.75, 5.20, 5.220, 224.75, 5.20, 0.000, 4.45, 0.01);
insert into SHOT values (1516, 1517, 1523, 314, 4.030, 90.35, 8.50, 4.030, 90.35, 8.50, 0.000, 5.87, 0.00);
insert into SHOT values (1517, 1517, 1524, 314, 12.850, 247.85, -2.50, 12.850, 247.85, -2.50, 0.000, 344.94, 0.02);
insert into SHOT values (1518, 1524, 1525, 314, 1.220, 155.95, -0.60, 1.220, 155.95, -0.60, 0.000, 84.86, -0.04);
insert into SHOT values (1519, 1524, 1526, 314, 2.170, 310.15, 8.30, 2.170, 310.15, 8.30, 0.000, 178.89, 0.03);
insert into SHOT values (1520, 1524, 1527, 314, 1.520, 3.75, 88.30, 1.520, 3.75, 88.30, 0.000, 353.34, -0.02);
insert into SHOT values (1521, 1524, 1528, 314, 0.860, 339.35, -89.50, 0.860, 339.35, -89.50, 0.000, 348.06, 0.00);
insert into SHOT values (1522, 1524, 1529, 314, 1.960, 112.35, 4.60, 1.960, 112.35, 4.60, 0.000, 180.50, -0.01);
insert into SHOT values (1523, 1524, 1530, 314, 2.830, 17.55, 0.80, 2.830, 17.55, 0.80, 0.000, 2.41, -0.02);
insert into SHOT values (1524, 1524, 1531, 314, 4.130, 254.65, 9.40, 4.130, 254.65, 9.40, 0.000, 171.71, -0.01);
insert into SHOT values (1525, 1524, 1532, 314, 4.780, 251.05, 2.30, 4.780, 251.05, 2.30, 0.000, 167.75, 0.03);
insert into SHOT values (1526, 1532, 1533, 314, 1.190, 113.45, 2.80, 1.190, 113.45, 2.80, 0.000, 185.35, -0.02);
insert into SHOT values (1527, 1532, 1534, 314, 1.310, 306.95, 0.80, 1.310, 306.95, 0.80, 0.000, 13.61, -0.02);
insert into SHOT values (1528, 1532, 1535, 314, 0.960, 11.35, 85.70, 0.960, 11.35, 85.70, 0.000, 16.75, 0.03);
insert into SHOT values (1529, 1532, 1536, 314, 1.390, 250.55, -84.80, 1.390, 250.55, -84.80, 0.000, 177.58, -0.04);
insert into SHOT values (1530, 1532, 1537, 314, 2.320, 187.75, -33.10, 2.320, 187.75, -33.10, 0.000, 13.29, 0.01);
insert into SHOT values (1531, 1537, 1538, 314, 1.220, 162.75, 13.60, 1.220, 162.75, 13.60, 0.000, 353.75, 0.02);
insert into SHOT values (1532, 1537, 1539, 314, 1.470, 331.45, 18.80, 1.470, 331.45, 18.80, 0.000, 341.74, 0.04);
insert into SHOT values (1533, 1537, 1540, 314, 0.430, 247.65, 78.50, 0.430, 247.65, 78.50, 0.000, 250.69, 0.02);
insert into SHOT values (1534, 1537, 1541, 314, 0.380, 139.85, -76.30, 0.380, 139.85, -76.30, 0.000, 334.91, -0.06);
insert into SHOT values (1535, 1537, 1542, 314, 5.870, 239.75, -3.00, 5.870, 239.75, -3.00, 0.000, 191.73, 0.02);
insert into SHOT values (1536, 1512, 1543, 314, 10.310, 355.15, 22.50, 10.294, 355.44, 22.06, 0.095, 67.96, -57.39);
insert into SHOT values (1537, 1543, 1544, 314, 0.610, 290.35, 2.30, 0.610, 290.35, 2.30, 0.000, 131.41, -0.05);
insert into SHOT values (1538, 1543, 1545, 314, 18.470, 139.95, 8.00, 18.470, 139.95, 8.00, 0.000, 229.08, 0.04);
insert into SHOT values (1539, 1543, 1546, 314, 0.850, 155.35, 80.70, 0.850, 155.35, 80.70, 0.000, 179.67, -0.01);
insert into SHOT values (1540, 1543, 1547, 314, 1.190, 110.45, -70.10, 1.190, 110.45, -70.10, 0.000, 13.55, 0.00);
insert into SHOT values (1541, 1543, 1548, 314, 9.880, 88.75, 6.30, 9.892, 88.55, 5.82, 0.090, 29.76, -63.97);
insert into SHOT values (1542, 1548, 1549, 314, 12.110, 152.45, 25.20, 12.110, 152.45, 25.20, 0.000, 1.34, -0.02);
insert into SHOT values (1543, 1548, 1550, 314, 10.120, 199.95, 12.50, 10.120, 199.95, 12.50, 0.000, 9.46, -0.01);
insert into SHOT values (1544, 1548, 1551, 314, 2.640, 357.55, -7.10, 2.640, 357.55, -7.10, 0.000, 187.44, -0.00);
insert into SHOT values (1545, 1548, 1552, 314, 1.090, 240.95, 85.30, 1.090, 240.95, 85.30, 0.000, 182.89, -0.01);
insert into SHOT values (1546, 1548, 1553, 314, 1.830, 1.85, -84.60, 1.830, 1.85, -84.60, 0.000, 349.56, 0.01);
insert into SHOT values (1547, 1548, 1554, 314, 14.630, 99.65, 15.20, 14.606, 99.36, 14.58, 0.175, 23.22, -65.19);
insert into SHOT values (1548, 1554, 1555, 314, 7.840, 188.05, 4.10, 7.840, 188.05, 4.10, 0.000, 347.59, -0.04);
insert into SHOT values (1549, 1554, 1556, 314, 6.100, 17.05, 3.40, 6.100, 17.05, 3.40, 0.000, 8.54, -0.03);
insert into SHOT values (1550, 1554, 1557, 314, 2.690, 213.05, 80.80, 2.690, 213.05, 80.80, 0.000, 11.47, -0.00);
insert into SHOT values (1551, 1554, 1558, 314, 3.040, 246.75, -64.20, 3.040, 246.75, -64.20, 0.000, 202.29, -0.01);
insert into SHOT values (1552, 1554, 1559, 314, 15.740, 224.85, -1.30, 15.740, 224.85, -1.30, 0.000, 10.90, 0.02);
insert into SHOT values (1553, 1554, 1560, 314, 19.020, 251.45, -1.80, 19.020, 251.45, -1.80, 0.000, 357.89, 0.01);
insert into SHOT values (1554, 1554, 1561, 314, 10.010, 272.65, -0.90, 10.010, 272.65, -0.90, 0.000, 180.34, 0.01);
insert into SHOT values (1555, 1554, 1562, 314, 5.300, 332.65, -1.30, 5.300, 332.65, -1.30, 0.000, 1.91, -0.01);
insert into SHOT values (1556, 1554, 1563, 314, 10.980, 133.95, -0.30, 10.980, 133.95, -0.30, 0.000, 346.78, 0.10);
insert into SHOT values (1557, 1554, 1564, 314, 6.920, 82.45, 2.30, 6.920, 82.45, 2.30, 0.000, 294.32, -0.23);
insert into SHOT values (1558, 1554, 1565, 314, 12.490, 93.35, 1.90, 12.490, 93.35, 1.90, 0.000, 12.11, -0.07);
insert into SHOT values (1559, 1554, 1566, 314, 10.800, 93.45, -12.50, 10.839, 93.23, -12.96, 0.103, 28.97, -64.01);
insert into SHOT values (1560, 1566, 1567, 314, 2.390, 107.15, 12.50, 2.390, 107.15, 12.50, 0.000, 175.54, 0.00);
insert into SHOT values (1561, 1566, 1568, 314, 4.680, 309.35, 7.30, 4.680, 309.35, 7.30, 0.000, 18.29, 0.04);
insert into SHOT values (1562, 1566, 1569, 314, 1.730, 64.55, 10.00, 1.730, 64.55, 10.00, 0.000, 191.80, 0.02);
insert into SHOT values (1563, 1566, 1570, 314, 1.360, 178.65, -79.40, 1.360, 178.65, -79.40, 0.000, 186.15, -0.00);
insert into SHOT values (1564, 1566, 1571, 314, 3.950, 211.05, 85.00, 3.950, 211.05, 85.00, 0.000, 176.57, -0.02);
insert into SHOT values (1565, 1566, 1461, 314, 5.290, 8.45, -33.40, 5.320, 8.61, -33.58, 0.037, 47.45, -55.85);
insert into SHOT values (1566, 1418, 1572, 314, 4.930, 152.35, -17.10, 4.942, 152.38, -17.29, 0.020, 179.19, -70.26);
insert into SHOT values (1567, 1572, 1573, 314, 2.420, 10.75, 7.40, 2.420, 10.75, 7.40, 0.000, 177.92, 0.01);
insert into SHOT values (1568, 1572, 1574, 314, 1.270, 195.85, 19.00, 1.270, 195.85, 19.00, 0.000, 126.15, 0.11);
insert into SHOT values (1569, 1572, 1575, 314, 3.780, 85.95, 84.20, 3.780, 85.95, 84.20, 0.000, 6.29, -0.01);
insert into SHOT values (1570, 1572, 1576, 314, 3.440, 30.65, 46.10, 3.440, 30.65, 46.10, 0.000, 150.02, 0.04);
insert into SHOT values (1571, 1572, 1577, 314, 0.880, 80.75, -80.70, 0.880, 80.75, -80.70, 0.000, 173.00, -0.02);
insert into SHOT values (1572, 1572, 1578, 314, 7.000, 79.15, -4.90, 7.000, 79.15, -4.90, 0.000, 187.59, -0.03);
insert into SHOT values (1573, 1572, 1579, 314, 4.330, 116.35, 1.00, 4.330, 116.35, 1.00, 0.000, 357.60, 0.01);
insert into SHOT values (1574, 1572, 1580, 314, 10.180, 99.65, -13.60, 10.197, 99.75, -13.92, 0.062, 179.56, -72.94);
insert into SHOT values (1575, 1580, 1581, 314, 4.070, 206.95, 12.00, 4.070, 206.95, 12.00, 0.000, 7.30, 0.00);
insert into SHOT values (1576, 1580, 1582, 314, 3.090, 357.35, 12.80, 3.090, 357.35, 12.80, 0.000, 357.90, -0.00);
insert into SHOT values (1577, 1580, 1583, 314, 4.810, 150.25, 84.50, 4.810, 150.25, 84.50, 0.000, 349.38, -0.06);
insert into SHOT values (1578, 1580, 1584, 314, 1.120, 227.45, -86.50, 1.120, 227.45, -86.50, 0.000, 189.22, 0.01);
insert into SHOT values (1579, 1580, 1585, 314, 6.050, 160.85, 7.60, 6.050, 160.85, 7.60, 0.000, 156.66, 0.06);
insert into SHOT values (1580, 1580, 1586, 314, 8.480, 63.85, 11.50, 8.480, 63.85, 11.50, 0.000, 174.81, -0.00);
insert into SHOT values (1581, 1580, 1587, 314, 3.870, 324.25, 7.10, 3.870, 324.25, 7.10, 0.000, 178.85, 0.01);
insert into SHOT values (1582, 1580, 1588, 314, 10.940, 110.25, 6.30, 10.940, 110.34, 5.94, 0.072, 179.57, -74.06);
insert into SHOT values (1583, 1588, 1589, 314, 6.100, 206.45, 2.40, 6.100, 206.45, 2.40, 0.000, 358.01, 0.02);
insert into SHOT values (1584, 1588, 1590, 314, 7.670, 30.05, 3.60, 7.670, 30.05, 3.60, 0.000, 170.34, -0.02);
insert into SHOT values (1585, 1588, 1591, 314, 8.370, 332.15, 2.40, 8.370, 332.15, 2.40, 0.000, 354.64, 0.02);
insert into SHOT values (1586, 1588, 1592, 314, 14.020, 88.35, 9.00, 14.020, 88.35, 9.00, 0.000, 5.26, 0.02);
insert into SHOT values (1587, 1588, 1593, 314, 10.300, 156.65, 9.90, 10.300, 156.65, 9.90, 0.000, 353.36, 0.01);
insert into SHOT values (1588, 1588, 1594, 314, 2.110, 129.95, 86.80, 2.110, 129.95, 86.80, 0.000, 21.70, -0.04);
insert into SHOT values (1589, 1588, 1595, 314, 2.770, 216.95, -74.80, 2.770, 216.95, -74.80, 0.000, 193.43, -0.03);
insert into SHOT values (1590, 1588, 1596, 314, 17.080, 127.65, 12.10, 17.080, 127.65, 12.10, 0.000, 25.76, 0.05);
insert into SHOT values (1591, 1596, 1597, 314, 5.520, 45.65, 6.20, 5.520, 45.65, 6.20, 0.000, 3.30, -0.02);
insert into SHOT values (1592, 1596, 1598, 314, 2.320, 219.95, -6.60, 2.320, 219.95, -6.60, 0.000, 188.22, 0.01);
insert into SHOT values (1593, 1596, 1599, 314, 1.300, 116.65, 85.10, 1.300, 116.65, 85.10, 0.000, 4.56, 0.00);
insert into SHOT values (1594, 1596, 1600, 314, 1.680, 220.15, -86.90, 1.680, 220.15, -86.90, 0.000, 2.76, 0.01);
insert into SHOT values (1595, 1596, 1601, 314, 9.810, 99.65, 5.80, 9.810, 99.65, 5.80, 0.000, 358.23, 0.01);
insert into SHOT values (1596, 1596, 1602, 314, 12.740, 128.05, 2.70, 12.740, 128.05, 2.70, 0.000, 357.46, -0.00);
insert into SHOT values (1597, 1602, 1603, 314, 10.930, 55.95, -2.30, 10.930, 55.95, -2.30, 0.000, 181.13, 0.01);
insert into SHOT values (1598, 1602, 1604, 314, 5.960, 220.35, -0.50, 5.960, 220.35, -0.50, 0.000, 185.87, -0.02);
insert into SHOT values (1599, 1602, 1605, 314, 1.840, 273.85, 85.40, 1.840, 273.85, 85.40, 0.000, 5.87, 0.01);
insert into SHOT values (1600, 1602, 1606, 314, 2.490, 261.65, -78.70, 2.490, 261.65, -78.70, 0.000, 173.06, -0.03);
insert into SHOT values (1601, 1602, 1607, 314, 7.940, 152.25, -0.10, 7.940, 152.25, -0.10, 0.000, 349.96, 0.01);
insert into SHOT values (1602, 1602, 1608, 314, 14.860, 4.45, 0.90, 14.860, 4.45, 0.90, 0.000, 188.43, -0.01);
insert into SHOT values (1603, 1602, 1609, 314, 12.570, 126.35, -0.20, 12.570, 126.35, -0.20, 0.000, 9.06, 0.00);
insert into SHOT values (1604, 1602, 1610, 314, 14.290, 126.45, -0.20, 14.290, 126.45, -0.20, 0.000, 346.49, 0.01);
insert into SHOT values (1605, 1602, 1611, 314, 12.550, 126.45, -0.20, 12.550, 126.45, -0.20, 0.000, 181.95, -0.00);
insert into SHOT values (1606, 1611, 1612, 314, 2.520, 64.35, 13.30, 2.520, 64.35, 13.30, 0.000, 181.95, 0.02);
insert into SHOT values (1607, 1611, 1613, 314, 2.350, 229.55, -4.80, 2.350, 229.55, -4.80, 0.000, 53.26, -0.06);
insert into SHOT values (1608, 1611, 1614, 314, 0.990, 131.55, 85.30, 0.990, 131.55, 85.30, 0.000, 275.44, -0.05);
insert into SHOT values (1609, 1611, 1615, 314, 1.700, 224.65, -78.50, 1.700, 224.65, -78.50, 0.000, 153.75, -0.03);
insert into SHOT values (1610, 1611, 1616, 314, 4.830, 256.15, -37.70, 4.830, 256.15, -37.70, 0.000, 356.83, -0.01);
insert into SHOT values (1611, 1616, 1617, 314, 3.450, 259.75, 2.60, 3.450, 259.75, 2.60, 0.000, 180.52, -0.01);
insert into SHOT values (1612, 1616, 1618, 314, 1.180, 110.05, 12.30, 1.180, 110.05, 12.30, 0.000, 173.88, -0.01);
insert into SHOT values (1613, 1616, 1619, 314, 0.780, 265.05, 85.40, 0.780, 265.05, 85.40, 0.000, 184.64, -0.01);
insert into SHOT values (1614, 1616, 1620, 314, 1.530, 154.85, -78.00, 1.530, 154.85, -78.00, 0.000, 189.56, 0.02);
insert into SHOT values (1615, 1616, 1621, 314, 5.210, 141.35, 6.70, 5.210, 141.35, 6.70, 0.000, 180.25, 0.03);
insert into SHOT values (1616, 1588, 1622, 314, 6.360, 21.25, -2.80, 6.355, 21.27, -3.05, 0.028, 178.96, -74.92);
insert into SHOT values (1617, 1622, 1623, 314, 9.550, 282.15, 5.70, 9.550, 282.15, 5.70, 0.000, 108.85, -0.08);
insert into SHOT values (1618, 1622, 1624, 314, 4.160, 99.05, 12.70, 4.160, 99.05, 12.70, 0.000, 24.12, -0.04);
insert into SHOT values (1619, 1622, 1625, 314, 2.460, 271.85, 86.30, 2.460, 271.85, 86.30, 0.000, 352.69, -0.01);
insert into SHOT values (1620, 1622, 1626, 314, 1.050, 100.05, -84.50, 1.050, 100.05, -84.50, 0.000, 182.31, 0.01);
insert into SHOT values (1621, 1622, 1627, 314, 19.590, 11.45, -6.90, 19.590, 11.45, -6.90, 0.000, 167.48, 0.01);
insert into SHOT values (1622, 1622, 1628, 314, 13.220, 191.35, 10.50, 13.220, 191.35, 10.50, 0.000, 19.32, -0.08);
insert into SHOT values (1623, 1622, 1629, 314, 8.380, 291.95, -8.90, 8.380, 291.95, -8.90, 0.000, 0.37, -0.01);
insert into SHOT values (1624, 1622, 1630, 314, 9.580, 36.45, -8.40, 9.580, 36.49, -8.73, 0.055, 178.84, -78.70);
insert into SHOT values (1625, 1630, 1631, 314, 8.810, 41.25, -2.20, 8.810, 41.25, -2.20, 0.000, 91.87, 0.08);
insert into SHOT values (1626, 1630, 1632, 314, 9.830, 122.45, 4.00, 9.830, 122.45, 4.00, 0.000, 355.99, -0.00);
insert into SHOT values (1627, 1630, 1633, 314, 8.260, 204.65, 5.00, 8.260, 204.65, 5.00, 0.000, 179.38, 0.01);
insert into SHOT values (1628, 1630, 1634, 314, 15.670, 264.85, -3.30, 15.670, 264.85, -3.30, 0.000, 2.70, 0.00);
insert into SHOT values (1629, 1630, 1635, 314, 19.650, 286.05, -2.10, 19.650, 286.05, -2.10, 0.000, 0.97, -0.01);
insert into SHOT values (1630, 1630, 1636, 314, 1.560, 331.05, 84.60, 1.560, 331.05, 84.60, 0.000, 356.23, 0.03);
insert into SHOT values (1631, 1630, 1637, 314, 1.120, 166.55, -84.00, 1.120, 166.55, -84.00, 0.000, 358.75, -0.01);
insert into SHOT values (1632, 1630, 1638, 314, 9.670, 329.85, -4.70, 9.666, 329.82, -5.03, 0.056, 178.61, -79.97);
insert into SHOT values (1633, 1638, 1639, 314, 9.730, 8.05, 4.80, 9.730, 8.05, 4.80, 0.000, 187.99, 0.02);
insert into SHOT values (1634, 1638, 1640, 314, 15.440, 223.85, 2.20, 15.440, 223.85, 2.20, 0.000, 186.81, 0.00);
insert into SHOT values (1635, 1638, 1641, 314, 13.760, 117.15, 5.60, 13.760, 117.15, 5.60, 0.000, 9.92, 0.01);
insert into SHOT values (1636, 1638, 1642, 314, 10.170, 339.95, 4.70, 10.170, 339.95, 4.70, 0.000, 343.80, -0.01);
insert into SHOT values (1637, 1638, 1643, 314, 17.780, 287.25, 0.30, 17.780, 287.25, 0.30, 0.000, 184.37, 0.01);
insert into SHOT values (1638, 1638, 1644, 314, 1.560, 225.15, 87.60, 1.560, 225.15, 87.60, 0.000, 215.81, 0.06);
insert into SHOT values (1639, 1638, 1645, 314, 1.540, 358.15, -88.90, 1.540, 358.15, -88.90, 0.000, 187.61, 0.01);
insert into SHOT values (1640, 1638, 1646, 314, 21.630, 303.15, -0.10, 21.630, 303.15, -0.10, 0.000, 175.19, -0.04);
insert into SHOT values (1641, 1646, 1647, 314, 3.710, 30.95, 7.00, 3.710, 30.95, 7.00, 0.000, 186.72, 0.01);
insert into SHOT values (1642, 1646, 1648, 314, 1.930, 211.75, 1.00, 1.930, 211.75, 1.00, 0.000, 165.56, 0.03);
insert into SHOT values (1643, 1646, 1649, 314, 0.570, 277.25, 77.60, 0.570, 277.25, 77.60, 0.000, 0.76, -0.01);
insert into SHOT values (1644, 1646, 1650, 314, 1.040, 191.05, -87.30, 1.040, 191.05, -87.30, 0.000, 182.73, 0.02);
insert into SHOT values (1645, 1646, 1651, 314, 10.910, 313.35, -0.90, 10.910, 313.35, -0.90, 0.000, 1.62, -0.00);
insert into SHOT values (1646, 1651, 1652, 314, 0.490, 195.95, -3.80, 0.490, 195.95, -3.80, 0.000, 13.29, -0.01);
insert into SHOT values (1647, 1651, 1653, 314, 0.640, 15.75, 1.80, 0.640, 15.75, 1.80, 0.000, 356.36, 0.01);
insert into SHOT values (1648, 1651, 1654, 314, 0.540, 14.05, -74.50, 0.540, 14.05, -74.50, 0.000, 169.90, -0.00);
insert into SHOT values (1649, 1651, 1655, 314, 0.270, 300.95, 68.00, 0.270, 300.95, 68.00, 0.000, 38.31, 0.02);
insert into SHOT values (1650, 1638, 1656, 314, 10.620, 22.15, 5.90, 10.605, 22.17, 5.55, 0.066, 178.15, -81.95);
insert into SHOT values (1651, 1656, 1657, 314, 2.690, 85.35, -3.10, 2.690, 85.35, -3.10, 0.000, 7.01, 0.01);
insert into SHOT values (1652, 1656, 1658, 314, 0.440, 272.05, 1.30, 0.440, 272.05, 1.30, 0.000, 11.38, -0.00);
insert into SHOT values (1653, 1656, 1659, 314, 0.690, 357.85, 84.20, 0.690, 357.85, 84.20, 0.000, 349.67, -0.02);
insert into SHOT values (1654, 1656, 1660, 314, 1.010, 9.85, -82.30, 1.010, 9.85, -82.30, 0.000, 180.65, 0.02);
insert into SHOT values (1655, 1656, 1661, 314, 3.070, 9.75, 18.70, 3.060, 9.77, 18.52, 0.014, 179.54, -60.85);
insert into SHOT values (1656, 1661, 1662, 314, 6.430, 89.85, 10.20, 6.430, 89.85, 10.20, 0.000, 357.57, -0.08);
insert into SHOT values (1657, 1661, 1663, 314, 8.880, 256.25, 8.40, 8.880, 256.25, 8.40, 0.000, 8.79, -0.02);
insert into SHOT values (1658, 1661, 1664, 314, 3.560, 346.35, 73.80, 3.560, 346.35, 73.80, 0.000, 338.09, 0.00);
insert into SHOT values (1659, 1661, 1665, 314, 1.390, 253.55, -75.60, 1.390, 253.55, -75.60, 0.000, 353.31, 0.00);
insert into SHOT values (1660, 1661, 1666, 314, 21.080, 6.55, 12.50, 21.080, 6.55, 12.50, 0.000, 172.63, -0.03);
insert into SHOT values (1661, 1661, 1667, 314, 25.840, 55.25, 4.30, 25.840, 55.25, 4.30, 0.000, 200.92, -0.06);
insert into SHOT values (1662, 1661, 1668, 314, 22.310, 284.35, 1.00, 22.310, 284.35, 1.00, 0.000, 3.86, 0.00);
insert into SHOT values (1663, 1661, 1669, 314, 22.910, 292.05, 2.60, 22.910, 292.05, 2.60, 0.000, 169.10, 0.01);
insert into SHOT values (1664, 1661, 1670, 314, 4.160, 107.65, -0.20, 4.160, 107.65, -0.20, 0.000, 182.39, -0.05);
insert into SHOT values (1665, 1661, 1671, 314, 2.160, 164.15, 0.40, 2.160, 164.15, 0.40, 0.000, 174.30, -0.00);
insert into SHOT values (1666, 1661, 1672, 314, 10.370, 326.65, 12.90, 10.347, 326.61, 12.58, 0.062, 178.72, -79.35);
insert into SHOT values (1667, 1672, 1673, 314, 19.220, 348.35, 26.80, 19.220, 348.35, 26.80, 0.000, 185.20, 0.00);
insert into SHOT values (1668, 1672, 1674, 314, 10.190, 211.15, 5.10, 10.190, 211.15, 5.10, 0.000, 174.74, -0.01);
insert into SHOT values (1669, 1672, 1675, 314, 21.670, 52.65, 12.30, 21.670, 52.65, 12.30, 0.000, 198.49, 0.04);
insert into SHOT values (1670, 1672, 1676, 314, 15.460, 92.15, 7.80, 15.460, 92.15, 7.80, 0.000, 359.40, 0.01);
insert into SHOT values (1671, 1672, 1677, 314, 13.800, 114.85, 0.80, 13.800, 114.85, 0.80, 0.000, 168.69, -0.21);
insert into SHOT values (1672, 1672, 1678, 314, 1.950, 202.95, -79.60, 1.950, 202.95, -79.60, 0.000, 185.42, -0.01);
insert into SHOT values (1673, 1672, 1679, 314, 1.700, 219.55, 81.60, 1.700, 219.55, 81.60, 0.000, 168.80, 0.02);
insert into SHOT values (1674, 1672, 1680, 314, 6.200, 336.35, 75.30, 6.200, 336.35, 75.30, 0.000, 177.15, 0.00);
insert into SHOT values (1675, 1672, 1681, 314, 17.680, 266.75, -3.70, 17.679, 267.16, -4.67, 0.326, 7.02, -66.61);
insert into SHOT values (1676, 1681, 1682, 314, 1.080, 194.35, -1.80, 1.080, 194.35, -1.80, 0.000, 14.11, 0.02);
insert into SHOT values (1677, 1681, 1683, 314, 1.200, 36.25, 4.70, 1.200, 36.25, 4.70, 0.000, 260.28, -0.00);
insert into SHOT values (1678, 1681, 1684, 314, 0.890, 276.55, 80.40, 0.890, 276.55, 80.40, 0.000, 1.55, 0.02);
insert into SHOT values (1679, 1681, 1685, 314, 1.300, 318.65, -83.80, 1.300, 318.65, -83.80, 0.000, 182.84, -0.01);
insert into SHOT values (1680, 1681, 1686, 314, 10.980, 338.25, 16.70, 10.956, 338.50, 16.11, 0.125, 56.88, -67.65);
insert into SHOT values (1681, 1686, 1687, 314, 16.220, 356.05, 22.60, 16.220, 356.05, 22.60, 0.000, 342.11, 0.05);
insert into SHOT values (1682, 1686, 1688, 314, 9.660, 133.85, 12.80, 9.660, 133.85, 12.80, 0.000, 355.57, 0.01);
insert into SHOT values (1683, 1686, 1689, 314, 25.590, 68.85, 11.20, 25.590, 68.85, 11.20, 0.000, 185.78, -0.01);
insert into SHOT values (1684, 1686, 1690, 314, 3.550, 211.85, -2.00, 3.550, 211.85, -2.00, 0.000, 351.92, 0.01);
insert into SHOT values (1685, 1686, 1691, 314, 5.550, 192.35, 89.60, 5.550, 192.35, 89.60, 0.000, 355.16, -0.00);
insert into SHOT values (1686, 1686, 1692, 314, 1.240, 116.95, -69.50, 1.240, 116.95, -69.50, 0.000, 181.07, -0.01);
insert into SHOT values (1687, 1686, 1693, 314, 15.820, 74.65, 10.20, 15.828, 74.33, 9.33, 0.256, 13.52, -67.11);
insert into SHOT values (1688, 1693, 1694, 314, 15.770, 69.45, 12.60, 15.770, 69.45, 12.60, 0.000, 356.16, 0.01);
insert into SHOT values (1689, 1693, 1695, 314, 16.280, 235.75, -4.70, 16.280, 235.75, -4.70, 0.000, 167.88, 0.05);
insert into SHOT values (1690, 1693, 1696, 314, 11.770, 185.45, -1.80, 11.770, 185.45, -1.80, 0.000, 356.19, 0.01);
insert into SHOT values (1691, 1693, 1697, 314, 25.500, 121.45, -3.10, 25.500, 121.45, -3.10, 0.000, 165.94, 0.02);
insert into SHOT values (1692, 1693, 1698, 314, 0.160, 329.45, 4.20, 0.160, 329.45, 4.20, 0.000, 160.34, -0.02);
insert into SHOT values (1693, 1693, 1699, 314, 5.180, 221.65, 80.50, 5.180, 221.65, 80.50, 0.000, 202.69, 0.04);
insert into SHOT values (1694, 1693, 1700, 314, 2.370, 133.35, -86.70, 2.370, 133.35, -86.70, 0.000, 176.08, 0.01);
insert into SHOT values (1695, 1693, 1701, 314, 7.120, 133.85, -2.50, 7.121, 133.62, -2.96, 0.064, 40.08, -64.18);
insert into SHOT values (1696, 1701, 1702, 314, 8.440, 219.45, 2.60, 8.440, 219.45, 2.60, 0.000, 185.71, 0.00);
insert into SHOT values (1697, 1701, 1703, 314, 7.510, 33.25, 14.80, 7.510, 33.25, 14.80, 0.000, 321.16, 0.11);
insert into SHOT values (1698, 1701, 1704, 314, 4.810, 171.85, 80.90, 4.810, 171.85, 80.90, 0.000, 0.36, 0.00);
insert into SHOT values (1699, 1701, 1705, 314, 2.130, 61.35, -83.30, 2.130, 61.35, -83.30, 0.000, 1.44, 0.01);
insert into SHOT values (1700, 1701, 1706, 314, 7.310, 184.85, -0.30, 7.310, 184.85, -0.30, 0.000, 185.74, 0.04);
insert into SHOT values (1701, 1701, 1707, 314, 16.990, 109.25, 0.80, 16.990, 109.25, 0.80, 0.000, 5.72, 0.00);
insert into SHOT values (1702, 1701, 1708, 314, 18.710, 73.05, -0.20, 18.710, 73.05, -0.20, 0.000, 335.83, 0.05);
insert into SHOT values (1703, 1701, 1672, 314, 9.140, 171.45, -24.00, 9.156, 171.22, -24.50, 0.088, 52.22, -64.91);
insert into SHOT values (1704, 1672, 1709, 314, 16.580, 76.05, -0.50, 16.580, 76.05, -0.50, 0.000, 176.85, -0.01);
insert into SHOT values (1705, 1709, 1710, 314, 10.000, 13.15, 14.20, 10.000, 13.15, 14.20, 0.000, 356.13, -0.01);
insert into SHOT values (1706, 1709, 1711, 314, 0.340, 165.25, -1.00, 0.340, 165.25, -1.00, 0.000, 173.49, 0.01);
insert into SHOT values (1707, 1709, 1712, 314, 3.820, 56.45, 78.90, 3.820, 56.45, 78.90, 0.000, 183.14, 0.00);
insert into SHOT values (1708, 1709, 1713, 314, 1.360, 62.65, -81.40, 1.360, 62.65, -81.40, 0.000, 186.08, 0.00);
insert into SHOT values (1709, 1709, 1714, 314, 10.890, 73.85, 6.40, 10.890, 73.85, 6.40, 0.000, 181.78, -0.02);
insert into SHOT values (1710, 1709, 1715, 314, 13.260, 314.55, 16.60, 13.260, 314.55, 16.60, 0.000, 150.09, -0.05);
insert into SHOT values (1711, 1709, 1716, 314, 10.720, 94.45, -11.30, 10.720, 94.45, -11.30, 0.000, 186.68, -0.00);
insert into SHOT values (1712, 1716, 1717, 314, 9.390, 35.95, 1.70, 9.390, 35.95, 1.70, 0.000, 180.77, -0.03);
insert into SHOT values (1713, 1716, 1718, 314, 5.900, 183.65, -6.00, 5.900, 183.65, -6.00, 0.000, 4.42, 0.03);
insert into SHOT values (1714, 1716, 1719, 314, 1.180, 18.15, 83.80, 1.180, 18.15, 83.80, 0.000, 28.74, 0.18);
insert into SHOT values (1715, 1716, 1720, 314, 1.440, 99.75, -88.20, 1.440, 99.75, -88.20, 0.000, 181.01, 0.02);
insert into SHOT values (1716, 1716, 1721, 314, 3.710, 3.55, 31.70, 3.710, 3.55, 31.70, 0.000, 4.35, 0.02);
insert into SHOT values (1717, 1716, 1722, 314, 9.770, 349.55, 26.00, 9.770, 349.55, 26.00, 0.000, 8.09, -0.01);
insert into SHOT values (1718, 1716, 1723, 314, 2.340, 221.55, 10.00, 2.340, 221.55, 10.00, 0.000, 354.22, 0.01);
insert into SHOT values (1719, 1716, 1724, 314, 22.340, 93.95, 5.60, 22.340, 93.95, 5.60, 0.000, 348.19, 0.01);
insert into SHOT values (1720, 1724, 1725, 314, 0.710, 0.45, 5.30, 0.710, 0.45, 5.30, 0.000, 354.19, -0.01);
insert into SHOT values (1721, 1724, 1726, 314, 0.950, 180.35, 1.20, 0.950, 180.35, 1.20, 0.000, 187.26, 0.00);
insert into SHOT values (1722, 1724, 1727, 314, 1.000, 11.45, 81.40, 1.000, 11.45, 81.40, 0.000, 251.95, -0.12);
insert into SHOT values (1723, 1724, 1728, 314, 0.520, 179.05, -79.40, 0.520, 179.05, -79.40, 0.000, 192.11, -0.02);
insert into SHOT values (1724, 1724, 1729, 314, 5.380, 95.35, 13.80, 5.380, 95.35, 13.80, 0.000, 182.39, -0.01);
insert into SHOT values (1725, 1693, 1730, 314, 19.380, 320.55, 9.80, 19.323, 320.49, 9.22, 0.204, 178.77, -81.19);
insert into SHOT values (1726, 1730, 1731, 314, 4.590, 220.35, 2.40, 4.590, 220.35, 2.40, 0.000, 169.04, -0.02);
insert into SHOT values (1727, 1730, 1732, 314, 4.980, 41.25, 8.80, 4.980, 41.25, 8.80, 0.000, 174.13, 0.05);
insert into SHOT values (1728, 1730, 1733, 314, 4.730, 296.05, 67.00, 4.730, 296.05, 67.00, 0.000, 5.16, -0.03);
insert into SHOT values (1729, 1730, 1734, 314, 0.970, 211.75, -81.00, 0.970, 211.75, -81.00, 0.000, 189.15, 0.03);
insert into SHOT values (1730, 1730, 1735, 314, 4.800, 313.25, 39.30, 4.784, 313.18, 39.14, 0.021, 179.05, -74.21);
insert into SCRAPS values (316, 310, 'SP-Geophysicalskaya_01_entree', 1, 7.72008, 0.08117);
 insert into SCRAPS values (403, 310, 'SP-Geophysicalskaya_01', 1, 100.00000, 0.43851);
 insert into SCRAPS values (537, 310, 'SP-Geophysicalskaya_02', 1, 33.99025, 0.26172);
 insert into MAPS values (677, 310, 'MP-Entree', 'Entree', 1, 860.040, -68.831);
 insert into MAPITEMS values (677, 4, 316);
 insert into MAPITEMS values (677, 4, 403);
 insert into MAPITEMS values (677, 4, 537);
 insert into SURVEY values (679, 308, 'Philippe2', 'Philippe2.Geophysicalskaya.Koytendag', 'Philippe2');
 insert into CENTRELINE values (680, 679, NULL, NULL, NULL, 0.00, 0.00, 0.00);
 insert into SURVEY values (681, 679, 'Geophysicaya_02', 'Geophysicaya_02.Philippe2.Geophysicalskaya.Koytendag', 'geophysiskaya');
 insert into CENTRELINE values (682, 681, NULL, NULL, NULL, 0.00, 0.00, 0.00);
 insert into CENTRELINE values (683, 681, NULL, '2024-04-12', NULL, 211.83, 0.00, 0.00);
 insert into TOPO values (4, 683);
 insert into TOPO values (1, 683);
 insert into SHOT values (1731, 1736, 1737, 683, 32.560, 100.75, -8.50, 32.451, 100.45, -7.53, 0.586, 359.90, 73.20);
insert into SHOT values (1732, 1737, 1738, 683, 18.010, 359.25, 8.10, 18.010, 359.25, 8.10, 0.000, 173.54, 0.00);
insert into SHOT values (1733, 1737, 1739, 683, 5.010, 219.05, 2.40, 5.010, 219.05, 2.40, 0.000, 183.04, 0.01);
insert into SHOT values (1734, 1737, 1740, 683, 1.140, 139.65, 78.70, 1.140, 139.65, 78.70, 0.000, 340.65, -0.01);
insert into SHOT values (1735, 1737, 1741, 683, 1.400, 294.45, -74.60, 1.400, 294.45, -74.60, 0.000, 358.48, 0.00);
insert into SHOT values (1736, 1737, 1742, 683, 7.260, 93.95, -57.10, 7.237, 93.84, -56.99, 0.028, 358.97, 74.32);
insert into SHOT values (1737, 1742, 1743, 683, 3.870, 3.35, 18.10, 3.870, 3.35, 18.10, 0.000, 178.33, -0.01);
insert into SHOT values (1738, 1742, 1744, 683, 4.810, 178.05, 2.00, 4.810, 178.05, 2.00, 0.000, 358.04, 0.01);
insert into SHOT values (1739, 1742, 1745, 683, 1.740, 108.35, 68.40, 1.740, 108.35, 68.40, 0.000, 351.87, -0.01);
insert into SHOT values (1740, 1742, 1746, 683, 2.230, 104.65, -72.60, 2.230, 104.65, -72.60, 0.000, 178.91, 0.03);
insert into SHOT values (1741, 1742, 1747, 683, 15.550, 23.55, -9.10, 15.550, 23.55, -9.10, 0.000, 162.65, -0.07);
insert into SHOT values (1742, 1742, 1748, 683, 6.450, 320.45, -14.10, 6.450, 320.45, -14.10, 0.000, 178.08, 0.01);
insert into SHOT values (1743, 1747, 1749, 683, 2.910, 256.15, 3.20, 2.910, 256.15, 3.20, 0.000, 170.45, -0.01);
insert into SHOT values (1744, 1747, 1750, 683, 0.520, 76.05, -6.40, 0.520, 76.05, -6.40, 0.000, 173.73, -0.00);
insert into SHOT values (1745, 1747, 1751, 683, 1.950, 265.55, 73.60, 1.950, 265.55, 73.60, 0.000, 3.70, 0.01);
insert into SHOT values (1746, 1747, 1752, 683, 1.160, 217.45, -84.70, 1.160, 217.45, -84.70, 0.000, 10.08, 0.10);
insert into SHOT values (1747, 1747, 1753, 683, 6.510, 320.45, -13.70, 6.510, 320.45, -13.70, 0.000, 0.70, 0.00);
insert into SHOT values (1748, 1753, 1754, 683, 1.270, 237.55, 8.70, 1.270, 237.55, 8.70, 0.000, 13.59, 0.02);
insert into SHOT values (1749, 1753, 1755, 683, 1.240, 61.85, -9.70, 1.240, 61.85, -9.70, 0.000, 8.33, -0.02);
insert into SHOT values (1750, 1753, 1756, 683, 0.830, 294.45, 84.80, 0.830, 294.45, 84.80, 0.000, 352.80, -0.01);
insert into SHOT values (1751, 1753, 1757, 683, 0.490, 57.05, -76.30, 0.490, 57.05, -76.30, 0.000, 186.90, 0.01);
insert into SHOT values (1752, 1753, 1758, 683, 8.000, 350.45, -25.20, 8.000, 350.45, -25.20, 0.000, 354.33, -0.03);
insert into SHOT values (1753, 1758, 1759, 683, 4.270, 302.65, 2.00, 4.270, 302.65, 2.00, 0.000, 9.63, -0.00);
insert into SHOT values (1754, 1758, 1760, 683, 3.410, 139.25, 67.20, 3.410, 139.25, 67.20, 0.000, 43.55, -0.06);
insert into SHOT values (1755, 1758, 1761, 683, 0.900, 6.15, -75.60, 0.900, 6.15, -75.60, 0.000, 9.94, -0.02);
insert into SHOT values (1756, 1758, 1762, 683, 26.180, 59.75, -16.00, 26.180, 59.75, -16.00, 0.000, 134.41, 0.09);
insert into SHOT values (1757, 1762, 1763, 683, 3.130, 8.65, 4.50, 3.130, 8.65, 4.50, 0.000, 4.91, -0.01);
insert into SHOT values (1758, 1762, 1764, 683, 9.510, 178.15, 7.30, 9.510, 178.15, 7.30, 0.000, 165.04, -0.02);
insert into SHOT values (1759, 1762, 1765, 683, 3.360, 182.25, 83.50, 3.360, 182.25, 83.50, 0.000, 5.65, 0.01);
insert into SHOT values (1760, 1762, 1766, 683, 0.860, 170.25, -83.30, 0.860, 170.25, -83.30, 0.000, 357.90, -0.00);
insert into SHOT values (1761, 1762, 1767, 683, 17.140, 91.95, -2.70, 17.140, 91.95, -2.70, 0.000, 352.67, -0.01);
insert into SHOT values (1762, 1767, 1768, 683, 1.770, 274.35, 5.60, 1.770, 274.35, 5.60, 0.000, 166.29, -0.06);
insert into SHOT values (1763, 1767, 1769, 683, 10.810, 165.55, 4.20, 10.810, 165.55, 4.20, 0.000, 12.93, -0.05);
insert into SHOT values (1764, 1767, 1770, 683, 2.970, 153.35, 70.40, 2.970, 153.35, 70.40, 0.000, 179.68, 0.02);
insert into SHOT values (1765, 1767, 1771, 683, 0.690, 174.35, -78.00, 0.690, 174.35, -78.00, 0.000, 4.59, -0.01);
insert into SHOT values (1766, 1767, 1772, 683, 7.060, 66.25, -5.20, 7.060, 66.25, -5.20, 0.000, 27.32, -0.09);
insert into SHOT values (1767, 1772, 1773, 683, 3.890, 287.05, 3.50, 3.890, 287.05, 3.50, 0.000, 349.27, -0.01);
insert into SHOT values (1768, 1772, 1774, 683, 7.260, 100.65, 4.00, 7.260, 100.65, 4.00, 0.000, 180.48, 0.00);
insert into SHOT values (1769, 1772, 1775, 683, 2.480, 356.35, 83.90, 2.480, 356.35, 83.90, 0.000, 188.58, 0.02);
insert into SHOT values (1770, 1772, 1776, 683, 0.360, 59.35, -84.20, 0.360, 59.35, -84.20, 0.000, 311.04, -0.01);
insert into SHOT values (1771, 1772, 1777, 683, 15.680, 8.95, 3.70, 15.680, 8.95, 3.70, 0.000, 189.07, -0.03);
insert into SHOT values (1772, 1777, 1778, 683, 7.530, 249.25, 3.10, 7.530, 249.25, 3.10, 0.000, 359.97, -0.01);
insert into SHOT values (1773, 1777, 1779, 683, 22.660, 276.85, 1.30, 22.660, 276.85, 1.30, 0.000, 183.98, -0.01);
insert into SHOT values (1774, 1777, 1780, 683, 15.730, 9.95, 5.90, 15.730, 9.95, 5.90, 0.000, 5.13, -0.00);
insert into SHOT values (1775, 1777, 1781, 683, 4.070, 134.15, 4.50, 4.070, 134.15, 4.50, 0.000, 180.22, -0.00);
insert into SHOT values (1776, 1777, 1782, 683, 6.940, 318.85, 87.10, 6.940, 318.85, 87.10, 0.000, 359.51, 0.01);
insert into SHOT values (1777, 1777, 1783, 683, 0.430, 46.25, -86.20, 0.430, 46.25, -86.20, 0.000, 353.58, -0.01);
insert into SHOT values (1778, 1777, 1784, 683, 14.510, 86.55, 12.10, 14.510, 86.55, 12.10, 0.000, 350.74, 0.01);
insert into SHOT values (1779, 1784, 1785, 683, 8.920, 18.15, 13.90, 8.920, 18.15, 13.90, 0.000, 2.69, 0.01);
insert into SHOT values (1780, 1784, 1786, 683, 4.430, 179.85, 18.30, 4.430, 179.85, 18.30, 0.000, 148.92, 0.30);
insert into SHOT values (1781, 1784, 1787, 683, 6.550, 16.15, 73.70, 6.550, 16.15, 73.70, 0.000, 359.32, -0.01);
insert into SHOT values (1782, 1784, 1788, 683, 0.450, 124.75, -79.20, 0.450, 124.75, -79.20, 0.000, 67.14, 0.08);
insert into SHOT values (1783, 1784, 1789, 683, 17.740, 62.35, 10.60, 17.740, 62.35, 10.60, 0.000, 205.05, -0.01);
insert into SHOT values (1784, 1789, 1790, 683, 3.950, 0.35, -0.60, 3.950, 0.35, -0.60, 0.000, 354.65, 0.00);
insert into SHOT values (1785, 1789, 1791, 683, 13.240, 177.15, -3.10, 13.240, 177.15, -3.10, 0.000, 346.25, 0.04);
insert into SHOT values (1786, 1789, 1792, 683, 9.820, 113.35, 77.40, 9.820, 113.35, 77.40, 0.000, 173.32, -0.01);
insert into SHOT values (1787, 1789, 1793, 683, 0.900, 319.35, -88.70, 0.900, 319.35, -88.70, 0.000, 175.90, -0.01);
insert into SHOT values (1788, 1789, 1794, 683, 13.730, 90.95, 6.80, 13.730, 90.95, 6.80, 0.000, 3.21, 0.01);
insert into SHOT values (1789, 1794, 1795, 683, 3.880, 47.55, 17.50, 3.880, 47.55, 17.50, 0.000, 3.99, -0.01);
insert into SHOT values (1790, 1794, 1796, 683, 8.420, 185.05, 8.40, 8.420, 185.05, 8.40, 0.000, 0.55, -0.00);
insert into SHOT values (1791, 1794, 1797, 683, 14.960, 166.45, 79.30, 14.960, 166.45, 79.30, 0.000, 352.11, -0.02);
insert into SHOT values (1792, 1794, 1798, 683, 0.510, 106.15, -80.60, 0.510, 106.15, -80.60, 0.000, 212.78, 0.01);
insert into SHOT values (1793, 1794, 1799, 683, 7.680, 330.35, 9.70, 7.680, 330.35, 9.70, 0.000, 174.13, -0.03);
insert into SHOT values (1794, 1799, 1800, 683, 4.570, 254.55, 12.90, 4.570, 254.55, 12.90, 0.000, 172.71, -0.02);
insert into SHOT values (1795, 1799, 1801, 683, 6.490, 88.95, 8.30, 6.490, 88.95, 8.30, 0.000, 354.02, 0.00);
insert into SHOT values (1796, 1799, 1802, 683, 3.360, 347.05, 81.90, 3.360, 347.05, 81.90, 0.000, 345.50, -0.06);
insert into SHOT values (1797, 1799, 1803, 683, 0.250, 5.25, -80.80, 0.250, 5.25, -80.80, 0.000, 144.02, 0.06);
insert into SHOT values (1798, 1799, 1804, 683, 8.140, 37.15, -34.20, 8.140, 37.15, -34.20, 0.000, 162.73, 0.03);
insert into SHOT values (1799, 1804, 1805, 683, 3.820, 7.55, 5.20, 3.820, 7.55, 5.20, 0.000, 182.97, -0.01);
insert into SHOT values (1800, 1804, 1806, 683, 4.640, 171.45, 3.10, 4.640, 171.45, 3.10, 0.000, 357.52, -0.01);
insert into SHOT values (1801, 1804, 1807, 683, 7.970, 155.35, 79.00, 7.970, 155.35, 79.00, 0.000, 14.60, 0.07);
insert into SHOT values (1802, 1804, 1808, 683, 0.420, 225.55, -78.60, 0.420, 225.55, -78.60, 0.000, 6.84, -0.00);
insert into SHOT values (1803, 1804, 1809, 683, 9.320, 119.05, -19.10, 9.320, 119.05, -19.10, 0.000, 3.44, -0.02);
insert into SHOT values (1804, 1794, 1810, 683, 4.770, 103.25, 6.80, 4.770, 103.25, 6.80, 0.000, 195.37, 0.04);
insert into SHOT values (1805, 1810, 1811, 683, 3.170, 16.35, 4.40, 3.170, 16.35, 4.40, 0.000, 176.62, 0.01);
insert into SHOT values (1806, 1810, 1812, 683, 7.600, 194.35, 1.10, 7.600, 194.35, 1.10, 0.000, 9.82, 0.02);
insert into SHOT values (1807, 1810, 1813, 683, 2.760, 247.85, 87.30, 2.760, 247.85, 87.30, 0.000, 186.35, 0.00);
insert into SHOT values (1808, 1810, 1814, 683, 0.670, 181.15, -84.70, 0.670, 181.15, -84.70, 0.000, 356.42, -0.01);
insert into SCRAPS values (685, 679, 'SP-Geophysicalskaya_03', 1, 22.28276, 0.19906);
 insert into MAPS values (803, 679, 'MP-Philippe2', 'Philippe2', 1, 211.830, -26.392);
 insert into MAPITEMS values (803, 4, 685);
 insert into SURVEY values (806, 308, 'GeophysicalskayaXR4', 'GeophysicalskayaXR4.Geophysicalskaya.Koytendag', 'GeophysicalskayaXR4');
 insert into CENTRELINE values (807, 806, NULL, NULL, NULL, 0.00, 0.00, 0.00);
 insert into SURVEY values (808, 806, 'GeophysicalskayaXR4', 'GeophysicalskayaXR4.GeophysicalskayaXR4.Geophysicalskaya.Koytendag', 'GeophysicalskayaXR4');
 insert into CENTRELINE values (809, 808, NULL, NULL, NULL, 0.00, 0.00, 0.00);
 insert into CENTRELINE values (810, 808, NULL, '2024-04-15', NULL, 1019.65, 0.00, 145.44);
 insert into TOPO values (1, 810);
 insert into PERSON values (10, 'Claire', 'Falgayrac');
insert into TOPO values (10, 810);
 insert into TOPO values (3, 810);
 insert into SHOT values (1809, 1815, 1816, 810, 7.390, 181.45, 1.70, 7.390, 181.45, 1.70, 0.000, 2.06, -0.01);
insert into SHOT values (1810, 1815, 1817, 810, 1.710, 169.25, -23.10, 1.710, 169.25, -23.10, 0.000, 25.01, -0.05);
insert into SHOT values (1811, 1815, 1818, 810, 3.380, 25.05, 1.40, 3.380, 25.05, 1.40, 0.000, 332.48, 0.06);
insert into SHOT values (1812, 1815, 1819, 810, 2.920, 80.45, 73.20, 2.920, 80.45, 73.20, 0.000, 351.49, -0.02);
insert into SHOT values (1813, 1815, 1820, 810, 8.680, 137.15, 67.40, 8.680, 137.15, 67.40, 0.000, 184.55, 0.02);
insert into SHOT values (1814, 1815, 1821, 810, 8.150, 171.75, 47.90, 8.150, 171.75, 47.90, 0.000, 229.23, -0.06);
insert into SHOT values (1815, 1815, 1822, 810, 3.630, 130.45, -15.20, 3.630, 130.45, -15.20, 0.000, 7.87, 0.01);
insert into SHOT values (1816, 1815, 1823, 810, 16.690, 122.25, -7.70, 16.690, 122.25, -7.70, 0.000, 177.97, -0.03);
insert into SHOT values (1817, 1815, 1824, 810, 22.820, 123.15, -5.00, 22.820, 123.15, -5.00, 0.000, 167.98, -0.01);
insert into SHOT values (1818, 1815, 1825, 810, 12.410, 92.95, 4.50, 12.410, 92.95, 4.50, 0.000, 354.69, -0.02);
insert into SHOT values (1819, 1815, 1826, 810, 11.590, 134.05, 3.00, 11.590, 134.05, 3.00, 0.000, 329.13, 0.02);
insert into SHOT values (1820, 1815, 1827, 810, 13.750, 120.35, 6.20, 13.750, 120.35, 6.20, 0.000, 7.93, 0.01);
insert into SHOT values (1821, 1815, 1828, 810, 11.340, 115.85, 22.40, 11.340, 115.85, 22.40, 0.000, 3.94, 0.00);
insert into SHOT values (1822, 1815, 1829, 810, 22.860, 116.85, -1.60, 22.860, 116.85, -1.60, 0.000, 177.87, -0.02);
insert into SHOT values (1823, 1829, 1830, 810, 7.410, 214.95, 4.80, 7.410, 214.95, 4.80, 0.000, 343.74, 0.05);
insert into SHOT values (1824, 1829, 1831, 810, 1.860, 203.95, -38.30, 1.860, 203.95, -38.30, 0.000, 171.78, 0.01);
insert into SHOT values (1825, 1829, 1832, 810, 7.700, 180.35, 50.80, 7.700, 180.35, 50.80, 0.000, 354.64, -0.01);
insert into SHOT values (1826, 1829, 1833, 810, 0.630, 38.95, 54.60, 0.630, 38.95, 54.60, 0.000, 173.91, 0.00);
insert into SHOT values (1827, 1829, 1834, 810, 2.900, 340.65, 9.80, 2.900, 340.65, 9.80, 0.000, 5.77, 0.02);
insert into SHOT values (1828, 1829, 1835, 810, 6.490, 291.25, 20.90, 6.490, 291.25, 20.90, 0.000, 8.21, -0.00);
insert into SHOT values (1829, 1829, 1836, 810, 10.340, 270.55, 3.10, 10.340, 270.55, 3.10, 0.000, 248.57, 0.03);
insert into SHOT values (1830, 1829, 1837, 810, 2.530, 270.05, -26.90, 2.530, 270.05, -26.90, 0.000, 326.62, -0.06);
insert into SHOT values (1831, 1829, 1838, 810, 13.660, 110.25, 0.10, 13.660, 110.25, 0.10, 0.000, 244.27, 0.10);
insert into SHOT values (1832, 1829, 1839, 810, 20.020, 127.65, 2.80, 20.020, 127.65, 2.80, 0.000, 174.77, 0.00);
insert into SHOT values (1833, 1829, 1840, 810, 15.540, 144.85, 2.90, 15.540, 144.85, 2.90, 0.000, 168.80, 0.02);
insert into SHOT values (1834, 1829, 1841, 810, 9.710, 173.25, 3.70, 9.710, 173.25, 3.70, 0.000, 352.58, -0.01);
insert into SHOT values (1835, 1829, 1842, 810, 15.460, 150.35, -9.90, 15.460, 150.35, -9.90, 0.000, 175.73, 0.01);
insert into SHOT values (1836, 1829, 1843, 810, 29.710, 145.55, -10.40, 29.710, 145.55, -10.40, 0.000, 186.89, 0.03);
insert into SHOT values (1837, 1829, 1844, 810, 25.900, 134.35, -13.20, 25.900, 134.35, -13.20, 0.000, 171.61, -0.01);
insert into SHOT values (1838, 1829, 1845, 810, 23.960, 127.75, -11.40, 23.960, 127.75, -11.40, 0.000, 2.43, -0.01);
insert into SHOT values (1839, 1829, 1846, 810, 18.730, 128.05, -14.20, 18.730, 128.05, -14.20, 0.000, 355.10, 0.05);
insert into SHOT values (1840, 1829, 1847, 810, 4.930, 129.55, -20.20, 4.930, 129.55, -20.20, 0.000, 7.39, -0.03);
insert into SHOT values (1841, 1829, 1848, 810, 8.560, 147.65, 42.80, 8.560, 147.65, 42.80, 0.000, 354.80, -0.01);
insert into SHOT values (1842, 1829, 1849, 810, 10.470, 130.95, 22.20, 10.470, 130.95, 22.20, 0.000, 356.91, 0.03);
insert into SHOT values (1843, 1829, 1850, 810, 14.630, 125.95, 9.30, 14.630, 125.95, 9.30, 0.000, 189.09, 0.02);
insert into SHOT values (1844, 1829, 1851, 810, 26.150, 138.65, -8.60, 26.150, 138.65, -8.60, 0.000, 186.81, -0.01);
insert into SHOT values (1845, 1829, 1852, 810, 25.830, 135.75, -9.30, 25.830, 135.75, -9.30, 0.000, 348.87, 0.03);
insert into SHOT values (1846, 1852, 1853, 810, 1.740, 95.35, -87.70, 1.740, 95.35, -87.70, 0.000, 173.04, 0.01);
insert into SHOT values (1847, 1852, 1854, 810, 3.800, 68.45, -25.00, 3.800, 68.45, -25.00, 0.000, 346.97, 0.01);
insert into SHOT values (1848, 1852, 1855, 810, 2.840, 330.05, -30.00, 2.840, 330.05, -30.00, 0.000, 11.46, 0.02);
insert into SHOT values (1849, 1852, 1856, 810, 8.350, 326.25, -3.10, 8.350, 326.25, -3.10, 0.000, 351.25, 0.00);
insert into SHOT values (1850, 1852, 1857, 810, 8.970, 298.35, -3.60, 8.970, 298.35, -3.60, 0.000, 174.91, -0.02);
insert into SHOT values (1851, 1852, 1858, 810, 7.190, 272.95, -1.10, 7.190, 272.95, -1.10, 0.000, 17.46, -0.01);
insert into SHOT values (1852, 1852, 1859, 810, 3.600, 297.85, 20.80, 3.600, 297.85, 20.80, 0.000, 30.96, 0.06);
insert into SHOT values (1853, 1852, 1860, 810, 4.390, 210.15, -1.70, 4.390, 210.15, -1.70, 0.000, 182.98, -0.02);
insert into SHOT values (1854, 1852, 1861, 810, 7.160, 178.85, -3.00, 7.160, 178.85, -3.00, 0.000, 141.54, 0.01);
insert into SHOT values (1855, 1852, 1862, 810, 5.840, 144.65, -17.60, 5.840, 144.65, -17.60, 0.000, 203.17, -0.02);
insert into SHOT values (1856, 1852, 1863, 810, 6.700, 116.15, -6.20, 6.700, 116.15, -6.20, 0.000, 189.86, 0.03);
insert into SHOT values (1857, 1852, 1864, 810, 1.740, 147.05, 2.70, 1.740, 147.05, 2.70, 0.000, 179.28, -0.01);
insert into SHOT values (1858, 1852, 1865, 810, 7.450, 167.05, -2.10, 7.450, 167.05, -2.10, 0.000, 182.22, -0.01);
insert into SHOT values (1859, 1852, 1866, 810, 12.780, 160.55, -0.90, 12.780, 160.55, -0.90, 0.000, 182.18, -0.01);
insert into SHOT values (1860, 1866, 1867, 810, 0.350, 9.55, -74.30, 0.350, 9.55, -74.30, 0.000, 349.21, -0.02);
insert into SHOT values (1861, 1866, 1868, 810, 18.310, 228.85, 79.70, 18.310, 228.85, 79.70, 0.000, 3.14, -0.02);
insert into SHOT values (1862, 1866, 1869, 810, 11.830, 305.75, 74.70, 11.830, 305.75, 74.70, 0.000, 169.62, 0.03);
insert into SHOT values (1863, 1866, 1870, 810, 5.750, 357.75, 53.70, 5.750, 357.75, 53.70, 0.000, 349.87, 0.00);
insert into SHOT values (1864, 1866, 1871, 810, 5.560, 6.25, 5.90, 5.560, 6.25, 5.90, 0.000, 6.22, 0.01);
insert into SHOT values (1865, 1866, 1872, 810, 2.280, 9.45, -12.20, 2.280, 9.45, -12.20, 0.000, 265.30, 0.12);
insert into SHOT values (1866, 1866, 1873, 810, 7.010, 28.85, -0.40, 7.010, 28.85, -0.40, 0.000, 340.28, -0.03);
insert into SHOT values (1867, 1866, 1874, 810, 5.310, 325.95, -3.40, 5.310, 325.95, -3.40, 0.000, 161.47, -0.01);
insert into SHOT values (1868, 1866, 1875, 810, 6.790, 275.15, 17.50, 6.790, 275.15, 17.50, 0.000, 173.24, -0.01);
insert into SHOT values (1869, 1866, 1876, 810, 15.430, 274.25, 25.20, 15.430, 274.25, 25.20, 0.000, 212.83, 0.05);
insert into SHOT values (1870, 1866, 1877, 810, 19.390, 274.85, 35.10, 19.390, 274.85, 35.10, 0.000, 176.79, -0.01);
insert into SHOT values (1871, 1866, 1878, 810, 14.840, 243.95, 37.20, 14.840, 243.95, 37.20, 0.000, 356.42, -0.01);
insert into SHOT values (1872, 1866, 1879, 810, 8.750, 210.15, 29.60, 8.750, 210.15, 29.60, 0.000, 353.91, -0.01);
insert into SHOT values (1873, 1866, 1880, 810, 7.170, 322.85, 43.90, 7.170, 322.85, 43.90, 0.000, 357.64, -0.08);
insert into SHOT values (1874, 1866, 1881, 810, 18.760, 179.75, 68.30, 18.760, 179.75, 68.30, 0.000, 10.03, 0.04);
insert into SHOT values (1875, 1866, 1882, 810, 13.930, 134.15, 25.70, 13.930, 134.15, 25.70, 0.000, 8.85, 0.04);
insert into SHOT values (1876, 1866, 1883, 810, 34.080, 117.95, 18.60, 34.080, 117.95, 18.60, 0.000, 179.06, -0.01);
insert into SHOT values (1877, 1866, 1884, 810, 25.590, 92.15, 19.50, 25.590, 92.15, 19.50, 0.000, 182.00, 0.01);
insert into SHOT values (1878, 1866, 1885, 810, 10.860, 74.65, 30.50, 10.860, 74.65, 30.50, 0.000, 174.07, -0.00);
insert into SHOT values (1879, 1866, 1886, 810, 11.490, 92.15, 9.00, 11.490, 92.15, 9.00, 0.000, 351.94, -0.01);
insert into SHOT values (1880, 1866, 1887, 810, 36.860, 108.05, 24.30, 36.860, 108.05, 24.30, 0.000, 186.59, 0.01);
insert into SHOT values (1881, 1866, 1888, 810, 26.860, 111.65, 40.90, 26.860, 111.65, 40.90, 0.000, 1.98, 0.02);
insert into SHOT values (1882, 1866, 1889, 810, 17.800, 89.65, 44.50, 17.800, 89.65, 44.50, 0.000, 0.92, 0.00);
insert into SHOT values (1883, 1866, 1890, 810, 23.600, 96.25, 39.20, 23.600, 96.25, 39.20, 0.000, 181.81, 0.02);
insert into SHOT values (1884, 1866, 1891, 810, 11.370, 100.75, 8.10, 11.370, 100.75, 8.10, 0.000, 359.62, -0.01);
insert into SHOT values (1885, 1866, 1892, 810, 27.340, 276.85, 40.60, 27.340, 276.85, 40.60, 0.000, 359.44, -0.02);
insert into SHOT values (1886, 1892, 1893, 810, 32.090, 102.65, 12.90, 32.090, 102.65, 12.90, 0.000, 41.19, 0.12);
insert into SHOT values (1887, 1892, 1894, 810, 28.110, 102.65, 12.80, 28.110, 102.65, 12.80, 0.000, 184.26, -0.02);
insert into SHOT values (1888, 1892, 1895, 810, 33.940, 102.65, 12.90, 33.940, 102.65, 12.90, 0.000, 353.17, 0.00);
insert into SHOT values (1889, 1866, 1896, 810, 32.090, 102.75, 12.90, 32.090, 102.75, 12.90, 0.000, 163.83, 0.04);
insert into SHOT values (1890, 1896, 1897, 810, 9.220, 186.25, 26.40, 9.220, 186.25, 26.40, 0.000, 188.31, -0.01);
insert into SHOT values (1891, 1896, 1898, 810, 2.090, 172.45, -64.50, 2.090, 172.45, -64.50, 0.000, 357.55, 0.05);
insert into SHOT values (1892, 1896, 1899, 810, 4.180, 114.85, -21.50, 4.180, 114.85, -21.50, 0.000, 327.77, -0.04);
insert into SHOT values (1893, 1896, 1900, 810, 16.960, 126.75, 3.80, 16.960, 126.75, 3.80, 0.000, 172.02, 0.01);
insert into SHOT values (1894, 1896, 1901, 810, 14.080, 133.85, 27.20, 14.080, 133.85, 27.20, 0.000, 7.19, 0.02);
insert into SHOT values (1895, 1896, 1902, 810, 10.710, 161.35, 27.10, 10.710, 161.35, 27.10, 0.000, 353.92, 0.01);
insert into SHOT values (1896, 1896, 1903, 810, 7.780, 142.75, 69.00, 7.780, 142.75, 69.00, 0.000, 1.48, -0.00);
insert into SHOT values (1897, 1896, 1904, 810, 3.730, 28.85, 64.90, 3.730, 28.85, 64.90, 0.000, 172.69, 0.03);
insert into SHOT values (1898, 1896, 1905, 810, 5.150, 258.45, -15.20, 5.150, 258.45, -15.20, 0.000, 178.34, 0.00);
insert into SHOT values (1899, 1896, 1906, 810, 14.650, 255.15, 4.30, 14.650, 255.15, 4.30, 0.000, 359.41, 0.23);
insert into SHOT values (1900, 1896, 1907, 810, 23.220, 293.75, 2.10, 23.220, 293.75, 2.10, 0.000, 55.81, -0.20);
insert into SHOT values (1901, 1896, 1908, 810, 8.350, 111.55, 30.90, 8.350, 111.55, 30.90, 0.000, 354.77, -0.02);
insert into SHOT values (1902, 1896, 1909, 810, 6.040, 87.85, 29.10, 6.040, 87.85, 29.10, 0.000, 186.53, 0.01);
insert into SHOT values (1903, 1896, 1910, 810, 8.650, 120.35, 0.40, 8.650, 120.35, 0.40, 0.000, 187.78, -0.05);
insert into SHOT values (1904, 1910, 1911, 810, 2.670, 95.85, -53.80, 2.670, 95.85, -53.80, 0.000, 183.36, 0.01);
insert into SHOT values (1905, 1910, 1912, 810, 7.360, 182.85, 0.60, 7.360, 182.85, 0.60, 0.000, 165.10, -0.00);
insert into SHOT values (1906, 1910, 1913, 810, 8.580, 184.55, 55.00, 8.580, 184.55, 55.00, 0.000, 359.14, -0.01);
insert into SHOT values (1907, 1910, 1914, 810, 5.970, 20.95, 61.10, 5.970, 20.95, 61.10, 0.000, 173.66, 0.00);
insert into SHOT values (1908, 1910, 1915, 810, 6.520, 1.75, 23.00, 6.520, 1.75, 23.00, 0.000, 3.96, -0.00);
insert into SHOT values (1909, 1910, 1916, 810, 10.980, 7.05, 15.80, 10.980, 7.05, 15.80, 0.000, 269.70, 0.17);
insert into SHOT values (1910, 1910, 1917, 810, 4.720, 4.55, -6.60, 4.720, 4.55, -6.60, 0.000, 186.47, -0.00);
insert into SHOT values (1911, 1910, 1918, 810, 9.950, 61.25, -1.70, 9.950, 61.25, -1.70, 0.000, 180.80, 0.00);
insert into SHOT values (1912, 1910, 1919, 810, 14.240, 104.35, -1.00, 14.240, 104.35, -1.00, 0.000, 185.75, 0.01);
insert into SHOT values (1913, 1910, 1920, 810, 19.870, 97.65, -0.10, 19.870, 97.65, -0.10, 0.000, 182.85, -0.00);
insert into SHOT values (1914, 1910, 1921, 810, 13.480, 88.45, -13.20, 13.480, 88.45, -13.20, 0.000, 190.16, -0.00);
insert into SHOT values (1915, 1910, 1922, 810, 21.330, 82.05, -5.20, 21.330, 82.05, -5.20, 0.000, 181.47, 0.00);
insert into SHOT values (1916, 1910, 1923, 810, 6.550, 89.25, 6.80, 6.550, 89.25, 6.80, 0.000, 355.64, 0.02);
insert into SHOT values (1917, 1910, 1924, 810, 6.310, 93.45, 48.50, 6.310, 93.45, 48.50, 0.000, 185.39, 0.01);
insert into SHOT values (1918, 1910, 1925, 810, 8.050, 228.95, 12.50, 8.050, 228.95, 12.50, 0.000, 347.52, -0.03);
insert into SHOT values (1919, 1896, 1926, 810, 6.440, 247.25, -6.30, 6.440, 247.25, -6.30, 0.000, 172.20, -0.01);
insert into SHOT values (1920, 1926, 1927, 810, 8.350, 230.05, -2.50, 8.350, 230.05, -2.50, 0.000, 348.48, -0.01);
insert into SHOT values (1921, 1926, 1928, 810, 9.510, 283.45, -22.30, 9.510, 283.45, -22.30, 0.000, 7.92, -0.03);
insert into SHOT values (1922, 1926, 1929, 810, 19.480, 309.75, -2.80, 19.480, 309.75, -2.80, 0.000, 6.09, -0.02);
insert into SHOT values (1923, 1926, 1930, 810, 7.830, 195.75, -4.70, 7.830, 195.75, -4.70, 0.000, 6.99, -0.01);
insert into SHOT values (1924, 1930, 1931, 810, 7.030, 111.05, -43.40, 7.030, 111.05, -43.40, 0.000, 338.75, 0.07);
insert into SHOT values (1925, 1930, 1932, 810, 2.060, 101.75, -41.70, 2.060, 101.75, -41.70, 0.000, 182.43, -0.02);
insert into SHOT values (1926, 1930, 1933, 810, 2.700, 120.75, -40.20, 2.700, 120.75, -40.20, 0.000, 8.80, -0.01);
insert into SHOT values (1927, 1930, 1934, 810, 4.740, 112.85, -47.00, 4.740, 112.85, -47.00, 0.000, 355.00, -0.03);
insert into SHOT values (1928, 1930, 1935, 810, 5.690, 106.35, -34.00, 5.690, 106.35, -34.00, 0.000, 174.62, -0.03);
insert into SHOT values (1929, 1930, 1936, 810, 1.960, 187.35, -76.70, 1.960, 187.35, -76.70, 0.000, 5.31, -0.01);
insert into SHOT values (1930, 1930, 1937, 810, 6.210, 275.35, -42.60, 6.210, 275.35, -42.60, 0.000, 170.79, 0.00);
insert into SHOT values (1931, 1930, 1938, 810, 6.890, 111.25, -42.90, 6.890, 111.25, -42.90, 0.000, 191.37, 0.01);
insert into SHOT values (1932, 1938, 1939, 810, 2.600, 190.15, -15.10, 2.600, 190.15, -15.10, 0.000, 44.35, -0.04);
insert into SHOT values (1933, 1938, 1940, 810, 5.510, 117.95, -12.80, 5.510, 117.95, -12.80, 0.000, 7.93, -0.01);
insert into SHOT values (1934, 1938, 1941, 810, 10.810, 103.95, -8.90, 10.810, 103.95, -8.90, 0.000, 355.68, -0.00);
insert into SHOT values (1935, 1938, 1942, 810, 4.550, 95.15, -9.30, 4.550, 95.15, -9.30, 0.000, 173.42, -0.00);
insert into SHOT values (1936, 1938, 1943, 810, 8.950, 99.95, -17.20, 8.950, 99.95, -17.20, 0.000, 7.63, 0.02);
insert into SHOT values (1937, 1938, 1944, 810, 2.100, 133.75, 6.40, 2.100, 133.75, 6.40, 0.000, 348.88, -0.02);
insert into SHOT values (1938, 1938, 1945, 810, 2.220, 183.45, 50.50, 2.220, 183.45, 50.50, 0.000, 77.81, 0.01);
insert into SHOT values (1939, 1938, 1946, 810, 3.750, 245.65, 12.40, 3.750, 245.65, 12.40, 0.000, 2.85, -0.00);
insert into SHOT values (1940, 1938, 1947, 810, 7.210, 257.75, -11.10, 7.210, 257.75, -11.10, 0.000, 190.32, -0.00);
insert into SHOT values (1941, 1938, 1948, 810, 12.940, 259.45, -12.70, 12.940, 259.45, -12.70, 0.000, 357.13, -0.01);
insert into SHOT values (1942, 1938, 1949, 810, 4.820, 280.35, -9.30, 4.820, 280.35, -9.30, 0.000, 169.93, -0.02);
insert into SHOT values (1943, 1938, 1950, 810, 1.860, 287.55, -6.70, 1.860, 287.55, -6.70, 0.000, 193.47, 0.03);
insert into SHOT values (1944, 1938, 1951, 810, 1.460, 290.75, 6.10, 1.460, 290.75, 6.10, 0.000, 201.61, -0.04);
insert into SHOT values (1945, 1938, 1952, 810, 0.660, 118.05, -80.70, 0.660, 118.05, -80.70, 0.000, 352.70, -0.01);
insert into SHOT values (1946, 1938, 1953, 810, 1.390, 174.45, -46.30, 1.390, 174.45, -46.30, 0.000, 354.43, -0.00);
insert into SHOT values (1947, 1938, 1954, 810, 11.480, 101.75, -3.80, 11.480, 101.75, -3.80, 0.000, 170.42, -0.01);
insert into SHOT values (1948, 1938, 1955, 810, 9.410, 260.15, -11.10, 9.410, 260.15, -11.10, 0.000, 12.69, -0.02);
insert into SHOT values (1949, 1955, 1956, 810, 1.020, 196.85, -6.30, 1.020, 196.85, -6.30, 0.000, 175.67, 0.02);
insert into SHOT values (1950, 1955, 1957, 810, 0.950, 282.65, -75.40, 0.950, 282.65, -75.40, 0.000, 194.03, 0.00);
insert into SHOT values (1951, 1955, 1958, 810, 3.410, 276.85, -26.20, 3.410, 276.85, -26.20, 0.000, 177.21, -0.01);
insert into SHOT values (1952, 1955, 1959, 810, 6.050, 279.35, -17.80, 6.050, 279.35, -17.80, 0.000, 184.25, -0.01);
insert into SHOT values (1953, 1955, 1960, 810, 6.080, 283.45, 14.90, 6.080, 283.45, 14.90, 0.000, 358.26, -0.04);
insert into SHOT values (1954, 1955, 1961, 810, 1.690, 231.85, 1.60, 1.690, 231.85, 1.60, 0.000, 172.71, -0.00);
insert into SHOT values (1955, 1955, 1962, 810, 3.450, 301.85, -10.90, 3.450, 301.85, -10.90, 0.000, 3.68, -0.01);
insert into SHOT values (1956, 1955, 1963, 810, 4.610, 150.95, -12.10, 4.610, 150.95, -12.10, 0.000, 189.29, 0.04);
insert into SHOT values (1957, 1955, 1964, 810, 2.620, 125.65, -2.80, 2.620, 125.65, -2.80, 0.000, 5.88, 0.02);
insert into SHOT values (1958, 1955, 1965, 810, 1.630, 136.85, -20.20, 1.630, 136.85, -20.20, 0.000, 346.33, -0.00);
insert into SHOT values (1959, 1955, 1966, 810, 2.030, 131.55, 0.70, 2.030, 131.55, 0.70, 0.000, 7.86, -0.09);
insert into SHOT values (1960, 1955, 1967, 810, 6.960, 280.35, -8.40, 6.960, 280.35, -8.40, 0.000, 358.93, -0.00);
insert into SHOT values (1961, 1967, 1968, 810, 1.860, 190.35, 2.80, 1.860, 190.35, 2.80, 0.000, 178.64, -0.02);
insert into SHOT values (1962, 1967, 1969, 810, 0.980, 225.05, -62.80, 0.980, 225.05, -62.80, 0.000, 354.11, 0.01);
insert into SHOT values (1963, 1967, 1970, 810, 1.630, 332.95, -20.60, 1.630, 332.95, -20.60, 0.000, 175.28, 0.01);
insert into SHOT values (1964, 1967, 1971, 810, 2.310, 296.85, 4.60, 2.310, 296.85, 4.60, 0.000, 239.95, -0.13);
insert into SHOT values (1965, 1967, 1972, 810, 2.320, 262.65, 15.30, 2.320, 262.65, 15.30, 0.000, 9.64, -0.00);
insert into SHOT values (1966, 1967, 1973, 810, 4.230, 246.55, -6.80, 4.230, 246.55, -6.80, 0.000, 30.88, 0.06);
insert into SHOT values (1967, 1967, 1974, 810, 5.350, 275.95, -7.10, 5.350, 275.95, -7.10, 0.000, 172.44, 0.01);
insert into SHOT values (1968, 1967, 1975, 810, 9.300, 267.15, -0.50, 9.300, 267.15, -0.50, 0.000, 355.69, 0.01);
insert into SHOT values (1969, 1967, 1976, 810, 10.760, 285.35, -1.80, 10.760, 285.35, -1.80, 0.000, 0.56, 0.03);
insert into SHOT values (1970, 1967, 1977, 810, 5.220, 292.25, -3.40, 5.220, 292.25, -3.40, 0.000, 1.77, 0.01);
insert into SHOT values (1971, 1967, 1978, 810, 4.560, 115.75, 24.20, 4.560, 115.75, 24.20, 0.000, 188.89, 0.01);
insert into SHOT values (1972, 1967, 1979, 810, 7.920, 273.15, 2.40, 7.920, 273.15, 2.40, 0.000, 20.49, -0.01);
insert into SHOT values (1973, 1979, 1980, 810, 0.940, 283.85, -74.80, 0.940, 283.85, -74.80, 0.000, 159.01, -0.01);
insert into SHOT values (1974, 1979, 1981, 810, 2.350, 209.65, -13.00, 2.350, 209.65, -13.00, 0.000, 190.48, 0.01);
insert into SHOT values (1975, 1979, 1982, 810, 2.370, 261.25, -15.10, 2.370, 261.25, -15.10, 0.000, 324.53, 0.00);
insert into SHOT values (1976, 1979, 1983, 810, 3.850, 299.85, -14.20, 3.850, 299.85, -14.20, 0.000, 5.92, -0.01);
insert into SHOT values (1977, 1979, 1984, 810, 6.210, 319.45, -11.70, 6.210, 319.45, -11.70, 0.000, 222.53, 0.07);
insert into SHOT values (1978, 1979, 1985, 810, 5.610, 350.35, -11.10, 5.610, 350.35, -11.10, 0.000, 60.82, 0.12);
insert into SHOT values (1979, 1979, 1986, 810, 5.850, 23.85, -15.20, 5.850, 23.85, -15.20, 0.000, 4.35, -0.00);
insert into SHOT values (1980, 1979, 1987, 810, 3.110, 54.35, -17.30, 3.110, 54.35, -17.30, 0.000, 130.49, -0.03);
insert into SHOT values (1981, 1979, 1988, 810, 1.020, 24.95, 33.30, 1.020, 24.95, 33.30, 0.000, 353.63, 0.01);
insert into SHOT values (1982, 1979, 1989, 810, 4.370, 71.85, -13.40, 4.370, 71.85, -13.40, 0.000, 178.12, -0.02);
insert into SHOT values (1983, 1979, 1990, 810, 2.130, 139.85, -7.50, 2.130, 139.85, -7.50, 0.000, 181.27, -0.03);
insert into SHOT values (1984, 1979, 1991, 810, 7.800, 324.75, -9.30, 7.800, 324.75, -9.30, 0.000, 215.80, -0.07);
insert into SHOT values (1985, 1979, 1992, 810, 8.040, 325.85, -10.30, 8.040, 325.85, -10.30, 0.000, 358.30, -0.01);
insert into SHOT values (1986, 1955, 1993, 810, 4.400, 144.45, -2.80, 4.400, 144.45, -2.80, 0.000, 3.09, -0.00);
insert into SHOT values (1987, 1993, 1994, 810, 3.690, 91.25, -39.00, 3.690, 91.25, -39.00, 0.000, 349.05, 0.02);
insert into SHOT values (1988, 1993, 1995, 810, 11.650, 108.45, -28.00, 11.650, 108.45, -28.00, 0.000, 355.07, -0.01);
insert into SHOT values (1989, 1993, 1996, 810, 1.950, 39.15, -29.60, 1.950, 39.15, -29.60, 0.000, 309.79, 0.00);
insert into SHOT values (1990, 1993, 1997, 810, 1.510, 30.65, -63.70, 1.510, 30.65, -63.70, 0.000, 194.31, -0.01);
insert into SHOT values (1991, 1993, 1998, 810, 1.320, 188.25, -62.30, 1.320, 188.25, -62.30, 0.000, 354.09, -0.01);
insert into SHOT values (1992, 1993, 1999, 810, 7.080, 90.55, 35.50, 7.080, 90.55, 35.50, 0.000, 10.99, -0.02);
insert into SHOT values (1993, 1993, 2000, 810, 9.620, 98.25, 23.10, 9.620, 98.25, 23.10, 0.000, 19.81, -0.03);
insert into SHOT values (1994, 1993, 2001, 810, 16.180, 101.45, -3.20, 16.180, 101.45, -3.20, 0.000, 181.61, 0.00);
insert into SHOT values (1995, 1993, 2002, 810, 13.330, 102.35, -12.90, 13.330, 102.35, -12.90, 0.000, 359.19, -0.04);
insert into SHOT values (1996, 1993, 2003, 810, 7.610, 109.45, -10.40, 7.610, 109.45, -10.40, 0.000, 100.53, 0.08);
insert into SHOT values (1997, 1993, 2004, 810, 11.330, 109.55, -28.10, 11.330, 109.55, -28.10, 0.000, 356.32, -0.01);
insert into SHOT values (1998, 1993, 2005, 810, 3.680, 285.45, -22.00, 3.680, 285.45, -22.00, 0.000, 352.27, 0.01);
insert into SHOT values (1999, 1993, 2006, 810, 1.840, 333.45, -4.20, 1.840, 333.45, -4.20, 0.000, 180.99, -0.01);
insert into SHOT values (2000, 1993, 2007, 810, 2.280, 336.05, -20.90, 2.280, 336.05, -20.90, 0.000, 157.82, -0.02);
insert into SHOT values (2001, 1993, 2008, 810, 3.990, 340.55, -7.40, 3.990, 340.55, -7.40, 0.000, 166.45, -0.03);
insert into SHOT values (2002, 1993, 2009, 810, 1.630, 4.85, -8.70, 1.630, 4.85, -8.70, 0.000, 7.94, 0.01);
insert into SHOT values (2003, 1993, 2010, 810, 2.900, 284.75, -19.40, 2.900, 284.75, -19.40, 0.000, 10.01, -0.01);
insert into SHOT values (2004, 1993, 2011, 810, 11.670, 108.35, -27.40, 11.670, 108.35, -27.40, 0.000, 25.16, 0.00);
insert into SHOT values (2005, 1910, 2012, 810, 32.100, 81.85, -0.40, 32.100, 81.85, -0.40, 0.000, 298.87, 0.03);
insert into SHOT values (2006, 2012, 2013, 810, 11.920, 83.45, 8.10, 11.920, 83.45, 8.10, 0.000, 173.68, 0.00);
insert into SHOT values (2007, 2012, 2014, 810, 5.530, 80.15, 72.40, 5.530, 80.15, 72.40, 0.000, 78.95, 0.11);
insert into SHOT values (2008, 2012, 2015, 810, 5.990, 220.65, 54.20, 5.990, 220.65, 54.20, 0.000, 164.14, 0.07);
insert into SHOT values (2009, 2012, 2016, 810, 9.710, 206.25, 11.20, 9.710, 206.25, 11.20, 0.000, 304.14, 0.32);
insert into SHOT values (2010, 2012, 2017, 810, 0.990, 209.35, -32.50, 0.990, 209.35, -32.50, 0.000, 353.46, 0.06);
insert into SHOT values (2011, 2012, 2018, 810, 26.610, 182.25, 6.90, 26.610, 182.25, 6.90, 0.000, 177.92, 0.01);
insert into SHOT values (2012, 2012, 2019, 810, 14.650, 154.25, 21.20, 14.650, 154.25, 21.20, 0.000, 11.53, 0.22);
insert into SHOT values (2013, 2012, 2020, 810, 17.010, 104.35, 19.20, 17.010, 104.35, 19.20, 0.000, 8.10, 0.02);
insert into SHOT values (2014, 2012, 2021, 810, 39.600, 137.95, 9.50, 39.600, 137.95, 9.50, 0.000, 164.87, 0.07);
insert into SHOT values (2015, 2012, 2022, 810, 18.430, 144.95, 5.30, 18.430, 144.95, 5.30, 0.000, 352.07, -0.02);
insert into SHOT values (2016, 2012, 2023, 810, 6.400, 165.65, 0.90, 6.400, 165.65, 0.90, 0.000, 0.45, -0.02);
insert into SHOT values (2017, 2012, 2024, 810, 14.020, 37.45, 6.60, 14.020, 37.45, 6.60, 0.000, 356.36, 0.01);
insert into SHOT values (2018, 2012, 2025, 810, 26.900, 29.75, -4.30, 26.900, 29.75, -4.30, 0.000, 343.79, -0.07);
insert into SHOT values (2019, 2012, 2026, 810, 31.760, 9.35, 0.90, 31.760, 9.35, 0.90, 0.000, 126.36, 0.12);
insert into SHOT values (2020, 2012, 2027, 810, 6.950, 322.45, 9.40, 6.950, 322.45, 9.40, 0.000, 171.97, 0.01);
insert into SHOT values (2021, 2012, 2028, 810, 6.550, 298.75, 10.00, 6.550, 298.75, 10.00, 0.000, 167.40, 0.03);
insert into SHOT values (2022, 2012, 2029, 810, 1.360, 356.35, -33.50, 1.360, 356.35, -33.50, 0.000, 338.27, -0.07);
insert into SHOT values (2023, 2012, 2030, 810, 8.250, 351.75, -4.60, 8.250, 351.75, -4.60, 0.000, 164.34, -0.38);
insert into SHOT values (2024, 2012, 2031, 810, 6.430, 7.05, 38.50, 6.430, 7.05, 38.50, 0.000, 357.36, 0.01);
insert into SHOT values (2025, 2012, 2032, 810, 14.730, 235.15, 5.60, 14.730, 235.15, 5.60, 0.000, 358.96, -0.01);
insert into SHOT values (2026, 2012, 2033, 810, 23.600, 246.45, 0.10, 23.600, 246.45, 0.10, 0.000, 186.91, -0.02);
insert into SHOT values (2027, 2012, 2034, 810, 23.130, 269.95, 0.10, 23.130, 269.95, 0.10, 0.000, 170.18, 0.01);
insert into SHOT values (2028, 2012, 2035, 810, 11.410, 280.95, 1.20, 11.410, 280.95, 1.20, 0.000, 352.81, -0.01);
insert into SHOT values (2029, 2012, 2036, 810, 10.960, 260.85, 16.50, 10.960, 260.85, 16.50, 0.000, 172.86, 0.00);
insert into SHOT values (2030, 2012, 2037, 810, 17.930, 259.95, 4.00, 17.930, 259.95, 4.00, 0.000, 359.94, 0.00);
insert into SHOT values (2031, 2012, 2038, 810, 25.700, 259.55, -5.80, 25.700, 259.55, -5.80, 0.000, 179.98, 0.02);
insert into SHOT values (2032, 2012, 2039, 810, 6.150, 263.05, -9.90, 6.150, 263.05, -9.90, 0.000, 188.31, -0.01);
insert into SHOT values (2033, 2012, 2040, 810, 5.970, 301.35, -1.60, 5.970, 301.35, -1.60, 0.000, 282.61, -0.23);
insert into SHOT values (2034, 2012, 2041, 810, 5.640, 300.45, 25.30, 5.640, 300.45, 25.30, 0.000, 348.89, 0.02);
insert into SHOT values (2035, 2012, 2042, 810, 40.530, 137.15, 8.30, 40.530, 137.15, 8.30, 0.000, 356.39, -0.01);
insert into SHOT_FLAG values(2035, 'dpl');
insert into SHOT values (2036, 2012, 2043, 810, 24.290, 340.35, -3.60, 24.290, 340.35, -3.60, 0.000, 8.58, 0.02);
insert into SHOT values (2037, 2043, 2044, 810, 2.400, 234.55, 9.60, 2.400, 234.55, 9.60, 0.000, 344.49, 0.03);
insert into SHOT values (2038, 2043, 2045, 810, 5.290, 135.35, 64.70, 5.290, 135.35, 64.70, 0.000, 199.81, 0.04);
insert into SHOT values (2039, 2043, 2046, 810, 15.360, 85.35, 22.80, 15.360, 85.35, 22.80, 0.000, 186.02, 0.01);
insert into SHOT values (2040, 2043, 2047, 810, 18.550, 85.75, 1.60, 18.550, 85.75, 1.60, 0.000, 358.90, 0.08);
insert into SHOT values (2041, 2043, 2048, 810, 2.160, 93.45, -9.90, 2.160, 93.45, -9.90, 0.000, 228.38, -0.09);
insert into SHOT values (2042, 2043, 2049, 810, 8.120, 125.15, -7.80, 8.120, 125.15, -7.80, 0.000, 1.35, 0.00);
insert into SHOT values (2043, 2043, 2050, 810, 15.880, 145.65, -0.90, 15.880, 145.65, -0.90, 0.000, 180.14, 0.01);
insert into SHOT values (2044, 2043, 2051, 810, 22.730, 127.65, 5.20, 22.730, 127.65, 5.20, 0.000, 182.14, -0.03);
insert into SHOT values (2045, 2043, 2052, 810, 12.850, 165.75, 2.80, 12.850, 165.75, 2.80, 0.000, 140.33, -0.05);
insert into SHOT values (2046, 2043, 2053, 810, 15.030, 278.95, -14.00, 15.030, 278.95, -14.00, 0.000, 186.94, -0.01);
insert into SHOT values (2047, 2043, 2054, 810, 18.200, 306.65, -13.30, 18.200, 306.65, -13.30, 0.000, 151.22, -0.05);
insert into SHOT values (2048, 2043, 2055, 810, 22.340, 321.95, -11.60, 22.340, 321.95, -11.60, 0.000, 189.38, -0.02);
insert into SHOT values (2049, 2043, 2056, 810, 13.550, 345.65, -4.60, 13.550, 345.65, -4.60, 0.000, 351.90, 0.01);
insert into SHOT values (2050, 2043, 2057, 810, 10.320, 322.15, 19.20, 10.320, 322.15, 19.20, 0.000, 186.43, 0.01);
insert into SHOT values (2051, 2043, 2058, 810, 20.740, 309.05, -3.90, 20.740, 309.05, -3.90, 0.000, 243.04, -0.18);
insert into SHOT values (2052, 2043, 2059, 810, 21.880, 305.75, -5.90, 21.880, 305.75, -5.90, 0.000, 162.25, -0.02);
insert into SHOT values (2053, 2043, 2060, 810, 22.800, 67.75, 8.10, 22.800, 67.75, 8.10, 0.000, 13.84, -0.03);
insert into SHOT_FLAG values(2053, 'dpl');
insert into SHOT values (2054, 2043, 2061, 810, 32.690, 305.15, -8.30, 32.690, 305.15, -8.30, 0.000, 177.30, 0.02);
insert into SHOT values (2055, 2061, 2062, 810, 4.160, 244.35, -13.60, 4.160, 244.35, -13.60, 0.000, 226.12, -0.00);
insert into SHOT values (2056, 2061, 2063, 810, 1.740, 222.55, -46.80, 1.740, 222.55, -46.80, 0.000, 352.99, -0.00);
insert into SHOT values (2057, 2061, 2064, 810, 4.780, 228.55, 57.70, 4.780, 228.55, 57.70, 0.000, 354.87, -0.01);
insert into SHOT values (2058, 2061, 2065, 810, 1.150, 8.45, -65.10, 1.150, 8.45, -65.10, 0.000, 4.59, 0.04);
insert into SHOT values (2059, 2061, 2066, 810, 8.460, 41.75, -0.90, 8.460, 41.75, -0.90, 0.000, 11.67, -0.01);
insert into SHOT values (2060, 2061, 2067, 810, 13.100, 354.15, 19.20, 13.100, 354.15, 19.20, 0.000, 172.05, -0.00);
insert into SHOT values (2061, 2061, 2068, 810, 10.590, 309.55, 8.00, 10.590, 309.55, 8.00, 0.000, 181.25, 0.01);
insert into SHOT values (2062, 2061, 2069, 810, 3.920, 334.25, -5.90, 3.920, 334.25, -5.90, 0.000, 171.13, -0.00);
insert into SHOT values (2063, 2061, 2070, 810, 22.610, 352.25, 5.10, 22.610, 352.25, 5.10, 0.000, 177.55, -0.02);
insert into SHOT values (2064, 2061, 2071, 810, 4.430, 220.15, -19.20, 4.430, 220.15, -19.20, 0.000, 189.96, -0.00);
insert into SHOT values (2065, 2061, 2072, 810, 8.310, 186.25, -21.20, 8.310, 186.25, -21.20, 0.000, 347.83, -0.03);
insert into SHOT values (2066, 2061, 2073, 810, 10.440, 194.35, -11.70, 10.440, 194.35, -11.70, 0.000, 0.17, -0.01);
insert into SHOT values (2067, 2061, 2074, 810, 10.860, 148.55, -2.50, 10.860, 148.55, -2.50, 0.000, 176.07, 0.01);
insert into SHOT values (2068, 2061, 2075, 810, 17.070, 136.45, 2.50, 17.070, 136.45, 2.50, 0.000, 3.79, -0.01);
insert into SHOT values (2069, 2061, 2076, 810, 10.720, 102.75, 2.50, 10.720, 102.75, 2.50, 0.000, 351.14, -0.00);
insert into SHOT values (2070, 2061, 2077, 810, 6.740, 121.95, -9.80, 6.740, 121.95, -9.80, 0.000, 185.24, -0.02);
insert into SHOT values (2071, 2061, 2078, 810, 7.990, 124.05, 16.30, 7.990, 124.05, 16.30, 0.000, 350.83, 0.01);
insert into SHOT values (2072, 2061, 2079, 810, 16.440, 175.75, -9.80, 16.440, 175.75, -9.80, 0.000, 205.55, 0.00);
insert into SHOT values (2073, 2061, 2080, 810, 18.220, 175.45, -9.90, 18.220, 175.45, -9.90, 0.000, 197.43, -0.00);
insert into SHOT values (2074, 2061, 2081, 810, 23.290, 332.85, -0.20, 23.290, 332.85, -0.20, 0.000, 353.86, -0.02);
insert into SHOT values (2075, 2081, 2082, 810, 2.420, 27.95, 44.70, 2.420, 27.95, 44.70, 0.000, 175.10, 0.00);
insert into SHOT values (2076, 2081, 2083, 810, 4.090, 186.35, 73.80, 4.090, 186.35, 73.80, 0.000, 189.45, -0.02);
insert into SHOT values (2077, 2081, 2084, 810, 6.110, 215.05, -27.40, 6.110, 215.05, -27.40, 0.000, 349.47, -0.02);
insert into SHOT values (2078, 2081, 2085, 810, 12.390, 205.25, 4.00, 12.390, 205.25, 4.00, 0.000, 2.60, 0.01);
insert into SHOT values (2079, 2081, 2086, 810, 10.400, 202.45, 39.00, 10.400, 202.45, 39.00, 0.000, 358.73, 0.04);
insert into SHOT values (2080, 2081, 2087, 810, 29.920, 158.75, 5.20, 29.920, 158.75, 5.20, 0.000, 5.96, -0.00);
insert into SHOT values (2081, 2081, 2088, 810, 15.300, 143.75, 25.10, 15.300, 143.75, 25.10, 0.000, 173.79, 0.01);
insert into SHOT values (2082, 2081, 2089, 810, 14.930, 147.15, 44.00, 14.930, 147.15, 44.00, 0.000, 179.81, 0.01);
insert into SHOT values (2083, 2081, 2090, 810, 18.800, 130.65, 6.00, 18.800, 130.65, 6.00, 0.000, 358.55, 0.01);
insert into SHOT values (2084, 2081, 2091, 810, 6.370, 150.75, -19.80, 6.370, 150.75, -19.80, 0.000, 185.77, 0.00);
insert into SHOT values (2085, 2081, 2092, 810, 14.660, 144.55, -4.90, 14.660, 144.55, -4.90, 0.000, 177.49, -0.02);
insert into SHOT values (2086, 2081, 2093, 810, 18.800, 250.95, 0.40, 18.800, 250.95, 0.40, 0.000, 351.53, 0.02);
insert into SHOT values (2087, 2081, 2094, 810, 5.630, 224.55, -31.80, 5.630, 224.55, -31.80, 0.000, 16.43, -0.02);
insert into SHOT values (2088, 2081, 2095, 810, 10.240, 245.65, -32.50, 10.240, 245.65, -32.50, 0.000, 183.58, 0.01);
insert into SHOT values (2089, 2081, 2096, 810, 16.530, 264.15, -13.60, 16.530, 264.15, -13.60, 0.000, 156.82, 0.02);
insert into SHOT values (2090, 2081, 2097, 810, 44.900, 284.35, -2.40, 44.900, 284.35, -2.40, 0.000, 1.91, -0.01);
insert into SHOT values (2091, 2081, 2098, 810, 41.610, 286.55, 2.90, 41.610, 286.55, 2.90, 0.000, 12.55, -0.01);
insert into SHOT values (2092, 2081, 2099, 810, 36.330, 297.95, -1.40, 36.330, 297.95, -1.40, 0.000, 6.42, -0.00);
insert into SHOT values (2093, 2081, 2100, 810, 26.800, 259.65, 1.90, 26.800, 259.65, 1.90, 0.000, 170.41, 0.03);
insert into SHOT values (2094, 2081, 2101, 810, 17.610, 268.05, -6.60, 17.610, 268.05, -6.60, 0.000, 111.02, 0.27);
insert into SHOT values (2095, 2101, 2102, 810, 5.930, 222.15, 6.90, 5.930, 222.15, 6.90, 0.000, 191.99, 0.03);
insert into SHOT values (2096, 2101, 2103, 810, 15.130, 265.35, 6.30, 15.130, 265.35, 6.30, 0.000, 7.59, -0.01);
insert into SHOT values (2097, 2101, 2104, 810, 18.150, 300.05, 12.50, 18.150, 300.05, 12.50, 0.000, 269.09, 0.15);
insert into SHOT values (2098, 2101, 2105, 810, 23.510, 318.65, 2.60, 23.510, 318.65, 2.60, 0.000, 185.17, -0.00);
insert into SHOT values (2099, 2101, 2106, 810, 5.760, 1.35, -10.50, 5.760, 1.35, -10.50, 0.000, 343.40, 0.03);
insert into SHOT values (2100, 2101, 2107, 810, 16.550, 354.15, -4.50, 16.550, 354.15, -4.50, 0.000, 15.98, 0.03);
insert into SHOT values (2101, 2101, 2108, 810, 12.090, 7.25, 1.00, 12.090, 7.25, 1.00, 0.000, 192.50, -0.04);
insert into SHOT values (2102, 2101, 2109, 810, 10.560, 30.15, -2.20, 10.560, 30.15, -2.20, 0.000, 9.80, 0.01);
insert into SHOT values (2103, 2101, 2110, 810, 6.810, 14.25, -14.80, 6.810, 14.25, -14.80, 0.000, 358.99, -0.12);
insert into SHOT values (2104, 2101, 2111, 810, 24.160, 11.35, -4.30, 24.160, 11.35, -4.30, 0.000, 104.58, -0.11);
insert into SHOT values (2105, 2101, 2112, 810, 26.340, 27.15, -7.10, 26.340, 27.15, -7.10, 0.000, 170.93, 0.02);
insert into SHOT values (2106, 2101, 2113, 810, 29.940, 359.85, -5.60, 29.940, 359.85, -5.60, 0.000, 161.30, -0.02);
insert into SHOT values (2107, 2101, 2114, 810, 3.270, 256.55, -50.00, 3.270, 256.55, -50.00, 0.000, 179.95, -0.01);
insert into SHOT values (2108, 2101, 2115, 810, 7.180, 267.85, -39.30, 7.180, 267.85, -39.30, 0.000, 176.75, -0.00);
insert into SHOT values (2109, 2101, 2116, 810, 18.540, 274.75, -29.50, 18.540, 274.75, -29.50, 0.000, 341.95, 0.02);
insert into SHOT values (2110, 2101, 2117, 810, 20.520, 274.15, -20.00, 20.520, 274.15, -20.00, 0.000, 30.30, 0.00);
insert into SHOT values (2111, 2101, 2118, 810, 23.130, 272.35, -15.50, 23.130, 272.35, -15.50, 0.000, 172.09, 0.00);
insert into SHOT values (2112, 2101, 2119, 810, 22.110, 268.95, -13.70, 22.110, 268.95, -13.70, 0.000, 169.19, 0.02);
insert into SHOT values (2113, 2101, 2120, 810, 13.060, 262.05, -17.70, 13.060, 262.05, -17.70, 0.000, 359.23, -0.02);
insert into SHOT values (2114, 2101, 2121, 810, 17.720, 279.05, -15.10, 17.720, 279.05, -15.10, 0.000, 173.76, -0.01);
insert into SHOT values (2115, 2101, 2122, 810, 8.390, 285.05, -14.60, 8.390, 285.05, -14.60, 0.000, 354.00, -0.00);
insert into SHOT values (2116, 2101, 2123, 810, 24.480, 271.85, -12.00, 24.480, 271.85, -12.00, 0.000, 167.91, -0.05);
insert into SHOT values (2117, 2123, 2124, 810, 1.320, 3.55, -6.80, 1.320, 3.55, -6.80, 0.000, 180.09, -0.01);
insert into SHOT values (2118, 2123, 2125, 810, 1.260, 340.75, -60.30, 1.260, 340.75, -60.30, 0.000, 186.02, -0.00);
insert into SHOT values (2119, 2123, 2126, 810, 1.400, 7.85, 2.10, 1.400, 7.85, 2.10, 0.000, 6.23, -0.01);
insert into SHOT values (2120, 2123, 2127, 810, 4.410, 305.65, -16.50, 4.410, 305.65, -16.50, 0.000, 161.27, 0.24);
insert into SHOT values (2121, 2123, 2128, 810, 6.610, 283.75, 0.50, 6.610, 283.75, 0.50, 0.000, 347.28, -0.00);
insert into SHOT values (2122, 2123, 2129, 810, 9.800, 289.95, 8.70, 9.800, 289.95, 8.70, 0.000, 8.19, -0.01);
insert into SHOT values (2123, 2123, 2130, 810, 15.670, 296.45, -9.10, 15.670, 296.45, -9.10, 0.000, 193.50, -0.02);
insert into SHOT values (2124, 2123, 2131, 810, 8.170, 288.65, -11.30, 8.170, 288.65, -11.30, 0.000, 354.63, 0.03);
insert into SHOT values (2125, 2123, 2132, 810, 11.790, 297.55, -21.40, 11.790, 297.55, -21.40, 0.000, 257.50, -0.07);
insert into SHOT values (2126, 2123, 2133, 810, 11.890, 292.85, -18.60, 11.890, 292.85, -18.60, 0.000, 353.32, 0.01);
insert into SHOT values (2127, 2123, 2134, 810, 2.470, 300.95, -28.90, 2.470, 300.95, -28.90, 0.000, 190.90, 0.01);
insert into SHOT values (2128, 2123, 2135, 810, 3.760, 82.15, -27.30, 3.760, 82.15, -27.30, 0.000, 8.27, 0.00);
insert into SHOT values (2129, 2123, 2136, 810, 9.350, 83.05, -23.60, 9.350, 83.05, -23.60, 0.000, 197.85, 0.03);
insert into SHOT values (2130, 2123, 2137, 810, 5.820, 100.65, -4.30, 5.820, 100.65, -4.30, 0.000, 324.29, 0.11);
insert into SHOT values (2131, 2123, 2138, 810, 2.490, 72.95, 3.10, 2.490, 72.95, 3.10, 0.000, 350.50, -0.01);
insert into SHOT values (2132, 2123, 2139, 810, 5.420, 301.25, -26.10, 5.420, 301.25, -26.10, 0.000, 353.67, -0.01);
insert into SHOT values (2133, 2139, 2140, 810, 1.400, 226.35, 9.10, 1.400, 226.35, 9.10, 0.000, 182.64, -0.01);
insert into SHOT values (2134, 2139, 2141, 810, 3.170, 274.35, -1.00, 3.170, 274.35, -1.00, 0.000, 166.63, 0.10);
insert into SHOT values (2135, 2139, 2142, 810, 5.910, 284.85, -3.10, 5.910, 284.85, -3.10, 0.000, 190.04, 0.00);
insert into SHOT values (2136, 2139, 2143, 810, 11.180, 293.65, -4.20, 11.180, 293.65, -4.20, 0.000, 178.35, 0.01);
insert into SHOT values (2137, 2139, 2144, 810, 1.350, 302.25, -6.50, 1.350, 302.25, -6.50, 0.000, 170.83, -0.02);
insert into SHOT values (2138, 2139, 2145, 810, 4.520, 300.95, -56.00, 4.520, 300.95, -56.00, 0.000, 349.79, -0.02);
insert into SHOT values (2139, 2139, 2146, 810, 8.060, 284.55, 44.50, 8.060, 284.55, 44.50, 0.000, 356.44, 0.01);
insert into SHOT values (2140, 2139, 2147, 810, 8.770, 239.05, 75.40, 8.770, 239.05, 75.40, 0.000, 10.28, 0.04);
insert into SHOT values (2141, 2139, 2148, 810, 9.150, 292.65, 14.80, 9.150, 292.65, 14.80, 0.000, 330.60, 0.10);
insert into SHOT values (2142, 2139, 2149, 810, 11.430, 288.45, 1.60, 11.430, 288.45, 1.60, 0.000, 352.04, -0.08);
insert into SHOT values (2143, 2139, 2150, 810, 15.710, 291.85, -11.00, 15.710, 291.85, -11.00, 0.000, 184.34, -0.02);
insert into SHOT values (2144, 2139, 2151, 810, 17.360, 293.65, -20.70, 17.360, 293.65, -20.70, 0.000, 1.69, -0.00);
insert into SHOT values (2145, 2139, 2152, 810, 11.400, 292.55, -26.10, 11.400, 292.55, -26.10, 0.000, 159.54, -0.02);
insert into SHOT values (2146, 2152, 2153, 810, 0.640, 23.75, -7.70, 0.640, 23.75, -7.70, 0.000, 186.18, 0.01);
insert into SHOT values (2147, 2152, 2154, 810, 1.460, 356.05, -73.70, 1.460, 356.05, -73.70, 0.000, 335.49, 0.00);
insert into SHOT values (2148, 2152, 2155, 810, 7.850, 248.85, 68.60, 7.850, 248.85, 68.60, 0.000, 178.27, -0.01);
insert into SHOT values (2149, 2152, 2156, 810, 4.190, 134.45, 53.90, 4.190, 134.45, 53.90, 0.000, 338.72, 0.02);
insert into SHOT values (2150, 2152, 2157, 810, 8.860, 124.75, 61.20, 8.860, 124.75, 61.20, 0.000, 161.95, -0.01);
insert into SHOT values (2151, 2152, 2158, 810, 1.890, 97.65, 21.60, 1.890, 97.65, 21.60, 0.000, 8.40, -0.01);
insert into SHOT values (2152, 2152, 2159, 810, 3.070, 105.35, -22.10, 3.070, 105.35, -22.10, 0.000, 359.12, -0.02);
insert into SHOT values (2153, 2152, 2160, 810, 4.490, 106.15, -1.90, 4.490, 106.15, -1.90, 0.000, 173.63, 0.04);
insert into SHOT values (2154, 2152, 2161, 810, 6.230, 109.65, 16.70, 6.230, 109.65, 16.70, 0.000, 344.26, 0.03);
insert into SHOT values (2155, 2152, 2162, 810, 2.720, 288.85, -23.90, 2.720, 288.85, -23.90, 0.000, 170.11, 0.03);
insert into SHOT values (2156, 2152, 2163, 810, 4.780, 292.65, -1.60, 4.780, 292.65, -1.60, 0.000, 109.58, 0.02);
insert into SHOT values (2157, 2152, 2164, 810, 6.600, 276.55, 9.50, 6.600, 276.55, 9.50, 0.000, 18.20, -0.13);
insert into SHOT values (2158, 2152, 2165, 810, 7.070, 278.85, 17.70, 7.070, 278.85, 17.70, 0.000, 7.64, 0.01);
insert into SHOT values (2159, 2152, 2166, 810, 10.310, 285.55, -2.80, 10.310, 285.55, -2.80, 0.000, 348.19, -0.02);
insert into SHOT values (2160, 2152, 2167, 810, 8.330, 291.55, -7.70, 8.330, 291.55, -7.70, 0.000, 185.79, -0.01);
insert into SHOT values (2161, 2152, 2168, 810, 12.160, 286.65, -0.40, 12.160, 286.65, -0.40, 0.000, 3.65, 0.01);
insert into SHOT values (2162, 2012, 2169, 810, 20.190, 27.25, -5.40, 20.204, 27.35, -5.05, 0.129, 83.27, 69.45);
insert into SHOT values (2163, 2169, 2170, 810, 6.690, 93.15, -12.40, 6.690, 93.15, -12.40, 0.000, 309.26, 0.18);
insert into SHOT values (2164, 2169, 2171, 810, 1.990, 90.15, -39.50, 1.990, 90.15, -39.50, 0.000, 238.78, -0.05);
insert into SHOT values (2165, 2169, 2172, 810, 3.430, 12.15, 46.70, 3.430, 12.15, 46.70, 0.000, 185.86, -0.00);
insert into SHOT values (2166, 2169, 2173, 810, 10.210, 1.35, -1.40, 10.210, 1.35, -1.40, 0.000, 338.23, -0.04);
insert into SHOT values (2167, 2169, 2174, 810, 6.420, 131.45, 12.40, 6.420, 131.45, 12.40, 0.000, 198.23, -0.02);
insert into SHOT values (2168, 2169, 2175, 810, 5.740, 44.25, -25.80, 5.740, 44.25, -25.80, 0.000, 348.74, -0.02);
insert into SHOT values (2169, 2169, 2176, 810, 19.690, 54.15, -20.50, 19.690, 54.15, -20.50, 0.000, 216.67, 0.02);
insert into SHOT values (2170, 2169, 2177, 810, 11.490, 32.85, -10.00, 11.490, 32.85, -10.00, 0.000, 146.88, 0.02);
insert into SHOT values (2171, 2169, 2178, 810, 12.160, 26.45, -17.80, 12.160, 26.45, -17.80, 0.000, 347.69, -0.00);
insert into SHOT values (2172, 2169, 2179, 810, 13.940, 21.85, -11.20, 13.940, 21.94, -10.96, 0.063, 82.61, 67.35);
insert into SHOT values (2173, 2179, 2180, 810, 8.980, 136.35, -19.30, 8.980, 136.35, -19.30, 0.000, 4.94, 0.01);
insert into SHOT values (2174, 2179, 2181, 810, 5.340, 100.05, -10.90, 5.340, 100.05, -10.90, 0.000, 185.11, -0.02);
insert into SHOT values (2175, 2179, 2182, 810, 14.200, 77.55, -12.30, 14.200, 77.55, -12.30, 0.000, 189.27, -0.02);
insert into SHOT values (2176, 2179, 2183, 810, 11.940, 59.45, -8.90, 11.940, 59.45, -8.90, 0.000, 183.01, -0.01);
insert into SHOT values (2177, 2179, 2184, 810, 21.440, 45.95, -1.70, 21.440, 45.95, -1.70, 0.000, 166.17, -0.00);
insert into SHOT values (2178, 2179, 2185, 810, 37.240, 32.45, -0.30, 37.240, 32.45, -0.30, 0.000, 357.34, 0.01);
insert into SHOT values (2179, 2179, 2186, 810, 1.990, 28.55, 7.30, 1.990, 28.55, 7.30, 0.000, 308.71, 0.01);
insert into SHOT values (2180, 2179, 2187, 810, 11.230, 28.95, -10.70, 11.230, 28.95, -10.70, 0.000, 174.93, 0.01);
insert into SHOT values (2181, 2179, 2188, 810, 14.600, 6.05, -15.30, 14.600, 6.05, -15.30, 0.000, 156.34, -0.03);
insert into SHOT values (2182, 2179, 2189, 810, 22.940, 344.95, -16.70, 22.940, 344.95, -16.70, 0.000, 162.67, 0.08);
insert into SHOT values (2183, 2179, 2190, 810, 6.700, 337.45, -19.60, 6.700, 337.45, -19.60, 0.000, 240.99, -0.03);
insert into SHOT values (2184, 2179, 2191, 810, 2.330, 337.25, 46.00, 2.330, 337.25, 46.00, 0.000, 356.39, 0.01);
insert into SHOT values (2185, 2179, 2192, 810, 10.540, 312.95, -3.60, 10.540, 312.95, -3.60, 0.000, 175.59, 0.00);
insert into SHOT values (2186, 2179, 2193, 810, 8.990, 283.65, 9.80, 8.990, 283.65, 9.80, 0.000, 5.98, -0.01);
insert into SHOT values (2187, 2179, 2194, 810, 2.110, 298.35, 48.10, 2.110, 298.35, 48.10, 0.000, 193.14, -0.01);
insert into SHOT values (2188, 2179, 2195, 810, 0.890, 105.85, -83.90, 0.890, 105.85, -83.90, 0.000, 353.07, -0.00);
insert into SHOT values (2189, 2179, 2196, 810, 5.770, 127.05, -32.60, 5.770, 127.05, -32.60, 0.000, 339.51, -0.03);
insert into SHOT values (2190, 2179, 2197, 810, 14.700, 97.65, -16.90, 14.700, 97.65, -16.90, 0.000, 199.77, 0.02);
insert into SHOT values (2191, 2179, 2198, 810, 21.040, 30.85, 1.00, 21.072, 30.94, 1.36, 0.139, 82.06, 70.68);
insert into SHOT values (2192, 2198, 2199, 810, 3.860, 221.85, -79.30, 3.860, 221.85, -79.30, 0.000, 189.16, 0.00);
insert into SHOT values (2193, 2198, 2200, 810, 11.390, 133.55, 4.50, 11.390, 133.55, 4.50, 0.000, 169.72, 0.03);
insert into SHOT values (2194, 2198, 2201, 810, 13.090, 174.85, 0.00, 13.090, 174.85, 0.00, 0.000, 182.08, 0.00);
insert into SHOT values (2195, 2198, 2202, 810, 7.930, 178.85, -11.50, 7.930, 178.85, -11.50, 0.000, 354.45, -0.02);
insert into SHOT values (2196, 2198, 2203, 810, 10.220, 87.05, -4.00, 10.220, 87.05, -4.00, 0.000, 356.23, 0.02);
insert into SHOT values (2197, 2198, 2204, 810, 11.080, 93.65, -20.00, 11.080, 93.65, -20.00, 0.000, 181.69, 0.01);
insert into SHOT values (2198, 2198, 2205, 810, 3.850, 57.65, -18.70, 3.850, 57.65, -18.70, 0.000, 197.62, -0.10);
insert into SHOT values (2199, 2198, 2206, 810, 13.920, 50.55, -3.50, 13.920, 50.55, -3.50, 0.000, 7.16, 0.01);
insert into SHOT values (2200, 2198, 2207, 810, 17.520, 34.75, -4.60, 17.520, 34.75, -4.60, 0.000, 174.87, -0.02);
insert into SHOT values (2201, 2198, 2208, 810, 4.550, 31.15, -15.40, 4.550, 31.15, -15.40, 0.000, 187.90, 0.01);
insert into SHOT values (2202, 2198, 2209, 810, 2.230, 31.65, 11.20, 2.230, 31.65, 11.20, 0.000, 9.96, -0.04);
insert into SHOT values (2203, 2198, 2210, 810, 19.090, 256.35, -17.50, 19.090, 256.35, -17.50, 0.000, 190.30, -0.02);
insert into SHOT values (2204, 2198, 2211, 810, 17.470, 245.15, -7.50, 17.470, 245.15, -7.50, 0.000, 351.77, 0.00);
insert into SHOT values (2205, 2198, 2212, 810, 18.340, 225.65, -8.00, 18.340, 225.65, -8.00, 0.000, 17.31, 0.03);
insert into SHOT values (2206, 2198, 2213, 810, 20.080, 234.45, -5.00, 20.080, 234.45, -5.00, 0.000, 3.61, -0.00);
insert into SHOT values (2207, 2198, 2214, 810, 16.130, 219.75, -11.70, 16.130, 219.75, -11.70, 0.000, 181.89, -0.01);
insert into SHOT values (2208, 2198, 2215, 810, 10.890, 235.85, -26.00, 10.890, 235.85, -26.00, 0.000, 182.09, 0.00);
insert into SHOT values (2209, 2198, 2216, 810, 10.050, 289.25, -32.40, 10.050, 289.25, -32.40, 0.000, 357.42, -0.02);
insert into SHOT values (2210, 2198, 2217, 810, 31.910, 284.15, -14.00, 31.910, 284.15, -14.00, 0.000, 351.55, 0.01);
insert into SHOT values (2211, 2198, 2218, 810, 21.030, 305.45, -19.60, 21.030, 305.45, -19.60, 0.000, 186.08, -0.00);
insert into SHOT values (2212, 2198, 2219, 810, 23.570, 316.55, -15.40, 23.570, 316.55, -15.40, 0.000, 181.70, -0.01);
insert into SHOT values (2213, 2198, 2220, 810, 13.460, 331.35, -18.10, 13.460, 331.35, -18.10, 0.000, 189.49, 0.00);
insert into SHOT values (2214, 2198, 2221, 810, 16.920, 297.45, -8.00, 16.920, 297.45, -8.00, 0.000, 161.26, 0.03);
insert into SHOT values (2215, 2198, 2222, 810, 6.830, 290.75, -2.00, 6.830, 290.75, -2.00, 0.000, 338.76, 0.01);
insert into SHOT values (2216, 2198, 2223, 810, 38.120, 294.75, -13.40, 38.120, 294.75, -13.40, 0.000, 354.12, -0.03);
insert into SHOT values (2217, 2198, 2224, 810, 16.480, 33.05, -7.80, 16.504, 33.16, -7.59, 0.073, 79.48, 50.56);
insert into SHOT values (2218, 2224, 2225, 810, 15.020, 349.55, -21.70, 15.020, 349.55, -21.70, 0.000, 193.15, 0.02);
insert into SHOT values (2219, 2224, 2226, 810, 16.270, 315.15, -16.70, 16.270, 315.15, -16.70, 0.000, 179.19, 0.00);
insert into SHOT values (2220, 2224, 2227, 810, 13.970, 293.35, -10.40, 13.970, 293.35, -10.40, 0.000, 150.39, 0.04);
insert into SHOT values (2221, 2224, 2228, 810, 6.220, 91.95, 9.20, 6.220, 91.95, 9.20, 0.000, 207.51, -0.08);
insert into SHOT values (2222, 2224, 2229, 810, 3.610, 104.05, 36.50, 3.610, 104.05, 36.50, 0.000, 7.63, 0.03);
insert into SHOT values (2223, 2224, 2230, 810, 10.240, 122.35, -9.20, 10.240, 122.35, -9.20, 0.000, 184.40, 0.00);
insert into SHOT values (2224, 2224, 2231, 810, 5.330, 93.95, -23.90, 5.330, 93.95, -23.90, 0.000, 356.35, -0.01);
insert into SHOT values (2225, 2224, 2232, 810, 8.040, 53.35, -22.40, 8.040, 53.35, -22.40, 0.000, 185.45, 0.00);
insert into SHOT values (2226, 2224, 2233, 810, 1.390, 150.55, -51.00, 1.390, 150.55, -51.00, 0.000, 173.78, 0.01);
insert into SHOT values (2227, 2224, 2234, 810, 19.840, 94.85, -13.60, 19.840, 94.85, -13.60, 0.000, 169.23, -0.02);
insert into SHOT values (2228, 2224, 2235, 810, 28.500, 95.05, -7.40, 28.500, 95.05, -7.40, 0.000, 176.14, 0.01);
insert into SHOT values (2229, 2224, 2236, 810, 22.400, 96.85, -2.00, 22.400, 96.85, -2.00, 0.000, 190.31, 0.01);
insert into SHOT values (2230, 2224, 2237, 810, 21.980, 78.65, -12.10, 21.980, 78.65, -12.10, 0.000, 4.39, 0.00);
insert into SHOT values (2231, 2224, 2238, 810, 20.840, 108.25, -11.30, 20.840, 108.25, -11.30, 0.000, 356.38, -0.01);
insert into SHOT values (2232, 2224, 2239, 810, 38.500, 95.65, -6.30, 38.476, 95.49, -5.86, 0.316, 9.75, 70.43);
insert into SHOT values (2233, 2239, 2240, 810, 0.630, 196.75, -41.40, 0.630, 196.75, -41.40, 0.000, 6.42, 0.02);
insert into SHOT values (2234, 2239, 2241, 810, 13.190, 186.75, 5.90, 13.190, 186.75, 5.90, 0.000, 338.19, 0.01);
insert into SHOT values (2235, 2239, 2242, 810, 5.330, 215.65, 10.50, 5.330, 215.65, 10.50, 0.000, 180.05, 0.01);
insert into SHOT values (2236, 2239, 2243, 810, 11.040, 250.65, 10.10, 11.040, 250.65, 10.10, 0.000, 4.29, -0.02);
insert into SHOT values (2237, 2239, 2244, 810, 3.510, 288.35, -1.50, 3.510, 288.35, -1.50, 0.000, 7.58, 0.00);
insert into SHOT values (2238, 2239, 2245, 810, 15.110, 173.65, 0.40, 15.110, 173.65, 0.40, 0.000, 78.67, -0.00);
insert into SHOT values (2239, 2239, 2246, 810, 19.540, 154.15, 4.60, 19.540, 154.15, 4.60, 0.000, 4.98, 0.01);
insert into SHOT values (2240, 2239, 2247, 810, 19.440, 135.45, 3.10, 19.440, 135.45, 3.10, 0.000, 158.11, -0.07);
insert into SHOT values (2241, 2239, 2248, 810, 18.770, 119.45, 2.60, 18.770, 119.45, 2.60, 0.000, 44.95, 0.02);
insert into SHOT values (2242, 2239, 2249, 810, 25.440, 102.65, 3.60, 25.440, 102.65, 3.60, 0.000, 1.82, 0.00);
insert into SHOT values (2243, 2239, 2250, 810, 21.560, 94.15, 3.00, 21.560, 94.15, 3.00, 0.000, 183.02, 0.01);
insert into SHOT values (2244, 2239, 2251, 810, 20.150, 88.05, 2.50, 20.150, 88.05, 2.50, 0.000, 173.47, 0.00);
insert into SHOT values (2245, 2239, 2252, 810, 18.580, 74.35, -1.00, 18.580, 74.35, -1.00, 0.000, 5.08, -0.01);
insert into SHOT values (2246, 2239, 2253, 810, 12.400, 60.35, -1.90, 12.400, 60.35, -1.90, 0.000, 8.67, -0.01);
insert into SHOT values (2247, 2239, 2254, 810, 10.850, 30.45, -3.00, 10.850, 30.45, -3.00, 0.000, 46.02, -0.09);
insert into SHOT values (2248, 2239, 2255, 810, 8.170, 317.85, 8.50, 8.170, 317.85, 8.50, 0.000, 359.32, 0.03);
insert into SHOT values (2249, 2239, 2256, 810, 2.890, 303.15, -4.10, 2.890, 303.15, -4.10, 0.000, 163.99, 0.04);
insert into SHOT values (2250, 2239, 2257, 810, 16.520, 289.55, 5.20, 16.520, 289.55, 5.20, 0.000, 189.40, 0.03);
insert into SHOT values (2251, 2239, 2258, 810, 8.620, 284.35, 33.60, 8.620, 284.35, 33.60, 0.000, 218.62, -0.00);
insert into SHOT values (2252, 2239, 2259, 810, 2.580, 311.85, 82.40, 2.580, 311.85, 82.40, 0.000, 170.85, 0.02);
insert into SHOT values (2253, 2239, 2260, 810, 8.140, 145.15, 23.70, 8.140, 145.15, 23.70, 0.000, 174.27, -0.00);
insert into SHOT values (2254, 2239, 2261, 810, 15.660, 150.55, 13.20, 15.660, 150.55, 13.20, 0.000, 354.78, -0.00);
insert into SHOT values (2255, 2239, 2262, 810, 27.220, 157.15, 9.30, 27.220, 157.15, 9.30, 0.000, 186.79, 0.01);
insert into SHOT values (2256, 2239, 2263, 810, 31.340, 139.15, 9.40, 31.340, 139.15, 9.40, 0.000, 356.90, 0.01);
insert into SHOT values (2257, 2239, 2264, 810, 11.810, 94.95, 13.80, 11.810, 94.95, 13.80, 0.000, 208.90, 0.01);
insert into SHOT values (2258, 2239, 2265, 810, 8.910, 79.75, 41.90, 8.910, 79.75, 41.90, 0.000, 193.35, 0.03);
insert into SHOT values (2259, 2239, 2266, 810, 6.750, 43.95, 61.20, 6.750, 43.95, 61.20, 0.000, 184.81, 0.01);
insert into SHOT values (2260, 2239, 2267, 810, 9.810, 66.75, 10.70, 9.810, 66.75, 10.70, 0.000, 189.21, -0.00);
insert into SHOT values (2261, 2239, 2268, 810, 22.920, 99.15, 9.90, 22.920, 99.15, 9.90, 0.000, 254.60, -0.14);
insert into SHOT values (2262, 2239, 2269, 810, 34.180, 146.35, 11.60, 34.180, 146.35, 11.60, 0.000, 189.06, -0.01);
insert into SHOT values (2263, 2239, 2270, 810, 22.900, 93.25, 6.00, 22.840, 93.42, 5.56, 0.198, 214.93, -65.86);
insert into SHOT values (2264, 2270, 2271, 810, 29.240, 350.65, -4.60, 29.240, 350.65, -4.60, 0.000, 65.36, -0.03);
insert into SHOT values (2265, 2270, 2272, 810, 18.430, 9.35, 1.30, 18.430, 9.35, 1.30, 0.000, 24.50, 0.03);
insert into SHOT values (2266, 2270, 2273, 810, 16.880, 30.65, 2.30, 16.880, 30.65, 2.30, 0.000, 349.38, -0.01);
insert into SHOT values (2267, 2270, 2274, 810, 15.850, 55.35, 1.20, 15.850, 55.35, 1.20, 0.000, 353.81, 0.01);
insert into SHOT values (2268, 2270, 2275, 810, 2.670, 333.05, -8.50, 2.670, 333.05, -8.50, 0.000, 165.01, -0.02);
insert into SHOT values (2269, 2270, 2276, 810, 0.970, 354.85, -50.10, 0.970, 354.85, -50.10, 0.000, 352.35, -0.01);
insert into SHOT values (2270, 2270, 2277, 810, 6.910, 188.15, -11.50, 6.910, 188.15, -11.50, 0.000, 173.83, -0.01);
insert into SHOT values (2271, 2270, 2278, 810, 4.660, 151.95, -0.30, 4.660, 151.95, -0.30, 0.000, 358.43, -0.00);
insert into SHOT values (2272, 2270, 2279, 810, 12.030, 113.55, 9.10, 12.030, 113.55, 9.10, 0.000, 173.10, -0.01);
insert into SHOT values (2273, 2270, 2280, 810, 4.910, 106.95, 16.60, 4.910, 106.95, 16.60, 0.000, 187.70, -0.02);
insert into SHOT values (2274, 2270, 2281, 810, 2.150, 65.05, -11.20, 2.150, 65.05, -11.20, 0.000, 185.24, 0.00);
insert into SHOT values (2275, 2270, 2282, 810, 14.360, 58.45, 4.50, 14.360, 58.45, 4.50, 0.000, 161.55, -0.01);
insert into SHOT values (2276, 2270, 2283, 810, 4.480, 54.25, 48.20, 4.480, 54.25, 48.20, 0.000, 221.56, -0.06);
insert into SHOT values (2277, 2270, 2284, 810, 4.580, 25.75, -5.10, 4.580, 25.75, -5.10, 0.000, 15.27, -0.00);
insert into SHOT values (2278, 2270, 2285, 810, 4.870, 356.15, -12.70, 4.870, 356.15, -12.70, 0.000, 354.23, -0.00);
insert into SHOT values (2279, 2270, 2286, 810, 10.830, 342.15, -12.60, 10.830, 342.15, -12.60, 0.000, 195.53, 0.02);
insert into SHOT values (2280, 2270, 2287, 810, 11.720, 73.35, 4.40, 11.667, 73.36, 4.17, 0.070, 249.31, -45.57);
insert into SHOT values (2281, 2287, 2288, 810, 4.770, 21.55, -9.90, 4.770, 21.55, -9.90, 0.000, 193.36, 0.01);
insert into SHOT values (2282, 2287, 2289, 810, 1.780, 294.35, -29.20, 1.780, 294.35, -29.20, 0.000, 12.10, 0.02);
insert into SHOT values (2283, 2287, 2290, 810, 16.170, 273.85, -5.60, 16.170, 273.85, -5.60, 0.000, 352.31, 0.02);
insert into SHOT values (2284, 2287, 2291, 810, 24.550, 295.55, -6.70, 24.550, 295.55, -6.70, 0.000, 169.60, -0.01);
insert into SHOT values (2285, 2287, 2292, 810, 36.650, 304.05, -5.60, 36.650, 304.05, -5.60, 0.000, 49.72, -0.01);
insert into SHOT values (2286, 2287, 2293, 810, 61.480, 314.95, -3.50, 61.480, 314.95, -3.50, 0.000, 173.23, 0.00);
insert into SHOT values (2287, 2287, 2294, 810, 40.860, 317.35, -0.60, 40.860, 317.35, -0.60, 0.000, 217.87, -0.10);
insert into SHOT values (2288, 2287, 2295, 810, 29.750, 326.15, -4.20, 29.750, 326.15, -4.20, 0.000, 169.39, 0.02);
insert into SHOT values (2289, 2287, 2296, 810, 8.860, 222.85, -2.00, 8.860, 222.85, -2.00, 0.000, 186.49, -0.01);
insert into SHOT values (2290, 2287, 2297, 810, 4.040, 192.55, 14.00, 4.040, 192.55, 14.00, 0.000, 357.63, -0.01);
insert into SHOT values (2291, 2287, 2298, 810, 4.810, 218.85, 55.10, 4.810, 218.85, 55.10, 0.000, 293.23, 0.02);
insert into SHOT values (2292, 2287, 2299, 810, 48.350, 319.55, -4.70, 48.350, 319.55, -4.70, 0.000, 0.41, -0.00);
insert into SHOT_FLAG values(2292, 'dpl');
insert into SHOT values (2293, 2287, 2300, 810, 10.470, 200.95, 7.00, 10.470, 200.95, 7.00, 0.000, 0.66, -0.00);
insert into SHOT values (2294, 2287, 2301, 810, 17.890, 114.75, -4.20, 17.890, 114.70, -3.89, 0.097, 47.08, 79.74);
insert into SHOT values (2295, 2301, 2302, 810, 0.690, 234.85, -65.90, 0.690, 234.85, -65.90, 0.000, 14.70, -0.01);
insert into SHOT values (2296, 2301, 2303, 810, 2.780, 134.35, -11.60, 2.780, 134.35, -11.60, 0.000, 213.26, -0.04);
insert into SHOT values (2297, 2301, 2304, 810, 8.780, 116.05, -3.90, 8.780, 116.05, -3.90, 0.000, 177.26, 0.00);
insert into SHOT values (2298, 2301, 2305, 810, 3.430, 70.45, -19.00, 3.430, 70.45, -19.00, 0.000, 351.65, -0.00);
insert into SHOT values (2299, 2301, 2306, 810, 8.240, 46.65, -8.60, 8.240, 46.65, -8.60, 0.000, 186.29, -0.01);
insert into SHOT values (2300, 2301, 2307, 810, 10.400, 86.65, -7.40, 10.400, 86.65, -7.40, 0.000, 188.68, -0.00);
insert into SHOT values (2301, 2301, 2308, 810, 17.050, 80.85, 6.40, 17.050, 80.85, 6.40, 0.000, 175.00, -0.01);
insert into SHOT values (2302, 2301, 2309, 810, 22.410, 86.95, 12.80, 22.410, 86.95, 12.80, 0.000, 183.33, -0.01);
insert into SHOT values (2303, 2301, 2310, 810, 22.970, 95.55, 1.70, 22.970, 95.55, 1.70, 0.000, 3.84, 0.00);
insert into SHOT values (2304, 2301, 2311, 810, 35.100, 92.45, -1.20, 35.100, 92.45, -1.20, 0.000, 27.72, -0.12);
insert into SHOT values (2305, 2301, 2312, 810, 11.460, 102.85, 3.90, 11.460, 102.85, 3.90, 0.000, 10.37, -0.04);
insert into SHOT values (2306, 2301, 2313, 810, 8.180, 13.55, -2.30, 8.180, 13.55, -2.30, 0.000, 186.98, 0.02);
insert into SHOT values (2307, 2301, 2314, 810, 3.270, 336.85, -17.70, 3.270, 336.85, -17.70, 0.000, 186.12, 0.00);
insert into SHOT values (2308, 2301, 2315, 810, 14.780, 329.85, 1.00, 14.780, 329.85, 1.00, 0.000, 187.66, -0.02);
insert into SHOT values (2309, 2301, 2316, 810, 7.010, 234.85, 10.40, 7.010, 234.85, 10.40, 0.000, 11.85, 0.00);
insert into SHOT values (2310, 2301, 2317, 810, 13.020, 192.05, 8.60, 13.020, 192.05, 8.60, 0.000, 1.82, 0.02);
insert into SHOT values (2311, 2301, 2318, 810, 25.410, 169.85, 8.60, 25.410, 169.85, 8.60, 0.000, 198.85, -0.05);
insert into SHOT values (2312, 2301, 2319, 810, 13.100, 164.25, 15.30, 13.100, 164.25, 15.30, 0.000, 345.72, -0.00);
insert into SHOT values (2313, 2301, 2320, 810, 7.390, 151.85, 29.00, 7.390, 151.85, 29.00, 0.000, 8.06, 0.01);
insert into SHOT values (2314, 2301, 2321, 810, 27.510, 152.05, 5.10, 27.510, 152.05, 5.10, 0.000, 181.42, -0.01);
insert into SHOT values (2315, 2301, 2322, 810, 4.910, 161.85, -4.00, 4.910, 161.85, -4.00, 0.000, 16.67, -0.02);
insert into SHOT values (2316, 2301, 2323, 810, 33.760, 157.85, 5.50, 33.760, 157.85, 5.50, 0.000, 111.85, 0.06);
insert into SHOT_FLAG values(2316, 'dpl');
insert into SHOT values (2317, 2301, 2324, 810, 45.860, 89.25, 1.20, 45.860, 89.25, 1.20, 0.000, 257.83, -0.06);
insert into SHOT values (2318, 2324, 2325, 810, 5.990, 160.05, 1.60, 5.990, 160.05, 1.60, 0.000, 7.11, 0.01);
insert into SHOT values (2319, 2324, 2326, 810, 7.680, 125.95, 13.50, 7.680, 125.95, 13.50, 0.000, 177.53, -0.02);
insert into SHOT values (2320, 2324, 2327, 810, 9.020, 101.85, 16.60, 9.020, 101.85, 16.60, 0.000, 52.44, -0.03);
insert into SHOT values (2321, 2324, 2328, 810, 1.140, 39.65, 11.20, 1.140, 39.65, 11.20, 0.000, 350.45, 0.02);
insert into SHOT values (2322, 2324, 2329, 810, 2.420, 55.15, -23.40, 2.420, 55.15, -23.40, 0.000, 199.68, 0.02);
insert into SHOT values (2323, 2324, 2330, 810, 1.290, 18.05, -62.20, 1.290, 18.05, -62.20, 0.000, 25.79, -0.01);
insert into SHOT values (2324, 2324, 2331, 810, 5.500, 211.05, 5.30, 5.500, 211.05, 5.30, 0.000, 356.09, 0.01);
insert into SHOT values (2325, 2324, 2332, 810, 7.730, 239.35, -13.50, 7.730, 239.35, -13.50, 0.000, 7.69, 0.02);
insert into SHOT values (2326, 2324, 2333, 810, 5.650, 279.25, -5.70, 5.650, 279.25, -5.70, 0.000, 2.58, 0.01);
insert into SHOT values (2327, 2324, 2334, 810, 13.350, 262.05, 5.80, 13.350, 262.05, 5.80, 0.000, 6.66, 0.01);
insert into SHOT values (2328, 2324, 2335, 810, 14.380, 259.85, -0.90, 14.380, 259.85, -0.90, 0.000, 3.86, 0.04);
insert into SHOT values (2329, 2324, 2336, 810, 21.990, 265.45, -7.30, 21.990, 265.45, -7.30, 0.000, 186.25, -0.01);
insert into SHOT values (2330, 2324, 2337, 810, 6.990, 144.05, 4.20, 6.990, 144.05, 4.20, 0.000, 351.31, -0.00);
insert into SHOT values (2331, 2324, 2338, 810, 7.320, 123.45, 13.70, 7.320, 123.45, 13.70, 0.000, 176.67, -0.03);
insert into SHOT values (2332, 2324, 2339, 810, 8.870, 102.25, 17.70, 8.870, 102.25, 17.70, 0.000, 353.21, 0.01);
insert into SHOT values (2333, 2324, 2340, 810, 3.410, 162.75, 33.30, 3.410, 162.75, 33.30, 0.000, 158.21, 0.02);
insert into SHOT values (2334, 2324, 2341, 810, 3.380, 141.35, -7.50, 3.380, 141.35, -7.50, 0.000, 9.38, 0.06);
insert into SHOT values (2335, 2324, 2342, 810, 7.210, 115.05, 11.20, 7.210, 115.05, 11.20, 0.000, 24.29, 0.02);
insert into SHOT values (2336, 2324, 2343, 810, 1.320, 93.35, -6.40, 1.320, 93.35, -6.40, 0.000, 169.83, 0.02);
insert into SHOT values (2337, 2324, 2344, 810, 7.920, 82.35, -31.00, 7.920, 82.35, -31.00, 0.000, 0.03, 0.01);
insert into SHOT values (2338, 2324, 2345, 810, 7.500, 79.15, -11.30, 7.500, 79.15, -11.30, 0.000, 164.72, 0.06);
insert into SHOT values (2339, 2324, 2346, 810, 5.110, 86.25, -10.00, 5.110, 86.25, -10.00, 0.000, 171.08, -0.01);
insert into SHOT values (2340, 2324, 2347, 810, 4.910, 81.75, -1.60, 4.910, 81.75, -1.60, 0.000, 178.47, -0.00);
insert into SHOT values (2341, 2324, 2348, 810, 18.300, 83.75, -1.00, 18.300, 83.75, -1.00, 0.000, 177.50, 0.01);
insert into SHOT values (2342, 2348, 2349, 810, 1.000, 83.75, 0.00, 1.000, 83.75, 0.00, 0.000, 188.20, 0.00);
insert into SHOT values (2343, 2301, 2350, 810, 13.640, 262.65, 16.60, 13.640, 262.65, 16.60, 0.000, 17.96, 0.00);
insert into SHOT values (2344, 2350, 2351, 810, 1.360, 357.25, -7.50, 1.360, 357.25, -7.50, 0.000, 8.15, -0.00);
insert into SHOT values (2345, 2350, 2352, 810, 1.300, 318.85, -56.10, 1.300, 318.85, -56.10, 0.000, 276.46, -0.10);
insert into SHOT values (2346, 2350, 2353, 810, 11.040, 310.85, 72.10, 11.040, 310.85, 72.10, 0.000, 340.84, 0.02);
insert into SHOT values (2347, 2350, 2354, 810, 6.410, 290.05, 23.20, 6.410, 290.05, 23.20, 0.000, 1.33, 0.00);
insert into SHOT values (2348, 2350, 2355, 810, 10.800, 281.95, 38.10, 10.800, 281.95, 38.10, 0.000, 185.50, 0.01);
insert into SHOT values (2349, 2350, 2356, 810, 6.390, 274.15, -21.00, 6.390, 274.15, -21.00, 0.000, 352.41, 0.00);
insert into SHOT values (2350, 2350, 2357, 810, 6.450, 287.55, -16.50, 6.450, 287.55, -16.50, 0.000, 171.09, -0.03);
insert into SHOT values (2351, 2301, 2358, 810, 19.150, 157.55, 5.80, 19.174, 157.42, 6.12, 0.117, 84.64, 68.16);
insert into SHOT values (2352, 2358, 2359, 810, 7.040, 62.05, 2.80, 7.040, 62.05, 2.80, 0.000, 343.53, -0.02);
insert into SHOT values (2353, 2358, 2360, 810, 4.760, 37.75, 1.00, 4.760, 37.75, 1.00, 0.000, 5.32, 0.03);
insert into SHOT values (2354, 2358, 2361, 810, 6.350, 83.15, -2.60, 6.350, 83.15, -2.60, 0.000, 177.51, -0.00);
insert into SHOT values (2355, 2358, 2362, 810, 7.030, 117.95, -1.30, 7.030, 117.95, -1.30, 0.000, 187.38, 0.01);
insert into SHOT values (2356, 2358, 2363, 810, 9.600, 137.95, -0.20, 9.600, 137.95, -0.20, 0.000, 50.15, -0.08);
insert into SHOT values (2357, 2358, 2364, 810, 11.970, 151.05, 0.90, 11.970, 151.05, 0.90, 0.000, 0.81, -0.01);
insert into SHOT values (2358, 2358, 2365, 810, 14.780, 163.35, 2.70, 14.780, 163.35, 2.70, 0.000, 352.53, 0.01);
insert into SHOT values (2359, 2358, 2366, 810, 7.680, 186.25, 8.40, 7.680, 186.25, 8.40, 0.000, 185.14, -0.01);
insert into SHOT values (2360, 2358, 2367, 810, 3.430, 151.35, -6.90, 3.430, 151.35, -6.90, 0.000, 181.21, -0.02);
insert into SHOT values (2361, 2358, 2368, 810, 14.470, 160.85, 5.50, 14.470, 160.85, 5.50, 0.000, 186.80, -0.00);
insert into SHOT values (2362, 2358, 2369, 810, 5.090, 153.65, 13.90, 5.090, 153.65, 13.90, 0.000, 351.45, -0.01);
insert into SHOT values (2363, 2358, 2370, 810, 1.380, 150.85, 46.60, 1.380, 150.85, 46.60, 0.000, 169.19, -0.02);
insert into SHOT values (2364, 2358, 2371, 810, 2.710, 250.15, 73.00, 2.710, 250.15, 73.00, 0.000, 182.51, -0.01);
insert into SHOT values (2365, 2358, 2372, 810, 6.910, 226.85, 14.50, 6.910, 226.85, 14.50, 0.000, 178.27, -0.00);
insert into SHOT values (2366, 2358, 2373, 810, 7.510, 255.65, 13.50, 7.510, 255.65, 13.50, 0.000, 213.86, 0.02);
insert into SHOT values (2367, 2358, 2374, 810, 8.380, 281.65, 6.60, 8.380, 281.65, 6.60, 0.000, 15.62, -0.03);
insert into SHOT values (2368, 2358, 2375, 810, 9.220, 13.35, -4.20, 9.220, 13.35, -4.20, 0.000, 4.19, 0.01);
insert into SHOT values (2369, 2358, 2376, 810, 4.020, 346.05, -13.60, 4.020, 346.05, -13.60, 0.000, 353.30, -0.03);
insert into SHOT values (2370, 2358, 2377, 810, 7.800, 209.65, 16.00, 7.800, 209.65, 16.00, 0.000, 173.58, 0.00);
insert into SHOT values (2371, 2377, 2378, 810, 7.880, 209.45, 16.20, 7.880, 209.45, 16.20, 0.000, 190.06, -0.02);
insert into SHOT values (2372, 2377, 2379, 810, 0.920, 343.85, 12.80, 0.920, 343.85, 12.80, 0.000, 6.95, 0.00);
insert into SHOT values (2373, 2377, 2380, 810, 0.750, 139.85, 12.70, 0.750, 139.85, 12.70, 0.000, 4.13, -0.01);
insert into SHOT values (2374, 2377, 2381, 810, 1.520, 276.95, 44.80, 1.520, 276.95, 44.80, 0.000, 355.30, -0.01);
insert into SHOT values (2375, 2377, 2382, 810, 4.670, 291.85, 60.30, 4.670, 291.85, 60.30, 0.000, 179.05, -0.03);
insert into SHOT values (2376, 2377, 2383, 810, 7.250, 307.35, 65.60, 7.250, 307.35, 65.60, 0.000, 180.34, -0.01);
insert into SHOT values (2377, 2377, 2384, 810, 7.610, 359.95, 71.10, 7.610, 359.95, 71.10, 0.000, 142.32, 0.31);
insert into SHOT values (2378, 2377, 2385, 810, 2.750, 47.75, 61.60, 2.750, 47.75, 61.60, 0.000, 359.09, -0.00);
insert into SHOT values (2379, 2377, 2386, 810, 3.270, 319.55, 78.00, 3.270, 319.55, 78.00, 0.000, 186.96, 0.03);
insert into SHOT values (2380, 2377, 2387, 810, 0.990, 138.85, 76.00, 0.990, 138.85, 76.00, 0.000, 8.49, 0.01);
insert into SHOT values (2381, 2377, 2388, 810, 15.050, 347.75, 73.00, 15.050, 347.75, 73.00, 0.000, 183.31, -0.02);
insert into SHOT values (2382, 2388, 2389, 810, 14.400, 347.85, 73.10, 14.400, 347.85, 73.10, 0.000, 351.34, 0.03);
insert into SHOT values (2383, 2358, 2390, 810, 11.110, 158.55, 0.90, 11.114, 158.47, 1.10, 0.042, 81.72, 67.29);
insert into SHOT values (2384, 2390, 2391, 810, 2.750, 104.75, -2.40, 2.750, 104.75, -2.40, 0.000, 184.50, 0.04);
insert into SHOT values (2385, 2390, 2392, 810, 0.540, 119.25, -62.50, 0.540, 119.25, -62.50, 0.000, 5.91, -0.02);
insert into SHOT values (2386, 2390, 2393, 810, 2.070, 186.05, 44.90, 2.070, 186.05, 44.90, 0.000, 353.19, -0.00);
insert into SHOT values (2387, 2390, 2394, 810, 2.730, 219.15, 11.10, 2.730, 219.15, 11.10, 0.000, 187.68, -0.01);
insert into SHOT values (2388, 2390, 2395, 810, 4.350, 224.05, 4.70, 4.350, 224.05, 4.70, 0.000, 0.90, -0.00);
insert into SHOT values (2389, 2390, 2396, 810, 5.220, 246.75, -3.40, 5.220, 246.75, -3.40, 0.000, 331.97, 0.04);
insert into SHOT values (2390, 2390, 2397, 810, 5.370, 276.45, 2.60, 5.370, 276.45, 2.60, 0.000, 179.11, 0.02);
insert into SHOT values (2391, 2390, 2398, 810, 1.860, 225.15, -17.90, 1.860, 225.15, -17.90, 0.000, 171.77, -0.02);
insert into SHOT values (2392, 2390, 2399, 810, 5.370, 220.95, -7.20, 5.370, 220.95, -7.20, 0.000, 319.09, -0.02);
insert into SHOT values (2393, 2390, 2400, 810, 8.290, 201.35, -0.80, 8.290, 201.35, -0.80, 0.000, 351.35, -0.00);
insert into SHOT values (2394, 2390, 2401, 810, 12.950, 213.55, -0.70, 12.950, 213.55, -0.70, 0.000, 3.71, -0.00);
insert into SHOT values (2395, 2390, 2402, 810, 8.670, 224.05, -3.90, 8.670, 224.05, -3.90, 0.000, 356.67, 0.01);
insert into SHOT values (2396, 2390, 2403, 810, 5.280, 43.15, 5.90, 5.280, 43.15, 5.90, 0.000, 57.87, -0.05);
insert into SHOT values (2397, 2390, 2404, 810, 6.070, 14.85, -0.80, 6.070, 14.85, -0.80, 0.000, 184.36, -0.01);
insert into SHOT values (2398, 2390, 2405, 810, 2.050, 332.05, 48.00, 2.050, 332.05, 48.00, 0.000, 346.66, 0.00);
insert into SHOT values (2399, 2390, 2406, 810, 5.890, 335.85, 12.70, 5.890, 335.85, 12.70, 0.000, 176.42, -0.01);
insert into SHOT values (2400, 2390, 2407, 810, 5.800, 289.55, 4.20, 5.800, 289.55, 4.20, 0.000, 204.49, -0.00);
insert into SHOT values (2401, 2390, 2408, 810, 2.880, 338.15, -10.50, 2.880, 338.15, -10.50, 0.000, 357.20, 0.00);
insert into SHOT values (2402, 2390, 2409, 810, 27.210, 223.65, -2.40, 27.152, 223.59, -1.95, 0.225, 73.69, 75.30);
insert into SHOT values (2403, 2409, 2410, 810, 17.940, 242.95, -6.80, 17.940, 242.95, -6.80, 0.000, 161.16, -0.03);
insert into SHOT values (2404, 2409, 2411, 810, 3.700, 205.55, 79.80, 3.700, 205.55, 79.80, 0.000, 359.39, -0.01);
insert into SHOT values (2405, 2409, 2412, 810, 6.230, 238.65, 30.50, 6.230, 238.65, 30.50, 0.000, 186.63, 0.02);
insert into SHOT values (2406, 2409, 2413, 810, 12.330, 75.85, 14.10, 12.330, 75.85, 14.10, 0.000, 271.46, -0.00);
insert into SHOT values (2407, 2409, 2414, 810, 23.870, 96.45, 4.20, 23.870, 96.45, 4.20, 0.000, 9.42, -0.02);
insert into SHOT values (2408, 2409, 2415, 810, 41.960, 115.35, -1.00, 41.960, 115.35, -1.00, 0.000, 353.36, 0.01);
insert into SHOT values (2409, 2409, 2416, 810, 43.640, 122.55, -0.30, 43.640, 122.55, -0.30, 0.000, 183.38, -0.01);
insert into SHOT values (2410, 2409, 2417, 810, 41.100, 130.35, 0.00, 41.100, 130.35, 0.00, 0.000, 4.96, 0.00);
insert into SHOT values (2411, 2409, 2418, 810, 40.580, 146.25, 0.20, 40.580, 146.25, 0.20, 0.000, 355.07, -0.00);
insert into SHOT values (2412, 2409, 2419, 810, 46.720, 160.25, -1.50, 46.720, 160.25, -1.50, 0.000, 171.74, 0.01);
insert into SHOT values (2413, 2409, 2420, 810, 28.570, 174.75, 0.30, 28.570, 174.75, 0.30, 0.000, 6.71, 0.00);
insert into SHOT values (2414, 2409, 2421, 810, 24.980, 207.15, 2.60, 24.980, 207.15, 2.60, 0.000, 356.75, 0.00);
insert into SHOT values (2415, 2409, 2422, 810, 18.020, 226.75, 1.10, 18.020, 226.75, 1.10, 0.000, 357.21, -0.03);
insert into SHOT values (2416, 2409, 2423, 810, 4.970, 191.65, -12.40, 4.970, 191.65, -12.40, 0.000, 170.85, 0.02);
insert into SHOT values (2417, 2409, 2424, 810, 10.200, 165.95, -6.10, 10.200, 165.95, -6.10, 0.000, 6.67, -0.00);
insert into SHOT values (2418, 2409, 2425, 810, 19.320, 182.85, -5.10, 19.320, 182.85, -5.10, 0.000, 5.68, -0.01);
insert into SHOT values (2419, 2409, 2426, 810, 14.860, 141.85, -4.20, 14.860, 141.85, -4.20, 0.000, 4.75, -0.00);
insert into SHOT values (2420, 2409, 2427, 810, 21.340, 153.15, 3.70, 21.340, 153.15, 3.70, 0.000, 176.20, 0.01);
insert into SHOT values (2421, 2409, 2428, 810, 10.070, 170.45, 16.40, 10.070, 170.45, 16.40, 0.000, 333.06, 0.02);
insert into SHOT values (2422, 2409, 2429, 810, 11.210, 311.05, 14.80, 11.210, 311.05, 14.80, 0.000, 357.55, 0.02);
insert into SHOT values (2423, 2409, 2430, 810, 27.290, 304.95, 8.20, 27.290, 304.95, 8.20, 0.000, 194.75, 0.02);
insert into SHOT values (2424, 2409, 2431, 810, 35.640, 301.35, 5.10, 35.640, 301.35, 5.10, 0.000, 176.55, 0.02);
insert into SHOT values (2425, 2409, 2432, 810, 23.770, 319.85, 8.30, 23.770, 319.85, 8.30, 0.000, 174.05, -0.01);
insert into SHOT values (2426, 2409, 2433, 810, 23.600, 311.15, 3.00, 23.600, 311.15, 3.00, 0.000, 11.03, 0.05);
insert into SHOT values (2427, 2409, 2434, 810, 13.270, 304.75, -5.10, 13.270, 304.75, -5.10, 0.000, 187.37, -0.01);
insert into SHOT values (2428, 2409, 2435, 810, 21.770, 272.25, -3.50, 21.770, 272.25, -3.50, 0.000, 358.52, -0.01);
insert into SHOT values (2429, 2409, 2436, 810, 9.110, 355.55, 8.20, 9.110, 355.55, 8.20, 0.000, 324.56, 0.09);
insert into SHOT values (2430, 2409, 2437, 810, 16.160, 18.25, 3.90, 16.160, 18.25, 3.90, 0.000, 173.45, -0.01);
insert into SHOT values (2431, 2409, 2438, 810, 20.500, 32.45, 3.40, 20.500, 32.45, 3.40, 0.000, 356.46, 0.02);
insert into SHOT values (2432, 2409, 2439, 810, 9.570, 37.65, -1.20, 9.570, 37.65, -1.20, 0.000, 313.60, -0.07);
insert into SHOT values (2433, 2409, 2440, 810, 2.610, 32.85, -10.20, 2.610, 32.85, -10.20, 0.000, 355.93, -0.01);
insert into SHOT values (2434, 2409, 2441, 810, 11.700, 56.45, 4.70, 11.700, 56.45, 4.70, 0.000, 96.14, 0.07);
insert into SHOT values (2435, 2409, 2442, 810, 13.740, 49.95, 3.70, 13.740, 49.95, 3.70, 0.000, 179.47, -0.04);
insert into SHOT values (2436, 2409, 2443, 810, 14.130, 39.25, 8.40, 14.130, 39.25, 8.40, 0.000, 186.91, 0.00);
insert into SHOT values (2437, 2409, 2444, 810, 7.280, 37.35, 16.30, 7.280, 37.35, 16.30, 0.000, 2.64, 0.01);
insert into SHOT values (2438, 2409, 2445, 810, 6.880, 28.65, 56.70, 6.880, 28.65, 56.70, 0.000, 358.37, 0.01);
insert into SHOT values (2439, 2409, 2446, 810, 29.490, 307.95, 6.80, 29.490, 307.95, 6.80, 0.000, 179.25, -0.00);
insert into SHOT values (2440, 2409, 2447, 810, 13.460, 211.85, -8.90, 13.460, 211.85, -8.90, 0.000, 356.96, 0.01);
insert into SHOT values (2441, 2447, 2448, 810, 6.810, 261.15, -21.60, 6.810, 261.15, -21.60, 0.000, 181.84, 0.01);
insert into SHOT values (2442, 2447, 2449, 810, 7.820, 228.95, -19.80, 7.820, 228.95, -19.80, 0.000, 358.84, 0.00);
insert into SHOT values (2443, 2447, 2450, 810, 5.940, 241.45, -24.40, 5.940, 241.45, -24.40, 0.000, 8.80, -0.01);
insert into SHOT values (2444, 2447, 2451, 810, 5.720, 247.25, -24.90, 5.720, 247.25, -24.90, 0.000, 229.23, -0.08);
insert into SHOT values (2445, 2447, 2452, 810, 5.800, 265.25, -17.80, 5.800, 265.25, -17.80, 0.000, 189.64, -0.02);
insert into SHOT values (2446, 2447, 2453, 810, 11.170, 296.65, 2.30, 11.170, 296.65, 2.30, 0.000, 68.38, 0.05);
insert into SHOT values (2447, 2447, 2454, 810, 5.210, 313.65, 55.80, 5.210, 313.65, 55.80, 0.000, 327.94, -0.05);
insert into SHOT values (2448, 2447, 2455, 810, 8.210, 176.95, 34.80, 8.210, 176.95, 34.80, 0.000, 178.19, -0.03);
insert into SHOT values (2449, 2447, 2456, 810, 16.090, 202.45, 16.10, 16.090, 202.45, 16.10, 0.000, 345.93, 0.04);
insert into SHOT values (2450, 2447, 2457, 810, 1.530, 245.35, -36.50, 1.530, 245.35, -36.50, 0.000, 196.56, -0.04);
insert into SHOT values (2451, 2447, 2458, 810, 2.680, 244.25, -29.60, 2.680, 244.25, -29.60, 0.000, 214.19, -0.04);
insert into SHOT values (2452, 2447, 2459, 810, 10.760, 246.25, -22.90, 10.760, 246.25, -22.90, 0.000, 15.73, -0.04);
insert into SHOT values (2453, 2459, 2460, 810, 2.870, 254.95, -21.80, 2.870, 254.95, -21.80, 0.000, 192.06, 0.03);
insert into SHOT values (2454, 2459, 2461, 810, 6.620, 287.95, -16.80, 6.620, 287.95, -16.80, 0.000, 5.58, -0.02);
insert into SHOT values (2455, 2459, 2462, 810, 7.320, 311.55, -10.00, 7.320, 311.55, -10.00, 0.000, 283.73, 0.01);
insert into SHOT values (2456, 2459, 2463, 810, 3.410, 335.25, -2.10, 3.410, 335.25, -2.10, 0.000, 7.76, -0.01);
insert into SHOT values (2457, 2459, 2464, 810, 2.070, 298.55, 2.30, 2.070, 298.55, 2.30, 0.000, 6.81, -0.04);
insert into SHOT values (2458, 2459, 2465, 810, 6.740, 295.05, -12.10, 6.740, 295.05, -12.10, 0.000, 359.30, 0.02);
insert into SHOT values (2459, 2459, 2466, 810, 5.160, 304.75, -18.90, 5.160, 304.75, -18.90, 0.000, 7.39, 0.02);
insert into SHOT values (2460, 2459, 2467, 810, 2.460, 305.35, -25.70, 2.460, 305.35, -25.70, 0.000, 1.90, -0.01);
insert into SHOT values (2461, 2459, 2468, 810, 1.490, 215.05, -23.50, 1.490, 215.05, -23.50, 0.000, 11.58, 0.01);
insert into SHOT values (2462, 2459, 2469, 810, 0.380, 297.35, 55.50, 0.380, 297.35, 55.50, 0.000, 355.23, 0.01);
insert into SHOT values (2463, 2459, 2470, 810, 0.290, 235.25, -72.70, 0.290, 235.25, -72.70, 0.000, 356.47, 0.01);
insert into SHOT values (2464, 2459, 2471, 810, 7.680, 294.45, -19.00, 7.680, 294.45, -19.00, 0.000, 187.32, 0.01);
insert into SHOT values (2465, 2459, 2472, 810, 8.070, 293.65, -20.30, 8.070, 293.65, -20.30, 0.000, 181.05, -0.01);
insert into SHOT values (2466, 2459, 2473, 810, 7.660, 293.55, -20.40, 7.660, 293.55, -20.40, 0.000, 184.79, -0.01);
insert into SHOT values (2467, 2459, 2474, 810, 7.950, 293.55, -20.30, 7.950, 293.55, -20.30, 0.000, 340.17, -0.02);
insert into SHOT values (2468, 2409, 2475, 810, 21.610, 142.15, -0.50, 21.628, 142.05, -0.13, 0.145, 78.15, 72.98);
insert into SHOT values (2469, 2475, 2476, 810, 18.860, 47.85, -1.40, 18.860, 47.85, -1.40, 0.000, 346.53, -0.01);
insert into SHOT values (2470, 2475, 2477, 810, 13.780, 21.15, -0.60, 13.780, 21.15, -0.60, 0.000, 81.83, -0.22);
insert into SHOT values (2471, 2475, 2478, 810, 21.850, 66.85, -1.50, 21.850, 66.85, -1.50, 0.000, 1.78, -0.01);
insert into SHOT values (2472, 2475, 2479, 810, 6.660, 72.35, 5.70, 6.660, 72.35, 5.70, 0.000, 303.55, 0.11);
insert into SHOT values (2473, 2475, 2480, 810, 2.520, 89.15, 29.40, 2.520, 89.15, 29.40, 0.000, 12.86, 0.02);
insert into SHOT values (2474, 2475, 2481, 810, 21.890, 85.45, -0.50, 21.890, 85.45, -0.50, 0.000, 176.92, -0.00);
insert into SHOT values (2475, 2475, 2482, 810, 25.990, 98.15, -1.60, 25.990, 98.15, -1.60, 0.000, 168.20, 0.04);
insert into SHOT values (2476, 2475, 2483, 810, 22.280, 113.95, -1.60, 22.280, 113.95, -1.60, 0.000, 187.97, -0.03);
insert into SHOT values (2477, 2475, 2484, 810, 2.400, 128.65, -3.90, 2.400, 128.65, -3.90, 0.000, 221.61, -0.13);
insert into SHOT values (2478, 2475, 2485, 810, 20.550, 157.35, -0.50, 20.550, 157.35, -0.50, 0.000, 9.57, -0.01);
insert into SHOT values (2479, 2475, 2486, 810, 21.770, 172.05, -2.80, 21.770, 172.05, -2.80, 0.000, 36.43, 0.10);
insert into SHOT values (2480, 2475, 2487, 810, 19.580, 181.05, -0.70, 19.580, 181.05, -0.70, 0.000, 331.34, -0.07);
insert into SHOT values (2481, 2475, 2488, 810, 19.380, 196.95, -3.90, 19.380, 196.95, -3.90, 0.000, 200.24, -0.01);
insert into SHOT values (2482, 2475, 2489, 810, 5.730, 183.75, -10.00, 5.730, 183.75, -10.00, 0.000, 173.77, -0.01);
insert into SHOT values (2483, 2475, 2490, 810, 15.500, 183.15, -7.00, 15.500, 183.15, -7.00, 0.000, 4.91, -0.01);
insert into SHOT values (2484, 2475, 2491, 810, 5.090, 156.55, -7.30, 5.090, 156.55, -7.30, 0.000, 187.38, -0.01);
insert into SHOT values (2485, 2475, 2492, 810, 5.570, 180.35, 13.90, 5.570, 180.35, 13.90, 0.000, 7.92, -0.02);
insert into SHOT values (2486, 2475, 2493, 810, 1.930, 144.45, 48.50, 1.930, 144.45, 48.50, 0.000, 359.57, 0.01);
insert into SHOT values (2487, 2475, 2494, 810, 20.730, 357.95, 3.00, 20.730, 357.95, 3.00, 0.000, 35.95, 0.05);
insert into SHOT values (2488, 2475, 2495, 810, 18.540, 235.55, 0.80, 18.540, 235.55, 0.80, 0.000, 173.04, 0.04);
insert into SHOT values (2489, 2475, 2496, 810, 22.460, 261.65, 4.40, 22.460, 261.65, 4.40, 0.000, 29.00, 0.01);
insert into SHOT values (2490, 2475, 2497, 810, 3.070, 271.85, -12.10, 3.070, 271.85, -12.10, 0.000, 175.09, -0.02);
insert into SHOT values (2491, 2475, 2498, 810, 5.580, 273.65, 17.80, 5.580, 273.65, 17.80, 0.000, 175.55, -0.01);
insert into SHOT values (2492, 2475, 2499, 810, 26.730, 176.95, -3.20, 26.722, 176.74, -2.75, 0.230, 88.77, 65.55);
insert into SHOT values (2493, 2499, 2500, 810, 3.390, 104.25, 70.90, 3.390, 104.25, 70.90, 0.000, 156.37, 0.03);
insert into SHOT values (2494, 2499, 2501, 810, 3.570, 74.45, 2.30, 3.570, 74.45, 2.30, 0.000, 82.16, 0.20);
insert into SHOT values (2495, 2499, 2502, 810, 0.560, 180.35, -28.20, 0.560, 180.35, -28.20, 0.000, 175.57, 0.00);
insert into SHOT values (2496, 2499, 2503, 810, 8.120, 235.45, 5.70, 8.120, 235.45, 5.70, 0.000, 3.30, -0.01);
insert into SHOT values (2497, 2499, 2504, 810, 4.450, 230.45, 40.50, 4.450, 230.45, 40.50, 0.000, 183.24, 0.01);
insert into SHOT values (2498, 2499, 2505, 810, 13.320, 181.05, 9.50, 13.320, 181.05, 9.50, 0.000, 6.75, -0.00);
insert into SHOT values (2499, 2499, 2506, 810, 19.880, 163.15, 7.80, 19.880, 163.15, 7.80, 0.000, 347.60, 0.01);
insert into SHOT values (2500, 2499, 2507, 810, 26.690, 135.15, 3.60, 26.690, 135.15, 3.60, 0.000, 171.99, 0.01);
insert into SHOT values (2501, 2499, 2508, 810, 9.580, 125.25, 4.40, 9.580, 125.25, 4.40, 0.000, 180.69, 0.02);
insert into SHOT values (2502, 2499, 2509, 810, 8.890, 145.25, 1.30, 8.890, 145.25, 1.30, 0.000, 335.84, 0.01);
insert into SHOT values (2503, 2499, 2510, 810, 12.170, 155.15, 5.00, 12.170, 155.15, 5.00, 0.000, 2.77, -0.01);
insert into SHOT values (2504, 2499, 2511, 810, 7.840, 143.15, 33.80, 7.840, 143.15, 33.80, 0.000, 359.49, -0.02);
insert into SHOT values (2505, 2499, 2512, 810, 16.740, 147.45, 14.00, 16.740, 147.45, 14.00, 0.000, 186.63, 0.01);
insert into SHOT values (2506, 2499, 2513, 810, 3.650, 140.35, 65.00, 3.650, 140.35, 65.00, 0.000, 168.16, -0.02);
insert into SHOT values (2507, 2499, 2514, 810, 5.140, 22.95, -1.70, 5.140, 22.95, -1.70, 0.000, 183.47, -0.02);
insert into SHOT values (2508, 2499, 2515, 810, 5.460, 356.55, 10.60, 5.460, 356.55, 10.60, 0.000, 342.51, 0.03);
insert into SHOT values (2509, 2499, 2516, 810, 5.320, 327.75, 7.80, 5.320, 327.75, 7.80, 0.000, 187.69, 0.01);
insert into SHOT values (2510, 2499, 2517, 810, 0.340, 309.15, -4.80, 0.340, 309.15, -4.80, 0.000, 167.73, -0.02);
insert into SHOT values (2511, 2499, 2518, 810, 1.490, 318.25, -21.20, 1.490, 318.25, -21.20, 0.000, 3.85, -0.03);
insert into SHOT values (2512, 2499, 2519, 810, 3.940, 339.75, -15.30, 3.940, 339.75, -15.30, 0.000, 173.38, -0.01);
insert into SHOT values (2513, 2499, 2520, 810, 8.770, 345.35, -5.40, 8.770, 345.35, -5.40, 0.000, 6.25, -0.01);
insert into SHOT values (2514, 2499, 2521, 810, 5.570, 349.05, 12.40, 5.570, 349.05, 12.40, 0.000, 5.57, 0.01);
insert into SHOT values (2515, 2499, 2522, 810, 3.210, 355.95, 38.70, 3.210, 355.95, 38.70, 0.000, 213.08, 0.00);
insert into SHOT values (2516, 2499, 2523, 810, 26.290, 148.85, 8.90, 26.349, 148.71, 9.32, 0.211, 81.91, 70.58);
insert into SHOT values (2517, 2523, 2524, 810, 1.860, 110.35, -81.40, 1.860, 110.35, -81.40, 0.000, 175.01, -0.01);
insert into SHOT values (2518, 2523, 2525, 810, 7.380, 71.95, -21.90, 7.380, 71.95, -21.90, 0.000, 353.95, 0.01);
insert into SHOT values (2519, 2523, 2526, 810, 3.560, 339.65, -35.40, 3.560, 339.65, -35.40, 0.000, 4.41, 0.00);
insert into SHOT values (2520, 2523, 2527, 810, 8.260, 334.15, -16.80, 8.260, 334.15, -16.80, 0.000, 188.46, -0.00);
insert into SHOT values (2521, 2523, 2528, 810, 4.470, 341.75, 2.00, 4.470, 341.75, 2.00, 0.000, 18.95, 0.03);
insert into SHOT values (2522, 2523, 2529, 810, 13.000, 14.75, -11.20, 13.000, 14.75, -11.20, 0.000, 5.80, 0.01);
insert into SHOT values (2523, 2523, 2530, 810, 14.350, 358.35, -9.20, 14.350, 358.35, -9.20, 0.000, 339.28, 0.01);
insert into SHOT values (2524, 2523, 2531, 810, 7.360, 288.15, -8.30, 7.360, 288.15, -8.30, 0.000, 354.26, 0.01);
insert into SHOT values (2525, 2523, 2532, 810, 6.050, 261.85, -4.30, 6.050, 261.85, -4.30, 0.000, 354.70, 0.00);
insert into SHOT values (2526, 2523, 2533, 810, 11.670, 215.05, 2.60, 11.670, 215.05, 2.60, 0.000, 190.65, -0.03);
insert into SHOT values (2527, 2523, 2534, 810, 17.190, 199.75, -0.10, 17.190, 199.75, -0.10, 0.000, 185.82, 0.01);
insert into SHOT values (2528, 2523, 2535, 810, 4.440, 181.85, -15.70, 4.440, 181.85, -15.70, 0.000, 353.40, -0.01);
insert into SHOT values (2529, 2523, 2536, 810, 16.630, 182.45, 10.60, 16.630, 182.45, 10.60, 0.000, 269.37, -2.97);
insert into SHOT values (2530, 2523, 2537, 810, 5.130, 141.35, -13.00, 5.130, 141.35, -13.00, 0.000, 334.61, -0.01);
insert into SHOT values (2531, 2523, 2538, 810, 9.320, 99.45, -7.90, 9.320, 99.45, -7.90, 0.000, 188.95, 0.01);
insert into SHOT values (2532, 2523, 2539, 810, 23.050, 113.95, -3.70, 23.050, 113.95, -3.70, 0.000, 353.72, 0.01);
insert into SHOT values (2533, 2523, 2540, 810, 30.300, 124.85, 0.90, 30.300, 124.85, 0.90, 0.000, 170.32, 0.02);
insert into SHOT values (2534, 2523, 2541, 810, 31.670, 187.95, 0.20, 31.670, 187.95, 0.20, 0.000, 354.17, 0.02);
insert into SHOT values (2535, 2523, 2542, 810, 36.160, 196.65, 0.30, 36.160, 196.65, 0.30, 0.000, 348.44, 0.07);
insert into SHOT values (2536, 2523, 2543, 810, 29.910, 175.85, -0.10, 29.918, 175.62, 0.40, 0.288, 89.02, 65.63);
insert into SHOT values (2537, 2475, 2544, 810, 25.560, 96.75, -4.20, 25.560, 96.75, -4.20, 0.000, 352.39, -0.00);
insert into SHOT values (2538, 2544, 2545, 810, 4.890, 33.15, -5.00, 4.890, 33.15, -5.00, 0.000, 8.38, 0.03);
insert into SHOT values (2539, 2544, 2546, 810, 0.570, 14.45, -55.90, 0.570, 14.45, -55.90, 0.000, 172.65, -0.00);
insert into SHOT values (2540, 2544, 2547, 810, 4.500, 186.85, -4.70, 4.500, 186.85, -4.70, 0.000, 176.53, -0.01);
insert into SHOT values (2541, 2544, 2548, 810, 2.020, 178.55, 81.80, 2.020, 178.55, 81.80, 0.000, 185.46, -0.01);
insert into SHOT values (2542, 2544, 2549, 810, 11.610, 339.75, 10.40, 11.610, 339.75, 10.40, 0.000, 0.60, 0.01);
insert into SHOT values (2543, 2544, 2550, 810, 3.620, 304.85, 38.00, 3.620, 304.85, 38.00, 0.000, 0.73, 0.01);
insert into SHOT values (2544, 2544, 2551, 810, 7.540, 295.75, 16.40, 7.540, 295.75, 16.40, 0.000, 335.00, -0.02);
insert into SHOT values (2545, 2544, 2552, 810, 0.660, 297.95, 3.00, 0.660, 297.95, 3.00, 0.000, 85.80, 0.16);
insert into SHOT values (2546, 2544, 2553, 810, 12.320, 244.05, 7.40, 12.320, 244.05, 7.40, 0.000, 154.26, -0.05);
insert into SHOT values (2547, 2544, 2554, 810, 10.410, 82.55, -5.80, 10.410, 82.55, -5.80, 0.000, 7.39, 0.01);
insert into SHOT values (2548, 2544, 2555, 810, 12.900, 106.85, -8.10, 12.900, 106.85, -8.10, 0.000, 40.00, 0.14);
insert into SHOT values (2549, 2544, 2556, 810, 14.020, 131.25, -8.00, 14.020, 131.25, -8.00, 0.000, 3.62, 0.01);
insert into SHOT values (2550, 2544, 2557, 810, 8.490, 147.65, -6.10, 8.490, 147.65, -6.10, 0.000, 185.26, -0.03);
insert into SHOT values (2551, 2544, 2558, 810, 5.430, 119.75, -6.10, 5.430, 119.75, -6.10, 0.000, 195.27, -0.01);
insert into SHOT values (2552, 2544, 2559, 810, 10.290, 98.05, -7.00, 10.290, 98.05, -7.00, 0.000, 11.24, -0.02);
insert into SHOT values (2553, 2544, 2560, 810, 4.930, 102.55, -1.10, 4.930, 102.55, -1.10, 0.000, 26.48, 0.06);
insert into SHOT values (2554, 2544, 2561, 810, 14.020, 120.55, -9.90, 14.020, 120.55, -9.90, 0.000, 169.09, -0.02);
insert into SHOT values (2555, 2561, 2562, 810, 1.160, 122.05, 5.30, 1.160, 122.05, 5.30, 0.000, 166.03, -0.03);
insert into SHOT values (2556, 2499, 2563, 810, 1.140, 121.85, 4.50, 1.140, 121.85, 4.50, 0.000, 352.63, 0.00);
insert into SHOT values (2557, 2561, 2564, 810, 1.140, 121.05, 4.40, 1.140, 121.05, 4.40, 0.000, 184.67, 0.01);
insert into SHOT values (2558, 2563, 2565, 810, 3.210, 131.55, -2.20, 3.210, 131.55, -2.20, 0.000, 340.51, -0.02);
insert into SHOT values (2559, 2565, 2566, 810, 9.690, 64.85, -31.70, 9.690, 64.85, -31.70, 0.000, 359.38, -0.01);
insert into SCRAPS values (812, 806, 'SP-Xav4-1', 1, 54.09448, 0.35529);
 insert into SCRAPS values (1047, 806, 'SP-Xav4-2', 1, 42.19723, 0.31532);
 insert into SCRAPS values (1249, 806, 'SP-Xav4-3', 1, 0.24624, 0.04251);
 insert into MAPS values (1260, 806, 'MP-GeophysicalskayaXR4', 'GeophysicalskayaXR4', 1, 1019.650, -31.716);
 insert into MAPITEMS values (1260, 4, 812);
 insert into MAPITEMS values (1260, 4, 1249);
 insert into MAPITEMS values (1260, 4, 1047);
 insert into SURVEY values (1263, 308, 'Escalade', 'Escalade.Geophysicalskaya.Koytendag', 'Escalade');
 insert into CENTRELINE values (1264, 1263, NULL, NULL, NULL, 0.00, 0.00, 0.00);
 insert into SURVEY values (1265, 1263, 'Escalade', 'Escalade.Escalade.Geophysicalskaya.Koytendag', 'Geophysicalskaya, escalade ');
 insert into CENTRELINE values (1266, 1265, NULL, NULL, NULL, 0.00, 0.00, 0.00);
 insert into CENTRELINE values (1267, 1265, NULL, '2024-04-18', NULL, 31.78, 0.00, 43.67);
 insert into TOPO values (1, 1267);
 insert into TOPO values (5, 1267);
 insert into PERSON values (11, 'Jean-Paul', 'Hereil');
insert into TOPO values (11, 1267);
 insert into SHOT values (2560, 2567, 2568, 1267, 8.244, 326.43, 6.35, 8.244, 326.43, 6.35, 0.000, 181.85, -0.00);
insert into SHOT_FLAG values(2560, 'dpl');
insert into SHOT values (2561, 2569, 2567, 1267, 14.061, 312.08, -13.51, 14.061, 312.08, -13.51, 0.000, 338.64, 0.11);
insert into SHOT_FLAG values(2561, 'dpl');
insert into SHOT values (2562, 2570, 2569, 1267, 11.485, 265.56, -10.80, 11.485, 265.56, -10.80, 0.000, 12.16, 0.02);
insert into SHOT_FLAG values(2562, 'dpl');
insert into SHOT values (2563, 2571, 2570, 1267, 9.880, 292.61, -13.79, 9.880, 292.61, -13.79, 0.000, 6.22, 0.01);
insert into SHOT_FLAG values(2563, 'dpl');
insert into SHOT values (2564, 2570, 2572, 1267, 17.991, 241.75, 23.43, 17.991, 241.75, 23.43, 0.000, 147.41, -0.13);
insert into SHOT values (2565, 2572, 2573, 1267, 7.393, 197.32, -10.14, 7.393, 197.32, -10.14, 0.000, 8.43, -0.01);
insert into SHOT values (2566, 2573, 2574, 1267, 6.394, 122.20, 1.09, 6.394, 122.20, 1.09, 0.000, 177.35, 0.00);
insert into SHOT values (2567, 2569, 2575, 1267, 6.259, 355.34, 4.07, 6.259, 355.34, 4.07, 0.000, 179.82, 0.03);
insert into SHOT values (2568, 2569, 2576, 1267, 10.314, 324.89, 69.57, 10.314, 324.89, 69.57, 0.000, 12.55, 0.02);
insert into SHOT values (2569, 2569, 2577, 1267, 14.439, 224.71, 66.61, 14.439, 224.71, 66.61, 0.000, 358.69, 0.01);
insert into SHOT values (2570, 2569, 2578, 1267, 6.429, 195.31, 17.92, 6.429, 195.31, 17.92, 0.000, 189.33, -0.02);
insert into SHOT values (2571, 2569, 2579, 1267, 1.435, 185.19, -73.78, 1.435, 185.19, -73.78, 0.000, 356.64, 0.02);
insert into SHOT values (2572, 2572, 2580, 1267, 17.777, 241.72, 23.48, 17.777, 241.72, 23.48, 0.000, 189.32, 0.02);
insert into SHOT values (2573, 2572, 2581, 1267, 3.413, 100.57, -25.47, 3.413, 100.57, -25.47, 0.000, 344.47, 0.09);
insert into SHOT values (2574, 2572, 2582, 1267, 5.511, 146.08, -21.01, 5.511, 146.08, -21.01, 0.000, 7.52, 0.01);
insert into SHOT values (2575, 2572, 2583, 1267, 8.133, 154.08, -15.06, 8.133, 154.08, -15.06, 0.000, 349.92, 0.02);
insert into SHOT values (2576, 2572, 2584, 1267, 2.413, 319.26, -71.99, 2.413, 319.26, -71.99, 0.000, 177.84, 0.00);
insert into SHOT values (2577, 2572, 2585, 1267, 2.391, 201.30, -65.98, 2.391, 201.30, -65.98, 0.000, 0.04, 0.01);
insert into SHOT values (2578, 2572, 2586, 1267, 4.010, 188.20, -37.57, 4.010, 188.20, -37.57, 0.000, 349.33, -0.02);
insert into SHOT values (2579, 2572, 2587, 1267, 6.879, 183.22, -19.35, 6.879, 183.22, -19.35, 0.000, 153.59, 0.01);
insert into SHOT values (2580, 2572, 2588, 1267, 3.821, 276.25, -21.54, 3.821, 276.25, -21.54, 0.000, 178.90, -0.01);
insert into SHOT values (2581, 2572, 2589, 1267, 5.984, 219.00, -13.51, 5.984, 219.00, -13.51, 0.000, 155.36, 0.04);
insert into SHOT values (2582, 2572, 2590, 1267, 9.568, 200.56, -8.03, 9.568, 200.56, -8.03, 0.000, 193.22, -0.01);
insert into SHOT values (2583, 2573, 2591, 1267, 3.303, 41.78, -17.04, 3.303, 41.78, -17.04, 0.000, 3.22, 0.03);
insert into SHOT values (2584, 2573, 2592, 1267, 2.064, 79.93, -25.71, 2.064, 79.93, -25.71, 0.000, 0.86, -0.00);
insert into SHOT values (2585, 2573, 2593, 1267, 3.229, 121.07, -25.74, 3.229, 121.07, -25.74, 0.000, 196.34, -0.04);
insert into SHOT values (2586, 2573, 2594, 1267, 6.037, 125.19, -1.57, 6.037, 125.19, -1.57, 0.000, 347.53, 0.02);
insert into SHOT values (2587, 2573, 2595, 1267, 1.494, 227.02, 4.56, 1.494, 227.02, 4.56, 0.000, 359.87, -0.02);
insert into SHOT values (2588, 2573, 2596, 1267, 2.864, 207.74, 1.49, 2.864, 207.74, 1.49, 0.000, 1.53, -0.01);
insert into SHOT values (2589, 2573, 2597, 1267, 3.324, 44.26, 26.80, 3.324, 44.26, 26.80, 0.000, 224.99, -0.09);
insert into SHOT values (2590, 2573, 2598, 1267, 2.189, 116.02, 33.60, 2.189, 116.02, 33.60, 0.000, 216.93, -0.10);
insert into SHOT values (2591, 2573, 2599, 1267, 3.776, 159.89, 17.71, 3.776, 159.89, 17.71, 0.000, 7.51, -0.02);
insert into SHOT values (2592, 2573, 2600, 1267, 6.934, 130.35, 1.17, 6.934, 130.35, 1.17, 0.000, 1.65, -0.03);
insert into SHOT values (2593, 2573, 2601, 1267, 13.092, 132.86, 0.88, 13.092, 132.86, 0.88, 0.000, 10.58, -0.02);
insert into SHOT values (2594, 2573, 2602, 1267, 12.064, 145.39, -0.80, 12.064, 145.39, -0.80, 0.000, 170.43, -0.01);
insert into SHOT values (2595, 2573, 2603, 1267, 12.949, 153.68, -1.95, 12.949, 153.68, -1.95, 0.000, 262.92, 0.15);
insert into SHOT values (2596, 2573, 2604, 1267, 25.059, 167.16, -0.89, 25.059, 167.16, -0.89, 0.000, 139.50, 0.01);
insert into SHOT values (2597, 2573, 2605, 1267, 25.390, 171.79, -1.18, 25.390, 171.79, -1.18, 0.000, 344.34, -0.02);
insert into SHOT values (2598, 2573, 2606, 1267, 9.949, 190.53, -2.77, 9.949, 190.53, -2.77, 0.000, 3.77, 0.01);
insert into SHOT values (2599, 2573, 2607, 1267, 9.215, 198.93, -4.80, 9.215, 198.93, -4.80, 0.000, 159.41, 0.01);
insert into SHOT values (2600, 2573, 2608, 1267, 10.470, 174.28, 3.80, 10.470, 174.28, 3.80, 0.000, 181.24, 0.00);
insert into SHOT values (2601, 2574, 2609, 1267, 7.082, 280.26, -6.39, 7.082, 280.26, -6.39, 0.000, 16.24, -0.02);
insert into SHOT values (2602, 2574, 2610, 1267, 13.325, 271.09, -4.00, 13.325, 271.09, -4.01, 0.000, 177.77, -0.00);
insert into SHOT values (2603, 2574, 2611, 1267, 12.426, 257.32, -4.72, 12.426, 257.32, -4.72, 0.000, 168.84, 0.02);
insert into SHOT values (2604, 2574, 2612, 1267, 9.187, 236.61, -5.66, 9.187, 236.61, -5.66, 0.000, 155.90, 0.10);
insert into SHOT values (2605, 2574, 2613, 1267, 3.626, 279.02, -31.91, 3.626, 279.02, -31.91, 0.000, 207.60, 0.01);
insert into SHOT values (2606, 2574, 2614, 1267, 12.991, 258.11, -56.78, 12.991, 258.11, -56.78, 0.000, 339.56, 0.02);
insert into SHOT values (2607, 2574, 2615, 1267, 14.373, 236.88, -56.83, 14.373, 236.88, -56.83, 0.000, 210.95, -0.03);
insert into SHOT values (2608, 2574, 2616, 1267, 11.151, 224.15, -43.07, 11.151, 224.15, -43.07, 0.000, 44.15, -0.08);
insert into SHOT values (2609, 2574, 2617, 1267, 8.493, 220.48, -29.00, 8.493, 220.48, -29.00, 0.000, 1.89, -0.01);
insert into SHOT values (2610, 2574, 2618, 1267, 11.747, 214.80, -8.19, 11.747, 214.80, -8.19, 0.000, 345.29, 0.06);
insert into SHOT values (2611, 2574, 2619, 1267, 3.184, 251.25, 13.57, 3.184, 251.25, 13.57, 0.000, 175.92, 0.00);
insert into SHOT values (2612, 2574, 2620, 1267, 5.608, 225.68, 16.25, 5.608, 225.68, 16.25, 0.000, 180.26, 0.02);
insert into SHOT values (2613, 2574, 2621, 1267, 8.433, 206.01, 2.31, 8.433, 206.01, 2.31, 0.000, 183.41, -0.01);
insert into SHOT values (2614, 2574, 2622, 1267, 17.022, 195.83, -1.33, 17.022, 195.83, -1.34, 0.000, 359.00, 0.00);
insert into SCRAPS values (1269, 1263, 'SP-Escalade-1', 1, 5.52238, 0.38414);
 insert into MAPS values (1292, 1263, 'MP-Escalade', 'Escalade', 1, 31.778, -12.589);
 insert into MAPITEMS values (1292, 4, 1269);
 insert into SURVEY values (1295, 308, 'GeophysicayaXR6', 'GeophysicayaXR6.Geophysicalskaya.Koytendag', 'GeophysicayaXR6');
 insert into CENTRELINE values (1296, 1295, NULL, NULL, NULL, 0.00, 0.00, 0.00);
 insert into SURVEY values (1297, 1295, 'GeophysicayaXR6', 'GeophysicayaXR6.GeophysicayaXR6.Geophysicalskaya.Koytendag', 'geophysicayaXR6');
 insert into CENTRELINE values (1298, 1297, NULL, NULL, NULL, 0.00, 0.00, 0.00);
 insert into CENTRELINE values (1299, 1297, NULL, '2024-04-16', NULL, 492.47, 0.00, 0.00);
 insert into TOPO values (2, 1299);
 insert into TOPO values (3, 1299);
 insert into SHOT values (2615, 2623, 2624, 1299, 18.440, 285.45, -18.90, 18.476, 285.36, -19.07, 0.072, 225.75, -63.46);
insert into SHOT values (2616, 2624, 2625, 1299, 8.250, 224.95, 1.90, 8.250, 224.95, 1.90, 0.000, 165.36, -0.08);
insert into SHOT values (2617, 2624, 2626, 1299, 4.890, 314.95, 54.20, 4.890, 314.95, 54.20, 0.000, 190.95, -0.05);
insert into SHOT values (2618, 2624, 2627, 1299, 5.370, 18.65, 20.70, 5.370, 18.65, 20.70, 0.000, 168.95, -0.05);
insert into SHOT values (2619, 2624, 2628, 1299, 11.650, 5.75, 2.20, 11.650, 5.75, 2.20, 0.000, 357.97, 0.01);
insert into SHOT values (2620, 2624, 2629, 1299, 14.720, 23.35, 4.20, 14.720, 23.35, 4.20, 0.000, 184.76, -0.00);
insert into SHOT values (2621, 2624, 2630, 1299, 15.230, 47.75, 11.30, 15.230, 47.75, 11.30, 0.000, 169.12, 0.01);
insert into SHOT values (2622, 2624, 2631, 1299, 9.390, 72.05, 33.20, 9.390, 72.05, 33.20, 0.000, 171.31, -0.02);
insert into SHOT values (2623, 2624, 2632, 1299, 12.660, 317.45, 19.80, 12.660, 317.45, 19.80, 0.000, 355.75, -0.00);
insert into SHOT values (2624, 2624, 2633, 1299, 16.260, 344.85, 5.70, 16.260, 344.85, 5.70, 0.000, 357.20, -0.02);
insert into SHOT values (2625, 2624, 2634, 1299, 16.490, 357.85, 4.00, 16.490, 357.85, 4.00, 0.000, 181.48, -0.08);
insert into SHOT values (2626, 2624, 2635, 1299, 1.560, 323.15, -39.20, 1.560, 323.15, -39.20, 0.000, 181.83, 0.00);
insert into SHOT values (2627, 2624, 2636, 1299, 8.680, 331.75, -12.40, 8.680, 331.75, -12.40, 0.000, 177.25, -0.02);
insert into SHOT values (2628, 2624, 2637, 1299, 23.000, 326.25, -6.50, 23.000, 326.25, -6.50, 0.000, 165.60, 0.03);
insert into SHOT values (2629, 2624, 2638, 1299, 18.390, 344.35, -7.60, 18.390, 344.35, -7.60, 0.000, 5.30, 0.00);
insert into SHOT values (2630, 2624, 2639, 1299, 18.220, 301.35, -9.00, 18.220, 301.35, -9.00, 0.000, 26.88, 0.03);
insert into SHOT values (2631, 2639, 2640, 1299, 1.430, 348.15, 10.50, 1.430, 348.15, 10.50, 0.000, 191.19, -0.10);
insert into SHOT values (2632, 2639, 2641, 1299, 2.260, 299.35, 15.00, 2.260, 299.35, 15.00, 0.000, 357.24, -0.01);
insert into SHOT values (2633, 2639, 2642, 1299, 2.830, 340.15, 72.70, 2.830, 340.15, 72.70, 0.000, 4.51, 0.03);
insert into SHOT values (2634, 2639, 2643, 1299, 5.470, 97.45, 49.30, 5.470, 97.45, 49.30, 0.000, 21.10, 0.01);
insert into SHOT values (2635, 2639, 2644, 1299, 10.860, 61.85, 41.80, 10.860, 61.85, 41.80, 0.000, 1.21, 0.00);
insert into SHOT values (2636, 2639, 2645, 1299, 16.720, 80.25, 12.40, 16.720, 80.25, 12.40, 0.000, 351.87, 0.03);
insert into SHOT values (2637, 2639, 2646, 1299, 18.570, 57.45, 7.10, 18.570, 57.45, 7.10, 0.000, 4.88, -0.00);
insert into SHOT values (2638, 2639, 2647, 1299, 3.540, 64.55, -0.60, 3.540, 64.55, -0.60, 0.000, 4.57, 0.01);
insert into SHOT values (2639, 2639, 2648, 1299, 1.630, 59.95, -26.40, 1.630, 59.95, -26.40, 0.000, 343.40, -0.05);
insert into SHOT values (2640, 2639, 2649, 1299, 5.930, 113.25, 7.90, 5.930, 113.25, 7.90, 0.000, 4.46, 0.02);
insert into SHOT values (2641, 2639, 2650, 1299, 15.070, 123.15, 23.50, 15.070, 123.15, 23.50, 0.000, 174.93, 0.01);
insert into SHOT values (2642, 2639, 2651, 1299, 2.130, 343.05, -60.70, 2.130, 343.05, -60.70, 0.000, 9.02, 0.01);
insert into SHOT values (2643, 2639, 2652, 1299, 2.110, 329.35, -13.70, 2.110, 329.35, -13.70, 0.000, 173.01, -0.00);
insert into SHOT values (2644, 2639, 2653, 1299, 4.200, 327.65, -24.60, 4.200, 327.65, -24.60, 0.000, 172.77, -0.00);
insert into SHOT values (2645, 2639, 2654, 1299, 3.000, 305.95, -27.40, 3.000, 305.95, -27.40, 0.000, 355.85, -0.01);
insert into SHOT values (2646, 2639, 2655, 1299, 2.700, 281.45, -28.90, 2.700, 281.45, -28.90, 0.000, 185.47, -0.02);
insert into SHOT values (2647, 2639, 2656, 1299, 2.290, 331.05, -63.70, 2.290, 331.05, -63.70, 0.000, 175.35, -0.01);
insert into SHOT values (2648, 2639, 2657, 1299, 1.590, 345.75, -25.00, 1.590, 345.75, -25.00, 0.000, 184.91, -0.03);
insert into SHOT values (2649, 2639, 2658, 1299, 1.540, 342.45, 20.30, 1.540, 342.45, 20.30, 0.000, 8.73, -0.02);
insert into SHOT values (2650, 2639, 2659, 1299, 4.790, 322.75, -30.70, 4.790, 322.75, -30.70, 0.000, 347.82, 0.01);
insert into SHOT values (2651, 2659, 2660, 1299, 2.330, 118.35, 8.40, 2.330, 118.35, 8.40, 0.000, 11.42, 0.00);
insert into SHOT values (2652, 2659, 2661, 1299, 1.650, 131.15, -15.70, 1.650, 131.15, -15.70, 0.000, 181.59, 0.01);
insert into SHOT values (2653, 2659, 2662, 1299, 1.120, 142.65, -49.60, 1.120, 142.65, -49.60, 0.000, 194.43, 0.01);
insert into SHOT values (2654, 2659, 2663, 1299, 1.900, 114.75, 48.10, 1.900, 114.75, 48.10, 0.000, 123.30, -0.04);
insert into SHOT values (2655, 2659, 2664, 1299, 3.600, 135.35, 15.50, 3.600, 135.35, 15.50, 0.000, 8.36, -0.01);
insert into SHOT values (2656, 2659, 2665, 1299, 2.220, 150.05, -2.80, 2.220, 150.05, -2.80, 0.000, 4.41, 0.01);
insert into SHOT values (2657, 2659, 2666, 1299, 4.430, 154.45, 6.30, 4.430, 154.45, 6.30, 0.000, 173.08, -0.02);
insert into SHOT values (2658, 2659, 2667, 1299, 4.800, 161.85, 9.20, 4.800, 161.85, 9.20, 0.000, 177.10, 0.01);
insert into SHOT values (2659, 2659, 2668, 1299, 4.080, 167.95, 5.40, 4.080, 167.95, 5.40, 0.000, 37.73, -0.01);
insert into SHOT values (2660, 2659, 2669, 1299, 4.050, 161.65, 1.00, 4.050, 161.65, 1.00, 0.000, 160.18, -0.02);
insert into SHOT values (2661, 2659, 2670, 1299, 7.150, 159.25, 3.20, 7.150, 159.25, 3.20, 0.000, 100.73, 0.14);
insert into SHOT values (2662, 2659, 2671, 1299, 1.130, 58.55, -6.30, 1.130, 58.55, -6.30, 0.000, 17.01, -0.02);
insert into SHOT values (2663, 2659, 2672, 1299, 4.520, 55.75, -21.20, 4.520, 55.75, -21.20, 0.000, 127.05, 0.09);
insert into SHOT values (2664, 2659, 2673, 1299, 3.110, 26.85, -19.30, 3.110, 26.85, -19.30, 0.000, 11.10, -0.03);
insert into SHOT values (2665, 2659, 2674, 1299, 2.200, 31.25, -7.20, 2.200, 31.25, -7.20, 0.000, 186.98, -0.02);
insert into SHOT values (2666, 2659, 2675, 1299, 2.280, 39.05, -49.50, 2.280, 39.05, -49.50, 0.000, 183.58, 0.01);
insert into SHOT values (2667, 2659, 2676, 1299, 2.030, 358.75, -19.90, 2.030, 358.75, -19.90, 0.000, 334.75, -0.06);
insert into SHOT values (2668, 2659, 2677, 1299, 9.830, 165.55, 5.90, 9.830, 165.55, 5.90, 0.000, 2.92, 0.01);
insert into SHOT values (2669, 2659, 2678, 1299, 4.430, 19.55, -21.00, 4.430, 19.55, -21.00, 0.000, 179.85, 0.01);
insert into SHOT values (2670, 2678, 2679, 1299, 0.990, 114.45, -82.90, 0.990, 114.45, -82.90, 0.000, 329.96, 0.05);
insert into SHOT values (2671, 2678, 2680, 1299, 1.460, 289.85, 3.70, 1.460, 289.85, 3.70, 0.000, 304.37, 0.00);
insert into SHOT values (2672, 2678, 2681, 1299, 2.360, 355.55, -4.90, 2.360, 355.55, -4.90, 0.000, 173.47, -0.04);
insert into SHOT values (2673, 2678, 2682, 1299, 3.580, 52.95, -10.90, 3.580, 52.95, -10.90, 0.000, 187.79, -0.01);
insert into SHOT values (2674, 2678, 2683, 1299, 5.060, 76.75, -7.30, 5.060, 76.75, -7.30, 0.000, 302.98, -0.01);
insert into SHOT values (2675, 2678, 2684, 1299, 5.380, 112.35, -11.80, 5.380, 112.35, -11.80, 0.000, 186.22, -0.02);
insert into SHOT values (2676, 2678, 2685, 1299, 3.840, 136.05, -1.50, 3.840, 136.05, -1.50, 0.000, 192.87, -0.04);
insert into SHOT values (2677, 2678, 2686, 1299, 3.600, 152.45, 10.10, 3.600, 152.45, 10.10, 0.000, 11.79, 0.02);
insert into SHOT values (2678, 2678, 2687, 1299, 1.950, 136.95, -15.10, 1.950, 136.95, -15.10, 0.000, 5.57, 0.01);
insert into SHOT values (2679, 2678, 2688, 1299, 2.380, 105.95, -21.20, 2.380, 105.95, -21.20, 0.000, 31.82, 0.02);
insert into SHOT values (2680, 2678, 2689, 1299, 2.290, 69.35, -19.90, 2.290, 69.35, -19.90, 0.000, 7.21, -0.02);
insert into SHOT values (2681, 2678, 2690, 1299, 1.380, 105.55, -52.30, 1.380, 105.55, -52.30, 0.000, 176.68, 0.00);
insert into SHOT values (2682, 2678, 2691, 1299, 5.560, 113.15, -11.80, 5.560, 113.15, -11.80, 0.000, 0.49, 0.00);
insert into SHOT values (2683, 2639, 2692, 1299, 18.780, 29.25, 1.90, 18.780, 29.25, 1.90, 0.000, 186.71, -0.00);
insert into SHOT values (2684, 2624, 2693, 1299, 18.990, 42.15, 4.40, 18.942, 42.07, 4.18, 0.090, 254.16, -56.13);
insert into SHOT values (2685, 2693, 2694, 1299, 15.610, 133.05, 22.30, 15.610, 133.05, 22.30, 0.000, 179.37, 0.01);
insert into SHOT values (2686, 2693, 2695, 1299, 3.460, 130.75, 4.40, 3.460, 130.75, 4.40, 0.000, 172.56, -0.00);
insert into SHOT values (2687, 2693, 2696, 1299, 4.960, 63.15, -3.20, 4.960, 63.15, -3.20, 0.000, 206.99, 0.03);
insert into SHOT values (2688, 2693, 2697, 1299, 6.690, 46.15, -19.70, 6.690, 46.15, -19.70, 0.000, 190.38, 0.00);
insert into SHOT values (2689, 2693, 2698, 1299, 12.610, 40.15, -10.00, 12.610, 40.15, -10.00, 0.000, 190.24, -0.01);
insert into SHOT values (2690, 2693, 2699, 1299, 2.430, 58.55, 7.00, 2.430, 58.55, 7.00, 0.000, 176.89, -0.02);
insert into SHOT values (2691, 2693, 2700, 1299, 7.970, 16.85, -16.90, 7.970, 16.85, -16.90, 0.000, 6.61, -0.01);
insert into SHOT values (2692, 2693, 2701, 1299, 1.790, 353.85, -61.10, 1.790, 353.85, -61.10, 0.000, 190.23, -0.02);
insert into SHOT values (2693, 2693, 2702, 1299, 4.560, 272.45, -10.00, 4.560, 272.45, -10.00, 0.000, 16.63, 0.02);
insert into SHOT values (2694, 2693, 2703, 1299, 8.750, 256.25, -5.20, 8.750, 256.25, -5.20, 0.000, 191.54, 0.00);
insert into SHOT values (2695, 2693, 2704, 1299, 4.230, 247.95, -15.30, 4.230, 247.95, -15.30, 0.000, 2.18, -0.00);
insert into SHOT values (2696, 2693, 2705, 1299, 2.890, 189.65, -4.60, 2.890, 189.65, -4.60, 0.000, 9.49, 0.13);
insert into SHOT values (2697, 2693, 2706, 1299, 2.900, 214.75, 15.60, 2.900, 214.75, 15.60, 0.000, 188.83, -0.01);
insert into SHOT values (2698, 2693, 2707, 1299, 0.970, 209.35, 32.40, 0.970, 209.35, 32.40, 0.000, 14.95, -0.00);
insert into SHOT values (2699, 2693, 2708, 1299, 21.950, 66.55, -8.70, 21.929, 66.59, -8.97, 0.106, 222.47, -67.49);
insert into SHOT values (2700, 2708, 2709, 1299, 4.570, 181.45, 17.70, 4.570, 181.45, 17.70, 0.000, 8.27, 0.02);
insert into SHOT values (2701, 2708, 2710, 1299, 26.140, 146.55, 6.60, 26.140, 146.55, 6.60, 0.000, 189.30, -0.01);
insert into SHOT values (2702, 2708, 2711, 1299, 16.540, 121.95, 6.40, 16.540, 121.95, 6.40, 0.000, 303.81, -0.01);
insert into SHOT values (2703, 2708, 2712, 1299, 32.870, 97.65, 1.90, 32.870, 97.65, 1.90, 0.000, 347.64, 0.00);
insert into SHOT values (2704, 2708, 2713, 1299, 23.050, 107.95, 3.10, 23.050, 107.95, 3.10, 0.000, 30.71, 0.03);
insert into SHOT values (2705, 2708, 2714, 1299, 34.390, 93.45, 0.60, 34.390, 93.45, 0.60, 0.000, 150.20, -0.04);
insert into SHOT values (2706, 2708, 2715, 1299, 18.970, 78.95, 3.40, 18.970, 78.95, 3.40, 0.000, 171.82, -0.00);
insert into SHOT values (2707, 2708, 2716, 1299, 10.630, 62.45, 4.90, 10.630, 62.45, 4.90, 0.000, 352.89, 0.02);
insert into SHOT values (2708, 2708, 2717, 1299, 11.280, 50.35, 1.70, 11.280, 50.35, 1.70, 0.000, 17.65, 0.30);
insert into SHOT values (2709, 2708, 2718, 1299, 8.740, 59.25, 33.70, 8.740, 59.25, 33.70, 0.000, 173.88, 0.02);
insert into SHOT values (2710, 2708, 2719, 1299, 5.080, 38.65, 62.70, 5.080, 38.65, 62.70, 0.000, 6.97, 0.02);
insert into SHOT values (2711, 2708, 2720, 1299, 3.660, 266.45, 47.00, 3.660, 266.45, 47.00, 0.000, 6.13, 0.00);
insert into SHOT values (2712, 2708, 2721, 1299, 8.300, 255.65, 22.30, 8.300, 255.65, 22.30, 0.000, 173.52, 0.02);
insert into SHOT values (2713, 2708, 2722, 1299, 16.580, 256.65, 9.00, 16.580, 256.65, 9.00, 0.000, 184.94, 0.00);
insert into SHOT values (2714, 2708, 2723, 1299, 21.280, 255.75, 4.20, 21.280, 255.75, 4.20, 0.000, 179.45, -0.02);
insert into SHOT values (2715, 2708, 2724, 1299, 15.400, 268.65, 3.80, 15.400, 268.65, 3.80, 0.000, 185.12, -0.02);
insert into SHOT values (2716, 2708, 2725, 1299, 5.670, 289.05, 3.30, 5.670, 289.05, 3.30, 0.000, 7.05, 0.02);
insert into SHOT values (2717, 2708, 2726, 1299, 5.290, 308.55, 8.90, 5.290, 308.55, 8.90, 0.000, 6.54, 0.00);
insert into SHOT values (2718, 2708, 2727, 1299, 2.890, 283.05, -5.90, 2.890, 283.05, -5.90, 0.000, 282.33, 0.14);
insert into SHOT values (2719, 2708, 2728, 1299, 9.150, 259.95, -1.30, 9.150, 259.95, -1.30, 0.000, 163.52, 0.03);
insert into SHOT values (2720, 2708, 2729, 1299, 13.430, 254.35, 2.60, 13.430, 254.35, 2.60, 0.000, 348.96, 0.02);
insert into SHOT values (2721, 2708, 2730, 1299, 13.630, 238.35, 8.10, 13.630, 238.35, 8.10, 0.000, 7.29, 0.00);
insert into SHOT values (2722, 2708, 2731, 1299, 8.960, 213.65, 15.20, 8.960, 213.65, 15.20, 0.000, 358.23, 0.01);
insert into SHOT values (2723, 2708, 2732, 1299, 2.190, 203.15, -11.70, 2.190, 203.15, -11.70, 0.000, 174.32, -0.02);
insert into SHOT values (2724, 2708, 2733, 1299, 12.950, 133.65, 0.10, 12.950, 133.65, 0.10, 0.000, 6.35, 0.03);
insert into SHOT values (2725, 2708, 2734, 1299, 4.670, 122.15, -9.50, 4.670, 122.15, -9.50, 0.000, 15.22, -0.00);
insert into SHOT values (2726, 2708, 2735, 1299, 12.000, 98.15, -3.40, 12.000, 98.15, -3.40, 0.000, 165.44, -0.02);
insert into SHOT values (2727, 2708, 2736, 1299, 6.680, 60.85, -16.40, 6.680, 60.85, -16.40, 0.000, 269.80, -0.14);
insert into SHOT values (2728, 2708, 2737, 1299, 5.060, 2.55, -18.90, 5.060, 2.55, -18.90, 0.000, 259.19, -0.01);
insert into SHOT values (2729, 2708, 2738, 1299, 17.340, 9.95, -1.90, 17.340, 9.95, -1.90, 0.000, 185.27, 0.05);
insert into SHOT values (2730, 2708, 2739, 1299, 25.070, 39.15, 2.00, 25.070, 39.15, 2.00, 0.000, 5.84, 0.03);
insert into SHOT values (2731, 2708, 2740, 1299, 14.660, 334.95, 5.10, 14.660, 334.95, 5.10, 0.000, 0.09, -0.01);
insert into SHOT values (2732, 2708, 2741, 1299, 21.110, 344.35, 3.90, 21.110, 344.35, 3.90, 0.000, 2.59, -0.02);
insert into SHOT values (2733, 2708, 2742, 1299, 16.810, 8.45, 7.70, 16.810, 8.45, 7.70, 0.000, 357.82, -0.00);
insert into SHOT values (2734, 2708, 2743, 1299, 7.090, 10.35, 16.50, 7.090, 10.35, 16.50, 0.000, 350.83, 0.01);
insert into SHOT values (2735, 2708, 2744, 1299, 22.520, 11.75, 0.60, 22.550, 11.97, 0.73, 0.106, 83.61, 28.08);
insert into SHOT values (2736, 2744, 2745, 1299, 3.360, 205.65, 34.80, 3.360, 205.65, 34.80, 0.000, 358.02, -0.01);
insert into SHOT values (2737, 2744, 2746, 1299, 9.020, 192.95, 14.10, 9.020, 192.95, 14.10, 0.000, 27.79, 0.01);
insert into SHOT values (2738, 2744, 2747, 1299, 12.270, 241.35, 7.70, 12.270, 241.35, 7.70, 0.000, 172.22, -0.01);
insert into SHOT values (2739, 2744, 2748, 1299, 10.530, 282.25, 8.40, 10.530, 282.25, 8.40, 0.000, 4.37, 0.01);
insert into SHOT values (2740, 2744, 2749, 1299, 12.990, 318.55, 8.20, 12.990, 318.55, 8.20, 0.000, 174.29, 0.00);
insert into SHOT values (2741, 2744, 2750, 1299, 17.090, 339.55, 5.60, 17.090, 339.55, 5.60, 0.000, 188.28, 0.00);
insert into SHOT values (2742, 2744, 2751, 1299, 5.790, 0.85, 24.70, 5.790, 0.85, 24.70, 0.000, 180.78, 0.03);
insert into SHOT values (2743, 2744, 2752, 1299, 4.170, 358.25, -16.80, 4.170, 358.25, -16.80, 0.000, 186.29, -0.00);
insert into SHOT values (2744, 2744, 2753, 1299, 3.840, 246.55, -7.70, 3.840, 246.55, -7.70, 0.000, 353.67, -0.03);
insert into SHOT values (2745, 2744, 2754, 1299, 4.000, 153.55, -14.70, 4.000, 153.55, -14.70, 0.000, 196.51, 0.01);
insert into SHOT values (2746, 2744, 2755, 1299, 7.160, 114.15, -21.90, 7.160, 114.15, -21.90, 0.000, 8.56, -0.01);
insert into SHOT values (2747, 2744, 2756, 1299, 15.640, 118.55, 0.30, 15.640, 118.55, 0.30, 0.000, 0.97, -0.04);
insert into SHOT values (2748, 2744, 2757, 1299, 20.120, 126.55, 2.70, 20.120, 126.55, 2.70, 0.000, 179.60, -0.00);
insert into SHOT values (2749, 2744, 2758, 1299, 21.670, 139.25, 2.00, 21.670, 139.25, 2.00, 0.000, 219.48, 0.05);
insert into SHOT values (2750, 2744, 2759, 1299, 12.950, 150.45, 1.30, 12.950, 150.45, 1.30, 0.000, 267.52, -0.00);
insert into SHOT values (2751, 2744, 2760, 1299, 11.970, 158.85, 4.80, 11.970, 158.85, 4.80, 0.000, 349.06, -0.01);
insert into SHOT values (2752, 2744, 2761, 1299, 3.170, 138.65, 34.00, 3.170, 138.65, 34.00, 0.000, 326.92, 0.07);
insert into SHOT values (2753, 2744, 2762, 1299, 5.770, 95.95, 19.30, 5.770, 95.95, 19.30, 0.000, 357.33, -0.01);
insert into SHOT values (2754, 2744, 2763, 1299, 0.650, 76.25, 7.60, 0.650, 76.25, 7.60, 0.000, 354.37, -0.00);
insert into SHOT values (2755, 2744, 2764, 1299, 10.830, 64.05, -1.80, 10.830, 64.05, -1.80, 0.000, 16.73, -0.02);
insert into SHOT values (2756, 2744, 2765, 1299, 28.860, 44.65, 3.70, 28.860, 44.65, 3.70, 0.000, 346.79, -0.03);
insert into SHOT values (2757, 2744, 2766, 1299, 10.280, 31.35, 14.20, 10.280, 31.35, 14.20, 0.000, 130.74, -0.04);
insert into SHOT values (2758, 2744, 2767, 1299, 21.450, 3.65, 6.30, 21.450, 3.65, 6.30, 0.000, 346.88, 0.01);
insert into SHOT values (2759, 2744, 2768, 1299, 13.180, 14.25, -6.70, 13.180, 14.25, -6.70, 0.000, 176.17, 0.01);
insert into SHOT values (2760, 2744, 2769, 1299, 14.230, 347.85, 1.10, 14.230, 347.85, 1.10, 0.000, 246.77, -0.09);
insert into SHOT values (2761, 2744, 2770, 1299, 22.220, 143.45, 1.30, 22.232, 143.26, 1.42, 0.087, 61.87, 33.96);
insert into SHOT values (2762, 2744, 2771, 1299, 18.350, 28.85, -0.80, 18.352, 29.14, -0.75, 0.096, 117.39, 9.99);
insert into SHOT values (2763, 2771, 2772, 1299, 1.540, 114.25, -26.50, 1.540, 114.25, -26.50, 0.000, 13.90, 0.04);
insert into SHOT values (2764, 2771, 2773, 1299, 6.740, 116.45, -11.00, 6.740, 116.45, -11.00, 0.000, 176.86, 0.02);
insert into SHOT values (2765, 2771, 2774, 1299, 18.970, 135.55, -1.40, 18.970, 135.55, -1.40, 0.000, 9.42, 0.00);
insert into SHOT values (2766, 2771, 2775, 1299, 21.990, 135.65, 8.50, 21.990, 135.65, 8.50, 0.000, 179.61, -0.00);
insert into SHOT values (2767, 2771, 2776, 1299, 14.250, 117.45, 14.50, 14.250, 117.45, 14.50, 0.000, 357.94, 0.01);
insert into SHOT values (2768, 2771, 2777, 1299, 5.520, 119.95, 36.50, 5.520, 119.95, 36.50, 0.000, 168.87, 0.01);
insert into SHOT values (2769, 2771, 2778, 1299, 2.490, 124.75, 83.10, 2.490, 124.75, 83.10, 0.000, 13.81, -0.04);
insert into SHOT values (2770, 2771, 2779, 1299, 6.890, 72.55, 26.50, 6.890, 72.55, 26.50, 0.000, 176.62, -0.02);
insert into SHOT values (2771, 2771, 2780, 1299, 12.890, 71.65, 7.80, 12.890, 71.65, 7.80, 0.000, 4.65, -0.01);
insert into SHOT values (2772, 2771, 2781, 1299, 19.980, 103.15, 5.60, 19.980, 103.15, 5.60, 0.000, 356.09, -0.01);
insert into SHOT values (2773, 2771, 2782, 1299, 32.540, 116.15, 2.60, 32.540, 116.15, 2.60, 0.000, 350.32, 0.02);
insert into SHOT values (2774, 2771, 2783, 1299, 40.320, 125.25, 2.20, 40.320, 125.25, 2.20, 0.000, 191.59, -0.02);
insert into SHOT values (2775, 2771, 2784, 1299, 55.960, 131.85, 2.30, 55.960, 131.85, 2.30, 0.000, 345.18, 0.00);
insert into SHOT values (2776, 2771, 2785, 1299, 11.670, 142.65, 4.00, 11.670, 142.65, 4.00, 0.000, 102.60, -0.11);
insert into SHOT values (2777, 2771, 2786, 1299, 10.900, 153.55, 1.80, 10.900, 153.55, 1.80, 0.000, 176.66, -0.02);
insert into SHOT values (2778, 2771, 2787, 1299, 8.720, 174.35, 6.70, 8.720, 174.35, 6.70, 0.000, 186.58, -0.01);
insert into SHOT values (2779, 2771, 2788, 1299, 10.710, 192.45, 11.60, 10.710, 192.45, 11.60, 0.000, 251.29, 0.08);
insert into SHOT values (2780, 2771, 2789, 1299, 12.580, 226.75, 7.30, 12.580, 226.75, 7.30, 0.000, 189.78, -0.01);
insert into SHOT values (2781, 2771, 2790, 1299, 23.660, 233.65, 4.10, 23.660, 233.65, 4.10, 0.000, 51.66, 0.33);
insert into SHOT values (2782, 2771, 2791, 1299, 16.890, 304.45, 5.40, 16.890, 304.45, 5.40, 0.000, 251.72, -0.09);
insert into SHOT values (2783, 2771, 2792, 1299, 18.570, 323.25, 5.30, 18.570, 323.25, 5.30, 0.000, 186.83, 0.01);
insert into SHOT values (2784, 2771, 2793, 1299, 18.580, 339.55, 7.50, 18.580, 339.55, 7.50, 0.000, 180.82, -0.01);
insert into SHOT values (2785, 2771, 2794, 1299, 15.640, 3.25, 6.40, 15.640, 3.25, 6.40, 0.000, 343.95, -0.03);
insert into SHOT values (2786, 2771, 2795, 1299, 3.270, 341.55, -17.30, 3.270, 341.55, -17.30, 0.000, 185.08, -0.01);
insert into SHOT values (2787, 2771, 2796, 1299, 12.590, 339.65, -15.60, 12.590, 339.65, -15.60, 0.000, 180.18, 0.02);
insert into SHOT values (2788, 2771, 2797, 1299, 27.390, 349.05, -14.10, 27.390, 349.05, -14.10, 0.000, 53.33, -0.02);
insert into SHOT values (2789, 2771, 2798, 1299, 11.350, 336.05, -14.40, 11.350, 336.05, -14.40, 0.000, 354.92, -0.01);
insert into SHOT values (2790, 2771, 2799, 1299, 34.390, 343.55, -7.50, 34.390, 343.55, -7.50, 0.000, 168.23, -0.00);
insert into SHOT values (2791, 2771, 2800, 1299, 6.190, 337.65, 23.60, 6.190, 337.65, 23.60, 0.000, 176.64, 0.03);
insert into SHOT values (2792, 2771, 2801, 1299, 32.780, 350.65, -10.10, 32.780, 350.65, -10.10, 0.000, 271.60, 0.05);
insert into SHOT values (2793, 2801, 2802, 1299, 6.850, 116.15, 3.00, 6.850, 116.15, 3.00, 0.000, 19.30, -0.02);
insert into SHOT values (2794, 2801, 2803, 1299, 2.850, 113.65, -20.30, 2.850, 113.65, -20.30, 0.000, 3.74, 0.02);
insert into SHOT values (2795, 2801, 2804, 1299, 5.900, 125.25, 57.20, 5.900, 125.25, 57.20, 0.000, 356.02, 0.00);
insert into SHOT values (2796, 2801, 2805, 1299, 5.890, 254.25, 76.20, 5.890, 254.25, 76.20, 0.000, 349.91, -0.02);
insert into SHOT values (2797, 2801, 2806, 1299, 5.020, 260.85, 41.60, 5.020, 260.85, 41.60, 0.000, 177.86, -0.01);
insert into SHOT values (2798, 2801, 2807, 1299, 6.380, 258.65, 1.80, 6.380, 258.65, 1.80, 0.000, 190.80, -0.01);
insert into SHOT values (2799, 2801, 2808, 1299, 11.600, 260.95, -17.40, 11.600, 260.95, -17.40, 0.000, 7.33, 0.01);
insert into SHOT values (2800, 2801, 2809, 1299, 11.810, 228.75, -6.70, 11.810, 228.75, -6.70, 0.000, 191.30, -0.02);
insert into SHOT values (2801, 2801, 2810, 1299, 14.230, 208.05, 0.80, 14.230, 208.05, 0.80, 0.000, 6.78, -0.02);
insert into SHOT values (2802, 2801, 2811, 1299, 15.190, 217.45, 18.00, 15.190, 217.45, 18.00, 0.000, 11.36, 0.01);
insert into SHOT values (2803, 2801, 2812, 1299, 6.260, 182.45, -10.60, 6.260, 182.45, -10.60, 0.000, 352.45, -0.01);
insert into SHOT values (2804, 2801, 2813, 1299, 12.820, 182.35, -2.20, 12.820, 182.35, -2.20, 0.000, 187.85, 0.01);
insert into SHOT values (2805, 2801, 2814, 1299, 20.370, 179.85, 5.80, 20.370, 179.85, 5.80, 0.000, 354.75, -0.01);
insert into SHOT values (2806, 2801, 2815, 1299, 17.160, 162.45, 13.30, 17.160, 162.45, 13.30, 0.000, 181.84, 0.00);
insert into SHOT values (2807, 2801, 2816, 1299, 11.210, 147.85, 10.10, 11.210, 147.85, 10.10, 0.000, 5.86, -0.01);
insert into SHOT values (2808, 2801, 2817, 1299, 9.930, 191.35, 48.80, 9.930, 191.35, 48.80, 0.000, 0.09, 0.01);
insert into SHOT values (2809, 2801, 2818, 1299, 6.480, 81.95, -17.90, 6.480, 81.95, -17.90, 0.000, 336.80, 0.00);
insert into SHOT values (2810, 2801, 2819, 1299, 8.800, 90.05, -10.30, 8.800, 90.05, -10.30, 0.000, 216.48, 0.04);
insert into SHOT values (2811, 2801, 2820, 1299, 8.600, 78.35, -4.20, 8.600, 78.35, -4.20, 0.000, 2.71, -0.01);
insert into SHOT values (2812, 2801, 2821, 1299, 8.600, 67.45, -11.60, 8.600, 67.45, -11.60, 0.000, 8.50, 0.01);
insert into SHOT values (2813, 2801, 2822, 1299, 11.130, 74.75, -11.20, 11.130, 74.75, -11.20, 0.000, 347.57, 0.02);
insert into SHOT values (2814, 2801, 2823, 1299, 13.420, 78.55, -11.50, 13.420, 78.55, -11.50, 0.000, 8.54, -0.00);
insert into SHOT values (2815, 2801, 2824, 1299, 11.540, 81.15, -7.60, 11.540, 81.15, -7.60, 0.000, 194.40, -0.01);
insert into SHOT values (2816, 2801, 2825, 1299, 14.960, 84.15, -17.00, 14.960, 84.15, -17.00, 0.000, 3.84, -0.01);
insert into SHOT values (2817, 2801, 2826, 1299, 12.000, 88.25, -13.30, 12.000, 88.25, -13.30, 0.000, 225.01, -0.02);
insert into SHOT values (2818, 2801, 2827, 1299, 19.040, 82.05, -12.80, 19.040, 82.05, -12.80, 0.000, 339.42, -0.03);
insert into SHOT values (2819, 2801, 2828, 1299, 11.150, 51.35, -6.60, 11.150, 51.35, -6.60, 0.000, 189.22, -0.00);
insert into SHOT values (2820, 2801, 2829, 1299, 9.730, 30.25, -3.00, 9.730, 30.25, -3.00, 0.000, 8.10, 0.01);
insert into SHOT values (2821, 2801, 2830, 1299, 7.390, 7.35, -4.00, 7.390, 7.35, -4.00, 0.000, 172.15, 0.00);
insert into SHOT values (2822, 2801, 2831, 1299, 5.550, 348.25, -13.00, 5.550, 348.25, -13.00, 0.000, 346.13, -0.01);
insert into SHOT values (2823, 2801, 2832, 1299, 13.870, 22.35, -15.60, 13.870, 22.35, -15.60, 0.000, 174.42, 0.00);
insert into SHOT values (2824, 2801, 2833, 1299, 5.860, 29.85, -23.50, 5.860, 29.85, -23.50, 0.000, 184.11, -0.03);
insert into SHOT values (2825, 2801, 2834, 1299, 26.840, 40.45, -8.50, 26.840, 40.45, -8.50, 0.000, 2.80, 0.01);
insert into SHOT values (2826, 2801, 2835, 1299, 20.270, 86.45, -11.00, 20.270, 86.45, -11.00, 0.000, 7.45, -0.03);
insert into SHOT values (2827, 2801, 2836, 1299, 23.990, 39.75, -7.60, 23.990, 39.75, -7.60, 0.000, 184.70, 0.02);
insert into SHOT values (2828, 2836, 2837, 1299, 3.990, 159.85, -11.90, 3.990, 159.85, -11.90, 0.000, 13.28, 0.02);
insert into SHOT values (2829, 2836, 2838, 1299, 9.980, 205.35, -3.80, 9.980, 205.35, -3.80, 0.000, 160.52, 0.02);
insert into SHOT values (2830, 2836, 2839, 1299, 12.540, 215.05, 4.10, 12.540, 215.05, 4.10, 0.000, 0.56, 0.01);
insert into SHOT values (2831, 2836, 2840, 1299, 22.230, 231.85, 2.90, 22.230, 231.85, 2.90, 0.000, 353.92, 0.01);
insert into SHOT values (2832, 2836, 2841, 1299, 21.630, 263.15, -1.90, 21.630, 263.15, -1.90, 0.000, 192.22, 0.01);
insert into SHOT values (2833, 2836, 2842, 1299, 15.410, 280.75, -2.70, 15.410, 280.75, -2.70, 0.000, 1.89, 0.01);
insert into SHOT values (2834, 2836, 2843, 1299, 15.500, 318.15, -2.10, 15.500, 318.15, -2.10, 0.000, 355.98, 0.03);
insert into SHOT values (2835, 2836, 2844, 1299, 14.530, 334.25, -3.60, 14.530, 334.25, -3.60, 0.000, 342.75, -0.04);
insert into SHOT values (2836, 2836, 2845, 1299, 13.320, 346.45, -1.90, 13.320, 346.45, -1.90, 0.000, 348.37, 0.05);
insert into SHOT values (2837, 2836, 2846, 1299, 9.860, 2.25, -0.60, 9.860, 2.25, -0.60, 0.000, 351.00, 0.02);
insert into SHOT values (2838, 2836, 2847, 1299, 5.600, 333.35, -8.50, 5.600, 333.35, -8.50, 0.000, 174.88, -0.01);
insert into SHOT values (2839, 2836, 2848, 1299, 9.600, 315.75, -4.40, 9.600, 315.75, -4.40, 0.000, 356.68, 0.00);
insert into SHOT values (2840, 2836, 2849, 1299, 4.290, 314.55, -11.00, 4.290, 314.55, -11.00, 0.000, 355.49, 0.04);
insert into SHOT values (2841, 2836, 2850, 1299, 9.680, 281.55, -4.20, 9.680, 281.55, -4.20, 0.000, 348.84, 0.01);
insert into SHOT values (2842, 2836, 2851, 1299, 9.220, 263.35, -3.40, 9.220, 263.35, -3.40, 0.000, 176.63, 0.01);
insert into SHOT values (2843, 2836, 2852, 1299, 11.550, 246.15, -1.60, 11.550, 246.15, -1.60, 0.000, 357.90, -0.01);
insert into SHOT values (2844, 2836, 2853, 1299, 6.240, 242.75, -7.70, 6.240, 242.75, -7.70, 0.000, 185.53, -0.01);
insert into SHOT values (2845, 2836, 2854, 1299, 5.470, 213.65, -9.70, 5.470, 213.65, -9.70, 0.000, 355.61, 0.00);
insert into SHOT values (2846, 2836, 2855, 1299, 1.090, 301.35, -49.10, 1.090, 301.35, -49.10, 0.000, 355.74, 0.01);
insert into SHOT values (2847, 2836, 2856, 1299, 1.800, 2.25, -25.10, 1.800, 2.25, -25.10, 0.000, 358.82, -0.01);
insert into SHOT values (2848, 2836, 2857, 1299, 3.830, 237.55, 25.30, 3.830, 237.55, 25.30, 0.000, 173.97, 0.01);
insert into SHOT values (2849, 2836, 2858, 1299, 9.910, 243.25, 8.50, 9.910, 243.25, 8.50, 0.000, 3.17, 0.03);
insert into SHOT values (2850, 2836, 2859, 1299, 5.560, 281.05, 12.10, 5.560, 281.05, 12.10, 0.000, 194.94, 0.02);
insert into SHOT values (2851, 2836, 2860, 1299, 4.520, 357.35, 15.80, 4.520, 357.35, 15.80, 0.000, 327.58, 0.05);
insert into SHOT values (2852, 2836, 2861, 1299, 0.870, 64.65, 79.80, 0.870, 64.65, 79.80, 0.000, 72.66, -0.01);
insert into SHOT values (2853, 2836, 2862, 1299, 0.880, 51.45, -77.80, 0.880, 51.45, -77.80, 0.000, 188.54, 0.00);
insert into SHOT values (2854, 2836, 2863, 1299, 7.270, 42.15, -7.10, 7.270, 42.15, -7.10, 0.000, 172.62, 0.01);
insert into SHOT values (2855, 2836, 2864, 1299, 9.430, 62.55, -7.00, 9.430, 62.55, -7.00, 0.000, 6.18, 0.00);
insert into SHOT values (2856, 2836, 2865, 1299, 11.040, 81.85, -5.00, 11.040, 81.85, -5.00, 0.000, 1.78, 0.04);
insert into SHOT values (2857, 2836, 2866, 1299, 12.720, 94.05, -5.50, 12.720, 94.05, -5.50, 0.000, 355.49, 0.00);
insert into SHOT values (2858, 2836, 2867, 1299, 5.710, 112.05, -9.90, 5.710, 112.05, -9.90, 0.000, 330.57, 0.18);
insert into SHOT values (2859, 2836, 2868, 1299, 3.750, 87.65, -16.20, 3.750, 87.65, -16.20, 0.000, 6.63, -0.01);
insert into SHOT values (2860, 2836, 2869, 1299, 4.120, 136.65, -14.40, 4.120, 136.65, -14.40, 0.000, 4.28, 0.00);
insert into SHOT values (2861, 2836, 2870, 1299, 5.380, 105.15, -5.60, 5.380, 105.15, -5.60, 0.000, 256.58, -0.10);
insert into SHOT values (2862, 2836, 2871, 1299, 9.010, 105.05, -5.50, 9.010, 105.05, -5.50, 0.000, 326.39, 0.04);
insert into SHOT values (2863, 2871, 2872, 1299, 0.960, 153.55, 74.70, 0.960, 153.55, 74.70, 0.000, 5.96, 0.00);
insert into SHOT values (2864, 2871, 2873, 1299, 0.340, 210.15, -56.20, 0.340, 210.15, -56.20, 0.000, 190.77, 0.00);
insert into SHOT values (2865, 2871, 2874, 1299, 1.570, 101.75, -10.80, 1.570, 101.75, -10.80, 0.000, 176.03, -0.01);
insert into SHOT values (2866, 2871, 2875, 1299, 4.070, 96.35, -4.10, 4.070, 96.35, -4.10, 0.000, 1.09, -0.01);
insert into SHOT values (2867, 2871, 2876, 1299, 6.430, 39.95, -2.10, 6.430, 39.95, -2.10, 0.000, 157.19, -0.02);
insert into SHOT values (2868, 2871, 2877, 1299, 8.190, 9.05, -1.00, 8.190, 9.05, -1.00, 0.000, 177.81, -0.02);
insert into SHOT values (2869, 2871, 2878, 1299, 8.870, 349.25, -2.70, 8.870, 349.25, -2.70, 0.000, 191.23, 0.01);
insert into SHOT values (2870, 2871, 2879, 1299, 1.840, 8.05, 18.00, 1.840, 8.05, 18.00, 0.000, 185.12, 0.00);
insert into SHOT values (2871, 2871, 2880, 1299, 1.190, 9.15, -17.80, 1.190, 9.15, -17.80, 0.000, 200.51, 0.03);
insert into SHOT values (2872, 2871, 2881, 1299, 1.800, 183.45, 41.20, 1.800, 183.45, 41.20, 0.000, 5.27, -0.02);
insert into SHOT values (2873, 2871, 2882, 1299, 5.950, 196.95, 11.40, 5.950, 196.95, 11.40, 0.000, 145.77, -0.06);
insert into SHOT values (2874, 2871, 2883, 1299, 9.470, 224.45, 1.80, 9.470, 224.45, 1.80, 0.000, 359.46, 0.01);
insert into SHOT values (2875, 2871, 2884, 1299, 9.770, 246.35, -0.60, 9.770, 246.35, -0.60, 0.000, 358.50, -0.00);
insert into SHOT values (2876, 2871, 2885, 1299, 13.730, 186.15, 0.20, 13.730, 186.15, 0.20, 0.000, 189.12, 0.02);
insert into SHOT values (2877, 2871, 2886, 1299, 13.120, 163.25, 0.20, 13.120, 163.25, 0.20, 0.000, 185.18, -0.01);
insert into SHOT values (2878, 2871, 2887, 1299, 6.380, 142.65, 1.50, 6.380, 142.65, 1.50, 0.000, 5.21, 0.01);
insert into SHOT values (2879, 2871, 2888, 1299, 4.790, 122.65, -0.20, 4.790, 122.65, -0.20, 0.000, 139.39, 0.07);
insert into SHOT values (2880, 2871, 2889, 1299, 3.820, 152.55, -6.10, 3.820, 152.55, -6.10, 0.000, 183.69, -0.03);
insert into SHOT values (2881, 2871, 2890, 1299, 3.480, 185.75, -6.60, 3.480, 185.75, -6.60, 0.000, 352.03, -0.01);
insert into SHOT values (2882, 2871, 2891, 1299, 9.210, 193.75, 5.80, 9.210, 193.75, 5.80, 0.000, 357.52, -0.00);
insert into SHOT values (2883, 2871, 2892, 1299, 4.910, 191.65, 12.50, 4.910, 191.65, 12.50, 0.000, 158.91, 0.06);
insert into SHOT values (2884, 2871, 2893, 1299, 16.860, 203.65, 0.90, 16.860, 203.65, 0.90, 0.000, 185.58, -0.01);
insert into SHOT values (2885, 2771, 2894, 1299, 25.150, 120.65, 2.60, 25.299, 120.94, 2.65, 0.198, 161.79, 8.97);
insert into SHOT values (2886, 2894, 2895, 1299, 13.090, 228.55, 0.40, 13.090, 228.55, 0.40, 0.000, 190.27, 0.01);
insert into SHOT values (2887, 2894, 2896, 1299, 14.200, 265.45, 1.50, 14.200, 265.45, 1.50, 0.000, 301.21, 0.05);
insert into SHOT values (2888, 2894, 2897, 1299, 14.530, 283.35, -2.40, 14.530, 283.35, -2.40, 0.000, 163.58, 0.02);
insert into SHOT values (2889, 2894, 2898, 1299, 8.060, 295.35, 17.90, 8.060, 295.35, 17.90, 0.000, 307.00, -0.04);
insert into SHOT values (2890, 2894, 2899, 1299, 4.280, 252.75, 37.40, 4.280, 252.75, 37.40, 0.000, 347.50, -0.03);
insert into SHOT values (2891, 2894, 2900, 1299, 6.400, 174.85, 28.60, 6.400, 174.85, 28.60, 0.000, 357.23, 0.02);
insert into SHOT values (2892, 2894, 2901, 1299, 14.150, 162.55, 13.40, 14.150, 162.55, 13.40, 0.000, 154.35, 0.06);
insert into SHOT values (2893, 2894, 2902, 1299, 25.670, 170.75, -1.40, 25.670, 170.75, -1.40, 0.000, 5.70, -0.02);
insert into SHOT values (2894, 2894, 2903, 1299, 18.080, 195.95, -3.40, 18.080, 195.95, -3.40, 0.000, 198.86, 0.03);
insert into SHOT values (2895, 2894, 2904, 1299, 14.320, 209.85, -0.00, 14.320, 209.85, 0.00, 0.000, 138.05, 0.00);
insert into SHOT values (2896, 2894, 2905, 1299, 3.030, 188.25, -8.40, 3.030, 188.25, -8.40, 0.000, 172.99, -0.01);
insert into SHOT values (2897, 2894, 2906, 1299, 3.240, 130.35, -6.80, 3.240, 130.35, -6.80, 0.000, 12.90, 0.00);
insert into SHOT values (2898, 2894, 2907, 1299, 4.170, 71.35, 2.80, 4.170, 71.35, 2.80, 0.000, 2.88, 0.06);
insert into SHOT values (2899, 2894, 2908, 1299, 8.450, 107.65, 2.80, 8.450, 107.65, 2.80, 0.000, 5.96, -0.01);
insert into SHOT values (2900, 2894, 2909, 1299, 14.510, 131.35, 1.40, 14.510, 131.35, 1.40, 0.000, 182.70, -0.00);
insert into SHOT values (2901, 2894, 2910, 1299, 28.860, 140.45, 0.70, 28.860, 140.45, 0.70, 0.000, 174.12, 0.01);
insert into SHOT values (2902, 2894, 2911, 1299, 12.850, 334.65, 4.40, 12.850, 334.65, 4.40, 0.000, 194.71, -0.00);
insert into SHOT values (2903, 2894, 2912, 1299, 6.860, 1.95, 4.40, 6.860, 1.95, 4.40, 0.000, 175.71, -0.02);
insert into SHOT values (2904, 2894, 2913, 1299, 4.500, 323.85, 26.90, 4.500, 323.85, 26.90, 0.000, 354.14, -0.02);
insert into SHOT values (2905, 2894, 2914, 1299, 23.710, 158.15, -2.00, 23.807, 157.85, -1.93, 0.161, 106.46, 9.85);
insert into SHOT values (2906, 2914, 2915, 1299, 7.430, 69.15, 2.30, 7.430, 69.15, 2.30, 0.000, 183.13, -0.00);
insert into SHOT values (2907, 2914, 2916, 1299, 6.270, 62.35, 44.50, 6.270, 62.35, 44.50, 0.000, 11.64, 0.04);
insert into SHOT values (2908, 2914, 2917, 1299, 4.760, 153.95, 83.10, 4.760, 153.95, 83.10, 0.000, 184.97, 0.00);
insert into SHOT values (2909, 2914, 2918, 1299, 5.180, 337.25, -7.60, 5.180, 337.25, -7.60, 0.000, 174.21, 0.01);
insert into SHOT values (2910, 2914, 2919, 1299, 21.160, 354.85, 3.80, 21.160, 354.85, 3.80, 0.000, 2.43, -0.00);
insert into SHOT values (2911, 2914, 2920, 1299, 11.810, 13.45, 5.90, 11.810, 13.45, 5.90, 0.000, 353.18, -0.01);
insert into SHOT values (2912, 2914, 2921, 1299, 10.780, 332.35, 20.80, 10.780, 332.35, 20.80, 0.000, 55.43, -0.01);
insert into SHOT values (2913, 2914, 2922, 1299, 13.570, 288.05, -0.70, 13.570, 288.05, -0.70, 0.000, 177.13, -0.01);
insert into SHOT values (2914, 2914, 2923, 1299, 22.330, 304.85, 2.10, 22.330, 304.85, 2.10, 0.000, 25.86, 0.04);
insert into SHOT values (2915, 2914, 2924, 1299, 5.250, 216.65, -3.30, 5.250, 216.65, -3.30, 0.000, 356.33, -0.01);
insert into SHOT values (2916, 2914, 2925, 1299, 6.420, 186.35, 3.80, 6.420, 186.35, 3.80, 0.000, 358.41, -0.01);
insert into SHOT values (2917, 2914, 2926, 1299, 19.960, 162.45, 8.10, 19.960, 162.45, 8.10, 0.000, 97.21, -0.01);
insert into SHOT values (2918, 2914, 2927, 1299, 21.230, 142.05, 13.10, 21.230, 142.05, 13.10, 0.000, 170.15, -0.00);
insert into SHOT values (2919, 2914, 2928, 1299, 18.830, 121.25, 14.10, 18.830, 121.25, 14.10, 0.000, 353.05, -0.00);
insert into SHOT values (2920, 2914, 2929, 1299, 9.410, 137.05, 29.50, 9.410, 137.05, 29.50, 0.000, 8.31, -0.01);
insert into SHOT values (2921, 2914, 2930, 1299, 10.640, 134.95, 8.30, 10.640, 134.95, 8.30, 0.000, 165.27, 0.00);
insert into SHOT values (2922, 2914, 2931, 1299, 2.320, 142.75, -1.30, 2.320, 142.75, -1.30, 0.000, 357.00, 0.01);
insert into SHOT values (2923, 2914, 2932, 1299, 0.510, 258.55, -52.10, 0.510, 258.55, -52.10, 0.000, 174.98, 0.01);
insert into SHOT values (2924, 2914, 2933, 1299, 3.240, 260.45, -13.40, 3.240, 260.45, -13.40, 0.000, 195.40, -0.03);
insert into SHOT values (2925, 2914, 2934, 1299, 12.020, 258.75, -7.00, 12.020, 258.75, -7.00, 0.000, 102.29, 0.01);
insert into SHOT values (2926, 2914, 2935, 1299, 11.800, 272.25, -0.60, 11.800, 272.25, -0.60, 0.000, 188.09, -0.02);
insert into SHOT values (2927, 2914, 2936, 1299, 6.860, 257.65, 8.50, 6.860, 257.65, 8.50, 0.000, 356.47, -0.01);
insert into SHOT values (2928, 2914, 2937, 1299, 5.570, 235.15, 0.50, 5.570, 235.15, 0.50, 0.000, 352.23, 0.03);
insert into SHOT values (2929, 2914, 2938, 1299, 10.390, 241.15, -1.50, 10.390, 241.15, -1.50, 0.000, 183.70, -0.01);
insert into SHOT values (2930, 2914, 2939, 1299, 21.310, 255.95, -0.70, 21.331, 255.50, -0.64, 0.170, 172.89, 7.54);
insert into SHOT values (2931, 2939, 2940, 1299, 4.070, 181.75, 23.30, 4.070, 181.75, 23.30, 0.000, 65.36, 0.08);
insert into SHOT values (2932, 2939, 2941, 1299, 9.170, 110.65, 6.90, 9.170, 110.65, 6.90, 0.000, 9.58, -0.03);
insert into SHOT values (2933, 2939, 2942, 1299, 10.320, 89.35, 1.50, 10.320, 89.35, 1.50, 0.000, 356.45, 0.00);
insert into SHOT values (2934, 2939, 2943, 1299, 9.680, 52.65, 0.20, 9.680, 52.65, 0.20, 0.000, 183.47, -0.00);
insert into SHOT values (2935, 2939, 2944, 1299, 9.100, 18.35, 0.80, 9.100, 18.35, 0.80, 0.000, 15.41, -0.02);
insert into SHOT values (2936, 2939, 2945, 1299, 7.180, 342.15, 11.10, 7.180, 342.15, 11.10, 0.000, 291.48, 0.10);
insert into SHOT values (2937, 2939, 2946, 1299, 7.110, 320.45, 4.20, 7.110, 320.45, 4.20, 0.000, 214.80, 0.08);
insert into SHOT values (2938, 2939, 2947, 1299, 15.220, 303.05, 4.20, 15.220, 303.05, 4.20, 0.000, 342.67, 0.01);
insert into SHOT values (2939, 2939, 2948, 1299, 3.970, 351.15, 60.70, 3.970, 351.15, 60.70, 0.000, 178.91, -0.00);
insert into SHOT values (2940, 2939, 2949, 1299, 6.160, 19.35, 83.50, 6.160, 19.35, 83.50, 0.000, 168.06, -0.02);
insert into SHOT values (2941, 2939, 2950, 1299, 7.110, 213.85, 6.20, 7.110, 213.85, 6.20, 0.000, 182.46, -0.01);
insert into SHOT values (2942, 2939, 2951, 1299, 2.710, 242.05, 43.10, 2.710, 242.05, 43.10, 0.000, 195.99, -0.01);
insert into SHOT values (2943, 2939, 2952, 1299, 8.490, 269.85, 22.20, 8.490, 269.85, 22.20, 0.000, 15.83, -0.05);
insert into SHOT values (2944, 2939, 2953, 1299, 12.850, 285.35, 34.50, 12.850, 285.35, 34.50, 0.000, 173.81, 0.02);
insert into SHOT values (2945, 2939, 2954, 1299, 8.920, 304.75, 24.00, 8.920, 304.75, 24.00, 0.000, 200.60, -0.04);
insert into SHOT values (2946, 2939, 2955, 1299, 6.890, 272.25, -2.90, 6.890, 272.25, -2.90, 0.000, 357.57, 0.08);
insert into SHOT values (2947, 2939, 2956, 1299, 7.210, 305.45, -1.60, 7.210, 305.45, -1.60, 0.000, 29.52, 0.06);
insert into SHOT values (2948, 2939, 2957, 1299, 15.640, 302.95, 3.90, 15.640, 302.95, 3.90, 0.000, 177.05, 0.00);
insert into SHOT values (2949, 2939, 2958, 1299, 15.690, 311.45, 4.50, 15.690, 311.45, 4.50, 0.000, 359.11, -0.01);
insert into SHOT values (2950, 2939, 2959, 1299, 23.190, 262.55, 2.60, 23.190, 262.55, 2.60, 0.000, 189.47, 0.00);
insert into SHOT values (2951, 2939, 2960, 1299, 24.250, 249.35, 4.40, 24.250, 249.35, 4.40, 0.000, 129.38, 0.08);
insert into SHOT values (2952, 2939, 2961, 1299, 31.310, 276.05, -0.50, 31.310, 276.05, -0.50, 0.000, 357.21, -0.01);
insert into SHOT values (2953, 2939, 2708, 1299, 23.760, 276.05, -0.50, 23.723, 275.53, -0.43, 0.219, 176.01, 7.25);
insert into SHOT values (2954, 2708, 2770, 1299, 18.510, 76.55, 2.70, 18.485, 76.71, 2.60, 0.066, 191.74, -31.09);
insert into SHOT values (2955, 2708, 2962, 1299, 14.680, 133.85, 9.80, 14.659, 133.96, 9.64, 0.054, 250.81, -55.68);
insert into SHOT values (2956, 2962, 2963, 1299, 1.730, 139.35, -70.90, 1.730, 139.35, -70.90, 0.000, 170.69, 0.02);
insert into SHOT values (2957, 2962, 2964, 1299, 4.380, 73.75, -8.70, 4.380, 73.75, -8.70, 0.000, 0.15, -0.00);
insert into SHOT values (2958, 2962, 2965, 1299, 7.420, 273.05, -11.70, 7.420, 273.05, -11.70, 0.000, 356.40, -0.01);
insert into SHOT values (2959, 2962, 2966, 1299, 22.160, 108.85, -1.00, 22.154, 108.94, -1.26, 0.108, 211.40, -69.55);
insert into SHOT values (2960, 2914, 2967, 1299, 27.550, 174.65, 5.40, 27.550, 174.65, 5.40, 0.000, 351.36, -0.01);
insert into SHOT values (2961, 2914, 2968, 1299, 17.970, 141.05, 9.10, 18.092, 140.53, 9.39, 0.222, 83.91, 30.00);
insert into SHOT values (2962, 2968, 2969, 1299, 3.640, 167.65, 61.30, 3.640, 167.65, 61.30, 0.000, 286.22, -0.08);
insert into SHOT values (2963, 2968, 2970, 1299, 8.910, 59.25, 10.20, 8.910, 59.25, 10.20, 0.000, 172.98, 0.34);
insert into SHOT values (2964, 2968, 2971, 1299, 6.370, 216.25, -0.90, 6.370, 216.25, -0.90, 0.000, 350.35, 0.01);
insert into SHOT values (2965, 2968, 2972, 1299, 11.350, 166.85, 20.40, 11.350, 166.85, 20.40, 0.000, 199.91, -0.06);
insert into SHOT values (2966, 2968, 2973, 1299, 13.370, 132.85, 8.30, 13.370, 132.85, 8.30, 0.000, 171.30, -0.01);
insert into SHOT values (2967, 2968, 2974, 1299, 10.510, 17.65, -0.60, 10.510, 17.65, -0.60, 0.000, 181.73, 0.02);
insert into SHOT values (2968, 2968, 2975, 1299, 1.540, 5.75, -19.40, 1.540, 5.75, -19.40, 0.000, 1.86, -0.01);
insert into SHOT values (2969, 2968, 2976, 1299, 7.090, 252.25, -8.40, 7.090, 252.25, -8.40, 0.000, 331.15, -0.00);
insert into SHOT values (2970, 2968, 2977, 1299, 10.680, 115.45, 8.70, 10.728, 115.26, 8.89, 0.069, 75.50, 37.51);
insert into SCRAPS values (1301, 1295, 'SP-Xav6-1', 1, 43.85314, 0.29989);
 insert into SCRAPS values (1404, 1295, 'SP-Xav6-2', 1, 0.28527, 0.05610);
 insert into MAPS values (1433, 1295, 'MP-GeophysicayaXR6', 'GeophysicayaXR6', 1, 492.470, -17.812);
 insert into MAPITEMS values (1433, 4, 1301);
 insert into MAPITEMS values (1433, 4, 1404);
 insert into SURVEY values (1436, 308, 'Alex3', 'Alex3.Geophysicalskaya.Koytendag', 'Alex3');
 insert into CENTRELINE values (1437, 1436, NULL, NULL, NULL, 0.00, 0.00, 0.00);
 insert into SURVEY values (1438, 1436, 'Geophyscaya_03', 'Geophyscaya_03.Alex3.Geophysicalskaya.Koytendag', 'Geophyscaya 03');
 insert into CENTRELINE values (1439, 1438, NULL, NULL, NULL, 0.00, 0.00, 0.00);
 insert into CENTRELINE values (1440, 1438, NULL, '2024-04-15', NULL, 534.54, 0.00, 0.00);
 insert into TOPO values (8, 1440);
 insert into TOPO values (6, 1440);
 insert into TOPO values (7, 1440);
 insert into SHOT values (2971, 2978, 2979, 1440, 10.150, 96.15, 11.40, 10.150, 96.15, 11.40, 0.000, 218.10, 0.03);
insert into SHOT values (2972, 2978, 2980, 1440, 14.980, 58.45, 10.80, 14.980, 58.45, 10.80, 0.000, 10.93, -0.03);
insert into SHOT values (2973, 2978, 2981, 1440, 9.800, 204.45, 7.40, 9.800, 204.45, 7.40, 0.000, 174.80, 0.01);
insert into SHOT values (2974, 2978, 2982, 1440, 16.410, 244.35, 3.50, 16.410, 244.35, 3.50, 0.000, 348.58, -0.11);
insert into SHOT values (2975, 2978, 2983, 1440, 5.910, 300.95, 4.30, 5.910, 300.95, 4.30, 0.000, 4.28, -0.00);
insert into SHOT values (2976, 2978, 2984, 1440, 0.660, 192.15, -81.10, 0.660, 192.15, -81.10, 0.000, 9.06, 0.03);
insert into SHOT values (2977, 2978, 2985, 1440, 5.490, 229.25, 85.60, 5.490, 229.25, 85.60, 0.000, 162.13, -0.05);
insert into SHOT values (2978, 2978, 2986, 1440, 25.430, 174.25, 4.80, 25.409, 174.44, 4.38, 0.208, 268.42, -65.65);
insert into SHOT values (2979, 2986, 2987, 1440, 3.810, 219.15, 6.70, 3.810, 219.15, 6.70, 0.000, 7.03, -0.00);
insert into SHOT values (2980, 2986, 2988, 1440, 13.090, 144.55, 9.30, 13.090, 144.55, 9.30, 0.000, 182.55, 0.01);
insert into SHOT values (2981, 2986, 2989, 1440, 24.380, 35.85, 7.50, 24.380, 35.85, 7.50, 0.000, 172.64, -0.00);
insert into SHOT values (2982, 2986, 2990, 1440, 19.640, 36.65, 6.10, 19.640, 36.65, 6.10, 0.000, 197.84, 0.00);
insert into SHOT values (2983, 2986, 2991, 1440, 19.860, 49.75, 7.40, 19.860, 49.75, 7.40, 0.000, 186.62, 0.01);
insert into SHOT values (2984, 2986, 2992, 1440, 4.300, 55.55, -24.50, 4.300, 55.55, -24.50, 0.000, 166.81, 0.00);
insert into SHOT values (2985, 2986, 2993, 1440, 3.880, 85.75, 76.90, 3.880, 85.75, 76.90, 0.000, 159.85, -0.03);
insert into SHOT values (2986, 2986, 2994, 1440, 19.420, 108.75, -4.40, 19.423, 108.80, -4.73, 0.113, 216.23, -80.71);
insert into SHOT values (2987, 2994, 2995, 1440, 0.610, 355.75, 17.00, 0.610, 355.75, 17.00, 0.000, 14.31, 0.09);
insert into SHOT values (2988, 2994, 2996, 1440, 14.030, 45.35, 10.60, 14.030, 45.35, 10.60, 0.000, 162.53, 0.04);
insert into SHOT values (2989, 2994, 2997, 1440, 9.840, 158.75, 6.00, 9.840, 158.75, 6.00, 0.000, 180.38, -0.00);
insert into SHOT values (2990, 2994, 2998, 1440, 4.650, 220.55, 45.20, 4.650, 220.55, 45.20, 0.000, 168.58, -0.02);
insert into SHOT values (2991, 2994, 2999, 1440, 8.460, 253.65, 17.20, 8.460, 253.65, 17.20, 0.000, 356.59, 0.00);
insert into SHOT values (2992, 2994, 3000, 1440, 2.830, 90.75, -56.70, 2.830, 90.75, -56.70, 0.000, 181.72, -0.02);
insert into SHOT values (2993, 2994, 3001, 1440, 4.460, 175.45, 84.20, 4.460, 175.45, 84.20, 0.000, 187.48, 0.01);
insert into SHOT values (2994, 2994, 3002, 1440, 24.870, 90.25, 2.90, 24.856, 90.31, 2.48, 0.184, 192.97, -81.54);
insert into SHOT values (2995, 3002, 3003, 1440, 1.960, 11.15, 9.80, 1.960, 11.15, 9.80, 0.000, 171.58, 0.01);
insert into SHOT values (2996, 3002, 3004, 1440, 12.980, 177.65, 9.90, 12.980, 177.65, 9.90, 0.000, 170.40, -0.01);
insert into SHOT values (2997, 3002, 3005, 1440, 16.420, 156.85, 6.10, 16.420, 156.85, 6.10, 0.000, 353.70, 0.02);
insert into SHOT values (2998, 3002, 3006, 1440, 20.160, 215.45, 4.70, 20.160, 215.45, 4.70, 0.000, 3.69, -0.06);
insert into SHOT values (2999, 3002, 3007, 1440, 19.720, 239.75, 1.20, 19.720, 239.75, 1.20, 0.000, 183.77, 0.01);
insert into SHOT values (3000, 3002, 3008, 1440, 4.380, 299.05, -1.50, 4.380, 299.05, -1.50, 0.000, 188.09, -0.01);
insert into SHOT values (3001, 3002, 3009, 1440, 4.990, 170.55, -15.00, 4.990, 170.55, -15.00, 0.000, 317.83, -0.08);
insert into SHOT values (3002, 3002, 3010, 1440, 2.270, 152.95, 84.10, 2.270, 152.95, 84.10, 0.000, 171.80, -0.01);
insert into SHOT values (3003, 3002, 3011, 1440, 16.230, 149.35, 1.30, 16.218, 149.44, 1.02, 0.084, 261.24, -70.20);
insert into SHOT values (3004, 3011, 3012, 1440, 10.020, 79.15, 8.20, 10.020, 79.15, 8.20, 0.000, 1.56, 0.02);
insert into SHOT values (3005, 3011, 3013, 1440, 0.530, 40.45, 7.90, 0.530, 40.45, 7.90, 0.000, 184.25, -0.00);
insert into SHOT values (3006, 3011, 3014, 1440, 2.720, 211.95, 10.10, 2.720, 211.95, 10.10, 0.000, 338.00, -0.06);
insert into SHOT values (3007, 3011, 3015, 1440, 5.830, 277.95, 13.00, 5.830, 277.95, 13.00, 0.000, 16.51, 0.05);
insert into SHOT values (3008, 3011, 3016, 1440, 4.060, 79.05, -18.10, 4.060, 79.05, -18.10, 0.000, 355.01, -0.00);
insert into SHOT values (3009, 3011, 3017, 1440, 4.670, 91.85, 57.50, 4.670, 91.85, 57.50, 0.000, 180.77, 0.01);
insert into SHOT values (3010, 3011, 3018, 1440, 29.590, 167.55, 1.80, 29.563, 167.76, 1.30, 0.280, 268.19, -66.47);
insert into SHOT values (3011, 3018, 3019, 1440, 10.560, 49.35, 0.20, 10.560, 49.35, 0.20, 0.000, 151.33, 0.03);
insert into SHOT values (3012, 3018, 3020, 1440, 13.490, 80.55, -1.20, 13.490, 80.55, -1.20, 0.000, 353.22, -0.01);
insert into SHOT values (3013, 3018, 3021, 1440, 9.620, 61.15, -2.10, 9.620, 61.15, -2.10, 0.000, 341.87, 0.02);
insert into SHOT values (3014, 3018, 3022, 1440, 8.580, 305.55, 1.80, 8.580, 305.55, 1.80, 0.000, 195.13, 0.02);
insert into SHOT values (3015, 3018, 3023, 1440, 12.890, 319.65, -0.20, 12.890, 319.65, -0.20, 0.000, 225.83, 0.02);
insert into SHOT values (3016, 3018, 3024, 1440, 8.230, 89.45, -16.40, 8.230, 89.45, -16.40, 0.000, 230.23, -0.00);
insert into SHOT values (3017, 3018, 3025, 1440, 3.600, 212.45, 79.70, 3.600, 212.45, 79.70, 0.000, 182.44, 0.02);
insert into SHOT values (3018, 3018, 3026, 1440, 9.090, 238.15, 14.00, 9.089, 237.93, 13.66, 0.064, 167.89, -55.47);
insert into SHOT values (3019, 3026, 3027, 1440, 7.810, 344.45, -8.40, 7.810, 344.45, -8.40, 0.000, 351.98, -0.03);
insert into SHOT values (3020, 3026, 3028, 1440, 10.710, 305.85, -5.70, 10.710, 305.85, -5.70, 0.000, 223.75, -0.03);
insert into SHOT values (3021, 3026, 3029, 1440, 17.980, 152.05, 0.70, 17.980, 152.05, 0.70, 0.000, 186.73, -0.00);
insert into SHOT values (3022, 3026, 3030, 1440, 10.710, 202.05, -0.80, 10.710, 202.05, -0.80, 0.000, 166.92, 0.03);
insert into SHOT values (3023, 3026, 3031, 1440, 4.420, 45.15, -38.90, 4.420, 45.15, -38.90, 0.000, 7.52, 0.02);
insert into SHOT values (3024, 3026, 3032, 1440, 0.880, 85.75, 85.30, 0.880, 85.75, 85.30, 0.000, 137.77, -0.09);
insert into SHOT values (3025, 3026, 3033, 1440, 9.370, 268.55, -10.30, 9.376, 268.28, -10.64, 0.071, 172.29, -52.12);
insert into SHOT values (3026, 3033, 3034, 1440, 8.780, 7.75, -5.20, 8.780, 7.75, -5.20, 0.000, 351.35, -0.01);
insert into SHOT values (3027, 3033, 3035, 1440, 11.630, 324.65, -19.80, 11.630, 324.65, -19.80, 0.000, 189.80, 0.02);
insert into SHOT values (3028, 3033, 3036, 1440, 2.670, 215.05, -53.50, 2.670, 215.05, -53.50, 0.000, 179.55, -0.01);
insert into SHOT values (3029, 3033, 3037, 1440, 0.660, 30.75, 86.50, 0.660, 30.75, 86.50, 0.000, 5.05, -0.01);
insert into SHOT values (3030, 3033, 3038, 1440, 12.720, 287.05, -17.20, 12.721, 286.74, -17.64, 0.117, 172.85, -53.08);
insert into SHOT values (3031, 3038, 3039, 1440, 4.900, 3.35, 5.40, 4.900, 3.35, 5.40, 0.000, 358.85, -0.02);
insert into SHOT values (3032, 3038, 3040, 1440, 17.010, 219.45, -6.20, 17.010, 219.45, -6.20, 0.000, 167.65, 0.02);
insert into SHOT values (3033, 3038, 3041, 1440, 17.430, 144.55, 11.40, 17.430, 144.55, 11.40, 0.000, 6.53, -0.01);
insert into SHOT values (3034, 3038, 3042, 1440, 4.800, 254.85, -40.70, 4.800, 254.85, -40.70, 0.000, 347.20, 0.03);
insert into SHOT values (3035, 3038, 3043, 1440, 3.940, 294.75, 81.10, 3.940, 294.75, 81.10, 0.000, 174.19, 0.01);
insert into SHOT values (3036, 3038, 3044, 1440, 18.910, 304.85, -17.90, 18.910, 304.85, -17.90, 0.000, 176.22, 0.01);
insert into SHOT values (3037, 3044, 3045, 1440, 12.950, 359.65, -15.10, 12.950, 359.65, -15.10, 0.000, 42.34, -0.00);
insert into SHOT values (3038, 3044, 3046, 1440, 13.260, 85.25, 3.00, 13.260, 85.25, 3.00, 0.000, 42.55, 0.03);
insert into SHOT values (3039, 3044, 3047, 1440, 9.570, 56.15, -15.80, 9.570, 56.15, -15.80, 0.000, 179.00, -0.01);
insert into SHOT values (3040, 3044, 3048, 1440, 8.860, 22.65, -20.60, 8.860, 22.65, -20.60, 0.000, 194.52, 0.03);
insert into SHOT values (3041, 3044, 3049, 1440, 10.710, 345.45, -15.50, 10.710, 345.45, -15.50, 0.000, 163.56, 0.06);
insert into SHOT values (3042, 3044, 3050, 1440, 0.960, 287.35, 3.10, 0.960, 287.35, 3.10, 0.000, 155.50, 0.01);
insert into SHOT values (3043, 3044, 3051, 1440, 3.040, 350.05, -76.20, 3.040, 350.05, -76.20, 0.000, 354.16, 0.00);
insert into SHOT values (3044, 3044, 3052, 1440, 1.560, 143.75, 87.80, 1.560, 143.75, 87.80, 0.000, 185.75, -0.01);
insert into SHOT values (3045, 3038, 3053, 1440, 19.930, 271.55, -10.20, 19.930, 271.55, -10.20, 0.000, 222.90, -0.06);
insert into SHOT values (3046, 3053, 3054, 1440, 7.460, 234.95, -8.10, 7.460, 234.95, -8.10, 0.000, 29.74, 0.08);
insert into SHOT values (3047, 3053, 3055, 1440, 13.700, 273.65, -21.80, 13.700, 273.65, -21.80, 0.000, 184.56, 0.00);
insert into SHOT values (3048, 3053, 3056, 1440, 11.800, 302.65, -23.80, 11.800, 302.65, -23.80, 0.000, 350.24, 0.04);
insert into SHOT values (3049, 3053, 3057, 1440, 7.050, 355.15, -10.60, 7.050, 355.15, -10.60, 0.000, 323.33, -0.09);
insert into SHOT values (3050, 3053, 3058, 1440, 18.000, 31.45, -9.30, 18.000, 31.45, -9.30, 0.000, 185.94, -0.01);
insert into SHOT values (3051, 3053, 3059, 1440, 4.180, 330.95, -51.00, 4.180, 330.95, -51.00, 0.000, 173.36, -0.01);
insert into SHOT values (3052, 3053, 3060, 1440, 1.430, 319.75, 81.40, 1.430, 319.75, 81.40, 0.000, 359.66, -0.02);
insert into SHOT values (3053, 3053, 3061, 1440, 14.210, 277.95, -25.10, 14.210, 277.95, -25.10, 0.000, 6.76, -0.00);
insert into SHOT values (3054, 3053, 3062, 1440, 8.150, 323.45, -20.30, 8.150, 323.45, -20.30, 0.000, 166.59, 0.03);
insert into SHOT values (3055, 3062, 3063, 1440, 4.680, 260.85, -13.20, 4.680, 260.85, -13.20, 0.000, 181.49, -0.02);
insert into SHOT values (3056, 3062, 3064, 1440, 10.400, 237.25, -16.80, 10.400, 237.25, -16.80, 0.000, 355.24, -0.00);
insert into SHOT values (3057, 3062, 3065, 1440, 8.390, 2.65, 20.80, 8.390, 2.65, 20.80, 0.000, 9.11, -0.00);
insert into SHOT values (3058, 3062, 3066, 1440, 8.130, 50.35, 34.50, 8.130, 50.35, 34.50, 0.000, 172.02, -0.02);
insert into SHOT values (3059, 3062, 3067, 1440, 3.480, 214.95, -35.40, 3.480, 214.95, -35.40, 0.000, 350.93, -0.00);
insert into SHOT values (3060, 3062, 3068, 1440, 1.240, 6.45, 84.90, 1.240, 6.45, 84.90, 0.000, 351.88, -0.07);
insert into SHOT values (3061, 3062, 3069, 1440, 5.110, 340.45, 3.40, 5.110, 340.45, 3.40, 0.000, 163.04, -0.02);
insert into SHOT values (3062, 3069, 3070, 1440, 3.850, 235.95, -15.20, 3.850, 235.95, -15.20, 0.000, 352.36, 0.01);
insert into SHOT values (3063, 3069, 3071, 1440, 3.910, 286.05, -18.70, 3.910, 286.05, -18.70, 0.000, 183.40, -0.00);
insert into SHOT values (3064, 3069, 3072, 1440, 2.530, 7.55, 14.60, 2.530, 7.55, 14.60, 0.000, 354.66, -0.06);
insert into SHOT values (3065, 3069, 3073, 1440, 6.030, 49.75, 35.30, 6.030, 49.75, 35.30, 0.000, 341.47, 0.03);
insert into SHOT values (3066, 3069, 3074, 1440, 1.050, 351.65, -63.80, 1.050, 351.65, -63.80, 0.000, 180.23, -0.01);
insert into SHOT values (3067, 3069, 3075, 1440, 1.730, 344.75, 80.40, 1.730, 344.75, 80.40, 0.000, 184.00, -0.00);
insert into SHOT values (3068, 3069, 3076, 1440, 11.140, 340.85, -16.10, 11.140, 340.85, -16.10, 0.000, 193.66, -0.03);
insert into SHOT values (3069, 3076, 3077, 1440, 5.120, 213.75, 23.00, 5.120, 213.75, 23.00, 0.000, 167.79, 0.03);
insert into SHOT values (3070, 3076, 3078, 1440, 0.340, 30.65, -6.70, 0.340, 30.65, -6.70, 0.000, 186.28, 0.02);
insert into SHOT values (3071, 3076, 3079, 1440, 2.670, 21.35, -84.60, 2.670, 21.35, -84.60, 0.000, 174.74, -0.06);
insert into SHOT values (3072, 3076, 3080, 1440, 2.350, 82.05, 89.00, 2.350, 82.05, 89.00, 0.000, 352.63, -0.01);
insert into SHOT values (3073, 3076, 3081, 1440, 4.890, 280.35, -28.50, 4.890, 280.35, -28.50, 0.000, 168.25, 0.01);
insert into SHOT values (3074, 3081, 3082, 1440, 6.720, 252.95, -2.00, 6.720, 252.95, -2.00, 0.000, 213.05, -0.12);
insert into SHOT values (3075, 3081, 3083, 1440, 7.930, 288.75, -4.10, 7.930, 288.75, -4.10, 0.000, 191.59, -0.02);
insert into SHOT values (3076, 3081, 3084, 1440, 3.570, 82.55, 3.90, 3.570, 82.55, 3.90, 0.000, 321.59, 0.05);
insert into SHOT values (3077, 3081, 3085, 1440, 5.180, 25.05, -1.30, 5.180, 25.05, -1.30, 0.000, 145.31, 0.00);
insert into SHOT values (3078, 3081, 3086, 1440, 1.780, 56.85, -80.60, 1.780, 56.85, -80.60, 0.000, 172.03, 0.00);
insert into SHOT values (3079, 3081, 3087, 1440, 3.920, 130.15, 78.30, 3.920, 130.15, 78.30, 0.000, 181.31, -0.02);
insert into SHOT values (3080, 3081, 3088, 1440, 9.300, 342.95, -15.00, 9.300, 342.95, -15.00, 0.000, 186.51, -0.02);
insert into SHOT values (3081, 3088, 3089, 1440, 0.960, 56.35, 1.40, 0.960, 56.35, 1.40, 0.000, 36.20, -0.09);
insert into SHOT values (3082, 3088, 3090, 1440, 6.480, 234.85, -0.80, 6.480, 234.85, -0.80, 0.000, 5.52, -0.03);
insert into SHOT values (3083, 3088, 3091, 1440, 9.300, 204.05, 19.90, 9.300, 204.05, 19.90, 0.000, 14.25, -0.01);
insert into SHOT values (3084, 3088, 3092, 1440, 1.620, 314.75, -78.50, 1.620, 314.75, -78.50, 0.000, 308.00, 0.11);
insert into SHOT values (3085, 3088, 3093, 1440, 3.640, 214.25, 81.60, 3.640, 214.25, 81.60, 0.000, 3.23, 0.02);
insert into SHOT values (3086, 3088, 3094, 1440, 10.330, 306.15, -21.00, 10.330, 306.15, -21.00, 0.000, 169.44, -0.00);
insert into SHOT values (3087, 3094, 3095, 1440, 2.030, 224.95, 2.20, 2.030, 224.95, 2.20, 0.000, 359.59, 0.01);
insert into SHOT values (3088, 3094, 3096, 1440, 1.140, 50.55, -0.80, 1.140, 50.55, -0.80, 0.000, 170.65, -0.02);
insert into SHOT values (3089, 3094, 3097, 1440, 2.190, 323.55, 2.50, 2.190, 323.55, 2.50, 0.000, 166.13, 0.03);
insert into SHOT values (3090, 3094, 3098, 1440, 1.120, 57.55, -33.30, 1.120, 57.55, -33.30, 0.000, 353.35, -0.02);
insert into SHOT values (3091, 3094, 3099, 1440, 1.980, 11.55, 77.80, 1.980, 11.55, 77.80, 0.000, 181.49, 0.01);
insert into SHOT values (3092, 3038, 3100, 1440, 8.960, 148.95, 9.10, 8.979, 148.98, 8.74, 0.059, 159.09, -62.20);
insert into SHOT values (3093, 3100, 3101, 1440, 25.420, 224.85, -9.00, 25.420, 224.85, -9.00, 0.000, 336.31, 0.02);
insert into SHOT values (3094, 3100, 3102, 1440, 22.710, 270.95, -11.90, 22.710, 270.95, -11.90, 0.000, 114.17, -0.30);
insert into SHOT values (3095, 3100, 3103, 1440, 15.570, 328.65, -6.80, 15.570, 328.65, -6.80, 0.000, 15.60, 0.02);
insert into SHOT values (3096, 3100, 3104, 1440, 2.120, 316.55, -59.80, 2.120, 316.55, -59.80, 0.000, 173.71, -0.01);
insert into SHOT values (3097, 3100, 3105, 1440, 2.530, 207.45, 76.30, 2.530, 207.45, 76.30, 0.000, 336.89, -0.06);
insert into SHOT values (3098, 3100, 3106, 1440, 13.750, 212.15, -11.10, 13.797, 211.98, -11.54, 0.122, 154.90, -67.78);
insert into SHOT values (3099, 3106, 3107, 1440, 12.540, 236.25, -8.10, 12.540, 236.25, -8.10, 0.000, 8.44, 0.01);
insert into SHOT values (3100, 3106, 3108, 1440, 8.390, 192.65, -4.70, 8.390, 192.65, -4.70, 0.000, 198.61, -0.02);
insert into SHOT values (3101, 3106, 3109, 1440, 15.140, 94.45, 16.50, 15.140, 94.45, 16.50, 0.000, 1.75, 0.03);
insert into SHOT values (3102, 3106, 3110, 1440, 14.000, 69.05, 17.80, 14.000, 69.05, 17.80, 0.000, 30.34, -0.03);
insert into SHOT values (3103, 3106, 3111, 1440, 2.870, 194.75, -57.90, 2.870, 194.75, -57.90, 0.000, 359.89, -0.01);
insert into SHOT values (3104, 3106, 3112, 1440, 1.690, 158.15, 82.40, 1.690, 158.15, 82.40, 0.000, 351.68, -0.02);
insert into SHOT values (3105, 3106, 3113, 1440, 16.080, 150.65, 8.30, 16.111, 150.64, 7.73, 0.163, 149.58, -70.90);
insert into SHOT values (3106, 3113, 3114, 1440, 7.460, 67.85, 14.00, 7.460, 67.85, 14.00, 0.000, 350.36, 0.04);
insert into SHOT values (3107, 3113, 3115, 1440, 6.950, 243.25, -13.10, 6.950, 243.25, -13.10, 0.000, 171.93, -0.02);
insert into SHOT values (3108, 3113, 3116, 1440, 9.730, 274.55, -15.30, 9.730, 274.55, -15.30, 0.000, 10.20, 0.03);
insert into SHOT values (3109, 3113, 3117, 1440, 2.690, 240.15, -37.10, 2.690, 240.15, -37.10, 0.000, 1.67, -0.01);
insert into SHOT values (3110, 3113, 3118, 1440, 1.370, 198.45, 80.70, 1.370, 198.45, 80.70, 0.000, 174.37, -0.02);
insert into SHOT values (3111, 3113, 3119, 1440, 6.790, 131.85, 19.90, 6.798, 131.96, 19.59, 0.040, 164.53, -53.64);
insert into SHOT values (3112, 3119, 3120, 1440, 2.400, 59.75, 7.70, 2.400, 59.75, 7.70, 0.000, 169.42, -0.02);
insert into SHOT values (3113, 3119, 3121, 1440, 5.520, 208.05, -4.10, 5.520, 208.05, -4.10, 0.000, 171.61, 0.02);
insert into SHOT values (3114, 3119, 3122, 1440, 1.060, 154.45, -75.30, 1.060, 154.45, -75.30, 0.000, 171.56, -0.01);
insert into SHOT values (3115, 3119, 3123, 1440, 0.580, 185.95, 84.50, 0.580, 185.95, 84.50, 0.000, 4.71, -0.01);
insert into SHOT values (3116, 3119, 3124, 1440, 5.080, 100.55, 21.70, 5.080, 100.72, 21.44, 0.027, 160.78, -52.71);
insert into SHOT values (3117, 3124, 3125, 1440, 2.160, 313.75, 1.80, 2.160, 313.75, 1.80, 0.000, 172.70, 0.04);
insert into SHOT values (3118, 3124, 3126, 1440, 3.660, 137.45, 9.30, 3.660, 137.45, 9.30, 0.000, 193.66, -0.05);
insert into SHOT values (3119, 3124, 3127, 1440, 1.010, 180.75, -35.00, 1.010, 180.75, -35.00, 0.000, 359.69, 0.03);
insert into SHOT values (3120, 3124, 3128, 1440, 0.640, 137.55, 83.40, 0.640, 137.55, 83.40, 0.000, 139.60, -0.54);
insert into SHOT values (3121, 3124, 3129, 1440, 13.550, 78.95, 14.80, 13.516, 79.31, 14.37, 0.135, 174.45, -52.47);
insert into SHOT values (3122, 3129, 3130, 1440, 12.100, 22.45, 1.90, 12.100, 22.45, 1.90, 0.000, 339.36, 0.03);
insert into SHOT values (3123, 3129, 3131, 1440, 8.950, 204.65, 3.10, 8.950, 204.65, 3.10, 0.000, 345.88, 0.01);
insert into SHOT values (3124, 3129, 3132, 1440, 2.030, 148.65, -44.30, 2.030, 148.65, -44.30, 0.000, 330.41, -0.14);
insert into SHOT values (3125, 3129, 3133, 1440, 1.030, 217.95, 82.30, 1.030, 217.95, 82.30, 0.000, 341.07, -0.01);
insert into SHOT values (3126, 3129, 3134, 1440, 10.600, 123.25, 6.40, 10.624, 123.42, 6.00, 0.084, 169.02, -57.54);
insert into SHOT values (3127, 3134, 3135, 1440, 12.600, 336.45, -5.50, 12.600, 336.45, -5.50, 0.000, 143.76, -0.02);
insert into SHOT values (3128, 3134, 3136, 1440, 20.870, 163.75, 6.30, 20.870, 163.75, 6.30, 0.000, 334.31, 0.05);
insert into SHOT values (3129, 3134, 3137, 1440, 20.780, 184.45, 0.50, 20.780, 184.45, 0.50, 0.000, 173.69, -0.00);
insert into SHOT values (3130, 3134, 3138, 1440, 17.700, 318.75, -6.10, 17.700, 318.75, -6.10, 0.000, 190.44, 0.04);
insert into SHOT values (3131, 3134, 3139, 1440, 1.500, 33.05, -52.30, 1.500, 33.05, -52.30, 0.000, 4.62, 0.04);
insert into SHOT values (3132, 3134, 3140, 1440, 1.840, 89.45, 86.80, 1.840, 89.45, 86.80, 0.000, 233.59, 0.03);
insert into SHOT values (3133, 3134, 3141, 1440, 16.630, 14.25, -5.00, 16.627, 14.38, -5.57, 0.171, 128.68, -75.25);
insert into SHOT values (3134, 3141, 3142, 1440, 17.970, 257.15, 3.40, 17.970, 257.15, 3.40, 0.000, 356.24, -0.01);
insert into SHOT values (3135, 3141, 3143, 1440, 22.180, 32.35, -11.30, 22.180, 32.35, -11.30, 0.000, 6.04, -0.00);
insert into SHOT values (3136, 3141, 3144, 1440, 31.430, 69.45, -16.30, 31.430, 69.45, -16.30, 0.000, 343.56, -0.00);
insert into SHOT values (3137, 3141, 3145, 1440, 7.310, 12.05, -41.30, 7.310, 12.05, -41.30, 0.000, 167.13, -0.00);
insert into SHOT values (3138, 3141, 3146, 1440, 1.910, 263.85, 82.80, 1.910, 263.85, 82.80, 0.000, 181.14, 0.01);
insert into SHOT values (3139, 3141, 3147, 1440, 12.540, 357.45, -18.80, 12.542, 357.54, -19.23, 0.096, 144.66, -68.98);
insert into SHOT values (3140, 3147, 3148, 1440, 13.690, 200.75, 19.20, 13.690, 200.75, 19.20, 0.000, 188.44, -0.06);
insert into SHOT values (3141, 3147, 3149, 1440, 20.580, 254.35, 7.60, 20.580, 254.35, 7.60, 0.000, 8.48, -0.00);
insert into SHOT values (3142, 3147, 3150, 1440, 20.840, 349.25, -1.60, 20.840, 349.25, -1.60, 0.000, 9.07, -0.01);
insert into SHOT values (3143, 3147, 3151, 1440, 14.280, 21.75, -0.70, 14.280, 21.75, -0.70, 0.000, 179.52, -0.00);
insert into SHOT values (3144, 3147, 3152, 1440, 15.190, 72.05, -3.10, 15.190, 72.05, -3.10, 0.000, 7.04, -0.01);
insert into SHOT values (3145, 3147, 3153, 1440, 1.960, 293.95, -64.60, 1.960, 293.95, -64.60, 0.000, 27.69, 0.08);
insert into SHOT values (3146, 3147, 3154, 1440, 5.120, 358.05, 81.70, 5.120, 358.05, 81.70, 0.000, 233.15, -0.04);
insert into SHOT values (3147, 3147, 3018, 1440, 19.180, 322.55, 0.10, 19.102, 322.49, -0.56, 0.234, 156.86, -69.70);
insert into SHOT values (3148, 3134, 3155, 1440, 23.230, 50.95, -10.80, 23.224, 50.92, -11.19, 0.159, 246.34, -76.51);
insert into SHOT values (3149, 3155, 3156, 1440, 19.190, 344.35, -11.90, 19.190, 344.35, -11.90, 0.000, 172.57, -0.01);
insert into SHOT values (3150, 3155, 3157, 1440, 18.040, 11.25, -15.00, 18.040, 11.25, -15.00, 0.000, 351.87, 0.02);
insert into SHOT values (3151, 3155, 3158, 1440, 23.000, 25.75, -12.70, 23.000, 25.75, -12.70, 0.000, 301.08, -0.00);
insert into SHOT values (3152, 3155, 3159, 1440, 11.770, 69.55, -14.00, 11.770, 69.55, -14.00, 0.000, 193.04, 0.02);
insert into SHOT values (3153, 3155, 3160, 1440, 15.610, 97.15, -9.40, 15.610, 97.15, -9.40, 0.000, 301.68, -0.17);
insert into SHOT values (3154, 3155, 3161, 1440, 24.050, 134.05, -2.70, 24.050, 134.05, -2.70, 0.000, 4.96, 0.02);
insert into SHOT values (3155, 3155, 3162, 1440, 34.350, 143.55, 1.10, 34.350, 143.55, 1.10, 0.000, 346.37, 0.03);
insert into SHOT values (3156, 3155, 3163, 1440, 2.970, 97.15, -49.70, 2.970, 97.15, -49.70, 0.000, 0.58, 0.00);
insert into SHOT values (3157, 3155, 3164, 1440, 4.820, 51.15, 80.60, 4.820, 51.15, 80.60, 0.000, 15.00, 0.02);
insert into SHOT values (3158, 3155, 3165, 1440, 18.010, 38.05, -19.20, 18.016, 37.98, -19.49, 0.093, 256.37, -70.40);
insert into SHOT values (3159, 3165, 3166, 1440, 6.410, 342.95, 10.60, 6.410, 342.95, 10.60, 0.000, 359.28, -0.02);
insert into SHOT values (3160, 3165, 3167, 1440, 11.990, 299.65, 14.30, 11.990, 299.65, 14.30, 0.000, 1.26, -0.01);
insert into SHOT values (3161, 3165, 3168, 1440, 20.230, 17.65, -3.10, 20.230, 17.65, -3.10, 0.000, 356.42, -0.01);
insert into SHOT values (3162, 3165, 3169, 1440, 13.330, 85.05, -0.40, 13.330, 85.05, -0.40, 0.000, 172.72, 0.01);
insert into SHOT values (3163, 3165, 3170, 1440, 7.300, 115.75, 5.70, 7.300, 115.75, 5.70, 0.000, 355.89, 0.02);
insert into SHOT values (3164, 3165, 3171, 1440, 8.600, 170.25, 16.30, 8.600, 170.25, 16.30, 0.000, 148.51, -0.06);
insert into SHOT values (3165, 3165, 3172, 1440, 0.460, 135.45, -83.50, 0.460, 135.45, -83.50, 0.000, 352.11, 0.02);
insert into SHOT values (3166, 3165, 3173, 1440, 4.740, 19.15, 79.40, 4.740, 19.15, 79.40, 0.000, 345.63, 0.03);
insert into SHOT values (3167, 3165, 3174, 1440, 13.920, 60.35, -1.80, 13.909, 60.35, -2.05, 0.061, 237.74, -77.63);
insert into SHOT values (3168, 3174, 3175, 1440, 10.310, 345.85, -4.40, 10.310, 345.85, -4.40, 0.000, 179.82, -0.01);
insert into SHOT values (3169, 3174, 3176, 1440, 11.760, 310.35, -2.10, 11.760, 310.35, -2.10, 0.000, 171.49, -0.00);
insert into SHOT values (3170, 3174, 3177, 1440, 11.540, 25.05, -3.80, 11.540, 25.05, -3.80, 0.000, 164.53, 0.77);
insert into SHOT values (3171, 3174, 3178, 1440, 11.400, 83.55, -5.30, 11.400, 83.55, -5.30, 0.000, 157.21, -0.01);
insert into SHOT values (3172, 3174, 3179, 1440, 2.870, 149.35, -1.80, 2.870, 149.35, -1.80, 0.000, 47.48, -0.10);
insert into SHOT values (3173, 3174, 3180, 1440, 7.610, 198.45, 4.40, 7.610, 198.45, 4.40, 0.000, 3.63, -0.00);
insert into SHOT values (3174, 3174, 3181, 1440, 0.290, 85.45, -74.60, 0.290, 85.45, -74.60, 0.000, 120.19, -0.09);
insert into SHOT values (3175, 3174, 3182, 1440, 2.550, 86.85, 80.80, 2.550, 86.85, 80.80, 0.000, 40.92, -0.05);
insert into SHOT values (3176, 3174, 3183, 1440, 25.850, 97.45, -3.50, 25.859, 97.51, -3.93, 0.198, 195.27, -81.58);
insert into SHOT values (3177, 3183, 3184, 1440, 8.650, 316.55, 4.30, 8.650, 316.55, 4.30, 0.000, 350.76, -0.00);
insert into SHOT values (3178, 3183, 3185, 1440, 11.010, 340.65, 4.40, 11.010, 340.65, 4.40, 0.000, 355.21, 0.02);
insert into SHOT values (3179, 3183, 3186, 1440, 8.570, 18.55, 7.40, 8.570, 18.55, 7.40, 0.000, 357.55, 0.00);
insert into SHOT values (3180, 3183, 3187, 1440, 8.130, 144.95, 1.70, 8.130, 144.95, 1.70, 0.000, 180.73, -0.01);
insert into SHOT values (3181, 3183, 3188, 1440, 9.130, 196.85, 2.00, 9.130, 196.85, 2.00, 0.000, 224.98, -0.00);
insert into SHOT values (3182, 3183, 3189, 1440, 0.430, 155.65, -70.10, 0.430, 155.65, -70.10, 0.000, 217.80, 0.07);
insert into SHOT values (3183, 3183, 3190, 1440, 3.090, 133.45, 86.30, 3.090, 133.45, 86.30, 0.000, 8.19, -0.01);
insert into SHOT values (3184, 3183, 3191, 1440, 12.340, 108.75, 3.80, 12.332, 108.79, 3.58, 0.048, 229.85, -78.25);
insert into SHOT values (3185, 3191, 3192, 1440, 11.520, 34.45, 3.10, 11.520, 34.45, 3.10, 0.000, 85.77, 0.16);
insert into SHOT values (3186, 3191, 3193, 1440, 12.490, 155.65, 1.70, 12.490, 155.65, 1.70, 0.000, 186.90, -0.01);
insert into SHOT values (3187, 3191, 3194, 1440, 10.750, 210.15, -1.90, 10.750, 210.15, -1.90, 0.000, 356.36, -0.01);
insert into SHOT values (3188, 3191, 3195, 1440, 14.840, 327.45, 0.60, 14.840, 327.45, 0.60, 0.000, 358.43, -0.02);
insert into SHOT values (3189, 3191, 3196, 1440, 0.440, 0.95, -80.30, 0.440, 0.95, -80.30, 0.000, 164.20, 0.03);
insert into SHOT values (3190, 3191, 3197, 1440, 3.040, 23.95, 79.40, 3.040, 23.95, 79.40, 0.000, 8.17, -0.04);
insert into SHOT values (3191, 3191, 3198, 1440, 22.200, 123.25, 6.60, 22.200, 123.25, 6.60, 0.000, 175.14, 0.05);
insert into SHOT values (3192, 3198, 3199, 1440, 3.700, 13.65, 1.10, 3.700, 13.65, 1.10, 0.000, 6.43, 0.01);
insert into SHOT values (3193, 3198, 3200, 1440, 20.700, 12.65, 1.90, 20.700, 12.65, 1.90, 0.000, 207.44, 0.01);
insert into SHOT values (3194, 3198, 3201, 1440, 9.070, 214.25, -3.70, 9.070, 214.25, -3.70, 0.000, 1.92, -0.01);
insert into SHOT values (3195, 3198, 3202, 1440, 11.190, 192.55, -2.70, 11.190, 192.55, -2.70, 0.000, 196.99, -0.03);
insert into SHOT values (3196, 3198, 3203, 1440, 11.390, 270.65, -0.70, 11.390, 270.65, -0.70, 0.000, 187.51, 0.01);
insert into SHOT values (3197, 3198, 3204, 1440, 0.740, 154.85, -69.50, 0.740, 154.85, -69.50, 0.000, 349.60, -0.09);
insert into SHOT values (3198, 3198, 3205, 1440, 3.540, 292.75, 78.20, 3.540, 292.75, 78.20, 0.000, 187.66, 0.00);
insert into SHOT values (3199, 3198, 3206, 1440, 12.930, 130.45, -0.00, 12.930, 130.45, 0.00, 0.000, 33.65, 0.00);
insert into SHOT values (3200, 3206, 3207, 1440, 24.300, 38.35, 1.60, 24.300, 38.35, 1.60, 0.000, 180.44, -0.01);
insert into SHOT values (3201, 3206, 3208, 1440, 10.550, 148.55, -1.50, 10.550, 148.55, -1.50, 0.000, 0.76, 0.02);
insert into SHOT values (3202, 3206, 3209, 1440, 13.430, 202.85, -2.80, 13.430, 202.85, -2.80, 0.000, 166.37, -0.01);
insert into SHOT values (3203, 3206, 3210, 1440, 0.390, 144.65, -72.70, 0.390, 144.65, -72.70, 0.000, 176.49, -0.04);
insert into SHOT values (3204, 3206, 3211, 1440, 2.110, 132.05, 76.60, 2.110, 132.05, 76.60, 0.000, 10.99, 0.01);
insert into SHOT values (3205, 3206, 3212, 1440, 21.260, 103.55, 3.10, 21.260, 103.55, 3.10, 0.000, 179.36, 0.01);
insert into SHOT values (3206, 3212, 3213, 1440, 20.200, 352.85, 0.50, 20.200, 352.85, 0.50, 0.000, 163.23, -0.00);
insert into SHOT values (3207, 3212, 3214, 1440, 8.910, 202.45, 3.60, 8.910, 202.45, 3.60, 0.000, 4.75, -0.01);
insert into SHOT values (3208, 3212, 3215, 1440, 15.030, 254.45, -0.80, 15.030, 254.45, -0.80, 0.000, 279.35, 0.05);
insert into SHOT values (3209, 3212, 3216, 1440, 0.810, 2.55, -76.50, 0.810, 2.55, -76.50, 0.000, 169.19, 0.01);
insert into SHOT values (3210, 3212, 3217, 1440, 2.200, 120.95, 82.00, 2.200, 120.95, 82.00, 0.000, 186.75, 0.01);
insert into SCRAPS values (1442, 1436, 'SP-Alex3-1', 1, 44.04243, 0.54781);
 insert into MAPS values (1554, 1436, 'MP-Alex3', 'Alex3', 1, 534.540, -26.958);
 insert into MAPITEMS values (1554, 4, 1442);
 insert into SURVEY values (1558, 308, 'Alex5', 'Alex5.Geophysicalskaya.Koytendag', 'Alex5');
 insert into CENTRELINE values (1559, 1558, NULL, NULL, NULL, 0.00, 0.00, 0.00);
 insert into SURVEY values (1560, 1558, 'Geophyscaya_05', 'Geophyscaya_05.Alex5.Geophysicalskaya.Koytendag', 'Geophyscaya 03');
 insert into CENTRELINE values (1561, 1560, NULL, NULL, NULL, 0.00, 0.00, 0.00);
 insert into CENTRELINE values (1562, 1560, NULL, '2024-04-15', NULL, 161.44, 0.00, 0.00);
 insert into TOPO values (8, 1562);
 insert into TOPO values (6, 1562);
 insert into TOPO values (7, 1562);
 insert into SHOT values (3211, 3218, 3219, 1562, 3.910, 47.25, -12.20, 3.910, 47.25, -12.20, 0.000, 173.28, 0.02);
insert into SHOT values (3212, 3218, 3220, 1562, 3.110, 224.95, -10.40, 3.110, 224.95, -10.40, 0.000, 175.67, -0.01);
insert into SHOT values (3213, 3218, 3221, 1562, 1.130, 334.25, -79.50, 1.130, 334.25, -79.50, 0.000, 173.95, -0.01);
insert into SHOT values (3214, 3218, 3222, 1562, 3.310, 280.75, -7.60, 3.310, 280.75, -7.60, 0.000, 348.02, 0.00);
insert into SHOT values (3215, 3218, 3223, 1562, 3.930, 2.45, -9.20, 3.930, 2.45, -9.20, 0.000, 173.47, 0.01);
insert into SHOT values (3216, 3218, 3224, 1562, 8.870, 98.55, -1.80, 8.870, 98.55, -1.80, 0.000, 139.65, 0.01);
insert into SHOT values (3217, 3218, 3225, 1562, 12.220, 120.55, -0.90, 12.220, 120.55, -0.90, 0.000, 193.68, 0.02);
insert into SHOT values (3218, 3218, 3226, 1562, 11.000, 155.95, -2.20, 11.000, 155.95, -2.20, 0.000, 179.71, 0.02);
insert into SHOT values (3219, 3218, 3227, 1562, 5.630, 329.75, -13.90, 5.630, 329.75, -13.90, 0.000, 179.80, -0.03);
insert into SHOT values (3220, 3218, 3228, 1562, 11.970, 119.95, -4.90, 11.970, 119.95, -4.90, 0.000, 191.11, 0.02);
insert into SHOT values (3221, 3228, 3229, 1562, 1.130, 48.95, 13.10, 1.130, 48.95, 13.10, 0.000, 177.11, -0.01);
insert into SHOT values (3222, 3228, 3230, 1562, 6.540, 236.25, 0.00, 6.540, 236.25, 0.00, 0.000, 181.13, 0.00);
insert into SHOT values (3223, 3228, 3231, 1562, 9.790, 200.75, -0.80, 9.790, 200.75, -0.80, 0.000, 3.16, -0.00);
insert into SHOT values (3224, 3228, 3232, 1562, 2.030, 126.65, 5.70, 2.030, 126.65, 5.70, 0.000, 357.69, 0.01);
insert into SHOT values (3225, 3228, 3233, 1562, 0.320, 67.35, -79.10, 0.320, 67.35, -79.10, 0.000, 303.51, -0.08);
insert into SHOT values (3226, 3228, 3234, 1562, 1.250, 219.65, 80.70, 1.250, 219.65, 80.70, 0.000, 0.08, 0.00);
insert into SHOT values (3227, 3228, 3235, 1562, 10.500, 178.35, 1.70, 10.500, 178.35, 1.70, 0.000, 7.56, 0.02);
insert into SHOT values (3228, 3228, 3236, 1562, 15.780, 176.25, -1.40, 15.780, 176.25, -1.40, 0.000, 186.33, -0.01);
insert into SHOT values (3229, 3236, 3237, 1562, 7.400, 65.35, 7.30, 7.400, 65.35, 7.30, 0.000, 21.69, 0.04);
insert into SHOT values (3230, 3236, 3238, 1562, 3.040, 278.65, 18.50, 3.040, 278.65, 18.50, 0.000, 166.26, 0.03);
insert into SHOT values (3231, 3236, 3239, 1562, 11.750, 208.95, 26.30, 11.750, 208.95, 26.30, 0.000, 356.35, -0.00);
insert into SHOT values (3232, 3236, 3240, 1562, 11.280, 250.55, 32.60, 11.280, 250.55, 32.60, 0.000, 188.11, 0.02);
insert into SHOT values (3233, 3236, 3241, 1562, 11.880, 103.15, 19.50, 11.880, 103.15, 19.50, 0.000, 192.67, 0.02);
insert into SHOT values (3234, 3236, 3242, 1562, 0.240, 18.65, -86.90, 0.240, 18.65, -86.90, 0.000, 176.13, 0.00);
insert into SHOT values (3235, 3236, 3243, 1562, 4.410, 159.35, 85.50, 4.410, 159.35, 85.50, 0.000, 175.21, 0.02);
insert into SHOT values (3236, 3236, 3244, 1562, 15.040, 131.15, 13.80, 15.040, 131.15, 13.80, 0.000, 174.54, -0.01);
insert into SHOT values (3237, 3244, 3245, 1562, 25.000, 282.15, 5.40, 25.000, 282.15, 5.40, 0.000, 194.07, 0.02);
insert into SHOT values (3238, 3244, 3246, 1562, 9.500, 229.75, 6.00, 9.500, 229.75, 6.00, 0.000, 176.33, 0.00);
insert into SHOT values (3239, 3244, 3247, 1562, 7.950, 57.45, 3.30, 7.950, 57.45, 3.30, 0.000, 92.79, -0.11);
insert into SHOT values (3240, 3244, 3248, 1562, 6.280, 18.55, 8.60, 6.280, 18.55, 8.60, 0.000, 216.91, 0.00);
insert into SHOT values (3241, 3244, 3249, 1562, 11.710, 252.85, 1.00, 11.710, 252.85, 1.00, 0.000, 171.56, -0.05);
insert into SHOT values (3242, 3244, 3250, 1562, 20.030, 300.35, 1.30, 20.030, 300.35, 1.30, 0.000, 5.85, 0.00);
insert into SHOT values (3243, 3244, 3251, 1562, 5.890, 219.95, -37.20, 5.890, 219.95, -37.20, 0.000, 277.41, 0.10);
insert into SHOT values (3244, 3244, 3252, 1562, 5.750, 285.05, 82.20, 5.750, 285.05, 82.20, 0.000, 352.41, -0.02);
insert into SHOT values (3245, 3244, 3253, 1562, 21.410, 278.25, 2.40, 21.410, 278.25, 2.40, 0.000, 11.11, 0.01);
insert into SHOT values (3246, 3244, 3254, 1562, 19.060, 144.45, 4.30, 19.060, 144.45, 4.30, 0.000, 2.25, -0.00);
insert into SHOT values (3247, 3254, 3255, 1562, 8.160, 36.65, 10.20, 8.160, 36.65, 10.20, 0.000, 123.89, -0.12);
insert into SHOT values (3248, 3254, 3256, 1562, 8.240, 9.85, 6.90, 8.240, 9.85, 6.90, 0.000, 184.00, 0.01);
insert into SHOT values (3249, 3254, 3257, 1562, 2.490, 234.15, 11.20, 2.490, 234.15, 11.20, 0.000, 359.18, -0.02);
insert into SHOT values (3250, 3254, 3258, 1562, 6.640, 279.85, 1.60, 6.640, 279.85, 1.60, 0.000, 213.59, 0.04);
insert into SHOT values (3251, 3254, 3259, 1562, 12.920, 298.15, -0.10, 12.920, 298.15, -0.10, 0.000, 178.85, -0.01);
insert into SHOT values (3252, 3254, 3260, 1562, 11.410, 357.05, 5.50, 11.410, 357.05, 5.50, 0.000, 189.21, 0.01);
insert into SHOT values (3253, 3254, 3261, 1562, 0.600, 204.05, -83.50, 0.600, 204.05, -83.50, 0.000, 3.93, 0.01);
insert into SHOT values (3254, 3254, 3262, 1562, 2.440, 23.75, 80.50, 2.440, 23.75, 80.50, 0.000, 352.26, 0.02);
insert into SHOT values (3255, 3254, 3263, 1562, 14.540, 132.15, 10.50, 14.540, 132.15, 10.50, 0.000, 103.81, 0.10);
insert into SHOT values (3256, 3263, 3264, 1562, 6.410, 11.15, -4.80, 6.410, 11.15, -4.80, 0.000, 7.51, -0.01);
insert into SHOT values (3257, 3263, 3265, 1562, 2.990, 185.45, -11.20, 2.990, 185.45, -11.20, 0.000, 182.63, -0.00);
insert into SHOT values (3258, 3263, 3266, 1562, 9.520, 339.55, -6.10, 9.520, 339.55, -6.10, 0.000, 187.73, 0.04);
insert into SHOT values (3259, 3263, 3267, 1562, 5.720, 286.05, -4.10, 5.720, 286.05, -4.10, 0.000, 182.17, -0.01);
insert into SHOT values (3260, 3263, 3268, 1562, 2.610, 2.95, -70.50, 2.610, 2.95, -70.50, 0.000, 347.51, -0.03);
insert into SHOT values (3261, 3263, 3269, 1562, 1.530, 6.05, 77.00, 1.530, 6.05, 77.00, 0.000, 158.81, 0.02);
insert into SHOT values (3262, 3263, 3270, 1562, 15.860, 85.95, -1.90, 15.860, 85.95, -1.90, 0.000, 6.08, -0.02);
insert into SHOT values (3263, 3270, 3271, 1562, 2.930, 15.65, -8.30, 2.930, 15.65, -8.30, 0.000, 357.14, -0.01);
insert into SHOT values (3264, 3270, 3272, 1562, 5.410, 186.75, -4.30, 5.410, 186.75, -4.30, 0.000, 179.89, 0.02);
insert into SHOT values (3265, 3270, 3273, 1562, 9.460, 239.95, -4.50, 9.460, 239.95, -4.50, 0.000, 355.34, -0.02);
insert into SHOT values (3266, 3270, 3274, 1562, 6.150, 311.65, -4.40, 6.150, 311.65, -4.40, 0.000, 174.75, -0.01);
insert into SHOT values (3267, 3270, 3275, 1562, 10.490, 296.95, -3.20, 10.490, 296.95, -3.20, 0.000, 194.16, 0.02);
insert into SHOT values (3268, 3270, 3276, 1562, 9.710, 331.05, -0.80, 9.710, 331.05, -0.80, 0.000, 351.62, 0.02);
insert into SHOT values (3269, 3270, 3277, 1562, 7.060, 98.95, 0.60, 7.060, 98.95, 0.60, 0.000, 352.37, 0.02);
insert into SHOT values (3270, 3270, 3278, 1562, 6.540, 165.95, -4.60, 6.540, 165.95, -4.60, 0.000, 7.89, -0.00);
insert into SHOT values (3271, 3270, 3279, 1562, 1.680, 191.65, -83.60, 1.680, 191.65, -83.60, 0.000, 183.04, 0.01);
insert into SHOT values (3272, 3270, 3280, 1562, 2.040, 129.25, 79.80, 2.040, 129.25, 79.80, 0.000, 337.25, 0.02);
insert into SHOT values (3273, 3270, 3281, 1562, 16.620, 129.45, 2.20, 16.620, 129.45, 2.20, 0.000, 183.17, -0.00);
insert into SHOT values (3274, 3281, 3282, 1562, 2.740, 84.95, -9.20, 2.740, 84.95, -9.20, 0.000, 352.52, 0.03);
insert into SHOT values (3275, 3281, 3283, 1562, 8.150, 271.85, -0.50, 8.150, 271.85, -0.50, 0.000, 202.29, 0.03);
insert into SHOT values (3276, 3281, 3284, 1562, 11.730, 296.95, -1.10, 11.730, 296.95, -1.10, 0.000, 170.48, 0.00);
insert into SHOT values (3277, 3281, 3285, 1562, 8.890, 16.15, -17.80, 8.890, 16.15, -17.80, 0.000, 10.86, -0.01);
insert into SHOT values (3278, 3281, 3286, 1562, 5.900, 175.15, -4.50, 5.900, 175.15, -4.50, 0.000, 174.69, -0.02);
insert into SHOT values (3279, 3281, 3287, 1562, 9.450, 255.45, -3.10, 9.450, 255.45, -3.10, 0.000, 347.47, 0.01);
insert into SHOT values (3280, 3281, 3288, 1562, 1.960, 178.15, -82.30, 1.960, 178.15, -82.30, 0.000, 180.67, -0.02);
insert into SHOT values (3281, 3281, 3289, 1562, 1.370, 259.05, 85.40, 1.370, 259.05, 85.40, 0.000, 176.14, -0.03);
insert into SHOT values (3282, 3281, 3290, 1562, 12.590, 243.05, -4.00, 12.590, 243.05, -4.00, 0.000, 61.52, -0.08);
insert into SHOT values (3283, 3290, 3291, 1562, 3.460, 30.15, -0.00, 3.460, 30.15, 0.00, 0.000, 175.31, 0.00);
insert into SHOT values (3284, 3290, 3292, 1562, 4.920, 313.25, -4.40, 4.920, 313.25, -4.40, 0.000, 190.14, 0.03);
insert into SHOT values (3285, 3290, 3293, 1562, 11.920, 297.45, 4.40, 11.920, 297.45, 4.40, 0.000, 0.30, 0.04);
insert into SHOT values (3286, 3290, 3294, 1562, 10.540, 106.75, 8.20, 10.540, 106.75, 8.20, 0.000, 215.68, 0.12);
insert into SHOT values (3287, 3290, 3295, 1562, 12.470, 76.75, 4.10, 12.470, 76.75, 4.10, 0.000, 193.36, 0.07);
insert into SHOT values (3288, 3290, 3296, 1562, 20.200, 115.05, 14.20, 20.200, 115.05, 14.20, 0.000, 9.64, -0.02);
insert into SHOT values (3289, 3290, 3297, 1562, 0.470, 340.75, -84.70, 0.470, 340.75, -84.70, 0.000, 23.30, -0.07);
insert into SHOT values (3290, 3290, 3298, 1562, 7.930, 130.25, 87.80, 7.930, 130.25, 87.80, 0.000, 300.80, -0.03);
insert into SHOT values (3291, 3290, 3299, 1562, 12.940, 159.95, 10.70, 12.940, 159.95, 10.70, 0.000, 352.01, 0.01);
insert into SHOT values (3292, 3299, 3300, 1562, 10.760, 31.75, -0.00, 10.760, 31.75, 0.00, 0.000, 181.06, 0.00);
insert into SHOT values (3293, 3299, 3301, 1562, 11.360, 58.65, 1.50, 11.360, 58.65, 1.50, 0.000, 355.30, 0.01);
insert into SHOT values (3294, 3299, 3302, 1562, 10.770, 31.05, -0.10, 10.770, 31.05, -0.10, 0.000, 6.81, 0.01);
insert into SHOT values (3295, 3299, 3303, 1562, 6.790, 180.05, 30.00, 6.790, 180.05, 30.00, 0.000, 191.59, -0.01);
insert into SHOT values (3296, 3299, 3304, 1562, 11.860, 149.05, 18.00, 11.860, 149.05, 18.00, 0.000, 179.50, 0.00);
insert into SHOT values (3297, 3299, 3305, 1562, 9.250, 234.65, 20.30, 9.250, 234.65, 20.30, 0.000, 343.46, -0.00);
insert into SHOT values (3298, 3299, 3306, 1562, 13.250, 285.05, 8.70, 13.250, 285.05, 8.70, 0.000, 163.96, 0.01);
insert into SHOT values (3299, 3299, 3307, 1562, 3.830, 33.85, -20.70, 3.830, 33.85, -20.70, 0.000, 181.25, 0.01);
insert into SHOT values (3300, 3299, 3308, 1562, 6.360, 75.75, 75.60, 6.360, 75.75, 75.60, 0.000, 67.51, 0.06);
insert into SHOT values (3301, 3299, 3309, 1562, 13.850, 162.15, 73.80, 13.850, 162.15, 73.80, 0.000, 175.37, -0.01);
insert into SCRAPS values (1564, 1558, 'SP-Alex5-1', 1, 6.53705, 0.06970);
 insert into MAPS values (1594, 1558, 'MP-Alex5', 'Alex5', 1, 161.440, -9.303);
 insert into MAPITEMS values (1594, 4, 1564);
 insert into SURVEY values (1597, 308, 'Alex7', 'Alex7.Geophysicalskaya.Koytendag', 'Alex7');
 insert into CENTRELINE values (1598, 1597, NULL, NULL, NULL, 0.00, 0.00, 0.00);
 insert into SURVEY values (1599, 1597, 'Geophysicalskaya_07', 'Geophysicalskaya_07.Alex7.Geophysicalskaya.Koytendag', 'Geophysicaya 07');
 insert into CENTRELINE values (1600, 1599, NULL, NULL, NULL, 0.00, 0.00, 0.00);
 insert into CENTRELINE values (1601, 1599, NULL, '2024-04-16', NULL, 567.23, 0.00, 0.00);
 insert into TOPO values (6, 1601);
 insert into TOPO values (2, 1601);
 insert into TOPO values (7, 1601);
 insert into TOPO values (3, 1601);
 insert into SHOT values (3302, 3310, 3311, 1601, 26.030, 74.15, 1.10, 26.045, 73.86, 0.50, 0.302, 352.11, -64.49);
insert into SHOT values (3303, 3311, 3312, 1601, 4.970, 7.15, 5.90, 4.970, 7.15, 5.90, 0.000, 185.61, 0.01);
insert into SHOT values (3304, 3311, 3313, 1601, 4.560, 113.25, 9.90, 4.560, 113.25, 9.90, 0.000, 356.90, 0.00);
insert into SHOT values (3305, 3311, 3314, 1601, 3.980, 176.95, 3.40, 3.980, 176.95, 3.40, 0.000, 5.37, -0.01);
insert into SHOT values (3306, 3311, 3315, 1601, 9.630, 213.95, 3.60, 9.630, 213.95, 3.60, 0.000, 34.93, 0.06);
insert into SHOT values (3307, 3311, 3316, 1601, 7.570, 328.15, 4.60, 7.570, 328.15, 4.60, 0.000, 14.06, 0.01);
insert into SHOT values (3308, 3311, 3317, 1601, 1.280, 281.55, 81.80, 1.280, 281.55, 81.80, 0.000, 196.35, -0.02);
insert into SHOT values (3309, 3311, 3318, 1601, 0.870, 157.85, -80.80, 0.870, 157.85, -80.80, 0.000, 351.37, -0.00);
insert into SHOT values (3310, 3311, 3319, 1601, 12.480, 86.15, 6.60, 12.466, 85.99, 6.30, 0.074, 344.71, -62.22);
insert into SHOT values (3311, 3319, 3320, 1601, 0.590, 353.25, 1.90, 0.590, 353.25, 1.90, 0.000, 359.83, -0.02);
insert into SHOT values (3312, 3319, 3321, 1601, 7.500, 179.95, 35.00, 7.500, 179.95, 35.00, 0.000, 269.99, 0.04);
insert into SHOT values (3313, 3319, 3322, 1601, 6.620, 124.15, 14.20, 6.620, 124.15, 14.20, 0.000, 4.73, -0.00);
insert into SHOT values (3314, 3319, 3323, 1601, 5.260, 91.95, 5.20, 5.260, 91.95, 5.20, 0.000, 358.23, -0.01);
insert into SHOT values (3315, 3319, 3324, 1601, 5.770, 237.75, 21.40, 5.770, 237.75, 21.40, 0.000, 358.55, -0.00);
insert into SHOT values (3316, 3319, 3325, 1601, 2.770, 271.35, 10.00, 2.770, 271.35, 10.00, 0.000, 6.94, 0.01);
insert into SHOT values (3317, 3319, 3326, 1601, 1.180, 105.85, -89.30, 1.180, 105.85, -89.30, 0.000, 152.73, -0.02);
insert into SHOT values (3318, 3319, 3327, 1601, 2.490, 185.65, 67.90, 2.490, 185.65, 67.90, 0.000, 188.97, -0.02);
insert into SHOT values (3319, 3319, 3328, 1601, 5.700, 100.55, 16.50, 5.685, 100.48, 16.36, 0.021, 314.44, -54.82);
insert into SHOT values (3320, 3328, 3329, 1601, 0.450, 358.05, 1.60, 0.450, 358.05, 1.60, 0.000, 359.67, -0.01);
insert into SHOT values (3321, 3328, 3330, 1601, 3.210, 157.45, -0.50, 3.210, 157.45, -0.50, 0.000, 174.45, 0.00);
insert into SHOT values (3322, 3328, 3331, 1601, 2.030, 74.95, -4.70, 2.030, 74.95, -4.70, 0.000, 190.62, -0.00);
insert into SHOT values (3323, 3328, 3332, 1601, 2.940, 126.75, -3.90, 2.940, 126.75, -3.90, 0.000, 175.67, -0.01);
insert into SHOT values (3324, 3328, 3333, 1601, 4.510, 115.05, 1.40, 4.510, 115.05, 1.40, 0.000, 8.40, -0.01);
insert into SHOT values (3325, 3328, 3334, 1601, 0.540, 221.25, 13.60, 0.540, 221.25, 13.60, 0.000, 174.32, -0.00);
insert into SHOT values (3326, 3328, 3335, 1601, 1.080, 158.65, 62.10, 1.080, 158.65, 62.10, 0.000, 2.63, 0.01);
insert into SHOT values (3327, 3328, 3336, 1601, 1.840, 114.15, -74.90, 1.840, 114.15, -74.90, 0.000, 117.70, -0.10);
insert into SHOT values (3328, 3328, 3337, 1601, 7.380, 95.25, -7.60, 7.374, 95.15, -7.81, 0.030, 326.37, -58.72);
insert into SHOT values (3329, 3337, 3338, 1601, 2.200, 131.35, 3.50, 2.200, 131.35, 3.50, 0.000, 180.01, 0.01);
insert into SHOT values (3330, 3337, 3339, 1601, 1.860, 215.15, 5.80, 1.860, 215.15, 5.80, 0.000, 7.38, -0.00);
insert into SHOT values (3331, 3337, 3340, 1601, 0.510, 318.75, 8.10, 0.510, 318.75, 8.10, 0.000, 357.41, -0.00);
insert into SHOT values (3332, 3337, 3341, 1601, 1.970, 353.75, 3.10, 1.970, 353.75, 3.10, 0.000, 74.97, -0.00);
insert into SHOT values (3333, 3337, 3342, 1601, 4.980, 41.05, 1.20, 4.980, 41.05, 1.20, 0.000, 2.89, 0.01);
insert into SHOT values (3334, 3337, 3343, 1601, 5.890, 66.55, 0.60, 5.890, 66.55, 0.60, 0.000, 350.26, -0.02);
insert into SHOT values (3335, 3337, 3344, 1601, 3.590, 161.35, -0.70, 3.590, 161.35, -0.70, 0.000, 344.23, 0.02);
insert into SHOT values (3336, 3337, 3345, 1601, 1.520, 201.85, 86.30, 1.520, 201.85, 86.30, 0.000, 172.07, -0.01);
insert into SHOT values (3337, 3337, 3346, 1601, 0.650, 99.15, -83.90, 0.650, 99.15, -83.90, 0.000, 358.79, 0.01);
insert into SHOT values (3338, 3337, 3347, 1601, 11.360, 191.75, -8.40, 11.363, 191.89, -8.68, 0.061, 291.44, -62.84);
insert into SHOT values (3339, 3347, 3348, 1601, 2.680, 82.75, 9.40, 2.680, 82.75, 9.40, 0.000, 340.12, 0.02);
insert into SHOT values (3340, 3347, 3349, 1601, 5.000, 149.85, 4.80, 5.000, 149.85, 4.80, 0.000, 175.24, 0.00);
insert into SHOT values (3341, 3347, 3350, 1601, 12.050, 185.85, 2.10, 12.050, 185.85, 2.10, 0.000, 13.97, 0.01);
insert into SHOT values (3342, 3347, 3351, 1601, 3.510, 251.35, 12.80, 3.510, 251.35, 12.80, 0.000, 1.04, -0.02);
insert into SHOT values (3343, 3347, 3352, 1601, 2.290, 325.25, 8.90, 2.290, 325.25, 8.90, 0.000, 160.40, -0.04);
insert into SHOT values (3344, 3347, 3353, 1601, 1.080, 139.65, 81.50, 1.080, 139.65, 81.50, 0.000, 189.53, -0.03);
insert into SHOT values (3345, 3347, 3354, 1601, 0.500, 143.75, -86.80, 0.500, 143.75, -86.80, 0.000, 353.05, -0.01);
insert into SHOT values (3346, 3347, 3355, 1601, 20.010, 191.15, 1.80, 20.009, 191.37, 1.33, 0.180, 278.63, -64.45);
insert into SHOT values (3347, 3355, 3356, 1601, 5.460, 44.35, -2.20, 5.460, 44.35, -2.20, 0.000, 342.08, 0.01);
insert into SHOT values (3348, 3355, 3357, 1601, 6.820, 18.45, -1.60, 6.820, 18.45, -1.60, 0.000, 159.80, -0.01);
insert into SHOT values (3349, 3355, 3358, 1601, 7.840, 103.85, -1.10, 7.840, 103.85, -1.10, 0.000, 187.70, 0.02);
insert into SHOT values (3350, 3355, 3359, 1601, 16.730, 131.95, -0.40, 16.730, 131.95, -0.40, 0.000, 194.39, -0.02);
insert into SHOT values (3351, 3355, 3360, 1601, 31.170, 188.55, -1.30, 31.170, 188.55, -1.30, 0.000, 350.51, -0.00);
insert into SHOT values (3352, 3355, 3361, 1601, 20.230, 218.25, 1.00, 20.230, 218.25, 1.00, 0.000, 355.62, 0.01);
insert into SHOT values (3353, 3355, 3362, 1601, 12.530, 242.35, 6.10, 12.530, 242.35, 6.10, 0.000, 211.10, -0.08);
insert into SHOT values (3354, 3355, 3363, 1601, 12.690, 262.35, 9.50, 12.690, 262.35, 9.50, 0.000, 1.09, 0.01);
insert into SHOT values (3355, 3355, 3364, 1601, 31.500, 279.15, 7.80, 31.500, 279.15, 7.80, 0.000, 21.15, -0.01);
insert into SHOT values (3356, 3355, 3365, 1601, 33.030, 295.35, 10.60, 33.030, 295.35, 10.60, 0.000, 352.27, -0.00);
insert into SHOT values (3357, 3355, 3366, 1601, 22.240, 316.75, 10.90, 22.240, 316.75, 10.90, 0.000, 172.13, -0.02);
insert into SHOT values (3358, 3355, 3367, 1601, 13.470, 331.25, 8.80, 13.470, 331.25, 8.80, 0.000, 354.82, -0.01);
insert into SHOT values (3359, 3355, 3368, 1601, 1.670, 206.55, 86.50, 1.670, 206.55, 86.50, 0.000, 176.06, -0.00);
insert into SHOT values (3360, 3355, 3369, 1601, 1.160, 175.25, -84.40, 1.160, 175.25, -84.40, 0.000, 342.54, -0.01);
insert into SHOT values (3361, 3355, 3370, 1601, 27.630, 170.05, -2.10, 27.605, 170.34, -2.74, 0.340, 275.29, -64.49);
insert into SHOT values (3362, 3370, 3371, 1601, 10.280, 222.75, 4.70, 10.280, 222.75, 4.70, 0.000, 180.78, -0.01);
insert into SHOT values (3363, 3370, 3372, 1601, 14.860, 80.75, 9.30, 14.860, 80.75, 9.30, 0.000, 6.49, 0.01);
insert into SHOT values (3364, 3370, 3373, 1601, 26.770, 138.25, 6.80, 26.770, 138.25, 6.80, 0.000, 162.83, 0.04);
insert into SHOT values (3365, 3370, 3374, 1601, 34.890, 172.45, 4.30, 34.890, 172.45, 4.30, 0.000, 201.02, 0.00);
insert into SHOT values (3366, 3370, 3375, 1601, 15.920, 295.15, 5.90, 15.920, 295.15, 5.90, 0.000, 205.29, -0.03);
insert into SHOT values (3367, 3370, 3376, 1601, 26.670, 0.25, 3.70, 26.670, 0.25, 3.70, 0.000, 341.63, 0.00);
insert into SHOT values (3368, 3370, 3377, 1601, 3.670, 224.25, 82.60, 3.670, 224.25, 82.60, 0.000, 8.88, -0.03);
insert into SHOT values (3369, 3370, 3378, 1601, 0.430, 24.65, -85.00, 0.430, 24.65, -85.00, 0.000, 165.80, -0.03);
insert into SHOT values (3370, 3370, 3379, 1601, 33.670, 157.15, 1.20, 33.670, 157.15, 1.20, 0.000, 356.41, 0.03);
insert into SHOT values (3371, 3379, 3380, 1601, 9.550, 260.15, 8.10, 9.550, 260.15, 8.10, 0.000, 1.42, 0.01);
insert into SHOT values (3372, 3379, 3381, 1601, 10.510, 193.05, 18.70, 10.510, 193.05, 18.70, 0.000, 3.44, -0.01);
insert into SHOT values (3373, 3379, 3382, 1601, 7.340, 98.55, 20.10, 7.340, 98.55, 20.10, 0.000, 5.97, 0.01);
insert into SHOT values (3374, 3379, 3383, 1601, 9.390, 36.95, 12.10, 9.390, 36.95, 12.10, 0.000, 176.58, 0.01);
insert into SHOT values (3375, 3379, 3384, 1601, 20.030, 7.15, 7.00, 20.030, 7.15, 7.00, 0.000, 185.71, -0.01);
insert into SHOT values (3376, 3379, 3385, 1601, 12.960, 289.25, 5.50, 12.960, 289.25, 5.50, 0.000, 4.36, -0.04);
insert into SHOT values (3377, 3379, 3386, 1601, 3.860, 164.55, 85.50, 3.860, 164.55, 85.50, 0.000, 187.87, -0.01);
insert into SHOT values (3378, 3379, 3387, 1601, 0.820, 307.25, -76.90, 0.820, 307.25, -76.90, 0.000, 176.47, -0.00);
insert into SHOT values (3379, 3379, 3388, 1601, 13.810, 148.95, 17.60, 13.810, 148.95, 17.60, 0.000, 177.77, -0.05);
insert into SHOT values (3380, 3388, 3389, 1601, 7.950, 26.25, -8.50, 7.950, 26.25, -8.50, 0.000, 4.36, 0.00);
insert into SHOT values (3381, 3388, 3390, 1601, 14.510, 212.15, -6.40, 14.510, 212.15, -6.40, 0.000, 7.10, -0.01);
insert into SHOT values (3382, 3388, 3391, 1601, 11.300, 280.75, -4.20, 11.300, 280.75, -4.20, 0.000, 11.52, 0.00);
insert into SHOT values (3383, 3388, 3392, 1601, 13.650, 354.65, -3.60, 13.650, 354.65, -3.60, 0.000, 356.78, 0.01);
insert into SHOT values (3384, 3388, 3393, 1601, 8.770, 87.15, -6.30, 8.770, 87.15, -6.30, 0.000, 358.87, 0.01);
insert into SHOT values (3385, 3388, 3394, 1601, 0.470, 286.25, 84.50, 0.470, 286.25, 84.50, 0.000, 48.30, -0.10);
insert into SHOT values (3386, 3388, 3395, 1601, 2.140, 118.05, -84.00, 2.140, 118.05, -84.00, 0.000, 175.73, 0.02);
insert into SHOT values (3387, 3388, 3396, 1601, 11.590, 143.35, -11.30, 11.590, 143.35, -11.30, 0.000, 0.86, 0.00);
insert into SHOT values (3388, 3396, 3397, 1601, 16.030, 348.15, -2.30, 16.030, 348.15, -2.30, 0.000, 326.97, -0.07);
insert into SHOT values (3389, 3396, 3398, 1601, 12.340, 24.85, -2.20, 12.340, 24.85, -2.20, 0.000, 133.52, -0.03);
insert into SHOT values (3390, 3396, 3399, 1601, 14.770, 58.65, -2.70, 14.770, 58.65, -2.70, 0.000, 161.81, -0.02);
insert into SHOT values (3391, 3396, 3400, 1601, 11.050, 113.35, -0.00, 11.050, 113.35, 0.00, 0.000, 176.21, 0.00);
insert into SHOT values (3392, 3396, 3401, 1601, 34.210, 146.15, -1.20, 34.210, 146.15, -1.20, 0.000, 175.10, -0.01);
insert into SHOT values (3393, 3396, 3402, 1601, 9.320, 132.45, -0.10, 9.320, 132.45, -0.10, 0.000, 351.96, 0.00);
insert into SHOT values (3394, 3396, 3403, 1601, 24.050, 177.15, 2.00, 24.050, 177.15, 2.00, 0.000, 320.22, 0.07);
insert into SHOT values (3395, 3396, 3404, 1601, 18.800, 193.55, 2.90, 18.800, 193.55, 2.90, 0.000, 187.33, -0.01);
insert into SHOT values (3396, 3396, 3405, 1601, 17.290, 213.25, 2.60, 17.290, 213.25, 2.60, 0.000, 353.42, 0.02);
insert into SHOT values (3397, 3396, 3406, 1601, 12.990, 244.55, 2.40, 12.990, 244.55, 2.40, 0.000, 4.85, 0.00);
insert into SHOT values (3398, 3396, 3407, 1601, 15.080, 265.55, 4.40, 15.080, 265.55, 4.40, 0.000, 129.45, 0.10);
insert into SHOT values (3399, 3396, 3408, 1601, 23.690, 294.65, 1.90, 23.690, 294.65, 1.90, 0.000, 355.88, -0.02);
insert into SHOT values (3400, 3396, 3409, 1601, 30.070, 311.85, 0.50, 30.070, 311.85, 0.50, 0.000, 357.71, -0.01);
insert into SHOT values (3401, 3396, 3410, 1601, 1.790, 40.35, 80.90, 1.790, 40.35, 80.90, 0.000, 11.48, -0.02);
insert into SHOT values (3402, 3396, 3411, 1601, 1.140, 61.75, -80.10, 1.140, 61.75, -80.10, 0.000, 218.83, 0.13);
insert into SHOT values (3403, 3396, 3412, 1601, 25.850, 77.45, -4.70, 25.850, 77.45, -4.70, 0.000, 350.06, 0.00);
insert into SHOT values (3404, 3412, 3413, 1601, 5.280, 316.25, 16.20, 5.280, 316.25, 16.20, 0.000, 6.78, 0.00);
insert into SHOT values (3405, 3412, 3414, 1601, 4.160, 278.35, 11.50, 4.160, 278.35, 11.50, 0.000, 180.42, -0.02);
insert into SHOT values (3406, 3412, 3415, 1601, 7.540, 38.75, 8.70, 7.540, 38.75, 8.70, 0.000, 196.18, 0.03);
insert into SHOT values (3407, 3412, 3416, 1601, 6.080, 74.35, 9.40, 6.080, 74.35, 9.40, 0.000, 352.32, -0.01);
insert into SHOT values (3408, 3412, 3417, 1601, 7.160, 123.05, 12.50, 7.160, 123.05, 12.50, 0.000, 187.63, 0.01);
insert into SHOT values (3409, 3412, 3418, 1601, 2.320, 171.65, 19.70, 2.320, 171.65, 19.70, 0.000, 68.35, -0.20);
insert into SHOT values (3410, 3412, 3419, 1601, 2.850, 18.75, 79.30, 2.850, 18.75, 79.30, 0.000, 5.43, -0.01);
insert into SHOT values (3411, 3412, 3420, 1601, 0.420, 119.65, -69.60, 0.420, 119.65, -69.60, 0.000, 332.24, -0.06);
insert into SHOT values (3412, 3412, 3421, 1601, 15.650, 52.15, 4.30, 15.650, 52.15, 4.30, 0.000, 174.24, 0.01);
insert into SHOT values (3413, 3421, 3422, 1601, 1.260, 138.45, 5.00, 1.260, 138.45, 5.00, 0.000, 105.56, -0.07);
insert into SHOT values (3414, 3421, 3423, 1601, 3.230, 67.15, -3.30, 3.230, 67.15, -3.30, 0.000, 357.44, -0.01);
insert into SHOT values (3415, 3421, 3424, 1601, 1.590, 308.85, 38.70, 1.590, 308.85, 38.70, 0.000, 169.30, -0.01);
insert into SHOT values (3416, 3421, 3425, 1601, 2.770, 200.25, 2.90, 2.770, 200.25, 2.90, 0.000, 174.47, -0.01);
insert into SHOT values (3417, 3421, 3426, 1601, 1.090, 328.85, 83.00, 1.090, 328.85, 83.00, 0.000, 352.78, -0.00);
insert into SHOT values (3418, 3421, 3427, 1601, 0.970, 95.45, -82.50, 0.970, 95.45, -82.50, 0.000, 178.45, 0.00);
insert into SHOT values (3419, 3421, 3428, 1601, 2.000, 153.45, -15.50, 2.000, 153.45, -15.50, 0.000, 232.08, 0.07);
insert into SHOT values (3420, 3428, 3429, 1601, 0.790, 45.65, -16.50, 0.790, 45.65, -16.50, 0.000, 193.14, -0.04);
insert into SHOT values (3421, 3428, 3430, 1601, 0.270, 215.95, 0.70, 0.270, 215.95, 0.70, 0.000, 175.96, 0.01);
insert into SHOT values (3422, 3428, 3431, 1601, 2.010, 107.35, 1.80, 2.010, 107.35, 1.80, 0.000, 5.14, -0.04);
insert into SHOT values (3423, 3428, 3432, 1601, 4.040, 127.65, 2.50, 4.040, 127.65, 2.50, 0.000, 178.05, -0.01);
insert into SHOT values (3424, 3428, 3433, 1601, 0.870, 342.25, -1.90, 0.870, 342.25, -1.90, 0.000, 349.27, -0.01);
insert into SHOT values (3425, 3428, 3434, 1601, 1.470, 345.15, 2.90, 1.470, 345.15, 2.90, 0.000, 285.22, -0.05);
insert into SHOT values (3426, 3428, 3435, 1601, 0.360, 204.85, 73.60, 0.360, 204.85, 73.60, 0.000, 173.19, -0.00);
insert into SHOT values (3427, 3428, 3436, 1601, 0.410, 101.85, -80.60, 0.410, 101.85, -80.60, 0.000, 7.59, 0.04);
insert into SHOT values (3428, 3428, 3437, 1601, 11.420, 138.35, 0.60, 11.420, 138.35, 0.60, 0.000, 183.00, 0.02);
insert into SHOT values (3429, 3396, 3438, 1601, 8.920, 165.75, 0.50, 8.920, 165.75, 0.50, 0.000, 358.83, -0.01);
insert into SHOT values (3430, 3438, 3439, 1601, 5.610, 67.35, 3.00, 5.610, 67.35, 3.00, 0.000, 176.06, -0.01);
insert into SHOT values (3431, 3438, 3440, 1601, 13.940, 34.65, 4.50, 13.940, 34.65, 4.50, 0.000, 173.45, 0.02);
insert into SHOT values (3432, 3438, 3441, 1601, 19.590, 11.15, 4.10, 19.590, 11.15, 4.10, 0.000, 178.30, 0.02);
insert into SHOT values (3433, 3438, 3442, 1601, 17.620, 200.45, 1.50, 17.620, 200.45, 1.50, 0.000, 38.84, -0.06);
insert into SHOT values (3434, 3438, 3443, 1601, 13.350, 237.35, 6.30, 13.350, 237.35, 6.30, 0.000, 359.44, -0.02);
insert into SHOT values (3435, 3438, 3444, 1601, 26.180, 145.55, -2.20, 26.180, 145.55, -2.20, 0.000, 186.28, -0.01);
insert into SHOT values (3436, 3438, 3445, 1601, 14.310, 287.45, 4.50, 14.310, 287.45, 4.50, 0.000, 359.08, -0.00);
insert into SHOT values (3437, 3438, 3446, 1601, 2.210, 182.55, 79.10, 2.210, 182.55, 79.10, 0.000, 351.46, 0.01);
insert into SHOT values (3438, 3438, 3447, 1601, 0.550, 10.15, -82.70, 0.550, 10.15, -82.70, 0.000, 6.26, 0.01);
insert into SHOT values (3439, 3438, 3448, 1601, 21.620, 185.75, -1.40, 21.620, 185.75, -1.40, 0.000, 346.72, -0.03);
insert into SHOT values (3440, 3438, 3449, 1601, 23.810, 159.45, -3.80, 23.810, 159.45, -3.80, 0.000, 329.91, -0.02);
insert into SHOT values (3441, 3449, 3450, 1601, 3.300, 111.95, 10.40, 3.300, 111.95, 10.40, 0.000, 169.93, -0.01);
insert into SHOT values (3442, 3449, 3451, 1601, 3.510, 249.25, 9.70, 3.510, 249.25, 9.70, 0.000, 355.62, 0.01);
insert into SHOT values (3443, 3449, 3452, 1601, 5.230, 203.75, 5.80, 5.230, 203.75, 5.80, 0.000, 177.11, 0.01);
insert into SHOT values (3444, 3449, 3453, 1601, 6.510, 188.05, 5.20, 6.510, 188.05, 5.20, 0.000, 175.12, -0.01);
insert into SHOT values (3445, 3449, 3454, 1601, 9.700, 159.05, -5.70, 9.700, 159.05, -5.70, 0.000, 173.15, 0.02);
insert into SHOT values (3446, 3449, 3455, 1601, 23.360, 301.75, 6.70, 23.360, 301.75, 6.70, 0.000, 222.90, -0.19);
insert into SHOT values (3447, 3449, 3456, 1601, 17.910, 0.95, 7.10, 17.910, 0.95, 7.10, 0.000, 197.26, 0.08);
insert into SHOT values (3448, 3449, 3457, 1601, 7.270, 95.25, 12.70, 7.270, 95.25, 12.70, 0.000, 6.58, -0.01);
insert into SHOT values (3449, 3449, 3458, 1601, 4.440, 249.95, 79.70, 4.440, 249.95, 79.70, 0.000, 4.73, -0.00);
insert into SHOT values (3450, 3449, 3459, 1601, 1.760, 253.05, -79.10, 1.760, 253.05, -79.10, 0.000, 5.22, 0.02);
insert into SHOT values (3451, 3449, 3460, 1601, 16.870, 140.45, -7.50, 16.870, 140.45, -7.50, 0.000, 4.36, -0.01);
insert into SHOT values (3452, 3460, 3461, 1601, 3.980, 242.05, 31.60, 3.980, 242.05, 31.60, 0.000, 195.75, -0.02);
insert into SHOT values (3453, 3460, 3462, 1601, 1.710, 170.85, 14.30, 1.710, 170.85, 14.30, 0.000, 183.55, 0.01);
insert into SHOT values (3454, 3460, 3463, 1601, 7.990, 305.25, 7.60, 7.990, 305.25, 7.60, 0.000, 2.79, 0.00);
insert into SHOT values (3455, 3460, 3464, 1601, 0.830, 254.45, 78.80, 0.830, 254.45, 78.80, 0.000, 3.77, 0.01);
insert into SHOT values (3456, 3460, 3465, 1601, 0.540, 274.75, -81.60, 0.540, 274.75, -81.60, 0.000, 165.63, 0.01);
insert into SHOT values (3457, 3370, 3466, 1601, 22.880, 326.25, 3.50, 22.942, 326.15, 2.96, 0.227, 298.11, -68.27);
insert into SHOT values (3458, 3466, 3467, 1601, 10.890, 204.35, -0.80, 10.890, 204.35, -0.80, 0.000, 180.78, 0.02);
insert into SHOT values (3459, 3466, 3468, 1601, 19.270, 175.65, -0.40, 19.270, 175.65, -0.40, 0.000, 192.33, 0.04);
insert into SHOT values (3460, 3466, 3469, 1601, 16.000, 80.05, 2.80, 16.000, 80.05, 2.80, 0.000, 194.87, 0.04);
insert into SHOT values (3461, 3466, 3470, 1601, 33.060, 124.35, 1.20, 33.060, 124.35, 1.20, 0.000, 313.43, -0.02);
insert into SHOT values (3462, 3466, 3471, 1601, 12.930, 313.75, 3.20, 12.930, 313.75, 3.20, 0.000, 188.92, 0.02);
insert into SHOT values (3463, 3466, 3472, 1601, 21.930, 312.65, 8.50, 21.930, 312.65, 8.50, 0.000, 17.77, 0.03);
insert into SHOT values (3464, 3466, 3473, 1601, 22.010, 349.95, 12.10, 22.010, 349.95, 12.10, 0.000, 180.72, 0.02);
insert into SHOT values (3465, 3466, 3474, 1601, 14.520, 256.45, -4.40, 14.520, 256.45, -4.40, 0.000, 165.90, 0.07);
insert into SHOT values (3466, 3466, 3475, 1601, 2.850, 7.45, 62.00, 2.850, 7.45, 62.00, 0.000, 173.39, -0.00);
insert into SHOT values (3467, 3466, 3476, 1601, 1.380, 182.55, -87.70, 1.380, 182.55, -87.70, 0.000, 211.64, -0.02);
insert into SHOT values (3468, 3466, 3477, 1601, 24.010, 285.45, -2.40, 24.066, 285.69, -2.95, 0.258, 351.65, -64.35);
insert into SHOT values (3469, 3477, 3478, 1601, 4.360, 217.25, 5.40, 4.360, 217.25, 5.40, 0.000, 348.35, 0.02);
insert into SHOT values (3470, 3477, 3479, 1601, 10.980, 298.05, 2.80, 10.980, 298.05, 2.80, 0.000, 355.81, 0.02);
insert into SHOT values (3471, 3477, 3480, 1601, 11.000, 321.85, 3.70, 11.000, 321.85, 3.70, 0.000, 359.13, -0.00);
insert into SHOT values (3472, 3477, 3481, 1601, 8.080, 23.35, 19.30, 8.080, 23.35, 19.30, 0.000, 329.61, 0.06);
insert into SHOT values (3473, 3477, 3482, 1601, 22.110, 59.65, 18.50, 22.110, 59.65, 18.50, 0.000, 350.91, 0.01);
insert into SHOT values (3474, 3477, 3483, 1601, 14.050, 120.35, 3.40, 14.050, 120.35, 3.40, 0.000, 152.82, 0.02);
insert into SHOT values (3475, 3477, 3484, 1601, 1.570, 259.15, 82.20, 1.570, 259.15, 82.20, 0.000, 145.69, -0.08);
insert into SHOT values (3476, 3477, 3485, 1601, 0.520, 244.55, -77.50, 0.520, 244.55, -77.50, 0.000, 4.69, 0.01);
insert into SHOT values (3477, 3477, 3486, 1601, 10.610, 334.65, 8.20, 10.623, 334.57, 7.93, 0.054, 300.07, -63.32);
insert into SHOT values (3478, 3486, 3487, 1601, 3.070, 251.35, -0.20, 3.070, 251.35, -0.20, 0.000, 354.84, 0.01);
insert into SHOT values (3479, 3486, 3488, 1601, 10.170, 40.55, 36.40, 10.170, 40.55, 36.40, 0.000, 25.22, 0.01);
insert into SHOT values (3480, 3486, 3489, 1601, 15.720, 103.25, 23.70, 15.720, 103.25, 23.70, 0.000, 83.75, -0.10);
insert into SHOT values (3481, 3486, 3490, 1601, 24.370, 126.95, 0.70, 24.370, 126.95, 0.70, 0.000, 190.06, -0.02);
insert into SHOT values (3482, 3486, 3491, 1601, 10.440, 184.55, -4.90, 10.440, 184.55, -4.90, 0.000, 5.88, 0.00);
insert into SHOT values (3483, 3486, 3492, 1601, 1.950, 55.45, 79.30, 1.950, 55.45, 79.30, 0.000, 7.36, 0.01);
insert into SHOT values (3484, 3486, 3493, 1601, 1.520, 89.75, -79.30, 1.520, 89.75, -79.30, 0.000, 169.93, -0.02);
insert into SHOT values (3485, 3486, 3494, 1601, 6.620, 307.85, 22.20, 6.625, 307.87, 21.99, 0.025, 316.69, -56.67);
insert into SHOT values (3486, 3494, 3495, 1601, 2.130, 198.15, -6.30, 2.130, 198.15, -6.30, 0.000, 333.82, -1.11);
insert into SHOT values (3487, 3494, 3496, 1601, 2.760, 315.55, -1.80, 2.760, 315.55, -1.80, 0.000, 9.46, 0.01);
insert into SHOT values (3488, 3494, 3497, 1601, 5.930, 4.75, 9.00, 5.930, 4.75, 9.00, 0.000, 357.92, -0.01);
insert into SHOT values (3489, 3494, 3498, 1601, 6.790, 70.75, 37.10, 6.790, 70.75, 37.10, 0.000, 181.61, -0.01);
insert into SHOT values (3490, 3494, 3499, 1601, 2.540, 119.85, 3.30, 2.540, 119.85, 3.30, 0.000, 180.00, 0.01);
insert into SHOT values (3491, 3494, 3500, 1601, 1.080, 74.35, 82.30, 1.080, 74.35, 82.30, 0.000, 350.29, 0.00);
insert into SHOT values (3492, 3494, 3501, 1601, 2.610, 269.65, -87.80, 2.610, 269.65, -87.80, 0.000, 6.76, -0.01);
insert into SHOT values (3493, 3494, 3502, 1601, 5.810, 341.55, -7.90, 5.823, 341.49, -8.06, 0.022, 315.97, -55.09);
insert into SHOT values (3494, 3502, 3503, 1601, 3.820, 67.55, 13.40, 3.820, 67.55, 13.40, 0.000, 358.29, 0.01);
insert into SHOT values (3495, 3502, 3504, 1601, 5.220, 197.25, -3.20, 5.220, 197.25, -3.20, 0.000, 176.65, -0.01);
insert into SHOT values (3496, 3502, 3505, 1601, 5.930, 254.15, -25.50, 5.930, 254.15, -25.50, 0.000, 143.78, 0.03);
insert into SHOT values (3497, 3502, 3506, 1601, 9.410, 132.35, 26.20, 9.410, 132.35, 26.20, 0.000, 187.52, -0.02);
insert into SHOT values (3498, 3502, 3507, 1601, 5.900, 175.05, 11.10, 5.900, 175.05, 11.10, 0.000, 30.01, 0.06);
insert into SHOT values (3499, 3502, 3508, 1601, 1.640, 155.65, 82.40, 1.640, 155.65, 82.40, 0.000, 246.47, 0.12);
insert into SHOT values (3500, 3502, 3509, 1601, 0.710, 160.35, -83.50, 0.710, 160.35, -83.50, 0.000, 182.69, 0.01);
insert into SHOT values (3501, 3502, 3310, 1601, 7.650, 349.75, -20.50, 7.671, 349.66, -20.65, 0.031, 308.58, -58.36);
insert into SHOT values (3502, 3310, 3510, 1601, 28.730, 329.65, -1.60, 28.730, 329.65, -1.60, 0.000, 180.63, -0.01);
insert into SHOT values (3503, 3510, 3511, 1601, 27.170, 296.55, 1.80, 27.170, 296.55, 1.80, 0.000, 13.15, 0.03);
insert into SHOT values (3504, 3510, 3512, 1601, 15.220, 349.95, -2.50, 15.220, 349.95, -2.50, 0.000, 5.93, 0.02);
insert into SHOT values (3505, 3510, 3513, 1601, 12.470, 39.85, 1.70, 12.470, 39.85, 1.70, 0.000, 185.26, -0.04);
insert into SHOT values (3506, 3510, 3514, 1601, 21.170, 73.85, 0.70, 21.170, 73.85, 0.70, 0.000, 177.25, 0.02);
insert into SHOT values (3507, 3510, 3515, 1601, 11.240, 110.15, 6.40, 11.240, 110.15, 6.40, 0.000, 357.42, 0.00);
insert into SHOT values (3508, 3510, 3516, 1601, 30.580, 166.35, 3.20, 30.580, 166.35, 3.20, 0.000, 334.91, -0.01);
insert into SHOT values (3509, 3510, 3517, 1601, 1.560, 56.55, 85.60, 1.560, 56.55, 85.60, 0.000, 7.12, 0.01);
insert into SHOT values (3510, 3510, 3518, 1601, 0.560, 114.45, -84.80, 0.560, 114.45, -84.80, 0.000, 21.00, 0.06);
insert into SHOT values (3511, 3510, 3519, 1601, 27.580, 17.05, -3.10, 27.580, 17.05, -3.10, 0.000, 179.14, 0.04);
insert into SHOT values (3512, 3519, 3520, 1601, 6.970, 267.45, 4.50, 6.970, 267.45, 4.50, 0.000, 2.71, -0.01);
insert into SHOT values (3513, 3519, 3521, 1601, 5.870, 342.85, 0.60, 5.870, 342.85, 0.60, 0.000, 347.16, 0.05);
insert into SHOT values (3514, 3519, 3522, 1601, 5.790, 48.45, -2.20, 5.790, 48.45, -2.20, 0.000, 205.25, 0.10);
insert into SHOT values (3515, 3519, 3523, 1601, 4.990, 118.55, 4.00, 4.990, 118.55, 4.00, 0.000, 42.57, -0.02);
insert into SHOT values (3516, 3519, 3524, 1601, 7.530, 152.15, 1.90, 7.530, 152.15, 1.90, 0.000, 182.58, 0.02);
insert into SHOT values (3517, 3519, 3525, 1601, 9.190, 224.25, 5.50, 9.190, 224.25, 5.50, 0.000, 334.53, 0.10);
insert into SHOT values (3518, 3519, 3526, 1601, 1.390, 324.45, 83.00, 1.390, 324.45, 83.00, 0.000, 162.99, 0.03);
insert into SHOT values (3519, 3519, 3527, 1601, 0.580, 72.05, -87.10, 0.580, 72.05, -87.10, 0.000, 180.93, -0.02);
insert into SHOT values (3520, 3519, 3528, 1601, 14.270, 8.25, -4.00, 14.270, 8.25, -4.00, 0.000, 2.90, 0.01);
insert into SHOT values (3521, 3528, 3529, 1601, 3.690, 273.65, 7.30, 3.690, 273.65, 7.30, 0.000, 359.52, -0.04);
insert into SHOT values (3522, 3528, 3530, 1601, 5.300, 342.15, 4.70, 5.300, 342.15, 4.70, 0.000, 174.31, -0.01);
insert into SHOT values (3523, 3528, 3531, 1601, 3.400, 70.65, -0.40, 3.400, 70.65, -0.40, 0.000, 201.33, -0.04);
insert into SHOT values (3524, 3528, 3532, 1601, 5.410, 122.75, 8.00, 5.410, 122.75, 8.00, 0.000, 157.17, -0.03);
insert into SHOT values (3525, 3528, 3533, 1601, 5.090, 156.45, 5.80, 5.090, 156.45, 5.80, 0.000, 189.77, 0.02);
insert into SHOT values (3526, 3528, 3534, 1601, 8.440, 208.65, 4.80, 8.440, 208.65, 4.80, 0.000, 179.53, 0.01);
insert into SHOT values (3527, 3528, 3535, 1601, 1.130, 81.85, 82.20, 1.130, 81.85, 82.20, 0.000, 354.30, 0.03);
insert into SHOT values (3528, 3528, 3536, 1601, 0.610, 162.85, -78.40, 0.610, 162.85, -78.40, 0.000, 2.24, 0.02);
insert into SHOT values (3529, 3528, 3537, 1601, 8.750, 23.45, -14.20, 8.750, 23.45, -14.20, 0.000, 170.58, 0.02);
insert into SHOT values (3530, 3537, 3538, 1601, 0.460, 304.05, 5.70, 0.460, 304.05, 5.70, 0.000, 236.11, -0.05);
insert into SHOT values (3531, 3537, 3539, 1601, 2.250, 353.65, -3.00, 2.250, 353.65, -3.00, 0.000, 183.52, 0.00);
insert into SHOT values (3532, 3537, 3540, 1601, 2.100, 115.35, 21.50, 2.100, 115.35, 21.50, 0.000, 9.38, 0.06);
insert into SHOT values (3533, 3537, 3541, 1601, 2.490, 180.55, 4.20, 2.490, 180.55, 4.20, 0.000, 26.50, 0.09);
insert into SHOT values (3534, 3537, 3542, 1601, 2.040, 81.05, 86.20, 2.040, 81.05, 86.20, 0.000, 318.80, 0.24);
insert into SHOT values (3535, 3537, 3543, 1601, 1.300, 70.45, -87.10, 1.300, 70.45, -87.10, 0.000, 353.36, 0.02);
insert into SHOT values (3536, 3537, 3544, 1601, 5.240, 16.25, 2.30, 5.240, 16.25, 2.30, 0.000, 32.47, -0.02);
insert into SHOT values (3537, 3544, 3545, 1601, 2.120, 275.55, 9.70, 2.120, 275.55, 9.70, 0.000, 198.47, 0.06);
insert into SHOT values (3538, 3544, 3546, 1601, 5.720, 306.05, 13.40, 5.720, 306.05, 13.40, 0.000, 220.46, 0.06);
insert into SHOT values (3539, 3544, 3547, 1601, 4.870, 333.75, 12.50, 4.870, 333.75, 12.50, 0.000, 359.47, 0.00);
insert into SHOT values (3540, 3544, 3548, 1601, 5.130, 4.35, 9.60, 5.130, 4.35, 9.60, 0.000, 15.95, 0.00);
insert into SHOT values (3541, 3544, 3549, 1601, 3.840, 33.35, 7.90, 3.840, 33.35, 7.90, 0.000, 358.58, 0.01);
insert into SHOT values (3542, 3544, 3550, 1601, 1.310, 77.95, 8.10, 1.310, 77.95, 8.10, 0.000, 7.81, -0.03);
insert into SHOT values (3543, 3544, 3551, 1601, 2.100, 131.05, 5.40, 2.100, 131.05, 5.40, 0.000, 19.57, 0.03);
insert into SHOT values (3544, 3544, 3552, 1601, 1.770, 205.15, 1.60, 1.770, 205.15, 1.60, 0.000, 171.97, 0.02);
insert into SHOT values (3545, 3544, 3553, 1601, 3.580, 135.05, 88.80, 3.580, 135.05, 88.80, 0.000, 354.62, -0.00);
insert into SHOT values (3546, 3544, 3554, 1601, 1.110, 145.55, -86.80, 1.110, 145.55, -86.80, 0.000, 7.33, 0.01);
insert into SHOT values (3547, 3544, 3555, 1601, 2.340, 11.75, -3.10, 2.340, 11.75, -3.10, 0.000, 358.45, -0.02);
insert into SHOT values (3548, 3555, 3556, 1601, 4.040, 327.55, 13.90, 4.040, 327.55, 13.90, 0.000, 10.24, 0.01);
insert into SHOT values (3549, 3555, 3557, 1601, 4.060, 228.35, 14.10, 4.060, 228.35, 14.10, 0.000, 8.98, -0.03);
insert into SHOT values (3550, 3555, 3558, 1601, 1.840, 73.25, 5.60, 1.840, 73.25, 5.60, 0.000, 323.45, -0.04);
insert into SHOT values (3551, 3555, 3559, 1601, 1.660, 133.35, -1.10, 1.660, 133.35, -1.10, 0.000, 145.82, 0.00);
insert into SHOT values (3552, 3555, 3560, 1601, 1.840, 144.35, 2.00, 1.840, 144.35, 2.00, 0.000, 179.82, -0.00);
insert into SHOT values (3553, 3555, 3561, 1601, 8.850, 278.75, 22.30, 8.850, 278.75, 22.30, 0.000, 239.01, -0.07);
insert into SHOT values (3554, 3555, 3562, 1601, 3.810, 49.55, -38.40, 3.810, 49.55, -38.40, 0.000, 180.15, -0.02);
insert into SHOT values (3555, 3562, 3563, 1601, 1.350, 316.35, 18.50, 1.350, 316.35, 18.50, 0.000, 184.56, 0.01);
insert into SHOT values (3556, 3562, 3564, 1601, 3.330, 36.55, 5.20, 3.330, 36.55, 5.20, 0.000, 164.08, 0.02);
insert into SHOT values (3557, 3562, 3565, 1601, 2.480, 74.55, 4.80, 2.480, 74.55, 4.80, 0.000, 169.46, -0.00);
insert into SHOT values (3558, 3562, 3566, 1601, 1.290, 142.85, 7.90, 1.290, 142.85, 7.90, 0.000, 168.87, 0.01);
insert into SHOT values (3559, 3562, 3567, 1601, 1.530, 200.35, 12.80, 1.530, 200.35, 12.80, 0.000, 127.40, 0.07);
insert into SHOT values (3560, 3562, 3568, 1601, 1.000, 354.75, 86.70, 1.000, 354.75, 86.70, 0.000, 178.29, -0.00);
insert into SHOT values (3561, 3562, 3569, 1601, 0.540, 299.35, -86.90, 0.540, 299.35, -86.90, 0.000, 354.22, -0.01);
insert into SHOT values (3562, 3562, 3570, 1601, 5.780, 43.65, 0.40, 5.780, 43.65, 0.40, 0.000, 21.27, -0.13);
insert into SHOT values (3563, 3570, 3571, 1601, 1.030, 317.25, 1.00, 1.030, 317.25, 1.00, 0.000, 74.17, -0.17);
insert into SHOT values (3564, 3570, 3572, 1601, 3.440, 118.25, -0.40, 3.440, 118.25, -0.40, 0.000, 352.19, 0.01);
insert into SHOT values (3565, 3570, 3573, 1601, 1.990, 172.25, 3.40, 1.990, 172.25, 3.40, 0.000, 6.31, -0.01);
insert into SHOT values (3566, 3570, 3574, 1601, 3.300, 203.15, 4.60, 3.300, 203.15, 4.60, 0.000, 267.01, -0.12);
insert into SHOT values (3567, 3570, 3575, 1601, 8.010, 224.55, 9.40, 8.010, 224.55, 9.40, 0.000, 27.51, 0.06);
insert into SHOT values (3568, 3570, 3576, 1601, 1.800, 242.55, 6.50, 1.800, 242.55, 6.50, 0.000, 181.39, 0.02);
insert into SHOT values (3569, 3570, 3577, 1601, 1.270, 150.55, 78.40, 1.270, 150.55, 78.40, 0.000, 183.98, -0.01);
insert into SHOT values (3570, 3570, 3578, 1601, 0.660, 205.45, -81.90, 0.660, 205.45, -81.90, 0.000, 359.42, -0.02);
insert into SHOT values (3571, 3570, 3579, 1601, 3.490, 118.35, -2.00, 3.490, 118.35, -2.00, 0.000, 183.10, -0.01);
insert into SHOT values (3572, 3579, 3580, 1601, 0.530, 209.25, 5.10, 0.530, 209.25, 5.10, 0.000, 347.88, 0.00);
insert into SHOT values (3573, 3579, 3581, 1601, 0.550, 359.45, -1.10, 0.550, 359.45, -1.10, 0.000, 356.23, -0.01);
insert into SHOT values (3574, 3579, 3582, 1601, 0.640, 194.25, 84.20, 0.640, 194.25, 84.20, 0.000, 163.46, -0.04);
insert into SHOT values (3575, 3579, 3583, 1601, 0.350, 218.65, -84.30, 0.350, 218.65, -84.30, 0.000, 25.91, -0.02);
insert into SHOT values (3576, 3310, 3584, 1601, 21.240, 282.65, -1.70, 21.240, 282.65, -1.70, 0.000, 358.72, -0.01);
insert into SHOT values (3577, 3584, 3585, 1601, 10.680, 166.35, 0.60, 10.680, 166.35, 0.60, 0.000, 30.27, -0.05);
insert into SHOT values (3578, 3584, 3586, 1601, 11.850, 243.25, 1.40, 11.850, 243.25, 1.40, 0.000, 2.98, 0.01);
insert into SHOT values (3579, 3584, 3587, 1601, 30.720, 327.95, 2.40, 30.720, 327.95, 2.40, 0.000, 193.38, -0.06);
insert into SHOT values (3580, 3584, 3588, 1601, 23.400, 52.25, 2.20, 23.400, 52.25, 2.20, 0.000, 10.49, 0.04);
insert into SHOT values (3581, 3584, 3589, 1601, 2.120, 189.25, 84.50, 2.120, 189.25, 84.50, 0.000, 186.83, 0.01);
insert into SHOT values (3582, 3584, 3590, 1601, 0.530, 79.65, -84.20, 0.530, 79.65, -84.20, 0.000, 168.21, -0.01);
insert into SHOT values (3583, 3584, 3591, 1601, 14.010, 242.55, -4.50, 14.010, 242.55, -4.50, 0.000, 353.62, -0.00);
insert into SHOT values (3584, 3591, 3592, 1601, 4.380, 187.35, -6.80, 4.380, 187.35, -6.80, 0.000, 6.97, -0.01);
insert into SHOT values (3585, 3591, 3593, 1601, 8.680, 328.65, -2.20, 8.680, 328.65, -2.20, 0.000, 20.24, 0.15);
insert into SHOT values (3586, 3591, 3594, 1601, 4.600, 260.15, -2.30, 4.600, 260.15, -2.30, 0.000, 5.38, 0.00);
insert into SHOT values (3587, 3591, 3595, 1601, 3.970, 148.05, 1.50, 3.970, 148.05, 1.50, 0.000, 152.34, 0.04);
insert into SHOT values (3588, 3591, 3596, 1601, 1.900, 246.15, 83.10, 1.900, 246.15, 83.10, 0.000, 173.03, 0.01);
insert into SHOT values (3589, 3591, 3597, 1601, 0.720, 33.65, -78.10, 0.720, 33.65, -78.10, 0.000, 17.23, -0.04);
insert into SHOT values (3590, 3591, 3598, 1601, 9.590, 284.15, -12.70, 9.590, 284.15, -12.70, 0.000, 351.70, -0.03);
insert into SHOT values (3591, 3598, 3599, 1601, 6.460, 310.65, -1.70, 6.460, 310.65, -1.70, 0.000, 163.61, 0.04);
insert into SHOT values (3592, 3598, 3600, 1601, 3.480, 190.95, 1.90, 3.480, 190.95, 1.90, 0.000, 353.28, -0.01);
insert into SHOT values (3593, 3598, 3601, 1601, 5.210, 132.25, 12.60, 5.210, 132.25, 12.60, 0.000, 176.08, 0.01);
insert into SHOT values (3594, 3598, 3602, 1601, 4.290, 0.45, 19.80, 4.290, 0.45, 19.80, 0.000, 172.84, -0.01);
insert into SHOT values (3595, 3598, 3603, 1601, 3.640, 220.55, 86.40, 3.640, 220.55, 86.40, 0.000, 189.58, -0.01);
insert into SHOT values (3596, 3598, 3604, 1601, 0.890, 273.05, -85.10, 0.890, 273.05, -85.10, 0.000, 126.98, -0.71);
insert into SHOT values (3597, 3598, 3605, 1601, 8.320, 209.85, -17.90, 8.320, 209.85, -17.90, 0.000, 166.98, 0.02);
insert into SHOT values (3598, 3605, 3606, 1601, 2.410, 121.75, 4.10, 2.410, 121.75, 4.10, 0.000, 172.64, -0.00);
insert into SHOT values (3599, 3605, 3607, 1601, 4.470, 182.85, 0.80, 4.470, 182.85, 0.80, 0.000, 179.75, -0.01);
insert into SHOT values (3600, 3605, 3608, 1601, 8.930, 242.75, -4.70, 8.930, 242.75, -4.70, 0.000, 186.58, -0.01);
insert into SHOT values (3601, 3605, 3609, 1601, 5.910, 293.15, 4.20, 5.910, 293.15, 4.20, 0.000, 358.28, 0.02);
insert into SHOT values (3602, 3605, 3610, 1601, 6.680, 313.95, 6.00, 6.680, 313.95, 6.00, 0.000, 171.85, 0.06);
insert into SHOT values (3603, 3605, 3611, 1601, 3.670, 343.55, 8.60, 3.670, 343.55, 8.60, 0.000, 351.24, -0.00);
insert into SHOT values (3604, 3605, 3612, 1601, 1.300, 273.95, 84.10, 1.300, 273.95, 84.10, 0.000, 164.88, 0.04);
insert into SHOT values (3605, 3605, 3613, 1601, 0.740, 352.45, -73.50, 0.740, 352.45, -73.50, 0.000, 181.17, -0.01);
insert into SHOT values (3606, 3605, 3614, 1601, 12.210, 333.65, 6.80, 12.210, 333.65, 6.80, 0.000, 178.79, -0.01);
insert into SHOT values (3607, 3605, 3615, 1601, 6.480, 193.35, -11.10, 6.480, 193.35, -11.10, 0.000, 351.76, 0.04);
insert into SHOT values (3608, 3615, 3616, 1601, 3.620, 80.45, 3.20, 3.620, 80.45, 3.20, 0.000, 27.34, -0.06);
insert into SHOT values (3609, 3615, 3617, 1601, 16.750, 116.45, 1.50, 16.750, 116.45, 1.50, 0.000, 355.79, 0.02);
insert into SHOT values (3610, 3615, 3618, 1601, 14.810, 144.35, 0.90, 14.810, 144.35, 0.90, 0.000, 6.06, 0.00);
insert into SHOT values (3611, 3615, 3619, 1601, 11.330, 175.55, 0.50, 11.330, 175.55, 0.50, 0.000, 165.84, -0.00);
insert into SHOT values (3612, 3615, 3620, 1601, 6.230, 218.25, 1.90, 6.230, 218.25, 1.90, 0.000, 345.70, -0.01);
insert into SHOT values (3613, 3615, 3621, 1601, 5.800, 273.15, 1.90, 5.800, 273.15, 1.90, 0.000, 183.34, 0.03);
insert into SHOT values (3614, 3615, 3622, 1601, 6.660, 327.75, 6.00, 6.660, 327.75, 6.00, 0.000, 353.84, -0.01);
insert into SHOT values (3615, 3615, 3623, 1601, 0.860, 130.35, 73.50, 0.860, 130.35, 73.50, 0.000, 190.71, -0.01);
insert into SHOT values (3616, 3615, 3624, 1601, 0.410, 218.35, -76.50, 0.410, 218.35, -76.50, 0.000, 182.78, 0.01);
insert into SHOT values (3617, 3615, 3625, 1601, 12.020, 156.95, 0.50, 12.020, 156.95, 0.50, 0.000, 319.07, 0.36);
insert into SHOT values (3618, 3625, 3626, 1601, 4.880, 66.85, 1.30, 4.880, 66.85, 1.30, 0.000, 1.05, -0.01);
insert into SHOT values (3619, 3625, 3627, 1601, 7.160, 126.95, 1.10, 7.160, 126.95, 1.10, 0.000, 170.39, 0.01);
insert into SHOT values (3620, 3625, 3628, 1601, 10.400, 199.95, -1.60, 10.400, 199.95, -1.60, 0.000, 5.89, -0.00);
insert into SHOT values (3621, 3625, 3629, 1601, 3.630, 240.25, -6.60, 3.630, 240.25, -6.60, 0.000, 161.79, 0.02);
insert into SHOT values (3622, 3625, 3630, 1601, 6.610, 299.75, 1.80, 6.610, 299.75, 1.80, 0.000, 170.34, -0.02);
insert into SHOT values (3623, 3625, 3631, 1601, 0.710, 71.45, 82.90, 0.710, 71.45, 82.90, 0.000, 344.32, 0.03);
insert into SHOT values (3624, 3625, 3632, 1601, 0.710, 301.45, -71.00, 0.710, 301.45, -71.00, 0.000, 351.10, 0.00);
insert into SHOT values (3625, 3625, 3633, 1601, 9.490, 154.65, -0.70, 9.490, 154.65, -0.70, 0.000, 2.74, -0.01);
insert into SHOT values (3626, 3633, 3634, 1601, 2.700, 46.45, 2.70, 2.700, 46.45, 2.70, 0.000, 8.67, 0.04);
insert into SHOT values (3627, 3633, 3635, 1601, 5.320, 221.75, -1.60, 5.320, 221.75, -1.60, 0.000, 189.69, 0.02);
insert into SHOT values (3628, 3633, 3636, 1601, 7.230, 149.05, -0.70, 7.230, 149.05, -0.70, 0.000, 181.97, 0.01);
insert into SHOT values (3629, 3633, 3637, 1601, 4.490, 108.85, 1.80, 4.490, 108.85, 1.80, 0.000, 187.89, 0.01);
insert into SHOT values (3630, 3633, 3638, 1601, 0.920, 120.05, 81.60, 0.920, 120.05, 81.60, 0.000, 8.41, -0.00);
insert into SHOT values (3631, 3633, 3639, 1601, 0.650, 22.85, -74.30, 0.650, 22.85, -74.30, 0.000, 359.38, 0.05);
insert into SHOT values (3632, 3633, 3640, 1601, 13.270, 130.15, -4.20, 13.270, 130.15, -4.20, 0.000, 194.71, -0.05);
insert into SCRAPS values (1603, 1597, 'SP-Alex7-1', 1, 11.76936, 0.16196);
 insert into MAPS values (1741, 1597, 'MP-Alex7', 'Alex7', 1, 567.230, -13.135);
 insert into MAPITEMS values (1741, 4, 1603);
 insert into MAPS values (1744, 308, 'MP-Geophysicalskaya', 'Geophysicalskaya', 1, 3878.978, -72.247);
 insert into MAPITEMS values (1744, 4, 677);
 insert into MAPITEMS values (1744, 4, 803);
 insert into MAPITEMS values (1744, 4, 1292);
 insert into MAPITEMS values (1744, 4, 1260);
 insert into MAPITEMS values (1744, 4, 1433);
 insert into MAPITEMS values (1744, 4, 1554);
 insert into MAPITEMS values (1744, 4, 1594);
 insert into MAPITEMS values (1744, 4, 1741);
 insert into SURVEY values (1746, 50, 'Grotte_du_lac', 'Grotte_du_lac.Koytendag', 'Grotte du lac');
 insert into CENTRELINE values (1747, 1746, NULL, NULL, NULL, 0.00, 0.00, 0.00);
 insert into SURVEY values (1748, 1746, 'Entree_00', 'Entree_00.Grotte_du_lac.Koytendag', 'Entree_00');
 insert into CENTRELINE values (1749, 1748, NULL, NULL, NULL, 0.00, 0.00, 0.00);
 insert into SURVEY values (1750, 1748, 'Grotte_du_lac_00', 'Grotte_du_lac_00.Entree_00.Grotte_du_lac.Koytendag', 'Grotte du lac 00');
 insert into CENTRELINE values (1751, 1750, NULL, NULL, NULL, 0.00, 0.00, 0.00);
 insert into CENTRELINE values (1752, 1750, NULL, '2024-04-23', NULL, 520.21, 0.00, 0.00);
 insert into PERSON values (12, 'Jean-Marie', 'Briffond');
insert into TOPO values (12, 1752);
 insert into TOPO values (10, 1752);
 insert into TOPO values (9, 1752);
 insert into TOPO values (7, 1752);
 insert into SHOT values (3633, 3641, 3642, 1752, 32.040, 64.95, 21.40, 32.040, 64.95, 21.40, 0.000, 173.86, 0.01);
insert into SHOT values (3634, 3641, 3643, 1752, 25.160, 159.15, 14.60, 25.160, 159.15, 14.60, 0.000, 165.65, 0.01);
insert into SHOT values (3635, 3641, 3644, 1752, 25.930, 201.65, 3.80, 25.930, 201.65, 3.80, 0.000, 350.77, 0.01);
insert into SHOT values (3636, 3641, 3645, 1752, 46.470, 323.95, 17.90, 46.470, 323.95, 17.90, 0.000, 351.47, -0.00);
insert into SHOT values (3637, 3641, 3646, 1752, 43.800, 34.15, 23.00, 43.800, 34.15, 23.00, 0.000, 183.84, -0.01);
insert into SHOT values (3638, 3641, 3647, 1752, 28.830, 93.55, 23.00, 28.830, 93.55, 23.00, 0.000, 305.94, -0.03);
insert into SHOT values (3639, 3641, 3648, 1752, 22.360, 135.25, 14.90, 22.360, 135.25, 14.90, 0.000, 345.00, 0.00);
insert into SHOT values (3640, 3641, 3649, 1752, 25.350, 194.85, 14.00, 25.350, 194.85, 14.00, 0.000, 170.44, -0.02);
insert into SHOT values (3641, 3641, 3650, 1752, 8.590, 167.35, -13.20, 8.590, 167.35, -13.20, 0.000, 175.82, 0.01);
insert into SHOT values (3642, 3650, 3651, 1752, 20.310, 261.25, 16.20, 20.310, 261.25, 16.20, 0.000, 349.02, -0.00);
insert into SHOT values (3643, 3650, 3652, 1752, 20.290, 213.85, 7.00, 20.290, 213.85, 7.00, 0.000, 13.11, 0.01);
insert into SHOT values (3644, 3650, 3653, 1752, 18.570, 154.45, 11.90, 18.570, 154.45, 11.90, 0.000, 182.74, 0.01);
insert into SHOT values (3645, 3650, 3654, 1752, 16.020, 113.15, 16.90, 16.020, 113.15, 16.90, 0.000, 182.37, 0.00);
insert into SHOT values (3646, 3650, 3655, 1752, 19.390, 329.65, 9.50, 19.390, 329.65, 9.50, 0.000, 170.18, -0.00);
insert into SHOT values (3647, 3650, 3656, 1752, 0.830, 219.05, -74.10, 0.830, 219.05, -74.10, 0.000, 354.32, -0.00);
insert into SHOT values (3648, 3650, 3657, 1752, 4.140, 172.45, -27.70, 4.140, 172.45, -27.70, 0.000, 68.71, 0.05);
insert into SHOT values (3649, 3657, 3658, 1752, 18.200, 173.95, 1.80, 18.200, 173.95, 1.80, 0.000, 185.14, -0.01);
insert into SHOT values (3650, 3657, 3659, 1752, 18.690, 228.35, -4.60, 18.690, 228.35, -4.60, 0.000, 1.16, 0.00);
insert into SHOT values (3651, 3657, 3660, 1752, 12.910, 271.25, -2.10, 12.910, 271.25, -2.10, 0.000, 5.93, -0.01);
insert into SHOT values (3652, 3657, 3661, 1752, 4.440, 315.65, 1.30, 4.440, 315.65, 1.30, 0.000, 173.35, 0.01);
insert into SHOT values (3653, 3657, 3662, 1752, 1.260, 42.25, 8.80, 1.260, 42.25, 8.80, 0.000, 170.44, -0.01);
insert into SHOT values (3654, 3657, 3663, 1752, 2.500, 214.35, -71.40, 2.500, 214.35, -71.40, 0.000, 356.89, 0.01);
insert into SHOT values (3655, 3657, 3664, 1752, 5.800, 234.25, -23.30, 5.800, 234.25, -23.30, 0.000, 332.98, 0.03);
insert into SHOT values (3656, 3664, 3665, 1752, 16.900, 110.15, 9.10, 16.900, 110.15, 9.10, 0.000, 352.76, 0.01);
insert into SHOT values (3657, 3664, 3666, 1752, 18.100, 170.75, 1.20, 18.100, 170.75, 1.20, 0.000, 304.30, -0.01);
insert into SHOT values (3658, 3664, 3667, 1752, 12.990, 232.85, -0.50, 12.990, 232.85, -0.50, 0.000, 11.91, -0.01);
insert into SHOT values (3659, 3664, 3668, 1752, 16.540, 151.65, 49.10, 16.540, 151.65, 49.10, 0.000, 189.29, 0.00);
insert into SHOT values (3660, 3664, 3669, 1752, 1.850, 126.25, -74.80, 1.850, 126.25, -74.80, 0.000, 354.10, 0.00);
insert into SHOT values (3661, 3664, 3670, 1752, 8.140, 169.15, -22.90, 8.140, 169.15, -22.90, 0.000, 357.51, 0.01);
insert into SHOT values (3662, 3670, 3671, 1752, 6.970, 243.35, -5.30, 6.970, 243.35, -5.30, 0.000, 167.89, -0.02);
insert into SHOT values (3663, 3670, 3672, 1752, 13.810, 282.25, 19.30, 13.810, 282.25, 19.30, 0.000, 176.92, 0.00);
insert into SHOT values (3664, 3670, 3673, 1752, 14.190, 151.95, -0.70, 14.190, 151.95, -0.70, 0.000, 179.91, 0.00);
insert into SHOT values (3665, 3670, 3674, 1752, 11.770, 176.15, 53.00, 11.770, 176.15, 53.00, 0.000, 6.17, -0.00);
insert into SHOT values (3666, 3670, 3675, 1752, 1.920, 116.55, -70.00, 1.920, 116.55, -70.00, 0.000, 172.70, -0.01);
insert into SHOT values (3667, 3670, 3676, 1752, 11.470, 132.75, -18.40, 11.470, 132.75, -18.40, 0.000, 49.02, -0.06);
insert into SHOT values (3668, 3676, 3677, 1752, 11.600, 119.95, 2.90, 11.600, 119.95, 2.90, 0.000, 308.47, 0.00);
insert into SHOT values (3669, 3676, 3678, 1752, 11.380, 178.55, -2.10, 11.380, 178.55, -2.10, 0.000, 184.07, 0.00);
insert into SHOT values (3670, 3676, 3679, 1752, 14.380, 232.05, -2.30, 14.380, 232.05, -2.30, 0.000, 171.45, -0.01);
insert into SHOT values (3671, 3676, 3680, 1752, 17.400, 269.65, -1.00, 17.400, 269.65, -1.00, 0.000, 161.51, -0.03);
insert into SHOT values (3672, 3676, 3681, 1752, 1.820, 104.25, -67.20, 1.820, 104.25, -67.20, 0.000, 185.19, -0.04);
insert into SHOT values (3673, 3676, 3682, 1752, 6.310, 209.15, 74.60, 6.310, 209.15, 74.60, 0.000, 116.40, 0.00);
insert into SHOT values (3674, 3676, 3683, 1752, 9.360, 139.45, -18.40, 9.360, 139.45, -18.40, 0.000, 358.54, -0.00);
insert into SHOT values (3675, 3683, 3684, 1752, 10.380, 290.15, 3.90, 10.380, 290.15, 3.90, 0.000, 165.49, -0.00);
insert into SHOT values (3676, 3683, 3685, 1752, 24.910, 290.05, 4.60, 24.910, 290.05, 4.60, 0.000, 6.79, -0.00);
insert into SHOT values (3677, 3683, 3686, 1752, 14.790, 251.95, 6.40, 14.790, 251.95, 6.40, 0.000, 350.80, -0.01);
insert into SHOT values (3678, 3683, 3687, 1752, 8.710, 192.15, 9.60, 8.710, 192.15, 9.60, 0.000, 307.77, -0.00);
insert into SHOT values (3679, 3683, 3688, 1752, 7.910, 173.75, 6.40, 7.910, 173.75, 6.40, 0.000, 358.21, -0.01);
insert into SHOT values (3680, 3683, 3689, 1752, 7.050, 106.25, 15.00, 7.050, 106.25, 15.00, 0.000, 170.94, 0.01);
insert into SHOT values (3681, 3683, 3690, 1752, 9.850, 70.55, 11.70, 9.850, 70.55, 11.70, 0.000, 178.53, 0.00);
insert into SHOT values (3682, 3683, 3691, 1752, 16.980, 34.45, 22.40, 16.980, 34.45, 22.40, 0.000, 9.30, 0.01);
insert into SHOT values (3683, 3683, 3692, 1752, 9.510, 351.45, 20.90, 9.510, 351.45, 20.90, 0.000, 186.91, 0.00);
insert into SHOT values (3684, 3683, 3693, 1752, 13.950, 321.65, 21.90, 13.950, 321.65, 21.90, 0.000, 315.68, -0.03);
insert into SHOT values (3685, 3683, 3694, 1752, 17.620, 303.95, 15.70, 17.620, 303.95, 15.70, 0.000, 359.36, 0.01);
insert into SHOT values (3686, 3683, 3695, 1752, 5.360, 246.15, 81.40, 5.360, 246.15, 81.40, 0.000, 353.97, 0.01);
insert into SHOT values (3687, 3683, 3696, 1752, 1.070, 272.15, -59.20, 1.070, 272.15, -59.20, 0.000, 195.20, 0.02);
insert into SHOT values (3688, 3683, 3697, 1752, 13.390, 247.95, -19.90, 13.390, 247.95, -19.90, 0.000, 158.49, -0.02);
insert into SHOT values (3689, 3697, 3698, 1752, 4.500, 169.95, 13.30, 4.500, 169.95, 13.30, 0.000, 175.28, 0.02);
insert into SHOT values (3690, 3697, 3699, 1752, 8.420, 109.85, 26.90, 8.420, 109.85, 26.90, 0.000, 4.58, -0.01);
insert into SHOT values (3691, 3697, 3700, 1752, 16.630, 236.45, 8.60, 16.630, 236.45, 8.60, 0.000, 353.68, 0.00);
insert into SHOT values (3692, 3697, 3701, 1752, 20.200, 311.25, 13.80, 20.200, 311.25, 13.80, 0.000, 4.92, -0.01);
insert into SHOT values (3693, 3697, 3702, 1752, 10.510, 355.05, 15.40, 10.510, 355.05, 15.40, 0.000, 183.56, -0.01);
insert into SHOT values (3694, 3697, 3703, 1752, 8.220, 41.75, 10.70, 8.220, 41.75, 10.70, 0.000, 182.07, 0.00);
insert into SHOT values (3695, 3697, 3704, 1752, 5.980, 235.95, 80.50, 5.980, 235.95, 80.50, 0.000, 186.48, 0.00);
insert into SHOT values (3696, 3697, 3705, 1752, 1.830, 307.65, -70.20, 1.830, 307.65, -70.20, 0.000, 10.71, 0.01);
insert into SHOT values (3697, 3697, 3706, 1752, 16.500, 276.35, -12.80, 16.500, 276.35, -12.80, 0.000, 351.11, -0.00);
insert into SHOT values (3698, 3706, 3707, 1752, 17.480, 346.25, 5.70, 17.480, 346.25, 5.70, 0.000, 181.59, 0.00);
insert into SHOT values (3699, 3706, 3708, 1752, 17.750, 180.85, 10.20, 17.750, 180.85, 10.20, 0.000, 354.78, 0.01);
insert into SHOT values (3700, 3706, 3709, 1752, 15.680, 134.95, 23.20, 15.680, 134.95, 23.20, 0.000, 182.04, -0.01);
insert into SHOT values (3701, 3706, 3710, 1752, 12.050, 17.85, 19.70, 12.050, 17.85, 19.70, 0.000, 351.87, 0.01);
insert into SHOT values (3702, 3706, 3711, 1752, 18.710, 76.05, 16.20, 18.710, 76.05, 16.20, 0.000, 173.40, 0.00);
insert into SHOT values (3703, 3706, 3712, 1752, 20.570, 278.15, 6.80, 20.570, 278.15, 6.80, 0.000, 186.91, 0.01);
insert into SHOT values (3704, 3706, 3713, 1752, 19.630, 226.55, 7.70, 19.630, 226.55, 7.70, 0.000, 175.67, -0.00);
insert into SHOT values (3705, 3706, 3714, 1752, 19.070, 199.75, 5.50, 19.070, 199.75, 5.50, 0.000, 243.91, -0.01);
insert into SHOT values (3706, 3706, 3715, 1752, 8.260, 359.15, 77.70, 8.260, 359.15, 77.70, 0.000, 172.34, 0.00);
insert into SHOT values (3707, 3706, 3716, 1752, 1.250, 147.95, -87.50, 1.250, 147.95, -87.50, 0.000, 161.67, -0.01);
insert into SHOT values (3708, 3706, 3717, 1752, 14.030, 267.05, 8.00, 14.030, 267.05, 8.00, 0.000, 356.86, 0.01);
insert into SHOT values (3709, 3717, 3718, 1752, 15.260, 170.55, 2.80, 15.260, 170.55, 2.80, 0.000, 172.57, -0.01);
insert into SHOT values (3710, 3717, 3719, 1752, 15.880, 220.15, -1.60, 15.880, 220.15, -1.60, 0.000, 1.70, 0.00);
insert into SHOT values (3711, 3717, 3720, 1752, 6.930, 338.05, -18.50, 6.930, 338.05, -18.50, 0.000, 335.87, -0.04);
insert into SHOT values (3712, 3717, 3721, 1752, 18.130, 28.45, 3.40, 18.130, 28.45, 3.40, 0.000, 333.20, -0.00);
insert into SHOT values (3713, 3717, 3722, 1752, 27.220, 111.45, 7.10, 27.220, 111.45, 7.10, 0.000, 29.66, 0.02);
insert into SHOT values (3714, 3717, 3723, 1752, 1.030, 312.55, -81.90, 1.030, 312.55, -81.90, 0.000, 176.96, -0.01);
insert into SHOT values (3715, 3717, 3724, 1752, 4.210, 194.75, 84.10, 4.210, 194.75, 84.10, 0.000, 203.11, -0.03);
insert into SHOT values (3716, 3717, 3725, 1752, 17.900, 247.95, 12.00, 17.900, 247.95, 12.00, 0.000, 178.83, 0.00);
insert into SHOT values (3717, 3725, 3726, 1752, 13.420, 11.25, 3.40, 13.420, 11.25, 3.40, 0.000, 138.49, 0.01);
insert into SHOT values (3718, 3725, 3727, 1752, 4.540, 266.35, 25.90, 4.540, 266.35, 25.90, 0.000, 197.05, -0.00);
insert into SHOT values (3719, 3725, 3728, 1752, 5.020, 229.65, 3.10, 5.020, 229.65, 3.10, 0.000, 9.87, 0.01);
insert into SHOT values (3720, 3725, 3729, 1752, 7.140, 161.25, -6.40, 7.140, 161.25, -6.40, 0.000, 345.07, -0.00);
insert into SHOT values (3721, 3725, 3730, 1752, 10.210, 121.75, -8.80, 10.210, 121.75, -8.80, 0.000, 353.10, 0.01);
insert into SHOT values (3722, 3725, 3731, 1752, 10.630, 49.15, -4.40, 10.630, 49.15, -4.40, 0.000, 2.33, -0.01);
insert into SHOT values (3723, 3725, 3732, 1752, 1.490, 269.45, 85.60, 1.490, 269.45, 85.60, 0.000, 170.19, 0.01);
insert into SHOT values (3724, 3725, 3733, 1752, 1.390, 319.05, -89.50, 1.390, 319.05, -89.50, 0.000, 333.87, -0.01);
insert into SHOT values (3725, 3725, 3734, 1752, 16.320, 196.25, -9.80, 16.320, 196.25, -9.80, 0.000, 181.04, 0.01);
insert into SHOT values (3726, 3734, 3735, 1752, 0.350, 289.05, 0.20, 0.350, 289.05, 0.20, 0.000, 6.94, -0.01);
insert into SHOT values (3727, 3734, 3736, 1752, 0.980, 97.15, -1.50, 0.980, 97.15, -1.50, 0.000, 346.38, 0.00);
insert into SHOT values (3728, 3734, 3737, 1752, 1.970, 223.35, 73.50, 1.970, 223.35, 73.50, 0.000, 23.28, -0.00);
insert into SHOT values (3729, 3734, 3738, 1752, 1.600, 175.95, -82.70, 1.600, 175.95, -82.70, 0.000, 4.27, -0.01);
insert into SHOT values (3730, 3683, 3739, 1752, 4.380, 175.15, -4.50, 4.380, 175.15, -4.50, 0.000, 335.87, -0.04);
insert into SHOT values (3731, 3739, 3740, 1752, 7.740, 67.05, 15.40, 7.740, 67.05, 15.40, 0.000, 349.95, -0.00);
insert into SHOT values (3732, 3739, 3741, 1752, 3.530, 214.45, 5.90, 3.530, 214.45, 5.90, 0.000, 2.34, 0.00);
insert into SHOT values (3733, 3739, 3742, 1752, 4.350, 176.75, 3.40, 4.350, 176.75, 3.40, 0.000, 175.08, 0.01);
insert into SHOT values (3734, 3739, 3743, 1752, 7.440, 110.65, 5.20, 7.440, 110.65, 5.20, 0.000, 4.79, 0.03);
insert into SHOT values (3735, 3739, 3744, 1752, 17.810, 32.75, 12.90, 17.810, 32.75, 12.90, 0.000, 169.48, 0.02);
insert into SHOT values (3736, 3739, 3745, 1752, 19.190, 311.75, 12.50, 19.190, 311.75, 12.50, 0.000, 101.58, -0.05);
insert into SHOT values (3737, 3739, 3746, 1752, 23.580, 302.15, 10.00, 23.580, 302.15, 10.00, 0.000, 231.01, 0.03);
insert into SHOT values (3738, 3739, 3747, 1752, 21.560, 279.25, 3.50, 21.560, 279.25, 3.50, 0.000, 0.73, 0.01);
insert into SHOT values (3739, 3739, 3748, 1752, 10.220, 256.15, 5.60, 10.220, 256.15, 5.60, 0.000, 182.62, -0.00);
insert into SHOT values (3740, 3739, 3749, 1752, 2.610, 74.45, 76.80, 2.610, 74.45, 76.80, 0.000, 21.69, 0.28);
insert into SHOT values (3741, 3739, 3750, 1752, 0.950, 40.95, -82.40, 0.950, 40.95, -82.40, 0.000, 185.42, 0.01);
insert into SHOT values (3742, 3739, 3751, 1752, 30.750, 145.85, -18.00, 30.750, 145.85, -18.00, 0.000, 5.46, -0.00);
insert into SHOT values (3743, 3751, 3752, 1752, 19.070, 291.25, 7.70, 19.070, 291.25, 7.70, 0.000, 356.02, -0.01);
insert into SHOT values (3744, 3751, 3753, 1752, 23.210, 358.05, 14.10, 23.210, 358.05, 14.10, 0.000, 13.62, -0.01);
insert into SHOT values (3745, 3751, 3754, 1752, 30.300, 23.45, 8.00, 30.300, 23.45, 8.00, 0.000, 327.42, -0.03);
insert into SHOT values (3746, 3751, 3755, 1752, 17.690, 80.55, 8.00, 17.690, 80.55, 8.00, 0.000, 351.34, 0.00);
insert into SHOT values (3747, 3751, 3756, 1752, 9.460, 145.85, -3.80, 9.460, 145.85, -3.80, 0.000, 15.51, 0.00);
insert into SHOT values (3748, 3751, 3757, 1752, 10.420, 189.75, 0.60, 10.420, 189.75, 0.60, 0.000, 8.54, -0.01);
insert into SHOT values (3749, 3751, 3758, 1752, 15.700, 247.85, 1.80, 15.700, 247.85, 1.80, 0.000, 353.65, 0.02);
insert into SHOT values (3750, 3751, 3759, 1752, 7.090, 296.35, 78.30, 7.090, 296.35, 78.30, 0.000, 3.02, 0.06);
insert into SHOT values (3751, 3751, 3760, 1752, 2.090, 226.75, -71.20, 2.090, 226.75, -71.20, 0.000, 178.35, -0.00);
insert into SHOT values (3752, 3751, 3761, 1752, 7.660, 225.65, -1.10, 7.660, 225.65, -1.10, 0.000, 177.63, -0.00);
insert into SHOT values (3753, 3761, 3762, 1752, 8.390, 126.55, -2.50, 8.390, 126.55, -2.50, 0.000, 353.86, -0.02);
insert into SHOT values (3754, 3761, 3763, 1752, 6.270, 201.35, -1.80, 6.270, 201.35, -1.80, 0.000, 147.78, 0.02);
insert into SHOT values (3755, 3761, 3764, 1752, 9.570, 276.15, 4.80, 9.570, 276.15, 4.80, 0.000, 181.41, 0.00);
insert into SHOT values (3756, 3761, 3765, 1752, 21.230, 321.45, 4.90, 21.230, 321.45, 4.90, 0.000, 356.94, -0.00);
insert into SHOT values (3757, 3761, 3766, 1752, 4.700, 276.15, 84.90, 4.700, 276.15, 84.90, 0.000, 2.13, 0.01);
insert into SHOT values (3758, 3761, 3767, 1752, 1.170, 111.55, -85.60, 1.170, 111.55, -85.60, 0.000, 179.29, 0.01);
insert into SHOT values (3759, 3761, 3768, 1752, 23.950, 214.75, -14.80, 23.950, 214.75, -14.80, 0.000, 186.21, -0.00);
insert into SHOT values (3760, 3768, 3769, 1752, 2.690, 316.95, 2.00, 2.690, 316.95, 2.00, 0.000, 7.33, -0.00);
insert into SHOT values (3761, 3768, 3770, 1752, 3.950, 183.55, 4.10, 3.950, 183.55, 4.10, 0.000, 348.37, 0.15);
insert into SHOT values (3762, 3768, 3771, 1752, 6.750, 113.05, 4.50, 6.750, 113.05, 4.50, 0.000, 188.00, -0.00);
insert into SHOT values (3763, 3768, 3772, 1752, 5.820, 49.45, 1.50, 5.820, 49.45, 1.50, 0.000, 2.46, 0.02);
insert into SHOT values (3764, 3768, 3773, 1752, 8.930, 12.35, 4.30, 8.930, 12.35, 4.30, 0.000, 178.27, 0.01);
insert into SHOT values (3765, 3768, 3774, 1752, 2.980, 326.35, 1.30, 2.980, 326.35, 1.30, 0.000, 190.37, -0.00);
insert into SHOT values (3766, 3768, 3775, 1752, 1.590, 83.15, 76.30, 1.590, 83.15, 76.30, 0.000, 357.09, 0.00);
insert into SHOT values (3767, 3768, 3776, 1752, 1.390, 312.05, -71.30, 1.390, 312.05, -71.30, 0.000, 357.93, -0.02);
insert into SHOT values (3768, 3751, 3777, 1752, 25.270, 69.15, -1.60, 25.270, 69.15, -1.60, 0.000, 174.75, 0.00);
insert into SHOT values (3769, 3777, 3778, 1752, 23.210, 339.15, 16.60, 23.210, 339.15, 16.60, 0.000, 1.28, 0.00);
insert into SHOT values (3770, 3777, 3779, 1752, 8.570, 144.95, 11.90, 8.570, 144.95, 11.90, 0.000, 349.70, 0.00);
insert into SHOT values (3771, 3777, 3780, 1752, 13.470, 357.85, 68.60, 13.470, 357.85, 68.60, 0.000, 334.50, 0.02);
insert into SHOT values (3772, 3777, 3781, 1752, 0.980, 88.25, -76.60, 0.980, 88.25, -76.60, 0.000, 358.11, 0.01);
insert into SHOT values (3773, 3777, 3782, 1752, 23.620, 299.05, 9.30, 23.620, 299.05, 9.30, 0.000, 204.57, 0.01);
insert into SHOT values (3774, 3777, 3783, 1752, 24.710, 230.85, 5.20, 24.710, 230.85, 5.20, 0.000, 353.49, 0.00);
insert into SHOT values (3775, 3777, 3784, 1752, 27.240, 64.65, -14.20, 27.240, 64.65, -14.20, 0.000, 357.87, -0.03);
insert into SHOT values (3776, 3784, 3785, 1752, 35.680, 151.75, 11.70, 35.680, 151.75, 11.70, 0.000, 38.11, 0.03);
insert into SHOT values (3777, 3784, 3786, 1752, 29.670, 340.75, 15.70, 29.670, 340.75, 15.70, 0.000, 190.36, -0.01);
insert into SHOT values (3778, 3784, 3787, 1752, 35.580, 300.15, 17.20, 35.580, 300.15, 17.20, 0.000, 27.60, -0.01);
insert into SHOT values (3779, 3784, 3788, 1752, 31.640, 172.35, 19.60, 31.640, 172.35, 19.60, 0.000, 11.67, 0.00);
insert into SHOT values (3780, 3784, 3789, 1752, 30.740, 231.95, 15.00, 30.740, 231.95, 15.00, 0.000, 178.45, 0.00);
insert into SHOT values (3781, 3784, 3790, 1752, 32.280, 173.25, 85.10, 32.280, 173.25, 85.10, 0.000, 50.83, 0.13);
insert into SHOT values (3782, 3784, 3791, 1752, 0.990, 122.85, -78.00, 0.990, 122.85, -78.00, 0.000, 199.65, 0.01);
insert into SHOT values (3783, 3784, 3792, 1752, 13.300, 67.15, -23.70, 13.300, 67.15, -23.70, 0.000, 182.75, -0.00);
insert into SHOT values (3784, 3792, 3793, 1752, 40.930, 138.35, 12.10, 40.930, 138.35, 12.10, 0.000, 5.60, 0.00);
insert into SHOT values (3785, 3792, 3794, 1752, 32.390, 178.75, 22.30, 32.390, 178.75, 22.30, 0.000, 188.43, -0.00);
insert into SHOT values (3786, 3792, 3795, 1752, 39.080, 224.95, 21.90, 39.080, 224.95, 21.90, 0.000, 348.50, 0.01);
insert into SHOT values (3787, 3792, 3796, 1752, 34.680, 105.85, 82.00, 34.680, 105.85, 82.00, 0.000, 201.44, 0.01);
insert into SHOT values (3788, 3792, 3797, 1752, 1.130, 69.85, -69.30, 1.130, 69.85, -69.30, 0.000, 171.04, 0.00);
insert into SHOT values (3789, 3792, 3798, 1752, 18.650, 42.05, 7.40, 18.650, 42.05, 7.40, 0.000, 228.17, 0.02);
insert into SHOT values (3790, 3798, 3799, 1752, 25.400, 57.25, 2.50, 25.400, 57.25, 2.50, 0.000, 168.33, 0.01);
insert into SHOT values (3791, 3798, 3800, 1752, 21.910, 346.65, 87.00, 21.910, 346.65, 87.00, 0.000, 5.20, 0.00);
insert into SHOT values (3792, 3798, 3801, 1752, 1.990, 173.45, -61.80, 1.990, 173.45, -61.80, 0.000, 177.53, -0.00);
insert into SHOT values (3793, 3798, 3802, 1752, 20.270, 89.85, -0.00, 20.270, 89.85, 0.00, 0.000, 66.55, 0.00);
insert into SHOT values (3794, 3802, 3803, 1752, 13.380, 78.75, 6.80, 13.380, 78.75, 6.80, 0.000, 6.85, 0.04);
insert into SHOT values (3795, 3802, 3804, 1752, 36.110, 312.65, 6.40, 36.110, 312.65, 6.40, 0.000, 352.28, 0.00);
insert into SHOT values (3796, 3802, 3805, 1752, 24.800, 343.25, 4.30, 24.800, 343.25, 4.30, 0.000, 181.68, 0.00);
insert into SHOT values (3797, 3802, 3806, 1752, 16.550, 280.45, 84.20, 16.550, 280.45, 84.20, 0.000, 129.11, -0.03);
insert into SHOT values (3798, 3802, 3807, 1752, 2.360, 145.95, -78.50, 2.360, 145.95, -78.50, 0.000, 173.04, 0.01);
insert into SHOT values (3799, 3802, 3808, 1752, 16.790, 342.05, -4.30, 16.790, 342.05, -4.30, 0.000, 165.90, 0.00);
insert into SHOT values (3800, 3808, 3809, 1752, 13.050, 321.95, 4.30, 13.050, 321.95, 4.30, 0.000, 233.85, 0.07);
insert into SHOT values (3801, 3808, 3810, 1752, 11.340, 23.65, 3.20, 11.340, 23.65, 3.20, 0.000, 159.90, 0.01);
insert into SHOT values (3802, 3808, 3811, 1752, 7.730, 96.95, -1.20, 7.730, 96.95, -1.20, 0.000, 185.49, 0.00);
insert into SHOT values (3803, 3808, 3812, 1752, 8.600, 110.85, 3.60, 8.600, 110.85, 3.60, 0.000, 187.44, 0.00);
insert into SHOT values (3804, 3808, 3813, 1752, 7.360, 126.75, 79.90, 7.360, 126.75, 79.90, 0.000, 173.67, 0.00);
insert into SHOT values (3805, 3808, 3814, 1752, 26.310, 222.55, 60.10, 26.310, 222.55, 60.10, 0.000, 184.05, 0.00);
insert into SHOT values (3806, 3808, 3815, 1752, 1.300, 104.75, -81.90, 1.300, 104.75, -81.90, 0.000, 317.15, -0.04);
insert into SHOT values (3807, 3798, 3816, 1752, 30.970, 106.15, 1.60, 30.970, 106.15, 1.60, 0.000, 177.12, -0.00);
insert into SHOT values (3808, 3816, 3817, 1752, 11.040, 26.55, 3.20, 11.040, 26.55, 3.20, 0.000, 4.94, -0.01);
insert into SHOT values (3809, 3816, 3818, 1752, 14.730, 82.95, 4.70, 14.730, 82.95, 4.70, 0.000, 170.22, -0.01);
insert into SHOT values (3810, 3816, 3819, 1752, 13.430, 142.85, 5.00, 13.430, 142.85, 5.00, 0.000, 297.25, 0.00);
insert into SHOT values (3811, 3816, 3820, 1752, 24.960, 185.65, 5.70, 24.960, 185.65, 5.70, 0.000, 305.45, 0.07);
insert into SHOT values (3812, 3816, 3821, 1752, 13.930, 343.95, 85.20, 13.930, 343.95, 85.20, 0.000, 353.72, -0.00);
insert into SHOT values (3813, 3816, 3822, 1752, 2.120, 98.65, -79.90, 2.120, 98.65, -79.90, 0.000, 196.45, 0.03);
insert into SHOT values (3814, 3816, 3823, 1752, 12.240, 136.55, -14.30, 12.240, 136.55, -14.30, 0.000, 0.08, 0.01);
insert into SHOT values (3815, 3823, 3824, 1752, 16.300, 10.05, 9.00, 16.300, 10.05, 9.00, 0.000, 160.88, 0.00);
insert into SHOT values (3816, 3823, 3825, 1752, 13.320, 62.75, 6.10, 13.320, 62.75, 6.10, 0.000, 346.27, -0.05);
insert into SHOT values (3817, 3823, 3826, 1752, 3.670, 148.45, 4.10, 3.670, 148.45, 4.10, 0.000, 356.37, -0.01);
insert into SHOT values (3818, 3823, 3827, 1752, 3.870, 211.25, -0.40, 3.870, 211.25, -0.40, 0.000, 165.55, -0.01);
insert into SHOT values (3819, 3823, 3828, 1752, 0.810, 130.85, -80.60, 0.810, 130.85, -80.60, 0.000, 176.94, 0.01);
insert into SHOT values (3820, 3823, 3829, 1752, 34.690, 88.35, 1.00, 34.690, 88.35, 1.00, 0.000, 2.30, -0.00);
insert into SHOT values (3821, 3808, 3830, 1752, 13.080, 65.25, 1.80, 13.080, 65.25, 1.80, 0.000, 185.39, 0.01);
insert into SHOT values (3822, 3830, 3831, 1752, 8.750, 318.55, 2.50, 8.750, 318.55, 2.50, 0.000, 191.55, -0.01);
insert into SHOT values (3823, 3830, 3832, 1752, 16.620, 110.15, 6.30, 16.620, 110.15, 6.30, 0.000, 172.84, -0.00);
insert into SHOT values (3824, 3830, 3833, 1752, 8.890, 155.95, 10.70, 8.890, 155.95, 10.70, 0.000, 172.25, 0.00);
insert into SHOT values (3825, 3830, 3834, 1752, 17.800, 290.65, 3.50, 17.800, 290.65, 3.50, 0.000, 356.23, -0.01);
insert into SHOT values (3826, 3830, 3835, 1752, 16.710, 257.85, 2.50, 16.710, 257.85, 2.50, 0.000, 173.63, 0.00);
insert into SHOT values (3827, 3830, 3836, 1752, 4.300, 339.75, 82.70, 4.300, 339.75, 82.70, 0.000, 1.70, -0.02);
insert into SHOT values (3828, 3830, 3837, 1752, 1.750, 9.95, -67.90, 1.750, 9.95, -67.90, 0.000, 0.37, -0.00);
insert into SHOT values (3829, 3830, 3838, 1752, 21.030, 25.45, 4.30, 21.030, 25.45, 4.30, 0.000, 200.36, -0.03);
insert into SHOT values (3830, 3838, 3839, 1752, 9.450, 301.75, -2.80, 9.450, 301.75, -2.80, 0.000, 6.25, 0.00);
insert into SHOT values (3831, 3838, 3840, 1752, 19.410, 92.85, 2.10, 19.410, 92.85, 2.10, 0.000, 189.87, 0.04);
insert into SHOT values (3832, 3838, 3841, 1752, 24.800, 176.75, -0.90, 24.800, 176.75, -0.90, 0.000, 5.41, 0.00);
insert into SHOT values (3833, 3838, 3842, 1752, 3.320, 84.25, 83.10, 3.320, 84.25, 83.10, 0.000, 199.72, 0.02);
insert into SHOT values (3834, 3838, 3843, 1752, 0.910, 19.05, -69.60, 0.910, 19.05, -69.60, 0.000, 182.76, -0.01);
insert into SHOT values (3835, 3838, 3844, 1752, 6.260, 86.55, 9.30, 6.260, 86.55, 9.30, 0.000, 9.33, -0.01);
insert into SHOT values (3836, 3844, 3845, 1752, 18.200, 270.15, -0.30, 18.200, 270.15, -0.30, 0.000, 167.45, -0.01);
insert into SHOT values (3837, 3844, 3846, 1752, 8.670, 343.95, -1.60, 8.670, 343.95, -1.60, 0.000, 172.83, 0.01);
insert into SHOT values (3838, 3844, 3847, 1752, 17.530, 30.65, 3.70, 17.530, 30.65, 3.70, 0.000, 165.64, 0.01);
insert into SHOT values (3839, 3844, 3848, 1752, 19.030, 81.05, 11.20, 19.030, 81.05, 11.20, 0.000, 177.76, -0.00);
insert into SHOT values (3840, 3844, 3849, 1752, 17.230, 144.45, -0.10, 17.230, 144.45, -0.10, 0.000, 174.31, 0.00);
insert into SHOT values (3841, 3844, 3850, 1752, 24.870, 181.85, -4.50, 24.870, 181.85, -4.50, 0.000, 344.69, -0.02);
insert into SHOT values (3842, 3844, 3851, 1752, 27.300, 198.75, -4.10, 27.300, 198.75, -4.10, 0.000, 178.44, 0.01);
insert into SHOT values (3843, 3844, 3852, 1752, 5.010, 172.55, 70.10, 5.010, 172.55, 70.10, 0.000, 355.99, -0.00);
insert into SHOT values (3844, 3844, 3853, 1752, 2.890, 12.75, -53.10, 2.890, 12.75, -53.10, 0.000, 11.98, -0.00);
insert into SHOT values (3845, 3844, 3854, 1752, 27.180, 132.75, -1.70, 27.180, 132.75, -1.70, 0.000, 24.19, -0.00);
insert into SHOT values (3846, 3854, 3855, 1752, 9.050, 60.15, 21.40, 9.050, 60.15, 21.40, 0.000, 169.43, 0.00);
insert into SHOT values (3847, 3854, 3856, 1752, 14.560, 9.05, 15.20, 14.560, 9.05, 15.20, 0.000, 172.74, -0.01);
insert into SHOT values (3848, 3854, 3857, 1752, 9.570, 297.05, 6.40, 9.570, 297.05, 6.40, 0.000, 2.44, 0.00);
insert into SHOT values (3849, 3854, 3858, 1752, 5.780, 198.05, 7.00, 5.780, 198.05, 7.00, 0.000, 183.15, -0.01);
insert into SHOT values (3850, 3854, 3859, 1752, 6.960, 150.25, 4.70, 6.960, 150.25, 4.70, 0.000, 3.74, 0.00);
insert into SHOT values (3851, 3854, 3860, 1752, 15.640, 99.25, 14.00, 15.640, 99.25, 14.00, 0.000, 2.61, 0.00);
insert into SHOT values (3852, 3854, 3861, 1752, 4.360, 41.85, 54.00, 4.360, 41.85, 54.00, 0.000, 16.58, -0.01);
insert into SHOT values (3853, 3854, 3862, 1752, 1.740, 179.25, -74.00, 1.740, 179.25, -74.00, 0.000, 177.36, -0.00);
insert into SHOT values (3854, 3854, 3863, 1752, 14.920, 117.45, 12.20, 14.920, 117.45, 12.20, 0.000, 14.99, 0.00);
insert into SHOT values (3855, 3863, 3864, 1752, 11.020, 235.95, -14.20, 11.020, 235.95, -14.20, 0.000, 307.06, -0.03);
insert into SHOT values (3856, 3863, 3865, 1752, 5.260, 42.35, -13.20, 5.260, 42.35, -13.20, 0.000, 350.53, 0.01);
insert into SHOT values (3857, 3863, 3866, 1752, 13.840, 143.15, -12.10, 13.840, 143.15, -12.10, 0.000, 165.75, 0.01);
insert into SHOT values (3858, 3863, 3867, 1752, 14.970, 180.15, -12.20, 14.970, 180.15, -12.20, 0.000, 235.56, -0.00);
insert into SHOT values (3859, 3863, 3868, 1752, 7.160, 341.75, -3.90, 7.160, 341.75, -3.90, 0.000, 183.18, 0.00);
insert into SHOT values (3860, 3863, 3869, 1752, 2.710, 183.25, 87.90, 2.710, 183.25, 87.90, 0.000, 188.51, -0.01);
insert into SHOT values (3861, 3863, 3870, 1752, 0.940, 42.05, -85.00, 0.940, 42.05, -85.00, 0.000, 186.27, 0.01);
insert into SHOT values (3862, 3863, 3871, 1752, 14.470, 154.85, -11.20, 14.470, 154.85, -11.20, 0.000, 90.79, 0.07);
insert into SHOT values (3863, 3844, 3872, 1752, 11.700, 28.25, 1.20, 11.700, 28.25, 1.20, 0.000, 2.12, -0.00);
insert into SHOT values (3864, 3872, 3873, 1752, 6.780, 66.25, 2.10, 6.780, 66.25, 2.10, 0.000, 7.57, 0.00);
insert into SHOT values (3865, 3872, 3874, 1752, 4.290, 241.85, -4.60, 4.290, 241.85, -4.60, 0.000, 182.87, 0.01);
insert into SHOT values (3866, 3872, 3875, 1752, 8.200, 315.45, -1.00, 8.200, 315.45, -1.00, 0.000, 202.49, 0.01);
insert into SHOT values (3867, 3872, 3876, 1752, 10.900, 5.95, -3.60, 10.900, 5.95, -3.60, 0.000, 5.83, -0.00);
insert into SHOT values (3868, 3872, 3877, 1752, 16.340, 123.25, 7.90, 16.340, 123.25, 7.90, 0.000, 3.14, -0.03);
insert into SHOT values (3869, 3872, 3878, 1752, 23.500, 173.15, 0.60, 23.500, 173.15, 0.60, 0.000, 8.06, 0.00);
insert into SHOT values (3870, 3872, 3879, 1752, 13.200, 204.95, 0.50, 13.200, 204.95, 0.50, 0.000, 359.46, 0.00);
insert into SHOT values (3871, 3872, 3880, 1752, 11.790, 225.75, -9.20, 11.790, 225.75, -9.20, 0.000, 171.36, 0.01);
insert into SHOT values (3872, 3872, 3881, 1752, 1.650, 59.45, 84.20, 1.650, 59.45, 84.20, 0.000, 182.62, -0.00);
insert into SHOT values (3873, 3872, 3882, 1752, 1.820, 137.15, -82.00, 1.820, 137.15, -82.00, 0.000, 4.53, 0.00);
insert into SHOT values (3874, 3872, 3883, 1752, 15.190, 336.75, -2.90, 15.190, 336.75, -2.90, 0.000, 358.51, 0.00);
insert into SHOT values (3875, 3883, 3884, 1752, 4.970, 78.05, 4.80, 4.970, 78.05, 4.80, 0.000, 14.58, -0.00);
insert into SHOT values (3876, 3883, 3885, 1752, 4.310, 261.75, 8.30, 4.310, 261.75, 8.30, 0.000, 8.61, 0.00);
insert into SHOT values (3877, 3883, 3886, 1752, 5.090, 359.05, 4.00, 5.090, 359.05, 4.00, 0.000, 177.65, -0.00);
insert into SHOT values (3878, 3883, 3887, 1752, 8.230, 114.95, 2.80, 8.230, 114.95, 2.80, 0.000, 182.43, 0.00);
insert into SHOT values (3879, 3883, 3888, 1752, 4.450, 202.05, 9.20, 4.450, 202.05, 9.20, 0.000, 259.92, -0.06);
insert into SHOT values (3880, 3883, 3889, 1752, 1.450, 127.15, 82.90, 1.450, 127.15, 82.90, 0.000, 174.37, -0.00);
insert into SHOT values (3881, 3883, 3890, 1752, 0.680, 14.85, -77.80, 0.680, 14.85, -77.80, 0.000, 359.83, 0.00);
insert into SHOT values (3882, 3883, 3891, 1752, 4.620, 314.15, 5.50, 4.620, 314.15, 5.50, 0.000, 354.69, -0.00);
insert into SHOT values (3883, 3883, 3892, 1752, 4.580, 306.35, 6.50, 4.580, 306.35, 6.50, 0.000, 7.30, -0.00);
insert into SCRAPS values (1754, 1748, 'SP-Entree-00-1', 1, 0.26008, 0.02373);
 insert into SCRAPS values (1802, 1748, 'SP-Entree-00-2', 1, 0.05682, 0.00728);
 insert into SCRAPS values (1858, 1748, 'SP-Entree-00-3', 1, 0.07620, 0.01274);
 insert into SCRAPS values (1893, 1748, 'SC-Entree-00-1', 2, 100.00000, 5.74191);
 insert into SCRAPS values (1914, 1748, 'SC-Entree-00-2', 2, 22.39237, 0.12258);
 insert into SCRAPS values (1936, 1748, 'SC-Entree-00-3', 2, 86.01040, 11.24770);
 insert into MAPS values (1952, 1748, 'MP-Entree_00', 'Grotte du lac entree 00', 1, 520.210, -38.502);
 insert into MAPITEMS values (1952, 4, 1754);
 insert into MAPITEMS values (1952, 4, 1802);
 insert into MAPITEMS values (1952, 4, 1858);
 insert into MAPS values (1953, 1748, 'MC-Entree_00', 'Grotte du lac entree 00 Coupe', 2, 520.210, -38.502);
 insert into MAPITEMS values (1953, 4, 1893);
 insert into MAPITEMS values (1953, 4, 1914);
 insert into MAPITEMS values (1953, 4, 1936);
 insert into SURVEY values (1955, 1746, 'Entree_01', 'Entree_01.Grotte_du_lac.Koytendag', 'Grotte du lac Entree 01');
 insert into CENTRELINE values (1956, 1955, NULL, NULL, NULL, 0.00, 0.00, 0.00);
 insert into SURVEY values (1957, 1955, 'Grotte_du_lac_01', 'Grotte_du_lac_01.Entree_01.Grotte_du_lac.Koytendag', 'Grotte du lac 01');
 insert into CENTRELINE values (1958, 1957, NULL, NULL, NULL, 0.00, 0.00, 0.00);
 insert into CENTRELINE values (1959, 1957, NULL, '2024-04-23', NULL, 137.97, 0.00, 0.00);
 insert into TOPO values (12, 1959);
 insert into TOPO values (10, 1959);
 insert into TOPO values (9, 1959);
 insert into TOPO values (7, 1959);
 insert into SHOT values (3884, 3893, 3894, 1959, 4.060, 308.65, -6.30, 4.060, 308.65, -6.30, 0.000, 191.76, 0.00);
insert into SHOT values (3885, 3893, 3895, 1959, 6.740, 12.55, -0.50, 6.740, 12.55, -0.50, 0.000, 190.05, 0.02);
insert into SHOT values (3886, 3893, 3896, 1959, 7.810, 251.85, -6.00, 7.810, 251.85, -6.00, 0.000, 338.88, -0.01);
insert into SHOT values (3887, 3893, 3897, 1959, 0.960, 111.75, -1.10, 0.960, 111.75, -1.10, 0.000, 174.84, 0.01);
insert into SHOT values (3888, 3893, 3898, 1959, 3.860, 51.75, -2.40, 3.860, 51.75, -2.40, 0.000, 166.23, -0.02);
insert into SHOT values (3889, 3893, 3899, 1959, 2.890, 210.35, -1.30, 2.890, 210.35, -1.30, 0.000, 28.22, 0.01);
insert into SHOT values (3890, 3893, 3900, 1959, 8.260, 315.35, -45.50, 8.260, 315.35, -45.50, 0.000, 1.94, 0.00);
insert into SHOT values (3891, 3900, 3901, 1959, 3.040, 20.15, -0.30, 3.040, 20.15, -0.30, 0.000, 358.93, 0.01);
insert into SHOT values (3892, 3900, 3902, 1959, 1.730, 122.55, 4.20, 1.730, 122.55, 4.20, 0.000, 178.06, 0.01);
insert into SHOT values (3893, 3900, 3903, 1959, 3.410, 191.05, 12.90, 3.410, 191.05, 12.90, 0.000, 168.89, -0.01);
insert into SHOT values (3894, 3900, 3904, 1959, 2.410, 285.65, -6.00, 2.410, 285.65, -6.00, 0.000, 348.20, -0.00);
insert into SHOT values (3895, 3900, 3905, 1959, 1.650, 341.85, -1.80, 1.650, 341.85, -1.80, 0.000, 184.33, -0.00);
insert into SHOT values (3896, 3900, 3906, 1959, 1.770, 285.95, 69.00, 1.770, 285.95, 69.00, 0.000, 5.85, -0.01);
insert into SHOT values (3897, 3900, 3907, 1959, 3.280, 296.75, -68.80, 3.280, 296.75, -68.80, 0.000, 208.38, 0.00);
insert into SHOT values (3898, 3900, 3908, 1959, 6.580, 306.85, -40.80, 6.580, 306.85, -40.80, 0.000, 3.54, -0.00);
insert into SHOT values (3899, 3908, 3909, 1959, 0.610, 285.25, -10.60, 0.610, 285.25, -10.60, 0.000, 174.75, 0.01);
insert into SHOT values (3900, 3908, 3910, 1959, 1.860, 21.25, -0.20, 1.860, 21.25, -0.20, 0.000, 351.84, -0.01);
insert into SHOT values (3901, 3908, 3911, 1959, 5.600, 54.75, 2.30, 5.600, 54.75, 2.30, 0.000, 2.34, 0.01);
insert into SHOT values (3902, 3908, 3912, 1959, 6.210, 75.75, -0.60, 6.210, 75.75, -0.60, 0.000, 173.82, -0.01);
insert into SHOT values (3903, 3908, 3913, 1959, 2.400, 135.45, 0.90, 2.400, 135.45, 0.90, 0.000, 332.93, 0.01);
insert into SHOT values (3904, 3908, 3914, 1959, 1.690, 166.45, 1.70, 1.690, 166.45, 1.70, 0.000, 279.72, 0.06);
insert into SHOT values (3905, 3908, 3915, 1959, 1.080, 33.55, 81.30, 1.080, 33.55, 81.30, 0.000, 342.21, 0.01);
insert into SHOT values (3906, 3908, 3916, 1959, 2.900, 71.65, 38.80, 2.900, 71.65, 38.80, 0.000, 8.83, 0.00);
insert into SHOT values (3907, 3908, 3917, 1959, 1.310, 154.65, -75.50, 1.310, 154.65, -75.50, 0.000, 9.31, 0.01);
insert into SHOT values (3908, 3908, 3918, 1959, 10.370, 14.95, -33.10, 10.370, 14.95, -33.10, 0.000, 10.55, -0.02);
insert into SHOT values (3909, 3918, 3919, 1959, 6.630, 331.45, -9.80, 6.630, 331.45, -9.80, 0.000, 181.48, 0.01);
insert into SHOT values (3910, 3918, 3920, 1959, 12.860, 305.85, -9.50, 12.860, 305.85, -9.50, 0.000, 173.55, 0.01);
insert into SHOT values (3911, 3918, 3921, 1959, 20.090, 271.65, -9.00, 20.090, 271.65, -9.00, 0.000, 348.57, -0.00);
insert into SHOT values (3912, 3918, 3922, 1959, 22.780, 231.45, -2.60, 22.780, 231.45, -2.60, 0.000, 0.14, -0.00);
insert into SHOT values (3913, 3918, 3923, 1959, 6.060, 216.25, 1.50, 6.060, 216.25, 1.50, 0.000, 190.50, -0.01);
insert into SHOT values (3914, 3918, 3924, 1959, 2.830, 171.55, 0.90, 2.830, 171.55, 0.90, 0.000, 187.35, -0.00);
insert into SHOT values (3915, 3918, 3925, 1959, 4.380, 111.95, 14.50, 4.380, 111.95, 14.50, 0.000, 7.27, 0.00);
insert into SHOT values (3916, 3918, 3926, 1959, 10.360, 56.65, 2.20, 10.360, 56.65, 2.20, 0.000, 6.28, 0.03);
insert into SHOT values (3917, 3918, 3927, 1959, 22.690, 76.45, 1.50, 22.690, 76.45, 1.50, 0.000, 353.83, 0.01);
insert into SHOT values (3918, 3918, 3928, 1959, 1.590, 310.35, 78.70, 1.590, 310.35, 78.70, 0.000, 146.97, -0.02);
insert into SHOT values (3919, 3918, 3929, 1959, 2.160, 321.85, -65.20, 2.160, 321.85, -65.20, 0.000, 185.85, -0.00);
insert into SHOT values (3920, 3918, 3930, 1959, 12.100, 52.35, -13.00, 12.100, 52.35, -13.00, 0.000, 130.79, 0.04);
insert into SHOT values (3921, 3930, 3931, 1959, 0.850, 348.75, -3.20, 0.850, 348.75, -3.20, 0.000, 182.15, 0.00);
insert into SHOT values (3922, 3930, 3932, 1959, 7.180, 164.65, 29.70, 7.180, 164.65, 29.70, 0.000, 6.48, 0.01);
insert into SHOT values (3923, 3930, 3933, 1959, 8.800, 81.35, 2.70, 8.800, 81.35, 2.70, 0.000, 356.94, -0.00);
insert into SHOT values (3924, 3930, 3934, 1959, 8.980, 263.05, 3.90, 8.980, 263.05, 3.90, 0.000, 0.41, 0.00);
insert into SHOT values (3925, 3930, 3935, 1959, 4.420, 110.25, 65.80, 4.420, 110.25, 65.80, 0.000, 359.98, 0.00);
insert into SHOT values (3926, 3930, 3936, 1959, 1.600, 125.65, -66.60, 1.600, 125.65, -66.60, 0.000, 168.15, -0.01);
insert into SHOT values (3927, 3930, 3937, 1959, 13.250, 81.25, -2.80, 13.250, 81.25, -2.80, 0.000, 188.83, 0.00);
insert into SHOT values (3928, 3937, 3938, 1959, 0.690, 179.55, 5.90, 0.690, 179.55, 5.90, 0.000, 190.52, 0.01);
insert into SHOT values (3929, 3937, 3939, 1959, 0.780, 327.05, 8.60, 0.780, 327.05, 8.60, 0.000, 355.81, -0.01);
insert into SHOT values (3930, 3937, 3940, 1959, 0.640, 135.15, 78.30, 0.640, 135.15, 78.30, 0.000, 189.01, -0.00);
insert into SHOT values (3931, 3937, 3941, 1959, 1.510, 133.95, -87.10, 1.510, 133.95, -87.10, 0.000, 186.85, 0.00);
insert into SHOT values (3932, 3918, 3942, 1959, 8.090, 298.95, -17.00, 8.090, 298.95, -17.00, 0.000, 350.01, 0.00);
insert into SHOT values (3933, 3942, 3943, 1959, 10.170, 187.65, 2.50, 10.170, 187.65, 2.50, 0.000, 177.03, -0.00);
insert into SHOT values (3934, 3942, 3944, 1959, 4.640, 331.15, -2.90, 4.640, 331.15, -2.90, 0.000, 187.90, -0.01);
insert into SHOT values (3935, 3942, 3945, 1959, 20.890, 257.55, -10.10, 20.890, 257.55, -10.10, 0.000, 188.54, -0.00);
insert into SHOT values (3936, 3942, 3946, 1959, 20.530, 183.15, 13.70, 20.530, 183.15, 13.70, 0.000, 359.95, -0.01);
insert into SHOT values (3937, 3942, 3947, 1959, 2.020, 195.85, 71.90, 2.020, 195.85, 71.90, 0.000, 235.19, -0.04);
insert into SHOT values (3938, 3942, 3948, 1959, 2.290, 283.75, -60.30, 2.290, 283.75, -60.30, 0.000, 139.55, 0.06);
insert into SHOT values (3939, 3942, 3949, 1959, 17.280, 241.65, -19.80, 17.280, 241.65, -19.80, 0.000, 7.57, 0.01);
insert into SHOT values (3940, 3949, 3950, 1959, 13.990, 158.15, 10.00, 13.990, 158.15, 10.00, 0.000, 354.67, -0.01);
insert into SHOT values (3941, 3949, 3951, 1959, 24.030, 206.45, 7.20, 24.030, 206.45, 7.20, 0.000, 188.90, -0.00);
insert into SHOT values (3942, 3949, 3952, 1959, 30.680, 229.45, -8.60, 30.680, 229.45, -8.60, 0.000, 158.95, 0.01);
insert into SHOT values (3943, 3949, 3953, 1959, 12.240, 303.65, -16.20, 12.240, 303.65, -16.20, 0.000, 195.70, 0.02);
insert into SHOT values (3944, 3949, 3954, 1959, 8.960, 356.45, -0.60, 8.960, 356.45, -0.60, 0.000, 176.70, 0.00);
insert into SHOT values (3945, 3949, 3955, 1959, 21.800, 64.65, 19.00, 21.800, 64.65, 19.00, 0.000, 165.52, 0.00);
insert into SHOT values (3946, 3949, 3956, 1959, 21.670, 123.45, 31.80, 21.670, 123.45, 31.80, 0.000, 295.33, 0.05);
insert into SHOT values (3947, 3949, 3957, 1959, 19.690, 177.55, 19.20, 19.690, 177.55, 19.20, 0.000, 338.40, -0.02);
insert into SHOT values (3948, 3949, 3958, 1959, 5.820, 201.35, 82.10, 5.820, 201.35, 82.10, 0.000, 303.26, -0.01);
insert into SHOT values (3949, 3949, 3959, 1959, 3.200, 192.45, -75.90, 3.200, 192.45, -75.90, 0.000, 184.00, 0.01);
insert into SHOT values (3950, 3949, 3960, 1959, 12.570, 268.05, -16.90, 12.570, 268.05, -16.90, 0.000, 337.21, -0.01);
insert into SHOT values (3951, 3960, 3961, 1959, 19.850, 213.25, 0.90, 19.850, 213.25, 0.90, 0.000, 174.81, -0.01);
insert into SHOT values (3952, 3960, 3962, 1959, 24.530, 253.35, 3.00, 24.530, 253.35, 3.00, 0.000, 184.99, -0.00);
insert into SHOT values (3953, 3960, 3963, 1959, 9.890, 346.25, -4.50, 9.890, 346.25, -4.50, 0.000, 163.52, -0.02);
insert into SHOT values (3954, 3960, 3964, 1959, 35.690, 295.25, -3.00, 35.690, 295.25, -3.00, 0.000, 194.65, 0.07);
insert into SHOT values (3955, 3960, 3965, 1959, 29.060, 148.15, 13.90, 29.060, 148.15, 13.90, 0.000, 11.95, 0.01);
insert into SHOT values (3956, 3960, 3966, 1959, 25.700, 57.85, 16.10, 25.700, 57.85, 16.10, 0.000, 359.62, 0.00);
insert into SHOT values (3957, 3960, 3967, 1959, 6.970, 178.15, 77.90, 6.970, 178.15, 77.90, 0.000, 7.11, 0.01);
insert into SHOT values (3958, 3960, 3968, 1959, 1.670, 51.55, -84.00, 1.670, 51.55, -84.00, 0.000, 177.23, -0.01);
insert into SHOT values (3959, 3960, 3969, 1959, 8.490, 297.15, -24.10, 8.490, 297.15, -24.10, 0.000, 194.42, 0.02);
insert into SHOT values (3960, 3969, 3970, 1959, 34.910, 264.85, 8.30, 34.910, 264.85, 8.30, 0.000, 348.75, 0.02);
insert into SHOT values (3961, 3969, 3971, 1959, 28.290, 311.65, 5.40, 28.290, 311.65, 5.40, 0.000, 356.05, -0.01);
insert into SHOT values (3962, 3969, 3972, 1959, 12.530, 17.65, 4.40, 12.530, 17.65, 4.40, 0.000, 186.72, 0.00);
insert into SHOT values (3963, 3969, 3973, 1959, 25.690, 9.15, -3.90, 25.690, 9.15, -3.90, 0.000, 358.19, 0.00);
insert into SHOT values (3964, 3969, 3974, 1959, 14.020, 64.55, 12.60, 14.020, 64.55, 12.60, 0.000, 169.16, 0.01);
insert into SHOT values (3965, 3969, 3975, 1959, 21.610, 182.95, 14.50, 21.610, 182.95, 14.50, 0.000, 176.53, 0.01);
insert into SHOT values (3966, 3969, 3976, 1959, 5.240, 255.55, 72.10, 5.240, 255.55, 72.10, 0.000, 160.59, -0.02);
insert into SHOT values (3967, 3969, 3977, 1959, 2.130, 34.85, -65.60, 2.130, 34.85, -65.60, 0.000, 3.27, -0.00);
insert into SHOT values (3968, 3969, 3978, 1959, 17.540, 346.85, -7.90, 17.540, 346.85, -7.90, 0.000, 6.08, 0.01);
insert into SHOT values (3969, 3978, 3979, 1959, 16.390, 26.35, -2.80, 16.390, 26.35, -2.80, 0.000, 354.14, -0.00);
insert into SHOT values (3970, 3978, 3980, 1959, 9.820, 102.05, -1.90, 9.820, 102.05, -1.90, 0.000, 358.23, 0.00);
insert into SHOT values (3971, 3978, 3981, 1959, 8.350, 138.45, -1.90, 8.350, 138.45, -1.90, 0.000, 196.56, 0.02);
insert into SHOT values (3972, 3978, 3982, 1959, 5.500, 346.05, 77.20, 5.500, 346.05, 77.20, 0.000, 176.55, 0.00);
insert into SHOT values (3973, 3978, 3983, 1959, 1.450, 217.15, -84.10, 1.450, 217.15, -84.10, 0.000, 188.32, -0.03);
insert into SHOT values (3974, 3978, 3984, 1959, 5.000, 132.45, -17.70, 5.000, 132.45, -17.70, 0.000, 195.51, -0.04);
insert into SHOT values (3975, 3984, 3985, 1959, 6.690, 145.35, 3.50, 6.690, 145.35, 3.50, 0.000, 165.06, -0.00);
insert into SHOT values (3976, 3984, 3986, 1959, 9.550, 60.85, -2.90, 9.550, 60.85, -2.90, 0.000, 356.74, -0.03);
insert into SHOT values (3977, 3984, 3987, 1959, 0.170, 10.45, 5.10, 0.170, 10.45, 5.10, 0.000, 188.98, 0.01);
insert into SHOT values (3978, 3984, 3988, 1959, 5.840, 110.75, 56.20, 5.840, 110.75, 56.20, 0.000, 350.94, 0.01);
insert into SHOT values (3979, 3984, 3989, 1959, 2.660, 63.95, -63.90, 2.660, 63.95, -63.90, 0.000, 358.53, 0.00);
insert into SHOT values (3980, 3984, 3990, 1959, 7.050, 38.15, -30.30, 7.050, 38.15, -30.30, 0.000, 0.62, -0.01);
insert into SHOT values (3981, 3990, 3991, 1959, 8.050, 151.65, -2.10, 8.050, 151.65, -2.10, 0.000, 160.88, 0.01);
insert into SHOT values (3982, 3990, 3992, 1959, 9.720, 98.45, -2.00, 9.720, 98.45, -2.00, 0.000, 182.84, -0.01);
insert into SHOT values (3983, 3990, 3993, 1959, 15.040, 40.35, 0.80, 15.040, 40.35, 0.80, 0.000, 19.02, -0.02);
insert into SHOT values (3984, 3990, 3994, 1959, 20.380, 351.45, 0.70, 20.380, 351.45, 0.70, 0.000, 183.44, -0.02);
insert into SHOT values (3985, 3990, 3995, 1959, 5.830, 69.05, 69.60, 5.830, 69.05, 69.60, 0.000, 173.14, 0.00);
insert into SHOT values (3986, 3990, 3996, 1959, 0.290, 173.45, -70.30, 0.290, 173.45, -70.30, 0.000, 347.75, -0.02);
insert into SHOT values (3987, 3990, 3997, 1959, 11.390, 90.45, -1.10, 11.390, 90.45, -1.10, 0.000, 6.95, -0.01);
insert into SCRAPS values (1961, 1955, 'SP-Entree-01-1', 1, 0.19101, 0.01051);
 insert into SCRAPS values (2006, 1955, 'SC-Entree_01-1', 2, 7.35074, 0.11838);
 insert into MAPS values (2029, 1955, 'MP-Entree_01', 'Grotte du lac entree 01', 1, 137.970, -38.900);
 insert into MAPITEMS values (2029, 4, 1961);
 insert into MAPS values (2030, 1955, 'MC-Entree_01', 'Grotte du lac entree 01 Coupe', 2, 137.970, -38.900);
 insert into MAPITEMS values (2030, 4, 2006);
 insert into MAPS values (2032, 1746, 'MP-Grotte_du_lac', 'Grotte du lac', 1, 658.180, -38.900);
 insert into MAPITEMS values (2032, 4, 1952);
 insert into MAPITEMS values (2032, 4, 2029);
 insert into MAPS values (2033, 1746, 'MC-Grotte_du_lac', 'Grotte du lac Coupe', 2, 658.180, -38.900);
 insert into MAPITEMS values (2033, 4, 1953);
 insert into MAPITEMS values (2033, 4, 2030);
 insert into SURVEY values (2035, 50, 'Kaptarhana', 'Kaptarhana.Koytendag', 'Kaptarhana');
 insert into CENTRELINE values (2036, 2035, NULL, NULL, NULL, 0.00, 0.00, 0.00);
 insert into SURVEY values (2037, 2035, 'Kaptarhana', 'Kaptarhana.Kaptarhana.Koytendag', 'Kaptarhana');
 insert into CENTRELINE values (2038, 2037, NULL, NULL, NULL, 0.00, 0.00, 0.00);
 insert into SURVEY values (2039, 2037, 'Kaptarhana', 'Kaptarhana.Kaptarhana.Kaptarhana.Koytendag', 'Kaptarhana');
 insert into CENTRELINE values (2040, 2039, NULL, NULL, NULL, 0.00, 0.00, 0.00);
 insert into CENTRELINE values (2041, 2039, NULL, '2023-05-16', '2023-05-16', 573.99, 0.00, 0.00);
 insert into TOPO values (2, 2041);
 insert into PERSON values (13, 'Josiane', 'Lips');
insert into TOPO values (13, 2041);
 insert into EXPLO values (2, 2041);
 insert into EXPLO values (13, 2041);
 insert into PERSON values (14, NULL, 'RSPB');
insert into EXPLO values (14, 2041);
 insert into SHOT values (3988, 3998, 3999, 2041, 0.000, 5.71, 0.00, 0.000, 90.00, 0.00, 0.000, 90.00, 0.00);
insert into SHOT values (3989, 3999, 4000, 2041, 37.100, 120.71, 0.00, 37.100, 120.71, 0.00, 0.000, 172.42, 0.00);
insert into SHOT values (3990, 4000, 4001, 2041, 15.510, 280.71, 31.00, 15.510, 280.71, 31.00, 0.000, 115.56, -0.17);
insert into SHOT values (3991, 4000, 4002, 2041, 10.270, 120.71, 0.00, 10.270, 120.71, 0.00, 0.000, 355.05, 0.00);
insert into SHOT values (3992, 4002, 4003, 2041, 13.810, 120.71, 0.00, 13.810, 120.71, 0.00, 0.000, 337.97, 0.00);
insert into SHOT values (3993, 4003, 4004, 2041, 12.280, 133.71, 0.00, 12.280, 133.71, 0.00, 0.000, 170.93, 0.00);
insert into SHOT values (3994, 4004, 4005, 2041, 32.610, 106.71, 0.00, 32.610, 106.71, 0.00, 0.000, 1.93, 0.00);
insert into SHOT values (3995, 4005, 4006, 2041, 11.100, 70.71, 0.00, 11.100, 70.71, 0.00, 0.000, 1.34, 0.00);
insert into SHOT values (3996, 4006, 4007, 2041, 24.830, 95.71, 13.00, 24.830, 95.71, 13.00, 0.000, 151.80, -0.07);
insert into SHOT values (3997, 4007, 4008, 2041, 15.210, 121.71, 8.00, 15.210, 121.71, 8.00, 0.000, 203.79, -0.06);
insert into SHOT values (3998, 4007, 4009, 2041, 16.210, 68.71, 38.00, 16.210, 68.71, 38.00, 0.000, 318.82, -0.07);
insert into SHOT values (3999, 4009, 4010, 2041, 9.780, 77.71, 52.00, 9.780, 77.71, 52.00, 0.000, 357.93, -0.01);
insert into SHOT values (4000, 4010, 4011, 2041, 7.610, 102.71, -19.00, 7.610, 102.71, -19.00, 0.000, 342.85, 0.02);
insert into SHOT values (4001, 4011, 4012, 2041, 24.980, 217.71, -26.00, 24.980, 217.71, -26.00, 0.000, 187.29, 0.00);
insert into SHOT values (4002, 4011, 4013, 2041, 14.700, 102.71, -14.00, 14.700, 102.71, -14.00, 0.000, 292.02, -0.26);
insert into SHOT values (4003, 4013, 4014, 2041, 21.800, 87.71, -25.00, 21.800, 87.71, -25.00, 0.000, 350.24, 0.00);
insert into SHOT values (4004, 4014, 4015, 2041, 17.260, 73.71, -10.00, 17.260, 73.71, -10.00, 0.000, 10.59, -0.02);
insert into SHOT values (4005, 4015, 4016, 2041, 16.870, 15.71, 23.00, 16.870, 15.71, 23.00, 0.000, 356.64, -0.00);
insert into SHOT values (4006, 4016, 4017, 2041, 9.370, 44.71, 23.00, 9.370, 44.71, 23.00, 0.000, 2.69, -0.01);
insert into SHOT values (4007, 4017, 4018, 2041, 12.520, 67.71, -3.00, 12.520, 67.71, -3.00, 0.000, 359.84, -0.01);
insert into SHOT values (4008, 4018, 4019, 2041, 31.330, 77.71, -13.00, 31.330, 77.71, -13.00, 0.000, 173.18, -0.00);
insert into SHOT values (4009, 4019, 4020, 2041, 25.670, 78.71, -17.00, 25.670, 78.71, -17.00, 0.000, 181.77, 0.00);
insert into SHOT values (4010, 4020, 4021, 2041, 20.560, 359.71, 6.00, 20.560, 359.71, 6.00, 0.000, 175.46, -0.01);
insert into SHOT values (4011, 4021, 4022, 2041, 19.220, 347.71, -7.00, 19.220, 347.71, -7.00, 0.000, 193.06, 0.01);
insert into SHOT values (4012, 4022, 4023, 2041, 9.560, 248.71, 36.00, 9.560, 248.71, 36.00, 0.000, 1.19, 0.02);
insert into SHOT values (4013, 4023, 4024, 2041, 31.380, 339.71, 4.00, 31.380, 339.71, 4.00, 0.000, 169.22, -0.02);
insert into SHOT values (4014, 4024, 4025, 2041, 16.480, 330.71, 2.00, 16.480, 330.71, 2.00, 0.000, 179.63, -0.01);
insert into SHOT values (4015, 4025, 4026, 2041, 17.690, 334.71, -2.00, 17.690, 334.71, -2.00, 0.000, 176.86, -0.02);
insert into SHOT values (4016, 4026, 4027, 2041, 10.860, 325.71, 18.00, 10.860, 325.71, 18.00, 0.000, 176.37, 0.02);
insert into SHOT values (4017, 4027, 4028, 2041, 15.940, 342.71, 0.00, 15.940, 342.71, 0.00, 0.000, 3.40, 0.00);
insert into SHOT values (4018, 4028, 4029, 2041, 28.240, 345.71, -6.00, 28.240, 345.71, -6.00, 0.000, 351.79, -0.04);
insert into SHOT values (4019, 4010, 4030, 2041, 16.170, 15.71, 40.00, 16.170, 15.71, 40.00, 0.000, 353.07, 0.00);
insert into SHOT values (4020, 4030, 4031, 2041, 7.070, 260.71, 8.00, 7.070, 260.71, 8.00, 0.000, 347.59, 0.04);
insert into SHOT values (4021, 4031, 4032, 2041, 13.850, 95.71, 17.00, 13.850, 95.71, 17.00, 0.000, 3.85, 0.01);
insert into SHOT values (4022, 4031, 4033, 2041, 17.070, 115.71, 27.00, 17.070, 115.71, 27.00, 0.000, 202.59, -0.24);
insert into SHOT values (4023, 4031, 4034, 2041, 18.310, 145.71, 35.00, 18.310, 145.71, 35.00, 0.000, 169.76, 0.01);
insert into SHOT values (4024, 4031, 4035, 2041, 22.160, 180.71, 31.00, 22.160, 180.71, 31.00, 0.000, 351.09, -0.01);
insert into SHOT values (4025, 4031, 4036, 2041, 20.700, 205.71, 15.00, 20.700, 205.71, 15.00, 0.000, 4.73, -0.00);
insert into SHOT values (4026, 4031, 4037, 2041, 8.030, 225.71, 5.00, 8.030, 225.71, 5.00, 0.000, 188.40, -0.00);
insert into SCRAPS values (2043, 2037, 'SP-Kaptarhana-1', 1, 7.67687, 0.21172);
 insert into SCRAPS values (2180, 2037, 'SS-5', 3, 0.00000, 0.00000);
 insert into SCRAPS values (2184, 2037, 'SS-4', 3, 0.00000, 0.00000);
 insert into SCRAPS values (2188, 2037, 'SS-3', 3, 0.00000, 0.00000);
 insert into SCRAPS values (2196, 2037, 'SS-2', 3, 0.00000, 0.00000);
 insert into SCRAPS values (2205, 2037, 'SS-1', 3, 0.00000, 0.00000);
 insert into MAPS values (2212, 2037, 'MP-Kaptarhana', 'Kaptarhana', 1, 573.990, -34.770);
 insert into MAPITEMS values (2212, 4, 2043);
 insert into SURVEY values (2214, 2035, 'Mumiyskaya', 'Mumiyskaya.Kaptarhana.Koytendag', 'Mumiyskaya');
 insert into CENTRELINE values (2215, 2214, NULL, NULL, NULL, 0.00, 0.00, 0.00);
 insert into SURVEY values (2216, 2214, 'Mumiyskaya', 'Mumiyskaya.Mumiyskaya.Kaptarhana.Koytendag', 'Mumiyskaya');
 insert into CENTRELINE values (2217, 2216, NULL, NULL, NULL, 0.00, 0.00, 0.00);
 insert into CENTRELINE values (2218, 2216, NULL, '2024-04-13', '2024-04-13', 152.74, 0.00, 0.00);
 insert into TOPO values (4, 2218);
 insert into TOPO values (5, 2218);
 insert into EXPLO values (4, 2218);
 insert into EXPLO values (5, 2218);
 insert into SHOT values (4027, 4038, 4039, 2218, 0.000, 5.75, 0.00, 0.000, 90.00, 0.00, 0.000, 90.00, 0.00);
insert into SHOT values (4028, 4038, 4040, 2218, 9.340, 336.35, -7.60, 9.340, 336.35, -7.60, 0.000, 351.83, 0.01);
insert into SHOT values (4029, 4038, 4041, 2218, 14.330, 157.85, -4.20, 14.330, 157.85, -4.20, 0.000, 6.61, -0.01);
insert into SHOT values (4030, 4038, 4042, 2218, 0.880, 91.35, 82.00, 0.880, 91.35, 82.00, 0.000, 178.28, -0.02);
insert into SHOT values (4031, 4038, 4043, 2218, 2.660, 15.45, -65.00, 2.660, 15.45, -65.00, 0.000, 8.62, -0.01);
insert into SHOT values (4032, 4038, 4044, 2218, 6.630, 79.05, -13.00, 6.630, 79.05, -13.00, 0.000, 357.81, 0.02);
insert into SHOT values (4033, 4044, 4045, 2218, 4.610, 350.25, 3.50, 4.610, 350.25, 3.50, 0.000, 154.36, -0.07);
insert into SHOT values (4034, 4044, 4046, 2218, 7.910, 154.15, -1.30, 7.910, 154.15, -1.30, 0.000, 4.23, 0.02);
insert into SHOT values (4035, 4044, 4047, 2218, 1.900, 68.25, 70.70, 1.900, 68.25, 70.70, 0.000, 5.23, 0.01);
insert into SHOT values (4036, 4044, 4048, 2218, 0.440, 112.95, -75.30, 0.440, 112.95, -75.30, 0.000, 146.72, 0.06);
insert into SHOT values (4037, 4044, 4049, 2218, 11.320, 61.65, -0.50, 11.320, 61.65, -0.50, 0.000, 188.64, -0.00);
insert into SHOT values (4038, 4049, 4050, 2218, 4.510, 357.25, -6.50, 4.510, 357.25, -6.50, 0.000, 15.90, 0.06);
insert into SHOT values (4039, 4049, 4051, 2218, 13.500, 158.75, 11.30, 13.500, 158.75, 11.30, 0.000, 348.47, -0.05);
insert into SHOT values (4040, 4049, 4052, 2218, 1.710, 66.35, 72.80, 1.710, 66.35, 72.80, 0.000, 197.64, -0.03);
insert into SHOT values (4041, 4049, 4053, 2218, 0.500, 62.35, -64.60, 0.500, 62.35, -64.60, 0.000, 180.89, -0.02);
insert into SHOT values (4042, 4049, 4054, 2218, 10.420, 109.55, 16.00, 10.420, 109.55, 16.00, 0.000, 185.19, 0.01);
insert into SHOT values (4043, 4054, 4055, 2218, 9.400, 324.15, 0.10, 9.400, 324.15, 0.10, 0.000, 344.52, 0.00);
insert into SHOT values (4044, 4054, 4056, 2218, 11.150, 159.25, -2.70, 11.150, 159.25, -2.70, 0.000, 5.86, 0.00);
insert into SHOT values (4045, 4054, 4057, 2218, 3.210, 209.75, 79.90, 3.210, 209.75, 79.90, 0.000, 226.43, -0.22);
insert into SHOT values (4046, 4054, 4058, 2218, 3.460, 68.35, -81.10, 3.460, 68.35, -81.10, 0.000, 350.18, 0.01);
insert into SHOT values (4047, 4054, 4059, 2218, 9.880, 64.95, -6.20, 9.880, 64.95, -6.20, 0.000, 357.51, -0.02);
insert into SHOT values (4048, 4059, 4060, 2218, 10.570, 6.75, -5.50, 10.570, 6.75, -5.50, 0.000, 182.42, 0.02);
insert into SHOT values (4049, 4059, 4061, 2218, 9.870, 167.45, -6.90, 9.870, 167.45, -6.90, 0.000, 205.85, -0.04);
insert into SHOT values (4050, 4059, 4062, 2218, 4.300, 110.25, 72.60, 4.300, 110.25, 72.60, 0.000, 7.54, -0.02);
insert into SHOT values (4051, 4059, 4063, 2218, 2.920, 128.55, -69.80, 2.920, 128.55, -69.80, 0.000, 355.62, -0.01);
insert into SHOT values (4052, 4059, 4064, 2218, 13.100, 64.65, -7.10, 13.100, 64.65, -7.10, 0.000, 195.97, -0.06);
insert into SHOT values (4053, 4064, 4065, 2218, 8.640, 331.35, -6.40, 8.640, 331.35, -6.40, 0.000, 81.36, 0.01);
insert into SHOT values (4054, 4064, 4066, 2218, 5.640, 136.75, -8.90, 5.640, 136.75, -8.90, 0.000, 185.36, 0.00);
insert into SHOT values (4055, 4064, 4067, 2218, 2.040, 96.95, 65.90, 2.040, 96.95, 65.90, 0.000, 359.23, 0.01);
insert into SHOT values (4056, 4064, 4068, 2218, 1.210, 76.45, -83.60, 1.210, 76.45, -83.60, 0.000, 189.65, 0.03);
insert into SHOT values (4057, 4064, 4069, 2218, 18.820, 44.45, -2.50, 18.820, 44.45, -2.50, 0.000, 171.36, 0.02);
insert into SHOT values (4058, 4069, 4070, 2218, 2.010, 321.35, -4.30, 2.010, 321.35, -4.30, 0.000, 7.59, -0.01);
insert into SHOT values (4059, 4069, 4071, 2218, 5.630, 140.85, -4.00, 5.630, 140.85, -4.00, 0.000, 10.01, 0.00);
insert into SHOT values (4060, 4069, 4072, 2218, 2.070, 58.25, 71.80, 2.070, 58.25, 71.80, 0.000, 147.76, 0.03);
insert into SHOT values (4061, 4069, 4073, 2218, 0.870, 13.95, -82.70, 0.870, 13.95, -82.70, 0.000, 10.40, -0.01);
insert into SHOT values (4062, 4069, 4074, 2218, 7.980, 46.05, 0.10, 7.980, 46.05, 0.10, 0.000, 1.32, 0.01);
insert into SHOT values (4063, 4069, 4075, 2218, 2.460, 303.25, -0.60, 2.460, 303.25, -0.60, 0.000, 182.67, -0.03);
insert into SHOT values (4064, 4069, 4076, 2218, 8.450, 142.15, -1.20, 8.450, 142.15, -1.20, 0.000, 7.97, 0.00);
insert into SHOT values (4065, 4069, 4077, 2218, 5.280, 34.75, 70.40, 5.280, 34.75, 70.40, 0.000, 356.76, 0.02);
insert into SHOT values (4066, 4069, 4078, 2218, 0.990, 4.35, -82.50, 0.990, 4.35, -82.50, 0.000, 8.03, -0.01);
insert into SHOT values (4067, 4074, 4079, 2218, 6.430, 25.65, 45.30, 6.430, 25.65, 45.30, 0.000, 179.42, -0.01);
insert into SHOT values (4068, 4079, 4080, 2218, 0.600, 329.55, -5.70, 0.600, 329.55, -5.70, 0.000, 188.65, 0.04);
insert into SHOT values (4069, 4079, 4081, 2218, 6.150, 134.95, -11.00, 6.150, 134.95, -11.00, 0.000, 19.80, -0.01);
insert into SHOT values (4070, 4079, 4082, 2218, 1.000, 88.35, 76.10, 1.000, 88.35, 76.10, 0.000, 357.20, -0.01);
insert into SHOT values (4071, 4079, 4083, 2218, 1.670, 148.45, -84.10, 1.670, 148.45, -84.10, 0.000, 181.63, 0.00);
insert into SHOT values (4072, 4079, 4084, 2218, 3.610, 101.55, -24.80, 3.610, 101.55, -24.80, 0.000, 6.53, 0.00);
insert into SHOT values (4073, 4084, 4085, 2218, 2.940, 311.15, -0.30, 2.940, 311.15, -0.30, 0.000, 354.54, -0.01);
insert into SHOT values (4074, 4084, 4086, 2218, 3.540, 118.95, -6.90, 3.540, 118.95, -6.90, 0.000, 170.39, -0.01);
insert into SHOT values (4075, 4084, 4087, 2218, 1.090, 87.55, 58.90, 1.090, 87.55, 58.90, 0.000, 185.14, -0.02);
insert into SHOT values (4076, 4084, 4088, 2218, 1.690, 337.95, -72.90, 1.690, 337.95, -72.90, 0.000, 179.00, 0.01);
insert into SHOT values (4077, 4084, 4089, 2218, 8.660, 352.75, -23.00, 8.660, 352.75, -23.00, 0.000, 196.81, -0.01);
insert into SHOT values (4078, 4089, 4090, 2218, 0.860, 278.55, -0.90, 0.860, 278.55, -0.90, 0.000, 182.61, -0.01);
insert into SHOT values (4079, 4089, 4091, 2218, 4.340, 88.35, -1.40, 4.340, 88.35, -1.40, 0.000, 152.64, -0.00);
insert into SHOT values (4080, 4089, 4092, 2218, 0.950, 27.25, 81.90, 0.950, 27.25, 81.90, 0.000, 184.22, -0.02);
insert into SHOT values (4081, 4089, 4093, 2218, 0.510, 279.35, -88.20, 0.510, 279.35, -88.20, 0.000, 351.20, -0.00);
insert into SHOT values (4082, 4089, 4094, 2218, 4.900, 358.25, 5.80, 4.900, 358.25, 5.80, 0.000, 166.55, -0.02);
insert into SHOT values (4083, 4094, 4095, 2218, 4.290, 210.65, -11.80, 4.290, 210.65, -11.80, 0.000, 188.85, 0.03);
insert into SHOT values (4084, 4094, 4096, 2218, 5.070, 30.65, -4.70, 5.070, 30.65, -4.70, 0.000, 353.20, -0.00);
insert into SHOT values (4085, 4094, 4097, 2218, 1.150, 277.35, 73.20, 1.150, 277.35, 73.20, 0.000, 2.32, -0.01);
insert into SHOT values (4086, 4094, 4098, 2218, 0.820, 265.35, -72.30, 0.820, 265.35, -72.30, 0.000, 183.19, 0.02);
insert into SHOT values (4087, 4094, 4099, 2218, 9.780, 297.45, 3.30, 9.780, 297.45, 3.30, 0.000, 173.81, -0.01);
insert into SHOT values (4088, 4099, 4100, 2218, 9.080, 217.45, -1.50, 9.080, 217.45, -1.50, 0.000, 173.41, -0.02);
insert into SHOT values (4089, 4099, 4101, 2218, 6.050, 47.35, 6.20, 6.050, 47.35, 6.20, 0.000, 176.60, 0.01);
insert into SHOT values (4090, 4099, 4102, 2218, 1.920, 270.65, 70.40, 1.920, 270.65, 70.40, 0.000, 5.37, -0.01);
insert into SHOT values (4091, 4099, 4103, 2218, 1.640, 315.75, -74.00, 1.640, 315.75, -74.00, 0.000, 288.78, -0.22);
insert into SHOT values (4092, 4099, 4104, 2218, 1.720, 301.15, 79.20, 1.720, 301.15, 79.20, 0.000, 349.56, -0.01);
insert into SHOT values (4093, 4099, 4105, 2218, 1.530, 311.45, -78.00, 1.530, 311.45, -78.00, 0.000, 0.34, 0.13);
insert into SHOT values (4094, 4099, 4106, 2218, 10.770, 289.25, -6.80, 10.770, 289.25, -6.80, 0.000, 0.33, -0.01);
insert into SHOT values (4095, 4106, 4107, 2218, 8.160, 272.15, -4.30, 8.160, 272.15, -4.30, 0.000, 318.93, -0.00);
insert into SHOT values (4096, 4106, 4108, 2218, 10.900, 95.05, -0.60, 10.900, 95.05, -0.60, 0.000, 60.22, 0.06);
insert into SHOT values (4097, 4106, 4109, 2218, 2.700, 52.75, 74.50, 2.700, 52.75, 74.50, 0.000, 161.11, 0.01);
insert into SHOT values (4098, 4106, 4110, 2218, 0.920, 56.35, -80.30, 0.920, 56.35, -80.30, 0.000, 351.66, 0.02);
insert into SHOT values (4099, 4106, 4111, 2218, 16.770, 60.85, 1.00, 16.770, 60.85, 1.00, 0.000, 181.94, -0.00);
insert into SHOT values (4100, 4111, 4112, 2218, 12.040, 318.55, -6.60, 12.040, 318.55, -6.60, 0.000, 359.25, 0.00);
insert into SHOT values (4101, 4111, 4113, 2218, 1.770, 156.85, -5.10, 1.770, 156.85, -5.10, 0.000, 176.02, 0.01);
insert into SHOT values (4102, 4111, 4114, 2218, 2.250, 98.85, 69.50, 2.250, 98.85, 69.50, 0.000, 187.11, -0.03);
insert into SHOT values (4103, 4111, 4115, 2218, 1.180, 315.45, -78.50, 1.180, 315.45, -78.50, 0.000, 179.88, 0.01);
insert into SHOT values (4104, 4111, 4116, 2218, 6.450, 47.35, 43.10, 6.450, 47.35, 43.10, 0.000, 176.98, 0.01);
insert into SHOT values (4105, 4116, 4117, 2218, 2.960, 291.25, -16.90, 2.960, 291.25, -16.90, 0.000, 174.61, 0.02);
insert into SHOT values (4106, 4116, 4118, 2218, 3.240, 96.85, -21.10, 3.240, 96.85, -21.10, 0.000, 184.58, 0.00);
insert into SHOT values (4107, 4116, 4119, 2218, 0.530, 76.55, 71.70, 0.530, 76.55, 71.70, 0.000, 358.73, -0.00);
insert into SHOT values (4108, 4116, 4120, 2218, 2.640, 70.45, -87.00, 2.640, 70.45, -87.00, 0.000, 342.02, 0.03);
insert into SHOT values (4109, 4116, 4121, 2218, 7.220, 351.95, 11.40, 7.220, 351.95, 11.40, 0.000, 183.09, 0.02);
insert into SHOT values (4110, 4121, 4122, 2218, 2.870, 272.95, -10.70, 2.870, 272.95, -10.70, 0.000, 171.83, -0.01);
insert into SHOT values (4111, 4121, 4123, 2218, 4.180, 108.35, -8.70, 4.180, 108.35, -8.70, 0.000, 351.63, -0.00);
insert into SHOT values (4112, 4121, 4124, 2218, 2.340, 103.95, 76.90, 2.340, 103.95, 76.90, 0.000, 181.19, 0.01);
insert into SHOT values (4113, 4121, 4125, 2218, 1.880, 173.15, -73.30, 1.880, 173.15, -73.30, 0.000, 331.75, -0.09);
insert into MAPS values (2221, 2035, 'MP-Kaptarhana', 'Kaptarhana system', 1, 573.990, -34.770);
 insert into MAPITEMS values (2221, 4, 2212);
 insert into SURVEY values (2223, 50, 'New_collapse_2022', 'New_collapse_2022.Koytendag', 'New collapse 2022');
 insert into CENTRELINE values (2224, 2223, NULL, NULL, NULL, 0.00, 0.00, 0.00);
 insert into SURVEY values (2225, 2223, 'New_collapse_2022', 'New_collapse_2022.New_collapse_2022.Koytendag', 'New collapse 2022');
 insert into CENTRELINE values (2226, 2225, NULL, NULL, NULL, 0.00, 0.00, 0.00);
 insert into CENTRELINE values (2227, 2225, NULL, '2024-04-19', NULL, 70.84, 0.00, 0.00);
 insert into TOPO values (4, 2227);
 insert into SHOT values (4114, 4126, 4127, 2227, 10.180, 1.75, -2.90, 10.180, 1.75, -2.90, 0.000, 11.37, -0.01);
insert into SHOT values (4115, 4126, 4128, 2227, 7.470, 56.05, 2.70, 7.470, 56.05, 2.70, 0.000, 358.18, 0.00);
insert into SHOT values (4116, 4126, 4129, 2227, 11.930, 330.15, -5.10, 11.930, 330.15, -5.10, 0.000, 6.82, -0.01);
insert into SHOT values (4117, 4126, 4130, 2227, 8.070, 283.05, -6.70, 8.070, 283.05, -6.70, 0.000, 187.07, 0.01);
insert into SHOT values (4118, 4126, 4131, 2227, 11.090, 3.65, -11.80, 11.090, 3.65, -11.80, 0.000, 18.31, -0.00);
insert into SHOT values (4119, 4126, 4132, 2227, 17.440, 1.05, -28.80, 17.440, 1.05, -28.80, 0.000, 183.07, 0.01);
insert into SHOT values (4120, 4126, 4133, 2227, 19.830, 359.35, -40.10, 19.830, 359.35, -40.10, 0.000, 182.85, -0.01);
insert into SHOT values (4121, 4126, 4134, 2227, 26.300, 357.95, -45.80, 26.300, 357.95, -45.80, 0.000, 359.33, 0.01);
insert into SHOT values (4122, 4126, 4135, 2227, 41.650, 356.95, -49.10, 41.650, 356.95, -49.10, 0.000, 174.26, 0.01);
insert into SHOT values (4123, 4126, 4136, 2227, 30.320, 356.55, -48.60, 30.320, 356.55, -48.60, 0.000, 195.80, 0.05);
insert into SHOT values (4124, 4126, 4137, 2227, 25.220, 303.35, -43.60, 25.220, 303.35, -43.60, 0.000, 168.18, -0.00);
insert into SHOT values (4125, 4126, 4138, 2227, 22.190, 43.25, -45.40, 22.190, 43.25, -45.40, 0.000, 175.31, 0.00);
insert into SHOT values (4126, 4126, 4139, 2227, 19.060, 14.35, -38.80, 19.060, 14.35, -38.80, 0.000, 6.38, 0.00);
insert into SHOT values (4127, 4126, 4140, 2227, 20.410, 14.45, -43.10, 20.410, 14.45, -43.10, 0.000, 179.90, 0.03);
insert into SHOT values (4128, 4126, 4141, 2227, 21.800, 13.75, -46.40, 21.800, 13.75, -46.40, 0.000, 165.99, 0.00);
insert into SHOT values (4129, 4126, 4142, 2227, 23.910, 13.15, -47.50, 23.910, 13.15, -47.50, 0.000, 230.94, 0.03);
insert into SHOT values (4130, 4126, 4143, 2227, 29.030, 12.95, -49.20, 29.030, 12.95, -49.20, 0.000, 198.30, 0.00);
insert into SHOT values (4131, 4126, 4144, 2227, 45.320, 12.75, -50.90, 45.320, 12.75, -50.90, 0.000, 161.33, -0.01);
insert into SHOT values (4132, 4126, 4145, 2227, 14.460, 47.25, 6.50, 14.460, 47.25, 6.50, 0.000, 3.38, 0.01);
insert into SHOT values (4133, 4145, 4146, 2227, 5.420, 355.15, -4.90, 5.420, 355.15, -4.90, 0.000, 8.40, -0.00);
insert into SHOT values (4134, 4146, 4147, 2227, 9.080, 196.25, -46.50, 9.080, 196.25, -46.50, 0.000, 175.82, -0.00);
insert into SHOT values (4135, 4146, 4148, 2227, 31.160, 204.15, -42.30, 31.160, 204.15, -42.30, 0.000, 355.79, 0.00);
insert into SHOT values (4136, 4146, 4149, 2227, 50.960, 224.25, -46.90, 50.960, 224.25, -46.90, 0.000, 237.67, 0.09);
insert into SHOT values (4137, 4146, 4150, 2227, 48.830, 244.05, -46.30, 48.830, 244.05, -46.30, 0.000, 184.69, -0.00);
insert into SHOT values (4138, 4146, 4151, 2227, 38.880, 259.25, -43.60, 38.880, 259.25, -43.60, 0.000, 179.06, 0.00);
insert into SHOT values (4139, 4146, 4152, 2227, 48.800, 259.65, -45.20, 48.800, 259.65, -45.20, 0.000, 180.86, -0.01);
insert into SHOT values (4140, 4146, 4153, 2227, 12.560, 288.05, -35.60, 12.560, 288.05, -35.60, 0.000, 191.54, -0.01);
insert into SHOT values (4141, 4146, 4154, 2227, 40.750, 274.75, -45.00, 40.750, 274.75, -45.00, 0.000, 2.32, 0.01);
insert into SHOT values (4142, 4146, 4155, 2227, 32.060, 241.15, -35.00, 32.060, 241.15, -35.00, 0.000, 172.96, 0.00);
insert into SHOT values (4143, 4146, 4156, 2227, 11.800, 243.15, -21.10, 11.800, 243.15, -21.10, 0.000, 161.67, -0.01);
insert into SHOT values (4144, 4146, 4157, 2227, 33.330, 243.75, -36.90, 33.330, 243.75, -36.90, 0.000, 350.39, -0.01);
insert into SHOT values (4145, 4146, 4158, 2227, 37.120, 243.25, -42.00, 37.120, 243.25, -42.00, 0.000, 141.65, 0.04);
insert into SHOT values (4146, 4146, 4159, 2227, 49.470, 244.45, -47.10, 49.470, 244.45, -47.10, 0.000, 20.97, 0.01);
insert into SHOT values (4147, 4146, 4160, 2227, 50.710, 241.65, -47.80, 50.710, 241.65, -47.80, 0.000, 353.29, -0.01);
insert into SCRAPS values (2229, 2223, 'SP-New_collapse_2022', 1, 0.16949, 0.03203);
 insert into MAPS values (2245, 2223, 'MP-New_collapse_2022', 'New collapse 2022', 1, 70.840, -37.672);
 insert into MAPITEMS values (2245, 4, 2229);
 insert into SURVEY values (2247, 50, 'Ochimoyuk', 'Ochimoyuk.Koytendag', 'Ochimoyuk');
 insert into CENTRELINE values (2248, 2247, NULL, NULL, NULL, 0.00, 0.00, 0.00);
 insert into SURVEY values (2249, 2247, 'Entree', 'Entree.Ochimoyuk.Koytendag', 'Ashimyuk Entree');
 insert into CENTRELINE values (2250, 2249, NULL, NULL, NULL, 0.00, 0.00, 0.00);
 insert into SURVEY values (2251, 2249, 'Entree', 'Entree.Entree.Ochimoyuk.Koytendag', 'Entree Hochimoyouk ');
 insert into CENTRELINE values (2252, 2251, NULL, NULL, NULL, 0.00, 0.00, 0.00);
 insert into CENTRELINE values (2253, 2251, NULL, '2024-04-12', NULL, 20.91, 0.00, 0.00);
 insert into PERSON values (15, 'Jean-Pierre', 'Gruat');
insert into TOPO values (15, 2253);
 insert into TOPO values (11, 2253);
 insert into PERSON values (16, 'Jo', 'de-Waelde');
insert into TOPO values (16, 2253);
 insert into SHOT values (4148, 4161, 4162, 2253, 3.584, 334.80, 16.79, 3.584, 334.80, 16.79, 0.000, 170.78, 0.02);
insert into SHOT values (4149, 4162, 4163, 2253, 5.742, 235.91, 31.36, 5.742, 235.91, 31.36, 0.000, 359.10, -0.01);
insert into SHOT values (4150, 4163, 4164, 2253, 5.648, 323.32, 33.96, 5.648, 323.32, 33.96, 0.000, 200.68, -0.08);
insert into SHOT values (4151, 4164, 4165, 2253, 2.530, 251.86, 25.06, 2.530, 251.86, 25.06, 0.000, 1.37, -0.02);
insert into SHOT values (4152, 4165, 4166, 2253, 3.404, 351.58, 33.26, 3.404, 351.58, 33.26, 0.000, 350.14, -0.04);
insert into SHOT values (4153, 4166, 4167, 2253, 20.582, 124.28, 7.26, 20.582, 124.28, 7.26, 0.000, 7.89, 0.01);
insert into SHOT values (4154, 4166, 4168, 2253, 14.449, 99.49, 2.19, 14.449, 99.49, 2.19, 0.000, 170.36, -0.01);
insert into SHOT values (4155, 4166, 4169, 2253, 17.581, 70.21, 10.79, 17.581, 70.21, 10.79, 0.000, 332.27, 0.00);
insert into SHOT values (4156, 4166, 4170, 2253, 13.524, 169.07, 0.24, 13.524, 169.07, 0.24, 0.000, 166.65, 0.00);
insert into SHOT values (4157, 4166, 4171, 2253, 9.531, 55.58, 1.17, 9.531, 55.58, 1.16, 0.000, 338.27, 0.00);
insert into SURVEY values (2255, 2249, 'Entree2', 'Entree2.Entree.Ochimoyuk.Koytendag', 'Hochimoyouk');
 insert into CENTRELINE values (2256, 2255, NULL, NULL, NULL, 0.00, 0.00, 0.00);
 insert into CENTRELINE values (2257, 2255, NULL, '2024-04-12', NULL, 823.60, 0.00, 0.00);
 insert into PERSON values (17, 'Jo', 'De\Welde');
insert into TOPO values (17, 2257);
 insert into TOPO values (15, 2257);
 insert into TOPO values (11, 2257);
 insert into SHOT values (4158, 4172, 4173, 2257, 10.058, 109.91, -35.83, 10.058, 109.91, -35.83, 0.000, 358.14, -0.00);
insert into SHOT values (4159, 4173, 4174, 2257, 7.304, 105.17, -35.86, 7.304, 105.17, -35.86, 0.000, 175.17, -0.03);
insert into SHOT values (4160, 4174, 4175, 2257, 14.796, 71.65, -32.09, 14.796, 71.65, -32.10, 0.000, 179.56, 0.01);
insert into SHOT values (4161, 4175, 4176, 2257, 12.905, 73.07, -30.79, 12.905, 73.07, -30.79, 0.000, 5.54, -0.02);
insert into SHOT values (4162, 4176, 4177, 2257, 12.135, 71.90, -20.13, 12.135, 71.90, -20.13, 0.000, 182.11, 0.01);
insert into SHOT values (4163, 4177, 4178, 2257, 17.464, 54.72, -29.03, 17.464, 54.72, -29.03, 0.000, 12.51, 0.01);
insert into SHOT values (4164, 4178, 4179, 2257, 18.898, 41.88, -29.30, 18.898, 41.88, -29.30, 0.000, 145.44, 0.05);
insert into SHOT values (4165, 4179, 4180, 2257, 24.826, 103.52, -11.21, 24.826, 103.52, -11.21, 0.000, 358.20, 0.00);
insert into SHOT values (4166, 4180, 4181, 2257, 34.080, 137.99, -8.52, 34.080, 137.99, -8.52, 0.000, 13.55, -0.05);
insert into SHOT values (4167, 4181, 4182, 2257, 22.204, 93.26, -30.54, 22.204, 93.26, -30.54, 0.000, 17.20, 0.08);
insert into SHOT values (4168, 4182, 4183, 2257, 23.956, 105.88, -30.33, 23.956, 105.88, -30.33, 0.000, 348.70, -0.00);
insert into SHOT values (4169, 4183, 4184, 2257, 19.816, 109.64, -39.59, 19.816, 109.64, -39.59, 0.000, 5.67, 0.01);
insert into SHOT values (4170, 4184, 4185, 2257, 23.095, 84.62, -11.05, 23.095, 84.62, -11.05, 0.000, 2.47, 0.01);
insert into SHOT values (4171, 4185, 4186, 2257, 13.579, 94.90, -14.77, 13.579, 94.90, -14.77, 0.000, 176.66, -0.00);
insert into SHOT values (4172, 4186, 4187, 2257, 14.040, 111.95, -22.64, 14.040, 111.95, -22.64, 0.000, 182.34, -0.01);
insert into SHOT values (4173, 4187, 4188, 2257, 6.408, 174.37, -9.05, 6.408, 174.37, -9.05, 0.000, 164.00, 0.02);
insert into SHOT values (4174, 4188, 4189, 2257, 11.240, 256.75, 5.81, 11.229, 257.05, 5.87, 0.061, 358.07, 9.06);
insert into SHOT values (4175, 4189, 4190, 2257, 12.674, 274.87, -0.84, 12.682, 275.22, -0.78, 0.078, 358.67, 8.82);
insert into SHOT values (4176, 4190, 4191, 2257, 6.941, 140.37, -2.92, 6.922, 140.27, -2.89, 0.023, 354.66, 10.28);
insert into SHOT values (4177, 4191, 4192, 2257, 20.084, 163.22, -18.54, 20.021, 163.21, -18.52, 0.063, 345.04, 24.69);
insert into SHOT values (4178, 4192, 4193, 2257, 10.324, 293.90, -7.58, 10.324, 293.90, -7.58, 0.000, 340.53, 0.00);
insert into SHOT values (4179, 4192, 4194, 2257, 9.305, 153.40, -21.71, 9.278, 153.33, -21.74, 0.029, 353.21, 12.43);
insert into SHOT values (4180, 4194, 4195, 2257, 7.821, 261.57, 16.14, 7.821, 261.57, 16.14, 0.000, 1.17, -0.00);
insert into SHOT values (4181, 4194, 4196, 2257, 10.027, 134.08, -10.77, 9.999, 133.94, -10.76, 0.037, 355.07, 11.88);
insert into SHOT values (4182, 4196, 4197, 2257, 19.217, 33.64, 11.32, 19.275, 33.49, 11.36, 0.077, 351.17, 19.48);
insert into SHOT values (4183, 4197, 4198, 2257, 6.312, 33.20, 15.14, 6.329, 33.08, 15.13, 0.021, 354.77, 9.42);
insert into SHOT values (4184, 4198, 4199, 2257, 10.423, 350.89, 20.89, 10.451, 350.89, 20.88, 0.029, 350.67, 15.61);
insert into SHOT values (4185, 4199, 4188, 2257, 13.098, 312.64, 8.12, 13.139, 312.80, 8.15, 0.056, 355.40, 12.98);
insert into SHOT values (4186, 4196, 4200, 2257, 8.439, 206.05, 7.49, 8.439, 206.05, 7.49, 0.000, 23.97, 0.01);
insert into SHOT values (4187, 4200, 4201, 2257, 16.717, 223.00, 2.33, 16.717, 223.00, 2.33, 0.000, 182.09, 0.01);
insert into SHOT values (4188, 4201, 4202, 2257, 25.168, 173.39, 3.00, 25.168, 173.39, 3.00, 0.000, 349.63, -0.01);
insert into SHOT values (4189, 4202, 4203, 2257, 7.365, 164.24, -1.50, 7.365, 164.24, -1.50, 0.000, 4.01, 0.00);
insert into SHOT values (4190, 4203, 4204, 2257, 8.724, 287.76, 4.30, 8.724, 287.76, 4.30, 0.000, 179.37, -0.00);
insert into SHOT values (4191, 4203, 4205, 2257, 12.958, 234.66, 6.38, 12.958, 234.66, 6.38, 0.000, 1.58, -0.00);
insert into SHOT values (4192, 4205, 4206, 2257, 16.629, 214.18, -6.43, 16.629, 214.18, -6.43, 0.000, 1.47, 0.01);
insert into SHOT values (4193, 4206, 4207, 2257, 11.302, 109.78, -7.19, 11.302, 109.78, -7.19, 0.000, 187.81, -0.00);
insert into SHOT values (4194, 4207, 4208, 2257, 8.471, 88.78, 8.98, 8.471, 88.78, 8.98, 0.000, 356.48, -0.00);
insert into SHOT values (4195, 4207, 4209, 2257, 3.173, 167.60, -4.79, 3.173, 167.60, -4.79, 0.000, 331.65, 0.02);
insert into SHOT values (4196, 4209, 4210, 2257, 17.066, 128.17, 5.76, 17.066, 128.17, 5.76, 0.000, 191.74, 0.01);
insert into SHOT values (4197, 4203, 4211, 2257, 23.042, 59.55, -1.84, 23.042, 59.55, -1.84, 0.000, 181.34, 0.01);
insert into SHOT values (4198, 4211, 4212, 2257, 35.273, 84.06, -1.32, 35.273, 84.06, -1.32, 0.000, 352.02, -0.00);
insert into SHOT values (4199, 4212, 4213, 2257, 21.502, 293.10, -3.10, 21.502, 293.10, -3.10, 0.000, 15.51, 0.01);
insert into SHOT values (4200, 4213, 4214, 2257, 23.115, 303.37, 1.47, 23.115, 303.37, 1.47, 0.000, 188.86, 0.02);
insert into SHOT values (4201, 4214, 4215, 2257, 10.752, 302.53, -0.63, 10.752, 302.53, -0.63, 0.000, 86.81, 0.00);
insert into SHOT values (4202, 4176, 4216, 2257, 20.088, 143.79, -20.95, 20.088, 143.79, -20.95, 0.000, 353.81, -0.02);
insert into SHOT values (4203, 4216, 4217, 2257, 26.974, 207.44, -9.12, 26.974, 207.44, -9.12, 0.000, 354.44, 0.02);
insert into SHOT values (4204, 4217, 4218, 2257, 10.081, 147.31, -2.50, 10.081, 147.31, -2.50, 0.000, 174.62, 0.01);
insert into SHOT values (4205, 4172, 4219, 2257, 3.170, 185.19, 11.61, 3.170, 185.19, 11.61, 0.000, 6.60, -0.01);
insert into SHOT values (4206, 4172, 4220, 2257, 1.821, 125.09, 16.41, 1.821, 125.09, 16.41, 0.000, 181.28, -0.02);
insert into SHOT values (4207, 4172, 4221, 2257, 2.373, 73.83, 9.11, 2.373, 73.83, 9.11, 0.000, 353.89, -0.01);
insert into SHOT values (4208, 4172, 4222, 2257, 4.216, 49.22, 7.88, 4.216, 49.22, 7.88, 0.000, 190.14, -0.02);
insert into SHOT values (4209, 4172, 4223, 2257, 4.762, 16.47, 10.55, 4.762, 16.47, 10.55, 0.000, 172.52, 0.01);
insert into SHOT values (4210, 4172, 4224, 2257, 5.905, 356.58, 10.28, 5.905, 356.58, 10.28, 0.000, 0.14, 0.01);
insert into SHOT values (4211, 4172, 4225, 2257, 2.902, 95.46, -21.10, 2.902, 95.46, -21.10, 0.000, 2.56, 0.03);
insert into SHOT values (4212, 4172, 4226, 2257, 3.100, 115.66, -20.97, 3.100, 115.66, -20.97, 0.000, 187.64, 0.00);
insert into SHOT values (4213, 4173, 4227, 2257, 3.630, 62.36, 69.67, 3.630, 62.36, 69.67, 0.000, 212.12, 0.01);
insert into SHOT values (4214, 4173, 4228, 2257, 9.281, 16.03, 8.60, 9.281, 16.03, 8.60, 0.000, 355.31, 0.01);
insert into SHOT values (4215, 4173, 4229, 2257, 2.889, 189.65, 2.70, 2.889, 189.65, 2.70, 0.000, 343.44, -0.04);
insert into SHOT values (4216, 4173, 4230, 2257, 11.867, 348.58, 8.32, 11.867, 348.58, 8.32, 0.000, 345.83, 0.01);
insert into SHOT values (4217, 4173, 4231, 2257, 9.329, 65.48, -12.46, 9.329, 65.48, -12.46, 0.000, 6.24, -0.01);
insert into SHOT values (4218, 4174, 4232, 2257, 4.244, 179.47, -22.61, 4.244, 179.47, -22.61, 0.000, 178.30, 0.00);
insert into SHOT values (4219, 4174, 4233, 2257, 24.261, 27.38, -5.89, 24.261, 27.38, -5.89, 0.000, 131.68, -0.10);
insert into SHOT values (4220, 4174, 4234, 2257, 2.327, 62.52, -71.72, 2.327, 62.52, -71.72, 0.000, 349.32, 0.01);
insert into SHOT values (4221, 4175, 4235, 2257, 16.476, 18.69, -0.72, 16.476, 18.69, -0.73, 0.000, 186.72, 0.01);
insert into SHOT values (4222, 4175, 4236, 2257, 30.460, 171.89, -7.59, 30.460, 171.89, -7.59, 0.000, 11.14, -0.01);
insert into SHOT values (4223, 4175, 4237, 2257, 6.280, 95.87, 71.31, 6.280, 95.87, 71.31, 0.000, 174.59, -0.01);
insert into SHOT values (4224, 4176, 4238, 2257, 11.955, 14.06, -2.37, 11.955, 14.06, -2.37, 0.000, 175.52, -0.01);
insert into SHOT values (4225, 4176, 4239, 2257, 41.184, 191.67, 1.04, 41.184, 191.67, 1.04, 0.000, 186.66, -0.01);
insert into SHOT values (4226, 4176, 4240, 2257, 11.499, 103.54, 69.43, 11.499, 103.54, 69.43, 0.000, 7.22, -0.01);
insert into SHOT values (4227, 4176, 4241, 2257, 21.375, 101.76, -1.61, 21.375, 101.76, -1.62, 0.000, 2.08, -0.00);
insert into SHOT values (4228, 4176, 4242, 2257, 20.313, 147.66, -2.82, 20.313, 147.66, -2.82, 0.000, 171.27, 0.00);
insert into SHOT values (4229, 4176, 4243, 2257, 28.463, 156.10, -15.00, 28.463, 156.10, -15.00, 0.000, 175.77, 0.03);
insert into SHOT values (4230, 4177, 4244, 2257, 9.895, 345.39, 1.84, 9.895, 345.39, 1.84, 0.000, 337.67, 0.01);
insert into SHOT values (4231, 4177, 4245, 2257, 13.061, 178.06, 78.52, 13.061, 178.06, 78.52, 0.000, 12.92, -0.04);
insert into SHOT values (4232, 4177, 4246, 2257, 17.175, 166.00, 13.76, 17.175, 166.00, 13.76, 0.000, 11.72, 0.00);
insert into SHOT values (4233, 4177, 4247, 2257, 34.562, 255.88, 33.48, 34.562, 255.88, 33.47, 0.000, 183.80, 0.01);
insert into SHOT values (4234, 4177, 4248, 2257, 18.884, 245.83, 57.50, 18.884, 245.83, 57.50, 0.000, 3.88, -0.02);
insert into SHOT values (4235, 4177, 4249, 2257, 12.232, 33.63, -10.50, 12.232, 33.63, -10.50, 0.000, 23.25, -0.02);
insert into SHOT values (4236, 4177, 4250, 2257, 13.302, 56.81, -6.10, 13.302, 56.81, -6.10, 0.000, 192.06, -0.06);
insert into SHOT values (4237, 4177, 4251, 2257, 20.531, 84.23, -6.89, 20.531, 84.23, -6.89, 0.000, 4.51, -0.02);
insert into SHOT values (4238, 4177, 4252, 2257, 14.803, 103.82, -8.27, 14.803, 103.82, -8.27, 0.000, 349.83, 0.00);
insert into SHOT values (4239, 4178, 4253, 2257, 16.763, 357.99, 6.34, 16.763, 357.99, 6.34, 0.000, 110.13, -0.10);
insert into SHOT values (4240, 4178, 4254, 2257, 7.341, 98.85, 86.71, 7.341, 98.85, 86.71, 0.000, 359.51, 0.02);
insert into SHOT values (4241, 4178, 4255, 2257, 10.597, 160.31, 55.32, 10.597, 160.31, 55.32, 0.000, 195.81, -0.03);
insert into SHOT values (4242, 4178, 4256, 2257, 17.449, 166.66, 18.79, 17.449, 166.66, 18.79, 0.000, 359.29, -0.07);
insert into SHOT values (4243, 4178, 4257, 2257, 13.432, 208.29, 46.89, 13.432, 208.29, 46.89, 0.000, 77.72, -0.17);
insert into SHOT values (4244, 4178, 4258, 2257, 15.746, 249.62, 37.06, 15.746, 249.62, 37.06, 0.000, 166.90, 0.04);
insert into SHOT values (4245, 4178, 4259, 2257, 11.751, 222.18, 62.43, 11.751, 222.18, 62.43, 0.000, 172.08, -0.01);
insert into SHOT values (4246, 4179, 4260, 2257, 10.319, 351.16, 1.67, 10.319, 351.16, 1.67, 0.000, 188.69, 0.02);
insert into SHOT values (4247, 4179, 4261, 2257, 15.626, 344.97, 83.40, 15.626, 344.97, 83.40, 0.000, 340.61, 0.04);
insert into SHOT values (4248, 4179, 4262, 2257, 33.295, 102.80, 30.66, 33.295, 102.80, 30.66, 0.000, 352.68, 0.03);
insert into SHOT values (4249, 4180, 4263, 2257, 19.052, 35.64, 4.63, 19.052, 35.64, 4.63, 0.000, 355.63, 0.01);
insert into SHOT values (4250, 4180, 4264, 2257, 20.518, 155.12, 80.52, 20.518, 155.12, 80.52, 0.000, 174.87, 0.00);
insert into SHOT values (4251, 4180, 4265, 2257, 25.062, 194.88, 10.88, 25.062, 194.88, 10.88, 0.000, 352.37, -0.01);
insert into SHOT values (4252, 4180, 4266, 2257, 29.954, 167.80, 9.62, 29.954, 167.80, 9.62, 0.000, 353.97, -0.01);
insert into SHOT values (4253, 4180, 4267, 2257, 35.376, 95.29, 9.57, 35.376, 95.29, 9.58, 0.000, 192.55, 0.00);
insert into SHOT values (4254, 4181, 4268, 2257, 38.162, 26.94, 0.14, 38.162, 26.94, 0.14, 0.000, 358.59, -0.01);
insert into SHOT values (4255, 4181, 4269, 2257, 25.077, 40.42, 74.83, 25.077, 40.42, 74.83, 0.000, 173.39, -0.01);
insert into SHOT values (4256, 4181, 4270, 2257, 10.541, 185.14, 9.24, 10.541, 185.14, 9.25, 0.000, 358.21, 0.00);
insert into SHOT values (4257, 4181, 4271, 2257, 14.385, 173.32, 52.44, 14.385, 173.32, 52.44, 0.000, 176.69, 0.01);
insert into SHOT values (4258, 4182, 4272, 2257, 21.864, 27.35, 5.08, 21.864, 27.35, 5.08, 0.000, 325.03, -0.09);
insert into SHOT values (4259, 4182, 4273, 2257, 21.057, 349.98, 85.51, 21.057, 349.98, 85.51, 0.000, 181.15, -0.01);
insert into SHOT values (4260, 4182, 4274, 2257, 12.437, 196.67, 3.06, 12.437, 196.67, 3.06, 0.000, 10.30, -0.05);
insert into SHOT values (4261, 4182, 4275, 2257, 15.945, 134.58, -16.86, 15.945, 134.58, -16.86, 0.000, 162.73, -0.02);
insert into SHOT values (4262, 4182, 4276, 2257, 20.108, 96.13, -11.70, 20.108, 96.13, -11.70, 0.000, 185.47, 0.03);
insert into SHOT values (4263, 4182, 4277, 2257, 25.999, 58.21, -11.12, 25.999, 58.21, -11.12, 0.000, 160.20, -0.02);
insert into SHOT values (4264, 4183, 4278, 2257, 19.790, 18.85, 3.09, 19.790, 18.85, 3.09, 0.000, 73.91, -0.23);
insert into SHOT values (4265, 4183, 4279, 2257, 6.203, 62.99, 54.75, 6.203, 62.99, 54.75, 0.000, 168.22, -0.00);
insert into SHOT values (4266, 4183, 4280, 2257, 13.592, 43.21, -11.56, 13.592, 43.21, -11.56, 0.000, 6.33, 0.02);
insert into SHOT values (4267, 4183, 4281, 2257, 11.640, 72.40, -18.34, 11.640, 72.40, -18.34, 0.000, 357.16, 0.01);
insert into SHOT values (4268, 4183, 4282, 2257, 9.915, 121.43, -22.80, 9.915, 121.43, -22.80, 0.000, 159.03, -0.06);
insert into SHOT values (4269, 4183, 4283, 2257, 11.676, 176.55, -6.59, 11.676, 176.55, -6.59, 0.000, 351.20, -0.01);
insert into SHOT values (4270, 4184, 4284, 2257, 109.130, 17.73, 2.13, 109.130, 17.73, 2.13, 0.000, 359.00, 0.00);
insert into SHOT values (4271, 4184, 4285, 2257, 3.119, 63.05, 74.12, 3.119, 63.05, 74.12, 0.000, 349.02, 0.02);
insert into SHOT values (4272, 4184, 4286, 2257, 2.617, 172.28, 6.75, 2.617, 172.28, 6.75, 0.000, 188.10, 0.01);
insert into SHOT values (4273, 4184, 4287, 2257, 16.687, 116.77, -6.46, 16.687, 116.77, -6.46, 0.000, 175.91, 0.03);
insert into SHOT values (4274, 4184, 4288, 2257, 17.443, 98.06, -7.78, 17.443, 98.06, -7.78, 0.000, 351.37, 0.00);
insert into SHOT values (4275, 4184, 4289, 2257, 39.401, 49.83, -1.55, 39.401, 49.83, -1.55, 0.000, 26.23, 0.04);
insert into SHOT values (4276, 4185, 4290, 2257, 5.362, 10.69, 73.40, 5.362, 10.69, 73.40, 0.000, 185.73, -0.01);
insert into SHOT values (4277, 4185, 4291, 2257, 4.091, 191.39, 4.02, 4.091, 191.39, 4.02, 0.000, 152.96, 0.04);
insert into SHOT values (4278, 4185, 4292, 2257, 4.535, 100.60, -39.87, 4.535, 100.60, -39.87, 0.000, 358.31, -0.02);
insert into SHOT values (4279, 4185, 4293, 2257, 10.298, 103.54, -7.17, 10.298, 103.54, -7.17, 0.000, 171.75, -0.01);
insert into SHOT values (4280, 4185, 4294, 2257, 11.526, 79.39, -5.22, 11.526, 79.39, -5.22, 0.000, 213.32, -0.07);
insert into SHOT values (4281, 4185, 4295, 2257, 22.764, 55.22, -1.35, 22.764, 55.22, -1.35, 0.000, 17.25, -0.02);
insert into SHOT values (4282, 4185, 4296, 2257, 29.634, 44.76, -2.07, 29.634, 44.76, -2.07, 0.000, 357.71, -0.02);
insert into SHOT values (4283, 4185, 4297, 2257, 32.308, 30.14, -0.57, 32.308, 30.14, -0.57, 0.000, 197.54, -0.02);
insert into SHOT values (4284, 4185, 4298, 2257, 58.605, 12.26, 2.29, 58.605, 12.26, 2.29, 0.000, 11.24, -0.09);
insert into SHOT values (4285, 4185, 4299, 2257, 22.099, 58.76, -5.10, 22.099, 58.76, -5.10, 0.000, 42.36, -0.07);
insert into SHOT values (4286, 4186, 4300, 2257, 6.086, 51.62, 3.40, 6.086, 51.62, 3.39, 0.000, 351.24, -0.01);
insert into SHOT values (4287, 4186, 4301, 2257, 10.296, 84.36, 77.61, 10.296, 84.36, 77.61, 0.000, 4.97, 0.01);
insert into SHOT values (4288, 4187, 4302, 2257, 23.010, 212.39, 1.53, 23.010, 212.39, 1.53, 0.000, 184.88, 0.01);
insert into SHOT values (4289, 4187, 4303, 2257, 4.703, 180.53, 69.15, 4.703, 180.53, 69.15, 0.000, 188.08, -0.04);
insert into SHOT values (4290, 4187, 4304, 2257, 24.390, 162.71, 2.40, 24.390, 162.71, 2.39, 0.000, 186.66, -0.01);
insert into SHOT values (4291, 4187, 4305, 2257, 13.559, 75.70, 3.26, 13.559, 75.70, 3.26, 0.000, 8.29, 0.01);
insert into SHOT values (4292, 4187, 4306, 2257, 29.457, 12.16, 4.74, 29.457, 12.16, 4.74, 0.000, 198.55, 0.02);
insert into SHOT values (4293, 4187, 4307, 2257, 26.305, 40.44, 3.07, 26.305, 40.44, 3.07, 0.000, 5.24, -0.00);
insert into SHOT values (4294, 4188, 4308, 2257, 5.016, 198.23, 82.95, 5.016, 198.23, 82.95, 0.000, 5.38, -0.00);
insert into SHOT values (4295, 4188, 4309, 2257, 15.845, 295.31, 17.59, 15.845, 295.31, 17.59, 0.000, 354.47, 0.02);
insert into SHOT values (4296, 4189, 4310, 2257, 9.976, 349.09, 20.41, 9.976, 349.09, 20.41, 0.000, 350.29, -0.02);
insert into SHOT values (4297, 4189, 4311, 2257, 3.161, 319.11, 60.62, 3.161, 319.11, 60.62, 0.000, 15.76, -0.00);
insert into SHOT values (4298, 4189, 4312, 2257, 12.301, 213.51, -0.18, 12.301, 213.51, -0.18, 0.000, 167.13, 0.01);
insert into SHOT values (4299, 4189, 4313, 2257, 14.566, 245.53, -0.96, 14.566, 245.53, -0.96, 0.000, 313.60, 0.02);
insert into SHOT values (4300, 4190, 4314, 2257, 5.970, 343.66, 11.61, 5.970, 343.66, 11.61, 0.000, 4.50, -0.01);
insert into SHOT values (4301, 4190, 4315, 2257, 2.244, 339.13, 76.93, 2.244, 339.13, 76.93, 0.000, 185.73, 0.01);
insert into SHOT values (4302, 4190, 4316, 2257, 6.092, 208.75, 1.28, 6.092, 208.75, 1.28, 0.000, 325.66, -0.04);
insert into SHOT values (4303, 4190, 4317, 2257, 15.672, 271.67, -3.69, 15.672, 271.67, -3.69, 0.000, 357.07, -0.00);
insert into SHOT values (4304, 4190, 4318, 2257, 16.867, 274.68, -1.86, 16.867, 274.68, -1.86, 0.000, 137.95, -0.02);
insert into SHOT values (4305, 4191, 4319, 2257, 2.243, 204.26, 77.84, 2.243, 204.26, 77.84, 0.000, 184.64, -0.01);
insert into SHOT values (4306, 4191, 4320, 2257, 5.788, 237.49, -3.06, 5.788, 237.49, -3.06, 0.000, 173.52, -0.00);
insert into SHOT values (4307, 4191, 4321, 2257, 5.934, 196.00, -8.88, 5.934, 196.00, -8.88, 0.000, 126.13, 0.05);
insert into SHOT values (4308, 4191, 4322, 2257, 8.788, 165.42, -12.39, 8.788, 165.42, -12.39, 0.000, 13.35, -0.03);
insert into SHOT values (4309, 4191, 4323, 2257, 8.254, 188.64, -18.48, 8.254, 188.64, -18.48, 0.000, 5.38, 0.01);
insert into SHOT values (4310, 4191, 4324, 2257, 9.032, 213.76, -22.84, 9.032, 213.76, -22.84, 0.000, 274.50, 0.03);
insert into SHOT values (4311, 4192, 4325, 2257, 2.402, 231.93, 14.81, 2.402, 231.93, 14.81, 0.000, 174.87, -0.01);
insert into SHOT values (4312, 4192, 4326, 2257, 4.772, 266.59, 8.36, 4.772, 266.59, 8.36, 0.000, 352.31, -0.00);
insert into SHOT values (4313, 4192, 4327, 2257, 9.088, 279.35, 2.42, 9.088, 279.35, 2.42, 0.000, 193.24, -0.02);
insert into SHOT values (4314, 4192, 4328, 2257, 12.149, 287.22, 1.72, 12.149, 287.22, 1.72, 0.000, 139.32, -0.00);
insert into SHOT values (4315, 4193, 4329, 2257, 13.012, 178.89, 82.08, 13.012, 178.89, 82.08, 0.000, 354.90, 0.01);
insert into SHOT values (4316, 4193, 4330, 2257, 12.245, 145.03, 77.43, 12.245, 145.03, 77.43, 0.000, 7.55, 0.00);
insert into SHOT values (4317, 4194, 4331, 2257, 13.190, 271.36, 16.16, 13.190, 271.36, 16.16, 0.000, 203.62, -0.03);
insert into SHOT values (4318, 4194, 4332, 2257, 8.357, 235.48, 15.66, 8.357, 235.48, 15.66, 0.000, 355.12, 0.00);
insert into SHOT values (4319, 4194, 4333, 2257, 14.800, 93.17, 8.66, 14.800, 93.17, 8.66, 0.000, 15.93, -0.02);
insert into SHOT values (4320, 4194, 4334, 2257, 19.295, 87.03, 80.11, 19.295, 87.03, 80.11, 0.000, 295.17, 0.15);
insert into SHOT values (4321, 4195, 4335, 2257, 16.794, 258.27, 72.72, 16.794, 258.27, 72.72, 0.000, 350.75, 0.00);
insert into SHOT values (4322, 4196, 4336, 2257, 10.351, 89.78, 21.20, 10.351, 89.78, 21.20, 0.000, 354.31, 0.00);
insert into SHOT values (4323, 4196, 4337, 2257, 10.661, 252.97, 19.63, 10.661, 252.97, 19.63, 0.000, 354.09, -0.00);
insert into SHOT values (4324, 4196, 4338, 2257, 8.608, 205.34, 77.83, 8.608, 205.34, 77.83, 0.000, 178.92, -0.00);
insert into SHOT values (4325, 4196, 4339, 2257, 11.410, 66.02, 19.35, 11.410, 66.02, 19.35, 0.000, 348.00, 0.01);
insert into SHOT values (4326, 4196, 4340, 2257, 14.433, 44.55, 13.16, 14.433, 44.55, 13.16, 0.000, 174.58, -0.00);
insert into SHOT values (4327, 4196, 4341, 2257, 17.666, 38.78, 14.29, 17.666, 38.78, 14.29, 0.000, 183.52, 0.00);
insert into SHOT values (4328, 4196, 4342, 2257, 29.989, 219.86, 11.70, 29.989, 219.86, 11.70, 0.000, 7.58, -0.01);
insert into SHOT values (4329, 4196, 4343, 2257, 37.907, 210.95, 10.91, 37.907, 210.95, 10.91, 0.000, 211.76, -0.00);
insert into SHOT values (4330, 4197, 4344, 2257, 3.710, 120.14, 12.75, 3.710, 120.14, 12.75, 0.000, 348.03, 0.01);
insert into SHOT values (4331, 4197, 4345, 2257, 8.424, 93.14, 10.72, 8.424, 93.14, 10.72, 0.000, 356.15, 0.01);
insert into SHOT values (4332, 4197, 4346, 2257, 6.973, 67.76, 83.29, 6.973, 67.76, 83.29, 0.000, 189.49, -0.01);
insert into SHOT values (4333, 4197, 4347, 2257, 11.311, 75.15, 8.71, 11.311, 75.15, 8.71, 0.000, 194.63, -0.01);
insert into SHOT values (4334, 4197, 4348, 2257, 13.076, 56.94, 12.93, 13.076, 56.94, 12.92, 0.000, 355.38, 0.01);
insert into SHOT values (4335, 4198, 4349, 2257, 7.298, 64.66, 6.62, 7.298, 64.66, 6.62, 0.000, 351.71, 0.02);
insert into SHOT values (4336, 4198, 4350, 2257, 6.323, 80.01, 73.09, 6.323, 80.01, 73.09, 0.000, 182.93, 0.00);
insert into SHOT values (4337, 4200, 4351, 2257, 18.494, 64.63, 1.79, 18.494, 64.63, 1.79, 0.000, 191.56, 0.01);
insert into SHOT values (4338, 4200, 4352, 2257, 16.626, 111.81, 8.92, 16.626, 111.81, 8.92, 0.000, 13.16, -0.00);
insert into SHOT values (4339, 4200, 4353, 2257, 14.466, 143.32, 7.83, 14.466, 143.32, 7.83, 0.000, 3.06, -0.01);
insert into SHOT values (4340, 4200, 4354, 2257, 7.459, 130.80, 73.95, 7.459, 130.80, 73.95, 0.000, 193.48, -0.03);
insert into SHOT values (4341, 4200, 4355, 2257, 9.383, 277.82, 14.08, 9.383, 277.82, 14.08, 0.000, 1.08, -0.01);
insert into SHOT values (4342, 4200, 4356, 2257, 11.250, 258.79, 15.47, 11.250, 258.79, 15.47, 0.000, 199.95, 0.01);
insert into SHOT values (4343, 4200, 4357, 2257, 17.344, 245.72, 13.83, 17.344, 245.72, 13.83, 0.000, 28.43, -0.03);
insert into SHOT values (4344, 4200, 4358, 2257, 11.688, 175.22, 13.13, 11.688, 175.22, 13.13, 0.000, 181.98, -0.01);
insert into SHOT values (4345, 4200, 4359, 2257, 16.460, 181.02, 15.37, 16.460, 181.02, 15.37, 0.000, 11.68, -0.00);
insert into SHOT values (4346, 4200, 4360, 2257, 16.514, 193.99, 10.35, 16.514, 193.99, 10.35, 0.000, 176.07, 0.01);
insert into SHOT values (4347, 4201, 4361, 2257, 6.170, 277.74, 24.86, 6.170, 277.74, 24.86, 0.000, 174.49, 0.00);
insert into SHOT values (4348, 4201, 4362, 2257, 8.711, 230.22, 20.06, 8.711, 230.22, 20.06, 0.000, 7.27, -0.01);
insert into SHOT values (4349, 4201, 4363, 2257, 10.490, 209.43, 15.17, 10.490, 209.43, 15.17, 0.000, 51.98, -0.03);
insert into SHOT values (4350, 4201, 4364, 2257, 11.601, 128.23, 18.90, 11.601, 128.23, 18.90, 0.000, 186.84, -0.00);
insert into SHOT values (4351, 4201, 4365, 2257, 11.700, 149.34, 14.55, 11.700, 149.34, 14.55, 0.000, 351.47, 0.00);
insert into SHOT values (4352, 4201, 4366, 2257, 17.045, 167.26, 33.17, 17.045, 167.26, 33.17, 0.000, 173.92, 0.00);
insert into SHOT values (4353, 4201, 4367, 2257, 6.976, 173.19, 61.09, 6.976, 173.19, 61.09, 0.000, 351.79, -0.00);
insert into SHOT values (4354, 4202, 4368, 2257, 7.865, 249.74, 7.12, 7.865, 249.74, 7.12, 0.000, 304.57, -0.01);
insert into SHOT values (4355, 4202, 4369, 2257, 6.977, 266.12, 13.65, 6.977, 266.12, 13.65, 0.000, 185.14, -0.01);
insert into SHOT values (4356, 4202, 4370, 2257, 3.311, 86.55, 13.41, 3.311, 86.55, 13.41, 0.000, 356.85, -0.01);
insert into SHOT values (4357, 4202, 4371, 2257, 5.439, 38.36, 12.16, 5.439, 38.36, 12.16, 0.000, 188.82, -0.02);
insert into SHOT values (4358, 4202, 4372, 2257, 2.282, 134.69, 82.89, 2.282, 134.69, 82.89, 0.000, 36.68, 0.02);
insert into SHOT values (4359, 4203, 4373, 2257, 4.836, 140.04, 13.84, 4.836, 140.04, 13.84, 0.000, 6.69, -0.00);
insert into SHOT values (4360, 4203, 4374, 2257, 7.530, 163.05, 13.54, 7.530, 163.05, 13.53, 0.000, 188.78, -0.01);
insert into SHOT values (4361, 4203, 4375, 2257, 12.981, 175.11, 10.70, 12.981, 175.11, 10.70, 0.000, 349.87, -0.01);
insert into SHOT values (4362, 4203, 4376, 2257, 11.612, 283.52, 7.11, 11.612, 283.52, 7.11, 0.000, 356.59, -0.01);
insert into SHOT values (4363, 4203, 4377, 2257, 10.724, 268.45, 5.08, 10.724, 268.45, 5.08, 0.000, 5.14, 0.01);
insert into SHOT values (4364, 4203, 4378, 2257, 2.374, 255.91, 74.83, 2.374, 255.91, 74.83, 0.000, 356.57, 0.00);
insert into SHOT values (4365, 4204, 4379, 2257, 12.219, 96.52, 78.65, 12.219, 96.52, 78.65, 0.000, 341.02, -0.02);
insert into SHOT values (4366, 4205, 4380, 2257, 1.631, 41.87, -73.84, 1.631, 41.87, -73.84, 0.000, 2.84, -0.01);
insert into SHOT values (4367, 4205, 4381, 2257, 0.706, 308.79, 69.04, 0.706, 308.79, 69.04, 0.000, 184.59, 0.00);
insert into SHOT values (4368, 4205, 4382, 2257, 2.463, 300.86, 7.99, 2.463, 300.86, 7.99, 0.000, 141.43, 0.03);
insert into SHOT values (4369, 4205, 4383, 2257, 0.153, 262.90, 4.30, 0.153, 262.90, 4.30, 0.000, 352.20, -0.01);
insert into SHOT values (4370, 4205, 4384, 2257, 5.515, 355.02, 3.21, 5.515, 355.02, 3.21, 0.000, 323.00, -0.05);
insert into SHOT values (4371, 4205, 4385, 2257, 7.334, 248.10, 2.05, 7.334, 248.10, 2.05, 0.000, 180.41, -0.00);
insert into SHOT values (4372, 4205, 4386, 2257, 19.647, 125.11, 0.85, 19.647, 125.11, 0.85, 0.000, 129.89, 0.05);
insert into SHOT values (4373, 4205, 4387, 2257, 20.434, 137.70, 0.02, 20.434, 137.70, 0.02, 0.000, 341.17, 0.01);
insert into SHOT values (4374, 4205, 4388, 2257, 21.751, 146.59, 0.14, 21.751, 146.59, 0.14, 0.000, 199.60, 0.01);
insert into SHOT values (4375, 4205, 4389, 2257, 21.277, 155.86, 1.98, 21.277, 155.86, 1.98, 0.000, 4.39, 0.00);
insert into SHOT values (4376, 4206, 4390, 2257, 0.213, 42.86, -75.03, 0.213, 42.86, -75.03, 0.000, 186.86, 0.00);
insert into SHOT values (4377, 4206, 4391, 2257, 2.290, 133.35, 81.90, 2.290, 133.35, 81.90, 0.000, 184.67, 0.00);
insert into SHOT values (4378, 4206, 4392, 2257, 5.900, 291.87, 13.40, 5.900, 291.87, 13.40, 0.000, 189.03, -0.00);
insert into SHOT values (4379, 4206, 4393, 2257, 7.567, 271.73, 14.59, 7.567, 271.73, 14.59, 0.000, 12.89, 0.02);
insert into SHOT values (4380, 4206, 4394, 2257, 5.520, 229.74, 15.25, 5.520, 229.74, 15.25, 0.000, 170.47, -0.00);
insert into SHOT values (4381, 4206, 4395, 2257, 4.365, 185.70, 18.65, 4.365, 185.70, 18.65, 0.000, 176.39, 0.00);
insert into SHOT values (4382, 4206, 4396, 2257, 5.456, 145.51, 11.17, 5.456, 145.51, 11.17, 0.000, 177.21, 0.01);
insert into SHOT values (4383, 4206, 4397, 2257, 5.439, 298.27, 18.23, 5.439, 298.27, 18.23, 0.000, 178.41, 0.01);
insert into SHOT values (4384, 4206, 4398, 2257, 3.849, 338.72, 20.71, 3.849, 338.72, 20.71, 0.000, 4.61, -0.00);
insert into SHOT values (4385, 4206, 4399, 2257, 5.043, 1.69, 19.08, 5.043, 1.69, 19.08, 0.000, 175.96, 0.01);
insert into SHOT values (4386, 4206, 4400, 2257, 9.870, 254.56, 28.27, 9.870, 254.56, 28.27, 0.000, 176.12, 0.01);
insert into SHOT values (4387, 4206, 4401, 2257, 8.261, 265.00, 25.20, 8.261, 265.00, 25.20, 0.000, 204.67, -0.05);
insert into SHOT values (4388, 4206, 4402, 2257, 11.862, 260.39, 26.52, 11.862, 260.39, 26.52, 0.000, 176.35, 0.01);
insert into SHOT values (4389, 4207, 4403, 2257, 5.774, 82.58, 77.53, 5.774, 82.58, 77.53, 0.000, 183.52, -0.01);
insert into SHOT values (4390, 4207, 4404, 2257, 12.743, 92.30, 10.00, 12.743, 92.30, 10.00, 0.000, 3.57, -0.01);
insert into SHOT values (4391, 4207, 4405, 2257, 16.082, 74.40, 9.33, 16.082, 74.40, 9.33, 0.000, 189.31, 0.01);
insert into SHOT values (4392, 4207, 4406, 2257, 18.671, 57.55, 10.30, 18.671, 57.55, 10.30, 0.000, 346.52, 0.01);
insert into SHOT values (4393, 4207, 4407, 2257, 19.876, 36.52, 9.91, 19.876, 36.52, 9.91, 0.000, 192.24, -0.01);
insert into SHOT values (4394, 4207, 4408, 2257, 9.899, 358.14, 12.60, 9.899, 358.14, 12.60, 0.000, 249.76, 0.03);
insert into SHOT values (4395, 4207, 4409, 2257, 6.864, 341.26, 13.04, 6.864, 341.26, 13.04, 0.000, 4.82, -0.01);
insert into SHOT values (4396, 4207, 4410, 2257, 19.114, 26.60, 10.91, 19.114, 26.60, 10.91, 0.000, 96.16, -0.59);
insert into SHOT values (4397, 4208, 4411, 2257, 5.101, 222.65, -71.90, 5.101, 222.65, -71.90, 0.000, 351.74, -0.00);
insert into SHOT values (4398, 4208, 4412, 2257, 15.136, 217.95, 78.92, 15.136, 217.95, 78.92, 0.000, 306.39, 0.04);
insert into SHOT values (4399, 4209, 4413, 2257, 12.600, 243.16, -4.17, 12.600, 243.16, -4.17, 0.000, 182.84, 0.00);
insert into SHOT values (4400, 4209, 4414, 2257, 9.367, 219.16, -6.92, 9.367, 219.16, -6.92, 0.000, 41.30, -0.02);
insert into SHOT values (4401, 4209, 4415, 2257, 9.057, 204.49, -6.01, 9.057, 204.49, -6.02, 0.000, 359.89, -0.01);
insert into SHOT values (4402, 4209, 4416, 2257, 18.168, 196.23, -5.81, 18.168, 196.23, -5.81, 0.000, 358.91, 0.01);
insert into SHOT values (4403, 4209, 4417, 2257, 4.871, 135.10, 76.89, 4.871, 135.10, 76.89, 0.000, 178.69, 0.00);
insert into SHOT values (4404, 4209, 4418, 2257, 14.117, 252.32, 8.67, 14.117, 252.32, 8.67, 0.000, 356.59, 0.00);
insert into SHOT values (4405, 4209, 4419, 2257, 14.954, 255.30, 8.91, 14.954, 255.30, 8.91, 0.000, 1.69, 0.00);
insert into SHOT values (4406, 4209, 4420, 2257, 9.550, 270.31, 12.12, 9.550, 270.31, 12.12, 0.000, 182.66, 0.00);
insert into SHOT values (4407, 4209, 4421, 2257, 9.098, 97.19, 16.56, 9.098, 97.19, 16.56, 0.000, 172.85, 0.01);
insert into SHOT values (4408, 4209, 4422, 2257, 10.413, 88.45, 16.17, 10.413, 88.45, 16.17, 0.000, 4.09, -0.00);
insert into SHOT values (4409, 4209, 4423, 2257, 10.554, 79.37, 15.74, 10.554, 79.37, 15.74, 0.000, 153.43, 0.01);
insert into SHOT values (4410, 4211, 4424, 2257, 3.371, 342.26, 21.25, 3.371, 342.26, 21.25, 0.000, 167.99, 0.00);
insert into SHOT values (4411, 4211, 4425, 2257, 3.078, 326.99, 82.88, 3.078, 326.99, 82.88, 0.000, 192.65, -0.00);
insert into SHOT values (4412, 4211, 4426, 2257, 5.786, 154.01, 23.17, 5.786, 154.01, 23.17, 0.000, 176.65, 0.00);
insert into SHOT values (4413, 4211, 4427, 2257, 7.093, 122.57, 17.62, 7.093, 122.57, 17.62, 0.000, 121.73, -0.08);
insert into SHOT values (4414, 4211, 4428, 2257, 12.087, 113.22, 10.80, 12.087, 113.22, 10.80, 0.000, 180.96, 0.01);
insert into SHOT values (4415, 4211, 4429, 2257, 7.403, 191.36, 16.89, 7.403, 191.36, 16.89, 0.000, 137.42, -0.03);
insert into SHOT values (4416, 4211, 4430, 2257, 8.230, 273.62, 13.87, 8.230, 273.62, 13.87, 0.000, 186.93, 0.01);
insert into SHOT values (4417, 4212, 4431, 2257, 21.647, 70.05, 1.39, 21.647, 70.05, 1.39, 0.000, 7.60, 0.01);
insert into SHOT values (4418, 4212, 4432, 2257, 43.137, 7.20, 0.64, 43.137, 7.20, 0.64, 0.000, 182.41, -0.04);
insert into SHOT values (4419, 4212, 4433, 2257, 3.740, 127.96, 76.22, 3.740, 127.96, 76.22, 0.000, 0.86, -0.00);
insert into SHOT values (4420, 4212, 4434, 2257, 7.034, 179.86, 11.21, 7.034, 179.86, 11.21, 0.000, 1.03, 0.00);
insert into SHOT values (4421, 4212, 4435, 2257, 10.716, 232.51, 6.14, 10.716, 232.51, 6.14, 0.000, 189.34, -0.01);
insert into SHOT values (4422, 4212, 4436, 2257, 19.858, 251.09, 4.37, 19.858, 251.09, 4.37, 0.000, 357.83, 0.00);
insert into SHOT values (4423, 4212, 4437, 2257, 26.981, 308.33, -0.06, 26.981, 308.33, -0.06, 0.000, 354.30, 0.00);
insert into SHOT values (4424, 4212, 4438, 2257, 24.003, 304.16, 3.76, 24.003, 304.16, 3.76, 0.000, 357.54, 0.01);
insert into SHOT values (4425, 4213, 4439, 2257, 9.428, 351.45, 3.96, 9.428, 351.45, 3.96, 0.000, 203.34, 0.06);
insert into SHOT values (4426, 4213, 4440, 2257, 10.941, 4.49, 6.34, 10.941, 4.49, 6.34, 0.000, 177.65, -0.00);
insert into SHOT values (4427, 4213, 4441, 2257, 13.546, 16.55, 3.98, 13.546, 16.55, 3.98, 0.000, 182.23, -0.01);
insert into SHOT values (4428, 4213, 4442, 2257, 16.429, 27.51, 4.93, 16.429, 27.51, 4.93, 0.000, 311.73, -0.03);
insert into SHOT values (4429, 4213, 4443, 2257, 17.132, 37.67, 6.10, 17.132, 37.67, 6.10, 0.000, 3.49, 0.01);
insert into SHOT values (4430, 4213, 4444, 2257, 3.713, 135.20, 77.56, 3.713, 135.20, 77.56, 0.000, 168.74, 0.01);
insert into SHOT values (4431, 4213, 4445, 2257, 13.440, 233.01, 7.16, 13.440, 233.01, 7.16, 0.000, 8.92, -0.01);
insert into SHOT values (4432, 4213, 4446, 2257, 11.672, 260.34, 7.26, 11.672, 260.34, 7.26, 0.000, 31.48, 0.00);
insert into SHOT values (4433, 4213, 4447, 2257, 11.384, 285.40, 7.56, 11.384, 285.40, 7.56, 0.000, 159.58, -0.02);
insert into SHOT values (4434, 4214, 4448, 2257, 8.747, 211.67, 18.45, 8.747, 211.67, 18.45, 0.000, 175.80, -0.00);
insert into SHOT values (4435, 4214, 4449, 2257, 11.099, 75.73, 12.64, 11.099, 75.73, 12.64, 0.000, 5.68, 0.01);
insert into SHOT values (4436, 4214, 4450, 2257, 4.956, 277.50, 75.15, 4.956, 277.50, 75.15, 0.000, 170.34, 0.01);
insert into SHOT values (4437, 4216, 4451, 2257, 7.762, 81.46, 4.51, 7.762, 81.46, 4.52, 0.000, 216.44, -0.10);
insert into SHOT values (4438, 4216, 4452, 2257, 17.782, 212.42, 7.77, 17.782, 212.42, 7.77, 0.000, 11.28, -0.03);
insert into SHOT values (4439, 4216, 4453, 2257, 10.076, 291.37, 82.99, 10.076, 291.37, 82.99, 0.000, 357.27, -0.04);
insert into SHOT values (4440, 4216, 4454, 2257, 9.304, 167.46, -25.93, 9.304, 167.46, -25.93, 0.000, 358.00, 0.02);
insert into SHOT values (4441, 4216, 4455, 2257, 8.574, 199.14, -25.77, 8.574, 199.14, -25.77, 0.000, 1.73, 0.02);
insert into SHOT values (4442, 4217, 4456, 2257, 1.704, 76.08, 6.53, 1.704, 76.08, 6.53, 0.000, 3.69, -0.02);
insert into SHOT values (4443, 4217, 4457, 2257, 1.238, 85.18, 75.86, 1.238, 85.18, 75.86, 0.000, 173.21, -0.00);
insert into SHOT values (4444, 4217, 4458, 2257, 1.841, 227.64, 5.40, 1.841, 227.64, 5.40, 0.000, 158.96, 0.04);
insert into SHOT values (4445, 4217, 4459, 2257, 4.437, 136.72, -3.81, 4.437, 136.72, -3.81, 0.000, 359.06, 0.01);
insert into SHOT values (4446, 4217, 4460, 2257, 4.568, 157.95, -4.33, 4.568, 157.95, -4.33, 0.000, 323.54, 0.02);
insert into SHOT values (4447, 4217, 4461, 2257, 3.239, 136.13, 10.28, 3.239, 136.13, 10.28, 0.000, 183.76, 0.01);
insert into SHOT values (4448, 4217, 4462, 2257, 4.519, 159.65, 7.08, 4.519, 159.65, 7.08, 0.000, 331.45, -0.02);
insert into SHOT values (4449, 4217, 4463, 2257, 4.534, 328.66, 7.05, 4.534, 328.66, 7.05, 0.000, 281.18, -0.02);
insert into SHOT values (4450, 4217, 4464, 2257, 6.191, 293.00, 8.92, 6.191, 293.00, 8.92, 0.000, 7.52, -0.02);
insert into SHOT values (4451, 4217, 4465, 2257, 5.102, 276.99, 1.82, 5.102, 276.99, 1.82, 0.000, 185.38, -0.00);
insert into SHOT values (4452, 4217, 4466, 2257, 10.083, 147.27, -2.49, 10.083, 147.27, -2.49, 0.000, 153.35, -0.05);
insert into SHOT values (4453, 4217, 4467, 2257, 10.070, 147.33, -2.49, 10.070, 147.33, -2.49, 0.000, 357.42, 0.00);
insert into SHOT values (4454, 4217, 4468, 2257, 0.349, 61.17, -1.59, 0.349, 61.17, -1.59, 0.000, 358.69, -0.10);
insert into SHOT values (4455, 4217, 4469, 2257, 0.350, 61.70, -1.81, 0.350, 61.70, -1.81, 0.000, 355.88, -0.01);
insert into SHOT values (4456, 4218, 4470, 2257, 0.462, 231.02, 4.04, 0.462, 231.02, 4.04, 0.000, 192.24, 0.02);
insert into SHOT values (4457, 4218, 4471, 2257, 0.382, 124.65, 81.51, 0.382, 124.65, 81.51, 0.000, 187.94, -0.00);
insert into SHOT values (4458, 4218, 4472, 2257, 0.483, 239.04, 5.91, 0.483, 239.04, 5.91, 0.000, 176.63, -0.02);
insert into SHOT values (4459, 4218, 4473, 2257, 0.404, 56.65, 0.67, 0.404, 56.65, 0.67, 0.000, 197.58, 0.05);
insert into SHOT values (4460, 4218, 4474, 2257, 5.118, 146.79, -12.64, 5.118, 146.79, -12.64, 0.000, 166.72, -0.01);
insert into SURVEY values (2260, 2247, 'AshimyukFond', 'AshimyukFond.Ochimoyuk.Koytendag', 'AshimyukFond');
 insert into CENTRELINE values (2261, 2260, NULL, NULL, NULL, 0.00, 0.00, 0.00);
 insert into SURVEY values (2262, 2260, 'AshimyukFond', 'AshimyukFond.AshimyukFond.Ochimoyuk.Koytendag', 'AshimyukFond');
 insert into CENTRELINE values (2263, 2262, NULL, NULL, NULL, 0.00, 0.00, 0.00);
 insert into CENTRELINE values (2264, 2262, NULL, '2024-04-12', NULL, 1161.07, 0.00, 0.00);
 insert into PERSON values (18, 'Lionel', 'Barriquand');
insert into TOPO values (18, 2264);
 insert into TOPO values (2, 2264);
 insert into TOPO values (3, 2264);
 insert into SHOT values (4461, 4475, 4476, 2264, 2.990, 17.95, -2.80, 2.990, 17.95, -2.80, 0.000, 26.96, 0.02);
insert into SHOT values (4462, 4475, 4477, 2264, 1.170, 321.15, 6.40, 1.170, 321.15, 6.40, 0.000, 177.05, 0.00);
insert into SHOT values (4463, 4475, 4478, 2264, 4.030, 274.95, 4.80, 4.030, 274.95, 4.80, 0.000, 178.39, -0.00);
insert into SHOT values (4464, 4475, 4479, 2264, 1.420, 216.85, 3.50, 1.420, 216.85, 3.50, 0.000, 72.39, 0.10);
insert into SHOT values (4465, 4475, 4480, 2264, 2.330, 89.95, 77.80, 2.330, 89.95, 77.80, 0.000, 8.15, -0.00);
insert into SHOT values (4466, 4475, 4481, 2264, 3.000, 349.45, -33.90, 3.000, 349.45, -33.90, 0.000, 10.92, 0.01);
insert into SHOT values (4467, 4475, 4482, 2264, 2.750, 328.05, -48.00, 2.750, 328.05, -48.00, 0.000, 7.42, 0.01);
insert into SHOT values (4468, 4475, 4483, 2264, 3.810, 337.35, -52.90, 3.810, 337.35, -52.90, 0.000, 351.42, 0.00);
insert into SHOT values (4469, 4475, 4484, 2264, 0.940, 357.65, -78.50, 0.940, 357.65, -78.50, 0.000, 197.11, 0.02);
insert into SHOT values (4470, 4475, 4485, 2264, 3.440, 86.85, -16.50, 3.440, 86.85, -16.50, 0.000, 185.87, 0.00);
insert into SHOT values (4471, 4475, 4486, 2264, 4.580, 61.55, 6.70, 4.580, 61.55, 6.70, 0.000, 183.62, -0.00);
insert into SHOT values (4472, 4475, 4487, 2264, 3.080, 87.55, 40.90, 3.080, 87.55, 40.90, 0.000, 190.07, -0.01);
insert into SHOT values (4473, 4475, 4488, 2264, 4.720, 127.55, 22.50, 4.720, 127.55, 22.50, 0.000, 342.63, 0.01);
insert into SHOT values (4474, 4475, 4489, 2264, 9.410, 111.65, 8.00, 9.410, 111.65, 8.00, 0.000, 348.69, 0.01);
insert into SHOT values (4475, 4475, 4490, 2264, 17.950, 96.45, 7.10, 17.950, 96.45, 7.10, 0.000, 7.65, -0.01);
insert into SHOT values (4476, 4475, 4491, 2264, 6.450, 100.65, 0.90, 6.450, 100.65, 0.90, 0.000, 328.72, -0.01);
insert into SHOT values (4477, 4475, 4492, 2264, 5.950, 67.75, 6.60, 5.950, 67.75, 6.60, 0.000, 315.61, -0.01);
insert into SHOT values (4478, 4475, 4493, 2264, 5.210, 349.45, -41.20, 5.210, 349.45, -41.20, 0.000, 356.62, -0.01);
insert into SHOT values (4479, 4475, 4494, 2264, 16.600, 73.35, 2.60, 16.600, 73.35, 2.60, 0.000, 168.96, 0.01);
insert into SHOT values (4480, 4494, 4495, 2264, 2.020, 183.55, -78.30, 2.020, 183.55, -78.30, 0.000, 180.55, -0.00);
insert into SHOT values (4481, 4494, 4496, 2264, 3.070, 190.55, 70.10, 3.070, 190.55, 70.10, 0.000, 174.66, 0.01);
insert into SHOT values (4482, 4494, 4497, 2264, 6.140, 224.55, 28.60, 6.140, 224.55, 28.60, 0.000, 37.98, -0.04);
insert into SHOT values (4483, 4494, 4498, 2264, 12.150, 234.45, 2.90, 12.150, 234.45, 2.90, 0.000, 356.54, 0.00);
insert into SHOT values (4484, 4494, 4499, 2264, 10.080, 192.55, 4.00, 10.080, 192.55, 4.00, 0.000, 172.33, -0.01);
insert into SHOT values (4485, 4494, 4500, 2264, 13.210, 168.45, 9.50, 13.210, 168.45, 9.50, 0.000, 189.88, 0.03);
insert into SHOT values (4486, 4494, 4501, 2264, 4.080, 154.75, 11.50, 4.080, 154.75, 11.50, 0.000, 345.35, 0.01);
insert into SHOT values (4487, 4494, 4502, 2264, 8.990, 157.25, -21.00, 8.990, 157.25, -21.00, 0.000, 184.32, -0.00);
insert into SHOT values (4488, 4494, 4503, 2264, 2.720, 191.15, -36.20, 2.720, 191.15, -36.20, 0.000, 0.12, 0.00);
insert into SHOT values (4489, 4494, 4504, 2264, 4.020, 311.45, -16.50, 4.020, 311.45, -16.50, 0.000, 4.76, 0.01);
insert into SHOT values (4490, 4494, 4505, 2264, 5.610, 279.25, -1.80, 5.610, 279.25, -1.80, 0.000, 175.51, 0.00);
insert into SHOT values (4491, 4494, 4506, 2264, 8.240, 261.75, 5.00, 8.240, 261.75, 5.00, 0.000, 173.95, 0.00);
insert into SHOT values (4492, 4494, 4507, 2264, 4.820, 280.35, 42.00, 4.820, 280.35, 42.00, 0.000, 359.48, 0.00);
insert into SHOT values (4493, 4494, 4508, 2264, 3.450, 296.45, -31.00, 3.450, 296.45, -31.00, 0.000, 353.15, -0.01);
insert into SHOT values (4494, 4494, 4509, 2264, 9.730, 162.45, -18.00, 9.730, 162.45, -18.00, 0.000, 174.04, 0.00);
insert into SHOT values (4495, 4509, 4510, 2264, 2.320, 309.65, -5.00, 2.320, 309.65, -5.00, 0.000, 3.61, 0.00);
insert into SHOT values (4496, 4509, 4511, 2264, 6.790, 319.15, 11.00, 6.790, 319.15, 11.00, 0.000, 305.71, -0.05);
insert into SHOT values (4497, 4509, 4512, 2264, 1.400, 251.75, 17.10, 1.400, 251.75, 17.10, 0.000, 177.08, -0.00);
insert into SHOT values (4498, 4509, 4513, 2264, 1.340, 197.65, 11.10, 1.340, 197.65, 11.10, 0.000, 0.26, -0.00);
insert into SHOT values (4499, 4509, 4514, 2264, 2.960, 218.65, -31.80, 2.960, 218.65, -31.80, 0.000, 4.97, -0.00);
insert into SHOT values (4500, 4509, 4515, 2264, 6.980, 241.35, -28.90, 6.980, 241.35, -28.90, 0.000, 1.01, 0.00);
insert into SHOT values (4501, 4509, 4516, 2264, 3.490, 249.95, -27.70, 3.490, 249.95, -27.70, 0.000, 190.06, 0.00);
insert into SHOT values (4502, 4509, 4517, 2264, 3.080, 243.75, -37.00, 3.080, 243.75, -37.00, 0.000, 341.39, 0.01);
insert into SHOT values (4503, 4509, 4518, 2264, 15.430, 17.25, -3.10, 15.430, 17.25, -3.10, 0.000, 176.03, -0.01);
insert into SHOT values (4504, 4509, 4519, 2264, 17.070, 28.15, -3.00, 17.070, 28.15, -3.00, 0.000, 347.34, -0.02);
insert into SHOT values (4505, 4509, 4520, 2264, 5.300, 0.35, 79.60, 5.300, 0.35, 79.60, 0.000, 171.27, 0.01);
insert into SHOT values (4506, 4509, 4521, 2264, 6.660, 186.45, 57.40, 6.660, 186.45, 57.40, 0.000, 20.60, -0.00);
insert into SHOT values (4507, 4509, 4522, 2264, 1.910, 75.55, 4.00, 1.910, 75.55, 4.00, 0.000, 167.09, -0.01);
insert into SHOT values (4508, 4509, 4523, 2264, 5.520, 120.45, 21.70, 5.520, 120.45, 21.70, 0.000, 4.26, 0.01);
insert into SHOT values (4509, 4509, 4524, 2264, 14.670, 83.65, 19.30, 14.670, 83.65, 19.30, 0.000, 178.66, 0.01);
insert into SHOT values (4510, 4509, 4525, 2264, 16.910, 100.75, 50.90, 16.910, 100.75, 50.90, 0.000, 163.06, 0.06);
insert into SHOT values (4511, 4509, 4526, 2264, 12.480, 62.95, 15.00, 12.480, 62.95, 15.00, 0.000, 7.12, -0.00);
insert into SHOT values (4512, 4509, 4527, 2264, 10.710, 70.75, 6.30, 10.710, 70.75, 6.30, 0.000, 190.18, -0.01);
insert into SHOT values (4513, 4509, 4528, 2264, 20.350, 105.25, 17.30, 20.350, 105.25, 17.30, 0.000, 179.40, 0.00);
insert into SHOT values (4514, 4509, 4529, 2264, 7.690, 239.25, -23.40, 7.690, 239.25, -23.40, 0.000, 357.43, 0.01);
insert into SHOT values (4515, 4509, 4530, 2264, 14.800, 81.65, 9.70, 14.800, 81.65, 9.70, 0.000, 351.74, -0.00);
insert into SHOT values (4516, 4530, 4531, 2264, 8.510, 160.05, 3.50, 8.510, 160.05, 3.50, 0.000, 2.90, 0.01);
insert into SHOT values (4517, 4530, 4532, 2264, 9.560, 137.45, 12.00, 9.560, 137.45, 12.00, 0.000, 6.68, -0.00);
insert into SHOT values (4518, 4530, 4533, 2264, 3.380, 28.55, 36.90, 3.380, 28.55, 36.90, 0.000, 182.89, -0.01);
insert into SHOT values (4519, 4530, 4534, 2264, 2.230, 329.25, -23.30, 2.230, 329.25, -23.30, 0.000, 184.93, -0.00);
insert into SHOT values (4520, 4530, 4535, 2264, 7.110, 321.95, -3.40, 7.110, 321.95, -3.40, 0.000, 18.45, 0.02);
insert into SHOT values (4521, 4530, 4536, 2264, 14.910, 334.85, -6.90, 14.910, 334.85, -6.90, 0.000, 67.35, 0.00);
insert into SHOT values (4522, 4530, 4537, 2264, 15.050, 351.25, -4.20, 15.050, 351.25, -4.20, 0.000, 0.61, 0.00);
insert into SHOT values (4523, 4530, 4538, 2264, 19.860, 9.75, -4.50, 19.860, 9.75, -4.50, 0.000, 147.13, -0.00);
insert into SHOT values (4524, 4530, 4539, 2264, 16.280, 16.25, -1.90, 16.280, 16.25, -1.90, 0.000, 21.70, 0.01);
insert into SHOT values (4525, 4530, 4540, 2264, 13.620, 22.55, 0.00, 13.620, 22.55, 0.00, 0.000, 182.20, 0.00);
insert into SHOT values (4526, 4530, 4541, 2264, 7.240, 33.95, -2.30, 7.240, 33.95, -2.30, 0.000, 187.61, -0.00);
insert into SHOT values (4527, 4530, 4542, 2264, 23.820, 36.25, 1.30, 23.820, 36.25, 1.30, 0.000, 189.26, 0.04);
insert into SHOT values (4528, 4530, 4543, 2264, 23.780, 27.75, 5.60, 23.780, 27.75, 5.60, 0.000, 179.69, 0.01);
insert into SHOT values (4529, 4530, 4544, 2264, 30.740, 52.05, 8.20, 30.740, 52.05, 8.20, 0.000, 196.75, 0.01);
insert into SHOT values (4530, 4530, 4545, 2264, 20.850, 39.75, 13.20, 20.850, 39.75, 13.20, 0.000, 181.91, -0.00);
insert into SHOT values (4531, 4530, 4546, 2264, 7.870, 30.75, 31.60, 7.870, 30.75, 31.60, 0.000, 177.75, -0.00);
insert into SHOT values (4532, 4530, 4547, 2264, 3.540, 22.35, 54.90, 3.540, 22.35, 54.90, 0.000, 359.68, -0.00);
insert into SHOT values (4533, 4530, 4548, 2264, 26.620, 40.55, 3.30, 26.620, 40.55, 3.30, 0.000, 174.26, 0.01);
insert into SHOT values (4534, 4548, 4549, 2264, 3.500, 251.45, 67.90, 3.500, 251.45, 67.90, 0.000, 188.26, 0.00);
insert into SHOT values (4535, 4548, 4550, 2264, 6.800, 316.05, 11.00, 6.800, 316.05, 11.00, 0.000, 174.88, 0.01);
insert into SHOT values (4536, 4548, 4551, 2264, 0.960, 286.15, -68.30, 0.960, 286.15, -68.30, 0.000, 6.83, -0.01);
insert into SHOT values (4537, 4548, 4552, 2264, 9.130, 259.95, 1.00, 9.130, 259.95, 1.00, 0.000, 182.23, 0.00);
insert into SHOT values (4538, 4548, 4553, 2264, 11.950, 238.25, 6.50, 11.950, 238.25, 6.50, 0.000, 7.93, -0.01);
insert into SHOT values (4539, 4548, 4554, 2264, 25.270, 233.45, -1.60, 25.270, 233.45, -1.60, 0.000, 2.86, 0.01);
insert into SHOT values (4540, 4548, 4555, 2264, 9.790, 222.65, -11.50, 9.790, 222.65, -11.50, 0.000, 183.54, 0.01);
insert into SHOT values (4541, 4548, 4556, 2264, 30.560, 204.05, 1.80, 30.560, 204.05, 1.80, 0.000, 173.42, -0.00);
insert into SHOT values (4542, 4548, 4557, 2264, 25.930, 194.95, 1.60, 25.930, 194.95, 1.60, 0.000, 178.85, 0.01);
insert into SHOT values (4543, 4548, 4558, 2264, 4.050, 189.25, 44.30, 4.050, 189.25, 44.30, 0.000, 339.16, -0.00);
insert into SHOT values (4544, 4548, 4559, 2264, 15.490, 159.95, 7.00, 15.490, 159.95, 7.00, 0.000, 101.06, 0.03);
insert into SHOT values (4545, 4548, 4560, 2264, 14.040, 157.55, -7.60, 14.040, 157.55, -7.60, 0.000, 9.84, 0.01);
insert into SHOT values (4546, 4548, 4561, 2264, 3.620, 153.75, -20.00, 3.620, 153.75, -20.00, 0.000, 180.88, 0.00);
insert into SHOT values (4547, 4548, 4562, 2264, 26.710, 133.95, 8.50, 26.710, 133.95, 8.50, 0.000, 5.96, -0.01);
insert into SHOT values (4548, 4548, 4563, 2264, 25.190, 131.85, 13.70, 25.190, 131.85, 13.70, 0.000, 0.53, 0.01);
insert into SHOT values (4549, 4548, 4564, 2264, 34.200, 118.45, 3.80, 34.200, 118.45, 3.80, 0.000, 181.06, 0.00);
insert into SHOT values (4550, 4548, 4565, 2264, 21.490, 113.65, 4.00, 21.490, 113.65, 4.00, 0.000, 353.25, -0.00);
insert into SHOT values (4551, 4548, 4566, 2264, 6.410, 89.45, 22.90, 6.410, 89.45, 22.90, 0.000, 3.32, -0.01);
insert into SHOT values (4552, 4548, 4567, 2264, 21.370, 46.25, 7.50, 21.370, 46.25, 7.50, 0.000, 2.64, -0.00);
insert into SHOT values (4553, 4548, 4568, 2264, 12.120, 19.95, 12.60, 12.120, 19.95, 12.60, 0.000, 178.89, 0.01);
insert into SHOT values (4554, 4548, 4569, 2264, 10.420, 57.45, 24.30, 10.420, 57.45, 24.30, 0.000, 7.19, 0.01);
insert into SHOT values (4555, 4548, 4570, 2264, 21.620, 63.75, 16.00, 21.620, 63.75, 16.00, 0.000, 164.41, -0.01);
insert into SHOT values (4556, 4548, 4571, 2264, 18.280, 68.05, 1.70, 18.280, 68.05, 1.70, 0.000, 155.94, -0.05);
insert into SHOT values (4557, 4548, 4572, 2264, 2.640, 73.15, -12.60, 2.640, 73.15, -12.60, 0.000, 188.00, 0.00);
insert into SHOT values (4558, 4548, 4573, 2264, 32.540, 174.45, -1.40, 32.540, 174.45, -1.40, 0.000, 154.31, 0.08);
insert into SHOT values (4559, 4548, 4574, 2264, 7.800, 258.95, -9.30, 7.800, 258.95, -9.30, 0.000, 354.35, 0.00);
insert into SHOT values (4560, 4574, 4575, 2264, 2.530, 359.55, 0.80, 2.530, 359.55, 0.80, 0.000, 342.75, -0.01);
insert into SHOT values (4561, 4574, 4576, 2264, 3.790, 319.35, -18.70, 3.790, 319.35, -18.70, 0.000, 348.07, -0.00);
insert into SHOT values (4562, 4574, 4577, 2264, 3.190, 312.25, 6.50, 3.190, 312.25, 6.50, 0.000, 38.15, -0.03);
insert into SHOT values (4563, 4574, 4578, 2264, 3.460, 298.75, -5.70, 3.460, 298.75, -5.70, 0.000, 177.90, 0.01);
insert into SHOT values (4564, 4574, 4579, 2264, 5.240, 313.75, -8.20, 5.240, 313.75, -8.20, 0.000, 173.46, -0.01);
insert into SHOT values (4565, 4574, 4580, 2264, 23.010, 311.55, -2.10, 23.010, 311.55, -2.10, 0.000, 358.05, 0.00);
insert into SHOT values (4566, 4548, 4581, 2264, 25.450, 125.55, 0.00, 25.352, 125.51, -0.24, 0.147, 315.42, -47.23);
insert into SHOT values (4567, 4581, 4582, 2264, 4.460, 189.85, 37.10, 4.460, 189.85, 37.10, 0.000, 353.56, -0.00);
insert into SHOT values (4568, 4581, 4583, 2264, 0.760, 188.35, 14.60, 0.760, 188.35, 14.60, 0.000, 172.87, -0.00);
insert into SHOT values (4569, 4581, 4584, 2264, 6.870, 250.45, 88.50, 6.870, 250.45, 88.50, 0.000, 357.94, -0.01);
insert into SHOT values (4570, 4581, 4585, 2264, 5.980, 5.35, 36.00, 5.980, 5.35, 36.00, 0.000, 105.00, -0.05);
insert into SHOT values (4571, 4581, 4586, 2264, 6.250, 18.25, 32.80, 6.250, 18.25, 32.80, 0.000, 180.64, -0.00);
insert into SHOT values (4572, 4581, 4587, 2264, 2.470, 3.05, -18.70, 2.470, 3.05, -18.70, 0.000, 6.58, 0.01);
insert into SHOT values (4573, 4581, 4588, 2264, 9.510, 305.95, -11.90, 9.510, 305.95, -11.90, 0.000, 189.22, -0.01);
insert into SHOT values (4574, 4581, 4589, 2264, 10.830, 293.65, 27.40, 10.830, 293.65, 27.40, 0.000, 13.58, -0.00);
insert into SHOT values (4575, 4581, 4590, 2264, 10.600, 297.65, 63.10, 10.600, 297.65, 63.10, 0.000, 356.41, 0.02);
insert into SHOT values (4576, 4581, 4591, 2264, 9.860, 111.05, 24.90, 9.860, 111.05, 24.90, 0.000, 173.97, -0.00);
insert into SHOT values (4577, 4581, 4592, 2264, 15.840, 84.55, 20.20, 15.840, 84.55, 20.20, 0.000, 175.11, 0.00);
insert into SHOT values (4578, 4581, 4593, 2264, 17.890, 67.55, 20.10, 17.890, 67.55, 20.10, 0.000, 178.90, -0.01);
insert into SHOT values (4579, 4581, 4594, 2264, 26.760, 88.45, 25.90, 26.760, 88.45, 25.90, 0.000, 30.11, -0.07);
insert into SHOT values (4580, 4581, 4595, 2264, 11.720, 83.45, 47.20, 11.720, 83.45, 47.20, 0.000, 32.85, -0.01);
insert into SHOT values (4581, 4581, 4596, 2264, 19.230, 58.75, 33.80, 19.230, 58.75, 33.80, 0.000, 8.01, 0.01);
insert into SHOT values (4582, 4581, 4597, 2264, 17.740, 62.35, 17.20, 17.740, 62.35, 17.20, 0.000, 175.83, 0.00);
insert into SHOT values (4583, 4581, 4598, 2264, 15.200, 58.35, 11.80, 15.200, 58.35, 11.80, 0.000, 179.80, 0.01);
insert into SHOT values (4584, 4581, 4599, 2264, 8.990, 61.55, 5.60, 8.990, 61.55, 5.60, 0.000, 7.47, 0.00);
insert into SHOT values (4585, 4581, 4600, 2264, 5.550, 65.95, -3.90, 5.550, 65.95, -3.90, 0.000, 169.23, -0.01);
insert into SHOT values (4586, 4581, 4601, 2264, 4.580, 32.65, 11.10, 4.580, 32.65, 11.10, 0.000, 4.44, 0.01);
insert into SHOT values (4587, 4581, 4602, 2264, 7.240, 35.25, 38.10, 7.240, 35.25, 38.10, 0.000, 354.40, -0.00);
insert into SHOT values (4588, 4581, 4603, 2264, 6.830, 44.25, 17.10, 6.830, 44.25, 17.10, 0.000, 180.45, 0.00);
insert into SHOT values (4589, 4581, 4604, 2264, 17.040, 57.65, 17.60, 17.014, 57.47, 17.47, 0.070, 313.03, -40.82);
insert into SHOT values (4590, 4604, 4605, 2264, 5.230, 331.35, 15.70, 5.230, 331.35, 15.70, 0.000, 1.55, 0.00);
insert into SHOT values (4591, 4604, 4606, 2264, 7.010, 104.65, 14.70, 7.010, 104.65, 14.70, 0.000, 11.90, -0.02);
insert into SHOT values (4592, 4604, 4607, 2264, 1.390, 114.45, -36.70, 1.390, 114.45, -36.70, 0.000, 195.60, -0.02);
insert into SHOT values (4593, 4604, 4608, 2264, 8.970, 53.45, 38.00, 8.970, 53.45, 38.00, 0.000, 19.61, -0.06);
insert into SHOT values (4594, 4604, 4609, 2264, 22.450, 53.35, 15.60, 22.450, 53.35, 15.60, 0.000, 334.59, 0.00);
insert into SHOT values (4595, 4604, 4610, 2264, 34.420, 57.35, 9.60, 34.420, 57.35, 9.60, 0.000, 201.51, -0.01);
insert into SHOT values (4596, 4604, 4611, 2264, 29.660, 50.35, 6.00, 29.660, 50.35, 6.00, 0.000, 164.66, 0.00);
insert into SHOT values (4597, 4604, 4612, 2264, 14.750, 37.95, 7.20, 14.750, 37.95, 7.20, 0.000, 173.81, -0.02);
insert into SHOT values (4598, 4604, 4613, 2264, 7.180, 18.65, 15.60, 7.180, 18.65, 15.60, 0.000, 359.29, -0.01);
insert into SHOT values (4599, 4604, 4614, 2264, 2.390, 60.05, -21.70, 2.390, 60.05, -21.70, 0.000, 355.73, -0.00);
insert into SHOT values (4600, 4604, 4615, 2264, 10.350, 49.95, -4.50, 10.350, 49.95, -4.50, 0.000, 345.97, 0.01);
insert into SHOT values (4601, 4604, 4616, 2264, 11.210, 64.45, 4.90, 11.210, 64.45, 4.90, 0.000, 12.11, -0.01);
insert into SHOT values (4602, 4604, 4617, 2264, 27.780, 56.05, 3.60, 27.757, 55.81, 3.34, 0.173, 318.50, -47.68);
insert into SHOT values (4603, 4617, 4618, 2264, 3.760, 15.85, 15.60, 3.760, 15.85, 15.60, 0.000, 182.30, -0.00);
insert into SHOT values (4604, 4617, 4619, 2264, 5.090, 74.25, 80.60, 5.090, 74.25, 80.60, 0.000, 356.61, -0.00);
insert into SHOT values (4605, 4617, 4620, 2264, 6.620, 146.95, 70.60, 6.620, 146.95, 70.60, 0.000, 172.15, 0.01);
insert into SHOT values (4606, 4617, 4621, 2264, 5.560, 164.15, 38.70, 5.560, 164.15, 38.70, 0.000, 196.35, -0.01);
insert into SHOT values (4607, 4617, 4622, 2264, 7.180, 164.95, 11.40, 7.180, 164.95, 11.40, 0.000, 4.33, -0.01);
insert into SHOT values (4608, 4617, 4623, 2264, 0.540, 126.35, -54.70, 0.540, 126.35, -54.70, 0.000, 349.61, 0.00);
insert into SHOT values (4609, 4617, 4624, 2264, 5.420, 302.55, 3.30, 5.420, 302.55, 3.30, 0.000, 181.60, 0.01);
insert into SHOT values (4610, 4617, 4625, 2264, 9.380, 274.15, -20.00, 9.380, 274.15, -20.00, 0.000, 165.78, -0.01);
insert into SHOT values (4611, 4617, 4626, 2264, 7.170, 273.65, 20.80, 7.170, 273.65, 20.80, 0.000, 177.84, 0.01);
insert into SHOT values (4612, 4617, 4627, 2264, 5.140, 255.15, 60.40, 5.140, 255.15, 60.40, 0.000, 0.34, 0.01);
insert into SHOT values (4613, 4617, 4628, 2264, 10.020, 214.65, 19.80, 10.020, 214.65, 19.80, 0.000, 351.19, -0.01);
insert into SHOT values (4614, 4617, 4629, 2264, 9.590, 233.35, -2.90, 9.590, 233.35, -2.90, 0.000, 211.87, 0.04);
insert into SHOT values (4615, 4617, 4630, 2264, 9.360, 51.35, 13.60, 9.360, 51.35, 13.60, 0.000, 351.80, 0.00);
insert into SHOT values (4616, 4617, 4631, 2264, 19.500, 63.35, 10.10, 19.500, 63.35, 10.10, 0.000, 170.47, 0.01);
insert into SHOT values (4617, 4617, 4632, 2264, 16.790, 84.85, 8.60, 16.790, 84.85, 8.60, 0.000, 172.96, -0.01);
insert into SHOT values (4618, 4617, 4633, 2264, 9.230, 103.85, 13.30, 9.230, 103.85, 13.30, 0.000, 164.36, -0.01);
insert into SHOT values (4619, 4617, 4634, 2264, 5.530, 78.65, -10.10, 5.530, 78.65, -10.10, 0.000, 3.44, 0.02);
insert into SHOT values (4620, 4617, 4635, 2264, 14.100, 74.35, 1.00, 14.100, 74.35, 1.00, 0.000, 352.23, -0.00);
insert into SHOT values (4621, 4617, 4636, 2264, 8.200, 77.95, 36.60, 8.200, 77.95, 36.60, 0.000, 3.63, -0.01);
insert into SHOT values (4622, 4617, 4637, 2264, 11.720, 74.45, 23.90, 11.720, 74.45, 23.90, 0.000, 357.80, -0.00);
insert into SHOT values (4623, 4617, 4638, 2264, 19.060, 73.75, 5.00, 19.051, 73.57, 4.82, 0.084, 339.61, -46.18);
insert into SHOT values (4624, 4638, 4639, 2264, 3.750, 178.05, 10.10, 3.750, 178.05, 10.10, 0.000, 291.72, 0.02);
insert into SHOT values (4625, 4638, 4640, 2264, 5.770, 106.45, 72.50, 5.770, 106.45, 72.50, 0.000, 25.84, -0.02);
insert into SHOT values (4626, 4638, 4641, 2264, 3.720, 11.45, 28.70, 3.720, 11.45, 28.70, 0.000, 167.10, -0.01);
insert into SHOT values (4627, 4638, 4642, 2264, 0.630, 80.45, -70.20, 0.630, 80.45, -70.20, 0.000, 343.62, 0.02);
insert into SHOT values (4628, 4638, 4643, 2264, 6.200, 79.85, -12.00, 6.200, 79.85, -12.00, 0.000, 184.14, -0.01);
insert into SHOT values (4629, 4638, 4644, 2264, 15.330, 78.75, -4.30, 15.330, 78.75, -4.30, 0.000, 351.79, -0.00);
insert into SHOT values (4630, 4638, 4645, 2264, 23.560, 79.45, -1.90, 23.560, 79.45, -1.90, 0.000, 4.38, -0.01);
insert into SHOT values (4631, 4638, 4646, 2264, 12.490, 68.25, 3.30, 12.490, 68.25, 3.30, 0.000, 1.50, 0.00);
insert into SHOT values (4632, 4638, 4647, 2264, 8.150, 57.25, 6.40, 8.150, 57.25, 6.40, 0.000, 163.16, 0.02);
insert into SHOT values (4633, 4638, 4648, 2264, 30.510, 80.85, 4.00, 30.510, 80.85, 4.00, 0.000, 8.94, 0.00);
insert into SHOT values (4634, 4638, 4649, 2264, 18.600, 84.85, 14.40, 18.600, 84.85, 14.40, 0.000, 1.96, 0.01);
insert into SHOT values (4635, 4638, 4650, 2264, 10.040, 99.95, 11.50, 10.040, 99.95, 11.50, 0.000, 299.96, -0.00);
insert into SHOT values (4636, 4638, 4651, 2264, 25.340, 74.45, 1.50, 25.340, 74.22, 1.26, 0.146, 345.66, -47.16);
insert into SHOT values (4637, 4651, 4652, 2264, 5.400, 155.75, 0.80, 5.400, 155.75, 0.80, 0.000, 6.17, -0.01);
insert into SHOT values (4638, 4651, 4653, 2264, 3.090, 132.95, -35.10, 3.090, 132.95, -35.10, 0.000, 354.14, -0.03);
insert into SHOT values (4639, 4651, 4654, 2264, 4.150, 67.05, 78.00, 4.150, 67.05, 78.00, 0.000, 7.26, -0.01);
insert into SHOT values (4640, 4651, 4655, 2264, 10.090, 318.95, 13.60, 10.090, 318.95, 13.60, 0.000, 182.67, 0.00);
insert into SHOT values (4641, 4651, 4656, 2264, 33.130, 329.05, 9.70, 33.130, 329.05, 9.70, 0.000, 182.69, 0.00);
insert into SHOT values (4642, 4651, 4657, 2264, 31.870, 342.35, 13.60, 31.870, 342.35, 13.60, 0.000, 174.76, -0.00);
insert into SHOT values (4643, 4651, 4658, 2264, 6.610, 355.85, 19.50, 6.610, 355.85, 19.50, 0.000, 205.75, -0.01);
insert into SHOT values (4644, 4651, 4659, 2264, 4.240, 1.35, 43.50, 4.240, 1.35, 43.50, 0.000, 103.64, -0.05);
insert into SHOT values (4645, 4651, 4660, 2264, 13.970, 338.05, 25.80, 13.970, 338.05, 25.80, 0.000, 208.47, 0.04);
insert into SHOT values (4646, 4651, 4661, 2264, 11.860, 337.05, 8.80, 11.860, 337.05, 8.80, 0.000, 213.15, 0.02);
insert into SHOT values (4647, 4651, 4662, 2264, 2.750, 328.55, 1.70, 2.750, 328.55, 1.70, 0.000, 353.14, 0.00);
insert into SHOT values (4648, 4651, 4663, 2264, 9.260, 295.95, 18.50, 9.260, 295.95, 18.50, 0.000, 358.21, 0.00);
insert into SHOT values (4649, 4651, 4664, 2264, 13.280, 285.95, 11.70, 13.280, 285.95, 11.70, 0.000, 5.73, 0.00);
insert into SHOT values (4650, 4651, 4665, 2264, 10.140, 272.65, 19.00, 10.140, 272.65, 19.00, 0.000, 187.64, -0.01);
insert into SHOT values (4651, 4651, 4666, 2264, 15.890, 269.65, 9.20, 15.890, 269.65, 9.20, 0.000, 347.48, 0.00);
insert into SHOT values (4652, 4651, 4667, 2264, 8.880, 282.45, 4.50, 8.880, 282.45, 4.50, 0.000, 353.41, 0.01);
insert into SHOT values (4653, 4651, 4668, 2264, 7.590, 270.35, -3.80, 7.590, 270.35, -3.80, 0.000, 182.26, -0.01);
insert into SHOT values (4654, 4651, 4669, 2264, 2.390, 298.85, -7.90, 2.390, 298.85, -7.90, 0.000, 77.04, 0.02);
insert into SHOT values (4655, 4651, 4670, 2264, 5.070, 163.65, -7.70, 5.070, 163.65, -7.70, 0.000, 353.86, 0.01);
insert into SHOT values (4656, 4651, 4671, 2264, 7.510, 205.75, 3.00, 7.510, 205.75, 3.00, 0.000, 180.83, 0.01);
insert into SHOT values (4657, 4651, 4672, 2264, 12.700, 231.25, -0.20, 12.700, 231.25, -0.20, 0.000, 4.75, -0.00);
insert into SHOT values (4658, 4651, 4673, 2264, 3.770, 227.25, -30.50, 3.770, 227.25, -30.50, 0.000, 4.51, 0.00);
insert into SHOT values (4659, 4651, 4674, 2264, 10.860, 259.75, -6.10, 10.860, 259.75, -6.10, 0.000, 349.26, 0.02);
insert into SHOT values (4660, 4651, 4675, 2264, 18.240, 245.95, 6.70, 18.240, 245.95, 6.70, 0.000, 357.29, 0.00);
insert into SHOT values (4661, 4651, 4676, 2264, 6.780, 49.65, 19.00, 6.780, 49.65, 19.00, 0.000, 188.57, 0.00);
insert into SHOT values (4662, 4651, 4677, 2264, 15.910, 55.95, 31.80, 15.910, 55.95, 31.80, 0.000, 198.17, -0.02);
insert into SHOT values (4663, 4651, 4678, 2264, 14.110, 73.55, 19.90, 14.110, 73.55, 19.90, 0.000, 173.45, 0.01);
insert into SHOT values (4664, 4651, 4679, 2264, 15.750, 57.85, 14.20, 15.750, 57.85, 14.20, 0.000, 47.31, 0.03);
insert into SHOT values (4665, 4651, 4680, 2264, 25.680, 48.75, 20.10, 25.680, 48.75, 20.10, 0.000, 334.01, 0.04);
insert into SHOT values (4666, 4651, 4681, 2264, 19.380, 60.35, 21.80, 19.422, 60.23, 21.71, 0.064, 23.88, -10.87);
insert into SHOT values (4667, 4651, 4682, 2264, 11.340, 277.65, 5.50, 11.357, 277.74, 5.52, 0.026, 327.33, 13.20);
insert into SHOT values (4668, 4682, 4683, 2264, 2.840, 196.35, 24.80, 2.840, 196.35, 24.80, 0.000, 213.70, 0.01);
insert into SHOT values (4669, 4682, 4684, 2264, 0.900, 195.55, 10.20, 0.900, 195.55, 10.20, 0.000, 8.70, -0.01);
insert into SHOT values (4670, 4682, 4685, 2264, 2.140, 307.45, 82.00, 2.140, 307.45, 82.00, 0.000, 182.28, 0.00);
insert into SHOT values (4671, 4682, 4686, 2264, 2.810, 348.25, 27.90, 2.810, 348.25, 27.90, 0.000, 353.86, 0.00);
insert into SHOT values (4672, 4682, 4687, 2264, 1.410, 354.95, -11.00, 1.410, 354.95, -11.00, 0.000, 356.58, 0.01);
insert into SHOT values (4673, 4682, 4688, 2264, 1.380, 275.95, -19.90, 1.380, 275.95, -19.90, 0.000, 176.35, 0.01);
insert into SHOT values (4674, 4682, 4689, 2264, 7.430, 274.85, -6.30, 7.430, 274.85, -6.30, 0.000, 337.53, 0.04);
insert into SHOT values (4675, 4682, 4690, 2264, 20.120, 274.45, 4.00, 20.120, 274.45, 4.00, 0.000, 356.92, 0.01);
insert into SHOT values (4676, 4682, 4691, 2264, 5.340, 272.25, 21.70, 5.340, 272.25, 21.70, 0.000, 261.67, -0.03);
insert into SHOT values (4677, 4682, 4692, 2264, 9.720, 260.15, 6.10, 9.720, 260.15, 6.10, 0.000, 359.33, 0.01);
insert into SHOT values (4678, 4682, 4693, 2264, 17.660, 265.65, 1.00, 17.660, 265.65, 1.00, 0.000, 352.43, -0.01);
insert into SHOT values (4679, 4682, 4694, 2264, 13.320, 282.95, 0.90, 13.320, 282.95, 0.90, 0.000, 71.31, 0.06);
insert into SHOT values (4680, 4682, 4695, 2264, 23.690, 279.55, 0.30, 23.690, 279.55, 0.30, 0.000, 174.48, -0.00);
insert into SHOT values (4681, 4682, 4696, 2264, 24.420, 276.25, -3.00, 24.444, 276.46, -2.94, 0.098, 350.62, 15.36);
insert into SHOT values (4682, 4696, 4697, 2264, 4.080, 197.65, 14.20, 4.080, 197.65, 14.20, 0.000, 2.18, 0.00);
insert into SHOT values (4683, 4696, 4698, 2264, 1.450, 200.65, -27.40, 1.450, 200.65, -27.40, 0.000, 186.86, -0.01);
insert into SHOT values (4684, 4696, 4699, 2264, 1.590, 356.85, 20.20, 1.590, 356.85, 20.20, 0.000, 172.13, 0.01);
insert into SHOT values (4685, 4696, 4700, 2264, 2.100, 306.25, 75.80, 2.100, 306.25, 75.80, 0.000, 158.88, -0.02);
insert into SHOT values (4686, 4696, 4701, 2264, 6.150, 260.05, 0.70, 6.150, 260.05, 0.70, 0.000, 8.83, -0.02);
insert into SHOT values (4687, 4696, 4702, 2264, 11.070, 318.15, -15.30, 11.070, 318.15, -15.30, 0.000, 72.46, -0.06);
insert into SHOT values (4688, 4696, 4703, 2264, 1.500, 244.85, -37.30, 1.500, 244.85, -37.30, 0.000, 176.45, -0.01);
insert into SHOT values (4689, 4696, 4704, 2264, 5.900, 278.15, -31.40, 5.900, 278.15, -31.40, 0.000, 16.91, -0.02);
insert into SHOT values (4690, 4696, 4705, 2264, 20.900, 299.85, -5.40, 20.962, 299.92, -5.33, 0.071, 321.46, 15.41);
insert into SHOT values (4691, 4705, 4706, 2264, 13.510, 141.05, -6.50, 13.510, 141.05, -6.50, 0.000, 4.53, 0.00);
insert into SHOT values (4692, 4705, 4707, 2264, 11.600, 23.15, 12.40, 11.600, 23.15, 12.40, 0.000, 355.69, 0.01);
insert into SHOT values (4693, 4705, 4708, 2264, 1.070, 14.95, -22.50, 1.070, 14.95, -22.50, 0.000, 53.71, 0.04);
insert into SHOT values (4694, 4705, 4709, 2264, 2.880, 82.25, 67.60, 2.880, 82.25, 67.60, 0.000, 203.25, 0.00);
insert into SHOT values (4695, 4705, 4710, 2264, 9.220, 90.05, 18.30, 9.220, 90.05, 18.30, 0.000, 171.16, -0.00);
insert into SHOT values (4696, 4705, 4711, 2264, 24.950, 101.75, 3.80, 24.950, 101.75, 3.80, 0.000, 168.40, -0.02);
insert into SHOT values (4697, 4705, 4712, 2264, 18.050, 319.15, 7.90, 18.050, 319.15, 7.90, 0.000, 353.45, 0.00);
insert into SHOT values (4698, 4705, 4713, 2264, 15.280, 188.85, -0.70, 15.280, 188.85, -0.70, 0.000, 329.05, 0.03);
insert into SHOT values (4699, 4705, 4714, 2264, 13.020, 161.05, 0.80, 13.020, 161.05, 0.80, 0.000, 345.76, -0.01);
insert into SHOT values (4700, 4705, 4715, 2264, 18.880, 222.85, 4.30, 18.880, 222.85, 4.30, 0.000, 351.85, 0.01);
insert into SHOT values (4701, 4705, 4716, 2264, 9.970, 199.95, 16.80, 9.970, 199.95, 16.80, 0.000, 357.96, -0.00);
insert into SHOT values (4702, 4705, 4717, 2264, 8.770, 209.75, -1.70, 8.774, 209.90, -1.79, 0.027, 291.90, -31.90);
insert into SHOT values (4703, 4717, 4718, 2264, 9.350, 282.15, 1.60, 9.350, 282.15, 1.60, 0.000, 357.45, -0.01);
insert into SHOT values (4704, 4717, 4719, 2264, 3.090, 60.75, 79.90, 3.090, 60.75, 79.90, 0.000, 172.50, -0.00);
insert into SHOT values (4705, 4717, 4720, 2264, 10.780, 104.45, 9.10, 10.780, 104.45, 9.10, 0.000, 175.93, 0.00);
insert into SHOT values (4706, 4717, 4721, 2264, 11.230, 250.65, -3.70, 11.230, 250.65, -3.70, 0.000, 2.22, 0.01);
insert into SHOT values (4707, 4717, 4722, 2264, 12.910, 228.55, -7.50, 12.910, 228.55, -7.50, 0.000, 10.15, 0.01);
insert into SHOT values (4708, 4717, 4723, 2264, 33.880, 213.35, -4.30, 33.880, 213.35, -4.30, 0.000, 186.97, -0.01);
insert into SHOT values (4709, 4717, 4724, 2264, 15.260, 215.35, 14.10, 15.260, 215.35, 14.10, 0.000, 191.37, -0.01);
insert into SHOT values (4710, 4717, 4725, 2264, 2.800, 200.55, 60.30, 2.800, 200.55, 60.30, 0.000, 32.67, 0.08);
insert into SHOT values (4711, 4717, 4726, 2264, 9.600, 134.45, -6.10, 9.600, 134.45, -6.10, 0.000, 174.43, 0.01);
insert into SHOT values (4712, 4717, 4727, 2264, 8.180, 187.75, -28.20, 8.180, 187.75, -28.20, 0.000, 359.14, 0.00);
insert into SHOT values (4713, 4717, 4728, 2264, 17.200, 192.25, -11.40, 17.200, 192.25, -11.40, 0.000, 183.20, -0.00);
insert into SHOT values (4714, 4717, 4548, 2264, 51.210, 234.98, -6.69, 51.312, 235.40, -7.15, 0.571, 317.52, -48.11);
insert into SHOT values (4715, 4705, 4729, 2264, 10.900, 345.75, 0.80, 10.912, 345.50, 0.78, 0.049, 269.80, -5.05);
insert into SHOT values (4716, 4729, 4730, 2264, 5.670, 81.85, 9.30, 5.670, 81.85, 9.30, 0.000, 358.68, -0.01);
insert into SHOT values (4717, 4729, 4731, 2264, 6.940, 46.95, 2.70, 6.940, 46.95, 2.70, 0.000, 173.31, -0.01);
insert into SHOT values (4718, 4729, 4732, 2264, 4.120, 11.45, -13.80, 4.120, 11.45, -13.80, 0.000, 344.27, -0.01);
insert into SHOT values (4719, 4729, 4733, 2264, 9.780, 20.75, -5.20, 9.780, 20.75, -5.20, 0.000, 188.92, -0.01);
insert into SHOT values (4720, 4729, 4734, 2264, 5.380, 9.55, 22.20, 5.380, 9.55, 22.20, 0.000, 8.96, -0.00);
insert into SHOT values (4721, 4729, 4735, 2264, 12.980, 12.45, 2.20, 12.980, 12.45, 2.20, 0.000, 175.29, -0.01);
insert into SHOT values (4722, 4729, 4736, 2264, 10.250, 348.85, -2.40, 10.250, 348.85, -2.40, 0.000, 173.91, 0.00);
insert into SHOT values (4723, 4729, 4737, 2264, 5.800, 333.25, 3.20, 5.800, 333.25, 3.20, 0.000, 18.44, -0.02);
insert into SHOT values (4724, 4729, 4738, 2264, 3.380, 337.25, 68.90, 3.380, 337.25, 68.90, 0.000, 7.26, 0.00);
insert into SHOT values (4725, 4729, 4739, 2264, 8.900, 292.05, 12.20, 8.900, 292.05, 12.20, 0.000, 191.57, 0.01);
insert into SHOT values (4726, 4729, 4740, 2264, 15.840, 33.35, 0.10, 15.797, 33.11, 0.07, 0.078, 269.72, -6.46);
insert into SHOT values (4727, 4740, 4741, 2264, 4.630, 315.55, 6.80, 4.630, 315.55, 6.80, 0.000, 9.97, 0.00);
insert into SHOT values (4728, 4740, 4742, 2264, 0.580, 10.35, -45.50, 0.580, 10.35, -45.50, 0.000, 349.81, -0.02);
insert into SHOT values (4729, 4740, 4743, 2264, 2.370, 68.45, 74.20, 2.370, 68.45, 74.20, 0.000, 178.90, 0.00);
insert into SHOT values (4730, 4740, 4744, 2264, 10.680, 2.95, 19.20, 10.680, 2.95, 19.20, 0.000, 5.18, -0.01);
insert into SHOT values (4731, 4740, 4745, 2264, 18.100, 19.95, 13.70, 18.100, 19.95, 13.70, 0.000, 214.21, -0.01);
insert into SHOT values (4732, 4740, 4746, 2264, 3.320, 28.55, 12.00, 3.320, 28.55, 12.00, 0.000, 359.02, -0.01);
insert into SHOT values (4733, 4740, 4747, 2264, 14.590, 32.15, 17.50, 14.590, 32.15, 17.50, 0.000, 353.40, 0.01);
insert into SHOT values (4734, 4740, 4748, 2264, 13.940, 41.05, 16.30, 13.940, 41.05, 16.30, 0.000, 342.99, 0.00);
insert into SHOT values (4735, 4740, 4749, 2264, 12.170, 80.65, 19.80, 12.170, 80.65, 19.80, 0.000, 192.71, 0.01);
insert into SHOT values (4736, 4740, 4750, 2264, 12.580, 90.25, 14.70, 12.580, 90.25, 14.70, 0.000, 0.28, -0.00);
insert into SHOT values (4737, 4740, 4751, 2264, 4.540, 137.15, 19.20, 4.540, 137.15, 19.20, 0.000, 24.30, 0.00);
insert into SHOT values (4738, 4740, 4752, 2264, 5.610, 99.75, 18.00, 5.593, 99.78, 18.04, 0.018, 269.54, -4.61);
insert into SHOT values (4739, 4752, 4753, 2264, 6.780, 105.75, 9.80, 6.780, 105.75, 9.80, 0.000, 8.83, 0.01);
insert into SHOT values (4740, 4752, 4754, 2264, 7.870, 80.45, 8.20, 7.870, 80.45, 8.20, 0.000, 4.35, -0.00);
insert into SHOT values (4741, 4752, 4755, 2264, 12.930, 50.95, 8.70, 12.930, 50.95, 8.70, 0.000, 167.35, -0.01);
insert into SHOT values (4742, 4752, 4756, 2264, 3.670, 25.65, 12.10, 3.670, 25.65, 12.10, 0.000, 175.54, -0.01);
insert into SHOT values (4743, 4752, 4757, 2264, 8.690, 124.65, 8.50, 8.690, 124.65, 8.50, 0.000, 174.70, 0.00);
insert into SHOT values (4744, 4752, 4758, 2264, 3.920, 140.35, 18.80, 3.920, 140.35, 18.80, 0.000, 178.57, 0.00);
insert into SHOT values (4745, 4752, 4759, 2264, 2.120, 178.65, 5.40, 2.120, 178.65, 5.40, 0.000, 348.91, -0.00);
insert into SHOT values (4746, 4752, 4760, 2264, 25.360, 147.85, 6.10, 25.360, 147.85, 6.10, 0.000, 174.00, -0.00);
insert into SHOT values (4747, 4752, 4761, 2264, 14.840, 139.35, -0.00, 14.840, 139.35, 0.00, 0.000, 178.86, 0.00);
insert into SHOT values (4748, 4752, 4762, 2264, 9.330, 67.75, 5.30, 9.330, 67.75, 5.30, 0.000, 359.61, 0.01);
insert into SHOT values (4749, 4752, 4763, 2264, 14.330, 67.95, 6.70, 14.330, 67.95, 6.70, 0.000, 177.94, 0.01);
insert into SHOT values (4750, 4752, 4764, 2264, 19.020, 70.85, 9.50, 19.038, 70.22, 9.22, 0.227, 349.56, -22.76);
insert into SHOT values (4751, 4764, 4765, 2264, 6.870, 69.75, 6.40, 6.870, 69.75, 6.40, 0.000, 141.56, 0.03);
insert into SHOT values (4752, 4764, 4766, 2264, 1.950, 90.15, 71.40, 1.950, 90.15, 71.40, 0.000, 197.12, 0.02);
insert into SHOT values (4753, 4764, 4767, 2264, 0.690, 334.95, -29.90, 0.690, 334.95, -29.90, 0.000, 230.54, -0.02);
insert into SHOT values (4754, 4764, 4768, 2264, 2.080, 155.35, 7.80, 2.080, 155.35, 7.80, 0.000, 8.02, 0.01);
insert into SHOT values (4755, 4764, 4769, 2264, 8.460, 132.15, 1.40, 8.460, 132.15, 1.40, 0.000, 3.63, 0.00);
insert into SHOT values (4756, 4764, 4770, 2264, 10.230, 101.25, 5.70, 10.230, 101.25, 5.70, 0.000, 5.47, 0.01);
insert into SHOT values (4757, 4764, 4771, 2264, 7.270, 10.35, 13.70, 7.270, 10.35, 13.70, 0.000, 29.14, 0.01);
insert into SHOT values (4758, 4764, 4772, 2264, 7.630, 294.15, -0.80, 7.630, 294.15, -0.80, 0.000, 163.04, 0.00);
insert into SHOT values (4759, 4764, 4773, 2264, 2.700, 317.05, -9.30, 2.700, 317.05, -9.30, 0.000, 180.20, -0.00);
insert into SHOT values (4760, 4764, 4774, 2264, 7.340, 325.15, 14.50, 7.340, 325.15, 14.50, 0.000, 4.67, 0.00);
insert into SHOT values (4761, 4764, 4775, 2264, 9.320, 112.55, -0.20, 9.320, 112.55, -0.20, 0.000, 6.29, 0.01);
insert into SHOT values (4762, 4764, 4776, 2264, 12.110, 331.65, 4.50, 12.171, 331.52, 4.30, 0.079, 308.14, -28.41);
insert into SHOT values (4763, 4776, 4777, 2264, 1.110, 349.15, -36.40, 1.110, 349.15, -36.40, 0.000, 232.39, -0.03);
insert into SHOT values (4764, 4776, 4778, 2264, 15.390, 336.05, 3.20, 15.390, 336.05, 3.20, 0.000, 183.13, 0.00);
insert into SHOT values (4765, 4776, 4779, 2264, 20.700, 22.45, 3.70, 20.700, 22.45, 3.70, 0.000, 359.93, 0.00);
insert into SHOT values (4766, 4776, 4780, 2264, 7.150, 71.45, 10.60, 7.150, 71.45, 10.60, 0.000, 21.79, -0.01);
insert into SHOT values (4767, 4776, 4781, 2264, 1.500, 351.85, 53.20, 1.500, 351.85, 53.20, 0.000, 172.46, 0.01);
insert into SHOT values (4768, 4776, 4782, 2264, 13.160, 76.55, 17.90, 13.160, 76.55, 17.90, 0.000, 185.93, 0.01);
insert into SHOT values (4769, 4776, 4783, 2264, 5.540, 128.25, 11.60, 5.540, 128.25, 11.60, 0.000, 351.77, -0.00);
insert into SHOT values (4770, 4776, 4784, 2264, 14.010, 100.45, 23.20, 14.010, 100.45, 23.20, 0.000, 15.70, 0.01);
insert into SHOT values (4771, 4776, 4785, 2264, 2.260, 120.55, -22.40, 2.260, 120.55, -22.40, 0.000, 186.03, 0.01);
insert into SHOT values (4772, 4776, 4786, 2264, 7.670, 246.75, -6.40, 7.670, 246.75, -6.40, 0.000, 0.45, 0.02);
insert into SHOT values (4773, 4776, 4787, 2264, 14.250, 263.75, -11.60, 14.250, 263.75, -11.60, 0.000, 293.36, 0.03);
insert into SHOT values (4774, 4776, 4788, 2264, 12.750, 251.75, -7.60, 12.750, 251.75, -7.60, 0.000, 0.14, -0.00);
insert into SHOT values (4775, 4776, 4789, 2264, 5.400, 249.85, -15.50, 5.400, 249.85, -15.50, 0.000, 7.61, 0.00);
insert into SHOT values (4776, 4776, 4790, 2264, 15.040, 243.35, -13.30, 15.035, 243.84, -13.52, 0.138, 342.04, -23.29);
insert into SHOT values (4777, 4790, 4791, 2264, 5.250, 144.05, 7.50, 5.250, 144.05, 7.50, 0.000, 196.39, 0.00);
insert into SHOT values (4778, 4790, 4792, 2264, 2.280, 197.05, 69.60, 2.280, 197.05, 69.60, 0.000, 180.10, 0.01);
insert into SHOT values (4779, 4790, 4793, 2264, 3.780, 299.25, 8.20, 3.780, 299.25, 8.20, 0.000, 356.36, -0.00);
insert into SHOT values (4780, 4790, 4794, 2264, 1.390, 332.95, -49.90, 1.390, 332.95, -49.90, 0.000, 355.72, 0.01);
insert into SHOT values (4781, 4790, 4795, 2264, 2.320, 232.55, 70.40, 2.320, 232.55, 70.40, 0.000, 196.06, 0.02);
insert into SHOT values (4782, 4790, 4796, 2264, 5.220, 68.45, 19.40, 5.220, 68.45, 19.40, 0.000, 188.73, -0.01);
insert into SHOT values (4783, 4790, 4797, 2264, 5.530, 39.75, 4.00, 5.530, 39.75, 4.00, 0.000, 310.54, -0.02);
insert into SHOT values (4784, 4790, 4798, 2264, 3.340, 226.25, 2.10, 3.340, 226.25, 2.10, 0.000, 353.99, -0.01);
insert into SHOT values (4785, 4790, 4799, 2264, 3.340, 226.25, 3.70, 3.336, 226.66, 3.61, 0.025, 325.08, -12.41);
insert into SHOT values (4786, 4799, 4752, 2264, 9.130, 156.15, -4.00, 9.088, 156.27, -4.16, 0.053, 311.94, -25.20);
insert into SHOT values (4787, 4752, 4800, 2264, 9.690, 130.95, 1.20, 9.669, 131.06, 1.18, 0.028, 269.44, -7.23);
insert into SHOT values (4788, 4800, 4801, 2264, 8.050, 220.35, -3.30, 8.050, 220.35, -3.30, 0.000, 358.84, -0.00);
insert into SHOT values (4789, 4800, 4802, 2264, 3.020, 76.65, 23.80, 3.020, 76.65, 23.80, 0.000, 76.90, -0.07);
insert into SHOT values (4790, 4800, 4803, 2264, 1.080, 146.45, -44.00, 1.080, 146.45, -44.00, 0.000, 345.95, -0.01);
insert into SHOT values (4791, 4800, 4804, 2264, 2.450, 202.65, 58.10, 2.450, 202.65, 58.10, 0.000, 312.25, 0.06);
insert into SHOT values (4792, 4800, 4805, 2264, 7.520, 168.95, 7.40, 7.520, 168.95, 7.40, 0.000, 6.26, -0.00);
insert into SHOT values (4793, 4800, 4806, 2264, 13.880, 103.65, 18.40, 13.880, 103.65, 18.40, 0.000, 159.08, 0.01);
insert into SHOT values (4794, 4800, 4807, 2264, 20.690, 136.55, 9.50, 20.690, 136.55, 9.50, 0.000, 4.59, 0.01);
insert into SHOT values (4795, 4800, 4808, 2264, 7.000, 201.95, -5.70, 7.009, 202.12, -5.71, 0.023, 269.60, -5.03);
insert into SHOT values (4796, 4808, 4809, 2264, 9.330, 98.75, 68.70, 9.330, 98.75, 68.70, 0.000, 350.15, 0.01);
insert into SHOT values (4797, 4808, 4810, 2264, 13.040, 86.25, 63.30, 13.040, 86.25, 63.30, 0.000, 185.37, 0.00);
insert into SHOT values (4798, 4808, 4811, 2264, 28.750, 87.95, 28.80, 28.750, 87.95, 28.80, 0.000, 192.68, -0.02);
insert into SHOT values (4799, 4808, 4812, 2264, 13.030, 55.95, 19.70, 13.030, 55.95, 19.70, 0.000, 7.27, 0.01);
insert into SHOT values (4800, 4808, 4813, 2264, 16.710, 79.25, 18.70, 16.710, 79.25, 18.70, 0.000, 4.39, -0.01);
insert into SHOT values (4801, 4808, 4814, 2264, 16.650, 120.95, 14.70, 16.650, 120.95, 14.70, 0.000, 2.58, -0.00);
insert into SHOT values (4802, 4808, 4815, 2264, 1.080, 143.55, -40.40, 1.080, 143.55, -40.40, 0.000, 170.60, 0.01);
insert into SHOT values (4803, 4808, 4816, 2264, 21.760, 198.75, 0.60, 21.760, 198.75, 0.60, 0.000, 0.26, -0.01);
insert into SHOT values (4804, 4808, 4817, 2264, 3.810, 268.95, 3.40, 3.810, 268.95, 3.40, 0.000, 175.02, 0.00);
insert into SHOT values (4805, 4808, 4818, 2264, 15.790, 224.05, -6.80, 15.834, 224.21, -6.81, 0.062, 269.52, -7.91);
insert into SHOT values (4806, 4818, 4705, 2264, 4.990, 283.85, 5.50, 5.006, 283.80, 5.47, 0.017, 269.58, -4.02);
insert into SHOT values (4807, 4808, 4819, 2264, 5.680, 76.85, 11.10, 5.670, 76.75, 11.14, 0.015, 297.22, 7.28);
insert into SHOT values (4808, 4819, 4820, 2264, 0.450, 168.45, 0.50, 0.450, 168.45, 0.50, 0.000, 175.14, 0.00);
insert into SHOT values (4809, 4819, 4821, 2264, 8.740, 114.05, 66.80, 8.740, 114.05, 66.80, 0.000, 184.32, -0.00);
insert into SHOT values (4810, 4819, 4822, 2264, 5.390, 9.45, 21.40, 5.390, 9.45, 21.40, 0.000, 190.78, -0.00);
insert into SHOT values (4811, 4819, 4823, 2264, 2.360, 106.85, -9.50, 2.360, 106.85, -9.50, 0.000, 181.88, 0.00);
insert into SHOT values (4812, 4819, 4824, 2264, 8.070, 100.15, 4.30, 8.070, 100.15, 4.30, 0.000, 193.89, 0.01);
insert into SHOT values (4813, 4819, 4825, 2264, 11.630, 83.75, 15.70, 11.630, 83.75, 15.70, 0.000, 7.60, 0.01);
insert into SHOT values (4814, 4819, 4826, 2264, 36.490, 122.55, 6.60, 36.490, 122.55, 6.60, 0.000, 6.44, 0.00);
insert into SHOT values (4815, 4819, 4827, 2264, 26.900, 100.75, 12.00, 26.856, 100.53, 12.09, 0.116, 343.52, 14.97);
insert into SHOT values (4816, 4827, 4651, 2264, 23.010, 163.15, -15.10, 23.012, 162.95, -15.14, 0.078, 71.07, -13.27);
insert into SHOT values (4817, 4827, 4681, 2264, 25.350, 118.75, 2.60, 25.374, 118.97, 2.65, 0.104, 195.70, 12.78);
insert into SHOT values (4818, 4681, 4828, 2264, 3.740, 162.25, -6.90, 3.740, 162.25, -6.90, 0.000, 353.46, 0.00);
insert into SHOT values (4819, 4681, 4829, 2264, 7.710, 153.45, -40.00, 7.710, 153.45, -40.00, 0.000, 14.56, -0.01);
insert into SHOT values (4820, 4681, 4830, 2264, 11.560, 101.25, -18.40, 11.560, 101.25, -18.40, 0.000, 181.55, -0.00);
insert into SHOT values (4821, 4681, 4831, 2264, 11.990, 73.55, 1.90, 11.990, 73.55, 1.90, 0.000, 191.88, 0.02);
insert into SHOT values (4822, 4681, 4832, 2264, 8.860, 20.35, 6.50, 8.860, 20.35, 6.50, 0.000, 192.30, -0.00);
insert into SHOT values (4823, 4681, 4833, 2264, 4.760, 37.45, 31.90, 4.760, 37.45, 31.90, 0.000, 2.26, 0.00);
insert into SHOT values (4824, 4681, 4834, 2264, 12.030, 59.65, 11.10, 12.030, 59.65, 11.10, 0.000, 18.27, -0.00);
insert into SHOT values (4825, 4681, 4835, 2264, 12.010, 41.45, 7.10, 12.010, 41.45, 7.10, 0.000, 359.02, 0.01);
insert into SHOT values (4826, 4681, 4836, 2264, 13.310, 71.45, 2.30, 13.310, 71.45, 2.30, 0.000, 356.39, 0.00);
insert into SHOT values (4827, 4681, 4837, 2264, 9.560, 56.55, 0.20, 9.560, 56.55, 0.20, 0.000, 189.81, 0.01);
insert into SHOT values (4828, 4681, 4838, 2264, 20.040, 350.25, 4.60, 20.040, 350.25, 4.60, 0.000, 298.76, 0.02);
insert into SHOT values (4829, 4681, 4839, 2264, 35.950, 309.25, -0.20, 35.950, 309.25, -0.20, 0.000, 197.82, -0.01);
insert into SHOT values (4830, 4681, 4840, 2264, 20.420, 306.95, -6.40, 20.420, 306.95, -6.40, 0.000, 191.81, -0.00);
insert into SHOT values (4831, 4681, 4841, 2264, 8.890, 289.45, -25.80, 8.890, 289.45, -25.80, 0.000, 6.50, 0.00);
insert into SHOT values (4832, 4681, 4842, 2264, 9.410, 250.15, -37.50, 9.410, 250.15, -37.50, 0.000, 9.02, 0.00);
insert into SHOT values (4833, 4681, 4843, 2264, 16.510, 57.75, 3.30, 16.510, 57.75, 3.30, 0.000, 174.39, -0.01);
insert into SHOT values (4834, 4843, 4844, 2264, 5.150, 170.75, 2.40, 5.150, 170.75, 2.40, 0.000, 180.65, -0.01);
insert into SHOT values (4835, 4843, 4845, 2264, 2.630, 172.05, -18.00, 2.630, 172.05, -18.00, 0.000, 11.87, -0.01);
insert into SHOT values (4836, 4843, 4846, 2264, 6.960, 134.25, 0.80, 6.960, 134.25, 0.80, 0.000, 2.08, -0.00);
insert into SHOT values (4837, 4843, 4847, 2264, 9.580, 106.55, 9.50, 9.580, 106.55, 9.50, 0.000, 208.59, 0.04);
insert into SHOT values (4838, 4843, 4848, 2264, 6.590, 103.95, 1.60, 6.590, 103.95, 1.60, 0.000, 45.81, -0.01);
insert into SHOT values (4839, 4843, 4849, 2264, 2.040, 93.75, 46.60, 2.040, 93.75, 46.60, 0.000, 191.76, 0.01);
insert into SHOT values (4840, 4843, 4850, 2264, 3.520, 58.65, 16.70, 3.520, 58.65, 16.70, 0.000, 330.59, -0.01);
insert into SHOT values (4841, 4843, 4851, 2264, 3.350, 19.45, -8.10, 3.350, 19.45, -8.10, 0.000, 175.73, -0.00);
insert into SHOT values (4842, 4843, 4852, 2264, 7.700, 30.55, -1.50, 7.700, 30.55, -1.50, 0.000, 14.02, 0.01);
insert into SHOT values (4843, 4843, 4853, 2264, 6.480, 28.75, 13.70, 6.480, 28.75, 13.70, 0.000, 179.87, -0.00);
insert into SHOT values (4844, 4843, 4854, 2264, 5.510, 4.25, 10.40, 5.510, 4.25, 10.40, 0.000, 182.05, 0.00);
insert into SHOT values (4845, 4843, 4855, 2264, 5.900, 327.95, 12.80, 5.900, 327.95, 12.80, 0.000, 347.71, 0.00);
insert into SHOT values (4846, 4843, 4856, 2264, 11.580, 42.25, 8.30, 11.580, 42.25, 8.30, 0.000, 176.33, 0.01);
insert into SHOT values (4847, 4843, 4857, 2264, 7.810, 91.25, 7.50, 7.810, 91.25, 7.50, 0.000, 175.44, -0.00);
insert into SHOT values (4848, 4857, 4858, 2264, 3.290, 167.75, 4.90, 3.290, 167.75, 4.90, 0.000, 359.73, 0.00);
insert into SHOT values (4849, 4857, 4859, 2264, 1.540, 348.35, 14.90, 1.540, 348.35, 14.90, 0.000, 166.59, 0.02);
insert into SHOT values (4850, 4857, 4860, 2264, 2.990, 38.05, 68.30, 2.990, 38.05, 68.30, 0.000, 23.54, 0.01);
insert into SHOT values (4851, 4857, 4861, 2264, 2.510, 113.95, 68.50, 2.510, 113.95, 68.50, 0.000, 27.90, -0.04);
insert into SHOT values (4852, 4857, 4862, 2264, 1.710, 159.75, -28.50, 1.710, 159.75, -28.50, 0.000, 176.18, -0.00);
insert into SHOT values (4853, 4857, 4863, 2264, 4.580, 112.15, -21.40, 4.580, 112.15, -21.40, 0.000, 317.91, -0.00);
insert into SHOT values (4854, 4857, 4864, 2264, 4.340, 97.65, -14.00, 4.340, 97.65, -14.00, 0.000, 18.77, 0.00);
insert into SHOT values (4855, 4857, 4865, 2264, 10.920, 105.05, 4.00, 10.920, 105.05, 4.00, 0.000, 168.37, -0.01);
insert into SHOT values (4856, 4857, 4866, 2264, 12.030, 87.05, 15.00, 12.030, 87.05, 15.00, 0.000, 193.69, -0.01);
insert into SHOT values (4857, 4857, 4867, 2264, 7.710, 75.95, 33.00, 7.710, 75.95, 33.00, 0.000, 193.87, -0.01);
insert into SHOT values (4858, 4857, 4868, 2264, 3.600, 88.95, 52.50, 3.600, 88.95, 52.50, 0.000, 187.47, -0.01);
insert into SHOT values (4859, 4857, 4869, 2264, 5.780, 62.55, 17.70, 5.780, 62.55, 17.70, 0.000, 181.79, -0.00);
insert into SHOT values (4860, 4857, 4870, 2264, 9.880, 74.55, 6.90, 9.880, 74.55, 6.90, 0.000, 348.55, -0.01);
insert into SHOT values (4861, 4870, 4871, 2264, 3.240, 194.75, 67.70, 3.240, 194.75, 67.70, 0.000, 6.12, 0.00);
insert into SHOT values (4862, 4870, 4872, 2264, 5.610, 139.45, 8.30, 5.610, 139.45, 8.30, 0.000, 183.98, -0.01);
insert into SHOT values (4863, 4870, 4873, 2264, 5.970, 189.25, 1.60, 5.970, 189.25, 1.60, 0.000, 175.30, -0.01);
insert into SHOT values (4864, 4870, 4874, 2264, 7.890, 228.25, 0.50, 7.890, 228.25, 0.50, 0.000, 2.99, 0.01);
insert into SHOT values (4865, 4870, 4875, 2264, 2.810, 272.55, 0.50, 2.810, 272.55, 0.50, 0.000, 159.52, 0.01);
insert into SHOT values (4866, 4870, 4876, 2264, 2.500, 342.55, -1.50, 2.500, 342.55, -1.50, 0.000, 6.62, -0.00);
insert into SHOT values (4867, 4870, 4877, 2264, 1.520, 337.15, -24.90, 1.520, 337.15, -24.90, 0.000, 184.95, -0.00);
insert into SHOT values (4868, 4870, 4878, 2264, 3.460, 17.95, 60.90, 3.460, 17.95, 60.90, 0.000, 158.37, 0.02);
insert into SHOT values (4869, 4870, 4879, 2264, 2.160, 45.15, 1.50, 2.160, 45.15, 1.50, 0.000, 168.38, -0.01);
insert into SHOT values (4870, 4870, 4880, 2264, 2.670, 49.95, 16.90, 2.670, 49.95, 16.90, 0.000, 323.75, 0.01);
insert into SHOT values (4871, 4870, 4881, 2264, 3.670, 61.95, 54.40, 3.670, 61.95, 54.40, 0.000, 357.06, 0.00);
insert into SHOT values (4872, 4870, 4882, 2264, 3.960, 112.85, 41.60, 3.960, 112.85, 41.60, 0.000, 165.65, -0.01);
insert into SHOT values (4873, 4870, 4883, 2264, 5.140, 52.25, 22.00, 5.140, 52.25, 22.00, 0.000, 4.03, -0.01);
insert into SHOT values (4874, 4883, 4884, 2264, 2.480, 349.85, 20.40, 2.480, 349.85, 20.40, 0.000, 314.73, 0.07);
insert into SHOT values (4875, 4883, 4885, 2264, 1.910, 10.05, 79.50, 1.910, 10.05, 79.50, 0.000, 178.38, 0.00);
insert into SHOT values (4876, 4883, 4886, 2264, 2.530, 147.85, 17.80, 2.530, 147.85, 17.80, 0.000, 187.72, -0.00);
insert into SHOT values (4877, 4883, 4887, 2264, 0.860, 121.15, -30.20, 0.860, 121.15, -30.20, 0.000, 1.06, 0.01);
insert into SHOT values (4878, 4883, 4888, 2264, 3.400, 57.15, -20.20, 3.400, 57.15, -20.20, 0.000, 245.85, -0.06);
insert into SHOT values (4879, 4883, 4889, 2264, 5.240, 63.25, 0.70, 5.240, 63.25, 0.70, 0.000, 129.62, 0.01);
insert into SHOT values (4880, 4883, 4890, 2264, 8.070, 64.15, 13.60, 8.070, 64.15, 13.60, 0.000, 173.71, 0.01);
insert into SHOT values (4881, 4883, 4891, 2264, 6.570, 57.25, 30.10, 6.570, 57.25, 30.10, 0.000, 308.59, 0.02);
insert into SHOT values (4882, 4883, 4892, 2264, 4.130, 274.75, 9.70, 4.130, 274.75, 9.70, 0.000, 9.99, -0.00);
insert into SHOT values (4883, 4883, 4893, 2264, 8.200, 66.15, 15.80, 8.200, 66.15, 15.80, 0.000, 324.79, -0.03);
insert into SHOT values (4884, 4893, 4894, 2264, 2.450, 156.25, 44.90, 2.450, 156.25, 44.90, 0.000, 0.00, 0.01);
insert into SHOT values (4885, 4893, 4895, 2264, 2.380, 322.95, 23.70, 2.380, 322.95, 23.70, 0.000, 172.75, -0.00);
insert into SHOT values (4886, 4893, 4896, 2264, 1.060, 337.15, -31.70, 1.060, 337.15, -31.70, 0.000, 14.67, -0.01);
insert into SHOT values (4887, 4893, 4897, 2264, 2.080, 207.65, 89.20, 2.080, 207.65, 89.20, 0.000, 350.10, 0.01);
insert into SHOT values (4888, 4893, 4898, 2264, 3.450, 45.35, 54.70, 3.450, 45.35, 54.70, 0.000, 1.03, 0.01);
insert into SHOT values (4889, 4893, 4899, 2264, 5.200, 31.95, 44.00, 5.200, 31.95, 44.00, 0.000, 183.12, 0.00);
insert into SHOT values (4890, 4681, 4900, 2264, 13.230, 349.25, -0.60, 13.230, 349.25, -0.60, 0.000, 12.35, 0.00);
insert into SHOT values (4891, 4900, 4901, 2264, 4.410, 104.35, 3.90, 4.410, 104.35, 3.90, 0.000, 163.87, -0.00);
insert into SHOT values (4892, 4900, 4902, 2264, 3.900, 62.45, -19.00, 3.900, 62.45, -19.00, 0.000, 20.43, 0.01);
insert into SHOT values (4893, 4900, 4903, 2264, 6.630, 6.45, 11.30, 6.630, 6.45, 11.30, 0.000, 184.74, -0.01);
insert into SHOT values (4894, 4900, 4904, 2264, 6.980, 34.35, 54.10, 6.980, 34.35, 54.10, 0.000, 191.33, 0.01);
insert into SHOT values (4895, 4900, 4905, 2264, 9.280, 49.65, 9.50, 9.280, 49.65, 9.50, 0.000, 178.51, 0.01);
insert into SHOT values (4896, 4900, 4906, 2264, 19.910, 61.35, -3.00, 19.910, 61.35, -3.00, 0.000, 175.16, 0.00);
insert into SHOT values (4897, 4900, 4907, 2264, 12.100, 52.05, -7.40, 12.100, 52.05, -7.40, 0.000, 177.25, -0.00);
insert into SHOT values (4898, 4900, 4908, 2264, 14.600, 149.55, 3.60, 14.600, 149.55, 3.60, 0.000, 357.52, -0.00);
insert into SHOT values (4899, 4900, 4909, 2264, 20.370, 196.55, -4.40, 20.370, 196.55, -4.40, 0.000, 174.18, -0.01);
insert into SHOT values (4900, 4900, 4910, 2264, 23.940, 250.55, -7.50, 23.940, 250.55, -7.50, 0.000, 150.71, 0.09);
insert into SHOT values (4901, 4900, 4911, 2264, 26.520, 297.25, 1.80, 26.520, 297.25, 1.80, 0.000, 185.37, -0.00);
insert into SHOT values (4902, 4900, 4912, 2264, 8.450, 277.55, -13.30, 8.450, 277.55, -13.30, 0.000, 198.09, 0.01);
insert into SHOT values (4903, 4900, 4913, 2264, 7.190, 272.85, 14.90, 7.190, 272.85, 14.90, 0.000, 8.52, 0.00);
insert into SHOT values (4904, 4900, 4914, 2264, 2.470, 158.55, -46.00, 2.470, 158.55, -46.00, 0.000, 168.58, 0.03);
insert into SHOT values (4905, 4900, 4915, 2264, 17.540, 38.65, -1.00, 17.540, 38.65, -1.00, 0.000, 190.30, 0.00);
insert into SHOT values (4906, 4900, 4916, 2264, 17.510, 38.75, -1.00, 17.510, 38.75, -1.00, 0.000, 356.30, 0.00);
insert into SHOT values (4907, 4900, 4917, 2264, 20.330, 38.65, -1.00, 20.330, 38.65, -1.00, 0.000, 190.21, 0.01);
insert into SHOT values (4908, 4900, 4918, 2264, 17.500, 38.65, -1.00, 17.500, 38.65, -1.00, 0.000, 11.24, 0.02);
insert into SHOT values (4909, 4916, 4919, 2264, 2.450, 62.75, 71.20, 2.450, 62.75, 71.20, 0.000, 5.08, -0.00);
insert into SHOT values (4910, 4916, 4920, 2264, 8.890, 89.75, 9.20, 8.890, 89.75, 9.20, 0.000, 177.66, -0.01);
insert into SHOT values (4911, 4916, 4921, 2264, 8.730, 48.95, 6.30, 8.730, 48.95, 6.30, 0.000, 152.68, 0.02);
insert into SHOT values (4912, 4916, 4922, 2264, 7.990, 359.75, 10.40, 7.990, 359.75, 10.40, 0.000, 187.16, -0.01);
insert into SHOT values (4913, 4916, 4923, 2264, 2.760, 326.05, -11.20, 2.760, 326.05, -11.20, 0.000, 186.58, -0.01);
insert into SHOT values (4914, 4916, 4924, 2264, 9.280, 259.05, 6.80, 9.280, 259.05, 6.80, 0.000, 202.39, 0.05);
insert into SHOT values (4915, 4916, 4925, 2264, 1.060, 242.05, -45.20, 1.060, 242.05, -45.20, 0.000, 174.21, 0.00);
insert into SHOT values (4916, 4916, 4926, 2264, 9.860, 232.55, 1.40, 9.860, 232.55, 1.40, 0.000, 4.18, -0.01);
insert into SHOT values (4917, 4916, 4927, 2264, 4.110, 210.45, -12.70, 4.110, 210.45, -12.70, 0.000, 353.76, 0.00);
insert into SHOT values (4918, 4916, 4928, 2264, 3.890, 206.85, 26.30, 3.890, 206.85, 26.30, 0.000, 11.28, 0.01);
insert into SHOT values (4919, 4916, 4929, 2264, 9.160, 146.15, -4.00, 9.160, 146.15, -4.00, 0.000, 1.00, 0.00);
insert into SHOT values (4920, 4916, 4930, 2264, 13.790, 34.45, 6.30, 13.790, 34.45, 6.30, 0.000, 2.12, -0.01);
insert into SHOT values (4921, 4916, 4931, 2264, 12.940, 289.85, 9.40, 12.940, 289.85, 9.40, 0.000, 357.39, -0.01);
insert into SHOT values (4922, 4827, 4932, 2264, 14.790, 2.95, 3.50, 14.778, 3.15, 3.60, 0.060, 107.04, 24.25);
insert into SHOT values (4923, 4932, 4933, 2264, 10.890, 248.55, -1.80, 10.890, 248.55, -1.80, 0.000, 352.99, -0.02);
insert into SHOT values (4924, 4932, 4934, 2264, 6.770, 323.65, 1.30, 6.770, 323.65, 1.30, 0.000, 359.39, 0.00);
insert into SHOT values (4925, 4932, 4935, 2264, 10.410, 344.05, 1.60, 10.410, 344.05, 1.60, 0.000, 248.43, 0.02);
insert into SHOT values (4926, 4932, 4936, 2264, 8.490, 92.75, 9.60, 8.490, 92.75, 9.60, 0.000, 166.70, 0.04);
insert into SHOT values (4927, 4932, 4937, 2264, 15.700, 76.05, 10.00, 15.700, 76.05, 10.00, 0.000, 6.85, -0.00);
insert into SHOT values (4928, 4932, 4938, 2264, 12.010, 34.85, 15.60, 12.010, 34.85, 15.60, 0.000, 180.53, 0.01);
insert into SHOT values (4929, 4932, 4939, 2264, 6.890, 34.65, 40.60, 6.890, 34.65, 40.60, 0.000, 237.54, 0.00);
insert into SHOT values (4930, 4932, 4940, 2264, 0.990, 57.75, 76.10, 0.990, 57.75, 76.10, 0.000, 11.34, -0.01);
insert into SHOT values (4931, 4932, 4941, 2264, 4.550, 92.95, -15.60, 4.550, 92.95, -15.60, 0.000, 357.38, 0.00);
insert into SHOT values (4932, 4932, 4942, 2264, 11.150, 350.65, -1.20, 11.129, 350.79, -1.13, 0.037, 118.29, 22.88);
insert into SHOT values (4933, 4942, 4943, 2264, 1.710, 276.15, 10.40, 1.710, 276.15, 10.40, 0.000, 352.55, 0.00);
insert into SHOT values (4934, 4942, 4944, 2264, 7.500, 347.75, -14.40, 7.500, 347.75, -14.40, 0.000, 7.00, 0.00);
insert into SHOT values (4935, 4942, 4945, 2264, 13.030, 18.95, 3.40, 13.030, 18.95, 3.40, 0.000, 353.10, -0.04);
insert into SHOT values (4936, 4942, 4946, 2264, 5.560, 19.75, 18.90, 5.560, 19.75, 18.90, 0.000, 136.83, -0.03);
insert into SHOT values (4937, 4942, 4947, 2264, 4.950, 18.15, 42.80, 4.950, 18.15, 42.80, 0.000, 165.84, 0.01);
insert into SHOT values (4938, 4942, 4948, 2264, 16.030, 352.05, -0.20, 16.030, 352.05, -0.20, 0.000, 188.06, -0.01);
insert into SHOT values (4939, 4942, 4949, 2264, 28.450, 341.75, 2.00, 28.450, 341.75, 2.00, 0.000, 238.38, 0.03);
insert into SHOT values (4940, 4942, 4950, 2264, 18.020, 336.65, -8.90, 18.020, 336.65, -8.90, 0.000, 359.44, -0.01);
insert into SHOT values (4941, 4942, 4951, 2264, 13.900, 312.65, 0.90, 13.900, 312.65, 0.90, 0.000, 179.47, -0.00);
insert into SHOT values (4942, 4942, 4952, 2264, 19.100, 299.45, 5.00, 19.100, 299.45, 5.00, 0.000, 322.94, 0.01);
insert into SHOT values (4943, 4942, 4953, 2264, 5.490, 303.45, 19.90, 5.490, 303.45, 19.90, 0.000, 173.11, 0.00);
insert into SHOT values (4944, 4942, 4954, 2264, 17.260, 119.05, 14.40, 17.260, 119.05, 14.40, 0.000, 297.23, -0.05);
insert into SHOT values (4945, 4942, 4955, 2264, 16.890, 93.65, 9.30, 16.890, 93.65, 9.30, 0.000, 189.48, -0.01);
insert into SHOT values (4946, 4942, 4956, 2264, 5.810, 82.05, 26.80, 5.810, 82.05, 26.80, 0.000, 355.28, -0.04);
insert into SHOT values (4947, 4942, 4957, 2264, 17.810, 65.25, 6.30, 17.810, 65.25, 6.30, 0.000, 7.35, 0.01);
insert into SHOT values (4948, 4942, 4958, 2264, 12.770, 80.25, -1.60, 12.770, 80.25, -1.60, 0.000, 19.12, 0.03);
insert into SHOT values (4949, 4942, 4959, 2264, 3.510, 88.15, -25.00, 3.510, 88.15, -25.00, 0.000, 193.13, 0.01);
insert into SHOT values (4950, 4942, 4960, 2264, 23.670, 82.25, 9.00, 23.670, 82.25, 9.00, 0.000, 177.99, -0.00);
insert into SHOT values (4951, 4960, 4961, 2264, 11.750, 200.55, 2.10, 11.750, 200.55, 2.10, 0.000, 216.23, 0.02);
insert into SHOT values (4952, 4960, 4962, 2264, 1.500, 197.35, -33.80, 1.500, 197.35, -33.80, 0.000, 176.36, 0.01);
insert into SHOT values (4953, 4960, 4963, 2264, 2.350, 255.05, 61.60, 2.350, 255.05, 61.60, 0.000, 1.75, -0.02);
insert into SHOT values (4954, 4960, 4964, 2264, 4.680, 31.65, 55.00, 4.680, 31.65, 55.00, 0.000, 3.43, 0.01);
insert into SHOT values (4955, 4960, 4965, 2264, 6.470, 68.75, 9.60, 6.470, 68.75, 9.60, 0.000, 171.48, 0.00);
insert into SHOT values (4956, 4960, 4966, 2264, 7.750, 90.85, -7.60, 7.750, 90.85, -7.60, 0.000, 2.55, -0.00);
insert into SHOT values (4957, 4960, 4967, 2264, 7.210, 96.15, 10.10, 7.210, 96.15, 10.10, 0.000, 175.51, 0.01);
insert into SHOT values (4958, 4960, 4968, 2264, 12.490, 87.85, 14.30, 12.490, 87.85, 14.30, 0.000, 185.40, 0.01);
insert into SHOT values (4959, 4960, 4969, 2264, 5.350, 65.85, 45.50, 5.350, 65.85, 45.50, 0.000, 352.56, 0.01);
insert into SHOT values (4960, 4960, 4970, 2264, 13.050, 92.35, 9.50, 13.050, 92.35, 9.50, 0.000, 14.18, 0.01);
insert into SHOT values (4961, 4970, 4971, 2264, 1.210, 183.65, 4.80, 1.210, 183.65, 4.80, 0.000, 184.83, -0.00);
insert into SHOT values (4962, 4970, 4972, 2264, 1.720, 152.85, 7.60, 1.720, 152.85, 7.60, 0.000, 193.72, 0.01);
insert into SHOT values (4963, 4970, 4973, 2264, 2.470, 89.55, 69.70, 2.470, 89.55, 69.70, 0.000, 194.30, -0.02);
insert into SHOT values (4964, 4970, 4974, 2264, 2.090, 31.55, 10.00, 2.090, 31.55, 10.00, 0.000, 351.75, -0.00);
insert into SHOT values (4965, 4970, 4975, 2264, 0.740, 165.45, -65.10, 0.740, 165.45, -65.10, 0.000, 1.18, 0.00);
insert into SHOT values (4966, 4970, 4976, 2264, 2.110, 128.85, 66.20, 2.110, 128.85, 66.20, 0.000, 187.03, -0.00);
insert into SHOT values (4967, 4970, 4977, 2264, 2.050, 127.05, 8.50, 2.050, 127.05, 8.50, 0.000, 164.88, 0.01);
insert into SHOT values (4968, 4970, 4978, 2264, 2.650, 125.25, -16.90, 2.650, 125.25, -16.90, 0.000, 293.62, -0.05);
insert into SHOT values (4969, 4970, 4979, 2264, 2.910, 307.65, -16.40, 2.910, 307.65, -16.40, 0.000, 185.61, 0.01);
insert into SHOT values (4970, 4970, 4980, 2264, 2.960, 260.75, -11.10, 2.960, 260.75, -11.10, 0.000, 172.46, 0.01);
insert into SHOT values (4971, 4970, 4981, 2264, 2.500, 278.65, 16.50, 2.500, 278.65, 16.50, 0.000, 178.02, 0.00);
insert into SHOT values (4972, 4970, 4982, 2264, 10.010, 129.45, -11.90, 10.010, 129.45, -11.90, 0.000, 177.81, 0.00);
insert into SHOT values (4973, 4942, 4983, 2264, 18.790, 337.75, -4.60, 18.730, 337.91, -4.50, 0.088, 114.18, 26.08);
insert into SHOT values (4974, 4983, 4984, 2264, 6.200, 100.65, 11.50, 6.200, 100.65, 11.50, 0.000, 16.32, -0.01);
insert into SHOT values (4975, 4983, 4985, 2264, 9.960, 242.65, 9.70, 9.960, 242.65, 9.70, 0.000, 182.03, 0.00);
insert into SHOT values (4976, 4983, 4986, 2264, 6.000, 205.35, 3.30, 6.000, 205.35, 3.30, 0.000, 13.03, 0.00);
insert into SHOT values (4977, 4983, 4987, 2264, 4.890, 167.05, -17.00, 4.890, 167.05, -17.00, 0.000, 332.42, -0.02);
insert into SHOT values (4978, 4983, 4988, 2264, 3.850, 151.25, 61.00, 3.850, 151.25, 61.00, 0.000, 344.74, -0.02);
insert into SHOT values (4979, 4983, 4989, 2264, 7.860, 42.25, 11.80, 7.860, 42.25, 11.80, 0.000, 17.35, 0.01);
insert into SHOT values (4980, 4983, 4990, 2264, 12.390, 3.75, 30.30, 12.390, 3.75, 30.30, 0.000, 157.79, 0.00);
insert into SHOT values (4981, 4983, 4991, 2264, 13.600, 356.75, 54.40, 13.600, 356.75, 54.40, 0.000, 180.73, 0.01);
insert into SHOT values (4982, 4983, 4992, 2264, 3.960, 2.15, 79.50, 3.960, 2.15, 79.50, 0.000, 2.51, 0.01);
insert into SHOT values (4983, 4983, 4993, 2264, 13.550, 324.15, 21.00, 13.550, 324.15, 21.00, 0.000, 324.52, 0.01);
insert into SHOT values (4984, 4983, 4994, 2264, 24.910, 309.65, 7.10, 24.910, 309.65, 7.10, 0.000, 1.21, -0.00);
insert into SHOT values (4985, 4983, 4995, 2264, 29.400, 295.15, 3.70, 29.400, 295.15, 3.70, 0.000, 184.16, -0.01);
insert into SHOT values (4986, 4983, 4996, 2264, 17.290, 294.75, 22.60, 17.290, 294.75, 22.60, 0.000, 2.86, -0.01);
insert into SHOT values (4987, 4983, 4997, 2264, 12.790, 295.75, -7.40, 12.790, 295.75, -7.40, 0.000, 134.26, -0.02);
insert into SHOT values (4988, 4983, 4998, 2264, 27.160, 242.35, -3.80, 27.160, 242.35, -3.80, 0.000, 31.40, 0.25);
insert into SHOT values (4989, 4983, 4999, 2264, 15.140, 75.95, 3.90, 15.140, 75.95, 3.90, 0.000, 248.99, 0.01);
insert into SHOT values (4990, 4999, 5000, 2264, 1.530, 56.35, -82.10, 1.530, 56.35, -82.10, 0.000, 201.74, -0.01);
insert into SHOT values (4991, 4999, 5001, 2264, 1.190, 170.95, 52.10, 1.190, 170.95, 52.10, 0.000, 176.76, 0.02);
insert into SHOT values (4992, 4999, 5002, 2264, 5.710, 199.45, -1.70, 5.710, 199.45, -1.70, 0.000, 172.25, 0.01);
insert into SHOT values (4993, 4999, 5003, 2264, 10.000, 153.75, 11.80, 10.000, 153.75, 11.80, 0.000, 2.82, -0.01);
insert into SHOT values (4994, 4999, 5004, 2264, 12.560, 132.75, 16.60, 12.560, 132.75, 16.60, 0.000, 10.04, -0.00);
insert into SHOT values (4995, 4999, 5005, 2264, 10.150, 111.95, 11.70, 10.150, 111.95, 11.70, 0.000, 182.49, -0.01);
insert into SHOT values (4996, 4999, 5006, 2264, 4.050, 189.15, -18.40, 4.050, 189.15, -18.40, 0.000, 188.11, 0.01);
insert into SHOT values (4997, 4999, 5007, 2264, 5.510, 222.25, -10.70, 5.510, 222.25, -10.70, 0.000, 6.91, -0.01);
insert into SHOT values (4998, 4999, 5008, 2264, 6.910, 134.05, 8.30, 6.910, 134.05, 8.30, 0.000, 355.97, 0.00);
insert into SHOT values (4999, 5008, 5009, 2264, 4.960, 197.05, 16.70, 4.960, 197.05, 16.70, 0.000, 80.49, 0.06);
insert into SHOT values (5000, 5008, 5010, 2264, 5.490, 104.25, 14.50, 5.490, 104.25, 14.50, 0.000, 181.34, -0.01);
insert into SHOT values (5001, 5008, 5011, 2264, 6.060, 21.05, -4.70, 6.060, 21.05, -4.70, 0.000, 0.86, 0.01);
insert into SHOT values (5002, 5008, 5012, 2264, 6.720, 320.15, -11.50, 6.720, 320.15, -11.50, 0.000, 9.74, -0.01);
insert into SHOT values (5003, 5008, 5013, 2264, 6.880, 269.65, -8.70, 6.880, 269.65, -8.70, 0.000, 174.87, -0.00);
insert into SHOT values (5004, 5008, 5014, 2264, 5.840, 294.85, -27.20, 5.840, 294.85, -27.20, 0.000, 1.45, 0.02);
insert into SHOT values (5005, 5008, 5015, 2264, 5.690, 290.85, 49.70, 5.690, 290.85, 49.70, 0.000, 15.78, -0.01);
insert into SHOT values (5006, 5008, 5016, 2264, 5.590, 77.25, 78.20, 5.590, 77.25, 78.20, 0.000, 20.46, 0.04);
insert into SHOT values (5007, 5008, 5017, 2264, 15.930, 87.95, 37.40, 15.930, 87.95, 37.40, 0.000, 4.58, 0.00);
insert into SHOT values (5008, 5008, 5018, 2264, 11.610, 201.35, 35.50, 11.610, 201.35, 35.50, 0.000, 351.26, -0.00);
insert into SHOT values (5009, 4983, 5019, 2264, 21.590, 265.85, -5.00, 21.587, 265.40, -4.87, 0.174, 176.01, 16.92);
insert into SHOT values (5010, 5019, 5020, 2264, 6.150, 304.55, 10.80, 6.150, 304.55, 10.80, 0.000, 355.46, 0.01);
insert into SHOT values (5011, 5019, 5021, 2264, 2.540, 283.45, -43.50, 2.540, 283.45, -43.50, 0.000, 186.66, 0.01);
insert into SHOT values (5012, 5019, 5022, 2264, 2.210, 214.55, 76.90, 2.210, 214.55, 76.90, 0.000, 0.30, -0.01);
insert into SHOT values (5013, 5019, 5023, 2264, 11.790, 182.65, 0.80, 11.790, 182.65, 0.80, 0.000, 358.22, 0.01);
insert into SHOT values (5014, 5019, 5024, 2264, 15.350, 137.75, 5.70, 15.350, 137.75, 5.70, 0.000, 2.81, -0.00);
insert into SHOT values (5015, 5019, 5025, 2264, 11.530, 114.85, 5.80, 11.530, 114.85, 5.80, 0.000, 182.12, -0.00);
insert into SHOT values (5016, 5019, 5026, 2264, 5.890, 97.35, 3.90, 5.890, 97.35, 3.90, 0.000, 19.09, -0.01);
insert into SHOT values (5017, 5019, 5027, 2264, 7.110, 316.65, 12.00, 7.110, 316.65, 12.00, 0.000, 172.21, -0.01);
insert into SHOT values (5018, 5019, 5028, 2264, 10.430, 297.05, 10.00, 10.430, 297.05, 10.00, 0.000, 357.74, -0.01);
insert into SHOT values (5019, 5019, 5029, 2264, 9.040, 253.95, 1.60, 9.040, 253.95, 1.60, 0.000, 351.99, 0.01);
insert into SHOT values (5020, 5019, 5030, 2264, 6.950, 264.85, -9.40, 6.950, 264.85, -9.40, 0.000, 359.59, 0.01);
insert into SHOT values (5021, 5019, 5031, 2264, 40.630, 202.55, -8.10, 40.630, 202.55, -8.10, 0.000, 3.19, -0.00);
insert into SHOT values (5022, 5019, 5032, 2264, 11.500, 282.05, 4.50, 11.480, 281.82, 4.58, 0.052, 167.10, 16.99);
insert into SHOT values (5023, 5032, 5033, 2264, 2.860, 30.85, 17.40, 2.860, 30.85, 17.40, 0.000, 201.43, 0.02);
insert into SHOT values (5024, 5032, 5034, 2264, 2.980, 11.95, 82.60, 2.980, 11.95, 82.60, 0.000, 187.48, -0.00);
insert into SHOT values (5025, 5032, 5035, 2264, 7.870, 223.05, 22.40, 7.870, 223.05, 22.40, 0.000, 9.83, -0.00);
insert into SHOT values (5026, 5032, 5036, 2264, 2.900, 225.15, -27.10, 2.900, 225.15, -27.10, 0.000, 182.06, -0.00);
insert into SHOT values (5027, 5032, 5037, 2264, 5.230, 258.95, -20.10, 5.230, 258.95, -20.10, 0.000, 171.71, -0.01);
insert into SHOT values (5028, 5032, 5038, 2264, 11.090, 267.75, -8.50, 11.090, 267.75, -8.50, 0.000, 15.70, 0.02);
insert into SHOT values (5029, 5032, 5039, 2264, 9.640, 267.55, 12.00, 9.640, 267.55, 12.00, 0.000, 180.02, -0.00);
insert into SHOT values (5030, 5032, 5040, 2264, 7.120, 248.65, 7.40, 7.120, 248.65, 7.40, 0.000, 203.41, 0.04);
insert into SHOT values (5031, 5032, 5041, 2264, 4.920, 301.25, 11.20, 4.920, 301.25, 11.20, 0.000, 181.16, 0.00);
insert into SHOT values (5032, 5032, 5042, 2264, 6.990, 288.55, 8.30, 6.990, 288.55, 8.30, 0.000, 181.79, 0.00);
insert into SHOT values (5033, 5032, 5043, 2264, 7.070, 324.95, 13.00, 7.070, 324.95, 13.00, 0.000, 355.30, -0.00);
insert into SHOT values (5034, 5032, 5044, 2264, 11.720, 343.65, 14.00, 11.720, 343.65, 14.00, 0.000, 174.12, 0.01);
insert into SHOT values (5035, 5032, 5045, 2264, 3.280, 335.05, 2.30, 3.280, 335.05, 2.30, 0.000, 271.82, -0.02);
insert into SHOT values (5036, 5032, 5046, 2264, 4.840, 347.65, 38.10, 4.840, 347.65, 38.10, 0.000, 9.25, 0.01);
insert into SHOT values (5037, 5032, 5047, 2264, 7.740, 359.55, 24.70, 7.740, 359.55, 24.70, 0.000, 349.12, 0.01);
insert into SHOT values (5038, 5032, 5048, 2264, 5.640, 14.85, 22.30, 5.640, 14.85, 22.30, 0.000, 134.41, -0.00);
insert into SHOT values (5039, 5032, 5049, 2264, 2.990, 27.35, 31.40, 2.990, 27.35, 31.40, 0.000, 226.58, 0.04);
insert into SHOT values (5040, 5032, 5050, 2264, 9.530, 344.45, 11.40, 9.509, 344.55, 11.49, 0.030, 129.56, 20.57);
insert into SHOT values (5041, 5050, 5051, 2264, 1.390, 304.05, 20.00, 1.390, 304.05, 20.00, 0.000, 157.98, 0.00);
insert into SHOT values (5042, 5050, 5052, 2264, 4.320, 78.25, 54.30, 4.320, 78.25, 54.30, 0.000, 175.29, -0.00);
insert into SHOT values (5043, 5050, 5053, 2264, 4.590, 117.65, 10.70, 4.590, 117.65, 10.70, 0.000, 124.76, 0.05);
insert into SHOT values (5044, 5050, 5054, 2264, 5.560, 135.55, 4.60, 5.560, 135.55, 4.60, 0.000, 190.73, 0.02);
insert into SHOT values (5045, 5050, 5055, 2264, 3.050, 86.05, -20.60, 3.050, 86.05, -20.60, 0.000, 171.55, 0.00);
insert into SHOT values (5046, 5050, 5056, 2264, 8.140, 51.15, 2.60, 8.140, 51.15, 2.60, 0.000, 350.53, 0.00);
insert into SHOT values (5047, 5050, 5057, 2264, 9.320, 21.85, 6.50, 9.320, 21.85, 6.50, 0.000, 10.03, -0.01);
insert into SHOT values (5048, 5050, 5058, 2264, 8.150, 5.45, 6.20, 8.150, 5.45, 6.20, 0.000, 292.15, 0.00);
insert into SHOT values (5049, 5050, 5059, 2264, 6.070, 59.95, 1.20, 6.070, 59.95, 1.20, 0.000, 2.83, -0.01);
insert into SHOT values (5050, 5050, 5060, 2264, 8.380, 70.65, 0.90, 8.380, 70.65, 0.90, 0.000, 355.15, 0.00);
insert into SHOT values (5051, 5050, 5061, 2264, 10.750, 96.35, 1.20, 10.750, 96.35, 1.20, 0.000, 11.52, -0.00);
insert into SHOT values (5052, 5050, 5062, 2264, 4.340, 78.35, -9.00, 4.340, 78.35, -9.00, 0.000, 185.71, -0.01);
insert into SHOT values (5053, 5050, 5063, 2264, 12.980, 78.95, -2.70, 12.979, 79.22, -2.62, 0.065, 169.65, 17.11);
insert into SHOT values (5054, 5063, 5064, 2264, 2.860, 5.75, 30.10, 2.860, 5.75, 30.10, 0.000, 261.41, 0.05);
insert into SHOT values (5055, 5063, 5065, 2264, 4.800, 125.75, 29.30, 4.800, 125.75, 29.30, 0.000, 8.35, -0.01);
insert into SHOT values (5056, 5063, 5066, 2264, 7.330, 158.35, 2.30, 7.330, 158.35, 2.30, 0.000, 180.59, -0.01);
insert into SHOT values (5057, 5063, 5067, 2264, 8.670, 76.65, 16.00, 8.670, 76.65, 16.00, 0.000, 182.65, -0.01);
insert into SHOT values (5058, 5063, 5068, 2264, 12.990, 96.55, 16.80, 12.990, 96.55, 16.80, 0.000, 356.39, -0.01);
insert into SHOT values (5059, 5063, 5069, 2264, 16.080, 153.35, -5.30, 16.080, 153.35, -5.30, 0.000, 172.79, -0.00);
insert into SHOT values (5060, 5063, 5070, 2264, 14.130, 175.25, -9.60, 14.148, 175.06, -9.50, 0.055, 111.29, 23.60);
insert into SHOT values (5061, 5070, 5071, 2264, 17.820, 145.65, 1.80, 17.891, 145.59, 1.91, 0.080, 131.19, 26.05);
insert into SHOT values (5062, 5071, 4764, 2264, 3.920, 166.95, -15.70, 3.934, 166.91, -15.60, 0.016, 157.75, 10.47);
insert into SHOT values (5063, 4983, 5072, 2264, 15.480, 347.55, 23.70, 15.480, 347.55, 23.70, 0.000, 172.65, 0.01);
insert into SHOT values (5064, 5072, 5073, 2264, 2.520, 286.35, 25.70, 2.520, 286.35, 25.70, 0.000, 357.65, -0.01);
insert into SHOT values (5065, 5072, 5074, 2264, 8.080, 325.85, 76.20, 8.080, 325.85, 76.20, 0.000, 4.46, 0.00);
insert into SHOT values (5066, 5072, 5075, 2264, 13.590, 312.75, 10.10, 13.590, 312.75, 10.10, 0.000, 184.30, -0.00);
insert into SHOT values (5067, 5072, 5076, 2264, 19.960, 344.65, 22.80, 19.960, 344.65, 22.80, 0.000, 185.29, 0.01);
insert into SHOT values (5068, 5072, 5077, 2264, 23.100, 330.15, 7.20, 23.100, 330.15, 7.20, 0.000, 330.33, -0.02);
insert into SHOT values (5069, 5072, 5078, 2264, 6.120, 66.05, 8.90, 6.120, 66.05, 8.90, 0.000, 181.91, -0.01);
insert into SHOT values (5070, 5072, 5079, 2264, 1.860, 53.45, -16.10, 1.860, 53.45, -16.10, 0.000, 172.66, -0.00);
insert into SHOT values (5071, 5072, 5080, 2264, 13.040, 9.75, 11.60, 13.040, 9.75, 11.60, 0.000, 359.14, 0.00);
insert into SHOT values (5072, 5072, 5081, 2264, 16.900, 46.45, 19.60, 16.900, 46.45, 19.60, 0.000, 0.23, -0.01);
insert into SHOT values (5073, 5072, 5082, 2264, 14.530, 10.05, 30.10, 14.530, 10.05, 30.10, 0.000, 181.82, 0.00);
insert into SHOT values (5074, 5072, 5083, 2264, 13.580, 39.65, 21.60, 13.580, 39.65, 21.60, 0.000, 168.45, 0.01);
insert into SHOT values (5075, 5083, 5084, 2264, 9.490, 16.75, 6.70, 9.490, 16.75, 6.70, 0.000, 185.14, 0.00);
insert into SHOT values (5076, 5083, 5085, 2264, 5.040, 297.15, 67.00, 5.040, 297.15, 67.00, 0.000, 174.31, -0.00);
insert into SHOT values (5077, 5083, 5086, 2264, 3.340, 294.85, -30.20, 3.340, 294.85, -30.20, 0.000, 353.30, 0.00);
insert into SHOT values (5078, 5083, 5087, 2264, 6.860, 269.75, -32.60, 6.860, 269.75, -32.60, 0.000, 3.89, 0.02);
insert into SHOT values (5079, 5083, 5088, 2264, 18.320, 273.25, -11.40, 18.320, 273.25, -11.40, 0.000, 346.75, 0.00);
insert into SHOT values (5080, 5083, 5089, 2264, 27.660, 256.15, -8.20, 27.660, 256.15, -8.20, 0.000, 172.44, 0.01);
insert into SHOT values (5081, 5083, 5090, 2264, 26.920, 282.65, -1.10, 26.920, 282.65, -1.10, 0.000, 29.01, 0.02);
insert into SHOT values (5082, 5083, 5091, 2264, 16.090, 312.65, 10.30, 16.090, 312.65, 10.30, 0.000, 14.61, 0.02);
insert into SHOT values (5083, 5083, 5092, 2264, 24.790, 321.75, 4.20, 24.790, 321.75, 4.20, 0.000, 185.83, -0.01);
insert into SHOT values (5084, 5083, 5093, 2264, 8.440, 103.35, 30.30, 8.440, 103.35, 30.30, 0.000, 181.67, -0.00);
insert into SHOT values (5085, 5083, 5094, 2264, 5.300, 100.75, 14.80, 5.300, 100.75, 14.80, 0.000, 14.14, -0.01);
insert into SHOT values (5086, 5083, 5095, 2264, 12.860, 94.25, 20.10, 12.860, 94.25, 20.10, 0.000, 184.86, -0.00);
insert into SHOT values (5087, 5083, 5096, 2264, 18.010, 94.75, 25.20, 18.010, 94.75, 25.20, 0.000, 5.60, -0.01);
insert into SHOT values (5088, 5083, 5097, 2264, 23.950, 94.45, 34.70, 23.950, 94.45, 34.70, 0.000, 185.68, -0.00);
insert into SHOT values (5089, 5083, 5098, 2264, 22.280, 99.75, 57.60, 22.280, 99.75, 57.60, 0.000, 3.62, 0.00);
insert into SHOT values (5090, 5083, 5099, 2264, 3.600, 71.45, 83.60, 3.600, 71.45, 83.60, 0.000, 359.45, -0.01);
insert into SHOT values (5091, 5083, 5100, 2264, 9.130, 107.15, 44.90, 9.130, 107.15, 44.90, 0.000, 177.77, -0.01);
insert into SHOT values (5092, 5083, 5101, 2264, 6.130, 88.25, 43.70, 6.130, 88.25, 43.70, 0.000, 355.21, -0.00);
insert into SHOT values (5093, 5083, 5102, 2264, 25.240, 95.35, 59.70, 25.240, 95.35, 59.70, 0.000, 170.31, -0.01);
insert into SHOT values (5094, 5083, 5103, 2264, 27.610, 94.85, 35.20, 27.610, 94.85, 35.20, 0.000, 321.03, 0.02);
insert into SHOT values (5095, 5103, 5104, 2264, 25.000, 5.75, 90.00, 25.000, 90.00, 90.00, 0.000, 5.75, 0.00);
insert into SHOT values (5096, 5083, 5105, 2264, 8.830, 315.15, -3.60, 8.830, 315.15, -3.60, 0.000, 187.88, 0.01);
insert into SHOT values (5097, 5105, 5106, 2264, 21.110, 23.55, 7.40, 21.110, 23.55, 7.40, 0.000, 183.43, -0.00);
insert into SHOT values (5098, 5105, 5107, 2264, 17.810, 2.95, 11.00, 17.810, 2.95, 11.00, 0.000, 185.27, 0.00);
insert into SHOT values (5099, 5105, 5108, 2264, 3.870, 359.35, 48.00, 3.870, 359.35, 48.00, 0.000, 12.63, 0.01);
insert into SHOT values (5100, 5105, 5109, 2264, 16.250, 322.95, 9.30, 16.250, 322.95, 9.30, 0.000, 1.39, -0.01);
insert into SHOT values (5101, 5105, 5110, 2264, 22.030, 276.25, 1.80, 22.030, 276.25, 1.80, 0.000, 353.33, 0.01);
insert into SHOT values (5102, 5105, 5111, 2264, 1.240, 107.05, -83.70, 1.240, 107.05, -83.70, 0.000, 351.33, -0.00);
insert into SHOT values (5103, 5105, 5112, 2264, 17.550, 172.55, -12.60, 17.550, 172.55, -12.60, 0.000, 28.91, -0.01);
insert into SHOT values (5104, 5105, 5113, 2264, 8.540, 157.25, 22.80, 8.540, 157.25, 22.80, 0.000, 355.85, -0.01);
insert into SHOT values (5105, 5105, 5114, 2264, 19.600, 225.15, -10.30, 19.600, 225.15, -10.30, 0.000, 4.75, 0.00);
insert into SHOT values (5106, 5105, 5115, 2264, 18.350, 225.55, -26.10, 18.350, 225.55, -26.10, 0.000, 340.38, -0.01);
insert into SHOT values (5107, 5105, 5116, 2264, 16.510, 269.35, -17.90, 16.510, 269.35, -17.90, 0.000, 179.36, 0.03);
insert into SHOT values (5108, 5105, 5117, 2264, 9.120, 73.75, -7.30, 9.120, 73.75, -7.30, 0.000, 5.37, -0.00);
insert into SHOT values (5109, 5105, 5118, 2264, 11.510, 73.75, -7.40, 11.510, 73.75, -7.40, 0.000, 359.41, 0.01);
insert into SHOT values (5110, 5105, 5119, 2264, 9.090, 73.75, -7.40, 9.090, 73.75, -7.40, 0.000, 8.92, -0.00);
insert into SHOT values (5111, 5119, 5120, 2264, 1.350, 123.25, 74.50, 1.350, 123.25, 74.50, 0.000, 176.57, 0.00);
insert into SHOT values (5112, 5119, 5121, 2264, 4.050, 67.85, -6.70, 4.050, 67.85, -6.70, 0.000, 352.09, 0.00);
insert into SHOT values (5113, 5119, 5122, 2264, 4.010, 92.55, -13.00, 4.010, 92.55, -13.00, 0.000, 6.11, 0.01);
insert into SHOT values (5114, 5119, 5123, 2264, 8.290, 144.35, 20.30, 8.290, 144.35, 20.30, 0.000, 188.44, -0.01);
insert into SHOT values (5115, 5119, 5124, 2264, 4.400, 178.95, 10.30, 4.400, 178.95, 10.30, 0.000, 21.45, -0.02);
insert into SHOT values (5116, 5119, 5125, 2264, 2.510, 328.65, 2.00, 2.510, 328.65, 2.00, 0.000, 184.84, 0.01);
insert into SHOT values (5117, 5119, 5126, 2264, 16.450, 202.75, 4.50, 16.450, 202.75, 4.50, 0.000, 183.16, 0.00);
insert into SHOT values (5118, 5119, 5127, 2264, 5.660, 79.75, -12.50, 5.660, 79.75, -12.50, 0.000, 52.22, -0.06);
insert into SHOT values (5119, 5127, 5128, 2264, 5.220, 65.35, -28.60, 5.220, 65.35, -28.60, 0.000, 349.24, 0.00);
insert into SHOT values (5120, 5127, 5129, 2264, 2.060, 359.55, -22.30, 2.060, 359.55, -22.30, 0.000, 172.65, -0.00);
insert into SHOT values (5121, 5127, 5130, 2264, 0.370, 112.05, 67.40, 0.370, 112.05, 67.40, 0.000, 182.24, -0.00);
insert into SHOT values (5122, 5127, 5131, 2264, 1.180, 166.85, -2.80, 1.180, 166.85, -2.80, 0.000, 346.44, 0.00);
insert into SHOT values (5123, 5127, 5132, 2264, 1.560, 170.15, -49.50, 1.560, 170.15, -49.50, 0.000, 346.31, -0.02);
insert into SHOT values (5124, 5127, 5133, 2264, 3.070, 92.45, -38.80, 3.070, 92.45, -38.80, 0.000, 9.66, -0.01);
insert into SHOT values (5125, 5127, 5134, 2264, 4.100, 79.95, -11.80, 4.100, 79.95, -11.80, 0.000, 353.21, 0.00);
insert into SHOT values (5126, 5127, 5135, 2264, 1.250, 232.45, 6.40, 1.250, 232.45, 6.40, 0.000, 182.88, 0.02);
insert into SHOT values (5127, 5127, 5136, 2264, 1.220, 300.15, 11.10, 1.220, 300.15, 11.10, 0.000, 184.44, 0.00);
insert into SHOT values (5128, 5127, 5137, 2264, 5.240, 65.15, -28.10, 5.240, 65.15, -28.10, 0.000, 13.82, 0.01);
insert into SHOT values (5129, 5137, 5138, 2264, 0.700, 117.15, 27.30, 0.700, 117.15, 27.30, 0.000, 356.70, 0.01);
insert into SHOT values (5130, 5137, 5139, 2264, 1.230, 300.85, 28.40, 1.230, 300.85, 28.40, 0.000, 0.36, 0.00);
insert into SHOT values (5131, 5137, 5140, 2264, 3.690, 41.45, 39.60, 3.690, 41.45, 39.60, 0.000, 351.07, -0.01);
insert into SHOT values (5132, 5137, 5141, 2264, 1.160, 17.95, 5.60, 1.160, 17.95, 5.60, 0.000, 343.38, -0.01);
insert into SHOT values (5133, 5137, 5142, 2264, 3.460, 2.85, 23.60, 3.460, 2.85, 23.60, 0.000, 181.03, -0.01);
insert into SHOT values (5134, 5142, 5143, 2264, 2.400, 205.75, -3.40, 2.400, 205.75, -3.40, 0.000, 5.36, 0.01);
insert into SHOT values (5135, 5142, 5144, 2264, 0.700, 10.15, 22.30, 0.700, 10.15, 22.30, 0.000, 353.54, 0.03);
insert into SHOT values (5136, 5142, 5145, 2264, 1.080, 189.05, -51.40, 1.080, 189.05, -51.40, 0.000, 12.32, -0.01);
insert into SHOT values (5137, 5142, 5146, 2264, 3.070, 166.15, -17.60, 3.070, 166.15, -17.60, 0.000, 350.69, -0.11);
insert into SHOT values (5138, 5142, 5147, 2264, 3.080, 245.75, -4.70, 3.080, 245.75, -4.70, 0.000, 197.54, -0.01);
insert into SHOT values (5139, 5142, 5148, 2264, 6.020, 258.35, 7.60, 6.020, 258.35, 7.60, 0.000, 0.25, -0.01);
insert into SHOT values (5140, 5142, 5149, 2264, 6.070, 249.15, 22.90, 6.070, 249.15, 22.90, 0.000, 139.94, 0.02);
insert into SHOT values (5141, 5142, 5150, 2264, 2.650, 260.95, 41.90, 2.650, 260.95, 41.90, 0.000, 187.79, 0.00);
insert into SHOT values (5142, 5142, 5151, 2264, 2.500, 270.45, 24.30, 2.500, 270.45, 24.30, 0.000, 192.44, -0.00);
insert into SHOT values (5143, 5142, 5152, 2264, 4.550, 238.05, 19.30, 4.550, 238.05, 19.30, 0.000, 160.89, -0.01);
insert into SHOT values (5144, 5142, 5153, 2264, 2.260, 99.05, -1.00, 2.260, 99.05, -1.00, 0.000, 10.31, 0.03);
insert into SHOT values (5145, 5142, 5154, 2264, 2.680, 119.75, -20.70, 2.680, 119.75, -20.70, 0.000, 180.08, 0.01);
insert into SHOT values (5146, 5142, 5155, 2264, 4.740, 118.15, 6.70, 4.740, 118.15, 6.70, 0.000, 5.25, 0.02);
insert into SHOT values (5147, 5142, 5156, 2264, 8.300, 256.05, 20.40, 8.300, 256.05, 20.40, 0.000, 175.18, -0.01);
insert into SHOT values (5148, 5142, 5157, 2264, 5.230, 104.25, -21.00, 5.230, 104.25, -21.00, 0.000, 8.37, 0.00);
insert into SURVEY values (2267, 2247, 'Boucle1', 'Boucle1.Ochimoyuk.Koytendag', 'Boucle1');
 insert into CENTRELINE values (2268, 2267, NULL, NULL, NULL, 0.00, 0.00, 0.00);
 insert into SURVEY values (2269, 2267, 'ochy_muyuk', 'ochy_muyuk.Boucle1.Ochimoyuk.Koytendag', 'ochy muyuk');
 insert into CENTRELINE values (2270, 2269, NULL, NULL, NULL, 0.00, 0.00, 0.00);
 insert into CENTRELINE values (2271, 2269, NULL, '2024-04-15', NULL, 1433.15, 0.00, 0.00);
 insert into TOPO values (4, 2271);
 insert into SHOT values (5149, 5158, 5159, 2271, 27.490, 37.05, 4.00, 27.490, 37.05, 4.00, 0.000, 179.67, -0.01);
insert into SHOT values (5150, 5158, 5160, 2271, 5.150, 347.85, 77.20, 5.150, 347.85, 77.20, 0.000, 105.81, 0.07);
insert into SHOT values (5151, 5158, 5161, 2271, 0.870, 62.95, -77.50, 0.870, 62.95, -77.50, 0.000, 291.21, -0.03);
insert into SHOT values (5152, 5158, 5162, 2271, 11.370, 318.85, 10.00, 11.370, 318.85, 10.00, 0.000, 1.77, -0.01);
insert into SHOT values (5153, 5162, 5163, 2271, 3.450, 206.85, 22.80, 3.450, 206.85, 22.80, 0.000, 172.09, 0.01);
insert into SHOT values (5154, 5162, 5164, 2271, 2.880, 13.05, 3.50, 2.880, 13.05, 3.50, 0.000, 176.93, 0.00);
insert into SHOT values (5155, 5162, 5165, 2271, 3.850, 331.75, 86.20, 3.850, 331.75, 86.20, 0.000, 355.25, -0.00);
insert into SHOT values (5156, 5162, 5166, 2271, 0.560, 3.45, -76.90, 0.560, 3.45, -76.90, 0.000, 351.38, 0.01);
insert into SHOT values (5157, 5162, 5167, 2271, 5.170, 313.05, 25.80, 5.170, 313.05, 25.80, 0.000, 253.91, -0.02);
insert into SHOT values (5158, 5167, 5168, 2271, 3.590, 213.95, 5.50, 3.590, 213.95, 5.50, 0.000, 6.68, 0.02);
insert into SHOT values (5159, 5167, 5169, 2271, 3.380, 67.45, 11.50, 3.380, 67.45, 11.50, 0.000, 8.02, -0.04);
insert into SHOT values (5160, 5167, 5170, 2271, 1.800, 242.15, 83.10, 1.800, 242.15, 83.10, 0.000, 180.33, -0.02);
insert into SHOT values (5161, 5167, 5171, 2271, 1.060, 23.35, -69.50, 1.060, 23.35, -69.50, 0.000, 188.35, -0.01);
insert into SHOT values (5162, 5167, 5172, 2271, 7.160, 290.75, 19.70, 7.160, 290.75, 19.70, 0.000, 5.35, -0.01);
insert into SHOT values (5163, 5172, 5173, 2271, 8.640, 207.35, 8.20, 8.640, 207.35, 8.20, 0.000, 177.64, 0.01);
insert into SHOT values (5164, 5172, 5174, 2271, 7.220, 60.75, 14.60, 7.220, 60.75, 14.60, 0.000, 194.34, 0.00);
insert into SHOT values (5165, 5172, 5175, 2271, 10.200, 256.25, 77.30, 10.200, 256.25, 77.30, 0.000, 0.83, -0.01);
insert into SHOT values (5166, 5172, 5176, 2271, 1.000, 279.55, -77.30, 1.000, 279.55, -77.30, 0.000, 170.92, 0.00);
insert into SHOT values (5167, 5172, 5177, 2271, 28.630, 1.75, 2.80, 28.630, 1.75, 2.80, 0.000, 183.80, 0.00);
insert into SHOT values (5168, 5177, 5178, 2271, 36.790, 247.95, 10.60, 36.790, 247.95, 10.60, 0.000, 340.69, -0.02);
insert into SHOT values (5169, 5177, 5179, 2271, 13.720, 98.65, -9.30, 13.720, 98.65, -9.30, 0.000, 357.68, -0.02);
insert into SHOT values (5170, 5177, 5180, 2271, 3.450, 334.65, 71.50, 3.450, 334.65, 71.50, 0.000, 359.77, -0.01);
insert into SHOT values (5171, 5177, 5181, 2271, 0.840, 330.95, -86.10, 0.840, 330.95, -86.10, 0.000, 1.75, 0.02);
insert into SHOT values (5172, 5177, 5182, 2271, 15.860, 2.75, 0.40, 15.860, 2.75, 0.40, 0.000, 4.95, 0.01);
insert into SHOT values (5173, 5182, 5183, 2271, 42.780, 272.65, 11.40, 42.780, 272.65, 11.40, 0.000, 28.49, 0.03);
insert into SHOT values (5174, 5182, 5184, 2271, 9.030, 82.45, -15.50, 9.030, 82.45, -15.50, 0.000, 2.42, 0.00);
insert into SHOT values (5175, 5182, 5185, 2271, 3.450, 340.55, 84.50, 3.450, 340.55, 84.50, 0.000, 210.50, -0.04);
insert into SHOT values (5176, 5182, 5186, 2271, 1.440, 37.75, -83.10, 1.440, 37.75, -83.10, 0.000, 170.39, -0.05);
insert into SHOT values (5177, 5182, 5187, 2271, 26.660, 358.25, -4.90, 26.660, 358.25, -4.90, 0.000, 180.98, 0.05);
insert into SHOT values (5178, 5187, 5188, 2271, 34.600, 295.65, 15.10, 34.600, 295.65, 15.10, 0.000, 187.32, -0.01);
insert into SHOT values (5179, 5187, 5189, 2271, 7.990, 113.35, 0.80, 7.990, 113.35, 0.80, 0.000, 177.63, -0.00);
insert into SHOT values (5180, 5187, 5190, 2271, 12.780, 285.45, 73.10, 12.780, 285.45, 73.10, 0.000, 357.75, -0.01);
insert into SHOT values (5181, 5187, 5191, 2271, 0.910, 178.75, -79.50, 0.910, 178.75, -79.50, 0.000, 356.47, 0.01);
insert into SHOT values (5182, 5187, 5192, 2271, 28.540, 37.25, -7.20, 28.540, 37.25, -7.20, 0.000, 189.16, -0.00);
insert into SHOT values (5183, 5192, 5193, 2271, 16.220, 153.95, -2.50, 16.220, 153.95, -2.50, 0.000, 192.11, 0.01);
insert into SHOT values (5184, 5192, 5194, 2271, 9.260, 11.85, 86.40, 9.260, 11.85, 86.40, 0.000, 356.56, -0.02);
insert into SHOT values (5185, 5192, 5195, 2271, 0.490, 159.75, -73.70, 0.490, 159.75, -73.70, 0.000, 180.32, -0.00);
insert into SHOT values (5186, 5192, 5196, 2271, 26.360, 49.45, 2.20, 26.360, 49.45, 2.20, 0.000, 172.00, -0.01);
insert into SHOT values (5187, 5196, 5197, 2271, 29.110, 20.95, 8.10, 29.110, 20.95, 8.10, 0.000, 171.35, -0.01);
insert into SHOT values (5188, 5196, 5198, 2271, 20.430, 79.55, 5.30, 20.430, 79.55, 5.30, 0.000, 7.87, -0.02);
insert into SHOT values (5189, 5196, 5199, 2271, 18.920, 152.65, 6.90, 18.920, 152.65, 6.90, 0.000, 179.97, -0.01);
insert into SHOT values (5190, 5196, 5200, 2271, 10.070, 335.55, 82.20, 10.070, 335.55, 82.20, 0.000, 16.15, 0.03);
insert into SHOT values (5191, 5196, 5201, 2271, 3.620, 292.95, -79.10, 3.620, 292.95, -79.10, 0.000, 351.67, -0.01);
insert into SHOT values (5192, 5196, 5202, 2271, 48.520, 359.05, 14.10, 48.520, 359.05, 14.10, 0.000, 203.40, -0.03);
insert into SHOT values (5193, 5196, 5203, 2271, 28.430, 24.25, 7.90, 28.430, 24.25, 7.90, 0.000, 197.48, -0.06);
insert into SHOT values (5194, 5196, 5204, 2271, 24.560, 70.85, 5.10, 24.560, 70.85, 5.10, 0.000, 87.76, -0.12);
insert into SHOT values (5195, 5196, 5205, 2271, 22.970, 145.15, 3.10, 22.970, 145.15, 3.10, 0.000, 1.08, -0.01);
insert into SHOT values (5196, 5196, 5206, 2271, 22.400, 108.85, -10.90, 22.400, 108.85, -10.90, 0.000, 30.92, 0.02);
insert into SHOT values (5197, 5206, 5207, 2271, 10.000, 5.75, 90.00, 10.000, 90.00, 90.00, 0.000, 5.75, -58.44);
insert into SHOT values (5198, 5206, 5208, 2271, 8.320, 30.95, 13.50, 8.320, 30.95, 13.50, 0.000, 16.24, 0.00);
insert into SHOT values (5199, 5206, 5209, 2271, 11.280, 195.45, 14.30, 11.280, 195.45, 14.30, 0.000, 359.54, 0.00);
insert into SHOT values (5200, 5206, 5210, 2271, 9.960, 90.85, 79.60, 9.960, 90.85, 79.60, 0.000, 184.38, 0.01);
insert into SHOT values (5201, 5206, 5211, 2271, 0.270, 150.95, -80.40, 0.270, 150.95, -80.40, 0.000, 333.15, 0.07);
insert into SHOT values (5202, 5206, 5212, 2271, 9.420, 18.45, 22.40, 9.420, 18.45, 22.40, 0.000, 0.89, -0.00);
insert into SHOT values (5203, 5206, 5213, 2271, 11.170, 184.55, 18.30, 11.170, 184.55, 18.30, 0.000, 158.10, -0.02);
insert into SHOT values (5204, 5206, 5214, 2271, 9.190, 141.55, 85.00, 9.190, 141.55, 85.00, 0.000, 15.27, 0.01);
insert into SHOT values (5205, 5206, 5215, 2271, 0.370, 238.25, -66.10, 0.370, 238.25, -66.10, 0.000, 170.05, 0.00);
insert into SHOT values (5206, 5206, 5216, 2271, 32.030, 104.55, 6.30, 32.030, 104.55, 6.30, 0.000, 352.06, 0.00);
insert into SHOT values (5207, 5216, 5217, 2271, 23.630, 345.45, 9.20, 23.630, 345.45, 9.20, 0.000, 355.00, -0.02);
insert into SHOT values (5208, 5216, 5218, 2271, 12.640, 210.55, 14.20, 12.640, 210.55, 14.20, 0.000, 204.36, -0.03);
insert into SHOT values (5209, 5216, 5219, 2271, 7.220, 109.75, 86.20, 7.220, 109.75, 86.20, 0.000, 134.91, 0.14);
insert into SHOT values (5210, 5216, 5220, 2271, 1.300, 234.55, -73.30, 1.300, 234.55, -73.30, 0.000, 173.56, 0.00);
insert into SHOT values (5211, 5216, 5221, 2271, 15.850, 28.65, 11.60, 17.377, 35.17, 11.43, 2.400, 82.83, 6.16);
insert into SHOT values (5212, 5221, 5222, 2271, 10.080, 335.25, 2.40, 10.080, 335.25, 2.40, 0.000, 72.44, 0.10);
insert into SHOT values (5213, 5221, 5223, 2271, 9.660, 124.55, 6.30, 9.660, 124.55, 6.30, 0.000, 341.96, 0.04);
insert into SHOT values (5214, 5221, 5224, 2271, 1.920, 314.95, 78.00, 1.920, 314.95, 78.00, 0.000, 148.25, 0.01);
insert into SHOT values (5215, 5221, 5225, 2271, 0.660, 106.65, -84.30, 0.660, 106.65, -84.30, 0.000, 182.83, -0.03);
insert into SHOT values (5216, 5221, 5226, 2271, 8.790, 61.05, 0.70, 9.432, 61.64, 1.20, 0.654, 69.72, 7.88);
insert into SHOT values (5217, 5226, 5227, 2271, 3.470, 344.45, 8.10, 3.470, 344.45, 8.10, 0.000, 175.66, -0.01);
insert into SHOT values (5218, 5226, 5228, 2271, 1.440, 162.85, 4.40, 1.440, 162.85, 4.40, 0.000, 186.39, 0.01);
insert into SHOT values (5219, 5226, 5229, 2271, 1.830, 324.15, 66.80, 1.830, 324.15, 66.80, 0.000, 343.69, 0.03);
insert into SHOT values (5220, 5226, 5230, 2271, 1.060, 53.85, -80.60, 1.060, 53.85, -80.60, 0.000, 157.98, -0.07);
insert into SHOT values (5221, 5226, 5231, 2271, 20.320, 48.55, -0.20, 22.604, 51.09, 0.91, 2.509, 72.52, 9.88);
insert into SHOT values (5222, 5231, 5232, 2271, 18.150, 276.35, -1.70, 18.150, 276.35, -1.70, 0.000, 203.29, -0.03);
insert into SHOT values (5223, 5231, 5233, 2271, 11.070, 58.55, 10.40, 11.070, 58.55, 10.40, 0.000, 183.79, -0.03);
insert into SHOT values (5224, 5231, 5234, 2271, 4.040, 85.05, 87.00, 4.040, 85.05, 87.00, 0.000, 7.61, -0.01);
insert into SHOT values (5225, 5231, 5235, 2271, 1.960, 195.55, -71.70, 1.960, 195.55, -71.70, 0.000, 5.71, 0.01);
insert into SHOT values (5226, 5231, 5236, 2271, 19.590, 339.35, -5.80, 19.590, 339.35, -5.80, 0.000, 350.38, 0.03);
insert into SHOT values (5227, 5236, 5237, 2271, 11.170, 269.95, 8.50, 11.170, 269.95, 8.50, 0.000, 188.55, -0.09);
insert into SHOT values (5228, 5236, 5238, 2271, 12.090, 88.25, 10.80, 12.090, 88.25, 10.80, 0.000, 148.30, 0.09);
insert into SHOT values (5229, 5236, 5239, 2271, 7.350, 290.55, 84.30, 7.350, 290.55, 84.30, 0.000, 351.42, 0.01);
insert into SHOT values (5230, 5236, 5240, 2271, 1.270, 260.15, -85.20, 1.270, 260.15, -85.20, 0.000, 355.55, -0.01);
insert into SHOT values (5231, 5236, 5241, 2271, 27.800, 359.45, 18.70, 27.800, 359.45, 18.70, 0.000, 181.01, 0.01);
insert into SHOT values (5232, 5236, 5242, 2271, 19.740, 315.55, 11.20, 19.740, 315.55, 11.20, 0.000, 358.35, 0.01);
insert into SHOT values (5233, 5236, 5243, 2271, 29.330, 334.05, 19.50, 29.330, 334.05, 19.50, 0.000, 3.12, 0.02);
insert into SHOT values (5234, 5236, 5244, 2271, 35.040, 350.65, 20.60, 35.040, 350.65, 20.60, 0.000, 179.93, 0.00);
insert into SHOT values (5235, 5236, 5245, 2271, 34.720, 358.85, 19.90, 34.720, 358.85, 19.90, 0.000, 220.05, -0.03);
insert into SHOT values (5236, 5236, 5246, 2271, 32.130, 13.55, 17.20, 32.130, 13.55, 17.20, 0.000, 349.92, -0.01);
insert into SHOT values (5237, 5236, 5247, 2271, 22.680, 39.25, 14.20, 22.680, 39.25, 14.20, 0.000, 0.93, -0.02);
insert into SHOT values (5238, 5231, 5248, 2271, 10.480, 131.85, 8.10, 11.012, 127.75, 8.34, 0.928, 74.16, 7.50);
insert into SHOT values (5239, 5248, 5249, 2271, 8.300, 63.05, 3.40, 8.300, 63.05, 3.40, 0.000, 358.95, -0.00);
insert into SHOT values (5240, 5248, 5250, 2271, 7.440, 243.55, 10.80, 7.440, 243.55, 10.80, 0.000, 131.15, -0.06);
insert into SHOT values (5241, 5248, 5251, 2271, 3.610, 105.45, 78.00, 3.610, 105.45, 78.00, 0.000, 4.57, 0.01);
insert into SHOT values (5242, 5248, 5252, 2271, 0.860, 105.15, -85.30, 0.860, 105.15, -85.30, 0.000, 192.53, 0.01);
insert into SHOT values (5243, 5248, 5253, 2271, 23.070, 195.65, 9.30, 22.063, 181.36, 11.15, 5.658, 87.13, 5.46);
insert into SHOT values (5244, 5253, 5254, 2271, 9.250, 29.45, -2.60, 9.250, 29.45, -2.60, 0.000, 185.95, -0.01);
insert into SHOT values (5245, 5253, 5255, 2271, 24.320, 270.65, 4.30, 24.320, 270.65, 4.30, 0.000, 176.76, 0.01);
insert into SHOT values (5246, 5253, 5256, 2271, 4.410, 263.05, 88.00, 4.410, 263.05, 88.00, 0.000, 174.88, 0.00);
insert into SHOT values (5247, 5253, 5257, 2271, 1.350, 25.95, -76.70, 1.350, 25.95, -76.70, 0.000, 192.99, -0.00);
insert into SHOT values (5248, 5253, 5258, 2271, 17.350, 161.45, -3.90, 18.407, 151.78, -2.69, 3.210, 86.24, 5.64);
insert into SHOT values (5249, 5258, 5259, 2271, 24.390, 265.95, 1.40, 24.390, 265.95, 1.40, 0.000, 355.37, -0.02);
insert into SHOT values (5250, 5258, 5260, 2271, 17.210, 177.15, 0.50, 17.210, 177.15, 0.50, 0.000, 179.32, -0.01);
insert into SHOT values (5251, 5258, 5261, 2271, 5.490, 321.55, 83.10, 5.490, 321.55, 83.10, 0.000, 4.62, 0.03);
insert into SHOT values (5252, 5258, 5262, 2271, 1.030, 25.15, -87.30, 1.030, 25.15, -87.30, 0.000, 173.34, 0.02);
insert into SHOT values (5253, 5258, 5263, 2271, 21.150, 266.05, -1.40, 20.577, 269.61, -0.14, 1.489, 21.44, 18.21);
insert into SHOT values (5254, 5263, 5264, 2271, 14.470, 173.65, -4.20, 14.470, 173.65, -4.20, 0.000, 350.78, -0.05);
insert into SHOT values (5255, 5263, 5265, 2271, 19.280, 324.65, 2.20, 19.280, 324.65, 2.20, 0.000, 146.26, 0.02);
insert into SHOT values (5256, 5263, 5266, 2271, 3.210, 321.55, 86.00, 3.210, 321.55, 86.00, 0.000, 15.04, -0.02);
insert into SHOT values (5257, 5263, 5267, 2271, 1.630, 339.35, -67.70, 1.630, 339.35, -67.70, 0.000, 5.57, -0.02);
insert into SHOT values (5258, 5263, 5268, 2271, 30.100, 257.35, -10.70, 28.112, 261.72, -9.60, 3.008, 29.85, 17.43);
insert into SHOT values (5259, 5268, 5269, 2271, 14.370, 321.95, -14.10, 13.638, 328.74, -13.96, 1.768, 78.89, 6.84);
insert into SHOT values (5260, 5269, 5270, 2271, 6.430, 237.65, 9.10, 6.430, 237.65, 9.10, 0.000, 190.65, 0.02);
insert into SHOT values (5261, 5269, 5271, 2271, 13.450, 47.45, 12.60, 13.450, 47.45, 12.60, 0.000, 6.79, 0.05);
insert into SHOT values (5262, 5269, 5272, 2271, 3.570, 325.45, 83.10, 3.570, 325.45, 83.10, 0.000, 181.82, 0.01);
insert into SHOT values (5263, 5269, 5273, 2271, 1.960, 63.85, -60.90, 1.960, 63.85, -60.90, 0.000, 187.38, 0.01);
insert into SHOT values (5264, 5269, 5216, 2271, 5.110, 23.05, -11.40, 5.388, 26.73, -10.39, 0.442, 73.69, 4.92);
insert into SHOT values (5265, 5269, 5274, 2271, 5.550, 23.05, -11.30, 5.550, 23.05, -11.30, 0.000, 186.68, -0.00);
insert into SHOT values (5266, 5258, 5275, 2271, 16.850, 120.85, -11.10, 16.850, 120.85, -11.10, 0.000, 145.80, 0.01);
insert into SHOT values (5267, 5275, 5276, 2271, 30.720, 339.85, 13.80, 30.720, 339.85, 13.80, 0.000, 354.32, 0.01);
insert into SHOT values (5268, 5275, 5277, 2271, 6.780, 186.05, 16.30, 6.780, 186.05, 16.30, 0.000, 174.49, 0.01);
insert into SHOT values (5269, 5275, 5278, 2271, 6.730, 49.65, 79.40, 6.730, 49.65, 79.40, 0.000, 174.42, -0.01);
insert into SHOT values (5270, 5275, 5279, 2271, 1.740, 207.05, -71.00, 1.740, 207.05, -71.00, 0.000, 180.10, 0.01);
insert into SHOT values (5271, 5275, 5280, 2271, 28.980, 89.25, 2.30, 28.980, 89.25, 2.30, 0.000, 2.67, 0.02);
insert into SHOT values (5272, 5280, 5281, 2271, 35.260, 22.15, 2.20, 35.260, 22.15, 2.20, 0.000, 181.15, -0.08);
insert into SHOT values (5273, 5280, 5282, 2271, 23.290, 191.45, 5.80, 23.290, 191.45, 5.80, 0.000, 181.42, -0.02);
insert into SHOT values (5274, 5280, 5283, 2271, 7.330, 35.75, 79.10, 7.330, 35.75, 79.10, 0.000, 358.95, 0.01);
insert into SHOT values (5275, 5280, 5284, 2271, 1.050, 145.95, -75.80, 1.050, 145.95, -75.80, 0.000, 171.18, -0.01);
insert into SHOT values (5276, 5280, 5285, 2271, 27.570, 100.75, -8.90, 27.570, 100.75, -8.90, 0.000, 354.97, -0.01);
insert into SHOT values (5277, 5285, 5286, 2271, 30.390, 326.35, 13.50, 30.390, 326.35, 13.50, 0.000, 357.24, -0.01);
insert into SHOT values (5278, 5285, 5287, 2271, 10.660, 175.45, 29.20, 10.660, 175.45, 29.20, 0.000, 356.39, -0.00);
insert into SHOT values (5279, 5285, 5288, 2271, 8.900, 8.95, 71.70, 8.900, 8.95, 71.70, 0.000, 178.83, 0.01);
insert into SHOT values (5280, 5285, 5289, 2271, 2.300, 189.35, -69.30, 2.300, 189.35, -69.30, 0.000, 179.10, 0.00);
insert into SHOT values (5281, 5285, 5290, 2271, 10.810, 118.05, -1.30, 10.810, 118.05, -1.30, 0.000, 219.62, 0.12);
insert into SHOT values (5282, 5290, 5291, 2271, 14.710, 94.15, 12.40, 14.710, 94.15, 12.40, 0.000, 184.30, 0.24);
insert into SHOT values (5283, 5290, 5292, 2271, 10.430, 237.65, 28.90, 10.430, 237.65, 28.90, 0.000, 188.79, -0.01);
insert into SHOT values (5284, 5290, 5293, 2271, 8.120, 35.85, 79.00, 8.120, 35.85, 79.00, 0.000, 4.25, 0.05);
insert into SHOT values (5285, 5290, 5294, 2271, 0.460, 133.35, -80.80, 0.460, 133.35, -80.80, 0.000, 280.48, 0.13);
insert into SHOT values (5286, 5290, 5295, 2271, 31.520, 16.85, 5.20, 31.520, 16.85, 5.20, 0.000, 353.23, 0.00);
insert into SHOT values (5287, 5295, 5296, 2271, 13.340, 315.35, 11.40, 13.340, 315.35, 11.40, 0.000, 184.42, -0.01);
insert into SHOT values (5288, 5295, 5297, 2271, 24.240, 113.15, 4.60, 24.240, 113.15, 4.60, 0.000, 11.76, 0.04);
insert into SHOT values (5289, 5295, 5298, 2271, 22.640, 123.25, 1.50, 22.640, 123.25, 1.50, 0.000, 191.83, -0.01);
insert into SHOT values (5290, 5295, 5299, 2271, 15.490, 140.15, 1.30, 15.490, 140.15, 1.30, 0.000, 177.92, -0.05);
insert into SHOT values (5291, 5295, 5300, 2271, 4.950, 199.05, 74.90, 4.950, 199.05, 74.90, 0.000, 13.44, -0.03);
insert into SHOT values (5292, 5295, 5301, 2271, 9.050, 199.35, 68.90, 9.050, 199.35, 68.90, 0.000, 179.44, -0.01);
insert into SHOT values (5293, 5295, 5302, 2271, 1.630, 293.95, -73.70, 1.630, 293.95, -73.70, 0.000, 162.82, -0.02);
insert into SHOT values (5294, 5295, 5303, 2271, 19.000, 196.05, -8.10, 19.000, 196.05, -8.10, 0.000, 355.62, 0.00);
insert into SHOT values (5295, 5303, 5304, 2271, 26.940, 112.85, 4.50, 26.940, 112.85, 4.50, 0.000, 8.20, -0.04);
insert into SHOT values (5296, 5303, 5305, 2271, 19.370, 112.75, 4.20, 19.370, 112.75, 4.20, 0.000, 227.04, 0.06);
insert into SHOT values (5297, 5305, 5306, 2271, 8.970, 13.55, 3.50, 8.970, 13.55, 3.50, 0.000, 184.50, -0.01);
insert into SHOT values (5298, 5305, 5307, 2271, 3.410, 191.35, -2.60, 3.410, 191.35, -2.60, 0.000, 167.42, 0.02);
insert into SHOT values (5299, 5305, 5308, 2271, 2.290, 347.65, 76.60, 2.290, 347.65, 76.60, 0.000, 353.96, 0.00);
insert into SHOT values (5300, 5305, 5309, 2271, 1.870, 69.95, -82.50, 1.870, 69.95, -82.50, 0.000, 8.77, -0.01);
insert into SHOT values (5301, 5305, 5310, 2271, 24.130, 112.05, 0.90, 24.130, 112.05, 0.90, 0.000, 350.57, -0.01);
insert into SHOT values (5302, 5305, 5311, 2271, 10.940, 76.55, 0.30, 10.940, 76.55, 0.30, 0.000, 108.09, 0.11);
insert into SHOT values (5303, 5305, 5312, 2271, 19.870, 85.55, 3.10, 19.870, 85.55, 3.10, 0.000, 172.24, 0.01);
insert into SHOT values (5304, 5305, 5313, 2271, 22.360, 97.15, 0.20, 22.360, 97.15, 0.20, 0.000, 195.08, -0.05);
insert into SHOT values (5305, 5305, 5314, 2271, 25.900, 98.45, 0.80, 25.900, 98.45, 0.80, 0.000, 173.04, 0.02);
insert into SHOT values (5306, 5305, 5315, 2271, 25.750, 97.15, 0.50, 25.750, 97.15, 0.50, 0.000, 5.53, -0.01);
insert into SHOT values (5307, 5305, 5316, 2271, 16.270, 93.85, -1.20, 16.270, 93.85, -1.20, 0.000, 157.21, 0.14);
insert into SHOT values (5308, 5305, 5317, 2271, 3.350, 181.25, 4.10, 3.350, 181.25, 4.10, 0.000, 184.99, -0.01);
insert into SHOT values (5309, 5295, 5318, 2271, 14.410, 43.25, -3.50, 14.410, 43.25, -3.50, 0.000, 187.30, 0.01);
insert into SHOT values (5310, 5318, 5319, 2271, 14.150, 265.15, 11.70, 14.150, 265.15, 11.70, 0.000, 207.93, 0.05);
insert into SHOT values (5311, 5318, 5320, 2271, 7.570, 143.15, 17.60, 7.570, 143.15, 17.60, 0.000, 170.43, -0.01);
insert into SHOT values (5312, 5318, 5321, 2271, 12.100, 334.35, 74.30, 12.100, 334.35, 74.30, 0.000, 355.42, -0.01);
insert into SHOT values (5313, 5318, 5322, 2271, 0.550, 27.45, -86.00, 0.550, 27.45, -86.00, 0.000, 172.69, -0.01);
insert into SHOT values (5314, 5318, 5323, 2271, 15.390, 308.25, 4.00, 15.250, 311.74, 5.00, 0.979, 49.80, 15.16);
insert into SHOT values (5315, 5323, 5324, 2271, 7.670, 198.55, 23.00, 7.670, 198.55, 23.00, 0.000, 158.74, 0.11);
insert into SHOT values (5316, 5323, 5325, 2271, 19.040, 27.75, 20.70, 19.040, 27.75, 20.70, 0.000, 347.57, 0.02);
insert into SHOT values (5317, 5323, 5326, 2271, 6.170, 278.25, 74.50, 6.170, 278.25, 74.50, 0.000, 5.32, -0.03);
insert into SHOT values (5318, 5323, 5327, 2271, 0.570, 280.75, -85.50, 0.570, 280.75, -85.50, 0.000, 175.13, -0.02);
insert into SHOT values (5319, 5323, 5328, 2271, 16.580, 250.15, 3.90, 16.580, 250.15, 3.90, 0.000, 181.33, 0.04);
insert into SHOT values (5320, 5323, 5329, 2271, 16.570, 251.95, 3.80, 16.570, 251.95, 3.80, 0.000, 354.04, -0.01);
insert into SHOT values (5321, 5323, 5330, 2271, 18.420, 196.15, 79.50, 18.420, 196.15, 79.50, 0.000, 177.20, 0.00);
insert into SHOT values (5322, 5323, 5331, 2271, 21.220, 328.25, 86.30, 21.220, 328.25, 86.30, 0.000, 184.10, -0.01);
insert into SHOT values (5323, 5328, 5332, 2271, 4.610, 11.45, 4.80, 4.610, 11.45, 4.80, 0.000, 129.08, 0.01);
insert into SHOT values (5324, 5328, 5333, 2271, 3.080, 344.75, 46.30, 3.080, 344.75, 46.30, 0.000, 358.33, -0.00);
insert into SHOT values (5325, 5328, 5334, 2271, 3.000, 336.65, -35.00, 3.000, 336.65, -35.00, 0.000, 231.73, 0.05);
insert into SHOT values (5326, 5335, 5336, 2271, 4.290, 225.45, 6.00, 4.290, 225.45, 6.00, 0.000, 187.35, -0.03);
insert into SHOT values (5327, 5335, 5337, 2271, 3.380, 25.55, 21.90, 3.380, 25.55, 21.90, 0.000, 107.88, 0.12);
insert into SHOT values (5328, 5335, 5338, 2271, 3.200, 309.75, 81.80, 3.200, 309.75, 81.80, 0.000, 198.77, -0.01);
insert into SHOT values (5329, 5335, 5339, 2271, 0.650, 42.25, -76.00, 0.650, 42.25, -76.00, 0.000, 184.72, 0.02);
insert into SHOT values (5330, 5328, 5340, 2271, 20.400, 299.75, -6.40, 20.400, 299.75, -6.40, 0.000, 195.66, -0.00);
insert into SHOT values (5331, 5328, 5335, 2271, 9.130, 299.65, -6.40, 9.130, 299.65, -6.40, 0.000, 191.33, -0.01);
insert into SHOT values (5332, 5335, 5341, 2271, 4.900, 312.65, 8.50, 4.900, 312.65, 8.50, 0.000, 56.68, 0.03);
insert into SHOT values (5333, 5341, 5342, 2271, 1.980, 218.35, 9.00, 1.980, 218.35, 9.00, 0.000, 174.55, 0.00);
insert into SHOT values (5334, 5341, 5343, 2271, 1.250, 48.25, -11.50, 1.250, 48.25, -11.50, 0.000, 15.22, -0.01);
insert into SHOT values (5335, 5341, 5344, 2271, 0.690, 278.45, 64.00, 0.690, 278.45, 64.00, 0.000, 182.18, -0.02);
insert into SHOT values (5336, 5341, 5345, 2271, 0.820, 294.15, -73.10, 0.820, 294.15, -73.10, 0.000, 21.39, 0.00);
insert into SHOT values (5337, 5341, 5346, 2271, 11.470, 321.75, -12.40, 11.470, 321.75, -12.40, 0.000, 185.13, -0.01);
insert into SHOT values (5338, 5323, 5347, 2271, 11.640, 264.05, 8.40, 11.341, 266.53, 9.39, 0.609, 28.85, 14.23);
insert into SHOT values (5339, 5346, 5348, 2271, 11.610, 266.65, 8.30, 11.610, 266.65, 8.30, 0.000, 353.67, 0.00);
insert into SHOT values (5340, 5347, 5349, 2271, 3.920, 239.35, 13.30, 3.920, 239.35, 13.30, 0.000, 167.52, -0.00);
insert into SHOT values (5341, 5347, 5350, 2271, 13.650, 63.85, 7.80, 13.650, 63.85, 7.80, 0.000, 53.77, 0.06);
insert into SHOT values (5342, 5347, 5351, 2271, 3.430, 342.15, 80.10, 3.430, 342.15, 80.10, 0.000, 1.13, 0.00);
insert into SHOT values (5343, 5347, 5352, 2271, 1.270, 7.65, -78.60, 1.270, 7.65, -78.60, 0.000, 251.43, 0.22);
insert into SHOT values (5344, 5347, 5353, 2271, 13.420, 2.45, -6.30, 13.660, 7.12, -5.36, 1.146, 81.42, 9.87);
insert into SHOT values (5345, 5353, 5354, 2271, 16.700, 231.25, 3.70, 16.700, 231.25, 3.70, 0.000, 356.10, 0.01);
insert into SHOT values (5346, 5353, 5355, 2271, 25.460, 252.85, 2.50, 25.460, 252.85, 2.50, 0.000, 1.17, 0.01);
insert into SHOT values (5347, 5353, 5356, 2271, 30.650, 264.35, 0.30, 30.650, 264.35, 0.30, 0.000, 358.68, 0.01);
insert into SHOT values (5348, 5353, 5357, 2271, 25.050, 274.55, 1.40, 25.050, 274.55, 1.40, 0.000, 186.47, 0.01);
insert into SHOT values (5349, 5353, 5358, 2271, 15.740, 288.55, 4.30, 15.740, 288.55, 4.30, 0.000, 356.46, -0.01);
insert into SHOT values (5350, 5353, 5359, 2271, 14.930, 118.65, 12.00, 14.930, 118.65, 12.00, 0.000, 340.05, 0.02);
insert into SHOT values (5351, 5353, 5360, 2271, 15.740, 74.15, 14.20, 15.740, 74.15, 14.20, 0.000, 162.50, 0.04);
insert into SHOT values (5352, 5353, 5361, 2271, 19.810, 102.15, 20.20, 19.810, 102.15, 20.20, 0.000, 352.90, 0.07);
insert into SHOT values (5353, 5353, 5362, 2271, 20.570, 100.15, 44.20, 20.570, 100.15, 44.20, 0.000, 192.96, 0.03);
insert into SHOT values (5354, 5353, 5363, 2271, 6.890, 167.35, 87.20, 6.890, 167.35, 87.20, 0.000, 181.20, 0.01);
insert into SHOT values (5355, 5353, 5364, 2271, 10.040, 293.65, 36.70, 10.040, 293.65, 36.70, 0.000, 2.85, 0.02);
insert into SHOT values (5356, 5353, 5365, 2271, 1.390, 257.85, -73.20, 1.390, 257.85, -73.20, 0.000, 10.16, 0.00);
insert into SHOT values (5357, 5353, 5366, 2271, 26.120, 19.45, 5.40, 28.010, 26.24, 6.50, 3.740, 83.08, 11.00);
insert into SHOT values (5358, 5366, 5367, 2271, 11.590, 270.55, 6.70, 11.590, 270.55, 6.70, 0.000, 352.91, 0.01);
insert into SHOT values (5359, 5366, 5368, 2271, 8.180, 132.95, 2.80, 8.180, 132.95, 2.80, 0.000, 176.22, 0.01);
insert into SHOT values (5360, 5366, 5369, 2271, 18.180, 121.85, -8.50, 18.180, 121.85, -8.50, 0.000, 7.79, -0.01);
insert into SHOT values (5361, 5366, 5370, 2271, 22.840, 41.75, 65.00, 22.840, 41.75, 65.00, 0.000, 174.79, 0.01);
insert into SHOT values (5362, 5366, 5371, 2271, 6.780, 25.65, -34.30, 6.780, 25.65, -34.30, 0.000, 181.29, 0.01);
insert into SHOT values (5363, 5366, 5372, 2271, 19.160, 44.15, 4.00, 20.610, 45.26, 4.81, 1.526, 59.77, 14.83);
insert into SHOT values (5364, 5372, 5373, 2271, 31.490, 253.65, 2.40, 31.490, 253.65, 2.40, 0.000, 350.47, -0.02);
insert into SHOT values (5365, 5372, 5374, 2271, 6.050, 47.75, 10.20, 6.050, 47.75, 10.20, 0.000, 217.32, 0.04);
insert into SHOT values (5366, 5372, 5375, 2271, 3.080, 271.05, -58.50, 3.080, 271.05, -58.50, 0.000, 25.03, 0.07);
insert into SHOT values (5367, 5372, 5376, 2271, 3.540, 25.85, -1.10, 3.540, 25.85, -1.10, 0.000, 8.12, -0.00);
insert into SHOT values (5368, 5372, 5377, 2271, 27.030, 301.75, 5.90, 27.030, 301.75, 5.90, 0.000, 215.37, 0.02);
insert into SHOT values (5369, 5377, 5378, 2271, 8.550, 263.55, -45.00, 8.550, 263.55, -45.00, 0.000, 3.34, -0.02);
insert into SHOT values (5370, 5377, 5379, 2271, 25.770, 260.35, -12.00, 25.770, 260.35, -12.00, 0.000, 185.44, 0.00);
insert into SHOT values (5371, 5377, 5380, 2271, 9.040, 252.75, 40.40, 9.040, 252.75, 40.40, 0.000, 61.62, 0.08);
insert into SHOT values (5372, 5377, 5381, 2271, 15.890, 279.75, 37.10, 15.890, 279.75, 37.10, 0.000, 179.10, 0.05);
insert into SHOT values (5373, 5377, 5382, 2271, 17.880, 209.65, 46.90, 17.880, 209.65, 46.90, 0.000, 18.54, -0.04);
insert into SHOT values (5374, 5377, 5383, 2271, 8.160, 274.35, 88.60, 8.160, 274.35, 88.60, 0.000, 351.95, 0.03);
insert into SHOT values (5375, 5377, 5384, 2271, 8.680, 24.55, -5.60, 8.680, 24.55, -5.60, 0.000, 4.41, -0.00);
insert into SHOT values (5376, 5377, 5385, 2271, 10.470, 23.65, 40.10, 10.470, 23.65, 40.10, 0.000, 171.78, 0.03);
insert into SHOT values (5377, 5377, 5386, 2271, 1.050, 56.95, -76.80, 1.050, 56.95, -76.80, 0.000, 354.30, 0.01);
insert into SHOT values (5378, 5377, 5387, 2271, 64.350, 299.55, 20.30, 64.350, 299.55, 20.30, 0.000, 169.17, 0.01);
insert into SHOT values (5379, 5387, 5388, 2271, 8.880, 175.45, -7.90, 8.880, 175.45, -7.90, 0.000, 179.40, -0.02);
insert into SHOT values (5380, 5387, 5389, 2271, 44.240, 83.05, -9.40, 44.240, 83.05, -9.40, 0.000, 186.37, 0.00);
insert into SHOT values (5381, 5387, 5390, 2271, 34.650, 59.45, -9.00, 34.650, 59.45, -9.00, 0.000, 180.48, 0.00);
insert into SHOT values (5382, 5387, 5391, 2271, 33.020, 68.05, -8.60, 33.020, 68.05, -8.60, 0.000, 345.99, -0.11);
insert into SHOT values (5383, 5387, 5392, 2271, 37.360, 72.35, -8.20, 37.360, 72.35, -8.20, 0.000, 355.53, 0.02);
insert into SHOT values (5384, 5387, 5393, 2271, 36.420, 56.15, -8.40, 36.420, 56.15, -8.40, 0.000, 357.68, -0.01);
insert into SHOT values (5385, 5387, 5394, 2271, 35.900, 53.35, -8.80, 35.900, 53.35, -8.80, 0.000, 6.54, 0.01);
insert into SHOT values (5386, 5387, 5395, 2271, 20.650, 44.05, -7.00, 20.650, 44.05, -7.00, 0.000, 183.72, 0.02);
insert into SHOT values (5387, 5387, 5396, 2271, 13.930, 20.15, 67.00, 13.930, 20.15, 67.00, 0.000, 178.94, -0.01);
insert into SHOT values (5388, 5387, 5397, 2271, 2.630, 174.35, -79.00, 2.630, 174.35, -79.00, 0.000, 180.75, -0.02);
insert into SHOT values (5389, 5387, 5398, 2271, 34.210, 284.75, 28.20, 34.210, 284.75, 28.20, 0.000, 189.18, -0.01);
insert into SHOT values (5390, 5398, 5399, 2271, 18.360, 168.95, -31.80, 18.360, 168.95, -31.80, 0.000, 355.98, 0.00);
insert into SHOT values (5391, 5398, 5400, 2271, 8.670, 168.65, -4.90, 8.670, 168.65, -4.90, 0.000, 189.20, -0.00);
insert into SHOT values (5392, 5398, 5401, 2271, 5.990, 291.35, 84.80, 5.990, 291.35, 84.80, 0.000, 353.02, 0.02);
insert into SHOT values (5393, 5398, 5402, 2271, 10.430, 332.45, 21.40, 10.430, 332.45, 21.40, 0.000, 294.80, 0.04);
insert into SHOT values (5394, 5398, 5403, 2271, 11.910, 13.85, -22.80, 11.910, 13.85, -22.80, 0.000, 177.70, 0.02);
insert into SHOT values (5395, 5398, 5404, 2271, 12.800, 276.25, 27.50, 12.800, 276.25, 27.50, 0.000, 188.62, 0.01);
insert into SHOT values (5396, 5372, 5405, 2271, 21.140, 96.15, 5.70, 21.401, 91.71, 6.90, 1.717, 11.23, 15.92);
insert into SHOT values (5397, 5405, 5406, 2271, 4.390, 351.75, -43.30, 4.390, 351.75, -43.30, 0.000, 187.13, -0.01);
insert into SHOT values (5398, 5405, 5407, 2271, 7.310, 347.55, 9.20, 7.310, 347.55, 9.20, 0.000, 183.90, -0.01);
insert into SHOT values (5399, 5405, 5408, 2271, 6.780, 347.55, 49.50, 6.780, 347.55, 49.50, 0.000, 174.53, -0.01);
insert into SHOT values (5400, 5405, 5409, 2271, 5.010, 97.85, 71.50, 5.010, 97.85, 71.50, 0.000, 182.35, 0.01);
insert into SHOT values (5401, 5405, 5410, 2271, 4.010, 157.75, 8.60, 4.010, 157.75, 8.60, 0.000, 7.91, -0.01);
insert into SHOT values (5402, 5405, 5411, 2271, 1.800, 167.15, -41.60, 1.800, 167.15, -41.60, 0.000, 11.99, 0.04);
insert into SHOT values (5403, 5405, 5412, 2271, 10.510, 50.45, -9.10, 11.040, 50.64, -8.01, 0.569, 54.23, 12.58);
insert into SHOT values (5404, 5412, 5413, 2271, 16.460, 39.85, -2.90, 16.460, 39.85, -2.90, 0.000, 9.51, -0.02);
insert into SHOT values (5405, 5412, 5414, 2271, 3.840, 333.95, 9.60, 3.840, 333.95, 9.60, 0.000, 215.86, 0.05);
insert into SHOT values (5406, 5412, 5415, 2271, 5.830, 1.35, 70.90, 5.830, 1.35, 70.90, 0.000, 187.67, -0.02);
insert into SHOT values (5407, 5412, 5416, 2271, 10.190, 133.55, 58.20, 10.190, 133.55, 58.20, 0.000, 3.36, 0.01);
insert into SHOT values (5408, 5412, 5417, 2271, 10.790, 126.65, 6.20, 10.790, 126.65, 6.20, 0.000, 158.40, 0.19);
insert into SHOT values (5409, 5412, 5418, 2271, 6.500, 126.25, -18.40, 6.500, 126.25, -18.40, 0.000, 174.90, 0.00);
insert into SHOT values (5410, 5413, 5419, 2271, 12.270, 306.25, -9.00, 12.270, 306.25, -9.00, 0.000, 154.29, 0.04);
insert into SHOT values (5411, 5413, 5420, 2271, 6.720, 61.25, 81.40, 6.720, 61.25, 81.40, 0.000, 258.66, 0.12);
insert into SHOT values (5412, 5413, 5421, 2271, 10.260, 125.65, 8.20, 10.260, 125.65, 8.20, 0.000, 353.97, 0.05);
insert into SHOT values (5413, 5413, 5422, 2271, 0.740, 159.15, -78.90, 0.740, 159.15, -78.90, 0.000, 181.59, -0.01);
insert into SHOT values (5414, 5413, 5423, 2271, 29.520, 78.95, 26.30, 29.520, 78.95, 26.30, 0.000, 359.45, 0.00);
insert into SHOT values (5415, 5423, 5424, 2271, 17.350, 304.85, -5.60, 17.350, 304.85, -5.60, 0.000, 182.62, 0.01);
insert into SHOT values (5416, 5423, 5425, 2271, 5.720, 338.25, 87.80, 5.720, 338.25, 87.80, 0.000, 0.02, 0.02);
insert into SHOT values (5417, 5423, 5426, 2271, 11.660, 115.35, -4.70, 11.660, 115.35, -4.70, 0.000, 185.41, 0.02);
insert into SHOT values (5418, 5423, 5427, 2271, 11.210, 122.25, 37.50, 11.210, 122.25, 37.50, 0.000, 113.27, -0.08);
insert into SHOT values (5419, 5423, 5428, 2271, 12.570, 10.55, 25.10, 12.570, 10.55, 25.10, 0.000, 8.13, 0.01);
insert into SHOT values (5420, 5428, 5429, 2271, 9.690, 312.05, -1.10, 9.690, 312.05, -1.10, 0.000, 348.88, 0.02);
insert into SHOT values (5421, 5428, 5430, 2271, 1.840, 306.95, 27.10, 1.840, 306.95, 27.10, 0.000, 356.23, -0.01);
insert into SHOT values (5422, 5428, 5431, 2271, 1.320, 137.35, 74.90, 1.320, 137.35, 74.90, 0.000, 355.92, 0.01);
insert into SHOT values (5423, 5428, 5432, 2271, 6.360, 129.35, 4.30, 6.360, 129.35, 4.30, 0.000, 12.92, -0.00);
insert into SHOT values (5424, 5428, 5433, 2271, 3.790, 10.55, 21.90, 3.790, 10.55, 21.90, 0.000, 6.09, -0.00);
insert into SHOT values (5425, 5433, 5434, 2271, 4.070, 302.15, 3.10, 4.070, 302.15, 3.10, 0.000, 177.42, 0.02);
insert into SHOT values (5426, 5433, 5435, 2271, 3.000, 308.55, 77.70, 3.000, 308.55, 77.70, 0.000, 22.03, 0.03);
insert into SHOT values (5427, 5433, 5436, 2271, 7.630, 52.85, 66.30, 7.630, 52.85, 66.30, 0.000, 348.72, 0.04);
insert into SHOT values (5428, 5433, 5437, 2271, 8.350, 122.95, 21.70, 8.350, 122.95, 21.70, 0.000, 181.38, -0.00);
insert into SHOT values (5429, 5433, 5438, 2271, 0.870, 125.75, -48.20, 0.870, 125.75, -48.20, 0.000, 359.51, -0.01);
insert into SHOT values (5430, 5423, 5439, 2271, 1.230, 173.65, -87.10, 1.230, 173.65, -87.10, 0.000, 180.38, 0.02);
insert into SHOT values (5431, 5439, 5440, 2271, 10.530, 118.75, -19.50, 10.530, 118.75, -19.50, 0.000, 319.33, 0.05);
insert into SHOT values (5432, 5440, 5441, 2271, 10.290, 50.45, 18.10, 10.290, 50.45, 18.10, 0.000, 0.83, -0.01);
insert into SHOT values (5433, 5440, 5442, 2271, 2.730, 71.25, 1.10, 2.730, 71.25, 1.10, 0.000, 356.65, 0.02);
insert into SHOT values (5434, 5440, 5443, 2271, 4.200, 30.75, 66.50, 4.200, 30.75, 66.50, 0.000, 338.72, -0.02);
insert into SHOT values (5435, 5440, 5444, 2271, 8.830, 214.35, 85.00, 8.830, 214.35, 85.00, 0.000, 353.52, 0.00);
insert into SHOT values (5436, 5440, 5445, 2271, 5.900, 224.85, 13.00, 5.900, 224.85, 13.00, 0.000, 172.72, -0.03);
insert into SHOT values (5437, 5440, 5446, 2271, 10.000, 221.95, -28.40, 10.000, 221.95, -28.40, 0.000, 325.17, -0.07);
insert into SHOT values (5438, 5440, 5447, 2271, 3.620, 209.95, -49.70, 3.620, 209.95, -49.70, 0.000, 180.45, -0.00);
insert into SHOT values (5439, 5440, 5448, 2271, 16.430, 147.55, -28.50, 16.430, 147.55, -28.50, 0.000, 352.92, -0.02);
insert into SHOT values (5440, 5412, 5449, 2271, 10.050, 203.65, -4.60, 9.634, 200.88, -4.11, 0.636, 71.48, 10.48);
insert into SHOT values (5441, 5449, 5450, 2271, 2.360, 77.15, 26.50, 2.360, 77.15, 26.50, 0.000, 173.66, -0.01);
insert into SHOT values (5442, 5449, 5451, 2271, 4.350, 150.95, 75.80, 4.350, 150.95, 75.80, 0.000, 185.02, -0.01);
insert into SHOT values (5443, 5449, 5452, 2271, 8.840, 231.35, 40.50, 8.840, 231.35, 40.50, 0.000, 189.52, -0.00);
insert into SHOT values (5444, 5449, 5453, 2271, 8.330, 234.65, 16.70, 8.330, 234.65, 16.70, 0.000, 5.34, 0.02);
insert into SHOT values (5445, 5449, 5454, 2271, 1.500, 231.55, -43.10, 1.500, 231.55, -43.10, 0.000, 202.13, 0.02);
insert into SHOT values (5446, 5449, 5455, 2271, 22.250, 194.35, -3.30, 21.437, 187.24, -2.02, 2.867, 84.57, 10.52);
insert into SHOT values (5447, 5455, 5456, 2271, 8.220, 66.05, 6.00, 8.220, 66.05, 6.00, 0.000, 184.91, -0.02);
insert into SHOT values (5448, 5455, 5457, 2271, 15.070, 82.55, 4.70, 15.070, 82.55, 4.70, 0.000, 31.71, -0.04);
insert into SHOT values (5449, 5455, 5458, 2271, 19.790, 93.85, 4.10, 19.790, 93.85, 4.10, 0.000, 182.66, 0.02);
insert into SHOT values (5450, 5455, 5459, 2271, 21.550, 100.95, 1.40, 21.550, 100.95, 1.40, 0.000, 170.70, -0.02);
insert into SHOT values (5451, 5455, 5460, 2271, 10.410, 118.75, 1.90, 10.410, 118.75, 1.90, 0.000, 357.10, 0.00);
insert into SHOT values (5452, 5455, 5461, 2271, 5.240, 281.45, 14.40, 5.240, 281.45, 14.40, 0.000, 174.87, 0.02);
insert into SHOT values (5453, 5455, 5462, 2271, 3.670, 125.25, 87.20, 3.670, 125.25, 87.20, 0.000, 4.05, 0.01);
insert into SHOT values (5454, 5455, 5463, 2271, 1.290, 181.45, -88.10, 1.290, 181.45, -88.10, 0.000, 204.51, -0.05);
insert into SHOT values (5455, 5455, 5464, 2271, 6.360, 155.75, 6.50, 6.348, 152.70, 7.00, 0.340, 61.03, 9.01);
insert into SHOT values (5456, 5464, 5465, 2271, 9.170, 97.35, -0.00, 9.170, 97.35, 0.00, 0.000, 354.54, 0.00);
insert into SHOT values (5457, 5464, 5466, 2271, 14.290, 110.65, 8.70, 14.290, 110.65, 8.70, 0.000, 127.85, -0.08);
insert into SHOT values (5458, 5464, 5467, 2271, 15.480, 117.85, 8.40, 15.480, 117.85, 8.40, 0.000, 186.06, -0.00);
insert into SHOT values (5459, 5464, 5468, 2271, 12.260, 128.65, 5.10, 12.260, 128.65, 5.10, 0.000, 170.38, 0.00);
insert into SHOT values (5460, 5464, 5469, 2271, 10.660, 149.25, 3.30, 10.660, 149.25, 3.30, 0.000, 0.89, -0.01);
insert into SHOT values (5461, 5464, 5470, 2271, 10.370, 303.95, -1.50, 10.370, 303.95, -1.50, 0.000, 183.02, -0.02);
insert into SHOT values (5462, 5464, 5471, 2271, 8.350, 285.35, 11.40, 8.350, 285.35, 11.40, 0.000, 8.95, -0.01);
insert into SHOT values (5463, 5464, 5472, 2271, 3.520, 289.75, 71.60, 3.520, 289.75, 71.60, 0.000, 204.28, 0.01);
insert into SHOT values (5464, 5464, 5473, 2271, 1.350, 268.45, -61.20, 1.350, 268.45, -61.20, 0.000, 167.49, -0.00);
insert into SHOT values (5465, 5464, 5474, 2271, 12.810, 254.55, -0.90, 12.810, 254.55, -0.90, 0.000, 182.71, -0.03);
insert into SHOT values (5466, 5464, 5475, 2271, 8.620, 254.75, -0.70, 8.280, 256.22, -0.12, 0.413, 42.85, 12.36);
insert into SHOT values (5467, 5475, 5476, 2271, 8.580, 253.75, 0.40, 8.580, 253.75, 0.40, 0.000, 193.07, 0.00);
insert into SHOT values (5468, 5475, 5477, 2271, 12.260, 129.15, 20.80, 12.260, 129.15, 20.80, 0.000, 6.10, -0.01);
insert into SHOT values (5469, 5475, 5478, 2271, 6.110, 140.55, 44.60, 6.110, 140.55, 44.60, 0.000, 357.32, 0.10);
insert into SHOT values (5470, 5475, 5479, 2271, 1.690, 304.15, 7.40, 1.690, 304.15, 7.40, 0.000, 7.99, -0.02);
insert into SHOT values (5471, 5475, 5480, 2271, 2.500, 217.75, 81.90, 2.500, 217.75, 81.90, 0.000, 2.91, 0.01);
insert into SHOT values (5472, 5475, 5481, 2271, 0.380, 272.75, -88.50, 0.380, 272.75, -88.50, 0.000, 3.12, 0.01);
insert into SHOT values (5473, 5475, 5482, 2271, 7.420, 177.65, 14.10, 7.300, 174.52, 14.88, 0.419, 66.17, 9.21);
insert into SHOT values (5474, 5482, 5483, 2271, 25.000, 5.75, 90.00, 25.000, 90.00, 90.00, 0.000, 5.75, 0.00);
insert into SHOT values (5475, 5475, 5484, 2271, 7.260, 201.05, 13.90, 7.260, 201.05, 13.90, 0.000, 187.34, 0.02);
insert into SHOT values (5476, 5482, 5485, 2271, 7.560, 92.15, 5.50, 7.560, 92.15, 5.50, 0.000, 184.56, 0.01);
insert into SHOT values (5477, 5482, 5486, 2271, 7.640, 141.85, 4.00, 7.640, 141.85, 4.00, 0.000, 170.34, 0.07);
insert into SHOT values (5478, 5482, 5487, 2271, 10.140, 304.95, -2.90, 10.140, 304.95, -2.90, 0.000, 345.01, 0.01);
insert into SHOT values (5479, 5482, 5488, 2271, 6.770, 311.45, -32.10, 6.770, 311.45, -32.10, 0.000, 345.26, 0.07);
insert into SHOT values (5480, 5482, 5489, 2271, 1.860, 48.75, -84.10, 1.860, 48.75, -84.10, 0.000, 5.06, -0.00);
insert into SHOT values (5481, 5482, 5490, 2271, 5.920, 278.85, 56.50, 5.920, 278.85, 56.50, 0.000, 353.09, 0.00);
insert into SHOT values (5482, 5482, 5491, 2271, 9.810, 100.85, 34.10, 9.810, 100.85, 34.10, 0.000, 347.69, 0.00);
insert into SHOT values (5483, 5482, 5492, 2271, 13.590, 75.25, 61.30, 13.590, 75.25, 61.30, 0.000, 3.35, -0.01);
insert into SHOT values (5484, 5482, 5493, 2271, 9.880, 347.15, 75.30, 9.880, 347.15, 75.30, 0.000, 352.56, -0.01);
insert into SHOT values (5485, 5482, 5494, 2271, 21.590, 17.65, 70.80, 21.590, 17.65, 70.80, 0.000, 172.04, -0.01);
insert into SHOT values (5486, 5482, 5495, 2271, 25.560, 66.45, 58.70, 25.560, 66.45, 58.70, 0.000, 316.10, -0.09);
insert into SHOT values (5487, 5482, 5496, 2271, 21.250, 43.65, 71.60, 21.250, 43.65, 71.60, 0.000, 188.13, 0.01);
insert into SHOT values (5488, 5482, 5497, 2271, 10.920, 269.15, -24.90, 10.521, 271.70, -25.19, 0.591, 42.08, 11.64);
insert into SHOT values (5489, 5497, 5498, 2271, 12.430, 132.25, 21.40, 12.430, 132.25, 21.40, 0.000, 333.57, 0.06);
insert into SHOT values (5490, 5497, 5499, 2271, 4.100, 273.75, -1.10, 4.100, 273.75, -1.10, 0.000, 2.14, 0.01);
insert into SHOT values (5491, 5497, 5500, 2271, 3.410, 276.25, 85.00, 3.410, 276.25, 85.00, 0.000, 5.54, 0.01);
insert into SHOT values (5492, 5497, 5501, 2271, 0.770, 117.05, -47.20, 0.770, 117.05, -47.20, 0.000, 163.28, 0.14);
insert into SHOT values (5493, 5497, 5502, 2271, 21.010, 165.55, -1.90, 21.528, 158.90, -0.61, 2.566, 84.29, 10.53);
insert into SHOT values (5494, 5502, 5503, 2271, 4.590, 121.25, 22.00, 4.590, 121.25, 22.00, 0.000, 2.44, -0.01);
insert into SHOT values (5495, 5502, 5504, 2271, 3.700, 304.35, 73.20, 3.700, 304.35, 73.20, 0.000, 0.73, -0.01);
insert into SHOT values (5496, 5502, 5505, 2271, 7.210, 310.45, -8.50, 7.210, 310.45, -8.50, 0.000, 184.58, 0.01);
insert into SHOT values (5497, 5502, 5506, 2271, 4.620, 316.25, -29.30, 4.620, 316.25, -29.30, 0.000, 356.36, 0.01);
insert into SHOT values (5498, 5502, 5507, 2271, 22.770, 58.25, 70.80, 22.770, 58.25, 70.80, 0.000, 188.40, -0.02);
insert into SHOT values (5499, 5502, 5508, 2271, 21.060, 155.85, 68.40, 21.060, 155.85, 68.40, 0.000, 10.47, -0.04);
insert into SHOT values (5500, 5502, 5318, 2271, 25.340, 255.55, -11.30, 24.127, 260.23, -10.30, 2.368, 17.07, 16.02);
insert into SHOT values (5501, 5318, 5509, 2271, 4.220, 6.05, -7.10, 4.220, 6.05, -7.10, 0.000, 179.86, -0.02);
insert into SHOT values (5502, 5318, 5510, 2271, 8.450, 99.65, -3.40, 8.450, 99.65, -3.40, 0.000, 171.72, -0.05);
insert into SHOT values (5503, 5318, 5511, 2271, 13.470, 68.95, -2.70, 13.470, 68.95, -2.70, 0.000, 357.89, 0.02);
insert into SHOT values (5504, 5318, 5512, 2271, 8.090, 189.65, -6.80, 8.090, 189.65, -6.80, 0.000, 9.09, 0.02);
insert into SHOT values (5505, 5318, 5513, 2271, 7.440, 257.25, -1.80, 7.440, 257.25, -1.80, 0.000, 172.50, 0.02);
insert into SHOT values (5506, 5318, 5514, 2271, 15.720, 292.65, -1.10, 15.720, 292.65, -1.10, 0.000, 351.36, 0.01);
insert into SHOT values (5507, 5158, 5515, 2271, 15.750, 293.95, 17.50, 15.750, 293.95, 17.50, 0.000, 191.48, -0.00);
insert into SHOT values (5508, 5158, 5516, 2271, 5.080, 307.05, 80.80, 5.080, 307.05, 80.80, 0.000, 170.82, -0.00);
insert into SHOT values (5509, 5158, 5517, 2271, 15.940, 57.05, 5.00, 15.940, 57.05, 5.00, 0.000, 173.70, 0.01);
insert into SHOT values (5510, 5158, 5518, 2271, 3.810, 56.65, -25.90, 3.810, 56.65, -25.90, 0.000, 189.45, 0.01);
insert into SHOT values (5511, 5158, 5519, 2271, 21.760, 1.05, 5.60, 21.969, 356.85, 7.07, 1.699, 274.18, 19.92);
insert into SHOT values (5512, 5519, 5520, 2271, 7.780, 285.75, 30.00, 7.780, 285.75, 30.00, 0.000, 100.88, 0.07);
insert into SHOT values (5513, 5519, 5521, 2271, 2.700, 57.35, 78.00, 2.700, 57.35, 78.00, 0.000, 216.94, 0.06);
insert into SHOT values (5514, 5519, 5522, 2271, 21.120, 102.05, -8.30, 21.120, 102.05, -8.30, 0.000, 355.05, -0.00);
insert into SHOT values (5515, 5519, 5523, 2271, 15.880, 103.95, 5.40, 15.880, 103.95, 5.40, 0.000, 173.04, 0.00);
insert into SHOT values (5516, 5519, 5524, 2271, 2.510, 102.75, -37.30, 2.510, 102.75, -37.30, 0.000, 332.59, 0.03);
insert into SHOT values (5517, 5519, 5525, 2271, 16.250, 23.25, 0.40, 16.133, 20.41, 1.58, 0.876, 283.16, 22.22);
insert into SHOT values (5518, 5525, 5526, 2271, 7.220, 273.25, 13.60, 7.220, 273.25, 13.60, 0.000, 199.54, -0.02);
insert into SHOT values (5519, 5525, 5527, 2271, 7.440, 344.95, 3.40, 7.440, 344.95, 3.40, 0.000, 331.12, 0.04);
insert into SHOT values (5520, 5525, 5528, 2271, 11.860, 15.95, -19.60, 11.860, 15.95, -19.60, 0.000, 175.54, 0.03);
insert into SHOT values (5521, 5525, 5529, 2271, 12.550, 66.25, -34.00, 12.550, 66.25, -34.00, 0.000, 181.18, -0.01);
insert into SHOT values (5522, 5525, 5530, 2271, 2.050, 92.85, -1.60, 2.050, 92.85, -1.60, 0.000, 7.96, 0.01);
insert into SHOT values (5523, 5525, 5531, 2271, 1.870, 9.95, -81.90, 1.870, 9.95, -81.90, 0.000, 178.14, -0.00);
insert into SHOT values (5524, 5525, 5532, 2271, 26.240, 157.05, -6.00, 25.130, 160.90, -4.36, 2.175, 280.09, 22.56);
insert into SHOT values (5525, 5532, 5533, 2271, 6.460, 83.35, -17.80, 6.460, 83.35, -17.80, 0.000, 186.98, -0.00);
insert into SHOT values (5526, 5532, 5534, 2271, 22.580, 268.95, 12.00, 22.580, 268.95, 12.00, 0.000, 179.34, 0.01);
insert into SHOT values (5527, 5532, 5535, 2271, 4.530, 283.95, 56.90, 4.530, 283.95, 56.90, 0.000, 187.78, -0.00);
insert into SHOT values (5528, 5532, 5536, 2271, 1.650, 180.15, -75.20, 1.650, 180.15, -75.20, 0.000, 12.77, -0.00);
insert into SHOT values (5529, 5532, 5537, 2271, 8.720, 126.25, -11.40, 8.446, 126.13, -11.06, 0.279, 309.86, 21.58);
insert into SHOT values (5530, 5537, 5538, 2271, 3.470, 52.95, 2.00, 3.470, 52.95, 2.00, 0.000, 174.80, 0.01);
insert into SHOT values (5531, 5537, 5539, 2271, 2.770, 181.05, 66.30, 2.770, 181.05, 66.30, 0.000, 348.00, -0.01);
insert into SHOT values (5532, 5537, 5540, 2271, 30.990, 218.25, 7.00, 30.990, 218.25, 7.00, 0.000, 3.36, 0.01);
insert into SHOT values (5533, 5537, 5541, 2271, 2.400, 219.45, -42.40, 2.400, 219.45, -42.40, 0.000, 181.57, 0.01);
insert into SHOT values (5534, 5537, 5542, 2271, 12.790, 174.05, -3.50, 12.626, 176.58, -2.59, 0.618, 280.54, 19.85);
insert into SHOT values (5535, 5542, 5543, 2271, 14.560, 51.25, 9.90, 14.560, 51.25, 9.90, 0.000, 184.80, -0.00);
insert into SHOT values (5536, 5542, 5544, 2271, 4.230, 60.05, 55.00, 4.230, 60.05, 55.00, 0.000, 357.46, 0.01);
insert into SHOT values (5537, 5542, 5545, 2271, 20.630, 119.05, 61.70, 20.630, 119.05, 61.70, 0.000, 178.97, -0.01);
insert into SHOT values (5538, 5542, 5546, 2271, 6.190, 285.65, 59.40, 6.190, 285.65, 59.40, 0.000, 177.27, -0.00);
insert into SHOT values (5539, 5542, 5547, 2271, 45.190, 269.35, 4.80, 45.190, 269.35, 4.80, 0.000, 212.57, -0.02);
insert into SHOT values (5540, 5542, 5548, 2271, 3.450, 266.55, -44.00, 3.450, 266.55, -44.00, 0.000, 352.74, 0.00);
insert into SHOT values (5541, 5542, 5549, 2271, 12.560, 63.85, 6.60, 12.531, 62.00, 7.54, 0.453, 325.25, 26.39);
insert into SHOT values (5542, 5549, 5550, 2271, 10.630, 9.25, -2.60, 10.630, 9.25, -2.60, 0.000, 8.58, -0.00);
insert into SHOT values (5543, 5549, 5551, 2271, 2.910, 9.35, 12.70, 2.910, 9.35, 12.70, 0.000, 182.56, -0.01);
insert into SHOT values (5544, 5549, 5552, 2271, 1.340, 164.35, 64.40, 1.340, 164.35, 64.40, 0.000, 345.32, 0.01);
insert into SHOT values (5545, 5549, 5553, 2271, 6.680, 202.35, 7.00, 6.680, 202.35, 7.00, 0.000, 185.46, -0.00);
insert into SHOT values (5546, 5549, 5554, 2271, 35.620, 228.05, 2.70, 35.620, 228.05, 2.70, 0.000, 181.94, -0.01);
insert into SHOT values (5547, 5549, 5555, 2271, 11.900, 175.85, 6.30, 11.900, 175.85, 6.30, 0.000, 14.94, 0.00);
insert into SHOT values (5548, 5549, 5556, 2271, 1.860, 187.25, -46.70, 1.860, 187.25, -46.70, 0.000, 186.58, -0.00);
insert into SHOT values (5549, 5549, 5557, 2271, 12.210, 88.85, -1.00, 12.076, 87.08, -0.10, 0.442, 338.60, 25.88);
insert into SHOT values (5550, 5557, 5558, 2271, 11.550, 328.15, -2.70, 11.550, 328.15, -2.70, 0.000, 167.23, -0.03);
insert into SHOT values (5551, 5557, 5559, 2271, 15.410, 343.85, 8.70, 15.410, 343.85, 8.70, 0.000, 3.75, -0.00);
insert into SHOT values (5552, 5557, 5560, 2271, 10.710, 356.45, 8.40, 10.710, 356.45, 8.40, 0.000, 198.42, -0.00);
insert into SHOT values (5553, 5557, 5561, 2271, 3.820, 34.15, 12.60, 3.820, 34.15, 12.60, 0.000, 3.02, -0.01);
insert into SHOT values (5554, 5557, 5562, 2271, 1.430, 323.75, -87.60, 1.430, 323.75, -87.60, 0.000, 161.77, 0.01);
insert into SHOT values (5555, 5557, 5563, 2271, 0.980, 237.85, 72.50, 0.980, 237.85, 72.50, 0.000, 180.64, -0.01);
insert into SHOT values (5556, 5557, 5564, 2271, 3.500, 216.65, 4.20, 3.500, 216.65, 4.20, 0.000, 3.71, -0.01);
insert into SHOT values (5557, 5557, 5565, 2271, 2.060, 214.05, -43.20, 2.060, 214.05, -43.20, 0.000, 351.65, -0.00);
insert into SHOT values (5558, 5557, 5566, 2271, 15.290, 169.85, -2.70, 15.044, 172.72, -1.62, 0.849, 278.47, 20.29);
insert into SHOT values (5559, 5566, 5567, 2271, 10.430, 62.85, 2.80, 10.430, 62.85, 2.80, 0.000, 24.48, 0.03);
insert into SHOT values (5560, 5566, 5568, 2271, 9.970, 111.75, 8.20, 9.970, 111.75, 8.20, 0.000, 12.38, 0.02);
insert into SHOT values (5561, 5566, 5569, 2271, 10.240, 92.05, 10.20, 10.240, 92.05, 10.20, 0.000, 182.55, -0.00);
insert into SHOT values (5562, 5566, 5570, 2271, 14.190, 269.65, 86.90, 14.190, 269.65, 86.90, 0.000, 187.30, 0.02);
insert into SHOT values (5563, 5566, 5571, 2271, 12.710, 236.85, -15.60, 12.710, 236.85, -15.60, 0.000, 187.86, 0.00);
insert into SHOT values (5564, 5566, 5572, 2271, 10.280, 238.15, 1.50, 10.280, 238.15, 1.50, 0.000, 176.62, 0.01);
insert into SHOT values (5565, 5566, 5573, 2271, 4.740, 240.35, -38.90, 4.740, 240.35, -38.90, 0.000, 186.56, -0.01);
insert into SHOT values (5566, 5566, 5574, 2271, 6.360, 341.05, -14.30, 6.496, 339.95, -13.44, 0.205, 302.87, 17.44);
insert into SHOT values (5567, 5574, 5575, 2271, 7.850, 257.25, 8.30, 7.977, 258.65, 8.80, 0.240, 316.87, 21.18);
insert into SHOT values (5568, 5575, 5576, 2271, 7.390, 219.55, 5.20, 7.390, 219.55, 5.20, 0.000, 184.38, -0.00);
insert into SHOT values (5569, 5575, 5577, 2271, 11.670, 243.85, 39.60, 11.670, 243.85, 39.60, 0.000, 178.34, 0.00);
insert into SHOT values (5570, 5575, 5578, 2271, 2.070, 300.95, 46.90, 2.070, 300.95, 46.90, 0.000, 185.52, -0.00);
insert into SHOT values (5571, 5575, 5579, 2271, 2.020, 23.75, 23.60, 2.020, 23.75, 23.60, 0.000, 358.44, 0.01);
insert into SHOT values (5572, 5575, 5580, 2271, 15.730, 14.75, 0.30, 15.730, 14.75, 0.30, 0.000, 156.67, 0.02);
insert into SHOT values (5573, 5575, 5581, 2271, 11.340, 305.85, -2.20, 11.685, 306.10, -1.31, 0.392, 314.23, 25.39);
insert into SHOT values (5574, 5581, 5582, 2271, 7.780, 179.05, 6.60, 7.780, 179.05, 6.60, 0.000, 15.46, 0.01);
insert into SHOT values (5575, 5581, 5583, 2271, 8.300, 181.25, -9.00, 8.300, 181.25, -9.00, 0.000, 187.61, 0.01);
insert into SHOT values (5576, 5581, 5584, 2271, 7.780, 187.35, 27.70, 7.780, 187.35, 27.70, 0.000, 202.99, 0.02);
insert into SHOT values (5577, 5581, 5585, 2271, 1.640, 351.15, 83.80, 1.640, 351.15, 83.80, 0.000, 6.82, 0.00);
insert into SHOT values (5578, 5581, 5586, 2271, 16.850, 13.95, -1.60, 16.850, 13.95, -1.60, 0.000, 186.00, 0.01);
insert into SHOT values (5579, 5581, 5587, 2271, 5.180, 227.65, -23.60, 5.198, 229.53, -22.95, 0.168, 304.46, 16.10);
insert into SHOT values (5580, 5587, 5588, 2271, 11.660, 337.95, 6.60, 11.977, 336.25, 7.27, 0.490, 287.69, 20.97);
insert into SHOT values (5581, 5588, 5589, 2271, 19.190, 240.85, 2.40, 19.252, 243.25, 3.75, 0.926, 329.41, 29.54);
insert into SHOT values (5582, 5589, 5158, 2271, 2.300, 359.05, -11.50, 2.395, 357.79, -10.53, 0.114, 331.68, 10.52);
insert into SURVEY values (2275, 50, 'Petit-General', 'Petit-General.Koytendag', 'Petit-General');
 insert into CENTRELINE values (2276, 2275, NULL, NULL, NULL, 0.00, 0.00, 0.00);
 insert into SURVEY values (2277, 2275, 'general', 'general.Petit-General.Koytendag', 'general');
 insert into CENTRELINE values (2278, 2277, NULL, NULL, NULL, 0.00, 0.00, 0.00);
 insert into CENTRELINE values (2279, 2277, NULL, '2024-04-14', NULL, 7.75, 0.00, 0.00);
 insert into TOPO values (5, 2279);
 insert into TOPO values (3, 2279);
 insert into SHOT values (5583, 5590, 5591, 2279, 1.060, 214.25, 7.90, 1.060, 214.25, 7.90, 0.000, 4.21, -0.00);
insert into SHOT values (5584, 5590, 5592, 2279, 1.020, 247.65, 30.50, 1.020, 247.65, 30.50, 0.000, 2.58, -0.01);
insert into SHOT values (5585, 5590, 5593, 2279, 0.960, 280.05, 32.80, 0.960, 280.05, 32.80, 0.000, 1.61, 0.01);
insert into SHOT values (5586, 5590, 5594, 2279, 0.340, 359.25, 29.50, 0.340, 359.25, 29.50, 0.000, 180.29, -0.03);
insert into SHOT values (5587, 5590, 5595, 2279, 0.590, 193.55, -51.10, 0.590, 193.55, -51.10, 0.000, 169.13, -0.04);
insert into SHOT values (5588, 5590, 5596, 2279, 1.660, 279.85, -17.30, 1.660, 279.85, -17.30, 0.000, 353.74, 0.01);
insert into SHOT values (5589, 5590, 5597, 2279, 2.790, 291.25, -13.70, 2.790, 291.25, -13.70, 0.000, 0.33, -0.02);
insert into SHOT values (5590, 5590, 5598, 2279, 3.740, 293.45, -4.20, 3.740, 293.45, -4.20, 0.000, 176.99, 0.01);
insert into SHOT values (5591, 5590, 5599, 2279, 1.960, 286.35, 8.70, 1.960, 286.35, 8.70, 0.000, 359.84, 0.01);
insert into SHOT values (5592, 5590, 5600, 2279, 4.020, 290.05, -7.90, 4.020, 290.05, -7.90, 0.000, 182.44, 0.01);
insert into SHOT values (5593, 5590, 5601, 2279, 2.980, 282.35, -5.40, 2.980, 282.35, -5.40, 0.000, 1.11, -0.00);
insert into SHOT values (5594, 5590, 5602, 2279, 1.630, 261.45, -0.00, 1.630, 261.45, 0.00, 0.000, 180.97, 0.00);
insert into SHOT values (5595, 5590, 5603, 2279, 1.860, 297.45, -4.10, 1.860, 297.45, -4.10, 0.000, 182.22, 0.01);
insert into SHOT values (5596, 5590, 5604, 2279, 2.180, 293.85, -6.10, 2.180, 293.85, -6.10, 0.000, 7.11, 0.02);
insert into SHOT values (5597, 5590, 5605, 2279, 7.750, 295.35, -8.80, 7.750, 295.35, -8.80, 0.000, 359.42, 0.01);
insert into SCRAPS values (2281, 2275, 'SP-PetitG-1', 1, 0.00000, 0.00000);
 insert into MAPS values (2290, 2275, 'MP-Petit-General', 'Grotte du Petit General', 1, 7.750, -1.186);
 insert into MAPITEMS values (2290, 4, 2281);
 insert into SURVEY values (2292, 50, 'Promeszutochnaya', 'Promeszutochnaya.Koytendag', 'Promeszutochnaya');
 insert into CENTRELINE values (2293, 2292, NULL, NULL, NULL, 0.00, 0.00, 0.00);
 insert into SURVEY values (2294, 2292, 'Entree', 'Entree.Promeszutochnaya.Koytendag', 'Entree');
 insert into CENTRELINE values (2295, 2294, NULL, NULL, NULL, 0.00, 0.00, 0.00);
 insert into SURVEY values (2296, 2294, 'Promeszutochnaya', 'Promeszutochnaya.Entree.Promeszutochnaya.Koytendag', 'Promeszutochnaya tunnel amont');
 insert into CENTRELINE values (2297, 2296, NULL, NULL, NULL, 0.00, 0.00, 0.00);
 insert into CENTRELINE values (2298, 2296, NULL, '2024-04-24', NULL, 377.65, 0.00, 0.00);
 insert into TOPO values (9, 2298);
 insert into TOPO values (15, 2298);
 insert into TOPO values (7, 2298);
 insert into SHOT values (5598, 5606, 5607, 2298, 0.890, 204.45, -30.60, 0.890, 204.45, -30.60, 0.000, 1.21, 0.00);
insert into SHOT values (5599, 5606, 5608, 2298, 2.380, 54.75, -9.70, 2.380, 54.75, -9.70, 0.000, 179.03, -0.01);
insert into SHOT values (5600, 5606, 5609, 2298, 2.270, 170.65, 78.10, 2.270, 170.65, 78.10, 0.000, 357.63, -0.00);
insert into SHOT values (5601, 5606, 5610, 2298, 0.530, 136.75, -78.00, 0.530, 136.75, -78.00, 0.000, 205.66, 0.02);
insert into SHOT values (5602, 5606, 5611, 2298, 0.150, 120.35, -3.40, 0.150, 120.35, -3.40, 0.000, 340.75, -0.04);
insert into SHOT values (5603, 5606, 5612, 2298, 8.760, 122.25, -4.00, 8.725, 122.49, -4.03, 0.051, 257.04, -2.11);
insert into SHOT values (5604, 5612, 5613, 2298, 0.410, 43.05, -6.90, 0.410, 43.05, -6.90, 0.000, 358.06, 0.02);
insert into SHOT values (5605, 5612, 5614, 2298, 1.530, 215.45, -2.90, 1.530, 215.45, -2.90, 0.000, 10.50, 0.01);
insert into SHOT values (5606, 5612, 5615, 2298, 1.630, 55.25, 79.80, 1.630, 55.25, 79.80, 0.000, 351.70, -0.00);
insert into SHOT values (5607, 5612, 5616, 2298, 0.440, 184.05, -76.30, 0.440, 184.05, -76.30, 0.000, 354.43, 0.01);
insert into SHOT values (5608, 5612, 5617, 2298, 15.870, 137.55, -4.10, 15.791, 137.99, -4.14, 0.145, 261.32, -2.21);
insert into SHOT values (5609, 5617, 5618, 2298, 1.970, 52.25, -9.10, 1.970, 52.25, -9.10, 0.000, 359.78, -0.02);
insert into SHOT values (5610, 5617, 5619, 2298, 1.080, 105.95, 74.10, 1.080, 105.95, 74.10, 0.000, 11.58, 0.08);
insert into SHOT values (5611, 5617, 5620, 2298, 1.360, 118.35, -82.20, 1.360, 118.35, -82.20, 0.000, 3.37, 0.01);
insert into SHOT values (5612, 5617, 5621, 2298, 0.280, 222.15, 5.40, 0.280, 222.15, 5.40, 0.000, 348.56, 0.04);
insert into SHOT values (5613, 5617, 5622, 2298, 18.450, 127.05, -14.80, 18.359, 127.43, -14.90, 0.154, 256.11, -2.64);
insert into SHOT values (5614, 5622, 5623, 2298, 2.070, 20.05, 1.70, 2.070, 20.05, 1.70, 0.000, 350.38, 0.01);
insert into SHOT values (5615, 5622, 5624, 2298, 2.470, 174.05, 87.10, 2.470, 174.05, 87.10, 0.000, 178.54, 0.04);
insert into SHOT values (5616, 5622, 5625, 2298, 1.470, 183.95, -89.00, 1.470, 183.95, -89.00, 0.000, 300.71, -0.43);
insert into SHOT values (5617, 5622, 5626, 2298, 0.410, 199.25, 1.20, 0.410, 199.25, 1.20, 0.000, 357.34, 0.01);
insert into SHOT values (5618, 5622, 5627, 2298, 26.760, 90.55, -2.70, 26.722, 90.79, -2.74, 0.118, 200.16, -7.54);
insert into SHOT values (5619, 5627, 5628, 2298, 8.190, 89.35, -7.40, 8.190, 89.35, -7.40, 0.000, 180.24, 0.00);
insert into SHOT values (5620, 5627, 5629, 2298, 4.450, 9.35, -1.60, 4.450, 9.35, -1.60, 0.000, 324.18, 0.05);
insert into SHOT values (5621, 5627, 5630, 2298, 23.050, 124.65, -3.80, 23.050, 124.65, -3.80, 0.000, 186.76, 0.00);
insert into SHOT values (5622, 5627, 5631, 2298, 29.440, 133.95, -6.40, 29.440, 133.95, -6.40, 0.000, 174.20, 0.02);
insert into SHOT values (5623, 5627, 5632, 2298, 20.270, 154.15, -6.10, 20.270, 154.15, -6.10, 0.000, 7.74, -0.00);
insert into SHOT values (5624, 5627, 5633, 2298, 10.360, 193.45, -2.30, 10.360, 193.45, -2.30, 0.000, 172.55, -0.05);
insert into SHOT values (5625, 5627, 5634, 2298, 8.670, 224.35, -0.80, 8.670, 224.35, -0.80, 0.000, 169.70, 0.02);
insert into SHOT values (5626, 5627, 5635, 2298, 19.590, 281.75, -2.90, 19.590, 281.75, -2.90, 0.000, 173.94, -0.01);
insert into SHOT values (5627, 5627, 5636, 2298, 18.230, 313.95, -6.30, 18.230, 313.95, -6.30, 0.000, 2.56, -0.00);
insert into SHOT values (5628, 5627, 5637, 2298, 3.280, 198.55, 76.90, 3.280, 198.55, 76.90, 0.000, 182.60, 0.01);
insert into SHOT values (5629, 5627, 5638, 2298, 5.310, 1.15, -64.70, 5.310, 1.15, -64.70, 0.000, 179.70, 0.00);
insert into SHOT values (5630, 5627, 5639, 2298, 28.110, 140.25, -10.10, 27.883, 141.02, -10.22, 0.440, 262.70, -2.16);
insert into SHOT values (5631, 5639, 5640, 2298, 7.240, 263.05, 5.60, 7.240, 263.05, 5.60, 0.000, 359.25, 0.00);
insert into SHOT values (5632, 5639, 5641, 2298, 12.380, 294.05, 10.70, 12.380, 294.05, 10.70, 0.000, 11.16, 0.02);
insert into SHOT values (5633, 5639, 5642, 2298, 15.220, 347.25, 7.90, 15.220, 347.25, 7.90, 0.000, 188.17, 0.01);
insert into SHOT values (5634, 5639, 5643, 2298, 9.770, 26.85, 3.20, 9.770, 26.85, 3.20, 0.000, 178.95, -0.02);
insert into SHOT values (5635, 5639, 5644, 2298, 8.500, 56.95, 3.50, 8.500, 56.95, 3.50, 0.000, 181.76, 0.01);
insert into SHOT values (5636, 5639, 5645, 2298, 4.370, 124.65, 0.60, 4.370, 124.65, 0.60, 0.000, 7.10, -0.00);
insert into SHOT values (5637, 5639, 5646, 2298, 11.080, 175.65, 3.30, 11.080, 175.65, 3.30, 0.000, 184.62, -0.01);
insert into SHOT values (5638, 5639, 5647, 2298, 3.330, 218.55, 57.90, 3.330, 218.55, 57.90, 0.000, 176.00, -0.01);
insert into SHOT values (5639, 5639, 5648, 2298, 13.620, 298.25, 70.90, 13.620, 298.25, 70.90, 0.000, 356.29, -0.01);
insert into SHOT values (5640, 5639, 5649, 2298, 9.950, 323.45, 61.00, 9.950, 323.45, 61.00, 0.000, 187.43, 0.02);
insert into SHOT values (5641, 5639, 5650, 2298, 13.500, 334.25, 26.80, 13.500, 334.25, 26.80, 0.000, 169.16, -0.01);
insert into SHOT values (5642, 5639, 5651, 2298, 29.250, 174.75, -12.90, 29.214, 176.22, -12.95, 0.735, 268.70, -1.38);
insert into SHOT values (5643, 5651, 5652, 2298, 8.440, 293.35, 9.60, 8.440, 293.35, 9.60, 0.000, 182.75, -0.01);
insert into SHOT values (5644, 5651, 5653, 2298, 11.680, 228.35, -2.70, 11.680, 228.35, -2.70, 0.000, 4.81, -0.01);
insert into SHOT values (5645, 5651, 5654, 2298, 17.100, 200.65, 1.90, 17.100, 200.65, 1.90, 0.000, 5.79, 0.02);
insert into SHOT values (5646, 5651, 5655, 2298, 18.830, 157.75, 2.60, 18.830, 157.75, 2.60, 0.000, 152.14, 0.02);
insert into SHOT values (5647, 5651, 5656, 2298, 8.490, 105.55, 2.30, 8.490, 105.55, 2.30, 0.000, 4.88, -0.03);
insert into SHOT values (5648, 5651, 5657, 2298, 14.230, 96.85, 6.80, 14.230, 96.85, 6.80, 0.000, 350.95, 0.01);
insert into SHOT values (5649, 5651, 5658, 2298, 13.280, 66.85, 4.10, 13.280, 66.85, 4.10, 0.000, 359.43, 0.04);
insert into SHOT values (5650, 5651, 5659, 2298, 15.720, 27.25, 7.40, 15.720, 27.25, 7.40, 0.000, 179.84, -0.03);
insert into SHOT values (5651, 5651, 5660, 2298, 3.350, 108.15, 72.90, 3.350, 108.15, 72.90, 0.000, 1.24, -0.01);
insert into SHOT values (5652, 5651, 5661, 2298, 1.190, 173.05, -80.70, 1.190, 173.05, -80.70, 0.000, 166.58, 0.02);
insert into SHOT values (5653, 5651, 5662, 2298, 6.750, 170.15, 16.70, 6.750, 170.15, 16.70, 0.000, 10.82, 0.01);
insert into SHOT values (5654, 5651, 5663, 2298, 11.380, 3.75, 30.50, 11.380, 3.75, 30.50, 0.000, 352.17, 0.03);
insert into SHOT values (5655, 5651, 5664, 2298, 19.980, 168.65, 11.00, 19.927, 169.63, 11.01, 0.341, 268.04, -1.42);
insert into SHOT values (5656, 5664, 5665, 2298, 5.930, 75.25, 5.00, 5.930, 75.25, 5.00, 0.000, 344.83, -0.01);
insert into SHOT values (5657, 5664, 5666, 2298, 15.140, 221.55, 1.00, 15.140, 221.55, 1.00, 0.000, 177.51, 0.02);
insert into SHOT values (5658, 5664, 5667, 2298, 26.920, 159.95, 4.30, 26.920, 159.95, 4.30, 0.000, 352.39, 0.03);
insert into SHOT values (5659, 5664, 5668, 2298, 25.270, 102.55, 5.10, 25.270, 102.55, 5.10, 0.000, 175.51, 0.01);
insert into SHOT values (5660, 5664, 5669, 2298, 32.460, 122.85, 4.50, 32.460, 122.85, 4.50, 0.000, 1.67, -0.00);
insert into SHOT values (5661, 5664, 5670, 2298, 3.340, 355.35, -2.10, 3.340, 355.35, -2.10, 0.000, 0.86, -0.01);
insert into SHOT values (5662, 5664, 5671, 2298, 8.570, 290.85, 3.90, 8.570, 290.85, 3.90, 0.000, 182.23, -0.00);
insert into SHOT values (5663, 5664, 5672, 2298, 2.380, 92.15, 80.70, 2.380, 92.15, 80.70, 0.000, 180.98, 0.02);
insert into SHOT values (5664, 5664, 5673, 2298, 9.290, 151.45, 16.20, 9.290, 151.45, 16.20, 0.000, 187.59, 0.00);
insert into SHOT values (5665, 5664, 5674, 2298, 1.330, 77.95, -86.90, 1.330, 77.95, -86.90, 0.000, 183.97, 0.00);
insert into SHOT values (5666, 5664, 5675, 2298, 26.960, 153.45, 5.90, 26.756, 154.48, 5.91, 0.525, 266.84, -1.70);
insert into SHOT values (5667, 5675, 5676, 2298, 21.710, 31.85, -0.20, 21.710, 31.85, -0.20, 0.000, 355.92, -0.01);
insert into SHOT values (5668, 5675, 5677, 2298, 17.310, 66.55, 3.60, 17.310, 66.55, 3.60, 0.000, 174.85, -0.00);
insert into SHOT values (5669, 5675, 5678, 2298, 11.570, 200.15, -5.70, 11.570, 200.15, -5.70, 0.000, 357.29, 0.00);
insert into SHOT values (5670, 5675, 5679, 2298, 9.520, 242.05, -6.30, 9.520, 242.05, -6.30, 0.000, 203.96, -0.02);
insert into SHOT values (5671, 5675, 5680, 2298, 20.220, 276.05, -4.90, 20.220, 276.05, -4.90, 0.000, 181.29, -0.01);
insert into SHOT values (5672, 5675, 5681, 2298, 3.770, 101.45, -46.20, 3.770, 101.45, -46.20, 0.000, 12.34, -0.01);
insert into SHOT values (5673, 5675, 5682, 2298, 0.310, 141.85, 87.20, 0.310, 141.85, 87.20, 0.000, 2.06, -0.06);
insert into SHOT values (5674, 5675, 5683, 2298, 6.990, 104.05, -14.90, 6.954, 104.21, -14.99, 0.042, 258.03, -1.71);
insert into SHOT values (5675, 5683, 5684, 2298, 17.250, 30.45, 6.00, 17.250, 30.45, 6.00, 0.000, 205.02, -0.02);
insert into SHOT values (5676, 5683, 5685, 2298, 15.970, 214.95, -6.90, 15.970, 214.95, -6.90, 0.000, 4.09, -0.01);
insert into SHOT values (5677, 5683, 5686, 2298, 13.240, 239.95, -1.50, 13.240, 239.95, -1.50, 0.000, 167.96, 0.02);
insert into SHOT values (5678, 5683, 5687, 2298, 25.740, 124.05, -1.20, 25.740, 124.05, -1.20, 0.000, 182.01, -0.01);
insert into SHOT values (5679, 5683, 5688, 2298, 3.360, 131.85, 63.30, 3.360, 131.85, 63.30, 0.000, 177.36, -0.01);
insert into SHOT values (5680, 5683, 5689, 2298, 1.910, 39.55, -70.70, 1.910, 39.55, -70.70, 0.000, 3.83, 0.01);
insert into SHOT values (5681, 5683, 5690, 2298, 6.040, 107.05, 2.60, 6.052, 107.18, 2.31, 0.036, 154.96, -57.57);
insert into SHOT values (5682, 5690, 5691, 2298, 28.330, 340.25, 4.60, 28.330, 340.25, 4.60, 0.000, 174.51, -0.01);
insert into SHOT values (5683, 5690, 5692, 2298, 16.580, 0.45, 5.50, 16.580, 0.45, 5.50, 0.000, 179.59, 0.02);
insert into SHOT values (5684, 5690, 5693, 2298, 17.150, 50.85, 7.80, 17.150, 50.85, 7.80, 0.000, 179.49, -0.01);
insert into SHOT values (5685, 5690, 5694, 2298, 23.020, 143.55, -6.20, 23.020, 143.55, -6.20, 0.000, 353.61, -0.00);
insert into SHOT values (5686, 5690, 5695, 2298, 0.170, 187.95, -11.40, 0.170, 187.95, -11.40, 0.000, 4.28, 0.02);
insert into SHOT values (5687, 5690, 5696, 2298, 17.140, 258.15, -6.30, 17.140, 258.15, -6.30, 0.000, 167.74, -0.03);
insert into SHOT values (5688, 5690, 5697, 2298, 1.890, 60.15, 85.30, 1.890, 60.15, 85.30, 0.000, 181.83, 0.02);
insert into SHOT values (5689, 5690, 5698, 2298, 1.640, 4.15, -77.80, 1.640, 4.15, -77.80, 0.000, 7.99, 0.02);
insert into SHOT values (5690, 5690, 5699, 2298, 18.860, 117.65, -0.40, 18.932, 117.91, -1.10, 0.258, 169.24, -64.44);
insert into SHOT values (5691, 5699, 5700, 2298, 17.240, 100.95, 4.80, 17.240, 100.95, 4.80, 0.000, 171.63, -0.01);
insert into SHOT values (5692, 5699, 5701, 2298, 12.370, 30.35, 14.30, 12.370, 30.35, 14.30, 0.000, 202.72, -0.05);
insert into SHOT values (5693, 5699, 5702, 2298, 14.660, 226.65, -8.50, 14.660, 226.65, -8.50, 0.000, 180.80, 0.12);
insert into SHOT values (5694, 5699, 5703, 2298, 35.380, 270.15, -2.40, 35.380, 270.15, -2.40, 0.000, 0.94, 0.01);
insert into SHOT values (5695, 5699, 5704, 2298, 1.290, 181.25, 61.00, 1.290, 181.25, 61.00, 0.000, 191.88, -0.01);
insert into SHOT values (5696, 5699, 5705, 2298, 1.540, 169.85, -51.90, 1.540, 169.85, -51.90, 0.000, 356.98, 0.00);
insert into SHOT values (5697, 5699, 5706, 2298, 13.600, 146.15, -17.30, 13.679, 146.14, -17.71, 0.125, 143.98, -68.09);
insert into SHOT values (5698, 5706, 5707, 2298, 12.830, 52.75, 11.80, 12.830, 52.75, 11.80, 0.000, 175.59, 0.00);
insert into SHOT values (5699, 5706, 5708, 2298, 9.350, 231.05, 0.70, 9.350, 231.05, 0.70, 0.000, 11.41, 0.05);
insert into SHOT values (5700, 5706, 5709, 2298, 18.800, 283.95, 6.60, 18.800, 283.95, 6.60, 0.000, 182.83, -0.01);
insert into SHOT values (5701, 5706, 5710, 2298, 9.500, 3.85, 18.50, 9.500, 3.85, 18.50, 0.000, 184.95, 0.00);
insert into SHOT values (5702, 5706, 5711, 2298, 20.150, 117.75, -11.00, 20.150, 117.75, -11.00, 0.000, 24.52, -0.03);
insert into SHOT values (5703, 5706, 5712, 2298, 1.570, 45.55, 67.20, 1.570, 45.55, 67.20, 0.000, 176.38, 0.02);
insert into SHOT values (5704, 5706, 5713, 2298, 1.230, 111.85, -80.60, 1.230, 111.85, -80.60, 0.000, 171.80, 0.01);
insert into SHOT values (5705, 5706, 5714, 2298, 21.360, 135.55, -14.00, 21.530, 135.64, -14.66, 0.302, 152.89, -68.79);
insert into SHOT values (5706, 5714, 5715, 2298, 6.520, 264.45, 1.10, 6.520, 264.45, 1.10, 0.000, 357.07, 0.01);
insert into SHOT values (5707, 5714, 5716, 2298, 8.550, 100.15, 25.70, 8.550, 100.15, 25.70, 0.000, 8.17, 0.10);
insert into SHOT values (5708, 5714, 5717, 2298, 9.690, 126.15, 22.30, 9.690, 126.15, 22.30, 0.000, 1.27, 0.03);
insert into SHOT values (5709, 5714, 5718, 2298, 6.720, 166.95, 8.90, 6.720, 166.95, 8.90, 0.000, 186.98, -0.05);
insert into SHOT values (5710, 5714, 5719, 2298, 7.110, 78.05, 20.10, 7.110, 78.05, 20.10, 0.000, 359.04, -0.01);
insert into SHOT values (5711, 5714, 5720, 2298, 1.160, 188.55, 78.00, 1.160, 188.55, 78.00, 0.000, 168.45, 0.01);
insert into SHOT values (5712, 5714, 5721, 2298, 0.570, 262.45, -68.30, 0.570, 262.45, -68.30, 0.000, 359.99, -0.01);
insert into SHOT values (5713, 5714, 5722, 2298, 4.830, 221.95, -5.40, 4.838, 221.77, -5.65, 0.027, 154.10, -53.46);
insert into SHOT values (5714, 5722, 5723, 2298, 6.380, 250.55, -2.20, 6.380, 250.55, -2.20, 0.000, 8.17, -0.03);
insert into SHOT values (5715, 5722, 5724, 2298, 6.670, 123.65, 10.80, 6.670, 123.65, 10.80, 0.000, 249.99, -0.03);
insert into SHOT values (5716, 5722, 5725, 2298, 1.540, 224.85, 74.10, 1.540, 224.85, 74.10, 0.000, 176.77, -0.01);
insert into SHOT values (5717, 5722, 5726, 2298, 1.160, 259.05, -51.10, 1.160, 259.05, -51.10, 0.000, 175.03, -0.00);
insert into SHOT values (5718, 5722, 5727, 2298, 10.060, 160.25, 1.10, 10.083, 160.18, 0.69, 0.076, 134.79, -69.25);
insert into SHOT values (5719, 5727, 5728, 2298, 21.040, 99.75, 10.00, 21.040, 99.75, 10.00, 0.000, 16.84, 0.04);
insert into SHOT values (5720, 5727, 5729, 2298, 9.170, 262.95, -8.30, 9.170, 262.95, -8.30, 0.000, 207.66, 0.04);
insert into SHOT values (5721, 5727, 5730, 2298, 0.740, 170.55, 85.30, 0.740, 170.55, 85.30, 0.000, 168.86, 0.02);
insert into SHOT values (5722, 5727, 5731, 2298, 0.550, 318.75, -73.00, 0.550, 318.75, -73.00, 0.000, 186.40, -0.00);
insert into SHOT values (5723, 5727, 5732, 2298, 16.880, 132.95, 2.90, 16.938, 133.04, 2.25, 0.201, 155.84, -68.91);
insert into SHOT values (5724, 5732, 5733, 2298, 9.940, 129.05, 13.20, 9.940, 129.05, 13.20, 0.000, 170.18, 0.00);
insert into SHOT values (5725, 5732, 5734, 2298, 17.060, 284.55, -6.80, 17.060, 284.55, -6.80, 0.000, 41.55, -0.04);
insert into SHOT values (5726, 5732, 5735, 2298, 12.660, 232.45, -8.10, 12.660, 232.45, -8.10, 0.000, 25.33, 0.03);
insert into SHOT values (5727, 5732, 5736, 2298, 1.060, 258.15, 79.30, 1.060, 258.15, 79.30, 0.000, 1.53, -0.02);
insert into SHOT values (5728, 5732, 5737, 2298, 0.680, 236.95, -77.30, 0.680, 236.95, -77.30, 0.000, 10.58, 0.00);
insert into SHOT values (5729, 5732, 5738, 2298, 9.600, 185.95, -4.40, 9.620, 185.83, -4.78, 0.070, 131.46, -69.01);
insert into SHOT values (5730, 5738, 5739, 2298, 3.990, 231.45, -2.00, 3.990, 231.45, -2.00, 0.000, 6.81, -0.03);
insert into SHOT values (5731, 5738, 5740, 2298, 5.940, 76.05, 8.50, 5.940, 76.05, 8.50, 0.000, 192.98, 0.01);
insert into SHOT values (5732, 5738, 5741, 2298, 4.670, 132.05, 2.50, 4.670, 132.05, 2.50, 0.000, 173.29, 0.01);
insert into SHOT values (5733, 5738, 5742, 2298, 4.270, 188.85, 3.40, 4.270, 188.85, 3.40, 0.000, 303.99, 0.14);
insert into SHOT values (5734, 5738, 5743, 2298, 0.860, 186.55, 80.20, 0.860, 186.55, 80.20, 0.000, 189.26, -0.01);
insert into SHOT values (5735, 5738, 5744, 2298, 0.440, 88.35, -62.80, 0.440, 88.35, -62.80, 0.000, 7.63, -0.01);
insert into SHOT values (5736, 5738, 5745, 2298, 3.330, 143.35, 4.10, 3.343, 143.41, 3.84, 0.020, 157.60, -44.47);
insert into SHOT values (5737, 5745, 5746, 2298, 2.030, 250.05, -5.50, 2.030, 250.05, -5.50, 0.000, 182.24, 0.02);
insert into SHOT values (5738, 5745, 5747, 2298, 3.030, 68.15, 5.60, 3.030, 68.15, 5.60, 0.000, 358.84, 0.01);
insert into SHOT values (5739, 5745, 5748, 2298, 0.760, 109.35, 81.40, 0.760, 109.35, 81.40, 0.000, 346.18, -0.03);
insert into SHOT values (5740, 5745, 5749, 2298, 0.370, 255.25, -85.30, 0.370, 255.25, -85.30, 0.000, 171.97, -0.01);
insert into SHOT values (5741, 5745, 5750, 2298, 3.690, 151.65, -6.90, 3.707, 151.68, -7.11, 0.022, 159.94, -45.69);
insert into SHOT values (5742, 5750, 5751, 2298, 4.600, 95.55, 13.20, 4.600, 95.55, 13.20, 0.000, 219.16, -0.03);
insert into SHOT values (5743, 5750, 5752, 2298, 6.380, 276.05, 3.80, 6.380, 276.05, 3.80, 0.000, 20.13, 0.08);
insert into SHOT values (5744, 5750, 5753, 2298, 8.030, 164.25, 4.50, 8.030, 164.25, 4.50, 0.000, 356.72, -0.05);
insert into SHOT values (5745, 5750, 5754, 2298, 2.200, 43.45, 9.10, 2.200, 43.45, 9.10, 0.000, 85.76, 0.15);
insert into SHOT values (5746, 5750, 5755, 2298, 1.100, 172.85, 86.80, 1.100, 172.85, 86.80, 0.000, 126.95, -0.02);
insert into SHOT values (5747, 5750, 5756, 2298, 0.640, 255.35, -76.60, 0.640, 255.35, -76.60, 0.000, 353.30, -0.01);
insert into SHOT values (5748, 5750, 5757, 2298, 9.590, 198.55, -0.40, 9.602, 198.41, -0.79, 0.070, 135.84, -68.65);
insert into SHOT values (5749, 5757, 5758, 2298, 7.900, 65.65, 10.20, 7.900, 65.65, 10.20, 0.000, 191.93, -0.03);
insert into SHOT values (5750, 5757, 5759, 2298, 5.710, 213.65, 4.30, 5.710, 213.65, 4.30, 0.000, 0.85, 0.01);
insert into SHOT values (5751, 5757, 5760, 2298, 0.610, 107.55, 79.00, 0.610, 107.55, 79.00, 0.000, 174.20, 0.01);
insert into SHOT values (5752, 5757, 5761, 2298, 0.490, 195.45, -72.90, 0.490, 195.45, -72.90, 0.000, 8.03, -0.00);
insert into SHOT values (5753, 5757, 5762, 2298, 11.560, 167.45, 9.30, 11.570, 167.35, 8.84, 0.096, 127.30, -70.50);
insert into SHOT values (5754, 5762, 5763, 2298, 6.510, 210.35, 0.30, 6.510, 210.35, 0.30, 0.000, 183.61, 0.01);
insert into SHOT values (5755, 5762, 5764, 2298, 12.000, 271.45, 1.70, 12.000, 271.45, 1.70, 0.000, 191.28, 0.00);
insert into SHOT values (5756, 5762, 5765, 2298, 9.270, 297.95, -1.80, 9.270, 297.95, -1.80, 0.000, 352.20, -0.03);
insert into SHOT values (5757, 5762, 5766, 2298, 7.700, 82.15, 4.10, 7.700, 82.15, 4.10, 0.000, 354.35, -0.01);
insert into SHOT values (5758, 5762, 5767, 2298, 1.100, 308.85, 79.50, 1.100, 308.85, 79.50, 0.000, 186.03, 0.03);
insert into SHOT values (5759, 5762, 5768, 2298, 0.930, 205.85, -81.30, 0.930, 205.85, -81.30, 0.000, 6.36, 0.02);
insert into SHOT values (5760, 5762, 5769, 2298, 6.010, 177.05, -5.60, 6.030, 176.97, -5.87, 0.035, 152.01, -58.45);
insert into SHOT values (5761, 5769, 5770, 2298, 6.560, 283.35, 5.80, 6.560, 283.35, 5.80, 0.000, 356.94, -0.01);
insert into SHOT values (5762, 5769, 5771, 2298, 0.550, 219.25, 25.10, 0.550, 219.25, 25.10, 0.000, 338.34, -0.05);
insert into SHOT values (5763, 5769, 5772, 2298, 8.100, 298.95, 8.40, 8.100, 298.95, 8.40, 0.000, 3.03, 0.01);
insert into SHOT values (5764, 5769, 5773, 2298, 8.390, 350.65, 5.80, 8.390, 350.65, 5.80, 0.000, 4.02, -0.01);
insert into SHOT values (5765, 5769, 5774, 2298, 9.690, 35.65, 8.00, 9.690, 35.65, 8.00, 0.000, 184.66, -0.01);
insert into SHOT values (5766, 5769, 5775, 2298, 0.820, 310.35, 65.10, 0.820, 310.35, 65.10, 0.000, 3.41, 0.02);
insert into SHOT values (5767, 5769, 5776, 2298, 0.810, 292.35, -78.20, 0.810, 292.35, -78.20, 0.000, 183.08, 0.11);
insert into SHOT values (5768, 5769, 5777, 2298, 6.550, 284.15, 5.70, 6.534, 284.00, 5.41, 0.040, 157.25, -58.17);
insert into SHOT values (5769, 5777, 5778, 2298, 2.780, 318.15, 4.50, 2.780, 318.15, 4.50, 0.000, 6.83, -0.00);
insert into SHOT values (5770, 5777, 5779, 2298, 1.070, 206.85, 6.30, 1.070, 206.85, 6.30, 0.000, 185.39, 0.01);
insert into SHOT values (5771, 5777, 5780, 2298, 1.860, 58.15, -2.20, 1.860, 58.15, -2.20, 0.000, 172.11, -0.01);
insert into SHOT values (5772, 5777, 5781, 2298, 0.970, 145.85, 5.20, 0.970, 145.85, 5.20, 0.000, 193.04, 0.05);
insert into SHOT values (5773, 5777, 5782, 2298, 0.490, 307.45, 74.60, 0.490, 307.45, 74.60, 0.000, 0.49, 0.00);
insert into SHOT values (5774, 5777, 5783, 2298, 1.090, 18.95, -75.40, 1.090, 18.95, -75.40, 0.000, 190.80, 0.03);
insert into SHOT values (5775, 5777, 5784, 2298, 5.770, 276.15, -5.70, 5.763, 276.00, -5.99, 0.033, 153.57, -57.17);
insert into SHOT values (5776, 5784, 5785, 2298, 0.580, 2.95, 9.90, 0.580, 2.95, 9.90, 0.000, 13.46, 0.02);
insert into SHOT values (5777, 5784, 5786, 2298, 1.380, 158.25, 11.50, 1.380, 158.25, 11.50, 0.000, 187.66, -0.02);
insert into SHOT values (5778, 5784, 5787, 2298, 0.580, 266.55, 74.60, 0.580, 266.55, 74.60, 0.000, 353.47, -0.01);
insert into SHOT values (5779, 5784, 5788, 2298, 2.180, 326.85, -59.90, 2.180, 326.85, -59.90, 0.000, 8.06, -0.02);
insert into SHOT values (5780, 5784, 5789, 2298, 5.870, 281.35, -33.20, 5.876, 281.20, -33.49, 0.033, 150.42, -59.00);
insert into SHOT values (5781, 5789, 5790, 2298, 8.290, 282.55, -13.40, 8.290, 282.55, -13.40, 0.000, 187.69, -0.02);
insert into SHOT values (5782, 5789, 5791, 2298, 2.800, 122.65, 8.00, 2.800, 122.65, 8.00, 0.000, 5.22, 0.01);
insert into SHOT values (5783, 5789, 5792, 2298, 3.860, 28.15, 12.00, 3.860, 28.15, 12.00, 0.000, 3.56, 0.00);
insert into SHOT values (5784, 5789, 5793, 2298, 2.310, 83.65, 12.80, 2.310, 83.65, 12.80, 0.000, 185.24, 0.01);
insert into SHOT values (5785, 5789, 5794, 2298, 0.960, 17.55, 80.60, 0.960, 17.55, 80.60, 0.000, 353.97, -0.00);
insert into SHOT values (5786, 5789, 5795, 2298, 1.150, 216.95, -71.40, 1.150, 216.95, -71.40, 0.000, 5.06, -0.01);
insert into SHOT values (5787, 5789, 5796, 2298, 11.700, 213.25, -11.60, 11.731, 213.08, -12.02, 0.098, 143.63, -68.40);
insert into SHOT values (5788, 5796, 5797, 2298, 11.050, 299.25, -11.70, 11.050, 299.25, -11.70, 0.000, 223.26, 0.06);
insert into SHOT values (5789, 5796, 5798, 2298, 2.490, 130.65, -5.00, 2.490, 130.65, -5.00, 0.000, 191.63, -0.01);
insert into SHOT values (5790, 5796, 5799, 2298, 6.360, 201.85, -2.70, 6.360, 201.85, -2.70, 0.000, 329.49, 0.02);
insert into SHOT values (5791, 5796, 5800, 2298, 6.570, 261.85, -8.10, 6.570, 261.85, -8.10, 0.000, 355.95, 0.00);
insert into SHOT values (5792, 5796, 5801, 2298, 1.230, 287.95, 82.20, 1.230, 287.95, 82.20, 0.000, 185.68, -0.01);
insert into SHOT values (5793, 5796, 5802, 2298, 1.790, 314.05, -81.80, 1.790, 314.05, -81.80, 0.000, 174.25, 0.01);
insert into SHOT values (5794, 5796, 5803, 2298, 14.400, 241.45, -9.80, 14.441, 241.18, -10.32, 0.151, 165.99, -63.50);
insert into SHOT values (5795, 5803, 5804, 2298, 4.540, 3.75, -2.60, 4.540, 3.75, -2.60, 0.000, 177.86, 0.00);
insert into SHOT values (5796, 5803, 5805, 2298, 5.200, 186.45, 10.80, 5.200, 186.45, 10.80, 0.000, 346.72, -0.06);
insert into SHOT values (5797, 5803, 5806, 2298, 6.550, 249.15, -0.70, 6.550, 249.15, -0.70, 0.000, 350.98, -0.01);
insert into SHOT values (5798, 5803, 5807, 2298, 6.590, 61.45, 3.10, 6.590, 61.45, 3.10, 0.000, 4.08, -0.02);
insert into SHOT values (5799, 5803, 5808, 2298, 0.960, 241.65, 72.00, 0.960, 241.65, 72.00, 0.000, 194.09, 0.01);
insert into SHOT values (5800, 5803, 5809, 2298, 1.110, 36.05, -67.30, 1.110, 36.05, -67.30, 0.000, 9.45, -0.02);
insert into SHOT values (5801, 5803, 5810, 2298, 6.980, 268.65, -5.10, 6.976, 268.47, -5.41, 0.044, 159.71, -58.31);
insert into SHOT values (5802, 5810, 5811, 2298, 4.590, 346.85, -13.80, 4.590, 346.85, -13.80, 0.000, 4.73, -0.01);
insert into SHOT values (5803, 5810, 5812, 2298, 11.430, 184.35, 0.40, 11.430, 184.35, 0.40, 0.000, 3.74, -0.04);
insert into SHOT values (5804, 5810, 5813, 2298, 8.940, 30.55, -5.00, 8.940, 30.55, -5.00, 0.000, 174.25, -0.01);
insert into SHOT values (5805, 5810, 5814, 2298, 7.580, 255.45, -14.50, 7.580, 255.45, -14.50, 0.000, 301.56, -0.12);
insert into SHOT values (5806, 5810, 5815, 2298, 0.990, 311.45, 81.40, 0.990, 311.45, 81.40, 0.000, 345.81, -0.02);
insert into SHOT values (5807, 5810, 5816, 2298, 2.440, 337.95, -75.20, 2.440, 337.95, -75.20, 0.000, 184.63, 0.01);
insert into SHOT values (5808, 5810, 5817, 2298, 0.700, 191.55, -74.60, 0.700, 191.55, -74.60, 0.000, 164.39, -0.04);
insert into SHOT values (5809, 5810, 5818, 2298, 2.700, 15.25, -76.20, 2.700, 15.25, -76.20, 0.000, 167.83, 0.05);
insert into SHOT values (5810, 5810, 5819, 2298, 9.840, 247.05, -19.60, 9.865, 246.82, -19.94, 0.074, 161.91, -60.01);
insert into SHOT values (5811, 5819, 5820, 2298, 2.740, 149.25, 23.30, 2.740, 149.25, 23.30, 0.000, 7.65, -0.00);
insert into SHOT values (5812, 5819, 5821, 2298, 0.780, 326.55, 12.80, 0.780, 326.55, 12.80, 0.000, 354.60, -0.02);
insert into SURVEY values (2301, 2292, 'Philippe1', 'Philippe1.Promeszutochnaya.Koytendag', 'Philippe1');
 insert into CENTRELINE values (2302, 2301, NULL, NULL, NULL, 0.00, 0.00, 0.00);
 insert into SURVEY values (2303, 2301, 'Promeszutochnaya_01', 'Promeszutochnaya_01.Philippe1.Promeszutochnaya.Koytendag', 'Promeszutochnaya_01');
 insert into CENTRELINE values (2304, 2303, NULL, NULL, NULL, 0.00, 0.00, 0.00);
 insert into CENTRELINE values (2305, 2303, NULL, '2024-04-24', NULL, 446.94, 0.00, 0.00);
 insert into TOPO values (4, 2305);
 insert into TOPO values (6, 2305);
 insert into SHOT values (5813, 5822, 5823, 2305, 33.310, 91.35, 4.30, 33.310, 91.35, 4.30, 0.000, 174.10, -0.01);
insert into SHOT values (5814, 5822, 5824, 2305, 21.060, 69.05, 5.00, 21.060, 69.05, 5.00, 0.000, 177.51, -0.01);
insert into SHOT values (5815, 5822, 5825, 2305, 14.360, 231.05, -0.60, 14.360, 231.05, -0.60, 0.000, 303.62, -0.04);
insert into SHOT values (5816, 5822, 5826, 2305, 13.780, 247.75, -1.90, 13.780, 247.75, -1.90, 0.000, 3.03, 0.02);
insert into SHOT values (5817, 5822, 5827, 2305, 17.870, 293.75, 4.10, 17.870, 293.75, 4.10, 0.000, 144.68, 0.01);
insert into SHOT values (5818, 5822, 5828, 2305, 2.910, 211.05, 73.90, 2.910, 211.05, 73.90, 0.000, 180.67, -0.02);
insert into SHOT values (5819, 5822, 5829, 2305, 0.650, 264.55, -65.80, 0.650, 264.55, -65.80, 0.000, 184.85, 0.00);
insert into SHOT values (5820, 5822, 5830, 2305, 10.800, 190.95, -17.00, 10.762, 191.09, -16.64, 0.082, 313.83, 68.21);
insert into SHOT values (5821, 5830, 5831, 2305, 26.660, 132.25, -8.50, 26.660, 132.25, -8.50, 0.000, 351.29, 0.02);
insert into SHOT values (5822, 5830, 5832, 2305, 19.670, 129.55, -7.60, 19.670, 129.55, -7.60, 0.000, 4.29, 0.01);
insert into SHOT values (5823, 5830, 5833, 2305, 1.850, 159.35, -16.30, 1.850, 159.35, -16.30, 0.000, 356.17, -0.01);
insert into SHOT values (5824, 5830, 5834, 2305, 8.170, 209.85, -17.00, 8.170, 209.85, -17.00, 0.000, 170.53, 0.02);
insert into SHOT values (5825, 5830, 5835, 2305, 9.980, 240.75, -10.40, 9.980, 240.75, -10.40, 0.000, 198.70, -0.03);
insert into SHOT values (5826, 5830, 5836, 2305, 8.920, 281.55, 12.40, 8.920, 281.55, 12.40, 0.000, 357.28, 0.02);
insert into SHOT values (5827, 5830, 5837, 2305, 18.100, 304.45, 8.60, 18.100, 304.45, 8.60, 0.000, 353.07, -0.02);
insert into SHOT values (5828, 5830, 5838, 2305, 2.120, 238.15, 79.40, 2.120, 238.15, 79.40, 0.000, 50.57, -0.13);
insert into SHOT values (5829, 5830, 5839, 2305, 1.360, 227.15, -49.00, 1.360, 227.15, -49.00, 0.000, 166.06, -0.01);
insert into SHOT values (5830, 5830, 5840, 2305, 9.140, 255.85, -1.90, 9.138, 256.07, -1.52, 0.069, 345.66, 59.91);
insert into SHOT values (5831, 5840, 5841, 2305, 2.790, 205.85, -22.20, 2.790, 205.85, -22.20, 0.000, 159.22, 0.02);
insert into SHOT values (5832, 5840, 5842, 2305, 6.370, 137.75, -16.10, 6.370, 137.75, -16.10, 0.000, 351.31, 0.00);
insert into SHOT values (5833, 5840, 5843, 2305, 3.990, 309.35, 5.70, 3.990, 309.35, 5.70, 0.000, 171.87, -0.00);
insert into SHOT values (5834, 5840, 5844, 2305, 3.780, 12.85, 10.60, 3.780, 12.85, 10.60, 0.000, 336.99, -0.01);
insert into SHOT values (5835, 5840, 5845, 2305, 2.610, 39.75, 51.80, 2.610, 39.75, 51.80, 0.000, 26.72, -0.07);
insert into SHOT values (5836, 5840, 5846, 2305, 2.380, 230.95, -71.70, 2.380, 230.95, -71.70, 0.000, 353.07, 0.00);
insert into SHOT values (5837, 5840, 5847, 2305, 11.010, 268.15, -16.70, 10.996, 268.40, -16.29, 0.093, 347.76, 58.87);
insert into SHOT values (5838, 5847, 5848, 2305, 2.930, 163.55, 15.00, 2.930, 163.55, 15.00, 0.000, 346.47, 0.02);
insert into SHOT values (5839, 5847, 5849, 2305, 4.550, 343.75, 3.30, 4.550, 343.75, 3.30, 0.000, 14.29, -0.01);
insert into SHOT values (5840, 5847, 5850, 2305, 5.820, 112.65, 12.20, 5.820, 112.65, 12.20, 0.000, 354.51, 0.02);
insert into SHOT values (5841, 5847, 5851, 2305, 8.190, 284.75, 1.10, 8.190, 284.75, 1.10, 0.000, 252.41, -0.06);
insert into SHOT values (5842, 5847, 5852, 2305, 1.340, 201.25, 67.30, 1.340, 201.25, 67.30, 0.000, 5.66, 0.01);
insert into SHOT values (5843, 5847, 5853, 2305, 1.940, 132.95, -34.80, 1.940, 132.95, -34.80, 0.000, 355.77, -0.01);
insert into SHOT values (5844, 5847, 5854, 2305, 7.980, 272.35, -2.00, 7.988, 272.54, -1.66, 0.055, 343.64, 58.87);
insert into SHOT values (5845, 5854, 5855, 2305, 7.950, 17.15, 9.60, 7.950, 17.15, 9.60, 0.000, 174.53, -0.02);
insert into SHOT values (5846, 5854, 5856, 2305, 9.150, 49.75, 11.20, 9.150, 49.75, 11.20, 0.000, 8.34, 0.02);
insert into SHOT values (5847, 5854, 5857, 2305, 9.210, 336.55, -3.10, 9.210, 336.55, -3.10, 0.000, 289.98, 0.14);
insert into SHOT values (5848, 5854, 5858, 2305, 24.500, 190.05, -6.30, 24.500, 190.05, -6.30, 0.000, 177.96, 0.01);
insert into SHOT values (5849, 5854, 5859, 2305, 18.380, 165.75, -5.10, 18.380, 165.75, -5.10, 0.000, 358.20, -0.01);
insert into SHOT values (5850, 5854, 5860, 2305, 9.100, 121.85, 2.30, 9.100, 121.85, 2.30, 0.000, 2.71, 0.01);
insert into SHOT values (5851, 5854, 5861, 2305, 0.910, 220.45, 38.00, 0.910, 220.45, 38.00, 0.000, 76.87, -0.13);
insert into SHOT values (5852, 5854, 5862, 2305, 3.250, 287.55, -54.80, 3.250, 287.55, -54.80, 0.000, 59.56, 0.13);
insert into SHOT values (5853, 5854, 5863, 2305, 27.720, 235.65, -12.50, 27.556, 236.07, -11.57, 0.518, 344.43, 66.07);
insert into SHOT values (5854, 5863, 5864, 2305, 18.740, 179.95, 6.30, 18.740, 179.95, 6.30, 0.000, 184.20, -0.01);
insert into SHOT values (5855, 5863, 5865, 2305, 17.880, 147.25, 12.60, 17.880, 147.25, 12.60, 0.000, 182.09, 0.01);
insert into SHOT values (5856, 5863, 5866, 2305, 21.440, 113.85, 6.80, 21.440, 113.85, 6.80, 0.000, 16.09, 0.03);
insert into SHOT values (5857, 5863, 5867, 2305, 2.900, 292.85, 8.80, 2.900, 292.85, 8.80, 0.000, 13.41, 0.04);
insert into SHOT values (5858, 5863, 5868, 2305, 6.720, 356.95, 1.10, 6.720, 356.95, 1.10, 0.000, 174.19, 0.00);
insert into SHOT values (5859, 5863, 5869, 2305, 8.460, 31.15, 4.10, 8.460, 31.15, 4.10, 0.000, 205.86, 0.04);
insert into SHOT values (5860, 5863, 5870, 2305, 2.050, 240.15, 82.90, 2.050, 240.15, 82.90, 0.000, 175.86, 0.01);
insert into SHOT values (5861, 5863, 5871, 2305, 3.260, 182.45, -49.30, 3.260, 182.45, -49.30, 0.000, 14.91, -0.02);
insert into SHOT values (5862, 5863, 5872, 2305, 27.320, 220.25, -11.50, 27.320, 220.25, -11.50, 0.000, 4.06, -0.01);
insert into SHOT values (5863, 5863, 5873, 2305, 27.280, 220.25, -11.30, 27.149, 220.57, -10.36, 0.489, 327.01, 71.20);
insert into SHOT values (5864, 5863, 5874, 2305, 27.290, 220.25, -11.30, 27.290, 220.25, -11.30, 0.000, 331.16, -0.03);
insert into SHOT values (5865, 5873, 5875, 2305, 22.030, 123.85, 2.20, 22.030, 123.85, 2.20, 0.000, 170.07, 0.03);
insert into SHOT values (5866, 5873, 5876, 2305, 26.580, 97.45, 6.30, 26.580, 97.45, 6.30, 0.000, 167.63, 0.04);
insert into SHOT values (5867, 5873, 5877, 2305, 17.210, 17.95, 10.00, 17.210, 17.95, 10.00, 0.000, 5.30, 0.01);
insert into SHOT values (5868, 5873, 5878, 2305, 8.020, 351.15, 4.60, 8.020, 351.15, 4.60, 0.000, 0.81, 0.00);
insert into SHOT values (5869, 5873, 5879, 2305, 12.860, 303.95, -14.70, 12.860, 303.95, -14.70, 0.000, 345.97, 0.05);
insert into SHOT values (5870, 5873, 5880, 2305, 3.090, 148.05, 55.70, 3.090, 148.05, 55.70, 0.000, 157.51, 0.01);
insert into SHOT values (5871, 5873, 5881, 2305, 1.760, 171.05, -46.00, 1.760, 171.05, -46.00, 0.000, 183.43, 0.03);
insert into SHOT values (5872, 5873, 5882, 2305, 28.450, 245.95, -3.60, 28.450, 245.95, -3.60, 0.000, 357.90, -0.01);
insert into SHOT values (5873, 5882, 5883, 2305, 0.920, 317.05, 8.90, 0.920, 317.05, 8.90, 0.000, 6.58, 0.02);
insert into SHOT values (5874, 5882, 5884, 2305, 1.270, 138.45, 23.00, 1.270, 138.45, 23.00, 0.000, 175.77, -0.02);
insert into SHOT values (5875, 5882, 5885, 2305, 2.120, 254.75, 72.10, 2.120, 254.75, 72.10, 0.000, 335.65, 0.06);
insert into SHOT values (5876, 5882, 5886, 2305, 0.420, 156.15, -82.10, 0.420, 156.15, -82.10, 0.000, 279.22, 0.01);
insert into SHOT values (5877, 5882, 5887, 2305, 6.460, 247.85, -33.30, 6.460, 247.85, -33.30, 0.000, 179.79, 0.01);
insert into SHOT values (5878, 5887, 5888, 2305, 1.530, 342.05, -7.10, 1.530, 342.05, -7.10, 0.000, 6.60, 0.01);
insert into SHOT values (5879, 5887, 5889, 2305, 0.420, 139.45, 0.10, 0.420, 139.45, 0.10, 0.000, 187.69, 0.02);
insert into SHOT values (5880, 5887, 5890, 2305, 2.960, 299.55, 79.60, 2.960, 299.55, 79.60, 0.000, 318.73, 0.04);
insert into SHOT values (5881, 5887, 5891, 2305, 1.700, 347.75, -58.00, 1.700, 347.75, -58.00, 0.000, 163.37, 0.02);
insert into SHOT values (5882, 5887, 5892, 2305, 5.330, 290.95, -37.40, 5.330, 290.95, -37.40, 0.000, 2.15, 0.02);
insert into SHOT values (5883, 5892, 5893, 2305, 4.250, 167.15, -10.40, 4.250, 167.15, -10.40, 0.000, 190.07, -0.00);
insert into SHOT values (5884, 5892, 5894, 2305, 9.780, 158.25, -28.50, 9.780, 158.25, -28.50, 0.000, 349.86, -0.05);
insert into SHOT values (5885, 5892, 5895, 2305, 6.900, 147.15, -22.40, 6.900, 147.15, -22.40, 0.000, 348.88, 0.01);
insert into SHOT values (5886, 5892, 5896, 2305, 3.160, 134.75, -7.30, 3.160, 134.75, -7.30, 0.000, 0.91, -0.00);
insert into SHOT values (5887, 5892, 5897, 2305, 1.700, 88.95, -0.90, 1.700, 88.95, -0.90, 0.000, 175.57, -0.00);
insert into SHOT values (5888, 5892, 5898, 2305, 4.230, 89.55, 65.50, 4.230, 89.55, 65.50, 0.000, 173.73, -0.03);
insert into SHOT values (5889, 5892, 5899, 2305, 1.320, 50.75, -57.00, 1.320, 50.75, -57.00, 0.000, 4.23, 0.03);
insert into SHOT values (5890, 5892, 5900, 2305, 4.180, 15.35, -0.70, 4.180, 15.35, -0.70, 0.000, 246.32, -0.18);
insert into SHOT values (5891, 5900, 5901, 2305, 1.820, 254.15, -13.60, 1.820, 254.15, -13.60, 0.000, 174.11, -0.01);
insert into SHOT values (5892, 5900, 5902, 2305, 1.050, 78.25, 0.80, 1.050, 78.25, 0.80, 0.000, 10.67, 0.01);
insert into SHOT values (5893, 5900, 5903, 2305, 0.610, 264.25, 56.70, 0.610, 264.25, 56.70, 0.000, 173.52, -0.01);
insert into SHOT values (5894, 5900, 5904, 2305, 1.940, 273.45, -50.50, 1.940, 273.45, -50.50, 0.000, 9.39, -0.01);
insert into SHOT values (5895, 5900, 5905, 2305, 6.680, 294.75, -5.30, 6.680, 294.75, -5.30, 0.000, 38.12, -0.00);
insert into SHOT values (5896, 5905, 5906, 2305, 1.290, 170.95, -19.70, 1.290, 170.95, -19.70, 0.000, 204.00, -0.10);
insert into SHOT values (5897, 5905, 5907, 2305, 0.610, 14.75, -4.50, 0.610, 14.75, -4.50, 0.000, 350.34, -0.00);
insert into SHOT values (5898, 5905, 5908, 2305, 0.670, 126.55, 67.20, 0.670, 126.55, 67.20, 0.000, 359.49, -0.01);
insert into SHOT values (5899, 5905, 5909, 2305, 0.950, 189.95, -71.80, 0.950, 189.95, -71.80, 0.000, 0.48, 0.01);
insert into SHOT values (5900, 5905, 5910, 2305, 1.340, 141.25, -78.70, 1.340, 141.25, -78.70, 0.000, 7.85, 0.02);
insert into SHOT values (5901, 5905, 5911, 2305, 4.570, 241.65, -14.80, 4.570, 241.65, -14.80, 0.000, 2.62, -0.03);
insert into SHOT values (5902, 5905, 5912, 2305, 4.570, 241.55, -14.70, 4.570, 241.55, -14.70, 0.000, 174.24, -0.01);
insert into SHOT values (5903, 5911, 5913, 2305, 3.410, 329.45, -2.80, 3.410, 329.45, -2.80, 0.000, 347.39, -0.03);
insert into SHOT values (5904, 5911, 5914, 2305, 2.260, 51.45, -10.70, 2.260, 51.45, -10.70, 0.000, 64.31, 0.03);
insert into SHOT values (5905, 5911, 5915, 2305, 1.160, 127.55, 5.20, 1.160, 127.55, 5.20, 0.000, 182.88, -0.02);
insert into SHOT values (5906, 5911, 5916, 2305, 1.880, 12.85, 50.00, 1.880, 12.85, 50.00, 0.000, 169.12, 0.01);
insert into SHOT values (5907, 5911, 5917, 2305, 1.700, 60.55, -61.00, 1.700, 60.55, -61.00, 0.000, 19.34, -0.06);
insert into SHOT values (5908, 5911, 5918, 2305, 7.040, 23.85, -24.70, 7.040, 23.85, -24.70, 0.000, 356.51, -0.05);
insert into SHOT values (5909, 5911, 5919, 2305, 10.550, 25.15, -25.30, 10.550, 25.15, -25.30, 0.000, 171.79, 0.02);
insert into SHOT values (5910, 5919, 5920, 2305, 2.600, 353.35, -8.20, 2.600, 353.35, -8.20, 0.000, 0.82, 0.02);
insert into SHOT values (5911, 5919, 5921, 2305, 3.980, 136.05, 6.50, 3.980, 136.05, 6.50, 0.000, 338.17, -0.03);
insert into SHOT values (5912, 5919, 5922, 2305, 3.920, 282.95, 8.40, 3.920, 282.95, 8.40, 0.000, 333.46, -0.06);
insert into SHOT values (5913, 5919, 5923, 2305, 4.370, 228.15, 11.10, 4.370, 228.15, 11.10, 0.000, 174.90, 0.00);
insert into SHOT values (5914, 5919, 5924, 2305, 1.030, 309.85, 52.80, 1.030, 309.85, 52.80, 0.000, 228.54, 0.02);
insert into SHOT values (5915, 5919, 5925, 2305, 1.370, 315.65, -39.60, 1.370, 315.65, -39.60, 0.000, 356.90, -0.01);
insert into SHOT values (5916, 5919, 5926, 2305, 14.900, 263.25, 1.30, 14.779, 264.65, 3.14, 0.611, 15.01, 50.59);
insert into SHOT values (5917, 5926, 5927, 2305, 4.740, 179.75, -3.90, 4.740, 179.75, -3.90, 0.000, 3.90, -0.00);
insert into SHOT values (5918, 5926, 5928, 2305, 6.260, 284.15, 17.00, 6.260, 284.15, 17.00, 0.000, 98.29, -0.02);
insert into SHOT values (5919, 5926, 5929, 2305, 4.100, 56.15, -9.50, 4.100, 56.15, -9.50, 0.000, 205.73, 0.13);
insert into SHOT values (5920, 5926, 5930, 2305, 3.120, 114.05, -27.30, 3.120, 114.05, -27.30, 0.000, 8.08, 0.02);
insert into SHOT values (5921, 5926, 5931, 2305, 2.270, 211.65, 68.70, 2.270, 211.65, 68.70, 0.000, 175.48, -0.00);
insert into SHOT values (5922, 5926, 5932, 2305, 6.930, 257.75, 13.50, 6.845, 258.35, 14.69, 0.180, 47.08, 40.81);
insert into SHOT values (5923, 5932, 5933, 2305, 6.660, 71.55, 3.90, 6.660, 71.55, 3.90, 0.000, 189.73, -0.01);
insert into SHOT values (5924, 5932, 5934, 2305, 4.430, 8.15, 4.60, 4.430, 8.15, 4.60, 0.000, 23.74, -0.01);
insert into SHOT values (5925, 5932, 5935, 2305, 5.520, 332.25, 0.30, 5.520, 332.25, 0.30, 0.000, 158.13, 0.02);
insert into SHOT values (5926, 5932, 5936, 2305, 6.920, 274.25, 1.70, 6.920, 274.25, 1.70, 0.000, 346.01, 0.03);
insert into SHOT values (5927, 5932, 5937, 2305, 6.370, 248.55, 2.90, 6.370, 248.55, 2.90, 0.000, 218.87, 0.03);
insert into SHOT values (5928, 5932, 5938, 2305, 5.990, 209.95, 0.30, 5.990, 209.95, 0.30, 0.000, 187.63, -0.01);
insert into SHOT values (5929, 5932, 5939, 2305, 5.650, 171.75, 4.20, 5.650, 171.75, 4.20, 0.000, 156.07, -0.00);
insert into SHOT values (5930, 5932, 5940, 2305, 2.450, 340.15, 53.00, 2.450, 340.15, 53.00, 0.000, 187.89, 0.02);
insert into SHOT values (5931, 5932, 5941, 2305, 0.830, 18.95, -55.50, 0.830, 18.95, -55.50, 0.000, 184.40, 0.01);
insert into SHOT values (5932, 5932, 5942, 2305, 14.610, 275.35, 3.60, 14.584, 276.81, 5.39, 0.589, 15.49, 50.37);
insert into SHOT values (5933, 5942, 5943, 2305, 5.130, 348.25, 1.90, 5.130, 348.25, 1.90, 0.000, 9.29, -0.02);
insert into SHOT values (5934, 5942, 5944, 2305, 4.360, 202.85, -10.60, 4.360, 202.85, -10.60, 0.000, 18.45, 0.02);
insert into SHOT values (5935, 5942, 5945, 2305, 4.620, 105.25, 4.40, 4.620, 105.25, 4.40, 0.000, 180.13, -0.01);
insert into SHOT values (5936, 5942, 5946, 2305, 4.390, 349.85, 49.70, 4.390, 349.85, 49.70, 0.000, 172.84, -0.02);
insert into SHOT values (5937, 5942, 5947, 2305, 0.560, 34.75, -42.90, 0.560, 34.75, -42.90, 0.000, 107.82, -0.14);
insert into SHOT values (5938, 5942, 5948, 2305, 11.590, 297.75, -15.80, 11.473, 299.04, -14.52, 0.378, 38.81, 47.65);
insert into SHOT values (5939, 5948, 5949, 2305, 4.550, 22.85, -3.90, 4.550, 22.85, -3.90, 0.000, 354.19, 0.02);
insert into SHOT values (5940, 5948, 5950, 2305, 9.600, 211.05, -18.60, 9.600, 211.05, -18.60, 0.000, 184.10, 0.01);
insert into SHOT values (5941, 5948, 5951, 2305, 10.380, 172.25, -4.60, 10.380, 172.25, -4.60, 0.000, 168.06, 0.04);
insert into SHOT values (5942, 5948, 5952, 2305, 9.630, 61.75, 1.30, 9.630, 61.75, 1.30, 0.000, 5.26, 0.08);
insert into SHOT values (5943, 5948, 5953, 2305, 2.420, 28.95, 73.90, 2.420, 28.95, 73.90, 0.000, 121.44, 0.04);
insert into SHOT values (5944, 5948, 5954, 2305, 6.800, 281.65, -39.00, 6.800, 281.65, -39.00, 0.000, 184.50, -0.03);
insert into SHOT values (5945, 5948, 5955, 2305, 18.800, 305.35, -15.70, 18.581, 307.12, -13.69, 0.889, 40.90, 51.00);
insert into SHOT values (5946, 5955, 5956, 2305, 6.440, 57.55, 11.70, 6.440, 57.55, 11.70, 0.000, 338.94, -0.03);
insert into SHOT values (5947, 5955, 5957, 2305, 3.500, 242.85, 4.70, 3.500, 242.85, 4.70, 0.000, 246.54, 0.04);
insert into SHOT values (5948, 5955, 5958, 2305, 2.970, 50.85, 77.10, 2.970, 50.85, 77.10, 0.000, 190.67, -0.01);
insert into SHOT values (5949, 5955, 5959, 2305, 2.060, 23.15, -25.90, 2.060, 23.15, -25.90, 0.000, 290.06, 0.06);
insert into SHOT values (5950, 5955, 5960, 2305, 4.690, 91.75, -20.40, 4.690, 91.75, -20.40, 0.000, 6.05, -0.02);
insert into SHOT values (5951, 5955, 5961, 2305, 10.220, 90.65, 12.10, 10.220, 90.65, 12.10, 0.000, 4.64, -0.01);
insert into SHOT values (5952, 5955, 5962, 2305, 5.390, 287.85, 1.50, 5.390, 287.85, 1.50, 0.000, 18.21, 0.03);
insert into SHOT values (5953, 5955, 5963, 2305, 16.310, 347.15, 6.40, 16.359, 349.19, 8.34, 0.802, 80.36, 43.85);
insert into SHOT values (5954, 5963, 5964, 2305, 0.240, 77.55, 9.40, 0.240, 77.55, 9.40, 0.000, 172.61, 0.02);
insert into SHOT values (5955, 5963, 5965, 2305, 4.040, 249.15, -5.50, 4.040, 249.15, -5.50, 0.000, 341.18, -0.02);
insert into SHOT values (5956, 5963, 5966, 2305, 0.840, 276.55, 84.40, 0.840, 276.55, 84.40, 0.000, 357.27, 0.00);
insert into SHOT values (5957, 5963, 5967, 2305, 1.700, 265.45, -51.40, 1.700, 265.45, -51.40, 0.000, 193.40, -0.00);
insert into SHOT values (5958, 5963, 5968, 2305, 5.290, 315.85, 20.40, 5.307, 317.12, 21.26, 0.136, 52.85, 35.98);
insert into SHOT values (5959, 5968, 5969, 2305, 3.480, 70.25, -0.80, 3.480, 70.25, -0.80, 0.000, 40.68, -0.04);
insert into SHOT values (5960, 5968, 5970, 2305, 0.750, 288.35, 32.80, 0.750, 288.35, 32.80, 0.000, 178.51, 0.01);
insert into SHOT values (5961, 5968, 5971, 2305, 3.680, 339.05, 71.60, 3.680, 339.05, 71.60, 0.000, 354.23, 0.02);
insert into SHOT values (5962, 5968, 5972, 2305, 1.950, 19.25, -32.80, 1.950, 19.25, -32.80, 0.000, 173.82, -0.02);
insert into SHOT values (5963, 5968, 5973, 2305, 11.290, 355.05, -10.40, 11.302, 356.58, -8.98, 0.409, 74.64, 42.09);
insert into SHOT values (5964, 5973, 5974, 2305, 4.640, 253.05, 5.90, 4.640, 253.05, 5.90, 0.000, 173.49, 0.01);
insert into SHOT values (5965, 5973, 5975, 2305, 0.290, 58.95, 41.30, 0.290, 58.95, 41.30, 0.000, 193.64, -0.01);
insert into SHOT values (5966, 5973, 5976, 2305, 2.100, 63.95, 33.30, 2.100, 63.95, 33.30, 0.000, 7.74, -0.01);
insert into SHOT values (5967, 5973, 5977, 2305, 0.840, 299.25, 67.80, 0.840, 299.25, 67.80, 0.000, 330.79, -0.06);
insert into SHOT values (5968, 5973, 5978, 2305, 1.210, 254.15, -49.20, 1.210, 254.15, -49.20, 0.000, 357.79, -0.00);
insert into SHOT values (5969, 5973, 5979, 2305, 8.790, 2.25, 27.40, 8.955, 3.47, 28.00, 0.253, 61.37, 39.07);
insert into SHOT values (5970, 5979, 5980, 2305, 2.870, 297.15, -2.10, 2.870, 297.15, -2.10, 0.000, 355.86, -0.01);
insert into SHOT values (5971, 5979, 5981, 2305, 0.610, 123.25, 9.70, 0.610, 123.25, 9.70, 0.000, 2.39, 0.01);
insert into SHOT values (5972, 5979, 5982, 2305, 1.560, 321.65, -55.50, 1.560, 321.65, -55.50, 0.000, 181.41, -0.00);
insert into SHOT values (5973, 5979, 5983, 2305, 1.700, 326.95, 43.20, 1.700, 326.95, 43.20, 0.000, 177.88, -0.02);
insert into SHOT values (5974, 5979, 5984, 2305, 6.440, 29.25, -1.90, 6.556, 29.76, -0.94, 0.169, 55.53, 38.87);
insert into SHOT values (5975, 5984, 5985, 2305, 1.250, 115.45, -4.40, 1.250, 115.45, -4.40, 0.000, 355.73, 0.01);
insert into SHOT values (5976, 5984, 5986, 2305, 1.370, 291.25, 5.60, 1.370, 291.25, 5.60, 0.000, 191.25, 0.01);
insert into SHOT values (5977, 5984, 5987, 2305, 1.590, 259.15, 75.60, 1.590, 259.15, 75.60, 0.000, 185.53, -0.02);
insert into SHOT values (5978, 5984, 5988, 2305, 1.700, 258.25, -84.30, 1.700, 258.25, -84.30, 0.000, 164.86, -0.02);
insert into SHOT values (5979, 5984, 5989, 2305, 6.200, 40.75, -41.20, 6.227, 41.04, -39.83, 0.152, 52.42, 38.63);
insert into SHOT values (5980, 5989, 5990, 2305, 1.720, 312.15, 43.60, 1.720, 312.15, 43.60, 0.000, 5.73, -0.01);
insert into SHOT values (5981, 5989, 5991, 2305, 1.640, 115.05, -11.60, 1.640, 115.05, -11.60, 0.000, 168.00, -0.01);
insert into SHOT values (5982, 5989, 5992, 2305, 0.860, 40.85, 77.00, 0.860, 40.85, 77.00, 0.000, 183.65, 0.00);
insert into SHOT values (5983, 5989, 5993, 2305, 0.580, 109.45, -51.30, 0.580, 109.45, -51.30, 0.000, 7.69, 0.06);
insert into SHOT values (5984, 5989, 5994, 2305, 3.450, 40.85, -13.30, 3.523, 41.09, -12.21, 0.100, 50.49, 29.03);
insert into SHOT values (5985, 5994, 5995, 2305, 1.960, 242.75, 27.30, 1.960, 242.75, 27.30, 0.000, 173.63, -0.00);
insert into SHOT values (5986, 5994, 5996, 2305, 1.090, 58.55, 21.80, 1.090, 58.55, 21.80, 0.000, 13.53, 0.00);
insert into SHOT values (5987, 5994, 5997, 2305, 1.920, 19.55, 64.50, 1.920, 19.55, 64.50, 0.000, 347.62, -0.02);
insert into SHOT values (5988, 5994, 5998, 2305, 2.730, 177.25, -50.20, 2.730, 177.25, -50.20, 0.000, 7.27, 0.07);
insert into SHOT values (5989, 5994, 5999, 2305, 4.270, 261.85, 57.00, 4.300, 262.55, 58.37, 0.110, 60.65, 46.41);
insert into SHOT values (5990, 5999, 6000, 2305, 1.250, 275.25, 7.60, 1.250, 275.25, 7.60, 0.000, 4.75, 0.01);
insert into SHOT values (5991, 5999, 6001, 2305, 0.720, 109.65, 5.20, 0.720, 109.65, 5.20, 0.000, 10.08, 0.00);
insert into SHOT values (5992, 5999, 6002, 2305, 0.590, 250.65, 55.40, 0.590, 250.65, 55.40, 0.000, 29.67, 0.01);
insert into SHOT values (5993, 5999, 6003, 2305, 1.150, 3.35, -79.40, 1.150, 3.35, -79.40, 0.000, 37.80, 0.06);
insert into SHOT values (5994, 5999, 6004, 2305, 2.000, 44.05, -12.50, 2.068, 44.35, -11.15, 0.084, 52.11, 23.17);
insert into SHOT values (5995, 6004, 6005, 2305, 3.000, 324.25, 46.00, 3.000, 324.25, 46.00, 0.000, 213.89, 0.01);
insert into SHOT values (5996, 6004, 6006, 2305, 1.760, 84.35, 18.00, 1.760, 84.35, 18.00, 0.000, 182.48, 0.01);
insert into SHOT values (5997, 6004, 6007, 2305, 2.420, 359.25, 66.70, 2.420, 359.25, 66.70, 0.000, 2.22, 0.00);
insert into SHOT values (5998, 6004, 6008, 2305, 0.600, 54.45, -45.80, 0.600, 54.45, -45.80, 0.000, 357.71, -0.01);
insert into SHOT values (5999, 6004, 6009, 2305, 6.490, 9.85, 12.60, 6.604, 10.72, 13.33, 0.171, 56.63, 38.51);
insert into SHOT values (6000, 6009, 6010, 2305, 1.970, 207.35, 10.90, 1.970, 207.35, 10.90, 0.000, 352.34, 0.00);
insert into SHOT values (6001, 6009, 6011, 2305, 3.780, 30.15, 5.70, 3.780, 30.15, 5.70, 0.000, 6.78, 0.03);
insert into SHOT values (6002, 6009, 6012, 2305, 0.900, 194.95, 82.30, 0.900, 194.95, 82.30, 0.000, 311.99, -0.16);
insert into SHOT values (6003, 6009, 6013, 2305, 4.460, 147.05, -32.10, 4.460, 147.05, -32.10, 0.000, 358.28, -0.01);
insert into SHOT values (6004, 6009, 6014, 2305, 3.280, 273.65, 47.60, 3.288, 274.58, 49.25, 0.101, 65.70, 42.58);
insert into SHOT values (6005, 6014, 6015, 2305, 3.770, 196.25, 29.90, 3.770, 196.25, 29.90, 0.000, 319.14, 0.07);
insert into SHOT values (6006, 6014, 6016, 2305, 2.210, 19.95, 42.40, 2.210, 19.95, 42.40, 0.000, 352.60, -0.01);
insert into SHOT values (6007, 6014, 6017, 2305, 2.000, 90.25, 18.90, 2.000, 90.25, 18.90, 0.000, 191.24, 0.07);
insert into SHOT values (6008, 6014, 6018, 2305, 2.080, 110.95, 75.10, 2.080, 110.95, 75.10, 0.000, 9.65, 0.00);
insert into SHOT values (6009, 6014, 6019, 2305, 4.400, 73.25, -42.90, 4.400, 73.25, -42.90, 0.000, 2.92, 0.00);
insert into SHOT values (6010, 6014, 6020, 2305, 5.040, 51.35, 4.60, 5.155, 51.41, 5.32, 0.131, 54.13, 34.13);
insert into SHOT values (6011, 6020, 6021, 2305, 0.900, 296.35, 9.90, 0.900, 296.35, 9.90, 0.000, 155.53, 0.00);
insert into SHOT values (6012, 6020, 6022, 2305, 0.680, 336.05, 71.20, 0.680, 336.05, 71.20, 0.000, 180.47, 0.01);
insert into SHOT values (6013, 6020, 6023, 2305, 0.430, 121.15, 20.60, 0.430, 121.15, 20.60, 0.000, 7.81, 0.03);
insert into SHOT values (6014, 6020, 6024, 2305, 0.950, 275.15, -31.60, 0.950, 275.15, -31.60, 0.000, 6.75, -0.01);
insert into SHOT values (6015, 6020, 6025, 2305, 6.570, 14.55, -0.90, 6.669, 15.35, 0.06, 0.175, 57.93, 38.85);
insert into SHOT values (6016, 6025, 6026, 2305, 5.330, 22.55, -13.50, 5.408, 23.11, -12.43, 0.137, 50.31, 35.98);
insert into SHOT values (6017, 6026, 6027, 2305, 8.460, 135.95, -0.30, 8.485, 134.80, 0.83, 0.239, 53.55, 44.34);
insert into SHOT values (6018, 6027, 6028, 2305, 5.190, 106.45, 6.80, 5.272, 105.50, 7.54, 0.136, 56.44, 34.40);
insert into SHOT values (6019, 6028, 6029, 2305, 6.630, 333.05, -7.80, 6.630, 333.05, -7.80, 0.000, 13.74, -0.03);
insert into SHOT values (6020, 6028, 6030, 2305, 6.500, 357.05, -3.00, 6.500, 357.05, -3.00, 0.000, 1.25, 0.02);
insert into SHOT values (6021, 6028, 6031, 2305, 5.570, 30.65, 2.30, 5.570, 30.65, 2.30, 0.000, 179.56, -0.01);
insert into SHOT values (6022, 6028, 6032, 2305, 5.860, 71.25, -2.80, 5.860, 71.25, -2.80, 0.000, 349.05, -0.00);
insert into SHOT values (6023, 6028, 6033, 2305, 8.960, 111.55, -2.10, 8.960, 111.55, -2.10, 0.000, 184.02, -0.02);
insert into SHOT values (6024, 6028, 6034, 2305, 6.230, 277.35, 16.60, 6.230, 277.35, 16.60, 0.000, 287.62, -0.09);
insert into SHOT values (6025, 6028, 6035, 2305, 6.490, 190.45, 2.90, 6.490, 190.45, 2.90, 0.000, 181.10, 0.02);
insert into SHOT values (6026, 6028, 6036, 2305, 11.700, 176.65, -0.90, 11.700, 176.65, -0.90, 0.000, 33.63, 0.24);
insert into SHOT values (6027, 6028, 6037, 2305, 4.430, 227.95, 10.10, 4.430, 227.95, 10.10, 0.000, 176.61, -0.00);
insert into SHOT values (6028, 6028, 6038, 2305, 3.980, 172.55, 70.20, 3.980, 172.55, 70.20, 0.000, 206.96, -0.03);
insert into SHOT values (6029, 6028, 6039, 2305, 1.440, 191.95, -49.60, 1.440, 191.95, -49.60, 0.000, 3.74, -0.00);
insert into SHOT values (6030, 6028, 6040, 2305, 17.880, 168.55, 1.40, 17.971, 166.33, 3.53, 0.965, 82.56, 43.94);
insert into SHOT values (6031, 6040, 6041, 2305, 1.640, 76.55, -12.10, 1.640, 76.55, -12.10, 0.000, 182.57, 0.00);
insert into SHOT values (6032, 6040, 6042, 2305, 0.940, 77.25, 33.20, 0.940, 77.25, 33.20, 0.000, 346.26, 0.05);
insert into SHOT values (6033, 6040, 6043, 2305, 1.860, 87.75, -42.00, 1.860, 87.75, -42.00, 0.000, 25.93, 0.05);
insert into SHOT values (6034, 6040, 6044, 2305, 0.250, 236.35, 16.20, 0.250, 236.35, 16.20, 0.000, 5.50, -0.03);
insert into SHOT values (6035, 6040, 6045, 2305, 5.200, 149.35, -12.10, 5.200, 149.35, -12.10, 0.000, 5.86, -0.02);
insert into SHOT values (6036, 6040, 6046, 2305, 12.730, 149.25, -12.20, 12.703, 147.75, -10.67, 0.472, 65.68, 45.85);
insert into SHOT values (6037, 6046, 6047, 2305, 2.220, 70.85, 5.10, 2.220, 70.85, 5.10, 0.000, 166.00, 0.02);
insert into SHOT values (6038, 6046, 6048, 2305, 5.160, 249.95, 3.60, 5.160, 249.95, 3.60, 0.000, 163.67, 0.01);
insert into SHOT values (6039, 6046, 6049, 2305, 0.670, 119.75, 69.10, 0.670, 119.75, 69.10, 0.000, 4.57, 0.01);
insert into SHOT values (6040, 6046, 6050, 2305, 3.700, 99.45, -35.60, 3.700, 99.45, -35.60, 0.000, 209.46, -0.04);
insert into SHOT values (6041, 6046, 6051, 2305, 20.340, 179.25, -3.80, 20.258, 176.66, -1.39, 1.256, 85.28, 43.05);
insert into SHOT values (6042, 6051, 6052, 2305, 1.410, 89.55, 17.90, 1.410, 89.55, 17.90, 0.000, 358.18, -0.01);
insert into SHOT values (6043, 6051, 6053, 2305, 4.030, 142.25, 4.90, 4.030, 142.25, 4.90, 0.000, 171.14, 0.00);
insert into SHOT values (6044, 6051, 6054, 2305, 2.330, 280.25, -4.40, 2.330, 280.25, -4.40, 0.000, 175.52, 0.01);
insert into SHOT values (6045, 6051, 6055, 2305, 0.880, 272.95, -69.00, 0.880, 272.95, -69.00, 0.000, 316.57, 0.03);
insert into SHOT values (6046, 6051, 6056, 2305, 0.840, 105.45, 46.90, 0.840, 105.45, 46.90, 0.000, 180.41, -0.01);
insert into SHOT values (6047, 6051, 6057, 2305, 3.260, 141.85, 5.40, 3.261, 140.32, 6.18, 0.097, 48.48, 27.06);
insert into SHOT values (6048, 6057, 6058, 2305, 1.100, 72.15, 11.90, 1.100, 72.15, 11.90, 0.000, 181.62, -0.00);
insert into SHOT values (6049, 6057, 6059, 2305, 0.830, 232.65, 27.00, 0.830, 232.65, 27.00, 0.000, 1.14, -0.02);
insert into SHOT values (6050, 6057, 6060, 2305, 0.990, 188.35, 87.50, 0.990, 188.35, 87.50, 0.000, 183.78, -0.01);
insert into SHOT values (6051, 6057, 6061, 2305, 0.830, 2.85, -55.10, 0.830, 2.85, -55.10, 0.000, 171.24, 0.00);
insert into SHOT values (6052, 6057, 6062, 2305, 3.290, 170.45, 38.60, 3.291, 169.26, 39.97, 0.095, 37.13, 40.54);
insert into SHOT values (6053, 6062, 6063, 2305, 2.050, 95.05, 4.80, 2.050, 95.05, 4.80, 0.000, 329.43, -0.01);
insert into SHOT values (6054, 6062, 6064, 2305, 1.390, 241.25, 17.10, 1.390, 241.25, 17.10, 0.000, 168.02, 0.01);
insert into SHOT values (6055, 6062, 6065, 2305, 1.480, 185.85, 71.30, 1.480, 185.85, 71.30, 0.000, 4.26, -0.01);
insert into SHOT values (6056, 6062, 6066, 2305, 2.760, 90.25, -42.50, 2.760, 90.25, -42.50, 0.000, 357.66, 0.03);
insert into SHOT values (6057, 6062, 6067, 2305, 3.490, 176.55, 2.40, 3.425, 175.64, 3.23, 0.099, 35.17, 28.38);
insert into SHOT values (6058, 6067, 6068, 2305, 1.400, 102.95, 1.50, 1.400, 102.95, 1.50, 0.000, 178.63, -0.00);
insert into SHOT values (6059, 6067, 6069, 2305, 3.110, 249.35, 12.70, 3.110, 249.35, 12.70, 0.000, 187.51, -0.01);
insert into SHOT values (6060, 6067, 6070, 2305, 4.570, 155.25, 54.80, 4.570, 155.25, 54.80, 0.000, 91.90, 0.21);
insert into SHOT values (6061, 6067, 6071, 2305, 2.030, 140.45, -65.80, 2.030, 140.45, -65.80, 0.000, 166.59, 0.02);
insert into SHOT values (6062, 6067, 6072, 2305, 8.310, 174.15, -25.40, 8.183, 172.86, -24.67, 0.235, 60.72, 39.27);
insert into SHOT values (6063, 6072, 6073, 2305, 4.150, 259.55, -4.00, 4.150, 259.55, -4.00, 0.000, 184.19, 0.01);
insert into SHOT values (6064, 6072, 6074, 2305, 4.170, 224.35, 66.00, 4.170, 224.35, 66.00, 0.000, 187.65, -0.02);
insert into SHOT values (6065, 6072, 6075, 2305, 1.810, 210.05, -58.20, 1.810, 210.05, -58.20, 0.000, 170.27, 0.02);
insert into SHOT values (6066, 6072, 6076, 2305, 0.750, 127.85, 1.40, 0.750, 127.85, 1.40, 0.000, 213.30, -0.11);
insert into SHOT values (6067, 6072, 6077, 2305, 15.200, 198.25, -7.70, 14.895, 196.63, -5.99, 0.688, 76.95, 44.59);
insert into SHOT values (6068, 6077, 6078, 2305, 5.360, 87.75, -1.40, 5.360, 87.75, -1.40, 0.000, 3.56, 0.01);
insert into SHOT values (6069, 6077, 6079, 2305, 7.300, 45.15, -3.30, 7.300, 45.15, -3.30, 0.000, 6.27, 0.01);
insert into SHOT values (6070, 6077, 6080, 2305, 10.430, 3.65, 0.50, 10.430, 3.65, 0.50, 0.000, 5.27, -0.01);
insert into SHOT values (6071, 6077, 6081, 2305, 5.290, 186.55, 8.00, 5.290, 186.55, 8.00, 0.000, 358.94, -0.01);
insert into SHOT values (6072, 6077, 6082, 2305, 10.090, 229.55, 17.00, 10.090, 229.55, 17.00, 0.000, 75.53, 0.18);
insert into SHOT values (6073, 6077, 6083, 2305, 10.380, 251.85, 16.40, 10.380, 251.85, 16.40, 0.000, 22.72, 0.04);
insert into SHOT values (6074, 6077, 6084, 2305, 4.010, 168.35, 77.10, 4.010, 168.35, 77.10, 0.000, 352.45, 0.01);
insert into SHOT values (6075, 6077, 6085, 2305, 4.070, 116.45, -26.20, 4.070, 116.45, -26.20, 0.000, 158.98, 0.03);
insert into SHOT values (6076, 6077, 6086, 2305, 8.830, 126.45, 4.70, 8.882, 125.33, 5.84, 0.251, 47.47, 45.63);
insert into SHOT values (6077, 6086, 6087, 2305, 5.930, 193.85, 6.80, 5.930, 193.85, 6.80, 0.000, 177.65, 0.01);
insert into SHOT values (6078, 6086, 6088, 2305, 6.230, 244.95, 3.80, 6.230, 244.95, 3.80, 0.000, 4.44, -0.01);
insert into SHOT values (6079, 6086, 6089, 2305, 4.890, 120.65, -6.40, 4.890, 120.65, -6.40, 0.000, 35.02, 0.03);
insert into SHOT values (6080, 6086, 6090, 2305, 7.020, 63.85, -8.60, 7.020, 63.85, -8.60, 0.000, 179.27, -0.01);
insert into SHOT values (6081, 6086, 6091, 2305, 5.100, 18.35, -6.40, 5.100, 18.35, -6.40, 0.000, 169.22, 0.05);
insert into SHOT values (6082, 6086, 6092, 2305, 4.100, 352.45, 1.20, 4.100, 352.45, 1.20, 0.000, 1.80, -0.00);
insert into SHOT values (6083, 6086, 6093, 2305, 5.090, 339.65, -0.50, 5.090, 339.65, -0.50, 0.000, 11.11, -0.00);
insert into SHOT values (6084, 6086, 6094, 2305, 2.590, 96.65, 81.20, 2.590, 96.65, 81.20, 0.000, 1.26, 0.00);
insert into SHOT values (6085, 6086, 6095, 2305, 9.140, 121.85, -29.20, 9.140, 121.85, -29.20, 0.000, 169.63, 0.01);
insert into SHOT values (6086, 6086, 6096, 2305, 3.290, 64.95, -37.30, 3.290, 64.95, -37.30, 0.000, 17.81, 0.04);
insert into SHOT values (6087, 6086, 6097, 2305, 10.180, 83.45, -19.90, 10.245, 82.50, -18.49, 0.304, 35.15, 45.12);
insert into SHOT values (6088, 6097, 5919, 2305, 12.050, 84.05, 0.60, 12.183, 82.92, 2.08, 0.416, 21.08, 49.52);
insert into SURVEY values (2308, 2292, 'JPH', 'JPH.Promeszutochnaya.Koytendag', 'JPH');
 insert into CENTRELINE values (2309, 2308, NULL, NULL, NULL, 0.00, 0.00, 0.00);
 insert into SURVEY values (2310, 2308, 'JPH', 'JPH.JPH.Promeszutochnaya.Koytendag', 'JPH');
 insert into CENTRELINE values (2311, 2310, NULL, NULL, NULL, 0.00, 0.00, 0.00);
 insert into CENTRELINE values (2312, 2310, NULL, '2024-04-24', NULL, 141.80, 0.00, 0.00);
 insert into TOPO values (1, 2312);
 insert into TOPO values (9, 2312);
 insert into TOPO values (11, 2312);
 insert into TOPO values (7, 2312);
 insert into SHOT values (6089, 6098, 6099, 2312, 14.499, 165.70, -1.68, 14.466, 165.83, -1.13, 0.147, 297.61, 72.76);
insert into SHOT values (6090, 6099, 6100, 2312, 7.621, 145.38, -8.63, 7.593, 145.36, -8.33, 0.049, 330.01, 62.81);
insert into SHOT values (6091, 6100, 6101, 2312, 30.987, 163.23, -14.19, 30.738, 163.48, -13.20, 0.608, 293.89, 73.20);
insert into SHOT values (6092, 6101, 6102, 2312, 10.440, 193.21, 3.31, 10.432, 193.34, 3.73, 0.081, 309.83, 69.99);
insert into SHOT values (6093, 6102, 6103, 2312, 13.373, 140.59, -15.08, 13.299, 140.56, -14.66, 0.124, 328.66, 67.60);
insert into SHOT values (6094, 6103, 6104, 2312, 21.190, 133.78, -0.87, 21.089, 133.67, -0.08, 0.311, 335.08, 70.07);
insert into SHOT values (6095, 6104, 6105, 2312, 24.836, 86.37, 3.30, 24.869, 85.84, 4.22, 0.459, 357.76, 59.93);
insert into SHOT values (6096, 6105, 6106, 2312, 16.925, 61.41, 14.34, 16.993, 61.10, 14.91, 0.201, 346.13, 63.25);
insert into SHOT values (6097, 6106, 6107, 2312, 1.926, 37.24, 7.51, 1.934, 36.91, 7.77, 0.016, 339.10, 36.66);
insert into SHOT values (6098, 6098, 6108, 2312, 13.187, 211.00, -0.37, 13.187, 211.00, -0.37, 0.000, 357.95, 0.01);
insert into SHOT values (6099, 6098, 6109, 2312, 19.324, 121.35, 6.52, 19.324, 121.35, 6.52, 0.000, 177.41, 0.01);
insert into SHOT values (6100, 6098, 6110, 2312, 18.975, 25.13, 9.06, 18.975, 25.13, 9.06, 0.000, 356.28, -0.03);
insert into SHOT values (6101, 6098, 6111, 2312, 10.014, 344.91, -7.70, 10.014, 344.91, -7.70, 0.000, 352.99, 0.00);
insert into SHOT values (6102, 6098, 6112, 2312, 2.833, 126.25, 70.24, 2.833, 126.25, 70.24, 0.000, 183.59, 0.04);
insert into SHOT values (6103, 6098, 6113, 2312, 1.173, 108.62, -59.44, 1.173, 108.62, -59.44, 0.000, 9.58, -0.02);
insert into SHOT values (6104, 6099, 6114, 2312, 14.502, 165.75, -1.68, 14.502, 165.75, -1.67, 0.000, 180.87, 0.04);
insert into SHOT values (6105, 6099, 6115, 2312, 24.428, 234.18, -0.96, 24.428, 234.18, -0.96, 0.000, 52.81, 0.03);
insert into SHOT values (6106, 6099, 6116, 2312, 27.211, 60.52, 3.56, 27.211, 60.52, 3.56, 0.000, 0.07, -0.01);
insert into SHOT values (6107, 6099, 6117, 2312, 23.645, 158.29, -12.86, 23.645, 158.29, -12.86, 0.000, 157.36, -0.05);
insert into SHOT values (6108, 6099, 6118, 2312, 23.615, 341.49, -4.34, 23.615, 341.49, -4.35, 0.000, 162.01, 0.03);
insert into SHOT values (6109, 6099, 6119, 2312, 3.866, 281.26, 54.99, 3.866, 281.26, 54.99, 0.000, 22.51, -0.03);
insert into SHOT values (6110, 6100, 6120, 2312, 7.620, 136.73, -3.59, 7.620, 136.73, -3.59, 0.000, 176.60, 0.01);
insert into SHOT values (6111, 6100, 6121, 2312, 15.307, 76.77, -9.32, 15.307, 76.77, -9.32, 0.000, 356.26, -0.01);
insert into SHOT values (6112, 6100, 6122, 2312, 7.557, 249.21, 2.66, 7.557, 249.21, 2.66, 0.000, 169.27, 0.02);
insert into SHOT values (6113, 6100, 6123, 2312, 38.382, 209.00, -3.25, 38.382, 209.00, -3.25, 0.000, 198.65, -0.09);
insert into SHOT values (6114, 6100, 6124, 2312, 20.146, 157.45, -14.93, 20.146, 157.45, -14.93, 0.000, 6.99, -0.02);
insert into SHOT values (6115, 6100, 6125, 2312, 23.141, 50.87, 2.06, 23.141, 50.87, 2.06, 0.000, 42.79, 0.08);
insert into SHOT values (6116, 6100, 6126, 2312, 1.896, 83.37, 67.43, 1.896, 83.37, 67.43, 0.000, 343.46, -0.02);
insert into SHOT values (6117, 6100, 6127, 2312, 1.187, 204.64, -71.07, 1.187, 204.64, -71.07, 0.000, 11.04, -0.00);
insert into SHOT values (6118, 6100, 6128, 2312, 30.983, 163.27, -14.14, 30.983, 163.27, -14.15, 0.000, 339.45, 0.07);
insert into SHOT values (6119, 6100, 6129, 2312, 30.984, 163.27, -14.19, 30.984, 163.27, -14.19, 0.000, 188.61, -0.00);
insert into SHOT values (6120, 6101, 6130, 2312, 26.809, 257.47, 9.20, 26.809, 257.47, 9.20, 0.000, 6.99, 0.01);
insert into SHOT values (6121, 6101, 6131, 2312, 23.531, 214.19, -1.52, 23.531, 214.19, -1.52, 0.000, 184.56, 0.01);
insert into SHOT values (6122, 6101, 6132, 2312, 3.712, 81.31, -12.72, 3.712, 81.31, -12.72, 0.000, 1.82, -0.01);
insert into SHOT values (6123, 6101, 6133, 2312, 8.502, 20.00, 4.37, 8.502, 20.00, 4.37, 0.000, 131.71, -0.04);
insert into SHOT values (6124, 6101, 6134, 2312, 1.358, 210.68, 51.62, 1.358, 210.68, 51.62, 0.000, 201.10, -0.02);
insert into SHOT values (6125, 6101, 6135, 2312, 0.947, 233.99, -88.08, 0.947, 233.99, -88.08, 0.000, 15.50, -0.02);
insert into SHOT values (6126, 6102, 6136, 2312, 10.417, 192.49, 3.45, 10.417, 192.49, 3.45, 0.000, 354.10, -0.00);
insert into SHOT values (6127, 6102, 6137, 2312, 22.010, 221.13, -11.35, 22.010, 221.13, -11.35, 0.000, 351.70, 0.03);
insert into SHOT values (6128, 6102, 6138, 2312, 36.029, 282.96, 11.67, 36.029, 282.96, 11.67, 0.000, 3.36, 0.01);
insert into SHOT values (6129, 6102, 6139, 2312, 12.884, 26.39, -2.01, 12.884, 26.39, -2.01, 0.000, 348.09, -0.01);
insert into SHOT values (6130, 6102, 6140, 2312, 11.537, 102.00, -12.30, 11.537, 102.00, -12.31, 0.000, 357.31, -0.01);
insert into SHOT values (6131, 6102, 6141, 2312, 1.699, 249.04, 79.89, 1.699, 249.04, 79.89, 0.000, 9.99, 0.02);
insert into SHOT values (6132, 6102, 6142, 2312, 1.622, 116.06, -80.83, 1.622, 116.06, -80.83, 0.000, 353.00, -0.00);
insert into SHOT values (6133, 6103, 6143, 2312, 6.719, 64.41, 4.36, 6.719, 64.41, 4.36, 0.000, 4.71, -0.02);
insert into SHOT values (6134, 6103, 6144, 2312, 11.856, 121.09, -0.47, 11.856, 121.09, -0.47, 0.000, 153.25, 0.05);
insert into SHOT values (6135, 6103, 6145, 2312, 8.022, 225.87, -3.71, 8.022, 225.87, -3.71, 0.000, 4.60, 0.01);
insert into SHOT values (6136, 6103, 6146, 2312, 14.522, 254.85, -2.48, 14.522, 254.85, -2.48, 0.000, 7.09, 0.00);
insert into SHOT values (6137, 6103, 6147, 2312, 2.586, 228.80, 48.67, 2.586, 228.80, 48.68, 0.000, 353.86, 0.03);
insert into SHOT values (6138, 6103, 6148, 2312, 1.219, 247.37, -65.86, 1.219, 247.37, -65.86, 0.000, 183.16, -0.00);
insert into SHOT values (6139, 6104, 6149, 2312, 21.174, 135.24, -0.41, 21.174, 135.24, -0.41, 0.000, 56.26, 0.14);
insert into SHOT values (6140, 6104, 6150, 2312, 4.177, 210.63, 0.70, 4.177, 210.63, 0.70, 0.000, 344.19, -0.03);
insert into SHOT values (6141, 6104, 6151, 2312, 5.426, 45.03, 3.25, 5.426, 45.03, 3.25, 0.000, 39.23, -0.10);
insert into SHOT values (6142, 6104, 6152, 2312, 11.884, 80.68, 2.02, 11.884, 80.68, 2.02, 0.000, 6.46, 0.00);
insert into SHOT values (6143, 6104, 6153, 2312, 23.726, 136.95, 5.94, 23.726, 136.95, 5.94, 0.000, 1.96, 0.01);
insert into SHOT values (6144, 6104, 6154, 2312, 3.500, 164.72, 67.30, 3.500, 164.72, 67.30, 0.000, 154.92, -0.04);
insert into SHOT values (6145, 6104, 6155, 2312, 2.001, 66.96, -52.94, 2.001, 66.96, -52.94, 0.000, 19.77, 0.03);
insert into SHOT values (6146, 6105, 6156, 2312, 2.542, 190.49, 5.87, 2.542, 190.49, 5.87, 0.000, 229.05, 0.01);
insert into SHOT values (6147, 6105, 6157, 2312, 1.821, 20.33, 2.19, 1.821, 20.33, 2.19, 0.000, 13.38, -0.05);
insert into SHOT values (6148, 6105, 6158, 2312, 5.197, 92.68, 17.97, 5.197, 92.68, 17.97, 0.000, 181.74, 0.02);
insert into SHOT values (6149, 6105, 6159, 2312, 8.230, 231.06, 15.21, 8.230, 231.06, 15.21, 0.000, 182.68, 0.01);
insert into SHOT values (6150, 6105, 6160, 2312, 5.930, 262.38, -1.07, 5.930, 262.38, -1.07, 0.000, 178.42, -0.00);
insert into SHOT values (6151, 6105, 6161, 2312, 1.849, 139.91, 63.50, 1.849, 139.91, 63.50, 0.000, 342.55, -0.08);
insert into SHOT values (6152, 6105, 6162, 2312, 1.018, 3.85, -82.67, 1.018, 3.85, -82.67, 0.000, 177.24, 0.01);
insert into SHOT values (6153, 6106, 6163, 2312, 9.334, 153.77, 8.59, 9.334, 153.77, 8.59, 0.000, 359.62, 0.00);
insert into SHOT values (6154, 6106, 6164, 2312, 1.045, 353.23, 33.60, 1.045, 353.23, 33.60, 0.000, 359.28, -0.02);
insert into SHOT values (6155, 6106, 6165, 2312, 1.283, 140.80, 3.94, 1.283, 140.80, 3.94, 0.000, 14.34, 0.02);
insert into SHOT values (6156, 6106, 6166, 2312, 2.485, 63.93, -44.66, 2.485, 63.93, -44.66, 0.000, 4.26, 0.01);
insert into SURVEY values (2315, 2292, 'JPH2', 'JPH2.Promeszutochnaya.Koytendag', 'JPH2');
 insert into CENTRELINE values (2316, 2315, NULL, NULL, NULL, 0.00, 0.00, 0.00);
 insert into SURVEY values (2317, 2315, 'JPH2', 'JPH2.JPH2.Promeszutochnaya.Koytendag', 'Tunnel aval');
 insert into CENTRELINE values (2318, 2317, NULL, NULL, NULL, 0.00, 0.00, 0.00);
 insert into CENTRELINE values (2319, 2317, NULL, '2024-04-24', NULL, 117.45, 0.00, 0.00);
 insert into TOPO values (1, 2319);
 insert into TOPO values (11, 2319);
 insert into SHOT values (6157, 6167, 6168, 2319, 5.942, 102.42, 0.66, 5.863, 102.96, 0.41, 0.100, 247.47, -15.60);
insert into SHOT values (6158, 6169, 6168, 2319, 6.372, 251.46, -13.87, 6.267, 251.54, -13.83, 0.105, 66.74, 16.39);
insert into SHOT values (6159, 6170, 6169, 2319, 17.565, 262.59, 2.81, 17.445, 263.36, 3.44, 0.328, 21.69, 34.39);
insert into SHOT values (6160, 6171, 6170, 2319, 19.659, 259.09, -1.70, 19.484, 259.91, -1.04, 0.401, 20.55, 35.09);
insert into SHOT values (6161, 6172, 6171, 2319, 20.814, 258.64, -2.56, 20.619, 259.51, -1.86, 0.445, 19.68, 35.32);
insert into SHOT values (6162, 6173, 6172, 2319, 17.476, 260.33, -6.00, 17.307, 261.07, -5.45, 0.326, 24.75, 33.95);
insert into SHOT values (6163, 6174, 6173, 2319, 15.187, 260.31, -8.86, 15.025, 260.95, -8.43, 0.258, 31.46, 32.16);
insert into SHOT values (6164, 6175, 6174, 2319, 12.212, 258.36, -8.80, 12.071, 258.83, -8.47, 0.187, 40.93, 29.32);
insert into SHOT values (6165, 6176, 6175, 2319, 2.228, 161.14, -22.38, 2.209, 159.90, -22.26, 0.049, 50.78, 13.76);
insert into SHOT values (6166, 6168, 6177, 2319, 2.861, 157.34, 80.97, 2.861, 157.34, 80.97, 0.000, 188.92, 0.08);
insert into SHOT values (6167, 6168, 6178, 2319, 0.902, 156.76, 1.07, 0.902, 156.76, 1.07, 0.000, 171.97, 0.02);
insert into SHOT values (6168, 6168, 6179, 2319, 1.945, 0.50, 6.72, 1.945, 0.50, 6.72, 0.000, 354.31, 0.02);
insert into SHOT values (6169, 6168, 6180, 2319, 2.978, 0.62, 44.69, 2.978, 0.62, 44.69, 0.000, 6.50, -0.01);
insert into SHOT values (6170, 6169, 6181, 2319, 0.463, 353.60, 15.29, 0.463, 353.60, 15.29, 0.000, 170.76, 0.00);
insert into SHOT values (6171, 6169, 6182, 2319, 0.657, 354.02, 51.69, 0.657, 354.02, 51.69, 0.000, 180.53, -0.01);
insert into SHOT values (6172, 6169, 6183, 2319, 1.313, 29.14, -67.81, 1.313, 29.14, -67.81, 0.000, 353.63, -0.02);
insert into SHOT values (6173, 6169, 6184, 2319, 1.468, 179.50, 3.73, 1.468, 179.50, 3.73, 0.000, 163.87, 0.01);
insert into SHOT values (6174, 6170, 6185, 2319, 1.619, 347.37, 20.09, 1.619, 347.37, 20.09, 0.000, 157.32, -0.02);
insert into SHOT values (6175, 6170, 6186, 2319, 2.082, 344.91, 60.17, 2.082, 344.91, 60.17, 0.000, 4.40, -0.01);
insert into SHOT values (6176, 6170, 6187, 2319, 1.860, 191.23, 75.45, 1.860, 191.23, 75.45, 0.000, 193.28, 0.00);
insert into SHOT values (6177, 6170, 6188, 2319, 0.750, 160.24, 12.51, 0.750, 160.24, 12.51, 0.000, 58.20, -0.04);
insert into SHOT values (6178, 6171, 6189, 2319, 0.978, 168.07, 7.23, 0.978, 168.07, 7.23, 0.000, 359.93, 0.02);
insert into SHOT values (6179, 6171, 6190, 2319, 2.047, 189.79, 67.63, 2.047, 189.79, 67.63, 0.000, 7.36, -0.01);
insert into SHOT values (6180, 6171, 6191, 2319, 2.188, 313.62, 64.03, 2.188, 313.62, 64.03, 0.000, 183.58, 0.00);
insert into SHOT values (6181, 6171, 6192, 2319, 1.221, 350.96, 11.33, 1.221, 350.96, 11.33, 0.000, 181.31, 0.01);
insert into SHOT values (6182, 6172, 6193, 2319, 0.971, 170.01, 6.58, 0.971, 170.01, 6.58, 0.000, 352.14, -0.01);
insert into SHOT values (6183, 6172, 6194, 2319, 1.754, 186.59, 61.57, 1.754, 186.59, 61.57, 0.000, 358.05, 0.01);
insert into SHOT values (6184, 6172, 6195, 2319, 1.967, 316.86, 52.50, 1.967, 316.86, 52.50, 0.000, 359.97, 0.01);
insert into SHOT values (6185, 6172, 6196, 2319, 1.135, 338.56, 12.23, 1.135, 338.56, 12.23, 0.000, 183.95, -0.02);
insert into SHOT values (6186, 6173, 6197, 2319, 0.977, 349.13, 19.63, 0.977, 349.13, 19.63, 0.000, 186.10, 0.00);
insert into SHOT values (6187, 6173, 6198, 2319, 1.976, 318.50, 71.86, 1.976, 318.50, 71.86, 0.000, 187.82, -0.01);
insert into SHOT values (6188, 6173, 6199, 2319, 1.841, 274.07, 76.49, 1.841, 274.07, 76.49, 0.000, 4.81, 0.04);
insert into SHOT values (6189, 6173, 6200, 2319, 1.224, 183.46, 10.36, 1.224, 183.46, 10.36, 0.000, 349.28, 0.02);
insert into SHOT values (6190, 6173, 6201, 2319, 1.993, 187.17, 55.68, 1.993, 187.17, 55.68, 0.000, 177.07, 0.05);
insert into SHOT values (6191, 6174, 6202, 2319, 1.143, 342.90, -1.91, 1.143, 342.90, -1.91, 0.000, 182.03, -0.01);
insert into SHOT values (6192, 6174, 6203, 2319, 1.920, 328.86, 68.67, 1.920, 328.86, 68.66, 0.000, 335.64, -0.01);
insert into SHOT values (6193, 6174, 6204, 2319, 1.773, 169.51, 53.61, 1.773, 169.51, 53.61, 0.000, 0.98, -0.00);
insert into SHOT values (6194, 6174, 6205, 2319, 0.863, 169.82, 16.44, 0.863, 169.82, 16.44, 0.000, 3.96, -0.03);
insert into SHOT values (6195, 6175, 6206, 2319, 2.252, 327.38, -7.10, 2.252, 327.38, -7.10, 0.000, 185.36, 0.01);
insert into SHOT values (6196, 6175, 6207, 2319, 2.853, 315.48, 47.42, 2.853, 315.48, 47.42, 0.000, 4.97, -0.01);
insert into SHOT values (6197, 6175, 6208, 2319, 2.093, 234.05, 75.99, 2.093, 234.05, 75.99, 0.000, 199.77, 0.03);
insert into SHOT values (6198, 6176, 6209, 2319, 2.688, 56.30, -4.47, 2.688, 56.30, -4.47, 0.000, 170.50, 0.03);
insert into SHOT values (6199, 6176, 6210, 2319, 9.368, 62.03, -62.89, 9.368, 62.03, -62.89, 0.000, 181.17, 0.00);
insert into SHOT values (6200, 6176, 6211, 2319, 2.153, 45.00, -69.67, 2.153, 45.00, -69.67, 0.000, 2.80, -0.01);
insert into SHOT values (6201, 6176, 6212, 2319, 3.451, 53.97, 16.44, 3.451, 53.97, 16.44, 0.000, 314.05, 0.05);
insert into SHOT values (6202, 6176, 6213, 2319, 4.039, 64.15, 49.93, 4.039, 64.15, 49.93, 0.000, 357.49, 0.01);
insert into SHOT values (6203, 6176, 6214, 2319, 1.194, 3.05, -25.71, 1.194, 3.05, -25.71, 0.000, 175.15, 0.01);
insert into SHOT values (6204, 6176, 6215, 2319, 8.187, 117.50, -25.29, 8.187, 117.50, -25.29, 0.000, 182.32, -0.02);
insert into SURVEY values (2322, 2292, 'JPH3', 'JPH3.Promeszutochnaya.Koytendag', 'JPH3');
 insert into CENTRELINE values (2323, 2322, NULL, NULL, NULL, 0.00, 0.00, 0.00);
 insert into SURVEY values (2324, 2322, 'JPH3', 'JPH3.JPH3.Promeszutochnaya.Koytendag', 'Entree naturelle');
 insert into CENTRELINE values (2325, 2324, NULL, NULL, NULL, 0.00, 0.00, 0.00);
 insert into CENTRELINE values (2326, 2324, NULL, '2024-04-24', NULL, 123.31, 0.00, 0.00);
 insert into TOPO values (1, 2326);
 insert into TOPO values (11, 2326);
 insert into SHOT values (6205, 6216, 6217, 2326, 6.158, 260.61, -2.49, 6.253, 260.39, -2.71, 0.101, 246.38, -16.28);
insert into SHOT values (6206, 6218, 6216, 2326, 10.991, 301.44, -8.37, 11.078, 300.67, -8.69, 0.181, 238.59, -24.55);
insert into SHOT values (6207, 6219, 6218, 2326, 12.455, 281.96, -3.03, 12.533, 281.29, -3.46, 0.189, 218.01, -30.57);
insert into SHOT values (6208, 6220, 6219, 2326, 7.230, 309.38, 3.81, 7.281, 308.59, 3.49, 0.119, 247.07, -17.89);
insert into SHOT values (6209, 6221, 6220, 2326, 13.999, 294.38, -2.38, 14.079, 293.61, -2.86, 0.237, 225.51, -30.45);
insert into SHOT values (6210, 6222, 6221, 2326, 9.752, 252.24, -18.44, 9.899, 252.01, -18.51, 0.152, 236.72, -22.34);
insert into SHOT values (6211, 6223, 6222, 2326, 13.271, 324.54, -6.07, 13.387, 323.36, -6.48, 0.310, 255.16, -20.29);
insert into SHOT values (6212, 6224, 6223, 2326, 12.137, 318.80, -3.10, 12.233, 317.80, -3.51, 0.250, 251.22, -21.53);
insert into SHOT values (6213, 6225, 6224, 2326, 7.622, 303.20, 1.05, 7.682, 302.47, 0.75, 0.122, 244.72, -19.22);
insert into SHOT values (6214, 6226, 6225, 2326, 9.529, 300.91, -4.86, 9.603, 300.19, -5.18, 0.151, 240.20, -22.96);
insert into SHOT values (6215, 6227, 6226, 2326, 10.114, 300.78, -7.92, 10.195, 300.04, -8.23, 0.163, 239.42, -23.56);
insert into SHOT values (6216, 6228, 6227, 2326, 4.700, 256.84, -29.21, 4.787, 256.77, -28.91, 0.091, 253.73, -13.14);
insert into SHOT values (6217, 6229, 6228, 2326, 5.355, 321.30, -11.68, 5.386, 320.36, -11.86, 0.093, 247.94, -14.45);
insert into SHOT values (6218, 6216, 6230, 2326, 2.525, 15.88, 10.09, 2.525, 15.88, 10.08, 0.000, 354.71, 0.02);
insert into SHOT values (6219, 6216, 6231, 2326, 4.307, 40.78, 62.01, 4.307, 40.78, 62.01, 0.000, 188.26, 0.01);
insert into SHOT values (6220, 6216, 6232, 2326, 5.995, 196.92, 43.64, 5.995, 196.92, 43.64, 0.000, 185.37, 0.01);
insert into SHOT values (6221, 6216, 6233, 2326, 6.643, 198.52, 15.91, 6.643, 198.52, 15.91, 0.000, 356.55, -0.01);
insert into SHOT values (6222, 6216, 6234, 2326, 6.369, 194.88, -7.78, 6.369, 194.88, -7.78, 0.000, 191.61, 0.02);
insert into SHOT values (6223, 6216, 6235, 2326, 7.369, 154.93, 8.00, 7.369, 154.93, 8.00, 0.000, 287.72, -0.14);
insert into SHOT values (6224, 6216, 6236, 2326, 7.324, 110.78, 8.81, 7.324, 110.78, 8.81, 0.000, 354.12, -0.01);
insert into SHOT values (6225, 6218, 6237, 2326, 1.658, 200.54, 4.99, 1.658, 200.54, 4.99, 0.000, 166.44, -0.00);
insert into SHOT values (6226, 6218, 6238, 2326, 1.487, 241.00, 64.96, 1.487, 241.00, 64.96, 0.000, 8.25, 0.01);
insert into SHOT values (6227, 6218, 6239, 2326, 1.756, 1.01, 40.34, 1.756, 1.01, 40.34, 0.000, 185.79, 0.01);
insert into SHOT values (6228, 6218, 6240, 2326, 2.371, 29.87, 6.31, 2.371, 29.87, 6.31, 0.000, 190.02, 0.01);
insert into SHOT values (6229, 6218, 6241, 2326, 5.907, 87.76, 7.73, 5.907, 87.76, 7.73, 0.000, 165.04, -0.06);
insert into SHOT values (6230, 6218, 6242, 2326, 11.413, 103.35, 5.55, 11.413, 103.35, 5.55, 0.000, 9.57, 0.02);
insert into SHOT values (6231, 6218, 6243, 2326, 10.012, 118.59, 5.84, 10.012, 118.59, 5.84, 0.000, 175.74, 0.00);
insert into SHOT values (6232, 6219, 6244, 2326, 3.371, 212.62, -2.77, 3.371, 212.62, -2.77, 0.000, 357.12, 0.01);
insert into SHOT values (6233, 6219, 6245, 2326, 3.312, 226.07, 23.24, 3.312, 226.07, 23.24, 0.000, 186.26, -0.01);
insert into SHOT values (6234, 6219, 6246, 2326, 1.528, 273.45, 59.42, 1.528, 273.45, 59.43, 0.000, 182.04, 0.02);
insert into SHOT values (6235, 6219, 6247, 2326, 0.826, 232.96, -57.98, 0.826, 232.96, -57.98, 0.000, 8.46, 0.01);
insert into SHOT values (6236, 6219, 6248, 2326, 4.173, 128.29, 8.66, 4.173, 128.29, 8.66, 0.000, 148.89, -0.05);
insert into SHOT values (6237, 6219, 6249, 2326, 4.834, 155.93, 7.09, 4.834, 155.93, 7.09, 0.000, 174.48, -0.05);
insert into SHOT values (6238, 6220, 6250, 2326, 0.437, 40.77, 7.68, 0.437, 40.77, 7.68, 0.000, 171.46, 0.01);
insert into SHOT values (6239, 6220, 6251, 2326, 1.934, 36.36, 68.20, 1.934, 36.36, 68.20, 0.000, 3.83, 0.05);
insert into SHOT values (6240, 6220, 6252, 2326, 2.279, 245.20, 62.84, 2.279, 245.20, 62.84, 0.000, 343.64, -0.03);
insert into SHOT values (6241, 6220, 6253, 2326, 2.332, 230.66, 58.66, 2.332, 230.66, 58.66, 0.000, 333.75, 0.05);
insert into SHOT values (6242, 6220, 6254, 2326, 2.235, 219.14, 25.43, 2.235, 219.14, 25.43, 0.000, 170.63, -0.01);
insert into SHOT values (6243, 6220, 6255, 2326, 1.902, 217.08, 2.83, 1.902, 217.08, 2.83, 0.000, 184.59, 0.07);
insert into SHOT values (6244, 6221, 6256, 2326, 2.316, 3.35, 9.48, 2.316, 3.35, 9.48, 0.000, 334.97, -0.00);
insert into SHOT values (6245, 6221, 6257, 2326, 3.082, 349.36, 54.55, 3.082, 349.36, 54.55, 0.000, 164.70, 0.03);
insert into SHOT values (6246, 6221, 6258, 2326, 2.724, 239.33, 74.09, 2.724, 239.33, 74.09, 0.000, 208.53, -0.00);
insert into SHOT values (6247, 6221, 6259, 2326, 2.697, 203.01, 42.12, 2.697, 203.01, 42.12, 0.000, 7.94, 0.02);
insert into SHOT values (6248, 6221, 6260, 2326, 1.580, 190.38, 13.99, 1.580, 190.38, 13.99, 0.000, 180.07, 0.01);
insert into SHOT values (6249, 6222, 6261, 2326, 0.938, 333.17, 4.84, 0.938, 333.17, 4.84, 0.000, 172.55, 0.03);
insert into SHOT values (6250, 6222, 6262, 2326, 1.896, 194.55, 62.91, 1.896, 194.55, 62.91, 0.000, 187.10, 0.01);
insert into SHOT values (6251, 6222, 6263, 2326, 3.819, 173.55, 14.72, 3.819, 173.55, 14.72, 0.000, 173.64, -0.01);
insert into SHOT values (6252, 6222, 6264, 2326, 4.140, 187.89, -12.38, 4.140, 187.89, -12.38, 0.000, 106.55, 0.06);
insert into SHOT values (6253, 6222, 6265, 2326, 5.494, 207.81, -11.12, 5.494, 207.81, -11.12, 0.000, 234.02, 0.08);
insert into SHOT values (6254, 6222, 6266, 2326, 4.162, 167.74, -1.88, 4.162, 167.74, -1.88, 0.000, 158.02, 0.04);
insert into SHOT values (6255, 6222, 6267, 2326, 5.895, 150.02, 4.89, 5.895, 150.02, 4.89, 0.000, 2.28, -0.01);
insert into SHOT values (6256, 6222, 6268, 2326, 2.470, 73.14, 5.54, 2.470, 73.14, 5.54, 0.000, 210.01, 0.08);
insert into SHOT values (6257, 6222, 6269, 2326, 3.907, 90.16, -3.47, 3.907, 90.16, -3.47, 0.000, 349.94, -0.02);
insert into SHOT values (6258, 6222, 6270, 2326, 5.092, 115.14, -6.33, 5.092, 115.14, -6.33, 0.000, 206.79, 0.04);
insert into SHOT values (6259, 6222, 6271, 2326, 6.022, 139.67, 4.29, 6.022, 139.67, 4.28, 0.000, 185.10, 0.01);
insert into SHOT values (6260, 6222, 6272, 2326, 4.889, 121.43, -2.39, 4.889, 121.43, -2.39, 0.000, 7.86, 0.00);
insert into SHOT values (6261, 6222, 6273, 2326, 7.243, 324.78, -6.16, 7.243, 324.78, -6.16, 0.000, 14.96, -0.03);
insert into SHOT values (6262, 6223, 6274, 2326, 1.701, 44.95, -0.25, 1.701, 44.95, -0.25, 0.000, 179.81, 0.01);
insert into SHOT values (6263, 6223, 6275, 2326, 2.139, 6.22, 52.83, 2.139, 6.22, 52.83, 0.000, 165.60, 0.00);
insert into SHOT values (6264, 6223, 6276, 2326, 1.297, 232.37, 50.42, 1.297, 232.37, 50.42, 0.000, 180.42, -0.03);
insert into SHOT values (6265, 6223, 6277, 2326, 1.116, 219.44, 29.30, 1.116, 219.44, 29.30, 0.000, 354.53, 0.02);
insert into SHOT values (6266, 6223, 6278, 2326, 0.453, 224.44, 7.23, 0.453, 224.44, 7.23, 0.000, 184.17, -0.01);
insert into SHOT values (6267, 6224, 6279, 2326, 1.541, 42.43, -1.50, 1.541, 42.43, -1.51, 0.000, 281.40, -0.11);
insert into SHOT values (6268, 6224, 6280, 2326, 2.282, 35.04, 30.70, 2.282, 35.04, 30.70, 0.000, 172.68, -0.01);
insert into SHOT values (6269, 6224, 6281, 2326, 2.522, 358.47, 70.90, 2.522, 358.47, 70.90, 0.000, 181.36, -0.01);
insert into SHOT values (6270, 6224, 6282, 2326, 1.543, 303.43, 75.60, 1.543, 303.43, 75.60, 0.000, 348.62, 0.02);
insert into SHOT values (6271, 6224, 6283, 2326, 1.584, 233.65, 35.82, 1.584, 233.65, 35.82, 0.000, 198.77, 0.01);
insert into SHOT values (6272, 6224, 6284, 2326, 1.785, 239.97, 14.28, 1.785, 239.97, 14.28, 0.000, 181.10, -0.02);
insert into SHOT values (6273, 6225, 6285, 2326, 1.375, 27.50, 15.87, 1.375, 27.50, 15.87, 0.000, 352.28, 0.01);
insert into SHOT values (6274, 6225, 6286, 2326, 3.116, 16.76, 54.89, 3.116, 16.76, 54.89, 0.000, 188.43, 0.05);
insert into SHOT values (6275, 6225, 6287, 2326, 2.366, 14.31, 67.06, 2.366, 14.31, 67.06, 0.000, 1.40, -0.03);
insert into SHOT values (6276, 6225, 6288, 2326, 1.933, 225.51, 67.57, 1.933, 225.51, 67.57, 0.000, 6.26, 0.03);
insert into SHOT values (6277, 6225, 6289, 2326, 1.519, 208.36, 51.91, 1.519, 208.36, 51.91, 0.000, 7.53, 0.01);
insert into SHOT values (6278, 6225, 6290, 2326, 0.662, 200.89, 9.51, 0.662, 200.89, 9.51, 0.000, 182.80, 0.01);
insert into SHOT values (6279, 6226, 6291, 2326, 0.629, 34.88, 6.04, 0.629, 34.88, 6.04, 0.000, 324.53, 0.02);
insert into SHOT values (6280, 6226, 6292, 2326, 1.895, 343.95, 73.90, 1.895, 343.95, 73.90, 0.000, 174.60, -0.01);
insert into SHOT values (6281, 6226, 6293, 2326, 1.633, 237.49, 42.45, 1.633, 237.49, 42.45, 0.000, 185.00, -0.02);
insert into SHOT values (6282, 6226, 6294, 2326, 3.107, 227.58, 16.23, 3.107, 227.58, 16.23, 0.000, 39.12, -0.03);
insert into SHOT values (6283, 6226, 6295, 2326, 3.182, 226.31, -0.93, 3.182, 226.31, -0.93, 0.000, 182.14, -0.01);
insert into SHOT values (6284, 6227, 6296, 2326, 1.837, 15.25, 8.09, 1.837, 15.25, 8.09, 0.000, 180.72, 0.01);
insert into SHOT values (6285, 6227, 6297, 2326, 5.007, 15.58, 41.72, 5.007, 15.58, 41.72, 0.000, 181.26, 0.00);
insert into SHOT values (6286, 6227, 6298, 2326, 3.330, 62.96, 66.96, 3.330, 62.96, 66.96, 0.000, 40.60, 0.07);
insert into SHOT values (6287, 6227, 6299, 2326, 1.726, 158.56, 53.82, 1.726, 158.56, 53.82, 0.000, 359.17, 0.00);
insert into SHOT values (6288, 6227, 6300, 2326, 0.493, 195.89, 8.44, 0.493, 195.89, 8.44, 0.000, 358.29, 0.00);
insert into SHOT values (6289, 6228, 6301, 2326, 1.687, 187.01, 4.48, 1.687, 187.01, 4.48, 0.000, 171.90, 0.00);
insert into SHOT values (6290, 6228, 6302, 2326, 1.617, 207.98, 79.53, 1.617, 207.98, 79.53, 0.000, 178.23, 0.02);
insert into SHOT values (6291, 6228, 6303, 2326, 5.420, 171.49, 85.66, 5.420, 171.49, 85.66, 0.000, 354.67, 0.01);
insert into SHOT values (6292, 6228, 6304, 2326, 1.303, 24.96, 38.07, 1.303, 24.96, 38.07, 0.000, 174.60, -0.00);
insert into SHOT values (6293, 6228, 6305, 2326, 0.937, 58.55, 16.59, 0.937, 58.55, 16.59, 0.000, 176.97, -0.02);
insert into SHOT values (6294, 6229, 6306, 2326, 0.322, 61.52, 13.06, 0.322, 61.52, 13.06, 0.000, 93.59, 0.18);
insert into SHOT values (6295, 6229, 6307, 2326, 0.884, 229.01, 13.28, 0.884, 229.01, 13.28, 0.000, 358.26, 0.04);
insert into SHOT values (6296, 6229, 6308, 2326, 17.651, 220.04, 67.37, 17.651, 220.04, 67.37, 0.000, 172.61, -0.02);
insert into SHOT values (6297, 6229, 6309, 2326, 1.465, 250.61, 55.17, 1.465, 250.61, 55.17, 0.000, 177.21, 0.01);
insert into SHOT values (6298, 6229, 6310, 2326, 10.060, 182.03, -59.41, 10.060, 182.03, -59.41, 0.000, 173.51, 0.01);
insert into SHOT values (6299, 6229, 6311, 2326, 22.590, 312.64, 32.13, 22.590, 312.64, 32.13, 0.000, 19.10, -0.00);
insert into SURVEY values (2329, 2292, 'Alex', 'Alex.Promeszutochnaya.Koytendag', 'Alex');
 insert into CENTRELINE values (2330, 2329, NULL, NULL, NULL, 0.00, 0.00, 0.00);
 insert into SURVEY values (2331, 2329, 'Alex', 'Alex.Alex.Promeszutochnaya.Koytendag', 'Promeszutochnaya 04');
 insert into CENTRELINE values (2332, 2331, NULL, NULL, NULL, 0.00, 0.00, 0.00);
 insert into CENTRELINE values (2333, 2331, NULL, '2024-04-25', NULL, 652.46, 0.00, 0.00);
 insert into TOPO values (4, 2333);
 insert into TOPO values (6, 2333);
 insert into TOPO values (7, 2333);
 insert into SHOT values (6300, 6312, 6313, 2333, 3.070, 39.55, -3.40, 3.070, 39.55, -3.40, 0.000, 0.89, -0.01);
insert into SHOT values (6301, 6312, 6314, 2333, 3.930, 93.15, 1.00, 3.930, 93.15, 1.00, 0.000, 20.86, -0.01);
insert into SHOT values (6302, 6312, 6315, 2333, 8.230, 120.15, -0.90, 8.230, 120.15, -0.90, 0.000, 355.91, -0.00);
insert into SHOT values (6303, 6312, 6316, 2333, 4.360, 1.05, 0.80, 4.360, 1.05, 0.80, 0.000, 329.60, -0.00);
insert into SHOT values (6304, 6312, 6317, 2333, 2.300, 142.95, -1.30, 2.300, 142.95, -1.30, 0.000, 178.68, -0.01);
insert into SHOT values (6305, 6312, 6318, 2333, 3.150, 191.95, 0.50, 3.150, 191.95, 0.50, 0.000, 6.22, 0.01);
insert into SHOT values (6306, 6312, 6319, 2333, 3.680, 216.85, -1.00, 3.680, 216.85, -1.00, 0.000, 181.36, 0.01);
insert into SHOT values (6307, 6312, 6320, 2333, 3.480, 248.15, -2.80, 3.480, 248.15, -2.80, 0.000, 199.07, 0.01);
insert into SHOT values (6308, 6312, 6321, 2333, 1.780, 40.75, 82.30, 1.780, 40.75, 82.30, 0.000, 6.81, 0.00);
insert into SHOT values (6309, 6312, 6322, 2333, 1.500, 295.35, -70.90, 1.500, 295.35, -70.90, 0.000, 178.31, -0.00);
insert into SHOT values (6310, 6312, 6323, 2333, 10.670, 38.75, -72.70, 10.670, 38.75, -72.70, 0.000, 295.76, 0.11);
insert into SHOT values (6311, 6312, 6324, 2333, 9.440, 121.75, -3.40, 9.378, 122.49, -3.78, 0.150, 240.77, -22.76);
insert into SHOT values (6312, 6324, 6325, 2333, 2.610, 258.35, -3.60, 2.610, 258.35, -3.60, 0.000, 177.01, -0.01);
insert into SHOT values (6313, 6324, 6326, 2333, 9.320, 303.35, -4.60, 9.320, 303.35, -4.60, 0.000, 186.35, -0.00);
insert into SHOT values (6314, 6324, 6327, 2333, 18.030, 318.15, -2.00, 18.030, 318.15, -2.00, 0.000, 314.49, -0.08);
insert into SHOT values (6315, 6324, 6328, 2333, 8.380, 322.15, -1.70, 8.380, 322.15, -1.70, 0.000, 0.08, 0.04);
insert into SHOT values (6316, 6324, 6329, 2333, 3.360, 152.55, 25.90, 3.360, 152.55, 25.90, 0.000, 353.45, -0.00);
insert into SHOT values (6317, 6324, 6330, 2333, 4.430, 182.75, 23.50, 4.430, 182.75, 23.50, 0.000, 179.61, 0.00);
insert into SHOT values (6318, 6324, 6331, 2333, 3.490, 281.65, 74.00, 3.490, 281.65, 74.00, 0.000, 186.60, 0.01);
insert into SHOT values (6319, 6324, 6332, 2333, 1.650, 247.25, -88.60, 1.650, 247.25, -88.60, 0.000, 154.41, 0.03);
insert into SHOT values (6320, 6324, 6333, 2333, 8.870, 316.35, -42.20, 8.940, 315.14, -42.14, 0.156, 248.54, -14.90);
insert into SHOT values (6321, 6333, 6334, 2333, 1.670, 44.45, -6.10, 1.670, 44.45, -6.10, 0.000, 350.00, -0.01);
insert into SHOT values (6322, 6333, 6335, 2333, 8.170, 347.55, 77.60, 8.170, 347.55, 77.60, 0.000, 35.29, -0.00);
insert into SHOT values (6323, 6333, 6336, 2333, 1.420, 49.15, -79.80, 1.420, 49.15, -79.80, 0.000, 170.95, 0.01);
insert into SHOT values (6324, 6333, 6337, 2333, 15.940, 332.05, -41.70, 16.063, 330.09, -41.77, 0.427, 251.95, -13.12);
insert into SHOT values (6325, 6337, 6338, 2333, 1.620, 58.15, -2.60, 1.620, 58.15, -2.60, 0.000, 356.00, 0.01);
insert into SHOT values (6326, 6337, 6339, 2333, 2.770, 247.35, 0.10, 2.770, 247.35, 0.10, 0.000, 179.30, -0.01);
insert into SHOT values (6327, 6337, 6340, 2333, 11.070, 269.25, 85.70, 11.070, 269.25, 85.70, 0.000, 171.87, 0.01);
insert into SHOT values (6328, 6337, 6341, 2333, 0.900, 43.05, -52.10, 0.900, 43.05, -52.10, 0.000, 4.48, -0.01);
insert into SHOT values (6329, 6337, 6342, 2333, 20.160, 332.75, -23.60, 20.418, 330.72, -23.92, 0.715, 257.86, -16.87);
insert into SHOT values (6330, 6342, 6343, 2333, 2.460, 64.25, -5.00, 2.460, 64.25, -5.00, 0.000, 356.82, -0.00);
insert into SHOT values (6331, 6342, 6344, 2333, 2.320, 56.55, 68.90, 2.320, 56.55, 68.90, 0.000, 359.75, 0.01);
insert into SHOT values (6332, 6342, 6345, 2333, 1.180, 75.55, -54.50, 1.180, 75.55, -54.50, 0.000, 172.06, -0.01);
insert into SHOT values (6333, 6342, 6346, 2333, 2.380, 26.35, -17.30, 2.340, 25.69, -17.89, 0.053, 235.89, -11.95);
insert into SHOT values (6334, 6346, 6347, 2333, 1.450, 246.65, 17.70, 1.450, 246.65, 17.70, 0.000, 171.96, 0.02);
insert into SHOT values (6335, 6346, 6348, 2333, 0.440, 63.75, 21.40, 0.440, 63.75, 21.40, 0.000, 184.80, -0.01);
insert into SHOT values (6336, 6346, 6349, 2333, 4.300, 268.55, 72.70, 4.300, 268.55, 72.70, 0.000, 6.43, -0.02);
insert into SHOT values (6337, 6346, 6350, 2333, 1.160, 292.65, -64.90, 1.160, 292.65, -64.90, 0.000, 192.23, -0.09);
insert into SHOT values (6338, 6346, 6351, 2333, 11.260, 330.55, -13.10, 11.342, 329.36, -13.40, 0.251, 256.13, -17.92);
insert into SHOT values (6339, 6346, 6352, 2333, 1.980, 336.45, -4.40, 1.979, 336.97, -4.39, 0.018, 70.85, 1.02);
insert into SHOT values (6340, 6352, 6353, 2333, 1.110, 250.85, -11.20, 1.110, 250.85, -11.20, 0.000, 340.46, 0.04);
insert into SHOT values (6341, 6352, 6354, 2333, 5.060, 265.15, 70.70, 5.060, 265.15, 70.70, 0.000, 355.90, -0.00);
insert into SHOT values (6342, 6352, 6355, 2333, 0.250, 60.15, -0.80, 0.250, 60.15, -0.80, 0.000, 181.58, -0.00);
insert into SHOT values (6343, 6352, 6356, 2333, 1.470, 197.95, -75.50, 1.470, 197.95, -75.50, 0.000, 341.93, -0.03);
insert into SHOT values (6344, 6352, 6357, 2333, 2.390, 296.55, -84.60, 2.390, 296.55, -84.60, 0.000, 173.61, -0.01);
insert into SHOT values (6345, 6352, 6358, 2333, 11.780, 301.95, -51.40, 11.737, 302.42, -51.65, 0.090, 79.84, 1.15);
insert into SHOT values (6346, 6358, 6359, 2333, 2.240, 53.55, -0.30, 2.240, 53.55, -0.30, 0.000, 170.71, 0.02);
insert into SHOT values (6347, 6358, 6360, 2333, 0.310, 213.35, 8.70, 0.310, 213.35, 8.70, 0.000, 355.45, -0.01);
insert into SHOT values (6348, 6358, 6361, 2333, 1.680, 97.75, -57.50, 1.680, 97.75, -57.50, 0.000, 182.34, -0.01);
insert into SHOT values (6349, 6358, 6362, 2333, 10.230, 87.35, 70.70, 10.230, 87.35, 70.70, 0.000, 326.31, -0.10);
insert into SHOT values (6350, 6358, 6363, 2333, 4.650, 106.45, -14.00, 4.650, 106.45, -14.00, 0.000, 171.23, -0.02);
insert into SHOT values (6351, 6358, 6364, 2333, 3.620, 137.95, -23.80, 3.620, 137.95, -23.80, 0.000, 354.06, 0.01);
insert into SHOT values (6352, 6358, 6365, 2333, 2.650, 345.05, -2.90, 2.650, 345.05, -2.90, 0.000, 239.75, -0.07);
insert into SHOT values (6353, 6358, 6366, 2333, 6.070, 328.15, -5.10, 6.070, 328.15, -5.10, 0.000, 358.92, -0.01);
insert into SHOT values (6354, 6358, 6367, 2333, 3.230, 319.05, -10.90, 3.230, 319.05, -10.90, 0.000, 171.51, -0.02);
insert into SHOT values (6355, 6358, 6368, 2333, 12.010, 134.75, -20.70, 12.060, 134.36, -20.60, 0.093, 80.11, 1.85);
insert into SHOT values (6356, 6368, 6369, 2333, 4.640, 26.65, 4.90, 4.640, 26.65, 4.90, 0.000, 4.08, -0.00);
insert into SHOT values (6357, 6368, 6370, 2333, 1.680, 227.25, -1.80, 1.680, 227.25, -1.80, 0.000, 199.31, -0.02);
insert into SHOT values (6358, 6368, 6371, 2333, 0.860, 242.15, -63.30, 0.860, 242.15, -63.30, 0.000, 327.63, 0.07);
insert into SHOT values (6359, 6368, 6372, 2333, 1.950, 180.65, 76.20, 1.950, 180.65, 76.20, 0.000, 178.66, -0.01);
insert into SHOT values (6360, 6368, 6373, 2333, 6.070, 9.15, 1.30, 6.070, 9.15, 1.30, 0.000, 155.48, 0.06);
insert into SHOT values (6361, 6368, 6374, 2333, 5.790, 300.15, 6.00, 5.790, 300.15, 6.00, 0.000, 181.45, 0.01);
insert into SHOT values (6362, 6368, 6375, 2333, 2.560, 158.15, 14.60, 2.561, 157.71, 14.60, 0.019, 72.06, 1.23);
insert into SHOT values (6363, 6375, 6376, 2333, 1.120, 56.35, -4.40, 1.120, 56.35, -4.40, 0.000, 174.49, 0.01);
insert into SHOT values (6364, 6375, 6377, 2333, 2.160, 105.55, -52.00, 2.160, 105.55, -52.00, 0.000, 5.26, -0.00);
insert into SHOT values (6365, 6375, 6378, 2333, 2.650, 92.75, 77.40, 2.650, 92.75, 77.40, 0.000, 184.83, 0.00);
insert into SHOT values (6366, 6375, 6379, 2333, 0.220, 223.05, -1.00, 0.220, 223.05, -1.00, 0.000, 168.37, 0.02);
insert into SHOT values (6367, 6375, 6380, 2333, 7.430, 122.15, -30.80, 7.460, 121.86, -30.65, 0.049, 79.74, 1.52);
insert into SHOT values (6368, 6380, 6381, 2333, 1.530, 118.25, -0.50, 1.530, 118.25, -0.50, 0.000, 3.62, 0.01);
insert into SHOT values (6369, 6380, 6382, 2333, 2.750, 322.85, 8.30, 2.750, 322.85, 8.30, 0.000, 0.43, -0.00);
insert into SHOT values (6370, 6380, 6383, 2333, 14.240, 180.45, 86.50, 14.240, 180.45, 86.50, 0.000, 1.64, -0.01);
insert into SHOT values (6371, 6380, 6384, 2333, 1.300, 89.15, -72.50, 1.300, 89.15, -72.50, 0.000, 174.26, 0.05);
insert into SHOT values (6372, 6380, 6385, 2333, 26.490, 62.75, -38.20, 26.748, 62.97, -37.74, 0.345, 76.61, 1.62);
insert into SHOT values (6373, 6385, 6386, 2333, 1.740, 13.95, 5.60, 1.740, 13.95, 5.60, 0.000, 188.84, -0.02);
insert into SHOT values (6374, 6385, 6387, 2333, 2.530, 188.55, 6.80, 2.530, 188.55, 6.80, 0.000, 183.69, -0.00);
insert into SHOT values (6375, 6385, 6388, 2333, 1.340, 135.45, -41.10, 1.340, 135.45, -41.10, 0.000, 174.49, 0.01);
insert into SHOT values (6376, 6385, 6389, 2333, 15.670, 173.55, 75.50, 15.670, 173.55, 75.50, 0.000, 168.50, -0.07);
insert into SHOT values (6377, 6385, 6390, 2333, 16.290, 119.85, 27.90, 16.375, 119.49, 27.76, 0.131, 75.68, 2.11);
insert into SHOT values (6378, 6390, 6391, 2333, 3.530, 34.25, -1.40, 3.530, 34.25, -1.40, 0.000, 352.79, -0.01);
insert into SHOT values (6379, 6390, 6392, 2333, 6.870, 212.85, 35.90, 6.870, 212.85, 35.90, 0.000, 173.96, 0.01);
insert into SHOT values (6380, 6390, 6393, 2333, 2.820, 203.45, 30.70, 2.820, 203.45, 30.70, 0.000, 166.42, 0.03);
insert into SHOT values (6381, 6390, 6394, 2333, 8.970, 167.25, 73.30, 8.970, 167.25, 73.30, 0.000, 168.65, 0.00);
insert into SHOT values (6382, 6390, 6395, 2333, 1.420, 84.85, -70.10, 1.420, 84.85, -70.10, 0.000, 187.54, 0.02);
insert into SHOT values (6383, 6390, 6396, 2333, 11.290, 316.35, -36.70, 11.290, 316.35, -36.70, 0.000, 2.62, -0.01);
insert into SHOT values (6384, 6390, 6397, 2333, 9.220, 314.15, -12.30, 9.220, 314.15, -12.30, 0.000, 171.73, 0.03);
insert into SHOT values (6385, 6390, 6398, 2333, 10.740, 267.15, 8.10, 10.740, 267.15, 8.10, 0.000, 3.96, -0.01);
insert into SHOT values (6386, 6390, 6399, 2333, 21.440, 79.75, 7.80, 21.512, 79.60, 7.80, 0.092, 41.21, 6.18);
insert into SHOT values (6387, 6399, 6400, 2333, 1.980, 359.65, 40.40, 1.980, 359.65, 40.40, 0.000, 192.97, -0.02);
insert into SHOT values (6388, 6399, 6401, 2333, 12.610, 167.45, 0.30, 12.610, 167.45, 0.30, 0.000, 355.94, -0.02);
insert into SHOT values (6389, 6399, 6402, 2333, 3.620, 273.85, 7.90, 3.620, 273.85, 7.90, 0.000, 21.42, -0.02);
insert into SHOT values (6390, 6399, 6403, 2333, 4.990, 237.45, -2.50, 4.990, 237.45, -2.50, 0.000, 187.06, -0.01);
insert into SHOT values (6391, 6399, 6404, 2333, 2.520, 98.25, -35.70, 2.520, 98.25, -35.70, 0.000, 134.20, -0.13);
insert into SHOT values (6392, 6399, 6405, 2333, 1.980, 95.95, 86.00, 1.980, 95.95, 86.00, 0.000, 2.76, -0.00);
insert into SHOT values (6393, 6399, 6406, 2333, 14.090, 118.15, -17.70, 14.148, 117.88, -17.61, 0.088, 72.96, 2.69);
insert into SHOT values (6394, 6406, 6407, 2333, 12.670, 68.45, 18.50, 12.670, 68.45, 18.50, 0.000, 350.16, -0.00);
insert into SHOT values (6395, 6406, 6408, 2333, 13.030, 91.05, 18.90, 13.030, 91.05, 18.90, 0.000, 219.88, -0.08);
insert into SHOT values (6396, 6406, 6409, 2333, 17.700, 114.35, 14.50, 17.700, 114.35, 14.50, 0.000, 11.83, -0.03);
insert into SHOT values (6397, 6406, 6410, 2333, 11.680, 13.35, 11.40, 11.680, 13.35, 11.40, 0.000, 1.54, -0.02);
insert into SHOT values (6398, 6406, 6411, 2333, 9.280, 339.15, 5.10, 9.280, 339.15, 5.10, 0.000, 350.34, 0.01);
insert into SHOT values (6399, 6406, 6412, 2333, 8.560, 309.95, 11.40, 8.560, 309.95, 11.40, 0.000, 3.67, 0.03);
insert into SHOT values (6400, 6406, 6413, 2333, 14.430, 249.25, 24.80, 14.430, 249.25, 24.80, 0.000, 174.41, -0.00);
insert into SHOT values (6401, 6406, 6414, 2333, 8.510, 224.75, 25.60, 8.510, 224.75, 25.60, 0.000, 178.18, 0.01);
insert into SHOT values (6402, 6406, 6415, 2333, 7.470, 27.05, 81.90, 7.470, 27.05, 81.90, 0.000, 170.55, -0.00);
insert into SHOT values (6403, 6406, 6416, 2333, 3.350, 42.45, -35.40, 3.350, 42.45, -35.40, 0.000, 176.95, -0.01);
insert into SHOT values (6404, 6406, 6417, 2333, 21.340, 345.05, -2.90, 21.255, 346.06, -2.88, 0.383, 88.34, 1.49);
insert into SHOT values (6405, 6417, 6418, 2333, 3.970, 280.65, -1.20, 3.970, 280.65, -1.20, 0.000, 249.27, 0.12);
insert into SHOT values (6406, 6417, 6419, 2333, 8.800, 73.95, 23.70, 8.800, 73.95, 23.70, 0.000, 182.34, 0.01);
insert into SHOT values (6407, 6417, 6420, 2333, 3.110, 48.65, 71.60, 3.110, 48.65, 71.60, 0.000, 187.06, 0.02);
insert into SHOT values (6408, 6417, 6421, 2333, 7.440, 328.85, 5.60, 7.440, 328.85, 5.60, 0.000, 355.71, 0.02);
insert into SHOT values (6409, 6417, 6422, 2333, 16.850, 330.35, 6.70, 16.850, 330.35, 6.70, 0.000, 359.85, 0.00);
insert into SHOT values (6410, 6417, 6423, 2333, 16.460, 29.05, 16.80, 16.460, 29.05, 16.80, 0.000, 348.89, 0.01);
insert into SHOT values (6411, 6417, 6424, 2333, 9.660, 133.45, 12.70, 9.660, 133.45, 12.70, 0.000, 19.60, -0.06);
insert into SHOT values (6412, 6417, 6425, 2333, 11.480, 173.55, 7.10, 11.480, 173.55, 7.10, 0.000, 340.27, -0.04);
insert into SHOT values (6413, 6417, 6426, 2333, 4.850, 331.25, -45.80, 4.850, 331.25, -45.80, 0.000, 217.01, 0.14);
insert into SHOT values (6414, 6417, 6427, 2333, 27.180, 358.15, 9.70, 27.181, 359.53, 9.73, 0.647, 89.00, 1.38);
insert into SHOT values (6415, 6427, 6428, 2333, 11.520, 7.35, -2.40, 11.520, 7.35, -2.40, 0.000, 0.09, 0.01);
insert into SHOT values (6416, 6427, 6429, 2333, 8.380, 307.35, -6.20, 8.380, 307.35, -6.20, 0.000, 2.88, -0.03);
insert into SHOT values (6417, 6427, 6430, 2333, 8.180, 252.85, -12.40, 8.180, 252.85, -12.40, 0.000, 4.42, -0.00);
insert into SHOT values (6418, 6427, 6431, 2333, 11.300, 102.85, 4.00, 11.300, 102.85, 4.00, 0.000, 355.94, -0.03);
insert into SHOT values (6419, 6427, 6432, 2333, 12.600, 142.45, -0.60, 12.600, 142.45, -0.60, 0.000, 0.47, -0.01);
insert into SHOT values (6420, 6427, 6433, 2333, 1.350, 115.15, 68.30, 1.350, 115.15, 68.30, 0.000, 176.15, 0.01);
insert into SHOT values (6421, 6427, 6434, 2333, 1.860, 281.75, -63.50, 1.860, 281.75, -63.50, 0.000, 3.40, 0.02);
insert into SHOT values (6422, 6427, 6435, 2333, 12.330, 97.15, 3.90, 12.368, 97.01, 3.90, 0.048, 59.10, 4.18);
insert into SHOT values (6423, 6435, 6436, 2333, 2.050, 134.95, 2.40, 2.050, 134.95, 2.40, 0.000, 354.61, -0.00);
insert into SHOT values (6424, 6435, 6437, 2333, 9.260, 37.35, -1.00, 9.260, 37.35, -1.00, 0.000, 179.71, 0.01);
insert into SHOT values (6425, 6435, 6438, 2333, 14.380, 330.55, -1.50, 14.380, 330.55, -1.50, 0.000, 10.28, -0.04);
insert into SHOT values (6426, 6435, 6439, 2333, 14.730, 275.55, -2.90, 14.730, 275.55, -2.90, 0.000, 282.46, 0.13);
insert into SHOT values (6427, 6435, 6440, 2333, 1.990, 19.75, 77.70, 1.990, 19.75, 77.70, 0.000, 147.60, 0.03);
insert into SHOT values (6428, 6435, 6441, 2333, 3.610, 325.65, -59.50, 3.610, 325.65, -59.50, 0.000, 173.14, 0.02);
insert into SHOT values (6429, 6435, 6442, 2333, 9.260, 30.85, -6.60, 9.304, 31.21, -6.56, 0.073, 83.02, 1.61);
insert into SHOT values (6430, 6442, 6443, 2333, 3.950, 23.35, -5.80, 3.950, 23.35, -5.80, 0.000, 195.65, 0.02);
insert into SHOT values (6431, 6442, 6444, 2333, 6.190, 334.85, 17.60, 6.190, 334.85, 17.60, 0.000, 205.70, -0.06);
insert into SHOT values (6432, 6442, 6445, 2333, 8.830, 294.85, 16.60, 8.830, 294.85, 16.60, 0.000, 174.82, -0.03);
insert into SHOT values (6433, 6442, 6446, 2333, 4.790, 119.85, -3.30, 4.790, 119.85, -3.30, 0.000, 175.11, -0.01);
insert into SHOT values (6434, 6442, 6447, 2333, 3.600, 161.85, -7.50, 3.600, 161.85, -7.50, 0.000, 30.05, -0.05);
insert into SHOT values (6435, 6442, 6448, 2333, 3.790, 192.25, -3.50, 3.790, 192.25, -3.50, 0.000, 187.96, 0.01);
insert into SHOT values (6436, 6442, 6449, 2333, 1.610, 145.45, 67.90, 1.610, 145.45, 67.90, 0.000, 7.47, -0.01);
insert into SHOT values (6437, 6442, 6450, 2333, 3.210, 187.35, -38.50, 3.210, 187.35, -38.50, 0.000, 0.69, 0.10);
insert into SHOT values (6438, 6442, 6451, 2333, 11.820, 108.95, -10.20, 11.861, 108.77, -10.15, 0.056, 68.18, 3.20);
insert into SHOT values (6439, 6451, 6452, 2333, 0.710, 103.45, 14.90, 0.710, 103.45, 14.90, 0.000, 177.99, 0.01);
insert into SHOT values (6440, 6451, 6453, 2333, 1.840, 19.45, 6.30, 1.840, 19.45, 6.30, 0.000, 353.45, 0.00);
insert into SHOT values (6441, 6451, 6454, 2333, 4.460, 318.75, -2.60, 4.460, 318.75, -2.60, 0.000, 356.50, 0.00);
insert into SHOT values (6442, 6451, 6455, 2333, 3.150, 256.45, -2.10, 3.150, 256.45, -2.10, 0.000, 186.42, -0.00);
insert into SHOT values (6443, 6451, 6456, 2333, 0.990, 217.05, -4.30, 0.990, 217.05, -4.30, 0.000, 179.30, -0.02);
insert into SHOT values (6444, 6451, 6457, 2333, 1.620, 335.65, -60.60, 1.620, 335.65, -60.60, 0.000, 347.59, -0.01);
insert into SHOT values (6445, 6451, 6458, 2333, 1.420, 23.25, 73.10, 1.420, 23.25, 73.10, 0.000, 186.38, 0.02);
insert into SHOT values (6446, 6451, 6459, 2333, 5.000, 24.25, -12.40, 5.019, 24.56, -12.34, 0.033, 78.70, 1.35);
insert into SHOT values (6447, 6459, 6460, 2333, 3.830, 297.45, 1.40, 3.830, 297.45, 1.40, 0.000, 352.59, -0.02);
insert into SHOT values (6448, 6459, 6461, 2333, 4.460, 79.15, 3.50, 4.460, 79.15, 3.50, 0.000, 179.56, 0.01);
insert into SHOT values (6449, 6459, 6462, 2333, 8.190, 25.15, 5.00, 8.190, 25.15, 5.00, 0.000, 263.09, 0.13);
insert into SHOT values (6450, 6459, 6463, 2333, 9.570, 2.25, 3.40, 9.570, 2.25, 3.40, 0.000, 11.55, 0.01);
insert into SHOT values (6451, 6459, 6464, 2333, 1.830, 15.25, 17.50, 1.830, 15.25, 17.50, 0.000, 190.39, -0.02);
insert into SHOT values (6452, 6459, 6465, 2333, 1.870, 11.75, -24.80, 1.870, 11.75, -24.80, 0.000, 355.27, -0.02);
insert into SHOT values (6453, 6459, 6466, 2333, 8.600, 15.95, 3.80, 8.627, 16.39, 3.80, 0.072, 84.29, 1.44);
insert into SHOT values (6454, 6466, 6467, 2333, 2.190, 136.45, 15.50, 2.190, 136.45, 15.50, 0.000, 174.54, -0.00);
insert into SHOT values (6455, 6466, 6468, 2333, 2.060, 326.25, 13.20, 2.060, 326.25, 13.20, 0.000, 187.54, 0.07);
insert into SHOT values (6456, 6466, 6469, 2333, 3.600, 272.15, -3.40, 3.600, 272.15, -3.40, 0.000, 8.30, 0.04);
insert into SHOT values (6457, 6466, 6470, 2333, 4.860, 182.45, 3.70, 4.860, 182.45, 3.70, 0.000, 318.59, 0.05);
insert into SHOT values (6458, 6466, 6471, 2333, 5.260, 131.45, 22.60, 5.260, 131.45, 22.60, 0.000, 0.08, -0.02);
insert into SHOT values (6459, 6466, 6472, 2333, 1.340, 84.05, 64.90, 1.340, 84.05, 64.90, 0.000, 14.18, 0.00);
insert into SHOT values (6460, 6466, 6473, 2333, 0.360, 17.75, -39.50, 0.360, 17.75, -39.50, 0.000, 170.48, -0.00);
insert into SHOT values (6461, 6466, 6474, 2333, 5.460, 24.15, 0.20, 5.481, 24.46, 0.21, 0.037, 79.71, 1.36);
insert into SHOT values (6462, 6474, 6475, 2333, 5.330, 279.85, -9.10, 5.330, 279.85, -9.10, 0.000, 348.61, -0.02);
insert into SHOT values (6463, 6474, 6476, 2333, 5.280, 57.85, 13.20, 5.280, 57.85, 13.20, 0.000, 177.05, -0.00);
insert into SHOT values (6464, 6474, 6477, 2333, 8.760, 311.95, -9.60, 8.760, 311.95, -9.60, 0.000, 8.44, 0.01);
insert into SHOT values (6465, 6474, 6478, 2333, 7.480, 327.55, -8.60, 7.480, 327.55, -8.60, 0.000, 334.71, 0.06);
insert into SHOT values (6466, 6474, 6479, 2333, 0.960, 323.35, 35.00, 0.960, 323.35, 35.00, 0.000, 188.96, 0.04);
insert into SHOT values (6467, 6474, 6480, 2333, 0.960, 41.35, -36.00, 0.960, 41.35, -36.00, 0.000, 182.67, -0.01);
insert into SHOT values (6468, 6474, 6481, 2333, 2.980, 348.15, -1.60, 2.983, 348.52, -1.59, 0.019, 70.45, 1.26);
insert into SHOT values (6469, 6481, 6482, 2333, 5.990, 299.35, -14.20, 5.990, 299.35, -14.20, 0.000, 27.51, -0.09);
insert into SHOT values (6470, 6481, 6483, 2333, 5.400, 85.65, 25.00, 5.400, 85.65, 25.00, 0.000, 0.84, -0.01);
insert into SHOT values (6471, 6481, 6484, 2333, 1.130, 72.15, 59.10, 1.130, 72.15, 59.10, 0.000, 163.81, -0.01);
insert into SHOT values (6472, 6481, 6485, 2333, 1.770, 356.05, -24.40, 1.770, 356.05, -24.40, 0.000, 171.22, 0.02);
insert into SHOT values (6473, 6481, 6486, 2333, 8.240, 356.15, -7.40, 8.240, 356.15, -7.40, 0.000, 358.22, 0.04);
insert into SHOT values (6474, 6481, 6487, 2333, 12.000, 49.95, 13.10, 12.000, 49.95, 13.10, 0.000, 35.74, 0.12);
insert into SHOT values (6475, 6481, 6488, 2333, 14.880, 21.85, 1.50, 14.958, 22.48, 1.51, 0.181, 86.63, 1.57);
insert into SHOT values (6476, 6488, 6489, 2333, 3.530, 305.25, -13.40, 3.530, 305.25, -13.40, 0.000, 0.69, 0.00);
insert into SHOT values (6477, 6488, 6490, 2333, 6.910, 99.65, 31.10, 6.910, 99.65, 31.10, 0.000, 3.71, 0.00);
insert into SHOT values (6478, 6488, 6491, 2333, 12.140, 10.95, 0.00, 12.140, 10.95, 0.00, 0.000, 170.28, 0.00);
insert into SHOT values (6479, 6488, 6492, 2333, 1.640, 60.95, 36.20, 1.640, 60.95, 36.20, 0.000, 8.13, -0.01);
insert into SHOT values (6480, 6488, 6493, 2333, 1.860, 344.85, -41.80, 1.860, 344.85, -41.80, 0.000, 209.82, 0.11);
insert into SHOT values (6481, 6488, 6494, 2333, 7.840, 216.95, 2.00, 7.840, 216.95, 2.00, 0.000, 2.37, 0.01);
insert into SHOT values (6482, 6488, 6495, 2333, 21.070, 40.25, 4.60, 21.257, 40.70, 4.59, 0.251, 82.46, 2.21);
insert into SHOT values (6483, 6495, 6496, 2333, 6.390, 311.95, -20.40, 6.390, 311.95, -20.40, 0.000, 173.37, -0.00);
insert into SHOT values (6484, 6495, 6497, 2333, 9.160, 125.65, 4.10, 9.160, 125.65, 4.10, 0.000, 216.84, -0.01);
insert into SHOT values (6485, 6495, 6498, 2333, 5.170, 13.15, -5.10, 5.170, 13.15, -5.10, 0.000, 191.26, -0.01);
insert into SHOT values (6486, 6495, 6499, 2333, 3.030, 281.85, -10.60, 3.030, 281.85, -10.60, 0.000, 245.54, 0.08);
insert into SHOT values (6487, 6495, 6500, 2333, 0.920, 352.85, 54.30, 0.920, 352.85, 54.30, 0.000, 8.56, 0.03);
insert into SHOT values (6488, 6495, 6501, 2333, 1.830, 3.65, -25.80, 1.830, 3.65, -25.80, 0.000, 354.19, 0.01);
insert into SHOT values (6489, 6495, 6502, 2333, 22.220, 29.85, 4.00, 22.413, 30.58, 3.99, 0.343, 85.94, 1.79);
insert into SHOT values (6490, 6502, 6503, 2333, 4.730, 282.85, -7.30, 4.730, 282.85, -7.30, 0.000, 6.78, -0.00);
insert into SHOT values (6491, 6502, 6504, 2333, 17.000, 107.55, 21.80, 17.000, 107.55, 21.80, 0.000, 3.23, 0.02);
insert into SHOT values (6492, 6502, 6505, 2333, 14.850, 345.15, 6.00, 14.850, 345.15, 6.00, 0.000, 345.67, -0.05);
insert into SHOT values (6493, 6502, 6506, 2333, 5.130, 248.75, -10.60, 5.130, 248.75, -10.60, 0.000, 173.72, -0.00);
insert into SHOT values (6494, 6502, 6507, 2333, 6.620, 158.45, 5.10, 6.620, 158.45, 5.10, 0.000, 183.39, -0.01);
insert into SHOT values (6495, 6502, 6508, 2333, 1.890, 287.45, 58.20, 1.890, 287.45, 58.20, 0.000, 190.63, 0.01);
insert into SHOT values (6496, 6502, 6509, 2333, 2.150, 307.35, -24.40, 2.150, 307.35, -24.40, 0.000, 173.74, 0.01);
insert into SHOT values (6497, 6502, 6510, 2333, 30.480, 348.05, 6.60, 30.345, 349.51, 6.67, 0.785, 88.91, 1.45);
insert into SHOT values (6498, 6510, 6511, 2333, 39.690, 347.95, 6.60, 39.690, 347.95, 6.60, 0.000, 53.51, 0.06);
insert into SHOT values (6499, 6510, 6512, 2333, 30.480, 348.05, 6.60, 30.480, 348.05, 6.60, 0.000, 355.91, 0.01);
insert into SHOT values (6500, 6510, 6513, 2333, 4.800, 247.65, -22.80, 4.800, 247.65, -22.80, 0.000, 335.38, 0.10);
insert into SHOT values (6501, 6510, 6514, 2333, 8.140, 55.55, 10.60, 8.140, 55.55, 10.60, 0.000, 181.96, -0.01);
insert into SHOT values (6502, 6510, 6515, 2333, 2.670, 3.65, 3.00, 2.670, 3.65, 3.00, 0.000, 5.46, -0.00);
insert into SHOT values (6503, 6510, 6516, 2333, 0.610, 334.05, -0.40, 0.610, 334.05, -0.40, 0.000, 166.45, -0.03);
insert into SHOT values (6504, 6510, 6517, 2333, 9.770, 10.75, 5.00, 9.770, 10.75, 5.00, 0.000, 171.56, 0.01);
insert into SHOT values (6505, 6510, 6518, 2333, 5.880, 193.35, -13.00, 5.880, 193.35, -13.00, 0.000, 3.04, 0.01);
insert into SHOT values (6506, 6510, 6519, 2333, 12.020, 83.25, 14.30, 12.020, 83.25, 14.30, 0.000, 352.28, 0.02);
insert into SHOT values (6507, 6510, 6520, 2333, 0.610, 342.15, -61.60, 0.610, 342.15, -61.60, 0.000, 350.05, 0.02);
insert into SHOT values (6508, 6510, 6521, 2333, 0.650, 275.25, -63.10, 0.650, 275.25, -63.10, 0.000, 172.32, -0.02);
insert into SHOT values (6509, 6510, 6522, 2333, 2.780, 355.25, 80.00, 2.780, 355.25, 80.00, 0.000, 56.52, 0.02);
insert into SHOT values (6510, 6510, 6523, 2333, 22.840, 321.85, -1.70, 22.682, 322.51, -1.68, 0.305, 83.42, 2.13);
insert into SHOT values (6511, 6523, 6524, 2333, 10.050, 214.35, -11.10, 10.050, 214.35, -11.10, 0.000, 178.20, 0.00);
insert into SHOT values (6512, 6523, 6525, 2333, 3.160, 36.45, 3.40, 3.160, 36.45, 3.40, 0.000, 20.55, -0.04);
insert into SHOT values (6513, 6523, 6526, 2333, 9.830, 341.55, 6.60, 9.830, 341.55, 6.60, 0.000, 349.86, -0.02);
insert into SHOT values (6514, 6523, 6527, 2333, 16.170, 262.65, -2.30, 16.170, 262.65, -2.30, 0.000, 354.98, -0.02);
insert into SHOT values (6515, 6523, 6528, 2333, 10.140, 186.45, -3.80, 10.140, 186.45, -3.80, 0.000, 183.93, 0.01);
insert into SHOT values (6516, 6523, 6529, 2333, 4.250, 103.15, -3.50, 4.250, 103.15, -3.50, 0.000, 186.92, -0.01);
insert into SHOT values (6517, 6523, 6530, 2333, 2.690, 330.75, 76.80, 2.690, 330.75, 76.80, 0.000, 1.34, 0.01);
insert into SHOT values (6518, 6523, 6531, 2333, 4.300, 251.75, -29.30, 4.300, 251.75, -29.30, 0.000, 176.33, 0.00);
insert into SHOT values (6519, 6523, 6532, 2333, 19.770, 310.55, 11.00, 19.664, 310.98, 11.08, 0.182, 77.77, 2.61);
insert into SHOT values (6520, 6406, 6533, 2333, 12.060, 159.65, 7.80, 12.060, 159.65, 7.80, 0.000, 356.17, 0.01);
insert into SHOT values (6521, 6533, 6534, 2333, 7.990, 175.95, 19.90, 7.990, 175.95, 19.90, 0.000, 302.92, -0.08);
insert into SHOT values (6522, 6533, 6535, 2333, 6.990, 142.95, 3.40, 6.990, 142.95, 3.40, 0.000, 349.92, -0.00);
insert into SHOT values (6523, 6533, 6536, 2333, 14.530, 89.05, 2.70, 14.530, 89.05, 2.70, 0.000, 354.92, 0.01);
insert into SHOT values (6524, 6533, 6537, 2333, 11.780, 67.35, 8.30, 11.780, 67.35, 8.30, 0.000, 6.47, -0.01);
insert into SHOT values (6525, 6533, 6538, 2333, 14.610, 28.65, 7.90, 14.610, 28.65, 7.90, 0.000, 355.63, 0.03);
insert into SHOT values (6526, 6533, 6539, 2333, 7.120, 54.65, 60.50, 7.120, 54.65, 60.50, 0.000, 353.36, -0.00);
insert into SHOT values (6527, 6533, 6540, 2333, 2.690, 61.05, -35.70, 2.690, 61.05, -35.70, 0.000, 180.17, 0.01);
insert into SHOT values (6528, 6533, 6541, 2333, 26.870, 113.45, -2.90, 26.870, 113.45, -2.90, 0.000, 20.24, 0.01);
insert into SHOT values (6529, 6541, 6542, 2333, 16.560, 206.65, 4.30, 16.560, 206.65, 4.30, 0.000, 1.47, -0.01);
insert into SHOT values (6530, 6541, 6543, 2333, 16.220, 252.35, -0.70, 16.220, 252.35, -0.70, 0.000, 184.32, 0.02);
insert into SHOT values (6531, 6541, 6544, 2333, 26.210, 172.85, -0.80, 26.210, 172.85, -0.80, 0.000, 155.54, -0.02);
insert into SHOT values (6532, 6541, 6545, 2333, 25.660, 82.45, 7.40, 25.660, 82.45, 7.40, 0.000, 356.36, 0.02);
insert into SHOT values (6533, 6541, 6546, 2333, 12.580, 41.25, 11.50, 12.580, 41.25, 11.50, 0.000, 340.03, 0.04);
insert into SHOT values (6534, 6541, 6547, 2333, 10.510, 333.15, 18.30, 10.510, 333.15, 18.30, 0.000, 221.66, 0.15);
insert into SHOT values (6535, 6541, 6548, 2333, 0.650, 46.35, -59.50, 0.650, 46.35, -59.50, 0.000, 358.68, -0.00);
insert into SHOT values (6536, 6541, 6549, 2333, 5.540, 92.25, 74.90, 5.540, 92.25, 74.90, 0.000, 182.55, 0.00);
insert into SHOT values (6537, 6541, 6550, 2333, 26.900, 120.65, 6.20, 26.900, 120.65, 6.20, 0.000, 182.54, -0.01);
insert into SHOT values (6538, 6550, 6551, 2333, 17.810, 102.65, 4.00, 17.810, 102.65, 4.00, 0.000, 130.40, -0.06);
insert into SHOT values (6539, 6550, 6552, 2333, 13.280, 59.25, 9.70, 13.280, 59.25, 9.70, 0.000, 358.18, 0.01);
insert into SHOT values (6540, 6550, 6553, 2333, 15.550, 17.15, 8.90, 15.550, 17.15, 8.90, 0.000, 181.94, -0.11);
insert into SHOT values (6541, 6550, 6554, 2333, 29.580, 187.45, -4.70, 29.580, 187.45, -4.70, 0.000, 12.25, 0.02);
insert into SHOT values (6542, 6550, 6555, 2333, 29.180, 226.75, -5.00, 29.180, 226.75, -5.00, 0.000, 170.98, 0.00);
insert into SHOT values (6543, 6550, 6556, 2333, 26.390, 259.45, -4.30, 26.390, 259.45, -4.30, 0.000, 183.52, -0.01);
insert into SHOT values (6544, 6550, 6557, 2333, 3.680, 188.45, 71.10, 3.680, 188.45, 71.10, 0.000, 10.18, 0.01);
insert into SHOT values (6545, 6550, 6558, 2333, 2.630, 139.25, -32.90, 2.630, 139.25, -32.90, 0.000, 1.45, -0.01);
insert into SHOT values (6546, 6550, 6559, 2333, 22.360, 160.65, -1.50, 22.360, 160.65, -1.50, 0.000, 5.96, 0.00);
insert into SHOT values (6547, 6559, 6560, 2333, 7.930, 251.55, -8.30, 7.930, 251.55, -8.30, 0.000, 281.47, 0.14);
insert into SHOT values (6548, 6559, 6561, 2333, 10.440, 90.45, 3.00, 10.440, 90.45, 3.00, 0.000, 170.86, 0.01);
insert into SHOT values (6549, 6559, 6562, 2333, 20.580, 26.45, 6.50, 20.580, 26.45, 6.50, 0.000, 172.02, -0.01);
insert into SHOT values (6550, 6559, 6563, 2333, 29.780, 280.75, -3.90, 29.780, 280.75, -3.90, 0.000, 9.40, -0.00);
insert into SHOT values (6551, 6559, 6564, 2333, 2.490, 236.55, 61.00, 2.490, 236.55, 61.00, 0.000, 171.39, 0.02);
insert into SHOT values (6552, 6559, 6565, 2333, 2.290, 180.85, -42.70, 2.290, 180.85, -42.70, 0.000, 131.79, -0.00);
insert into SHOT values (6553, 6559, 6566, 2333, 28.970, 162.85, -8.40, 28.970, 162.85, -8.40, 0.000, 163.89, 0.05);
insert into SHOT values (6554, 6566, 6567, 2333, 23.180, 228.65, -16.90, 23.180, 228.65, -16.90, 0.000, 354.72, -0.02);
insert into SHOT values (6555, 6566, 6568, 2333, 24.050, 267.45, -11.40, 24.050, 267.45, -11.40, 0.000, 75.12, 0.15);
insert into SHOT values (6556, 6566, 6569, 2333, 26.580, 292.95, -5.00, 26.580, 292.95, -5.00, 0.000, 177.97, 0.00);
insert into SHOT values (6557, 6566, 6570, 2333, 12.020, 121.05, -0.80, 12.020, 121.05, -0.80, 0.000, 7.42, -0.02);
insert into SHOT values (6558, 6566, 6571, 2333, 0.430, 78.75, 4.70, 0.430, 78.75, 4.70, 0.000, 194.57, 0.03);
insert into SHOT values (6559, 6566, 6572, 2333, 20.070, 17.65, 9.80, 20.070, 17.65, 9.80, 0.000, 174.44, -0.01);
insert into SHOT values (6560, 6566, 6573, 2333, 1.770, 273.75, 84.40, 1.770, 273.75, 84.40, 0.000, 358.85, -0.00);
insert into SHOT values (6561, 6566, 6574, 2333, 9.460, 239.65, -23.00, 9.460, 239.65, -23.00, 0.000, 141.07, 0.03);
insert into SHOT values (6562, 6566, 6575, 2333, 18.170, 155.45, -7.00, 18.170, 155.45, -7.00, 0.000, 273.83, -0.10);
insert into SHOT values (6563, 6575, 6576, 2333, 12.910, 97.25, -4.80, 12.910, 97.25, -4.80, 0.000, 11.06, -0.00);
insert into SHOT values (6564, 6575, 6577, 2333, 4.340, 67.35, 14.90, 4.340, 67.35, 14.90, 0.000, 6.58, -0.00);
insert into SHOT values (6565, 6575, 6578, 2333, 32.120, 299.35, -3.10, 32.120, 299.35, -3.10, 0.000, 193.52, -0.00);
insert into SHOT values (6566, 6575, 6579, 2333, 23.810, 276.85, -7.90, 23.810, 276.85, -7.90, 0.000, 185.33, 0.01);
insert into SHOT values (6567, 6575, 6580, 2333, 2.890, 283.45, 50.10, 2.890, 283.45, 50.10, 0.000, 245.41, -0.09);
insert into SHOT values (6568, 6575, 6581, 2333, 1.240, 336.85, -68.80, 1.240, 336.85, -68.80, 0.000, 340.13, -0.03);
insert into SHOT values (6569, 6575, 6582, 2333, 10.360, 151.35, -20.50, 10.360, 151.35, -20.50, 0.000, 180.73, 0.05);
insert into SHOT values (6570, 6582, 6583, 2333, 3.650, 113.45, 14.30, 3.650, 113.45, 14.30, 0.000, 13.26, -0.01);
insert into SHOT values (6571, 6582, 6584, 2333, 3.650, 257.75, -12.50, 3.650, 257.75, -12.50, 0.000, 178.20, -0.02);
insert into SHOT values (6572, 6582, 6585, 2333, 7.200, 259.55, -9.30, 7.200, 259.55, -9.30, 0.000, 160.38, -0.02);
insert into SHOT values (6573, 6582, 6586, 2333, 1.110, 171.85, 79.90, 1.110, 171.85, 79.90, 0.000, 162.77, -0.03);
insert into SHOT values (6574, 6582, 6587, 2333, 1.170, 187.75, -61.60, 1.170, 187.75, -61.60, 0.000, 191.03, 0.02);
insert into SHOT values (6575, 6582, 6588, 2333, 5.200, 197.75, -23.30, 5.200, 197.75, -23.30, 0.000, 335.34, 0.03);
insert into SHOT values (6576, 6588, 6589, 2333, 2.800, 202.25, -8.30, 2.800, 202.25, -8.30, 0.000, 172.08, -0.00);
insert into SHOT values (6577, 6588, 6590, 2333, 5.870, 70.25, 15.00, 5.870, 70.25, 15.00, 0.000, 182.62, 0.01);
insert into SHOT values (6578, 6588, 6591, 2333, 4.730, 48.15, 17.80, 4.730, 48.15, 17.80, 0.000, 343.56, 0.05);
insert into SHOT values (6579, 6588, 6592, 2333, 7.740, 133.05, 5.40, 7.740, 133.05, 5.40, 0.000, 355.13, 0.02);
insert into SHOT values (6580, 6588, 6593, 2333, 4.890, 239.05, -11.20, 4.890, 239.05, -11.20, 0.000, 174.54, 0.01);
insert into SHOT values (6581, 6588, 6594, 2333, 0.940, 192.85, 70.40, 0.940, 192.85, 70.40, 0.000, 12.81, 0.10);
insert into SHOT values (6582, 6588, 6595, 2333, 0.670, 165.75, -32.90, 0.670, 165.75, -32.90, 0.000, 3.33, 0.01);
insert into SHOT values (6583, 6588, 6596, 2333, 15.070, 112.35, 5.80, 15.070, 112.35, 5.80, 0.000, 181.89, -0.02);
insert into SHOT values (6584, 6596, 6597, 2333, 9.860, 210.95, -3.30, 9.860, 210.95, -3.30, 0.000, 295.23, -0.05);
insert into SHOT values (6585, 6596, 6598, 2333, 4.310, 245.35, -7.30, 4.310, 245.35, -7.30, 0.000, 158.20, -0.00);
insert into SHOT values (6586, 6596, 6599, 2333, 0.520, 39.05, -9.20, 0.520, 39.05, -9.20, 0.000, 276.47, 0.00);
insert into SHOT values (6587, 6596, 6600, 2333, 1.850, 188.35, 28.40, 1.850, 188.35, 28.40, 0.000, 4.11, -0.01);
insert into SHOT values (6588, 6596, 6601, 2333, 0.710, 211.85, -41.80, 0.710, 211.85, -41.80, 0.000, 167.80, -0.01);
insert into SHOT values (6589, 6596, 6602, 2333, 21.540, 143.25, 7.00, 21.540, 143.25, 7.00, 0.000, 3.50, -0.04);
insert into SHOT values (6590, 6602, 6603, 2333, 3.150, 208.25, -24.00, 3.150, 208.25, -24.00, 0.000, 176.39, 0.01);
insert into SHOT values (6591, 6602, 6604, 2333, 6.010, 35.65, -16.10, 6.010, 35.65, -16.10, 0.000, 354.00, 0.01);
insert into SHOT values (6592, 6602, 6605, 2333, 11.980, 84.65, -10.80, 11.980, 84.65, -10.80, 0.000, 356.83, -0.02);
insert into SHOT values (6593, 6602, 6606, 2333, 9.150, 143.85, -18.80, 9.150, 143.85, -18.80, 0.000, 185.81, 0.01);
insert into SHOT values (6594, 6602, 6607, 2333, 8.900, 270.45, -14.70, 8.900, 270.45, -14.70, 0.000, 178.03, 0.00);
insert into SHOT values (6595, 6602, 6608, 2333, 8.280, 328.15, -12.50, 8.280, 328.15, -12.50, 0.000, 6.81, 0.00);
insert into SHOT values (6596, 6602, 6609, 2333, 1.540, 328.65, 50.10, 1.540, 328.65, 50.10, 0.000, 192.72, -0.01);
insert into SHOT values (6597, 6602, 6610, 2333, 2.270, 283.05, -82.80, 2.270, 283.05, -82.80, 0.000, 56.31, 0.92);
insert into SHOT values (6598, 6602, 6611, 2333, 17.480, 117.65, -17.50, 17.480, 117.65, -17.50, 0.000, 357.67, -0.01);
insert into SHOT values (6599, 6611, 6612, 2333, 0.780, 30.65, 16.60, 0.780, 30.65, 16.60, 0.000, 6.21, -0.01);
insert into SHOT values (6600, 6611, 6613, 2333, 2.530, 183.55, -4.90, 2.530, 183.55, -4.90, 0.000, 3.23, 0.05);
insert into SHOT values (6601, 6611, 6614, 2333, 0.630, 186.15, 28.50, 0.630, 186.15, 28.50, 0.000, 49.52, -0.02);
insert into SHOT values (6602, 6611, 6615, 2333, 0.720, 145.65, 82.40, 0.720, 145.65, 82.40, 0.000, 80.50, 0.07);
insert into SHOT values (6603, 6611, 6616, 2333, 0.270, 32.85, -29.00, 0.270, 32.85, -29.00, 0.000, 176.41, -0.00);
insert into SHOT values (6604, 6611, 6617, 2333, 12.080, 117.35, 1.20, 12.080, 117.35, 1.20, 0.000, 12.85, -0.00);
insert into SHOT values (6605, 6617, 6618, 2333, 1.600, 211.95, -7.00, 1.600, 211.95, -7.00, 0.000, 183.08, 0.01);
insert into SHOT values (6606, 6617, 6619, 2333, 3.540, 167.25, -14.70, 3.540, 167.25, -14.70, 0.000, 167.32, -0.05);
insert into SHOT values (6607, 6617, 6620, 2333, 4.680, 129.35, -10.20, 4.680, 129.35, -10.20, 0.000, 353.76, 0.02);
insert into SHOT values (6608, 6617, 6621, 2333, 0.610, 9.35, 12.80, 0.610, 9.35, 12.80, 0.000, 184.04, 0.03);
insert into SHOT values (6609, 6617, 6622, 2333, 2.720, 322.05, 10.40, 2.720, 322.05, 10.40, 0.000, 182.65, -0.03);
insert into SHOT values (6610, 6617, 6623, 2333, 0.950, 194.35, 52.50, 0.950, 194.35, 52.50, 0.000, 5.88, -0.00);
insert into SHOT values (6611, 6617, 6624, 2333, 1.330, 190.95, -46.40, 1.330, 190.95, -46.40, 0.000, 352.08, 0.01);
insert into SHOT values (6612, 6617, 6625, 2333, 11.470, 146.85, -11.90, 11.470, 146.85, -11.90, 0.000, 196.49, 0.03);
insert into SHOT values (6613, 6625, 6626, 2333, 4.600, 57.45, 28.30, 4.600, 57.45, 28.30, 0.000, 173.95, -0.00);
insert into SHOT values (6614, 6625, 6627, 2333, 1.410, 210.35, -4.60, 1.410, 210.35, -4.60, 0.000, 293.73, -0.20);
insert into SHOT values (6615, 6625, 6628, 2333, 3.480, 1.35, 26.30, 3.480, 1.35, 26.30, 0.000, 359.20, 0.00);
insert into SHOT values (6616, 6625, 6629, 2333, 1.820, 160.55, 74.20, 1.820, 160.55, 74.20, 0.000, 133.72, -0.04);
insert into SHOT values (6617, 6625, 6630, 2333, 1.880, 195.75, -24.80, 1.880, 195.75, -24.80, 0.000, 3.55, 0.01);
insert into SHOT values (6618, 6625, 6631, 2333, 6.580, 158.05, -8.50, 6.580, 158.05, -8.50, 0.000, 332.53, 0.03);
insert into SHOT values (6619, 6631, 6632, 2333, 0.480, 227.75, -5.70, 0.480, 227.75, -5.70, 0.000, 178.56, -0.00);
insert into SHOT values (6620, 6631, 6633, 2333, 0.530, 44.85, 2.50, 0.530, 44.85, 2.50, 0.000, 179.18, 0.01);
insert into SHOT values (6621, 6631, 6634, 2333, 0.310, 318.95, 77.20, 0.310, 318.95, 77.20, 0.000, 8.15, 0.02);
insert into SHOT values (6622, 6631, 6635, 2333, 0.350, 356.85, -83.20, 0.350, 356.85, -83.20, 0.000, 181.51, 0.01);
insert into SURVEY values (2337, 50, 'Russes-CA', 'Russes-CA.Koytendag', 'Russes-CA');
 insert into CENTRELINE values (2338, 2337, NULL, NULL, NULL, 0.00, 0.00, 0.00);
 insert into SURVEY values (2339, 2337, 'Russes3', 'Russes3.Russes-CA.Koytendag', 'Russes3');
 insert into CENTRELINE values (2340, 2339, NULL, NULL, NULL, 0.00, 0.00, 0.00);
 insert into SURVEY values (2341, 2339, 'Russes3', 'Russes3.Russes3.Russes-CA.Koytendag', 'russes3');
 insert into CENTRELINE values (2342, 2341, NULL, NULL, NULL, 0.00, 0.00, 0.00);
 insert into CENTRELINE values (2343, 2341, NULL, '2024-04-11', '2024-04-11', 6.56, 0.00, 0.00);
 insert into TOPO values (7, 2343);
 insert into TOPO values (3, 2343);
 insert into EXPLO values (18, 2343);
 insert into EXPLO values (7, 2343);
 insert into EXPLO values (3, 2343);
 insert into SHOT values (6623, 6636, 6637, 2343, 1.410, 29.65, 64.40, 1.410, 29.65, 64.40, 0.000, 356.08, 0.02);
insert into SHOT values (6624, 6636, 6638, 2343, 1.140, 66.35, 39.20, 1.140, 66.35, 39.20, 0.000, 8.47, 0.00);
insert into SHOT values (6625, 6636, 6639, 2343, 1.810, 92.45, 36.30, 1.810, 92.45, 36.30, 0.000, 172.51, -0.01);
insert into SHOT values (6626, 6636, 6640, 2343, 0.260, 160.65, 33.30, 0.260, 160.65, 33.30, 0.000, 225.47, 0.05);
insert into SHOT values (6627, 6636, 6641, 2343, 2.280, 157.65, -43.80, 2.280, 157.65, -43.80, 0.000, 182.92, -0.00);
insert into SHOT values (6628, 6636, 6642, 2343, 1.070, 180.05, -36.80, 1.070, 180.05, -36.80, 0.000, 3.44, 0.01);
insert into SHOT values (6629, 6636, 6643, 2343, 2.100, 332.55, 60.50, 2.100, 332.55, 60.50, 0.000, 192.49, 0.00);
insert into SHOT values (6630, 6636, 6644, 2343, 1.080, 238.75, -3.30, 1.080, 238.75, -3.30, 0.000, 355.28, -0.01);
insert into SHOT values (6631, 6636, 6645, 2343, 1.480, 288.05, 51.40, 1.480, 288.05, 51.40, 0.000, 204.20, -0.02);
insert into SHOT values (6632, 6636, 6646, 2343, 1.290, 306.15, 30.30, 1.290, 306.15, 30.30, 0.000, 349.26, -0.01);
insert into SHOT values (6633, 6636, 6647, 2343, 2.030, 108.15, 6.80, 2.030, 108.15, 6.80, 0.000, 342.57, 0.01);
insert into SHOT values (6634, 6636, 6648, 2343, 2.050, 106.85, 7.70, 2.050, 106.85, 7.70, 0.000, 351.69, -0.01);
insert into SHOT values (6635, 6636, 6649, 2343, 1.340, 237.25, -26.00, 1.340, 237.25, -26.00, 0.000, 169.31, 0.01);
insert into SHOT values (6636, 6649, 6650, 2343, 1.110, 306.25, -75.60, 1.110, 306.25, -75.60, 0.000, 176.30, 0.01);
insert into SHOT values (6637, 6649, 6651, 2343, 0.580, 250.35, -58.00, 0.580, 250.35, -58.00, 0.000, 185.86, 0.00);
insert into SHOT values (6638, 6649, 6652, 2343, 0.860, 341.85, -50.40, 0.860, 341.85, -50.40, 0.000, 181.23, 0.00);
insert into SHOT values (6639, 6649, 6653, 2343, 1.510, 31.35, 36.60, 1.510, 31.35, 36.60, 0.000, 206.92, 0.02);
insert into SHOT values (6640, 6649, 6654, 2343, 1.570, 307.05, -12.80, 1.570, 307.05, -12.80, 0.000, 350.77, -0.01);
insert into SHOT values (6641, 6649, 6655, 2343, 1.520, 294.55, -10.00, 1.520, 294.55, -10.00, 0.000, 212.42, 0.05);
insert into SHOT values (6642, 6649, 6656, 2343, 1.690, 323.85, 6.80, 1.690, 323.85, 6.80, 0.000, 186.88, -0.00);
insert into SHOT values (6643, 6656, 6657, 2343, 0.210, 82.35, -0.10, 0.210, 82.35, -0.10, 0.000, 357.84, -0.03);
insert into SHOT values (6644, 6656, 6658, 2343, 0.380, 121.25, 67.50, 0.380, 121.25, 67.50, 0.000, 189.50, -0.02);
insert into SHOT values (6645, 6656, 6659, 2343, 0.250, 241.65, 30.10, 0.250, 241.65, 30.10, 0.000, 168.17, -0.02);
insert into SHOT values (6646, 6656, 6660, 2343, 0.320, 277.55, -74.30, 0.320, 277.55, -74.30, 0.000, 336.67, -0.02);
insert into SHOT values (6647, 6656, 6661, 2343, 1.480, 357.05, 37.90, 1.480, 357.05, 37.90, 0.000, 8.18, -0.08);
insert into SCRAPS values (2345, 2339, 'SP-Russes3-1', 1, 0.52974, 0.13063);
 insert into MAPS values (2359, 2339, 'MP-Russes3', 'Russes3', 1, 6.560, -1.109);
 insert into MAPITEMS values (2359, 4, 2345);
 insert into SURVEY values (2361, 2337, 'Russes2', 'Russes2.Russes-CA.Koytendag', 'Russes2');
 insert into CENTRELINE values (2362, 2361, NULL, NULL, NULL, 0.00, 0.00, 0.00);
 insert into SURVEY values (2363, 2361, 'Russes2', 'Russes2.Russes2.Russes-CA.Koytendag', 'russes2');
 insert into CENTRELINE values (2364, 2363, NULL, NULL, NULL, 0.00, 0.00, 0.00);
 insert into CENTRELINE values (2365, 2363, NULL, '2024-04-11', '2024-04-11', 5.71, 0.00, 0.00);
 insert into TOPO values (7, 2365);
 insert into TOPO values (3, 2365);
 insert into EXPLO values (18, 2365);
 insert into EXPLO values (7, 2365);
 insert into EXPLO values (3, 2365);
 insert into SHOT values (6648, 6662, 6663, 2365, 1.160, 338.75, -4.40, 1.160, 338.75, -4.40, 0.000, 351.80, 0.02);
insert into SHOT values (6649, 6662, 6664, 2365, 0.690, 325.65, -50.90, 0.690, 325.65, -50.90, 0.000, 11.98, -0.01);
insert into SHOT values (6650, 6662, 6665, 2365, 0.660, 322.45, 31.10, 0.660, 322.45, 31.10, 0.000, 170.74, 0.00);
insert into SHOT values (6651, 6662, 6666, 2365, 1.420, 287.05, -18.60, 1.420, 287.05, -18.60, 0.000, 356.89, -0.01);
insert into SHOT values (6652, 6662, 6667, 2365, 2.280, 266.05, -14.50, 2.280, 266.05, -14.50, 0.000, 197.19, 0.02);
insert into SHOT values (6653, 6662, 6668, 2365, 3.580, 273.05, -4.90, 3.580, 273.05, -4.90, 0.000, 357.42, 0.01);
insert into SHOT values (6654, 6662, 6669, 2365, 2.530, 296.65, -4.40, 2.530, 296.65, -4.40, 0.000, 6.81, 0.00);
insert into SHOT values (6655, 6662, 6670, 2365, 2.320, 247.45, -8.00, 2.320, 247.45, -8.00, 0.000, 165.15, 0.01);
insert into SHOT values (6656, 6662, 6671, 2365, 2.520, 267.85, -12.60, 2.520, 267.85, -12.60, 0.000, 187.91, 0.01);
insert into SHOT values (6657, 6671, 6672, 2365, 1.630, 177.55, 3.50, 1.630, 177.55, 3.50, 0.000, 76.19, -0.07);
insert into SHOT values (6658, 6671, 6673, 2365, 1.480, 213.65, 1.70, 1.480, 213.65, 1.70, 0.000, 179.87, 0.01);
insert into SHOT values (6659, 6671, 6674, 2365, 1.130, 258.05, -8.80, 1.130, 258.05, -8.80, 0.000, 332.78, 0.02);
insert into SHOT values (6660, 6671, 6675, 2365, 1.810, 231.95, -37.90, 1.810, 231.95, -37.90, 0.000, 187.00, 0.00);
insert into SHOT values (6661, 6671, 6676, 2365, 2.350, 232.25, -21.90, 2.350, 232.25, -21.90, 0.000, 354.51, 0.01);
insert into SHOT values (6662, 6671, 6677, 2365, 1.490, 249.15, -25.70, 1.490, 249.15, -25.70, 0.000, 2.16, -0.01);
insert into SHOT values (6663, 6671, 6678, 2365, 1.400, 312.85, 5.10, 1.400, 312.85, 5.10, 0.000, 5.61, 0.00);
insert into SHOT values (6664, 6671, 6679, 2365, 1.260, 359.95, 16.90, 1.260, 359.95, 16.90, 0.000, 135.71, -0.03);
insert into SHOT values (6665, 6671, 6680, 2365, 0.370, 337.75, 80.60, 0.370, 337.75, 80.60, 0.000, 5.18, 0.01);
insert into SHOT values (6666, 6671, 6681, 2365, 3.190, 237.25, -17.50, 3.190, 237.25, -17.50, 0.000, 3.47, -0.00);
insert into SCRAPS values (2367, 2361, 'SP-Russes2-1', 1, 0.13372, 0.06511);
 insert into MAPS values (2382, 2361, 'MP-Russes2', 'Russes2', 1, 5.710, -1.509);
 insert into MAPITEMS values (2382, 4, 2367);
 insert into SURVEY values (2384, 2337, 'RussesBauge', 'RussesBauge.Russes-CA.Koytendag', 'RussesBauge');
 insert into CENTRELINE values (2385, 2384, NULL, NULL, NULL, 0.00, 0.00, 0.00);
 insert into SURVEY values (2386, 2384, 'RussesBauge', 'RussesBauge.RussesBauge.Russes-CA.Koytendag', 'russesbauge');
 insert into CENTRELINE values (2387, 2386, NULL, NULL, NULL, 0.00, 0.00, 0.00);
 insert into CENTRELINE values (2388, 2386, NULL, '2024-04-11', '2024-04-11', 50.97, 0.00, 0.00);
 insert into TOPO values (7, 2388);
 insert into TOPO values (3, 2388);
 insert into EXPLO values (18, 2388);
 insert into EXPLO values (7, 2388);
 insert into EXPLO values (3, 2388);
 insert into SHOT values (6667, 6682, 6683, 2388, 0.770, 112.25, -3.70, 0.770, 112.25, -3.70, 0.000, 255.64, 0.05);
insert into SHOT values (6668, 6682, 6684, 2388, 1.100, 58.95, 1.70, 1.100, 58.95, 1.70, 0.000, 6.07, 0.00);
insert into SHOT values (6669, 6682, 6685, 2388, 1.570, 47.35, -4.00, 1.570, 47.35, -4.00, 0.000, 90.55, 0.04);
insert into SHOT values (6670, 6682, 6686, 2388, 0.760, 156.15, 0.80, 0.760, 156.15, 0.80, 0.000, 185.11, -0.00);
insert into SHOT values (6671, 6682, 6687, 2388, 1.490, 177.65, -9.10, 1.490, 177.65, -9.10, 0.000, 179.33, -0.01);
insert into SHOT values (6672, 6682, 6688, 2388, 1.010, 178.05, -38.40, 1.010, 178.05, -38.40, 0.000, 70.69, 0.05);
insert into SHOT values (6673, 6682, 6689, 2388, 0.410, 70.55, -51.40, 0.410, 70.55, -51.40, 0.000, 179.45, -0.01);
insert into SHOT values (6674, 6682, 6690, 2388, 1.540, 272.35, 81.10, 1.540, 272.35, 81.10, 0.000, 171.53, -0.00);
insert into SHOT values (6675, 6682, 6691, 2388, 2.680, 183.35, -13.10, 2.680, 183.35, -13.10, 0.000, 195.02, 0.02);
insert into SHOT values (6676, 6682, 6692, 2388, 0.500, 293.25, 5.40, 0.500, 293.25, 5.40, 0.000, 2.32, 0.01);
insert into SHOT values (6677, 6692, 6693, 2388, 0.950, 206.45, 84.20, 0.950, 206.45, 84.20, 0.000, 120.43, 0.04);
insert into SHOT values (6678, 6692, 6694, 2388, 1.820, 156.85, 63.50, 1.820, 156.85, 63.50, 0.000, 181.12, -0.00);
insert into SHOT values (6679, 6692, 6695, 2388, 0.560, 207.15, 29.80, 0.560, 207.15, 29.80, 0.000, 25.14, -0.01);
insert into SHOT values (6680, 6692, 6696, 2388, 2.150, 56.85, 22.00, 2.150, 56.85, 22.00, 0.000, 186.60, 0.00);
insert into SHOT values (6681, 6692, 6697, 2388, 1.400, 42.35, 33.90, 1.400, 42.35, 33.90, 0.000, 184.80, -0.01);
insert into SHOT values (6682, 6692, 6698, 2388, 0.300, 156.05, -58.20, 0.300, 156.05, -58.20, 0.000, 158.15, 0.04);
insert into SHOT values (6683, 6692, 6699, 2388, 0.690, 318.45, -0.40, 0.690, 318.45, -0.40, 0.000, 174.33, -0.01);
insert into SHOT values (6684, 6692, 6700, 2388, 1.050, 356.75, 17.20, 1.050, 356.75, 17.20, 0.000, 4.01, 0.00);
insert into SHOT values (6685, 6692, 6701, 2388, 0.920, 268.25, -27.60, 0.920, 268.25, -27.60, 0.000, 180.97, 0.01);
insert into SHOT values (6686, 6692, 6702, 2388, 1.490, 264.85, -49.40, 1.490, 264.85, -49.40, 0.000, 353.31, 0.00);
insert into SHOT values (6687, 6692, 6703, 2388, 0.740, 293.55, -5.00, 0.740, 293.55, -5.00, 0.000, 182.39, 0.01);
insert into SHOT values (6688, 6692, 6704, 2388, 2.650, 282.05, -8.10, 2.650, 282.05, -8.10, 0.000, 167.05, 0.02);
insert into SHOT values (6689, 6704, 6705, 2388, 2.580, 340.95, -11.20, 2.580, 340.95, -11.20, 0.000, 123.38, -0.05);
insert into SHOT values (6690, 6704, 6706, 2388, 2.440, 330.55, -10.60, 2.440, 330.55, -10.60, 0.000, 352.43, 0.01);
insert into SHOT values (6691, 6704, 6707, 2388, 2.020, 14.05, -3.00, 2.020, 14.05, -3.00, 0.000, 6.82, 0.01);
insert into SHOT values (6692, 6704, 6708, 2388, 2.200, 36.25, 0.30, 2.200, 36.25, 0.30, 0.000, 183.13, -0.00);
insert into SHOT values (6693, 6704, 6709, 2388, 1.980, 71.25, 4.30, 1.980, 71.25, 4.30, 0.000, 178.22, -0.01);
insert into SHOT values (6694, 6704, 6710, 2388, 1.770, 114.85, 13.40, 1.770, 114.85, 13.40, 0.000, 13.33, -0.02);
insert into SHOT values (6695, 6704, 6711, 2388, 1.710, 257.15, -9.70, 1.710, 257.15, -9.70, 0.000, 177.25, -0.00);
insert into SHOT values (6696, 6704, 6712, 2388, 2.010, 272.75, -33.60, 2.010, 272.75, -33.60, 0.000, 209.34, 0.00);
insert into SHOT values (6697, 6704, 6713, 2388, 0.530, 19.55, -59.20, 0.530, 19.55, -59.20, 0.000, 212.03, 0.02);
insert into SHOT values (6698, 6704, 6714, 2388, 3.020, 169.45, 15.70, 3.020, 169.45, 15.70, 0.000, 135.69, -0.03);
insert into SHOT values (6699, 6704, 6715, 2388, 1.780, 160.25, 23.20, 1.780, 160.25, 23.20, 0.000, 187.09, -0.02);
insert into SHOT values (6700, 6704, 6716, 2388, 1.290, 141.05, 7.70, 1.290, 141.05, 7.70, 0.000, 191.25, 0.02);
insert into SHOT values (6701, 6704, 6717, 2388, 4.540, 284.75, -11.50, 4.540, 284.75, -11.50, 0.000, 5.79, -0.01);
insert into SHOT values (6702, 6704, 6718, 2388, 1.880, 169.85, 14.50, 1.880, 169.85, 14.50, 0.000, 7.42, -0.01);
insert into SHOT values (6703, 6718, 6719, 2388, 0.400, 326.35, 3.40, 0.400, 326.35, 3.40, 0.000, 177.75, -0.00);
insert into SHOT values (6704, 6718, 6720, 2388, 1.980, 233.45, 46.10, 1.980, 233.45, 46.10, 0.000, 180.70, 0.01);
insert into SHOT values (6705, 6718, 6721, 2388, 3.540, 272.75, 1.60, 3.540, 272.75, 1.60, 0.000, 3.32, 0.01);
insert into SHOT values (6706, 6718, 6722, 2388, 0.880, 203.95, -7.30, 0.880, 203.95, -7.30, 0.000, 8.74, -0.01);
insert into SHOT values (6707, 6718, 6723, 2388, 1.450, 161.95, 10.20, 1.450, 161.95, 10.20, 0.000, 169.39, -0.01);
insert into SHOT values (6708, 6718, 6724, 2388, 2.640, 106.15, 15.60, 2.640, 106.15, 15.60, 0.000, 355.30, -0.00);
insert into SHOT values (6709, 6718, 6725, 2388, 0.410, 19.15, -89.60, 0.410, 19.15, -89.60, 0.000, 187.84, 0.00);
insert into SHOT values (6710, 6718, 6726, 2388, 3.070, 234.45, -35.00, 3.070, 234.45, -35.00, 0.000, 3.07, -0.00);
insert into SHOT values (6711, 6704, 6727, 2388, 3.730, 41.35, -0.80, 3.730, 41.35, -0.80, 0.000, 151.09, -0.05);
insert into SHOT values (6712, 6727, 6728, 2388, 1.890, 52.15, -82.20, 1.890, 52.15, -82.20, 0.000, 350.14, -0.03);
insert into SHOT values (6713, 6727, 6729, 2388, 1.020, 279.95, -24.30, 1.020, 279.95, -24.30, 0.000, 196.18, 0.01);
insert into SHOT values (6714, 6727, 6730, 2388, 0.540, 148.55, 21.60, 0.540, 148.55, 21.60, 0.000, 192.53, 0.00);
insert into SHOT values (6715, 6727, 6731, 2388, 0.720, 230.35, 2.20, 0.720, 230.35, 2.20, 0.000, 190.26, 0.01);
insert into SHOT values (6716, 6727, 6732, 2388, 0.730, 199.05, 4.50, 0.730, 199.05, 4.50, 0.000, 199.83, -0.01);
insert into SHOT values (6717, 6727, 6733, 2388, 1.980, 210.05, -38.70, 1.980, 210.05, -38.70, 0.000, 352.26, -0.00);
insert into SHOT values (6718, 6727, 6734, 2388, 1.490, 213.65, -17.20, 1.490, 213.65, -17.20, 0.000, 193.91, 0.09);
insert into SHOT values (6719, 6727, 6735, 2388, 4.370, 84.05, 38.10, 4.370, 84.05, 38.10, 0.000, 170.12, 0.01);
insert into SHOT values (6720, 6727, 6736, 2388, 3.120, 26.75, 55.50, 3.120, 26.75, 55.50, 0.000, 186.85, 0.01);
insert into SHOT values (6721, 6727, 6737, 2388, 2.760, 328.15, 50.10, 2.760, 328.15, 50.10, 0.000, 113.07, 0.04);
insert into SHOT values (6722, 6727, 6738, 2388, 1.170, 295.75, 38.20, 1.170, 295.75, 38.20, 0.000, 201.53, 0.01);
insert into SHOT values (6723, 6727, 6739, 2388, 0.890, 7.75, 21.70, 0.890, 7.75, 21.70, 0.000, 196.72, 0.01);
insert into SHOT values (6724, 6727, 6740, 2388, 1.200, 15.15, 38.80, 1.200, 15.15, 38.80, 0.000, 189.25, 0.01);
insert into SHOT values (6725, 6740, 6741, 2388, 0.750, 93.05, 11.50, 0.750, 93.05, 11.50, 0.000, 177.60, 0.02);
insert into SHOT values (6726, 6740, 6742, 2388, 2.280, 123.25, 4.20, 2.280, 123.25, 4.20, 0.000, 359.37, -0.01);
insert into SHOT values (6727, 6740, 6743, 2388, 3.470, 33.35, 8.00, 3.470, 33.35, 8.00, 0.000, 168.02, -0.02);
insert into SHOT values (6728, 6740, 6744, 2388, 3.920, 5.35, 5.90, 3.920, 5.35, 5.90, 0.000, 260.54, 0.02);
insert into SHOT values (6729, 6740, 6745, 2388, 2.810, 330.25, 11.70, 2.810, 330.25, 11.70, 0.000, 7.29, 0.01);
insert into SHOT values (6730, 6740, 6746, 2388, 3.120, 306.75, 23.90, 3.120, 306.75, 23.90, 0.000, 24.41, -0.02);
insert into SHOT values (6731, 6740, 6747, 2388, 1.620, 344.95, 78.70, 1.620, 344.95, 78.70, 0.000, 184.30, -0.04);
insert into SHOT values (6732, 6740, 6748, 2388, 2.770, 108.45, 70.60, 2.770, 108.45, 70.60, 0.000, 3.35, -0.00);
insert into SHOT values (6733, 6740, 6749, 2388, 1.220, 220.05, 5.30, 1.220, 220.05, 5.30, 0.000, 349.94, -0.01);
insert into SHOT values (6734, 6740, 6750, 2388, 3.140, 279.85, -15.20, 3.140, 279.85, -15.20, 0.000, 181.72, -0.01);
insert into SHOT values (6735, 6740, 6751, 2388, 1.530, 273.55, 8.50, 1.530, 273.55, 8.50, 0.000, 166.71, 0.01);
insert into SHOT values (6736, 6740, 6752, 2388, 4.600, 273.05, -21.20, 4.600, 273.05, -21.20, 0.000, 273.20, 0.02);
insert into SHOT values (6737, 6740, 6753, 2388, 6.750, 273.55, -27.00, 6.750, 273.55, -27.00, 0.000, 179.48, -0.01);
insert into SHOT values (6738, 6740, 6754, 2388, 1.480, 4.45, 2.60, 1.480, 4.45, 2.60, 0.000, 157.49, 0.01);
insert into SHOT values (6739, 6754, 6755, 2388, 3.830, 125.45, 21.90, 3.830, 125.45, 21.90, 0.000, 7.04, 0.00);
insert into SHOT values (6740, 6754, 6756, 2388, 2.510, 83.75, 50.20, 2.510, 83.75, 50.20, 0.000, 172.84, -0.00);
insert into SHOT values (6741, 6754, 6757, 2388, 2.970, 15.35, 0.60, 2.970, 15.35, 0.60, 0.000, 1.61, -0.01);
insert into SHOT values (6742, 6754, 6758, 2388, 1.860, 309.65, 10.70, 1.860, 309.65, 10.70, 0.000, 354.15, -0.01);
insert into SHOT values (6743, 6754, 6759, 2388, 2.880, 323.25, -39.10, 2.880, 323.25, -39.10, 0.000, 167.95, 0.01);
insert into SHOT values (6744, 6754, 6760, 2388, 1.070, 343.15, -54.20, 1.070, 343.15, -54.20, 0.000, 345.92, -0.02);
insert into SHOT values (6745, 6754, 6761, 2388, 1.220, 67.45, 20.30, 1.220, 67.45, 20.30, 0.000, 357.00, -0.01);
insert into SHOT values (6746, 6761, 6762, 2388, 2.580, 60.55, -50.50, 2.580, 60.55, -50.50, 0.000, 50.54, -0.04);
insert into SHOT values (6747, 6761, 6763, 2388, 2.350, 31.85, -62.40, 2.350, 31.85, -62.40, 0.000, 195.44, -0.01);
insert into SHOT values (6748, 6761, 6764, 2388, 3.890, 68.25, -65.40, 3.890, 68.25, -65.40, 0.000, 183.40, -0.03);
insert into SHOT values (6749, 6761, 6765, 2388, 4.470, 34.55, -52.50, 4.470, 34.55, -52.50, 0.000, 187.23, -0.01);
insert into SHOT values (6750, 6761, 6766, 2388, 2.800, 309.65, -44.20, 2.800, 309.65, -44.20, 0.000, 356.78, 0.01);
insert into SHOT values (6751, 6761, 6767, 2388, 3.780, 51.75, -60.50, 3.780, 51.75, -60.50, 0.000, 190.92, 0.01);
insert into SHOT values (6752, 6767, 6768, 2388, 0.610, 55.45, 18.30, 0.610, 55.45, 18.30, 0.000, 318.13, -0.14);
insert into SHOT values (6753, 6767, 6769, 2388, 0.440, 16.65, -35.10, 0.440, 16.65, -35.10, 0.000, 178.54, 0.00);
insert into SHOT values (6754, 6767, 6770, 2388, 1.750, 335.05, -10.60, 1.750, 335.05, -10.60, 0.000, 9.96, 0.00);
insert into SHOT values (6755, 6767, 6771, 2388, 4.630, 332.95, -3.20, 4.630, 332.95, -3.20, 0.000, 162.38, 0.01);
insert into SHOT values (6756, 6767, 6772, 2388, 1.620, 321.45, 14.50, 1.620, 321.45, 14.50, 0.000, 356.58, -0.02);
insert into SHOT values (6757, 6767, 6773, 2388, 1.320, 330.15, 59.70, 1.320, 330.15, 59.70, 0.000, 18.39, 0.01);
insert into SHOT values (6758, 6767, 6774, 2388, 1.440, 173.65, 15.20, 1.440, 173.65, 15.20, 0.000, 223.08, -0.01);
insert into SHOT values (6759, 6767, 6775, 2388, 1.310, 202.25, 12.50, 1.310, 202.25, 12.50, 0.000, 181.14, 0.01);
insert into SHOT values (6760, 6767, 6776, 2388, 3.960, 336.65, -1.80, 3.960, 336.65, -1.80, 0.000, 20.85, 0.01);
insert into SHOT values (6761, 6776, 6777, 2388, 1.240, 324.35, -5.50, 1.240, 324.35, -5.50, 0.000, 347.59, -0.05);
insert into SHOT values (6762, 6776, 6778, 2388, 1.230, 241.05, 13.70, 1.230, 241.05, 13.70, 0.000, 357.96, -0.00);
insert into SHOT values (6763, 6776, 6779, 2388, 0.190, 282.75, -72.30, 0.190, 282.75, -72.30, 0.000, 183.08, -0.00);
insert into SHOT values (6764, 6776, 6780, 2388, 1.020, 207.55, 87.10, 1.020, 207.55, 87.10, 0.000, 188.80, 0.01);
insert into SHOT values (6765, 6776, 6781, 2388, 1.490, 110.35, 32.60, 1.490, 110.35, 32.60, 0.000, 96.66, 0.02);
insert into SHOT values (6766, 6776, 6782, 2388, 3.670, 65.75, 26.70, 3.670, 65.75, 26.70, 0.000, 172.13, 0.01);
insert into SHOT values (6767, 6776, 6783, 2388, 2.140, 59.45, 47.70, 2.140, 59.45, 47.70, 0.000, 349.05, 0.02);
insert into SHOT values (6768, 6776, 6784, 2388, 1.780, 40.25, 24.80, 1.780, 40.25, 24.80, 0.000, 174.49, -0.01);
insert into SHOT values (6769, 6776, 6785, 2388, 4.550, 45.95, 33.40, 4.550, 45.95, 33.40, 0.000, 187.54, 0.00);
insert into SHOT values (6770, 6776, 6786, 2388, 4.080, 46.25, 33.80, 4.080, 46.25, 33.80, 0.000, 10.80, -0.00);
insert into SHOT values (6771, 6776, 6787, 2388, 4.550, 45.75, 33.60, 4.550, 45.75, 33.60, 0.000, 146.52, -0.01);
insert into SHOT values (6772, 6776, 6788, 2388, 4.550, 45.95, 33.50, 4.550, 45.95, 33.50, 0.000, 183.03, 0.01);
insert into SHOT values (6773, 6754, 6789, 2388, 2.520, 325.85, -27.70, 2.520, 325.85, -27.70, 0.000, 356.71, 0.00);
insert into SHOT values (6774, 6789, 6790, 2388, 0.450, 270.35, -82.10, 0.450, 270.35, -82.10, 0.000, 359.06, 0.01);
insert into SHOT values (6775, 6789, 6791, 2388, 5.270, 225.35, -15.00, 5.270, 225.35, -15.00, 0.000, 185.16, 0.01);
insert into SHOT values (6776, 6789, 6792, 2388, 2.000, 251.95, -15.20, 2.000, 251.95, -15.20, 0.000, 201.59, 0.02);
insert into SHOT values (6777, 6789, 6793, 2388, 0.310, 278.05, 14.40, 0.310, 278.05, 14.40, 0.000, 9.06, -0.01);
insert into SHOT values (6778, 6789, 6794, 2388, 0.970, 11.25, 17.50, 0.970, 11.25, 17.50, 0.000, 170.42, 0.02);
insert into SHOT values (6779, 6789, 6795, 2388, 1.290, 315.25, 12.70, 1.290, 315.25, 12.70, 0.000, 7.46, 0.01);
insert into SHOT values (6780, 6789, 6796, 2388, 2.060, 318.15, 57.60, 2.060, 318.15, 57.60, 0.000, 182.13, -0.00);
insert into SHOT values (6781, 6796, 6797, 2388, 2.460, 242.15, -3.10, 2.460, 242.15, -3.10, 0.000, 177.98, -0.01);
insert into SHOT values (6782, 6796, 6798, 2388, 2.130, 278.35, -5.30, 2.130, 278.35, -5.30, 0.000, 355.12, -0.00);
insert into SHOT values (6783, 6796, 6799, 2388, 2.460, 322.15, -5.10, 2.460, 322.15, -5.10, 0.000, 335.18, 0.04);
insert into SHOT values (6784, 6796, 6800, 2388, 1.440, 318.65, -11.30, 1.440, 318.65, -11.30, 0.000, 172.25, -0.01);
insert into SHOT values (6785, 6796, 6801, 2388, 0.630, 285.05, -56.10, 0.630, 285.05, -56.10, 0.000, 180.11, -0.01);
insert into SHOT values (6786, 6796, 6802, 2388, 1.560, 106.95, -75.90, 1.560, 106.95, -75.90, 0.000, 198.06, -0.02);
insert into SHOT values (6787, 6796, 6803, 2388, 2.870, 92.25, -66.30, 2.870, 92.25, -66.30, 0.000, 351.63, -0.02);
insert into SHOT values (6788, 6796, 6804, 2388, 0.380, 84.35, -22.30, 0.380, 84.35, -22.30, 0.000, 50.21, -0.01);
insert into SHOT values (6789, 6796, 6805, 2388, 2.250, 22.15, 33.50, 2.250, 22.15, 33.50, 0.000, 8.94, 0.01);
insert into SHOT values (6790, 6796, 6806, 2388, 1.630, 311.75, 37.30, 1.630, 311.75, 37.30, 0.000, 161.44, 0.01);
insert into SHOT values (6791, 6796, 6807, 2388, 2.600, 304.65, -4.80, 2.600, 304.65, -4.80, 0.000, 0.39, -0.01);
insert into SHOT values (6792, 6807, 6808, 2388, 0.530, 201.05, -0.80, 0.530, 201.05, -0.80, 0.000, 355.37, 0.01);
insert into SHOT values (6793, 6807, 6809, 2388, 1.170, 189.05, -53.60, 1.170, 189.05, -53.60, 0.000, 191.54, -0.03);
insert into SHOT values (6794, 6807, 6810, 2388, 0.270, 343.35, 62.60, 0.270, 343.35, 62.60, 0.000, 359.56, 0.00);
insert into SHOT values (6795, 6807, 6811, 2388, 0.420, 272.25, 81.20, 0.420, 272.25, 81.20, 0.000, 357.24, 0.03);
insert into SHOT values (6796, 6807, 6812, 2388, 0.330, 21.95, 9.10, 0.330, 21.95, 9.10, 0.000, 347.64, 0.00);
insert into SHOT values (6797, 6807, 6813, 2388, 1.800, 299.05, -45.70, 1.800, 299.05, -45.70, 0.000, 0.75, 0.00);
insert into SCRAPS values (2390, 2384, 'SP-RussesBauge-1', 1, 0.67978, 0.06680);
 insert into MAPS values (2454, 2384, 'MP-RussesBauge', 'RussesBauge', 1, 50.970, -3.699);
 insert into MAPITEMS values (2454, 4, 2390);
 insert into MAPS values (2456, 2337, 'MP-Russes-CA', 'Russes-CA', 1, 63.240, -5.194);
 insert into MAPITEMS values (2456, 4, 2359);
 insert into MAPITEMS values (2456, 4, 2382);
 insert into MAPITEMS values (2456, 4, 2454);
 insert into SURVEY values (2458, 50, 'Suw-Oyuk', 'Suw-Oyuk.Koytendag', 'Suw-Oyuk');
 insert into CENTRELINE values (2459, 2458, NULL, NULL, NULL, 0.00, 0.00, 0.00);
 insert into SURVEY values (2460, 2458, 'Suw-Oyuk', 'Suw-Oyuk.Suw-Oyuk.Koytendag', 'Suw Oyuk Sinkhole');
 insert into CENTRELINE values (2461, 2460, NULL, NULL, NULL, 0.00, 0.00, 0.00);
 insert into CENTRELINE values (2462, 2460, NULL, '2024-04-15', NULL, 43.96, 0.00, 0.00);
 insert into TOPO values (4, 2462);
 insert into SHOT values (6798, 6814, 6815, 2462, 12.480, 249.55, -5.50, 12.480, 249.55, -5.50, 0.000, 179.57, 0.01);
insert into SHOT values (6799, 6814, 6816, 2462, 20.190, 277.75, -0.80, 20.190, 277.75, -0.80, 0.000, 7.99, -0.00);
insert into SHOT values (6800, 6814, 6817, 2462, 26.610, 304.85, -0.00, 26.610, 304.85, 0.00, 0.000, 145.06, 0.00);
insert into SHOT values (6801, 6814, 6818, 2462, 38.840, 323.45, -2.20, 38.840, 323.45, -2.20, 0.000, 183.11, 0.00);
insert into SHOT values (6802, 6814, 6819, 2462, 26.430, 341.05, -2.40, 26.430, 341.05, -2.40, 0.000, 353.61, -0.01);
insert into SHOT values (6803, 6814, 6820, 2462, 13.720, 5.75, -2.60, 13.720, 5.75, -2.60, 0.000, 7.48, 0.01);
insert into SHOT values (6804, 6814, 6821, 2462, 20.400, 271.65, -11.90, 20.400, 271.65, -11.90, 0.000, 358.72, 0.00);
insert into SHOT values (6805, 6814, 6822, 2462, 22.370, 270.05, -30.20, 22.370, 270.05, -30.20, 0.000, 217.48, 0.03);
insert into SHOT values (6806, 6814, 6823, 2462, 21.840, 261.65, -40.00, 21.840, 261.65, -40.00, 0.000, 352.30, -0.02);
insert into SHOT values (6807, 6814, 6824, 2462, 27.090, 255.95, -49.60, 27.090, 255.95, -49.60, 0.000, 0.57, -0.01);
insert into SHOT values (6808, 6814, 6825, 2462, 19.230, 247.25, -50.00, 19.230, 247.25, -50.00, 0.000, 166.38, -0.01);
insert into SHOT values (6809, 6814, 6826, 2462, 20.470, 267.75, -35.20, 20.470, 267.75, -35.20, 0.000, 1.89, 0.00);
insert into SHOT values (6810, 6814, 6827, 2462, 14.820, 266.25, -37.90, 14.820, 266.25, -37.90, 0.000, 352.80, 0.03);
insert into SHOT values (6811, 6814, 6828, 2462, 26.420, 266.05, -39.00, 26.420, 266.05, -39.00, 0.000, 10.16, 0.01);
insert into SHOT values (6812, 6814, 6829, 2462, 28.000, 265.85, -40.70, 28.000, 265.85, -40.70, 0.000, 183.33, -0.00);
insert into SHOT values (6813, 6814, 6830, 2462, 28.020, 265.45, -44.60, 28.020, 265.45, -44.60, 0.000, 177.80, -0.00);
insert into SHOT values (6814, 6814, 6831, 2462, 30.610, 275.25, -38.30, 30.610, 275.25, -38.30, 0.000, 170.05, -0.00);
insert into SHOT values (6815, 6814, 6832, 2462, 31.480, 274.05, -39.60, 31.480, 274.05, -39.60, 0.000, 9.82, 0.01);
insert into SHOT values (6816, 6814, 6833, 2462, 24.290, 251.45, -42.90, 24.290, 251.45, -42.90, 0.000, 184.04, -0.00);
insert into SHOT values (6817, 6814, 6834, 2462, 25.170, 253.25, -45.00, 25.170, 253.25, -45.00, 0.000, 355.29, 0.01);
insert into SHOT values (6818, 6814, 6835, 2462, 25.950, 253.25, -45.70, 25.950, 253.25, -45.70, 0.000, 185.85, -0.01);
insert into SCRAPS values (2464, 2458, 'SP-Suw-Oyuk', 1, 0.21152, 0.01250);
 insert into MAPS values (2483, 2458, 'MP-Suw-Oyuk', 'Suw Oyuk Sinkhole', 1, 43.960, -20.066);
 insert into MAPITEMS values (2483, 4, 2464);
 insert into SURVEY values (2485, 50, 'Tush-Yurruck', 'Tush-Yurruck.Koytendag', 'Tush-Yurruck');
 insert into CENTRELINE values (2486, 2485, NULL, NULL, NULL, 0.00, 0.00, 0.00);
 insert into SURVEY values (2487, 2485, 'Trush-Yurruck-Entree', 'Trush-Yurruck-Entree.Tush-Yurruck.Koytendag', 'Trush-Yurruck-Entree');
 insert into CENTRELINE values (2488, 2487, NULL, NULL, NULL, 0.00, 0.00, 0.00);
 insert into SURVEY values (2489, 2487, 'Tush-Yurruck_Entree', 'Tush-Yurruck_Entree.Trush-Yurruck-Entree.Tush-Yurruck.Koytendag', 'Trush-Yurruck Entree');
 insert into CENTRELINE values (2490, 2489, NULL, NULL, NULL, 0.00, 0.00, 0.00);
 insert into CENTRELINE values (2491, 2489, NULL, '2024-04-17', NULL, 561.38, 9.51, 0.00);
 insert into TOPO values (6, 2491);
 insert into TOPO values (2, 2491);
 insert into TOPO values (7, 2491);
 insert into SHOT values (6819, 6836, 6837, 2491, 9.510, 19.65, 5.60, 9.510, 19.65, 5.60, 0.000, 186.01, -0.01);
insert into SHOT_FLAG values(6819, 'srf');
insert into SHOT values (6820, 6838, 6837, 2491, 14.800, 225.45, 7.00, 14.800, 225.45, 7.00, 0.000, 188.87, 0.00);
insert into SHOT values (6821, 6838, 6839, 2491, 19.580, 131.25, 2.30, 19.580, 131.25, 2.30, 0.000, 7.29, 0.00);
insert into SHOT values (6822, 6838, 6840, 2491, 9.280, 97.65, 3.20, 9.280, 97.65, 3.20, 0.000, 353.45, -0.01);
insert into SHOT values (6823, 6838, 6841, 2491, 6.580, 47.75, -2.40, 6.580, 47.75, -2.40, 0.000, 355.22, 0.02);
insert into SHOT values (6824, 6838, 6842, 2491, 13.920, 251.95, 3.00, 13.920, 251.95, 3.00, 0.000, 356.54, -0.04);
insert into SHOT values (6825, 6838, 6843, 2491, 14.880, 277.65, 1.90, 14.880, 277.65, 1.90, 0.000, 179.20, 0.01);
insert into SHOT values (6826, 6838, 6844, 2491, 16.550, 300.05, 0.50, 16.550, 300.05, 0.50, 0.000, 345.58, 0.03);
insert into SHOT values (6827, 6838, 6845, 2491, 16.490, 324.45, -0.60, 16.490, 324.45, -0.60, 0.000, 173.72, 0.01);
insert into SHOT values (6828, 6838, 6846, 2491, 13.730, 343.65, -2.80, 13.730, 343.65, -2.80, 0.000, 320.09, -0.06);
insert into SHOT values (6829, 6838, 6847, 2491, 7.570, 8.65, -6.70, 7.570, 8.65, -6.70, 0.000, 14.18, -0.07);
insert into SHOT values (6830, 6838, 6848, 2491, 1.090, 291.25, -73.90, 1.090, 291.25, -73.90, 0.000, 181.55, -0.01);
insert into SHOT values (6831, 6838, 6849, 2491, 2.190, 220.45, 86.20, 2.190, 220.45, 86.20, 0.000, 185.35, 0.01);
insert into SHOT values (6832, 6838, 6850, 2491, 2.300, 144.75, 58.90, 2.300, 144.75, 58.90, 0.000, 15.22, -0.07);
insert into SHOT values (6833, 6838, 6851, 2491, 27.380, 89.25, -14.90, 27.380, 89.25, -14.90, 0.000, 134.39, 0.06);
insert into SHOT values (6834, 6851, 6852, 2491, 1.660, 26.85, 2.80, 1.660, 26.85, 2.80, 0.000, 171.70, -0.01);
insert into SHOT values (6835, 6851, 6853, 2491, 6.290, 321.55, 2.80, 6.290, 321.55, 2.80, 0.000, 199.31, -0.03);
insert into SHOT values (6836, 6851, 6854, 2491, 5.990, 101.85, 1.60, 5.990, 101.85, 1.60, 0.000, 184.12, 0.02);
insert into SHOT values (6837, 6851, 6855, 2491, 37.800, 187.15, 3.20, 37.800, 187.15, 3.20, 0.000, 25.50, 0.02);
insert into SHOT values (6838, 6851, 6856, 2491, 5.910, 225.55, 13.10, 5.910, 225.55, 13.10, 0.000, 358.24, -0.00);
insert into SHOT values (6839, 6851, 6857, 2491, 15.290, 255.55, 14.70, 15.290, 255.55, 14.70, 0.000, 174.33, 0.01);
insert into SHOT values (6840, 6851, 6858, 2491, 18.700, 270.05, 12.70, 18.700, 270.05, 12.70, 0.000, 178.77, -0.01);
insert into SHOT values (6841, 6851, 6859, 2491, 0.370, 166.55, -85.20, 0.370, 166.55, -85.20, 0.000, 186.44, 0.01);
insert into SHOT values (6842, 6851, 6860, 2491, 1.770, 209.35, 84.20, 1.770, 209.35, 84.20, 0.000, 21.96, -0.02);
insert into SHOT values (6843, 6851, 6861, 2491, 6.220, 137.55, 2.30, 6.220, 137.55, 2.30, 0.000, 53.30, -0.07);
insert into SHOT values (6844, 6861, 6862, 2491, 3.570, 32.35, 1.50, 3.570, 32.35, 1.50, 0.000, 354.68, -0.01);
insert into SHOT values (6845, 6861, 6863, 2491, 6.050, 115.15, 0.90, 6.050, 115.15, 0.90, 0.000, 356.51, 0.01);
insert into SHOT values (6846, 6861, 6864, 2491, 15.520, 154.85, 2.90, 15.520, 154.85, 2.90, 0.000, 359.59, -0.00);
insert into SHOT values (6847, 6861, 6865, 2491, 21.960, 229.05, 11.00, 21.960, 229.05, 11.00, 0.000, 164.54, -0.00);
insert into SHOT values (6848, 6861, 6866, 2491, 21.620, 244.45, 11.20, 21.620, 244.45, 11.20, 0.000, 165.10, -0.05);
insert into SHOT values (6849, 6861, 6867, 2491, 0.590, 203.45, -81.20, 0.590, 203.45, -81.20, 0.000, 193.45, 0.01);
insert into SHOT values (6850, 6861, 6868, 2491, 2.000, 208.95, 82.60, 2.000, 208.95, 82.60, 0.000, 179.17, 0.02);
insert into SHOT values (6851, 6861, 6869, 2491, 23.600, 175.35, -0.60, 23.600, 175.35, -0.60, 0.000, 173.10, 0.04);
insert into SHOT values (6852, 6869, 6870, 2491, 11.670, 139.55, 1.20, 11.670, 139.55, 1.20, 0.000, 187.25, -0.02);
insert into SHOT values (6853, 6869, 6871, 2491, 8.200, 96.25, -0.90, 8.200, 96.25, -0.90, 0.000, 344.61, -0.02);
insert into SHOT values (6854, 6869, 6872, 2491, 11.310, 41.65, 1.10, 11.310, 41.65, 1.10, 0.000, 339.31, 0.02);
insert into SHOT values (6855, 6869, 6873, 2491, 23.390, 306.15, 13.10, 23.390, 306.15, 13.10, 0.000, 349.07, 0.02);
insert into SHOT values (6856, 6869, 6874, 2491, 20.730, 264.25, 14.80, 20.730, 264.25, 14.80, 0.000, 179.74, -0.00);
insert into SHOT values (6857, 6869, 6875, 2491, 12.880, 228.65, 4.40, 12.880, 228.65, 4.40, 0.000, 180.77, -0.01);
insert into SHOT values (6858, 6869, 6876, 2491, 14.060, 189.15, 1.90, 14.060, 189.15, 1.90, 0.000, 177.51, 0.01);
insert into SHOT values (6859, 6869, 6877, 2491, 0.370, 176.75, -78.50, 0.370, 176.75, -78.50, 0.000, 173.77, -0.02);
insert into SHOT values (6860, 6869, 6878, 2491, 2.340, 266.55, 82.70, 2.340, 266.55, 82.70, 0.000, 355.36, -0.02);
insert into SHOT values (6861, 6869, 6879, 2491, 19.480, 162.05, 1.30, 19.480, 162.05, 1.30, 0.000, 349.06, -0.02);
insert into SHOT values (6862, 6879, 6880, 2491, 5.610, 189.75, 3.30, 5.610, 189.75, 3.30, 0.000, 354.26, -0.01);
insert into SHOT values (6863, 6879, 6881, 2491, 4.310, 137.55, 4.60, 4.310, 137.55, 4.60, 0.000, 338.67, 0.03);
insert into SHOT values (6864, 6879, 6882, 2491, 3.770, 74.45, 2.50, 3.770, 74.45, 2.50, 0.000, 343.12, -0.03);
insert into SHOT values (6865, 6879, 6883, 2491, 7.210, 16.35, 2.10, 7.210, 16.35, 2.10, 0.000, 19.50, 0.03);
insert into SHOT values (6866, 6879, 6884, 2491, 6.470, 315.15, 8.60, 6.470, 315.15, 8.60, 0.000, 175.52, -0.01);
insert into SHOT values (6867, 6879, 6885, 2491, 5.980, 270.55, 8.00, 5.980, 270.55, 8.00, 0.000, 345.51, 0.02);
insert into SHOT values (6868, 6879, 6886, 2491, 0.460, 179.95, -82.20, 0.460, 179.95, -82.20, 0.000, 8.01, -0.02);
insert into SHOT values (6869, 6879, 6887, 2491, 2.370, 221.95, 79.40, 2.370, 221.95, 79.40, 0.000, 5.90, -0.01);
insert into SHOT values (6870, 6879, 6888, 2491, 14.040, 252.55, 2.90, 14.040, 252.55, 2.90, 0.000, 354.18, 0.00);
insert into SHOT values (6871, 6888, 6889, 2491, 2.680, 210.15, -5.90, 2.680, 210.15, -5.90, 0.000, 201.26, -0.01);
insert into SHOT values (6872, 6888, 6890, 2491, 2.660, 154.85, -2.60, 2.660, 154.85, -2.60, 0.000, 175.92, -0.02);
insert into SHOT values (6873, 6888, 6891, 2491, 5.590, 122.55, -0.80, 5.590, 122.55, -0.80, 0.000, 356.84, -0.01);
insert into SHOT values (6874, 6888, 6892, 2491, 0.470, 329.95, 2.20, 0.470, 329.95, 2.20, 0.000, 153.77, 0.04);
insert into SHOT values (6875, 6888, 6893, 2491, 1.690, 52.75, 2.10, 1.690, 52.75, 2.10, 0.000, 9.27, -0.00);
insert into SHOT values (6876, 6888, 6894, 2491, 1.470, 340.65, -86.60, 1.470, 340.65, -86.60, 0.000, 354.92, -0.01);
insert into SHOT values (6877, 6888, 6895, 2491, 1.750, 17.95, 79.50, 1.750, 17.95, 79.50, 0.000, 179.78, -0.01);
insert into SHOT values (6878, 6879, 6896, 2491, 8.600, 149.95, -0.30, 8.600, 149.95, -0.30, 0.000, 184.19, -0.01);
insert into SHOT values (6879, 6896, 6897, 2491, 2.670, 97.65, 4.80, 2.670, 97.65, 4.80, 0.000, 3.90, -0.03);
insert into SHOT values (6880, 6896, 6898, 2491, 1.520, 49.45, -1.80, 1.520, 49.45, -1.80, 0.000, 123.34, 0.01);
insert into SHOT values (6881, 6896, 6899, 2491, 2.920, 340.55, -0.70, 2.920, 340.55, -0.70, 0.000, 12.50, -0.08);
insert into SHOT values (6882, 6896, 6900, 2491, 2.270, 278.75, 0.20, 2.270, 278.75, 0.20, 0.000, 180.51, -0.00);
insert into SHOT values (6883, 6896, 6901, 2491, 0.380, 282.55, -86.30, 0.380, 282.55, -86.30, 0.000, 169.38, -0.02);
insert into SHOT values (6884, 6896, 6902, 2491, 2.340, 116.45, 80.70, 2.340, 116.45, 80.70, 0.000, 359.52, -0.00);
insert into SHOT values (6885, 6861, 6903, 2491, 14.960, 89.15, -1.30, 14.960, 89.15, -1.30, 0.000, 183.51, 0.02);
insert into SHOT values (6886, 6903, 6904, 2491, 0.860, 193.85, 2.40, 0.860, 193.85, 2.40, 0.000, 10.72, -0.01);
insert into SHOT values (6887, 6903, 6905, 2491, 1.960, 136.45, 4.50, 1.960, 136.45, 4.50, 0.000, 4.65, -0.01);
insert into SHOT values (6888, 6903, 6906, 2491, 0.290, 30.05, 0.20, 0.290, 30.05, 0.20, 0.000, 356.80, -0.01);
insert into SHOT values (6889, 6903, 6907, 2491, 0.300, 294.05, -68.30, 0.300, 294.05, -68.30, 0.000, 354.70, 0.00);
insert into SHOT values (6890, 6903, 6908, 2491, 4.640, 103.25, 83.50, 4.640, 103.25, 83.50, 0.000, 191.21, 0.00);
insert into SHOT values (6891, 6903, 6909, 2491, 4.790, 95.35, 3.40, 4.790, 95.35, 3.40, 0.000, 30.00, -0.09);
insert into SHOT values (6892, 6909, 6910, 2491, 1.390, 47.05, -3.50, 1.390, 47.05, -3.50, 0.000, 176.91, -0.01);
insert into SHOT values (6893, 6909, 6911, 2491, 1.120, 344.15, 17.50, 1.120, 344.15, 17.50, 0.000, 173.52, 0.01);
insert into SHOT values (6894, 6909, 6912, 2491, 2.310, 312.45, 11.30, 2.310, 312.45, 11.30, 0.000, 125.24, -0.20);
insert into SHOT values (6895, 6909, 6913, 2491, 1.650, 220.55, -2.70, 1.650, 220.55, -2.70, 0.000, 345.10, 0.02);
insert into SHOT values (6896, 6909, 6914, 2491, 2.840, 241.95, 2.00, 2.840, 241.95, 2.00, 0.000, 7.38, 0.01);
insert into SHOT values (6897, 6909, 6915, 2491, 11.440, 181.75, -0.10, 11.440, 181.75, -0.10, 0.000, 171.93, -0.01);
insert into SHOT values (6898, 6909, 6916, 2491, 9.300, 154.05, -0.70, 9.300, 154.05, -0.70, 0.000, 5.14, -0.01);
insert into SHOT values (6899, 6909, 6917, 2491, 4.020, 29.35, 0.10, 4.020, 29.35, 0.10, 0.000, 344.38, -0.01);
insert into SHOT values (6900, 6909, 6918, 2491, 9.090, 345.85, -0.40, 9.090, 345.85, -0.40, 0.000, 169.03, 0.02);
insert into SHOT values (6901, 6909, 6919, 2491, 6.730, 328.05, 0.20, 6.730, 328.05, 0.20, 0.000, 166.48, 0.03);
insert into SHOT values (6902, 6909, 6920, 2491, 0.540, 275.95, -87.30, 0.540, 275.95, -87.30, 0.000, 202.13, -0.01);
insert into SHOT values (6903, 6909, 6921, 2491, 3.640, 131.05, 78.60, 3.640, 131.05, 78.60, 0.000, 18.26, 0.01);
insert into SHOT values (6904, 6909, 6922, 2491, 0.940, 13.05, -30.30, 0.940, 13.05, -30.30, 0.000, 166.62, 0.07);
insert into SHOT values (6905, 6909, 6923, 2491, 1.050, 10.25, 50.70, 1.050, 10.25, 50.70, 0.000, 177.31, -0.01);
insert into SHOT values (6906, 6909, 6924, 2491, 1.830, 31.45, 83.20, 1.830, 31.45, 83.20, 0.000, 338.59, 0.02);
insert into SHOT values (6907, 6909, 6925, 2491, 3.480, 225.15, 83.90, 3.480, 225.15, 83.90, 0.000, 354.62, -0.03);
insert into SHOT values (6908, 6909, 6926, 2491, 0.820, 135.75, 80.00, 0.820, 135.75, 80.00, 0.000, 304.16, -0.22);
insert into SHOT values (6909, 6909, 6927, 2491, 7.180, 89.95, -3.40, 7.180, 89.95, -3.40, 0.000, 358.78, -0.00);
insert into SHOT values (6910, 6927, 6928, 2491, 0.710, 4.05, 5.10, 0.710, 4.05, 5.10, 0.000, 200.04, 0.05);
insert into SHOT values (6911, 6927, 6929, 2491, 1.080, 293.65, 1.30, 1.080, 293.65, 1.30, 0.000, 160.48, 0.07);
insert into SHOT values (6912, 6927, 6930, 2491, 3.510, 66.35, 6.30, 3.510, 66.35, 6.30, 0.000, 182.67, -0.02);
insert into SHOT values (6913, 6927, 6931, 2491, 6.860, 122.25, 2.20, 6.860, 122.25, 2.20, 0.000, 5.08, 0.01);
insert into SHOT values (6914, 6927, 6932, 2491, 4.170, 150.45, 2.80, 4.170, 150.45, 2.80, 0.000, 10.24, 0.02);
insert into SHOT values (6915, 6927, 6933, 2491, 3.780, 202.85, 4.50, 3.780, 202.85, 4.50, 0.000, 356.35, -0.02);
insert into SHOT values (6916, 6927, 6934, 2491, 2.770, 236.05, 5.70, 2.770, 236.05, 5.70, 0.000, 350.80, -0.03);
insert into SHOT values (6917, 6927, 6935, 2491, 0.820, 146.05, -86.00, 0.820, 146.05, -86.00, 0.000, 169.34, -0.01);
insert into SHOT values (6918, 6927, 6936, 2491, 0.570, 141.05, 78.50, 0.570, 141.05, 78.50, 0.000, 176.80, 0.11);
insert into SHOT values (6919, 6927, 6937, 2491, 17.750, 132.25, -0.10, 17.750, 132.25, -0.10, 0.000, 191.22, 0.01);
insert into SHOT values (6920, 6937, 6938, 2491, 1.640, 43.35, 4.50, 1.640, 43.35, 4.50, 0.000, 159.94, -0.05);
insert into SHOT values (6921, 6937, 6939, 2491, 2.250, 346.95, 0.60, 2.250, 346.95, 0.60, 0.000, 178.04, 0.01);
insert into SHOT values (6922, 6937, 6940, 2491, 1.880, 146.25, 9.60, 1.880, 146.25, 9.60, 0.000, 171.90, -0.01);
insert into SHOT values (6923, 6937, 6941, 2491, 1.720, 214.55, 15.30, 1.720, 214.55, 15.30, 0.000, 352.54, 0.04);
insert into SHOT values (6924, 6937, 6942, 2491, 1.830, 261.45, 12.30, 1.830, 261.45, 12.30, 0.000, 356.00, 0.00);
insert into SHOT values (6925, 6937, 6943, 2491, 3.070, 290.25, 6.40, 3.070, 290.25, 6.40, 0.000, 186.87, -0.01);
insert into SHOT values (6926, 6937, 6944, 2491, 0.730, 148.85, -84.20, 0.730, 148.85, -84.20, 0.000, 354.46, -0.02);
insert into SHOT values (6927, 6937, 6945, 2491, 0.930, 271.85, 85.10, 0.930, 271.85, 85.10, 0.000, 339.52, -0.02);
insert into SHOT values (6928, 6937, 6946, 2491, 4.600, 111.85, -6.00, 4.600, 111.85, -6.00, 0.000, 63.87, 0.08);
insert into SHOT values (6929, 6937, 6947, 2491, 2.430, 78.55, -7.40, 2.430, 78.55, -7.40, 0.000, 196.01, 0.02);
insert into SHOT values (6930, 6937, 6948, 2491, 5.720, 219.15, 1.00, 5.720, 219.15, 1.00, 0.000, 3.05, 0.00);
insert into SHOT values (6931, 6937, 6949, 2491, 3.950, 264.65, -0.40, 3.950, 264.65, -0.40, 0.000, 0.80, -0.01);
insert into SHOT values (6932, 6937, 6950, 2491, 16.980, 170.25, 4.20, 16.980, 170.25, 4.20, 0.000, 89.33, -0.11);
insert into SHOT values (6933, 6950, 6951, 2491, 5.380, 88.45, -3.00, 5.380, 88.45, -3.00, 0.000, 175.02, -0.00);
insert into SHOT values (6934, 6950, 6952, 2491, 9.040, 54.65, -5.90, 9.040, 54.65, -5.90, 0.000, 191.07, 0.00);
insert into SHOT values (6935, 6950, 6953, 2491, 8.400, 20.25, -6.90, 8.400, 20.25, -6.90, 0.000, 346.78, -0.01);
insert into SHOT values (6936, 6950, 6954, 2491, 4.250, 218.85, -10.80, 4.250, 218.85, -10.80, 0.000, 302.60, -0.13);
insert into SHOT values (6937, 6950, 6955, 2491, 4.830, 257.95, -5.20, 4.830, 257.95, -5.20, 0.000, 23.87, 0.05);
insert into SHOT values (6938, 6950, 6956, 2491, 6.600, 303.25, -4.00, 6.600, 303.25, -4.00, 0.000, 356.70, -0.00);
insert into SHOT values (6939, 6950, 6957, 2491, 6.480, 324.35, -5.90, 6.480, 324.35, -5.90, 0.000, 168.68, 0.03);
insert into SHOT values (6940, 6950, 6958, 2491, 1.030, 287.45, -86.30, 1.030, 287.45, -86.30, 0.000, 3.28, 0.02);
insert into SHOT values (6941, 6950, 6959, 2491, 1.340, 277.15, 82.70, 1.340, 277.15, 82.70, 0.000, 189.53, -0.01);
insert into SHOT values (6942, 6950, 6960, 2491, 1.170, 137.75, -3.60, 1.170, 137.75, -3.60, 0.000, 206.14, 0.04);
insert into SHOT values (6943, 6950, 6961, 2491, 15.520, 137.75, -3.70, 15.520, 137.75, -3.70, 0.000, 5.36, 0.05);
insert into SHOT values (6944, 6961, 6962, 2491, 6.130, 74.05, 4.30, 6.130, 74.05, 4.30, 0.000, 359.08, -0.01);
insert into SHOT values (6945, 6961, 6963, 2491, 6.930, 33.25, 3.00, 6.930, 33.25, 3.00, 0.000, 177.33, 0.01);
insert into SHOT values (6946, 6961, 6964, 2491, 10.030, 3.75, 3.30, 10.030, 3.75, 3.30, 0.000, 339.87, 0.13);
insert into SHOT values (6947, 6961, 6965, 2491, 18.790, 332.15, 4.30, 18.790, 332.15, 4.30, 0.000, 354.96, -0.04);
insert into SHOT values (6948, 6961, 6966, 2491, 0.160, 176.45, 6.20, 0.160, 176.45, 6.20, 0.000, 163.61, 0.03);
insert into SHOT values (6949, 6961, 6967, 2491, 7.410, 212.95, 6.20, 7.410, 212.95, 6.20, 0.000, 358.34, 0.01);
insert into SHOT values (6950, 6961, 6968, 2491, 7.820, 240.25, 5.20, 7.820, 240.25, 5.20, 0.000, 114.03, 0.00);
insert into SHOT values (6951, 6961, 6969, 2491, 7.110, 270.15, 4.70, 7.110, 270.15, 4.70, 0.000, 185.98, -0.00);
insert into SHOT values (6952, 6961, 6970, 2491, 13.690, 295.75, 1.90, 13.690, 295.75, 1.90, 0.000, 6.28, 0.01);
insert into SHOT values (6953, 6961, 6971, 2491, 0.260, 179.65, -80.00, 0.260, 179.65, -80.00, 0.000, 351.83, -0.02);
insert into SHOT values (6954, 6961, 6972, 2491, 1.560, 220.65, 87.60, 1.560, 220.65, 87.60, 0.000, 186.93, 0.01);
insert into SHOT values (6955, 6961, 6973, 2491, 5.390, 122.65, 4.60, 5.390, 122.65, 4.60, 0.000, 190.29, 0.02);
insert into SHOT values (6956, 6973, 6974, 2491, 11.940, 125.65, -0.10, 11.940, 125.65, -0.10, 0.000, 5.48, 0.02);
insert into SHOT values (6957, 6973, 6975, 2491, 8.770, 99.45, 1.60, 8.770, 99.45, 1.60, 0.000, 136.58, 0.06);
insert into SHOT values (6958, 6973, 6976, 2491, 4.300, 57.95, 0.60, 4.300, 57.95, 0.60, 0.000, 142.67, -0.06);
insert into SHOT values (6959, 6973, 6977, 2491, 5.430, 12.25, 2.40, 5.430, 12.25, 2.40, 0.000, 160.63, -0.02);
insert into SHOT values (6960, 6973, 6978, 2491, 9.470, 351.25, 1.10, 9.470, 351.25, 1.10, 0.000, 6.15, -0.01);
insert into SHOT values (6961, 6973, 6979, 2491, 11.880, 190.15, 1.90, 11.880, 190.15, 1.90, 0.000, 358.21, 0.01);
insert into SHOT values (6962, 6973, 6980, 2491, 7.900, 220.35, 2.10, 7.900, 220.35, 2.10, 0.000, 162.76, -0.03);
insert into SHOT values (6963, 6973, 6981, 2491, 10.250, 250.35, 2.10, 10.250, 250.35, 2.10, 0.000, 359.41, -0.00);
insert into SHOT values (6964, 6973, 6982, 2491, 12.460, 273.15, 1.00, 12.460, 273.15, 1.00, 0.000, 176.77, -0.11);
insert into SHOT values (6965, 6973, 6983, 2491, 0.320, 337.65, -86.10, 0.320, 337.65, -86.10, 0.000, 199.59, 0.07);
insert into SHOT values (6966, 6973, 6984, 2491, 1.440, 288.55, 75.60, 1.440, 288.55, 75.60, 0.000, 229.90, 0.10);
insert into SHOT values (6967, 6973, 6985, 2491, 11.310, 152.95, -1.60, 11.310, 152.95, -1.60, 0.000, 345.42, -0.01);
insert into SHOT values (6968, 6985, 6986, 2491, 5.200, 83.35, 3.00, 5.200, 83.35, 3.00, 0.000, 28.23, 0.07);
insert into SHOT values (6969, 6985, 6987, 2491, 5.370, 55.95, 4.70, 5.370, 55.95, 4.70, 0.000, 195.55, -0.02);
insert into SHOT values (6970, 6985, 6988, 2491, 8.050, 27.55, 4.20, 8.050, 27.55, 4.20, 0.000, 357.44, -0.07);
insert into SHOT values (6971, 6985, 6989, 2491, 10.080, 273.15, 4.00, 10.080, 273.15, 4.00, 0.000, 166.35, 0.09);
insert into SHOT values (6972, 6985, 6990, 2491, 5.290, 239.75, 5.00, 5.290, 239.75, 5.00, 0.000, 183.40, -0.01);
insert into SHOT values (6973, 6985, 6991, 2491, 9.990, 203.95, 3.40, 9.990, 203.95, 3.40, 0.000, 142.67, 0.01);
insert into SHOT values (6974, 6985, 6992, 2491, 8.060, 153.45, 4.30, 8.060, 153.45, 4.30, 0.000, 347.00, 0.01);
insert into SHOT values (6975, 6985, 6993, 2491, 0.410, 310.85, -82.90, 0.410, 310.85, -82.90, 0.000, 359.32, -0.00);
insert into SHOT values (6976, 6985, 6994, 2491, 1.750, 72.55, 86.60, 1.750, 72.55, 86.60, 0.000, 273.42, -0.03);
insert into SHOT values (6977, 6985, 6995, 2491, 12.350, 111.55, 0.50, 12.350, 111.55, 0.50, 0.000, 186.59, -0.01);
insert into SHOT values (6978, 6995, 6996, 2491, 1.180, 124.55, -1.00, 1.180, 124.55, -1.00, 0.000, 338.02, -0.02);
insert into SHOT values (6979, 6995, 6997, 2491, 1.340, 38.45, 3.00, 1.340, 38.45, 3.00, 0.000, 171.64, 0.02);
insert into SHOT values (6980, 6995, 6998, 2491, 2.600, 306.85, 5.00, 2.600, 306.85, 5.00, 0.000, 166.68, 0.01);
insert into SHOT values (6981, 6995, 6999, 2491, 2.420, 256.05, 11.40, 2.420, 256.05, 11.40, 0.000, 187.23, 0.01);
insert into SHOT values (6982, 6995, 7000, 2491, 1.910, 209.15, 4.00, 1.910, 209.15, 4.00, 0.000, 206.37, -0.02);
insert into SHOT values (6983, 6995, 7001, 2491, 0.730, 233.85, -44.70, 0.730, 233.85, -44.70, 0.000, 183.64, 0.01);
insert into SHOT values (6984, 6995, 7002, 2491, 1.850, 240.35, 73.80, 1.850, 240.35, 73.80, 0.000, 359.93, 0.01);
insert into SHOT values (6985, 6995, 7003, 2491, 6.480, 184.05, 0.80, 6.480, 184.05, 0.80, 0.000, 4.41, 0.01);
insert into SHOT values (6986, 7003, 7004, 2491, 2.380, 90.95, -2.40, 2.380, 90.95, -2.40, 0.000, 356.06, 0.01);
insert into SHOT values (6987, 7003, 7005, 2491, 0.540, 52.95, -8.70, 0.540, 52.95, -8.70, 0.000, 179.07, 0.02);
insert into SHOT values (6988, 7003, 7006, 2491, 2.820, 311.85, 9.70, 2.820, 311.85, 9.70, 0.000, 173.12, -0.01);
insert into SHOT values (6989, 7003, 7007, 2491, 4.470, 273.25, 14.40, 4.470, 273.25, 14.40, 0.000, 173.57, 0.02);
insert into SHOT values (6990, 7003, 7008, 2491, 4.770, 237.55, 5.70, 4.770, 237.55, 5.70, 0.000, 310.12, -0.06);
insert into SHOT values (6991, 7003, 7009, 2491, 3.900, 186.15, 5.80, 3.900, 186.15, 5.80, 0.000, 178.48, -0.01);
insert into SHOT values (6992, 7003, 7010, 2491, 0.630, 207.55, -76.50, 0.630, 207.55, -76.50, 0.000, 353.93, 0.02);
insert into SHOT values (6993, 7003, 7011, 2491, 2.010, 209.85, 75.90, 2.010, 209.85, 75.90, 0.000, 21.54, 0.02);
insert into SHOT values (6994, 7003, 7012, 2491, 9.670, 148.65, -2.10, 9.670, 148.65, -2.10, 0.000, 173.81, 0.02);
insert into SHOT values (6995, 7012, 7013, 2491, 2.060, 64.25, 12.40, 2.060, 64.25, 12.40, 0.000, 7.25, -0.02);
insert into SHOT values (6996, 7012, 7014, 2491, 1.900, 29.05, 13.30, 1.900, 29.05, 13.30, 0.000, 71.87, -0.01);
insert into SHOT values (6997, 7012, 7015, 2491, 3.520, 359.75, 8.60, 3.520, 359.75, 8.60, 0.000, 175.05, -0.01);
insert into SHOT values (6998, 7012, 7016, 2491, 1.540, 140.95, 9.90, 1.540, 140.95, 9.90, 0.000, 174.60, 0.01);
insert into SHOT values (6999, 7012, 7017, 2491, 2.210, 206.15, 9.80, 2.210, 206.15, 9.80, 0.000, 171.68, 0.02);
insert into SHOT values (7000, 7012, 7018, 2491, 3.710, 260.45, 8.00, 3.710, 260.45, 8.00, 0.000, 180.14, 0.01);
insert into SHOT values (7001, 7012, 7019, 2491, 0.760, 333.15, -74.00, 0.760, 333.15, -74.00, 0.000, 209.03, -0.04);
insert into SHOT values (7002, 7012, 7020, 2491, 0.620, 269.45, 81.90, 0.620, 269.45, 81.90, 0.000, 7.79, -0.01);
insert into SHOT values (7003, 7012, 7021, 2491, 9.970, 91.95, -0.10, 9.970, 91.95, -0.10, 0.000, 21.82, -0.04);
insert into SHOT values (7004, 7021, 7022, 2491, 1.710, 102.55, 15.80, 1.710, 102.55, 15.80, 0.000, 355.09, 0.09);
insert into SHOT values (7005, 7021, 7023, 2491, 1.790, 99.65, 13.30, 1.790, 99.65, 13.30, 0.000, 4.36, 0.02);
insert into SHOT values (7006, 7021, 7024, 2491, 1.690, 328.75, 20.80, 1.690, 328.75, 20.80, 0.000, 354.18, 0.00);
insert into SHOT values (7007, 7021, 7025, 2491, 3.070, 294.35, 9.90, 3.070, 294.35, 9.90, 0.000, 263.98, -0.18);
insert into SHOT values (7008, 7021, 7026, 2491, 2.320, 175.65, -4.30, 2.320, 175.65, -4.30, 0.000, 181.00, -0.01);
insert into SHOT values (7009, 7021, 7027, 2491, 2.990, 216.15, 6.20, 2.990, 216.15, 6.20, 0.000, 6.29, 0.00);
insert into SHOT values (7010, 7021, 7028, 2491, 3.580, 251.15, 7.00, 3.580, 251.15, 7.00, 0.000, 155.44, 0.04);
insert into SHOT values (7011, 7021, 7029, 2491, 1.630, 211.65, -48.20, 1.630, 211.65, -48.20, 0.000, 354.94, 0.01);
insert into SHOT values (7012, 7021, 7030, 2491, 0.790, 156.15, 71.60, 0.790, 156.15, 71.60, 0.000, 37.52, 0.05);
insert into SHOT values (7013, 7021, 7031, 2491, 4.070, 158.15, -16.40, 4.070, 158.15, -16.40, 0.000, 173.87, -0.01);
insert into SHOT values (7014, 7031, 7032, 2491, 0.620, 195.75, 22.00, 0.620, 195.75, 22.00, 0.000, 149.12, 0.16);
insert into SHOT values (7015, 7031, 7033, 2491, 1.420, 294.05, 18.90, 1.420, 294.05, 18.90, 0.000, 184.38, 0.01);
insert into SHOT values (7016, 7031, 7034, 2491, 2.420, 126.45, 2.90, 2.420, 126.45, 2.90, 0.000, 349.49, 0.01);
insert into SHOT values (7017, 7031, 7035, 2491, 1.460, 85.35, 6.80, 1.460, 85.35, 6.80, 0.000, 7.49, 0.00);
insert into SHOT values (7018, 7031, 7036, 2491, 1.550, 11.45, 13.30, 1.550, 11.45, 13.30, 0.000, 8.55, 0.03);
insert into SHOT values (7019, 7031, 7037, 2491, 0.830, 98.65, -87.30, 0.830, 98.65, -87.30, 0.000, 0.96, -0.00);
insert into SHOT values (7020, 7031, 7038, 2491, 0.350, 154.75, 75.90, 0.350, 154.75, 75.90, 0.000, 351.46, -0.01);
insert into SHOT values (7021, 7031, 7039, 2491, 7.450, 147.35, -2.00, 7.450, 147.35, -2.00, 0.000, 157.07, -0.08);
insert into SHOT values (7022, 7039, 7040, 2491, 2.560, 85.75, 9.40, 2.560, 85.75, 9.40, 0.000, 3.17, -0.07);
insert into SHOT values (7023, 7039, 7041, 2491, 0.760, 41.55, -3.80, 0.760, 41.55, -3.80, 0.000, 171.20, -0.01);
insert into SHOT values (7024, 7039, 7042, 2491, 1.440, 336.55, 8.90, 1.440, 336.55, 8.90, 0.000, 113.41, -0.09);
insert into SHOT values (7025, 7039, 7043, 2491, 1.170, 287.15, 11.40, 1.170, 287.15, 11.40, 0.000, 147.93, 0.10);
insert into SHOT values (7026, 7039, 7044, 2491, 0.700, 123.45, -2.00, 0.700, 123.45, -2.00, 0.000, 34.49, 0.07);
insert into SHOT values (7027, 7039, 7045, 2491, 0.530, 76.85, -75.80, 0.530, 76.85, -75.80, 0.000, 1.01, 0.00);
insert into SHOT values (7028, 7039, 7046, 2491, 0.370, 73.55, 82.90, 0.370, 73.55, 82.90, 0.000, 183.63, -0.00);
insert into SHOT values (7029, 7039, 7047, 2491, 0.530, 65.85, -82.50, 0.530, 65.85, -82.50, 0.000, 356.35, 0.01);
insert into SHOT values (7030, 7039, 7048, 2491, 4.550, 96.95, 9.70, 4.550, 96.95, 9.70, 0.000, 173.96, 0.00);
insert into SHOT values (7031, 7048, 7049, 2491, 1.550, 132.85, -0.30, 1.550, 132.85, -0.30, 0.000, 0.60, 0.01);
insert into SHOT values (7032, 7048, 7050, 2491, 0.590, 199.65, 0.30, 0.590, 199.65, 0.30, 0.000, 330.08, -0.00);
insert into SHOT values (7033, 7048, 7051, 2491, 1.430, 241.95, -2.50, 1.430, 241.95, -2.50, 0.000, 352.01, 0.01);
insert into SHOT values (7034, 7048, 7052, 2491, 1.970, 265.55, -4.30, 1.970, 265.55, -4.30, 0.000, 1.55, -0.01);
insert into SHOT values (7035, 7048, 7053, 2491, 0.310, 333.35, -0.30, 0.310, 333.35, -0.30, 0.000, 338.57, -0.02);
insert into SHOT values (7036, 7048, 7054, 2491, 0.640, 273.85, -87.30, 0.640, 273.85, -87.30, 0.000, 186.72, -0.02);
insert into SHOT values (7037, 7048, 7055, 2491, 0.940, 156.85, 83.70, 0.940, 156.85, 83.70, 0.000, 355.78, 0.00);
insert into SHOT values (7038, 7048, 7056, 2491, 4.990, 117.75, -5.50, 4.990, 117.75, -5.50, 0.000, 185.58, -0.02);
insert into SHOT values (7039, 7056, 7057, 2491, 2.430, 81.15, 4.60, 2.430, 81.15, 4.60, 0.000, 350.70, 0.02);
insert into SHOT values (7040, 7056, 7058, 2491, 1.070, 39.35, 5.40, 1.070, 39.35, 5.40, 0.000, 187.40, 0.02);
insert into SHOT values (7041, 7056, 7059, 2491, 1.310, 342.05, 6.60, 1.310, 342.05, 6.60, 0.000, 11.95, -0.00);
insert into SHOT values (7042, 7056, 7060, 2491, 1.480, 279.45, -0.10, 1.480, 279.45, -0.10, 0.000, 69.67, -0.04);
insert into SHOT values (7043, 7056, 7061, 2491, 0.580, 208.75, 15.60, 0.580, 208.75, 15.60, 0.000, 157.62, -0.08);
insert into SHOT values (7044, 7056, 7062, 2491, 1.000, 130.85, 17.70, 1.000, 130.85, 17.70, 0.000, 6.69, -0.01);
insert into SHOT values (7045, 7056, 7063, 2491, 2.410, 103.95, 1.80, 2.410, 103.95, 1.80, 0.000, 179.53, -0.00);
insert into SHOT values (7046, 7056, 7064, 2491, 0.550, 329.85, -42.30, 0.550, 329.85, -42.30, 0.000, 195.90, 0.01);
insert into SHOT values (7047, 7056, 7065, 2491, 0.900, 343.45, 71.30, 0.900, 343.45, 71.30, 0.000, 0.46, 0.00);
insert into SHOT values (7048, 7056, 7066, 2491, 4.020, 98.95, 4.80, 4.020, 98.95, 4.80, 0.000, 261.98, -0.07);
insert into SHOT values (7049, 7066, 7067, 2491, 1.520, 165.35, 0.80, 1.520, 165.35, 0.80, 0.000, 190.02, -0.01);
insert into SHOT values (7050, 7066, 7068, 2491, 1.350, 217.25, -0.50, 1.350, 217.25, -0.50, 0.000, 353.49, 0.01);
insert into SHOT values (7051, 7066, 7069, 2491, 0.860, 246.85, 2.60, 0.860, 246.85, 2.60, 0.000, 177.45, -0.01);
insert into SHOT values (7052, 7066, 7070, 2491, 0.490, 125.85, -4.10, 0.490, 125.85, -4.10, 0.000, 9.47, 0.01);
insert into SHOT values (7053, 7066, 7071, 2491, 1.050, 317.05, -0.40, 1.050, 317.05, -0.40, 0.000, 193.80, -0.01);
insert into SHOT values (7054, 7066, 7072, 2491, 0.740, 232.75, -66.60, 0.740, 232.75, -66.60, 0.000, 41.87, -0.05);
insert into SHOT values (7055, 7066, 7073, 2491, 0.590, 198.35, 60.40, 0.590, 198.35, 60.40, 0.000, 174.40, -0.00);
insert into SHOT values (7056, 7066, 7074, 2491, 2.010, 138.25, 0.50, 2.010, 138.25, 0.50, 0.000, 188.11, 0.01);
insert into SHOT values (7057, 7074, 7075, 2491, 1.630, 78.75, -0.20, 1.630, 78.75, -0.20, 0.000, 2.25, -0.00);
insert into SHOT values (7058, 7074, 7076, 2491, 0.760, 31.85, 7.60, 0.760, 31.85, 7.60, 0.000, 49.39, -0.04);
insert into SHOT values (7059, 7074, 7077, 2491, 1.040, 328.75, 5.70, 1.040, 328.75, 5.70, 0.000, 188.08, 0.00);
insert into SHOT values (7060, 7074, 7078, 2491, 0.550, 119.15, 5.60, 0.550, 119.15, 5.60, 0.000, 336.77, -0.01);
insert into SHOT values (7061, 7074, 7079, 2491, 1.060, 273.45, 2.40, 1.060, 273.45, 2.40, 0.000, 3.03, 0.01);
insert into SHOT values (7062, 7074, 7080, 2491, 0.680, 40.25, -48.00, 0.680, 40.25, -48.00, 0.000, 183.68, -0.01);
insert into SHOT values (7063, 7074, 7081, 2491, 0.970, 333.25, 69.00, 0.970, 333.25, 69.00, 0.000, 183.77, 0.02);
insert into SHOT values (7064, 7074, 7082, 2491, 4.110, 100.75, 3.50, 4.110, 100.75, 3.50, 0.000, 354.41, -0.04);
insert into SHOT values (7065, 7082, 7083, 2491, 0.950, 148.95, -2.20, 0.950, 148.95, -2.20, 0.000, 355.92, -0.00);
insert into SHOT values (7066, 7082, 7084, 2491, 0.630, 191.65, -4.60, 0.630, 191.65, -4.60, 0.000, 358.09, -0.00);
insert into SHOT values (7067, 7082, 7085, 2491, 0.570, 261.35, -2.70, 0.570, 261.35, -2.70, 0.000, 178.13, 0.01);
insert into SHOT values (7068, 7082, 7086, 2491, 1.500, 297.75, -1.20, 1.500, 297.75, -1.20, 0.000, 27.98, 0.03);
insert into SHOT values (7069, 7082, 7087, 2491, 0.390, 333.35, -7.60, 0.390, 333.35, -7.60, 0.000, 5.14, 0.02);
insert into SHOT values (7070, 7082, 7088, 2491, 0.870, 285.95, -62.10, 0.870, 285.95, -62.10, 0.000, 333.25, -0.04);
insert into SHOT values (7071, 7082, 7089, 2491, 0.520, 282.85, 72.40, 0.520, 282.85, 72.40, 0.000, 137.25, 0.09);
insert into SHOT values (7072, 7082, 7090, 2491, 3.850, 112.95, -11.30, 3.850, 112.95, -11.30, 0.000, 9.37, -0.01);
insert into SHOT values (7073, 7090, 7091, 2491, 1.520, 39.45, 2.50, 1.520, 39.45, 2.50, 0.000, 163.39, 0.04);
insert into SHOT values (7074, 7090, 7092, 2491, 0.760, 357.05, 0.40, 0.760, 357.05, 0.40, 0.000, 150.98, 0.03);
insert into SHOT values (7075, 7090, 7093, 2491, 1.400, 309.85, 5.50, 1.400, 309.85, 5.50, 0.000, 359.07, 0.00);
insert into SHOT values (7076, 7090, 7094, 2491, 2.380, 295.05, 5.60, 2.380, 295.05, 5.60, 0.000, 184.60, 0.02);
insert into SHOT values (7077, 7090, 7095, 2491, 1.520, 266.45, 11.80, 1.520, 266.45, 11.80, 0.000, 2.54, -0.02);
insert into SHOT values (7078, 7090, 7096, 2491, 0.440, 245.95, 20.70, 0.440, 245.95, 20.70, 0.000, 0.82, 0.01);
insert into SHOT values (7079, 7090, 7097, 2491, 1.270, 84.95, 9.00, 1.270, 84.95, 9.00, 0.000, 98.28, 0.01);
insert into SHOT values (7080, 7090, 7098, 2491, 0.490, 41.25, -54.90, 0.490, 41.25, -54.90, 0.000, 141.12, 0.09);
insert into SHOT values (7081, 7090, 7099, 2491, 1.290, 32.15, 48.80, 1.290, 32.15, 48.80, 0.000, 357.03, -0.02);
insert into SHOT values (7082, 7090, 7100, 2491, 6.960, 80.15, 8.60, 6.960, 80.15, 8.60, 0.000, 355.75, -0.01);
insert into SHOT values (7083, 7100, 7101, 2491, 2.140, 102.85, 12.00, 2.140, 102.85, 12.00, 0.000, 2.49, -0.02);
insert into SHOT values (7084, 7100, 7102, 2491, 3.110, 126.75, 10.80, 3.110, 126.75, 10.80, 0.000, 172.39, -0.00);
insert into SHOT values (7085, 7100, 7103, 2491, 1.870, 153.05, 11.30, 1.870, 153.05, 11.30, 0.000, 0.75, -0.01);
insert into SHOT values (7086, 7100, 7104, 2491, 0.970, 199.95, -5.10, 0.970, 199.95, -5.10, 0.000, 116.86, -0.10);
insert into SHOT values (7087, 7100, 7105, 2491, 2.480, 240.75, -4.40, 2.480, 240.75, -4.40, 0.000, 357.30, -0.03);
insert into SHOT values (7088, 7100, 7106, 2491, 3.460, 256.85, -4.70, 3.460, 256.85, -4.70, 0.000, 359.42, 0.05);
insert into SHOT values (7089, 7100, 7107, 2491, 2.120, 285.65, -9.30, 2.120, 285.65, -9.30, 0.000, 1.81, 0.01);
insert into SHOT values (7090, 7100, 7108, 2491, 0.550, 322.75, 10.20, 0.550, 322.75, 10.20, 0.000, 5.62, 0.03);
insert into SHOT values (7091, 7100, 7109, 2491, 0.730, 30.75, 26.70, 0.730, 30.75, 26.70, 0.000, 179.56, 0.02);
insert into SHOT values (7092, 7100, 7110, 2491, 0.610, 214.45, -60.10, 0.610, 214.45, -60.10, 0.000, 2.49, 0.01);
insert into SHOT values (7093, 7100, 7111, 2491, 1.660, 198.45, 71.10, 1.660, 198.45, 71.10, 0.000, 347.57, 0.06);
insert into SHOT values (7094, 7100, 7112, 2491, 4.900, 109.55, 9.70, 4.900, 109.55, 9.70, 0.000, 204.02, 0.04);
insert into SHOT values (7095, 7112, 7113, 2491, 1.310, 164.95, 1.60, 1.310, 164.95, 1.60, 0.000, 314.29, 0.01);
insert into SHOT values (7096, 7112, 7114, 2491, 1.000, 207.85, 1.00, 1.000, 207.85, 1.00, 0.000, 3.49, 0.01);
insert into SHOT values (7097, 7112, 7115, 2491, 2.140, 120.35, -3.90, 2.140, 120.35, -3.90, 0.000, 4.21, 0.01);
insert into SHOT values (7098, 7112, 7116, 2491, 0.380, 1.65, 8.60, 0.380, 1.65, 8.60, 0.000, 180.07, 0.02);
insert into SHOT values (7099, 7112, 7117, 2491, 0.350, 3.25, 9.50, 0.350, 3.25, 9.50, 0.000, 102.27, -0.04);
insert into SHOT values (7100, 7112, 7118, 2491, 1.460, 295.65, 11.70, 1.460, 295.65, 11.70, 0.000, 184.82, 0.01);
insert into SHOT values (7101, 7112, 7119, 2491, 1.830, 267.35, -2.90, 1.830, 267.35, -2.90, 0.000, 350.92, -0.13);
insert into SHOT values (7102, 7112, 7120, 2491, 0.570, 247.35, -58.10, 0.570, 247.35, -58.10, 0.000, 346.74, -0.01);
insert into SHOT values (7103, 7112, 7121, 2491, 1.250, 187.45, 78.40, 1.250, 187.45, 78.40, 0.000, 180.80, 0.01);
insert into SHOT values (7104, 7112, 7122, 2491, 6.960, 139.35, -1.30, 6.960, 139.35, -1.30, 0.000, 174.49, 0.02);
insert into SHOT values (7105, 7122, 7123, 2491, 5.250, 120.65, 1.80, 5.250, 120.65, 1.80, 0.000, 6.35, -0.01);
insert into SHOT values (7106, 7122, 7124, 2491, 3.970, 85.95, -0.30, 3.970, 85.95, -0.30, 0.000, 173.36, -0.01);
insert into SHOT values (7107, 7122, 7125, 2491, 2.810, 45.35, -1.50, 2.810, 45.35, -1.50, 0.000, 175.08, -0.02);
insert into SHOT values (7108, 7122, 7126, 2491, 2.380, 340.55, -1.50, 2.380, 340.55, -1.50, 0.000, 177.23, -0.01);
insert into SHOT values (7109, 7122, 7127, 2491, 2.410, 277.65, 8.40, 2.410, 277.65, 8.40, 0.000, 10.29, -0.00);
insert into SHOT values (7110, 7122, 7128, 2491, 3.070, 236.45, 13.00, 3.070, 236.45, 13.00, 0.000, 2.90, 0.00);
insert into SHOT values (7111, 7122, 7129, 2491, 3.850, 212.45, 8.90, 3.850, 212.45, 8.90, 0.000, 168.08, 0.07);
insert into SHOT values (7112, 7122, 7130, 2491, 4.720, 189.25, 7.20, 4.720, 189.25, 7.20, 0.000, 5.42, -0.00);
insert into SHOT values (7113, 7122, 7131, 2491, 6.160, 168.45, 5.20, 6.160, 168.45, 5.20, 0.000, 1.68, -0.01);
insert into SHOT values (7114, 7122, 7132, 2491, 5.850, 156.75, 4.80, 5.850, 156.75, 4.80, 0.000, 358.86, -0.02);
insert into SHOT values (7115, 7122, 7133, 2491, 0.830, 211.65, -26.80, 0.830, 211.65, -26.80, 0.000, 191.56, -0.02);
insert into SHOT values (7116, 7122, 7134, 2491, 0.670, 147.85, 73.90, 0.670, 147.85, 73.90, 0.000, 341.30, 0.01);
insert into SHOT values (7117, 7122, 7135, 2491, 8.520, 132.25, 0.70, 8.520, 132.25, 0.70, 0.000, 356.33, -0.09);
insert into SHOT values (7118, 7135, 7136, 2491, 5.050, 317.65, 6.40, 5.050, 317.65, 6.40, 0.000, 178.34, 0.00);
insert into SHOT values (7119, 7135, 7137, 2491, 2.880, 329.25, 7.50, 2.880, 329.25, 7.50, 0.000, 165.73, -0.03);
insert into SHOT values (7120, 7135, 7138, 2491, 1.950, 26.35, 16.00, 1.950, 26.35, 16.00, 0.000, 142.79, -0.13);
insert into SHOT values (7121, 7135, 7139, 2491, 1.830, 257.95, 1.20, 1.830, 257.95, 1.20, 0.000, 344.06, 0.06);
insert into SHOT values (7122, 7135, 7140, 2491, 0.720, 196.75, 3.00, 0.720, 196.75, 3.00, 0.000, 152.93, 0.04);
insert into SHOT values (7123, 7135, 7141, 2491, 2.010, 101.55, 3.70, 2.010, 101.55, 3.70, 0.000, 15.79, 0.01);
insert into SHOT values (7124, 7135, 7142, 2491, 0.800, 20.85, -35.20, 0.800, 20.85, -35.20, 0.000, 180.10, 0.00);
insert into SHOT values (7125, 7135, 7143, 2491, 2.370, 8.85, 51.60, 2.370, 8.85, 51.60, 0.000, 351.51, -0.02);
insert into SHOT values (7126, 7135, 7144, 2491, 13.000, 100.45, 1.40, 13.000, 100.45, 1.40, 0.000, 1.80, 0.02);
insert into SHOT values (7127, 7144, 7145, 2491, 8.180, 136.25, 1.30, 8.180, 136.25, 1.30, 0.000, 182.05, -0.02);
insert into SHOT values (7128, 7144, 7146, 2491, 3.320, 180.75, 2.80, 3.320, 180.75, 2.80, 0.000, 51.45, -0.10);
insert into SHOT values (7129, 7144, 7147, 2491, 3.710, 241.25, 4.10, 3.710, 241.25, 4.10, 0.000, 198.70, 0.04);
insert into SHOT values (7130, 7144, 7148, 2491, 5.680, 281.45, 2.80, 5.680, 281.45, 2.80, 0.000, 189.63, 0.02);
insert into SHOT values (7131, 7144, 7149, 2491, 5.570, 310.45, 2.90, 5.570, 310.45, 2.90, 0.000, 168.76, -0.02);
insert into SHOT values (7132, 7144, 7150, 2491, 4.320, 358.55, 2.40, 4.320, 358.55, 2.40, 0.000, 8.57, 0.00);
insert into SHOT values (7133, 7144, 7151, 2491, 4.530, 44.55, 4.20, 4.530, 44.55, 4.20, 0.000, 102.41, 0.02);
insert into SHOT values (7134, 7144, 7152, 2491, 7.070, 67.35, 4.60, 7.070, 67.35, 4.60, 0.000, 323.42, -0.01);
insert into SHOT values (7135, 7144, 7153, 2491, 8.140, 87.05, 4.40, 8.140, 87.05, 4.40, 0.000, 9.34, 0.00);
insert into SHOT values (7136, 7144, 7154, 2491, 0.300, 50.75, -52.30, 0.300, 50.75, -52.30, 0.000, 201.78, -0.05);
insert into SHOT values (7137, 7144, 7155, 2491, 1.990, 144.25, 72.60, 1.990, 144.25, 72.60, 0.000, 176.53, -0.02);
insert into SHOT values (7138, 7144, 7156, 2491, 14.490, 110.65, 1.40, 14.490, 110.65, 1.40, 0.000, 2.55, 0.01);
insert into SHOT values (7139, 7156, 7157, 2491, 4.610, 180.65, -0.10, 4.610, 180.65, -0.10, 0.000, 151.34, 0.00);
insert into SHOT values (7140, 7156, 7158, 2491, 5.410, 223.65, -0.60, 5.410, 223.65, -0.60, 0.000, 5.84, -0.01);
insert into SHOT values (7141, 7156, 7159, 2491, 4.580, 20.45, 3.30, 4.580, 20.45, 3.30, 0.000, 347.11, -0.01);
insert into SHOT values (7142, 7156, 7160, 2491, 5.560, 339.85, 0.30, 5.560, 339.85, 0.30, 0.000, 187.82, 0.01);
insert into SHOT values (7143, 7156, 7161, 2491, 7.790, 327.05, 0.10, 7.790, 327.05, 0.10, 0.000, 204.80, -0.03);
insert into SHOT values (7144, 7156, 7162, 2491, 13.780, 307.25, 1.00, 13.780, 307.25, 1.00, 0.000, 159.33, 0.02);
insert into SHOT values (7145, 7156, 7163, 2491, 11.160, 265.85, -0.90, 11.160, 265.85, -0.90, 0.000, 203.55, -0.01);
insert into SHOT values (7146, 7156, 7164, 2491, 0.760, 324.95, -48.10, 0.760, 324.95, -48.10, 0.000, 171.52, 0.00);
insert into SHOT values (7147, 7156, 7165, 2491, 2.850, 263.95, 83.50, 2.850, 263.95, 83.50, 0.000, 336.85, -0.06);
insert into SHOT values (7148, 7156, 7166, 2491, 13.420, 71.15, 1.50, 13.420, 71.15, 1.50, 0.000, 344.89, -0.01);
insert into SHOT values (7149, 7166, 7167, 2491, 10.950, 27.05, 2.50, 10.950, 27.05, 2.50, 0.000, 7.82, 0.02);
insert into SHOT values (7150, 7166, 7168, 2491, 8.020, 357.45, 1.30, 8.020, 357.45, 1.30, 0.000, 8.63, -0.00);
insert into SHOT values (7151, 7166, 7169, 2491, 7.970, 322.95, 0.60, 7.970, 322.95, 0.60, 0.000, 4.51, 0.00);
insert into SHOT values (7152, 7166, 7170, 2491, 10.990, 294.15, 0.60, 10.990, 294.15, 0.60, 0.000, 328.28, 0.03);
insert into SHOT values (7153, 7166, 7171, 2491, 10.990, 269.75, 0.40, 10.990, 269.75, 0.40, 0.000, 345.01, -0.05);
insert into SHOT values (7154, 7166, 7172, 2491, 12.740, 239.85, 1.40, 12.740, 239.85, 1.40, 0.000, 352.76, 0.01);
insert into SHOT values (7155, 7166, 7173, 2491, 11.950, 227.35, -0.50, 11.950, 227.35, -0.50, 0.000, 175.65, 0.02);
insert into SHOT values (7156, 7166, 7174, 2491, 8.270, 197.15, -0.90, 8.270, 197.15, -0.90, 0.000, 176.42, 0.00);
insert into SHOT values (7157, 7166, 7175, 2491, 6.190, 166.65, 3.50, 6.190, 166.65, 3.50, 0.000, 185.80, 0.01);
insert into SHOT values (7158, 7166, 7176, 2491, 9.040, 120.05, 1.80, 9.040, 120.05, 1.80, 0.000, 181.47, -0.02);
insert into SHOT values (7159, 7166, 7177, 2491, 11.260, 104.55, -0.40, 11.260, 104.55, -0.40, 0.000, 157.08, -0.06);
insert into SHOT values (7160, 7166, 7178, 2491, 0.580, 183.25, -32.10, 0.580, 183.25, -32.10, 0.000, 3.05, -0.00);
insert into SHOT values (7161, 7166, 7179, 2491, 9.210, 189.55, 77.10, 9.210, 189.55, 77.10, 0.000, 346.83, -0.03);
insert into SHOT values (7162, 7166, 7180, 2491, 27.180, 87.05, 0.90, 27.180, 87.05, 0.90, 0.000, 257.46, 0.05);
insert into SHOT values (7163, 7166, 7181, 2491, 31.890, 86.95, 0.70, 31.890, 86.95, 0.70, 0.000, 353.55, -0.02);
insert into SHOT values (7164, 7166, 7182, 2491, 24.110, 87.15, 1.00, 24.110, 87.15, 1.00, 0.000, 3.50, 0.02);
insert into SHOT values (7165, 7166, 7183, 2491, 27.200, 87.05, 0.90, 27.200, 87.05, 0.90, 0.000, 193.22, 0.02);
insert into SHOT values (7166, 7183, 7184, 2491, 4.620, 84.45, 3.40, 4.620, 84.45, 3.40, 0.000, 2.24, 0.00);
insert into SHOT values (7167, 7183, 7185, 2491, 5.850, 22.05, -1.80, 5.850, 22.05, -1.80, 0.000, 348.41, -0.01);
insert into SHOT values (7168, 7183, 7186, 2491, 6.610, 337.15, 1.70, 6.610, 337.15, 1.70, 0.000, 265.45, -0.05);
insert into SHOT values (7169, 7183, 7187, 2491, 12.330, 324.85, 3.40, 12.330, 324.85, 3.40, 0.000, 173.41, -0.01);
insert into SHOT values (7170, 7183, 7188, 2491, 13.630, 311.55, 3.90, 13.630, 311.55, 3.90, 0.000, 358.27, 0.01);
insert into SHOT values (7171, 7183, 7189, 2491, 14.750, 307.05, 2.40, 14.750, 307.05, 2.40, 0.000, 191.82, -0.01);
insert into SHOT values (7172, 7183, 7190, 2491, 15.600, 301.15, 1.90, 15.600, 301.15, 1.90, 0.000, 174.03, 0.01);
insert into SHOT values (7173, 7183, 7191, 2491, 17.690, 262.35, 2.00, 17.690, 262.35, 2.00, 0.000, 10.32, 0.02);
insert into SHOT values (7174, 7183, 7192, 2491, 14.550, 249.45, 0.70, 14.550, 249.45, 0.70, 0.000, 180.21, 0.01);
insert into SHOT values (7175, 7183, 7193, 2491, 14.360, 216.55, 0.10, 14.360, 216.55, 0.10, 0.000, 8.52, -0.01);
insert into SHOT values (7176, 7183, 7194, 2491, 7.490, 193.65, 1.50, 7.490, 193.65, 1.50, 0.000, 8.28, -0.02);
insert into SHOT values (7177, 7183, 7195, 2491, 1.270, 226.55, -32.80, 1.270, 226.55, -32.80, 0.000, 358.18, -0.02);
insert into SHOT values (7178, 7183, 7196, 2491, 1.140, 286.55, 73.90, 1.140, 286.55, 73.90, 0.000, 213.32, -0.02);
insert into SHOT values (7179, 7183, 7197, 2491, 25.000, 104.05, 0.80, 25.000, 104.05, 0.80, 0.000, 4.47, -0.00);
insert into SHOT values (7180, 7197, 7198, 2491, 10.450, 19.55, 13.40, 10.450, 19.55, 13.40, 0.000, 356.46, -0.01);
insert into SHOT values (7181, 7197, 7199, 2491, 10.970, 343.85, 10.00, 10.970, 343.85, 10.00, 0.000, 243.41, 0.21);
insert into SHOT values (7182, 7197, 7200, 2491, 13.720, 317.45, 3.50, 13.720, 317.45, 3.50, 0.000, 4.10, -0.01);
insert into SHOT values (7183, 7197, 7201, 2491, 15.700, 297.15, 2.30, 15.700, 297.15, 2.30, 0.000, 185.85, -0.01);
insert into SHOT values (7184, 7197, 7202, 2491, 18.130, 290.35, 2.30, 18.130, 290.35, 2.30, 0.000, 170.63, 0.03);
insert into SHOT values (7185, 7197, 7203, 2491, 24.920, 265.25, 0.80, 24.920, 265.25, 0.80, 0.000, 172.98, 0.03);
insert into SHOT values (7186, 7197, 7204, 2491, 24.040, 250.05, 1.10, 24.040, 250.05, 1.10, 0.000, 183.83, -0.00);
insert into SHOT values (7187, 7197, 7205, 2491, 19.760, 234.05, 1.60, 19.760, 234.05, 1.60, 0.000, 180.17, -0.01);
insert into SHOT values (7188, 7197, 7206, 2491, 13.790, 220.95, 0.60, 13.790, 220.95, 0.60, 0.000, 1.30, 0.01);
insert into SHOT values (7189, 7197, 7207, 2491, 5.600, 211.75, 0.70, 5.600, 211.75, 0.70, 0.000, 112.05, 0.10);
insert into SHOT values (7190, 7197, 7208, 2491, 4.540, 178.65, 2.40, 4.540, 178.65, 2.40, 0.000, 184.71, 0.00);
insert into SHOT values (7191, 7197, 7209, 2491, 0.550, 299.55, -53.00, 0.550, 299.55, -53.00, 0.000, 1.09, -0.00);
insert into SHOT values (7192, 7197, 7210, 2491, 3.070, 267.95, 79.20, 3.070, 267.95, 79.20, 0.000, 179.56, -0.03);
insert into SHOT values (7193, 7197, 7211, 2491, 30.470, 151.65, 7.20, 30.470, 151.65, 7.20, 0.000, 178.78, -0.00);
insert into SHOT values (7194, 7211, 7212, 2491, 15.550, 13.85, 1.20, 15.550, 13.85, 1.20, 0.000, 334.82, -0.05);
insert into SHOT values (7195, 7211, 7213, 2491, 4.010, 42.05, 7.80, 4.010, 42.05, 7.80, 0.000, 290.71, -0.11);
insert into SHOT values (7196, 7211, 7214, 2491, 2.550, 111.15, 6.60, 2.550, 111.15, 6.60, 0.000, 350.84, -0.00);
insert into SHOT values (7197, 7211, 7215, 2491, 7.280, 149.75, 7.60, 7.280, 149.75, 7.60, 0.000, 359.16, 0.01);
insert into SHOT values (7198, 7211, 7216, 2491, 18.860, 173.15, 0.30, 18.860, 173.15, 0.30, 0.000, 39.08, -0.09);
insert into SHOT values (7199, 7211, 7217, 2491, 13.290, 218.55, 3.50, 13.290, 218.55, 3.50, 0.000, 2.77, -0.02);
insert into SHOT values (7200, 7211, 7218, 2491, 9.560, 254.35, 1.10, 9.560, 254.35, 1.10, 0.000, 123.53, 0.10);
insert into SHOT values (7201, 7211, 7219, 2491, 11.190, 281.55, 0.60, 11.190, 281.55, 0.60, 0.000, 179.30, 0.01);
insert into SHOT values (7202, 7211, 7220, 2491, 3.300, 245.95, -19.80, 3.300, 245.95, -19.80, 0.000, 207.35, -0.04);
insert into SHOT values (7203, 7211, 7221, 2491, 2.370, 225.75, 57.50, 2.370, 225.75, 57.50, 0.000, 191.85, -0.00);
insert into SHOT values (7204, 7211, 7222, 2491, 12.970, 313.95, -7.40, 12.970, 313.95, -7.40, 0.000, 328.95, -0.03);
insert into SHOT values (7205, 7222, 7223, 2491, 4.050, 294.25, 29.60, 4.050, 294.25, 29.60, 0.000, 6.66, 0.01);
insert into SHOT values (7206, 7222, 7224, 2491, 5.390, 238.05, -0.90, 5.390, 238.05, -0.90, 0.000, 8.96, 0.01);
insert into SHOT values (7207, 7222, 7225, 2491, 6.430, 198.25, 4.90, 6.430, 198.25, 4.90, 0.000, 359.16, 0.01);
insert into SHOT values (7208, 7222, 7226, 2491, 14.260, 64.65, 9.60, 14.260, 64.65, 9.60, 0.000, 32.44, -0.11);
insert into SHOT values (7209, 7222, 7227, 2491, 13.130, 112.85, 10.70, 13.130, 112.85, 10.70, 0.000, 9.81, -0.01);
insert into SHOT values (7210, 7222, 7228, 2491, 1.800, 154.05, -27.80, 1.800, 154.05, -27.80, 0.000, 198.95, -0.05);
insert into SHOT values (7211, 7222, 7229, 2491, 3.230, 211.85, 60.10, 3.230, 211.85, 60.10, 0.000, 356.63, 0.01);
insert into SHOT values (7212, 7222, 7230, 2491, 10.350, 239.85, -27.90, 10.350, 239.85, -27.90, 0.000, 359.92, 0.01);
insert into SHOT values (7213, 7230, 7231, 2491, 1.660, 122.15, 5.00, 1.660, 122.15, 5.00, 0.000, 173.63, 0.01);
insert into SHOT values (7214, 7230, 7232, 2491, 2.290, 187.95, 2.70, 2.290, 187.95, 2.70, 0.000, 355.92, 0.01);
insert into SHOT values (7215, 7230, 7233, 2491, 2.430, 261.25, -3.60, 2.430, 261.25, -3.60, 0.000, 345.87, 0.00);
insert into SHOT values (7216, 7230, 7234, 2491, 1.340, 328.15, 7.30, 1.340, 328.15, 7.30, 0.000, 22.33, 0.02);
insert into SHOT values (7217, 7230, 7235, 2491, 0.390, 139.35, -44.80, 0.390, 139.35, -44.80, 0.000, 165.18, 0.02);
insert into SHOT values (7218, 7230, 7236, 2491, 1.190, 353.55, 87.50, 1.190, 353.55, 87.50, 0.000, 184.28, 0.04);
insert into SHOT values (7219, 7230, 7237, 2491, 4.220, 206.95, -2.80, 4.220, 206.95, -2.80, 0.000, 175.07, 0.01);
insert into SHOT values (7220, 7237, 7238, 2491, 0.710, 137.15, -21.20, 0.710, 137.15, -21.20, 0.000, 175.51, 0.01);
insert into SHOT values (7221, 7237, 7239, 2491, 1.090, 287.35, -8.30, 1.090, 287.35, -8.30, 0.000, 15.23, 0.03);
insert into SHOT values (7222, 7237, 7240, 2491, 0.350, 138.25, -67.40, 0.350, 138.25, -67.40, 0.000, 141.60, -0.09);
insert into SHOT values (7223, 7237, 7241, 2491, 0.290, 187.55, 76.40, 0.290, 187.55, 76.40, 0.000, 212.24, 0.08);
insert into SHOT values (7224, 7211, 7242, 2491, 12.770, 200.05, -5.10, 12.770, 200.05, -5.10, 0.000, 355.27, 0.02);
insert into SHOT values (7225, 7242, 7243, 2491, 7.520, 232.15, -5.10, 7.520, 232.15, -5.10, 0.000, 173.87, 0.01);
insert into SHOT values (7226, 7242, 7244, 2491, 3.390, 274.25, 7.30, 3.390, 274.25, 7.30, 0.000, 3.69, -0.00);
insert into SHOT values (7227, 7242, 7245, 2491, 8.090, 323.75, 12.30, 8.090, 323.75, 12.30, 0.000, 65.33, 0.09);
insert into SHOT values (7228, 7242, 7246, 2491, 11.170, 149.45, -5.40, 11.170, 149.45, -5.40, 0.000, 186.93, 0.02);
insert into SHOT values (7229, 7242, 7247, 2491, 9.220, 113.35, 0.70, 9.220, 113.35, 0.70, 0.000, 173.34, 0.01);
insert into SHOT values (7230, 7242, 7248, 2491, 8.690, 66.55, 4.80, 8.690, 66.55, 4.80, 0.000, 293.30, -0.01);
insert into SHOT values (7231, 7242, 7249, 2491, 1.710, 112.15, -48.30, 1.710, 112.15, -48.30, 0.000, 340.40, -0.00);
insert into SHOT values (7232, 7242, 7250, 2491, 2.790, 179.15, 79.70, 2.790, 179.15, 79.70, 0.000, 182.79, 0.01);
insert into SHOT values (7233, 7242, 7251, 2491, 11.590, 169.25, -9.20, 11.590, 169.25, -9.20, 0.000, 150.10, -0.00);
insert into SHOT values (7234, 7251, 7252, 2491, 4.470, 92.35, 18.60, 4.470, 92.35, 18.60, 0.000, 17.86, -0.01);
insert into SHOT values (7235, 7251, 7253, 2491, 4.180, 121.25, 4.40, 4.180, 121.25, 4.40, 0.000, 171.60, -0.02);
insert into SHOT values (7236, 7251, 7254, 2491, 5.540, 168.65, 1.40, 5.540, 168.65, 1.40, 0.000, 173.50, -0.00);
insert into SHOT values (7237, 7251, 7255, 2491, 6.670, 215.75, 4.10, 6.670, 215.75, 4.10, 0.000, 175.92, 0.00);
insert into SHOT values (7238, 7251, 7256, 2491, 12.400, 241.55, -0.50, 12.400, 241.55, -0.50, 0.000, 11.58, -0.03);
insert into SHOT values (7239, 7251, 7257, 2491, 12.670, 297.85, -2.90, 12.670, 297.85, -2.90, 0.000, 351.30, -0.00);
insert into SHOT values (7240, 7251, 7258, 2491, 8.830, 324.55, 6.00, 8.830, 324.55, 6.00, 0.000, 193.13, 0.03);
insert into SHOT values (7241, 7251, 7259, 2491, 17.460, 338.35, 14.30, 17.460, 338.35, 14.30, 0.000, 4.27, 0.01);
insert into SHOT values (7242, 7251, 7260, 2491, 0.410, 300.85, -64.70, 0.410, 300.85, -64.70, 0.000, 2.23, 0.01);
insert into SHOT values (7243, 7251, 7261, 2491, 3.510, 270.15, 76.70, 3.510, 270.15, 76.70, 0.000, 335.04, 0.03);
insert into SHOT values (7244, 7251, 7262, 2491, 10.490, 143.25, -5.70, 10.490, 143.25, -5.70, 0.000, 160.61, -0.04);
insert into SHOT values (7245, 7262, 7263, 2491, 2.070, 27.15, 7.10, 2.070, 27.15, 7.10, 0.000, 179.62, 0.03);
insert into SHOT values (7246, 7262, 7264, 2491, 5.130, 1.45, 0.60, 5.130, 1.45, 0.60, 0.000, 209.16, -0.03);
insert into SHOT values (7247, 7262, 7265, 2491, 7.160, 342.25, 2.10, 7.160, 342.25, 2.10, 0.000, 185.05, 0.03);
insert into SHOT values (7248, 7262, 7266, 2491, 2.870, 247.25, 1.00, 2.870, 247.25, 1.00, 0.000, 258.20, -0.08);
insert into SHOT values (7249, 7262, 7267, 2491, 4.370, 266.55, 5.40, 4.370, 266.55, 5.40, 0.000, 170.12, 0.02);
insert into SHOT values (7250, 7262, 7268, 2491, 5.990, 291.05, 4.30, 5.990, 291.05, 4.30, 0.000, 170.41, -0.00);
insert into SHOT values (7251, 7262, 7269, 2491, 5.680, 301.25, 2.20, 5.680, 301.25, 2.20, 0.000, 16.29, 0.02);
insert into SHOT values (7252, 7262, 7270, 2491, 2.310, 316.55, -35.90, 2.310, 316.55, -35.90, 0.000, 176.14, 0.03);
insert into SHOT values (7253, 7262, 7271, 2491, 0.940, 292.75, 51.70, 0.940, 292.75, 51.70, 0.000, 180.38, -0.01);
insert into SHOT values (7254, 7251, 7272, 2491, 22.940, 271.55, -9.00, 22.940, 271.55, -9.00, 0.000, 175.99, -0.02);
insert into SHOT values (7255, 7272, 7273, 2491, 17.960, 229.95, -0.00, 17.960, 229.95, 0.00, 0.000, 173.34, 0.00);
insert into SHOT values (7256, 7272, 7274, 2491, 15.760, 210.95, -0.10, 15.760, 210.95, -0.10, 0.000, 12.66, 0.02);
insert into SHOT values (7257, 7272, 7275, 2491, 8.850, 195.65, -0.70, 8.850, 195.65, -0.70, 0.000, 44.65, 0.03);
insert into SHOT values (7258, 7272, 7276, 2491, 12.320, 176.35, 0.60, 12.320, 176.35, 0.60, 0.000, 175.31, -0.01);
insert into SHOT values (7259, 7272, 7277, 2491, 13.860, 150.95, 0.80, 13.860, 150.95, 0.80, 0.000, 120.46, 0.08);
insert into SHOT values (7260, 7272, 7278, 2491, 12.740, 131.85, 2.80, 12.740, 131.85, 2.80, 0.000, 288.83, -0.08);
insert into SHOT values (7261, 7272, 7279, 2491, 12.110, 123.85, 4.60, 12.110, 123.85, 4.60, 0.000, 0.48, 0.02);
insert into SHOT values (7262, 7272, 7280, 2491, 9.870, 282.75, 8.10, 9.870, 282.75, 8.10, 0.000, 18.90, -0.02);
insert into SHOT values (7263, 7272, 7281, 2491, 5.810, 302.55, 8.70, 5.810, 302.55, 8.70, 0.000, 2.67, -0.01);
insert into SHOT values (7264, 7272, 7282, 2491, 4.130, 334.95, 4.80, 4.130, 334.95, 4.80, 0.000, 1.86, 0.02);
insert into SHOT values (7265, 7272, 7283, 2491, 6.800, 9.15, 6.40, 6.800, 9.15, 6.40, 0.000, 193.82, 0.04);
insert into SHOT values (7266, 7272, 7284, 2491, 6.410, 40.35, 11.80, 6.410, 40.35, 11.80, 0.000, 9.73, 0.02);
insert into SHOT values (7267, 7272, 7285, 2491, 8.950, 69.65, 10.10, 8.950, 69.65, 10.10, 0.000, 0.57, -0.01);
insert into SHOT values (7268, 7272, 7286, 2491, 0.370, 343.25, -67.70, 0.370, 343.25, -67.70, 0.000, 356.46, -0.01);
insert into SHOT values (7269, 7272, 7287, 2491, 3.560, 340.25, 80.80, 3.560, 340.25, 80.80, 0.000, 180.84, -0.00);
insert into SHOT values (7270, 7272, 7288, 2491, 16.140, 253.25, 3.70, 16.140, 253.25, 3.70, 0.000, 186.31, -0.02);
insert into SHOT values (7271, 7288, 7289, 2491, 5.170, 183.45, -6.90, 5.170, 183.45, -6.90, 0.000, 355.70, 0.00);
insert into SHOT values (7272, 7288, 7290, 2491, 5.570, 162.85, -1.80, 5.570, 162.85, -1.80, 0.000, 186.50, 0.00);
insert into SHOT values (7273, 7288, 7291, 2491, 10.180, 152.55, -3.10, 10.180, 152.55, -3.10, 0.000, 12.45, -0.02);
insert into SHOT values (7274, 7288, 7292, 2491, 7.660, 244.75, 0.70, 7.660, 244.75, 0.70, 0.000, 354.45, -0.00);
insert into SHOT values (7275, 7288, 7293, 2491, 5.000, 275.85, -3.20, 5.000, 275.85, -3.20, 0.000, 269.35, -0.12);
insert into SHOT values (7276, 7288, 7294, 2491, 10.270, 325.85, 0.10, 10.270, 325.85, 0.10, 0.000, 190.38, 0.02);
insert into SHOT values (7277, 7288, 7295, 2491, 5.170, 347.95, -3.50, 5.170, 347.95, -3.50, 0.000, 32.48, -0.03);
insert into SHOT values (7278, 7288, 7296, 2491, 7.210, 20.45, 7.80, 7.210, 20.45, 7.80, 0.000, 350.52, -0.01);
insert into SHOT values (7279, 7288, 7297, 2491, 1.180, 6.05, -77.70, 1.180, 6.05, -77.70, 0.000, 178.77, -0.01);
insert into SHOT values (7280, 7288, 7298, 2491, 1.330, 68.35, 80.70, 1.330, 68.35, 80.70, 0.000, 27.38, 0.02);
insert into SHOT values (7281, 7288, 7299, 2491, 12.280, 299.95, -1.90, 12.280, 299.95, -1.90, 0.000, 351.13, 0.00);
insert into SHOT values (7282, 7299, 7300, 2491, 7.400, 234.65, 0.10, 7.400, 234.65, 0.10, 0.000, 355.03, -0.02);
insert into SHOT values (7283, 7299, 7301, 2491, 3.850, 179.95, -0.00, 3.850, 179.95, 0.00, 0.000, 5.58, 0.00);
insert into SHOT values (7284, 7299, 7302, 2491, 6.200, 144.45, -0.10, 6.200, 144.45, -0.10, 0.000, 171.24, -0.02);
insert into SHOT values (7285, 7299, 7303, 2491, 3.460, 295.25, 3.00, 3.460, 295.25, 3.00, 0.000, 333.97, -0.04);
insert into SHOT values (7286, 7299, 7304, 2491, 1.700, 13.05, 5.00, 1.700, 13.05, 5.00, 0.000, 183.34, 0.01);
insert into SHOT values (7287, 7299, 7305, 2491, 6.370, 74.15, 3.50, 6.370, 74.15, 3.50, 0.000, 190.51, -0.01);
insert into SHOT values (7288, 7299, 7306, 2491, 9.680, 98.75, 2.30, 9.680, 98.75, 2.30, 0.000, 6.01, 0.00);
insert into SHOT values (7289, 7299, 7307, 2491, 0.950, 194.65, -29.50, 0.950, 194.65, -29.50, 0.000, 5.73, 0.00);
insert into SHOT values (7290, 7299, 7308, 2491, 1.470, 141.55, 68.00, 1.470, 141.55, 68.00, 0.000, 187.29, -0.02);
insert into SHOT values (7291, 7299, 7309, 2491, 10.290, 244.75, 0.70, 10.290, 244.75, 0.70, 0.000, 4.80, -0.00);
insert into SHOT values (7292, 7309, 7310, 2491, 1.130, 34.85, 9.20, 1.130, 34.85, 9.20, 0.000, 354.90, -0.02);
insert into SHOT values (7293, 7309, 7311, 2491, 0.700, 231.65, -1.30, 0.700, 231.65, -1.30, 0.000, 15.54, 0.07);
insert into SHOT values (7294, 7309, 7312, 2491, 1.070, 343.45, 77.20, 1.070, 343.45, 77.20, 0.000, 243.06, -0.01);
insert into SHOT values (7295, 7309, 7313, 2491, 0.440, 87.95, -79.90, 0.440, 87.95, -79.90, 0.000, 2.02, 0.01);
insert into SHOT values (7296, 7309, 7314, 2491, 4.900, 306.45, -1.80, 4.900, 306.45, -1.80, 0.000, 173.13, -0.00);
insert into SHOT values (7297, 7314, 7315, 2491, 0.620, 217.45, 25.30, 0.620, 217.45, 25.30, 0.000, 45.61, -0.00);
insert into SHOT values (7298, 7314, 7316, 2491, 0.490, 22.15, 6.50, 0.490, 22.15, 6.50, 0.000, 186.58, 0.01);
insert into SHOT values (7299, 7314, 7317, 2491, 0.440, 99.05, -57.90, 0.440, 99.05, -57.90, 0.000, 27.03, -0.04);
insert into SHOT values (7300, 7314, 7318, 2491, 0.730, 316.95, 81.50, 0.730, 316.95, 81.50, 0.000, 183.02, 0.04);
insert into SCRAPS values (2493, 2487, 'SP-Alex0-1', 1, 14.74635, 0.06643);
 insert into MAPS values (2589, 2487, 'MP-Trush-Yurruck-Entree', 'Trush-Yurruck-Entree', 1, 561.380, -10.331);
 insert into MAPITEMS values (2589, 4, 2493);
 insert into SURVEY values (2591, 2485, 'Tush_YurruckXR1', 'Tush_YurruckXR1.Tush-Yurruck.Koytendag', 'Tush_YurruckXR1');
 insert into CENTRELINE values (2592, 2591, NULL, NULL, NULL, 0.00, 0.00, 0.00);
 insert into SURVEY values (2593, 2591, 'Tush_YurruckXR1', 'Tush_YurruckXR1.Tush_YurruckXR1.Tush-Yurruck.Koytendag', 'Tush Yurruck');
 insert into CENTRELINE values (2594, 2593, NULL, NULL, NULL, 0.00, 0.00, 0.00);
 insert into CENTRELINE values (2595, 2593, NULL, '2024-04-17', NULL, 1383.93, 0.00, 198.60);
 insert into TOPO values (4, 2595);
 insert into TOPO values (3, 2595);
 insert into SHOT values (7301, 7319, 7320, 2595, 10.280, 16.35, 8.40, 10.280, 16.35, 8.40, 0.000, 52.24, 0.12);
insert into SHOT values (7302, 7319, 7321, 2595, 3.210, 77.75, 66.70, 3.210, 77.75, 66.70, 0.000, 194.67, -0.02);
insert into SHOT values (7303, 7319, 7322, 2595, 8.560, 179.15, 15.40, 8.560, 179.15, 15.40, 0.000, 155.56, 0.00);
insert into SHOT values (7304, 7319, 7323, 2595, 1.210, 149.95, -27.00, 1.210, 149.95, -27.00, 0.000, 196.05, 0.04);
insert into SHOT values (7305, 7319, 7324, 2595, 4.830, 138.05, -9.90, 4.830, 138.05, -9.90, 0.000, 185.19, 0.00);
insert into SHOT values (7306, 7319, 7325, 2595, 12.960, 326.65, 2.10, 12.960, 326.65, 2.10, 0.000, 7.53, 0.01);
insert into SHOT values (7307, 7319, 7326, 2595, 15.760, 298.75, 1.50, 15.760, 298.75, 1.50, 0.000, 5.54, -0.03);
insert into SHOT values (7308, 7319, 7327, 2595, 12.870, 238.25, 2.70, 12.870, 238.25, 2.70, 0.000, 179.65, 0.12);
insert into SHOT values (7309, 7319, 7328, 2595, 24.960, 265.25, -0.20, 24.960, 265.25, -0.20, 0.000, 352.93, -0.00);
insert into SHOT values (7310, 7319, 7329, 2595, 8.210, 280.45, 26.80, 8.210, 280.45, 26.80, 0.000, 120.50, 0.02);
insert into SHOT values (7311, 7319, 7330, 2595, 18.550, 277.95, 2.50, 18.550, 277.95, 2.50, 0.000, 177.93, -0.04);
insert into SHOT values (7312, 7319, 7331, 2595, 5.360, 288.05, 44.20, 5.360, 288.05, 44.20, 0.000, 180.19, -0.02);
insert into SHOT values (7313, 7319, 7332, 2595, 1.730, 289.85, -15.20, 1.730, 289.85, -15.20, 0.000, 354.71, -0.01);
insert into SHOT values (7314, 7319, 7333, 2595, 8.300, 279.05, -4.50, 8.300, 279.05, -4.50, 0.000, 284.43, -0.07);
insert into SHOT values (7315, 7319, 7334, 2595, 8.600, 247.85, -3.90, 8.600, 247.85, -3.90, 0.000, 194.74, -0.02);
insert into SHOT values (7316, 7319, 7335, 2595, 21.350, 117.15, 10.40, 21.350, 117.15, 10.40, 0.000, 153.04, -0.03);
insert into SHOT values (7317, 7319, 7336, 2595, 29.840, 93.85, 5.70, 29.840, 93.85, 5.70, 0.000, 352.83, -0.01);
insert into SHOT values (7318, 7319, 7337, 2595, 24.570, 134.05, 9.60, 24.570, 134.05, 9.60, 0.000, 182.16, 0.00);
insert into SHOT values (7319, 7319, 7338, 2595, 31.550, 147.85, 7.50, 31.550, 147.85, 7.50, 0.000, 176.22, 0.02);
insert into SHOT values (7320, 7319, 7339, 2595, 38.470, 152.95, 6.50, 38.470, 152.95, 6.50, 0.000, 182.50, 0.01);
insert into SHOT values (7321, 7319, 7340, 2595, 20.430, 150.25, 4.20, 20.430, 150.25, 4.20, 0.000, 1.60, 0.00);
insert into SHOT values (7322, 7319, 7341, 2595, 15.530, 165.55, 11.90, 15.530, 165.55, 11.90, 0.000, 130.96, 0.02);
insert into SHOT values (7323, 7319, 7342, 2595, 39.130, 158.95, 7.60, 39.130, 158.95, 7.60, 0.000, 184.90, 0.02);
insert into SHOT values (7324, 7319, 7343, 2595, 12.670, 155.75, 20.90, 12.670, 155.75, 20.90, 0.000, 357.00, 0.01);
insert into SHOT values (7325, 7319, 7344, 2595, 3.180, 170.75, 61.00, 3.180, 170.75, 61.00, 0.000, 192.49, -0.02);
insert into SHOT values (7326, 7319, 7345, 2595, 5.510, 198.65, 24.50, 5.510, 198.65, 24.50, 0.000, 324.65, -0.06);
insert into SHOT values (7327, 7319, 7346, 2595, 14.620, 91.35, 18.70, 14.620, 91.35, 18.70, 0.000, 184.55, -0.01);
insert into SHOT values (7328, 7319, 7347, 2595, 45.710, 76.65, 4.70, 45.710, 76.65, 4.70, 0.000, 8.39, -0.01);
insert into SHOT values (7329, 7319, 7348, 2595, 16.730, 48.15, 14.40, 16.730, 48.15, 14.40, 0.000, 184.91, -0.02);
insert into SHOT values (7330, 7319, 7349, 2595, 19.820, 72.35, 2.70, 19.820, 72.35, 2.70, 0.000, 35.03, 0.06);
insert into SHOT values (7331, 7349, 7350, 2595, 3.870, 197.45, -37.00, 3.870, 197.45, -37.00, 0.000, 4.97, -0.01);
insert into SHOT values (7332, 7349, 7351, 2595, 9.990, 175.95, 12.90, 9.990, 175.95, 12.90, 0.000, 5.18, -0.00);
insert into SHOT values (7333, 7349, 7352, 2595, 3.800, 214.25, 61.70, 3.800, 214.25, 61.70, 0.000, 172.70, 0.02);
insert into SHOT values (7334, 7349, 7353, 2595, 8.020, 268.45, 73.30, 8.020, 268.45, 73.30, 0.000, 235.18, -0.07);
insert into SHOT values (7335, 7349, 7354, 2595, 4.820, 335.05, 49.00, 4.820, 335.05, 49.00, 0.000, 216.63, 0.01);
insert into SHOT values (7336, 7349, 7355, 2595, 10.260, 6.85, 14.00, 10.260, 6.85, 14.00, 0.000, 355.75, 0.01);
insert into SHOT values (7337, 7349, 7356, 2595, 18.010, 30.05, 3.90, 18.010, 30.05, 3.90, 0.000, 201.85, 0.01);
insert into SHOT values (7338, 7349, 7357, 2595, 22.630, 20.95, 5.00, 22.630, 20.95, 5.00, 0.000, 184.81, -0.02);
insert into SHOT values (7339, 7349, 7358, 2595, 22.670, 51.95, 2.10, 22.670, 51.95, 2.10, 0.000, 181.53, 0.01);
insert into SHOT values (7340, 7349, 7359, 2595, 4.400, 32.05, -24.10, 4.400, 32.05, -24.10, 0.000, 176.90, 0.00);
insert into SHOT values (7341, 7349, 7360, 2595, 0.950, 51.35, -73.20, 0.950, 51.35, -73.20, 0.000, 351.68, 0.05);
insert into SHOT values (7342, 7349, 7361, 2595, 32.390, 76.35, -1.40, 32.390, 76.35, -1.40, 0.000, 186.57, 0.02);
insert into SHOT values (7343, 7349, 7362, 2595, 36.120, 90.65, 3.10, 36.120, 90.65, 3.10, 0.000, 174.56, 0.01);
insert into SHOT values (7344, 7349, 7363, 2595, 43.850, 100.35, 2.50, 43.850, 100.35, 2.50, 0.000, 168.90, -0.01);
insert into SHOT values (7345, 7349, 7364, 2595, 46.840, 110.45, 1.40, 46.840, 110.45, 1.40, 0.000, 14.29, 0.03);
insert into SHOT values (7346, 7349, 7365, 2595, 15.180, 122.85, 4.30, 15.180, 122.85, 4.30, 0.000, 18.02, 0.02);
insert into SHOT values (7347, 7349, 7366, 2595, 16.620, 134.35, 1.70, 16.620, 134.35, 1.70, 0.000, 13.94, 0.02);
insert into SHOT values (7348, 7349, 7367, 2595, 4.760, 38.75, 47.30, 4.760, 38.75, 47.30, 0.000, 187.22, 0.01);
insert into SHOT values (7349, 7349, 7368, 2595, 19.570, 86.85, 22.10, 19.570, 86.85, 22.10, 0.000, 188.42, 0.01);
insert into SHOT values (7350, 7349, 7369, 2595, 31.040, 96.25, 12.20, 31.040, 96.25, 12.20, 0.000, 5.26, 0.01);
insert into SHOT values (7351, 7349, 7370, 2595, 16.750, 297.05, 5.80, 16.750, 297.05, 5.80, 0.000, 185.00, -0.01);
insert into SHOT values (7352, 7349, 7371, 2595, 33.170, 303.95, 4.60, 33.170, 303.95, 4.60, 0.000, 177.99, -0.00);
insert into SHOT values (7353, 7349, 7372, 2595, 48.650, 308.65, 4.20, 48.650, 308.65, 4.20, 0.000, 349.43, 0.02);
insert into SHOT values (7354, 7349, 7373, 2595, 38.700, 317.25, 4.40, 38.700, 317.25, 4.40, 0.000, 175.82, 0.01);
insert into SHOT values (7355, 7349, 7374, 2595, 48.310, 308.35, 2.60, 48.310, 308.35, 2.60, 0.000, 193.85, 0.02);
insert into SHOT values (7356, 7349, 7375, 2595, 28.420, 329.65, 4.40, 28.420, 329.65, 4.40, 0.000, 355.89, -0.01);
insert into SHOT values (7357, 7349, 7376, 2595, 6.920, 316.15, 29.00, 6.920, 316.15, 29.00, 0.000, 349.89, -0.00);
insert into SHOT values (7358, 7349, 7377, 2595, 31.530, 343.15, 2.60, 31.530, 343.15, 2.60, 0.000, 186.29, 0.00);
insert into SHOT values (7359, 7349, 7378, 2595, 27.360, 349.15, -0.90, 27.360, 349.15, -0.90, 0.000, 157.88, -0.05);
insert into SHOT values (7360, 7349, 7379, 2595, 27.930, 358.75, 4.20, 27.930, 358.75, 4.20, 0.000, 196.21, 0.02);
insert into SHOT values (7361, 7349, 7380, 2595, 12.160, 353.95, 14.10, 12.160, 353.95, 14.10, 0.000, 6.63, -0.00);
insert into SHOT values (7362, 7349, 7381, 2595, 52.650, 95.45, 3.60, 52.650, 95.45, 3.60, 0.000, 14.27, 0.01);
insert into SHOT_FLAG values(7362, 'dpl');
insert into SHOT values (7363, 7349, 7382, 2595, 45.450, 192.05, 5.20, 45.450, 192.05, 5.20, 0.000, 358.58, -0.01);
insert into SHOT_FLAG values(7363, 'dpl');
insert into SHOT values (7364, 7349, 7383, 2595, 20.300, 344.45, -2.70, 20.324, 344.22, -2.44, 0.123, 273.70, 47.13);
insert into SHOT values (7365, 7383, 7384, 2595, 0.860, 215.05, -64.10, 0.860, 215.05, -64.10, 0.000, 176.06, -0.00);
insert into SHOT values (7366, 7383, 7385, 2595, 14.560, 105.15, 15.70, 14.560, 105.15, 15.70, 0.000, 181.09, -0.00);
insert into SHOT values (7367, 7383, 7386, 2595, 5.760, 92.15, 1.60, 5.760, 92.15, 1.60, 0.000, 131.98, -0.11);
insert into SHOT values (7368, 7383, 7387, 2595, 4.770, 101.85, 55.90, 4.770, 101.85, 55.90, 0.000, 0.30, 0.03);
insert into SHOT values (7369, 7383, 7388, 2595, 4.010, 215.45, 76.60, 4.010, 215.45, 76.60, 0.000, 349.21, 0.02);
insert into SHOT values (7370, 7383, 7389, 2595, 18.600, 209.95, 8.60, 18.600, 209.95, 8.60, 0.000, 351.85, 0.01);
insert into SHOT values (7371, 7383, 7390, 2595, 15.550, 218.95, 10.60, 15.550, 218.95, 10.60, 0.000, 176.63, 0.00);
insert into SHOT values (7372, 7383, 7391, 2595, 2.270, 296.65, -20.30, 2.270, 296.65, -20.30, 0.000, 333.22, 0.08);
insert into SHOT values (7373, 7383, 7392, 2595, 10.750, 301.35, 10.20, 10.750, 301.35, 10.20, 0.000, 184.10, 0.04);
insert into SHOT values (7374, 7383, 7393, 2595, 11.430, 340.75, 11.70, 11.430, 340.75, 11.70, 0.000, 204.37, 0.03);
insert into SHOT values (7375, 7383, 7394, 2595, 7.000, 1.85, 3.60, 7.000, 1.85, 3.60, 0.000, 297.26, -0.33);
insert into SHOT values (7376, 7383, 7395, 2595, 21.580, 352.65, 7.50, 21.580, 352.65, 7.50, 0.000, 172.54, -0.00);
insert into SHOT values (7377, 7383, 7396, 2595, 8.370, 7.85, 22.50, 8.370, 7.85, 22.50, 0.000, 120.59, 0.12);
insert into SHOT values (7378, 7383, 7397, 2595, 10.110, 33.35, 20.20, 10.110, 33.35, 20.20, 0.000, 175.30, -0.01);
insert into SHOT values (7379, 7383, 7398, 2595, 22.930, 266.45, 7.60, 22.930, 266.45, 7.60, 0.000, 352.59, -0.02);
insert into SHOT values (7380, 7383, 7399, 2595, 7.760, 264.05, -4.30, 7.760, 264.05, -4.30, 0.000, 188.06, -0.02);
insert into SHOT values (7381, 7383, 7400, 2595, 6.710, 260.95, 38.50, 6.710, 260.95, 38.50, 0.000, 9.13, -0.00);
insert into SHOT values (7382, 7383, 7401, 2595, 23.420, 6.25, 6.40, 23.420, 6.25, 6.40, 0.000, 358.41, 0.02);
insert into SHOT_FLAG values(7382, 'dpl');
insert into SHOT values (7383, 7383, 7402, 2595, 11.340, 278.05, 7.40, 11.340, 278.05, 7.40, 0.000, 178.87, -0.01);
insert into SHOT values (7384, 7402, 7403, 2595, 7.270, 223.95, -23.90, 7.270, 223.95, -23.90, 0.000, 353.49, 0.01);
insert into SHOT values (7385, 7402, 7404, 2595, 13.290, 219.15, 8.30, 13.290, 219.15, 8.30, 0.000, 183.55, -0.03);
insert into SHOT values (7386, 7402, 7405, 2595, 16.680, 268.55, 12.60, 16.680, 268.55, 12.60, 0.000, 151.43, 0.04);
insert into SHOT values (7387, 7402, 7406, 2595, 22.980, 294.05, 7.80, 22.980, 294.05, 7.80, 0.000, 186.08, -0.01);
insert into SHOT values (7388, 7402, 7407, 2595, 12.660, 304.65, 8.30, 12.660, 304.65, 8.30, 0.000, 20.56, 0.01);
insert into SHOT values (7389, 7402, 7408, 2595, 7.650, 342.55, 15.00, 7.650, 342.55, 15.00, 0.000, 180.92, -0.02);
insert into SHOT values (7390, 7402, 7409, 2595, 7.580, 284.55, -5.10, 7.580, 284.55, -5.10, 0.000, 173.51, -0.00);
insert into SHOT values (7391, 7402, 7410, 2595, 20.070, 285.25, -0.30, 20.070, 285.25, -0.30, 0.000, 356.32, 0.01);
insert into SHOT values (7392, 7402, 7411, 2595, 26.160, 285.15, 4.20, 26.160, 285.15, 4.20, 0.000, 202.41, -0.00);
insert into SHOT values (7393, 7402, 7412, 2595, 39.090, 283.55, 8.40, 39.090, 283.55, 8.40, 0.000, 224.19, 0.12);
insert into SHOT values (7394, 7402, 7413, 2595, 16.480, 283.25, 20.50, 16.480, 283.25, 20.50, 0.000, 157.39, 0.00);
insert into SHOT values (7395, 7402, 7414, 2595, 4.010, 278.75, 51.40, 4.010, 278.75, 51.40, 0.000, 179.68, -0.00);
insert into SHOT values (7396, 7402, 7415, 2595, 40.300, 281.85, 7.80, 40.300, 281.85, 7.80, 0.000, 0.81, -0.01);
insert into SHOT values (7397, 7383, 7416, 2595, 8.470, 14.05, 10.90, 8.473, 13.93, 11.02, 0.024, 282.20, 45.36);
insert into SHOT values (7398, 7416, 7417, 2595, 4.240, 96.95, 29.70, 4.240, 96.95, 29.70, 0.000, 0.70, 0.01);
insert into SHOT values (7399, 7416, 7418, 2595, 17.110, 108.05, 54.90, 17.110, 108.05, 54.90, 0.000, 350.47, 0.00);
insert into SHOT values (7400, 7416, 7419, 2595, 15.980, 73.35, 5.40, 15.980, 73.35, 5.40, 0.000, 181.27, 0.01);
insert into SHOT values (7401, 7416, 7420, 2595, 14.690, 35.75, 4.30, 14.690, 35.75, 4.30, 0.000, 183.91, 0.01);
insert into SHOT values (7402, 7416, 7421, 2595, 15.440, 6.95, -2.30, 15.440, 6.95, -2.30, 0.000, 358.24, -0.02);
insert into SHOT values (7403, 7416, 7422, 2595, 16.900, 333.85, -0.70, 16.900, 333.85, -0.70, 0.000, 8.22, -0.00);
insert into SHOT values (7404, 7416, 7423, 2595, 5.330, 285.75, 9.80, 5.330, 285.75, 9.80, 0.000, 357.83, -0.01);
insert into SHOT values (7405, 7416, 7424, 2595, 10.680, 258.05, 3.40, 10.680, 258.05, 3.40, 0.000, 180.21, 0.01);
insert into SHOT values (7406, 7416, 7425, 2595, 9.080, 310.95, -0.60, 9.080, 310.95, -0.60, 0.000, 114.36, 0.10);
insert into SHOT values (7407, 7416, 7426, 2595, 1.600, 308.45, -54.50, 1.600, 308.45, -54.50, 0.000, 10.57, 0.02);
insert into SHOT values (7408, 7416, 7427, 2595, 17.000, 132.15, 8.30, 17.000, 132.15, 8.30, 0.000, 350.04, -0.00);
insert into SHOT values (7409, 7416, 7428, 2595, 6.030, 199.35, -27.50, 6.030, 199.35, -27.50, 0.000, 177.51, 0.02);
insert into SHOT values (7410, 7383, 7429, 2595, 27.560, 113.65, 58.00, 27.560, 113.65, 58.00, 0.000, 182.28, 0.00);
insert into SHOT values (7411, 7416, 7430, 2595, 8.090, 336.65, -13.20, 8.096, 336.56, -13.07, 0.022, 284.50, 46.11);
insert into SHOT values (7412, 7430, 7431, 2595, 0.750, 207.75, -66.10, 0.750, 207.75, -66.10, 0.000, 162.68, -0.04);
insert into SHOT values (7413, 7430, 7432, 2595, 5.030, 203.35, 8.00, 5.030, 203.35, 8.00, 0.000, 176.51, -0.02);
insert into SHOT values (7414, 7430, 7433, 2595, 4.140, 159.15, 5.60, 4.140, 159.15, 5.60, 0.000, 168.53, -0.02);
insert into SHOT values (7415, 7430, 7434, 2595, 11.450, 135.65, 17.60, 11.450, 135.65, 17.60, 0.000, 2.57, 0.01);
insert into SHOT values (7416, 7430, 7435, 2595, 5.220, 207.75, 23.70, 5.220, 207.75, 23.70, 0.000, 172.38, -0.02);
insert into SHOT values (7417, 7430, 7436, 2595, 5.370, 158.75, 56.10, 5.370, 158.75, 56.10, 0.000, 179.11, 0.02);
insert into SHOT values (7418, 7430, 7437, 2595, 26.630, 108.05, 6.90, 26.630, 108.05, 6.90, 0.000, 186.71, -0.01);
insert into SHOT values (7419, 7430, 7438, 2595, 26.040, 86.65, 3.90, 26.040, 86.65, 3.90, 0.000, 10.53, 0.00);
insert into SHOT values (7420, 7430, 7439, 2595, 17.860, 58.25, 2.50, 17.860, 58.25, 2.50, 0.000, 187.25, 0.01);
insert into SHOT values (7421, 7430, 7440, 2595, 11.570, 38.35, -0.00, 11.570, 38.35, 0.00, 0.000, 189.00, 0.00);
insert into SHOT values (7422, 7430, 7441, 2595, 10.160, 19.15, 0.50, 10.160, 19.15, 0.50, 0.000, 176.11, 0.01);
insert into SHOT values (7423, 7430, 7442, 2595, 9.510, 86.15, -7.20, 9.510, 86.15, -7.20, 0.000, 79.04, -0.22);
insert into SHOT values (7424, 7430, 7443, 2595, 17.360, 93.45, -2.60, 17.360, 93.45, -2.60, 0.000, 359.89, 0.00);
insert into SHOT values (7425, 7430, 7444, 2595, 8.060, 94.05, 30.90, 8.060, 94.05, 30.90, 0.000, 188.48, -0.02);
insert into SHOT values (7426, 7430, 7445, 2595, 4.250, 63.35, 73.10, 4.250, 63.35, 73.10, 0.000, 183.89, 0.02);
insert into SHOT values (7427, 7430, 7446, 2595, 2.990, 270.85, -13.20, 2.990, 270.85, -13.20, 0.000, 174.24, 0.01);
insert into SHOT values (7428, 7430, 7447, 2595, 14.510, 289.45, -5.40, 14.510, 289.45, -5.40, 0.000, 358.12, 0.00);
insert into SHOT values (7429, 7430, 7448, 2595, 22.610, 298.75, -1.30, 22.610, 298.75, -1.30, 0.000, 136.52, -0.09);
insert into SHOT values (7430, 7430, 7449, 2595, 16.460, 313.35, 3.90, 16.460, 313.35, 3.90, 0.000, 355.53, 0.01);
insert into SHOT values (7431, 7430, 7450, 2595, 8.860, 330.65, 11.70, 8.860, 330.65, 11.70, 0.000, 357.61, 0.01);
insert into SHOT values (7432, 7430, 7451, 2595, 4.460, 313.75, 54.10, 4.460, 313.75, 54.10, 0.000, 154.83, -0.05);
insert into SHOT values (7433, 7430, 7452, 2595, 21.540, 287.85, 4.00, 21.540, 287.85, 4.00, 0.000, 163.04, 0.02);
insert into SHOT values (7434, 7430, 7453, 2595, 31.200, 99.15, 0.70, 31.200, 99.15, 0.70, 0.000, 168.38, 0.01);
insert into SHOT values (7435, 7430, 7454, 2595, 27.520, 296.35, 0.70, 27.579, 296.40, 1.04, 0.175, 319.90, 69.55);
insert into SHOT values (7436, 7454, 7455, 2595, 4.630, 221.65, -6.00, 4.630, 221.65, -6.00, 0.000, 185.81, 0.04);
insert into SHOT values (7437, 7454, 7456, 2595, 7.750, 352.35, 3.70, 7.750, 352.35, 3.70, 0.000, 43.93, 0.03);
insert into SHOT values (7438, 7454, 7457, 2595, 1.250, 333.65, -57.00, 1.250, 333.65, -57.00, 0.000, 195.95, -0.00);
insert into SHOT values (7439, 7454, 7458, 2595, 2.660, 294.55, 65.00, 2.660, 294.55, 65.00, 0.000, 229.90, 0.05);
insert into SHOT values (7440, 7454, 7459, 2595, 2.050, 217.15, 13.70, 2.050, 217.15, 13.70, 0.000, 353.87, 0.00);
insert into SHOT values (7441, 7454, 7460, 2595, 7.000, 184.45, -3.70, 7.000, 184.45, -3.70, 0.000, 186.92, -0.01);
insert into SHOT values (7442, 7454, 7461, 2595, 1.760, 148.85, -36.80, 1.760, 148.85, -36.80, 0.000, 153.41, -0.01);
insert into SHOT values (7443, 7454, 7462, 2595, 4.570, 114.65, -10.30, 4.570, 114.65, -10.30, 0.000, 193.71, -0.00);
insert into SHOT values (7444, 7454, 7463, 2595, 16.030, 114.45, -4.10, 16.030, 114.45, -4.10, 0.000, 253.93, 0.06);
insert into SHOT values (7445, 7454, 7464, 2595, 4.500, 112.05, 18.60, 4.500, 112.05, 18.60, 0.000, 5.11, 0.02);
insert into SHOT values (7446, 7454, 7465, 2595, 6.390, 69.05, 5.50, 6.390, 69.05, 5.50, 0.000, 159.27, 0.05);
insert into SHOT values (7447, 7454, 7466, 2595, 15.850, 95.65, 1.40, 15.850, 95.65, 1.40, 0.000, 7.82, -0.03);
insert into SHOT values (7448, 7454, 7467, 2595, 16.540, 138.25, 1.30, 16.540, 138.25, 1.30, 0.000, 186.76, -0.00);
insert into SHOT values (7449, 7454, 7468, 2595, 9.530, 173.85, -2.40, 9.530, 173.85, -2.40, 0.000, 190.23, 0.02);
insert into SHOT values (7450, 7454, 7469, 2595, 6.360, 16.75, 1.30, 6.360, 16.75, 1.30, 0.000, 5.55, 0.02);
insert into SHOT values (7451, 7454, 7470, 2595, 2.400, 6.55, -22.70, 2.400, 6.55, -22.70, 0.000, 181.26, 0.02);
insert into SHOT values (7452, 7454, 7471, 2595, 5.380, 307.05, -5.50, 5.380, 307.05, -5.50, 0.000, 217.03, -0.10);
insert into SHOT values (7453, 7454, 7472, 2595, 8.000, 287.15, 1.20, 8.000, 287.15, 1.20, 0.000, 358.40, -0.01);
insert into SHOT values (7454, 7454, 7473, 2595, 7.790, 303.15, 6.70, 7.790, 303.15, 6.70, 0.000, 170.19, -0.03);
insert into SHOT values (7455, 7454, 7474, 2595, 13.740, 344.15, 3.70, 13.740, 344.15, 3.70, 0.000, 349.03, -0.02);
insert into SHOT values (7456, 7454, 7475, 2595, 15.250, 307.05, 2.30, 15.280, 307.03, 2.49, 0.059, 297.47, 61.89);
insert into SHOT values (7457, 7475, 7476, 2595, 7.460, 342.15, 1.30, 7.460, 342.15, 1.30, 0.000, 192.49, -0.00);
insert into SHOT values (7458, 7475, 7477, 2595, 10.570, 316.85, 4.30, 10.570, 316.85, 4.30, 0.000, 345.89, -0.01);
insert into SHOT values (7459, 7475, 7478, 2595, 9.000, 217.55, 3.00, 9.000, 217.55, 3.00, 0.000, 343.99, -0.02);
insert into SHOT values (7460, 7475, 7479, 2595, 2.540, 227.85, -37.90, 2.540, 227.85, -37.90, 0.000, 6.83, 0.01);
insert into SHOT values (7461, 7475, 7480, 2595, 12.950, 258.35, 5.10, 12.950, 258.35, 5.10, 0.000, 26.39, 0.01);
insert into SHOT values (7462, 7475, 7481, 2595, 14.560, 274.55, -3.20, 14.560, 274.55, -3.20, 0.000, 239.83, -0.10);
insert into SHOT values (7463, 7475, 7482, 2595, 27.110, 270.85, 4.20, 27.110, 270.85, 4.20, 0.000, 213.32, 0.07);
insert into SHOT values (7464, 7475, 7483, 2595, 14.880, 294.65, 3.50, 14.880, 294.65, 3.50, 0.000, 136.55, 0.01);
insert into SHOT values (7465, 7475, 7484, 2595, 1.820, 263.75, 16.10, 1.820, 263.75, 16.10, 0.000, 195.66, 0.02);
insert into SHOT values (7466, 7475, 7485, 2595, 7.550, 58.25, 6.40, 7.550, 58.25, 6.40, 0.000, 8.31, -0.02);
insert into SHOT values (7467, 7475, 7486, 2595, 7.670, 91.65, 2.20, 7.670, 91.65, 2.20, 0.000, 184.65, -0.01);
insert into SHOT values (7468, 7475, 7487, 2595, 13.300, 100.15, -0.90, 13.300, 100.15, -0.90, 0.000, 1.92, -0.02);
insert into SHOT values (7469, 7475, 7488, 2595, 8.640, 149.25, -5.20, 8.640, 149.25, -5.20, 0.000, 188.38, 0.01);
insert into SHOT values (7470, 7475, 7489, 2595, 5.780, 121.85, -14.90, 5.780, 121.85, -14.90, 0.000, 2.80, -0.02);
insert into SHOT values (7471, 7475, 7490, 2595, 3.280, 126.95, 9.60, 3.280, 126.95, 9.60, 0.000, 283.78, 0.01);
insert into SHOT values (7472, 7475, 7491, 2595, 7.920, 81.45, 3.30, 7.920, 81.45, 3.30, 0.000, 191.59, -0.02);
insert into SHOT values (7473, 7491, 7492, 2595, 5.240, 28.05, -7.40, 5.240, 28.05, -7.40, 0.000, 177.41, 0.01);
insert into SHOT values (7474, 7491, 7493, 2595, 7.360, 69.15, -1.70, 7.360, 69.15, -1.70, 0.000, 187.98, 0.01);
insert into SHOT values (7475, 7491, 7494, 2595, 2.240, 128.95, -3.80, 2.240, 128.95, -3.80, 0.000, 2.29, 0.00);
insert into SHOT values (7476, 7491, 7495, 2595, 19.950, 122.65, 63.50, 19.950, 122.65, 63.50, 0.000, 69.43, 0.01);
insert into SHOT values (7477, 7491, 7496, 2595, 21.620, 118.15, 45.90, 21.620, 118.15, 45.90, 0.000, 116.82, 0.06);
insert into SHOT values (7478, 7491, 7497, 2595, 10.050, 101.85, 31.70, 10.050, 101.85, 31.70, 0.000, 181.00, -0.01);
insert into SHOT values (7479, 7491, 7498, 2595, 8.660, 121.65, 41.10, 8.660, 121.65, 41.10, 0.000, 359.57, 0.00);
insert into SHOT values (7480, 7491, 7499, 2595, 15.680, 246.95, 69.00, 15.680, 246.95, 69.00, 0.000, 3.96, 0.00);
insert into SHOT values (7481, 7491, 7500, 2595, 18.480, 212.15, 79.90, 18.480, 212.15, 79.90, 0.000, 6.86, -0.01);
insert into SHOT values (7482, 7491, 7501, 2595, 15.790, 273.45, 34.40, 15.790, 273.45, 34.40, 0.000, 186.43, -0.01);
insert into SHOT values (7483, 7491, 7502, 2595, 12.780, 291.75, 5.50, 12.780, 291.75, 5.50, 0.000, 188.21, -0.01);
insert into SHOT values (7484, 7491, 7503, 2595, 9.060, 285.45, -5.40, 9.060, 285.45, -5.40, 0.000, 179.66, -0.02);
insert into SHOT values (7485, 7491, 7504, 2595, 4.580, 289.25, -14.50, 4.580, 289.25, -14.50, 0.000, 186.10, -0.01);
insert into SHOT values (7486, 7491, 7505, 2595, 11.040, 109.05, 9.50, 11.040, 109.05, 9.50, 0.000, 0.57, -0.02);
insert into SHOT values (7487, 7491, 7506, 2595, 18.750, 111.75, 20.60, 18.750, 111.75, 20.60, 0.000, 37.08, 0.02);
insert into SHOT values (7488, 7491, 7507, 2595, 26.960, 112.15, 28.50, 26.960, 112.15, 28.50, 0.000, 205.93, 0.00);
insert into SHOT values (7489, 7507, 7508, 2595, 1.660, 194.05, 4.40, 1.660, 194.05, 4.40, 0.000, 30.81, 0.05);
insert into SHOT values (7490, 7507, 7509, 2595, 2.610, 37.85, -42.20, 2.610, 37.85, -42.20, 0.000, 165.42, 0.03);
insert into SHOT values (7491, 7507, 7510, 2595, 1.710, 132.65, -72.40, 1.710, 132.65, -72.40, 0.000, 235.92, -0.13);
insert into SHOT values (7492, 7507, 7511, 2595, 3.660, 138.25, -27.30, 3.660, 138.25, -27.30, 0.000, 6.83, 0.00);
insert into SHOT values (7493, 7507, 7512, 2595, 3.740, 117.95, -34.50, 3.740, 117.95, -34.50, 0.000, 180.73, -0.01);
insert into SHOT values (7494, 7507, 7513, 2595, 3.250, 250.65, -34.70, 3.250, 250.65, -34.70, 0.000, 12.68, -0.01);
insert into SHOT values (7495, 7507, 7514, 2595, 3.380, 321.95, -37.10, 3.380, 321.95, -37.10, 0.000, 140.02, -0.04);
insert into SHOT values (7496, 7507, 7515, 2595, 3.620, 283.85, -51.00, 3.620, 283.85, -51.00, 0.000, 182.54, -0.00);
insert into SHOT values (7497, 7507, 7516, 2595, 10.720, 291.15, -43.30, 10.720, 291.15, -43.30, 0.000, 182.62, 0.01);
insert into SHOT values (7498, 7507, 7517, 2595, 16.860, 292.95, -40.50, 16.860, 292.95, -40.50, 0.000, 354.05, 0.00);
insert into SHOT values (7499, 7507, 7518, 2595, 27.170, 285.75, 3.30, 27.170, 285.75, 3.30, 0.000, 46.37, -0.08);
insert into SHOT values (7500, 7507, 7519, 2595, 11.190, 277.75, 21.90, 11.190, 277.75, 21.90, 0.000, 191.75, 0.00);
insert into SHOT values (7501, 7507, 7520, 2595, 9.320, 251.55, 60.30, 9.320, 251.55, 60.30, 0.000, 8.25, -0.01);
insert into SHOT values (7502, 7507, 7521, 2595, 1.530, 175.05, -54.90, 1.530, 175.05, -54.90, 0.000, 359.93, 0.02);
insert into SHOT values (7503, 7521, 7522, 2595, 1.570, 185.75, -20.20, 1.570, 185.75, -20.20, 0.000, 2.45, 0.01);
insert into SHOT values (7504, 7521, 7523, 2595, 2.360, 109.55, -21.30, 2.360, 109.55, -21.30, 0.000, 2.35, -0.05);
insert into SHOT values (7505, 7521, 7524, 2595, 8.790, 111.85, -17.80, 8.790, 111.85, -17.80, 0.000, 179.55, -0.00);
insert into SHOT values (7506, 7521, 7525, 2595, 5.560, 100.85, -10.40, 5.560, 100.85, -10.40, 0.000, 4.38, -0.03);
insert into SHOT values (7507, 7521, 7526, 2595, 20.670, 107.85, -4.60, 20.670, 107.85, -4.60, 0.000, 13.79, 0.06);
insert into SHOT values (7508, 7521, 7527, 2595, 14.740, 106.25, 3.60, 14.740, 106.25, 3.60, 0.000, 352.50, -0.00);
insert into SHOT values (7509, 7521, 7528, 2595, 5.870, 108.35, 13.20, 5.870, 108.35, 13.20, 0.000, 207.85, -0.04);
insert into SHOT values (7510, 7521, 7529, 2595, 3.650, 108.05, 21.70, 3.650, 108.05, 21.70, 0.000, 175.73, -0.01);
insert into SHOT values (7511, 7521, 7530, 2595, 11.220, 110.45, -1.30, 11.220, 110.45, -1.30, 0.000, 180.24, -0.05);
insert into SHOT values (7512, 7521, 7531, 2595, 10.630, 104.25, -1.00, 10.630, 104.25, -1.00, 0.000, 185.30, 0.00);
insert into SHOT values (7513, 7521, 7532, 2595, 1.590, 68.65, 18.60, 1.590, 68.65, 18.60, 0.000, 35.60, -0.04);
insert into SHOT values (7514, 7521, 7533, 2595, 1.700, 100.35, 31.80, 1.700, 100.35, 31.80, 0.000, 174.29, 0.01);
insert into SHOT values (7515, 7521, 7534, 2595, 27.560, 105.95, -11.40, 27.560, 105.95, -11.40, 0.000, 64.39, 0.02);
insert into SHOT values (7516, 7534, 7535, 2595, 18.630, 251.95, 71.70, 18.630, 251.95, 71.70, 0.000, 172.54, -0.01);
insert into SHOT values (7517, 7534, 7536, 2595, 20.780, 251.15, 71.80, 20.780, 251.15, 71.80, 0.000, 310.10, -0.04);
insert into SHOT values (7518, 7534, 7537, 2595, 18.430, 250.75, 71.80, 18.430, 250.75, 71.80, 0.000, 179.16, 0.00);
insert into SHOT values (7519, 7521, 7538, 2595, 18.400, 250.35, 71.70, 18.400, 250.35, 71.70, 0.000, 353.86, -0.01);
insert into SHOT values (7520, 7475, 7539, 2595, 25.630, 267.75, 5.00, 25.652, 267.86, 5.31, 0.151, 347.56, 70.23);
insert into SHOT values (7521, 7539, 7540, 2595, 7.890, 147.85, 18.40, 7.890, 147.85, 18.40, 0.000, 294.81, -0.16);
insert into SHOT values (7522, 7539, 7541, 2595, 3.400, 269.45, 36.40, 3.400, 269.45, 36.40, 0.000, 351.26, -0.01);
insert into SHOT values (7523, 7539, 7542, 2595, 10.660, 321.65, 7.20, 10.660, 321.65, 7.20, 0.000, 14.01, -0.03);
insert into SHOT values (7524, 7539, 7543, 2595, 21.160, 334.85, 0.10, 21.160, 334.85, 0.10, 0.000, 186.14, -0.02);
insert into SHOT values (7525, 7539, 7544, 2595, 28.520, 356.15, 1.20, 28.520, 356.15, 1.20, 0.000, 178.94, -0.01);
insert into SHOT values (7526, 7539, 7545, 2595, 31.840, 7.65, 1.00, 31.840, 7.65, 1.00, 0.000, 172.87, 0.01);
insert into SHOT values (7527, 7539, 7546, 2595, 4.260, 355.15, -20.50, 4.260, 355.15, -20.50, 0.000, 188.40, 0.02);
insert into SHOT values (7528, 7539, 7547, 2595, 0.670, 220.35, -82.50, 0.670, 220.35, -82.50, 0.000, 353.85, -0.00);
insert into SHOT values (7529, 7539, 7548, 2595, 13.990, 129.55, 3.60, 13.990, 129.55, 3.60, 0.000, 159.29, 0.03);
insert into SHOT values (7530, 7539, 7549, 2595, 17.390, 91.15, -0.00, 17.390, 91.15, 0.00, 0.000, 197.12, 0.00);
insert into SHOT values (7531, 7539, 7550, 2595, 25.570, 72.35, -3.40, 25.570, 72.35, -3.40, 0.000, 359.03, 0.01);
insert into SHOT values (7532, 7539, 7551, 2595, 7.690, 55.45, -2.30, 7.690, 55.45, -2.30, 0.000, 183.45, -0.01);
insert into SHOT values (7533, 7539, 7552, 2595, 3.770, 74.45, -16.80, 3.770, 74.45, -16.80, 0.000, 2.82, 0.01);
insert into SHOT values (7534, 7539, 7553, 2595, 8.750, 73.25, 23.30, 8.750, 73.25, 23.30, 0.000, 184.40, 0.01);
insert into SHOT values (7535, 7539, 7554, 2595, 3.620, 79.15, 55.10, 3.620, 79.15, 55.10, 0.000, 0.35, -0.03);
insert into SHOT values (7536, 7539, 7555, 2595, 10.550, 127.05, -0.60, 10.550, 127.05, -0.60, 0.000, 217.72, 0.00);
insert into SHOT values (7537, 7539, 7556, 2595, 4.390, 98.75, -12.30, 4.390, 98.75, -12.30, 0.000, 351.85, -0.01);
insert into SHOT values (7538, 7539, 7557, 2595, 12.290, 27.55, 1.30, 12.290, 27.55, 1.30, 0.000, 353.77, 0.00);
insert into SHOT values (7539, 7539, 7558, 2595, 23.190, 28.25, 3.70, 23.190, 28.25, 3.70, 0.000, 171.80, 0.01);
insert into SHOT values (7540, 7539, 7559, 2595, 3.310, 7.85, -21.50, 3.310, 7.85, -21.50, 0.000, 9.66, 0.01);
insert into SHOT values (7541, 7539, 7560, 2595, 4.010, 349.95, -20.30, 4.010, 349.95, -20.30, 0.000, 48.08, 0.11);
insert into SHOT values (7542, 7539, 7561, 2595, 17.110, 2.55, 8.10, 17.110, 2.55, 8.10, 0.000, 19.79, 0.00);
insert into SHOT values (7543, 7539, 7562, 2595, 6.550, 1.95, 27.30, 6.550, 1.95, 27.30, 0.000, 352.99, 0.01);
insert into SHOT values (7544, 7539, 7563, 2595, 14.340, 126.65, 10.00, 14.340, 126.65, 10.00, 0.000, 6.79, 0.02);
insert into SHOT values (7545, 7563, 7564, 2595, 2.180, 212.25, -1.50, 2.180, 212.25, -1.50, 0.000, 346.02, -0.01);
insert into SHOT values (7546, 7563, 7565, 2595, 2.700, 193.05, -16.30, 2.700, 193.05, -16.30, 0.000, 181.32, 0.02);
insert into SHOT values (7547, 7563, 7566, 2595, 3.330, 187.55, 7.20, 3.330, 187.55, 7.20, 0.000, 2.18, -0.01);
insert into SHOT values (7548, 7563, 7567, 2595, 1.700, 191.95, 33.40, 1.700, 191.95, 33.40, 0.000, 8.41, 0.02);
insert into SHOT values (7549, 7563, 7568, 2595, 4.400, 187.45, -1.10, 4.400, 187.45, -1.10, 0.000, 357.47, 0.00);
insert into SHOT values (7550, 7539, 7569, 2595, 5.090, 149.45, 6.90, 5.090, 149.45, 6.90, 0.000, 175.97, -0.02);
insert into SHOT values (7551, 7569, 7570, 2595, 6.310, 267.25, -25.90, 6.310, 267.25, -25.90, 0.000, 170.14, 0.00);
insert into SHOT values (7552, 7569, 7571, 2595, 1.220, 227.55, -7.70, 1.220, 227.55, -7.70, 0.000, 2.24, -0.01);
insert into SHOT values (7553, 7571, 7572, 2595, 1.550, 306.55, -6.20, 1.550, 306.55, -6.20, 0.000, 295.00, 0.10);
insert into SHOT values (7554, 7571, 7573, 2595, 1.630, 257.15, -72.90, 1.630, 257.15, -72.90, 0.000, 1.86, -0.01);
insert into SHOT values (7555, 7571, 7574, 2595, 3.010, 164.45, -41.60, 3.010, 164.45, -41.60, 0.000, 355.40, -0.01);
insert into SHOT values (7556, 7571, 7575, 2595, 1.730, 220.65, 42.70, 1.730, 220.65, 42.70, 0.000, 205.06, -0.04);
insert into SHOT values (7557, 7571, 7576, 2595, 5.510, 234.95, 38.60, 5.510, 234.95, 38.60, 0.000, 355.73, 0.05);
insert into SHOT values (7558, 7571, 7577, 2595, 5.580, 246.15, 34.40, 5.580, 246.15, 34.40, 0.000, 170.49, 0.02);
insert into SHOT values (7559, 7571, 7578, 2595, 1.500, 254.35, 35.30, 1.500, 254.35, 35.30, 0.000, 12.41, -0.03);
insert into SHOT values (7560, 7571, 7579, 2595, 1.930, 256.35, -1.50, 1.930, 256.35, -1.50, 0.000, 3.82, 0.03);
insert into SHOT values (7561, 7571, 7580, 2595, 12.220, 243.35, 45.90, 12.220, 243.35, 45.90, 0.000, 167.84, -0.06);
insert into SHOT values (7562, 7539, 7581, 2595, 15.650, 4.35, -4.60, 15.645, 4.15, -4.40, 0.076, 273.76, 45.33);
insert into SHOT values (7563, 7581, 7582, 2595, 0.390, 184.15, -84.80, 0.390, 184.15, -84.80, 0.000, 172.18, -0.01);
insert into SHOT values (7564, 7581, 7583, 2595, 2.110, 283.45, -16.00, 2.110, 283.45, -16.00, 0.000, 4.07, 0.02);
insert into SHOT values (7565, 7581, 7584, 2595, 7.910, 280.55, -0.50, 7.910, 280.55, -0.50, 0.000, 178.49, -0.00);
insert into SHOT values (7566, 7581, 7585, 2595, 10.790, 278.75, 10.20, 10.790, 278.75, 10.20, 0.000, 358.36, -0.00);
insert into SHOT values (7567, 7581, 7586, 2595, 10.340, 269.25, 10.10, 10.340, 269.25, 10.10, 0.000, 168.92, 0.02);
insert into SHOT values (7568, 7581, 7587, 2595, 10.960, 292.75, 7.50, 10.960, 292.75, 7.50, 0.000, 357.03, 0.01);
insert into SHOT values (7569, 7581, 7588, 2595, 4.520, 278.45, 48.10, 4.520, 278.45, 48.10, 0.000, 353.62, -0.01);
insert into SHOT values (7570, 7581, 7589, 2595, 3.770, 51.35, 69.40, 3.770, 51.35, 69.40, 0.000, 179.72, 0.01);
insert into SHOT values (7571, 7581, 7590, 2595, 7.170, 84.05, 28.20, 7.170, 84.05, 28.20, 0.000, 184.91, 0.00);
insert into SHOT values (7572, 7581, 7591, 2595, 12.470, 87.35, 15.50, 12.470, 87.35, 15.50, 0.000, 165.39, -0.04);
insert into SHOT values (7573, 7581, 7592, 2595, 26.090, 89.95, 1.90, 26.090, 89.95, 1.90, 0.000, 334.45, -0.05);
insert into SHOT values (7574, 7581, 7593, 2595, 16.390, 70.45, 4.90, 16.390, 70.45, 4.90, 0.000, 176.04, -0.01);
insert into SHOT values (7575, 7581, 7594, 2595, 4.970, 86.15, -4.30, 4.970, 86.15, -4.30, 0.000, 171.10, -0.00);
insert into SHOT values (7576, 7581, 7595, 2595, 17.160, 55.15, 7.20, 17.160, 55.15, 7.20, 0.000, 19.91, 0.05);
insert into SHOT values (7577, 7581, 7596, 2595, 7.320, 44.75, 33.10, 7.320, 44.75, 33.10, 0.000, 186.49, 0.01);
insert into SHOT values (7578, 7581, 7597, 2595, 11.880, 19.45, 17.50, 11.880, 19.45, 17.50, 0.000, 7.35, -0.02);
insert into SHOT values (7579, 7581, 7598, 2595, 15.380, 7.35, 4.10, 15.380, 7.35, 4.10, 0.000, 163.99, 0.04);
insert into SHOT values (7580, 7581, 7599, 2595, 13.420, 348.55, 7.40, 13.420, 348.55, 7.40, 0.000, 25.74, 0.00);
insert into SHOT values (7581, 7581, 7600, 2595, 17.640, 334.75, 5.10, 17.640, 334.75, 5.10, 0.000, 179.32, 0.05);
insert into SHOT values (7582, 7581, 7601, 2595, 9.380, 325.25, -4.10, 9.380, 325.25, -4.10, 0.000, 2.63, 0.01);
insert into SHOT values (7583, 7581, 7602, 2595, 8.980, 321.35, 16.60, 8.980, 321.35, 16.60, 0.000, 353.98, 0.01);
insert into SHOT values (7584, 7581, 7603, 2595, 9.090, 26.35, 23.00, 9.090, 26.35, 23.00, 0.000, 358.08, -0.03);
insert into SHOT values (7585, 7581, 7604, 2595, 18.310, 32.05, 12.70, 18.310, 32.05, 12.70, 0.000, 179.62, -0.01);
insert into SHOT values (7586, 7581, 7605, 2595, 21.930, 28.45, -2.10, 21.930, 28.45, -2.10, 0.000, 148.50, 0.01);
insert into SHOT values (7587, 7581, 7606, 2595, 50.690, 32.75, 7.40, 50.690, 32.75, 7.40, 0.000, 176.84, -0.03);
insert into SHOT values (7588, 7581, 7607, 2595, 7.200, 124.55, 18.70, 7.200, 124.55, 18.70, 0.000, 164.26, -0.13);
insert into SHOT values (7589, 7581, 7608, 2595, 9.150, 158.05, 14.70, 9.150, 158.05, 14.70, 0.000, 342.41, -0.01);
insert into SHOT values (7590, 7581, 7609, 2595, 8.830, 175.95, 30.60, 8.830, 175.95, 30.60, 0.000, 180.65, -0.01);
insert into SHOT values (7591, 7581, 7610, 2595, 12.860, 207.75, 14.00, 12.860, 207.75, 14.00, 0.000, 356.09, 0.00);
insert into SHOT values (7592, 7581, 7611, 2595, 7.450, 188.15, 0.50, 7.450, 188.15, 0.50, 0.000, 347.50, -0.27);
insert into SHOT values (7593, 7581, 7612, 2595, 11.510, 227.15, 11.40, 11.510, 227.15, 11.40, 0.000, 356.82, 0.02);
insert into SHOT values (7594, 7581, 7613, 2595, 13.240, 241.95, 9.80, 13.240, 241.95, 9.80, 0.000, 208.89, 0.03);
insert into SHOT values (7595, 7581, 7614, 2595, 7.320, 249.45, 2.80, 7.320, 249.45, 2.80, 0.000, 175.14, -0.00);
insert into SHOT values (7596, 7581, 7615, 2595, 9.240, 246.45, 25.50, 9.240, 246.45, 25.50, 0.000, 197.39, 0.08);
insert into SHOT values (7597, 7581, 7616, 2595, 9.900, 246.85, 5.00, 9.900, 246.85, 5.00, 0.000, 176.80, 0.02);
insert into SHOT values (7598, 7616, 7617, 2595, 0.790, 296.15, -46.10, 0.790, 296.15, -46.10, 0.000, 181.75, -0.02);
insert into SHOT values (7599, 7616, 7618, 2595, 4.140, 322.05, 10.80, 4.140, 322.05, 10.80, 0.000, 171.92, -0.01);
insert into SHOT values (7600, 7616, 7619, 2595, 7.140, 259.15, 11.50, 7.140, 259.15, 11.50, 0.000, 172.56, -0.00);
insert into SHOT values (7601, 7616, 7620, 2595, 8.530, 274.75, 26.20, 8.530, 274.75, 26.20, 0.000, 241.05, 0.12);
insert into SHOT values (7602, 7616, 7621, 2595, 7.370, 252.35, 51.30, 7.370, 252.35, 51.30, 0.000, 2.94, -0.01);
insert into SHOT values (7603, 7616, 7622, 2595, 9.280, 286.45, -0.80, 9.280, 286.45, -0.80, 0.000, 12.40, 0.02);
insert into SHOT values (7604, 7616, 7623, 2595, 21.220, 284.55, 7.00, 21.220, 284.55, 7.00, 0.000, 180.59, -0.01);
insert into SHOT values (7605, 7616, 7624, 2595, 15.520, 290.05, 7.70, 15.520, 290.05, 7.70, 0.000, 10.10, -0.02);
insert into SHOT values (7606, 7616, 7625, 2595, 19.160, 286.25, 10.30, 19.160, 286.25, 10.30, 0.000, 0.39, -0.01);
insert into SHOT values (7607, 7616, 7626, 2595, 17.720, 281.95, 8.70, 17.720, 281.95, 8.70, 0.000, 181.43, 0.01);
insert into SHOT values (7608, 7616, 7627, 2595, 23.640, 284.65, 8.80, 23.640, 284.65, 8.80, 0.000, 176.31, 0.00);
insert into SHOT values (7609, 7616, 7628, 2595, 25.370, 284.15, 11.00, 25.370, 284.15, 11.00, 0.000, 197.16, 0.00);
insert into SHOT values (7610, 7581, 7629, 2595, 29.870, 314.05, 0.10, 29.870, 314.05, 0.10, 0.000, 4.69, -0.02);
insert into SHOT values (7611, 7629, 7630, 2595, 4.240, 267.65, 7.30, 4.240, 267.65, 7.30, 0.000, 186.24, 0.02);
insert into SHOT values (7612, 7629, 7631, 2595, 0.810, 285.75, -47.00, 0.810, 285.75, -47.00, 0.000, 337.40, 0.06);
insert into SHOT values (7613, 7629, 7632, 2595, 1.310, 315.35, 60.10, 1.310, 315.35, 60.10, 0.000, 355.49, -0.02);
insert into SHOT values (7614, 7629, 7633, 2595, 4.380, 28.35, 1.60, 4.380, 28.35, 1.60, 0.000, 114.63, -0.06);
insert into SHOT values (7615, 7629, 7634, 2595, 2.440, 128.25, -17.80, 2.440, 128.25, -17.80, 0.000, 179.50, -0.01);
insert into SHOT values (7616, 7629, 7635, 2595, 10.040, 91.45, 4.50, 10.040, 91.45, 4.50, 0.000, 8.56, 0.01);
insert into SHOT values (7617, 7629, 7636, 2595, 2.790, 128.95, 20.60, 2.790, 128.95, 20.60, 0.000, 253.48, 0.06);
insert into SHOT values (7618, 7629, 7637, 2595, 4.730, 155.75, 11.70, 4.730, 155.75, 11.70, 0.000, 1.76, -0.01);
insert into SHOT values (7619, 7629, 7638, 2595, 28.970, 322.25, 1.30, 28.970, 322.25, 1.30, 0.000, 354.97, -0.02);
insert into SHOT values (7620, 7581, 7639, 2595, 32.920, 15.95, 0.40, 32.904, 15.91, 0.84, 0.252, 244.11, 83.57);
insert into SHOT values (7621, 7639, 7640, 2595, 18.170, 205.15, -0.30, 18.170, 205.15, -0.30, 0.000, 183.96, 0.02);
insert into SHOT values (7622, 7639, 7641, 2595, 6.470, 214.65, 38.50, 6.470, 214.65, 38.50, 0.000, 174.74, 0.01);
insert into SHOT values (7623, 7639, 7642, 2595, 5.800, 215.65, 75.00, 5.800, 215.65, 75.00, 0.000, 5.05, -0.01);
insert into SHOT values (7624, 7639, 7643, 2595, 13.760, 128.75, 30.30, 13.760, 128.75, 30.30, 0.000, 249.55, 0.21);
insert into SHOT values (7625, 7639, 7644, 2595, 38.870, 105.75, 7.90, 38.870, 105.75, 7.90, 0.000, 173.35, 0.00);
insert into SHOT values (7626, 7639, 7645, 2595, 48.420, 105.15, -2.20, 48.420, 105.15, -2.20, 0.000, 185.29, 0.02);
insert into SHOT values (7627, 7639, 7646, 2595, 28.510, 131.75, 4.90, 28.510, 131.75, 4.90, 0.000, 348.68, 0.35);
insert into SHOT values (7628, 7639, 7647, 2595, 21.610, 164.45, 6.80, 21.610, 164.45, 6.80, 0.000, 344.18, -0.02);
insert into SHOT values (7629, 7639, 7648, 2595, 24.850, 175.05, 4.10, 24.850, 175.05, 4.10, 0.000, 354.37, -0.00);
insert into SHOT values (7630, 7639, 7649, 2595, 20.150, 204.15, -0.80, 20.150, 204.15, -0.80, 0.000, 183.17, -0.01);
insert into SHOT values (7631, 7639, 7650, 2595, 12.440, 190.75, -9.10, 12.440, 190.75, -9.10, 0.000, 354.14, 0.02);
insert into SHOT values (7632, 7639, 7651, 2595, 26.760, 193.75, -2.90, 26.760, 193.75, -2.90, 0.000, 359.97, 0.00);
insert into SHOT values (7633, 7639, 7652, 2595, 16.900, 183.75, 12.10, 16.900, 183.75, 12.10, 0.000, 12.14, -0.03);
insert into SHOT values (7634, 7639, 7653, 2595, 4.200, 192.55, -21.90, 4.200, 192.55, -21.90, 0.000, 6.34, 0.01);
insert into SHOT values (7635, 7639, 7654, 2595, 1.640, 44.85, -50.70, 1.640, 44.85, -50.70, 0.000, 35.59, 0.01);
insert into SHOT values (7636, 7639, 7655, 2595, 8.980, 54.85, 20.60, 8.980, 54.85, 20.60, 0.000, 186.76, 0.01);
insert into SHOT values (7637, 7639, 7656, 2595, 12.370, 77.95, 12.00, 12.370, 77.95, 12.00, 0.000, 1.99, 0.01);
insert into SHOT values (7638, 7639, 7657, 2595, 40.980, 85.05, 17.20, 40.980, 85.05, 17.20, 0.000, 174.48, -0.03);
insert into SHOT values (7639, 7639, 7658, 2595, 7.740, 27.15, 26.60, 7.740, 27.15, 26.60, 0.000, 336.85, 0.09);
insert into SHOT values (7640, 7639, 7659, 2595, 6.110, 319.55, -11.20, 6.110, 319.55, -11.20, 0.000, 181.26, -0.00);
insert into SHOT values (7641, 7639, 7660, 2595, 13.160, 277.15, -8.70, 13.160, 277.15, -8.70, 0.000, 185.05, -0.00);
insert into SHOT values (7642, 7639, 7661, 2595, 20.340, 248.65, -3.50, 20.340, 248.65, -3.50, 0.000, 178.49, 0.01);
insert into SHOT values (7643, 7639, 7662, 2595, 21.090, 265.65, -1.30, 21.090, 265.65, -1.30, 0.000, 352.79, -0.00);
insert into SHOT values (7644, 7639, 7663, 2595, 31.910, 277.05, -1.50, 31.910, 277.05, -1.50, 0.000, 357.60, -0.01);
insert into SHOT values (7645, 7639, 7664, 2595, 14.140, 336.25, 6.50, 14.140, 336.25, 6.50, 0.000, 187.68, 0.10);
insert into SHOT values (7646, 7639, 7665, 2595, 16.130, 315.65, 15.70, 16.130, 315.65, 15.70, 0.000, 338.27, 0.04);
insert into SHOT values (7647, 7639, 7666, 2595, 27.280, 306.85, 10.60, 27.280, 306.85, 10.60, 0.000, 216.57, 0.02);
insert into SHOT values (7648, 7639, 7667, 2595, 29.770, 309.45, 7.20, 29.770, 309.45, 7.20, 0.000, 172.55, -0.00);
insert into SHOT values (7649, 7639, 7668, 2595, 27.870, 319.75, 5.10, 27.870, 319.75, 5.10, 0.000, 7.95, -0.01);
insert into SHOT values (7650, 7639, 7669, 2595, 21.620, 329.55, 10.70, 21.620, 329.55, 10.70, 0.000, 241.48, -0.04);
insert into SHOT values (7651, 7639, 7670, 2595, 14.760, 308.45, -4.60, 14.760, 308.45, -4.60, 0.000, 160.02, 0.06);
insert into SHOT values (7652, 7639, 7671, 2595, 9.870, 282.65, -11.50, 9.870, 282.65, -11.50, 0.000, 172.58, 0.00);
insert into SHOT values (7653, 7639, 7672, 2595, 12.250, 297.15, 25.90, 12.250, 297.15, 25.90, 0.000, 7.12, 0.00);
insert into SHOT values (7654, 7639, 7673, 2595, 59.280, 89.05, 5.40, 59.280, 89.05, 5.40, 0.000, 177.62, 0.01);
insert into SHOT_FLAG values(7654, 'dpl');
insert into SHOT values (7655, 7639, 7674, 2595, 25.480, 316.55, 0.40, 25.463, 316.48, 0.74, 0.155, 195.36, 77.02);
insert into SHOT values (7656, 7674, 7675, 2595, 4.020, 257.55, -8.10, 4.020, 257.55, -8.10, 0.000, 133.24, 0.02);
insert into SHOT values (7657, 7674, 7676, 2595, 11.950, 214.95, 17.50, 11.950, 214.95, 17.50, 0.000, 194.08, -0.03);
insert into SHOT values (7658, 7674, 7677, 2595, 5.210, 207.15, -4.20, 5.210, 207.15, -4.20, 0.000, 342.31, 0.02);
insert into SHOT values (7659, 7674, 7678, 2595, 4.900, 184.45, -19.70, 4.900, 184.45, -19.70, 0.000, 169.04, -0.01);
insert into SHOT values (7660, 7674, 7679, 2595, 6.450, 239.55, 49.00, 6.450, 239.55, 49.00, 0.000, 194.40, -0.03);
insert into SHOT values (7661, 7674, 7680, 2595, 7.070, 270.95, 19.50, 7.070, 270.95, 19.50, 0.000, 359.83, -0.09);
insert into SHOT values (7662, 7674, 7681, 2595, 4.390, 297.85, 18.60, 4.390, 297.85, 18.60, 0.000, 7.69, -0.01);
insert into SHOT values (7663, 7674, 7682, 2595, 4.900, 22.75, 25.80, 4.900, 22.75, 25.80, 0.000, 356.89, 0.02);
insert into SHOT values (7664, 7674, 7683, 2595, 8.410, 83.45, 24.90, 8.410, 83.45, 24.90, 0.000, 5.93, 0.01);
insert into SHOT values (7665, 7674, 7684, 2595, 17.520, 55.15, 57.20, 17.520, 55.15, 57.20, 0.000, 189.49, -0.01);
insert into SHOT values (7666, 7674, 7685, 2595, 16.450, 9.85, 40.60, 16.450, 9.85, 40.60, 0.000, 4.87, 0.01);
insert into SHOT values (7667, 7674, 7686, 2595, 19.070, 51.55, 83.50, 19.070, 51.55, 83.50, 0.000, 349.39, -0.02);
insert into SHOT values (7668, 7674, 7687, 2595, 17.340, 158.15, 75.60, 17.340, 158.15, 75.60, 0.000, 177.24, -0.00);
insert into SHOT values (7669, 7674, 7688, 2595, 5.800, 171.25, 63.50, 5.800, 171.25, 63.50, 0.000, 177.14, -0.01);
insert into SHOT values (7670, 7674, 7689, 2595, 27.990, 283.35, 47.40, 27.990, 283.35, 47.40, 0.000, 187.56, -0.07);
insert into SHOT values (7671, 7674, 7690, 2595, 21.520, 304.45, 39.20, 21.520, 304.45, 39.20, 0.000, 172.73, 0.01);
insert into SHOT values (7672, 7674, 7691, 2595, 30.750, 270.55, 40.30, 30.750, 270.55, 40.30, 0.000, 357.50, 0.00);
insert into SHOT values (7673, 7674, 7692, 2595, 23.090, 87.85, 50.90, 23.090, 87.85, 50.90, 0.000, 5.36, -0.02);
insert into SHOT values (7674, 7674, 7693, 2595, 22.220, 73.95, 44.40, 22.220, 73.95, 44.40, 0.000, 173.11, 0.01);
insert into SHOT values (7675, 7674, 7694, 2595, 15.370, 80.85, 34.60, 15.370, 80.85, 34.60, 0.000, 351.49, -0.01);
insert into SHOT values (7676, 7674, 7695, 2595, 19.130, 108.95, 50.30, 19.130, 108.95, 50.30, 0.000, 178.00, 0.00);
insert into SHOT values (7677, 7674, 7696, 2595, 11.000, 240.55, 16.80, 10.953, 240.32, 17.29, 0.113, 90.35, 42.38);
insert into SHOT values (7678, 7696, 7697, 2595, 3.570, 146.25, -47.30, 3.570, 146.25, -47.30, 0.000, 182.92, 0.00);
insert into SHOT values (7679, 7696, 7698, 2595, 9.060, 174.55, -29.00, 9.060, 174.55, -29.00, 0.000, 6.17, 0.00);
insert into SHOT values (7680, 7696, 7699, 2595, 7.520, 116.15, -18.60, 7.520, 116.15, -18.60, 0.000, 353.70, -0.02);
insert into SHOT values (7681, 7696, 7700, 2595, 9.190, 137.75, -10.00, 9.190, 137.75, -10.00, 0.000, 355.24, 0.01);
insert into SHOT values (7682, 7696, 7701, 2595, 9.750, 37.75, -24.20, 9.750, 37.75, -24.20, 0.000, 10.96, -0.00);
insert into SHOT values (7683, 7696, 7702, 2595, 4.920, 16.15, 19.60, 4.920, 16.15, 19.60, 0.000, 175.17, -0.01);
insert into SHOT values (7684, 7696, 7703, 2595, 6.820, 344.85, 10.40, 6.820, 344.85, 10.40, 0.000, 8.85, -0.02);
insert into SHOT values (7685, 7696, 7704, 2595, 8.300, 315.45, 15.20, 8.300, 315.45, 15.20, 0.000, 359.11, -0.01);
insert into SHOT values (7686, 7696, 7705, 2595, 6.150, 303.95, 21.00, 6.150, 303.95, 21.00, 0.000, 357.11, -0.01);
insert into SHOT values (7687, 7696, 7706, 2595, 14.190, 276.35, 9.60, 14.190, 276.35, 9.60, 0.000, 178.98, 0.02);
insert into SHOT values (7688, 7696, 7707, 2595, 4.100, 288.55, -5.70, 4.100, 288.55, -5.70, 0.000, 6.67, -0.02);
insert into SHOT values (7689, 7696, 7708, 2595, 12.650, 302.45, 2.80, 12.577, 302.67, 3.29, 0.139, 90.39, 48.38);
insert into SHOT values (7690, 7708, 7709, 2595, 6.070, 293.65, -5.50, 6.070, 293.65, -5.50, 0.000, 325.12, 0.02);
insert into SHOT values (7691, 7708, 7710, 2595, 20.770, 283.65, 51.40, 20.770, 283.65, 51.40, 0.000, 91.52, 0.21);
insert into SHOT values (7692, 7708, 7711, 2595, 22.950, 300.35, 25.80, 22.950, 300.35, 25.80, 0.000, 302.66, 0.10);
insert into SHOT values (7693, 7708, 7712, 2595, 12.190, 305.45, 14.70, 12.190, 305.45, 14.70, 0.000, 206.25, 0.19);
insert into SHOT values (7694, 7708, 7713, 2595, 7.170, 313.45, 0.10, 7.170, 313.45, 0.10, 0.000, 143.46, 0.09);
insert into SHOT values (7695, 7708, 7714, 2595, 16.130, 324.65, 15.40, 16.130, 324.65, 15.40, 0.000, 45.85, 0.02);
insert into SHOT values (7696, 7708, 7715, 2595, 18.900, 335.95, 19.90, 18.900, 335.95, 19.90, 0.000, 179.96, 0.01);
insert into SHOT values (7697, 7708, 7716, 2595, 12.340, 352.35, 15.60, 12.340, 352.35, 15.60, 0.000, 9.63, 0.02);
insert into SHOT values (7698, 7708, 7717, 2595, 15.190, 346.65, 0.50, 15.190, 346.65, 0.50, 0.000, 356.72, -0.01);
insert into SHOT values (7699, 7708, 7718, 2595, 5.070, 328.85, -12.90, 5.070, 328.85, -12.90, 0.000, 16.27, -0.02);
insert into SHOT values (7700, 7708, 7719, 2595, 16.670, 21.45, 65.60, 16.670, 21.45, 65.60, 0.000, 179.02, 0.02);
insert into SHOT values (7701, 7708, 7720, 2595, 17.250, 93.95, 78.00, 17.250, 93.95, 78.00, 0.000, 3.09, -0.02);
insert into SHOT values (7702, 7708, 7721, 2595, 14.650, 50.25, 38.70, 14.650, 50.25, 38.70, 0.000, 5.17, -0.00);
insert into SHOT values (7703, 7708, 7722, 2595, 17.470, 97.85, 70.70, 17.470, 97.85, 70.70, 0.000, 221.70, 0.06);
insert into SHOT values (7704, 7708, 7723, 2595, 2.930, 214.65, 72.60, 2.930, 214.65, 72.60, 0.000, 358.45, -0.01);
insert into SHOT values (7705, 7708, 7724, 2595, 1.700, 165.25, 54.90, 1.700, 165.25, 54.90, 0.000, 356.07, -0.03);
insert into SHOT values (7706, 7708, 7725, 2595, 6.390, 183.65, 2.50, 6.390, 183.65, 2.50, 0.000, 353.54, 0.01);
insert into SHOT values (7707, 7708, 7726, 2595, 7.380, 189.25, -29.50, 7.380, 189.25, -29.50, 0.000, 179.37, 0.01);
insert into SHOT values (7708, 7708, 7727, 2595, 5.160, 119.55, -18.00, 5.160, 119.55, -18.00, 0.000, 171.73, 0.01);
insert into SHOT values (7709, 7708, 7728, 2595, 7.600, 161.15, 3.70, 7.600, 161.15, 3.70, 0.000, 0.60, -0.01);
insert into SHOT values (7710, 7708, 7729, 2595, 4.900, 230.05, -18.50, 4.900, 230.05, -18.50, 0.000, 353.45, -0.01);
insert into SHOT values (7711, 7708, 7730, 2595, 7.500, 210.55, -27.20, 7.500, 210.55, -27.20, 0.000, 5.14, 0.01);
insert into SHOT values (7712, 7708, 7731, 2595, 8.240, 192.95, -23.60, 8.240, 192.95, -23.60, 0.000, 16.95, -0.03);
insert into SHOT values (7713, 7708, 7732, 2595, 13.270, 210.15, -19.20, 13.270, 210.15, -19.20, 0.000, 45.65, 0.07);
insert into SHOT values (7714, 7732, 7733, 2595, 6.190, 108.15, -0.10, 6.190, 108.15, -0.10, 0.000, 357.21, -0.00);
insert into SHOT values (7715, 7732, 7734, 2595, 5.690, 204.15, 1.00, 5.690, 204.15, 1.00, 0.000, 354.20, -0.01);
insert into SHOT values (7716, 7732, 7735, 2595, 5.250, 164.45, -8.30, 5.250, 164.45, -8.30, 0.000, 353.70, -0.00);
insert into SHOT values (7717, 7732, 7736, 2595, 11.350, 168.95, -1.80, 11.350, 168.95, -1.80, 0.000, 353.22, 0.03);
insert into SHOT values (7718, 7732, 7737, 2595, 9.910, 158.55, 0.40, 9.910, 158.55, 0.40, 0.000, 2.42, 0.01);
insert into SHOT values (7719, 7732, 7738, 2595, 1.910, 161.95, 32.80, 1.910, 161.95, 32.80, 0.000, 3.59, 0.01);
insert into SHOT values (7720, 7732, 7739, 2595, 2.000, 59.85, 36.20, 2.000, 59.85, 36.20, 0.000, 351.59, -0.01);
insert into SHOT values (7721, 7732, 7740, 2595, 4.410, 64.15, 7.20, 4.410, 64.15, 7.20, 0.000, 2.56, -0.01);
insert into SHOT values (7722, 7732, 7741, 2595, 5.600, 13.25, 21.00, 5.600, 13.25, 21.00, 0.000, 195.44, -0.03);
insert into SHOT values (7723, 7732, 7742, 2595, 5.280, 248.25, 1.10, 5.280, 248.25, 1.10, 0.000, 2.55, 0.02);
insert into SHOT values (7724, 7732, 7743, 2595, 2.780, 272.15, -4.80, 2.780, 272.15, -4.80, 0.000, 14.65, -0.02);
insert into SHOT values (7725, 7732, 7744, 2595, 5.580, 276.35, 9.70, 5.580, 276.35, 9.70, 0.000, 181.58, 0.00);
insert into SHOT values (7726, 7732, 7745, 2595, 5.250, 311.85, 3.40, 5.250, 311.85, 3.40, 0.000, 353.64, 0.01);
insert into SHOT values (7727, 7732, 7746, 2595, 3.060, 327.65, 38.00, 3.060, 327.65, 38.00, 0.000, 337.24, -0.02);
insert into SHOT values (7728, 7732, 7747, 2595, 10.130, 156.55, -1.90, 10.130, 156.55, -1.90, 0.000, 351.54, 0.01);
insert into SHOT values (7729, 7732, 7748, 2595, 10.360, 156.55, -1.80, 10.360, 156.55, -1.80, 0.000, 327.19, -0.17);
insert into SHOT values (7730, 7732, 7749, 2595, 14.520, 279.65, 0.60, 14.520, 279.65, 0.60, 0.000, 358.25, -0.01);
insert into SHOT values (7731, 7749, 7750, 2595, 1.100, 28.05, 4.30, 1.100, 28.05, 4.30, 0.000, 353.61, -0.01);
insert into SHOT values (7732, 7749, 7751, 2595, 1.890, 230.25, 4.30, 1.890, 230.25, 4.30, 0.000, 345.93, 0.04);
insert into SHOT values (7733, 7749, 7752, 2595, 0.560, 291.05, -56.90, 0.560, 291.05, -56.90, 0.000, 185.71, 0.03);
insert into SHOT values (7734, 7749, 7753, 2595, 5.180, 310.25, -4.20, 5.180, 310.25, -4.20, 0.000, 156.15, -0.11);
insert into SHOT values (7735, 7749, 7754, 2595, 11.470, 278.65, -5.10, 11.470, 278.65, -5.10, 0.000, 358.65, 0.00);
insert into SHOT values (7736, 7749, 7755, 2595, 14.550, 291.85, -3.10, 14.550, 291.85, -3.10, 0.000, 169.43, 0.00);
insert into SHOT values (7737, 7749, 7756, 2595, 9.830, 290.55, 34.50, 9.830, 290.55, 34.50, 0.000, 347.98, 0.02);
insert into SHOT values (7738, 7749, 7757, 2595, 5.600, 302.35, 32.60, 5.600, 302.35, 32.60, 0.000, 1.02, -0.00);
insert into SHOT values (7739, 7749, 7758, 2595, 2.620, 282.35, 35.40, 2.620, 282.35, 35.40, 0.000, 354.02, 0.01);
insert into SHOT values (7740, 7749, 7759, 2595, 3.840, 281.65, 10.00, 3.840, 281.65, 10.00, 0.000, 170.44, 0.04);
insert into SHOT values (7741, 7749, 7760, 2595, 3.250, 98.85, 5.70, 3.250, 98.85, 5.70, 0.000, 342.70, -0.06);
insert into SHOT values (7742, 7749, 7761, 2595, 3.210, 109.35, -5.50, 3.210, 109.35, -5.50, 0.000, 0.58, 0.01);
insert into SHOT values (7743, 7749, 7762, 2595, 5.440, 109.85, 16.50, 5.440, 109.85, 16.50, 0.000, 359.66, 0.00);
insert into SHOT values (7744, 7749, 7763, 2595, 3.920, 123.05, 5.50, 3.920, 123.05, 5.50, 0.000, 7.82, 0.03);
insert into SHOT values (7745, 7749, 7764, 2595, 9.660, 293.25, 1.80, 9.660, 293.25, 1.80, 0.000, 168.48, -0.00);
insert into SHOT values (7746, 7764, 7765, 2595, 4.510, 203.45, -3.40, 4.510, 203.45, -3.40, 0.000, 173.11, -0.01);
insert into SHOT values (7747, 7764, 7766, 2595, 2.870, 201.45, 2.70, 2.870, 201.45, 2.70, 0.000, 225.49, 0.05);
insert into SHOT values (7748, 7764, 7767, 2595, 1.620, 200.45, 29.90, 1.620, 200.45, 29.90, 0.000, 10.86, 0.00);
insert into SHOT values (7749, 7764, 7768, 2595, 3.070, 179.15, 68.10, 3.070, 179.15, 68.10, 0.000, 349.58, 0.02);
insert into SHOT values (7750, 7764, 7769, 2595, 0.440, 14.05, 48.20, 0.440, 14.05, 48.20, 0.000, 343.22, 0.01);
insert into SHOT values (7751, 7764, 7770, 2595, 3.170, 272.85, -18.40, 3.170, 272.85, -18.40, 0.000, 184.67, -0.00);
insert into SHOT values (7752, 7764, 7771, 2595, 9.830, 275.95, -2.60, 9.830, 275.95, -2.60, 0.000, 115.88, -0.05);
insert into SHOT values (7753, 7764, 7772, 2595, 7.550, 280.25, -7.20, 7.550, 280.25, -7.20, 0.000, 182.50, 0.01);
insert into SHOT values (7754, 7764, 7773, 2595, 4.050, 272.85, 3.50, 4.050, 272.85, 3.50, 0.000, 191.70, -0.01);
insert into SHOT values (7755, 7764, 7774, 2595, 9.900, 276.25, 3.10, 9.900, 276.25, 3.10, 0.000, 356.94, -0.02);
insert into SHOT values (7756, 7764, 7775, 2595, 2.470, 94.65, -2.10, 2.470, 94.65, -2.10, 0.000, 356.93, 0.00);
insert into SHOT values (7757, 7775, 7776, 2595, 3.750, 27.85, -26.90, 3.750, 27.85, -26.90, 0.000, 187.28, -0.01);
insert into SHOT values (7758, 7674, 7777, 2595, 18.670, 86.25, 34.20, 18.585, 87.79, 33.77, 0.447, 176.07, -21.38);
insert into SHOT values (7759, 7777, 7778, 2595, 8.340, 72.45, 72.50, 8.340, 72.45, 72.50, 0.000, 229.31, 0.06);
insert into SHOT values (7760, 7777, 7779, 2595, 11.770, 1.95, 27.80, 11.770, 1.95, 27.80, 0.000, 346.23, 0.01);
insert into SHOT values (7761, 7777, 7780, 2595, 1.820, 124.55, -24.40, 1.820, 124.55, -24.40, 0.000, 185.86, -0.02);
insert into SHOT values (7762, 7777, 7781, 2595, 3.990, 171.55, 12.00, 3.990, 171.55, 12.00, 0.000, 8.05, 0.00);
insert into SHOT values (7763, 7777, 7782, 2595, 18.240, 114.15, 28.70, 18.240, 114.15, 28.70, 0.000, 169.59, -0.00);
insert into SHOT values (7764, 7777, 7783, 2595, 9.900, 128.45, 10.90, 9.900, 128.45, 10.90, 0.000, 0.90, 0.01);
insert into SHOT values (7765, 7777, 7784, 2595, 14.480, 301.15, 9.50, 14.480, 301.15, 9.50, 0.000, 3.49, -0.01);
insert into SHOT values (7766, 7777, 7785, 2595, 21.530, 280.35, -20.40, 21.530, 280.35, -20.40, 0.000, 175.47, 0.01);
insert into SHOT values (7767, 7777, 7786, 2595, 16.320, 284.45, -28.90, 16.320, 284.45, -28.90, 0.000, 349.25, -0.00);
insert into SHOT values (7768, 7777, 7787, 2595, 23.560, 270.35, -9.80, 23.560, 270.35, -9.80, 0.000, 181.46, 0.01);
insert into SHOT values (7769, 7777, 7788, 2595, 31.230, 280.75, -13.60, 31.230, 280.75, -13.60, 0.000, 2.31, -0.01);
insert into SHOT values (7770, 7777, 7789, 2595, 19.540, 259.05, 8.80, 19.540, 259.05, 8.80, 0.000, 188.70, 0.02);
insert into SHOT values (7771, 7777, 7790, 2595, 9.620, 253.75, 39.90, 9.620, 253.75, 39.90, 0.000, 176.98, -0.01);
insert into SHOT values (7772, 7777, 7791, 2595, 9.110, 240.75, 64.80, 9.110, 240.75, 64.80, 0.000, 351.61, 0.01);
insert into SHOT values (7773, 7777, 7792, 2595, 7.740, 101.55, -1.00, 7.768, 102.23, -1.32, 0.106, 175.33, -24.92);
insert into SHOT values (7774, 7792, 7793, 2595, 4.280, 179.65, 1.80, 4.280, 179.65, 1.80, 0.000, 179.33, -0.02);
insert into SHOT values (7775, 7792, 7794, 2595, 9.860, 151.25, 72.80, 9.860, 151.25, 72.80, 0.000, 2.23, -0.00);
insert into SHOT values (7776, 7792, 7795, 2595, 7.890, 17.25, 30.10, 7.890, 17.25, 30.10, 0.000, 169.23, 0.02);
insert into SHOT values (7777, 7792, 7796, 2595, 2.360, 22.55, -3.70, 2.360, 22.55, -3.70, 0.000, 3.54, -0.01);
insert into SHOT values (7778, 7792, 7797, 2595, 10.670, 57.55, 4.90, 10.670, 57.55, 4.90, 0.000, 6.48, -0.01);
insert into SHOT values (7779, 7792, 7798, 2595, 20.080, 105.65, 3.40, 20.080, 105.65, 3.40, 0.000, 346.40, -0.02);
insert into SHOT values (7780, 7792, 7799, 2595, 11.130, 123.95, 4.40, 11.130, 123.95, 4.40, 0.000, 173.68, 0.01);
insert into SHOT values (7781, 7792, 7800, 2595, 5.420, 145.25, -3.80, 5.420, 145.25, -3.80, 0.000, 6.64, 0.01);
insert into SHOT values (7782, 7792, 7801, 2595, 14.570, 113.75, -12.30, 14.570, 113.75, -12.30, 0.000, 124.83, 0.08);
insert into SHOT values (7783, 7792, 7802, 2595, 3.270, 107.25, -23.10, 3.270, 107.25, -23.10, 0.000, 135.77, 0.01);
insert into SHOT values (7784, 7792, 7803, 2595, 7.260, 126.55, -14.20, 7.259, 126.59, -14.09, 0.015, 192.94, 67.90);
insert into SHOT values (7785, 7803, 7804, 2595, 6.900, 110.35, -16.90, 6.900, 110.35, -16.90, 0.000, 149.52, 0.01);
insert into SHOT values (7786, 7803, 7805, 2595, 2.690, 147.75, -47.20, 2.690, 147.75, -47.20, 0.000, 169.28, -0.00);
insert into SHOT values (7787, 7803, 7806, 2595, 16.640, 150.15, -42.50, 16.640, 150.15, -42.50, 0.000, 359.73, 0.01);
insert into SHOT values (7788, 7803, 7807, 2595, 43.860, 148.15, -9.80, 43.860, 148.15, -9.80, 0.000, 2.25, -0.00);
insert into SHOT values (7789, 7803, 7808, 2595, 11.190, 167.25, -8.60, 11.190, 167.25, -8.60, 0.000, 359.02, -0.00);
insert into SHOT values (7790, 7803, 7809, 2595, 10.350, 145.55, 68.80, 10.350, 145.55, 68.80, 0.000, 3.74, 0.01);
insert into SHOT values (7791, 7803, 7810, 2595, 14.260, 103.85, 13.20, 14.260, 103.85, 13.20, 0.000, 194.70, -0.05);
insert into SHOT values (7792, 7803, 7811, 2595, 11.410, 84.95, 45.10, 11.410, 84.95, 45.10, 0.000, 352.44, -0.02);
insert into SHOT values (7793, 7803, 7812, 2595, 42.030, 133.45, -15.40, 41.982, 133.57, -14.88, 0.393, 192.95, 74.71);
insert into SHOT values (7794, 7792, 7813, 2595, 14.390, 221.55, 63.80, 14.390, 221.55, 63.80, 0.000, 165.89, -0.04);
insert into SHOT values (7795, 7792, 7814, 2595, 8.240, 359.85, 29.60, 8.151, 359.94, 29.60, 0.090, 171.00, -29.40);
insert into SHOT values (7796, 7814, 7815, 2595, 4.270, 246.55, 3.00, 4.270, 246.55, 3.00, 0.000, 8.06, 0.02);
insert into SHOT values (7797, 7814, 7816, 2595, 1.160, 222.95, -8.90, 1.160, 222.95, -8.90, 0.000, 359.44, -0.02);
insert into SHOT values (7798, 7814, 7817, 2595, 2.470, 246.85, 50.30, 2.470, 246.85, 50.30, 0.000, 170.76, 0.02);
insert into SHOT values (7799, 7814, 7818, 2595, 13.480, 271.15, 4.40, 13.480, 271.15, 4.40, 0.000, 155.89, -0.06);
insert into SHOT values (7800, 7814, 7819, 2595, 15.870, 284.55, 6.10, 15.870, 284.55, 6.10, 0.000, 3.72, 0.00);
insert into SHOT values (7801, 7814, 7820, 2595, 9.920, 299.65, 7.00, 9.920, 299.65, 7.00, 0.000, 4.77, -0.01);
insert into SHOT values (7802, 7814, 7821, 2595, 7.570, 320.65, 10.30, 7.570, 320.65, 10.30, 0.000, 186.54, 0.02);
insert into SHOT values (7803, 7814, 7822, 2595, 4.550, 298.95, -37.10, 4.550, 298.95, -37.10, 0.000, 140.84, 0.03);
insert into SHOT values (7804, 7814, 7823, 2595, 10.300, 273.95, -35.60, 10.300, 273.95, -35.60, 0.000, 184.60, -0.01);
insert into SHOT values (7805, 7814, 7824, 2595, 16.050, 284.35, -38.30, 16.048, 283.08, -38.83, 0.316, 175.04, -21.25);
insert into SHOT values (7806, 7824, 7825, 2595, 1.300, 65.45, -8.90, 1.300, 65.45, -8.90, 0.000, 188.56, 0.02);
insert into SHOT values (7807, 7824, 7826, 2595, 3.400, 76.05, -64.60, 3.400, 76.05, -64.60, 0.000, 177.93, -0.00);
insert into SHOT values (7808, 7824, 7827, 2595, 9.270, 74.15, -51.60, 9.270, 74.15, -51.60, 0.000, 1.20, 0.01);
insert into SHOT values (7809, 7824, 7828, 2595, 6.780, 93.35, -48.10, 6.780, 93.35, -48.10, 0.000, 4.34, 0.01);
insert into SHOT values (7810, 7824, 7829, 2595, 12.820, 83.45, -40.00, 12.820, 83.45, -40.00, 0.000, 199.42, 0.05);
insert into SHOT values (7811, 7824, 7830, 2595, 12.120, 98.15, -13.00, 12.120, 98.15, -13.00, 0.000, 354.61, 0.01);
insert into SHOT values (7812, 7824, 7831, 2595, 19.710, 105.85, 35.70, 19.710, 105.85, 35.70, 0.000, 194.46, 0.01);
insert into SHOT values (7813, 7824, 7832, 2595, 5.610, 118.15, 69.60, 5.610, 118.15, 69.60, 0.000, 186.06, 0.00);
insert into SHOT values (7814, 7824, 7833, 2595, 2.980, 171.55, 23.00, 2.980, 171.55, 23.00, 0.000, 349.16, 0.04);
insert into SHOT values (7815, 7824, 7834, 2595, 7.040, 118.75, 17.10, 7.040, 118.75, 17.10, 0.000, 7.00, -0.02);
insert into SHOT values (7816, 7824, 7835, 2595, 3.310, 248.25, 23.00, 3.310, 248.25, 23.00, 0.000, 172.85, 0.02);
insert into SHOT values (7817, 7824, 7836, 2595, 4.100, 300.65, 10.70, 4.100, 300.65, 10.70, 0.000, 342.39, -0.02);
insert into SHOT values (7818, 7824, 7837, 2595, 14.810, 93.95, -39.50, 14.810, 93.95, -39.50, 0.000, 357.47, -0.01);
insert into SHOT values (7819, 7824, 7838, 2595, 5.020, 272.45, 21.80, 5.003, 271.87, 21.59, 0.053, 170.79, -26.09);
insert into SHOT values (7820, 7838, 7839, 2595, 2.700, 282.25, -40.30, 2.700, 282.25, -40.30, 0.000, 194.38, 0.00);
insert into SHOT values (7821, 7838, 7840, 2595, 2.470, 191.35, 10.60, 2.470, 191.35, 10.60, 0.000, 184.26, -0.01);
insert into SHOT values (7822, 7838, 7841, 2595, 6.730, 346.45, 77.80, 6.730, 346.45, 77.80, 0.000, 345.24, -0.01);
insert into SHOT values (7823, 7838, 7842, 2595, 1.610, 32.95, 14.40, 1.610, 32.95, 14.40, 0.000, 7.45, -0.00);
insert into SHOT values (7824, 7838, 7843, 2595, 5.170, 334.25, 13.30, 5.170, 334.25, 13.30, 0.000, 7.23, -0.02);
insert into SHOT values (7825, 7838, 7844, 2595, 13.780, 315.25, -0.90, 13.780, 315.25, -0.90, 0.000, 17.65, -0.02);
insert into SHOT values (7826, 7838, 7845, 2595, 9.500, 338.25, -14.90, 9.500, 338.25, -14.90, 0.000, 179.93, 0.01);
insert into SHOT values (7827, 7838, 7846, 2595, 6.210, 348.45, 11.90, 6.210, 348.45, 11.90, 0.000, 180.09, 0.00);
insert into SHOT values (7828, 7838, 7847, 2595, 7.560, 257.35, 65.10, 7.560, 257.35, 65.10, 0.000, 183.48, 0.01);
insert into SHOT values (7829, 7838, 7848, 2595, 25.550, 242.45, 24.30, 25.550, 242.45, 24.30, 0.000, 1.31, 0.01);
insert into SHOT values (7830, 7838, 7849, 2595, 37.880, 257.05, 21.20, 37.880, 257.05, 21.20, 0.000, 355.48, 0.09);
insert into SHOT values (7831, 7838, 7850, 2595, 32.540, 260.85, 0.40, 32.540, 260.85, 0.40, 0.000, 167.71, -0.00);
insert into SHOT values (7832, 7838, 7851, 2595, 30.120, 269.55, -5.10, 30.120, 269.55, -5.10, 0.000, 48.83, -0.11);
insert into SHOT values (7833, 7838, 7852, 2595, 17.180, 280.05, -1.20, 17.180, 280.05, -1.20, 0.000, 177.74, 0.01);
insert into SHOT values (7834, 7838, 7853, 2595, 5.560, 321.85, -14.80, 5.518, 321.52, -15.20, 0.065, 172.91, -23.92);
insert into SHOT values (7835, 7853, 7854, 2595, 5.520, 92.15, 9.80, 5.520, 92.15, 9.80, 0.000, 180.63, 0.01);
insert into SHOT values (7836, 7853, 7855, 2595, 3.340, 21.25, 51.10, 3.340, 21.25, 51.10, 0.000, 7.03, -0.01);
insert into SHOT values (7837, 7853, 7856, 2595, 5.900, 309.35, 19.50, 5.900, 309.35, 19.50, 0.000, 182.42, 0.00);
insert into SHOT values (7838, 7853, 7857, 2595, 14.940, 357.95, 8.50, 14.940, 357.95, 8.50, 0.000, 186.11, -0.01);
insert into SHOT values (7839, 7853, 7858, 2595, 15.570, 16.95, 10.80, 15.570, 16.95, 10.80, 0.000, 347.47, -0.00);
insert into SHOT values (7840, 7853, 7859, 2595, 16.640, 42.75, 9.00, 16.640, 42.75, 9.00, 0.000, 353.77, -0.03);
insert into SHOT values (7841, 7853, 7860, 2595, 13.350, 17.15, -3.50, 13.350, 17.15, -3.50, 0.000, 348.46, -0.07);
insert into SHOT values (7842, 7853, 7861, 2595, 17.020, 328.75, 8.90, 17.020, 328.75, 8.90, 0.000, 0.04, -0.04);
insert into SHOT values (7843, 7853, 7862, 2595, 7.380, 314.65, 13.50, 7.380, 314.65, 13.50, 0.000, 4.19, -0.02);
insert into SHOT values (7844, 7853, 7863, 2595, 8.170, 341.75, 2.80, 8.170, 341.75, 2.80, 0.000, 184.72, -0.01);
insert into SHOT values (7845, 7853, 7864, 2595, 5.540, 338.95, 27.70, 5.540, 338.95, 27.70, 0.000, 0.56, 0.01);
insert into SHOT values (7846, 7853, 7865, 2595, 6.800, 267.75, 21.20, 6.800, 267.75, 21.20, 0.000, 172.21, 0.00);
insert into SHOT values (7847, 7853, 7866, 2595, 4.220, 224.65, 52.40, 4.220, 224.65, 52.40, 0.000, 177.96, 0.01);
insert into SHOT values (7848, 7853, 7867, 2595, 4.130, 148.75, 59.20, 4.130, 148.75, 59.20, 0.000, 349.68, 0.03);
insert into SHOT values (7849, 7853, 7868, 2595, 21.160, 165.65, 29.60, 21.160, 165.65, 29.60, 0.000, 177.19, -0.01);
insert into SHOT values (7850, 7853, 7869, 2595, 18.910, 189.05, 49.60, 18.910, 189.05, 49.60, 0.000, 165.93, 0.02);
insert into SHOT values (7851, 7853, 7870, 2595, 10.740, 207.25, -6.70, 10.712, 206.92, -6.59, 0.070, 94.61, 19.71);
insert into SHOT values (7852, 7870, 7871, 2595, 7.280, 74.45, 5.10, 7.280, 74.45, 5.10, 0.000, 197.28, 0.03);
insert into SHOT values (7853, 7870, 7872, 2595, 13.420, 46.45, 44.80, 13.420, 46.45, 44.80, 0.000, 350.13, -0.01);
insert into SHOT values (7854, 7870, 7873, 2595, 16.760, 178.05, 83.30, 16.760, 178.05, 83.30, 0.000, 356.77, -0.06);
insert into SHOT values (7855, 7870, 7874, 2595, 11.600, 186.35, 48.20, 11.600, 186.35, 48.20, 0.000, 197.16, -0.00);
insert into SHOT values (7856, 7870, 7875, 2595, 5.630, 193.45, 20.20, 5.630, 193.45, 20.20, 0.000, 26.94, 0.00);
insert into SHOT values (7857, 7870, 7876, 2595, 10.190, 331.45, 22.30, 10.190, 331.45, 22.30, 0.000, 4.31, -0.01);
insert into SHOT values (7858, 7870, 7877, 2595, 2.680, 315.15, -25.80, 2.680, 315.15, -25.80, 0.000, 179.97, -0.01);
insert into SHOT values (7859, 7870, 7878, 2595, 14.190, 239.85, 34.30, 14.190, 239.85, 34.30, 0.000, 16.95, 0.06);
insert into SHOT values (7860, 7870, 7879, 2595, 13.770, 308.25, 24.90, 13.770, 308.25, 24.90, 0.000, 358.36, -0.01);
insert into SHOT values (7861, 7870, 7880, 2595, 26.550, 265.75, 39.40, 26.550, 265.75, 39.40, 0.000, 9.74, 0.00);
insert into SHOT values (7862, 7870, 7674, 2595, 5.310, 152.85, -38.50, 5.309, 152.35, -38.16, 0.048, 90.27, 31.42);
insert into SHOT values (7863, 7870, 7881, 2595, 10.840, 323.55, 10.50, 10.893, 323.06, 10.04, 0.137, 270.18, -34.05);
insert into SHOT values (7864, 7881, 7882, 2595, 10.900, 188.85, -3.40, 10.900, 188.85, -3.40, 0.000, 1.09, 0.04);
insert into SHOT values (7865, 7881, 7883, 2595, 4.180, 234.65, -33.70, 4.180, 234.65, -33.70, 0.000, 189.00, -0.00);
insert into SHOT values (7866, 7881, 7884, 2595, 21.140, 218.35, 31.30, 21.140, 218.35, 31.30, 0.000, 172.33, -0.01);
insert into SHOT values (7867, 7881, 7885, 2595, 22.770, 229.45, 45.90, 22.770, 229.45, 45.90, 0.000, 21.59, -0.05);
insert into SHOT values (7868, 7881, 7886, 2595, 40.240, 256.75, 24.80, 40.240, 256.75, 24.80, 0.000, 292.51, 0.01);
insert into SHOT values (7869, 7881, 7887, 2595, 44.600, 263.75, 22.30, 44.600, 263.75, 22.30, 0.000, 6.25, -0.01);
insert into SHOT values (7870, 7881, 7888, 2595, 19.220, 266.55, 6.90, 19.220, 266.55, 6.90, 0.000, 179.14, -0.03);
insert into SHOT values (7871, 7881, 7889, 2595, 19.240, 267.35, -0.10, 19.240, 267.35, -0.10, 0.000, 189.80, -0.02);
insert into SHOT values (7872, 7881, 7890, 2595, 9.940, 265.25, -12.00, 9.940, 265.25, -12.00, 0.000, 345.48, 0.03);
insert into SHOT values (7873, 7881, 7891, 2595, 6.530, 229.15, -19.30, 6.530, 229.15, -19.30, 0.000, 340.86, 0.01);
insert into SHOT values (7874, 7881, 7892, 2595, 6.190, 195.15, -28.10, 6.190, 195.15, -28.10, 0.000, 167.94, 0.01);
insert into SHOT values (7875, 7881, 7708, 2595, 15.440, 226.15, -3.90, 15.569, 226.57, -4.43, 0.223, 270.25, -42.75);
insert into SHOT values (7876, 7881, 7893, 2595, 13.060, 262.55, -5.10, 13.030, 262.46, -4.96, 0.047, 117.71, 46.22);
insert into SHOT values (7877, 7893, 7894, 2595, 11.200, 195.25, -5.90, 11.200, 195.25, -5.90, 0.000, 187.04, -0.01);
insert into SHOT values (7878, 7893, 7895, 2595, 19.570, 183.95, 55.50, 19.570, 183.95, 55.50, 0.000, 359.32, -0.04);
insert into SHOT values (7879, 7893, 7896, 2595, 11.440, 154.85, 17.80, 11.440, 154.85, 17.80, 0.000, 187.73, -0.03);
insert into SHOT values (7880, 7893, 7897, 2595, 19.690, 132.15, 13.90, 19.690, 132.15, 13.90, 0.000, 214.34, -0.06);
insert into SHOT values (7881, 7893, 7898, 2595, 4.200, 109.95, -13.00, 4.200, 109.95, -13.00, 0.000, 7.94, 0.10);
insert into SHOT values (7882, 7893, 7899, 2595, 23.320, 126.35, 42.10, 23.320, 126.35, 42.10, 0.000, 0.82, -0.03);
insert into SHOT values (7883, 7893, 7900, 2595, 19.930, 141.95, 59.20, 19.930, 141.95, 59.20, 0.000, 359.84, -0.01);
insert into SHOT values (7884, 7893, 7901, 2595, 4.260, 53.05, 21.60, 4.260, 53.05, 21.60, 0.000, 189.44, 0.06);
insert into SHOT values (7885, 7893, 7902, 2595, 9.430, 77.85, 9.60, 9.430, 77.85, 9.60, 0.000, 172.63, -0.00);
insert into SHOT values (7886, 7893, 7903, 2595, 2.800, 357.85, -18.20, 2.800, 357.85, -18.20, 0.000, 339.21, -0.06);
insert into SHOT values (7887, 7893, 7904, 2595, 3.410, 359.75, 20.10, 3.410, 359.75, 20.10, 0.000, 350.62, -0.00);
insert into SHOT values (7888, 7893, 7905, 2595, 4.700, 321.05, -4.10, 4.700, 321.05, -4.10, 0.000, 170.83, 0.00);
insert into SHOT values (7889, 7893, 7906, 2595, 13.430, 326.25, 28.20, 13.430, 326.25, 28.20, 0.000, 214.77, -0.08);
insert into SHOT values (7890, 7893, 7907, 2595, 9.540, 293.35, 28.30, 9.540, 293.35, 28.30, 0.000, 187.75, 0.03);
insert into SHOT values (7891, 7893, 7908, 2595, 8.470, 273.65, 31.90, 8.470, 273.65, 31.90, 0.000, 239.22, -0.31);
insert into SHOT values (7892, 7893, 7909, 2595, 12.700, 260.95, 25.90, 12.700, 260.95, 25.90, 0.000, 350.19, 0.00);
insert into SHOT values (7893, 7893, 7910, 2595, 7.450, 258.55, 18.70, 7.450, 258.55, 18.70, 0.000, 344.57, -0.02);
insert into SHOT values (7894, 7893, 7911, 2595, 4.550, 257.55, 11.80, 4.550, 257.55, 11.80, 0.000, 208.04, 0.04);
insert into SHOT values (7895, 7893, 7912, 2595, 20.650, 237.85, 38.20, 20.650, 237.85, 38.20, 0.000, 353.28, -0.01);
insert into SHOT values (7896, 7893, 7913, 2595, 22.010, 252.15, 46.80, 22.010, 252.15, 46.80, 0.000, 293.51, -0.09);
insert into SHOT values (7897, 7893, 7914, 2595, 10.530, 326.95, -3.10, 10.530, 326.95, -3.10, 0.000, 154.25, 0.05);
insert into SHOT values (7898, 7893, 7915, 2595, 26.910, 329.45, 1.80, 26.910, 329.45, 1.80, 0.000, 22.63, 0.01);
insert into SHOT values (7899, 7893, 7916, 2595, 32.830, 319.25, 1.40, 32.830, 319.25, 1.40, 0.000, 183.90, -0.02);
insert into SHOT values (7900, 7893, 7917, 2595, 21.000, 307.25, 17.40, 21.000, 307.25, 17.40, 0.000, 152.49, 0.03);
insert into SHOT values (7901, 7893, 7918, 2595, 20.240, 263.55, 28.90, 20.201, 263.11, 28.91, 0.142, 158.45, -6.27);
insert into SHOT values (7902, 7918, 7919, 2595, 0.730, 161.15, -71.20, 0.730, 161.15, -71.20, 0.000, 188.49, -0.00);
insert into SHOT values (7903, 7918, 7920, 2595, 6.320, 186.75, 29.30, 6.320, 186.75, 29.30, 0.000, 182.84, 0.02);
insert into SHOT values (7904, 7918, 7921, 2595, 10.410, 191.85, 62.30, 10.410, 191.85, 62.30, 0.000, 190.39, -0.01);
insert into SHOT values (7905, 7918, 7922, 2595, 2.930, 340.25, 2.40, 2.930, 340.25, 2.40, 0.000, 184.22, 0.02);
insert into SHOT values (7906, 7918, 7923, 2595, 0.900, 314.05, -28.20, 0.900, 314.05, -28.20, 0.000, 160.33, 0.03);
insert into SHOT values (7907, 7918, 7924, 2595, 8.900, 238.05, 63.40, 8.900, 238.05, 63.40, 0.000, 7.00, -0.02);
insert into SHOT values (7908, 7918, 7925, 2595, 11.370, 130.45, 13.40, 11.370, 130.45, 13.40, 0.000, 6.35, 0.01);
insert into SHOT values (7909, 7918, 7926, 2595, 5.290, 44.65, 14.80, 5.290, 44.65, 14.80, 0.000, 0.64, -0.01);
insert into SHOT values (7910, 7918, 7927, 2595, 4.230, 71.65, -39.30, 4.230, 71.65, -39.30, 0.000, 190.39, 0.03);
insert into SHOT values (7911, 7918, 7928, 2595, 10.310, 248.95, 26.50, 10.310, 248.95, 26.50, 0.000, 353.13, 0.01);
insert into SHOT values (7912, 7918, 7929, 2595, 11.610, 290.75, 21.50, 11.610, 290.75, 21.50, 0.000, 176.67, -0.01);
insert into SHOT values (7913, 7918, 7930, 2595, 19.530, 278.15, 18.50, 19.530, 278.15, 18.50, 0.000, 4.03, 0.00);
insert into SHOT values (7914, 7918, 7931, 2595, 19.960, 278.15, 18.50, 19.905, 277.75, 18.50, 0.141, 166.28, -7.08);
insert into SHOT values (7915, 7931, 7932, 2595, 3.730, 217.55, 8.00, 3.730, 217.55, 8.00, 0.000, 353.17, -0.02);
insert into SHOT values (7916, 7931, 7933, 2595, 3.640, 300.35, 6.00, 3.640, 300.35, 6.00, 0.000, 7.27, -0.02);
insert into SHOT values (7917, 7931, 7934, 2595, 3.740, 327.95, -5.20, 3.740, 327.95, -5.20, 0.000, 1.79, 0.02);
insert into SHOT values (7918, 7931, 7935, 2595, 2.490, 269.05, 1.80, 2.490, 269.05, 1.80, 0.000, 174.59, 0.00);
insert into SHOT values (7919, 7931, 7936, 2595, 8.930, 280.05, 32.20, 8.930, 280.05, 32.20, 0.000, 359.40, -0.01);
insert into SHOT values (7920, 7931, 7937, 2595, 14.480, 271.75, 42.90, 14.480, 271.75, 42.90, 0.000, 6.37, 0.04);
insert into SHOT values (7921, 7931, 7938, 2595, 1.780, 220.05, -31.80, 1.780, 220.05, -31.80, 0.000, 351.63, 0.01);
insert into SHOT values (7922, 7931, 7939, 2595, 3.720, 201.05, -2.00, 3.720, 201.05, -2.00, 0.000, 164.13, 0.01);
insert into SHOT values (7923, 7931, 7940, 2595, 3.700, 296.45, 7.40, 3.700, 296.45, 7.40, 0.000, 58.26, 0.01);
insert into SHOT values (7924, 7931, 7941, 2595, 4.550, 326.45, -10.00, 4.550, 326.45, -10.00, 0.000, 198.10, 0.03);
insert into SHOT values (7925, 7931, 7942, 2595, 5.580, 0.45, -31.10, 5.580, 0.45, -31.10, 0.000, 185.78, 0.01);
insert into SHOT values (7926, 7931, 7943, 2595, 2.260, 339.85, -38.00, 2.260, 339.85, -38.00, 0.000, 359.40, -0.01);
insert into SHOT values (7927, 7931, 7944, 2595, 4.820, 348.85, -16.10, 4.820, 348.85, -16.10, 0.000, 186.17, -0.00);
insert into SHOT values (7928, 7931, 7945, 2595, 3.500, 337.25, -7.60, 3.500, 337.25, -7.60, 0.000, 161.06, -0.01);
insert into SHOT values (7929, 7931, 7946, 2595, 7.350, 266.45, 39.40, 7.350, 266.45, 39.40, 0.000, 13.53, -0.01);
insert into SHOT values (7930, 7931, 7947, 2595, 7.360, 267.75, 41.00, 7.360, 267.75, 41.00, 0.000, 161.91, -0.03);
insert into SHOT values (7931, 7947, 7948, 2595, 3.970, 352.25, 2.60, 3.970, 352.25, 2.60, 0.000, 215.71, -0.08);
insert into SHOT values (7932, 7947, 7949, 2595, 2.300, 277.95, 10.10, 2.300, 277.95, 10.10, 0.000, 188.97, 0.00);
insert into SHOT values (7933, 7947, 7950, 2595, 2.060, 52.25, -68.60, 2.060, 52.25, -68.60, 0.000, 3.02, -0.01);
insert into SHOT values (7934, 7947, 7951, 2595, 4.170, 102.65, -60.30, 4.170, 102.65, -60.30, 0.000, 350.63, 0.02);
insert into SHOT values (7935, 7947, 7952, 2595, 0.980, 72.25, 60.10, 0.980, 72.25, 60.10, 0.000, 354.31, 0.02);
insert into SHOT values (7936, 7947, 7953, 2595, 6.220, 305.35, 71.10, 6.220, 305.35, 71.10, 0.000, 206.02, 0.01);
insert into SHOT values (7937, 7947, 7954, 2595, 7.830, 275.95, 53.70, 7.830, 275.95, 53.70, 0.000, 119.29, -0.10);
insert into SHOT values (7938, 7947, 7955, 2595, 2.620, 289.15, 39.40, 2.620, 289.15, 39.40, 0.000, 353.26, 0.04);
insert into SHOT values (7939, 7947, 7956, 2595, 10.230, 287.65, 57.30, 10.230, 287.65, 57.30, 0.000, 0.44, 0.00);
insert into SHOT values (7940, 7947, 7957, 2595, 12.640, 304.75, 58.10, 12.640, 304.75, 58.10, 0.000, 164.05, 0.03);
insert into SHOT values (7941, 7947, 7958, 2595, 8.500, 309.95, 63.50, 8.500, 309.95, 63.50, 0.000, 180.81, 0.01);
insert into SHOT values (7942, 7947, 7959, 2595, 12.870, 317.45, 43.60, 12.870, 317.45, 43.60, 0.000, 183.51, 0.01);
insert into SHOT values (7943, 7947, 7960, 2595, 15.140, 293.65, 55.20, 15.140, 293.65, 55.20, 0.000, 351.58, -0.01);
insert into SHOT values (7944, 7931, 7961, 2595, 14.580, 350.75, -27.50, 14.545, 351.00, -27.61, 0.073, 118.40, -6.75);
insert into SHOT values (7945, 7961, 7962, 2595, 5.340, 199.15, 6.30, 5.340, 199.15, 6.30, 0.000, 18.81, 0.04);
insert into SHOT values (7946, 7961, 7963, 2595, 6.790, 186.55, 27.80, 6.790, 186.55, 27.80, 0.000, 201.23, 0.01);
insert into SHOT values (7947, 7961, 7964, 2595, 7.490, 164.85, 25.60, 7.490, 164.85, 25.60, 0.000, 3.68, -0.06);
insert into SHOT values (7948, 7961, 7965, 2595, 6.770, 174.15, 32.80, 6.770, 174.15, 32.80, 0.000, 358.35, -0.01);
insert into SHOT values (7949, 7961, 7966, 2595, 7.060, 174.75, 18.80, 7.060, 174.75, 18.80, 0.000, 344.67, 0.06);
insert into SHOT values (7950, 7961, 7967, 2595, 3.520, 169.35, -2.70, 3.520, 169.35, -2.70, 0.000, 169.60, 0.00);
insert into SHOT values (7951, 7961, 7968, 2595, 1.830, 163.85, -40.80, 1.830, 163.85, -40.80, 0.000, 357.41, 0.03);
insert into SHOT values (7952, 7961, 7969, 2595, 2.580, 273.85, -48.70, 2.580, 273.85, -48.70, 0.000, 301.79, 0.03);
insert into SHOT values (7953, 7961, 7970, 2595, 2.530, 291.85, -49.20, 2.530, 291.85, -49.20, 0.000, 207.63, -0.06);
insert into SHOT values (7954, 7961, 7971, 2595, 2.070, 253.65, -1.00, 2.070, 253.65, -1.00, 0.000, 2.43, 0.01);
insert into SHOT values (7955, 7961, 7972, 2595, 2.220, 268.95, 42.50, 2.220, 268.95, 42.50, 0.000, 352.05, 0.00);
insert into SHOT values (7956, 7961, 7973, 2595, 2.860, 129.05, -26.10, 2.860, 129.05, -26.10, 0.000, 181.22, -0.02);
insert into SHOT values (7957, 7961, 7974, 2595, 2.730, 103.05, -2.80, 2.730, 103.05, -2.80, 0.000, 0.11, 0.02);
insert into SHOT values (7958, 7961, 7975, 2595, 5.020, 126.55, 12.80, 5.020, 126.55, 12.80, 0.000, 355.27, -0.00);
insert into SHOT values (7959, 7961, 7976, 2595, 6.060, 141.25, 7.10, 6.060, 141.25, 7.10, 0.000, 347.37, -0.05);
insert into SHOT values (7960, 7961, 7977, 2595, 1.630, 290.35, -4.00, 1.630, 290.35, -4.00, 0.000, 8.98, -0.01);
insert into SHOT values (7961, 7977, 7978, 2595, 0.950, 253.15, 5.50, 0.950, 253.15, 5.50, 0.000, 188.68, 0.01);
insert into SHOT values (7962, 7977, 7979, 2595, 2.080, 289.05, -51.90, 2.080, 289.05, -51.90, 0.000, 356.06, -0.00);
insert into SHOT values (7963, 7977, 7980, 2595, 2.920, 8.95, 78.50, 2.920, 8.95, 78.50, 0.000, 355.70, -0.01);
insert into SHOT values (7964, 7977, 7981, 2595, 0.310, 54.35, 47.50, 0.310, 54.35, 47.50, 0.000, 336.88, 0.03);
insert into SHOT values (7965, 7977, 7982, 2595, 2.670, 325.55, 11.50, 2.670, 325.55, 11.50, 0.000, 299.74, -0.11);
insert into SHOT values (7966, 7977, 7983, 2595, 2.670, 311.05, 13.50, 2.670, 311.05, 13.50, 0.000, 345.82, 0.01);
insert into SHOT values (7967, 7977, 7984, 2595, 3.860, 313.65, -10.40, 3.860, 313.65, -10.40, 0.000, 28.35, -0.09);
insert into SHOT values (7968, 7977, 7985, 2595, 5.550, 317.25, 18.60, 5.550, 317.25, 18.60, 0.000, 187.28, 0.00);
insert into SHOT values (7969, 7977, 7986, 2595, 7.050, 308.95, 1.10, 7.050, 308.95, 1.10, 0.000, 178.39, 0.00);
insert into SHOT values (7970, 7961, 7987, 2595, 7.940, 122.25, -15.10, 7.967, 122.32, -15.07, 0.029, 142.51, -6.59);
insert into SHOT values (7971, 7987, 7988, 2595, 1.660, 8.65, -11.30, 1.660, 8.65, -11.30, 0.000, 1.81, 0.08);
insert into SHOT values (7972, 7987, 7989, 2595, 1.600, 11.85, -53.10, 1.600, 11.85, -53.10, 0.000, 177.93, 0.00);
insert into SHOT values (7973, 7987, 7990, 2595, 2.030, 58.65, 24.60, 2.030, 58.65, 24.60, 0.000, 352.88, -0.02);
insert into SHOT values (7974, 7987, 7991, 2595, 3.390, 84.95, 15.10, 3.390, 84.95, 15.10, 0.000, 348.33, 0.01);
insert into SHOT values (7975, 7987, 7992, 2595, 4.260, 75.55, -43.80, 4.260, 75.55, -43.80, 0.000, 181.50, -0.01);
insert into SHOT values (7976, 7987, 7993, 2595, 6.200, 49.75, -32.90, 6.200, 49.75, -32.90, 0.000, 357.81, 0.02);
insert into SHOT values (7977, 7987, 7994, 2595, 5.890, 87.35, -25.00, 5.890, 87.35, -25.00, 0.000, 187.14, 0.01);
insert into SHOT values (7978, 7987, 7995, 2595, 18.480, 58.75, -21.30, 18.482, 59.11, -21.35, 0.110, 151.02, -7.61);
insert into SHOT values (7979, 7995, 7996, 2595, 7.330, 73.55, -0.60, 7.330, 73.55, -0.60, 0.000, 0.29, 0.01);
insert into SHOT values (7980, 7995, 7997, 2595, 5.280, 85.35, 62.90, 5.280, 85.35, 62.90, 0.000, 245.09, -0.09);
insert into SHOT values (7981, 7995, 7998, 2595, 10.490, 214.35, 33.40, 10.490, 214.35, 33.40, 0.000, 183.67, 0.00);
insert into SHOT values (7982, 7995, 7999, 2595, 4.860, 207.05, 3.50, 4.860, 207.05, 3.50, 0.000, 355.19, -0.00);
insert into SHOT values (7983, 7995, 8000, 2595, 1.420, 93.45, -43.60, 1.420, 93.45, -43.60, 0.000, 356.41, -0.01);
insert into SHOT values (7984, 7995, 8001, 2595, 11.420, 99.05, -8.20, 11.420, 99.05, -8.20, 0.000, 195.10, -0.04);
insert into SHOT values (7985, 7995, 8002, 2595, 21.060, 93.95, -2.30, 21.060, 93.95, -2.30, 0.000, 55.06, 0.11);
insert into SHOT values (7986, 7995, 8003, 2595, 21.220, 109.95, 1.80, 21.220, 109.95, 1.80, 0.000, 340.44, 0.01);
insert into SHOT values (7987, 7995, 8004, 2595, 29.350, 103.55, 1.00, 29.350, 103.55, 1.00, 0.000, 176.26, -0.01);
insert into SHOT values (7988, 7995, 8005, 2595, 24.070, 120.05, 19.60, 24.070, 120.05, 19.60, 0.000, 175.47, -0.04);
insert into SHOT values (7989, 7995, 8006, 2595, 16.440, 135.25, 20.30, 16.440, 135.25, 20.30, 0.000, 179.06, -0.01);
insert into SHOT values (7990, 7995, 8007, 2595, 15.670, 148.85, 11.90, 15.670, 148.85, 11.90, 0.000, 352.27, -0.02);
insert into SHOT values (7991, 7995, 8008, 2595, 16.750, 131.85, -5.10, 16.750, 131.85, -5.10, 0.000, 182.88, -0.02);
insert into SHOT values (7992, 7995, 8009, 2595, 21.930, 131.25, 4.30, 21.930, 131.25, 4.30, 0.000, 191.53, 0.02);
insert into SHOT values (7993, 7995, 8010, 2595, 11.910, 226.55, 33.20, 11.910, 226.55, 33.20, 0.000, 170.57, -0.03);
insert into SHOT values (7994, 7995, 8011, 2595, 15.080, 231.85, 19.40, 15.080, 231.85, 19.40, 0.000, 168.46, -0.01);
insert into SHOT values (7995, 7995, 8012, 2595, 11.190, 251.55, 20.50, 11.190, 251.55, 20.50, 0.000, 22.07, 0.03);
insert into SHOT values (7996, 7995, 8013, 2595, 7.630, 239.95, 15.30, 7.630, 239.95, 15.30, 0.000, 18.62, -0.02);
insert into SHOT values (7997, 7995, 8014, 2595, 5.360, 237.25, 5.40, 5.360, 237.25, 5.40, 0.000, 177.93, -0.02);
insert into SHOT values (7998, 7995, 8015, 2595, 6.920, 347.55, -8.60, 6.920, 347.55, -8.60, 0.000, 180.90, -0.07);
insert into SHOT values (7999, 7995, 8016, 2595, 18.390, 355.85, -1.60, 18.390, 355.85, -1.60, 0.000, 187.71, -0.15);
insert into SHOT values (8000, 7995, 8017, 2595, 28.810, 354.55, 2.90, 28.810, 354.55, 2.90, 0.000, 177.98, 0.01);
insert into SHOT values (8001, 7995, 8018, 2595, 6.680, 353.75, 10.60, 6.680, 353.75, 10.60, 0.000, 301.75, 0.02);
insert into SHOT values (8002, 7995, 8019, 2595, 9.160, 327.45, 3.50, 9.160, 327.45, 3.50, 0.000, 281.55, 0.03);
insert into SHOT values (8003, 7995, 8020, 2595, 7.810, 12.95, 3.60, 7.810, 12.95, 3.60, 0.000, 184.85, -0.01);
insert into SHOT values (8004, 7995, 8021, 2595, 6.210, 38.15, 4.10, 6.210, 38.15, 4.10, 0.000, 182.69, 0.04);
insert into SHOT values (8005, 7995, 8022, 2595, 6.360, 297.75, 3.70, 6.360, 297.75, 3.70, 0.000, 269.43, -0.00);
insert into SHOT values (8006, 7995, 7893, 2595, 24.520, 136.45, -1.20, 24.678, 136.44, -1.26, 0.160, 135.09, -10.30);
insert into SHOT values (8007, 7995, 8023, 2595, 12.090, 340.25, -1.20, 12.090, 340.25, -1.20, 0.000, 348.44, 0.01);
insert into SHOT values (8008, 8023, 8024, 2595, 4.540, 323.15, 2.60, 4.540, 323.15, 2.60, 0.000, 353.63, -0.00);
insert into SHOT values (8009, 8023, 8025, 2595, 3.650, 287.35, -4.50, 3.650, 287.35, -4.50, 0.000, 6.30, -0.10);
insert into SHOT values (8010, 8023, 8026, 2595, 11.700, 284.25, 2.00, 11.700, 284.25, 2.00, 0.000, 4.18, -0.02);
insert into SHOT values (8011, 8023, 8027, 2595, 10.840, 263.25, 7.60, 10.840, 263.25, 7.60, 0.000, 173.60, 0.01);
insert into SHOT values (8012, 8023, 8028, 2595, 21.540, 276.15, 4.80, 21.540, 276.15, 4.80, 0.000, 182.52, -0.00);
insert into SHOT values (8013, 8023, 8029, 2595, 19.880, 288.25, 2.50, 19.880, 288.25, 2.50, 0.000, 0.38, 0.00);
insert into SHOT values (8014, 8023, 8030, 2595, 22.530, 277.15, 14.90, 22.530, 277.15, 14.90, 0.000, 357.56, -0.01);
insert into SHOT values (8015, 8023, 8031, 2595, 3.400, 206.45, 23.00, 3.400, 206.45, 23.00, 0.000, 234.10, -0.09);
insert into SHOT values (8016, 8023, 8032, 2595, 2.230, 215.55, -17.00, 2.230, 215.55, -17.00, 0.000, 355.63, 0.00);
insert into SHOT values (8017, 8023, 8033, 2595, 3.340, 332.45, 2.20, 3.340, 332.45, 2.20, 0.000, 358.13, 0.01);
insert into SHOT values (8018, 8023, 8034, 2595, 5.700, 47.65, -10.10, 5.700, 47.65, -10.10, 0.000, 187.05, -0.01);
insert into SHOT values (8019, 8023, 8035, 2595, 11.270, 41.25, -0.10, 11.270, 41.25, -0.10, 0.000, 192.91, -0.03);
insert into SHOT values (8020, 8023, 8036, 2595, 5.070, 29.15, 44.20, 5.070, 29.15, 44.20, 0.000, 351.58, -0.00);
insert into SHOT values (8021, 8023, 8037, 2595, 3.750, 338.15, 15.50, 3.750, 338.15, 15.50, 0.000, 216.16, 0.06);
insert into SHOT values (8022, 8023, 8038, 2595, 2.020, 84.65, -14.40, 2.020, 84.65, -14.40, 0.000, 11.47, -0.02);
insert into SHOT values (8023, 8023, 8039, 2595, 9.280, 90.35, -3.60, 9.280, 90.35, -3.60, 0.000, 0.92, 0.02);
insert into SHOT values (8024, 8023, 8040, 2595, 20.730, 91.95, -0.50, 20.730, 91.95, -0.50, 0.000, 352.79, -0.01);
insert into SHOT values (8025, 8023, 8041, 2595, 17.990, 95.25, 2.60, 17.990, 95.25, 2.60, 0.000, 178.69, 0.01);
insert into SHOT values (8026, 8023, 8042, 2595, 16.890, 82.85, 2.60, 16.890, 82.85, 2.60, 0.000, 353.42, -0.02);
insert into SHOT values (8027, 8023, 8043, 2595, 13.800, 71.25, 1.90, 13.800, 71.25, 1.90, 0.000, 4.07, 0.02);
insert into SHOT values (8028, 8023, 8044, 2595, 9.260, 60.65, 2.90, 9.260, 60.65, 2.90, 0.000, 347.28, -0.01);
insert into SHOT values (8029, 8023, 8045, 2595, 17.970, 96.55, 3.90, 17.970, 96.55, 3.90, 0.000, 5.12, 0.00);
insert into SHOT values (8030, 8023, 8046, 2595, 8.140, 101.25, 4.00, 8.140, 101.25, 4.00, 0.000, 79.59, 0.02);
insert into SHOT values (8031, 8023, 8047, 2595, 9.870, 129.35, -2.20, 9.870, 129.35, -2.20, 0.000, 184.23, 0.00);
insert into SHOT values (8032, 8023, 8048, 2595, 5.360, 150.45, 15.20, 5.360, 150.45, 15.20, 0.000, 0.65, 0.03);
insert into SHOT values (8033, 8023, 8049, 2595, 3.420, 150.95, -11.60, 3.420, 150.95, -11.60, 0.000, 1.60, 0.01);
insert into SHOT values (8034, 8023, 8050, 2595, 9.660, 81.15, 40.70, 9.660, 81.15, 40.70, 0.000, 189.34, -0.01);
insert into SHOT values (8035, 8023, 8051, 2595, 12.650, 89.65, 27.10, 12.650, 89.65, 27.10, 0.000, 359.94, 0.01);
insert into SHOT values (8036, 8023, 8052, 2595, 15.940, 91.25, 11.90, 15.940, 91.25, 11.90, 0.000, 10.16, -0.01);
insert into SHOT values (8037, 8023, 8053, 2595, 23.070, 92.55, 8.70, 23.070, 92.55, 8.70, 0.000, 0.58, -0.03);
insert into SHOT values (8038, 8023, 8054, 2595, 22.800, 281.35, 5.90, 22.800, 281.35, 5.90, 0.000, 2.52, -0.02);
insert into SHOT values (8039, 8023, 8055, 2595, 6.650, 17.75, 2.30, 6.650, 17.75, 2.30, 0.000, 346.49, 0.01);
insert into SHOT values (8040, 8055, 8056, 2595, 10.290, 1.95, 5.10, 10.290, 1.95, 5.10, 0.000, 183.40, -0.02);
insert into SHOT values (8041, 8055, 8057, 2595, 1.230, 354.95, -24.30, 1.230, 354.95, -24.30, 0.000, 311.44, -0.06);
insert into SHOT values (8042, 8055, 8058, 2595, 5.070, 265.15, 1.80, 5.070, 265.15, 1.80, 0.000, 359.42, -0.01);
insert into SHOT values (8043, 8055, 8059, 2595, 5.030, 24.45, 76.10, 5.030, 24.45, 76.10, 0.000, 12.68, 0.02);
insert into SHOT values (8044, 8055, 8060, 2595, 5.460, 57.35, 9.10, 5.460, 57.35, 9.10, 0.000, 25.32, 0.07);
insert into SHOT values (8045, 8055, 8061, 2595, 1.740, 87.85, 37.60, 1.740, 87.85, 37.60, 0.000, 9.84, -0.00);
insert into SHOT values (8046, 8055, 8062, 2595, 6.430, 28.45, -1.70, 6.430, 28.45, -1.70, 0.000, 187.61, -0.01);
insert into SHOT values (8047, 8055, 8063, 2595, 4.320, 357.45, -7.10, 4.320, 357.45, -7.10, 0.000, 70.82, -0.02);
insert into SHOT values (8048, 8055, 8064, 2595, 13.370, 303.15, 21.20, 13.370, 303.15, 21.20, 0.000, 8.26, -0.02);
insert into SHOT values (8049, 8055, 8065, 2595, 22.380, 287.35, 16.30, 22.380, 287.35, 16.30, 0.000, 181.67, 0.01);
insert into SHOT values (8050, 8055, 8066, 2595, 5.560, 280.85, 13.10, 5.560, 280.85, 13.10, 0.000, 169.73, -0.03);
insert into SHOT values (8051, 8055, 8067, 2595, 10.240, 337.65, 3.70, 10.240, 337.65, 3.70, 0.000, 356.78, 0.04);
insert into SHOT values (8052, 8055, 8068, 2595, 6.030, 98.95, -0.90, 6.030, 98.95, -0.90, 0.000, 347.90, -0.01);
insert into SHOT values (8053, 8055, 8069, 2595, 6.090, 106.05, -0.90, 6.090, 106.05, -0.90, 0.000, 181.63, 0.00);
insert into SHOT values (8054, 8055, 8070, 2595, 6.010, 87.65, -8.10, 6.010, 87.65, -8.10, 0.000, 353.92, -0.01);
insert into SHOT values (8055, 8055, 8071, 2595, 8.730, 86.15, 9.40, 8.730, 86.15, 9.40, 0.000, 177.31, -0.01);
insert into SHOT values (8056, 8055, 8072, 2595, 17.970, 82.45, -0.60, 17.970, 82.45, -0.60, 0.000, 3.26, -0.01);
insert into SHOT values (8057, 8055, 8073, 2595, 18.620, 90.15, -0.90, 18.620, 90.15, -0.90, 0.000, 191.51, -0.02);
insert into SHOT values (8058, 8055, 8074, 2595, 15.960, 86.35, -4.20, 15.960, 86.35, -4.20, 0.000, 355.30, -0.02);
insert into SHOT values (8059, 8055, 8075, 2595, 9.380, 145.45, -1.30, 9.380, 145.45, -1.30, 0.000, 227.21, -0.07);
insert into SHOT values (8060, 8055, 8076, 2595, 23.350, 89.45, 0.30, 23.350, 89.45, 0.30, 0.000, 351.56, 0.01);
insert into SHOT values (8061, 8076, 8077, 2595, 1.680, 19.15, -6.70, 1.680, 19.15, -6.70, 0.000, 166.57, 0.02);
insert into SHOT values (8062, 8076, 8078, 2595, 1.920, 49.65, -56.60, 1.920, 49.65, -56.60, 0.000, 167.51, -0.03);
insert into SHOT values (8063, 8076, 8079, 2595, 3.080, 105.85, -8.70, 3.080, 105.85, -8.70, 0.000, 177.29, -0.00);
insert into SHOT values (8064, 8076, 8080, 2595, 8.270, 93.95, 3.00, 8.270, 93.95, 3.00, 0.000, 171.98, -0.01);
insert into SHOT values (8065, 8076, 8081, 2595, 4.140, 76.15, -3.10, 4.140, 76.15, -3.10, 0.000, 353.64, -0.00);
insert into SHOT values (8066, 8076, 8082, 2595, 4.730, 84.35, -24.90, 4.730, 84.35, -24.90, 0.000, 176.09, -0.01);
insert into SHOT values (8067, 8076, 8083, 2595, 13.690, 90.05, -19.60, 13.690, 90.05, -19.60, 0.000, 320.33, -0.03);
insert into SHOT values (8068, 8076, 8084, 2595, 9.340, 89.65, -12.40, 9.340, 89.65, -12.40, 0.000, 146.66, 0.04);
insert into SHOT values (8069, 8076, 8085, 2595, 13.520, 93.55, -12.90, 13.520, 93.55, -12.90, 0.000, 359.18, 0.01);
insert into SHOT values (8070, 8076, 8086, 2595, 16.050, 92.05, -8.00, 16.050, 92.05, -8.00, 0.000, 358.37, -0.01);
insert into SHOT values (8071, 8076, 8087, 2595, 3.440, 106.15, 72.70, 3.440, 106.15, 72.70, 0.000, 19.87, 0.00);
insert into SHOT values (8072, 8076, 8088, 2595, 2.520, 257.75, 8.80, 2.520, 257.75, 8.80, 0.000, 1.97, -0.01);
insert into SHOT values (8073, 8076, 8089, 2595, 4.520, 293.95, -3.50, 4.520, 293.95, -3.50, 0.000, 8.17, -0.02);
insert into SHOT values (8074, 8076, 8090, 2595, 5.470, 267.85, 28.10, 5.470, 267.85, 28.10, 0.000, 175.99, -0.00);
insert into SHOT values (8075, 8076, 8091, 2595, 17.800, 91.35, -13.30, 17.800, 91.35, -13.30, 0.000, 175.52, 0.01);
insert into SHOT_FLAG values(8075, 'dpl');
insert into SHOT values (8076, 8055, 8092, 2595, 6.680, 350.75, 1.30, 6.680, 350.75, 1.30, 0.000, 38.13, -0.01);
insert into SHOT values (8077, 8092, 8093, 2595, 3.260, 8.25, -6.40, 3.260, 8.25, -6.40, 0.000, 336.00, 0.01);
insert into SHOT values (8078, 8092, 8094, 2595, 0.990, 5.95, -42.30, 0.990, 5.95, -42.30, 0.000, 265.11, -0.18);
insert into SHOT values (8079, 8092, 8095, 2595, 4.390, 40.55, 70.00, 4.390, 40.55, 70.00, 0.000, 171.73, -0.00);
insert into SHOT values (8080, 8092, 8096, 2595, 9.420, 59.75, -1.30, 9.420, 59.75, -1.30, 0.000, 174.71, -0.00);
insert into SHOT values (8081, 8092, 8097, 2595, 12.600, 69.35, -2.50, 12.600, 69.35, -2.50, 0.000, 19.05, -0.01);
insert into SHOT values (8082, 8092, 8098, 2595, 13.160, 83.95, -1.80, 13.160, 83.95, -1.80, 0.000, 7.10, -0.01);
insert into SHOT values (8083, 8092, 8099, 2595, 9.500, 94.75, -3.70, 9.500, 94.75, -3.70, 0.000, 21.59, -0.02);
insert into SHOT values (8084, 8092, 8100, 2595, 5.680, 109.45, -2.20, 5.680, 109.45, -2.20, 0.000, 4.23, -0.01);
insert into SHOT values (8085, 8092, 8101, 2595, 6.640, 122.85, -4.60, 6.640, 122.85, -4.60, 0.000, 355.52, -0.01);
insert into SHOT values (8086, 8092, 8102, 2595, 6.970, 123.35, 42.30, 6.970, 123.35, 42.30, 0.000, 173.47, 0.01);
insert into SHOT values (8087, 8092, 8103, 2595, 8.080, 212.05, 2.40, 8.080, 212.05, 2.40, 0.000, 358.68, 0.00);
insert into SHOT values (8088, 8092, 8104, 2595, 7.840, 212.55, 38.00, 7.840, 212.55, 38.00, 0.000, 358.97, 0.01);
insert into SHOT values (8089, 8092, 8105, 2595, 19.340, 264.95, -0.10, 19.340, 264.95, -0.10, 0.000, 2.59, -0.01);
insert into SHOT values (8090, 8092, 8106, 2595, 15.840, 252.85, 13.70, 15.840, 252.85, 13.70, 0.000, 166.70, -0.03);
insert into SHOT values (8091, 8092, 8107, 2595, 10.800, 261.35, 34.70, 10.800, 261.35, 34.70, 0.000, 0.97, -0.05);
insert into SHOT values (8092, 8092, 8108, 2595, 19.670, 269.25, 17.50, 19.670, 269.25, 17.50, 0.000, 181.16, 0.02);
insert into SHOT values (8093, 8092, 8109, 2595, 16.160, 276.85, 15.90, 16.160, 276.85, 15.90, 0.000, 5.89, 0.02);
insert into SHOT values (8094, 8092, 8110, 2595, 19.160, 90.05, 10.10, 19.160, 90.05, 10.10, 0.000, 173.50, -0.01);
insert into SHOT values (8095, 8092, 8111, 2595, 13.090, 70.65, 1.80, 13.090, 70.65, 1.80, 0.000, 350.41, -0.02);
insert into SHOT values (8096, 8111, 8112, 2595, 0.630, 188.45, -9.10, 0.630, 188.45, -9.10, 0.000, 3.71, 0.01);
insert into SHOT values (8097, 8111, 8113, 2595, 1.570, 129.95, -72.40, 1.570, 129.95, -72.40, 0.000, 190.23, -0.02);
insert into SHOT values (8098, 8111, 8114, 2595, 3.230, 100.85, -21.40, 3.230, 100.85, -21.40, 0.000, 179.95, 0.04);
insert into SHOT values (8099, 8111, 8115, 2595, 8.860, 96.45, -10.10, 8.860, 96.45, -10.10, 0.000, 1.56, 0.00);
insert into SHOT values (8100, 8111, 8116, 2595, 4.660, 111.15, 7.20, 4.660, 111.15, 7.20, 0.000, 359.57, 0.01);
insert into SHOT values (8101, 8111, 8117, 2595, 8.210, 109.25, 31.80, 8.210, 109.25, 31.80, 0.000, 177.57, -0.01);
insert into SHOT values (8102, 8111, 8118, 2595, 3.010, 92.95, 9.00, 3.010, 92.95, 9.00, 0.000, 178.00, -0.01);
insert into SHOT values (8103, 8111, 8119, 2595, 9.270, 99.25, -6.60, 9.270, 99.25, -6.60, 0.000, 144.97, -0.09);
insert into SHOT values (8104, 8119, 8120, 2595, 0.610, 192.15, 4.00, 0.610, 192.15, 4.00, 0.000, 354.21, -0.01);
insert into SHOT values (8105, 8119, 8121, 2595, 10.150, 101.95, 9.40, 10.150, 101.95, 9.40, 0.000, 185.32, -0.01);
insert into SHOT values (8106, 8119, 8122, 2595, 3.120, 107.85, 2.90, 3.120, 107.85, 2.90, 0.000, 177.21, -0.00);
insert into SHOT values (8107, 8119, 8123, 2595, 2.170, 77.85, 6.30, 2.170, 77.85, 6.30, 0.000, 236.37, 0.03);
insert into SHOT values (8108, 8119, 8124, 2595, 2.750, 25.85, -27.60, 2.750, 25.85, -27.60, 0.000, 352.27, -0.08);
insert into SHOT values (8109, 8119, 8125, 2595, 3.580, 28.25, -25.20, 3.580, 28.25, -25.20, 0.000, 181.98, -0.02);
insert into SHOT values (8110, 8119, 8126, 2595, 3.840, 31.65, -31.60, 3.840, 31.65, -31.60, 0.000, 176.59, -0.01);
insert into SHOT values (8111, 8119, 8127, 2595, 3.670, 23.15, -31.10, 3.670, 23.15, -31.10, 0.000, 66.43, 0.01);
insert into SHOT values (8112, 8119, 8128, 2595, 5.350, 29.25, -27.80, 5.350, 29.25, -27.80, 0.000, 193.99, 0.05);
insert into SHOT values (8113, 8119, 8129, 2595, 11.270, 100.85, 7.90, 11.270, 100.85, 7.90, 0.000, 181.39, -0.01);
insert into SHOT values (8114, 8092, 8130, 2595, 29.380, 272.45, 4.30, 29.380, 272.45, 4.30, 0.000, 176.57, -0.01);
insert into SHOT values (8115, 8130, 8131, 2595, 1.710, 343.85, -24.90, 1.710, 343.85, -24.90, 0.000, 165.10, 0.01);
insert into SHOT values (8116, 8130, 8132, 2595, 4.220, 10.15, 62.40, 4.220, 10.15, 62.40, 0.000, 9.09, 0.01);
insert into SHOT values (8117, 8130, 8133, 2595, 4.210, 198.05, 67.20, 4.210, 198.05, 67.20, 0.000, 1.92, -0.00);
insert into SHOT values (8118, 8130, 8134, 2595, 1.600, 192.75, 23.40, 1.600, 192.75, 23.40, 0.000, 44.33, 0.09);
insert into SHOT values (8119, 8130, 8135, 2595, 2.050, 50.15, -56.20, 2.050, 50.15, -56.20, 0.000, 171.24, -0.04);
insert into SHOT values (8120, 8130, 8136, 2595, 4.590, 84.45, -21.90, 4.590, 84.45, -21.90, 0.000, 196.51, 0.02);
insert into SHOT values (8121, 8130, 8137, 2595, 8.510, 76.25, 6.80, 8.510, 76.25, 6.80, 0.000, 348.55, 0.00);
insert into SHOT values (8122, 8130, 8138, 2595, 10.250, 115.05, 5.60, 10.250, 115.05, 5.60, 0.000, 205.32, -0.21);
insert into SHOT values (8123, 8130, 8139, 2595, 9.610, 308.15, 6.20, 9.610, 308.15, 6.20, 0.000, 164.61, 0.01);
insert into SHOT values (8124, 8130, 8140, 2595, 22.060, 279.75, 8.50, 22.060, 279.75, 8.50, 0.000, 347.34, 0.01);
insert into SHOT values (8125, 8130, 8141, 2595, 19.040, 274.65, 18.30, 19.040, 274.65, 18.30, 0.000, 189.56, 0.04);
insert into SHOT values (8126, 8130, 8142, 2595, 4.330, 262.55, 8.00, 4.330, 262.55, 8.00, 0.000, 190.35, 0.01);
insert into SHOT values (8127, 8130, 8143, 2595, 13.270, 281.25, -3.20, 13.270, 281.25, -3.20, 0.000, 356.33, -0.02);
insert into SHOT values (8128, 8130, 8144, 2595, 4.250, 284.35, -9.40, 4.250, 284.35, -9.40, 0.000, 349.30, -0.04);
insert into SHOT values (8129, 8130, 8145, 2595, 23.810, 277.45, -1.60, 23.810, 277.45, -1.60, 0.000, 25.47, 0.45);
insert into SHOT values (8130, 8145, 8146, 2595, 5.040, 221.45, -2.50, 5.040, 221.45, -2.50, 0.000, 9.46, -0.04);
insert into SHOT values (8131, 8145, 8147, 2595, 1.800, 210.85, -28.30, 1.800, 210.85, -28.30, 0.000, 352.70, -0.01);
insert into SHOT values (8132, 8145, 8148, 2595, 6.190, 211.85, 76.40, 6.190, 211.85, 76.40, 0.000, 356.78, 0.07);
insert into SHOT values (8133, 8145, 8149, 2595, 5.280, 4.35, 42.10, 5.280, 4.35, 42.10, 0.000, 174.35, -0.01);
insert into SHOT values (8134, 8145, 8150, 2595, 7.720, 18.65, 6.50, 7.720, 18.65, 6.50, 0.000, 197.45, 0.01);
insert into SHOT values (8135, 8145, 8151, 2595, 3.770, 18.55, -18.50, 3.770, 18.55, -18.50, 0.000, 187.79, 0.02);
insert into SHOT values (8136, 8145, 8152, 2595, 4.650, 277.85, -12.00, 4.650, 277.85, -12.00, 0.000, 191.85, -0.06);
insert into SHOT values (8137, 8145, 8153, 2595, 7.790, 266.45, -1.50, 7.790, 266.45, -1.50, 0.000, 194.46, 0.20);
insert into SHOT values (8138, 8145, 8154, 2595, 3.380, 278.35, 17.00, 3.380, 278.35, 17.00, 0.000, 8.05, -0.01);
insert into SHOT values (8139, 8145, 8155, 2595, 5.230, 298.05, 2.80, 5.230, 298.05, 2.80, 0.000, 189.52, 0.03);
insert into SHOT values (8140, 8145, 8156, 2595, 7.060, 308.55, -8.20, 7.060, 308.55, -8.20, 0.000, 4.21, 0.00);
insert into SHOT values (8141, 8145, 8157, 2595, 3.790, 140.65, -3.80, 3.790, 140.65, -3.80, 0.000, 141.14, -0.27);
insert into SHOT values (8142, 8145, 8158, 2595, 7.870, 20.05, -3.50, 7.870, 20.05, -3.50, 0.000, 354.83, -0.00);
insert into SHOT values (8143, 8145, 8159, 2595, 9.680, 50.45, 2.10, 9.680, 50.45, 2.10, 0.000, 354.77, 0.00);
insert into SHOT values (8144, 8145, 8160, 2595, 10.310, 65.95, 0.80, 10.310, 65.95, 0.80, 0.000, 2.02, -0.00);
insert into SHOT values (8145, 8145, 8161, 2595, 4.460, 77.15, -8.50, 4.460, 77.15, -8.50, 0.000, 186.17, 0.01);
insert into SHOT values (8146, 8145, 8162, 2595, 7.540, 113.05, 1.50, 7.540, 113.05, 1.50, 0.000, 21.26, -0.00);
insert into SHOT values (8147, 8145, 8163, 2595, 5.100, 71.35, 53.80, 5.100, 71.35, 53.80, 0.000, 176.31, -0.00);
insert into SHOT values (8148, 8145, 8164, 2595, 9.380, 81.75, 34.20, 9.380, 81.75, 34.20, 0.000, 33.47, -0.07);
insert into SHOT values (8149, 8145, 8165, 2595, 11.440, 286.95, -0.80, 11.440, 286.95, -0.80, 0.000, 357.25, 0.01);
insert into SHOT values (8150, 7995, 8166, 2595, 24.130, 98.65, 1.00, 24.174, 98.75, 1.26, 0.127, 145.35, 61.81);
insert into SHOT values (8151, 8166, 8167, 2595, 4.050, 191.25, 1.50, 4.050, 191.25, 1.50, 0.000, 359.46, -0.00);
insert into SHOT values (8152, 8166, 8168, 2595, 9.460, 191.85, 65.70, 9.460, 191.85, 65.70, 0.000, 180.24, -0.00);
insert into SHOT values (8153, 8166, 8169, 2595, 4.660, 26.85, 16.10, 4.660, 26.85, 16.10, 0.000, 184.22, 0.00);
insert into SHOT values (8154, 8166, 8170, 2595, 16.380, 246.15, -2.10, 16.380, 246.15, -2.10, 0.000, 185.60, 0.01);
insert into SHOT values (8155, 8166, 8171, 2595, 7.210, 270.45, -13.90, 7.210, 270.45, -13.90, 0.000, 187.12, -0.00);
insert into SHOT values (8156, 8166, 8172, 2595, 5.590, 234.75, -2.40, 5.590, 234.75, -2.40, 0.000, 183.95, 0.01);
insert into SHOT values (8157, 8166, 8173, 2595, 10.660, 297.15, -6.90, 10.660, 297.15, -6.90, 0.000, 188.08, -0.04);
insert into SHOT values (8158, 8166, 8174, 2595, 6.270, 318.85, 40.00, 6.270, 318.85, 40.00, 0.000, 175.30, -0.00);
insert into SHOT values (8159, 8166, 8175, 2595, 11.070, 101.45, 34.80, 11.070, 101.45, 34.80, 0.000, 108.15, -0.14);
insert into SHOT values (8160, 8166, 8176, 2595, 16.030, 104.65, 9.80, 16.030, 104.65, 9.80, 0.000, 103.20, 0.10);
insert into SHOT values (8161, 8166, 8177, 2595, 11.420, 93.95, -4.20, 11.420, 93.95, -4.20, 0.000, 174.14, -0.04);
insert into SHOT values (8162, 8166, 8178, 2595, 3.620, 89.85, -13.00, 3.620, 89.85, -13.00, 0.000, 350.96, -0.02);
insert into SHOT values (8163, 8166, 8179, 2595, 8.580, 64.15, 34.00, 8.580, 64.15, 34.00, 0.000, 185.21, 0.01);
insert into SHOT values (8164, 8166, 8180, 2595, 9.280, 76.95, 68.20, 9.280, 76.95, 68.20, 0.000, 351.56, -0.00);
insert into SHOT values (8165, 8166, 8181, 2595, 16.970, 92.65, 1.40, 17.000, 92.73, 1.59, 0.068, 133.27, 56.74);
insert into SHOT values (8166, 8181, 8182, 2595, 8.010, 224.45, 1.80, 8.010, 224.45, 1.80, 0.000, 175.63, 0.01);
insert into SHOT values (8167, 8181, 8183, 2595, 4.850, 190.05, 23.80, 4.850, 190.05, 23.80, 0.000, 3.31, -0.00);
insert into SHOT values (8168, 8181, 8184, 2595, 10.340, 129.45, 9.00, 10.340, 129.45, 9.00, 0.000, 179.33, -0.00);
insert into SHOT values (8169, 8181, 8185, 2595, 5.010, 127.15, -24.30, 5.010, 127.15, -24.30, 0.000, 185.87, -0.01);
insert into SHOT values (8170, 8181, 8186, 2595, 6.980, 126.05, -10.80, 6.980, 126.05, -10.80, 0.000, 16.09, 0.02);
insert into SHOT values (8171, 8181, 8187, 2595, 0.980, 142.45, -46.50, 0.980, 142.45, -46.50, 0.000, 92.12, -0.10);
insert into SHOT values (8172, 8181, 8188, 2595, 11.930, 252.85, 12.70, 11.930, 252.85, 12.70, 0.000, 142.41, -0.07);
insert into SHOT values (8173, 8181, 8189, 2595, 9.480, 268.35, 45.60, 9.480, 268.35, 45.60, 0.000, 177.52, 0.00);
insert into SHOT values (8174, 8181, 8190, 2595, 6.900, 300.65, 13.50, 6.900, 300.65, 13.50, 0.000, 179.26, -0.01);
insert into SHOT values (8175, 8181, 8191, 2595, 10.290, 217.35, 0.90, 10.290, 217.35, 0.90, 0.000, 163.76, -0.03);
insert into SHOT values (8176, 8181, 8192, 2595, 12.410, 191.15, 5.70, 12.410, 191.15, 5.70, 0.000, 190.43, -0.03);
insert into SHOT values (8177, 8181, 8193, 2595, 9.510, 171.55, 8.20, 9.510, 171.55, 8.20, 0.000, 352.48, 0.04);
insert into SHOT values (8178, 8181, 8194, 2595, 8.580, 181.35, -15.30, 8.580, 181.35, -15.30, 0.000, 350.93, -0.01);
insert into SHOT values (8179, 8181, 8195, 2595, 8.600, 40.65, -18.40, 8.600, 40.65, -18.40, 0.000, 187.66, -0.00);
insert into SHOT values (8180, 8181, 8196, 2595, 19.690, 51.95, -5.50, 19.690, 51.95, -5.50, 0.000, 354.59, 0.02);
insert into SHOT values (8181, 8181, 8197, 2595, 13.730, 18.65, 5.30, 13.730, 18.65, 5.30, 0.000, 355.32, -0.01);
insert into SHOT values (8182, 8181, 8198, 2595, 4.790, 335.65, 16.10, 4.790, 335.65, 16.10, 0.000, 183.56, 0.01);
insert into SHOT values (8183, 8181, 8199, 2595, 14.850, 74.45, 4.60, 14.850, 74.45, 4.60, 0.000, 345.22, -0.02);
insert into SHOT values (8184, 8181, 8200, 2595, 9.610, 66.45, -5.30, 9.610, 66.45, -5.30, 0.000, 175.34, 0.00);
insert into SHOT values (8185, 8181, 8201, 2595, 9.380, 53.95, -9.80, 9.380, 53.95, -9.80, 0.000, 181.54, 0.02);
insert into SHOT values (8186, 8181, 8202, 2595, 10.560, 26.45, -7.20, 10.560, 26.45, -7.20, 0.000, 168.71, -0.02);
insert into SHOT values (8187, 8181, 8203, 2595, 11.560, 54.85, 7.10, 11.560, 54.85, 7.10, 0.000, 238.71, 0.12);
insert into SHOT values (8188, 8181, 8204, 2595, 6.060, 57.45, 23.50, 6.060, 57.45, 23.50, 0.000, 14.33, 0.00);
insert into SHOT values (8189, 8181, 7853, 2595, 10.830, 178.95, -5.90, 10.833, 178.54, -5.77, 0.081, 92.86, 17.29);
insert into SHOT values (8190, 8181, 8205, 2595, 26.100, 60.05, 2.20, 26.088, 59.92, 2.53, 0.159, 312.32, 68.23);
insert into SHOT values (8191, 8205, 8206, 2595, 2.000, 162.05, -2.50, 2.000, 162.05, -2.50, 0.000, 6.76, 0.02);
insert into SHOT values (8192, 8205, 8207, 2595, 1.010, 26.55, 74.00, 1.010, 26.55, 74.00, 0.000, 4.23, -0.03);
insert into SHOT values (8193, 8205, 8208, 2595, 3.400, 333.75, 0.30, 3.400, 333.75, 0.30, 0.000, 175.58, -0.01);
insert into SHOT values (8194, 8205, 8209, 2595, 13.510, 228.15, -3.70, 13.510, 228.15, -3.70, 0.000, 231.21, 0.10);
insert into SHOT values (8195, 8205, 8210, 2595, 17.360, 270.15, -2.70, 17.360, 270.15, -2.70, 0.000, 0.42, -0.00);
insert into SHOT values (8196, 8205, 8211, 2595, 5.740, 261.65, 4.20, 5.740, 261.65, 4.20, 0.000, 7.28, -0.01);
insert into SHOT values (8197, 8205, 8212, 2595, 15.960, 245.45, -10.70, 15.960, 245.45, -10.70, 0.000, 2.00, -0.00);
insert into SHOT values (8198, 8205, 8213, 2595, 8.660, 111.35, -3.20, 8.660, 111.35, -3.20, 0.000, 145.75, 0.18);
insert into SHOT values (8199, 8205, 8214, 2595, 9.350, 65.05, -3.00, 9.350, 65.05, -3.00, 0.000, 177.86, -0.00);
insert into SHOT values (8200, 8205, 8215, 2595, 9.530, 67.45, -8.00, 9.530, 67.45, -8.00, 0.000, 340.39, -0.01);
insert into SHOT values (8201, 8205, 8216, 2595, 5.690, 40.45, -6.00, 5.690, 40.45, -6.00, 0.000, 45.80, 0.17);
insert into SHOT values (8202, 8205, 8217, 2595, 9.310, 53.35, -2.70, 9.310, 53.35, -2.70, 0.000, 33.25, -0.01);
insert into SHOT values (8203, 8205, 8218, 2595, 5.480, 54.45, 9.90, 5.480, 54.45, 9.90, 0.000, 172.25, 0.01);
insert into SHOT values (8204, 8205, 8219, 2595, 3.110, 53.65, 30.80, 3.110, 53.65, 30.80, 0.000, 177.97, 0.01);
insert into SHOT values (8205, 8205, 8220, 2595, 3.170, 22.05, -6.30, 3.170, 22.05, -6.30, 0.000, 189.40, -0.02);
insert into SHOT values (8206, 8205, 8221, 2595, 11.680, 55.75, -8.10, 11.667, 55.67, -7.96, 0.036, 297.37, 58.98);
insert into SHOT values (8207, 8221, 8222, 2595, 1.030, 124.95, 7.60, 1.030, 124.95, 7.60, 0.000, 184.55, 0.02);
insert into SHOT values (8208, 8221, 8223, 2595, 1.060, 323.15, 62.70, 1.060, 323.15, 62.70, 0.000, 191.07, -0.01);
insert into SHOT values (8209, 8221, 8224, 2595, 2.540, 327.05, 8.80, 2.540, 327.05, 8.80, 0.000, 7.96, -0.01);
insert into SHOT values (8210, 8221, 8225, 2595, 0.830, 339.15, -32.40, 0.830, 339.15, -32.40, 0.000, 4.39, 0.01);
insert into SHOT values (8211, 8221, 8226, 2595, 2.150, 68.85, 12.50, 2.150, 68.85, 12.50, 0.000, 183.95, -0.01);
insert into SHOT values (8212, 8221, 8227, 2595, 3.970, 352.05, 9.50, 3.970, 352.05, 9.50, 0.000, 346.57, 0.03);
insert into SHOT values (8213, 8221, 8228, 2595, 2.790, 28.95, 1.20, 2.790, 28.95, 1.20, 0.000, 350.85, 0.02);
insert into SHOT values (8214, 8221, 8229, 2595, 4.480, 51.45, 12.50, 4.480, 51.45, 12.50, 0.000, 120.40, 0.65);
insert into SHOT values (8215, 8221, 8230, 2595, 1.330, 204.55, 28.00, 1.330, 204.55, 28.00, 0.000, 157.77, -0.04);
insert into SHOT values (8216, 8221, 8231, 2595, 1.840, 233.95, -11.80, 1.840, 233.95, -11.80, 0.000, 189.97, 0.03);
insert into SHOT values (8217, 8221, 8232, 2595, 4.000, 231.95, 2.30, 4.000, 231.95, 2.30, 0.000, 149.32, -0.09);
insert into SHOT values (8218, 8221, 8233, 2595, 2.380, 195.35, 3.40, 2.380, 195.35, 3.40, 0.000, 110.57, 0.03);
insert into SHOT values (8219, 8221, 8234, 2595, 5.730, 27.85, 22.70, 5.733, 27.75, 22.79, 0.013, 290.50, 44.47);
insert into SHOT values (8220, 8234, 8235, 2595, 2.230, 243.25, 4.10, 2.230, 243.25, 4.10, 0.000, 160.03, 0.00);
insert into SHOT values (8221, 8234, 8236, 2595, 5.670, 280.55, 15.60, 5.670, 280.55, 15.60, 0.000, 158.33, 0.04);
insert into SHOT values (8222, 8234, 8237, 2595, 4.110, 298.35, 22.60, 4.110, 298.35, 22.60, 0.000, 188.26, 0.00);
insert into SHOT values (8223, 8234, 8238, 2595, 3.490, 320.25, 13.00, 3.490, 320.25, 13.00, 0.000, 329.39, 0.01);
insert into SHOT values (8224, 8234, 8239, 2595, 3.700, 308.15, 11.50, 3.700, 308.15, 11.50, 0.000, 2.09, 0.01);
insert into SHOT values (8225, 8234, 8240, 2595, 6.530, 319.15, 13.10, 6.530, 319.15, 13.10, 0.000, 5.97, -0.01);
insert into SHOT values (8226, 8234, 8241, 2595, 6.450, 301.35, 15.20, 6.450, 301.35, 15.20, 0.000, 184.56, 0.01);
insert into SHOT values (8227, 8234, 8242, 2595, 4.680, 308.65, 17.80, 4.680, 308.65, 17.80, 0.000, 3.83, -0.01);
insert into SHOT values (8228, 8234, 8243, 2595, 1.250, 23.55, -83.30, 1.250, 23.55, -83.30, 0.000, 7.40, 0.00);
insert into SHOT values (8229, 8234, 8244, 2595, 2.700, 56.45, -4.40, 2.700, 56.45, -4.40, 0.000, 3.35, -0.01);
insert into SHOT values (8230, 8234, 8245, 2595, 7.390, 71.25, 11.40, 7.390, 71.25, 11.40, 0.000, 346.70, -0.00);
insert into SHOT values (8231, 8234, 8246, 2595, 2.490, 125.85, 39.10, 2.490, 125.85, 39.10, 0.000, 349.89, -0.06);
insert into SHOT values (8232, 8234, 8247, 2595, 2.660, 158.45, 21.40, 2.660, 158.45, 21.40, 0.000, 2.70, -0.00);
insert into SHOT values (8233, 8234, 8248, 2595, 2.820, 183.65, -6.10, 2.820, 183.65, -6.10, 0.000, 1.57, -0.02);
insert into SHOT values (8234, 8234, 8249, 2595, 1.750, 112.55, -36.60, 1.750, 112.55, -36.60, 0.000, 178.27, -0.01);
insert into SHOT values (8235, 8234, 8250, 2595, 9.280, 312.35, 11.60, 9.280, 312.35, 11.60, 0.000, 43.04, -0.11);
insert into SHOT values (8236, 8234, 8251, 2595, 7.160, 99.85, 3.70, 7.151, 99.82, 3.81, 0.017, 296.12, 51.74);
insert into SHOT values (8237, 8251, 8252, 2595, 2.320, 23.95, 6.20, 2.320, 23.95, 6.20, 0.000, 6.37, 0.01);
insert into SHOT values (8238, 8251, 8253, 2595, 4.490, 332.85, 14.70, 4.490, 332.85, 14.70, 0.000, 179.62, -0.01);
insert into SHOT values (8239, 8251, 8254, 2595, 4.390, 282.05, 14.60, 4.390, 282.05, 14.60, 0.000, 355.64, -0.00);
insert into SHOT values (8240, 8251, 8255, 2595, 7.640, 271.55, 4.50, 7.640, 271.55, 4.50, 0.000, 122.84, 0.44);
insert into SHOT values (8241, 8251, 8256, 2595, 9.150, 266.35, -8.10, 9.150, 266.35, -8.10, 0.000, 24.09, 0.02);
insert into SHOT values (8242, 8251, 8257, 2595, 5.200, 242.65, 3.30, 5.200, 242.65, 3.30, 0.000, 1.60, -0.00);
insert into SHOT values (8243, 8251, 8258, 2595, 5.860, 198.15, 11.70, 5.860, 198.15, 11.70, 0.000, 55.96, -0.08);
insert into SHOT values (8244, 8251, 8259, 2595, 1.520, 194.75, 71.70, 1.520, 194.75, 71.70, 0.000, 182.76, 0.03);
insert into SHOT values (8245, 8251, 8260, 2595, 0.890, 115.95, -58.80, 0.890, 115.95, -58.80, 0.000, 0.86, 0.01);
insert into SHOT values (8246, 8251, 8261, 2595, 4.570, 102.95, -20.00, 4.570, 102.95, -20.00, 0.000, 189.17, 0.00);
insert into SHOT values (8247, 8251, 8262, 2595, 15.880, 101.85, -7.50, 15.880, 101.85, -7.50, 0.000, 351.54, -0.06);
insert into SHOT values (8248, 8251, 8263, 2595, 13.520, 106.95, -1.80, 13.520, 106.95, -1.80, 0.000, 269.52, -0.26);
insert into SHOT values (8249, 8251, 8264, 2595, 8.880, 137.75, 3.10, 8.880, 137.75, 3.10, 0.000, 61.31, 0.17);
insert into SHOT values (8250, 8251, 8265, 2595, 6.780, 171.95, 6.30, 6.780, 171.95, 6.30, 0.000, 14.54, 0.14);
insert into SHOT values (8251, 8251, 8266, 2595, 4.080, 116.75, 31.80, 4.080, 116.75, 31.80, 0.000, 325.71, -0.01);
insert into SHOT values (8252, 8251, 8267, 2595, 12.230, 102.15, 2.60, 12.230, 102.15, 2.60, 0.000, 351.18, -0.04);
insert into SHOT values (8253, 8251, 8268, 2595, 3.950, 66.45, 6.30, 3.950, 66.45, 6.30, 0.000, 171.70, 0.01);
insert into SHOT values (8254, 8251, 8269, 2595, 6.670, 92.15, -1.90, 6.670, 92.15, -1.90, 0.000, 174.68, 0.01);
insert into SHOT values (8255, 8251, 8270, 2595, 20.740, 97.35, -2.90, 20.720, 97.26, -2.64, 0.100, 341.38, 69.97);
insert into SHOT values (8256, 8270, 8271, 2595, 2.560, 182.05, 14.20, 2.560, 182.05, 14.20, 0.000, 278.41, -0.01);
insert into SHOT values (8257, 8270, 8272, 2595, 1.230, 170.95, -11.20, 1.230, 170.95, -11.20, 0.000, 11.09, 0.01);
insert into SHOT values (8258, 8270, 8273, 2595, 1.120, 358.25, 84.70, 1.120, 358.25, 84.70, 0.000, 186.93, 0.01);
insert into SHOT values (8259, 8270, 8274, 2595, 2.130, 13.55, -40.40, 2.130, 13.55, -40.40, 0.000, 173.29, -0.02);
insert into SHOT values (8260, 8270, 8275, 2595, 6.990, 9.05, 8.10, 6.990, 9.05, 8.10, 0.000, 27.46, -0.01);
insert into SHOT values (8261, 8270, 8276, 2595, 2.130, 13.35, 36.60, 2.130, 13.35, 36.60, 0.000, 172.56, 0.02);
insert into SHOT values (8262, 8270, 8277, 2595, 6.640, 62.55, -17.20, 6.640, 62.55, -17.20, 0.000, 351.83, 0.02);
insert into SHOT values (8263, 8270, 8278, 2595, 12.640, 75.25, -11.70, 12.640, 75.25, -11.70, 0.000, 172.76, 0.00);
insert into SHOT values (8264, 8270, 8279, 2595, 11.550, 81.35, 10.90, 11.550, 81.35, 10.90, 0.000, 26.19, 0.00);
insert into SHOT values (8265, 8270, 8280, 2595, 4.560, 69.25, 28.80, 4.560, 69.25, 28.80, 0.000, 176.13, 0.02);
insert into SHOT values (8266, 8270, 8281, 2595, 11.880, 56.45, 5.40, 11.880, 56.45, 5.40, 0.000, 330.08, -0.07);
insert into SHOT values (8267, 8270, 8282, 2595, 18.140, 70.55, 4.10, 18.140, 70.55, 4.10, 0.000, 176.77, -0.00);
insert into SHOT values (8268, 8270, 8283, 2595, 7.850, 95.05, 5.20, 7.850, 95.05, 5.20, 0.000, 166.61, 0.01);
insert into SHOT values (8269, 8270, 8284, 2595, 6.390, 245.25, 4.70, 6.390, 245.25, 4.70, 0.000, 195.28, -0.02);
insert into SHOT values (8270, 8270, 8285, 2595, 3.490, 216.15, 12.30, 3.490, 216.15, 12.30, 0.000, 1.18, -0.01);
insert into SHOT values (8271, 8270, 8286, 2595, 3.000, 276.65, 14.30, 3.000, 276.65, 14.30, 0.000, 189.37, -0.03);
insert into SHOT values (8272, 8270, 8287, 2595, 8.080, 273.05, -10.00, 8.080, 273.05, -10.00, 0.000, 170.44, 0.02);
insert into SHOT values (8273, 8270, 8288, 2595, 7.010, 310.75, 10.80, 7.010, 310.75, 10.80, 0.000, 187.36, 0.07);
insert into SHOT values (8274, 8270, 8289, 2595, 16.590, 79.25, -2.30, 16.581, 79.17, -2.09, 0.065, 331.76, 68.89);
insert into SHOT values (8275, 8289, 8290, 2595, 8.770, 214.15, -4.80, 8.770, 214.15, -4.80, 0.000, 173.42, -0.00);
insert into SHOT values (8276, 8289, 8291, 2595, 7.140, 224.05, -21.90, 7.140, 224.05, -21.90, 0.000, 179.52, 0.01);
insert into SHOT values (8277, 8289, 8292, 2595, 5.140, 215.25, -26.10, 5.140, 215.25, -26.10, 0.000, 183.69, 0.01);
insert into SHOT values (8278, 8289, 8293, 2595, 8.010, 198.75, -14.70, 8.010, 198.75, -14.70, 0.000, 13.47, -0.00);
insert into SHOT values (8279, 8289, 8294, 2595, 3.730, 182.25, 49.70, 3.730, 182.25, 49.70, 0.000, 189.53, -0.02);
insert into SHOT values (8280, 8289, 8295, 2595, 6.990, 154.85, 14.60, 6.990, 154.85, 14.60, 0.000, 352.47, -0.01);
insert into SHOT values (8281, 8289, 8296, 2595, 9.300, 155.15, -3.50, 9.300, 155.15, -3.50, 0.000, 188.00, 0.06);
insert into SHOT values (8282, 8289, 8297, 2595, 4.210, 164.25, -13.90, 4.210, 164.25, -13.90, 0.000, 176.47, 0.00);
insert into SHOT values (8283, 8289, 8298, 2595, 7.170, 170.45, -0.80, 7.170, 170.45, -0.80, 0.000, 144.66, 0.05);
insert into SHOT values (8284, 8289, 8299, 2595, 9.540, 175.45, 6.20, 9.540, 175.45, 6.20, 0.000, 335.70, 0.02);
insert into SHOT values (8285, 8289, 8300, 2595, 15.480, 131.45, 9.20, 15.480, 131.45, 9.20, 0.000, 124.89, 0.18);
insert into SHOT values (8286, 8289, 8301, 2595, 7.110, 107.35, 18.80, 7.110, 107.35, 18.80, 0.000, 177.48, -0.02);
insert into SHOT values (8287, 8289, 8302, 2595, 15.550, 168.75, 4.50, 15.550, 168.75, 4.50, 0.000, 3.42, 0.00);
insert into SHOT values (8288, 8289, 8303, 2595, 5.910, 343.25, 23.60, 5.910, 343.25, 23.60, 0.000, 353.05, 0.02);
insert into SHOT values (8289, 8289, 8304, 2595, 4.130, 285.05, 49.30, 4.130, 285.05, 49.30, 0.000, 186.12, -0.00);
insert into SHOT values (8290, 8289, 8305, 2595, 8.630, 273.65, 20.50, 8.630, 273.65, 20.50, 0.000, 126.26, -0.03);
insert into SHOT values (8291, 8289, 8306, 2595, 9.520, 291.95, 16.90, 9.520, 291.95, 16.90, 0.000, 188.00, -0.02);
insert into SHOT values (8292, 8289, 8307, 2595, 8.320, 233.05, 18.10, 8.320, 233.05, 18.10, 0.000, 354.22, 0.01);
insert into SHOT values (8293, 8289, 8308, 2595, 9.240, 215.55, -22.30, 9.240, 215.55, -22.30, 0.000, 358.43, 0.02);
insert into SHOT values (8294, 8308, 8309, 2595, 2.040, 140.45, 2.00, 2.040, 140.45, 2.00, 0.000, 183.56, 0.02);
insert into SHOT values (8295, 8308, 8310, 2595, 0.430, 35.35, -86.30, 0.430, 35.35, -86.30, 0.000, 187.65, -0.02);
insert into SHOT values (8296, 8308, 8311, 2595, 0.300, 199.05, 54.70, 0.300, 199.05, 54.70, 0.000, 0.94, 0.01);
insert into SHOT values (8297, 8308, 8312, 2595, 3.260, 286.15, -21.80, 3.260, 286.15, -21.80, 0.000, 192.84, 0.02);
insert into SHOT values (8298, 8308, 8313, 2595, 6.030, 219.55, -27.50, 6.030, 219.55, -27.50, 0.000, 20.30, 0.05);
insert into SHOT values (8299, 8308, 8314, 2595, 2.410, 197.05, -40.80, 2.410, 197.05, -40.80, 0.000, 187.08, -0.01);
insert into SHOT values (8300, 8308, 8315, 2595, 1.880, 185.95, 14.30, 1.880, 185.95, 14.30, 0.000, 346.51, -0.01);
insert into SHOT values (8301, 8308, 8316, 2595, 2.370, 176.45, -18.40, 2.370, 176.45, -18.40, 0.000, 168.00, 0.02);
insert into SHOT values (8302, 8308, 8317, 2595, 12.980, 186.25, -29.10, 12.980, 186.25, -29.10, 0.000, 182.23, 0.02);
insert into SHOT values (8303, 8289, 8318, 2595, 22.980, 152.65, 2.20, 22.933, 152.84, 2.49, 0.148, 276.93, 51.20);
insert into SHOT values (8304, 8318, 8319, 2595, 7.810, 245.35, 26.10, 7.810, 245.35, 26.10, 0.000, 4.28, -0.01);
insert into SHOT values (8305, 8318, 8320, 2595, 8.420, 260.25, 72.00, 8.420, 260.25, 72.00, 0.000, 197.77, 0.00);
insert into SHOT values (8306, 8318, 8321, 2595, 3.760, 182.15, 10.80, 3.760, 182.15, 10.80, 0.000, 11.64, 0.00);
insert into SHOT values (8307, 8318, 8322, 2595, 2.710, 176.45, -36.20, 2.710, 176.45, -36.20, 0.000, 0.89, 0.01);
insert into SHOT values (8308, 8318, 8323, 2595, 10.100, 134.05, 30.50, 10.100, 134.05, 30.50, 0.000, 4.06, -0.02);
insert into SHOT values (8309, 8318, 8324, 2595, 10.580, 99.05, 39.50, 10.580, 99.05, 39.50, 0.000, 340.97, -0.04);
insert into SHOT values (8310, 8318, 8325, 2595, 3.700, 134.35, -24.50, 3.700, 134.35, -24.50, 0.000, 351.58, -0.01);
insert into SHOT values (8311, 8318, 8326, 2595, 4.220, 320.25, -24.70, 4.220, 320.25, -24.70, 0.000, 181.12, 0.01);
insert into SHOT values (8312, 8318, 8327, 2595, 12.680, 326.65, -8.20, 12.680, 326.65, -8.20, 0.000, 6.63, 0.00);
insert into SHOT values (8313, 8318, 8328, 2595, 9.780, 307.35, 4.50, 9.780, 307.35, 4.50, 0.000, 182.47, -0.01);
insert into SHOT values (8314, 8318, 8329, 2595, 9.780, 4.75, 9.10, 9.780, 4.75, 9.10, 0.000, 353.23, -0.01);
insert into SHOT values (8315, 8318, 8330, 2595, 0.820, 133.65, -15.80, 0.814, 133.84, -15.70, 0.007, 288.57, 26.26);
insert into SHOT values (8316, 8330, 8331, 2595, 1.700, 146.45, -73.50, 1.700, 146.45, -73.50, 0.000, 357.54, 0.00);
insert into SHOT values (8317, 8330, 8332, 2595, 3.720, 188.65, 1.20, 3.720, 188.65, 1.20, 0.000, 182.01, -0.01);
insert into SHOT values (8318, 8330, 8333, 2595, 8.110, 175.25, 82.70, 8.110, 175.25, 82.70, 0.000, 357.17, -0.01);
insert into SHOT values (8319, 8330, 8334, 2595, 7.070, 118.65, -2.70, 7.059, 118.66, -2.60, 0.017, 292.90, 49.89);
insert into SHOT values (8320, 8334, 8335, 2595, 0.410, 210.75, -70.50, 0.410, 210.75, -70.50, 0.000, 262.18, 0.06);
insert into SHOT values (8321, 8334, 8336, 2595, 2.890, 190.05, 13.20, 2.890, 190.05, 13.20, 0.000, 179.14, 0.01);
insert into SHOT values (8322, 8334, 8337, 2595, 10.050, 80.45, 69.90, 10.050, 80.45, 69.90, 0.000, 352.96, 0.01);
insert into SHOT values (8323, 8334, 8338, 2595, 9.160, 64.25, 58.30, 9.160, 64.25, 58.30, 0.000, 171.09, -0.00);
insert into SHOT values (8324, 8334, 8339, 2595, 8.860, 113.45, 64.50, 8.860, 113.45, 64.50, 0.000, 182.38, 0.02);
insert into SHOT values (8325, 8334, 8340, 2595, 4.950, 13.65, 31.10, 4.950, 13.65, 31.10, 0.000, 192.13, 0.04);
insert into SHOT values (8326, 8334, 8341, 2595, 1.520, 23.95, -0.10, 1.520, 23.95, -0.10, 0.000, 343.38, 0.02);
insert into SHOT values (8327, 8334, 8342, 2595, 3.660, 179.05, -27.90, 3.660, 179.05, -27.90, 0.000, 313.64, -0.02);
insert into SHOT values (8328, 8334, 8343, 2595, 4.280, 225.35, -24.40, 4.280, 225.35, -24.40, 0.000, 181.72, -0.00);
insert into SHOT values (8329, 8334, 8344, 2595, 5.150, 254.95, -2.20, 5.150, 254.95, -2.20, 0.000, 1.32, -0.01);
insert into SHOT values (8330, 8334, 8345, 2595, 4.050, 283.95, -9.30, 4.050, 283.95, -9.30, 0.000, 2.01, 0.01);
insert into SHOT values (8331, 8334, 8346, 2595, 10.100, 267.75, 41.40, 10.100, 267.75, 41.40, 0.000, 187.43, -0.00);
insert into SHOT values (8332, 8334, 8347, 2595, 6.230, 200.25, -31.90, 6.230, 200.25, -31.90, 0.000, 189.78, 0.00);
insert into SHOT values (8333, 8347, 8348, 2595, 1.070, 258.65, -3.20, 1.070, 258.65, -3.20, 0.000, 13.01, -0.02);
insert into SHOT values (8334, 8347, 8349, 2595, 0.550, 306.55, 60.60, 0.550, 306.55, 60.60, 0.000, 346.97, -0.00);
insert into SHOT values (8335, 8347, 8350, 2595, 0.670, 208.25, -58.50, 0.670, 208.25, -58.50, 0.000, 140.77, -0.05);
insert into SHOT values (8336, 8347, 8351, 2595, 1.720, 77.65, 3.50, 1.720, 77.65, 3.50, 0.000, 178.68, 0.01);
insert into SHOT values (8337, 8347, 8352, 2595, 1.430, 19.85, 59.00, 1.430, 19.85, 59.00, 0.000, 184.57, -0.00);
insert into SHOT values (8338, 8347, 8353, 2595, 2.110, 13.85, 24.30, 2.110, 13.85, 24.30, 0.000, 190.35, 0.01);
insert into SHOT values (8339, 8347, 8354, 2595, 1.500, 50.25, 10.30, 1.500, 50.25, 10.30, 0.000, 185.68, -0.06);
insert into SHOT values (8340, 8347, 8355, 2595, 4.140, 110.25, -1.40, 4.140, 110.25, -1.40, 0.000, 349.98, -0.02);
insert into SHOT values (8341, 8347, 8356, 2595, 5.850, 130.35, -3.10, 5.850, 130.35, -3.10, 0.000, 352.93, 0.01);
insert into SHOT values (8342, 8347, 8357, 2595, 3.760, 138.75, 2.80, 3.760, 138.75, 2.80, 0.000, 14.04, -0.01);
insert into SHOT values (8343, 8347, 8358, 2595, 2.890, 143.65, -21.30, 2.890, 143.65, -21.30, 0.000, 1.37, -0.01);
insert into SHOT values (8344, 8347, 8359, 2595, 4.230, 182.85, -8.30, 4.230, 182.85, -8.30, 0.000, 187.68, 0.00);
insert into SHOT values (8345, 8347, 8360, 2595, 8.760, 144.55, -1.10, 8.760, 144.55, -1.10, 0.000, 176.86, -0.01);
insert into CENTRELINE values (2596, 2593, NULL, '2024-04-19', NULL, 23.10, 0.00, 0.00);
 insert into TOPO values (4, 2596);
 insert into TOPO values (1, 2596);
 insert into TOPO values (7, 2596);
 insert into SHOT values (8346, 8076, 8361, 2596, 16.680, 97.15, -11.50, 16.680, 97.15, -11.50, 0.000, 183.76, -0.00);
insert into SHOT values (8347, 8361, 8362, 2596, 0.610, 188.85, 0.60, 0.610, 188.85, 0.60, 0.000, 171.51, 0.00);
insert into SHOT values (8348, 8361, 8363, 2596, 0.950, 198.05, 78.20, 0.950, 198.05, 78.20, 0.000, 173.26, 0.00);
insert into SHOT values (8349, 8361, 8364, 2596, 0.870, 137.05, -79.20, 0.870, 137.05, -79.20, 0.000, 187.05, 0.01);
insert into SHOT values (8350, 8361, 8365, 2596, 1.870, 125.35, -40.60, 1.870, 125.35, -40.60, 0.000, 178.35, -0.01);
insert into SHOT values (8351, 8365, 8366, 2596, 0.360, 18.05, -6.00, 0.360, 18.05, -6.00, 0.000, 356.82, 0.03);
insert into SHOT values (8352, 8365, 8367, 2596, 0.290, 236.65, 83.20, 0.290, 236.65, 83.20, 0.000, 355.24, -0.01);
insert into SHOT values (8353, 8365, 8368, 2596, 0.560, 253.35, 9.80, 0.560, 253.35, 9.80, 0.000, 316.13, 0.07);
insert into SHOT values (8354, 8365, 8369, 2596, 0.430, 244.25, -58.40, 0.430, 244.25, -58.40, 0.000, 199.93, 0.02);
insert into SHOT values (8355, 8365, 8370, 2596, 4.550, 96.85, -2.40, 4.550, 96.85, -2.40, 0.000, 353.96, -0.02);
insert into SHOT values (8356, 8370, 8371, 2596, 0.610, 44.45, 11.70, 0.610, 44.45, 11.70, 0.000, 174.21, -0.02);
insert into SHOT values (8357, 8370, 8372, 2596, 0.890, 125.85, 61.40, 0.890, 125.85, 61.40, 0.000, 356.00, 0.01);
insert into SHOT values (8358, 8370, 8373, 2596, 1.380, 125.45, 56.40, 1.380, 125.45, 56.40, 0.000, 173.18, -0.01);
insert into SHOT values (8359, 8370, 8374, 2596, 0.550, 185.25, 4.00, 0.550, 185.25, 4.00, 0.000, 173.74, 0.00);
insert into SHOT values (8360, 8370, 8375, 2596, 0.740, 217.85, -82.00, 0.740, 217.85, -82.00, 0.000, 179.16, 0.00);
insert into SCRAPS values (2598, 2591, 'SP-Xav1-1', 1, 10.01474, 0.11463);
 insert into SCRAPS values (2677, 2591, 'SP-Xav1-3', 1, 66.50031, 1.27577);
 insert into SCRAPS values (2808, 2591, 'SP-Xav1-4', 1, 60.73852, 0.69455);
 insert into SCRAPS values (2885, 2591, 'SP-Xav1-5', 1, 0.54142, 0.08285);
 insert into SCRAPS values (2903, 2591, 'SP-Xav1-2', 1, 30.26648, 0.23407);
 insert into MAPS values (3044, 2591, 'MP-Tush_YurruckXR1', 'Tush Yurruck XR1', 1, 1407.030, -42.700);
 insert into MAPITEMS values (3044, 4, 2598);
 insert into MAPITEMS values (3044, 4, 2903);
 insert into MAPITEMS values (3044, 4, 2677);
 insert into MAPITEMS values (3044, 4, 2885);
 insert into MAPITEMS values (3044, 4, 2808);
 insert into SURVEY values (3047, 2485, 'Alex2', 'Alex2.Tush-Yurruck.Koytendag', 'Alex2');
 insert into CENTRELINE values (3048, 3047, NULL, NULL, NULL, 0.00, 0.00, 0.00);
 insert into SURVEY values (3049, 3047, 'Tush-Yurruck_02', 'Tush-Yurruck_02.Alex2.Tush-Yurruck.Koytendag', 'Tush-Yurruck 02');
 insert into CENTRELINE values (3050, 3049, NULL, NULL, NULL, 0.00, 0.00, 0.00);
 insert into CENTRELINE values (3051, 3049, NULL, '2024-04-17', NULL, 217.65, 0.00, 0.00);
 insert into TOPO values (6, 3051);
 insert into TOPO values (2, 3051);
 insert into TOPO values (7, 3051);
 insert into SHOT values (8361, 8376, 8377, 3051, 7.460, 49.25, 6.90, 7.460, 49.25, 6.90, 0.000, 356.12, -0.02);
insert into SHOT values (8362, 8376, 8378, 3051, 14.250, 58.85, 10.80, 14.250, 58.85, 10.80, 0.000, 150.33, -0.03);
insert into SHOT values (8363, 8376, 8379, 3051, 15.250, 10.85, 8.70, 15.250, 10.85, 8.70, 0.000, 344.93, 0.01);
insert into SHOT values (8364, 8376, 8380, 3051, 10.990, 351.05, 5.90, 10.990, 351.05, 5.90, 0.000, 353.15, -0.01);
insert into SHOT values (8365, 8376, 8381, 3051, 10.710, 293.05, 7.70, 10.710, 293.05, 7.70, 0.000, 174.22, -0.01);
insert into SHOT values (8366, 8376, 8382, 3051, 9.130, 267.55, 8.20, 9.130, 267.55, 8.20, 0.000, 2.04, -0.02);
insert into SHOT values (8367, 8376, 8383, 3051, 12.920, 242.15, 9.00, 12.920, 242.15, 9.00, 0.000, 184.12, 0.00);
insert into SHOT values (8368, 8376, 8384, 3051, 12.470, 206.45, 8.60, 12.470, 206.45, 8.60, 0.000, 12.16, -0.03);
insert into SHOT values (8369, 8376, 8385, 3051, 6.460, 158.65, 10.00, 6.460, 158.65, 10.00, 0.000, 349.88, -0.01);
insert into SHOT values (8370, 8376, 8386, 3051, 8.110, 148.85, 14.30, 8.110, 148.85, 14.30, 0.000, 181.82, 0.02);
insert into SHOT values (8371, 8376, 8387, 3051, 7.240, 124.65, 12.40, 7.240, 124.65, 12.40, 0.000, 347.72, -0.01);
insert into SHOT values (8372, 8376, 8388, 3051, 0.700, 43.15, -60.90, 0.700, 43.15, -60.90, 0.000, 4.20, 0.00);
insert into SHOT values (8373, 8376, 8389, 3051, 3.770, 93.45, 77.60, 3.770, 93.45, 77.60, 0.000, 9.86, 0.02);
insert into SHOT values (8374, 8376, 8390, 3051, 20.730, 82.95, 3.60, 20.731, 82.83, 3.32, 0.109, 1.72, -66.61);
insert into SHOT values (8375, 8390, 8391, 3051, 5.840, 332.55, 6.80, 5.840, 332.55, 6.80, 0.000, 287.74, 0.07);
insert into SHOT values (8376, 8390, 8392, 3051, 5.430, 298.95, 6.40, 5.430, 298.95, 6.40, 0.000, 356.09, 0.02);
insert into SHOT values (8377, 8390, 8393, 3051, 6.430, 81.95, 3.60, 6.430, 81.95, 3.60, 0.000, 359.73, -0.02);
insert into SHOT values (8378, 8390, 8394, 3051, 9.120, 133.05, 9.10, 9.120, 133.05, 9.10, 0.000, 50.44, 0.18);
insert into SHOT values (8379, 8390, 8395, 3051, 8.350, 169.75, 5.10, 8.350, 169.75, 5.10, 0.000, 110.78, -0.08);
insert into SHOT values (8380, 8390, 8396, 3051, 8.060, 201.45, 2.60, 8.060, 201.45, 2.60, 0.000, 10.86, 0.01);
insert into SHOT values (8381, 8390, 8397, 3051, 9.440, 226.45, 4.60, 9.440, 226.45, 4.60, 0.000, 170.52, -0.02);
insert into SHOT values (8382, 8390, 8398, 3051, 1.630, 104.55, -79.10, 1.630, 104.55, -79.10, 0.000, 211.17, 0.04);
insert into SHOT values (8383, 8390, 8399, 3051, 3.440, 132.45, 56.00, 3.440, 132.45, 56.00, 0.000, 5.67, 0.00);
insert into SHOT values (8384, 8390, 8400, 3051, 12.050, 54.95, -12.90, 12.066, 54.91, -13.05, 0.037, 10.14, -70.56);
insert into SHOT values (8385, 8400, 8401, 3051, 8.370, 56.95, -3.10, 8.370, 56.95, -3.10, 0.000, 210.76, -0.01);
insert into SHOT values (8386, 8400, 8402, 3051, 3.900, 10.55, 9.80, 3.900, 10.55, 9.80, 0.000, 355.45, 0.01);
insert into SHOT values (8387, 8400, 8403, 3051, 5.930, 318.15, 5.10, 5.930, 318.15, 5.10, 0.000, 152.62, -0.13);
insert into SHOT values (8388, 8400, 8404, 3051, 9.250, 115.25, 5.20, 9.250, 115.25, 5.20, 0.000, 2.84, -0.01);
insert into SHOT values (8389, 8400, 8405, 3051, 6.510, 159.05, 6.70, 6.510, 159.05, 6.70, 0.000, 174.53, -0.02);
insert into SHOT values (8390, 8400, 8406, 3051, 5.760, 216.85, 2.20, 5.760, 216.85, 2.20, 0.000, 187.00, 0.01);
insert into SHOT values (8391, 8400, 8407, 3051, 0.400, 50.15, -32.00, 0.400, 50.15, -32.00, 0.000, 116.78, 0.05);
insert into SHOT values (8392, 8400, 8408, 3051, 3.090, 106.15, 54.70, 3.090, 106.15, 54.70, 0.000, 176.52, -0.01);
insert into SHOT values (8393, 8400, 8409, 3051, 34.270, 3.15, 16.30, 34.270, 3.15, 16.30, 0.000, 356.87, 0.00);
insert into SHOT values (8394, 8400, 8410, 3051, 23.180, 341.05, 16.20, 23.180, 341.05, 16.20, 0.000, 160.48, 0.05);
insert into SHOT values (8395, 8400, 8411, 3051, 29.060, 290.85, 4.60, 29.060, 290.85, 4.60, 0.000, 173.93, 0.01);
insert into SHOT values (8396, 8400, 8412, 3051, 10.190, 274.15, 3.90, 10.190, 274.15, 3.90, 0.000, 8.10, 0.00);
insert into SHOT values (8397, 8400, 8413, 3051, 20.810, 68.85, 0.10, 20.826, 68.75, -0.18, 0.109, 3.50, -68.85);
insert into SHOT values (8398, 8413, 8414, 3051, 11.010, 88.75, 15.80, 11.010, 88.75, 15.80, 0.000, 43.92, -0.03);
insert into SHOT values (8399, 8413, 8415, 3051, 6.700, 134.75, 13.50, 6.700, 134.75, 13.50, 0.000, 179.60, -0.02);
insert into SHOT values (8400, 8413, 8416, 3051, 8.690, 196.85, 3.90, 8.690, 196.85, 3.90, 0.000, 177.09, 0.00);
insert into SHOT values (8401, 8413, 8417, 3051, 11.330, 221.05, 3.90, 11.330, 221.05, 3.90, 0.000, 355.16, -0.01);
insert into SHOT values (8402, 8413, 8418, 3051, 33.310, 301.25, 5.00, 33.310, 301.25, 5.00, 0.000, 355.52, 0.01);
insert into SHOT values (8403, 8413, 8419, 3051, 32.770, 317.65, 6.70, 32.770, 317.65, 6.70, 0.000, 160.97, -0.03);
insert into SHOT values (8404, 8413, 8420, 3051, 27.350, 332.65, 8.20, 27.350, 332.65, 8.20, 0.000, 6.54, 0.01);
insert into SHOT values (8405, 8413, 8421, 3051, 10.050, 335.95, 6.20, 10.050, 335.95, 6.20, 0.000, 183.57, 0.02);
insert into SHOT values (8406, 8413, 8422, 3051, 7.560, 22.45, 6.70, 7.560, 22.45, 6.70, 0.000, 198.60, 0.05);
insert into SHOT values (8407, 8413, 8423, 3051, 0.470, 320.35, -66.80, 0.470, 320.35, -66.80, 0.000, 4.58, 0.01);
insert into SHOT values (8408, 8413, 8424, 3051, 6.260, 297.55, 85.50, 6.260, 297.55, 85.50, 0.000, 8.99, 0.01);
insert into SHOT values (8409, 8413, 8425, 3051, 8.270, 42.75, 13.00, 8.292, 42.47, 12.76, 0.056, 349.62, -29.96);
insert into SHOT values (8410, 8425, 8426, 3051, 2.510, 8.95, 0.30, 2.510, 8.95, 0.30, 0.000, 173.35, -0.02);
insert into SHOT values (8411, 8425, 8427, 3051, 3.330, 59.65, 2.40, 3.330, 59.65, 2.40, 0.000, 186.71, 0.01);
insert into SHOT values (8412, 8425, 8428, 3051, 0.950, 304.85, -6.00, 0.950, 304.85, -6.00, 0.000, 1.55, 0.01);
insert into SHOT values (8413, 8425, 8429, 3051, 2.700, 134.85, -4.80, 2.700, 134.85, -4.80, 0.000, 177.97, -0.01);
insert into SHOT values (8414, 8425, 8430, 3051, 2.590, 173.45, -11.40, 2.590, 173.45, -11.40, 0.000, 140.09, 0.04);
insert into SHOT values (8415, 8425, 8431, 3051, 12.270, 196.65, -8.20, 12.270, 196.65, -8.20, 0.000, 4.88, -0.01);
insert into SHOT values (8416, 8425, 8432, 3051, 5.410, 113.65, -1.40, 5.410, 113.65, -1.40, 0.000, 3.50, 0.06);
insert into SHOT values (8417, 8425, 8433, 3051, 1.540, 82.25, -82.30, 1.540, 82.25, -82.30, 0.000, 170.56, 0.00);
insert into SHOT values (8418, 8425, 8434, 3051, 13.860, 102.15, 67.20, 13.860, 102.15, 67.20, 0.000, 174.22, 0.05);
insert into SHOT values (8419, 8425, 8435, 3051, 13.470, 89.85, -4.40, 13.471, 89.20, -4.70, 0.166, 357.62, -24.75);
insert into SHOT values (8420, 8435, 8436, 3051, 3.030, 201.65, 1.40, 3.030, 201.65, 1.40, 0.000, 4.95, 0.01);
insert into SHOT values (8421, 8435, 8437, 3051, 4.090, 141.75, 4.80, 4.090, 141.75, 4.80, 0.000, 171.49, 0.01);
insert into SHOT values (8422, 8435, 8438, 3051, 6.380, 116.95, 0.60, 6.380, 116.95, 0.60, 0.000, 6.50, 0.00);
insert into SHOT values (8423, 8435, 8439, 3051, 11.420, 121.35, -9.20, 11.420, 121.35, -9.20, 0.000, 45.05, 0.10);
insert into SHOT values (8424, 8435, 8440, 3051, 23.640, 97.45, 3.50, 23.640, 97.45, 3.50, 0.000, 187.89, -0.01);
insert into SHOT values (8425, 8435, 8441, 3051, 25.900, 77.55, 2.40, 25.900, 77.55, 2.40, 0.000, 174.52, -0.02);
insert into SHOT values (8426, 8435, 8442, 3051, 30.490, 61.15, 2.60, 30.490, 61.15, 2.60, 0.000, 350.49, 0.14);
insert into SHOT values (8427, 8435, 8443, 3051, 28.130, 46.35, 3.80, 28.130, 46.35, 3.80, 0.000, 254.83, 0.16);
insert into SHOT values (8428, 8435, 8444, 3051, 19.830, 32.05, 4.40, 19.830, 32.05, 4.40, 0.000, 182.91, 0.01);
insert into SHOT values (8429, 8435, 8445, 3051, 18.300, 5.15, 9.40, 18.300, 5.15, 9.40, 0.000, 195.16, 0.03);
insert into SHOT values (8430, 8435, 8446, 3051, 21.270, 345.35, 6.90, 21.270, 345.35, 6.90, 0.000, 245.70, 0.16);
insert into SHOT values (8431, 8435, 8447, 3051, 23.260, 337.15, 6.60, 23.260, 337.15, 6.60, 0.000, 180.78, 0.00);
insert into SHOT values (8432, 8435, 8448, 3051, 1.170, 359.35, -70.40, 1.170, 359.35, -70.40, 0.000, 185.14, 0.01);
insert into SHOT values (8433, 8435, 8449, 3051, 13.820, 326.25, 74.30, 13.820, 326.25, 74.30, 0.000, 178.26, -0.02);
insert into SHOT values (8434, 8435, 8450, 3051, 31.670, 68.25, 2.30, 31.670, 68.25, 2.30, 0.000, 5.65, 0.00);
insert into SHOT values (8435, 8450, 8451, 3051, 27.650, 233.05, 2.70, 27.650, 233.05, 2.70, 0.000, 189.55, -0.01);
insert into SHOT values (8436, 8450, 8452, 3051, 18.540, 283.65, 2.60, 18.540, 283.65, 2.60, 0.000, 9.05, -0.02);
insert into SHOT values (8437, 8450, 8453, 3051, 4.140, 323.35, -3.00, 4.140, 323.35, -3.00, 0.000, 352.34, 0.01);
insert into SHOT values (8438, 8450, 8454, 3051, 1.390, 11.35, -2.70, 1.390, 11.35, -2.70, 0.000, 6.01, 0.03);
insert into SHOT values (8439, 8450, 8455, 3051, 0.770, 110.45, 7.10, 0.770, 110.45, 7.10, 0.000, 354.19, 0.02);
insert into SHOT values (8440, 8450, 8456, 3051, 1.340, 174.55, 0.40, 1.340, 174.55, 0.40, 0.000, 354.78, 0.01);
insert into SHOT values (8441, 8450, 8457, 3051, 3.370, 303.75, 83.80, 3.370, 303.75, 83.80, 0.000, 175.75, -0.07);
insert into SHOT values (8442, 8450, 8458, 3051, 1.490, 332.15, -72.20, 1.490, 332.15, -72.20, 0.000, 186.46, 0.00);
insert into SHOT values (8443, 8435, 8459, 3051, 12.870, 1.65, 6.40, 12.899, 1.53, 6.10, 0.077, 326.38, -55.35);
insert into SHOT values (8444, 8459, 8460, 3051, 18.100, 300.45, -0.50, 18.100, 300.45, -0.50, 0.000, 195.60, -0.01);
insert into SHOT values (8445, 8459, 8461, 3051, 10.510, 324.05, 0.10, 10.510, 324.05, 0.10, 0.000, 306.38, -0.09);
insert into SHOT values (8446, 8459, 8462, 3051, 6.610, 353.25, 1.00, 6.610, 353.25, 1.00, 0.000, 358.03, -0.20);
insert into SHOT values (8447, 8459, 8463, 3051, 8.570, 70.55, -0.10, 8.570, 70.55, -0.10, 0.000, 355.80, -0.02);
insert into SHOT values (8448, 8459, 8464, 3051, 26.040, 101.65, -2.10, 26.040, 101.65, -2.10, 0.000, 187.00, 0.00);
insert into SHOT values (8449, 8459, 8465, 3051, 26.930, 120.15, -0.20, 26.930, 120.15, -0.20, 0.000, 346.43, 0.01);
insert into SHOT values (8450, 8459, 8466, 3051, 31.130, 140.45, -1.80, 31.130, 140.45, -1.80, 0.000, 183.06, 0.01);
insert into SHOT values (8451, 8459, 8467, 3051, 17.820, 157.65, -3.40, 17.820, 157.65, -3.40, 0.000, 162.46, 0.19);
insert into SHOT values (8452, 8459, 8468, 3051, 15.820, 183.55, -2.60, 15.820, 183.55, -2.60, 0.000, 8.72, -0.03);
insert into SHOT values (8453, 8459, 8469, 3051, 17.680, 211.25, 12.10, 17.680, 211.25, 12.10, 0.000, 181.00, 0.02);
insert into SHOT values (8454, 8459, 8470, 3051, 1.720, 258.65, -43.70, 1.720, 258.65, -43.70, 0.000, 13.58, -0.02);
insert into SHOT values (8455, 8459, 8471, 3051, 18.110, 252.35, 46.80, 18.110, 252.35, 46.80, 0.000, 180.78, -0.01);
insert into SHOT values (8456, 8459, 8472, 3051, 4.870, 198.05, 71.40, 4.870, 198.05, 71.40, 0.000, 286.02, -0.11);
insert into SHOT values (8457, 8459, 8473, 3051, 4.240, 167.25, 66.10, 4.240, 167.25, 66.10, 0.000, 356.51, 0.01);
insert into SHOT values (8458, 8459, 8474, 3051, 4.300, 189.75, 66.10, 4.300, 189.75, 66.10, 0.000, 16.12, -0.05);
insert into SHOT values (8459, 8459, 8475, 3051, 7.510, 308.35, -6.50, 7.547, 308.59, -6.65, 0.052, 350.87, -27.69);
insert into SHOT values (8460, 8475, 8476, 3051, 6.060, 72.35, 2.90, 6.060, 72.35, 2.90, 0.000, 171.55, 0.03);
insert into SHOT values (8461, 8475, 8477, 3051, 3.690, 21.75, -3.80, 3.690, 21.75, -3.80, 0.000, 173.99, 0.02);
insert into SHOT values (8462, 8475, 8478, 3051, 5.570, 330.25, 0.50, 5.570, 330.25, 0.50, 0.000, 183.28, 0.02);
insert into SHOT values (8463, 8475, 8479, 3051, 11.050, 288.05, -1.70, 11.050, 288.05, -1.70, 0.000, 195.78, 0.07);
insert into SHOT values (8464, 8475, 8480, 3051, 18.330, 276.15, -1.40, 18.330, 276.15, -1.40, 0.000, 359.76, -0.00);
insert into SHOT values (8465, 8475, 8481, 3051, 29.270, 140.65, 5.90, 29.270, 140.65, 5.90, 0.000, 187.04, -0.01);
insert into SHOT values (8466, 8475, 8482, 3051, 2.260, 356.95, -51.10, 2.260, 356.95, -51.10, 0.000, 286.80, -0.10);
insert into SHOT values (8467, 8475, 8483, 3051, 3.970, 53.55, 75.30, 3.970, 53.55, 75.30, 0.000, 350.27, 0.01);
insert into SHOT values (8468, 8475, 8484, 3051, 12.830, 152.85, 71.00, 12.830, 152.85, 71.00, 0.000, 177.16, -0.00);
insert into SHOT values (8469, 8475, 8485, 3051, 11.530, 355.75, -16.00, 11.530, 355.75, -16.00, 0.000, 0.59, 0.01);
insert into SHOT values (8470, 8485, 8486, 3051, 5.840, 39.45, 6.10, 5.840, 39.45, 6.10, 0.000, 16.77, 0.03);
insert into SHOT values (8471, 8485, 8487, 3051, 10.290, 357.75, 5.20, 10.290, 357.75, 5.20, 0.000, 176.52, -0.01);
insert into SHOT values (8472, 8485, 8488, 3051, 11.600, 342.15, 5.80, 11.600, 342.15, 5.80, 0.000, 352.73, 0.01);
insert into SHOT values (8473, 8485, 8489, 3051, 9.030, 306.25, 6.40, 9.030, 306.25, 6.40, 0.000, 354.76, 0.01);
insert into SHOT values (8474, 8485, 8490, 3051, 7.740, 268.15, -0.80, 7.740, 268.15, -0.80, 0.000, 306.60, 0.03);
insert into SHOT values (8475, 8485, 8491, 3051, 5.310, 222.85, 1.70, 5.310, 222.85, 1.70, 0.000, 321.11, -0.10);
insert into SHOT values (8476, 8485, 8492, 3051, 7.530, 137.55, 6.40, 7.530, 137.55, 6.40, 0.000, 175.56, 0.00);
insert into SHOT values (8477, 8485, 8493, 3051, 0.620, 234.75, -57.30, 0.620, 234.75, -57.30, 0.000, 5.33, -0.01);
insert into SHOT values (8478, 8485, 8494, 3051, 1.970, 243.95, 71.90, 1.970, 243.95, 71.90, 0.000, 8.30, -0.00);
insert into SHOT values (8479, 8485, 8495, 3051, 22.690, 252.55, 0.50, 22.690, 252.55, 0.50, 0.000, 170.08, -0.02);
insert into SHOT values (8480, 8495, 8496, 3051, 0.610, 181.15, 1.30, 0.610, 181.15, 1.30, 0.000, 339.30, 0.05);
insert into SHOT values (8481, 8495, 8497, 3051, 0.690, 1.35, 1.70, 0.690, 1.35, 1.70, 0.000, 167.02, 0.02);
insert into SHOT values (8482, 8495, 8498, 3051, 0.450, 268.65, 78.10, 0.450, 268.65, 78.10, 0.000, 167.28, 0.15);
insert into SHOT values (8483, 8495, 8499, 3051, 0.560, 216.75, -82.70, 0.560, 216.75, -82.70, 0.000, 10.12, -0.06);
insert into SHOT values (8484, 8475, 8500, 3051, 25.420, 268.85, 3.40, 25.408, 270.01, 2.86, 0.568, 359.27, -24.78);
insert into SHOT values (8485, 8500, 8501, 3051, 0.810, 355.85, 4.50, 0.810, 355.85, 4.50, 0.000, 12.66, 0.00);
insert into SHOT values (8486, 8500, 8502, 3051, 10.900, 272.85, 5.50, 10.900, 272.85, 5.50, 0.000, 176.04, -0.03);
insert into SHOT values (8487, 8500, 8503, 3051, 16.380, 257.75, 4.00, 16.380, 257.75, 4.00, 0.000, 357.63, -0.02);
insert into SHOT values (8488, 8500, 8504, 3051, 16.040, 248.05, 1.10, 16.040, 248.05, 1.10, 0.000, 323.67, 0.02);
insert into SHOT values (8489, 8500, 8505, 3051, 32.690, 163.55, -3.00, 32.690, 163.55, -3.00, 0.000, 173.00, -0.01);
insert into SHOT values (8490, 8500, 8506, 3051, 31.370, 157.45, -3.00, 31.370, 157.45, -3.00, 0.000, 182.20, 0.03);
insert into SHOT values (8491, 8500, 8507, 3051, 1.340, 166.35, -73.60, 1.340, 166.35, -73.60, 0.000, 157.46, 0.03);
insert into SHOT values (8492, 8500, 8508, 3051, 11.570, 251.05, 71.90, 11.570, 251.05, 71.90, 0.000, 14.10, 0.00);
insert into SHOT values (8493, 8500, 8509, 3051, 20.990, 244.05, -0.20, 20.880, 244.79, -0.65, 0.337, 356.71, -29.16);
insert into SHOT values (8494, 8509, 8510, 3051, 3.770, 7.95, -0.30, 3.770, 7.95, -0.30, 0.000, 179.63, 0.01);
insert into SHOT values (8495, 8509, 8511, 3051, 11.450, 308.85, 2.10, 11.450, 308.85, 2.10, 0.000, 171.10, 0.02);
insert into SHOT values (8496, 8509, 8512, 3051, 24.480, 238.65, 0.10, 24.480, 238.65, 0.10, 0.000, 358.46, 0.00);
insert into SHOT values (8497, 8509, 8513, 3051, 5.790, 150.95, -30.10, 5.790, 150.95, -30.10, 0.000, 14.62, 0.01);
insert into SHOT values (8498, 8509, 8514, 3051, 5.830, 85.45, 80.50, 5.830, 85.45, 80.50, 0.000, 170.23, 0.02);
insert into SHOT values (8499, 8509, 8515, 3051, 9.640, 269.45, -0.90, 9.646, 269.93, -1.12, 0.090, 355.75, -24.75);
insert into SHOT values (8500, 8515, 8516, 3051, 11.180, 73.05, 3.80, 11.180, 73.05, 3.80, 0.000, 143.53, 0.06);
insert into SHOT values (8501, 8515, 8517, 3051, 8.300, 41.45, 3.80, 8.300, 41.45, 3.80, 0.000, 359.84, -0.02);
insert into SHOT values (8502, 8515, 8518, 3051, 7.200, 1.75, 3.40, 7.200, 1.75, 3.40, 0.000, 185.84, 0.01);
insert into SHOT values (8503, 8515, 8519, 3051, 11.270, 330.75, 0.10, 11.270, 330.75, 0.10, 0.000, 186.44, 0.02);
insert into SHOT values (8504, 8515, 8520, 3051, 22.300, 330.05, 5.50, 22.300, 330.05, 5.50, 0.000, 351.55, 0.02);
insert into SHOT values (8505, 8515, 8521, 3051, 29.570, 309.95, 6.60, 29.570, 309.95, 6.60, 0.000, 92.88, 0.03);
insert into SHOT values (8506, 8515, 8522, 3051, 27.660, 288.85, 5.40, 27.660, 288.85, 5.40, 0.000, 141.63, 0.06);
insert into SHOT values (8507, 8515, 8523, 3051, 19.960, 256.65, 1.00, 19.960, 256.65, 1.00, 0.000, 21.42, -0.02);
insert into SHOT values (8508, 8515, 8524, 3051, 15.620, 218.95, 1.40, 15.620, 218.95, 1.40, 0.000, 10.34, -0.01);
insert into SHOT values (8509, 8515, 8525, 3051, 15.810, 203.05, 5.20, 15.810, 203.05, 5.20, 0.000, 18.05, 0.03);
insert into SHOT values (8510, 8515, 8526, 3051, 18.170, 203.25, 1.30, 18.170, 203.25, 1.30, 0.000, 0.81, -0.02);
insert into SHOT values (8511, 8515, 8527, 3051, 3.400, 243.75, -32.00, 3.400, 243.75, -32.00, 0.000, 88.07, 0.01);
insert into SHOT values (8512, 8515, 8528, 3051, 6.090, 314.95, 78.40, 6.090, 314.95, 78.40, 0.000, 173.27, -0.03);
insert into SCRAPS values (3053, 3047, 'SP-Alex2-1', 1, 69.74881, 2.58592);
 insert into MAPS values (3095, 3047, 'MP-Alex2', 'Alex2', 1, 217.650, -4.742);
 insert into MAPITEMS values (3095, 4, 3053);
 insert into SURVEY values (3098, 2485, 'Alex3', 'Alex3.Tush-Yurruck.Koytendag', 'Alex3');
 insert into CENTRELINE values (3099, 3098, NULL, NULL, NULL, 0.00, 0.00, 0.00);
 insert into SURVEY values (3100, 3098, 'Tush-Yurruck_03', 'Tush-Yurruck_03.Alex3.Tush-Yurruck.Koytendag', 'Tush-Yurruck 03');
 insert into CENTRELINE values (3101, 3100, NULL, NULL, NULL, 0.00, 0.00, 0.00);
 insert into CENTRELINE values (3102, 3100, NULL, '2024-04-17', NULL, 633.02, 0.00, 18.76);
 insert into TOPO values (6, 3102);
 insert into TOPO values (2, 3102);
 insert into TOPO values (7, 3102);
 insert into SHOT values (8513, 8529, 8530, 3102, 9.440, 170.25, 11.60, 9.440, 170.25, 11.60, 0.000, 353.16, -0.01);
insert into SHOT values (8514, 8529, 8531, 3102, 14.280, 148.05, 4.20, 14.280, 148.05, 4.20, 0.000, 329.84, -0.05);
insert into SHOT values (8515, 8529, 8532, 3102, 16.850, 124.15, 2.00, 16.850, 124.15, 2.00, 0.000, 359.76, 0.00);
insert into SHOT values (8516, 8529, 8533, 3102, 27.140, 70.55, 0.10, 27.140, 70.55, 0.10, 0.000, 6.87, -0.03);
insert into SHOT values (8517, 8529, 8534, 3102, 19.710, 41.65, 3.20, 19.710, 41.65, 3.20, 0.000, 354.49, -0.00);
insert into SHOT values (8518, 8529, 8535, 3102, 20.990, 14.95, 2.80, 20.990, 14.95, 2.80, 0.000, 181.91, 0.02);
insert into SHOT values (8519, 8529, 8536, 3102, 14.860, 288.45, 4.90, 14.860, 288.45, 4.90, 0.000, 9.96, 0.00);
insert into SHOT values (8520, 8529, 8537, 3102, 27.830, 260.55, 2.80, 27.830, 260.55, 2.80, 0.000, 197.24, -0.04);
insert into SHOT values (8521, 8529, 8538, 3102, 23.580, 241.15, 1.60, 23.580, 241.15, 1.60, 0.000, 211.72, -0.01);
insert into SHOT values (8522, 8529, 8539, 3102, 2.940, 224.05, -52.00, 2.940, 224.05, -52.00, 0.000, 165.44, 0.03);
insert into SHOT values (8523, 8529, 8540, 3102, 5.610, 288.55, 81.60, 5.610, 288.55, 81.60, 0.000, 6.70, 0.01);
insert into SHOT values (8524, 8529, 8541, 3102, 26.280, 109.15, -1.70, 26.323, 109.23, -2.02, 0.159, 152.70, -70.48);
insert into SHOT values (8525, 8541, 8542, 3102, 9.320, 255.25, 12.90, 9.320, 255.25, 12.90, 0.000, 188.29, 0.01);
insert into SHOT values (8526, 8541, 8543, 3102, 12.300, 202.85, 12.20, 12.300, 202.85, 12.20, 0.000, 171.91, 0.02);
insert into SHOT values (8527, 8541, 8544, 3102, 13.240, 165.95, 8.70, 13.240, 165.95, 8.70, 0.000, 8.10, 0.01);
insert into SHOT values (8528, 8541, 8545, 3102, 20.060, 138.15, 2.10, 20.060, 138.15, 2.10, 0.000, 185.39, 0.00);
insert into SHOT values (8529, 8541, 8546, 3102, 21.060, 116.55, 2.90, 21.060, 116.55, 2.90, 0.000, 174.95, 0.00);
insert into SHOT values (8530, 8541, 8547, 3102, 22.330, 103.45, 3.60, 22.330, 103.45, 3.60, 0.000, 180.04, 0.00);
insert into SHOT values (8531, 8541, 8548, 3102, 15.670, 42.35, 1.80, 15.670, 42.35, 1.80, 0.000, 176.63, 0.01);
insert into SHOT values (8532, 8541, 8549, 3102, 15.280, 24.85, 3.50, 15.280, 24.85, 3.50, 0.000, 183.02, -0.02);
insert into SHOT values (8533, 8541, 8550, 3102, 0.960, 95.55, -65.00, 0.960, 95.55, -65.00, 0.000, 169.11, -0.01);
insert into SHOT values (8534, 8541, 8551, 3102, 5.030, 9.05, 73.50, 5.030, 9.05, 73.50, 0.000, 341.61, -0.01);
insert into SHOT values (8535, 8541, 8552, 3102, 21.490, 77.65, 2.80, 21.491, 77.74, 2.53, 0.107, 157.97, -70.07);
insert into SHOT values (8536, 8552, 8553, 3102, 6.770, 167.95, 3.60, 6.770, 167.95, 3.60, 0.000, 18.38, 0.01);
insert into SHOT values (8537, 8552, 8554, 3102, 14.270, 122.15, 2.40, 14.270, 122.15, 2.40, 0.000, 176.48, 0.01);
insert into SHOT values (8538, 8552, 8555, 3102, 5.510, 42.65, -0.90, 5.510, 42.65, -0.90, 0.000, 173.14, -0.01);
insert into SHOT values (8539, 8552, 8556, 3102, 4.440, 334.25, -0.50, 4.440, 334.25, -0.50, 0.000, 271.74, -0.25);
insert into SHOT values (8540, 8552, 8557, 3102, 8.020, 292.35, 4.00, 8.020, 292.35, 4.00, 0.000, 12.53, -0.09);
insert into SHOT values (8541, 8552, 8558, 3102, 1.490, 60.55, -86.90, 1.490, 60.55, -86.90, 0.000, 346.50, 0.01);
insert into SHOT values (8542, 8552, 8559, 3102, 5.950, 194.75, 77.20, 5.950, 194.75, 77.20, 0.000, 351.58, 0.00);
insert into SHOT values (8543, 8552, 8560, 3102, 14.320, 83.05, 3.60, 14.325, 83.12, 3.41, 0.050, 147.90, -67.75);
insert into SHOT values (8544, 8560, 8561, 3102, 9.880, 204.85, -1.00, 9.880, 204.85, -1.00, 0.000, 155.94, 0.15);
insert into SHOT values (8545, 8560, 8562, 3102, 14.140, 223.65, 0.50, 14.140, 223.65, 0.50, 0.000, 19.23, 0.01);
insert into SHOT values (8546, 8560, 8563, 3102, 8.640, 159.95, 11.70, 8.640, 159.95, 11.70, 0.000, 7.56, 0.02);
insert into SHOT values (8547, 8560, 8564, 3102, 9.570, 48.95, 2.70, 9.570, 48.95, 2.70, 0.000, 191.18, 0.01);
insert into SHOT values (8548, 8560, 8565, 3102, 4.270, 2.45, 0.30, 4.270, 2.45, 0.30, 0.000, 351.00, -0.04);
insert into SHOT values (8549, 8560, 8566, 3102, 4.720, 305.35, -0.50, 4.720, 305.35, -0.50, 0.000, 144.96, 0.00);
insert into SHOT values (8550, 8560, 8567, 3102, 1.290, 24.05, -64.40, 1.290, 24.05, -64.40, 0.000, 187.28, -0.02);
insert into SHOT values (8551, 8560, 8568, 3102, 1.330, 71.25, 74.70, 1.330, 71.25, 74.70, 0.000, 186.56, 0.01);
insert into SHOT values (8552, 8560, 8569, 3102, 21.840, 97.75, -1.00, 21.858, 97.84, -1.27, 0.111, 162.97, -70.19);
insert into SHOT values (8553, 8569, 8570, 3102, 12.280, 244.65, 10.40, 12.280, 244.65, 10.40, 0.000, 359.74, 0.02);
insert into SHOT values (8554, 8569, 8571, 3102, 12.190, 213.55, 9.60, 12.190, 213.55, 9.60, 0.000, 25.05, 0.02);
insert into SHOT values (8555, 8569, 8572, 3102, 13.470, 180.75, 13.20, 13.470, 180.75, 13.20, 0.000, 192.89, 0.00);
insert into SHOT values (8556, 8569, 8573, 3102, 18.240, 155.05, 18.00, 18.240, 155.05, 18.00, 0.000, 184.01, 0.01);
insert into SHOT values (8557, 8569, 8574, 3102, 19.750, 108.45, 21.40, 19.750, 108.45, 21.40, 0.000, 172.17, -0.01);
insert into SHOT values (8558, 8569, 8575, 3102, 11.650, 63.25, 28.20, 11.650, 63.25, 28.20, 0.000, 346.21, 0.04);
insert into SHOT values (8559, 8569, 8576, 3102, 7.270, 42.85, 32.40, 7.270, 42.85, 32.40, 0.000, 358.32, -0.00);
insert into SHOT values (8560, 8569, 8577, 3102, 10.760, 6.35, 20.00, 10.760, 6.35, 20.00, 0.000, 23.02, 0.08);
insert into SHOT values (8561, 8569, 8578, 3102, 17.980, 337.45, 8.30, 17.980, 337.45, 8.30, 0.000, 351.85, -0.03);
insert into SHOT values (8562, 8569, 8579, 3102, 1.770, 255.45, -51.40, 1.770, 255.45, -51.40, 0.000, 14.04, -0.01);
insert into SHOT values (8563, 8569, 8580, 3102, 5.970, 55.65, 78.90, 5.970, 55.65, 78.90, 0.000, 1.95, 0.00);
insert into SHOT values (8564, 8569, 8581, 3102, 12.030, 128.25, 12.40, 12.043, 128.22, 12.23, 0.038, 114.04, -56.95);
insert into SHOT values (8565, 8581, 8582, 3102, 9.940, 158.75, 18.00, 9.940, 158.75, 18.00, 0.000, 186.38, 0.01);
insert into SHOT values (8566, 8581, 8583, 3102, 8.130, 194.25, 12.10, 8.130, 194.25, 12.10, 0.000, 25.34, 0.07);
insert into SHOT values (8567, 8581, 8584, 3102, 10.150, 226.65, 8.60, 10.150, 226.65, 8.60, 0.000, 351.09, 0.01);
insert into SHOT values (8568, 8581, 8585, 3102, 15.310, 256.95, 6.20, 15.310, 256.95, 6.20, 0.000, 174.99, 0.03);
insert into SHOT values (8569, 8581, 8586, 3102, 16.330, 83.45, 18.70, 16.330, 83.45, 18.70, 0.000, 244.37, -0.06);
insert into SHOT values (8570, 8581, 8587, 3102, 20.250, 10.95, 11.00, 20.250, 10.95, 11.00, 0.000, 187.07, -0.02);
insert into SHOT values (8571, 8581, 8588, 3102, 20.340, 347.25, 14.60, 20.340, 347.25, 14.60, 0.000, 355.89, 0.01);
insert into SHOT values (8572, 8581, 8589, 3102, 14.290, 328.05, 8.40, 14.290, 328.05, 8.40, 0.000, 342.14, -0.01);
insert into SHOT values (8573, 8581, 8590, 3102, 1.540, 286.15, -57.60, 1.540, 286.15, -57.60, 0.000, 2.10, 0.00);
insert into SHOT values (8574, 8581, 8591, 3102, 4.820, 117.85, 83.30, 4.820, 117.85, 83.30, 0.000, 180.32, -0.01);
insert into SHOT values (8575, 8581, 8592, 3102, 10.690, 144.85, 20.80, 10.690, 144.85, 20.80, 0.000, 249.62, -0.11);
insert into SHOT values (8576, 8592, 8593, 3102, 2.670, 31.15, 34.70, 2.670, 31.15, 34.70, 0.000, 9.31, 0.00);
insert into SHOT values (8577, 8592, 8594, 3102, 1.500, 103.15, 24.00, 1.500, 103.15, 24.00, 0.000, 180.21, -0.00);
insert into SHOT values (8578, 8592, 8595, 3102, 2.390, 139.75, 7.80, 2.390, 139.75, 7.80, 0.000, 2.83, 0.02);
insert into SHOT values (8579, 8592, 8596, 3102, 4.810, 167.75, 41.90, 4.810, 167.75, 41.90, 0.000, 177.90, -0.03);
insert into SHOT values (8580, 8592, 8597, 3102, 2.730, 234.15, 15.00, 2.730, 234.15, 15.00, 0.000, 11.13, -0.02);
insert into SHOT values (8581, 8592, 8598, 3102, 7.040, 267.55, 5.10, 7.040, 267.55, 5.10, 0.000, 351.41, -0.01);
insert into SHOT values (8582, 8592, 8599, 3102, 1.360, 23.05, -86.40, 1.360, 23.05, -86.40, 0.000, 1.67, -0.01);
insert into SHOT values (8583, 8592, 8600, 3102, 9.620, 222.25, 83.90, 9.620, 222.25, 83.90, 0.000, 11.35, 0.01);
insert into SHOT values (8584, 8592, 8601, 3102, 21.960, 116.25, -0.60, 21.960, 116.25, -0.60, 0.000, 1.02, -0.01);
insert into SHOT values (8585, 8601, 8602, 3102, 4.150, 60.65, 16.60, 4.150, 60.65, 16.60, 0.000, 336.28, -0.01);
insert into SHOT values (8586, 8601, 8603, 3102, 3.670, 2.35, 13.10, 3.670, 2.35, 13.10, 0.000, 186.22, -0.00);
insert into SHOT values (8587, 8601, 8604, 3102, 2.740, 174.85, 10.60, 2.740, 174.85, 10.60, 0.000, 2.26, 0.01);
insert into SHOT values (8588, 8601, 8605, 3102, 4.570, 138.25, 13.20, 4.570, 138.25, 13.20, 0.000, 356.56, -0.03);
insert into SHOT values (8589, 8601, 8606, 3102, 1.840, 225.05, 14.10, 1.840, 225.05, 14.10, 0.000, 178.03, -0.04);
insert into SHOT values (8590, 8601, 8607, 3102, 2.810, 270.55, 5.60, 2.810, 270.55, 5.60, 0.000, 311.37, 0.05);
insert into SHOT values (8591, 8601, 8608, 3102, 1.850, 291.55, -52.20, 1.850, 291.55, -52.20, 0.000, 160.11, -0.01);
insert into SHOT values (8592, 8601, 8609, 3102, 4.400, 119.95, 86.90, 4.400, 119.95, 86.90, 0.000, 192.10, 0.01);
insert into SHOT values (8593, 8601, 8610, 3102, 10.960, 122.85, 8.50, 10.960, 122.85, 8.50, 0.000, 72.79, -0.03);
insert into SHOT values (8594, 8610, 8611, 3102, 8.760, 127.95, 25.10, 8.760, 127.95, 25.10, 0.000, 1.23, -0.01);
insert into SHOT values (8595, 8610, 8612, 3102, 3.970, 230.85, 40.20, 3.970, 230.85, 40.20, 0.000, 178.98, -0.01);
insert into SHOT values (8596, 8610, 8613, 3102, 6.150, 282.55, 15.50, 6.150, 282.55, 15.50, 0.000, 174.81, -0.01);
insert into SHOT values (8597, 8610, 8614, 3102, 3.070, 62.55, -0.20, 3.070, 62.55, -0.20, 0.000, 185.10, 0.01);
insert into SHOT values (8598, 8610, 8615, 3102, 1.520, 10.95, 6.90, 1.520, 10.95, 6.90, 0.000, 176.29, -0.00);
insert into SHOT values (8599, 8610, 8616, 3102, 6.640, 324.25, -4.40, 6.640, 324.25, -4.40, 0.000, 219.31, -0.18);
insert into SHOT values (8600, 8610, 8617, 3102, 7.430, 319.65, 7.50, 7.430, 319.65, 7.50, 0.000, 243.25, -0.05);
insert into SHOT values (8601, 8610, 8618, 3102, 1.390, 358.25, -74.10, 1.390, 358.25, -74.10, 0.000, 180.46, 0.00);
insert into SHOT values (8602, 8610, 8619, 3102, 5.050, 331.65, 82.50, 5.050, 331.65, 82.50, 0.000, 180.39, -0.02);
insert into SHOT values (8603, 8610, 8620, 3102, 12.140, 112.65, -5.70, 12.140, 112.65, -5.70, 0.000, 104.31, -0.14);
insert into SHOT values (8604, 8620, 8621, 3102, 3.970, 29.25, 21.10, 3.970, 29.25, 21.10, 0.000, 198.90, -0.01);
insert into SHOT values (8605, 8620, 8622, 3102, 3.880, 73.45, 12.40, 3.880, 73.45, 12.40, 0.000, 178.40, -0.01);
insert into SHOT values (8606, 8620, 8623, 3102, 4.900, 347.65, 13.00, 4.900, 347.65, 13.00, 0.000, 355.90, 0.01);
insert into SHOT values (8607, 8620, 8624, 3102, 9.610, 315.55, 9.30, 9.610, 315.55, 9.30, 0.000, 355.37, -0.01);
insert into SHOT values (8608, 8620, 8625, 3102, 13.170, 300.25, 7.00, 13.170, 300.25, 7.00, 0.000, 2.39, -0.02);
insert into SHOT values (8609, 8620, 8626, 3102, 9.330, 285.85, 13.10, 9.330, 285.85, 13.10, 0.000, 352.97, -0.01);
insert into SHOT values (8610, 8620, 8627, 3102, 5.530, 266.95, 18.70, 5.530, 266.95, 18.70, 0.000, 350.88, -0.01);
insert into SHOT values (8611, 8620, 8628, 3102, 4.010, 223.95, 20.40, 4.010, 223.95, 20.40, 0.000, 180.58, 0.01);
insert into SHOT values (8612, 8620, 8629, 3102, 0.610, 173.05, -59.40, 0.610, 173.05, -59.40, 0.000, 4.13, -0.01);
insert into SHOT values (8613, 8620, 8630, 3102, 4.750, 230.15, 79.00, 4.750, 230.15, 79.00, 0.000, 359.12, -0.01);
insert into SHOT values (8614, 8620, 8631, 3102, 17.990, 106.65, -16.50, 17.990, 106.65, -16.50, 0.000, 182.86, -0.01);
insert into SHOT values (8615, 8631, 8632, 3102, 10.970, 100.35, 4.80, 10.970, 100.35, 4.80, 0.000, 357.13, -0.01);
insert into SHOT values (8616, 8631, 8633, 3102, 19.180, 57.75, 2.90, 19.180, 57.75, 2.90, 0.000, 56.20, -0.09);
insert into SHOT values (8617, 8631, 8634, 3102, 20.250, 37.65, -5.70, 20.250, 37.65, -5.70, 0.000, 150.14, 0.21);
insert into SHOT values (8618, 8631, 8635, 3102, 29.200, 11.35, -1.60, 29.200, 11.35, -1.60, 0.000, 182.53, -0.00);
insert into SHOT values (8619, 8631, 8636, 3102, 30.560, 354.15, -6.70, 30.560, 354.15, -6.70, 0.000, 180.60, -0.01);
insert into SHOT values (8620, 8631, 8637, 3102, 2.430, 137.25, -34.10, 2.430, 137.25, -34.10, 0.000, 196.44, -0.02);
insert into SHOT values (8621, 8631, 8638, 3102, 4.480, 129.75, 64.20, 4.480, 129.75, 64.20, 0.000, 180.61, 0.01);
insert into SHOT values (8622, 8631, 8639, 3102, 14.900, 155.35, 61.80, 14.900, 155.35, 61.80, 0.000, 356.79, 0.00);
insert into SHOT values (8623, 8631, 8640, 3102, 14.330, 160.75, -11.50, 14.382, 160.45, -11.52, 0.090, 104.86, -9.77);
insert into SHOT values (8624, 8640, 8641, 3102, 4.840, 76.55, 4.00, 4.840, 76.55, 4.00, 0.000, 11.36, 0.00);
insert into SHOT values (8625, 8640, 8642, 3102, 7.970, 117.05, 9.90, 7.970, 117.05, 9.90, 0.000, 171.03, -0.03);
insert into SHOT values (8626, 8640, 8643, 3102, 5.050, 32.95, 5.80, 5.050, 32.95, 5.80, 0.000, 161.85, 0.06);
insert into SHOT values (8627, 8640, 8644, 3102, 5.450, 356.25, 3.70, 5.450, 356.25, 3.70, 0.000, 176.38, 0.00);
insert into SHOT values (8628, 8640, 8645, 3102, 9.000, 198.95, -4.10, 9.000, 198.95, -4.10, 0.000, 353.30, 0.00);
insert into SHOT values (8629, 8640, 8646, 3102, 6.050, 246.15, 2.00, 6.050, 246.15, 2.00, 0.000, 169.56, 0.01);
insert into SHOT values (8630, 8640, 8647, 3102, 6.440, 319.65, 5.10, 6.440, 319.65, 5.10, 0.000, 13.48, 0.03);
insert into SHOT values (8631, 8640, 8648, 3102, 3.290, 9.55, -33.80, 3.290, 9.55, -33.80, 0.000, 180.15, -0.01);
insert into SHOT values (8632, 8640, 8649, 3102, 1.600, 342.45, 70.20, 1.600, 342.45, 70.20, 0.000, 173.34, 0.01);
insert into SHOT values (8633, 8640, 8650, 3102, 6.910, 13.05, 55.40, 6.910, 13.05, 55.40, 0.000, 151.72, 0.02);
insert into SHOT values (8634, 8640, 8651, 3102, 7.160, 122.75, 7.30, 7.187, 122.77, 7.24, 0.029, 129.64, -9.08);
insert into SHOT values (8635, 8651, 8652, 3102, 1.990, 131.55, 11.70, 1.990, 131.55, 11.70, 0.000, 195.25, 0.00);
insert into SHOT values (8636, 8651, 8653, 3102, 1.980, 42.35, 17.40, 1.980, 42.35, 17.40, 0.000, 177.54, -0.01);
insert into SHOT values (8637, 8651, 8654, 3102, 3.530, 7.15, 13.90, 3.530, 7.15, 13.90, 0.000, 187.14, 0.02);
insert into SHOT values (8638, 8651, 8655, 3102, 6.640, 204.05, 1.50, 6.640, 204.05, 1.50, 0.000, 8.86, 0.01);
insert into SHOT values (8639, 8651, 8656, 3102, 9.310, 240.55, 18.30, 9.310, 240.55, 18.30, 0.000, 350.57, 0.05);
insert into SHOT values (8640, 8651, 8657, 3102, 6.880, 299.75, -7.70, 6.880, 299.75, -7.70, 0.000, 354.76, 0.01);
insert into SHOT values (8641, 8651, 8658, 3102, 14.530, 301.45, -2.30, 14.530, 301.45, -2.30, 0.000, 172.67, -0.00);
insert into SHOT values (8642, 8651, 8659, 3102, 10.280, 331.75, 1.80, 10.280, 331.75, 1.80, 0.000, 6.47, 0.03);
insert into SHOT values (8643, 8651, 8660, 3102, 3.350, 308.05, -38.70, 3.350, 308.05, -38.70, 0.000, 7.32, 0.01);
insert into SHOT values (8644, 8651, 8661, 3102, 5.280, 301.05, 77.10, 5.280, 301.05, 77.10, 0.000, 83.17, -0.17);
insert into SHOT values (8645, 8651, 8662, 3102, 11.390, 84.65, 11.40, 11.390, 84.65, 11.40, 0.000, 201.88, -0.01);
insert into SHOT values (8646, 8651, 8663, 3102, 6.860, 195.85, 2.80, 6.867, 195.61, 2.76, 0.029, 119.73, -8.36);
insert into SHOT values (8647, 8663, 8664, 3102, 5.110, 27.05, -0.40, 5.110, 27.05, -0.40, 0.000, 343.90, -0.01);
insert into SHOT values (8648, 8663, 8665, 3102, 3.660, 56.45, -5.10, 3.660, 56.45, -5.10, 0.000, 3.85, 0.01);
insert into SHOT values (8649, 8663, 8666, 3102, 5.140, 87.25, -4.50, 5.140, 87.25, -4.50, 0.000, 20.12, -0.03);
insert into SHOT values (8650, 8663, 8667, 3102, 9.070, 110.25, -9.00, 9.070, 110.25, -9.00, 0.000, 175.47, 0.00);
insert into SHOT values (8651, 8663, 8668, 3102, 6.950, 300.35, 27.50, 6.950, 300.35, 27.50, 0.000, 166.50, 0.04);
insert into SHOT values (8652, 8663, 8669, 3102, 1.260, 252.25, 37.10, 1.260, 252.25, 37.10, 0.000, 6.92, -0.06);
insert into SHOT values (8653, 8663, 8670, 3102, 2.020, 202.35, 3.90, 2.020, 202.35, 3.90, 0.000, 177.24, 0.01);
insert into SHOT values (8654, 8663, 8671, 3102, 4.710, 69.55, -61.10, 4.710, 69.55, -61.10, 0.000, 194.30, 0.01);
insert into SHOT values (8655, 8663, 8672, 3102, 3.750, 33.95, 50.80, 3.750, 33.95, 50.80, 0.000, 82.80, -0.05);
insert into SHOT values (8656, 8663, 8673, 3102, 11.110, 128.55, -13.90, 11.159, 128.56, -13.89, 0.049, 131.25, -11.03);
insert into SHOT values (8657, 8673, 8674, 3102, 4.840, 70.45, 8.40, 4.840, 70.45, 8.40, 0.000, 8.38, -0.01);
insert into SHOT values (8658, 8673, 8675, 3102, 1.910, 41.35, 11.80, 1.910, 41.35, 11.80, 0.000, 191.54, 0.03);
insert into SHOT values (8659, 8673, 8676, 3102, 3.660, 6.15, 18.20, 3.660, 6.15, 18.20, 0.000, 356.61, 0.01);
insert into SHOT values (8660, 8673, 8677, 3102, 6.460, 196.45, 28.50, 6.460, 196.45, 28.50, 0.000, 187.37, -0.00);
insert into SHOT values (8661, 8673, 8678, 3102, 5.710, 242.45, 30.80, 5.710, 242.45, 30.80, 0.000, 7.15, -0.01);
insert into SHOT values (8662, 8673, 8679, 3102, 11.050, 304.95, 16.30, 11.050, 304.95, 16.30, 0.000, 166.68, 0.01);
insert into SHOT values (8663, 8673, 8680, 3102, 3.440, 270.35, -0.20, 3.440, 270.35, -0.20, 0.000, 343.99, 0.01);
insert into SHOT values (8664, 8673, 8681, 3102, 21.210, 104.35, -8.70, 21.210, 104.35, -8.70, 0.000, 7.62, -0.02);
insert into SHOT values (8665, 8681, 8682, 3102, 20.110, 157.15, 5.50, 20.110, 157.15, 5.50, 0.000, 168.37, -0.00);
insert into SHOT values (8666, 8682, 8683, 3102, 3.410, 196.55, 11.40, 3.410, 196.55, 11.40, 0.000, 8.49, 0.01);
insert into SHOT values (8667, 8682, 8684, 3102, 3.240, 247.85, 12.10, 3.240, 247.85, 12.10, 0.000, 359.84, 0.01);
insert into SHOT values (8668, 8682, 8685, 3102, 4.640, 289.95, 6.00, 4.640, 289.95, 6.00, 0.000, 166.52, -0.02);
insert into SHOT values (8669, 8682, 8686, 3102, 8.340, 86.45, 6.20, 8.340, 86.45, 6.20, 0.000, 0.66, -0.01);
insert into SHOT values (8670, 8682, 8687, 3102, 9.550, 50.35, 0.40, 9.550, 50.35, 0.40, 0.000, 174.84, -0.01);
insert into SHOT values (8671, 8682, 8688, 3102, 8.130, 20.75, 1.40, 8.130, 20.75, 1.40, 0.000, 359.29, 0.01);
insert into SHOT values (8672, 8682, 8689, 3102, 12.270, 13.25, 1.20, 12.270, 13.25, 1.20, 0.000, 176.34, 0.00);
insert into SHOT values (8673, 8682, 8690, 3102, 2.380, 72.65, -39.90, 2.380, 72.65, -39.90, 0.000, 26.63, 0.03);
insert into SHOT values (8674, 8682, 8691, 3102, 2.430, 139.35, 73.20, 2.430, 139.35, 73.20, 0.000, 198.01, -0.01);
insert into SHOT values (8675, 8682, 8692, 3102, 11.200, 140.65, -1.90, 11.200, 140.65, -1.90, 0.000, 183.71, -0.01);
insert into SHOT values (8676, 8692, 8693, 3102, 0.630, 88.25, -23.30, 0.630, 88.25, -23.30, 0.000, 175.32, -0.02);
insert into SHOT values (8677, 8692, 8694, 3102, 2.170, 149.85, 6.30, 2.170, 149.85, 6.30, 0.000, 179.88, 0.00);
insert into SHOT values (8678, 8692, 8695, 3102, 3.120, 357.55, 3.30, 3.120, 357.55, 3.30, 0.000, 178.29, -0.00);
insert into SHOT values (8679, 8692, 8696, 3102, 8.380, 218.15, 8.10, 8.380, 218.15, 8.10, 0.000, 350.45, 0.01);
insert into SHOT values (8680, 8692, 8697, 3102, 6.670, 284.95, 15.10, 6.670, 284.95, 15.10, 0.000, 187.64, 0.01);
insert into SHOT values (8681, 8692, 8698, 3102, 10.110, 308.15, 8.80, 10.110, 308.15, 8.80, 0.000, 336.89, 0.08);
insert into SHOT values (8682, 8692, 8699, 3102, 1.540, 277.65, -63.50, 1.540, 277.65, -63.50, 0.000, 13.63, 0.08);
insert into SHOT values (8683, 8692, 8700, 3102, 1.850, 18.85, 79.60, 1.850, 18.85, 79.60, 0.000, 147.86, -0.07);
insert into SHOT values (8684, 8692, 8701, 3102, 17.660, 178.55, 3.20, 17.660, 178.55, 3.20, 0.000, 178.97, -0.01);
insert into SHOT values (8685, 8701, 8702, 3102, 3.150, 225.55, 34.40, 3.150, 225.55, 34.40, 0.000, 178.11, -0.01);
insert into SHOT values (8686, 8701, 8703, 3102, 4.370, 151.15, -1.10, 4.370, 151.15, -1.10, 0.000, 179.78, -0.00);
insert into SHOT values (8687, 8701, 8704, 3102, 7.400, 306.05, 15.70, 7.400, 306.05, 15.70, 0.000, 207.55, 0.08);
insert into SHOT values (8688, 8701, 8705, 3102, 13.600, 101.75, -1.60, 13.600, 101.75, -1.60, 0.000, 3.91, -0.00);
insert into SHOT values (8689, 8701, 8706, 3102, 8.260, 70.25, -3.50, 8.260, 70.25, -3.50, 0.000, 4.28, 0.01);
insert into SHOT values (8690, 8701, 8707, 3102, 5.450, 38.75, -1.70, 5.450, 38.75, -1.70, 0.000, 2.07, 0.01);
insert into SHOT values (8691, 8701, 8708, 3102, 10.960, 9.15, -4.10, 10.960, 9.15, -4.10, 0.000, 179.48, -0.00);
insert into SHOT values (8692, 8701, 8709, 3102, 2.970, 72.05, -35.70, 2.970, 72.05, -35.70, 0.000, 141.43, -0.12);
insert into SHOT values (8693, 8701, 8710, 3102, 3.640, 96.45, 72.40, 3.640, 96.45, 72.40, 0.000, 191.29, 0.02);
insert into SHOT values (8694, 8701, 8711, 3102, 16.420, 123.65, -20.40, 16.420, 123.65, -20.40, 0.000, 177.58, 0.01);
insert into SHOT values (8695, 8711, 8712, 3102, 5.870, 83.75, 1.50, 5.870, 83.75, 1.50, 0.000, 183.86, 0.01);
insert into SHOT values (8696, 8711, 8713, 3102, 10.080, 46.15, 1.90, 10.080, 46.15, 1.90, 0.000, 0.22, 0.02);
insert into SHOT values (8697, 8711, 8714, 3102, 10.400, 16.85, -1.40, 10.400, 16.85, -1.40, 0.000, 220.32, 0.05);
insert into SHOT values (8698, 8711, 8715, 3102, 19.090, 346.75, -0.90, 19.090, 346.75, -0.90, 0.000, 184.36, -0.02);
insert into SHOT values (8699, 8711, 8716, 3102, 4.770, 252.05, 18.70, 4.770, 252.05, 18.70, 0.000, 186.03, 0.00);
insert into SHOT values (8700, 8711, 8717, 3102, 10.800, 201.55, -2.80, 10.800, 201.55, -2.80, 0.000, 169.24, 0.01);
insert into SHOT values (8701, 8711, 8718, 3102, 5.160, 179.55, -0.50, 5.160, 179.55, -0.50, 0.000, 192.78, 0.03);
insert into SHOT values (8702, 8711, 8719, 3102, 9.110, 161.75, -3.20, 9.110, 161.75, -3.20, 0.000, 348.85, 0.01);
insert into SHOT values (8703, 8711, 8720, 3102, 13.140, 150.65, -4.10, 13.140, 150.65, -4.10, 0.000, 352.93, -0.01);
insert into SHOT values (8704, 8711, 8721, 3102, 3.100, 172.05, -32.40, 3.100, 172.05, -32.40, 0.000, 182.22, 0.17);
insert into SHOT values (8705, 8711, 8722, 3102, 6.960, 132.75, 84.00, 6.960, 132.75, 84.00, 0.000, 69.96, -0.12);
insert into SHOT values (8706, 8711, 8723, 3102, 19.050, 345.95, -0.60, 19.050, 345.95, -0.60, 0.000, 6.90, 0.09);
insert into SHOT values (8707, 8723, 8724, 3102, 19.250, 126.05, 1.60, 19.250, 126.05, 1.60, 0.000, 358.36, -0.01);
insert into SHOT values (8708, 8724, 8725, 3102, 4.010, 356.75, 12.10, 4.010, 356.75, 12.10, 0.000, 174.73, -0.01);
insert into SHOT values (8709, 8724, 8726, 3102, 2.970, 42.45, 15.40, 2.970, 42.45, 15.40, 0.000, 355.48, -0.01);
insert into SHOT values (8710, 8724, 8727, 3102, 5.490, 90.45, 11.20, 5.490, 90.45, 11.20, 0.000, 1.77, 0.02);
insert into SHOT values (8711, 8724, 8728, 3102, 16.750, 148.25, -5.40, 16.750, 148.25, -5.40, 0.000, 8.02, -0.02);
insert into SHOT values (8712, 8724, 8729, 3102, 12.240, 213.15, -0.30, 12.240, 213.15, -0.30, 0.000, 188.47, 0.01);
insert into SHOT values (8713, 8724, 8730, 3102, 14.250, 236.65, -3.20, 14.250, 236.65, -3.20, 0.000, 356.61, 0.02);
insert into SHOT values (8714, 8724, 8731, 3102, 13.480, 250.75, -6.40, 13.480, 250.75, -6.40, 0.000, 357.19, -0.01);
insert into SHOT values (8715, 8724, 8732, 3102, 1.560, 209.75, -52.10, 1.560, 209.75, -52.10, 0.000, 353.27, -0.01);
insert into SHOT values (8716, 8724, 8733, 3102, 3.120, 180.15, 77.30, 3.120, 180.15, 77.30, 0.000, 37.51, -0.01);
insert into SHOT values (8717, 8724, 8734, 3102, 10.620, 133.05, -6.40, 10.620, 133.05, -6.40, 0.000, 12.71, -0.02);
insert into SHOT values (8718, 8734, 8735, 3102, 7.040, 346.15, 13.70, 7.040, 346.15, 13.70, 0.000, 356.27, -0.01);
insert into SHOT values (8719, 8734, 8736, 3102, 5.510, 15.55, 17.70, 5.510, 15.55, 17.70, 0.000, 168.16, -0.01);
insert into SHOT values (8720, 8734, 8737, 3102, 8.310, 16.85, 19.20, 8.310, 16.85, 19.20, 0.000, 96.78, -0.00);
insert into SHOT values (8721, 8734, 8738, 3102, 11.940, 47.75, 13.10, 11.940, 47.75, 13.10, 0.000, 10.04, 0.02);
insert into SHOT values (8722, 8734, 8739, 3102, 4.400, 69.25, 14.00, 4.400, 69.25, 14.00, 0.000, 186.87, 0.01);
insert into SHOT values (8723, 8734, 8740, 3102, 9.910, 255.35, 0.50, 9.910, 255.35, 0.50, 0.000, 175.27, -0.02);
insert into SHOT values (8724, 8734, 8741, 3102, 8.050, 181.35, -0.20, 8.050, 181.35, -0.20, 0.000, 174.05, 0.00);
insert into SHOT values (8725, 8734, 8742, 3102, 5.220, 149.55, 1.40, 5.220, 149.55, 1.40, 0.000, 174.01, 0.00);
insert into SHOT values (8726, 8734, 8743, 3102, 1.660, 182.75, -41.50, 1.660, 182.75, -41.50, 0.000, 8.38, 0.00);
insert into SHOT values (8727, 8734, 8744, 3102, 2.680, 213.05, 65.60, 2.680, 213.05, 65.60, 0.000, 356.07, -0.01);
insert into SHOT values (8728, 8734, 8745, 3102, 17.980, 200.85, -0.40, 17.980, 200.85, -0.40, 0.000, 2.08, 0.03);
insert into SHOT values (8729, 8745, 8746, 3102, 9.340, 86.85, -3.20, 9.340, 86.85, -3.20, 0.000, 267.83, -0.06);
insert into SHOT values (8730, 8745, 8747, 3102, 5.770, 68.35, -1.60, 5.770, 68.35, -1.60, 0.000, 177.13, -0.02);
insert into SHOT values (8731, 8745, 8748, 3102, 10.020, 41.55, -0.40, 10.020, 41.55, -0.40, 0.000, 79.73, 0.01);
insert into SHOT values (8732, 8745, 8749, 3102, 6.740, 191.55, 13.80, 6.740, 191.55, 13.80, 0.000, 41.42, 0.23);
insert into SHOT values (8733, 8745, 8750, 3102, 11.200, 181.85, 13.90, 11.200, 181.85, 13.90, 0.000, 354.87, -0.00);
insert into SHOT values (8734, 8745, 8751, 3102, 6.610, 248.65, 16.80, 6.610, 248.65, 16.80, 0.000, 178.34, 0.01);
insert into SHOT values (8735, 8745, 8752, 3102, 9.290, 314.35, 7.50, 9.290, 314.35, 7.50, 0.000, 88.39, -0.05);
insert into SHOT values (8736, 8745, 8753, 3102, 11.990, 347.35, 5.50, 11.990, 347.35, 5.50, 0.000, 178.29, 0.03);
insert into SHOT values (8737, 8745, 8754, 3102, 1.340, 8.05, -52.70, 1.340, 8.05, -52.70, 0.000, 174.62, 0.00);
insert into SHOT values (8738, 8745, 8755, 3102, 1.230, 326.55, 80.00, 1.230, 326.55, 80.00, 0.000, 175.33, -0.00);
insert into SHOT values (8739, 8745, 8756, 3102, 16.750, 133.15, 2.00, 16.750, 133.15, 2.00, 0.000, 191.88, 0.11);
insert into SHOT values (8740, 8756, 8757, 3102, 5.260, 115.05, 3.20, 5.260, 115.05, 3.20, 0.000, 177.92, -0.00);
insert into SHOT values (8741, 8756, 8758, 3102, 6.780, 89.75, 2.90, 6.780, 89.75, 2.90, 0.000, 358.54, -0.01);
insert into SHOT values (8742, 8756, 8759, 3102, 4.650, 9.35, 2.50, 4.650, 9.35, 2.50, 0.000, 344.27, -0.01);
insert into SHOT values (8743, 8756, 8760, 3102, 9.300, 358.25, -2.20, 9.300, 358.25, -2.20, 0.000, 200.19, 0.01);
insert into SHOT values (8744, 8756, 8761, 3102, 10.680, 339.95, -0.50, 10.680, 339.95, -0.50, 0.000, 182.09, -0.02);
insert into SHOT values (8745, 8756, 8762, 3102, 5.390, 298.25, 6.40, 5.390, 298.25, 6.40, 0.000, 345.51, 0.03);
insert into SHOT values (8746, 8756, 8763, 3102, 1.240, 270.15, 12.00, 1.240, 270.15, 12.00, 0.000, 353.80, 0.02);
insert into SHOT values (8747, 8756, 8764, 3102, 8.050, 228.25, 5.70, 8.050, 228.25, 5.70, 0.000, 194.38, -0.03);
insert into SHOT values (8748, 8756, 8765, 3102, 6.620, 198.65, 2.90, 6.620, 198.65, 2.90, 0.000, 175.70, -0.02);
insert into SHOT values (8749, 8756, 8766, 3102, 1.960, 39.55, -43.20, 1.960, 39.55, -43.20, 0.000, 23.55, -0.02);
insert into SHOT values (8750, 8756, 8767, 3102, 1.300, 28.35, 83.00, 1.300, 28.35, 83.00, 0.000, 2.74, -0.00);
insert into SHOT values (8751, 8756, 8768, 3102, 8.110, 152.75, -1.30, 8.110, 152.75, -1.30, 0.000, 359.16, -0.00);
insert into SHOT values (8752, 8768, 8769, 3102, 2.140, 180.95, 7.70, 2.140, 180.95, 7.70, 0.000, 5.30, -0.02);
insert into SHOT values (8753, 8768, 8770, 3102, 3.590, 138.95, 9.10, 3.590, 138.95, 9.10, 0.000, 170.66, -0.02);
insert into SHOT values (8754, 8768, 8771, 3102, 5.000, 106.15, 6.30, 5.000, 106.15, 6.30, 0.000, 177.65, 0.01);
insert into SHOT values (8755, 8768, 8772, 3102, 5.010, 74.25, -1.80, 5.010, 74.25, -1.80, 0.000, 172.44, 0.31);
insert into SHOT values (8756, 8768, 8773, 3102, 1.740, 44.45, 3.10, 1.740, 44.45, 3.10, 0.000, 169.61, 0.01);
insert into SHOT values (8757, 8768, 8774, 3102, 0.730, 176.55, -57.90, 0.730, 176.55, -57.90, 0.000, 22.23, 0.01);
insert into SHOT values (8758, 8768, 8775, 3102, 1.430, 126.25, 66.60, 1.430, 126.25, 66.60, 0.000, 358.65, 0.03);
insert into SHOT values (8759, 8768, 8776, 3102, 5.550, 77.05, -10.50, 5.550, 77.05, -10.50, 0.000, 6.78, 0.01);
insert into SHOT values (8760, 8776, 8777, 3102, 4.670, 31.75, -1.60, 4.670, 31.75, -1.60, 0.000, 177.00, 0.00);
insert into SHOT values (8761, 8776, 8778, 3102, 3.460, 5.25, -2.20, 3.460, 5.25, -2.20, 0.000, 351.60, -0.02);
insert into SHOT values (8762, 8776, 8779, 3102, 3.110, 333.95, -1.30, 3.110, 333.95, -1.30, 0.000, 168.40, -0.02);
insert into SHOT values (8763, 8776, 8780, 3102, 5.770, 314.55, -1.20, 5.770, 314.55, -1.20, 0.000, 314.44, -0.01);
insert into SHOT values (8764, 8776, 8781, 3102, 1.360, 150.25, -3.90, 1.360, 150.25, -3.90, 0.000, 12.11, -0.02);
insert into SHOT values (8765, 8776, 8782, 3102, 1.560, 192.45, 2.80, 1.560, 192.45, 2.80, 0.000, 163.68, 0.06);
insert into SHOT values (8766, 8776, 8783, 3102, 5.030, 222.35, 18.80, 5.030, 222.35, 18.80, 0.000, 321.99, 0.00);
insert into SHOT values (8767, 8776, 8784, 3102, 0.750, 163.25, -64.60, 0.750, 163.25, -64.60, 0.000, 350.26, -0.05);
insert into SHOT values (8768, 8776, 8785, 3102, 0.830, 174.55, 52.50, 0.830, 174.55, 52.50, 0.000, 17.93, -0.03);
insert into SHOT values (8769, 8776, 8786, 3102, 4.980, 113.15, -3.10, 4.980, 113.15, -3.10, 0.000, 174.83, 0.02);
insert into SHOT values (8770, 8776, 8787, 3102, 5.780, 113.05, -3.10, 5.780, 113.05, -3.10, 0.000, 192.90, 0.14);
insert into SHOT values (8771, 8787, 8788, 3102, 23.770, 111.55, 3.40, 23.770, 111.55, 3.40, 0.000, 1.95, -0.01);
insert into SHOT values (8772, 8787, 8789, 3102, 21.390, 99.15, 4.00, 21.390, 99.15, 4.00, 0.000, 140.66, 0.10);
insert into SHOT values (8773, 8787, 8790, 3102, 25.580, 96.45, 2.60, 25.580, 96.45, 2.60, 0.000, 181.46, 0.00);
insert into SHOT values (8774, 8787, 8791, 3102, 14.650, 72.55, 3.80, 14.650, 72.55, 3.80, 0.000, 196.89, -0.02);
insert into SHOT values (8775, 8787, 8792, 3102, 15.070, 47.15, 5.00, 15.070, 47.15, 5.00, 0.000, 178.40, -0.02);
insert into SHOT values (8776, 8787, 8793, 3102, 14.830, 21.75, 2.30, 14.830, 21.75, 2.30, 0.000, 178.22, -0.02);
insert into SHOT values (8777, 8787, 8794, 3102, 8.700, 206.95, 0.20, 8.700, 206.95, 0.20, 0.000, 353.79, 0.02);
insert into SHOT values (8778, 8787, 8795, 3102, 4.790, 239.05, -3.10, 4.790, 239.05, -3.10, 0.000, 275.07, -0.00);
insert into SHOT values (8779, 8787, 8796, 3102, 4.760, 280.05, -0.60, 4.760, 280.05, -0.60, 0.000, 3.96, 0.00);
insert into SHOT values (8780, 8787, 8797, 3102, 0.390, 241.85, -64.10, 0.390, 241.85, -64.10, 0.000, 163.85, -0.03);
insert into SHOT values (8781, 8787, 8798, 3102, 1.050, 266.85, 70.50, 1.050, 266.85, 70.50, 0.000, 359.85, 0.02);
insert into SHOT values (8782, 8799, 8800, 3102, 18.010, 118.05, -0.20, 18.010, 118.05, -0.20, 0.000, 166.93, -0.00);
insert into SHOT values (8783, 8800, 8801, 3102, 8.260, 208.25, -0.60, 8.260, 208.25, -0.60, 0.000, 3.97, -0.02);
insert into SHOT values (8784, 8800, 8802, 3102, 8.410, 187.25, -2.30, 8.410, 187.25, -2.30, 0.000, 0.24, 0.01);
insert into SHOT values (8785, 8800, 8803, 3102, 6.920, 136.55, 2.50, 6.920, 136.55, 2.50, 0.000, 180.79, 0.02);
insert into SHOT values (8786, 8800, 8804, 3102, 7.510, 118.95, 2.90, 7.510, 118.95, 2.90, 0.000, 359.08, -0.00);
insert into SHOT values (8787, 8800, 8805, 3102, 8.290, 104.55, 4.60, 8.290, 104.55, 4.60, 0.000, 192.94, 0.01);
insert into SHOT values (8788, 8800, 8806, 3102, 11.790, 48.25, 18.60, 11.790, 48.25, 18.60, 0.000, 196.24, 0.03);
insert into SHOT values (8789, 8800, 8807, 3102, 11.570, 18.05, 19.90, 11.570, 18.05, 19.90, 0.000, 57.43, -0.06);
insert into SHOT values (8790, 8800, 8808, 3102, 15.010, 357.35, 15.70, 15.010, 357.35, 15.70, 0.000, 76.54, 0.16);
insert into SHOT values (8791, 8800, 8809, 3102, 15.020, 344.65, 12.60, 15.020, 344.65, 12.60, 0.000, 0.94, -0.01);
insert into SHOT values (8792, 8800, 8810, 3102, 1.480, 28.95, -31.60, 1.480, 28.95, -31.60, 0.000, 111.08, 0.09);
insert into SHOT values (8793, 8800, 8811, 3102, 3.140, 60.05, 70.50, 3.140, 60.05, 70.50, 0.000, 191.43, 0.02);
insert into SHOT values (8794, 8800, 8812, 3102, 9.900, 92.15, 6.90, 9.900, 92.15, 6.90, 0.000, 207.42, -0.06);
insert into SHOT values (8795, 8812, 8813, 3102, 3.730, 162.65, 9.00, 3.730, 162.65, 9.00, 0.000, 357.18, -0.00);
insert into SHOT values (8796, 8812, 8814, 3102, 5.260, 202.95, 17.20, 5.260, 202.95, 17.20, 0.000, 357.65, 0.01);
insert into SHOT values (8797, 8812, 8815, 3102, 1.410, 239.95, 2.30, 1.410, 239.95, 2.30, 0.000, 237.23, 0.06);
insert into SHOT values (8798, 8812, 8816, 3102, 8.330, 250.75, -0.30, 8.330, 250.75, -0.30, 0.000, 359.17, -0.00);
insert into SHOT values (8799, 8812, 8817, 3102, 12.140, 48.15, 9.10, 12.140, 48.15, 9.10, 0.000, 185.50, -0.01);
insert into SHOT values (8800, 8812, 8818, 3102, 8.630, 14.15, 14.30, 8.630, 14.15, 14.30, 0.000, 352.46, -0.00);
insert into SHOT values (8801, 8812, 8819, 3102, 9.670, 336.25, 17.20, 9.670, 336.25, 17.20, 0.000, 346.61, 0.02);
insert into SHOT values (8802, 8812, 8820, 3102, 13.780, 321.65, 12.80, 13.780, 321.65, 12.80, 0.000, 219.18, 0.05);
insert into SHOT values (8803, 8812, 8821, 3102, 1.730, 86.45, -42.90, 1.730, 86.45, -42.90, 0.000, 13.95, 0.01);
insert into SHOT values (8804, 8812, 8822, 3102, 2.020, 108.35, 71.80, 2.020, 108.35, 71.80, 0.000, 7.26, -0.03);
insert into SHOT values (8805, 8812, 8823, 3102, 15.240, 94.95, 0.80, 15.240, 94.95, 0.80, 0.000, 183.38, 0.01);
insert into SHOT values (8806, 8823, 8824, 3102, 10.150, 128.05, 11.90, 10.150, 128.05, 11.90, 0.000, 1.37, -0.01);
insert into SHOT values (8807, 8823, 8825, 3102, 12.070, 154.75, 10.10, 12.070, 154.75, 10.10, 0.000, 187.05, 0.01);
insert into SHOT values (8808, 8823, 8826, 3102, 8.740, 51.75, 24.70, 8.740, 51.75, 24.70, 0.000, 8.97, -0.02);
insert into SHOT values (8809, 8823, 8827, 3102, 8.640, 2.45, 27.20, 8.640, 2.45, 27.20, 0.000, 2.60, 0.09);
insert into SHOT values (8810, 8823, 8828, 3102, 10.630, 334.75, 23.00, 10.630, 334.75, 23.00, 0.000, 332.16, 0.01);
insert into SHOT values (8811, 8823, 8829, 3102, 16.860, 305.75, 10.10, 16.860, 305.75, 10.10, 0.000, 179.70, 0.02);
insert into SHOT values (8812, 8823, 8830, 3102, 13.220, 246.35, 2.80, 13.220, 246.35, 2.80, 0.000, 6.68, -0.01);
insert into SHOT values (8813, 8823, 8831, 3102, 15.110, 224.95, 0.00, 15.110, 224.95, 0.00, 0.000, 177.92, 0.00);
insert into SHOT values (8814, 8823, 8832, 3102, 1.230, 291.85, -67.20, 1.230, 291.85, -67.20, 0.000, 194.71, -0.14);
insert into SHOT values (8815, 8823, 8833, 3102, 3.250, 341.65, 79.40, 3.250, 341.65, 79.40, 0.000, 334.13, 0.01);
insert into SHOT values (8816, 8823, 8834, 3102, 9.170, 222.65, 2.70, 9.170, 222.65, 2.70, 0.000, 190.06, 0.01);
insert into SHOT values (8817, 8834, 8835, 3102, 5.360, 191.65, 4.50, 5.360, 191.65, 4.50, 0.000, 32.16, -0.00);
insert into SHOT values (8818, 8834, 8836, 3102, 7.910, 160.55, 10.30, 7.910, 160.55, 10.30, 0.000, 6.50, -0.02);
insert into SHOT values (8819, 8834, 8837, 3102, 7.530, 131.65, 12.90, 7.530, 131.65, 12.90, 0.000, 342.31, -0.03);
insert into SHOT values (8820, 8834, 8838, 3102, 12.880, 103.25, 8.60, 12.880, 103.25, 8.60, 0.000, 352.06, -0.03);
insert into SHOT values (8821, 8834, 8839, 3102, 13.690, 74.35, 11.10, 13.690, 74.35, 11.10, 0.000, 171.34, -0.01);
insert into SHOT values (8822, 8834, 8840, 3102, 13.470, 46.85, 10.40, 13.470, 46.85, 10.40, 0.000, 355.86, 0.02);
insert into SHOT values (8823, 8834, 8841, 3102, 12.700, 18.15, 9.40, 12.700, 18.15, 9.40, 0.000, 175.75, 0.02);
insert into SHOT values (8824, 8834, 8842, 3102, 15.790, 1.65, 9.40, 15.790, 1.65, 9.40, 0.000, 187.11, -0.00);
insert into SHOT values (8825, 8834, 8843, 3102, 17.580, 342.65, 8.50, 17.580, 342.65, 8.50, 0.000, 39.43, 0.07);
insert into SHOT values (8826, 8834, 8844, 3102, 6.820, 293.85, 5.60, 6.820, 293.85, 5.60, 0.000, 162.61, -0.04);
insert into SHOT values (8827, 8834, 8845, 3102, 5.690, 273.25, 3.40, 5.690, 273.25, 3.40, 0.000, 26.39, 0.02);
insert into SHOT values (8828, 8834, 8846, 3102, 1.490, 246.55, -71.60, 1.490, 246.55, -71.60, 0.000, 327.98, 0.07);
insert into SHOT values (8829, 8834, 8847, 3102, 3.290, 115.35, 79.70, 3.290, 115.35, 79.70, 0.000, 12.39, 0.05);
insert into SHOT values (8830, 8834, 8848, 3102, 3.380, 179.85, 74.80, 3.380, 179.85, 74.80, 0.000, 180.02, -0.01);
insert into SHOT values (8831, 8834, 8849, 3102, 7.760, 233.15, -15.20, 7.760, 233.15, -15.20, 0.000, 172.69, -0.00);
insert into SHOT values (8832, 8849, 8850, 3102, 2.210, 300.95, 4.30, 2.210, 300.95, 4.30, 0.000, 345.87, 0.01);
insert into SHOT values (8833, 8849, 8851, 3102, 1.700, 241.25, 0.90, 1.700, 241.25, 0.90, 0.000, 348.80, 0.00);
insert into SHOT values (8834, 8849, 8852, 3102, 4.310, 159.25, 1.30, 4.310, 159.25, 1.30, 0.000, 218.16, -0.02);
insert into SHOT values (8835, 8849, 8853, 3102, 6.890, 134.85, 0.90, 6.890, 134.85, 0.90, 0.000, 1.36, -0.01);
insert into SHOT values (8836, 8849, 8854, 3102, 5.590, 103.15, 5.70, 5.590, 103.15, 5.70, 0.000, 5.20, 0.00);
insert into SHOT values (8837, 8849, 8855, 3102, 0.720, 108.05, -37.10, 0.720, 108.05, -37.10, 0.000, 3.70, 0.02);
insert into SHOT values (8838, 8849, 8856, 3102, 0.680, 204.35, 79.30, 0.680, 204.35, 79.30, 0.000, 178.54, 0.02);
insert into SHOT values (8839, 8849, 8787, 3102, 17.460, 209.65, -1.40, 17.460, 209.65, -1.40, 0.000, 172.38, -0.02);
insert into SHOT values (8840, 8673, 8857, 3102, 13.430, 106.55, -11.00, 13.443, 106.17, -11.00, 0.089, 24.45, -1.17);
insert into SHOT values (8841, 8857, 8858, 3102, 3.230, 135.95, -5.50, 3.230, 135.95, -5.50, 0.000, 7.37, 0.00);
insert into SHOT values (8842, 8857, 8859, 3102, 3.360, 196.85, 3.30, 3.360, 196.85, 3.30, 0.000, 290.19, 0.14);
insert into SHOT values (8843, 8857, 8860, 3102, 5.260, 224.75, 3.00, 5.260, 224.75, 3.00, 0.000, 352.46, 0.01);
insert into SHOT values (8844, 8857, 8861, 3102, 7.750, 96.95, -5.10, 7.750, 96.95, -5.10, 0.000, 8.30, -0.09);
insert into SHOT values (8845, 8857, 8862, 3102, 7.370, 63.05, -2.40, 7.370, 63.05, -2.40, 0.000, 334.42, -0.06);
insert into SHOT values (8846, 8857, 8863, 3102, 7.080, 28.75, 2.90, 7.080, 28.75, 2.90, 0.000, 169.98, 0.01);
insert into SHOT values (8847, 8857, 8864, 3102, 7.010, 343.05, 4.20, 7.010, 343.05, 4.20, 0.000, 170.78, -0.03);
insert into SHOT values (8848, 8857, 8865, 3102, 7.170, 325.15, 0.50, 7.170, 325.15, 0.50, 0.000, 201.43, 0.00);
insert into SHOT values (8849, 8857, 8866, 3102, 1.180, 112.95, -59.70, 1.180, 112.95, -59.70, 0.000, 188.75, 0.01);
insert into SHOT values (8850, 8857, 8867, 3102, 1.170, 305.75, 84.10, 1.170, 305.75, 84.10, 0.000, 10.11, 0.02);
insert into SHOT values (8851, 8857, 8868, 3102, 5.100, 121.55, -5.70, 5.112, 121.23, -5.69, 0.030, 54.02, -0.69);
insert into SHOT values (8852, 8868, 8869, 3102, 6.590, 125.35, -8.30, 6.590, 125.35, -8.30, 0.000, 0.44, -0.01);
insert into SHOT values (8853, 8868, 8870, 3102, 3.870, 81.25, -3.70, 3.870, 81.25, -3.70, 0.000, 6.68, 0.01);
insert into SHOT values (8854, 8868, 8871, 3102, 6.190, 27.65, 0.40, 6.190, 27.65, 0.40, 0.000, 163.11, -0.07);
insert into SHOT values (8855, 8868, 8872, 3102, 8.320, 2.45, 2.70, 8.320, 2.45, 2.70, 0.000, 213.33, 0.05);
insert into SHOT values (8856, 8868, 8873, 3102, 2.570, 210.95, 12.90, 2.570, 210.95, 12.90, 0.000, 357.57, -0.01);
insert into SHOT values (8857, 8868, 8874, 3102, 2.590, 272.55, 21.50, 2.590, 272.55, 21.50, 0.000, 182.87, -0.02);
insert into SHOT values (8858, 8868, 8875, 3102, 12.410, 302.85, 4.00, 12.410, 302.85, 4.00, 0.000, 183.10, 0.01);
insert into SHOT values (8859, 8868, 8876, 3102, 1.100, 86.85, -60.10, 1.100, 86.85, -60.10, 0.000, 176.53, -0.00);
insert into SHOT values (8860, 8868, 8877, 3102, 1.660, 190.75, 71.50, 1.660, 190.75, 71.50, 0.000, 182.63, 0.01);
insert into SHOT values (8861, 8868, 8878, 3102, 15.370, 351.35, 8.90, 15.370, 351.35, 8.90, 0.000, 17.31, 0.01);
insert into SHOT values (8862, 8868, 8879, 3102, 12.960, 162.55, -2.50, 12.965, 162.10, -2.51, 0.100, 75.14, -1.00);
insert into SHOT values (8863, 8879, 8880, 3102, 7.620, 132.75, 6.10, 7.620, 132.75, 6.10, 0.000, 181.41, -0.01);
insert into SHOT values (8864, 8879, 8881, 3102, 9.240, 112.75, 4.20, 9.240, 112.75, 4.20, 0.000, 4.59, -0.01);
insert into SHOT values (8865, 8879, 8882, 3102, 14.260, 70.85, 4.20, 14.260, 70.85, 4.20, 0.000, 251.45, 0.03);
insert into SHOT values (8866, 8879, 8883, 3102, 6.840, 345.25, -2.00, 6.840, 345.25, -2.00, 0.000, 178.37, 0.01);
insert into SHOT values (8867, 8879, 8884, 3102, 4.700, 322.15, -2.20, 4.700, 322.15, -2.20, 0.000, 251.57, 0.07);
insert into SHOT values (8868, 8879, 8885, 3102, 1.770, 300.25, 2.70, 1.770, 300.25, 2.70, 0.000, 182.15, 0.01);
insert into SHOT values (8869, 8879, 8886, 3102, 2.120, 196.65, 5.00, 2.120, 196.65, 5.00, 0.000, 163.90, -0.04);
insert into SHOT values (8870, 8879, 8887, 3102, 9.970, 156.45, 6.40, 9.970, 156.45, 6.40, 0.000, 7.71, -0.02);
insert into SHOT values (8871, 8879, 8888, 3102, 7.450, 188.75, 1.00, 7.450, 188.75, 1.00, 0.000, 4.99, 0.02);
insert into SHOT values (8872, 8879, 8889, 3102, 0.920, 82.85, -56.00, 0.920, 82.85, -56.00, 0.000, 0.86, -0.01);
insert into SHOT values (8873, 8879, 8890, 3102, 1.140, 142.15, 68.10, 1.140, 142.15, 68.10, 0.000, 178.86, 0.00);
insert into SHOT values (8874, 8879, 8891, 3102, 14.270, 178.95, 2.70, 14.270, 178.95, 2.70, 0.000, 355.99, 0.01);
insert into SHOT values (8875, 8879, 8892, 3102, 8.550, 30.35, 1.30, 8.550, 30.35, 1.30, 0.000, 212.89, -0.00);
insert into SHOT_FLAG values(8875, 'dpl');
insert into SHOT values (8876, 8892, 8893, 3102, 3.660, 86.55, 2.30, 3.660, 86.55, 2.30, 0.000, 173.11, 0.02);
insert into SHOT_FLAG values(8876, 'dpl');
insert into SHOT values (8877, 8892, 8894, 3102, 4.520, 42.45, 5.90, 4.520, 42.45, 5.90, 0.000, 355.91, 0.02);
insert into SHOT_FLAG values(8877, 'dpl');
insert into SHOT values (8878, 8892, 8895, 3102, 2.270, 3.25, 13.10, 2.270, 3.25, 13.10, 0.000, 185.46, 0.03);
insert into SHOT_FLAG values(8878, 'dpl');
insert into SHOT values (8879, 8892, 8896, 3102, 7.360, 229.85, 7.60, 7.360, 229.85, 7.60, 0.000, 21.40, 0.09);
insert into SHOT_FLAG values(8879, 'dpl');
insert into SHOT values (8880, 8892, 8897, 3102, 1.560, 256.45, 19.00, 1.560, 256.45, 19.00, 0.000, 178.02, -0.00);
insert into SHOT_FLAG values(8880, 'dpl');
insert into SHOT values (8881, 8892, 8898, 3102, 11.510, 162.65, 4.10, 11.510, 162.65, 4.10, 0.000, 356.20, -0.01);
insert into SHOT_FLAG values(8881, 'dpl');
insert into SHOT values (8882, 8892, 8899, 3102, 1.010, 121.65, -44.30, 1.010, 121.65, -44.30, 0.000, 235.27, -0.04);
insert into SHOT_FLAG values(8882, 'dpl');
insert into SHOT values (8883, 8892, 8900, 3102, 1.460, 136.15, 73.80, 1.460, 136.15, 73.80, 0.000, 33.30, 0.02);
insert into SHOT_FLAG values(8883, 'dpl');
insert into SHOT values (8884, 8892, 8901, 3102, 10.210, 99.05, 6.40, 10.210, 99.05, 6.40, 0.000, 62.62, 0.31);
insert into SHOT_FLAG values(8884, 'dpl');
insert into SHOT values (8885, 8901, 8902, 3102, 0.650, 4.45, -3.20, 0.650, 4.45, -3.20, 0.000, 9.96, -0.01);
insert into SHOT_FLAG values(8885, 'dpl');
insert into SHOT values (8886, 8901, 8903, 3102, 2.230, 321.95, -14.10, 2.230, 321.95, -14.10, 0.000, 0.18, -0.01);
insert into SHOT_FLAG values(8886, 'dpl');
insert into SHOT values (8887, 8901, 8904, 3102, 3.830, 304.25, -0.20, 3.830, 304.25, -0.20, 0.000, 314.57, 0.01);
insert into SHOT_FLAG values(8887, 'dpl');
insert into SHOT values (8888, 8901, 8905, 3102, 11.470, 275.25, -1.80, 11.470, 275.25, -1.80, 0.000, 169.55, 0.03);
insert into SHOT_FLAG values(8888, 'dpl');
insert into SHOT values (8889, 8901, 8906, 3102, 0.570, 37.25, -1.00, 0.570, 37.25, -1.00, 0.000, 181.37, -0.01);
insert into SHOT_FLAG values(8889, 'dpl');
insert into SHOT values (8890, 8901, 8907, 3102, 1.780, 66.45, 2.30, 1.780, 66.45, 2.30, 0.000, 353.46, 0.04);
insert into SHOT_FLAG values(8890, 'dpl');
insert into SHOT values (8891, 8901, 8908, 3102, 1.550, 65.35, 2.50, 1.550, 65.35, 2.50, 0.000, 355.78, 0.01);
insert into SHOT_FLAG values(8891, 'dpl');
insert into SHOT values (8892, 8901, 8909, 3102, 0.990, 82.75, -2.10, 0.990, 82.75, -2.10, 0.000, 8.62, -0.00);
insert into SHOT_FLAG values(8892, 'dpl');
insert into SHOT values (8893, 8901, 8910, 3102, 0.750, 216.25, 10.60, 0.750, 216.25, 10.60, 0.000, 204.85, 0.06);
insert into SHOT_FLAG values(8893, 'dpl');
insert into SHOT values (8894, 8901, 8911, 3102, 0.880, 211.05, -28.90, 0.880, 211.05, -28.90, 0.000, 7.05, -0.01);
insert into SHOT_FLAG values(8894, 'dpl');
insert into SHOT values (8895, 8901, 8912, 3102, 1.900, 78.45, 67.80, 1.900, 78.45, 67.80, 0.000, 182.06, -0.01);
insert into SHOT_FLAG values(8895, 'dpl');
insert into SHOT values (8896, 8631, 8913, 3102, 21.680, 24.35, -16.00, 21.680, 24.35, -16.00, 0.000, 3.61, 0.01);
insert into SHOT values (8897, 8913, 8914, 3102, 5.970, 96.85, -1.40, 5.970, 96.85, -1.40, 0.000, 40.74, 0.10);
insert into SHOT values (8898, 8913, 8915, 3102, 6.360, 150.45, 2.30, 6.360, 150.45, 2.30, 0.000, 6.60, -0.02);
insert into SHOT values (8899, 8913, 8916, 3102, 11.280, 172.55, 3.20, 11.280, 172.55, 3.20, 0.000, 359.58, -0.04);
insert into SHOT values (8900, 8913, 8917, 3102, 14.760, 195.05, 8.40, 14.760, 195.05, 8.40, 0.000, 174.09, -0.02);
insert into SHOT values (8901, 8913, 8918, 3102, 20.430, 173.75, 21.70, 20.430, 173.75, 21.70, 0.000, 36.14, 0.03);
insert into SHOT values (8902, 8913, 8919, 3102, 9.880, 37.05, 4.10, 9.880, 37.05, 4.10, 0.000, 194.44, -0.03);
insert into SHOT values (8903, 8913, 8920, 3102, 10.290, 17.15, 6.10, 10.290, 17.15, 6.10, 0.000, 173.01, -0.02);
insert into SHOT values (8904, 8913, 8921, 3102, 11.040, 345.85, 2.60, 11.040, 345.85, 2.60, 0.000, 167.57, 0.02);
insert into SHOT values (8905, 8913, 8922, 3102, 9.910, 319.15, 10.10, 9.910, 319.15, 10.10, 0.000, 349.96, -0.02);
insert into SHOT values (8906, 8913, 8923, 3102, 0.460, 32.15, -60.90, 0.460, 32.15, -60.90, 0.000, 173.98, 0.00);
insert into SHOT values (8907, 8913, 8924, 3102, 10.560, 41.35, 71.60, 10.560, 41.35, 71.60, 0.000, 347.05, 0.06);
insert into SHOT values (8908, 8913, 8925, 3102, 10.760, 65.25, 1.80, 10.760, 65.25, 1.80, 0.000, 6.61, -0.01);
insert into SHOT values (8909, 8925, 8926, 3102, 3.870, 55.85, 10.50, 3.870, 55.85, 10.50, 0.000, 162.27, -0.02);
insert into SHOT values (8910, 8925, 8927, 3102, 14.280, 78.45, 13.70, 14.280, 78.45, 13.70, 0.000, 353.15, 0.01);
insert into SHOT values (8911, 8925, 8928, 3102, 14.090, 140.85, 4.50, 14.090, 140.85, 4.50, 0.000, 346.82, 0.02);
insert into SHOT values (8912, 8925, 8929, 3102, 11.080, 156.05, 2.50, 11.080, 156.05, 2.50, 0.000, 180.85, -0.01);
insert into SHOT values (8913, 8925, 8930, 3102, 4.140, 316.85, 5.40, 4.140, 316.85, 5.40, 0.000, 17.18, 0.02);
insert into SHOT values (8914, 8925, 8931, 3102, 4.160, 215.95, 5.90, 4.160, 215.95, 5.90, 0.000, 236.50, 0.12);
insert into SHOT values (8915, 8925, 8932, 3102, 0.960, 270.45, -64.50, 0.960, 270.45, -64.50, 0.000, 163.49, -0.02);
insert into SHOT values (8916, 8925, 8933, 3102, 4.520, 335.55, 81.70, 4.520, 335.55, 81.70, 0.000, 214.00, -0.08);
insert into SHOT values (8917, 8925, 8934, 3102, 24.860, 103.65, 2.20, 24.860, 103.65, 2.20, 0.000, 2.84, -0.01);
insert into SHOT values (8918, 8925, 8935, 3102, 26.810, 336.85, 1.80, 26.810, 336.85, 1.80, 0.000, 178.19, 0.00);
insert into SHOT values (8919, 8935, 8936, 3102, 2.400, 218.55, -5.00, 2.400, 218.55, -5.00, 0.000, 176.91, 0.01);
insert into SHOT values (8920, 8935, 8937, 3102, 1.910, 23.95, -3.70, 1.910, 23.95, -3.70, 0.000, 9.19, -0.02);
insert into SHOT values (8921, 8935, 8938, 3102, 6.670, 286.25, -8.50, 6.670, 286.25, -8.50, 0.000, 156.19, 0.01);
insert into SHOT values (8922, 8935, 8939, 3102, 1.290, 213.05, -72.30, 1.290, 213.05, -72.30, 0.000, 184.98, -0.02);
insert into SHOT values (8923, 8935, 8940, 3102, 1.750, 294.05, 57.20, 1.750, 294.05, 57.20, 0.000, 355.07, 0.02);
insert into SCRAPS values (3104, 3098, 'SP-Alex3-1', 1, 49.35702, 0.56755);
 insert into SCRAPS values (3238, 3098, 'SP-Alex3-2', 1, 39.97540, 3.00825);
 insert into MAPS values (3250, 3098, 'MP-Alex3', 'Alex3', 1, 633.020, -18.914);
 insert into MAPITEMS values (3250, 4, 3104);
 insert into MAPITEMS values (3250, 4, 3238);
 insert into SURVEY values (3253, 2485, 'Alex4', 'Alex4.Tush-Yurruck.Koytendag', 'Alex4');
 insert into CENTRELINE values (3254, 3253, NULL, NULL, NULL, 0.00, 0.00, 0.00);
 insert into SURVEY values (3255, 3253, 'Tush-Yurruck_04', 'Tush-Yurruck_04.Alex4.Tush-Yurruck.Koytendag', 'Tush-Yurruck 04');
 insert into CENTRELINE values (3256, 3255, NULL, NULL, NULL, 0.00, 0.00, 0.00);
 insert into CENTRELINE values (3257, 3255, NULL, '2024-04-19', NULL, 354.44, 0.00, 0.00);
 insert into TOPO values (4, 3257);
 insert into TOPO values (1, 3257);
 insert into TOPO values (7, 3257);
 insert into SHOT values (8924, 8941, 8942, 3257, 4.730, 271.65, -24.40, 4.730, 271.65, -24.40, 0.000, 0.02, 0.02);
insert into SHOT values (8925, 8941, 8943, 3257, 14.730, 258.25, 5.40, 14.730, 258.25, 5.40, 0.000, 318.59, 0.04);
insert into SHOT values (8926, 8941, 8944, 3257, 13.070, 259.15, 11.80, 13.070, 259.15, 11.80, 0.000, 194.95, 0.01);
insert into SHOT values (8927, 8941, 8945, 3257, 8.210, 259.95, 35.00, 8.210, 259.95, 35.00, 0.000, 180.07, 0.00);
insert into SHOT values (8928, 8941, 8946, 3257, 6.650, 270.85, 79.20, 6.650, 270.85, 79.20, 0.000, 352.64, -0.00);
insert into SHOT values (8929, 8941, 8947, 3257, 6.590, 268.85, 77.70, 6.590, 268.85, 77.70, 0.000, 177.25, -0.01);
insert into SHOT values (8930, 8941, 8948, 3257, 4.560, 64.65, 76.70, 4.560, 64.65, 76.70, 0.000, 345.14, -0.02);
insert into SHOT values (8931, 8941, 8949, 3257, 6.660, 93.35, 37.60, 6.660, 93.35, 37.60, 0.000, 4.54, 0.08);
insert into SHOT values (8932, 8941, 8950, 3257, 16.230, 83.65, 18.00, 16.230, 83.65, 18.00, 0.000, 332.68, 0.06);
insert into SHOT values (8933, 8941, 8951, 3257, 1.890, 84.35, -27.10, 1.890, 84.35, -27.10, 0.000, 92.57, 0.06);
insert into SHOT values (8934, 8941, 8952, 3257, 14.680, 3.95, 13.50, 14.668, 4.14, 13.33, 0.066, 95.50, -44.75);
insert into SHOT values (8935, 8952, 8953, 3257, 4.210, 284.85, -9.10, 4.210, 284.85, -9.10, 0.000, 174.52, -0.01);
insert into SHOT values (8936, 8952, 8954, 3257, 8.120, 289.75, 8.10, 8.120, 289.75, 8.10, 0.000, 338.93, -0.04);
insert into SHOT values (8937, 8952, 8955, 3257, 7.350, 287.95, 14.10, 7.350, 287.95, 14.10, 0.000, 354.47, 0.01);
insert into SHOT values (8938, 8952, 8956, 3257, 1.970, 290.45, 32.60, 1.970, 290.45, 32.60, 0.000, 352.01, 0.01);
insert into SHOT values (8939, 8952, 8957, 3257, 1.270, 121.75, 47.40, 1.270, 121.75, 47.40, 0.000, 354.10, 0.04);
insert into SHOT values (8940, 8952, 8958, 3257, 15.240, 104.95, 6.40, 15.240, 104.95, 6.40, 0.000, 199.19, -0.03);
insert into SHOT values (8941, 8952, 8959, 3257, 7.470, 103.15, -10.20, 7.470, 103.15, -10.20, 0.000, 4.22, -0.01);
insert into SHOT values (8942, 8952, 8960, 3257, 1.890, 103.35, -64.00, 1.890, 103.35, -64.00, 0.000, 192.75, 0.02);
insert into SHOT values (8943, 8952, 8961, 3257, 16.780, 348.65, -0.90, 16.766, 348.85, -1.11, 0.087, 93.83, -46.21);
insert into SHOT values (8944, 8961, 8962, 3257, 3.090, 267.95, -36.70, 3.090, 267.95, -36.70, 0.000, 7.48, -0.00);
insert into SHOT values (8945, 8961, 8963, 3257, 6.750, 258.25, -3.90, 6.750, 258.25, -3.90, 0.000, 25.31, 0.03);
insert into SHOT values (8946, 8961, 8964, 3257, 9.510, 257.45, 7.50, 9.510, 257.45, 7.50, 0.000, 0.89, 0.01);
insert into SHOT values (8947, 8961, 8965, 3257, 9.060, 261.35, 14.20, 9.060, 261.35, 14.20, 0.000, 24.46, -0.04);
insert into SHOT values (8948, 8961, 8966, 3257, 4.720, 260.15, 18.20, 4.720, 260.15, 18.20, 0.000, 175.44, 0.00);
insert into SHOT values (8949, 8961, 8967, 3257, 2.100, 270.05, 62.00, 2.100, 270.05, 62.00, 0.000, 5.06, 0.01);
insert into SHOT values (8950, 8961, 8968, 3257, 2.950, 33.95, 71.50, 2.950, 33.95, 71.50, 0.000, 208.26, -0.05);
insert into SHOT values (8951, 8961, 8969, 3257, 6.110, 109.55, 84.50, 6.110, 109.55, 84.50, 0.000, 354.79, -0.01);
insert into SHOT values (8952, 8961, 8970, 3257, 7.080, 105.05, 66.10, 7.080, 105.05, 66.10, 0.000, 346.82, -0.02);
insert into SHOT values (8953, 8961, 8971, 3257, 7.020, 112.15, 66.50, 7.020, 112.15, 66.50, 0.000, 182.91, 0.01);
insert into SHOT values (8954, 8961, 8972, 3257, 4.680, 99.45, 52.90, 4.680, 99.45, 52.90, 0.000, 355.69, -0.02);
insert into SHOT values (8955, 8961, 8973, 3257, 12.480, 83.35, 21.60, 12.480, 83.35, 21.60, 0.000, 356.54, 0.01);
insert into SHOT values (8956, 8961, 8974, 3257, 11.250, 81.15, 17.20, 11.250, 81.15, 17.20, 0.000, 148.44, 0.03);
insert into SHOT values (8957, 8961, 8975, 3257, 2.900, 75.35, -12.80, 2.900, 75.35, -12.80, 0.000, 197.53, -0.03);
insert into SHOT values (8958, 8961, 8976, 3257, 1.790, 68.65, -52.30, 1.790, 68.65, -52.30, 0.000, 219.29, 0.08);
insert into SHOT values (8959, 8961, 8977, 3257, 25.460, 328.95, 1.00, 25.391, 329.13, 0.68, 0.176, 98.45, -53.07);
insert into SHOT values (8960, 8977, 8978, 3257, 2.810, 258.05, -46.10, 2.810, 258.05, -46.10, 0.000, 191.37, -0.03);
insert into SHOT values (8961, 8977, 8979, 3257, 5.940, 243.95, -16.40, 5.940, 243.95, -16.40, 0.000, 270.00, 0.09);
insert into SHOT values (8962, 8977, 8980, 3257, 10.380, 243.35, 7.50, 10.380, 243.35, 7.50, 0.000, 183.50, 0.03);
insert into SHOT values (8963, 8977, 8981, 3257, 3.170, 249.15, 31.90, 3.170, 249.15, 31.90, 0.000, 181.94, 0.02);
insert into SHOT values (8964, 8977, 8982, 3257, 1.750, 34.45, 78.50, 1.750, 34.45, 78.50, 0.000, 2.62, 0.00);
insert into SHOT values (8965, 8977, 8983, 3257, 9.830, 42.65, 22.20, 9.830, 42.65, 22.20, 0.000, 200.96, -0.04);
insert into SHOT values (8966, 8977, 8984, 3257, 10.990, 43.65, 22.90, 10.990, 43.65, 22.90, 0.000, 180.47, -0.01);
insert into SHOT values (8967, 8977, 8985, 3257, 2.400, 40.75, -33.90, 2.400, 40.75, -33.90, 0.000, 172.38, -0.02);
insert into SHOT values (8968, 8977, 8986, 3257, 1.640, 59.35, -86.30, 1.640, 59.35, -86.30, 0.000, 192.92, -0.06);
insert into SHOT values (8969, 8977, 8987, 3257, 24.620, 324.85, -1.50, 24.558, 325.00, -1.81, 0.161, 100.99, -55.10);
insert into SHOT values (8970, 8987, 8988, 3257, 4.600, 245.05, -26.60, 4.600, 245.05, -26.60, 0.000, 352.53, -0.02);
insert into SHOT values (8971, 8987, 8989, 3257, 5.550, 244.35, -1.90, 5.550, 244.35, -1.90, 0.000, 351.08, 0.01);
insert into SHOT values (8972, 8987, 8990, 3257, 4.740, 245.15, 14.40, 4.740, 245.15, 14.40, 0.000, 152.10, -0.07);
insert into SHOT values (8973, 8987, 8991, 3257, 8.940, 245.15, 28.70, 8.940, 245.15, 28.70, 0.000, 335.68, 0.03);
insert into SHOT values (8974, 8987, 8992, 3257, 7.290, 262.25, 51.80, 7.290, 262.25, 51.80, 0.000, 0.23, 0.06);
insert into SHOT values (8975, 8987, 8993, 3257, 5.400, 346.05, 81.60, 5.400, 346.05, 81.60, 0.000, 179.39, 0.02);
insert into SHOT values (8976, 8987, 8994, 3257, 9.280, 45.65, 27.70, 9.280, 45.65, 27.70, 0.000, 7.10, 0.02);
insert into SHOT values (8977, 8987, 8995, 3257, 8.670, 43.95, 23.80, 8.670, 43.95, 23.80, 0.000, 0.92, -0.02);
insert into SHOT values (8978, 8987, 8996, 3257, 2.680, 42.35, 1.60, 2.680, 42.35, 1.60, 0.000, 218.45, 0.13);
insert into SHOT values (8979, 8987, 8997, 3257, 3.440, 45.95, -18.20, 3.440, 45.95, -18.20, 0.000, 178.11, -0.02);
insert into SHOT values (8980, 8987, 8998, 3257, 1.000, 39.15, -69.40, 1.000, 39.15, -69.40, 0.000, 11.21, -0.01);
insert into SHOT values (8981, 8987, 8999, 3257, 33.000, 343.85, 5.00, 33.000, 343.85, 5.00, 0.000, 6.23, -0.00);
insert into SHOT values (8982, 8987, 9000, 3257, 27.400, 343.75, 5.10, 27.337, 344.04, 4.77, 0.220, 93.10, -47.34);
insert into SHOT values (8983, 9000, 9001, 3257, 1.030, 248.35, -38.80, 1.030, 248.35, -38.80, 0.000, 178.61, -0.01);
insert into SHOT values (8984, 9000, 9002, 3257, 2.670, 249.35, -10.10, 2.670, 249.35, -10.10, 0.000, 355.28, -0.01);
insert into SHOT values (8985, 9000, 9003, 3257, 2.550, 248.35, 6.90, 2.550, 248.35, 6.90, 0.000, 201.87, -0.01);
insert into SHOT values (8986, 9000, 9004, 3257, 5.690, 247.95, 29.90, 5.690, 247.95, 29.90, 0.000, 358.30, 0.00);
insert into SHOT values (8987, 9000, 9005, 3257, 3.970, 246.85, 51.10, 3.970, 246.85, 51.10, 0.000, 172.42, 0.01);
insert into SHOT values (8988, 9000, 9006, 3257, 4.670, 250.15, 63.10, 4.670, 250.15, 63.10, 0.000, 185.19, 0.02);
insert into SHOT values (8989, 9000, 9007, 3257, 4.190, 99.65, 82.80, 4.190, 99.65, 82.80, 0.000, 9.08, 0.01);
insert into SHOT values (8990, 9000, 9008, 3257, 5.620, 104.25, 39.00, 5.620, 104.25, 39.00, 0.000, 167.60, -0.02);
insert into SHOT values (8991, 9000, 9009, 3257, 7.500, 108.55, 20.70, 7.500, 108.55, 20.70, 0.000, 3.15, 0.00);
insert into SHOT values (8992, 9000, 9010, 3257, 4.050, 105.95, 4.00, 4.050, 105.95, 4.00, 0.000, 354.46, 0.01);
insert into SHOT values (8993, 9000, 9011, 3257, 4.290, 104.15, -13.80, 4.290, 104.15, -13.80, 0.000, 176.68, -0.01);
insert into SHOT values (8994, 9000, 9012, 3257, 0.880, 102.25, -63.60, 0.880, 102.25, -63.60, 0.000, 178.28, 0.02);
insert into SHOT values (8995, 9000, 9013, 3257, 16.590, 52.95, -0.20, 16.604, 53.05, -0.41, 0.069, 118.04, -62.71);
insert into SHOT values (8996, 9013, 9014, 3257, 4.070, 308.25, -23.90, 4.070, 308.25, -23.90, 0.000, 179.22, 0.01);
insert into SHOT values (8997, 9013, 9015, 3257, 2.830, 305.25, -10.10, 2.830, 305.25, -10.10, 0.000, 356.55, -0.03);
insert into SHOT values (8998, 9013, 9016, 3257, 6.030, 303.45, 17.70, 6.030, 303.45, 17.70, 0.000, 5.64, -0.01);
insert into SHOT values (8999, 9013, 9017, 3257, 6.570, 302.25, 30.80, 6.570, 302.25, 30.80, 0.000, 352.45, 0.04);
insert into SHOT values (9000, 9013, 9018, 3257, 2.960, 315.55, 87.80, 2.960, 315.55, 87.80, 0.000, 171.63, -0.02);
insert into SHOT values (9001, 9013, 9019, 3257, 3.000, 128.95, 61.80, 3.000, 128.95, 61.80, 0.000, 9.24, -0.01);
insert into SHOT values (9002, 9013, 9020, 3257, 7.760, 128.85, 14.70, 7.760, 128.85, 14.70, 0.000, 318.30, 0.01);
insert into SHOT values (9003, 9013, 9021, 3257, 5.710, 158.25, 19.50, 5.710, 158.25, 19.50, 0.000, 157.26, -0.06);
insert into SHOT values (9004, 9013, 9022, 3257, 12.910, 108.45, 12.60, 12.910, 108.45, 12.60, 0.000, 184.71, -0.01);
insert into SHOT values (9005, 9013, 9023, 3257, 9.630, 100.45, 27.90, 9.630, 100.45, 27.90, 0.000, 186.09, -0.00);
insert into SHOT values (9006, 9013, 9024, 3257, 7.900, 81.05, 20.00, 7.900, 81.05, 20.00, 0.000, 358.52, 0.00);
insert into SHOT values (9007, 9013, 9025, 3257, 6.700, 87.95, 4.10, 6.700, 87.95, 4.10, 0.000, 174.44, 0.00);
insert into SHOT values (9008, 9013, 9026, 3257, 3.900, 112.05, -10.10, 3.900, 112.05, -10.10, 0.000, 349.27, 0.02);
insert into SHOT values (9009, 9013, 9027, 3257, 1.000, 73.45, -76.80, 1.000, 73.45, -76.80, 0.000, 155.62, -0.04);
insert into SHOT values (9010, 9013, 9028, 3257, 24.250, 115.95, 6.40, 24.250, 115.95, 6.40, 0.000, 181.62, -0.01);
insert into SHOT values (9011, 9028, 9029, 3257, 1.400, 32.15, -41.70, 1.400, 32.15, -41.70, 0.000, 183.97, -0.01);
insert into SHOT values (9012, 9028, 9030, 3257, 1.590, 211.65, -48.40, 1.590, 211.65, -48.40, 0.000, 175.58, -0.09);
insert into SHOT values (9013, 9028, 9031, 3257, 0.960, 75.15, -79.20, 0.960, 75.15, -79.20, 0.000, 356.04, -0.00);
insert into SHOT values (9014, 9028, 9032, 3257, 3.090, 343.15, 84.50, 3.090, 343.15, 84.50, 0.000, 1.58, 0.01);
insert into SHOT values (9015, 9013, 9033, 3257, 9.720, 6.15, 6.40, 9.717, 6.28, 6.27, 0.032, 98.85, -45.12);
insert into SHOT values (9016, 9033, 9034, 3257, 3.050, 241.45, -44.50, 3.050, 241.45, -44.50, 0.000, 173.12, 0.01);
insert into SHOT values (9017, 9033, 9035, 3257, 4.550, 241.75, -4.50, 4.550, 241.75, -4.50, 0.000, 0.45, 0.00);
insert into SHOT values (9018, 9033, 9036, 3257, 7.220, 242.95, 17.20, 7.220, 242.95, 17.20, 0.000, 3.17, 0.01);
insert into SHOT values (9019, 9033, 9037, 3257, 2.330, 255.15, 56.30, 2.330, 255.15, 56.30, 0.000, 9.10, -0.00);
insert into SHOT values (9020, 9033, 9038, 3257, 2.870, 62.65, 82.30, 2.870, 62.65, 82.30, 0.000, 188.60, -0.01);
insert into SHOT values (9021, 9033, 9039, 3257, 5.520, 53.85, 45.50, 5.520, 53.85, 45.50, 0.000, 176.76, 0.00);
insert into SHOT values (9022, 9033, 9040, 3257, 6.890, 57.15, 23.40, 6.890, 57.15, 23.40, 0.000, 186.85, 0.00);
insert into SHOT values (9023, 9033, 9041, 3257, 4.050, 54.05, 3.00, 4.050, 54.05, 3.00, 0.000, 182.56, 0.03);
insert into SHOT values (9024, 9033, 9042, 3257, 2.990, 57.05, -11.90, 2.990, 57.05, -11.90, 0.000, 169.77, -0.01);
insert into SHOT values (9025, 9033, 9043, 3257, 2.090, 84.45, -77.10, 2.090, 84.45, -77.10, 0.000, 356.03, 0.00);
insert into SHOT values (9026, 9033, 9044, 3257, 18.820, 301.55, -5.10, 18.792, 301.54, -5.34, 0.085, 126.19, -65.61);
insert into SHOT values (9027, 9044, 9045, 3257, 2.020, 210.95, -21.80, 2.020, 210.95, -21.80, 0.000, 173.63, -0.00);
insert into SHOT values (9028, 9044, 9046, 3257, 1.630, 213.95, 7.40, 1.630, 213.95, 7.40, 0.000, 9.80, 0.03);
insert into SHOT values (9029, 9044, 9047, 3257, 5.230, 214.85, 31.80, 5.230, 214.85, 31.80, 0.000, 327.40, -0.14);
insert into SHOT values (9030, 9044, 9048, 3257, 4.940, 217.05, 49.20, 4.940, 217.05, 49.20, 0.000, 179.53, -0.00);
insert into SHOT values (9031, 9044, 9049, 3257, 6.860, 134.45, 89.30, 6.860, 134.45, 89.30, 0.000, 187.11, 0.02);
insert into SHOT values (9032, 9044, 9050, 3257, 5.720, 337.85, 67.40, 5.720, 337.85, 67.40, 0.000, 1.84, 0.01);
insert into SHOT values (9033, 9044, 9051, 3257, 14.440, 357.05, 62.90, 14.440, 357.05, 62.90, 0.000, 179.87, 0.00);
insert into SHOT values (9034, 9044, 9052, 3257, 8.740, 39.95, 28.50, 8.740, 39.95, 28.50, 0.000, 305.53, -0.12);
insert into SHOT values (9035, 9044, 9053, 3257, 11.680, 47.15, -0.90, 11.680, 47.15, -0.90, 0.000, 354.01, 0.00);
insert into SHOT values (9036, 9044, 9054, 3257, 4.080, 44.55, -12.50, 4.080, 44.55, -12.50, 0.000, 335.52, -0.04);
insert into SHOT values (9037, 9044, 9055, 3257, 0.640, 24.85, -70.00, 0.640, 24.85, -70.00, 0.000, 5.94, -0.01);
insert into SHOT values (9038, 9044, 9056, 3257, 22.040, 27.95, -7.30, 22.040, 27.95, -7.30, 0.000, 11.61, 0.00);
insert into SHOT values (9039, 9056, 9057, 3257, 1.790, 3.15, -17.80, 1.790, 3.15, -17.80, 0.000, 348.01, -0.02);
insert into SHOT values (9040, 9056, 9058, 3257, 4.710, 357.95, 13.50, 4.710, 357.95, 13.50, 0.000, 6.76, 0.03);
insert into SHOT values (9041, 9056, 9059, 3257, 3.380, 359.85, 38.40, 3.380, 359.85, 38.40, 0.000, 181.18, -0.01);
insert into SHOT values (9042, 9056, 9060, 3257, 2.320, 211.65, 85.30, 2.320, 211.65, 85.30, 0.000, 166.90, -0.01);
insert into SHOT values (9043, 9056, 9061, 3257, 9.830, 133.45, 5.10, 9.830, 133.45, 5.10, 0.000, 7.32, -0.01);
insert into SHOT values (9044, 9056, 9062, 3257, 7.090, 146.55, -8.20, 7.090, 146.55, -8.20, 0.000, 180.22, 0.00);
insert into SHOT values (9045, 9056, 9063, 3257, 1.560, 145.25, -36.60, 1.560, 145.25, -36.60, 0.000, 348.07, -0.00);
insert into SHOT values (9046, 9056, 9064, 3257, 5.620, 85.15, 1.10, 5.620, 85.15, 1.10, 0.000, 176.87, -0.03);
insert into SHOT values (9047, 9064, 9065, 3257, 1.320, 347.65, -29.70, 1.320, 347.65, -29.70, 0.000, 172.58, -0.01);
insert into SHOT values (9048, 9064, 9066, 3257, 8.460, 359.05, 5.90, 8.460, 359.05, 5.90, 0.000, 0.13, 0.01);
insert into SHOT values (9049, 9064, 9067, 3257, 0.940, 18.35, 44.30, 0.940, 18.35, 44.30, 0.000, 204.80, -0.03);
insert into SHOT values (9050, 9064, 9068, 3257, 1.770, 157.85, 51.30, 1.770, 157.85, 51.30, 0.000, 19.50, 0.05);
insert into SHOT values (9051, 9064, 9069, 3257, 5.780, 155.55, 11.80, 5.780, 155.55, 11.80, 0.000, 3.01, 0.01);
insert into SHOT values (9052, 9064, 9070, 3257, 4.830, 155.05, -5.40, 4.830, 155.05, -5.40, 0.000, 106.34, -0.15);
insert into SHOT values (9053, 9064, 9071, 3257, 1.610, 159.05, -26.90, 1.610, 159.05, -26.90, 0.000, 1.58, 0.01);
insert into SHOT values (9054, 9064, 9072, 3257, 0.870, 180.25, -82.20, 0.870, 180.25, -82.20, 0.000, 189.94, -0.05);
insert into SHOT values (9055, 9064, 9073, 3257, 5.320, 58.55, -45.10, 5.320, 58.55, -45.10, 0.000, 348.30, -0.01);
insert into SHOT values (9056, 9073, 9074, 3257, 6.770, 339.55, 42.30, 6.770, 339.55, 42.30, 0.000, 176.69, -0.01);
insert into SHOT values (9057, 9073, 9075, 3257, 6.150, 350.25, 40.00, 6.150, 350.25, 40.00, 0.000, 182.76, -0.01);
insert into SHOT values (9058, 9073, 9076, 3257, 8.610, 29.25, 31.60, 8.610, 29.25, 31.60, 0.000, 177.93, 0.01);
insert into SHOT values (9059, 9073, 9077, 3257, 7.380, 60.25, 33.60, 7.380, 60.25, 33.60, 0.000, 185.54, -0.01);
insert into SHOT values (9060, 9073, 9078, 3257, 6.480, 108.85, 38.80, 6.480, 108.85, 38.80, 0.000, 182.98, 0.02);
insert into SHOT values (9061, 9073, 9079, 3257, 5.210, 148.05, 45.10, 5.210, 148.05, 45.10, 0.000, 355.14, -0.02);
insert into SHOT values (9062, 9073, 9080, 3257, 4.680, 118.95, 67.20, 4.680, 118.95, 67.20, 0.000, 184.54, 0.02);
insert into SHOT values (9063, 9073, 9081, 3257, 4.860, 2.35, 67.10, 4.860, 2.35, 67.10, 0.000, 180.09, 0.01);
insert into SHOT values (9064, 9073, 9082, 3257, 2.030, 357.95, 8.60, 2.030, 357.95, 8.60, 0.000, 170.91, 0.02);
insert into SHOT values (9065, 9073, 9083, 3257, 1.970, 189.05, 2.60, 1.970, 189.05, 2.60, 0.000, 353.08, 0.00);
insert into SHOT values (9066, 9073, 9084, 3257, 0.680, 143.95, -83.70, 0.680, 143.95, -83.70, 0.000, 178.71, 0.00);
insert into SHOT values (9067, 9073, 9085, 3257, 8.380, 134.45, -20.30, 8.380, 134.45, -20.30, 0.000, 189.53, -0.00);
insert into SHOT values (9068, 9085, 9086, 3257, 5.640, 47.35, -6.50, 5.640, 47.35, -6.50, 0.000, 168.23, -0.03);
insert into SHOT values (9069, 9085, 9087, 3257, 5.450, 54.95, 18.70, 5.450, 54.95, 18.70, 0.000, 6.78, 0.03);
insert into SHOT values (9070, 9085, 9088, 3257, 1.540, 61.55, 71.00, 1.540, 61.55, 71.00, 0.000, 99.17, 0.18);
insert into SHOT values (9071, 9085, 9089, 3257, 1.190, 124.55, 88.30, 1.190, 124.55, 88.30, 0.000, 9.91, 0.07);
insert into SHOT values (9072, 9085, 9090, 3257, 1.400, 257.05, 30.70, 1.400, 257.05, 30.70, 0.000, 175.99, 0.00);
insert into SHOT values (9073, 9085, 9091, 3257, 4.070, 285.75, 5.70, 4.070, 285.75, 5.70, 0.000, 13.35, -0.00);
insert into SHOT values (9074, 9085, 9092, 3257, 0.680, 261.35, -65.00, 0.680, 261.35, -65.00, 0.000, 178.14, -0.01);
insert into SHOT values (9075, 9085, 9093, 3257, 7.860, 223.45, -9.20, 7.860, 223.45, -9.20, 0.000, 188.46, 0.02);
insert into SHOT values (9076, 9093, 9094, 3257, 1.130, 95.55, -35.30, 1.130, 95.55, -35.30, 0.000, 261.21, 0.11);
insert into SHOT values (9077, 9093, 9095, 3257, 1.800, 88.15, -1.00, 1.800, 88.15, -1.00, 0.000, 170.31, -0.01);
insert into SHOT values (9078, 9093, 9096, 3257, 1.410, 78.45, 40.20, 1.410, 78.45, 40.20, 0.000, 6.90, -0.00);
insert into SHOT values (9079, 9093, 9097, 3257, 0.710, 237.85, 73.20, 0.710, 237.85, 73.20, 0.000, 178.68, -0.02);
insert into SHOT values (9080, 9093, 9098, 3257, 0.460, 250.15, 9.40, 0.460, 250.15, 9.40, 0.000, 181.38, 0.01);
insert into SHOT values (9081, 9093, 9099, 3257, 0.310, 215.55, -42.60, 0.310, 215.55, -42.60, 0.000, 178.66, 0.00);
insert into SHOT values (9082, 9093, 9100, 3257, 5.920, 143.45, -3.10, 5.920, 143.45, -3.10, 0.000, 358.35, 0.01);
insert into SHOT values (9083, 9100, 9101, 3257, 8.500, 213.55, -0.30, 8.500, 213.55, -0.30, 0.000, 355.24, -0.06);
insert into SHOT values (9084, 9100, 9102, 3257, 0.880, 124.75, 15.50, 0.880, 124.75, 15.50, 0.000, 180.22, 0.02);
insert into SHOT values (9085, 9100, 9103, 3257, 1.220, 240.55, 72.20, 1.220, 240.55, 72.20, 0.000, 199.86, 0.02);
insert into SHOT values (9086, 9100, 9104, 3257, 1.950, 262.95, -3.60, 1.950, 262.95, -3.60, 0.000, 171.10, -0.02);
insert into SHOT values (9087, 9100, 9105, 3257, 1.740, 265.55, 15.30, 1.740, 265.55, 15.30, 0.000, 7.92, 0.02);
insert into SHOT values (9088, 9100, 9106, 3257, 1.280, 267.55, 52.20, 1.280, 267.55, 52.20, 0.000, 7.53, -0.01);
insert into SHOT values (9089, 9101, 9107, 3257, 1.620, 146.25, 5.70, 1.620, 146.25, 5.70, 0.000, 355.17, 0.02);
insert into SHOT values (9090, 9101, 9108, 3257, 2.120, 288.65, 0.60, 2.120, 288.65, 0.60, 0.000, 152.87, -0.05);
insert into SHOT values (9091, 9101, 9109, 3257, 0.950, 219.15, 80.40, 0.950, 219.15, 80.40, 0.000, 252.82, 0.16);
insert into SHOT values (9092, 9101, 9110, 3257, 0.420, 252.05, -66.40, 0.420, 252.05, -66.40, 0.000, 8.49, -0.01);
insert into SHOT values (9093, 9101, 9111, 3257, 17.130, 135.95, -5.90, 17.130, 135.95, -5.90, 0.000, 353.37, 0.01);
insert into SHOT values (9094, 9085, 9112, 3257, 17.330, 135.05, -5.90, 17.330, 135.05, -5.90, 0.000, 349.38, 0.00);
insert into SHOT values (9095, 9112, 9113, 3257, 1.800, 77.85, -12.10, 1.800, 77.85, -12.10, 0.000, 186.15, 0.02);
insert into SHOT values (9096, 9112, 9114, 3257, 2.210, 248.55, 12.30, 2.210, 248.55, 12.30, 0.000, 10.07, 0.01);
insert into SHOT values (9097, 9112, 9115, 3257, 0.690, 218.45, -81.00, 0.690, 218.45, -81.00, 0.000, 5.03, 0.01);
insert into SHOT values (9098, 9112, 9116, 3257, 0.930, 155.25, 85.90, 0.930, 155.25, 85.90, 0.000, 359.51, -0.01);
insert into SHOT values (9099, 9044, 9117, 3257, 17.760, 281.25, 15.00, 17.712, 281.71, 14.42, 0.232, 11.86, -53.66);
insert into SHOT values (9100, 9117, 9118, 3257, 2.320, 215.05, 46.30, 2.320, 215.05, 46.30, 0.000, 354.19, -0.01);
insert into SHOT values (9101, 9117, 9119, 3257, 1.550, 304.25, 84.60, 1.550, 304.25, 84.60, 0.000, 195.59, -0.11);
insert into SHOT values (9102, 9117, 9120, 3257, 4.040, 4.55, 80.50, 4.040, 4.55, 80.50, 0.000, 172.08, 0.00);
insert into SHOT values (9103, 9117, 9121, 3257, 4.980, 4.75, 63.00, 4.980, 4.75, 63.00, 0.000, 356.79, -0.03);
insert into SHOT values (9104, 9117, 9122, 3257, 6.600, 21.15, 31.50, 6.600, 21.15, 31.50, 0.000, 4.83, 0.00);
insert into SHOT values (9105, 9117, 9123, 3257, 3.060, 17.95, 2.20, 3.060, 17.95, 2.20, 0.000, 179.66, 0.01);
insert into SHOT values (9106, 9117, 9124, 3257, 3.480, 18.95, -14.60, 3.480, 18.95, -14.60, 0.000, 182.90, 0.02);
insert into SHOT values (9107, 9117, 9125, 3257, 1.650, 329.25, -76.10, 1.650, 329.25, -76.10, 0.000, 13.92, 0.01);
insert into SHOT values (9108, 9117, 9126, 3257, 15.800, 307.95, -5.50, 15.829, 308.27, -6.06, 0.182, 29.42, -60.14);
insert into SHOT values (9109, 9126, 9127, 3257, 1.370, 251.55, -58.30, 1.370, 251.55, -58.30, 0.000, 355.09, 0.00);
insert into SHOT values (9110, 9126, 9128, 3257, 2.740, 237.65, -40.80, 2.740, 237.65, -40.80, 0.000, 17.16, -0.04);
insert into SHOT values (9111, 9126, 9129, 3257, 5.880, 230.85, 79.60, 5.880, 230.85, 79.60, 0.000, 187.81, -0.01);
insert into SHOT values (9112, 9126, 9130, 3257, 6.350, 85.25, 61.60, 6.350, 85.25, 61.60, 0.000, 176.92, -0.01);
insert into SHOT values (9113, 9126, 9131, 3257, 6.150, 80.35, 47.90, 6.150, 80.35, 47.90, 0.000, 2.03, -0.01);
insert into SHOT values (9114, 9126, 9132, 3257, 2.000, 73.45, 20.80, 2.000, 73.45, 20.80, 0.000, 357.33, -0.03);
insert into SHOT values (9115, 9126, 9133, 3257, 1.640, 66.55, -4.70, 1.640, 66.55, -4.70, 0.000, 191.32, -0.01);
insert into SHOT values (9116, 9126, 9134, 3257, 1.100, 60.45, -74.00, 1.100, 60.45, -74.00, 0.000, 356.45, -0.01);
insert into SHOT values (9117, 9126, 9135, 3257, 5.260, 27.15, 25.40, 5.270, 27.19, 25.06, 0.033, 35.09, -46.40);
insert into SHOT values (9118, 9135, 9136, 3257, 1.110, 312.65, 2.50, 1.110, 312.65, 2.50, 0.000, 194.66, -0.03);
insert into SHOT values (9119, 9135, 9137, 3257, 3.210, 311.75, 28.10, 3.210, 311.75, 28.10, 0.000, 352.25, -0.08);
insert into SHOT values (9120, 9135, 9138, 3257, 2.280, 305.65, 66.40, 2.280, 305.65, 66.40, 0.000, 357.74, 0.01);
insert into SHOT values (9121, 9135, 9139, 3257, 1.880, 121.75, 68.40, 1.880, 121.75, 68.40, 0.000, 172.31, -0.02);
insert into SHOT values (9122, 9135, 9140, 3257, 4.340, 132.85, 26.40, 4.340, 132.85, 26.40, 0.000, 176.60, -0.01);
insert into SHOT values (9123, 9135, 9141, 3257, 1.570, 130.65, -4.70, 1.570, 130.65, -4.70, 0.000, 345.61, 0.00);
insert into SHOT values (9124, 9135, 9142, 3257, 0.550, 130.95, -37.80, 0.550, 130.95, -37.80, 0.000, 350.33, 0.03);
insert into SHOT values (9125, 9135, 9143, 3257, 7.820, 45.45, 14.40, 7.841, 45.42, 14.04, 0.054, 38.26, -52.42);
insert into SHOT values (9126, 9143, 9144, 3257, 2.160, 270.95, -5.20, 2.160, 270.95, -5.20, 0.000, 352.43, -0.01);
insert into SHOT values (9127, 9143, 9145, 3257, 4.630, 267.75, 16.70, 4.630, 267.75, 16.70, 0.000, 5.51, 0.01);
insert into SHOT values (9128, 9143, 9146, 3257, 3.700, 263.95, 46.00, 3.700, 263.95, 46.00, 0.000, 163.04, 0.04);
insert into SHOT values (9129, 9143, 9147, 3257, 2.740, 297.05, 89.60, 2.740, 297.05, 89.60, 0.000, 6.67, 0.02);
insert into SHOT values (9130, 9143, 9148, 3257, 3.160, 63.65, 63.00, 3.160, 63.65, 63.00, 0.000, 168.25, -0.01);
insert into SHOT values (9131, 9143, 9149, 3257, 4.460, 63.85, 39.10, 4.460, 63.85, 39.10, 0.000, 354.15, 0.00);
insert into SHOT values (9132, 9143, 9150, 3257, 4.760, 62.75, 20.20, 4.760, 62.75, 20.20, 0.000, 347.49, 0.01);
insert into SHOT values (9133, 9143, 9151, 3257, 0.650, 64.05, -35.50, 0.650, 64.05, -35.50, 0.000, 38.21, -0.02);
insert into SHOT values (9134, 9143, 9152, 3257, 14.320, 142.25, -0.70, 14.317, 141.96, -1.23, 0.150, 47.96, -61.59);
insert into SHOT values (9135, 9152, 9153, 3257, 1.660, 40.25, -57.20, 1.660, 40.25, -57.20, 0.000, 148.63, -0.09);
insert into SHOT values (9136, 9152, 9154, 3257, 1.240, 36.25, 7.40, 1.240, 36.25, 7.40, 0.000, 354.38, -0.02);
insert into SHOT values (9137, 9152, 9155, 3257, 3.930, 27.65, 37.60, 3.930, 27.65, 37.60, 0.000, 185.87, 0.01);
insert into SHOT values (9138, 9152, 9156, 3257, 5.440, 47.85, 68.00, 5.440, 47.85, 68.00, 0.000, 73.76, -0.48);
insert into SHOT values (9139, 9152, 9157, 3257, 6.930, 95.25, 79.40, 6.930, 95.25, 79.40, 0.000, 17.26, -0.08);
insert into SHOT values (9140, 9152, 9158, 3257, 3.020, 193.95, 48.90, 3.020, 193.95, 48.90, 0.000, 180.94, 0.01);
insert into SHOT values (9141, 9152, 9159, 3257, 1.650, 182.95, -78.90, 1.650, 182.95, -78.90, 0.000, 10.48, 0.00);
insert into SHOT values (9142, 9152, 9160, 3257, 0.250, 198.95, -45.30, 0.250, 198.95, -45.30, 0.000, 195.79, -0.01);
insert into SHOT values (9143, 9152, 9161, 3257, 5.010, 106.45, -12.50, 5.025, 106.22, -12.72, 0.031, 43.52, -45.33);
insert into SHOT values (9144, 9161, 9162, 3257, 0.370, 34.85, 0.30, 0.370, 34.85, 0.30, 0.000, 170.75, -0.01);
insert into SHOT values (9145, 9161, 9163, 3257, 1.230, 43.65, 57.60, 1.230, 43.65, 57.60, 0.000, 182.16, -0.01);
insert into SHOT values (9146, 9161, 9164, 3257, 4.690, 42.35, 64.80, 4.690, 42.35, 64.80, 0.000, 185.77, 0.03);
insert into SHOT values (9147, 9161, 9165, 3257, 7.370, 299.05, 89.10, 7.370, 299.05, 89.10, 0.000, 167.39, -0.03);
insert into SHOT values (9148, 9161, 9166, 3257, 5.260, 221.05, 61.00, 5.260, 221.05, 61.00, 0.000, 3.20, -0.02);
insert into SHOT values (9149, 9161, 9167, 3257, 4.650, 204.95, 45.00, 4.650, 204.95, 45.00, 0.000, 179.47, 0.00);
insert into SHOT values (9150, 9161, 9168, 3257, 1.500, 203.55, 31.70, 1.500, 203.55, 31.70, 0.000, 192.40, -0.03);
insert into SHOT values (9151, 9161, 9169, 3257, 2.470, 219.35, -47.70, 2.470, 219.35, -47.70, 0.000, 184.05, 0.00);
insert into SHOT values (9152, 9161, 9170, 3257, 1.380, 150.15, -84.10, 1.380, 150.15, -84.10, 0.000, 353.25, -0.01);
insert into SHOT values (9153, 9161, 9171, 3257, 5.480, 334.15, 39.30, 5.480, 334.15, 39.30, 0.000, 2.69, -0.01);
insert into SHOT values (9154, 9161, 9172, 3257, 8.740, 104.85, 29.80, 8.740, 104.85, 29.80, 0.000, 355.96, 0.01);
insert into SHOT values (9155, 9161, 9173, 3257, 7.520, 146.85, 20.10, 7.520, 146.85, 20.10, 0.000, 161.75, -0.03);
insert into SHOT values (9156, 9161, 9044, 3257, 14.030, 142.05, -22.40, 14.064, 141.72, -22.84, 0.135, 44.35, -56.30);
insert into SHOT values (9157, 9143, 9174, 3257, 5.440, 343.65, 7.70, 5.433, 343.73, 7.62, 0.013, 110.87, -43.40);
insert into SHOT values (9158, 9174, 9175, 3257, 8.430, 308.75, 3.00, 8.430, 308.75, 3.00, 0.000, 30.94, -0.05);
insert into SHOT values (9159, 9174, 9176, 3257, 4.320, 343.65, 10.30, 4.320, 343.65, 10.30, 0.000, 187.16, 0.00);
insert into SHOT values (9160, 9174, 9177, 3257, 2.140, 35.85, 25.00, 2.140, 35.85, 25.00, 0.000, 176.65, 0.01);
insert into SHOT values (9161, 9174, 9178, 3257, 4.720, 100.95, 16.00, 4.720, 100.95, 16.00, 0.000, 175.46, 0.01);
insert into SHOT values (9162, 9174, 9179, 3257, 7.530, 249.25, 3.70, 7.530, 249.25, 3.70, 0.000, 157.75, -0.01);
insert into SHOT values (9163, 9174, 9180, 3257, 6.060, 209.85, 7.10, 6.060, 209.85, 7.10, 0.000, 28.78, -0.05);
insert into SHOT values (9164, 9174, 9181, 3257, 6.030, 202.85, 4.30, 6.030, 202.85, 4.30, 0.000, 8.46, -0.01);
insert into SHOT values (9165, 9174, 9182, 3257, 2.570, 32.05, 59.30, 2.570, 32.05, 59.30, 0.000, 352.13, -0.00);
insert into SHOT values (9166, 9174, 9183, 3257, 3.030, 212.65, 74.50, 3.030, 212.65, 74.50, 0.000, 346.95, -0.01);
insert into SHOT values (9167, 9174, 9184, 3257, 3.070, 211.85, 37.30, 3.070, 211.85, 37.30, 0.000, 184.30, 0.01);
insert into SHOT values (9168, 9174, 9185, 3257, 2.770, 219.05, -18.80, 2.770, 219.05, -18.80, 0.000, 36.48, 0.02);
insert into SHOT values (9169, 9174, 9186, 3257, 0.510, 293.65, -67.50, 0.510, 293.65, -67.50, 0.000, 24.15, 0.06);
insert into SHOT values (9170, 9174, 9187, 3257, 3.380, 221.65, 31.40, 3.380, 221.65, 31.40, 0.000, 169.24, 0.02);
insert into SHOT values (9171, 9174, 9188, 3257, 3.450, 267.25, -29.20, 3.446, 267.21, -29.35, 0.010, 100.90, -34.98);
insert into SHOT values (9172, 9188, 9189, 3257, 0.890, 215.55, 6.10, 0.890, 215.55, 6.10, 0.000, 356.23, 0.01);
insert into SHOT values (9173, 9188, 9190, 3257, 4.690, 225.85, 37.30, 4.690, 225.85, 37.30, 0.000, 178.85, -0.00);
insert into SHOT values (9174, 9188, 9191, 3257, 4.670, 222.75, 40.90, 4.670, 222.75, 40.90, 0.000, 184.01, -0.02);
insert into SHOT values (9175, 9188, 9192, 3257, 5.600, 312.05, 68.80, 5.600, 312.05, 68.80, 0.000, 2.49, -0.01);
insert into SHOT values (9176, 9188, 9193, 3257, 5.250, 3.05, 28.50, 5.250, 3.05, 28.50, 0.000, 0.26, -0.00);
insert into SHOT values (9177, 9188, 9194, 3257, 2.960, 5.85, 18.50, 2.960, 5.85, 18.50, 0.000, 181.04, -0.00);
insert into SHOT values (9178, 9188, 9195, 3257, 13.590, 301.85, 2.50, 13.590, 301.85, 2.50, 0.000, 353.17, 0.01);
insert into SHOT values (9179, 9188, 9196, 3257, 19.240, 284.55, 4.00, 19.240, 284.55, 4.00, 0.000, 183.71, -0.01);
insert into SHOT values (9180, 9188, 9197, 3257, 7.510, 259.45, 14.30, 7.510, 259.45, 14.30, 0.000, 354.79, 0.00);
insert into SHOT values (9181, 9188, 9198, 3257, 6.260, 280.55, -40.70, 6.259, 280.53, -40.83, 0.015, 107.38, -43.92);
insert into SCRAPS values (3259, 3253, 'SP-Alex4-1', 1, 72.22014, 2.32775);
 insert into MAPS values (3367, 3253, 'MP-Alex4', 'Alex4', 1, 354.440, -18.741);
 insert into MAPITEMS values (3367, 4, 3259);
 insert into SURVEY values (3371, 2485, 'Alex6', 'Alex6.Tush-Yurruck.Koytendag', 'Alex6');
 insert into CENTRELINE values (3372, 3371, NULL, NULL, NULL, 0.00, 0.00, 0.00);
 insert into SURVEY values (3373, 3371, 'Tush-Yurruck_06', 'Tush-Yurruck_06.Alex6.Tush-Yurruck.Koytendag', 'Tush-Yurruck 06');
 insert into CENTRELINE values (3374, 3373, NULL, NULL, NULL, 0.00, 0.00, 0.00);
 insert into CENTRELINE values (3375, 3373, NULL, '2024-04-19', NULL, 180.63, 0.00, 0.00);
 insert into TOPO values (4, 3375);
 insert into TOPO values (1, 3375);
 insert into TOPO values (7, 3375);
 insert into SHOT values (9182, 9199, 9200, 3375, 13.480, 119.15, 11.90, 13.427, 119.04, 12.01, 0.064, 322.91, 12.28);
insert into SHOT values (9183, 9200, 9201, 3375, 1.510, 86.25, 18.80, 1.510, 86.25, 18.80, 0.000, 355.64, -0.01);
insert into SHOT values (9184, 9200, 9202, 3375, 4.580, 5.55, 10.00, 4.580, 5.55, 10.00, 0.000, 358.96, -0.01);
insert into SHOT values (9185, 9200, 9203, 3375, 6.100, 330.55, 6.10, 6.100, 330.55, 6.10, 0.000, 176.76, 0.04);
insert into SHOT values (9186, 9200, 9204, 3375, 0.790, 201.35, -72.70, 0.790, 201.35, -72.70, 0.000, 359.20, -0.02);
insert into SHOT values (9187, 9200, 9205, 3375, 2.160, 206.75, 23.90, 2.160, 206.75, 23.90, 0.000, 201.33, -0.02);
insert into SHOT values (9188, 9200, 9206, 3375, 9.050, 209.75, 56.30, 9.050, 209.75, 56.30, 0.000, 167.06, 0.02);
insert into SHOT values (9189, 9200, 9207, 3375, 7.810, 142.35, 85.10, 7.810, 142.35, 85.10, 0.000, 353.05, -0.01);
insert into SHOT values (9190, 9200, 9208, 3375, 29.060, 120.65, -2.40, 29.083, 121.30, -2.38, 0.330, 206.83, 1.45);
insert into SHOT values (9191, 9208, 9209, 3375, 1.530, 33.45, 12.50, 1.530, 33.45, 12.50, 0.000, 176.15, -0.04);
insert into SHOT values (9192, 9208, 9210, 3375, 5.910, 342.15, 6.60, 5.910, 342.15, 6.60, 0.000, 338.78, 0.02);
insert into SHOT values (9193, 9208, 9211, 3375, 13.010, 329.15, 3.60, 13.010, 329.15, 3.60, 0.000, 353.68, 0.01);
insert into SHOT values (9194, 9208, 9212, 3375, 12.460, 293.55, 3.40, 12.460, 293.55, 3.40, 0.000, 172.93, -0.01);
insert into SHOT values (9195, 9208, 9213, 3375, 4.470, 275.05, -7.10, 4.470, 275.05, -7.10, 0.000, 353.67, -0.01);
insert into SHOT values (9196, 9208, 9214, 3375, 3.420, 230.45, -14.10, 3.420, 230.45, -14.10, 0.000, 184.62, 0.02);
insert into SHOT values (9197, 9208, 9215, 3375, 2.430, 220.35, 19.20, 2.430, 220.35, 19.20, 0.000, 0.81, 0.01);
insert into SHOT values (9198, 9208, 9216, 3375, 2.200, 227.65, 61.00, 2.200, 227.65, 61.00, 0.000, 160.06, 0.04);
insert into SHOT values (9199, 9208, 9217, 3375, 1.340, 96.85, 69.70, 1.340, 96.85, 69.70, 0.000, 42.56, -0.07);
insert into SHOT values (9200, 9208, 9218, 3375, 0.860, 84.95, -82.30, 0.860, 84.95, -82.30, 0.000, 1.84, -0.00);
insert into SHOT values (9201, 9208, 9219, 3375, 13.650, 140.15, -10.60, 13.638, 140.54, -10.60, 0.094, 237.45, 1.15);
insert into SHOT values (9202, 9219, 9220, 3375, 0.750, 84.65, -10.40, 0.750, 84.65, -10.40, 0.000, 275.82, 0.02);
insert into SHOT values (9203, 9219, 9221, 3375, 1.480, 90.15, 56.90, 1.480, 90.15, 56.90, 0.000, 193.96, -0.03);
insert into SHOT values (9204, 9219, 9222, 3375, 1.420, 217.15, 75.30, 1.420, 217.15, 75.30, 0.000, 178.63, -0.01);
insert into SHOT values (9205, 9219, 9223, 3375, 1.620, 210.55, 50.10, 1.620, 210.55, 50.10, 0.000, 341.00, -0.02);
insert into SHOT values (9206, 9219, 9224, 3375, 4.030, 252.45, 17.60, 4.030, 252.45, 17.60, 0.000, 53.38, 0.03);
insert into SHOT values (9207, 9219, 9225, 3375, 1.190, 255.15, -6.60, 1.190, 255.15, -6.60, 0.000, 183.87, -0.00);
insert into SHOT values (9208, 9219, 9226, 3375, 9.200, 199.25, 4.50, 9.200, 199.25, 4.50, 0.000, 11.20, -0.01);
insert into SHOT values (9209, 9219, 9227, 3375, 3.710, 147.95, -2.20, 3.710, 147.95, -2.20, 0.000, 164.63, 0.01);
insert into SHOT values (9210, 9219, 9228, 3375, 3.800, 39.25, 19.90, 3.800, 39.25, 19.90, 0.000, 357.81, 0.00);
insert into SHOT values (9211, 9219, 9229, 3375, 3.740, 291.25, 19.60, 3.740, 291.25, 19.60, 0.000, 6.17, 0.00);
insert into SHOT values (9212, 9219, 9230, 3375, 2.870, 311.05, 17.70, 2.870, 311.05, 17.70, 0.000, 16.72, -0.03);
insert into SHOT values (9213, 9219, 9231, 3375, 11.900, 170.55, -0.00, 11.907, 170.98, 0.01, 0.090, 256.22, 0.96);
insert into SHOT values (9214, 9231, 9232, 3375, 3.960, 54.65, 6.30, 3.960, 54.65, 6.30, 0.000, 175.56, 0.02);
insert into SHOT values (9215, 9231, 9233, 3375, 1.720, 61.25, -34.70, 1.720, 61.25, -34.70, 0.000, 178.02, -0.00);
insert into SHOT values (9216, 9231, 9234, 3375, 2.330, 238.35, 12.60, 2.330, 238.35, 12.60, 0.000, 5.57, 0.01);
insert into SHOT values (9217, 9231, 9235, 3375, 1.000, 281.95, 76.70, 1.000, 281.95, 76.70, 0.000, 197.02, 0.02);
insert into SHOT values (9218, 9231, 9236, 3375, 5.180, 156.95, 10.60, 5.180, 156.95, 10.60, 0.000, 24.05, -0.05);
insert into SHOT values (9219, 9231, 9237, 3375, 7.010, 145.15, 0.50, 7.010, 145.15, 0.50, 0.000, 182.44, -0.01);
insert into SHOT values (9220, 9231, 9238, 3375, 8.150, 123.45, 6.50, 8.150, 123.45, 6.50, 0.000, 4.27, 0.03);
insert into SHOT values (9221, 9231, 9239, 3375, 7.370, 102.35, 4.90, 7.370, 102.35, 4.90, 0.000, 169.68, 0.01);
insert into SHOT values (9222, 9231, 9240, 3375, 7.500, 71.45, 1.10, 7.500, 71.45, 1.10, 0.000, 354.64, -0.00);
insert into SHOT values (9223, 9231, 9241, 3375, 7.410, 100.35, -14.90, 7.389, 100.62, -14.94, 0.040, 223.53, 0.90);
insert into SHOT values (9224, 9241, 9242, 3375, 2.050, 330.85, -17.70, 2.050, 330.85, -17.70, 0.000, 7.11, -0.00);
insert into SHOT values (9225, 9241, 9243, 3375, 3.550, 337.15, 10.40, 3.550, 337.15, 10.40, 0.000, 170.98, 0.04);
insert into SHOT values (9226, 9241, 9244, 3375, 4.680, 340.55, 42.60, 4.680, 340.55, 42.60, 0.000, 0.96, -0.01);
insert into SHOT values (9227, 9241, 9245, 3375, 3.110, 15.45, 71.00, 3.110, 15.45, 71.00, 0.000, 33.58, -0.05);
insert into SHOT values (9228, 9241, 9246, 3375, 1.070, 142.85, 15.90, 1.070, 142.85, 15.90, 0.000, 3.31, 0.02);
insert into SHOT values (9229, 9241, 9247, 3375, 8.310, 12.15, -2.50, 8.310, 12.15, -2.50, 0.000, 346.10, 0.04);
insert into SHOT values (9230, 9241, 9248, 3375, 10.500, 36.65, -5.30, 10.500, 36.65, -5.30, 0.000, 308.56, -0.15);
insert into SHOT values (9231, 9241, 9249, 3375, 7.330, 35.45, -20.90, 7.293, 35.34, -21.00, 0.041, 233.86, 0.85);
insert into SHOT values (9232, 9249, 9250, 3375, 5.880, 155.75, 5.80, 5.880, 155.75, 5.80, 0.000, 3.69, -0.02);
insert into SHOT values (9233, 9249, 9251, 3375, 3.960, 32.25, 23.90, 3.960, 32.25, 23.90, 0.000, 169.59, -0.01);
insert into SHOT values (9234, 9249, 9252, 3375, 4.430, 94.45, 18.20, 4.430, 94.45, 18.20, 0.000, 356.84, 0.01);
insert into SHOT values (9235, 9249, 9253, 3375, 2.140, 190.85, 3.50, 2.140, 190.85, 3.50, 0.000, 0.40, 0.01);
insert into SHOT values (9236, 9249, 9254, 3375, 3.060, 194.45, 48.10, 3.060, 194.45, 48.10, 0.000, 314.22, -0.05);
insert into SHOT values (9237, 9249, 9255, 3375, 3.540, 117.85, 78.40, 3.540, 117.85, 78.40, 0.000, 169.01, 0.01);
insert into SHOT values (9238, 9250, 9256, 3375, 3.260, 25.85, 0.80, 3.260, 25.85, 0.80, 0.000, 357.02, -0.02);
insert into SHOT values (9239, 9250, 9257, 3375, 5.110, 242.65, 13.50, 5.110, 242.65, 13.50, 0.000, 2.77, -0.02);
insert into SHOT values (9240, 9250, 9258, 3375, 5.240, 275.55, 10.20, 5.240, 275.55, 10.20, 0.000, 19.61, 0.04);
insert into SHOT values (9241, 9250, 9259, 3375, 3.180, 178.85, 19.40, 3.180, 178.85, 19.40, 0.000, 154.59, 0.02);
insert into SHOT values (9242, 9250, 9260, 3375, 1.880, 201.55, -16.00, 1.880, 201.55, -16.00, 0.000, 172.12, 0.01);
insert into SHOT values (9243, 9250, 9261, 3375, 1.870, 22.95, -37.40, 1.870, 22.95, -37.40, 0.000, 175.56, 0.01);
insert into SHOT values (9244, 9250, 9262, 3375, 2.820, 40.65, 39.00, 2.820, 40.65, 39.00, 0.000, 177.03, 0.02);
insert into SHOT values (9245, 9250, 9263, 3375, 6.820, 68.15, 0.10, 6.820, 68.15, 0.10, 0.000, 230.60, -0.05);
insert into SHOT values (9246, 9250, 9264, 3375, 6.830, 58.05, 0.90, 6.830, 58.05, 0.90, 0.000, 24.10, -0.01);
insert into SHOT values (9247, 9250, 9265, 3375, 7.710, 110.05, 7.70, 7.710, 110.05, 7.70, 0.000, 5.67, -0.00);
insert into SHOT values (9248, 9250, 9266, 3375, 3.120, 175.35, 19.30, 3.120, 175.35, 19.30, 0.000, 351.40, -0.01);
insert into SHOT values (9249, 9250, 9267, 3375, 4.960, 142.35, 16.80, 4.960, 142.35, 16.80, 0.000, 191.06, 0.02);
insert into SHOT values (9250, 9250, 9268, 3375, 6.200, 54.25, 10.10, 6.200, 54.25, 10.10, 0.000, 5.51, -0.01);
insert into SHOT values (9251, 9263, 9269, 3375, 1.530, 16.15, 5.70, 1.530, 16.15, 5.70, 0.000, 351.60, 0.01);
insert into SHOT values (9252, 9263, 9270, 3375, 1.970, 191.55, 9.60, 1.970, 191.55, 9.60, 0.000, 182.98, -0.01);
insert into SHOT values (9253, 9263, 9271, 3375, 1.410, 100.55, 77.80, 1.410, 100.55, 77.80, 0.000, 172.61, -0.02);
insert into SHOT values (9254, 9263, 9272, 3375, 0.880, 86.85, -81.10, 0.880, 86.85, -81.10, 0.000, 184.40, -0.02);
insert into SHOT values (9255, 9249, 9273, 3375, 3.050, 196.05, 3.70, 3.072, 196.18, 3.68, 0.023, 213.79, 0.50);
insert into SHOT values (9256, 9273, 9274, 3375, 4.560, 202.45, 15.90, 4.560, 202.45, 15.90, 0.000, 113.04, 0.03);
insert into SHOT values (9257, 9273, 9275, 3375, 3.350, 316.35, 27.50, 3.350, 316.35, 27.50, 0.000, 285.66, 0.17);
insert into SHOT values (9258, 9273, 9276, 3375, 4.640, 321.75, 64.20, 4.640, 321.75, 64.20, 0.000, 180.38, 0.01);
insert into SHOT values (9259, 9273, 9277, 3375, 1.060, 270.05, -71.70, 1.060, 270.05, -71.70, 0.000, 178.91, 0.00);
insert into SHOT values (9260, 9273, 9278, 3375, 3.010, 224.55, -46.40, 3.022, 224.61, -46.15, 0.018, 231.61, 1.01);
insert into SHOT values (9261, 9278, 9279, 3375, 0.690, 182.75, 15.20, 0.690, 182.75, 15.20, 0.000, 4.69, 0.05);
insert into SHOT values (9262, 9278, 9280, 3375, 1.650, 357.25, 1.80, 1.650, 357.25, 1.80, 0.000, 17.59, -0.20);
insert into SHOT values (9263, 9278, 9281, 3375, 1.030, 293.95, 80.40, 1.030, 293.95, 80.40, 0.000, 173.94, 0.01);
insert into SHOT values (9264, 9278, 9282, 3375, 1.130, 330.15, 67.30, 1.130, 330.15, 67.30, 0.000, 7.37, 0.02);
insert into SHOT values (9265, 9278, 9283, 3375, 1.260, 268.65, -61.40, 1.260, 268.65, -61.40, 0.000, 353.22, 0.11);
insert into SHOT values (9266, 9278, 9284, 3375, 2.210, 322.65, -11.60, 2.207, 322.09, -11.61, 0.021, 224.90, 0.45);
insert into SHOT values (9267, 9284, 9285, 3375, 1.000, 262.15, -1.80, 1.000, 262.15, -1.80, 0.000, 350.28, 0.02);
insert into SHOT values (9268, 9284, 9286, 3375, 1.030, 67.65, -18.70, 1.030, 67.65, -18.70, 0.000, 178.96, -0.02);
insert into SHOT values (9269, 9284, 9287, 3375, 0.740, 294.35, 60.50, 0.740, 294.35, 60.50, 0.000, 186.69, -0.00);
insert into SHOT values (9270, 9284, 9288, 3375, 1.010, 344.55, -73.00, 1.010, 344.55, -73.00, 0.000, 355.17, 0.00);
insert into SHOT values (9271, 9284, 9289, 3375, 5.740, 60.95, 3.40, 5.740, 60.95, 3.40, 0.000, 357.72, -0.00);
insert into SHOT values (9272, 9284, 9290, 3375, 5.160, 28.15, 0.40, 5.160, 28.15, 0.40, 0.000, 186.05, -0.09);
insert into SHOT values (9273, 9284, 9291, 3375, 5.050, 346.15, -3.50, 5.036, 345.86, -3.51, 0.029, 227.23, 0.70);
insert into SHOT values (9274, 9291, 9292, 3375, 3.560, 206.55, 3.30, 3.560, 206.55, 3.30, 0.000, 182.86, 0.03);
insert into SHOT values (9275, 9291, 9293, 3375, 5.680, 227.05, -3.80, 5.680, 227.05, -3.80, 0.000, 196.92, -0.16);
insert into SHOT values (9276, 9291, 9294, 3375, 2.340, 260.15, 6.00, 2.340, 260.15, 6.00, 0.000, 181.07, 0.01);
insert into SHOT values (9277, 9291, 9295, 3375, 3.440, 301.65, 4.10, 3.440, 301.65, 4.10, 0.000, 187.56, 0.03);
insert into SHOT values (9278, 9291, 9296, 3375, 2.180, 11.45, 14.00, 2.180, 11.45, 14.00, 0.000, 346.52, 0.02);
insert into SHOT values (9279, 9291, 9297, 3375, 1.610, 343.55, 70.20, 1.610, 343.55, 70.20, 0.000, 359.62, -0.00);
insert into SHOT values (9280, 9291, 9298, 3375, 2.390, 219.15, 48.50, 2.390, 219.15, 48.50, 0.000, 6.76, -0.00);
insert into SHOT values (9281, 9291, 9299, 3375, 3.740, 277.45, 1.50, 3.764, 277.22, 1.49, 0.028, 245.47, 0.50);
insert into SHOT values (9282, 9299, 9300, 3375, 3.630, 232.85, -3.70, 3.630, 232.85, -3.70, 0.000, 192.88, -0.01);
insert into SHOT values (9283, 9299, 9301, 3375, 4.840, 262.15, -0.10, 4.840, 262.15, -0.10, 0.000, 180.84, -0.00);
insert into SHOT values (9284, 9299, 9302, 3375, 8.880, 283.15, -9.50, 8.880, 283.15, -9.50, 0.000, 174.27, 0.00);
insert into SHOT values (9285, 9299, 9303, 3375, 7.070, 308.45, -3.90, 7.070, 308.45, -3.90, 0.000, 173.83, -0.00);
insert into SHOT values (9286, 9299, 9304, 3375, 7.120, 318.45, -0.60, 7.120, 318.45, -0.60, 0.000, 2.61, 0.01);
insert into SHOT values (9287, 9299, 9305, 3375, 1.300, 1.55, -4.70, 1.300, 1.55, -4.70, 0.000, 355.22, 0.00);
insert into SHOT values (9288, 9299, 9306, 3375, 1.020, 195.25, 82.10, 1.020, 195.25, 82.10, 0.000, 184.99, 0.00);
insert into SHOT values (9289, 9299, 9307, 3375, 1.100, 168.65, -0.50, 1.100, 168.65, -0.50, 0.000, 354.31, -0.01);
insert into SHOT values (9290, 9299, 9308, 3375, 3.780, 194.65, -7.30, 3.802, 194.80, -7.25, 0.025, 218.30, 0.58);
insert into SHOT values (9291, 9308, 9309, 3375, 2.770, 73.15, 4.90, 2.770, 73.15, 4.90, 0.000, 200.52, -0.02);
insert into SHOT values (9292, 9308, 9310, 3375, 1.570, 73.85, 38.80, 1.570, 73.85, 38.80, 0.000, 192.09, -0.01);
insert into SHOT values (9293, 9308, 9311, 3375, 1.330, 213.05, 42.70, 1.330, 213.05, 42.70, 0.000, 9.82, -0.02);
insert into SHOT values (9294, 9308, 9312, 3375, 1.090, 265.55, -12.20, 1.090, 265.55, -12.20, 0.000, 349.90, -0.02);
insert into SHOT values (9295, 9308, 9313, 3375, 0.410, 253.95, -83.50, 0.410, 253.95, -83.50, 0.000, 349.92, 0.02);
insert into SHOT values (9296, 9308, 9314, 3375, 3.910, 135.55, 13.90, 3.908, 135.93, 13.91, 0.025, 231.59, 0.60);
insert into SHOT values (9297, 9314, 9315, 3375, 2.180, 42.75, 12.30, 2.180, 42.75, 12.30, 0.000, 9.41, 0.01);
insert into SHOT values (9298, 9314, 9316, 3375, 1.900, 111.85, 25.50, 1.900, 111.85, 25.50, 0.000, 206.15, -0.05);
insert into SHOT values (9299, 9314, 9317, 3375, 3.810, 177.85, 14.70, 3.810, 177.85, 14.70, 0.000, 170.82, 0.02);
insert into SHOT values (9300, 9314, 9318, 3375, 5.810, 212.15, 9.40, 5.810, 212.15, 9.40, 0.000, 356.55, -0.00);
insert into SHOT values (9301, 9314, 9319, 3375, 15.090, 233.95, -2.20, 15.090, 233.95, -2.20, 0.000, 204.85, -0.27);
insert into SHOT values (9302, 9314, 9320, 3375, 2.390, 318.65, 13.50, 2.390, 318.65, 13.50, 0.000, 199.16, 0.03);
insert into SHOT values (9303, 9314, 9321, 3375, 7.550, 234.75, 14.70, 7.550, 234.75, 14.70, 0.000, 152.09, 0.06);
insert into SHOT values (9304, 9314, 9322, 3375, 2.570, 244.35, 65.20, 2.570, 244.35, 65.20, 0.000, 188.73, -0.01);
insert into SHOT values (9305, 9314, 9323, 3375, 2.800, 304.25, 62.30, 2.800, 304.25, 62.30, 0.000, 353.26, -0.01);
insert into SHOT values (9306, 9314, 9324, 3375, 11.180, 273.85, 0.80, 11.180, 273.85, 0.80, 0.000, 15.47, 0.04);
insert into SHOT values (9307, 9314, 9325, 3375, 14.660, 270.25, 1.10, 14.685, 269.84, 1.11, 0.106, 193.90, 1.19);
insert into SHOT values (9308, 9325, 9326, 3375, 12.600, 129.05, 0.30, 12.600, 129.05, 0.30, 0.000, 197.29, -0.02);
insert into SHOT values (9309, 9325, 9327, 3375, 7.770, 140.55, 0.60, 7.770, 140.55, 0.60, 0.000, 173.75, 0.00);
insert into SHOT values (9310, 9325, 9328, 3375, 4.120, 184.35, -18.30, 4.120, 184.35, -18.30, 0.000, 183.57, -0.01);
insert into SHOT values (9311, 9325, 9329, 3375, 3.380, 161.65, 20.70, 3.380, 161.65, 20.70, 0.000, 348.80, 0.03);
insert into SHOT values (9312, 9325, 9330, 3375, 3.430, 122.65, 23.70, 3.430, 122.65, 23.70, 0.000, 172.39, 0.01);
insert into SHOT values (9313, 9325, 9331, 3375, 3.370, 61.95, 5.40, 3.370, 61.95, 5.40, 0.000, 33.75, 0.01);
insert into SHOT values (9314, 9325, 9332, 3375, 2.670, 26.25, -26.70, 2.670, 26.25, -26.70, 0.000, 335.40, -0.00);
insert into SHOT values (9315, 9325, 9333, 3375, 6.450, 158.65, -5.50, 6.458, 158.96, -5.49, 0.036, 235.33, 0.81);
insert into SHOT values (9316, 9200, 9334, 3375, 8.930, 127.15, -10.10, 8.893, 127.13, -10.10, 0.037, 310.67, 10.26);
insert into SHOT values (9317, 9334, 9335, 3375, 2.480, 138.95, 4.40, 2.480, 138.95, 4.40, 0.000, 5.73, 0.02);
insert into SHOT values (9318, 9334, 9336, 3375, 2.740, 195.95, 45.00, 2.740, 195.95, 45.00, 0.000, 180.46, 0.04);
insert into SHOT values (9319, 9334, 9337, 3375, 3.100, 278.95, 11.50, 3.100, 278.95, 11.50, 0.000, 171.69, -0.01);
insert into SHOT values (9320, 9334, 9338, 3375, 1.310, 283.85, -32.80, 1.310, 283.85, -32.80, 0.000, 147.39, 0.10);
insert into SHOT values (9321, 9334, 9339, 3375, 18.980, 167.15, -12.70, 18.917, 167.59, -12.66, 0.158, 279.68, 9.49);
insert into SHOT values (9322, 9339, 9340, 3375, 3.090, 85.85, 6.80, 3.090, 85.85, 6.80, 0.000, 225.27, 0.42);
insert into SHOT values (9323, 9339, 9341, 3375, 5.440, 132.75, 4.40, 5.440, 132.75, 4.40, 0.000, 195.17, -0.02);
insert into SHOT values (9324, 9339, 9342, 3375, 8.470, 146.75, 1.80, 8.470, 146.75, 1.80, 0.000, 347.17, -0.02);
insert into SHOT values (9325, 9339, 9343, 3375, 7.320, 20.15, 12.00, 7.320, 20.15, 12.00, 0.000, 6.52, 0.00);
insert into SHOT values (9326, 9339, 9344, 3375, 11.730, 2.05, 15.00, 11.730, 2.05, 15.00, 0.000, 346.75, 0.01);
insert into SHOT values (9327, 9339, 9345, 3375, 8.950, 329.25, 16.80, 8.950, 329.25, 16.80, 0.000, 217.06, 0.07);
insert into SHOT values (9328, 9339, 9346, 3375, 1.070, 38.75, -57.50, 1.070, 38.75, -57.50, 0.000, 344.96, -0.00);
insert into SHOT values (9329, 9339, 9347, 3375, 1.560, 264.95, 26.60, 1.560, 264.95, 26.60, 0.000, 12.87, -0.03);
insert into SHOT values (9330, 9339, 9348, 3375, 2.020, 66.65, 44.70, 2.020, 66.65, 44.70, 0.000, 43.20, -0.01);
insert into SHOT values (9331, 9339, 9349, 3375, 4.040, 146.85, -30.60, 4.024, 146.93, -30.69, 0.018, 311.14, 7.55);
insert into SHOT values (9332, 9349, 9350, 3375, 3.470, 183.85, -2.80, 3.470, 183.85, -2.80, 0.000, 360.00, -0.01);
insert into SHOT values (9333, 9349, 9351, 3375, 5.720, 192.85, 37.50, 5.720, 192.85, 37.50, 0.000, 2.56, 0.00);
insert into SHOT values (9334, 9349, 9352, 3375, 3.850, 333.25, 48.50, 3.850, 333.25, 48.50, 0.000, 345.05, -0.03);
insert into SHOT values (9335, 9349, 9353, 3375, 6.550, 319.15, 12.60, 6.550, 319.15, 12.60, 0.000, 204.08, -0.08);
insert into SHOT values (9336, 9349, 9354, 3375, 1.300, 338.05, -34.20, 1.300, 338.05, -34.20, 0.000, 23.72, -0.05);
insert into SHOT values (9337, 9349, 9355, 3375, 4.450, 31.65, -52.80, 4.450, 31.65, -52.80, 0.000, 213.30, -0.03);
insert into SHOT values (9338, 9349, 9356, 3375, 2.730, 173.45, -67.20, 2.730, 173.45, -67.20, 0.000, 2.14, -0.00);
insert into SHOT values (9339, 9349, 9357, 3375, 7.290, 286.55, 5.10, 7.315, 286.65, 5.12, 0.029, 314.56, 9.39);
insert into SCRAPS values (3377, 3371, 'SP-Alex6-1', 1, 54.06332, 1.68707);
 insert into SCRAPS values (3423, 3371, 'SP-Alex6-2', 1, 75.95024, 11.75316);
 insert into MAPS values (3433, 3371, 'MP-Alex6', 'Alex6', 1, 180.630, -11.352);
 insert into MAPITEMS values (3433, 4, 3377);
 insert into MAPITEMS values (3433, 4, 3423);
 insert into SURVEY values (3437, 2485, 'Alex7', 'Alex7.Tush-Yurruck.Koytendag', 'Alex7');
 insert into CENTRELINE values (3438, 3437, NULL, NULL, NULL, 0.00, 0.00, 0.00);
 insert into SURVEY values (3439, 3437, 'Tush-Yurruck_07', 'Tush-Yurruck_07.Alex7.Tush-Yurruck.Koytendag', 'Tush-Yurruck 07');
 insert into CENTRELINE values (3440, 3439, NULL, NULL, NULL, 0.00, 0.00, 0.00);
 insert into CENTRELINE values (3441, 3439, NULL, '2024-04-29', NULL, 269.20, 0.00, 0.00);
 insert into TOPO values (6, 3441);
 insert into TOPO values (7, 3441);
 insert into SHOT values (9340, 9358, 9359, 3441, 4.790, 226.45, 0.10, 4.790, 226.45, 0.10, 0.000, 8.75, 0.03);
insert into SHOT values (9341, 9358, 9360, 3441, 13.650, 185.85, 0.70, 13.650, 185.85, 0.70, 0.000, 189.81, -0.14);
insert into SHOT values (9342, 9358, 9361, 3441, 34.100, 153.55, 1.90, 34.100, 153.55, 1.90, 0.000, 174.56, -0.05);
insert into SHOT values (9343, 9358, 9362, 3441, 2.090, 55.05, -2.00, 2.090, 55.05, -2.00, 0.000, 353.91, -0.00);
insert into SHOT values (9344, 9358, 9363, 3441, 5.120, 58.15, 2.40, 5.120, 58.15, 2.40, 0.000, 170.32, -0.01);
insert into SHOT values (9345, 9358, 9364, 3441, 19.120, 36.85, 3.50, 19.120, 36.85, 3.50, 0.000, 176.95, 0.02);
insert into SHOT values (9346, 9358, 9365, 3441, 12.260, 12.05, 3.80, 12.260, 12.05, 3.80, 0.000, 195.09, 0.04);
insert into SHOT values (9347, 9358, 9366, 3441, 0.840, 126.25, 77.60, 0.840, 126.25, 77.60, 0.000, 195.51, 0.02);
insert into SHOT values (9348, 9358, 9367, 3441, 0.380, 172.35, -78.90, 0.380, 172.35, -78.90, 0.000, 243.67, -0.07);
insert into SHOT values (9349, 9358, 9368, 3441, 14.710, 94.65, 3.00, 14.681, 94.96, 2.52, 0.149, 200.84, -55.96);
insert into SHOT values (9350, 9368, 9369, 3441, 9.160, 72.45, 1.00, 9.160, 72.45, 1.00, 0.000, 18.32, 0.01);
insert into SHOT values (9351, 9368, 9370, 3441, 11.400, 100.45, 3.40, 11.400, 100.45, 3.40, 0.000, 56.63, -0.12);
insert into SHOT values (9352, 9368, 9371, 3441, 22.960, 206.95, 2.10, 22.960, 206.95, 2.10, 0.000, 3.33, -0.02);
insert into SHOT values (9353, 9368, 9372, 3441, 0.170, 218.05, 0.80, 0.170, 218.05, 0.80, 0.000, 186.06, 0.01);
insert into SHOT values (9354, 9368, 9373, 3441, 18.310, 259.65, -0.30, 18.310, 259.65, -0.30, 0.000, 350.93, 0.02);
insert into SHOT values (9355, 9368, 9374, 3441, 11.490, 2.75, 3.50, 11.490, 2.75, 3.50, 0.000, 260.19, -0.02);
insert into SHOT values (9356, 9368, 9375, 3441, 0.690, 170.55, 84.40, 0.690, 170.55, 84.40, 0.000, 280.31, -0.17);
insert into SHOT values (9357, 9368, 9376, 3441, 0.520, 145.65, -85.30, 0.520, 145.65, -85.30, 0.000, 4.53, 0.00);
insert into SHOT values (9358, 9368, 9377, 3441, 17.070, 144.85, 1.60, 17.022, 145.32, 1.05, 0.221, 252.33, -48.12);
insert into SHOT values (9359, 9377, 9378, 3441, 16.910, 201.85, 1.10, 16.910, 201.85, 1.10, 0.000, 172.45, -0.01);
insert into SHOT values (9360, 9377, 9379, 3441, 21.080, 246.05, 0.20, 21.080, 246.05, 0.20, 0.000, 347.32, -0.01);
insert into SHOT values (9361, 9377, 9380, 3441, 12.560, 154.55, 1.60, 12.560, 154.55, 1.60, 0.000, 4.42, -0.01);
insert into SHOT values (9362, 9377, 9381, 3441, 13.700, 98.35, 1.20, 13.700, 98.35, 1.20, 0.000, 161.68, 0.02);
insert into SHOT values (9363, 9377, 9382, 3441, 23.400, 334.55, -0.50, 23.400, 334.55, -0.50, 0.000, 34.20, -0.01);
insert into SHOT values (9364, 9377, 9383, 3441, 12.530, 6.05, 0.30, 12.530, 6.05, 0.30, 0.000, 169.52, 0.02);
insert into SHOT values (9365, 9377, 9384, 3441, 0.730, 271.65, 82.10, 0.730, 271.65, 82.10, 0.000, 192.17, 0.02);
insert into SHOT values (9366, 9377, 9385, 3441, 0.700, 305.35, -79.70, 0.700, 305.35, -79.70, 0.000, 353.23, 0.02);
insert into SHOT values (9367, 9377, 9386, 3441, 9.980, 127.05, 1.00, 9.962, 127.34, 0.66, 0.080, 235.96, -48.50);
insert into SHOT values (9368, 9386, 9387, 3441, 15.560, 21.65, 0.40, 15.560, 21.65, 0.40, 0.000, 358.65, 0.02);
insert into SHOT values (9369, 9386, 9388, 3441, 11.130, 89.45, 1.40, 11.130, 89.45, 1.40, 0.000, 15.62, -0.03);
insert into SHOT values (9370, 9386, 9389, 3441, 11.000, 192.85, -0.40, 11.000, 192.85, -0.40, 0.000, 190.95, 0.02);
insert into SHOT values (9371, 9386, 9390, 3441, 0.690, 257.15, 81.90, 0.690, 257.15, 81.90, 0.000, 16.69, -0.03);
insert into SHOT values (9372, 9386, 9391, 3441, 0.570, 216.05, -86.80, 0.570, 216.05, -86.80, 0.000, 185.65, 0.02);
insert into SHOT values (9373, 9386, 9392, 3441, 14.690, 111.75, -1.00, 14.677, 112.07, -1.48, 0.149, 212.72, -56.16);
insert into SHOT values (9374, 9392, 9393, 3441, 8.250, 97.65, 5.60, 8.250, 97.65, 5.60, 0.000, 1.14, 0.01);
insert into SHOT values (9375, 9392, 9394, 3441, 3.340, 29.05, 11.40, 3.340, 29.05, 11.40, 0.000, 345.03, -0.01);
insert into SHOT values (9376, 9392, 9395, 3441, 15.490, 193.95, -1.00, 15.490, 193.95, -1.00, 0.000, 335.72, -0.01);
insert into SHOT values (9377, 9392, 9396, 3441, 10.620, 233.15, -3.20, 10.620, 233.15, -3.20, 0.000, 191.27, 0.01);
insert into SHOT values (9378, 9392, 9397, 3441, 0.720, 89.75, 75.60, 0.720, 89.75, 75.60, 0.000, 4.15, 0.01);
insert into SHOT values (9379, 9392, 9398, 3441, 0.600, 155.85, -76.50, 0.600, 155.85, -76.50, 0.000, 171.26, -0.00);
insert into SHOT values (9380, 9392, 9399, 3441, 10.930, 150.35, -0.00, 10.915, 150.73, -0.37, 0.103, 252.42, -43.70);
insert into SHOT values (9381, 9399, 9400, 3441, 12.970, 265.65, -1.40, 12.970, 265.65, -1.40, 0.000, 177.81, -0.02);
insert into SHOT values (9382, 9399, 9401, 3441, 10.640, 230.45, -1.40, 10.640, 230.45, -1.40, 0.000, 173.86, 0.00);
insert into SHOT values (9383, 9399, 9402, 3441, 10.080, 147.25, -1.70, 10.080, 147.25, -1.70, 0.000, 179.94, -0.00);
insert into SHOT values (9384, 9399, 9403, 3441, 11.860, 64.85, 4.80, 11.860, 64.85, 4.80, 0.000, 185.52, 0.02);
insert into SHOT values (9385, 9399, 9404, 3441, 6.010, 21.35, 9.20, 6.010, 21.35, 9.20, 0.000, 182.93, -0.01);
insert into SHOT values (9386, 9399, 9405, 3441, 0.710, 224.15, 70.80, 0.710, 224.15, 70.80, 0.000, 340.50, 0.06);
insert into SHOT values (9387, 9399, 9406, 3441, 0.550, 101.35, -57.20, 0.550, 101.35, -57.20, 0.000, 176.97, 0.03);
insert into SHOT values (9388, 9399, 9407, 3441, 17.730, 182.45, -1.50, 17.730, 182.45, -1.50, 0.000, 347.34, 0.00);
insert into SHOT values (9389, 9407, 9408, 3441, 3.140, 321.85, 2.20, 3.140, 321.85, 2.20, 0.000, 5.12, -0.01);
insert into SHOT values (9390, 9407, 9409, 3441, 4.570, 122.45, 15.00, 4.570, 122.45, 15.00, 0.000, 206.50, 0.05);
insert into SHOT values (9391, 9407, 9410, 3441, 4.200, 198.65, 16.10, 4.200, 198.65, 16.10, 0.000, 8.24, -0.00);
insert into SHOT values (9392, 9407, 9411, 3441, 0.640, 343.55, 80.70, 0.640, 343.55, 80.70, 0.000, 177.01, 0.01);
insert into SHOT values (9393, 9407, 9412, 3441, 0.410, 123.95, -57.90, 0.410, 123.95, -57.90, 0.000, 351.22, -0.01);
insert into SHOT values (9394, 9407, 9413, 3441, 2.650, 263.55, 8.00, 2.650, 263.55, 8.00, 0.000, 187.16, 0.01);
insert into SHOT values (9395, 9413, 9414, 3441, 1.610, 199.05, 26.00, 1.610, 199.05, 26.00, 0.000, 181.06, -0.01);
insert into SHOT values (9396, 9413, 9415, 3441, 4.430, 298.65, 4.30, 4.430, 298.65, 4.30, 0.000, 349.15, -0.07);
insert into SHOT values (9397, 9413, 9416, 3441, 3.600, 359.55, 13.40, 3.600, 359.55, 13.40, 0.000, 2.38, 0.01);
insert into SHOT values (9398, 9413, 9417, 3441, 2.230, 66.85, 16.00, 2.230, 66.85, 16.00, 0.000, 1.15, 0.01);
insert into SHOT values (9399, 9413, 9418, 3441, 3.680, 148.05, 26.40, 3.680, 148.05, 26.40, 0.000, 10.43, 0.01);
insert into SHOT values (9400, 9413, 9419, 3441, 1.100, 357.65, 83.40, 1.100, 357.65, 83.40, 0.000, 181.97, -0.00);
insert into SHOT values (9401, 9413, 9420, 3441, 0.870, 19.45, -76.30, 0.870, 19.45, -76.30, 0.000, 359.26, -0.00);
insert into SHOT values (9402, 9413, 9421, 3441, 6.680, 254.65, 5.10, 6.680, 254.65, 5.10, 0.000, 170.81, -0.00);
insert into SHOT values (9403, 9421, 9422, 3441, 1.090, 299.25, 14.50, 1.090, 299.25, 14.50, 0.000, 10.63, -0.02);
insert into SHOT values (9404, 9421, 9423, 3441, 2.660, 47.85, 7.30, 2.660, 47.85, 7.30, 0.000, 26.38, 0.02);
insert into SHOT values (9405, 9421, 9424, 3441, 1.220, 179.65, -1.20, 1.220, 179.65, -1.20, 0.000, 350.93, 0.00);
insert into SHOT values (9406, 9421, 9425, 3441, 4.230, 123.45, 8.80, 4.230, 123.45, 8.80, 0.000, 5.40, 0.01);
insert into SHOT values (9407, 9421, 9426, 3441, 3.960, 89.65, 9.80, 3.960, 89.65, 9.80, 0.000, 28.39, -0.04);
insert into SHOT values (9408, 9421, 9427, 3441, 2.070, 259.95, 74.30, 2.070, 259.95, 74.30, 0.000, 16.84, 0.01);
insert into SHOT values (9409, 9421, 9428, 3441, 0.790, 118.75, -85.10, 0.790, 118.75, -85.10, 0.000, 2.47, 0.01);
insert into SHOT values (9410, 9421, 9429, 3441, 3.110, 198.95, -23.90, 3.110, 198.95, -23.90, 0.000, 341.60, -0.02);
insert into SHOT values (9411, 9429, 9430, 3441, 3.820, 84.15, 3.20, 3.820, 84.15, 3.20, 0.000, 20.84, -0.06);
insert into SHOT values (9412, 9429, 9431, 3441, 2.290, 257.85, 3.40, 2.290, 257.85, 3.40, 0.000, 202.44, -0.04);
insert into SHOT values (9413, 9429, 9432, 3441, 1.620, 189.65, 2.50, 1.620, 189.65, 2.50, 0.000, 353.77, -0.06);
insert into SHOT values (9414, 9429, 9433, 3441, 2.110, 129.85, 3.90, 2.110, 129.85, 3.90, 0.000, 356.45, 0.03);
insert into SHOT values (9415, 9429, 9434, 3441, 1.730, 318.35, 2.60, 1.730, 318.35, 2.60, 0.000, 177.27, 0.00);
insert into SHOT values (9416, 9429, 9435, 3441, 0.880, 153.35, 69.90, 0.880, 153.35, 69.90, 0.000, 1.31, -0.02);
insert into SHOT values (9417, 9429, 9436, 3441, 0.450, 211.75, -77.30, 0.450, 211.75, -77.30, 0.000, 177.98, 0.01);
insert into SHOT values (9418, 9429, 9437, 3441, 3.600, 155.55, -8.70, 3.600, 155.55, -8.70, 0.000, 5.24, 0.00);
insert into SHOT values (9419, 9437, 9438, 3441, 0.520, 256.35, 1.20, 0.520, 256.35, 1.20, 0.000, 197.99, -0.01);
insert into SHOT values (9420, 9437, 9439, 3441, 0.890, 89.75, 2.80, 0.890, 89.75, 2.80, 0.000, 6.80, 0.02);
insert into SHOT values (9421, 9437, 9440, 3441, 1.600, 151.25, -3.60, 1.600, 151.25, -3.60, 0.000, 174.94, 0.01);
insert into SHOT values (9422, 9437, 9441, 3441, 1.370, 290.55, 13.80, 1.370, 290.55, 13.80, 0.000, 276.77, -0.02);
insert into SHOT values (9423, 9437, 9442, 3441, 1.350, 11.65, 2.90, 1.350, 11.65, 2.90, 0.000, 358.73, -0.02);
insert into SHOT values (9424, 9437, 9443, 3441, 0.620, 0.55, 85.30, 0.620, 0.55, 85.30, 0.000, 124.11, -0.07);
insert into SHOT values (9425, 9437, 9444, 3441, 0.430, 87.35, -85.90, 0.430, 87.35, -85.90, 0.000, 184.49, -0.00);
insert into SHOT values (9426, 9437, 9445, 3441, 3.590, 175.25, -7.10, 3.590, 175.25, -7.10, 0.000, 179.26, 0.00);
insert into SHOT values (9427, 9445, 9446, 3441, 0.720, 275.45, -0.60, 0.720, 275.45, -0.60, 0.000, 186.42, 0.01);
insert into SHOT values (9428, 9445, 9447, 3441, 0.400, 110.75, 12.90, 0.400, 110.75, 12.90, 0.000, 177.47, -0.02);
insert into SHOT values (9429, 9445, 9448, 3441, 0.440, 142.05, 69.20, 0.440, 142.05, 69.20, 0.000, 177.35, -0.01);
insert into SHOT values (9430, 9445, 9449, 3441, 0.360, 341.75, -86.30, 0.360, 341.75, -86.30, 0.000, 354.29, 0.00);
insert into SHOT values (9431, 9445, 9450, 3441, 3.840, 188.15, -3.00, 3.840, 188.15, -3.00, 0.000, 193.68, -0.05);
insert into SHOT values (9432, 9450, 9451, 3441, 0.760, 279.55, -2.80, 0.760, 279.55, -2.80, 0.000, 177.53, 0.00);
insert into SHOT values (9433, 9450, 9452, 3441, 0.770, 117.85, 2.10, 0.770, 117.85, 2.10, 0.000, 174.95, -0.01);
insert into SHOT values (9434, 9450, 9453, 3441, 0.600, 166.35, 78.80, 0.600, 166.35, 78.80, 0.000, 116.94, 0.47);
insert into SHOT values (9435, 9450, 9454, 3441, 0.480, 292.95, -77.90, 0.480, 292.95, -77.90, 0.000, 134.11, 0.19);
insert into SHOT values (9436, 9421, 9455, 3441, 1.240, 240.85, 14.10, 1.240, 240.85, 14.10, 0.000, 344.83, -0.07);
insert into SHOT values (9437, 9455, 9456, 3441, 7.990, 267.75, 16.50, 7.990, 267.75, 16.50, 0.000, 184.22, 0.00);
insert into SHOT values (9438, 9456, 9457, 3441, 0.540, 186.45, -2.20, 0.540, 186.45, -2.20, 0.000, 179.08, 0.02);
insert into SHOT values (9439, 9456, 9458, 3441, 0.440, 1.05, 0.70, 0.440, 1.05, 0.70, 0.000, 14.98, 0.02);
insert into SHOT values (9440, 9456, 9459, 3441, 1.030, 22.45, 84.50, 1.030, 22.45, 84.50, 0.000, 348.68, 0.03);
insert into SHOT values (9441, 9456, 9460, 3441, 2.210, 250.05, -84.30, 2.210, 250.05, -84.30, 0.000, 358.47, -0.01);
insert into SHOT values (9442, 9399, 9461, 3441, 6.290, 228.45, -0.70, 6.324, 228.52, -0.95, 0.044, 241.56, -38.58);
insert into SHOT values (9443, 9461, 9462, 3441, 4.630, 192.95, 2.20, 4.630, 192.95, 2.20, 0.000, 183.79, -0.02);
insert into SHOT values (9444, 9461, 9463, 3441, 18.590, 333.35, 0.60, 18.590, 333.35, 0.60, 0.000, 178.13, 0.01);
insert into SHOT values (9445, 9461, 9464, 3441, 12.350, 16.95, 2.90, 12.350, 16.95, 2.90, 0.000, 2.25, 0.01);
insert into SHOT values (9446, 9461, 9465, 3441, 6.400, 97.85, 1.10, 6.400, 97.85, 1.10, 0.000, 171.02, -0.02);
insert into SHOT values (9447, 9461, 9466, 3441, 4.540, 189.15, -1.80, 4.540, 189.15, -1.80, 0.000, 359.22, 0.02);
insert into SHOT values (9448, 9461, 9467, 3441, 18.000, 271.15, 1.20, 18.024, 270.78, 0.62, 0.218, 193.89, -56.85);
insert into SHOT values (9449, 9461, 9468, 3441, 0.600, 261.75, 75.30, 0.600, 261.75, 75.30, 0.000, 166.68, -0.02);
insert into SHOT values (9450, 9461, 9469, 3441, 0.540, 33.65, -86.90, 0.540, 33.65, -86.90, 0.000, 5.45, -0.01);
insert into SHOT values (9451, 9467, 9470, 3441, 5.640, 281.35, 10.20, 5.640, 281.35, 10.20, 0.000, 201.58, -0.03);
insert into SHOT values (9452, 9467, 9471, 3441, 15.840, 327.15, 3.70, 15.840, 327.15, 3.70, 0.000, 170.22, -0.01);
insert into SHOT values (9453, 9467, 9472, 3441, 17.570, 347.35, 2.00, 17.570, 347.35, 2.00, 0.000, 351.53, 0.01);
insert into SHOT values (9454, 9467, 9473, 3441, 11.290, 16.65, 0.00, 11.290, 16.65, 0.00, 0.000, 183.58, 0.00);
insert into SHOT values (9455, 9467, 9474, 3441, 8.620, 61.45, -0.20, 8.620, 61.45, -0.20, 0.000, 246.38, 0.12);
insert into SHOT values (9456, 9467, 9475, 3441, 7.200, 118.85, -2.30, 7.200, 118.85, -2.30, 0.000, 6.55, 0.01);
insert into SHOT values (9457, 9467, 9476, 3441, 6.120, 244.25, 11.20, 6.120, 244.25, 11.20, 0.000, 347.29, -0.01);
insert into SHOT values (9458, 9467, 9477, 3441, 3.770, 172.35, 9.50, 3.770, 172.35, 9.50, 0.000, 13.97, -0.00);
insert into SHOT values (9459, 9467, 9478, 3441, 0.850, 117.55, 87.10, 0.850, 117.55, 87.10, 0.000, 344.04, -0.01);
insert into SHOT values (9460, 9467, 9479, 3441, 0.680, 182.95, -71.00, 0.680, 182.95, -71.00, 0.000, 167.48, 0.01);
insert into SHOT values (9461, 9467, 9480, 3441, 6.200, 198.05, 11.30, 6.200, 198.05, 11.30, 0.000, 6.86, -0.01);
insert into SHOT values (9462, 9480, 9481, 3441, 2.740, 115.05, 15.40, 2.740, 115.05, 15.40, 0.000, 4.15, -0.01);
insert into SHOT values (9463, 9480, 9482, 3441, 1.980, 265.25, 19.90, 1.980, 265.25, 19.90, 0.000, 170.40, -0.00);
insert into SHOT values (9464, 9480, 9483, 3441, 1.100, 84.35, 77.90, 1.100, 84.35, 77.90, 0.000, 187.54, 0.01);
insert into SHOT values (9465, 9480, 9484, 3441, 0.640, 146.45, -86.80, 0.640, 146.45, -86.80, 0.000, 347.38, -0.01);
insert into SHOT values (9466, 9480, 9485, 3441, 4.260, 238.05, 28.00, 4.260, 238.05, 28.00, 0.000, 184.07, -0.01);
insert into SHOT values (9467, 9485, 9486, 3441, 2.030, 60.25, 24.10, 2.030, 60.25, 24.10, 0.000, 352.88, 0.03);
insert into SHOT values (9468, 9485, 9487, 3441, 2.640, 240.25, 29.10, 2.640, 240.25, 29.10, 0.000, 174.95, -0.03);
insert into SHOT values (9469, 9485, 9488, 3441, 3.630, 345.85, 5.00, 3.630, 345.85, 5.00, 0.000, 16.88, 0.02);
insert into SHOT values (9470, 9485, 9489, 3441, 2.950, 30.95, 15.70, 2.950, 30.95, 15.70, 0.000, 347.23, -0.02);
insert into SHOT values (9471, 9485, 9490, 3441, 2.400, 300.35, 14.90, 2.400, 300.35, 14.90, 0.000, 342.90, -0.03);
insert into SHOT values (9472, 9485, 9491, 3441, 1.350, 296.15, 87.00, 1.350, 296.15, 87.00, 0.000, 4.01, -0.02);
insert into SHOT values (9473, 9485, 9492, 3441, 0.860, 246.45, -79.40, 0.860, 246.45, -79.40, 0.000, 184.82, -0.00);
insert into SHOT values (9474, 9485, 9493, 3441, 5.530, 142.35, -0.00, 5.530, 142.35, 0.00, 0.000, 198.32, 0.00);
insert into SHOT values (9475, 9493, 9494, 3441, 1.540, 70.55, 12.50, 1.540, 70.55, 12.50, 0.000, 355.53, -0.00);
insert into SHOT values (9476, 9493, 9495, 3441, 0.820, 262.15, 0.10, 0.820, 262.15, 0.10, 0.000, 327.93, 0.03);
insert into SHOT values (9477, 9493, 9496, 3441, 3.160, 224.45, 81.80, 3.160, 224.45, 81.80, 0.000, 357.00, 0.01);
insert into SHOT values (9478, 9493, 9497, 3441, 2.380, 167.05, -86.10, 2.380, 167.05, -86.10, 0.000, 181.90, 0.02);
insert into SHOT values (9479, 9493, 9498, 3441, 10.020, 160.35, 19.30, 10.020, 160.35, 19.30, 0.000, 7.03, 0.01);
insert into SHOT values (9480, 9498, 9499, 3441, 1.870, 292.95, -6.20, 1.870, 292.95, -6.20, 0.000, 113.16, -0.13);
insert into SHOT values (9481, 9498, 9500, 3441, 2.530, 253.85, 0.90, 2.530, 253.85, 0.90, 0.000, 348.79, -0.03);
insert into SHOT values (9482, 9498, 9501, 3441, 1.230, 181.45, 1.30, 1.230, 181.45, 1.30, 0.000, 346.65, -0.04);
insert into SHOT values (9483, 9498, 9502, 3441, 3.870, 8.95, 1.50, 3.870, 8.95, 1.50, 0.000, 1.51, -0.02);
insert into SHOT values (9484, 9498, 9503, 3441, 2.250, 324.95, 83.40, 2.250, 324.95, 83.40, 0.000, 176.67, 0.23);
insert into SHOT values (9485, 9498, 9504, 3441, 1.760, 342.85, -82.70, 1.760, 342.85, -82.70, 0.000, 185.91, 0.01);
insert into SHOT values (9486, 9498, 9505, 3441, 3.260, 235.05, -4.60, 3.260, 235.05, -4.60, 0.000, 159.90, 0.02);
insert into SHOT values (9487, 9505, 9506, 3441, 1.330, 133.45, -2.50, 1.330, 133.45, -2.50, 0.000, 350.76, -0.02);
insert into SHOT values (9488, 9505, 9507, 3441, 0.580, 315.35, -3.40, 0.580, 315.35, -3.40, 0.000, 184.35, -0.01);
insert into SHOT values (9489, 9505, 9508, 3441, 0.800, 125.05, 81.00, 0.800, 125.05, 81.00, 0.000, 354.38, -0.00);
insert into SHOT values (9490, 9505, 9509, 3441, 0.580, 313.55, -71.90, 0.580, 313.55, -71.90, 0.000, 199.24, -0.03);
insert into SHOT values (9491, 9505, 9510, 3441, 3.270, 207.15, 39.70, 3.270, 207.15, 39.70, 0.000, 190.05, -0.01);
insert into SHOT values (9492, 9510, 9511, 3441, 0.580, 324.25, 3.40, 0.580, 324.25, 3.40, 0.000, 140.10, 0.06);
insert into SHOT values (9493, 9510, 9512, 3441, 0.550, 136.95, 2.70, 0.550, 136.95, 2.70, 0.000, 310.21, -0.15);
insert into SHOT values (9494, 9510, 9513, 3441, 0.290, 173.65, 85.40, 0.290, 173.65, 85.40, 0.000, 175.54, -0.02);
insert into SHOT values (9495, 9510, 9514, 3441, 0.530, 267.05, -70.80, 0.530, 267.05, -70.80, 0.000, 355.58, -0.02);
insert into SHOT values (9496, 9467, 9515, 3441, 10.810, 326.15, 1.70, 10.825, 325.79, 1.33, 0.099, 249.90, -44.71);
insert into SHOT values (9497, 9515, 9516, 3441, 9.590, 24.85, 0.20, 9.590, 24.85, 0.20, 0.000, 1.50, 0.00);
insert into SHOT values (9498, 9515, 9517, 3441, 3.490, 249.25, 0.40, 3.490, 249.25, 0.40, 0.000, 28.63, 0.00);
insert into SHOT values (9499, 9515, 9518, 3441, 6.510, 164.45, 3.30, 6.510, 164.45, 3.30, 0.000, 198.13, 0.02);
insert into SHOT values (9500, 9515, 9519, 3441, 1.030, 286.65, 78.70, 1.030, 286.65, 78.70, 0.000, 6.43, -0.02);
insert into SHOT values (9501, 9515, 9520, 3441, 0.340, 44.15, -70.40, 0.340, 44.15, -70.40, 0.000, 169.19, -0.01);
insert into SHOT values (9502, 9515, 9521, 3441, 12.690, 209.15, 8.40, 12.690, 209.15, 8.40, 0.000, 187.87, 0.01);
insert into SHOT values (9503, 9515, 9522, 3441, 10.430, 292.55, 0.10, 10.449, 292.28, -0.26, 0.083, 223.55, -51.57);
insert into SHOT values (9504, 9522, 9523, 3441, 4.890, 257.05, 0.00, 4.890, 257.05, 0.00, 0.000, 20.24, 0.00);
insert into SHOT values (9505, 9522, 9524, 3441, 7.820, 187.25, -3.20, 7.820, 187.25, -3.20, 0.000, 187.79, 0.02);
insert into SHOT values (9506, 9522, 9525, 3441, 3.610, 131.05, 0.60, 3.610, 131.05, 0.60, 0.000, 175.13, 0.01);
insert into SHOT values (9507, 9522, 9526, 3441, 11.570, 53.35, 2.10, 11.570, 53.35, 2.10, 0.000, 186.27, -0.01);
insert into SHOT values (9508, 9522, 9527, 3441, 2.950, 29.35, 0.60, 2.950, 29.35, 0.60, 0.000, 12.06, -0.12);
insert into SHOT values (9509, 9522, 9528, 3441, 0.890, 183.85, 68.70, 0.890, 183.85, 68.70, 0.000, 192.51, 0.02);
insert into SHOT values (9510, 9522, 9529, 3441, 0.510, 229.95, -77.70, 0.510, 229.95, -77.70, 0.000, 354.89, 0.01);
insert into SHOT values (9511, 9522, 9530, 3441, 4.770, 157.35, -5.10, 4.770, 157.35, -5.10, 0.000, 344.68, 0.02);
insert into SHOT values (9512, 9530, 9531, 3441, 1.240, 217.95, 3.10, 1.240, 217.95, 3.10, 0.000, 357.18, -0.02);
insert into SHOT values (9513, 9530, 9532, 3441, 0.350, 57.15, 3.30, 0.350, 57.15, 3.30, 0.000, 187.16, -0.01);
insert into SHOT values (9514, 9530, 9533, 3441, 0.940, 196.65, 73.40, 0.940, 196.65, 73.40, 0.000, 353.40, 0.03);
insert into SHOT values (9515, 9530, 9534, 3441, 0.420, 222.35, -71.60, 0.420, 222.35, -71.60, 0.000, 184.65, 0.00);
insert into SHOT values (9516, 9530, 9535, 3441, 7.290, 156.65, -1.90, 7.290, 156.65, -1.90, 0.000, 0.89, -0.00);
insert into SHOT values (9517, 9535, 9536, 3441, 0.350, 63.75, -6.90, 0.350, 63.75, -6.90, 0.000, 3.63, 0.01);
insert into SHOT values (9518, 9535, 9537, 3441, 0.360, 223.25, -11.50, 0.360, 223.25, -11.50, 0.000, 17.94, 0.07);
insert into SHOT values (9519, 9535, 9538, 3441, 0.380, 65.85, 87.00, 0.380, 65.85, 87.00, 0.000, 182.56, 0.01);
insert into SHOT values (9520, 9535, 9539, 3441, 0.410, 239.95, -76.70, 0.410, 239.95, -76.70, 0.000, 6.52, -0.01);
insert into SHOT values (9521, 9522, 9540, 3441, 8.720, 339.65, -1.90, 8.724, 339.28, -2.21, 0.073, 252.27, -40.38);
insert into SHOT values (9522, 9540, 9541, 3441, 7.970, 226.75, -2.20, 7.970, 226.75, -2.20, 0.000, 180.74, 0.01);
insert into SHOT values (9523, 9540, 9542, 3441, 12.980, 277.25, -1.40, 12.980, 277.25, -1.40, 0.000, 184.13, 0.01);
insert into SHOT values (9524, 9540, 9543, 3441, 13.470, 353.85, 2.70, 13.470, 353.85, 2.70, 0.000, 334.56, -0.04);
insert into SHOT values (9525, 9540, 9544, 3441, 23.700, 32.55, 1.20, 23.700, 32.55, 1.20, 0.000, 192.63, -0.01);
insert into SHOT values (9526, 9540, 9545, 3441, 25.400, 60.55, 1.10, 25.400, 60.55, 1.10, 0.000, 68.45, -0.13);
insert into SHOT values (9527, 9540, 9546, 3441, 0.860, 279.15, 47.00, 0.860, 279.15, 47.00, 0.000, 186.99, -0.01);
insert into SHOT values (9528, 9540, 9547, 3441, 0.490, 51.35, -80.30, 0.490, 51.35, -80.30, 0.000, 357.50, 0.01);
insert into SHOT values (9529, 9540, 9548, 3441, 8.540, 308.45, -1.20, 8.557, 308.16, -1.50, 0.064, 238.45, -45.34);
insert into SHOT values (9530, 9548, 9549, 3441, 10.560, 304.85, -5.10, 10.560, 304.85, -5.10, 0.000, 177.19, 0.02);
insert into SHOT values (9531, 9548, 9550, 3441, 22.460, 47.55, 2.70, 22.460, 47.55, 2.70, 0.000, 11.32, -0.01);
insert into SHOT values (9532, 9548, 9551, 3441, 22.500, 76.75, 2.70, 22.500, 76.75, 2.70, 0.000, 6.93, 0.06);
insert into SHOT values (9533, 9548, 9552, 3441, 3.420, 98.05, 2.20, 3.420, 98.05, 2.20, 0.000, 195.67, 0.01);
insert into SHOT values (9534, 9548, 9553, 3441, 10.540, 178.25, -0.50, 10.540, 178.25, -0.50, 0.000, 7.01, -0.01);
insert into SHOT values (9535, 9548, 9554, 3441, 4.490, 267.75, -1.90, 4.490, 267.75, -1.90, 0.000, 165.93, 0.04);
insert into SHOT values (9536, 9548, 9555, 3441, 12.260, 227.15, 5.20, 12.260, 227.15, 5.20, 0.000, 10.48, -0.00);
insert into SHOT values (9537, 9555, 9556, 3441, 1.960, 315.55, 1.80, 1.960, 315.55, 1.80, 0.000, 179.19, 0.01);
insert into SHOT values (9538, 9555, 9557, 3441, 1.020, 156.95, 12.90, 1.020, 156.95, 12.90, 0.000, 342.11, -0.01);
insert into SHOT values (9539, 9555, 9558, 3441, 1.170, 182.05, 74.10, 1.170, 182.05, 74.10, 0.000, 355.56, -0.01);
insert into SHOT values (9540, 9555, 9559, 3441, 1.120, 177.05, -81.10, 1.120, 177.05, -81.10, 0.000, 176.30, -0.01);
insert into SHOT values (9541, 9548, 9560, 3441, 15.860, 359.65, 0.50, 15.846, 359.03, -0.02, 0.223, 264.92, -39.90);
insert into SHOT values (9542, 9560, 9358, 3441, 3.190, 233.15, -6.10, 3.216, 233.25, -6.26, 0.028, 246.37, -24.86);
insert into SCRAPS values (3443, 3437, 'SP-Alex7-1', 1, 100.00000, 1.03799);
 insert into MAPS values (3535, 3437, 'MP-Alex7', 'Alex7', 1, 269.200, -10.395);
 insert into MAPITEMS values (3535, 4, 3443);
 insert into SURVEY values (3539, 50, 'Vertikalnaya', 'Vertikalnaya.Koytendag', 'Vertikalnaya');
 insert into CENTRELINE values (3540, 3539, NULL, NULL, NULL, 0.00, 0.00, 0.00);
 insert into SURVEY values (3541, 3539, 'Vertikalnaya', 'Vertikalnaya.Vertikalnaya.Koytendag', 'Vertikalnaya');
 insert into CENTRELINE values (3542, 3541, NULL, NULL, NULL, 0.00, 0.00, 0.00);
 insert into CENTRELINE values (3543, 3541, NULL, '2024-04-22', NULL, 544.83, 0.00, 0.00);
 insert into TOPO values (4, 3543);
 insert into TOPO values (1, 3543);
 insert into TOPO values (9, 3543);
 insert into TOPO values (7, 3543);
 insert into SHOT values (9543, 9561, 9562, 3543, 2.200, 226.75, 3.70, 2.200, 226.75, 3.70, 0.000, 154.03, 0.02);
insert into SHOT values (9544, 9561, 9563, 3543, 4.890, 166.25, -0.80, 4.890, 166.25, -0.80, 0.000, 196.33, -0.02);
insert into SHOT values (9545, 9561, 9564, 3543, 7.220, 133.25, -2.50, 7.220, 133.25, -2.50, 0.000, 182.38, -0.01);
insert into SHOT values (9546, 9561, 9565, 3543, 1.410, 79.95, 4.40, 1.410, 79.95, 4.40, 0.000, 185.48, -0.05);
insert into SHOT values (9547, 9561, 9566, 3543, 1.320, 141.35, -84.70, 1.320, 141.35, -84.70, 0.000, 300.67, -0.03);
insert into SHOT values (9548, 9561, 9567, 3543, 1.590, 83.75, -26.60, 1.590, 83.75, -26.60, 0.000, 174.06, 0.05);
insert into SHOT values (9549, 9561, 9568, 3543, 2.040, 224.65, -28.80, 2.040, 224.65, -28.80, 0.000, 181.84, -0.00);
insert into SHOT values (9550, 9561, 9569, 3543, 1.380, 166.25, 83.50, 1.380, 166.25, 83.50, 0.000, 7.85, -0.01);
insert into SHOT values (9551, 9561, 9570, 3543, 1.640, 208.45, 17.60, 1.640, 208.45, 17.60, 0.000, 3.60, -0.02);
insert into SHOT values (9552, 9561, 9571, 3543, 1.010, 89.65, 9.50, 1.010, 89.65, 9.50, 0.000, 187.79, 0.02);
insert into SHOT values (9553, 9561, 9572, 3543, 13.520, 141.15, -11.10, 13.520, 141.15, -11.10, 0.000, 0.90, -0.01);
insert into SHOT values (9554, 9572, 9573, 3543, 4.040, 123.15, -4.10, 4.040, 123.15, -4.10, 0.000, 187.41, -0.03);
insert into SHOT values (9555, 9572, 9574, 3543, 8.710, 160.45, -1.00, 8.710, 160.45, -1.00, 0.000, 279.65, 0.67);
insert into SHOT values (9556, 9572, 9575, 3543, 3.210, 220.65, -2.00, 3.210, 220.65, -2.00, 0.000, 197.79, 0.06);
insert into SHOT values (9557, 9572, 9576, 3543, 1.740, 58.55, -1.30, 1.740, 58.55, -1.30, 0.000, 6.97, -0.01);
insert into SHOT values (9558, 9572, 9577, 3543, 4.230, 349.45, 14.30, 4.230, 349.45, 14.30, 0.000, 172.17, 0.01);
insert into SHOT values (9559, 9572, 9578, 3543, 3.610, 287.25, 10.70, 3.610, 287.25, 10.70, 0.000, 330.01, 0.05);
insert into SHOT values (9560, 9572, 9579, 3543, 0.400, 182.85, 86.00, 0.400, 182.85, 86.00, 0.000, 351.47, -0.02);
insert into SHOT values (9561, 9572, 9580, 3543, 0.380, 346.45, -81.60, 0.380, 346.45, -81.60, 0.000, 0.01, -0.00);
insert into SHOT values (9562, 9572, 9581, 3543, 13.160, 132.25, 0.60, 13.160, 132.25, 0.60, 0.000, 359.25, 0.05);
insert into SHOT values (9563, 9581, 9582, 3543, 6.980, 64.95, -0.60, 6.980, 64.95, -0.60, 0.000, 190.39, -0.00);
insert into SHOT values (9564, 9581, 9583, 3543, 13.760, 77.15, -1.10, 13.760, 77.15, -1.10, 0.000, 6.89, 0.01);
insert into SHOT values (9565, 9581, 9584, 3543, 22.600, 87.45, -1.50, 22.600, 87.45, -1.50, 0.000, 181.27, -0.00);
insert into SHOT values (9566, 9581, 9585, 3543, 0.730, 120.15, -2.40, 0.730, 120.15, -2.40, 0.000, 204.21, -0.66);
insert into SHOT values (9567, 9581, 9586, 3543, 4.580, 261.95, 1.80, 4.580, 261.95, 1.80, 0.000, 2.91, -0.01);
insert into SHOT values (9568, 9581, 9587, 3543, 6.780, 319.65, 1.50, 6.780, 319.65, 1.50, 0.000, 206.19, -0.05);
insert into SHOT values (9569, 9581, 9588, 3543, 11.970, 297.55, 1.50, 11.970, 297.55, 1.50, 0.000, 178.52, -0.01);
insert into SHOT values (9570, 9581, 9589, 3543, 0.580, 154.75, 82.70, 0.580, 154.75, 82.70, 0.000, 25.86, -0.02);
insert into SHOT values (9571, 9581, 9590, 3543, 4.160, 12.15, -2.40, 4.160, 12.15, -2.40, 0.000, 197.01, 0.02);
insert into SHOT values (9572, 9581, 9591, 3543, 1.190, 51.85, -84.90, 1.190, 51.85, -84.90, 0.000, 17.13, -0.02);
insert into SHOT values (9573, 9581, 9592, 3543, 3.690, 10.75, -15.60, 3.690, 10.75, -15.60, 0.000, 182.81, -0.01);
insert into SHOT values (9574, 9581, 9593, 3543, 3.260, 15.25, 37.10, 3.260, 15.25, 37.10, 0.000, 323.30, -0.09);
insert into SHOT values (9575, 9581, 9594, 3543, 20.130, 84.15, -1.60, 20.130, 84.15, -1.60, 0.000, 1.16, -0.01);
insert into SHOT values (9576, 9594, 9595, 3543, 11.080, 138.85, -0.70, 11.080, 138.85, -0.70, 0.000, 180.48, 0.02);
insert into SHOT values (9577, 9594, 9596, 3543, 4.320, 130.85, 2.40, 4.320, 130.85, 2.40, 0.000, 189.59, 0.01);
insert into SHOT values (9578, 9594, 9597, 3543, 4.820, 186.25, 2.20, 4.820, 186.25, 2.20, 0.000, 166.23, -0.04);
insert into SHOT values (9579, 9594, 9598, 3543, 6.520, 236.45, 2.00, 6.520, 236.45, 2.00, 0.000, 177.16, 0.01);
insert into SHOT values (9580, 9594, 9599, 3543, 13.950, 257.75, 4.10, 13.950, 257.75, 4.10, 0.000, 1.65, -0.01);
insert into SHOT values (9581, 9594, 9600, 3543, 1.830, 290.55, 1.60, 1.830, 290.55, 1.60, 0.000, 211.04, -0.05);
insert into SHOT values (9582, 9594, 9601, 3543, 2.170, 220.35, 73.90, 2.170, 220.35, 73.90, 0.000, 180.86, 0.01);
insert into SHOT values (9583, 9594, 9602, 3543, 4.460, 220.75, 49.00, 4.460, 220.75, 49.00, 0.000, 189.54, -0.03);
insert into SHOT values (9584, 9594, 9603, 3543, 5.000, 203.85, 26.80, 5.000, 203.85, 26.80, 0.000, 182.62, -0.00);
insert into SHOT values (9585, 9594, 9604, 3543, 4.680, 201.95, -17.10, 4.680, 201.95, -17.10, 0.000, 4.11, -0.01);
insert into SHOT values (9586, 9594, 9605, 3543, 1.250, 142.55, -87.80, 1.250, 142.55, -87.80, 0.000, 174.66, 0.03);
insert into SHOT values (9587, 9594, 9606, 3543, 1.350, 22.35, -66.80, 1.350, 22.35, -66.80, 0.000, 200.50, 0.05);
insert into SHOT values (9588, 9594, 9607, 3543, 10.930, 138.05, 2.90, 10.930, 138.05, 2.90, 0.000, 176.23, 0.01);
insert into SHOT values (9589, 9607, 9608, 3543, 3.250, 9.95, -2.00, 3.250, 9.95, -2.00, 0.000, 359.29, 0.01);
insert into SHOT values (9590, 9607, 9609, 3543, 6.820, 60.15, 2.10, 6.820, 60.15, 2.10, 0.000, 195.17, 0.02);
insert into SHOT values (9591, 9607, 9610, 3543, 14.550, 86.05, 0.70, 14.550, 86.05, 0.70, 0.000, 349.28, 0.04);
insert into SHOT values (9592, 9607, 9611, 3543, 5.320, 97.95, 2.20, 5.320, 97.95, 2.20, 0.000, 355.30, 0.02);
insert into SHOT values (9593, 9607, 9612, 3543, 3.260, 286.15, -4.20, 3.260, 286.15, -4.20, 0.000, 197.05, -0.01);
insert into SHOT values (9594, 9607, 9613, 3543, 4.330, 292.55, -1.50, 4.330, 292.55, -1.50, 0.000, 153.37, 0.00);
insert into SHOT values (9595, 9607, 9614, 3543, 17.760, 302.15, -2.80, 17.760, 302.15, -2.80, 0.000, 184.96, 0.01);
insert into SHOT values (9596, 9607, 9615, 3543, 5.940, 322.35, -1.40, 5.940, 322.35, -1.40, 0.000, 181.56, 0.02);
insert into SHOT values (9597, 9607, 9616, 3543, 4.060, 342.65, -0.50, 4.060, 342.65, -0.50, 0.000, 148.40, -0.08);
insert into SHOT values (9598, 9607, 9617, 3543, 3.120, 359.25, 7.50, 3.120, 359.25, 7.50, 0.000, 357.26, 0.01);
insert into SHOT values (9599, 9607, 9618, 3543, 2.220, 359.95, 70.40, 2.220, 359.95, 70.40, 0.000, 189.10, 0.01);
insert into SHOT values (9600, 9607, 9619, 3543, 2.870, 9.05, 44.40, 2.870, 9.05, 44.40, 0.000, 193.44, -0.01);
insert into SHOT values (9601, 9607, 9620, 3543, 2.210, 17.35, 5.00, 2.210, 17.35, 5.00, 0.000, 1.50, 0.00);
insert into SHOT values (9602, 9607, 9621, 3543, 3.500, 17.55, -23.60, 3.500, 17.55, -23.60, 0.000, 354.91, 0.00);
insert into SHOT values (9603, 9607, 9622, 3543, 1.410, 114.55, -86.80, 1.410, 114.55, -86.80, 0.000, 23.84, -0.01);
insert into SHOT values (9604, 9607, 9623, 3543, 0.320, 191.55, 7.40, 0.320, 191.55, 7.40, 0.000, 173.82, -0.00);
insert into SHOT values (9605, 9607, 9624, 3543, 9.720, 74.75, 4.70, 9.720, 74.75, 4.70, 0.000, 176.84, -0.01);
insert into SHOT values (9606, 9624, 9625, 3543, 5.030, 196.55, -4.20, 5.030, 196.55, -4.20, 0.000, 0.46, -0.01);
insert into SHOT values (9607, 9624, 9626, 3543, 6.030, 132.65, 0.20, 6.030, 132.65, 0.20, 0.000, 183.00, -0.01);
insert into SHOT values (9608, 9624, 9627, 3543, 9.110, 101.65, 3.30, 9.110, 101.65, 3.30, 0.000, 187.11, 0.01);
insert into SHOT values (9609, 9624, 9628, 3543, 13.120, 75.55, 3.10, 13.120, 75.55, 3.10, 0.000, 4.60, -0.01);
insert into SHOT values (9610, 9624, 9629, 3543, 7.230, 236.45, -6.70, 7.230, 236.45, -6.70, 0.000, 236.13, 0.08);
insert into SHOT values (9611, 9624, 9630, 3543, 11.330, 258.95, -7.10, 11.330, 258.95, -7.10, 0.000, 181.56, 0.01);
insert into SHOT values (9612, 9624, 9631, 3543, 3.780, 190.45, 37.30, 3.780, 190.45, 37.30, 0.000, 175.69, -0.02);
insert into SHOT values (9613, 9624, 9632, 3543, 5.890, 176.55, 9.50, 5.890, 176.55, 9.50, 0.000, 4.49, 0.01);
insert into SHOT values (9614, 9624, 9633, 3543, 3.530, 174.95, -24.20, 3.530, 174.95, -24.20, 0.000, 4.50, 0.01);
insert into SHOT values (9615, 9624, 9634, 3543, 1.620, 184.35, -84.30, 1.620, 184.35, -84.30, 0.000, 354.15, 0.01);
insert into SHOT values (9616, 9624, 9635, 3543, 1.550, 16.05, -50.30, 1.550, 16.05, -50.30, 0.000, 203.07, -0.02);
insert into SHOT values (9617, 9624, 9636, 3543, 6.250, 146.85, -1.00, 6.250, 146.85, -1.00, 0.000, 318.80, 0.05);
insert into SHOT values (9618, 9636, 9637, 3543, 1.240, 208.75, 5.80, 1.240, 208.75, 5.80, 0.000, 5.95, -0.02);
insert into SHOT values (9619, 9636, 9638, 3543, 1.700, 44.65, 3.30, 1.700, 44.65, 3.30, 0.000, 12.21, 0.02);
insert into SHOT values (9620, 9636, 9639, 3543, 2.300, 97.65, 3.80, 2.300, 97.65, 3.80, 0.000, 354.38, 0.01);
insert into SHOT values (9621, 9636, 9640, 3543, 2.100, 130.75, 1.50, 2.100, 130.75, 1.50, 0.000, 182.99, 0.01);
insert into SHOT values (9622, 9636, 9641, 3543, 1.840, 142.95, -2.90, 1.840, 142.95, -2.90, 0.000, 180.47, 0.08);
insert into SHOT values (9623, 9636, 9642, 3543, 6.490, 345.75, 3.60, 6.490, 345.75, 3.60, 0.000, 182.65, -0.00);
insert into SHOT values (9624, 9636, 9643, 3543, 11.180, 21.85, 2.70, 11.180, 21.85, 2.70, 0.000, 8.05, 0.01);
insert into SHOT values (9625, 9636, 9644, 3543, 6.540, 282.85, -0.40, 6.540, 282.85, -0.40, 0.000, 194.50, -0.00);
insert into SHOT values (9626, 9636, 9645, 3543, 10.290, 308.25, -3.90, 10.290, 308.25, -3.90, 0.000, 346.87, 0.02);
insert into SHOT values (9627, 9636, 9646, 3543, 3.300, 37.55, 83.20, 3.300, 37.55, 83.20, 0.000, 171.31, -0.01);
insert into SHOT values (9628, 9636, 9647, 3543, 1.760, 21.45, 44.20, 1.760, 21.45, 44.20, 0.000, 183.44, 0.02);
insert into SHOT values (9629, 9636, 9648, 3543, 4.120, 216.85, 47.50, 4.120, 216.85, 47.50, 0.000, 41.62, -0.04);
insert into SHOT values (9630, 9636, 9649, 3543, 0.900, 0.65, -70.60, 0.900, 0.65, -70.60, 0.000, 192.27, 0.01);
insert into SHOT values (9631, 9636, 9650, 3543, 15.100, 100.85, -34.30, 15.100, 100.85, -34.30, 0.000, 355.46, -0.01);
insert into SHOT values (9632, 9636, 9651, 3543, 12.480, 40.05, 6.40, 12.480, 40.05, 6.40, 0.000, 118.80, 0.16);
insert into SHOT values (9633, 9651, 9652, 3543, 6.060, 128.05, 8.40, 6.060, 128.05, 8.40, 0.000, 166.31, -0.01);
insert into SHOT values (9634, 9651, 9653, 3543, 7.170, 175.85, 1.30, 7.170, 175.85, 1.30, 0.000, 175.27, 0.01);
insert into SHOT values (9635, 9651, 9654, 3543, 5.000, 202.35, -2.30, 5.000, 202.35, -2.30, 0.000, 337.78, -0.03);
insert into SHOT values (9636, 9651, 9655, 3543, 9.670, 219.65, -3.30, 9.670, 219.65, -3.30, 0.000, 353.36, -0.02);
insert into SHOT values (9637, 9651, 9656, 3543, 7.300, 255.55, -2.80, 7.300, 255.55, -2.80, 0.000, 236.98, 0.07);
insert into SHOT values (9638, 9651, 9657, 3543, 1.070, 206.45, 71.90, 1.070, 206.45, 71.90, 0.000, 96.46, 0.00);
insert into SHOT values (9639, 9651, 9658, 3543, 0.840, 184.55, -85.60, 0.840, 184.55, -85.60, 0.000, 0.78, -0.01);
insert into SHOT values (9640, 9651, 9659, 3543, 5.100, 157.75, 5.30, 5.100, 157.75, 5.30, 0.000, 9.06, -0.03);
insert into SHOT values (9641, 9659, 9660, 3543, 3.800, 244.25, 0.30, 3.800, 244.25, 0.30, 0.000, 179.74, 0.00);
insert into SHOT values (9642, 9659, 9661, 3543, 6.660, 312.75, -2.50, 6.660, 312.75, -2.50, 0.000, 2.39, -0.00);
insert into SHOT values (9643, 9659, 9662, 3543, 5.750, 13.85, 3.90, 5.750, 13.85, 3.90, 0.000, 1.24, -0.01);
insert into SHOT values (9644, 9659, 9663, 3543, 0.620, 153.55, 2.90, 0.620, 153.55, 2.90, 0.000, 180.46, 0.01);
insert into SHOT values (9645, 9659, 9664, 3543, 0.800, 320.85, 79.50, 0.800, 320.85, 79.50, 0.000, 353.64, -0.01);
insert into SHOT values (9646, 9659, 9665, 3543, 1.570, 328.65, -73.20, 1.570, 328.65, -73.20, 0.000, 173.25, -0.00);
insert into SHOT values (9647, 9659, 9666, 3543, 6.910, 221.55, 2.60, 6.910, 221.55, 2.60, 0.000, 176.29, -0.00);
insert into SHOT values (9648, 9666, 9667, 3543, 2.240, 213.05, -19.40, 2.240, 213.05, -19.40, 0.000, 69.70, -0.18);
insert into SHOT values (9649, 9666, 9668, 3543, 2.560, 322.85, -1.80, 2.560, 322.85, -1.80, 0.000, 186.96, 0.01);
insert into SHOT values (9650, 9666, 9669, 3543, 1.590, 75.45, 5.90, 1.590, 75.45, 5.90, 0.000, 186.73, -0.01);
insert into SHOT values (9651, 9666, 9670, 3543, 1.230, 129.45, 4.20, 1.230, 129.45, 4.20, 0.000, 231.36, 0.10);
insert into SHOT values (9652, 9666, 9671, 3543, 0.930, 233.35, 88.40, 0.930, 233.35, 88.40, 0.000, 12.64, 0.03);
insert into SHOT values (9653, 9666, 9672, 3543, 1.410, 261.75, -61.70, 1.410, 261.75, -61.70, 0.000, 181.13, -0.00);
insert into SHOT values (9654, 9666, 9673, 3543, 5.160, 104.15, 9.60, 5.160, 104.15, 9.60, 0.000, 359.03, -0.01);
insert into SHOT values (9655, 9659, 9674, 3543, 9.440, 63.95, 12.20, 9.440, 63.95, 12.20, 0.000, 182.22, -0.00);
insert into SHOT values (9656, 9674, 9675, 3543, 1.510, 302.15, 9.00, 1.510, 302.15, 9.00, 0.000, 218.91, 0.07);
insert into SHOT values (9657, 9674, 9676, 3543, 3.420, 6.05, 19.70, 3.420, 6.05, 19.70, 0.000, 349.92, 0.02);
insert into SHOT values (9658, 9674, 9677, 3543, 2.750, 50.25, 21.50, 2.750, 50.25, 21.50, 0.000, 182.86, 0.02);
insert into SHOT values (9659, 9674, 9678, 3543, 2.560, 209.65, -0.10, 2.560, 209.65, -0.10, 0.000, 4.25, 0.03);
insert into SHOT values (9660, 9674, 9679, 3543, 0.360, 233.15, 59.30, 0.360, 233.15, 59.30, 0.000, 181.60, -0.01);
insert into SHOT values (9661, 9674, 9680, 3543, 0.670, 344.45, -71.00, 0.670, 344.45, -71.00, 0.000, 0.45, 0.00);
insert into SHOT values (9662, 9674, 9681, 3543, 3.570, 284.65, -10.60, 3.570, 284.65, -10.60, 0.000, 355.09, -0.02);
insert into SHOT values (9663, 9674, 9682, 3543, 6.300, 20.25, 17.70, 6.300, 20.25, 17.70, 0.000, 347.21, 0.05);
insert into SHOT values (9664, 9682, 9683, 3543, 4.460, 269.75, -2.30, 4.460, 269.75, -2.30, 0.000, 330.99, -0.00);
insert into SHOT values (9665, 9682, 9684, 3543, 2.560, 327.35, 3.20, 2.560, 327.35, 3.20, 0.000, 182.39, -0.01);
insert into SHOT values (9666, 9682, 9685, 3543, 4.470, 26.75, 4.90, 4.470, 26.75, 4.90, 0.000, 9.66, -0.01);
insert into SHOT values (9667, 9682, 9686, 3543, 5.000, 64.45, 11.20, 5.000, 64.45, 11.20, 0.000, 10.08, -0.02);
insert into SHOT values (9668, 9682, 9687, 3543, 5.560, 109.65, 24.60, 5.560, 109.65, 24.60, 0.000, 10.27, -0.00);
insert into SHOT values (9669, 9682, 9688, 3543, 4.050, 156.05, 4.40, 4.050, 156.05, 4.40, 0.000, 180.78, -0.02);
insert into SHOT values (9670, 9682, 9689, 3543, 1.590, 238.15, -8.30, 1.590, 238.15, -8.30, 0.000, 190.23, 0.00);
insert into SHOT values (9671, 9682, 9690, 3543, 2.310, 194.75, -7.40, 2.310, 194.75, -7.40, 0.000, 5.68, -0.02);
insert into SHOT values (9672, 9682, 9691, 3543, 1.220, 287.15, 43.40, 1.220, 287.15, 43.40, 0.000, 186.84, -0.01);
insert into SHOT values (9673, 9682, 9692, 3543, 0.960, 252.45, 72.50, 0.960, 252.45, 72.50, 0.000, 14.43, -0.04);
insert into SHOT values (9674, 9682, 9693, 3543, 4.310, 118.75, 26.80, 4.310, 118.75, 26.80, 0.000, 350.33, -0.05);
insert into SHOT values (9675, 9682, 9694, 3543, 4.520, 273.15, 0.30, 4.520, 273.15, 0.30, 0.000, 188.05, 0.01);
insert into SHOT values (9676, 9682, 9695, 3543, 3.870, 122.75, 38.80, 3.870, 122.75, 38.80, 0.000, 318.62, -0.08);
insert into SHOT values (9677, 9581, 9696, 3543, 9.460, 72.15, -2.30, 9.460, 72.15, -2.30, 0.000, 2.18, -0.01);
insert into SHOT values (9678, 9696, 9697, 3543, 8.530, 126.45, -3.10, 8.530, 126.45, -3.10, 0.000, 2.59, 0.00);
insert into SHOT values (9679, 9696, 9698, 3543, 4.380, 168.25, -1.50, 4.380, 168.25, -1.50, 0.000, 1.28, -0.01);
insert into SHOT values (9680, 9696, 9699, 3543, 3.980, 190.55, -1.40, 3.980, 190.55, -1.40, 0.000, 6.34, 0.01);
insert into SHOT values (9681, 9696, 9700, 3543, 3.710, 175.15, 57.80, 3.710, 175.15, 57.80, 0.000, 0.93, 0.02);
insert into SHOT values (9682, 9696, 9701, 3543, 1.470, 201.15, -76.30, 1.470, 201.15, -76.30, 0.000, 338.95, 0.01);
insert into SHOT values (9683, 9696, 9702, 3543, 0.300, 0.15, 5.50, 0.300, 0.15, 5.50, 0.000, 355.13, -0.02);
insert into SHOT values (9684, 9696, 9703, 3543, 6.310, 83.85, -37.20, 6.310, 83.85, -37.20, 0.000, 177.83, 0.02);
insert into SHOT values (9685, 9703, 9704, 3543, 1.510, 157.45, -7.70, 1.510, 157.45, -7.70, 0.000, 178.15, 0.02);
insert into SHOT values (9686, 9703, 9705, 3543, 2.950, 109.45, -1.70, 2.950, 109.45, -1.70, 0.000, 11.30, -0.01);
insert into SHOT values (9687, 9703, 9706, 3543, 2.010, 130.65, -0.40, 2.010, 130.65, -0.40, 0.000, 358.06, 0.01);
insert into SHOT values (9688, 9703, 9707, 3543, 1.560, 245.95, -1.20, 1.560, 245.95, -1.20, 0.000, 168.59, 0.05);
insert into SHOT values (9689, 9703, 9708, 3543, 1.300, 282.75, 1.80, 1.300, 282.75, 1.80, 0.000, 173.37, -0.01);
insert into SHOT values (9690, 9703, 9709, 3543, 6.480, 199.35, 74.20, 6.480, 199.35, 74.20, 0.000, 20.79, -0.01);
insert into SHOT values (9691, 9703, 9710, 3543, 8.260, 103.35, -70.70, 8.260, 103.35, -70.70, 0.000, 74.05, -0.12);
insert into SHOT values (9692, 9703, 9711, 3543, 9.940, 249.05, -80.00, 9.940, 249.05, -80.00, 0.000, 1.76, 0.00);
insert into SHOT values (9693, 9703, 9712, 3543, 13.110, 108.15, -82.50, 13.110, 108.15, -82.50, 0.000, 188.91, -0.02);
insert into SHOT values (9694, 9712, 9713, 3543, 1.340, 9.45, 9.10, 1.340, 9.45, 9.10, 0.000, 344.72, -0.02);
insert into SHOT values (9695, 9712, 9714, 3543, 4.150, 86.35, 6.30, 4.150, 86.35, 6.30, 0.000, 167.81, 0.02);
insert into SHOT values (9696, 9712, 9715, 3543, 1.440, 299.35, 16.40, 1.440, 299.35, 16.40, 0.000, 185.30, 0.01);
insert into SHOT values (9697, 9712, 9716, 3543, 6.670, 285.15, 38.40, 6.670, 285.15, 38.40, 0.000, 48.89, 0.09);
insert into SHOT values (9698, 9712, 9717, 3543, 18.920, 252.35, 82.60, 18.920, 252.35, 82.60, 0.000, 179.86, -0.01);
insert into SHOT values (9699, 9712, 9718, 3543, 4.650, 76.45, -45.50, 4.650, 76.45, -45.50, 0.000, 181.54, 0.00);
insert into SHOT values (9700, 9712, 9719, 3543, 2.040, 45.55, -36.50, 2.040, 45.55, -36.50, 0.000, 148.53, 0.06);
insert into SHOT values (9701, 9712, 9720, 3543, 3.010, 59.45, -51.30, 3.010, 59.45, -51.30, 0.000, 148.48, -0.00);
insert into SHOT values (9702, 9720, 9721, 3543, 0.980, 179.65, -4.50, 0.980, 179.65, -4.50, 0.000, 355.42, 0.01);
insert into SHOT values (9703, 9720, 9722, 3543, 0.790, 244.25, -1.10, 0.790, 244.25, -1.10, 0.000, 352.47, -0.02);
insert into SHOT values (9704, 9720, 9723, 3543, 2.200, 79.05, -16.40, 2.200, 79.05, -16.40, 0.000, 215.45, 0.07);
insert into SHOT values (9705, 9720, 9724, 3543, 1.770, 123.55, -11.90, 1.770, 123.55, -11.90, 0.000, 355.98, -0.01);
insert into SHOT values (9706, 9720, 9725, 3543, 0.650, 260.25, -59.30, 0.650, 260.25, -59.30, 0.000, 355.99, -0.00);
insert into SHOT values (9707, 9720, 9726, 3543, 7.810, 210.65, -82.60, 7.810, 210.65, -82.60, 0.000, 0.98, 0.02);
insert into SHOT values (9708, 9720, 9727, 3543, 21.990, 254.45, 76.70, 21.990, 254.45, 76.70, 0.000, 174.59, 0.01);
insert into SHOT values (9709, 9720, 9728, 3543, 11.560, 269.85, -69.20, 11.560, 269.85, -69.20, 0.000, 181.43, 0.01);
insert into SHOT values (9710, 9728, 9729, 3543, 3.030, 22.05, 5.90, 3.030, 22.05, 5.90, 0.000, 227.86, -0.05);
insert into SHOT values (9711, 9728, 9730, 3543, 2.930, 311.05, -0.00, 2.930, 311.05, 0.00, 0.000, 4.01, 0.00);
insert into SHOT values (9712, 9728, 9731, 3543, 14.360, 289.35, 38.30, 14.360, 289.35, 38.30, 0.000, 351.89, -0.02);
insert into SHOT values (9713, 9728, 9732, 3543, 3.170, 60.05, -3.10, 3.170, 60.05, -3.10, 0.000, 1.23, -0.02);
insert into SHOT values (9714, 9728, 9733, 3543, 0.860, 129.45, 7.70, 0.860, 129.45, 7.70, 0.000, 0.68, 0.01);
insert into SHOT values (9715, 9728, 9734, 3543, 1.870, 10.25, -61.90, 1.870, 10.25, -61.90, 0.000, 336.39, 0.00);
insert into SHOT values (9716, 9728, 9735, 3543, 10.000, 278.65, 83.40, 10.000, 278.65, 83.40, 0.000, 146.57, -0.02);
insert into SHOT values (9717, 9728, 9736, 3543, 13.750, 290.65, 41.70, 13.750, 290.65, 41.70, 0.000, 167.42, 0.03);
insert into SHOT values (9718, 9728, 9737, 3543, 11.930, 325.45, -63.10, 11.930, 325.45, -63.10, 0.000, 347.92, 0.02);
insert into SHOT values (9719, 9737, 9738, 3543, 7.800, 271.55, 12.80, 7.800, 271.55, 12.80, 0.000, 357.30, 0.00);
insert into SHOT values (9720, 9737, 9739, 3543, 8.250, 284.65, 8.80, 8.250, 284.65, 8.80, 0.000, 49.65, -0.04);
insert into SHOT values (9721, 9737, 9740, 3543, 0.970, 212.35, 7.50, 0.970, 212.35, 7.50, 0.000, 161.74, -0.02);
insert into SHOT values (9722, 9737, 9741, 3543, 2.230, 127.35, -2.20, 2.230, 127.35, -2.20, 0.000, 353.08, 0.02);
insert into SHOT values (9723, 9737, 9742, 3543, 0.420, 17.25, -5.60, 0.420, 17.25, -5.60, 0.000, 217.67, 0.07);
insert into SHOT values (9724, 9737, 9743, 3543, 10.420, 179.65, 80.00, 10.420, 179.65, 80.00, 0.000, 353.40, 0.01);
insert into SHOT values (9725, 9737, 9744, 3543, 16.460, 262.45, -87.60, 16.460, 262.45, -87.60, 0.000, 179.10, -0.01);
insert into SHOT values (9726, 9744, 9745, 3543, 6.700, 184.15, -5.40, 6.700, 184.15, -5.40, 0.000, 189.91, 0.03);
insert into SHOT values (9727, 9744, 9746, 3543, 20.490, 242.45, -6.80, 20.490, 242.45, -6.80, 0.000, 160.66, 0.01);
insert into SHOT values (9728, 9744, 9747, 3543, 21.400, 330.35, 0.40, 21.400, 330.35, 0.40, 0.000, 12.64, 0.03);
insert into SHOT values (9729, 9744, 9748, 3543, 7.560, 13.75, 0.30, 7.560, 13.75, 0.30, 0.000, 187.74, 0.00);
insert into SHOT values (9730, 9744, 9749, 3543, 10.940, 317.05, 65.80, 10.940, 317.05, 65.80, 0.000, 182.28, 0.01);
insert into SHOT values (9731, 9744, 9750, 3543, 11.420, 19.25, -40.40, 11.420, 19.25, -40.40, 0.000, 179.84, 0.04);
insert into SHOT values (9732, 9744, 9751, 3543, 25.760, 293.75, -7.60, 25.760, 293.75, -7.60, 0.000, 170.18, -0.03);
insert into SHOT values (9733, 9751, 9752, 3543, 21.060, 163.65, 4.50, 21.060, 163.65, 4.50, 0.000, 356.70, -0.00);
insert into SHOT values (9734, 9751, 9753, 3543, 9.190, 336.15, -0.50, 9.190, 336.15, -0.50, 0.000, 172.40, -0.03);
insert into SHOT values (9735, 9751, 9754, 3543, 9.900, 279.05, 16.70, 9.900, 279.05, 16.70, 0.000, 176.22, -0.02);
insert into SHOT values (9736, 9751, 9755, 3543, 18.350, 215.45, 11.40, 18.350, 215.45, 11.40, 0.000, 181.39, -0.03);
insert into SHOT values (9737, 9751, 9756, 3543, 28.170, 130.45, 4.30, 28.170, 130.45, 4.30, 0.000, 327.49, 0.06);
insert into SHOT values (9738, 9751, 9757, 3543, 18.750, 61.45, 1.10, 18.750, 61.45, 1.10, 0.000, 301.51, 0.04);
insert into SHOT values (9739, 9751, 9758, 3543, 7.390, 268.45, 83.30, 7.390, 268.45, 83.30, 0.000, 3.45, -0.01);
insert into SHOT values (9740, 9751, 9759, 3543, 0.700, 41.55, -80.90, 0.700, 41.55, -80.90, 0.000, 4.62, 0.06);
insert into SHOT values (9741, 9751, 9760, 3543, 23.030, 260.45, 21.20, 23.030, 260.45, 21.20, 0.000, 8.51, -0.02);
insert into SHOT values (9742, 9760, 9761, 3543, 2.020, 181.65, 10.30, 2.020, 181.65, 10.30, 0.000, 188.78, -0.01);
insert into SHOT values (9743, 9760, 9762, 3543, 5.150, 126.75, -2.30, 5.150, 126.75, -2.30, 0.000, 356.85, 0.03);
insert into SHOT values (9744, 9760, 9763, 3543, 6.510, 73.05, 3.50, 6.510, 73.05, 3.50, 0.000, 336.93, 0.02);
insert into SHOT values (9745, 9760, 9764, 3543, 2.890, 8.75, 7.80, 2.890, 8.75, 7.80, 0.000, 357.88, 0.01);
insert into SHOT values (9746, 9760, 9765, 3543, 5.420, 329.05, 7.70, 5.420, 329.05, 7.70, 0.000, 3.66, -0.01);
insert into SHOT values (9747, 9760, 9766, 3543, 7.970, 247.95, 13.40, 7.970, 247.95, 13.40, 0.000, 194.22, -0.02);
insert into SHOT values (9748, 9760, 9767, 3543, 3.360, 21.35, 71.50, 3.360, 21.35, 71.50, 0.000, 344.07, 0.03);
insert into SHOT values (9749, 9760, 9768, 3543, 1.430, 126.75, -85.60, 1.430, 126.75, -85.60, 0.000, 191.79, 0.02);
insert into SHOT values (9750, 9760, 9769, 3543, 13.100, 266.15, 20.60, 13.100, 266.15, 20.60, 0.000, 181.57, -0.05);
insert into SHOT values (9751, 9769, 9770, 3543, 3.840, 153.95, 6.00, 3.840, 153.95, 6.00, 0.000, 185.09, 0.02);
insert into SHOT values (9752, 9769, 9771, 3543, 8.810, 210.15, 22.40, 8.810, 210.15, 22.40, 0.000, 176.68, -0.01);
insert into SHOT values (9753, 9769, 9772, 3543, 6.490, 332.55, 33.50, 6.490, 332.55, 33.50, 0.000, 321.12, -0.11);
insert into SHOT values (9754, 9769, 9773, 3543, 4.890, 27.15, 5.10, 4.890, 27.15, 5.10, 0.000, 3.69, -0.00);
insert into SHOT values (9755, 9769, 9774, 3543, 4.940, 63.05, -0.90, 4.940, 63.05, -0.90, 0.000, 178.55, 0.02);
insert into SHOT values (9756, 9769, 9775, 3543, 3.220, 290.05, 86.00, 3.220, 290.05, 86.00, 0.000, 351.27, -0.01);
insert into SHOT values (9757, 9769, 9776, 3543, 0.960, 36.65, -70.70, 0.960, 36.65, -70.70, 0.000, 2.49, -0.01);
insert into SHOT values (9758, 9769, 9777, 3543, 6.090, 275.65, 52.30, 6.090, 275.65, 52.30, 0.000, 185.07, -0.02);
insert into SHOT values (9759, 9777, 9778, 3543, 5.870, 333.05, -1.30, 5.870, 333.05, -1.30, 0.000, 4.26, 0.02);
insert into SHOT values (9760, 9777, 9779, 3543, 2.200, 80.75, -3.70, 2.200, 80.75, -3.70, 0.000, 192.34, -0.01);
insert into SHOT values (9761, 9777, 9780, 3543, 5.330, 159.35, -2.40, 5.330, 159.35, -2.40, 0.000, 183.20, 0.01);
insert into SHOT values (9762, 9777, 9781, 3543, 7.570, 203.75, -3.60, 7.570, 203.75, -3.60, 0.000, 203.36, 0.01);
insert into SHOT values (9763, 9777, 9782, 3543, 3.650, 257.05, 1.60, 3.650, 257.05, 1.60, 0.000, 175.89, -0.02);
insert into SHOT values (9764, 9777, 9783, 3543, 5.010, 308.65, -2.90, 5.010, 308.65, -2.90, 0.000, 15.83, -0.03);
insert into SHOT values (9765, 9777, 9784, 3543, 1.660, 141.35, 82.80, 1.660, 141.35, 82.80, 0.000, 357.68, -0.02);
insert into SHOT values (9766, 9777, 9785, 3543, 2.570, 335.85, -72.70, 2.570, 335.85, -72.70, 0.000, 298.09, -0.08);
insert into SHOT values (9767, 9777, 9786, 3543, 4.880, 247.35, 37.20, 4.880, 247.35, 37.20, 0.000, 353.69, 0.02);
insert into SHOT values (9768, 9786, 9787, 3543, 6.840, 346.65, 12.70, 6.840, 346.65, 12.70, 0.000, 4.64, 0.02);
insert into SHOT values (9769, 9786, 9788, 3543, 3.870, 36.55, 9.40, 3.870, 36.55, 9.40, 0.000, 272.09, -0.07);
insert into SHOT values (9770, 9786, 9789, 3543, 1.460, 93.95, 8.20, 1.460, 93.95, 8.20, 0.000, 359.41, 0.01);
insert into SHOT values (9771, 9786, 9790, 3543, 5.790, 262.25, 24.30, 5.790, 262.25, 24.30, 0.000, 180.43, -0.01);
insert into SHOT values (9772, 9786, 9791, 3543, 5.490, 207.25, 6.10, 5.490, 207.25, 6.10, 0.000, 171.44, -0.02);
insert into SHOT values (9773, 9786, 9792, 3543, 1.600, 272.75, -76.20, 1.600, 272.75, -76.20, 0.000, 345.96, 0.02);
insert into SHOT values (9774, 9786, 9793, 3543, 3.480, 4.55, 82.30, 3.480, 4.55, 82.30, 0.000, 5.48, 0.00);
insert into SHOT values (9775, 9786, 9794, 3543, 7.760, 261.65, 33.90, 7.760, 261.65, 33.90, 0.000, 11.15, -0.01);
insert into SHOT values (9776, 9794, 9795, 3543, 6.170, 359.55, 0.60, 6.170, 359.55, 0.60, 0.000, 203.39, -0.00);
insert into SHOT values (9777, 9794, 9796, 3543, 1.080, 189.35, 9.10, 1.080, 189.35, 9.10, 0.000, 178.37, 0.02);
insert into SHOT values (9778, 9794, 9797, 3543, 5.970, 84.45, -5.70, 5.970, 84.45, -5.70, 0.000, 184.18, 0.14);
insert into SHOT values (9779, 9794, 9798, 3543, 6.250, 51.55, -2.90, 6.250, 51.55, -2.90, 0.000, 180.36, 0.00);
insert into SHOT values (9780, 9794, 9799, 3543, 3.010, 331.25, 14.90, 3.010, 331.25, 14.90, 0.000, 351.84, -0.04);
insert into SHOT values (9781, 9794, 9800, 3543, 0.830, 170.05, 79.40, 0.830, 170.05, 79.40, 0.000, 191.81, 0.02);
insert into SHOT values (9782, 9794, 9801, 3543, 2.810, 94.85, -70.30, 2.810, 94.85, -70.30, 0.000, 167.27, -0.01);
insert into SHOT values (9783, 9794, 9802, 3543, 3.530, 312.85, 6.30, 3.530, 312.85, 6.30, 0.000, 186.45, -0.00);
insert into SHOT values (9784, 9794, 9803, 3543, 2.820, 261.85, 14.90, 2.820, 261.85, 14.90, 0.000, 188.55, 0.01);
insert into SHOT values (9785, 9794, 9804, 3543, 7.090, 295.25, 1.70, 7.090, 295.25, 1.70, 0.000, 358.60, -0.01);
insert into SHOT values (9786, 9804, 9805, 3543, 2.690, 26.95, 7.40, 2.690, 26.95, 7.40, 0.000, 187.44, -0.02);
insert into SHOT values (9787, 9804, 9806, 3543, 6.370, 349.45, 2.30, 6.370, 349.45, 2.30, 0.000, 179.73, 0.00);
insert into SHOT values (9788, 9804, 9807, 3543, 5.940, 300.65, 21.10, 5.940, 300.65, 21.10, 0.000, 352.67, -0.01);
insert into SHOT values (9789, 9804, 9808, 3543, 6.730, 263.85, 26.30, 6.730, 263.85, 26.30, 0.000, 179.21, -0.01);
insert into SHOT values (9790, 9804, 9809, 3543, 1.490, 217.05, 14.50, 1.490, 217.05, 14.50, 0.000, 330.27, 0.01);
insert into SHOT values (9791, 9804, 9810, 3543, 1.930, 170.45, 9.10, 1.930, 170.45, 9.10, 0.000, 184.87, -0.01);
insert into SHOT values (9792, 9804, 9811, 3543, 0.890, 86.35, 2.10, 0.890, 86.35, 2.10, 0.000, 181.05, 0.03);
insert into SHOT values (9793, 9804, 9812, 3543, 1.710, 118.75, 85.00, 1.710, 118.75, 85.00, 0.000, 168.58, 0.02);
insert into SHOT values (9794, 9804, 9813, 3543, 1.100, 259.95, -80.40, 1.100, 259.95, -80.40, 0.000, 188.14, -0.01);
insert into SHOT values (9795, 9804, 9814, 3543, 9.210, 292.25, 32.20, 9.210, 292.25, 32.20, 0.000, 357.36, -0.01);
insert into SHOT values (9796, 9814, 9815, 3543, 0.410, 196.85, -8.80, 0.410, 196.85, -8.80, 0.000, 186.97, 0.01);
insert into SHOT values (9797, 9814, 9816, 3543, 0.350, 18.05, -12.40, 0.350, 18.05, -12.40, 0.000, 176.86, -0.03);
insert into SHOT values (9798, 9814, 9817, 3543, 0.730, 274.75, -64.70, 0.730, 274.75, -64.70, 0.000, 181.94, -0.00);
insert into SHOT values (9799, 9814, 9818, 3543, 0.480, 86.05, 84.80, 0.480, 86.05, 84.80, 0.000, 171.73, -0.01);
insert into SHOT values (9800, 9744, 9819, 3543, 17.560, 126.45, -11.40, 17.560, 126.45, -11.40, 0.000, 298.16, -0.06);
insert into SHOT values (9801, 9819, 9820, 3543, 8.170, 20.55, -1.10, 8.170, 20.55, -1.10, 0.000, 20.18, 0.03);
insert into SHOT values (9802, 9819, 9821, 3543, 5.620, 212.85, 5.20, 5.620, 212.85, 5.20, 0.000, 193.04, 0.03);
insert into SHOT values (9803, 9819, 9822, 3543, 10.540, 331.75, 9.80, 10.540, 331.75, 9.80, 0.000, 353.02, 0.01);
insert into SHOT values (9804, 9819, 9823, 3543, 11.960, 276.85, 9.80, 11.960, 276.85, 9.80, 0.000, 177.49, -0.01);
insert into SHOT values (9805, 9819, 9824, 3543, 25.230, 98.05, -0.00, 25.230, 98.05, 0.00, 0.000, 164.82, 0.00);
insert into SHOT values (9806, 9819, 9825, 3543, 34.640, 170.45, 4.30, 34.640, 170.45, 4.30, 0.000, 176.54, -0.01);
insert into SHOT values (9807, 9819, 9826, 3543, 15.610, 153.95, -5.50, 15.610, 153.95, -5.50, 0.000, 345.00, -0.06);
insert into SHOT values (9808, 9826, 9827, 3543, 19.410, 95.95, 6.40, 19.410, 95.95, 6.40, 0.000, 358.56, 0.03);
insert into SHOT values (9809, 9826, 9828, 3543, 21.480, 71.95, 5.10, 21.480, 71.95, 5.10, 0.000, 356.96, 0.01);
insert into SHOT values (9810, 9826, 9829, 3543, 20.750, 113.05, 14.20, 20.750, 113.05, 14.20, 0.000, 175.07, 0.00);
insert into SHOT values (9811, 9826, 9830, 3543, 6.550, 232.05, 17.70, 6.550, 232.05, 17.70, 0.000, 355.78, -0.02);
insert into SHOT values (9812, 9826, 9831, 3543, 6.970, 294.35, 11.10, 6.970, 294.35, 11.10, 0.000, 196.93, 0.03);
insert into SHOT values (9813, 9826, 9832, 3543, 20.100, 3.05, 1.80, 20.100, 3.05, 1.80, 0.000, 183.94, 0.04);
insert into SHOT values (9814, 9826, 9833, 3543, 20.950, 26.45, 3.80, 20.950, 26.45, 3.80, 0.000, 175.25, 0.01);
insert into SHOT values (9815, 9826, 9834, 3543, 13.580, 155.55, 15.40, 13.580, 155.55, 15.40, 0.000, 178.33, -0.01);
insert into SHOT values (9816, 9826, 9835, 3543, 8.720, 186.25, 87.90, 8.720, 186.25, 87.90, 0.000, 185.68, 0.01);
insert into SHOT values (9817, 9826, 9836, 3543, 1.350, 315.25, -81.70, 1.350, 315.25, -81.70, 0.000, 356.17, -0.00);
insert into SHOT values (9818, 9834, 9837, 3543, 10.700, 264.05, -3.90, 10.700, 264.05, -3.90, 0.000, 171.06, 0.01);
insert into SHOT values (9819, 9834, 9838, 3543, 14.550, 148.35, -1.90, 14.550, 148.35, -1.90, 0.000, 182.90, -0.02);
insert into SHOT values (9820, 9834, 9839, 3543, 11.230, 193.25, -1.40, 11.230, 193.25, -1.40, 0.000, 12.92, 0.00);
insert into SHOT values (9821, 9834, 9840, 3543, 11.520, 233.35, -1.90, 11.520, 233.35, -1.90, 0.000, 347.54, 0.02);
insert into SHOT values (9822, 9834, 9841, 3543, 17.540, 318.85, 0.00, 17.540, 318.85, 0.00, 0.000, 7.49, 0.00);
insert into SHOT values (9823, 9834, 9842, 3543, 16.710, 43.15, 12.20, 16.710, 43.15, 12.20, 0.000, 3.42, -0.00);
insert into SHOT values (9824, 9834, 9843, 3543, 7.830, 244.35, 84.50, 7.830, 244.35, 84.50, 0.000, 181.20, -0.00);
insert into SHOT values (9825, 9834, 9844, 3543, 0.920, 211.65, -72.30, 0.920, 211.65, -72.30, 0.000, 347.88, -0.05);
insert into SHOT values (9826, 9834, 9845, 3543, 15.890, 213.25, -9.00, 15.890, 213.25, -9.00, 0.000, 170.37, 0.02);
insert into SHOT values (9827, 9845, 9846, 3543, 10.190, 80.75, 6.00, 10.190, 80.75, 6.00, 0.000, 172.44, 0.01);
insert into SHOT values (9828, 9845, 9847, 3543, 7.530, 112.35, 1.00, 7.530, 112.35, 1.00, 0.000, 297.18, -0.13);
insert into SHOT values (9829, 9845, 9848, 3543, 15.280, 152.05, -4.30, 15.280, 152.05, -4.30, 0.000, 16.52, -0.01);
insert into SHOT values (9830, 9845, 9849, 3543, 9.100, 180.85, -2.80, 9.100, 180.85, -2.80, 0.000, 352.75, -0.02);
insert into SHOT values (9831, 9845, 9850, 3543, 1.450, 249.45, -1.50, 1.450, 249.45, -1.50, 0.000, 114.16, -0.13);
insert into SHOT values (9832, 9845, 9851, 3543, 6.060, 345.25, 1.30, 6.060, 345.25, 1.30, 0.000, 181.04, -0.01);
insert into SHOT values (9833, 9845, 9852, 3543, 3.870, 98.35, 33.80, 3.870, 98.35, 33.80, 0.000, 358.66, -0.01);
insert into SHOT values (9834, 9845, 9853, 3543, 2.190, 85.65, -77.80, 2.190, 85.65, -77.80, 0.000, 179.96, 0.00);
insert into SHOT values (9835, 9845, 9854, 3543, 14.870, 170.25, -5.70, 14.870, 170.25, -5.70, 0.000, 178.64, -0.02);
insert into SHOT values (9836, 9854, 9855, 3543, 4.170, 266.85, 0.90, 4.170, 266.85, 0.90, 0.000, 11.34, -0.01);
insert into SHOT values (9837, 9854, 9856, 3543, 3.790, 104.95, -4.10, 3.790, 104.95, -4.10, 0.000, 178.21, -0.02);
insert into SHOT values (9838, 9854, 9857, 3543, 7.970, 190.45, 5.30, 7.970, 190.45, 5.30, 0.000, 12.77, 0.02);
insert into SHOT values (9839, 9854, 9858, 3543, 7.950, 151.65, 2.00, 7.950, 151.65, 2.00, 0.000, 58.98, -0.07);
insert into SHOT values (9840, 9854, 9859, 3543, 4.570, 326.65, 5.00, 4.570, 326.65, 5.00, 0.000, 352.68, -0.00);
insert into SHOT values (9841, 9854, 9860, 3543, 9.060, 34.35, 0.30, 9.060, 34.35, 0.30, 0.000, 171.37, -0.00);
insert into SHOT values (9842, 9854, 9861, 3543, 1.060, 246.35, 75.90, 1.060, 246.35, 75.90, 0.000, 183.05, 0.00);
insert into SHOT values (9843, 9854, 9862, 3543, 1.490, 125.75, -50.80, 1.490, 125.75, -50.80, 0.000, 2.78, 0.03);
insert into SHOT values (9844, 9854, 9863, 3543, 9.200, 180.45, 3.40, 9.200, 180.45, 3.40, 0.000, 349.04, 0.03);
insert into SHOT values (9845, 9863, 9864, 3543, 4.470, 72.15, 1.00, 4.470, 72.15, 1.00, 0.000, 182.83, -0.01);
insert into SHOT values (9846, 9863, 9865, 3543, 4.960, 134.45, 4.00, 4.960, 134.45, 4.00, 0.000, 177.47, 0.02);
insert into SHOT values (9847, 9863, 9866, 3543, 1.930, 208.15, 1.50, 1.930, 208.15, 1.50, 0.000, 14.64, -0.05);
insert into SHOT values (9848, 9863, 9867, 3543, 1.240, 286.25, -1.50, 1.240, 286.25, -1.50, 0.000, 355.26, 0.03);
insert into SHOT values (9849, 9863, 9868, 3543, 3.870, 320.15, 5.00, 3.870, 320.15, 5.00, 0.000, 174.67, -0.04);
insert into SHOT values (9850, 9863, 9869, 3543, 1.340, 330.45, 79.80, 1.340, 330.45, 79.80, 0.000, 187.55, 0.03);
insert into SHOT values (9851, 9863, 9870, 3543, 0.960, 188.85, -80.10, 0.960, 188.85, -80.10, 0.000, 170.33, -0.00);
insert into SHOT values (9852, 9863, 9871, 3543, 8.010, 166.05, 8.20, 8.010, 166.05, 8.20, 0.000, 345.45, -0.04);
insert into SHOT values (9853, 9871, 9872, 3543, 0.250, 258.35, -2.70, 0.250, 258.35, -2.70, 0.000, 340.53, 0.00);
insert into SHOT values (9854, 9871, 9873, 3543, 0.380, 69.65, 1.30, 0.380, 69.65, 1.30, 0.000, 352.99, -0.01);
insert into SHOT values (9855, 9871, 9874, 3543, 0.230, 162.15, 0.60, 0.230, 162.15, 0.60, 0.000, 1.65, 0.02);
insert into SHOT values (9856, 9871, 9875, 3543, 0.270, 160.55, 78.20, 0.270, 160.55, 78.20, 0.000, 184.84, -0.02);
insert into SHOT values (9857, 9871, 9876, 3543, 0.590, 261.15, -82.40, 0.590, 261.15, -82.40, 0.000, 20.87, 0.05);
insert into SHOT values (9858, 9845, 9877, 3543, 26.500, 68.75, 11.40, 26.500, 68.75, 11.40, 0.000, 174.99, -0.01);
insert into SHOT values (9859, 9877, 9878, 3543, 3.620, 14.55, 0.80, 3.620, 14.55, 0.80, 0.000, 178.60, 0.01);
insert into SHOT values (9860, 9877, 9879, 3543, 12.500, 90.85, 7.90, 12.500, 90.85, 7.90, 0.000, 145.60, 0.06);
insert into SHOT values (9861, 9877, 9880, 3543, 4.320, 144.95, 5.10, 4.320, 144.95, 5.10, 0.000, 14.52, 0.01);
insert into SHOT values (9862, 9877, 9881, 3543, 4.620, 190.05, -0.90, 4.620, 190.05, -0.90, 0.000, 0.31, 0.00);
insert into SHOT values (9863, 9877, 9882, 3543, 10.860, 223.05, -11.40, 10.860, 223.05, -11.40, 0.000, 229.58, -0.05);
insert into SHOT values (9864, 9877, 9883, 3543, 4.840, 48.45, 82.80, 4.840, 48.45, 82.80, 0.000, 351.09, -0.04);
insert into SHOT values (9865, 9877, 9884, 3543, 1.570, 194.55, -71.00, 1.570, 194.55, -71.00, 0.000, 188.36, -0.02);
insert into SHOT values (9866, 9877, 9885, 3543, 9.120, 89.05, 8.00, 9.120, 89.05, 8.00, 0.000, 216.21, -0.00);
insert into SHOT values (9867, 9885, 9886, 3543, 1.030, 357.45, 0.70, 1.030, 357.45, 0.70, 0.000, 7.71, -0.01);
insert into SHOT values (9868, 9885, 9887, 3543, 3.700, 177.45, -0.40, 3.700, 177.45, -0.40, 0.000, 23.73, -0.05);
insert into SHOT values (9869, 9885, 9888, 3543, 3.860, 98.25, -3.20, 3.860, 98.25, -3.20, 0.000, 20.25, -0.11);
insert into SHOT values (9870, 9885, 9889, 3543, 3.880, 130.85, -2.10, 3.880, 130.85, -2.10, 0.000, 186.13, -0.00);
insert into SHOT values (9871, 9885, 9890, 3543, 4.400, 215.75, 2.40, 4.400, 215.75, 2.40, 0.000, 6.36, -0.01);
insert into SHOT values (9872, 9885, 9891, 3543, 1.770, 289.75, 0.20, 1.770, 289.75, 0.20, 0.000, 178.85, 0.00);
insert into SHOT values (9873, 9885, 9892, 3543, 31.080, 166.85, 82.40, 31.080, 166.85, 82.40, 0.000, 182.94, -0.01);
insert into SHOT values (9874, 9885, 9893, 3543, 7.840, 112.65, -14.30, 7.840, 112.65, -14.30, 0.000, 190.67, -0.01);
insert into SHOT values (9875, 9893, 9894, 3543, 0.720, 355.65, 4.70, 0.720, 355.65, 4.70, 0.000, 10.23, 0.01);
insert into SHOT values (9876, 9893, 9895, 3543, 1.820, 62.15, -1.30, 1.820, 62.15, -1.30, 0.000, 355.71, 0.01);
insert into SHOT values (9877, 9893, 9896, 3543, 1.510, 113.85, 2.70, 1.510, 113.85, 2.70, 0.000, 354.98, 0.00);
insert into SHOT values (9878, 9893, 9897, 3543, 0.790, 167.55, 2.90, 0.790, 167.55, 2.90, 0.000, 351.40, 0.03);
insert into SHOT values (9879, 9893, 9898, 3543, 8.890, 90.85, -14.70, 8.890, 90.85, -14.70, 0.000, 188.83, 0.01);
insert into SHOT values (9880, 9893, 9899, 3543, 0.580, 153.75, 84.00, 0.580, 153.75, 84.00, 0.000, 4.48, 0.03);
insert into SHOT values (9881, 9893, 9900, 3543, 0.660, 44.55, -82.60, 0.660, 44.55, -82.60, 0.000, 359.45, 0.06);
insert into SHOT values (9882, 9898, 9901, 3543, 2.490, 90.65, -49.30, 2.490, 90.65, -49.30, 0.000, 180.54, -0.00);
insert into SHOT values (9883, 9898, 9902, 3543, 1.980, 277.95, 72.90, 1.980, 277.95, 72.90, 0.000, 178.46, 0.07);
insert into SHOT values (9884, 9898, 9903, 3543, 0.480, 10.55, 0.60, 0.480, 10.55, 0.60, 0.000, 189.87, 0.02);
insert into SHOT values (9885, 9898, 9904, 3543, 0.490, 193.75, 10.10, 0.490, 193.75, 10.10, 0.000, 176.05, 0.02);
insert into SHOT values (9886, 9905, 9826, 3543, 10.390, 213.25, -1.60, 10.390, 213.25, -1.60, 0.000, 181.84, -0.02);
insert into SHOT values (9887, 9905, 9906, 3543, 15.650, 227.55, 2.50, 15.650, 227.55, 2.50, 0.000, 53.19, 0.18);
insert into SHOT values (9888, 9905, 9907, 3543, 21.860, 141.95, 10.10, 21.860, 141.95, 10.10, 0.000, 8.04, 0.03);
insert into SHOT values (9889, 9905, 9908, 3543, 10.350, 51.15, 2.10, 10.350, 51.15, 2.10, 0.000, 181.63, -0.01);
insert into SHOT values (9890, 9905, 9909, 3543, 11.380, 351.05, 7.90, 11.380, 351.05, 7.90, 0.000, 353.01, -0.01);
insert into SHOT values (9891, 9905, 9910, 3543, 23.760, 68.15, 84.60, 23.760, 68.15, 84.60, 0.000, 331.70, -0.03);
insert into SHOT values (9892, 9905, 9911, 3543, 10.520, 186.45, 75.70, 10.520, 186.45, 75.70, 0.000, 18.28, -0.01);
insert into SHOT values (9893, 9905, 9912, 3543, 13.570, 191.75, 46.30, 13.570, 191.75, 46.30, 0.000, 186.08, -0.01);
insert into SHOT values (9894, 9905, 9913, 3543, 9.380, 348.05, 67.60, 9.380, 348.05, 67.60, 0.000, 345.33, 0.01);
insert into SHOT values (9895, 9905, 9914, 3543, 31.190, 89.85, 86.90, 31.190, 89.85, 86.90, 0.000, 175.39, 0.04);
insert into SCRAPS values (3545, 3539, 'SP-Vertikalnaya-00', 1, 7.44924, 0.13061);
 insert into SCRAPS values (3589, 3539, 'SP-Vertikalnaya-01', 1, 0.65132, 0.01193);
 insert into SCRAPS values (3715, 3539, 'SC-Vertikalnaya-Coupe-00', 2, 1.17785, 0.02129);
 insert into SCRAPS values (3763, 3539, 'SC-Vertikalnaya-Coupe-01', 2, 32.70545, 0.31555);
 insert into SCRAPS values (3804, 3539, 'SC-Vertikalnaya-Coupe-02', 2, 0.96818, 0.03715);
 insert into MAPS values (3831, 3539, 'MP-Vertikalnaya', 'Vertikalnaya', 1, 544.830, -71.632);
 insert into MAPITEMS values (3831, 4, 3545);
 insert into MAPITEMS values (3831, 4, 3589);
 insert into MAPS values (3832, 3539, 'MC-Vertikalnaya', 'Vertikalnaya', 2, 544.830, -71.632);
 insert into MAPITEMS values (3832, 4, 3715);
 insert into MAPITEMS values (3832, 4, 3763);
 insert into MAPITEMS values (3832, 4, 3804);
 insert into STATION values (1, '0', 56, 294061.66, 4202337.89, 1297.00);
insert into STATION_FLAG values(1, 'ent');
insert into STATION_FLAG values(1, 'fix');
insert into STATION values (2, '.', 56, 294055.40, 4202332.99, 1298.02);
insert into STATION values (3, '.', 56, 294059.43, 4202328.32, 1297.84);
insert into STATION values (4, '.', 56, 294063.36, 4202335.32, 1296.97);
insert into STATION values (5, '.', 56, 294058.03, 4202339.70, 1297.27);
insert into STATION values (6, '.', 56, 294060.76, 4202339.70, 1296.12);
insert into STATION values (7, '.', 56, 294060.58, 4202337.91, 1294.24);
insert into STATION values (8, '.', 56, 294057.39, 4202329.07, 1288.45);
insert into STATION values (9, '.', 56, 294060.20, 4202327.76, 1291.98);
insert into STATION values (10, '.', 56, 294062.71, 4202325.78, 1287.15);
insert into STATION values (11, '.', 56, 294057.61, 4202331.78, 1293.03);
insert into STATION values (12, '1', 56, 294056.52, 4202321.23, 1280.96);
insert into STATION values (13, '.', 56, 294056.19, 4202320.66, 1283.69);
insert into STATION values (14, '.', 56, 294056.68, 4202321.46, 1288.16);
insert into STATION values (15, '.', 56, 294057.57, 4202319.41, 1281.94);
insert into STATION values (16, '.', 56, 294053.20, 4202323.47, 1281.75);
insert into STATION values (17, '.', 56, 294055.25, 4202325.44, 1285.39);
insert into STATION values (18, '.', 56, 294058.90, 4202325.38, 1286.56);
insert into STATION values (19, '.', 56, 294059.59, 4202323.26, 1283.50);
insert into STATION values (20, '.', 56, 294058.43, 4202326.60, 1282.75);
insert into STATION values (21, '.', 56, 294058.57, 4202332.81, 1288.60);
insert into STATION values (22, '.', 56, 294063.19, 4202335.63, 1293.10);
insert into STATION values (23, '.', 56, 294055.45, 4202318.42, 1279.27);
insert into STATION values (24, '.', 56, 294053.90, 4202319.04, 1279.11);
insert into STATION values (25, '.', 56, 294056.87, 4202319.40, 1280.06);
insert into STATION values (26, '.', 56, 294054.67, 4202320.26, 1278.15);
insert into STATION values (27, '.', 56, 294055.29, 4202319.90, 1276.95);
insert into STATION values (28, '2', 56, 294055.80, 4202317.77, 1278.14);
insert into STATION values (29, '.', 56, 294054.83, 4202317.67, 1278.04);
insert into STATION values (30, '.', 56, 294056.35, 4202317.91, 1276.90);
insert into STATION values (31, '.', 56, 294057.52, 4202317.62, 1277.58);
insert into STATION values (32, '.', 56, 294056.90, 4202314.16, 1278.27);
insert into STATION values (33, '.', 56, 294054.51, 4202313.59, 1277.84);
insert into STATION values (34, '.', 56, 294055.43, 4202317.13, 1278.47);
insert into STATION values (35, '.', 56, 294052.98, 4202316.88, 1277.64);
insert into STATION values (36, '3', 56, 294054.72, 4202315.82, 1278.07);
insert into STATION values (37, '.', 56, 294055.06, 4202315.71, 1276.86);
insert into STATION values (38, '.', 56, 294057.00, 4202314.13, 1277.35);
insert into STATION values (39, '.', 56, 294054.11, 4202314.86, 1279.23);
insert into STATION values (40, '.', 56, 294053.00, 4202316.97, 1277.54);
insert into STATION values (41, '.', 56, 294057.20, 4202317.54, 1277.79);
insert into STATION values (42, '.', 56, 294053.60, 4202314.41, 1278.57);
insert into STATION values (43, '.', 56, 294053.03, 4202314.10, 1277.80);
insert into STATION values (44, '.', 56, 294052.32, 4202315.95, 1277.90);
insert into STATION values (45, '.', 56, 294053.02, 4202314.71, 1276.86);
insert into STATION values (46, '.', 56, 294051.05, 4202315.44, 1278.13);
insert into STATION values (47, '.', 56, 294045.91, 4202308.18, 1277.42);
insert into STATION values (48, '.', 56, 294052.70, 4202314.24, 1278.64);
insert into STATION values (49, '4', 56, 294047.73, 4202311.55, 1278.45);
insert into STATION values (50, '.', 56, 294047.34, 4202312.59, 1278.47);
insert into STATION values (51, '.', 56, 294047.93, 4202311.75, 1281.67);
insert into STATION values (52, '.', 56, 294050.49, 4202309.15, 1280.29);
insert into STATION values (53, '.', 56, 294049.55, 4202310.24, 1276.94);
insert into STATION values (54, '.', 56, 294045.77, 4202312.67, 1277.36);
insert into STATION values (55, '.', 56, 294044.53, 4202309.92, 1276.96);
insert into STATION values (56, '.', 56, 294045.84, 4202309.44, 1280.41);
insert into STATION values (57, '.', 56, 294045.72, 4202308.33, 1278.25);
insert into STATION values (58, '.', 56, 294047.65, 4202309.07, 1279.41);
insert into STATION values (59, '5', 56, 294044.10, 4202313.01, 1279.59);
insert into STATION values (60, '6', 56, 294043.93, 4202310.05, 1283.28);
insert into STATION values (61, '.', 56, 294043.57, 4202308.96, 1283.55);
insert into STATION values (62, '.', 56, 294043.87, 4202310.30, 1283.89);
insert into STATION values (63, '.', 56, 294043.97, 4202310.52, 1283.32);
insert into STATION values (64, '.', 56, 294043.26, 4202310.04, 1282.68);
insert into STATION values (65, '.', 56, 294042.63, 4202310.94, 1283.69);
insert into STATION values (66, '.', 56, 294043.49, 4202310.83, 1283.37);
insert into STATION values (67, '.', 56, 294042.50, 4202309.93, 1284.20);
insert into STATION values (68, '7', 56, 294040.95, 4202311.33, 1283.70);
insert into STATION values (69, '.', 56, 294039.50, 4202312.36, 1283.59);
insert into STATION values (70, '.', 56, 294040.37, 4202312.99, 1281.97);
insert into STATION values (71, '.', 56, 294042.09, 4202310.44, 1284.22);
insert into STATION values (72, '.', 56, 294041.03, 4202311.32, 1285.08);
insert into STATION values (73, '.', 56, 294040.52, 4202312.02, 1285.16);
insert into STATION values (74, '.', 56, 294041.23, 4202312.90, 1283.67);
insert into STATION values (75, '.', 56, 294042.68, 4202311.89, 1283.96);
insert into STATION values (76, '.', 56, 294041.36, 4202313.50, 1281.88);
insert into STATION values (77, '.', 56, 294042.90, 4202311.34, 1282.77);
insert into STATION values (78, '.', 56, 294041.71, 4202311.59, 1282.77);
insert into STATION values (79, '.', 56, 294041.67, 4202311.84, 1288.49);
insert into STATION values (80, '.', 56, 294042.43, 4202309.01, 1291.27);
insert into STATION values (81, '.', 56, 294041.47, 4202311.64, 1285.79);
insert into STATION values (82, '.', 56, 294039.08, 4202311.08, 1285.40);
insert into STATION values (83, '8', 56, 294039.12, 4202311.09, 1285.46);
insert into STATION values (84, '.', 56, 294039.49, 4202311.12, 1285.61);
insert into STATION values (85, '.', 56, 294039.62, 4202310.65, 1286.55);
insert into STATION values (86, '.', 56, 294039.64, 4202311.61, 1286.07);
insert into STATION values (87, '.', 56, 294039.31, 4202311.55, 1286.07);
insert into STATION values (88, '.', 56, 294038.93, 4202310.95, 1284.69);
insert into STATION values (89, '.', 56, 294041.00, 4202310.12, 1290.93);
insert into STATION values (90, '.', 56, 294039.41, 4202309.09, 1290.67);
insert into STATION values (91, '.', 56, 294038.33, 4202309.43, 1292.63);
insert into STATION values (92, '.', 56, 294039.57, 4202310.31, 1286.99);
insert into STATION values (93, '9', 56, 294039.58, 4202310.28, 1287.01);
insert into STATION values (94, '.', 56, 294039.56, 4202310.32, 1286.95);
insert into STATION values (95, '.', 56, 294039.57, 4202310.29, 1287.00);
insert into STATION values (96, '.', 56, 294039.64, 4202312.29, 1287.51);
insert into STATION values (97, '.', 56, 294037.96, 4202311.14, 1292.95);
insert into STATION values (98, '.', 56, 294043.10, 4202310.27, 1286.87);
insert into STATION values (99, '.', 56, 294043.24, 4202306.87, 1285.17);
insert into STATION values (100, '.', 56, 294040.71, 4202306.23, 1285.61);
insert into STATION values (101, '.', 56, 294044.21, 4202308.20, 1291.40);
insert into STATION values (102, '.', 56, 294041.23, 4202306.25, 1290.18);
insert into STATION values (103, '.', 56, 294037.40, 4202310.36, 1288.01);
insert into STATION values (104, '.', 56, 294035.08, 4202314.25, 1290.27);
insert into STATION values (105, '.', 56, 294033.86, 4202314.02, 1293.08);
insert into STATION values (106, '.', 56, 294036.27, 4202309.92, 1293.68);
insert into STATION values (107, '.', 56, 294035.36, 4202307.14, 1291.70);
insert into STATION values (108, '.', 56, 294038.01, 4202306.63, 1290.87);
insert into STATION values (109, '.', 56, 294036.72, 4202305.56, 1289.53);
insert into STATION values (110, '10', 56, 294031.64, 4202312.47, 1293.35);
insert into STATION values (111, '0', 175, 293850.18, 4202355.43, 1300.00);
insert into STATION_FLAG values(111, 'ent');
insert into STATION_FLAG values(111, 'fix');
insert into STATION values (112, '1', 175, 293851.17, 4202363.46, 1289.35);
insert into STATION values (113, '2', 175, 293843.88, 4202372.74, 1285.17);
insert into STATION values (114, '3', 175, 293843.85, 4202372.71, 1284.38);
insert into STATION values (115, '4', 175, 293852.28, 4202386.55, 1270.88);
insert into STATION values (116, '5', 175, 293845.67, 4202396.60, 1263.13);
insert into STATION values (117, '6', 175, 293842.70, 4202392.86, 1263.71);
insert into STATION values (118, '7', 175, 293833.61, 4202384.80, 1267.10);
insert into STATION values (119, '8', 175, 293849.66, 4202403.15, 1261.21);
insert into STATION values (120, '9', 175, 293855.69, 4202393.90, 1271.47);
insert into STATION values (121, '10', 175, 293855.43, 4202398.32, 1270.18);
insert into STATION values (122, '11', 175, 293856.64, 4202405.13, 1263.81);
insert into STATION values (123, '12', 175, 293858.80, 4202392.08, 1270.27);
insert into STATION values (124, '13', 175, 293858.38, 4202394.18, 1271.68);
insert into STATION values (125, '14', 175, 293857.79, 4202394.70, 1273.25);
insert into STATION values (126, '15', 175, 293862.50, 4202392.84, 1278.39);
insert into STATION values (127, '.', 175, 293847.23, 4202356.54, 1297.90);
insert into STATION values (128, '.', 175, 293839.42, 4202366.83, 1298.74);
insert into STATION values (129, '.', 175, 293847.77, 4202369.59, 1299.57);
insert into STATION values (130, '.', 175, 293857.16, 4202362.28, 1298.24);
insert into STATION values (131, '.', 175, 293859.61, 4202353.66, 1298.72);
insert into STATION values (132, '.', 175, 293857.26, 4202346.48, 1298.46);
insert into STATION values (133, '.', 175, 293848.92, 4202364.05, 1289.92);
insert into STATION values (134, '.', 175, 293847.86, 4202372.06, 1290.89);
insert into STATION values (135, '.', 175, 293843.76, 4202373.07, 1285.08);
insert into STATION values (136, '.', 175, 293838.50, 4202374.07, 1285.44);
insert into STATION values (137, '.', 175, 293843.02, 4202371.79, 1285.28);
insert into STATION values (138, '.', 175, 293839.93, 4202378.50, 1284.62);
insert into STATION values (139, '.', 175, 293846.72, 4202376.66, 1284.75);
insert into STATION values (140, '.', 175, 293851.53, 4202371.43, 1285.49);
insert into STATION values (141, '.', 175, 293841.71, 4202387.99, 1269.63);
insert into STATION values (142, '.', 175, 293848.73, 4202390.70, 1270.11);
insert into STATION values (143, '.', 175, 293851.91, 4202397.02, 1269.52);
insert into STATION values (144, '.', 175, 293855.15, 4202397.77, 1272.53);
insert into STATION values (145, '.', 175, 293858.14, 4202394.93, 1272.24);
insert into STATION values (146, '.', 175, 293860.88, 4202393.60, 1272.82);
insert into STATION values (147, '.', 175, 293862.91, 4202391.68, 1273.02);
insert into STATION values (148, '.', 175, 293861.23, 4202388.74, 1271.38);
insert into STATION values (149, '.', 175, 293857.35, 4202384.27, 1271.08);
insert into STATION values (150, '.', 175, 293854.01, 4202382.31, 1271.96);
insert into STATION values (151, '.', 175, 293854.79, 4202375.62, 1273.14);
insert into STATION values (152, '.', 175, 293853.87, 4202375.02, 1273.61);
insert into STATION values (153, '.', 175, 293853.06, 4202386.55, 1276.74);
insert into STATION values (154, '.', 175, 293844.45, 4202396.21, 1261.45);
insert into STATION values (155, '.', 175, 293846.44, 4202397.58, 1261.62);
insert into STATION values (156, '.', 175, 293839.63, 4202389.02, 1264.34);
insert into STATION values (157, '.', 175, 293838.17, 4202391.39, 1264.32);
insert into STATION values (158, '.', 175, 293840.55, 4202394.17, 1263.36);
insert into STATION values (159, '.', 175, 293842.11, 4202396.10, 1261.49);
insert into STATION values (160, '.', 175, 293853.54, 4202395.25, 1270.56);
insert into STATION values (161, '.', 175, 293854.41, 4202395.87, 1271.16);
insert into STATION values (162, '.', 175, 293856.81, 4202395.35, 1271.79);
insert into STATION values (163, '.', 175, 293856.26, 4202394.00, 1269.61);
insert into STATION values (164, '.', 175, 293858.60, 4202387.89, 1270.64);
insert into STATION values (165, '.', 175, 293853.19, 4202398.42, 1269.24);
insert into STATION values (166, '.', 175, 293857.53, 4202399.04, 1269.63);
insert into STATION values (167, '.', 175, 293856.32, 4202398.01, 1271.00);
insert into STATION values (168, '.', 175, 293855.70, 4202398.60, 1268.52);
insert into STATION values (169, '.', 175, 293855.73, 4202405.56, 1263.74);
insert into STATION values (170, '.', 175, 293857.01, 4202405.06, 1263.68);
insert into STATION values (171, '.', 175, 293856.70, 4202405.23, 1264.13);
insert into STATION values (172, '.', 175, 293856.76, 4202405.20, 1263.13);
insert into STATION values (173, '.', 175, 293857.80, 4202394.78, 1271.84);
insert into STATION values (174, '.', 175, 293858.86, 4202393.69, 1271.69);
insert into STATION values (175, '.', 175, 293858.35, 4202394.13, 1272.01);
insert into STATION values (176, '.', 175, 293858.48, 4202394.26, 1271.06);
insert into STATION values (177, '.', 175, 293856.06, 4202393.35, 1274.24);
insert into STATION values (178, '.', 175, 293853.02, 4202395.58, 1276.21);
insert into STATION values (179, '.', 175, 293854.12, 4202400.77, 1276.68);
insert into STATION values (180, '.', 175, 293858.87, 4202398.15, 1275.11);
insert into STATION values (181, '.', 175, 293860.52, 4202395.34, 1274.33);
insert into STATION values (182, '.', 175, 293859.45, 4202393.70, 1273.83);
insert into STATION values (183, '.', 175, 293858.07, 4202392.52, 1274.75);
insert into STATION values (184, '0', 258, 266339.33, 4166732.93, 350.00);
insert into STATION_FLAG values(184, 'ent');
insert into STATION_FLAG values(184, 'fix');
insert into STATION values (185, '.', 258, 266340.56, 4166752.44, 349.76);
insert into STATION values (186, '.', 258, 266339.56, 4166745.86, 350.02);
insert into STATION values (187, '.', 258, 266342.52, 4166754.18, 347.56);
insert into STATION values (188, '.', 258, 266343.00, 4166749.98, 348.20);
insert into STATION values (189, '.', 258, 266343.40, 4166753.55, 343.38);
insert into STATION values (190, '.', 258, 266341.20, 4166755.20, 341.01);
insert into STATION values (191, '.', 258, 266340.85, 4166757.70, 338.74);
insert into STATION values (192, '.', 258, 266341.88, 4166757.89, 336.40);
insert into STATION values (193, '.', 258, 266341.35, 4166756.76, 334.31);
insert into STATION values (194, '.', 258, 266341.44, 4166756.94, 334.72);
insert into STATION values (195, '.', 258, 266342.59, 4166754.66, 336.85);
insert into STATION values (196, '12', 258, 266339.71, 4166757.18, 329.69);
insert into STATION values (197, '.', 258, 266341.00, 4166756.92, 335.54);
insert into STATION values (198, '.', 258, 266333.28, 4166750.74, 336.22);
insert into STATION values (199, '0', 262, 266316.53, 4166629.39, 350.00);
insert into STATION_FLAG values(199, 'ent');
insert into STATION_FLAG values(199, 'fix');
insert into STATION values (200, '.', 262, 266316.76, 4166633.87, 348.78);
insert into STATION values (201, '.', 262, 266318.71, 4166644.02, 347.46);
insert into STATION values (202, '.', 262, 266319.70, 4166655.40, 346.76);
insert into STATION values (203, '.', 262, 266318.87, 4166646.42, 348.04);
insert into STATION values (204, '.', 262, 266316.54, 4166634.25, 348.03);
insert into STATION values (205, '.', 262, 266316.40, 4166646.12, 341.67);
insert into STATION values (206, '.', 262, 266319.23, 4166639.65, 340.40);
insert into STATION values (207, '.', 262, 266320.03, 4166645.64, 338.25);
insert into STATION values (208, '.', 262, 266320.02, 4166651.28, 336.19);
insert into STATION values (209, '.', 262, 266319.72, 4166656.66, 332.35);
insert into STATION values (210, '.', 262, 266322.87, 4166654.21, 336.39);
insert into STATION values (211, '.', 262, 266323.61, 4166646.55, 337.96);
insert into STATION values (212, '.', 262, 266319.84, 4166653.30, 336.35);
insert into STATION values (213, '.', 262, 266319.78, 4166649.02, 334.40);
insert into STATION values (214, '.', 262, 266319.56, 4166650.26, 333.08);
insert into STATION values (215, '.', 262, 266318.02, 4166645.11, 334.95);
insert into STATION values (216, '.', 262, 266319.91, 4166651.36, 335.36);
insert into STATION values (217, '.', 262, 266317.34, 4166646.33, 336.29);
insert into STATION values (218, '.', 262, 266318.93, 4166654.30, 333.58);
insert into STATION values (219, '.', 262, 266318.47, 4166653.32, 332.68);
insert into STATION values (220, '36', 262, 266318.23, 4166654.09, 331.27);
insert into STATION values (221, '0', 286, 279973.69, 4198961.05, 922.87);
insert into STATION values (222, '.', 286, 279974.68, 4198961.31, 923.08);
insert into STATION values (223, '.', 286, 279974.04, 4198961.10, 922.50);
insert into STATION values (224, '.', 286, 279974.20, 4198960.80, 923.65);
insert into STATION values (225, '.', 286, 279974.57, 4198960.01, 922.73);
insert into STATION values (226, '.', 286, 279975.20, 4198958.50, 922.87);
insert into STATION values (227, '.', 286, 279974.54, 4198959.61, 923.72);
insert into STATION values (228, '.', 286, 279973.88, 4198960.27, 923.17);
insert into STATION values (229, '.', 286, 279975.38, 4198959.09, 923.45);
insert into STATION values (230, '.', 286, 279974.50, 4198963.47, 922.21);
insert into STATION values (231, '.', 286, 279973.97, 4198962.17, 923.40);
insert into STATION values (232, '.', 286, 279974.10, 4198964.42, 923.18);
insert into STATION values (233, '.', 286, 279975.78, 4198964.62, 922.35);
insert into STATION values (234, '.', 286, 279973.66, 4198964.69, 922.76);
insert into STATION values (235, '.', 286, 279972.20, 4198962.65, 922.49);
insert into STATION values (236, '.', 286, 279973.15, 4198962.24, 922.25);
insert into STATION values (237, '0b', 286, 279974.87, 4198960.53, 923.45);
insert into STATION values (238, '.', 286, 279974.86, 4198960.54, 923.43);
insert into STATION values (239, '.', 286, 279972.59, 4198960.44, 922.85);
insert into STATION values (240, '.', 286, 279973.30, 4198960.75, 922.27);
insert into STATION values (241, '.', 286, 279973.54, 4198960.74, 923.38);
insert into STATION values (242, '.', 286, 279974.41, 4198958.66, 923.40);
insert into STATION values (243, '.', 286, 279973.50, 4198959.11, 923.32);
insert into STATION values (244, '.', 286, 279974.07, 4198959.27, 922.56);
insert into STATION values (245, '.', 286, 279974.02, 4198957.77, 923.28);
insert into STATION values (246, '.', 286, 279973.94, 4198957.05, 924.40);
insert into STATION values (247, '.', 286, 279973.79, 4198957.05, 923.99);
insert into STATION values (248, '.', 286, 279974.22, 4198957.25, 923.94);
insert into STATION values (249, '1', 286, 279975.38, 4198955.44, 924.86);
insert into STATION values (250, '2', 286, 279975.75, 4198965.96, 922.32);
insert into STATION values (251, '.', 286, 279974.67, 4198966.20, 922.48);
insert into STATION values (252, '.', 286, 279975.12, 4198966.32, 922.14);
insert into STATION values (253, '.', 286, 279975.41, 4198966.20, 922.58);
insert into STATION values (254, '.', 286, 279973.99, 4198968.13, 922.05);
insert into STATION values (255, '.', 286, 279975.17, 4198968.08, 922.13);
insert into STATION values (256, '.', 286, 279973.59, 4198970.49, 921.70);
insert into STATION values (257, '.', 286, 279973.75, 4198968.92, 921.88);
insert into STATION values (258, '.', 286, 279973.99, 4198969.16, 922.29);
insert into STATION values (259, '.', 286, 279974.87, 4198967.51, 922.03);
insert into STATION values (260, '3', 286, 279970.40, 4198975.21, 921.14);
insert into STATION values (261, '.', 286, 279972.52, 4198974.48, 920.87);
insert into STATION values (262, '.', 286, 279971.42, 4198974.99, 919.96);
insert into STATION values (263, '.', 286, 279971.46, 4198974.17, 925.46);
insert into STATION values (264, '.', 286, 279971.64, 4198971.32, 925.68);
insert into STATION values (265, '.', 286, 279971.52, 4198971.65, 923.88);
insert into STATION values (266, '.', 286, 279970.30, 4198973.02, 921.80);
insert into STATION values (267, '.', 286, 279972.39, 4198970.48, 921.23);
insert into STATION values (268, '.', 286, 279970.98, 4198973.06, 920.58);
insert into STATION values (269, '.', 286, 279969.36, 4198974.71, 921.05);
insert into STATION values (270, '.', 286, 279970.90, 4198974.12, 925.65);
insert into STATION values (271, '.', 286, 279971.86, 4198980.49, 918.35);
insert into STATION values (272, '.', 286, 279970.49, 4198995.42, 920.12);
insert into STATION values (273, '.', 286, 279974.17, 4198990.05, 921.86);
insert into STATION values (274, '.', 286, 279973.93, 4198982.04, 922.53);
insert into STATION values (275, '.', 286, 279973.14, 4198977.24, 922.35);
insert into STATION values (276, '.', 286, 279971.58, 4198979.32, 924.55);
insert into STATION values (277, '.', 286, 279969.95, 4198978.57, 920.99);
insert into STATION values (278, '4', 286, 279974.61, 4198985.88, 919.14);
insert into STATION values (279, '.', 286, 279973.86, 4198986.03, 917.85);
insert into STATION values (280, '.', 286, 279970.44, 4198985.69, 917.46);
insert into STATION values (281, '.', 286, 279972.20, 4198985.77, 917.61);
insert into STATION values (282, '.', 286, 279967.38, 4198986.29, 921.91);
insert into STATION values (283, '.', 286, 279965.21, 4198987.77, 928.44);
insert into STATION values (284, '.', 286, 279968.95, 4198989.04, 928.83);
insert into STATION values (285, '.', 286, 279974.75, 4198988.96, 927.64);
insert into STATION values (286, '.', 286, 279976.14, 4198987.28, 920.35);
insert into STATION values (287, '.', 286, 279966.42, 4198995.99, 914.25);
insert into STATION values (288, '.', 286, 279966.51, 4198995.69, 920.12);
insert into STATION values (289, '.', 286, 279971.77, 4198994.16, 919.80);
insert into STATION values (290, '.', 286, 279969.98, 4198994.05, 921.71);
insert into STATION values (291, '.', 286, 279968.03, 4198993.29, 927.75);
insert into STATION values (292, '.', 286, 279970.35, 4198991.57, 927.67);
insert into STATION values (293, '.', 286, 279972.23, 4198985.70, 927.95);
insert into STATION values (294, '.', 286, 279972.54, 4198981.03, 918.95);
insert into STATION values (295, '.', 286, 279970.27, 4198980.10, 920.14);
insert into STATION values (296, '.', 286, 279974.62, 4198982.96, 919.83);
insert into STATION values (297, '.', 286, 279972.80, 4198981.08, 923.62);
insert into STATION values (298, '.', 286, 279972.61, 4198985.34, 928.08);
insert into STATION values (299, '5', 286, 279980.27, 4198984.78, 921.53);
insert into STATION values (300, '6', 286, 279973.30, 4198990.10, 918.01);
insert into STATION values (301, '.', 286, 279969.09, 4198989.69, 916.60);
insert into STATION values (302, '.', 286, 279972.69, 4198989.95, 916.56);
insert into STATION values (303, '.', 286, 279967.14, 4198990.60, 921.22);
insert into STATION values (304, '.', 286, 279968.44, 4198992.67, 923.08);
insert into STATION values (305, '.', 286, 279970.68, 4198992.91, 922.36);
insert into STATION values (306, '.', 286, 279972.68, 4198992.45, 920.52);
insert into STATION values (307, '.', 286, 279965.26, 4198996.24, 914.60);
insert into STATION values (308, '.', 286, 279959.51, 4199010.59, 913.69);
insert into STATION values (309, '.', 286, 279970.64, 4198994.07, 914.99);
insert into STATION values (310, '.', 286, 279969.11, 4198997.10, 913.50);
insert into STATION values (311, '.', 286, 279972.35, 4198993.36, 915.61);
insert into STATION values (312, '.', 286, 279972.01, 4198987.45, 917.22);
insert into STATION values (313, '7', 286, 279972.57, 4198978.33, 928.04);
insert into STATION values (314, '8', 286, 279964.82, 4198986.63, 927.94);
insert into STATION values (315, '9', 286, 279968.28, 4198996.64, 913.91);
insert into STATION values (316, '.', 286, 279968.37, 4198996.61, 913.65);
insert into STATION values (317, '.', 286, 279968.86, 4198997.34, 920.65);
insert into STATION values (318, '.', 286, 279972.67, 4198997.40, 914.71);
insert into STATION values (319, '.', 286, 279973.55, 4199000.41, 913.67);
insert into STATION values (320, '.', 286, 279968.31, 4199000.04, 911.89);
insert into STATION values (321, '.', 286, 279967.60, 4198999.08, 920.00);
insert into STATION values (322, '.', 286, 279964.98, 4198996.90, 915.25);
insert into STATION values (323, '.', 286, 279966.02, 4198996.92, 918.10);
insert into STATION values (324, '.', 286, 279969.18, 4198994.44, 914.42);
insert into STATION values (325, '.', 286, 279966.70, 4198992.77, 916.48);
insert into STATION values (326, '10', 286, 279966.59, 4198998.90, 913.27);
insert into STATION values (327, '11', 286, 279965.04, 4199002.05, 912.01);
insert into STATION values (328, '12', 286, 279964.49, 4199004.53, 910.00);
insert into STATION_FLAG values(328, 'ent');
insert into STATION_FLAG values(328, 'fix');
insert into STATION values (329, '00', 295, 271312.42, 4169207.31, 745.00);
insert into STATION_FLAG values(329, 'ent');
insert into STATION_FLAG values(329, 'fix');
insert into STATION values (330, '1', 295, 271334.21, 4169207.96, 745.56);
insert into STATION values (331, '.', 295, 271312.49, 4169209.00, 745.20);
insert into STATION values (332, '.', 295, 271312.47, 4169205.70, 745.10);
insert into STATION values (333, '.', 295, 271312.43, 4169207.31, 744.81);
insert into STATION values (334, '.', 295, 271312.68, 4169207.90, 747.88);
insert into STATION values (335, '.', 295, 271334.61, 4169209.17, 745.55);
insert into STATION values (336, '.', 295, 271333.63, 4169206.62, 745.55);
insert into STATION values (337, '.', 295, 271334.19, 4169207.99, 745.17);
insert into STATION values (338, '.', 295, 271334.34, 4169208.10, 747.51);
insert into STATION values (339, '2', 295, 271354.27, 4169208.24, 748.31);
insert into STATION values (340, '.', 295, 271354.59, 4169206.49, 748.19);
insert into STATION values (341, '.', 295, 271354.26, 4169208.52, 748.32);
insert into STATION values (342, '.', 295, 271354.43, 4169208.27, 746.60);
insert into STATION values (343, '.', 295, 271354.48, 4169207.71, 748.80);
insert into STATION values (344, '3', 295, 271373.98, 4169208.67, 749.29);
insert into STATION values (345, '.', 295, 271374.13, 4169204.57, 748.91);
insert into STATION values (346, '.', 295, 271373.96, 4169209.04, 749.16);
insert into STATION values (347, '.', 295, 271374.02, 4169208.56, 747.71);
insert into STATION values (348, '.', 295, 271374.29, 4169207.86, 749.95);
insert into STATION values (349, '4', 295, 271395.67, 4169208.49, 750.75);
insert into STATION values (350, '.', 295, 271395.78, 4169210.47, 750.67);
insert into STATION values (351, '.', 295, 271395.66, 4169208.27, 750.77);
insert into STATION values (352, '.', 295, 271395.61, 4169208.44, 749.12);
insert into STATION values (353, '.', 295, 271395.69, 4169209.21, 751.25);
insert into STATION values (354, '5', 295, 271415.36, 4169210.56, 751.69);
insert into STATION values (355, '.', 295, 271415.40, 4169208.49, 751.57);
insert into STATION values (356, '.', 295, 271415.31, 4169210.96, 751.18);
insert into STATION values (357, '.', 295, 271415.48, 4169210.10, 750.11);
insert into STATION values (358, '.', 295, 271415.66, 4169209.83, 752.27);
insert into STATION values (359, '6', 295, 271438.03, 4169209.06, 753.03);
insert into STATION values (360, '.', 295, 271437.85, 4169211.48, 752.94);
insert into STATION values (361, '.', 295, 271438.40, 4169209.14, 753.50);
insert into STATION values (362, '.', 295, 271438.75, 4169210.18, 753.86);
insert into STATION values (363, '.', 295, 271438.18, 4169210.57, 751.43);
insert into STATION values (364, '7', 295, 271462.10, 4169212.40, 754.09);
insert into STATION values (365, '.', 295, 271461.98, 4169209.98, 753.89);
insert into STATION values (366, '.', 295, 271462.49, 4169212.42, 752.76);
insert into STATION values (367, '.', 295, 271462.38, 4169211.41, 752.62);
insert into STATION values (368, '.', 295, 271462.59, 4169211.12, 754.89);
insert into STATION values (369, '8', 295, 271485.85, 4169208.67, 755.57);
insert into STATION values (370, '.', 295, 271486.19, 4169210.36, 755.36);
insert into STATION values (371, '.', 295, 271485.82, 4169208.47, 755.58);
insert into STATION values (372, '.', 295, 271486.29, 4169209.47, 753.87);
insert into STATION values (373, '.', 295, 271486.16, 4169209.37, 755.88);
insert into STATION values (374, '9', 295, 271514.86, 4169211.58, 757.26);
insert into STATION values (375, '.', 295, 271514.63, 4169209.42, 757.27);
insert into STATION values (376, '.', 295, 271515.97, 4169211.92, 756.49);
insert into STATION values (377, '.', 295, 271515.20, 4169210.71, 755.79);
insert into STATION values (378, '.', 295, 271515.23, 4169210.08, 758.17);
insert into STATION values (379, '10', 295, 271535.22, 4169210.02, 758.16);
insert into STATION values (380, '.', 295, 271535.37, 4169212.03, 758.04);
insert into STATION values (381, '.', 295, 271535.40, 4169210.09, 757.08);
insert into STATION values (382, '.', 295, 271535.30, 4169211.02, 756.92);
insert into STATION values (383, '.', 295, 271535.65, 4169211.16, 759.06);
insert into STATION values (384, '11', 295, 271551.10, 4169212.76, 759.26);
insert into STATION values (385, '.', 295, 271550.94, 4169209.83, 759.07);
insert into STATION values (386, '.', 295, 271551.17, 4169212.95, 758.09);
insert into STATION values (387, '.', 295, 271551.09, 4169211.89, 757.82);
insert into STATION values (388, '.', 295, 271551.03, 4169211.30, 760.13);
insert into STATION values (389, 'PTR_FR24_A21_12', 295, 271572.25, 4169212.13, 758.09);
insert into STATION values (390, '.', 295, 271580.19, 4169212.83, 759.18);
insert into STATION values (391, '.', 295, 271579.37, 4169213.35, 762.97);
insert into STATION values (392, '.', 295, 271573.26, 4169214.10, 766.85);
insert into STATION values (393, '.', 295, 271551.42, 4169212.29, 760.57);
insert into STATION values (394, '.', 295, 271557.96, 4169213.29, 766.64);
insert into STATION values (395, '.', 295, 271557.51, 4169234.78, 756.62);
insert into STATION values (396, '.', 295, 271582.08, 4169229.26, 758.95);
insert into STATION values (397, '.', 295, 271553.56, 4169194.42, 766.75);
insert into STATION values (398, '.', 295, 271579.11, 4169196.53, 758.83);
insert into STATION values (399, '13', 295, 271568.47, 4169230.30, 753.73);
insert into STATION values (400, '.', 295, 271578.26, 4169234.17, 758.91);
insert into STATION values (401, '.', 295, 271576.41, 4169243.92, 755.72);
insert into STATION values (402, '.', 295, 271557.76, 4169246.15, 750.74);
insert into STATION values (403, '.', 295, 271556.44, 4169236.63, 752.85);
insert into STATION values (404, '.', 295, 271582.34, 4169223.04, 758.94);
insert into STATION values (405, '.', 295, 271551.56, 4169224.13, 758.09);
insert into STATION values (406, '.', 295, 271564.39, 4169232.24, 764.37);
insert into STATION values (407, '.', 295, 271567.79, 4169230.75, 753.10);
insert into STATION values (408, '14', 295, 271559.27, 4169248.96, 745.62);
insert into STATION values (409, '.', 295, 271553.40, 4169248.19, 745.52);
insert into STATION values (410, '.', 295, 271556.32, 4169258.59, 744.13);
insert into STATION values (411, '.', 295, 271569.03, 4169261.75, 744.07);
insert into STATION values (412, '.', 295, 271570.61, 4169249.80, 746.88);
insert into STATION values (413, '.', 295, 271573.99, 4169240.17, 751.59);
insert into STATION values (414, '.', 295, 271554.71, 4169240.82, 745.86);
insert into STATION values (415, '.', 295, 271565.20, 4169251.03, 755.71);
insert into STATION values (416, '.', 295, 271563.53, 4169249.87, 743.55);
insert into STATION values (417, '.', 295, 271563.39, 4169262.08, 735.52);
insert into STATION values (418, '.', 295, 271567.39, 4169244.40, 747.55);
insert into STATION values (419, '.', 295, 271554.27, 4169260.49, 733.82);
insert into STATION values (420, '.', 295, 271554.46, 4169259.79, 734.53);
insert into STATION values (421, '15', 295, 271554.22, 4169260.43, 733.90);
insert into STATION values (422, '.', 295, 271547.03, 4169262.73, 733.67);
insert into STATION values (423, '.', 295, 271552.55, 4169279.01, 729.42);
insert into STATION values (424, '.', 295, 271565.17, 4169279.05, 734.95);
insert into STATION values (425, '.', 295, 271566.98, 4169266.94, 736.45);
insert into STATION values (426, '.', 295, 271569.86, 4169256.89, 743.11);
insert into STATION values (427, '.', 295, 271549.50, 4169254.65, 735.31);
insert into STATION values (428, '.', 295, 271552.93, 4169249.52, 740.06);
insert into STATION values (429, '.', 295, 271557.60, 4169265.57, 731.50);
insert into STATION values (430, '.', 295, 271558.16, 4169258.62, 745.35);
insert into STATION values (431, '16', 295, 271557.16, 4169285.65, 729.74);
insert into STATION values (432, '.', 295, 271547.47, 4169281.02, 727.41);
insert into STATION values (433, '.', 295, 271549.30, 4169274.36, 728.82);
insert into STATION values (434, '.', 295, 271551.47, 4169267.42, 731.74);
insert into STATION values (435, '.', 295, 271570.30, 4169261.60, 742.00);
insert into STATION values (436, '.', 295, 271569.83, 4169274.89, 741.12);
insert into STATION values (437, '.', 295, 271560.37, 4169292.27, 733.67);
insert into STATION values (438, '.', 295, 271555.45, 4169298.08, 732.68);
insert into STATION values (439, '.', 295, 271550.81, 4169289.75, 727.88);
insert into STATION values (440, '.', 295, 271555.78, 4169286.26, 736.09);
insert into STATION values (441, '.', 295, 271546.68, 4169286.97, 721.57);
insert into STATION values (442, '.', 295, 271552.50, 4169281.52, 726.66);
insert into STATION values (443, '17', 295, 271544.83, 4169288.97, 722.10);
insert into STATION values (444, '.', 295, 271543.78, 4169285.69, 722.67);
insert into STATION values (445, '.', 295, 271535.81, 4169287.33, 724.79);
insert into STATION values (446, '.', 295, 271539.98, 4169293.10, 724.14);
insert into STATION values (447, '.', 295, 271545.05, 4169291.48, 722.92);
insert into STATION values (448, '.', 295, 271550.18, 4169290.52, 725.70);
insert into STATION values (449, '.', 295, 271547.80, 4169283.88, 725.19);
insert into STATION values (450, '.', 295, 271545.00, 4169286.63, 728.88);
insert into STATION values (451, '.', 295, 271545.29, 4169288.96, 721.69);
insert into STATION values (452, '.', 295, 271542.72, 4169286.99, 720.67);
insert into STATION values (453, '18', 295, 271529.67, 4169298.35, 723.66);
insert into STATION values (454, '.', 295, 271536.22, 4169302.13, 723.85);
insert into STATION values (455, '.', 295, 271533.40, 4169300.13, 726.39);
insert into STATION values (456, '.', 295, 271534.21, 4169308.81, 723.26);
insert into STATION values (457, '.', 295, 271528.25, 4169314.34, 723.74);
insert into STATION values (458, '.', 295, 271527.75, 4169305.43, 724.69);
insert into STATION values (459, '.', 295, 271530.58, 4169292.74, 724.64);
insert into STATION values (460, '.', 295, 271533.99, 4169289.71, 724.64);
insert into STATION values (461, '.', 295, 271539.94, 4169293.28, 724.10);
insert into STATION values (462, '.', 295, 271533.57, 4169296.97, 722.38);
insert into STATION values (463, '.', 295, 271534.33, 4169295.56, 726.83);
insert into STATION values (464, '19', 295, 271535.30, 4169320.35, 720.75);
insert into STATION values (465, '.', 295, 271535.20, 4169308.51, 722.18);
insert into STATION values (466, '.', 295, 271540.08, 4169313.95, 721.39);
insert into STATION values (467, '.', 295, 271536.93, 4169320.34, 720.99);
insert into STATION values (468, '.', 295, 271539.14, 4169325.93, 721.01);
insert into STATION values (469, '.', 295, 271527.35, 4169308.05, 723.65);
insert into STATION values (470, '.', 295, 271528.81, 4169317.69, 722.37);
insert into STATION values (471, '.', 295, 271525.03, 4169324.64, 722.65);
insert into STATION values (472, '.', 295, 271520.61, 4169334.91, 723.69);
insert into STATION values (473, '.', 295, 271529.25, 4169324.92, 725.24);
insert into STATION values (474, '.', 295, 271532.96, 4169322.00, 719.66);
insert into STATION values (475, '20', 295, 271533.24, 4169343.19, 721.51);
insert into STATION values (476, '.', 295, 271537.91, 4169335.21, 724.19);
insert into STATION values (477, '.', 295, 271532.81, 4169333.99, 726.51);
insert into STATION values (478, '.', 295, 271526.27, 4169333.61, 724.50);
insert into STATION values (479, '.', 295, 271530.67, 4169322.73, 722.95);
insert into STATION values (480, '.', 295, 271521.77, 4169340.34, 723.10);
insert into STATION values (481, '.', 295, 271533.74, 4169347.16, 724.92);
insert into STATION values (482, '.', 295, 271529.69, 4169355.87, 723.59);
insert into STATION values (483, '.', 295, 271506.78, 4169353.21, 725.33);
insert into STATION values (484, '.', 295, 271517.87, 4169344.90, 724.26);
insert into STATION values (485, '.', 295, 271531.34, 4169346.24, 720.08);
insert into STATION values (486, '.', 295, 271524.82, 4169351.38, 726.44);
insert into STATION values (487, '21', 295, 271514.83, 4169356.98, 724.21);
insert into STATION values (488, '.', 295, 271511.21, 4169348.97, 724.73);
insert into STATION values (489, '.', 295, 271515.82, 4169348.88, 724.15);
insert into STATION values (490, '.', 295, 271524.39, 4169339.63, 723.93);
insert into STATION values (491, '.', 295, 271532.36, 4169353.08, 724.33);
insert into STATION values (492, '.', 295, 271527.60, 4169360.01, 724.44);
insert into STATION values (493, '.', 295, 271510.68, 4169361.94, 725.61);
insert into STATION values (494, '.', 295, 271515.38, 4169363.69, 725.07);
insert into STATION values (495, '.', 295, 271513.77, 4169352.66, 723.21);
insert into STATION values (496, '.', 295, 271514.39, 4169354.64, 726.52);
insert into STATION values (497, '22', 295, 271537.53, 4169376.41, 722.12);
insert into STATION values (498, '.', 295, 271532.78, 4169383.39, 722.30);
insert into STATION values (499, '.', 295, 271523.32, 4169379.49, 725.93);
insert into STATION values (500, '.', 295, 271525.39, 4169373.68, 724.92);
insert into STATION values (501, '.', 295, 271532.01, 4169365.46, 723.62);
insert into STATION values (502, '.', 295, 271539.59, 4169369.70, 721.60);
insert into STATION values (503, '.', 295, 271541.49, 4169370.71, 721.48);
insert into STATION values (504, '.', 295, 271539.50, 4169375.22, 721.78);
insert into STATION values (505, '.', 295, 271534.19, 4169370.94, 726.17);
insert into STATION values (506, '.', 295, 271535.34, 4169373.26, 721.04);
insert into STATION values (507, '23', 295, 271527.84, 4169385.49, 721.63);
insert into STATION values (508, '.', 295, 271520.30, 4169383.98, 724.86);
insert into STATION values (509, '.', 295, 271523.52, 4169379.91, 726.16);
insert into STATION values (510, '.', 295, 271527.48, 4169386.74, 721.75);
insert into STATION values (511, '.', 295, 271530.44, 4169390.14, 722.30);
insert into STATION values (512, '.', 295, 271531.97, 4169384.46, 722.31);
insert into STATION values (513, '.', 295, 271537.69, 4169376.89, 722.32);
insert into STATION values (514, '.', 295, 271530.61, 4169386.98, 728.53);
insert into STATION values (515, '.', 295, 271527.87, 4169386.87, 720.73);
insert into STATION values (516, '24', 295, 271505.76, 4169409.62, 721.97);
insert into STATION values (517, '.', 295, 271510.96, 4169427.68, 723.03);
insert into STATION values (518, '.', 295, 271516.20, 4169416.81, 725.70);
insert into STATION values (519, '.', 295, 271526.11, 4169400.42, 725.91);
insert into STATION values (520, '.', 295, 271516.91, 4169387.22, 723.51);
insert into STATION values (521, '.', 295, 271508.88, 4169398.19, 722.16);
insert into STATION values (522, '.', 295, 271503.37, 4169400.73, 723.98);
insert into STATION values (523, '.', 295, 271488.98, 4169419.97, 730.26);
insert into STATION values (524, '.', 295, 271497.58, 4169418.09, 723.32);
insert into STATION values (525, '.', 295, 271504.31, 4169414.63, 729.98);
insert into STATION values (526, '.', 295, 271506.85, 4169412.22, 720.04);
insert into STATION values (527, '25', 295, 271495.80, 4169447.72, 727.30);
insert into STATION values (528, '.', 295, 271505.53, 4169450.78, 728.59);
insert into STATION values (529, '.', 295, 271510.20, 4169436.22, 726.66);
insert into STATION values (530, '.', 295, 271491.88, 4169434.62, 728.69);
insert into STATION values (531, '.', 295, 271488.93, 4169438.25, 729.43);
insert into STATION values (532, '.', 295, 271478.87, 4169450.72, 735.57);
insert into STATION values (533, '.', 295, 271495.52, 4169443.68, 723.66);
insert into STATION values (534, '.', 295, 271499.83, 4169436.86, 720.88);
insert into STATION values (535, '.', 295, 271494.67, 4169443.28, 735.45);
insert into STATION values (536, '.', 295, 271475.08, 4169446.69, 734.32);
insert into STATION values (537, '26', 295, 271477.61, 4169446.15, 733.16);
insert into STATION values (538, '.', 295, 271505.41, 4169454.78, 731.02);
insert into STATION values (539, '.', 295, 271491.00, 4169436.58, 731.46);
insert into STATION values (540, '.', 295, 271478.10, 4169442.67, 733.78);
insert into STATION values (541, '.', 295, 271486.59, 4169480.27, 731.87);
insert into STATION values (542, '.', 295, 271482.91, 4169463.10, 740.16);
insert into STATION values (543, '.', 295, 271481.88, 4169451.51, 732.00);
insert into STATION values (544, '.', 295, 271474.44, 4169461.26, 730.22);
insert into STATION values (545, '.', 295, 271507.96, 4169446.02, 723.94);
insert into STATION values (546, '27', 295, 271468.60, 4169476.66, 731.66);
insert into STATION values (547, '.', 295, 271484.18, 4169496.79, 733.93);
insert into STATION values (548, '.', 295, 271490.35, 4169485.43, 732.60);
insert into STATION values (549, '.', 295, 271488.14, 4169475.62, 730.60);
insert into STATION values (550, '.', 295, 271457.78, 4169479.53, 732.54);
insert into STATION values (551, '.', 295, 271461.81, 4169471.59, 733.46);
insert into STATION values (552, '.', 295, 271468.80, 4169458.84, 732.13);
insert into STATION values (553, '.', 295, 271472.86, 4169474.00, 739.12);
insert into STATION values (554, '.', 295, 271466.90, 4169479.74, 730.27);
insert into STATION values (555, '.', 295, 271484.93, 4169476.62, 725.72);
insert into STATION values (556, '28', 295, 271467.88, 4169495.05, 732.14);
insert into STATION values (557, '.', 295, 271479.60, 4169506.39, 730.52);
insert into STATION values (558, '.', 295, 271488.22, 4169497.24, 731.25);
insert into STATION values (559, '.', 295, 271493.44, 4169480.56, 734.87);
insert into STATION values (560, '.', 295, 271468.02, 4169494.87, 732.17);
insert into STATION values (561, '.', 295, 271467.95, 4169465.33, 734.59);
insert into STATION values (562, '.', 295, 271461.83, 4169472.70, 733.80);
insert into STATION values (563, '.', 295, 271492.39, 4169482.21, 734.23);
insert into STATION values (564, '.', 295, 271456.70, 4169498.67, 734.03);
insert into STATION values (565, '.', 295, 271454.84, 4169491.13, 734.18);
insert into STATION values (566, '.', 295, 271463.21, 4169496.92, 737.52);
insert into STATION values (567, '.', 295, 271469.55, 4169498.53, 738.92);
insert into STATION values (568, '.', 295, 271467.92, 4169496.92, 731.17);
insert into STATION values (569, '.', 295, 271470.85, 4169501.16, 729.75);
insert into STATION values (570, '.', 295, 271471.34, 4169508.88, 729.30);
insert into STATION values (571, '.', 295, 271465.14, 4169522.68, 727.10);
insert into STATION values (572, '29', 295, 271467.31, 4169538.50, 733.05);
insert into STATION values (573, '.', 295, 271445.59, 4169533.70, 731.58);
insert into STATION values (574, '.', 295, 271450.73, 4169522.74, 734.09);
insert into STATION values (575, '.', 295, 271457.60, 4169515.79, 731.93);
insert into STATION values (576, '.', 295, 271448.94, 4169548.95, 733.46);
insert into STATION values (577, '.', 295, 271468.12, 4169540.35, 734.29);
insert into STATION values (578, '.', 295, 271469.62, 4169537.38, 733.67);
insert into STATION values (579, '.', 295, 271464.98, 4169540.03, 739.92);
insert into STATION values (580, '.', 295, 271459.94, 4169539.29, 730.62);
insert into STATION values (581, '.', 295, 271465.89, 4169534.79, 729.49);
insert into STATION values (582, '30', 295, 271456.86, 4169557.37, 736.43);
insert into STATION values (583, '.', 295, 271443.98, 4169554.59, 740.34);
insert into STATION values (584, '.', 295, 271448.61, 4169546.78, 738.46);
insert into STATION values (585, '.', 295, 271444.86, 4169528.58, 735.29);
insert into STATION values (586, '.', 295, 271456.97, 4169518.32, 731.36);
insert into STATION values (587, '.', 295, 271449.50, 4169523.44, 734.86);
insert into STATION values (588, '.', 295, 271468.96, 4169547.21, 738.26);
insert into STATION values (589, '.', 295, 271477.41, 4169557.03, 741.94);
insert into STATION values (590, '.', 295, 271471.06, 4169562.66, 740.69);
insert into STATION values (591, '.', 295, 271464.04, 4169569.83, 739.75);
insert into STATION values (592, '.', 295, 271457.69, 4169572.29, 738.67);
insert into STATION values (593, '.', 295, 271453.83, 4169578.57, 737.29);
insert into STATION values (594, '.', 295, 271447.25, 4169588.53, 736.09);
insert into STATION values (595, '.', 295, 271458.65, 4169560.11, 742.67);
insert into STATION values (596, '.', 295, 271439.73, 4169572.13, 734.89);
insert into STATION values (597, '31', 295, 271449.98, 4169582.43, 736.02);
insert into STATION values (598, '.', 295, 271456.64, 4169573.95, 736.89);
insert into STATION values (599, '.', 295, 271440.26, 4169581.31, 735.70);
insert into STATION values (600, '.', 295, 271442.71, 4169576.46, 735.13);
insert into STATION values (601, '.', 295, 271429.66, 4169593.44, 734.08);
insert into STATION values (602, '.', 295, 271439.56, 4169566.58, 736.69);
insert into STATION values (603, '.', 295, 271443.54, 4169561.43, 736.41);
insert into STATION values (604, '.', 295, 271445.02, 4169569.71, 744.00);
insert into STATION values (605, '.', 295, 271446.01, 4169578.47, 733.36);
insert into STATION values (606, '32', 295, 271434.93, 4169601.87, 734.30);
insert into STATION values (607, '.', 295, 271432.15, 4169604.11, 736.04);
insert into STATION values (608, '.', 295, 271430.31, 4169617.73, 736.10);
insert into STATION values (609, '.', 295, 271429.83, 4169600.28, 737.51);
insert into STATION values (610, '.', 295, 271428.29, 4169591.01, 738.22);
insert into STATION values (611, '.', 295, 271431.62, 4169587.01, 737.93);
insert into STATION values (612, '.', 295, 271451.61, 4169592.34, 739.42);
insert into STATION values (613, '.', 295, 271442.08, 4169600.90, 735.76);
insert into STATION values (614, '.', 295, 271440.90, 4169607.94, 736.48);
insert into STATION values (615, '.', 295, 271452.64, 4169626.03, 745.09);
insert into STATION values (616, '.', 295, 271446.15, 4169626.91, 740.64);
insert into STATION values (617, '.', 295, 271440.72, 4169606.54, 745.71);
insert into STATION values (618, '.', 295, 271438.71, 4169602.82, 733.49);
insert into STATION values (619, '33', 295, 271435.18, 4169634.50, 736.59);
insert into STATION values (620, '.', 295, 271426.61, 4169630.58, 736.73);
insert into STATION values (621, '.', 295, 271425.85, 4169639.47, 736.79);
insert into STATION values (622, '.', 295, 271422.85, 4169647.79, 738.24);
insert into STATION values (623, '.', 295, 271436.82, 4169646.51, 740.38);
insert into STATION values (624, '.', 295, 271442.12, 4169639.12, 741.09);
insert into STATION values (625, '.', 295, 271445.69, 4169630.67, 740.77);
insert into STATION values (626, '.', 295, 271449.38, 4169617.91, 741.95);
insert into STATION values (627, '.', 295, 271452.06, 4169606.14, 742.82);
insert into STATION values (628, '.', 295, 271437.00, 4169623.50, 746.95);
insert into STATION values (629, '.', 295, 271433.15, 4169631.84, 735.29);
insert into STATION values (630, '34', 295, 271423.39, 4169652.09, 738.74);
insert into STATION values (631, '.', 295, 271437.61, 4169667.48, 750.07);
insert into STATION values (632, '.', 295, 271438.07, 4169656.07, 747.07);
insert into STATION values (633, '.', 295, 271438.95, 4169650.74, 746.56);
insert into STATION values (634, '.', 295, 271444.00, 4169635.54, 742.88);
insert into STATION values (635, '.', 295, 271453.61, 4169618.70, 743.79);
insert into STATION values (636, '.', 295, 271431.22, 4169617.74, 740.21);
insert into STATION values (637, '.', 295, 271423.92, 4169633.50, 741.28);
insert into STATION values (638, '.', 295, 271426.63, 4169649.64, 737.15);
insert into STATION values (639, '.', 295, 271433.07, 4169644.78, 748.46);
insert into STATION values (640, '35', 295, 271426.01, 4169664.80, 740.31);
insert into STATION values (641, '.', 295, 271421.87, 4169669.47, 741.90);
insert into STATION values (642, '.', 295, 271421.42, 4169663.64, 740.85);
insert into STATION values (643, '.', 295, 271422.26, 4169655.02, 739.94);
insert into STATION values (644, '.', 295, 271438.82, 4169671.23, 748.03);
insert into STATION values (645, '.', 295, 271440.31, 4169662.42, 747.35);
insert into STATION values (646, '.', 295, 271437.01, 4169654.04, 747.98);
insert into STATION values (647, '.', 295, 271426.97, 4169672.62, 738.93);
insert into STATION values (648, '.', 295, 271426.70, 4169666.17, 753.36);
insert into STATION values (649, '36', 295, 271425.87, 4169678.84, 743.16);
insert into STATION values (650, '.', 295, 271412.96, 4169684.04, 746.89);
insert into STATION values (651, '.', 295, 271419.30, 4169677.12, 744.37);
insert into STATION values (652, '.', 295, 271421.01, 4169669.80, 740.70);
insert into STATION values (653, '.', 295, 271437.39, 4169669.33, 749.26);
insert into STATION values (654, '.', 295, 271436.91, 4169679.56, 751.03);
insert into STATION values (655, '.', 295, 271436.90, 4169690.12, 747.99);
insert into STATION values (656, '.', 295, 271436.95, 4169696.61, 746.18);
insert into STATION values (657, '.', 295, 271428.59, 4169679.60, 754.09);
insert into STATION values (658, '.', 295, 271427.37, 4169679.17, 742.41);
insert into STATION values (659, '37', 295, 271428.95, 4169706.50, 745.45);
insert into STATION values (660, '.', 295, 271433.32, 4169710.16, 747.16);
insert into STATION values (661, '.', 295, 271433.55, 4169719.84, 748.68);
insert into STATION values (662, '.', 295, 271431.08, 4169736.65, 750.56);
insert into STATION values (663, '.', 295, 271419.21, 4169728.33, 751.19);
insert into STATION values (664, '.', 295, 271424.44, 4169710.92, 746.24);
insert into STATION values (665, '.', 295, 271423.83, 4169705.53, 746.81);
insert into STATION values (666, '.', 295, 271423.20, 4169698.72, 748.77);
insert into STATION values (667, '.', 295, 271427.72, 4169708.71, 750.42);
insert into STATION values (668, '.', 295, 271427.34, 4169712.80, 743.39);
insert into STATION values (669, '38', 295, 271422.24, 4169720.35, 746.23);
insert into STATION values (670, '.', 295, 271436.52, 4169729.11, 756.78);
insert into STATION values (671, '.', 295, 271434.06, 4169740.06, 757.05);
insert into STATION values (672, '.', 295, 271417.91, 4169732.35, 749.29);
insert into STATION values (673, '.', 295, 271433.47, 4169710.71, 747.21);
insert into STATION values (674, '.', 295, 271421.88, 4169713.66, 747.04);
insert into STATION values (675, '.', 295, 271406.74, 4169714.47, 746.52);
insert into STATION values (676, '.', 295, 271404.07, 4169719.12, 745.15);
insert into STATION values (677, '.', 295, 271401.37, 4169725.22, 743.68);
insert into STATION values (678, '.', 295, 271415.03, 4169727.27, 747.83);
insert into STATION values (679, '.', 295, 271420.89, 4169720.94, 756.71);
insert into STATION values (680, '.', 295, 271420.96, 4169721.23, 744.44);
insert into STATION values (681, '39', 295, 271418.80, 4169740.74, 749.68);
insert into STATION values (682, '.', 295, 271432.66, 4169742.04, 755.58);
insert into STATION values (683, '.', 295, 271429.91, 4169750.59, 753.91);
insert into STATION values (684, '.', 295, 271430.81, 4169732.78, 752.98);
insert into STATION values (685, '.', 295, 271415.25, 4169750.46, 751.63);
insert into STATION values (686, '.', 295, 271414.48, 4169742.95, 750.87);
insert into STATION values (687, '.', 295, 271412.08, 4169737.31, 752.07);
insert into STATION values (688, '.', 295, 271418.20, 4169734.79, 750.47);
insert into STATION values (689, '.', 295, 271421.21, 4169739.72, 755.70);
insert into STATION values (690, '.', 295, 271420.66, 4169740.52, 748.36);
insert into STATION values (691, '40', 295, 271432.70, 4169767.01, 755.55);
insert into STATION values (692, '.', 295, 271437.24, 4169773.30, 758.50);
insert into STATION values (693, '.', 295, 271431.43, 4169774.57, 758.54);
insert into STATION values (694, '.', 295, 271423.56, 4169772.25, 758.97);
insert into STATION values (695, '.', 295, 271440.33, 4169759.98, 757.60);
insert into STATION values (696, '.', 295, 271434.70, 4169755.27, 757.03);
insert into STATION values (697, '.', 295, 271431.01, 4169755.19, 755.84);
insert into STATION values (698, '.', 295, 271433.03, 4169763.32, 759.91);
insert into STATION values (699, '.', 295, 271435.23, 4169764.59, 754.09);
insert into STATION values (700, '.', 295, 271448.63, 4169773.62, 761.45);
insert into STATION values (701, '41', 295, 271447.73, 4169773.32, 761.00);
insert into STATION values (702, '.', 295, 271449.60, 4169786.18, 761.05);
insert into STATION values (703, '.', 295, 271444.42, 4169780.87, 762.75);
insert into STATION values (704, '.', 295, 271431.32, 4169780.00, 769.19);
insert into STATION values (705, '.', 295, 271428.13, 4169766.01, 760.67);
insert into STATION values (706, '.', 295, 271429.18, 4169769.53, 761.83);
insert into STATION values (707, '.', 295, 271438.30, 4169761.26, 760.04);
insert into STATION values (708, '.', 295, 271449.43, 4169763.24, 762.44);
insert into STATION values (709, '.', 295, 271444.97, 4169769.72, 758.79);
insert into STATION values (710, '.', 295, 271441.00, 4169769.84, 769.16);
insert into STATION values (711, '42', 295, 271448.74, 4169777.90, 758.39);
insert into STATION values (712, '.', 295, 271460.40, 4169783.98, 760.66);
insert into STATION values (713, '.', 295, 271451.10, 4169784.74, 760.26);
insert into STATION values (714, '.', 295, 271444.94, 4169786.70, 761.01);
insert into STATION values (715, '.', 295, 271443.39, 4169780.87, 762.12);
insert into STATION values (716, '.', 295, 271447.92, 4169773.45, 760.91);
insert into STATION values (717, '.', 295, 271450.41, 4169774.63, 759.82);
insert into STATION values (718, '.', 295, 271460.08, 4169770.88, 760.00);
insert into STATION values (719, '.', 295, 271467.62, 4169773.28, 759.34);
insert into STATION values (720, '.', 295, 271454.63, 4169775.06, 756.16);
insert into STATION values (721, '.', 295, 271447.53, 4169777.35, 764.37);
insert into STATION values (722, '43', 295, 271467.71, 4169782.46, 758.07);
insert into STATION values (723, '.', 295, 271479.95, 4169788.90, 758.29);
insert into STATION values (724, '.', 295, 271476.11, 4169783.18, 758.42);
insert into STATION values (725, '.', 295, 271470.47, 4169779.96, 758.83);
insert into STATION values (726, '.', 295, 271468.08, 4169774.91, 759.57);
insert into STATION values (727, '.', 295, 271461.63, 4169770.39, 760.24);
insert into STATION values (728, '.', 295, 271476.94, 4169796.33, 758.59);
insert into STATION values (729, '.', 295, 271469.73, 4169792.59, 758.72);
insert into STATION values (730, '.', 295, 271463.60, 4169787.96, 758.33);
insert into STATION values (731, '.', 295, 271462.21, 4169782.64, 758.31);
insert into STATION values (732, '.', 295, 271466.62, 4169783.68, 760.21);
insert into STATION values (733, '.', 295, 271467.51, 4169783.17, 757.77);
insert into STATION values (734, 'PTR_FR24_A16_44', 295, 271480.64, 4169792.98, 757.36);
insert into STATION values (735, '.', 295, 271482.65, 4169789.13, 757.45);
insert into STATION values (736, '.', 295, 271483.84, 4169793.61, 757.80);
insert into STATION values (737, '.', 295, 271476.21, 4169782.71, 758.80);
insert into STATION values (738, '.', 295, 271470.08, 4169792.36, 758.98);
insert into STATION values (739, '.', 295, 271478.13, 4169796.28, 758.20);
insert into STATION values (740, '.', 295, 271480.75, 4169793.87, 757.46);
insert into STATION values (741, '.', 295, 271480.73, 4169792.95, 758.33);
insert into STATION values (742, '.', 295, 271480.50, 4169792.79, 756.51);
insert into STATION values (743, '45', 295, 271485.15, 4169791.94, 757.88);
insert into STATION values (744, '.', 295, 271484.53, 4169793.10, 758.04);
insert into STATION values (745, '.', 295, 271485.20, 4169792.44, 758.46);
insert into STATION values (746, '.', 295, 271487.05, 4169792.30, 757.06);
insert into STATION values (747, '.', 295, 271486.07, 4169789.26, 758.08);
insert into STATION values (748, '46', 295, 271488.16, 4169796.83, 758.53);
insert into STATION values (749, '.', 295, 271489.92, 4169795.23, 759.10);
insert into STATION values (750, '.', 295, 271488.55, 4169796.79, 759.20);
insert into STATION values (751, '.', 295, 271485.69, 4169799.00, 758.29);
insert into STATION values (752, '.', 295, 271488.43, 4169797.08, 757.92);
insert into STATION values (753, '.', 295, 271488.93, 4169805.20, 758.90);
insert into STATION values (754, '.', 295, 271492.06, 4169797.31, 758.80);
insert into STATION values (755, '47', 295, 271493.77, 4169804.34, 759.36);
insert into STATION values (756, '.', 295, 271497.24, 4169799.14, 760.33);
insert into STATION values (757, '.', 295, 271492.81, 4169807.56, 761.42);
insert into STATION values (758, '.', 295, 271496.96, 4169809.17, 760.05);
insert into STATION values (759, '.', 295, 271509.76, 4169806.89, 760.49);
insert into STATION values (760, '.', 295, 271494.27, 4169804.13, 761.43);
insert into STATION values (761, '.', 295, 271495.35, 4169803.17, 758.42);
insert into STATION values (762, '.', 295, 271489.27, 4169805.90, 760.14);
insert into STATION values (763, '.', 295, 271491.91, 4169797.67, 759.23);
insert into STATION values (764, '48', 295, 271506.33, 4169814.03, 759.19);
insert into STATION values (765, '.', 295, 271503.25, 4169820.31, 760.32);
insert into STATION values (766, '.', 295, 271500.23, 4169814.44, 760.03);
insert into STATION values (767, '.', 295, 271496.79, 4169809.91, 759.57);
insert into STATION values (768, '.', 295, 271513.83, 4169814.09, 761.13);
insert into STATION values (769, '.', 295, 271511.87, 4169809.15, 761.25);
insert into STATION values (770, '.', 295, 271508.47, 4169804.40, 760.91);
insert into STATION values (771, '.', 295, 271506.71, 4169813.11, 761.48);
insert into STATION values (772, '.', 295, 271505.11, 4169813.81, 758.75);
insert into STATION values (773, '49', 295, 271513.55, 4169825.16, 760.64);
insert into STATION values (774, '.', 295, 271502.22, 4169831.35, 760.67);
insert into STATION values (775, '.', 295, 271511.78, 4169824.84, 760.69);
insert into STATION values (776, '.', 295, 271500.54, 4169814.94, 760.15);
insert into STATION values (777, '.', 295, 271517.01, 4169829.10, 761.05);
insert into STATION values (778, '.', 295, 271527.08, 4169823.10, 760.76);
insert into STATION values (779, '.', 295, 271520.27, 4169818.64, 761.33);
insert into STATION values (780, '.', 295, 271510.01, 4169806.34, 760.91);
insert into STATION values (781, '.', 295, 271513.10, 4169822.58, 762.64);
insert into STATION values (782, '.', 295, 271512.55, 4169823.99, 760.16);
insert into STATION values (783, '50', 295, 271505.27, 4169838.84, 760.42);
insert into STATION values (784, '.', 295, 271501.51, 4169838.82, 758.90);
insert into STATION values (785, '.', 295, 271503.75, 4169846.53, 759.45);
insert into STATION values (786, '.', 295, 271510.55, 4169850.09, 759.74);
insert into STATION values (787, '.', 295, 271514.96, 4169842.37, 759.53);
insert into STATION values (788, '.', 295, 271516.60, 4169835.53, 759.69);
insert into STATION values (789, '.', 295, 271506.53, 4169839.76, 758.80);
insert into STATION values (790, '.', 295, 271507.95, 4169840.55, 761.54);
insert into STATION values (791, '51', 295, 271521.42, 4169856.40, 759.23);
insert into STATION values (792, '.', 295, 271517.18, 4169859.70, 759.59);
insert into STATION values (793, '.', 295, 271516.20, 4169855.29, 759.23);
insert into STATION values (794, '.', 295, 271511.50, 4169850.42, 758.66);
insert into STATION values (795, '.', 295, 271517.02, 4169846.40, 758.81);
insert into STATION values (796, '.', 295, 271524.04, 4169858.72, 759.34);
insert into STATION values (797, '.', 295, 271525.45, 4169856.03, 759.25);
insert into STATION values (798, '.', 295, 271525.50, 4169849.74, 759.12);
insert into STATION values (799, '.', 295, 271522.08, 4169855.68, 760.82);
insert into STATION values (800, '.', 295, 271521.36, 4169856.69, 758.91);
insert into STATION values (801, '52', 295, 271513.78, 4169865.78, 759.80);
insert into STATION values (802, '53', 295, 271500.43, 4169857.90, 760.09);
insert into STATION values (803, '54', 295, 271536.24, 4169868.92, 759.84);
insert into STATION values (804, '.', 295, 271532.12, 4169865.95, 760.41);
insert into STATION values (805, '.', 295, 271533.13, 4169862.08, 760.60);
insert into STATION values (806, '.', 295, 271539.98, 4169862.27, 761.25);
insert into STATION values (807, '.', 295, 271538.00, 4169869.48, 761.00);
insert into STATION values (808, '.', 295, 271531.64, 4169872.52, 760.69);
insert into STATION values (809, '.', 295, 271529.99, 4169871.21, 760.13);
insert into STATION values (810, '55', 295, 271539.25, 4169844.93, 760.89);
insert into STATION values (811, '.', 295, 271537.66, 4169844.13, 761.19);
insert into STATION values (812, '.', 295, 271541.44, 4169839.47, 761.70);
insert into STATION values (813, '.', 295, 271544.37, 4169837.98, 762.46);
insert into STATION values (814, '.', 295, 271551.48, 4169840.99, 762.95);
insert into STATION values (815, '.', 295, 271535.41, 4169850.53, 761.65);
insert into STATION values (816, '.', 295, 271541.55, 4169852.48, 761.18);
insert into STATION values (817, '.', 295, 271540.22, 4169860.17, 761.72);
insert into STATION values (818, '.', 295, 271540.50, 4169847.96, 762.94);
insert into STATION values (819, '.', 295, 271540.50, 4169846.66, 760.41);
insert into STATION values (820, '56', 295, 271546.25, 4169839.39, 761.72);
insert into STATION values (821, '.', 295, 271551.44, 4169841.51, 762.71);
insert into STATION values (822, '.', 295, 271547.14, 4169844.47, 763.14);
insert into STATION values (823, '.', 295, 271541.89, 4169851.32, 762.39);
insert into STATION values (824, '.', 295, 271545.55, 4169836.85, 763.02);
insert into STATION values (825, '.', 295, 271542.58, 4169838.94, 761.97);
insert into STATION values (826, '.', 295, 271537.38, 4169844.12, 761.28);
insert into STATION values (827, '.', 295, 271545.18, 4169839.72, 764.22);
insert into STATION values (828, '.', 295, 271547.31, 4169839.71, 761.15);
insert into STATION values (829, '57', 295, 271568.32, 4169822.91, 761.96);
insert into STATION values (830, '.', 295, 271498.70, 4169854.68, 760.56);
insert into STATION values (831, '.', 295, 271507.74, 4169859.93, 760.27);
insert into STATION values (832, '.', 295, 271501.16, 4169857.96, 762.77);
insert into STATION values (833, '.', 295, 271501.49, 4169858.49, 759.46);
insert into STATION values (834, '58', 295, 271475.58, 4169869.56, 759.25);
insert into STATION values (835, '.', 295, 271471.47, 4169865.63, 758.26);
insert into STATION values (836, '.', 295, 271475.82, 4169862.59, 761.26);
insert into STATION values (837, '.', 295, 271481.58, 4169857.96, 759.38);
insert into STATION values (838, '.', 295, 271485.79, 4169865.74, 760.47);
insert into STATION values (839, '.', 295, 271480.53, 4169871.40, 759.91);
insert into STATION values (840, '.', 295, 271476.89, 4169872.79, 759.29);
insert into STATION values (841, '.', 295, 271468.91, 4169872.17, 757.92);
insert into STATION values (842, '.', 295, 271473.35, 4169867.02, 764.16);
insert into STATION values (843, '.', 295, 271474.50, 4169869.00, 758.14);
insert into STATION values (844, '59', 295, 271459.44, 4169865.18, 756.80);
insert into STATION values (845, '.', 295, 271451.49, 4169864.86, 757.59);
insert into STATION values (846, '.', 295, 271458.56, 4169863.02, 757.29);
insert into STATION values (847, '.', 295, 271462.76, 4169861.56, 757.29);
insert into STATION values (848, '.', 295, 271447.07, 4169871.36, 756.58);
insert into STATION values (849, '.', 295, 271450.17, 4169877.36, 756.85);
insert into STATION values (850, '.', 295, 271458.60, 4169872.01, 757.28);
insert into STATION values (851, '.', 295, 271460.99, 4169869.69, 756.44);
insert into STATION values (852, '.', 295, 271467.62, 4169869.07, 757.21);
insert into STATION values (853, '.', 295, 271458.64, 4169866.93, 759.05);
insert into STATION values (854, '.', 295, 271459.14, 4169866.91, 755.93);
insert into STATION values (855, '60', 295, 271442.09, 4169870.71, 757.50);
insert into STATION values (856, '.', 295, 271433.34, 4169876.39, 757.12);
insert into STATION values (857, '.', 295, 271438.08, 4169870.37, 756.45);
insert into STATION values (858, '.', 295, 271438.02, 4169866.19, 755.03);
insert into STATION values (859, '.', 295, 271441.70, 4169861.58, 754.82);
insert into STATION values (860, '.', 295, 271447.02, 4169861.70, 755.78);
insert into STATION values (861, '.', 295, 271450.59, 4169864.09, 756.71);
insert into STATION values (862, '.', 295, 271446.16, 4169871.44, 755.85);
insert into STATION values (863, '.', 295, 271445.99, 4169874.50, 755.85);
insert into STATION values (864, '.', 295, 271443.40, 4169878.51, 755.69);
insert into STATION values (865, '.', 295, 271439.51, 4169881.76, 755.78);
insert into STATION values (866, '.', 295, 271436.50, 4169884.12, 755.95);
insert into STATION values (867, '.', 295, 271444.10, 4169872.15, 758.61);
insert into STATION values (868, '.', 295, 271443.23, 4169872.34, 755.73);
insert into STATION values (869, '.', 295, 271445.18, 4169871.79, 754.80);
insert into STATION values (870, '61', 295, 271429.98, 4169888.03, 755.63);
insert into STATION values (871, '.', 295, 271412.85, 4169885.55, 754.48);
insert into STATION values (872, '.', 295, 271421.11, 4169880.81, 755.15);
insert into STATION values (873, '.', 295, 271429.44, 4169879.92, 756.39);
insert into STATION values (874, '.', 295, 271434.24, 4169875.21, 757.33);
insert into STATION values (875, '.', 295, 271438.36, 4169882.58, 756.75);
insert into STATION values (876, '.', 295, 271436.75, 4169888.98, 755.97);
insert into STATION values (877, '.', 295, 271432.10, 4169898.21, 753.07);
insert into STATION values (878, '.', 295, 271426.61, 4169901.21, 754.75);
insert into STATION values (879, '.', 295, 271417.30, 4169900.74, 754.53);
insert into STATION values (880, '.', 295, 271416.20, 4169897.07, 756.20);
insert into STATION values (881, '.', 295, 271422.09, 4169896.22, 753.19);
insert into STATION values (882, '.', 295, 271429.61, 4169888.65, 757.50);
insert into STATION values (883, '.', 295, 271425.42, 4169886.61, 762.10);
insert into STATION values (884, '62', 295, 271417.79, 4169914.11, 753.76);
insert into STATION values (885, '.', 295, 271419.81, 4169915.06, 753.53);
insert into STATION values (886, '.', 295, 271419.56, 4169921.21, 754.70);
insert into STATION values (887, '.', 295, 271415.29, 4169922.98, 755.59);
insert into STATION values (888, '.', 295, 271413.47, 4169918.49, 754.58);
insert into STATION values (889, '.', 295, 271422.70, 4169908.30, 754.93);
insert into STATION values (890, '.', 295, 271422.27, 4169915.25, 760.91);
insert into STATION values (891, '.', 295, 271418.73, 4169913.44, 752.19);
insert into STATION values (892, '63', 295, 271416.52, 4169925.91, 758.41);
insert into STATION values (893, '64', 295, 271410.82, 4169899.28, 753.88);
insert into STATION values (894, '.', 295, 271401.45, 4169900.34, 752.52);
insert into STATION values (895, '.', 295, 271403.24, 4169895.02, 750.13);
insert into STATION values (896, '.', 295, 271408.39, 4169891.74, 751.64);
insert into STATION values (897, '.', 295, 271412.75, 4169887.67, 753.30);
insert into STATION values (898, '.', 295, 271410.76, 4169901.10, 753.68);
insert into STATION values (899, '.', 295, 271415.00, 4169897.81, 754.52);
insert into STATION values (900, '.', 295, 271409.27, 4169899.48, 751.09);
insert into STATION values (901, '.', 295, 271402.73, 4169896.64, 748.66);
insert into STATION values (902, '.', 295, 271408.64, 4169898.58, 755.20);
insert into STATION values (903, '65', 295, 271402.58, 4169911.41, 751.85);
insert into STATION values (904, '.', 295, 271410.44, 4169904.57, 754.37);
insert into STATION values (905, '.', 295, 271409.69, 4169909.78, 754.33);
insert into STATION values (906, '.', 295, 271410.42, 4169916.50, 751.77);
insert into STATION values (907, '.', 295, 271407.60, 4169922.66, 750.69);
insert into STATION values (908, '.', 295, 271396.88, 4169923.89, 751.06);
insert into STATION values (909, '.', 295, 271396.01, 4169917.54, 751.50);
insert into STATION values (910, '.', 295, 271398.08, 4169906.44, 753.77);
insert into STATION values (911, '.', 295, 271400.92, 4169902.42, 754.13);
insert into STATION values (912, '.', 295, 271405.14, 4169908.36, 761.56);
insert into STATION values (913, '.', 295, 271406.17, 4169917.15, 749.13);
insert into STATION values (914, '66', 295, 271399.56, 4169937.27, 749.61);
insert into STATION values (915, '.', 295, 271387.04, 4169948.84, 747.55);
insert into STATION values (916, '.', 295, 271392.39, 4169935.94, 748.56);
insert into STATION values (917, '.', 295, 271406.86, 4169925.47, 750.53);
insert into STATION values (918, '.', 295, 271406.36, 4169934.71, 749.77);
insert into STATION values (919, '.', 295, 271406.39, 4169941.84, 750.50);
insert into STATION values (920, '.', 295, 271398.42, 4169952.56, 748.02);
insert into STATION values (921, '.', 295, 271392.69, 4169962.65, 746.89);
insert into STATION values (922, '.', 295, 271403.16, 4169944.30, 757.67);
insert into STATION values (923, '.', 295, 271400.03, 4169939.71, 748.31);
insert into STATION values (924, '.', 295, 271394.33, 4169949.43, 748.78);
insert into STATION values (925, '67', 295, 271391.54, 4169956.67, 746.26);
insert into STATION values (926, '.', 295, 271383.10, 4169956.23, 747.59);
insert into STATION values (927, '.', 295, 271387.78, 4169952.92, 747.61);
insert into STATION values (928, '.', 295, 271386.47, 4169968.69, 747.15);
insert into STATION values (929, '.', 295, 271391.72, 4169957.57, 746.35);
insert into STATION values (930, '.', 295, 271393.02, 4169962.74, 747.21);
insert into STATION values (931, '.', 295, 271397.63, 4169956.58, 747.48);
insert into STATION values (932, '.', 295, 271397.91, 4169953.16, 747.53);
insert into STATION values (933, '.', 295, 271391.79, 4169957.23, 748.20);
insert into STATION values (934, '.', 295, 271391.37, 4169956.63, 745.97);
insert into STATION values (935, '68', 295, 271384.77, 4169970.25, 747.06);
insert into STATION values (936, '.', 295, 271375.69, 4169973.10, 746.41);
insert into STATION values (937, '.', 295, 271375.48, 4169965.72, 746.28);
insert into STATION values (938, '.', 295, 271379.09, 4169956.82, 746.88);
insert into STATION values (939, '.', 295, 271387.55, 4169966.66, 747.08);
insert into STATION values (940, '.', 295, 271383.85, 4169973.90, 746.50);
insert into STATION values (941, '.', 295, 271382.90, 4169971.46, 748.10);
insert into STATION values (942, '.', 295, 271381.66, 4169971.64, 746.01);
insert into STATION values (943, '69', 295, 271375.06, 4169978.40, 746.08);
insert into STATION values (944, '.', 295, 271374.07, 4169973.14, 746.36);
insert into STATION values (945, '.', 295, 271382.20, 4169974.35, 746.57);
insert into STATION values (946, '.', 295, 271371.16, 4169976.10, 745.97);
insert into STATION values (947, '.', 295, 271366.84, 4169974.07, 745.77);
insert into STATION values (948, '.', 295, 271368.53, 4169982.37, 746.24);
insert into STATION values (949, '.', 295, 271372.87, 4169982.99, 745.97);
insert into STATION values (950, '.', 295, 271381.21, 4169990.34, 746.27);
insert into STATION values (951, '.', 295, 271374.37, 4169978.25, 748.45);
insert into STATION values (952, '.', 295, 271372.35, 4169976.54, 744.31);
insert into STATION values (953, '70', 295, 271375.05, 4169998.29, 744.24);
insert into STATION values (954, '71', 295, 271339.55, 4169993.80, 747.03);
insert into STATION values (955, '72', 295, 271368.65, 4169974.14, 745.06);
insert into STATION values (956, '.', 295, 271365.65, 4169970.80, 747.75);
insert into STATION values (957, '.', 295, 271374.81, 4169964.93, 747.19);
insert into STATION values (958, '.', 295, 271373.97, 4169972.23, 746.86);
insert into STATION values (959, '.', 295, 271363.04, 4169975.19, 747.23);
insert into STATION values (960, '.', 295, 271366.22, 4169982.31, 745.82);
insert into STATION values (961, '.', 295, 271360.67, 4169989.90, 747.07);
insert into STATION values (962, '.', 295, 271367.78, 4169975.21, 749.94);
insert into STATION values (963, '.', 295, 271369.53, 4169973.72, 744.19);
insert into STATION values (964, '73', 295, 271372.66, 4169956.38, 745.38);
insert into STATION values (965, '.', 295, 271365.60, 4169947.64, 748.01);
insert into STATION values (966, '.', 295, 271373.19, 4169955.23, 746.12);
insert into STATION values (967, '.', 295, 271374.93, 4169957.92, 746.43);
insert into STATION values (968, '.', 295, 271374.19, 4169963.30, 746.51);
insert into STATION values (969, '.', 295, 271367.52, 4169966.90, 746.88);
insert into STATION values (970, '.', 295, 271359.60, 4169955.20, 746.46);
insert into STATION values (971, '.', 295, 271369.96, 4169956.02, 748.20);
insert into STATION values (972, '.', 295, 271370.09, 4169956.59, 743.98);
insert into STATION values (973, '74', 295, 271354.35, 4169949.75, 744.31);
insert into STATION values (974, '.', 295, 271351.17, 4169938.33, 746.23);
insert into STATION values (975, '.', 295, 271355.44, 4169934.72, 748.10);
insert into STATION values (976, '.', 295, 271372.70, 4169956.41, 745.75);
insert into STATION values (977, '.', 295, 271357.84, 4169952.98, 744.75);
insert into STATION values (978, '.', 295, 271355.31, 4169953.23, 745.58);
insert into STATION values (979, '.', 295, 271351.06, 4169961.47, 747.28);
insert into STATION values (980, '.', 295, 271348.02, 4169958.73, 747.61);
insert into STATION values (981, '.', 295, 271344.14, 4169952.25, 744.64);
insert into STATION values (982, '.', 295, 271342.85, 4169948.10, 745.17);
insert into STATION values (983, '.', 295, 271352.63, 4169949.45, 749.31);
insert into STATION values (984, '.', 295, 271353.36, 4169949.77, 743.47);
insert into STATION values (985, '75', 295, 271348.70, 4169938.67, 745.80);
insert into STATION values (986, '.', 295, 271349.95, 4169937.99, 746.00);
insert into STATION values (987, '.', 295, 271356.29, 4169944.04, 746.54);
insert into STATION values (988, '.', 295, 271349.01, 4169931.89, 745.84);
insert into STATION values (989, '.', 295, 271341.47, 4169920.18, 744.93);
insert into STATION values (990, '.', 295, 271339.74, 4169933.24, 746.77);
insert into STATION values (991, '.', 295, 271337.60, 4169936.69, 745.62);
insert into STATION values (992, '.', 295, 271343.35, 4169948.92, 744.68);
insert into STATION values (993, '.', 295, 271349.29, 4169940.80, 751.13);
insert into STATION values (994, '.', 295, 271348.06, 4169939.50, 745.11);
insert into STATION values (995, '76', 295, 271346.05, 4169923.38, 744.93);
insert into STATION values (996, '.', 295, 271349.41, 4169925.42, 745.29);
insert into STATION values (997, '.', 295, 271348.96, 4169930.86, 745.71);
insert into STATION values (998, '.', 295, 271340.73, 4169932.54, 745.04);
insert into STATION values (999, '.', 295, 271339.06, 4169925.55, 744.90);
insert into STATION values (1000, '.', 295, 271341.52, 4169919.67, 744.14);
insert into STATION values (1001, '.', 295, 271342.20, 4169924.04, 747.65);
insert into STATION values (1002, '.', 295, 271344.31, 4169925.05, 744.00);
insert into STATION values (1003, '77', 295, 271337.02, 4169897.40, 741.86);
insert into STATION values (1004, '.', 295, 271328.58, 4169890.94, 743.10);
insert into STATION values (1005, '.', 295, 271332.53, 4169879.06, 742.32);
insert into STATION values (1006, '.', 295, 271334.71, 4169872.68, 742.68);
insert into STATION values (1007, '.', 295, 271349.45, 4169886.19, 744.66);
insert into STATION values (1008, '.', 295, 271345.97, 4169899.40, 743.49);
insert into STATION values (1009, '.', 295, 271328.75, 4169897.79, 742.68);
insert into STATION values (1010, '.', 295, 271348.13, 4169917.83, 744.67);
insert into STATION values (1011, '.', 295, 271337.28, 4169917.37, 743.39);
insert into STATION values (1012, '.', 295, 271339.52, 4169895.69, 748.21);
insert into STATION values (1013, '.', 295, 271338.05, 4169897.04, 741.13);
insert into STATION values (1014, '78', 295, 271337.80, 4169881.65, 742.15);
insert into STATION values (1015, '.', 295, 271355.49, 4169867.29, 746.54);
insert into STATION values (1016, '.', 295, 271344.68, 4169883.18, 744.52);
insert into STATION values (1017, '.', 295, 271348.67, 4169887.79, 745.64);
insert into STATION values (1018, '.', 295, 271349.16, 4169895.21, 744.01);
insert into STATION values (1019, '.', 295, 271346.50, 4169899.69, 743.35);
insert into STATION values (1020, '.', 295, 271332.22, 4169905.30, 742.96);
insert into STATION values (1021, '.', 295, 271327.92, 4169890.58, 742.69);
insert into STATION values (1022, '.', 295, 271334.89, 4169877.77, 742.07);
insert into STATION values (1023, '.', 295, 271333.79, 4169873.52, 741.66);
insert into STATION values (1024, '.', 295, 271336.96, 4169868.54, 741.65);
insert into STATION values (1025, '.', 295, 271337.58, 4169880.06, 745.29);
insert into STATION values (1026, '.', 295, 271337.45, 4169880.46, 741.09);
insert into STATION values (1027, '79', 295, 271340.25, 4169864.42, 742.59);
insert into STATION values (1028, '.', 295, 271359.65, 4169868.34, 742.87);
insert into STATION values (1029, '.', 295, 271358.50, 4169878.29, 744.84);
insert into STATION values (1030, '.', 295, 271345.14, 4169882.11, 744.72);
insert into STATION values (1031, '.', 295, 271333.94, 4169878.70, 742.43);
insert into STATION values (1032, '.', 295, 271338.47, 4169866.72, 742.28);
insert into STATION values (1033, '.', 295, 271341.33, 4169861.00, 741.93);
insert into STATION values (1034, '.', 295, 271354.83, 4169868.04, 748.12);
insert into STATION values (1035, '.', 295, 271346.77, 4169865.28, 740.68);
insert into STATION values (1036, '80', 295, 271353.95, 4169851.07, 742.42);
insert into STATION values (1037, '.', 295, 271355.06, 4169840.29, 742.50);
insert into STATION values (1038, '.', 295, 271349.70, 4169845.43, 743.04);
insert into STATION values (1039, '.', 295, 271348.87, 4169853.04, 742.29);
insert into STATION values (1040, '.', 295, 271358.02, 4169865.01, 745.19);
insert into STATION values (1041, '.', 295, 271366.49, 4169846.35, 744.57);
insert into STATION values (1042, '.', 295, 271367.79, 4169838.94, 743.38);
insert into STATION values (1043, '.', 295, 271367.93, 4169826.02, 742.72);
insert into STATION values (1044, '81', 295, 271361.42, 4169827.15, 741.15);
insert into STATION values (1045, '.', 295, 271357.12, 4169831.57, 741.48);
insert into STATION values (1046, '.', 295, 271357.56, 4169824.52, 741.98);
insert into STATION values (1047, '.', 295, 271357.47, 4169824.19, 741.89);
insert into STATION values (1048, '.', 295, 271360.65, 4169820.49, 741.79);
insert into STATION values (1049, '.', 295, 271367.15, 4169813.43, 742.04);
insert into STATION values (1050, '.', 295, 271368.37, 4169824.60, 742.39);
insert into STATION values (1051, '.', 295, 271368.82, 4169829.03, 743.44);
insert into STATION values (1052, '.', 295, 271367.88, 4169835.89, 744.50);
insert into STATION values (1053, '.', 295, 271365.19, 4169827.29, 744.32);
insert into STATION values (1054, '.', 295, 271363.43, 4169827.21, 740.40);
insert into STATION values (1055, '82', 295, 271373.78, 4169812.86, 740.99);
insert into STATION values (1056, '.', 295, 271383.66, 4169819.21, 742.66);
insert into STATION values (1057, '.', 295, 271374.93, 4169820.29, 744.61);
insert into STATION values (1058, '.', 295, 271369.96, 4169824.59, 744.95);
insert into STATION values (1059, '.', 295, 271359.98, 4169816.83, 743.39);
insert into STATION values (1060, '.', 295, 271367.12, 4169812.56, 743.06);
insert into STATION values (1061, '.', 295, 271371.63, 4169808.08, 743.48);
insert into STATION values (1062, '.', 295, 271377.59, 4169801.65, 744.38);
insert into STATION values (1063, '.', 295, 271372.35, 4169812.37, 745.61);
insert into STATION values (1064, '.', 295, 271373.08, 4169813.47, 740.40);
insert into STATION values (1065, '83', 295, 271391.50, 4169802.25, 744.84);
insert into STATION values (1066, '.', 295, 271399.70, 4169805.38, 751.72);
insert into STATION values (1067, '.', 295, 271391.54, 4169810.98, 748.08);
insert into STATION values (1068, '.', 295, 271372.19, 4169809.88, 748.99);
insert into STATION values (1069, '.', 295, 271381.64, 4169797.50, 752.56);
insert into STATION values (1070, '.', 295, 271384.13, 4169785.66, 746.56);
insert into STATION values (1071, '.', 295, 271390.49, 4169792.88, 749.40);
insert into STATION values (1072, '.', 295, 271390.36, 4169801.05, 743.63);
insert into STATION values (1073, '84', 295, 271390.39, 4169787.48, 743.99);
insert into STATION values (1074, '.', 295, 271398.13, 4169779.22, 742.66);
insert into STATION values (1075, '.', 295, 271398.57, 4169790.52, 743.82);
insert into STATION values (1076, '.', 295, 271388.08, 4169773.92, 740.51);
insert into STATION values (1077, '.', 295, 271379.35, 4169783.32, 742.43);
insert into STATION values (1078, '.', 295, 271375.41, 4169795.91, 743.87);
insert into STATION values (1079, '.', 295, 271377.00, 4169803.30, 743.99);
insert into STATION values (1080, '.', 295, 271385.85, 4169781.81, 756.08);
insert into STATION values (1081, '.', 295, 271381.26, 4169777.18, 734.35);
insert into STATION values (1082, '.', 295, 271387.94, 4169786.29, 740.48);
insert into STATION values (1083, '85', 295, 271381.80, 4169775.55, 735.01);
insert into STATION values (1084, '.', 295, 271385.03, 4169772.62, 735.12);
insert into STATION values (1085, '.', 295, 271395.51, 4169776.84, 741.69);
insert into STATION values (1086, '.', 295, 271381.90, 4169783.92, 738.78);
insert into STATION values (1087, '.', 295, 271375.43, 4169782.56, 736.40);
insert into STATION values (1088, '.', 295, 271369.36, 4169778.07, 736.59);
insert into STATION values (1089, '.', 295, 271381.45, 4169775.45, 734.99);
insert into STATION values (1090, '.', 295, 271374.14, 4169768.91, 736.07);
insert into STATION values (1091, '.', 295, 271377.14, 4169775.21, 738.93);
insert into STATION values (1092, '.', 295, 271377.30, 4169776.23, 733.45);
insert into STATION values (1093, '86', 295, 271390.12, 4169748.42, 735.40);
insert into STATION values (1094, '.', 295, 271396.44, 4169743.02, 736.87);
insert into STATION values (1095, '.', 295, 271394.66, 4169749.86, 736.92);
insert into STATION values (1096, '.', 295, 271392.81, 4169754.47, 736.18);
insert into STATION values (1097, '.', 295, 271391.43, 4169760.22, 736.57);
insert into STATION values (1098, '.', 295, 271384.19, 4169757.03, 735.62);
insert into STATION values (1099, '.', 295, 271386.47, 4169749.04, 735.73);
insert into STATION values (1100, '.', 295, 271387.59, 4169742.01, 735.31);
insert into STATION values (1101, '.', 295, 271389.91, 4169737.89, 735.51);
insert into STATION values (1102, '.', 295, 271389.67, 4169746.31, 736.61);
insert into STATION values (1103, '.', 295, 271388.87, 4169745.53, 734.20);
insert into STATION values (1104, '87', 295, 271392.95, 4169728.83, 734.35);
insert into STATION values (1105, '.', 295, 271394.35, 4169724.66, 735.56);
insert into STATION values (1106, '.', 295, 271398.75, 4169725.31, 735.86);
insert into STATION values (1107, '.', 295, 271403.05, 4169731.45, 739.40);
insert into STATION values (1108, '.', 295, 271398.29, 4169734.89, 736.63);
insert into STATION values (1109, '.', 295, 271396.27, 4169740.68, 736.63);
insert into STATION values (1110, '.', 295, 271390.19, 4169735.72, 735.42);
insert into STATION values (1111, '.', 295, 271393.57, 4169729.10, 736.17);
insert into STATION values (1112, '.', 295, 271395.28, 4169728.18, 734.13);
insert into STATION values (1113, 'PTR_FR24_A21_00', 302, 271572.25, 4169212.13, 758.09);
insert into STATION values (1114, '1', 302, 271579.74, 4169192.77, 758.39);
insert into STATION values (1115, '2', 302, 271577.19, 4169172.14, 755.68);
insert into STATION values (1116, '.', 302, 271576.32, 4169172.02, 754.72);
insert into STATION values (1117, '3', 302, 271569.04, 4169161.73, 753.88);
insert into STATION values (1118, '4', 302, 271581.55, 4169128.36, 748.56);
insert into STATION values (1119, '5', 302, 271580.08, 4169116.25, 749.94);
insert into STATION values (1120, '6', 302, 271581.20, 4169099.65, 750.60);
insert into STATION values (1121, '.', 302, 271580.50, 4169099.60, 750.06);
insert into STATION values (1122, '7', 302, 271575.43, 4169077.60, 748.11);
insert into STATION values (1123, '8', 302, 271573.29, 4169062.05, 744.56);
insert into STATION values (1124, '9', 302, 271565.91, 4169035.07, 746.12);
insert into STATION values (1125, '10', 302, 271561.63, 4169014.02, 750.06);
insert into STATION values (1126, '11', 302, 271565.39, 4168976.42, 754.84);
insert into STATION values (1127, '12', 302, 271567.01, 4168967.86, 755.48);
insert into STATION values (1128, '13', 302, 271576.08, 4168933.57, 771.25);
insert into STATION values (1129, '14', 302, 271572.92, 4168909.82, 777.69);
insert into STATION values (1130, '15', 302, 271570.26, 4168875.64, 789.81);
insert into STATION values (1131, '.', 302, 271567.07, 4168875.40, 787.50);
insert into STATION values (1132, '16', 302, 271570.74, 4168860.50, 795.61);
insert into STATION values (1133, '17', 302, 271567.48, 4168844.45, 801.77);
insert into STATION values (1134, '18', 302, 271570.79, 4168841.35, 805.00);
insert into STATION_FLAG values(1134, 'ent');
insert into STATION_FLAG values(1134, 'fix');
insert into STATION values (1135, 'PTR_FR24_A00_Geophysicalskaya', 312, 270251.00, 4172755.00, 870.00);
insert into STATION_FLAG values(1135, 'ent');
insert into STATION_FLAG values(1135, 'fix');
insert into STATION_FLAG values(1135, 'air');
insert into STATION values (1136, '.', 312, 270251.02, 4172754.43, 869.48);
insert into STATION values (1137, '.', 312, 270250.93, 4172755.43, 869.60);
insert into STATION values (1138, '.', 312, 270250.88, 4172755.03, 868.94);
insert into STATION values (1139, '.', 312, 270251.10, 4172755.01, 870.14);
insert into STATION values (1140, '1', 312, 270251.19, 4172754.44, 869.00);
insert into STATION values (1141, '.', 312, 270251.29, 4172755.31, 869.05);
insert into STATION values (1142, '.', 312, 270251.72, 4172755.37, 869.05);
insert into STATION values (1143, '.', 312, 270251.29, 4172754.65, 868.79);
insert into STATION values (1144, '.', 312, 270252.21, 4172755.10, 868.68);
insert into STATION values (1145, '.', 312, 270251.80, 4172754.14, 869.00);
insert into STATION values (1146, '.', 312, 270252.78, 4172754.59, 868.95);
insert into STATION values (1147, '.', 312, 270251.95, 4172755.48, 869.02);
insert into STATION values (1148, '2', 312, 270254.02, 4172755.17, 869.28);
insert into STATION values (1149, '.', 312, 270252.93, 4172754.93, 869.04);
insert into STATION values (1150, '.', 312, 270253.37, 4172754.77, 868.73);
insert into STATION values (1151, '.', 312, 270253.72, 4172754.82, 868.81);
insert into STATION values (1152, '.', 312, 270252.91, 4172755.17, 869.35);
insert into STATION values (1153, '.', 312, 270253.47, 4172755.29, 869.53);
insert into STATION values (1154, '.', 312, 270253.72, 4172755.01, 869.69);
insert into STATION values (1155, '.', 312, 270252.91, 4172756.45, 869.22);
insert into STATION values (1156, '.', 312, 270253.57, 4172756.32, 869.29);
insert into STATION values (1157, '.', 312, 270253.83, 4172755.01, 869.72);
insert into STATION values (1158, '.', 312, 270253.48, 4172755.14, 868.64);
insert into STATION values (1159, '.', 312, 270254.04, 4172754.91, 867.75);
insert into STATION values (1160, '3', 312, 270253.96, 4172754.36, 868.01);
insert into STATION values (1161, '.', 312, 270256.27, 4172755.30, 868.70);
insert into STATION values (1162, '.', 312, 270256.67, 4172754.31, 868.21);
insert into STATION values (1163, '.', 312, 270254.94, 4172753.54, 867.86);
insert into STATION values (1164, '.', 312, 270254.40, 4172753.49, 867.85);
insert into STATION values (1165, '.', 312, 270253.81, 4172752.62, 867.82);
insert into STATION values (1166, '.', 312, 270252.96, 4172752.86, 868.00);
insert into STATION values (1167, '.', 312, 270253.09, 4172753.92, 868.03);
insert into STATION values (1168, '.', 312, 270253.11, 4172754.51, 868.27);
insert into STATION values (1169, '.', 312, 270253.90, 4172754.56, 868.53);
insert into STATION values (1170, '.', 312, 270253.86, 4172754.16, 868.78);
insert into STATION values (1171, '.', 312, 270253.97, 4172753.73, 868.32);
insert into STATION values (1172, '.', 312, 270254.10, 4172753.84, 867.49);
insert into STATION values (1173, '4', 312, 270253.50, 4172752.72, 867.56);
insert into STATION values (1174, '.', 312, 270254.30, 4172753.39, 867.48);
insert into STATION values (1175, '.', 312, 270254.46, 4172752.85, 867.48);
insert into STATION values (1176, '.', 312, 270253.90, 4172753.08, 868.06);
insert into STATION values (1177, '.', 312, 270253.95, 4172752.87, 866.68);
insert into STATION values (1178, '.', 312, 270254.44, 4172752.89, 866.49);
insert into STATION values (1179, '5', 312, 270254.56, 4172752.70, 866.64);
insert into STATION values (1180, '.', 312, 270254.73, 4172753.49, 866.65);
insert into STATION values (1181, '.', 312, 270254.94, 4172753.30, 866.62);
insert into STATION values (1182, '.', 312, 270254.61, 4172752.22, 866.85);
insert into STATION values (1183, '.', 312, 270254.93, 4172752.29, 866.98);
insert into STATION values (1184, '.', 312, 270254.73, 4172752.77, 867.04);
insert into STATION values (1185, '.', 312, 270255.50, 4172753.04, 866.74);
insert into STATION values (1186, '.', 312, 270254.60, 4172752.27, 866.60);
insert into STATION values (1187, '6', 312, 270256.34, 4172752.59, 865.07);
insert into STATION values (1188, '.', 312, 270256.75, 4172753.69, 865.90);
insert into STATION values (1189, '.', 312, 270257.64, 4172753.97, 866.13);
insert into STATION values (1190, '.', 312, 270256.75, 4172751.15, 865.32);
insert into STATION values (1191, '.', 312, 270255.10, 4172751.25, 865.61);
insert into STATION values (1192, '.', 312, 270256.24, 4172752.39, 864.80);
insert into STATION values (1193, '.', 312, 270256.06, 4172752.17, 865.84);
insert into STATION values (1194, '.', 312, 270257.62, 4172751.83, 865.96);
insert into STATION values (1195, '.', 312, 270259.52, 4172751.69, 865.29);
insert into STATION values (1196, '7', 312, 270263.11, 4172751.70, 863.24);
insert into STATION values (1197, '.', 312, 270261.25, 4172756.77, 866.21);
insert into STATION values (1198, '.', 312, 270263.91, 4172758.27, 865.92);
insert into STATION values (1199, '.', 312, 270268.61, 4172757.60, 864.36);
insert into STATION values (1200, '.', 312, 270272.18, 4172749.63, 862.83);
insert into STATION values (1201, '.', 312, 270273.65, 4172743.72, 862.45);
insert into STATION values (1202, '.', 312, 270263.59, 4172751.13, 864.69);
insert into STATION values (1203, '.', 312, 270263.49, 4172751.43, 862.48);
insert into STATION values (1204, '.', 312, 270253.13, 4172747.31, 864.11);
insert into STATION values (1205, '.', 312, 270254.75, 4172743.47, 862.87);
insert into STATION values (1206, '.', 312, 270262.42, 4172750.37, 864.62);
insert into STATION values (1207, '.', 312, 270263.34, 4172747.30, 864.73);
insert into STATION values (1208, '.', 312, 270265.03, 4172739.76, 863.60);
insert into STATION values (1209, '.', 312, 270264.67, 4172745.41, 860.32);
insert into STATION values (1210, '8', 312, 270267.96, 4172758.64, 864.43);
insert into STATION values (1211, '9', 312, 270263.64, 4172742.58, 859.91);
insert into STATION values (1212, '.', 312, 270274.16, 4172741.18, 861.40);
insert into STATION values (1213, '.', 312, 270248.21, 4172740.09, 858.35);
insert into STATION values (1214, '.', 312, 270249.88, 4172736.37, 856.81);
insert into STATION values (1215, '.', 312, 270254.78, 4172729.80, 854.56);
insert into STATION values (1216, '.', 312, 270263.89, 4172741.63, 859.08);
insert into STATION values (1217, '.', 312, 270264.63, 4172737.86, 857.53);
insert into STATION values (1218, '.', 312, 270264.08, 4172737.89, 860.24);
insert into STATION values (1219, '.', 312, 270265.57, 4172731.01, 858.93);
insert into STATION values (1220, '10', 312, 270268.30, 4172731.89, 856.28);
insert into STATION values (1221, '.', 312, 270275.79, 4172738.19, 859.65);
insert into STATION values (1222, '.', 312, 270279.74, 4172735.27, 858.81);
insert into STATION values (1223, '.', 312, 270283.49, 4172730.95, 858.42);
insert into STATION values (1224, '.', 312, 270268.37, 4172715.75, 851.83);
insert into STATION values (1225, '.', 312, 270276.47, 4172714.56, 852.07);
insert into STATION values (1226, '.', 312, 270255.48, 4172726.96, 853.88);
insert into STATION values (1227, '.', 312, 270269.65, 4172729.64, 854.57);
insert into STATION values (1228, '.', 312, 270268.72, 4172730.84, 859.60);
insert into STATION values (1229, '.', 312, 270270.44, 4172729.86, 858.94);
insert into STATION values (1230, '.', 312, 270277.77, 4172722.82, 859.50);
insert into STATION values (1231, '11', 312, 270273.97, 4172721.25, 854.00);
insert into STATION values (1232, '.', 312, 270275.37, 4172714.62, 851.93);
insert into STATION values (1233, '.', 312, 270280.69, 4172714.23, 852.70);
insert into STATION values (1234, '.', 312, 270276.62, 4172720.46, 856.34);
insert into STATION values (1235, '.', 312, 270283.47, 4172718.10, 857.69);
insert into STATION values (1236, '.', 312, 270275.03, 4172720.13, 852.62);
insert into STATION values (1237, '.', 312, 270279.69, 4172718.53, 851.63);
insert into STATION values (1238, '12', 312, 270284.45, 4172715.18, 852.23);
insert into STATION values (1239, '.', 312, 270290.30, 4172721.36, 853.01);
insert into STATION values (1240, '.', 312, 270284.91, 4172713.57, 852.20);
insert into STATION values (1241, '.', 312, 270286.88, 4172712.19, 850.86);
insert into STATION values (1242, '.', 312, 270288.51, 4172714.88, 854.61);
insert into STATION values (1243, '.', 312, 270289.06, 4172712.46, 848.71);
insert into STATION values (1244, '.', 312, 270286.51, 4172715.43, 850.97);
insert into STATION values (1245, '13', 312, 270290.04, 4172711.99, 850.08);
insert into STATION values (1246, '.', 312, 270292.51, 4172714.90, 850.74);
insert into STATION values (1247, '.', 312, 270289.95, 4172712.15, 848.72);
insert into STATION values (1248, '.', 312, 270291.62, 4172711.88, 847.26);
insert into STATION values (1249, '14', 312, 270294.31, 4172711.60, 847.76);
insert into STATION values (1250, '.', 312, 270292.80, 4172710.53, 848.20);
insert into STATION values (1251, '.', 312, 270293.71, 4172710.63, 847.96);
insert into STATION values (1252, '.', 312, 270295.32, 4172710.24, 847.52);
insert into STATION values (1253, '.', 312, 270295.21, 4172711.93, 847.65);
insert into STATION values (1254, '.', 312, 270294.31, 4172711.28, 848.71);
insert into STATION values (1255, '.', 312, 270294.43, 4172712.57, 848.67);
insert into STATION values (1256, '.', 312, 270293.13, 4172713.06, 847.70);
insert into STATION values (1257, '.', 312, 270293.14, 4172715.29, 846.94);
insert into STATION values (1258, '15', 312, 270295.31, 4172715.28, 845.87);
insert into STATION values (1259, '.', 312, 270295.55, 4172713.70, 844.74);
insert into STATION values (1260, '.', 312, 270294.38, 4172714.40, 844.98);
insert into STATION values (1261, '.', 312, 270294.65, 4172714.83, 844.34);
insert into STATION values (1262, '.', 312, 270294.29, 4172717.47, 845.91);
insert into STATION values (1263, '16', 312, 270295.45, 4172715.21, 843.90);
insert into STATION values (1264, '.', 312, 270296.52, 4172715.82, 842.03);
insert into STATION values (1265, '.', 312, 270296.73, 4172715.30, 844.44);
insert into STATION values (1266, '.', 312, 270296.04, 4172715.24, 844.83);
insert into STATION values (1267, '17', 312, 270303.30, 4172712.24, 840.11);
insert into STATION values (1268, '.', 312, 270300.93, 4172707.57, 840.15);
insert into STATION values (1269, '.', 312, 270308.68, 4172703.65, 840.53);
insert into STATION values (1270, '.', 312, 270301.23, 4172712.89, 842.86);
insert into STATION values (1271, '.', 312, 270303.73, 4172711.41, 842.93);
insert into STATION values (1272, '.', 312, 270306.44, 4172712.76, 842.88);
insert into STATION values (1273, '.', 312, 270308.93, 4172713.05, 841.34);
insert into STATION values (1274, '.', 312, 270309.12, 4172721.76, 840.24);
insert into STATION values (1275, '.', 312, 270304.96, 4172718.59, 841.42);
insert into STATION values (1276, '.', 312, 270317.84, 4172725.78, 838.96);
insert into STATION values (1277, '.', 312, 270308.48, 4172712.94, 837.79);
insert into STATION values (1278, '.', 312, 270311.93, 4172714.42, 836.16);
insert into STATION values (1279, '18', 312, 270311.10, 4172713.39, 837.08);
insert into STATION values (1280, '.', 312, 270313.98, 4172723.32, 839.03);
insert into STATION values (1281, '.', 312, 270321.76, 4172723.07, 839.08);
insert into STATION values (1282, '.', 312, 270313.17, 4172703.10, 839.89);
insert into STATION values (1283, '.', 312, 270320.63, 4172697.04, 840.18);
insert into STATION values (1284, '.', 312, 270315.14, 4172713.15, 834.99);
insert into STATION values (1285, '.', 312, 270319.21, 4172712.90, 834.22);
insert into STATION values (1286, '.', 312, 270312.72, 4172712.41, 841.05);
insert into STATION values (1287, '.', 312, 270320.73, 4172711.15, 842.88);
insert into STATION values (1288, 'PTR_FR24_A01_19', 312, 270329.90, 4172707.87, 836.67);
insert into STATION values (1289, '.', 312, 270320.46, 4172696.84, 838.92);
insert into STATION values (1290, '.', 312, 270334.13, 4172717.45, 834.29);
insert into STATION values (1291, '.', 312, 270331.09, 4172722.28, 831.63);
insert into STATION values (1292, '.', 312, 270334.64, 4172720.40, 829.79);
insert into STATION values (1293, '.', 312, 270331.65, 4172712.41, 832.34);
insert into STATION values (1294, '.', 312, 270340.90, 4172712.97, 832.96);
insert into STATION values (1295, '.', 312, 270344.53, 4172709.06, 835.31);
insert into STATION values (1296, '.', 312, 270331.61, 4172708.81, 842.48);
insert into STATION values (1297, '.', 312, 270336.03, 4172682.61, 844.52);
insert into STATION values (1298, '.', 312, 270337.64, 4172702.20, 835.75);
insert into STATION values (1299, '.', 312, 270345.03, 4172696.94, 837.29);
insert into STATION values (1300, '.', 312, 270337.33, 4172699.13, 837.90);
insert into STATION values (1301, '20', 312, 270344.30, 4172692.40, 839.60);
insert into STATION values (1302, '.', 312, 270354.99, 4172697.19, 839.13);
insert into STATION values (1303, '.', 312, 270368.54, 4172692.81, 839.01);
insert into STATION values (1304, '.', 312, 270346.05, 4172689.25, 847.20);
insert into STATION values (1305, '.', 312, 270352.85, 4172683.66, 849.87);
insert into STATION values (1306, '.', 312, 270334.03, 4172685.90, 843.07);
insert into STATION values (1307, '.', 312, 270338.50, 4172680.59, 844.71);
insert into STATION values (1308, '.', 312, 270345.62, 4172693.11, 838.59);
insert into STATION values (1309, '.', 312, 270352.14, 4172691.39, 837.29);
insert into STATION values (1310, '21', 312, 270354.97, 4172684.67, 841.01);
insert into STATION values (1311, '.', 312, 270376.04, 4172686.57, 842.30);
insert into STATION values (1312, '.', 312, 270381.00, 4172677.52, 842.43);
insert into STATION values (1313, '.', 312, 270345.78, 4172674.48, 842.69);
insert into STATION values (1314, '.', 312, 270351.34, 4172665.21, 842.99);
insert into STATION values (1315, '.', 312, 270358.17, 4172680.99, 848.76);
insert into STATION values (1316, '.', 312, 270364.35, 4172671.25, 850.05);
insert into STATION values (1317, '.', 312, 270357.75, 4172679.34, 839.75);
insert into STATION values (1318, '.', 312, 270362.63, 4172672.85, 839.83);
insert into STATION values (1319, '22', 312, 270369.33, 4172665.36, 841.30);
insert into STATION values (1320, '.', 312, 270381.80, 4172664.43, 841.57);
insert into STATION values (1321, '.', 312, 270384.10, 4172655.97, 840.17);
insert into STATION values (1322, '.', 312, 270383.79, 4172651.67, 839.56);
insert into STATION values (1323, '.', 312, 270353.96, 4172659.84, 843.31);
insert into STATION values (1324, '.', 312, 270356.70, 4172650.75, 842.18);
insert into STATION values (1325, '.', 312, 270367.40, 4172660.55, 846.47);
insert into STATION values (1326, '.', 312, 270374.09, 4172645.63, 845.21);
insert into STATION values (1327, '.', 312, 270366.36, 4172656.02, 837.89);
insert into STATION values (1328, '.', 312, 270374.54, 4172652.11, 836.82);
insert into STATION values (1329, '.', 312, 270370.65, 4172663.08, 848.83);
insert into STATION values (1330, '23', 312, 270376.05, 4172646.03, 836.54);
insert into STATION values (1331, '.', 312, 270360.64, 4172638.40, 838.35);
insert into STATION values (1332, '.', 312, 270365.40, 4172625.17, 836.91);
insert into STATION values (1333, '.', 312, 270374.92, 4172611.01, 836.05);
insert into STATION values (1334, '.', 312, 270374.20, 4172642.44, 844.47);
insert into STATION values (1335, '.', 312, 270378.48, 4172637.40, 847.08);
insert into STATION values (1336, '.', 312, 270385.53, 4172653.06, 838.37);
insert into STATION values (1337, '.', 312, 270387.14, 4172647.78, 837.76);
insert into STATION values (1338, '.', 312, 270377.02, 4172647.85, 835.63);
insert into STATION values (1339, '.', 312, 270378.28, 4172642.73, 833.94);
insert into STATION values (1340, '.', 312, 270382.23, 4172636.11, 833.41);
insert into STATION values (1341, 'PTR_FR24_A02_24', 312, 270380.83, 4172622.42, 834.39);
insert into STATION values (1342, '.', 312, 270401.90, 4172637.32, 835.07);
insert into STATION values (1343, '.', 312, 270387.49, 4172624.83, 842.40);
insert into STATION values (1344, '.', 312, 270391.33, 4172622.80, 841.89);
insert into STATION values (1345, '.', 312, 270390.20, 4172612.67, 832.44);
insert into STATION values (1346, '.', 312, 270399.73, 4172613.59, 832.20);
insert into STATION values (1347, '.', 312, 270384.12, 4172621.95, 832.66);
insert into STATION values (1348, '.', 312, 270394.74, 4172619.43, 830.07);
insert into STATION values (1349, '.', 312, 270369.47, 4172609.15, 834.97);
insert into STATION values (1350, '.', 312, 270377.46, 4172615.28, 843.29);
insert into STATION values (1351, '25', 312, 270376.11, 4172611.20, 831.09);
insert into STATION values (1352, '.', 312, 270380.44, 4172622.39, 834.49);
insert into STATION values (1353, '.', 312, 270383.61, 4172608.63, 831.43);
insert into STATION values (1354, '.', 312, 270377.97, 4172606.59, 830.91);
insert into STATION values (1355, '.', 312, 270366.21, 4172610.94, 831.77);
insert into STATION values (1356, '.', 312, 270367.11, 4172607.00, 829.29);
insert into STATION values (1357, '.', 312, 270373.74, 4172610.29, 835.02);
insert into STATION values (1358, '.', 312, 270373.11, 4172606.57, 833.31);
insert into STATION values (1359, '.', 312, 270372.37, 4172603.88, 829.42);
insert into STATION values (1360, '.', 312, 270373.94, 4172611.77, 830.28);
insert into STATION values (1361, '.', 312, 270371.79, 4172608.07, 827.81);
insert into STATION values (1362, '26', 312, 270373.48, 4172604.35, 826.31);
insert into STATION values (1363, '.', 312, 270374.80, 4172604.42, 825.89);
insert into STATION values (1364, '.', 312, 270375.12, 4172603.78, 825.43);
insert into STATION values (1365, '.', 312, 270370.47, 4172602.72, 825.92);
insert into STATION values (1366, '.', 312, 270373.59, 4172603.61, 827.27);
insert into STATION values (1367, '.', 312, 270373.75, 4172603.28, 826.34);
insert into STATION values (1368, '.', 312, 270373.46, 4172602.29, 823.71);
insert into STATION values (1369, '.', 312, 270374.28, 4172601.77, 823.17);
insert into STATION values (1370, '27', 312, 270374.46, 4172598.44, 821.09);
insert into STATION values (1371, '.', 312, 270369.88, 4172597.53, 821.51);
insert into STATION values (1372, '.', 312, 270365.68, 4172593.00, 819.57);
insert into STATION values (1373, '.', 312, 270373.92, 4172598.65, 821.97);
insert into STATION values (1374, '.', 312, 270374.69, 4172597.00, 821.63);
insert into STATION values (1375, '.', 312, 270374.73, 4172596.97, 820.20);
insert into STATION values (1376, '.', 312, 270377.35, 4172601.63, 821.89);
insert into STATION values (1377, '.', 312, 270383.32, 4172596.71, 818.84);
insert into STATION values (1378, '.', 312, 270383.79, 4172594.60, 817.99);
insert into STATION values (1379, '.', 312, 270378.28, 4172591.51, 817.57);
insert into STATION values (1380, '28', 312, 270377.74, 4172588.31, 816.92);
insert into STATION values (1381, '.', 312, 270386.23, 4172592.31, 816.00);
insert into STATION values (1382, '.', 312, 270384.84, 4172585.82, 816.43);
insert into STATION values (1383, '.', 312, 270377.04, 4172592.38, 821.29);
insert into STATION values (1384, '.', 312, 270377.97, 4172586.88, 819.98);
insert into STATION values (1385, '.', 312, 270377.88, 4172587.24, 816.15);
insert into STATION values (1386, '.', 312, 270363.09, 4172591.49, 818.13);
insert into STATION values (1387, '.', 312, 270360.43, 4172583.36, 817.42);
insert into STATION values (1388, '.', 312, 270360.76, 4172569.75, 817.93);
insert into STATION values (1389, '.', 312, 270374.38, 4172582.70, 814.98);
insert into STATION values (1390, '.', 312, 270376.28, 4172576.18, 814.52);
insert into STATION values (1391, '.', 312, 270377.79, 4172581.59, 819.38);
insert into STATION values (1392, '29', 312, 270386.88, 4172559.73, 814.92);
insert into STATION values (1393, '.', 312, 270399.24, 4172568.87, 816.78);
insert into STATION values (1394, '.', 312, 270406.44, 4172562.33, 818.01);
insert into STATION values (1395, '.', 312, 270372.60, 4172554.04, 818.44);
insert into STATION values (1396, '.', 312, 270380.76, 4172543.23, 817.48);
insert into STATION values (1397, '.', 312, 270383.44, 4172565.44, 819.88);
insert into STATION values (1398, '.', 312, 270388.20, 4172561.18, 820.09);
insert into STATION values (1399, '.', 312, 270396.09, 4172556.39, 820.46);
insert into STATION values (1400, '.', 312, 270388.21, 4172558.36, 813.52);
insert into STATION values (1401, '.', 312, 270392.20, 4172555.81, 813.01);
insert into STATION values (1402, '.', 312, 270385.67, 4172563.21, 812.63);
insert into STATION values (1403, '.', 312, 270382.02, 4172569.39, 813.51);
insert into STATION values (1404, 'PTR_FR24_A03_30', 312, 270399.60, 4172552.17, 813.81);
insert into STATION values (1405, '.', 312, 270403.46, 4172566.04, 817.19);
insert into STATION values (1406, '.', 312, 270408.48, 4172561.37, 816.39);
insert into STATION values (1407, '.', 312, 270408.10, 4172547.16, 814.81);
insert into STATION values (1408, '.', 312, 270409.10, 4172544.95, 814.90);
insert into STATION values (1409, '.', 312, 270411.08, 4172548.36, 814.98);
insert into STATION values (1410, '.', 312, 270409.97, 4172536.06, 815.39);
insert into STATION values (1411, '.', 312, 270388.27, 4172538.78, 816.06);
insert into STATION values (1412, '.', 312, 270378.51, 4172543.96, 817.76);
insert into STATION values (1413, '.', 312, 270395.55, 4172549.37, 819.77);
insert into STATION values (1414, '.', 312, 270399.74, 4172550.16, 819.73);
insert into STATION values (1415, '.', 312, 270404.15, 4172551.92, 820.62);
insert into STATION values (1416, '.', 312, 270403.18, 4172552.59, 813.26);
insert into STATION values (1417, '.', 312, 270407.48, 4172551.99, 819.51);
insert into STATION values (1418, '31', 312, 270413.51, 4172552.65, 814.97);
insert into STATION values (1419, '.', 312, 270414.73, 4172553.54, 815.66);
insert into STATION values (1420, '.', 312, 270411.92, 4172549.40, 815.16);
insert into STATION values (1421, '.', 312, 270414.53, 4172547.54, 815.13);
insert into STATION values (1422, '.', 312, 270413.58, 4172549.30, 813.62);
insert into STATION values (1423, '.', 312, 270418.28, 4172548.69, 817.85);
insert into STATION values (1424, '32', 312, 270395.33, 4172533.13, 812.55);
insert into STATION values (1425, '.', 312, 270407.30, 4172531.27, 815.71);
insert into STATION values (1426, '.', 312, 270389.28, 4172533.35, 813.19);
insert into STATION values (1427, '.', 312, 270395.37, 4172532.99, 818.40);
insert into STATION values (1428, '.', 312, 270395.15, 4172533.04, 811.13);
insert into STATION values (1429, '.', 312, 270393.28, 4172523.66, 813.43);
insert into STATION values (1430, '.', 312, 270409.09, 4172542.01, 815.23);
insert into STATION values (1431, '.', 312, 270387.05, 4172539.27, 814.85);
insert into STATION values (1432, '33', 312, 270399.34, 4172518.04, 808.83);
insert into STATION values (1433, '.', 312, 270405.74, 4172518.62, 810.98);
insert into STATION values (1434, '.', 312, 270392.59, 4172517.73, 811.56);
insert into STATION values (1435, '.', 312, 270399.42, 4172517.82, 812.50);
insert into STATION values (1436, '.', 312, 270399.06, 4172518.10, 807.30);
insert into STATION values (1437, '.', 312, 270403.49, 4172507.36, 811.84);
insert into STATION values (1438, '.', 312, 270405.92, 4172522.62, 813.06);
insert into STATION values (1439, '.', 312, 270394.61, 4172523.98, 814.03);
insert into STATION values (1440, '.', 312, 270392.53, 4172511.10, 810.82);
insert into STATION values (1441, '34', 312, 270394.23, 4172507.35, 809.14);
insert into STATION values (1442, '.', 312, 270391.83, 4172509.42, 809.74);
insert into STATION values (1443, '.', 312, 270402.02, 4172504.60, 810.45);
insert into STATION values (1444, '.', 312, 270394.22, 4172507.56, 812.22);
insert into STATION values (1445, '.', 312, 270394.73, 4172507.75, 807.75);
insert into STATION values (1446, '.', 312, 270406.35, 4172514.09, 810.55);
insert into STATION values (1447, '.', 312, 270392.79, 4172513.47, 810.55);
insert into STATION values (1448, '.', 312, 270388.33, 4172507.57, 810.42);
insert into STATION values (1449, '.', 312, 270399.65, 4172500.12, 812.98);
insert into STATION values (1450, '35', 312, 270389.52, 4172500.23, 810.68);
insert into STATION values (1451, '.', 312, 270400.20, 4172501.29, 812.68);
insert into STATION values (1452, '.', 312, 270389.54, 4172500.19, 813.11);
insert into STATION values (1453, '.', 312, 270381.93, 4172496.60, 812.57);
insert into STATION values (1454, '.', 312, 270389.50, 4172500.10, 809.03);
insert into STATION values (1455, '.', 312, 270402.31, 4172493.42, 814.34);
insert into STATION values (1456, '.', 312, 270390.62, 4172487.31, 812.57);
insert into STATION values (1457, '.', 312, 270387.68, 4172505.66, 810.97);
insert into STATION values (1458, '36', 312, 270381.23, 4172497.78, 812.20);
insert into STATION values (1459, '.', 312, 270381.43, 4172489.15, 813.02);
insert into STATION values (1460, '.', 312, 270381.54, 4172486.43, 813.33);
insert into STATION values (1461, 'PTR_FR24_A05_37', 312, 270389.73, 4172491.58, 811.48);
insert into STATION values (1462, '.', 312, 270386.92, 4172490.59, 812.74);
insert into STATION values (1463, '.', 312, 270400.31, 4172497.80, 813.47);
insert into STATION values (1464, '.', 312, 270389.77, 4172491.54, 813.32);
insert into STATION values (1465, '.', 312, 270390.08, 4172492.05, 810.02);
insert into STATION values (1466, '.', 312, 270392.23, 4172487.22, 812.69);
insert into STATION values (1467, '.', 312, 270383.86, 4172499.49, 812.74);
insert into STATION values (1468, '.', 312, 270399.99, 4172501.58, 813.54);
insert into STATION values (1469, '38', 312, 270395.71, 4172490.59, 811.93);
insert into STATION values (1470, '.', 312, 270402.33, 4172491.72, 813.58);
insert into STATION values (1471, '.', 312, 270391.55, 4172487.52, 812.75);
insert into STATION values (1472, '.', 312, 270395.71, 4172490.41, 813.80);
insert into STATION values (1473, '.', 312, 270395.45, 4172490.69, 810.51);
insert into STATION values (1474, '39', 312, 270396.84, 4172482.05, 809.90);
insert into STATION values (1475, '.', 312, 270392.15, 4172482.94, 811.04);
insert into STATION values (1476, '.', 312, 270404.04, 4172486.95, 812.37);
insert into STATION values (1477, '.', 312, 270396.82, 4172481.65, 812.33);
insert into STATION values (1478, '.', 312, 270396.55, 4172482.08, 808.40);
insert into STATION values (1479, '.', 312, 270399.16, 4172471.29, 811.18);
insert into STATION values (1480, '40', 312, 270393.29, 4172475.09, 810.12);
insert into STATION values (1481, '.', 312, 270394.50, 4172469.73, 810.80);
insert into STATION values (1482, '.', 312, 270391.42, 4172479.31, 811.35);
insert into STATION values (1483, '.', 312, 270393.11, 4172474.94, 811.92);
insert into STATION values (1484, '.', 312, 270393.17, 4172475.43, 808.76);
insert into STATION values (1485, '.', 312, 270399.76, 4172472.77, 811.11);
insert into STATION values (1486, '.', 312, 270387.72, 4172478.90, 811.14);
insert into STATION values (1487, '41', 312, 270383.11, 4172472.29, 810.62);
insert into STATION values (1488, '.', 312, 270388.83, 4172467.29, 810.24);
insert into STATION values (1489, '.', 312, 270382.57, 4172462.39, 810.78);
insert into STATION values (1490, '.', 312, 270382.68, 4172477.32, 810.95);
insert into STATION values (1491, '.', 312, 270383.08, 4172472.25, 811.79);
insert into STATION values (1492, '.', 312, 270382.99, 4172472.13, 808.72);
insert into STATION values (1493, '42', 312, 270369.35, 4172472.80, 809.41);
insert into STATION values (1494, '.', 312, 270368.92, 4172478.25, 811.70);
insert into STATION values (1495, '.', 312, 270369.16, 4172467.63, 809.47);
insert into STATION values (1496, '.', 312, 270369.36, 4172472.58, 811.02);
insert into STATION values (1497, '.', 312, 270369.41, 4172472.79, 808.54);
insert into STATION values (1498, '.', 312, 270372.31, 4172478.12, 811.01);
insert into STATION values (1499, '.', 312, 270360.89, 4172472.34, 810.20);
insert into STATION values (1500, '43', 312, 270363.37, 4172471.96, 809.23);
insert into STATION values (1501, '.', 312, 270362.65, 4172470.79, 809.36);
insert into STATION values (1502, '.', 312, 270365.25, 4172474.93, 811.01);
insert into STATION values (1503, '.', 312, 270363.30, 4172472.14, 810.90);
insert into STATION values (1504, '.', 312, 270362.75, 4172471.64, 808.25);
insert into STATION values (1505, '44', 312, 270360.25, 4172475.22, 809.43);
insert into STATION values (1506, '.', 312, 270358.13, 4172473.57, 808.21);
insert into STATION values (1507, '.', 312, 270368.55, 4172481.26, 817.57);
insert into STATION values (1508, '.', 312, 270352.16, 4172479.69, 809.63);
insert into STATION values (1509, '.', 312, 270361.03, 4172472.75, 810.70);
insert into STATION values (1510, '.', 312, 270360.50, 4172475.28, 808.16);
insert into STATION values (1511, '.', 312, 270360.23, 4172475.25, 810.52);
insert into STATION values (1512, '45', 312, 270355.49, 4172480.33, 808.31);
insert into STATION values (1513, '.', 312, 270355.84, 4172476.65, 808.62);
insert into STATION values (1514, '.', 312, 270352.46, 4172483.58, 808.67);
insert into STATION values (1515, '.', 312, 270354.79, 4172480.70, 813.05);
insert into STATION values (1516, '.', 312, 270355.23, 4172480.26, 807.07);
insert into STATION values (1517, '46', 312, 270344.22, 4172482.63, 803.11);
insert into STATION values (1518, '.', 312, 270344.15, 4172485.24, 803.25);
insert into STATION values (1519, '.', 312, 270344.63, 4172476.72, 804.25);
insert into STATION values (1520, '.', 312, 270344.12, 4172482.93, 805.54);
insert into STATION values (1521, '.', 312, 270344.34, 4172482.55, 801.66);
insert into STATION values (1522, '.', 312, 270340.56, 4172478.94, 803.58);
insert into STATION values (1523, '.', 312, 270348.21, 4172482.61, 803.71);
insert into STATION values (1524, '47', 312, 270332.33, 4172477.79, 802.55);
insert into STATION values (1525, '.', 312, 270332.83, 4172476.68, 802.54);
insert into STATION values (1526, '.', 312, 270330.69, 4172479.18, 802.86);
insert into STATION values (1527, '.', 312, 270332.33, 4172477.84, 804.07);
insert into STATION values (1528, '.', 312, 270332.33, 4172477.80, 801.69);
insert into STATION values (1529, '.', 312, 270334.14, 4172477.05, 802.71);
insert into STATION values (1530, '.', 312, 270333.18, 4172480.49, 802.59);
insert into STATION values (1531, '.', 312, 270328.40, 4172476.71, 803.23);
insert into STATION values (1532, 'PTR_FR24_A06_48', 312, 270327.81, 4172476.24, 802.74);
insert into STATION values (1533, '.', 312, 270328.90, 4172475.77, 802.80);
insert into STATION values (1534, '.', 312, 270326.77, 4172477.03, 802.76);
insert into STATION values (1535, '.', 312, 270327.83, 4172476.31, 803.70);
insert into STATION values (1536, '.', 312, 270327.70, 4172476.20, 801.36);
insert into STATION values (1537, '49', 312, 270327.55, 4172474.32, 801.48);
insert into STATION values (1538, '.', 312, 270327.90, 4172473.18, 801.76);
insert into STATION values (1539, '.', 312, 270326.89, 4172475.54, 801.95);
insert into STATION values (1540, '.', 312, 270327.47, 4172474.28, 801.90);
insert into STATION values (1541, '.', 312, 270327.61, 4172474.25, 801.11);
insert into STATION values (1542, '50', 312, 270322.49, 4172471.36, 801.17);
insert into STATION values (1543, '51', 312, 270354.73, 4172489.84, 812.17);
insert into STATION values (1544, '.', 312, 270354.16, 4172490.05, 812.20);
insert into STATION values (1545, '.', 312, 270366.50, 4172475.84, 814.74);
insert into STATION values (1546, '.', 312, 270354.79, 4172489.72, 813.01);
insert into STATION values (1547, '.', 312, 270355.11, 4172489.70, 811.05);
insert into STATION values (1548, '52', 312, 270364.57, 4172490.09, 813.17);
insert into STATION values (1549, '.', 312, 270369.64, 4172480.38, 818.33);
insert into STATION values (1550, '.', 312, 270361.20, 4172480.80, 815.36);
insert into STATION values (1551, '.', 312, 270364.46, 4172492.71, 812.85);
insert into STATION values (1552, '.', 312, 270364.49, 4172490.05, 814.26);
insert into STATION values (1553, '.', 312, 270364.58, 4172490.26, 811.35);
insert into STATION values (1554, '53', 312, 270378.52, 4172487.79, 816.85);
insert into STATION values (1555, '.', 312, 270377.42, 4172480.05, 817.41);
insert into STATION values (1556, '.', 312, 270380.30, 4172493.61, 817.21);
insert into STATION values (1557, '.', 312, 270378.28, 4172487.43, 819.51);
insert into STATION values (1558, '.', 312, 270377.30, 4172487.27, 814.11);
insert into STATION values (1559, '.', 312, 270367.42, 4172476.64, 816.49);
insert into STATION values (1560, '.', 312, 270360.49, 4172481.74, 816.25);
insert into STATION values (1561, '.', 312, 270368.52, 4172488.26, 816.69);
insert into STATION values (1562, '.', 312, 270376.08, 4172492.50, 816.73);
insert into STATION values (1563, '.', 312, 270386.42, 4172480.17, 816.79);
insert into STATION values (1564, '.', 312, 270385.37, 4172488.70, 817.13);
insert into STATION values (1565, '.', 312, 270390.98, 4172487.06, 817.26);
insert into STATION values (1566, '54', 312, 270389.06, 4172487.20, 814.42);
insert into STATION values (1567, '.', 312, 270391.29, 4172486.51, 814.94);
insert into STATION values (1568, '.', 312, 270385.47, 4172490.14, 815.02);
insert into STATION values (1569, '.', 312, 270390.60, 4172487.93, 814.72);
insert into STATION values (1570, '.', 312, 270389.07, 4172486.95, 813.08);
insert into STATION values (1571, '.', 312, 270388.89, 4172486.90, 818.36);
insert into STATION values (1572, '55', 312, 270415.69, 4172548.47, 813.50);
insert into STATION values (1573, '.', 312, 270416.14, 4172550.83, 813.81);
insert into STATION values (1574, '.', 312, 270415.37, 4172547.32, 813.91);
insert into STATION values (1575, '.', 312, 270416.08, 4172548.50, 817.26);
insert into STATION values (1576, '.', 312, 270416.91, 4172550.53, 815.98);
insert into STATION values (1577, '.', 312, 270415.83, 4172548.50, 812.63);
insert into STATION values (1578, '.', 312, 270422.54, 4172549.79, 812.90);
insert into STATION values (1579, '.', 312, 270419.57, 4172546.55, 813.57);
insert into STATION values (1580, '56', 312, 270425.45, 4172546.80, 811.05);
insert into STATION values (1581, '.', 312, 270423.64, 4172543.25, 811.89);
insert into STATION values (1582, '.', 312, 270425.31, 4172549.81, 811.73);
insert into STATION values (1583, '.', 312, 270425.68, 4172546.40, 815.83);
insert into STATION values (1584, '.', 312, 270425.40, 4172546.75, 809.93);
insert into STATION values (1585, '.', 312, 270427.42, 4172541.13, 811.85);
insert into STATION values (1586, '.', 312, 270432.91, 4172550.46, 812.74);
insert into STATION values (1587, '.', 312, 270423.21, 4172549.91, 811.52);
insert into STATION values (1588, '57', 312, 270435.65, 4172543.02, 812.18);
insert into STATION values (1589, '.', 312, 270432.94, 4172537.56, 812.43);
insert into STATION values (1590, '.', 312, 270439.48, 4172549.64, 812.66);
insert into STATION values (1591, '.', 312, 270431.74, 4172550.41, 812.53);
insert into STATION values (1592, '.', 312, 270449.49, 4172543.41, 814.37);
insert into STATION values (1593, '.', 312, 270439.67, 4172533.70, 813.95);
insert into STATION values (1594, '.', 312, 270435.74, 4172542.94, 814.28);
insert into STATION values (1595, '.', 312, 270435.21, 4172542.43, 809.50);
insert into STATION values (1596, '58', 312, 270448.87, 4172532.81, 815.76);
insert into STATION values (1597, '.', 312, 270452.80, 4172536.65, 816.35);
insert into STATION values (1598, '.', 312, 270447.39, 4172531.05, 815.49);
insert into STATION values (1599, '.', 312, 270448.97, 4172532.76, 817.05);
insert into STATION values (1600, '.', 312, 270448.82, 4172532.75, 814.08);
insert into STATION values (1601, '.', 312, 270458.50, 4172531.18, 816.75);
insert into STATION values (1602, '59', 312, 270458.90, 4172524.97, 816.36);
insert into STATION values (1603, '.', 312, 270467.94, 4172531.09, 815.92);
insert into STATION values (1604, '.', 312, 270455.04, 4172520.43, 816.31);
insert into STATION values (1605, '.', 312, 270458.75, 4172524.98, 818.19);
insert into STATION values (1606, '.', 312, 270458.41, 4172524.90, 813.92);
insert into STATION values (1607, '.', 312, 270462.59, 4172517.94, 816.34);
insert into STATION values (1608, '.', 312, 270460.05, 4172539.78, 816.59);
insert into STATION values (1609, '.', 312, 270469.02, 4172517.52, 816.31);
insert into STATION values (1610, '.', 312, 270470.39, 4172516.48, 816.31);
insert into STATION values (1611, 'PTR_FR24_A07_60', 312, 270468.99, 4172517.52, 816.31);
insert into STATION values (1612, '.', 312, 270471.20, 4172518.58, 816.89);
insert into STATION values (1613, '.', 312, 270467.21, 4172516.00, 816.12);
insert into STATION values (1614, '.', 312, 270469.05, 4172517.46, 817.30);
insert into STATION values (1615, '.', 312, 270468.75, 4172517.27, 814.65);
insert into STATION values (1616, '61', 312, 270465.28, 4172516.60, 813.36);
insert into STATION values (1617, '.', 312, 270461.89, 4172515.99, 813.52);
insert into STATION values (1618, '.', 312, 270466.36, 4172516.21, 813.61);
insert into STATION values (1619, '.', 312, 270465.22, 4172516.60, 814.14);
insert into STATION values (1620, '.', 312, 270465.42, 4172516.31, 811.86);
insert into STATION values (1621, '62', 312, 270468.51, 4172512.56, 813.97);
insert into STATION values (1622, '63', 312, 270437.95, 4172548.93, 811.84);
insert into STATION values (1623, '.', 312, 270428.66, 4172550.93, 812.79);
insert into STATION values (1624, '.', 312, 270441.96, 4172548.29, 812.75);
insert into STATION values (1625, '.', 312, 270437.79, 4172548.93, 814.29);
insert into STATION values (1626, '.', 312, 270438.05, 4172548.91, 810.79);
insert into STATION values (1627, '.', 312, 270441.81, 4172567.99, 809.49);
insert into STATION values (1628, '.', 312, 270435.40, 4172536.18, 814.25);
insert into STATION values (1629, '.', 312, 270430.27, 4172552.02, 810.54);
insert into STATION values (1630, '64', 312, 270443.58, 4172556.54, 810.39);
insert into STATION values (1631, '.', 312, 270449.39, 4172563.16, 810.05);
insert into STATION values (1632, '.', 312, 270451.86, 4172551.28, 811.07);
insert into STATION values (1633, '.', 312, 270440.15, 4172549.06, 811.11);
insert into STATION values (1634, '.', 312, 270428.00, 4172555.14, 809.48);
insert into STATION values (1635, '.', 312, 270424.71, 4172561.97, 809.67);
insert into STATION values (1636, '.', 312, 270443.51, 4172556.67, 811.94);
insert into STATION values (1637, '.', 312, 270443.61, 4172556.43, 809.27);
insert into STATION values (1638, '65', 312, 270438.74, 4172564.86, 809.54);
insert into STATION values (1639, '.', 312, 270440.10, 4172574.46, 810.35);
insert into STATION values (1640, '.', 312, 270428.05, 4172553.74, 810.13);
insert into STATION values (1641, '.', 312, 270450.93, 4172558.62, 810.88);
insert into STATION values (1642, '.', 312, 270435.27, 4172574.39, 810.37);
insert into STATION values (1643, '.', 312, 270421.76, 4172570.14, 809.63);
insert into STATION values (1644, '.', 312, 270438.70, 4172564.82, 811.10);
insert into STATION values (1645, '.', 312, 270438.74, 4172564.89, 808.00);
insert into STATION values (1646, '66', 312, 270420.63, 4172576.69, 809.50);
insert into STATION values (1647, '.', 312, 270422.53, 4172579.85, 809.95);
insert into STATION values (1648, '.', 312, 270419.62, 4172575.05, 809.53);
insert into STATION values (1649, '.', 312, 270420.51, 4172576.71, 810.06);
insert into STATION values (1650, '.', 312, 270420.62, 4172576.64, 808.46);
insert into STATION values (1651, '67', 312, 270412.70, 4172584.18, 809.33);
insert into STATION values (1652, '.', 312, 270412.57, 4172583.71, 809.30);
insert into STATION values (1653, '.', 312, 270412.87, 4172584.80, 809.35);
insert into STATION values (1654, '.', 312, 270412.73, 4172584.32, 808.81);
insert into STATION values (1655, '.', 312, 270412.61, 4172584.23, 809.58);
insert into STATION values (1656, '68', 312, 270442.73, 4172574.64, 810.56);
insert into STATION values (1657, '.', 312, 270445.40, 4172574.86, 810.42);
insert into STATION values (1658, '.', 312, 270442.29, 4172574.66, 810.57);
insert into STATION values (1659, '.', 312, 270442.72, 4172574.71, 811.25);
insert into STATION values (1660, '.', 312, 270442.75, 4172574.77, 809.56);
insert into STATION values (1661, '69', 312, 270443.22, 4172577.50, 811.54);
insert into STATION values (1662, '.', 312, 270449.55, 4172577.52, 812.67);
insert into STATION values (1663, '.', 312, 270434.69, 4172575.41, 812.83);
insert into STATION values (1664, '.', 312, 270442.98, 4172578.46, 814.95);
insert into STATION values (1665, '.', 312, 270442.89, 4172577.40, 810.19);
insert into STATION values (1666, '.', 312, 270445.56, 4172597.94, 816.10);
insert into STATION values (1667, '.', 312, 270464.39, 4172592.19, 813.47);
insert into STATION values (1668, '.', 312, 270421.61, 4172583.03, 811.92);
insert into STATION values (1669, '.', 312, 270422.01, 4172586.09, 812.57);
insert into STATION values (1670, '.', 312, 270447.18, 4172576.24, 811.52);
insert into STATION values (1671, '.', 312, 270443.81, 4172575.42, 811.55);
insert into STATION values (1672, '70', 312, 270437.66, 4172585.93, 813.79);
insert into STATION values (1673, '.', 312, 270434.20, 4172602.73, 822.46);
insert into STATION values (1674, '.', 312, 270432.41, 4172577.24, 814.70);
insert into STATION values (1675, '.', 312, 270454.49, 4172598.78, 818.41);
insert into STATION values (1676, '.', 312, 270452.97, 4172585.36, 815.89);
insert into STATION values (1677, '.', 312, 270450.18, 4172580.13, 813.98);
insert into STATION values (1678, '.', 312, 270437.52, 4172585.61, 811.87);
insert into STATION values (1679, '.', 312, 270437.50, 4172585.74, 815.47);
insert into STATION values (1680, '.', 312, 270437.03, 4172587.37, 819.79);
insert into STATION values (1681, '71', 312, 270420.06, 4172585.06, 812.35);
insert into STATION values (1682, '.', 312, 270419.79, 4172584.01, 812.32);
insert into STATION values (1683, '.', 312, 270420.77, 4172586.02, 812.45);
insert into STATION values (1684, '.', 312, 270419.91, 4172585.07, 813.23);
insert into STATION values (1685, '.', 312, 270419.97, 4172585.16, 811.06);
insert into STATION values (1686, '72', 312, 270416.20, 4172594.85, 815.39);
insert into STATION values (1687, '.', 312, 270415.17, 4172609.79, 821.62);
insert into STATION values (1688, '.', 312, 270423.00, 4172588.33, 817.53);
insert into STATION values (1689, '.', 312, 270439.62, 4172603.91, 820.36);
insert into STATION values (1690, '.', 312, 270414.33, 4172591.84, 815.27);
insert into STATION values (1691, '.', 312, 270416.20, 4172594.81, 820.94);
insert into STATION values (1692, '.', 312, 270416.59, 4172594.66, 814.23);
insert into STATION values (1693, 'PTR_FR24_A04_73', 312, 270431.24, 4172599.07, 817.95);
insert into STATION values (1694, '.', 312, 270445.65, 4172604.47, 821.39);
insert into STATION values (1695, '.', 312, 270417.83, 4172589.94, 816.62);
insert into STATION values (1696, '.', 312, 270430.12, 4172587.36, 817.58);
insert into STATION values (1697, '.', 312, 270452.96, 4172585.79, 816.58);
insert into STATION values (1698, '.', 312, 270431.16, 4172599.21, 817.97);
insert into STATION values (1699, '.', 312, 270430.67, 4172598.43, 823.06);
insert into STATION values (1700, '.', 312, 270431.34, 4172598.98, 815.59);
insert into STATION values (1701, '74', 312, 270436.39, 4172594.16, 817.59);
insert into STATION values (1702, '.', 312, 270431.03, 4172587.65, 817.97);
insert into STATION values (1703, '.', 312, 270440.37, 4172600.24, 819.51);
insert into STATION values (1704, '.', 312, 270436.50, 4172593.41, 822.34);
insert into STATION values (1705, '.', 312, 270436.61, 4172594.28, 815.47);
insert into STATION values (1706, '.', 312, 270435.77, 4172586.88, 817.55);
insert into STATION values (1707, '.', 312, 270452.43, 4172588.56, 817.82);
insert into STATION values (1708, '.', 312, 270454.29, 4172599.62, 817.52);
insert into STATION values (1709, '75', 312, 270453.75, 4172589.93, 813.64);
insert into STATION values (1710, '.', 312, 270455.96, 4172599.37, 816.10);
insert into STATION values (1711, '.', 312, 270453.84, 4172589.60, 813.64);
insert into STATION values (1712, '.', 312, 270454.36, 4172590.33, 817.39);
insert into STATION values (1713, '.', 312, 270453.93, 4172590.02, 812.30);
insert into STATION values (1714, '.', 312, 270464.15, 4172592.94, 814.86);
insert into STATION values (1715, '.', 312, 270444.69, 4172598.84, 817.43);
insert into STATION values (1716, '76', 312, 270464.23, 4172589.11, 811.54);
insert into STATION values (1717, '.', 312, 270469.74, 4172596.71, 811.82);
insert into STATION values (1718, '.', 312, 270463.86, 4172583.26, 810.93);
insert into STATION values (1719, '.', 312, 270464.27, 4172589.23, 812.72);
insert into STATION values (1720, '.', 312, 270464.28, 4172589.11, 810.10);
insert into STATION values (1721, '.', 312, 270464.43, 4172592.26, 813.49);
insert into STATION values (1722, '.', 312, 270462.64, 4172597.75, 815.83);
insert into STATION values (1723, '.', 312, 270462.70, 4172587.39, 811.95);
insert into STATION values (1724, 'PTR_FR24_A08_77', 312, 270486.41, 4172587.58, 813.72);
insert into STATION values (1725, '.', 312, 270486.42, 4172588.29, 813.79);
insert into STATION values (1726, '.', 312, 270486.41, 4172586.63, 813.74);
insert into STATION values (1727, '.', 312, 270486.44, 4172587.73, 814.71);
insert into STATION values (1728, '.', 312, 270486.41, 4172587.49, 813.21);
insert into STATION values (1729, '78', 312, 270491.61, 4172587.10, 815.01);
insert into STATION values (1730, '79', 312, 270419.11, 4172613.79, 821.05);
insert into STATION values (1731, '.', 312, 270416.14, 4172610.29, 821.24);
insert into STATION values (1732, '.', 312, 270422.35, 4172617.49, 821.81);
insert into STATION values (1733, '.', 312, 270417.45, 4172614.60, 825.41);
insert into STATION values (1734, '.', 312, 270419.03, 4172613.66, 820.09);
insert into STATION values (1735, 'PTR_FR24_A09_80', 312, 270416.40, 4172616.32, 824.07);
insert into STATION values (1736, 'PTR_FR24_A02_24', 681, 270380.83, 4172622.42, 834.39);
insert into STATION values (1737, '1', 681, 270412.47, 4172616.59, 830.14);
insert into STATION values (1738, '.', 681, 270412.23, 4172634.42, 832.68);
insert into STATION values (1739, '.', 681, 270409.31, 4172612.70, 830.35);
insert into STATION values (1740, '.', 681, 270412.61, 4172616.42, 831.26);
insert into STATION values (1741, '.', 681, 270412.13, 4172616.74, 828.79);
insert into STATION values (1742, 'PTR_FR24_A09_2', 681, 270416.40, 4172616.32, 824.07);
insert into STATION values (1743, '.', 681, 270416.62, 4172620.00, 825.27);
insert into STATION values (1744, '.', 681, 270416.57, 4172611.52, 824.24);
insert into STATION values (1745, '.', 681, 270417.01, 4172616.12, 825.69);
insert into STATION values (1746, '.', 681, 270417.05, 4172616.16, 821.94);
insert into STATION values (1747, '3', 681, 270422.54, 4172630.40, 821.61);
insert into STATION values (1748, '.', 681, 270412.42, 4172621.15, 822.50);
insert into STATION values (1749, '.', 681, 270419.71, 4172629.71, 821.78);
insert into STATION values (1750, '.', 681, 270423.04, 4172630.53, 821.55);
insert into STATION values (1751, '.', 681, 270421.99, 4172630.36, 823.48);
insert into STATION values (1752, '.', 681, 270422.47, 4172630.32, 820.46);
insert into STATION values (1753, '4', 681, 270418.51, 4172635.28, 820.07);
insert into STATION values (1754, '.', 681, 270417.45, 4172634.60, 820.26);
insert into STATION values (1755, '.', 681, 270419.59, 4172635.85, 819.86);
insert into STATION values (1756, '.', 681, 270418.44, 4172635.31, 820.90);
insert into STATION values (1757, '.', 681, 270418.61, 4172635.34, 819.59);
insert into STATION values (1758, '5', 681, 270417.31, 4172642.42, 816.66);
insert into STATION values (1759, '.', 681, 270413.71, 4172644.72, 816.81);
insert into STATION values (1760, '.', 681, 270418.17, 4172641.41, 819.81);
insert into STATION values (1761, '.', 681, 270417.33, 4172642.64, 815.79);
insert into STATION values (1762, '6', 681, 270439.04, 4172655.09, 809.45);
insert into STATION values (1763, '.', 681, 270439.51, 4172658.18, 809.69);
insert into STATION values (1764, '.', 681, 270439.35, 4172645.67, 810.66);
insert into STATION values (1765, '.', 681, 270439.03, 4172654.71, 812.79);
insert into STATION values (1766, '.', 681, 270439.06, 4172655.00, 808.59);
insert into STATION values (1767, '7', 681, 270456.16, 4172654.51, 808.64);
insert into STATION values (1768, '.', 681, 270454.40, 4172654.65, 808.81);
insert into STATION values (1769, '.', 681, 270458.85, 4172644.07, 809.43);
insert into STATION values (1770, '.', 681, 270456.60, 4172653.62, 811.44);
insert into STATION values (1771, '.', 681, 270456.17, 4172654.37, 807.97);
insert into STATION values (1772, '8', 681, 270462.59, 4172657.35, 808.00);
insert into STATION values (1773, '.', 681, 270458.88, 4172658.48, 808.24);
insert into STATION values (1774, '.', 681, 270469.71, 4172656.01, 808.51);
insert into STATION values (1775, '.', 681, 270462.57, 4172657.61, 810.47);
insert into STATION values (1776, '.', 681, 270462.62, 4172657.36, 807.64);
insert into STATION values (1777, '9', 681, 270465.02, 4172672.80, 809.01);
insert into STATION values (1778, '.', 681, 270457.99, 4172670.14, 809.42);
insert into STATION values (1779, '.', 681, 270442.53, 4172675.50, 809.53);
insert into STATION values (1780, '.', 681, 270467.73, 4172688.21, 810.63);
insert into STATION values (1781, '.', 681, 270467.94, 4172669.98, 809.33);
insert into STATION values (1782, '.', 681, 270464.79, 4172673.07, 815.94);
insert into STATION values (1783, '.', 681, 270465.05, 4172672.82, 808.58);
insert into STATION values (1784, '10', 681, 270479.19, 4172673.66, 812.05);
insert into STATION values (1785, '.', 681, 270481.88, 4172681.88, 814.20);
insert into STATION values (1786, '.', 681, 270479.20, 4172669.45, 813.45);
insert into STATION values (1787, '.', 681, 270479.70, 4172675.42, 818.34);
insert into STATION values (1788, '.', 681, 270479.26, 4172673.61, 811.61);
insert into STATION values (1789, '11', 681, 270494.63, 4172681.75, 815.32);
insert into STATION values (1790, '.', 681, 270494.66, 4172685.70, 815.28);
insert into STATION values (1791, '.', 681, 270495.29, 4172668.55, 814.60);
insert into STATION values (1792, '.', 681, 270496.60, 4172680.90, 824.90);
insert into STATION values (1793, '.', 681, 270494.62, 4172681.76, 814.42);
insert into STATION values (1794, '12', 681, 270508.26, 4172681.52, 816.94);
insert into STATION values (1795, '.', 681, 270510.99, 4172684.02, 818.11);
insert into STATION values (1796, '.', 681, 270507.53, 4172673.23, 818.17);
insert into STATION values (1797, '.', 681, 270508.91, 4172678.82, 831.64);
insert into STATION values (1798, '.', 681, 270508.34, 4172681.50, 816.44);
insert into STATION values (1799, '13', 681, 270504.52, 4172688.10, 818.24);
insert into STATION values (1800, '.', 681, 270500.22, 4172686.92, 819.26);
insert into STATION values (1801, '.', 681, 270510.94, 4172688.22, 819.17);
insert into STATION values (1802, '.', 681, 270504.41, 4172688.56, 821.56);
insert into STATION values (1803, '.', 681, 270504.52, 4172688.14, 817.99);
insert into STATION values (1804, '14', 681, 270508.58, 4172693.47, 813.66);
insert into STATION values (1805, '.', 681, 270509.08, 4172697.24, 814.01);
insert into STATION values (1806, '.', 681, 270509.27, 4172688.89, 813.91);
insert into STATION values (1807, '.', 681, 270509.22, 4172692.09, 821.49);
insert into STATION values (1808, '.', 681, 270508.52, 4172693.41, 813.25);
insert into STATION values (1809, '15', 681, 270516.28, 4172689.19, 810.61);
insert into STATION values (1810, 'PTR_FR24_A20_16', 681, 270512.87, 4172680.44, 817.51);
insert into STATION values (1811, '.', 681, 270513.76, 4172683.47, 817.75);
insert into STATION values (1812, '.', 681, 270510.99, 4172673.08, 817.65);
insert into STATION values (1813, '.', 681, 270512.75, 4172680.39, 820.27);
insert into STATION values (1814, '.', 681, 270512.87, 4172680.38, 816.84);
insert into STATION values (1815, 'A20', 808, 270512.87, 4172680.44, 817.51);
insert into STATION values (1816, '.', 808, 270512.69, 4172673.05, 817.73);
insert into STATION values (1817, '.', 808, 270513.17, 4172678.89, 816.84);
insert into STATION values (1818, '.', 808, 270514.30, 4172683.50, 817.59);
insert into STATION values (1819, '.', 808, 270513.71, 4172680.58, 820.30);
insert into STATION values (1820, '.', 808, 270515.14, 4172677.99, 825.52);
insert into STATION values (1821, '.', 808, 270513.66, 4172675.03, 823.56);
insert into STATION values (1822, '.', 808, 270515.54, 4172678.17, 816.56);
insert into STATION values (1823, '.', 808, 270526.86, 4172671.61, 815.27);
insert into STATION values (1824, '.', 808, 270531.91, 4172668.01, 815.52);
insert into STATION values (1825, '.', 808, 270525.23, 4172679.80, 818.48);
insert into STATION values (1826, '.', 808, 270521.19, 4172672.39, 818.11);
insert into STATION values (1827, '.', 808, 270524.67, 4172673.53, 818.99);
insert into STATION values (1828, '.', 808, 270522.31, 4172675.87, 821.83);
insert into STATION values (1829, '1', 808, 270533.26, 4172670.12, 816.87);
insert into STATION values (1830, '.', 808, 270529.03, 4172664.07, 817.49);
insert into STATION values (1831, '.', 808, 270532.67, 4172668.78, 815.72);
insert into STATION values (1832, '.', 808, 270533.23, 4172665.25, 822.84);
insert into STATION values (1833, '.', 808, 270533.49, 4172670.40, 817.38);
insert into STATION values (1834, '.', 808, 270532.32, 4172672.82, 817.36);
insert into STATION values (1835, '.', 808, 270527.61, 4172672.32, 819.19);
insert into STATION values (1836, '.', 808, 270522.94, 4172670.22, 817.43);
insert into STATION values (1837, '.', 808, 270531.01, 4172670.12, 815.73);
insert into STATION values (1838, '.', 808, 270546.08, 4172665.39, 816.89);
insert into STATION values (1839, '.', 808, 270549.09, 4172657.91, 817.85);
insert into STATION values (1840, '.', 808, 270542.20, 4172657.43, 817.66);
insert into STATION values (1841, '.', 808, 270534.40, 4172660.50, 817.50);
insert into STATION values (1842, '.', 808, 270540.80, 4172656.88, 814.21);
insert into STATION values (1843, '.', 808, 270549.79, 4172646.02, 811.51);
insert into STATION values (1844, '.', 808, 270551.29, 4172652.49, 810.96);
insert into STATION values (1845, '.', 808, 270551.83, 4172655.74, 812.13);
insert into STATION values (1846, '.', 808, 270547.56, 4172658.93, 812.28);
insert into STATION values (1847, '.', 808, 270536.83, 4172667.17, 815.17);
insert into STATION values (1848, '.', 808, 270536.62, 4172664.81, 822.69);
insert into STATION values (1849, '.', 808, 270540.58, 4172663.77, 820.83);
insert into STATION values (1850, '.', 808, 270544.95, 4172661.64, 819.23);
insert into STATION values (1851, '.', 808, 270550.35, 4172650.71, 812.96);
insert into STATION values (1852, '2', 808, 270551.05, 4172651.86, 812.70);
insert into STATION values (1853, '.', 808, 270551.12, 4172651.85, 810.96);
insert into STATION values (1854, '.', 808, 270554.25, 4172653.13, 811.09);
insert into STATION values (1855, '.', 808, 270549.82, 4172653.99, 811.28);
insert into STATION values (1856, '.', 808, 270546.42, 4172658.79, 812.24);
insert into STATION values (1857, '.', 808, 270543.17, 4172656.11, 812.13);
insert into STATION values (1858, '.', 808, 270543.87, 4172652.23, 812.56);
insert into STATION values (1859, '.', 808, 270548.07, 4172653.43, 813.97);
insert into STATION values (1860, '.', 808, 270548.85, 4172648.07, 812.57);
insert into STATION values (1861, '.', 808, 270551.19, 4172644.71, 812.32);
insert into STATION values (1862, '.', 808, 270554.27, 4172647.32, 810.93);
insert into STATION values (1863, '.', 808, 270557.03, 4172648.93, 811.97);
insert into STATION values (1864, '.', 808, 270552.00, 4172650.40, 812.78);
insert into STATION values (1865, '.', 808, 270552.72, 4172644.61, 812.42);
insert into STATION values (1866, '3', 808, 270555.31, 4172639.81, 812.50);
insert into STATION values (1867, '.', 808, 270555.32, 4172639.91, 812.16);
insert into STATION values (1868, '.', 808, 270552.84, 4172637.66, 830.51);
insert into STATION values (1869, '.', 808, 270552.77, 4172641.64, 823.91);
insert into STATION values (1870, '.', 808, 270555.17, 4172643.21, 817.13);
insert into STATION values (1871, '.', 808, 270555.91, 4172645.31, 813.07);
insert into STATION values (1872, '.', 808, 270555.67, 4172642.01, 812.01);
insert into STATION values (1873, '.', 808, 270558.69, 4172645.95, 812.45);
insert into STATION values (1874, '.', 808, 270552.34, 4172644.20, 812.18);
insert into STATION values (1875, '.', 808, 270548.86, 4172640.39, 814.54);
insert into STATION values (1876, '.', 808, 270541.38, 4172640.85, 819.06);
insert into STATION values (1877, '.', 808, 270539.50, 4172641.15, 823.64);
insert into STATION values (1878, '.', 808, 270544.69, 4172634.62, 821.47);
insert into STATION values (1879, '.', 808, 270551.48, 4172633.23, 816.82);
insert into STATION values (1880, '.', 808, 270552.19, 4172643.93, 817.47);
insert into STATION values (1881, '.', 808, 270555.34, 4172632.88, 829.93);
insert into STATION values (1882, '.', 808, 270564.31, 4172631.07, 818.54);
insert into STATION values (1883, '.', 808, 270583.84, 4172624.67, 823.37);
insert into STATION values (1884, '.', 808, 270579.41, 4172638.91, 821.04);
insert into STATION values (1885, '.', 808, 270564.33, 4172642.29, 818.01);
insert into STATION values (1886, '.', 808, 270566.65, 4172639.39, 814.29);
insert into STATION values (1887, '.', 808, 270587.25, 4172629.40, 827.66);
insert into STATION values (1888, '.', 808, 270574.18, 4172632.32, 830.08);
insert into STATION values (1889, '.', 808, 270568.00, 4172639.89, 824.97);
insert into STATION values (1890, '.', 808, 270573.49, 4172637.82, 827.41);
insert into STATION values (1891, '.', 808, 270566.36, 4172637.71, 814.10);
insert into STATION values (1892, '4', 808, 270534.70, 4172642.29, 830.29);
insert into STATION values (1893, '.', 808, 270565.22, 4172635.44, 837.45);
insert into STATION values (1894, '.', 808, 270561.44, 4172636.29, 836.51);
insert into STATION values (1895, '.', 808, 270566.98, 4172635.04, 837.86);
insert into STATION values (1896, '5', 808, 270585.81, 4172632.91, 819.66);
insert into STATION values (1897, '.', 808, 270584.92, 4172624.70, 823.76);
insert into STATION values (1898, '.', 808, 270585.93, 4172632.02, 817.77);
insert into STATION values (1899, '.', 808, 270589.34, 4172631.28, 818.13);
insert into STATION values (1900, '.', 808, 270599.37, 4172622.79, 820.78);
insert into STATION values (1901, '.', 808, 270594.85, 4172624.23, 826.10);
insert into STATION values (1902, '.', 808, 270588.86, 4172623.88, 824.54);
insert into STATION values (1903, '.', 808, 270587.50, 4172630.69, 826.92);
insert into STATION values (1904, '.', 808, 270586.58, 4172634.30, 823.04);
insert into STATION values (1905, '.', 808, 270580.95, 4172631.91, 818.31);
insert into STATION values (1906, '.', 808, 270571.69, 4172629.17, 820.76);
insert into STATION values (1907, '.', 808, 270564.58, 4172642.25, 820.51);
insert into STATION values (1908, '.', 808, 270592.48, 4172630.28, 823.95);
insert into STATION values (1909, '.', 808, 270591.09, 4172633.11, 822.60);
insert into STATION values (1910, '6', 808, 270593.28, 4172628.54, 819.72);
insert into STATION values (1911, '.', 808, 270594.85, 4172628.38, 817.56);
insert into STATION values (1912, '.', 808, 270592.91, 4172621.19, 819.80);
insert into STATION values (1913, '.', 808, 270592.89, 4172623.63, 826.75);
insert into STATION values (1914, '.', 808, 270594.31, 4172631.23, 824.95);
insert into STATION values (1915, '.', 808, 270593.46, 4172634.54, 822.27);
insert into STATION values (1916, '.', 808, 270594.58, 4172639.02, 822.71);
insert into STATION values (1917, '.', 808, 270593.65, 4172633.21, 819.18);
insert into STATION values (1918, '.', 808, 270602.00, 4172633.32, 819.42);
insert into STATION values (1919, '.', 808, 270607.07, 4172625.01, 819.47);
insert into STATION values (1920, '.', 808, 270612.97, 4172625.90, 819.68);
insert into STATION values (1921, '.', 808, 270606.40, 4172628.90, 816.64);
insert into STATION values (1922, '.', 808, 270614.32, 4172631.48, 817.79);
insert into STATION values (1923, '.', 808, 270599.78, 4172628.63, 820.50);
insert into STATION values (1924, '.', 808, 270597.45, 4172628.29, 824.45);
insert into STATION values (1925, '.', 808, 270587.35, 4172623.38, 821.46);
insert into STATION values (1926, '7', 808, 270579.91, 4172630.43, 818.95);
insert into STATION values (1927, '.', 808, 270573.52, 4172625.08, 818.59);
insert into STATION values (1928, '.', 808, 270571.35, 4172632.48, 815.34);
insert into STATION values (1929, '.', 808, 270564.95, 4172642.87, 818.00);
insert into STATION values (1930, '8', 808, 270577.79, 4172622.92, 818.31);
insert into STATION values (1931, '.', 808, 270582.56, 4172621.09, 813.48);
insert into STATION values (1932, '.', 808, 270579.30, 4172622.61, 816.94);
insert into STATION values (1933, '.', 808, 270579.57, 4172621.87, 816.57);
insert into STATION values (1934, '.', 808, 270580.77, 4172621.67, 814.84);
insert into STATION values (1935, '.', 808, 270582.32, 4172621.60, 815.13);
insert into STATION values (1936, '.', 808, 270577.74, 4172622.48, 816.40);
insert into STATION values (1937, '.', 808, 270573.24, 4172623.35, 814.11);
insert into STATION values (1938, '9', 808, 270582.50, 4172621.09, 813.62);
insert into STATION values (1939, '.', 808, 270582.06, 4172618.62, 812.94);
insert into STATION values (1940, '.', 808, 270587.24, 4172618.58, 812.40);
insert into STATION values (1941, '.', 808, 270592.86, 4172618.52, 811.95);
insert into STATION values (1942, '.', 808, 270586.97, 4172620.69, 812.89);
insert into STATION values (1943, '.', 808, 270590.92, 4172619.62, 810.97);
insert into STATION values (1944, '.', 808, 270584.01, 4172619.65, 813.85);
insert into STATION values (1945, '.', 808, 270582.41, 4172619.68, 815.33);
insert into STATION values (1946, '.', 808, 270579.16, 4172619.58, 814.43);
insert into STATION values (1947, '.', 808, 270575.58, 4172619.59, 812.23);
insert into STATION values (1948, '.', 808, 270570.09, 4172618.78, 810.78);
insert into STATION values (1949, '.', 808, 270577.82, 4172621.95, 812.84);
insert into STATION values (1950, '.', 808, 270580.74, 4172621.65, 813.40);
insert into STATION values (1951, '.', 808, 270581.14, 4172621.61, 813.78);
insert into STATION values (1952, '.', 808, 270582.59, 4172621.04, 812.97);
insert into STATION values (1953, '.', 808, 270582.59, 4172620.14, 812.62);
insert into STATION values (1954, '10', 808, 270593.71, 4172618.76, 812.86);
insert into STATION values (1955, '11', 808, 270573.40, 4172619.51, 811.81);
insert into STATION values (1956, '.', 808, 270573.11, 4172618.54, 811.70);
insert into STATION values (1957, '.', 808, 270573.17, 4172619.57, 810.89);
insert into STATION values (1958, '.', 808, 270570.36, 4172619.88, 810.30);
insert into STATION values (1959, '.', 808, 270567.72, 4172620.45, 809.96);
insert into STATION values (1960, '.', 808, 270567.69, 4172620.88, 813.37);
insert into STATION values (1961, '.', 808, 270572.07, 4172618.47, 811.86);
insert into STATION values (1962, '.', 808, 270570.52, 4172621.30, 811.16);
insert into STATION values (1963, '.', 808, 270575.59, 4172615.57, 810.84);
insert into STATION values (1964, '.', 808, 270575.53, 4172617.99, 811.68);
insert into STATION values (1965, '.', 808, 270574.45, 4172618.40, 811.25);
insert into STATION values (1966, '.', 808, 270574.92, 4172618.17, 811.83);
insert into STATION values (1967, '12', 808, 270566.63, 4172620.75, 810.79);
insert into STATION values (1968, '.', 808, 270566.29, 4172618.92, 810.88);
insert into STATION values (1969, '.', 808, 270566.31, 4172620.43, 809.92);
insert into STATION values (1970, '.', 808, 270565.93, 4172622.11, 810.22);
insert into STATION values (1971, '.', 808, 270564.57, 4172621.79, 810.98);
insert into STATION values (1972, '.', 808, 270564.41, 4172620.46, 811.40);
insert into STATION values (1973, '.', 808, 270562.77, 4172619.08, 810.29);
insert into STATION values (1974, '.', 808, 270561.35, 4172621.30, 810.13);
insert into STATION values (1975, '.', 808, 270557.34, 4172620.29, 810.71);
insert into STATION values (1976, '.', 808, 270556.26, 4172623.60, 810.45);
insert into STATION values (1977, '.', 808, 270561.80, 4172622.72, 810.48);
insert into STATION values (1978, '.', 808, 270570.37, 4172618.94, 812.66);
insert into STATION values (1979, '13', 808, 270558.73, 4172621.19, 811.12);
insert into STATION values (1980, '.', 808, 270558.49, 4172621.24, 810.22);
insert into STATION values (1981, '.', 808, 270557.59, 4172619.20, 810.60);
insert into STATION values (1982, '.', 808, 270556.46, 4172620.84, 810.51);
insert into STATION values (1983, '.', 808, 270555.49, 4172623.04, 810.18);
insert into STATION values (1984, '.', 808, 270554.77, 4172625.81, 809.86);
insert into STATION values (1985, '.', 808, 270557.80, 4172626.61, 810.04);
insert into STATION values (1986, '.', 808, 270561.01, 4172626.35, 809.59);
insert into STATION values (1987, '.', 808, 270561.14, 4172622.92, 810.20);
insert into STATION values (1988, '.', 808, 270559.09, 4172621.96, 811.68);
insert into STATION values (1989, '.', 808, 270562.77, 4172622.51, 810.11);
insert into STATION values (1990, '.', 808, 270560.09, 4172619.57, 810.85);
insert into STATION values (1991, '.', 808, 270554.28, 4172627.47, 809.86);
insert into STATION values (1992, '14', 808, 270554.28, 4172627.73, 809.69);
insert into STATION values (1993, '15', 808, 270575.96, 4172615.94, 811.59);
insert into STATION values (1994, '.', 808, 270578.82, 4172615.88, 809.27);
insert into STATION values (1995, '.', 808, 270585.71, 4172612.68, 806.12);
insert into STATION values (1996, '.', 808, 270577.03, 4172617.25, 810.63);
insert into STATION values (1997, '.', 808, 270576.30, 4172616.51, 810.24);
insert into STATION values (1998, '.', 808, 270575.87, 4172615.33, 810.43);
insert into STATION values (1999, '.', 808, 270581.72, 4172615.88, 815.71);
insert into STATION values (2000, '.', 808, 270584.71, 4172614.67, 815.37);
insert into STATION values (2001, '.', 808, 270591.79, 4172612.73, 810.69);
insert into STATION values (2002, '.', 808, 270588.65, 4172613.16, 808.62);
insert into STATION values (2003, '.', 808, 270583.01, 4172613.45, 810.22);
insert into STATION values (2004, '.', 808, 270585.37, 4172612.59, 806.26);
insert into STATION values (2005, '.', 808, 270572.67, 4172616.85, 810.22);
insert into STATION values (2006, '.', 808, 270575.14, 4172617.58, 811.46);
insert into STATION values (2007, '.', 808, 270575.09, 4172617.89, 810.78);
insert into STATION values (2008, '.', 808, 270574.64, 4172619.67, 811.08);
insert into STATION values (2009, '.', 808, 270576.09, 4172617.54, 811.35);
insert into STATION values (2010, '.', 808, 270573.31, 4172616.64, 810.63);
insert into STATION values (2011, '16', 808, 270585.79, 4172612.68, 806.22);
insert into STATION values (2012, 'B59', 808, 270625.05, 4172633.09, 819.50);
insert into STATION values (2013, '.', 808, 270636.78, 4172634.44, 821.17);
insert into STATION values (2014, '.', 808, 270626.70, 4172633.38, 824.77);
insert into STATION values (2015, '.', 808, 270622.77, 4172630.43, 824.35);
insert into STATION values (2016, '.', 808, 270620.84, 4172624.55, 821.38);
insert into STATION values (2017, '.', 808, 270624.65, 4172632.36, 818.96);
insert into STATION values (2018, '.', 808, 270624.02, 4172606.69, 822.69);
insert into STATION values (2019, '.', 808, 270630.99, 4172620.79, 824.79);
insert into STATION values (2020, '.', 808, 270640.62, 4172629.11, 825.09);
insert into STATION values (2021, '.', 808, 270651.22, 4172604.09, 826.03);
insert into STATION values (2022, '.', 808, 270635.59, 4172618.07, 821.20);
insert into STATION values (2023, '.', 808, 270626.64, 4172626.89, 819.60);
insert into STATION values (2024, '.', 808, 270633.52, 4172644.15, 821.11);
insert into STATION values (2025, '.', 808, 270638.36, 4172656.38, 817.48);
insert into STATION values (2026, '.', 808, 270630.21, 4172664.43, 819.99);
insert into STATION values (2027, '.', 808, 270620.88, 4172638.53, 820.63);
insert into STATION values (2028, '.', 808, 270619.40, 4172636.19, 820.63);
insert into STATION values (2029, '.', 808, 270624.98, 4172634.22, 818.74);
insert into STATION values (2030, '.', 808, 270623.87, 4172641.23, 818.83);
insert into STATION values (2031, '.', 808, 270625.67, 4172638.09, 823.50);
insert into STATION values (2032, '.', 808, 270613.02, 4172624.71, 820.93);
insert into STATION values (2033, '.', 808, 270603.42, 4172623.66, 819.54);
insert into STATION values (2034, '.', 808, 270601.92, 4172633.07, 819.54);
insert into STATION values (2035, '.', 808, 270613.85, 4172635.26, 819.73);
insert into STATION values (2036, '.', 808, 270614.68, 4172631.42, 822.61);
insert into STATION values (2037, '.', 808, 270607.44, 4172629.97, 820.75);
insert into STATION values (2038, '.', 808, 270599.91, 4172628.45, 816.90);
insert into STATION values (2039, '.', 808, 270619.04, 4172632.36, 818.44);
insert into STATION values (2040, '.', 808, 270619.96, 4172636.20, 819.33);
insert into STATION values (2041, '.', 808, 270620.66, 4172635.68, 821.91);
insert into STATION values (2042, '18', 808, 270652.33, 4172603.69, 825.35);
insert into STATION values (2043, '19', 808, 270616.90, 4172655.92, 817.97);
insert into STATION values (2044, '.', 808, 270614.97, 4172654.55, 818.37);
insert into STATION values (2045, '.', 808, 270618.49, 4172654.31, 822.75);
insert into STATION values (2046, '.', 808, 270631.01, 4172657.07, 823.92);
insert into STATION values (2047, '.', 808, 270635.39, 4172657.30, 818.49);
insert into STATION values (2048, '.', 808, 270619.03, 4172655.79, 817.60);
insert into STATION values (2049, '.', 808, 270623.48, 4172651.29, 816.87);
insert into STATION values (2050, '.', 808, 270625.86, 4172642.81, 817.72);
insert into STATION values (2051, '.', 808, 270634.82, 4172642.10, 820.03);
insert into STATION values (2052, '.', 808, 270620.06, 4172643.48, 818.60);
insert into STATION values (2053, '.', 808, 270602.50, 4172658.19, 814.33);
insert into STATION values (2054, '.', 808, 270602.69, 4172666.49, 813.78);
insert into STATION values (2055, '.', 808, 270603.41, 4172673.15, 813.48);
insert into STATION values (2056, '.', 808, 270613.55, 4172669.01, 816.88);
insert into STATION values (2057, '.', 808, 270610.92, 4172663.62, 821.36);
insert into STATION values (2058, '.', 808, 270600.83, 4172668.96, 816.56);
insert into STATION values (2059, '.', 808, 270599.24, 4172668.64, 815.72);
insert into STATION values (2060, '20', 808, 270637.79, 4172664.47, 821.18);
insert into STATION values (2061, '21', 808, 270590.45, 4172674.54, 813.25);
insert into STATION values (2062, '.', 808, 270586.81, 4172672.79, 812.27);
insert into STATION values (2063, '.', 808, 270589.65, 4172673.67, 811.98);
insert into STATION values (2064, '.', 808, 270588.54, 4172672.85, 817.29);
insert into STATION values (2065, '.', 808, 270590.52, 4172675.02, 812.21);
insert into STATION values (2066, '.', 808, 270596.08, 4172680.85, 813.12);
insert into STATION values (2067, '.', 808, 270589.19, 4172686.85, 817.56);
insert into STATION values (2068, '.', 808, 270582.36, 4172681.22, 814.73);
insert into STATION values (2069, '.', 808, 270588.76, 4172678.06, 812.85);
insert into STATION values (2070, '.', 808, 270587.41, 4172696.86, 815.26);
insert into STATION values (2071, '.', 808, 270587.75, 4172671.35, 811.79);
insert into STATION values (2072, '.', 808, 270589.61, 4172666.84, 810.25);
insert into STATION values (2073, '.', 808, 270587.92, 4172664.64, 811.13);
insert into STATION values (2074, '.', 808, 270596.11, 4172665.29, 812.78);
insert into STATION values (2075, '.', 808, 270602.20, 4172662.18, 814.00);
insert into STATION values (2076, '.', 808, 270600.90, 4172672.18, 813.72);
insert into STATION values (2077, '.', 808, 270596.09, 4172671.03, 812.10);
insert into STATION values (2078, '.', 808, 270596.81, 4172670.25, 815.49);
insert into STATION values (2079, '.', 808, 270591.65, 4172658.39, 810.45);
insert into STATION values (2080, '22', 808, 270591.88, 4172656.65, 810.12);
insert into STATION values (2081, '23', 808, 270579.82, 4172695.27, 813.17);
insert into STATION values (2082, '.', 808, 270580.63, 4172696.79, 814.87);
insert into STATION values (2083, '.', 808, 270579.70, 4172694.13, 817.10);
insert into STATION values (2084, '.', 808, 270576.71, 4172690.83, 810.36);
insert into STATION values (2085, '.', 808, 270574.55, 4172684.09, 814.03);
insert into STATION values (2086, '.', 808, 270576.74, 4172687.80, 819.71);
insert into STATION values (2087, '.', 808, 270590.62, 4172667.50, 815.88);
insert into STATION values (2088, '.', 808, 270588.02, 4172684.09, 819.66);
insert into STATION values (2089, '.', 808, 270585.65, 4172686.24, 823.54);
insert into STATION values (2090, '.', 808, 270594.01, 4172683.09, 815.14);
insert into STATION values (2091, '.', 808, 270582.75, 4172690.04, 811.01);
insert into STATION values (2092, '.', 808, 270588.29, 4172683.37, 811.92);
insert into STATION values (2093, '.', 808, 270562.05, 4172689.13, 813.30);
insert into STATION values (2094, '.', 808, 270576.47, 4172691.86, 810.20);
insert into STATION values (2095, '.', 808, 270571.95, 4172691.71, 807.67);
insert into STATION values (2096, '.', 808, 270563.84, 4172693.63, 809.28);
insert into STATION values (2097, '.', 808, 270536.36, 4172706.38, 811.29);
insert into STATION values (2098, '.', 808, 270539.99, 4172707.10, 815.28);
insert into STATION values (2099, '.', 808, 270547.74, 4172712.29, 812.28);
insert into STATION values (2100, '.', 808, 270553.47, 4172690.45, 814.06);
insert into STATION values (2101, 'B58', 808, 270562.34, 4172694.67, 811.15);
insert into STATION values (2102, '.', 808, 270558.39, 4172690.31, 811.86);
insert into STATION values (2103, '.', 808, 270547.35, 4172693.45, 812.81);
insert into STATION values (2104, '.', 808, 270547.00, 4172703.54, 815.07);
insert into STATION values (2105, '.', 808, 270546.82, 4172712.30, 812.21);
insert into STATION values (2106, '.', 808, 270562.47, 4172700.33, 810.10);
insert into STATION values (2107, '.', 808, 270560.66, 4172711.08, 809.85);
insert into STATION values (2108, '.', 808, 270563.86, 4172706.66, 811.36);
insert into STATION values (2109, '.', 808, 270567.64, 4172703.80, 810.74);
insert into STATION values (2110, '.', 808, 270563.96, 4172701.05, 809.41);
insert into STATION values (2111, '.', 808, 270567.08, 4172718.29, 809.33);
insert into STATION values (2112, '.', 808, 270574.27, 4172717.93, 807.89);
insert into STATION values (2113, '.', 808, 270562.26, 4172724.47, 808.22);
insert into STATION values (2114, '.', 808, 270560.30, 4172694.18, 808.64);
insert into STATION values (2115, '.', 808, 270556.79, 4172694.46, 806.60);
insert into STATION values (2116, '.', 808, 270546.26, 4172696.01, 802.02);
insert into STATION values (2117, '.', 808, 270543.11, 4172696.07, 804.13);
insert into STATION values (2118, '.', 808, 270540.07, 4172695.58, 804.96);
insert into STATION values (2119, '.', 808, 270540.86, 4172694.28, 805.91);
insert into STATION values (2120, '.', 808, 270550.02, 4172692.95, 807.18);
insert into STATION values (2121, '.', 808, 270545.44, 4172697.36, 806.53);
insert into STATION values (2122, '.', 808, 270554.50, 4172696.78, 809.03);
insert into STATION values (2123, '25', 808, 270538.41, 4172695.44, 806.06);
insert into STATION values (2124, '.', 808, 270538.49, 4172696.75, 805.90);
insert into STATION values (2125, '.', 808, 270538.20, 4172696.03, 804.96);
insert into STATION values (2126, '.', 808, 270538.60, 4172696.83, 806.11);
insert into STATION values (2127, '.', 808, 270534.97, 4172697.91, 804.80);
insert into STATION values (2128, '.', 808, 270531.99, 4172697.01, 806.11);
insert into STATION values (2129, '.', 808, 270529.30, 4172698.75, 807.54);
insert into STATION values (2130, '.', 808, 270524.55, 4172702.33, 803.58);
insert into STATION values (2131, '.', 808, 270530.82, 4172698.00, 804.46);
insert into STATION values (2132, '.', 808, 270528.67, 4172700.52, 801.75);
insert into STATION values (2133, '.', 808, 270528.02, 4172699.82, 802.26);
insert into STATION values (2134, '.', 808, 270536.55, 4172696.55, 804.86);
insert into STATION values (2135, '.', 808, 270541.72, 4172695.90, 804.33);
insert into STATION values (2136, '.', 808, 270546.91, 4172696.48, 802.31);
insert into STATION values (2137, '.', 808, 270544.11, 4172694.37, 805.62);
insert into STATION values (2138, '.', 808, 270540.78, 4172696.17, 806.19);
insert into STATION values (2139, '26', 808, 270534.25, 4172697.97, 803.67);
insert into STATION values (2140, '.', 808, 270533.25, 4172697.01, 803.89);
insert into STATION values (2141, '.', 808, 270531.09, 4172698.21, 803.62);
insert into STATION values (2142, '.', 808, 270528.54, 4172699.48, 803.35);
insert into STATION values (2143, '.', 808, 270524.03, 4172702.44, 802.85);
insert into STATION values (2144, '.', 808, 270533.11, 4172698.68, 803.52);
insert into STATION values (2145, '.', 808, 270532.08, 4172699.27, 799.92);
insert into STATION values (2146, '.', 808, 270528.68, 4172699.41, 809.32);
insert into STATION values (2147, '.', 808, 270532.35, 4172696.83, 812.16);
insert into STATION values (2148, '.', 808, 270526.08, 4172701.37, 806.01);
insert into STATION values (2149, '.', 808, 270523.41, 4172701.58, 803.99);
insert into STATION values (2150, '.', 808, 270519.93, 4172703.71, 800.67);
insert into STATION values (2151, '.', 808, 270519.37, 4172704.48, 797.54);
insert into STATION values (2152, '27', 808, 270524.79, 4172701.89, 798.66);
insert into STATION values (2153, '.', 808, 270525.05, 4172702.47, 798.57);
insert into STATION values (2154, '.', 808, 270524.76, 4172702.30, 797.26);
insert into STATION values (2155, '.', 808, 270522.12, 4172700.86, 805.97);
insert into STATION values (2156, '.', 808, 270526.55, 4172700.16, 802.04);
insert into STATION values (2157, '.', 808, 270528.30, 4172699.46, 806.42);
insert into STATION values (2158, '.', 808, 270526.53, 4172701.66, 799.35);
insert into STATION values (2159, '.', 808, 270527.53, 4172701.14, 797.50);
insert into STATION values (2160, '.', 808, 270529.10, 4172700.64, 798.51);
insert into STATION values (2161, '.', 808, 270530.41, 4172699.89, 800.45);
insert into STATION values (2162, '.', 808, 270522.44, 4172702.70, 797.55);
insert into STATION values (2163, '.', 808, 270520.38, 4172703.73, 798.52);
insert into STATION values (2164, '.', 808, 270518.32, 4172702.64, 799.75);
insert into STATION values (2165, '.', 808, 270518.14, 4172702.93, 800.81);
insert into STATION values (2166, '.', 808, 270514.87, 4172704.65, 798.15);
insert into STATION values (2167, '.', 808, 270517.11, 4172704.92, 797.54);
insert into STATION values (2168, '28', 808, 270513.14, 4172705.38, 798.57);
insert into STATION values (2169, '29', 808, 270634.30, 4172650.97, 817.72);
insert into STATION values (2170, '.', 808, 270640.83, 4172650.61, 816.28);
insert into STATION values (2171, '.', 808, 270635.84, 4172650.96, 816.45);
insert into STATION values (2172, '.', 808, 270634.80, 4172653.27, 820.21);
insert into STATION values (2173, '.', 808, 270634.54, 4172661.17, 817.47);
insert into STATION values (2174, '.', 808, 270639.00, 4172646.82, 819.09);
insert into STATION values (2175, '.', 808, 270637.91, 4172654.67, 815.22);
insert into STATION values (2176, '.', 808, 270649.25, 4172661.77, 810.82);
insert into STATION values (2177, '.', 808, 270640.44, 4172660.47, 815.72);
insert into STATION values (2178, '.', 808, 270639.46, 4172661.33, 814.00);
insert into STATION values (2179, 'B57', 808, 270639.41, 4172663.66, 815.07);
insert into STATION values (2180, '.', 808, 270645.26, 4172657.53, 812.10);
insert into STATION values (2181, '.', 808, 270644.58, 4172662.75, 814.06);
insert into STATION values (2182, '.', 808, 270652.96, 4172666.65, 812.04);
insert into STATION values (2183, '.', 808, 270649.57, 4172669.66, 813.22);
insert into STATION values (2184, '.', 808, 270654.82, 4172678.56, 814.43);
insert into STATION values (2185, '.', 808, 270659.39, 4172695.09, 814.87);
insert into STATION values (2186, '.', 808, 270640.36, 4172665.40, 815.32);
insert into STATION values (2187, '.', 808, 270644.76, 4172673.32, 812.98);
insert into STATION values (2188, '.', 808, 270640.90, 4172677.67, 811.21);
insert into STATION values (2189, '.', 808, 270633.71, 4172684.88, 808.47);
insert into STATION values (2190, '.', 808, 270636.99, 4172669.49, 812.82);
insert into STATION values (2191, '.', 808, 270638.79, 4172665.16, 816.74);
insert into STATION values (2192, '.', 808, 270631.71, 4172670.83, 814.40);
insert into STATION values (2193, '.', 808, 270630.81, 4172665.75, 816.60);
insert into STATION values (2194, '.', 808, 270638.17, 4172664.33, 816.64);
insert into STATION values (2195, '.', 808, 270639.51, 4172663.64, 814.18);
insert into STATION values (2196, '.', 808, 270643.29, 4172660.73, 811.96);
insert into STATION values (2197, '31', 808, 270653.35, 4172661.79, 810.79);
insert into STATION values (2198, 'B56', 808, 270650.25, 4172681.73, 815.56);
insert into STATION values (2199, '.', 808, 270649.77, 4172681.20, 811.77);
insert into STATION values (2200, '.', 808, 270658.48, 4172673.91, 816.46);
insert into STATION values (2201, '.', 808, 270651.42, 4172668.69, 815.56);
insert into STATION values (2202, '.', 808, 270650.40, 4172673.96, 813.98);
insert into STATION values (2203, '.', 808, 270660.43, 4172682.25, 814.85);
insert into STATION values (2204, '.', 808, 270660.64, 4172681.07, 811.77);
insert into STATION values (2205, '.', 808, 270653.33, 4172683.68, 814.33);
insert into STATION values (2206, '.', 808, 270660.97, 4172690.56, 814.71);
insert into STATION values (2207, '.', 808, 270660.20, 4172696.08, 814.16);
insert into STATION values (2208, '.', 808, 270652.52, 4172685.48, 814.36);
insert into STATION values (2209, '.', 808, 270651.39, 4172683.59, 816.00);
insert into STATION values (2210, '.', 808, 270632.55, 4172677.43, 809.82);
insert into STATION values (2211, '.', 808, 270634.53, 4172674.45, 813.28);
insert into STATION values (2212, '.', 808, 270637.26, 4172669.03, 813.01);
insert into STATION values (2213, '.', 808, 270633.97, 4172670.10, 813.81);
insert into STATION values (2214, '.', 808, 270640.15, 4172669.59, 812.29);
insert into STATION values (2215, '.', 808, 270642.15, 4172676.23, 810.79);
insert into STATION values (2216, '.', 808, 270642.24, 4172684.53, 810.18);
insert into STATION values (2217, '.', 808, 270620.22, 4172689.30, 807.84);
insert into STATION values (2218, '.', 808, 270634.11, 4172693.22, 808.51);
insert into STATION values (2219, '.', 808, 270634.62, 4172698.23, 809.31);
insert into STATION values (2220, '.', 808, 270644.11, 4172692.96, 811.38);
insert into STATION values (2221, '.', 808, 270635.38, 4172689.45, 813.21);
insert into STATION values (2222, '.', 808, 270643.86, 4172684.15, 815.33);
insert into STATION values (2223, '.', 808, 270616.57, 4172697.25, 806.73);
insert into STATION values (2224, '33', 808, 270659.20, 4172695.42, 813.38);
insert into STATION values (2225, '.', 808, 270656.66, 4172709.15, 807.83);
insert into STATION values (2226, '.', 808, 270648.20, 4172706.47, 808.71);
insert into STATION values (2227, '.', 808, 270646.58, 4172700.87, 810.86);
insert into STATION values (2228, '.', 808, 270665.33, 4172695.22, 814.38);
insert into STATION values (2229, '.', 808, 270662.01, 4172694.72, 815.53);
insert into STATION values (2230, '.', 808, 270667.74, 4172690.02, 811.75);
insert into STATION values (2231, '.', 808, 270664.06, 4172695.09, 811.22);
insert into STATION values (2232, '.', 808, 270665.16, 4172699.86, 810.32);
insert into STATION values (2233, '.', 808, 270659.63, 4172694.66, 812.30);
insert into STATION values (2234, '.', 808, 270678.41, 4172693.79, 808.72);
insert into STATION values (2235, '.', 808, 270687.35, 4172692.94, 809.71);
insert into STATION values (2236, '.', 808, 270681.42, 4172692.76, 812.60);
insert into STATION values (2237, '.', 808, 270680.27, 4172699.65, 808.78);
insert into STATION values (2238, '.', 808, 270678.60, 4172689.03, 809.30);
insert into STATION values (2239, 'B55', 808, 270697.30, 4172691.76, 809.46);
insert into STATION values (2240, '.', 808, 270697.16, 4172691.31, 809.04);
insert into STATION values (2241, '.', 808, 270695.75, 4172678.73, 810.81);
insert into STATION values (2242, '.', 808, 270694.24, 4172687.50, 810.43);
insert into STATION values (2243, '.', 808, 270687.04, 4172688.16, 811.39);
insert into STATION values (2244, '.', 808, 270693.97, 4172692.87, 809.37);
insert into STATION values (2245, '.', 808, 270698.97, 4172676.75, 809.56);
insert into STATION values (2246, '.', 808, 270705.79, 4172674.24, 811.02);
insert into STATION values (2247, '.', 808, 270710.91, 4172677.93, 810.51);
insert into STATION values (2248, '.', 808, 270713.62, 4172682.54, 810.31);
insert into STATION values (2249, '.', 808, 270722.07, 4172686.20, 811.05);
insert into STATION values (2250, '.', 808, 270718.77, 4172690.21, 810.59);
insert into STATION values (2251, '.', 808, 270717.41, 4172692.45, 810.34);
insert into STATION values (2252, '.', 808, 270715.18, 4172696.78, 809.13);
insert into STATION values (2253, '.', 808, 270708.07, 4172697.89, 809.05);
insert into STATION values (2254, '.', 808, 270702.79, 4172701.10, 808.89);
insert into STATION values (2255, '.', 808, 270691.87, 4172697.75, 810.67);
insert into STATION values (2256, '.', 808, 270694.88, 4172693.34, 809.25);
insert into STATION values (2257, '.', 808, 270681.79, 4172697.27, 810.95);
insert into STATION values (2258, '.', 808, 270690.34, 4172693.54, 814.23);
insert into STATION values (2259, '.', 808, 270697.04, 4172691.99, 812.01);
insert into STATION values (2260, '.', 808, 270701.56, 4172685.65, 812.73);
insert into STATION values (2261, '.', 808, 270704.79, 4172678.49, 813.03);
insert into STATION values (2262, '.', 808, 270707.73, 4172667.01, 813.86);
insert into STATION values (2263, '.', 808, 270717.52, 4172668.38, 814.58);
insert into STATION values (2264, '.', 808, 270708.72, 4172690.77, 812.27);
insert into STATION values (2265, '.', 808, 270703.82, 4172692.94, 815.41);
insert into STATION values (2266, '.', 808, 270699.55, 4172694.10, 815.37);
insert into STATION values (2267, '.', 808, 270706.15, 4172695.57, 811.28);
insert into STATION values (2268, '.', 808, 270719.59, 4172688.17, 813.40);
insert into STATION values (2269, '35', 808, 270715.85, 4172663.89, 816.33);
insert into STATION values (2270, '36', 808, 270719.99, 4172690.41, 811.67);
insert into STATION values (2271, '.', 808, 270715.25, 4172719.17, 809.33);
insert into STATION values (2272, '.', 808, 270722.98, 4172708.59, 812.09);
insert into STATION values (2273, '.', 808, 270728.59, 4172704.92, 812.35);
insert into STATION values (2274, '.', 808, 270733.02, 4172699.42, 812.00);
insert into STATION values (2275, '.', 808, 270718.79, 4172692.76, 811.28);
insert into STATION values (2276, '.', 808, 270719.93, 4172691.03, 810.93);
insert into STATION values (2277, '.', 808, 270719.03, 4172683.70, 810.29);
insert into STATION values (2278, '.', 808, 270722.18, 4172686.29, 811.65);
insert into STATION values (2279, '.', 808, 270730.88, 4172685.66, 813.57);
insert into STATION values (2280, '.', 808, 270724.49, 4172689.04, 813.07);
insert into STATION values (2281, '.', 808, 270721.90, 4172691.30, 811.25);
insert into STATION values (2282, '.', 808, 270732.19, 4172697.90, 812.80);
insert into STATION values (2283, '.', 808, 270722.41, 4172692.15, 815.01);
insert into STATION values (2284, '.', 808, 270721.97, 4172694.52, 811.26);
insert into STATION values (2285, '.', 808, 270719.67, 4172695.15, 810.60);
insert into STATION values (2286, '.', 808, 270716.75, 4172700.47, 809.31);
insert into STATION values (2287, 'B54', 808, 270731.14, 4172693.74, 812.52);
insert into STATION values (2288, '.', 808, 270732.86, 4172698.11, 811.70);
insert into STATION values (2289, '.', 808, 270729.72, 4172694.38, 811.65);
insert into STATION values (2290, '.', 808, 270715.08, 4172694.82, 810.94);
insert into STATION values (2291, '.', 808, 270709.14, 4172704.25, 809.66);
insert into STATION values (2292, '.', 808, 270700.91, 4172714.16, 808.94);
insert into STATION values (2293, '.', 808, 270687.70, 4172737.09, 808.77);
insert into STATION values (2294, '.', 808, 270703.45, 4172723.79, 812.09);
insert into STATION values (2295, '.', 808, 270714.61, 4172718.38, 810.34);
insert into STATION values (2296, '.', 808, 270725.12, 4172687.25, 812.21);
insert into STATION values (2297, '.', 808, 270730.29, 4172689.91, 813.50);
insert into STATION values (2298, '.', 808, 270729.41, 4172691.59, 816.46);
insert into STATION values (2299, '38', 808, 270699.87, 4172730.41, 808.56);
insert into STATION values (2300, '39', 808, 270727.42, 4172684.03, 813.80);
insert into STATION values (2301, 'B53', 808, 270747.35, 4172686.28, 811.31);
insert into STATION values (2302, '.', 808, 270747.12, 4172686.12, 810.68);
insert into STATION values (2303, '.', 808, 270749.30, 4172684.38, 810.75);
insert into STATION values (2304, '.', 808, 270755.22, 4172682.43, 810.71);
insert into STATION values (2305, '.', 808, 270750.41, 4172687.37, 810.19);
insert into STATION values (2306, '.', 808, 270753.28, 4172691.87, 810.07);
insert into STATION values (2307, '.', 808, 270757.65, 4172686.88, 809.97);
insert into STATION values (2308, '.', 808, 270764.08, 4172688.98, 813.21);
insert into STATION values (2309, '.', 808, 270769.17, 4172687.44, 816.27);
insert into STATION values (2310, '.', 808, 270770.21, 4172684.06, 811.99);
insert into STATION values (2311, '.', 808, 270782.41, 4172684.78, 810.57);
insert into STATION values (2312, '.', 808, 270758.50, 4172683.74, 812.08);
insert into STATION values (2313, '.', 808, 270749.27, 4172694.23, 810.98);
insert into STATION values (2314, '.', 808, 270746.13, 4172689.15, 810.31);
insert into STATION values (2315, '.', 808, 270739.93, 4172699.06, 811.56);
insert into STATION values (2316, '.', 808, 270741.72, 4172682.31, 812.57);
insert into STATION values (2317, '.', 808, 270744.67, 4172673.69, 813.25);
insert into STATION values (2318, '.', 808, 270751.78, 4172661.55, 815.10);
insert into STATION values (2319, '.', 808, 270750.78, 4172674.12, 814.76);
insert into STATION values (2320, '.', 808, 270750.40, 4172680.58, 814.89);
insert into STATION values (2321, '.', 808, 270760.20, 4172662.08, 813.75);
insert into STATION values (2322, '.', 808, 270748.88, 4172681.63, 810.96);
insert into STATION values (2323, '41', 808, 270760.02, 4172655.16, 814.54);
insert into STATION values (2324, '42', 808, 270793.20, 4172686.88, 812.27);
insert into STATION values (2325, '.', 808, 270795.24, 4172681.25, 812.43);
insert into STATION values (2326, '.', 808, 270799.24, 4172682.50, 814.06);
insert into STATION values (2327, '.', 808, 270801.66, 4172685.11, 814.84);
insert into STATION values (2328, '.', 808, 270793.91, 4172687.74, 812.49);
insert into STATION values (2329, '.', 808, 270795.02, 4172688.15, 811.30);
insert into STATION values (2330, '.', 808, 270793.39, 4172687.46, 811.12);
insert into STATION values (2331, '.', 808, 270790.37, 4172682.19, 812.77);
insert into STATION values (2332, '.', 808, 270786.73, 4172683.05, 810.46);
insert into STATION values (2333, '.', 808, 270787.65, 4172687.79, 811.70);
insert into STATION values (2334, '.', 808, 270780.04, 4172685.05, 813.61);
insert into STATION values (2335, '.', 808, 270779.05, 4172684.35, 812.04);
insert into STATION values (2336, '.', 808, 270771.46, 4172685.15, 809.47);
insert into STATION values (2337, '.', 808, 270797.29, 4172681.24, 812.78);
insert into STATION values (2338, '.', 808, 270799.13, 4172682.96, 814.00);
insert into STATION values (2339, '.', 808, 270801.46, 4172685.09, 814.96);
insert into STATION values (2340, '.', 808, 270794.04, 4172684.16, 814.14);
insert into STATION values (2341, '.', 808, 270795.29, 4172684.27, 811.82);
insert into STATION values (2342, '.', 808, 270799.61, 4172683.89, 813.67);
insert into STATION values (2343, '.', 808, 270794.51, 4172686.81, 812.12);
insert into STATION values (2344, '.', 808, 270799.93, 4172687.79, 808.19);
insert into STATION values (2345, '.', 808, 270800.42, 4172688.27, 810.80);
insert into STATION values (2346, '.', 808, 270798.22, 4172687.21, 811.38);
insert into STATION values (2347, '.', 808, 270798.06, 4172687.59, 812.13);
insert into STATION values (2348, '43', 808, 270811.39, 4172688.88, 811.95);
insert into STATION values (2349, '43b', 808, 270812.38, 4172688.98, 811.95);
insert into STATION values (2350, '44', 808, 270734.39, 4172684.61, 815.20);
insert into STATION values (2351, '.', 808, 270734.32, 4172685.95, 815.02);
insert into STATION values (2352, '.', 808, 270733.91, 4172685.15, 814.12);
insert into STATION values (2353, '.', 808, 270731.82, 4172686.83, 825.71);
insert into STATION values (2354, '.', 808, 270728.85, 4172686.63, 817.73);
insert into STATION values (2355, '.', 808, 270726.07, 4172686.37, 821.87);
insert into STATION values (2356, '.', 808, 270728.44, 4172685.04, 812.91);
insert into STATION values (2357, '45', 808, 270728.49, 4172686.47, 813.37);
insert into STATION values (2358, '46', 808, 270754.67, 4172668.68, 813.35);
insert into STATION values (2359, '.', 808, 270760.88, 4172671.97, 813.69);
insert into STATION values (2360, '.', 808, 270757.59, 4172672.44, 813.43);
insert into STATION values (2361, '.', 808, 270760.97, 4172669.43, 813.06);
insert into STATION values (2362, '.', 808, 270760.88, 4172665.38, 813.19);
insert into STATION values (2363, '.', 808, 270761.10, 4172661.55, 813.32);
insert into STATION values (2364, '.', 808, 270760.47, 4172658.20, 813.54);
insert into STATION values (2365, '.', 808, 270758.90, 4172654.53, 814.05);
insert into STATION values (2366, '.', 808, 270753.85, 4172661.12, 814.47);
insert into STATION values (2367, '.', 808, 270756.31, 4172665.69, 812.94);
insert into STATION values (2368, '.', 808, 270759.40, 4172655.07, 814.74);
insert into STATION values (2369, '.', 808, 270756.87, 4172664.25, 814.57);
insert into STATION values (2370, '.', 808, 270755.13, 4172667.85, 814.35);
insert into STATION values (2371, '.', 808, 270753.93, 4172668.41, 815.94);
insert into STATION values (2372, '.', 808, 270749.79, 4172664.10, 815.08);
insert into STATION values (2373, '.', 808, 270747.60, 4172666.87, 815.10);
insert into STATION values (2374, '.', 808, 270746.52, 4172670.36, 814.31);
insert into STATION values (2375, '.', 808, 270756.80, 4172677.62, 812.67);
insert into STATION values (2376, '.', 808, 270753.73, 4172672.47, 812.40);
insert into STATION values (2377, '47', 808, 270750.96, 4172662.16, 815.50);
insert into STATION values (2378, '.', 808, 270747.24, 4172655.57, 817.70);
insert into STATION values (2379, '.', 808, 270750.71, 4172663.02, 815.70);
insert into STATION values (2380, '.', 808, 270751.44, 4172661.60, 815.66);
insert into STATION values (2381, '.', 808, 270749.89, 4172662.29, 816.57);
insert into STATION values (2382, '.', 808, 270748.82, 4172663.02, 819.56);
insert into STATION values (2383, '.', 808, 270748.58, 4172663.98, 822.10);
insert into STATION values (2384, '.', 808, 270750.96, 4172664.63, 822.70);
insert into STATION values (2385, '.', 808, 270751.93, 4172663.04, 817.92);
insert into STATION values (2386, '.', 808, 270750.52, 4172662.68, 818.70);
insert into STATION values (2387, '.', 808, 270751.12, 4172661.98, 816.46);
insert into STATION values (2388, '48', 808, 270750.03, 4172666.46, 829.89);
insert into STATION values (2389, '.', 808, 270749.15, 4172670.55, 843.67);
insert into STATION values (2390, '49', 808, 270758.75, 4172658.34, 813.56);
insert into STATION values (2391, '.', 808, 270761.41, 4172657.64, 813.45);
insert into STATION values (2392, '.', 808, 270758.97, 4172658.22, 813.08);
insert into STATION values (2393, '.', 808, 270758.60, 4172656.88, 815.02);
insert into STATION values (2394, '.', 808, 270757.06, 4172656.26, 814.09);
insert into STATION values (2395, '.', 808, 270755.74, 4172655.22, 813.92);
insert into STATION values (2396, '.', 808, 270753.96, 4172656.28, 813.25);
insert into STATION values (2397, '.', 808, 270753.42, 4172658.94, 813.81);
insert into STATION values (2398, '.', 808, 270757.50, 4172657.09, 812.99);
insert into STATION values (2399, '.', 808, 270755.26, 4172654.32, 812.89);
insert into STATION values (2400, '.', 808, 270755.73, 4172650.62, 813.45);
insert into STATION values (2401, '.', 808, 270751.60, 4172647.55, 813.40);
insert into STATION values (2402, '.', 808, 270752.74, 4172652.12, 812.97);
insert into STATION values (2403, '.', 808, 270762.34, 4172662.17, 814.10);
insert into STATION values (2404, '.', 808, 270760.31, 4172664.21, 813.48);
insert into STATION values (2405, '.', 808, 270758.11, 4172659.55, 815.09);
insert into STATION values (2406, '.', 808, 270756.40, 4172663.58, 814.86);
insert into STATION values (2407, '.', 808, 270753.30, 4172660.28, 813.99);
insert into STATION values (2408, '.', 808, 270757.70, 4172660.97, 813.04);
insert into STATION values (2409, 'B52', 808, 270740.04, 4172638.68, 812.64);
insert into STATION values (2410, '.', 808, 270724.18, 4172630.58, 810.52);
insert into STATION values (2411, '.', 808, 270739.76, 4172638.09, 816.28);
insert into STATION values (2412, '.', 808, 270735.46, 4172635.89, 815.80);
insert into STATION values (2413, '.', 808, 270751.64, 4172641.61, 815.64);
insert into STATION values (2414, '.', 808, 270763.70, 4172636.01, 814.39);
insert into STATION values (2415, '.', 808, 270777.96, 4172620.72, 811.91);
insert into STATION values (2416, '.', 808, 270776.83, 4172615.21, 812.41);
insert into STATION values (2417, '.', 808, 270771.37, 4172612.08, 812.64);
insert into STATION values (2418, '.', 808, 270762.59, 4172604.94, 812.78);
insert into STATION values (2419, '.', 808, 270755.83, 4172594.73, 811.42);
insert into STATION values (2420, '.', 808, 270742.66, 4172610.23, 812.79);
insert into STATION values (2421, '.', 808, 270728.66, 4172616.48, 813.77);
insert into STATION values (2422, '.', 808, 270726.92, 4172626.34, 812.99);
insert into STATION values (2423, '.', 808, 270739.06, 4172633.93, 811.57);
insert into STATION values (2424, '.', 808, 270742.50, 4172628.85, 811.56);
insert into STATION values (2425, '.', 808, 270739.09, 4172619.46, 810.92);
insert into STATION values (2426, '.', 808, 270749.20, 4172627.03, 811.55);
insert into STATION values (2427, '.', 808, 270749.66, 4172619.69, 814.02);
insert into STATION values (2428, '.', 808, 270741.64, 4172629.16, 815.48);
insert into STATION values (2429, '.', 808, 270731.87, 4172645.80, 815.50);
insert into STATION values (2430, '.', 808, 270717.90, 4172654.16, 816.53);
insert into STATION values (2431, '.', 808, 270709.72, 4172657.15, 815.81);
insert into STATION values (2432, '.', 808, 270724.87, 4172656.66, 816.07);
insert into STATION values (2433, '.', 808, 270722.29, 4172654.19, 813.88);
insert into STATION values (2434, '.', 808, 270729.18, 4172646.22, 811.46);
insert into STATION values (2435, '.', 808, 270718.33, 4172639.54, 811.31);
insert into STATION values (2436, '.', 808, 270739.34, 4172647.67, 813.94);
insert into STATION values (2437, '.', 808, 270745.09, 4172654.00, 813.74);
insert into STATION values (2438, '.', 808, 270751.02, 4172655.95, 813.86);
insert into STATION values (2439, '.', 808, 270745.89, 4172646.26, 812.44);
insert into STATION values (2440, '.', 808, 270741.43, 4172640.84, 812.18);
insert into STATION values (2441, '.', 808, 270749.76, 4172645.13, 813.60);
insert into STATION values (2442, '.', 808, 270750.54, 4172647.51, 813.53);
insert into STATION values (2443, '.', 808, 270748.89, 4172649.51, 814.70);
insert into STATION values (2444, '.', 808, 270744.28, 4172644.24, 814.68);
insert into STATION values (2445, '.', 808, 270741.85, 4172642.00, 818.39);
insert into STATION values (2446, '51', 808, 270716.95, 4172656.69, 816.13);
insert into STATION values (2447, '52', 808, 270733.02, 4172627.39, 810.56);
insert into STATION values (2448, '.', 808, 270726.77, 4172626.41, 808.05);
insert into STATION values (2449, '.', 808, 270727.48, 4172622.56, 807.91);
insert into STATION values (2450, '.', 808, 270728.27, 4172624.80, 808.10);
insert into STATION values (2451, '.', 808, 270728.24, 4172625.38, 808.15);
insert into STATION values (2452, '.', 808, 270727.52, 4172626.93, 808.78);
insert into STATION values (2453, '.', 808, 270723.05, 4172632.39, 811.01);
insert into STATION values (2454, '.', 808, 270730.91, 4172629.41, 814.87);
insert into STATION values (2455, '.', 808, 270733.38, 4172620.66, 815.24);
insert into STATION values (2456, '.', 808, 270727.12, 4172613.10, 815.02);
insert into STATION values (2457, '.', 808, 270731.91, 4172626.88, 809.65);
insert into STATION values (2458, '.', 808, 270730.93, 4172626.38, 809.23);
insert into STATION values (2459, '53', 808, 270723.95, 4172623.40, 806.37);
insert into STATION values (2460, '.', 808, 270721.38, 4172622.70, 805.31);
insert into STATION values (2461, '.', 808, 270717.92, 4172625.35, 804.46);
insert into STATION values (2462, '.', 808, 270718.56, 4172628.18, 805.10);
insert into STATION values (2463, '.', 808, 270722.53, 4172626.49, 806.25);
insert into STATION values (2464, '.', 808, 270722.14, 4172624.38, 806.45);
insert into STATION values (2465, '.', 808, 270717.98, 4172626.19, 804.96);
insert into STATION values (2466, '.', 808, 270719.94, 4172626.18, 804.70);
insert into STATION values (2467, '.', 808, 270722.14, 4172624.68, 805.30);
insert into STATION values (2468, '.', 808, 270723.17, 4172622.28, 805.78);
insert into STATION values (2469, '.', 808, 270723.76, 4172623.49, 806.68);
insert into STATION values (2470, '.', 808, 270723.88, 4172623.35, 806.09);
insert into STATION values (2471, '.', 808, 270717.34, 4172626.40, 803.87);
insert into STATION values (2472, '.', 808, 270717.02, 4172626.43, 803.57);
insert into STATION values (2473, '.', 808, 270717.37, 4172626.26, 803.70);
insert into STATION values (2474, '54', 808, 270717.12, 4172626.37, 803.61);
insert into STATION values (2475, 'B51', 808, 270753.34, 4172621.63, 812.59);
insert into STATION values (2476, '.', 808, 270767.32, 4172634.28, 812.13);
insert into STATION values (2477, '.', 808, 270758.31, 4172634.48, 812.45);
insert into STATION values (2478, '.', 808, 270773.43, 4172630.22, 812.02);
insert into STATION values (2479, '.', 808, 270759.66, 4172623.64, 813.25);
insert into STATION values (2480, '.', 808, 270755.54, 4172621.66, 813.83);
insert into STATION values (2481, '.', 808, 270775.16, 4172623.37, 812.40);
insert into STATION values (2482, '.', 808, 270779.06, 4172617.95, 811.86);
insert into STATION values (2483, '.', 808, 270773.70, 4172612.59, 811.97);
insert into STATION values (2484, '.', 808, 270755.21, 4172620.14, 812.43);
insert into STATION values (2485, '.', 808, 270761.26, 4172602.67, 812.41);
insert into STATION values (2486, '.', 808, 270756.35, 4172600.10, 811.53);
insert into STATION values (2487, '.', 808, 270752.99, 4172602.06, 812.35);
insert into STATION values (2488, '.', 808, 270747.71, 4172603.14, 811.27);
insert into STATION values (2489, '.', 808, 270752.97, 4172616.00, 811.60);
insert into STATION values (2490, '.', 808, 270752.50, 4172606.27, 810.70);
insert into STATION values (2491, '.', 808, 270755.35, 4172617.00, 811.94);
insert into STATION values (2492, '.', 808, 270753.31, 4172616.22, 813.93);
insert into STATION values (2493, '.', 808, 270754.09, 4172620.59, 814.04);
insert into STATION values (2494, '.', 808, 270752.60, 4172642.32, 813.68);
insert into STATION values (2495, '.', 808, 270738.06, 4172611.14, 812.85);
insert into STATION values (2496, '.', 808, 270731.19, 4172618.38, 814.31);
insert into STATION values (2497, '.', 808, 270750.34, 4172621.73, 811.95);
insert into STATION values (2498, '.', 808, 270748.04, 4172621.97, 814.30);
insert into STATION values (2499, '56', 808, 270754.86, 4172594.98, 811.31);
insert into STATION values (2500, '.', 808, 270755.93, 4172594.71, 814.51);
insert into STATION values (2501, '.', 808, 270758.30, 4172595.94, 811.45);
insert into STATION values (2502, '.', 808, 270754.86, 4172594.49, 811.04);
insert into STATION values (2503, '.', 808, 270748.21, 4172590.40, 812.11);
insert into STATION values (2504, '.', 808, 270752.25, 4172592.83, 814.20);
insert into STATION values (2505, '.', 808, 270754.62, 4172581.85, 813.51);
insert into STATION values (2506, '.', 808, 270760.57, 4172576.13, 814.01);
insert into STATION values (2507, '.', 808, 270773.65, 4172576.10, 812.98);
insert into STATION values (2508, '.', 808, 270762.66, 4172589.47, 812.04);
insert into STATION values (2509, '.', 808, 270759.93, 4172587.68, 811.51);
insert into STATION values (2510, '.', 808, 270759.96, 4172583.98, 812.37);
insert into STATION values (2511, '.', 808, 270758.77, 4172589.77, 815.67);
insert into STATION values (2512, '.', 808, 270763.60, 4172581.29, 815.36);
insert into STATION values (2513, '.', 808, 270755.84, 4172593.79, 814.62);
insert into STATION values (2514, '.', 808, 270756.86, 4172599.71, 811.16);
insert into STATION values (2515, '.', 808, 270754.54, 4172600.34, 812.31);
insert into STATION values (2516, '.', 808, 270752.05, 4172599.44, 812.03);
insert into STATION values (2517, '.', 808, 270754.60, 4172595.20, 811.28);
insert into STATION values (2518, '.', 808, 270753.93, 4172596.02, 810.77);
insert into STATION values (2519, '.', 808, 270753.54, 4172598.55, 810.27);
insert into STATION values (2520, '.', 808, 270752.65, 4172603.43, 810.48);
insert into STATION values (2521, '.', 808, 270753.83, 4172600.32, 812.50);
insert into STATION values (2522, '.', 808, 270754.68, 4172597.48, 813.31);
insert into STATION values (2523, '57', 808, 270768.37, 4172572.76, 815.57);
insert into STATION values (2524, '.', 808, 270768.63, 4172572.67, 813.73);
insert into STATION values (2525, '.', 808, 270774.88, 4172574.89, 812.82);
insert into STATION values (2526, '.', 808, 270767.36, 4172575.49, 813.51);
insert into STATION values (2527, '.', 808, 270764.92, 4172579.88, 813.19);
insert into STATION values (2528, '.', 808, 270766.97, 4172577.01, 815.73);
insert into STATION values (2529, '.', 808, 270771.61, 4172585.10, 813.05);
insert into STATION values (2530, '.', 808, 270767.96, 4172586.92, 813.28);
insert into STATION values (2531, '.', 808, 270761.45, 4172575.03, 814.51);
insert into STATION values (2532, '.', 808, 270762.39, 4172571.91, 815.12);
insert into STATION values (2533, '.', 808, 270761.67, 4172563.22, 816.10);
insert into STATION values (2534, '.', 808, 270762.56, 4172556.59, 815.54);
insert into STATION values (2535, '.', 808, 270768.23, 4172568.49, 814.37);
insert into STATION values (2536, '.', 808, 270767.67, 4172556.43, 818.63);
insert into STATION values (2537, '.', 808, 270771.49, 4172568.86, 814.42);
insert into STATION values (2538, '.', 808, 270777.47, 4172571.25, 814.29);
insert into STATION values (2539, '.', 808, 270789.39, 4172563.43, 814.09);
insert into STATION values (2540, '.', 808, 270793.23, 4172555.45, 816.05);
insert into STATION values (2541, '.', 808, 270763.99, 4172541.40, 815.68);
insert into STATION values (2542, '.', 808, 270758.01, 4172538.12, 815.76);
insert into STATION values (2543, 'B50', 808, 270770.65, 4172542.94, 815.78);
insert into STATION values (2544, '59', 808, 270778.66, 4172618.64, 810.72);
insert into STATION values (2545, '.', 808, 270781.32, 4172622.71, 810.29);
insert into STATION values (2546, '.', 808, 270778.74, 4172618.95, 810.25);
insert into STATION values (2547, '.', 808, 270778.12, 4172614.18, 810.35);
insert into STATION values (2548, '.', 808, 270778.67, 4172618.35, 812.72);
insert into STATION values (2549, '.', 808, 270774.71, 4172629.35, 812.81);
insert into STATION values (2550, '.', 808, 270776.32, 4172620.27, 812.95);
insert into STATION values (2551, '.', 808, 270772.14, 4172621.78, 812.85);
insert into STATION values (2552, '.', 808, 270778.08, 4172618.94, 810.75);
insert into STATION values (2553, '.', 808, 270767.67, 4172613.29, 812.30);
insert into STATION values (2554, '.', 808, 270788.93, 4172619.98, 809.67);
insert into STATION values (2555, '.', 808, 270790.88, 4172614.93, 808.90);
insert into STATION values (2556, '.', 808, 270789.10, 4172609.48, 808.77);
insert into STATION values (2557, '.', 808, 270783.18, 4172611.50, 809.82);
insert into STATION values (2558, '.', 808, 270783.35, 4172615.96, 810.14);
insert into STATION values (2559, '.', 808, 270788.77, 4172617.21, 809.46);
insert into STATION values (2560, '.', 808, 270783.47, 4172617.57, 810.62);
insert into STATION values (2561, '60', 808, 270790.55, 4172611.62, 808.31);
insert into STATION values (2562, '.', 808, 270791.53, 4172611.00, 808.41);
insert into STATION values (2563, '61', 808, 270755.83, 4172594.38, 811.40);
insert into STATION values (2564, '.', 808, 270791.53, 4172611.03, 808.40);
insert into STATION values (2565, '62', 808, 270758.23, 4172592.26, 811.27);
insert into STATION values (2566, '63', 808, 270765.69, 4172595.76, 806.18);
insert into STATION values (2567, '1', 1265, 270555.56, 4172644.89, 811.87);
insert into STATION values (2568, '0', 1265, 270551.03, 4172651.71, 812.78);
insert into STATION values (2569, '2', 1265, 270565.71, 4172635.72, 815.15);
insert into STATION values (2570, '2.1', 1265, 270576.96, 4172636.60, 817.30);
insert into STATION values (2571, '2.2', 1265, 270585.81, 4172632.91, 819.66);
insert into STATION values (2572, '2.1.1', 1265, 270562.41, 4172628.79, 824.46);
insert into STATION values (2573, '2.1.1.1', 1265, 270560.25, 4172621.84, 823.15);
insert into STATION values (2574, '2.1.1.2', 1265, 270565.66, 4172618.43, 823.28);
insert into STATION values (2575, '-', 1265, 270565.20, 4172641.95, 815.60);
insert into STATION values (2576, '-', 1265, 270563.64, 4172638.67, 824.82);
insert into STATION values (2577, '-', 1265, 270561.68, 4172631.65, 828.40);
insert into STATION values (2578, '-', 1265, 270564.09, 4172629.82, 817.13);
insert into STATION values (2579, '-', 1265, 270565.67, 4172635.33, 813.77);
insert into STATION values (2580, '-', 1265, 270548.05, 4172621.06, 831.54);
insert into STATION values (2581, '-', 1265, 270565.44, 4172628.22, 822.99);
insert into STATION values (2582, '-', 1265, 270565.29, 4172624.52, 822.48);
insert into STATION values (2583, '-', 1265, 270565.85, 4172621.72, 822.34);
insert into STATION values (2584, '-', 1265, 270561.93, 4172629.35, 822.16);
insert into STATION values (2585, '-', 1265, 270562.06, 4172627.88, 822.27);
insert into STATION values (2586, '-', 1265, 270561.96, 4172625.64, 822.01);
insert into STATION values (2587, '-', 1265, 270562.05, 4172622.31, 822.18);
insert into STATION values (2588, '-', 1265, 270558.88, 4172629.17, 823.05);
insert into STATION values (2589, '-', 1265, 270558.75, 4172624.26, 823.06);
insert into STATION values (2590, '-', 1265, 270559.09, 4172619.92, 823.12);
insert into STATION values (2591, '-', 1265, 270562.35, 4172624.19, 822.19);
insert into STATION values (2592, '-', 1265, 270562.08, 4172622.16, 822.26);
insert into STATION values (2593, '-', 1265, 270562.74, 4172620.34, 821.75);
insert into STATION values (2594, '-', 1265, 270565.18, 4172618.36, 822.99);
insert into STATION values (2595, '-', 1265, 270559.16, 4172620.82, 823.27);
insert into STATION values (2596, '-', 1265, 270558.92, 4172619.30, 823.23);
insert into STATION values (2597, '-', 1265, 270562.32, 4172623.96, 824.65);
insert into STATION values (2598, '-', 1265, 270561.89, 4172621.04, 824.37);
insert into STATION values (2599, '-', 1265, 270561.48, 4172618.46, 824.30);
insert into STATION values (2600, '-', 1265, 270565.53, 4172617.35, 823.30);
insert into STATION values (2601, '-', 1265, 270569.84, 4172612.93, 823.36);
insert into STATION values (2602, '-', 1265, 270567.10, 4172611.91, 822.99);
insert into STATION values (2603, '-', 1265, 270565.99, 4172610.24, 822.71);
insert into STATION values (2604, '-', 1265, 270565.82, 4172597.41, 822.77);
insert into STATION values (2605, '-', 1265, 270563.87, 4172596.71, 822.63);
insert into STATION values (2606, '-', 1265, 270558.43, 4172612.07, 822.67);
insert into STATION values (2607, '-', 1265, 270557.27, 4172613.15, 822.38);
insert into STATION values (2608, '-', 1265, 270561.29, 4172611.44, 823.85);
insert into STATION values (2609, '-', 1265, 270558.73, 4172619.69, 822.49);
insert into STATION values (2610, '-', 1265, 270552.37, 4172618.69, 822.35);
insert into STATION values (2611, '-', 1265, 270553.58, 4172615.71, 822.25);
insert into STATION values (2612, '-', 1265, 270558.02, 4172613.40, 822.37);
insert into STATION values (2613, '-', 1265, 270562.62, 4172618.91, 821.36);
insert into STATION values (2614, '-', 1265, 270558.69, 4172616.97, 812.41);
insert into STATION values (2615, '-', 1265, 270559.07, 4172614.13, 811.24);
insert into STATION values (2616, '-', 1265, 270559.98, 4172612.59, 815.66);
insert into STATION values (2617, '-', 1265, 270560.83, 4172612.78, 819.16);
insert into STATION values (2618, '-', 1265, 270559.02, 4172608.88, 821.60);
insert into STATION values (2619, '-', 1265, 270562.73, 4172617.44, 824.02);
insert into STATION values (2620, '-', 1265, 270561.81, 4172614.67, 824.85);
insert into STATION values (2621, '-', 1265, 270561.96, 4172610.86, 823.62);
insert into STATION values (2622, '-', 1265, 270561.02, 4172602.06, 822.88);
insert into STATION values (2623, 'B56', 1297, 270650.25, 4172681.73, 815.56);
insert into STATION values (2624, '1', 1297, 270633.41, 4172686.35, 809.53);
insert into STATION values (2625, '.', 1297, 270627.58, 4172680.52, 809.80);
insert into STATION values (2626, '.', 1297, 270631.38, 4172688.37, 813.49);
insert into STATION values (2627, '.', 1297, 270635.01, 4172691.11, 811.43);
insert into STATION values (2628, '.', 1297, 270634.57, 4172697.94, 809.97);
insert into STATION values (2629, '.', 1297, 270639.23, 4172699.83, 810.61);
insert into STATION values (2630, '.', 1297, 270644.46, 4172696.40, 812.51);
insert into STATION values (2631, '.', 1297, 270640.88, 4172688.78, 814.67);
insert into STATION values (2632, '.', 1297, 270625.35, 4172695.13, 813.82);
insert into STATION values (2633, '.', 1297, 270629.18, 4172701.97, 811.14);
insert into STATION values (2634, '.', 1297, 270632.79, 4172702.79, 810.68);
insert into STATION values (2635, '.', 1297, 270632.68, 4172687.32, 808.54);
insert into STATION values (2636, '.', 1297, 270629.40, 4172693.82, 807.66);
insert into STATION values (2637, '.', 1297, 270620.71, 4172705.35, 806.92);
insert into STATION values (2638, '.', 1297, 270628.49, 4172703.91, 807.09);
insert into STATION values (2639, '2', 1297, 270618.04, 4172695.72, 806.68);
insert into STATION values (2640, '.', 1297, 270617.75, 4172697.09, 806.94);
insert into STATION values (2641, '.', 1297, 270616.14, 4172696.79, 807.26);
insert into STATION values (2642, '.', 1297, 270617.75, 4172696.51, 809.38);
insert into STATION values (2643, '.', 1297, 270621.58, 4172695.25, 810.82);
insert into STATION values (2644, '.', 1297, 270625.18, 4172699.54, 813.92);
insert into STATION values (2645, '.', 1297, 270634.13, 4172698.48, 810.27);
insert into STATION values (2646, '.', 1297, 270633.57, 4172705.63, 808.97);
insert into STATION values (2647, '.', 1297, 270621.24, 4172697.24, 806.64);
insert into STATION values (2648, '.', 1297, 270619.30, 4172696.45, 805.95);
insert into STATION values (2649, '.', 1297, 270623.44, 4172693.40, 807.49);
insert into STATION values (2650, '.', 1297, 270629.61, 4172688.16, 812.69);
insert into STATION values (2651, '.', 1297, 270617.74, 4172696.71, 804.82);
insert into STATION values (2652, '.', 1297, 270616.99, 4172697.48, 806.18);
insert into STATION values (2653, '.', 1297, 270616.00, 4172698.94, 804.93);
insert into STATION values (2654, '.', 1297, 270615.88, 4172697.28, 805.30);
insert into STATION values (2655, '.', 1297, 270615.72, 4172696.19, 805.37);
insert into STATION values (2656, '.', 1297, 270617.55, 4172696.60, 804.62);
insert into STATION values (2657, '.', 1297, 270617.68, 4172697.11, 806.00);
insert into STATION values (2658, '.', 1297, 270617.60, 4172697.09, 807.21);
insert into STATION values (2659, '3', 1297, 270615.55, 4172698.99, 804.23);
insert into STATION values (2660, '.', 1297, 270617.57, 4172697.90, 804.57);
insert into STATION values (2661, '.', 1297, 270616.74, 4172697.95, 803.78);
insert into STATION values (2662, '.', 1297, 270615.99, 4172698.42, 803.38);
insert into STATION values (2663, '.', 1297, 270616.70, 4172698.46, 805.65);
insert into STATION values (2664, '.', 1297, 270617.98, 4172696.53, 805.19);
insert into STATION values (2665, '.', 1297, 270616.65, 4172697.07, 804.12);
insert into STATION values (2666, '.', 1297, 270617.45, 4172695.02, 804.72);
insert into STATION values (2667, '.', 1297, 270617.02, 4172694.49, 805.00);
insert into STATION values (2668, '.', 1297, 270616.39, 4172695.02, 804.62);
insert into STATION values (2669, '.', 1297, 270616.82, 4172695.15, 804.30);
insert into STATION values (2670, '.', 1297, 270618.08, 4172692.32, 804.63);
insert into STATION values (2671, '.', 1297, 270616.50, 4172699.58, 804.11);
insert into STATION values (2672, '.', 1297, 270619.03, 4172701.37, 802.60);
insert into STATION values (2673, '.', 1297, 270616.87, 4172701.61, 803.20);
insert into STATION values (2674, '.', 1297, 270616.68, 4172700.86, 803.96);
insert into STATION values (2675, '.', 1297, 270616.48, 4172700.14, 802.50);
insert into STATION values (2676, '.', 1297, 270615.50, 4172700.90, 803.54);
insert into STATION values (2677, '4', 1297, 270617.99, 4172689.53, 805.24);
insert into STATION values (2678, '5', 1297, 270616.93, 4172702.89, 802.64);
insert into STATION values (2679, '.', 1297, 270617.04, 4172702.84, 801.66);
insert into STATION values (2680, '.', 1297, 270615.56, 4172703.39, 802.74);
insert into STATION values (2681, '.', 1297, 270616.75, 4172705.24, 802.44);
insert into STATION values (2682, '.', 1297, 270619.74, 4172705.01, 801.97);
insert into STATION values (2683, '.', 1297, 270621.82, 4172704.04, 802.00);
insert into STATION values (2684, '.', 1297, 270621.80, 4172700.89, 801.54);
insert into STATION values (2685, '.', 1297, 270619.59, 4172700.13, 802.54);
insert into STATION values (2686, '.', 1297, 270618.57, 4172699.75, 803.28);
insert into STATION values (2687, '.', 1297, 270618.21, 4172701.52, 802.14);
insert into STATION values (2688, '.', 1297, 270619.06, 4172702.28, 801.78);
insert into STATION values (2689, '.', 1297, 270618.94, 4172703.65, 801.86);
insert into STATION values (2690, '.', 1297, 270617.74, 4172702.67, 801.55);
insert into STATION values (2691, '6', 1297, 270621.93, 4172700.75, 801.51);
insert into STATION values (2692, '7', 1297, 270627.21, 4172712.09, 807.30);
insert into STATION values (2693, '8', 1297, 270646.07, 4172700.38, 810.91);
insert into STATION values (2694, '.', 1297, 270656.62, 4172690.52, 816.83);
insert into STATION values (2695, '.', 1297, 270648.68, 4172698.13, 811.17);
insert into STATION values (2696, '.', 1297, 270650.48, 4172702.62, 810.63);
insert into STATION values (2697, '.', 1297, 270650.61, 4172704.74, 808.65);
insert into STATION values (2698, '.', 1297, 270654.07, 4172709.87, 808.72);
insert into STATION values (2699, '.', 1297, 270648.12, 4172701.64, 811.21);
insert into STATION values (2700, '.', 1297, 270648.28, 4172707.68, 808.59);
insert into STATION values (2701, '.', 1297, 270645.97, 4172701.24, 809.34);
insert into STATION values (2702, '.', 1297, 270641.58, 4172700.57, 810.12);
insert into STATION values (2703, '.', 1297, 270637.60, 4172698.31, 810.12);
insert into STATION values (2704, '.', 1297, 270642.28, 4172698.85, 809.79);
insert into STATION values (2705, '.', 1297, 270645.58, 4172697.54, 810.68);
insert into STATION values (2706, '.', 1297, 270644.47, 4172698.08, 811.69);
insert into STATION values (2707, '.', 1297, 270645.66, 4172699.66, 811.43);
insert into STATION values (2708, 'B49', 1297, 270665.94, 4172708.98, 807.49);
insert into STATION values (2709, '.', 1297, 270665.83, 4172704.63, 808.88);
insert into STATION values (2710, '.', 1297, 270680.26, 4172687.32, 810.50);
insert into STATION values (2711, '.', 1297, 270679.89, 4172700.29, 809.34);
insert into STATION values (2712, '.', 1297, 270698.50, 4172704.61, 808.58);
insert into STATION values (2713, '.', 1297, 270687.84, 4172701.89, 808.74);
insert into STATION values (2714, '.', 1297, 270700.27, 4172706.92, 807.85);
insert into STATION values (2715, '.', 1297, 270684.53, 4172712.61, 808.62);
insert into STATION values (2716, '.', 1297, 270675.33, 4172713.88, 808.40);
insert into STATION values (2717, '.', 1297, 270674.62, 4172716.18, 807.83);
insert into STATION values (2718, '.', 1297, 270672.19, 4172712.70, 812.34);
insert into STATION values (2719, '.', 1297, 270667.40, 4172710.80, 812.01);
insert into STATION values (2720, '.', 1297, 270663.45, 4172708.83, 810.17);
insert into STATION values (2721, '.', 1297, 270658.50, 4172707.08, 810.64);
insert into STATION values (2722, '.', 1297, 270650.01, 4172705.20, 810.09);
insert into STATION values (2723, '.', 1297, 270645.37, 4172703.76, 809.05);
insert into STATION values (2724, '.', 1297, 270650.58, 4172708.62, 808.51);
insert into STATION values (2725, '.', 1297, 270660.59, 4172710.83, 807.82);
insert into STATION values (2726, '.', 1297, 270661.86, 4172712.24, 808.31);
insert into STATION values (2727, '.', 1297, 270663.14, 4172709.63, 807.19);
insert into STATION values (2728, '.', 1297, 270656.94, 4172707.39, 807.28);
insert into STATION values (2729, '.', 1297, 270653.02, 4172705.36, 808.10);
insert into STATION values (2730, '.', 1297, 270654.46, 4172701.90, 809.41);
insert into STATION values (2731, '.', 1297, 270661.15, 4172701.79, 809.84);
insert into STATION values (2732, '.', 1297, 270665.10, 4172707.01, 807.05);
insert into STATION values (2733, '.', 1297, 270675.31, 4172700.05, 807.51);
insert into STATION values (2734, '.', 1297, 270669.84, 4172706.53, 806.72);
insert into STATION values (2735, '.', 1297, 270677.80, 4172707.29, 806.78);
insert into STATION values (2736, '.', 1297, 270671.54, 4172712.11, 805.61);
insert into STATION values (2737, '.', 1297, 270666.16, 4172713.77, 805.85);
insert into STATION values (2738, '.', 1297, 270668.94, 4172726.05, 806.92);
insert into STATION values (2739, '.', 1297, 270681.76, 4172728.41, 808.37);
insert into STATION values (2740, '.', 1297, 270659.76, 4172722.21, 808.79);
insert into STATION values (2741, '.', 1297, 270660.26, 4172729.26, 808.93);
insert into STATION values (2742, '.', 1297, 270668.39, 4172725.46, 809.74);
insert into STATION values (2743, '.', 1297, 270667.16, 4172715.67, 809.51);
insert into STATION values (2744, '10', 1297, 270670.62, 4172731.04, 807.78);
insert into STATION values (2745, '.', 1297, 270669.43, 4172728.55, 809.69);
insert into STATION values (2746, '.', 1297, 270668.66, 4172722.52, 809.97);
insert into STATION values (2747, '.', 1297, 270659.95, 4172725.21, 809.42);
insert into STATION values (2748, '.', 1297, 270660.44, 4172733.25, 809.32);
insert into STATION values (2749, '.', 1297, 270662.11, 4172740.68, 809.63);
insert into STATION values (2750, '.', 1297, 270664.68, 4172746.98, 809.44);
insert into STATION values (2751, '.', 1297, 270670.70, 4172736.30, 810.20);
insert into STATION values (2752, '.', 1297, 270670.50, 4172735.03, 806.57);
insert into STATION values (2753, '.', 1297, 270667.13, 4172729.53, 807.26);
insert into STATION values (2754, '.', 1297, 270672.34, 4172727.58, 806.76);
insert into STATION values (2755, '.', 1297, 270676.68, 4172728.32, 805.11);
insert into STATION values (2756, '.', 1297, 270684.36, 4172723.57, 807.86);
insert into STATION values (2757, '.', 1297, 270686.77, 4172719.07, 808.72);
insert into STATION values (2758, '.', 1297, 270684.76, 4172714.64, 808.53);
insert into STATION values (2759, '.', 1297, 270677.01, 4172719.78, 808.07);
insert into STATION values (2760, '.', 1297, 270674.92, 4172719.92, 808.78);
insert into STATION values (2761, '.', 1297, 270672.36, 4172729.07, 809.55);
insert into STATION values (2762, '.', 1297, 270676.04, 4172730.48, 809.68);
insert into STATION values (2763, '.', 1297, 270671.25, 4172731.19, 807.86);
insert into STATION values (2764, '.', 1297, 270680.35, 4172735.78, 807.44);
insert into STATION values (2765, '.', 1297, 270690.86, 4172751.53, 809.64);
insert into STATION values (2766, '.', 1297, 270675.80, 4172739.55, 810.30);
insert into STATION values (2767, '.', 1297, 270671.98, 4172752.32, 810.13);
insert into STATION values (2768, '.', 1297, 270673.84, 4172743.73, 806.24);
insert into STATION values (2769, '.', 1297, 270667.63, 4172744.95, 808.05);
insert into STATION values (2770, '11', 1297, 270683.91, 4172713.23, 808.33);
insert into STATION values (2771, 'B48', 1297, 270679.56, 4172747.07, 807.54);
insert into STATION values (2772, '.', 1297, 270680.81, 4172746.50, 806.85);
insert into STATION values (2773, '.', 1297, 270685.48, 4172744.12, 806.25);
insert into STATION values (2774, '.', 1297, 270692.84, 4172733.53, 807.07);
insert into STATION values (2775, '.', 1297, 270694.76, 4172731.52, 810.79);
insert into STATION values (2776, '.', 1297, 270691.80, 4172740.71, 811.11);
insert into STATION values (2777, '.', 1297, 270683.40, 4172744.85, 810.82);
insert into STATION values (2778, '.', 1297, 270679.80, 4172746.90, 810.01);
insert into STATION values (2779, '.', 1297, 270685.44, 4172748.92, 810.61);
insert into STATION values (2780, '.', 1297, 270691.68, 4172751.09, 809.29);
insert into STATION values (2781, '.', 1297, 270698.92, 4172742.55, 809.49);
insert into STATION values (2782, '.', 1297, 270708.74, 4172732.74, 809.01);
insert into STATION values (2783, '.', 1297, 270712.46, 4172723.82, 809.09);
insert into STATION values (2784, '.', 1297, 270721.21, 4172709.77, 809.78);
insert into STATION values (2785, '.', 1297, 270686.62, 4172737.82, 808.35);
insert into STATION values (2786, '.', 1297, 270684.41, 4172737.32, 807.88);
insert into STATION values (2787, '.', 1297, 270680.41, 4172738.45, 808.55);
insert into STATION values (2788, '.', 1297, 270677.30, 4172736.82, 809.69);
insert into STATION values (2789, '.', 1297, 270670.47, 4172738.52, 809.14);
insert into STATION values (2790, '.', 1297, 270660.55, 4172733.08, 809.23);
insert into STATION values (2791, '.', 1297, 270665.69, 4172756.58, 809.13);
insert into STATION values (2792, '.', 1297, 270668.49, 4172761.88, 809.25);
insert into STATION values (2793, '.', 1297, 270673.12, 4172764.33, 809.96);
insert into STATION values (2794, '.', 1297, 270680.44, 4172762.59, 809.28);
insert into STATION values (2795, '.', 1297, 270678.57, 4172750.03, 806.57);
insert into STATION values (2796, '.', 1297, 270675.34, 4172758.44, 804.15);
insert into STATION values (2797, '.', 1297, 270674.51, 4172773.15, 800.86);
insert into STATION values (2798, '.', 1297, 270675.09, 4172757.12, 804.71);
insert into STATION values (2799, '.', 1297, 270669.90, 4172779.77, 803.05);
insert into STATION values (2800, '.', 1297, 270677.40, 4172752.32, 810.02);
insert into STATION values (2801, '13', 1297, 270674.31, 4172778.91, 801.79);
insert into STATION values (2802, '.', 1297, 270680.45, 4172775.90, 802.15);
insert into STATION values (2803, '.', 1297, 270676.76, 4172777.84, 800.80);
insert into STATION values (2804, '.', 1297, 270676.92, 4172777.07, 806.75);
insert into STATION values (2805, '.', 1297, 270672.96, 4172778.53, 807.51);
insert into STATION values (2806, '.', 1297, 270670.61, 4172778.32, 805.12);
insert into STATION values (2807, '.', 1297, 270668.06, 4172777.66, 801.99);
insert into STATION values (2808, '.', 1297, 270663.38, 4172777.17, 798.32);
insert into STATION values (2809, '.', 1297, 270665.49, 4172771.18, 800.41);
insert into STATION values (2810, '.', 1297, 270667.62, 4172766.35, 801.99);
insert into STATION values (2811, '.', 1297, 270665.53, 4172767.44, 806.48);
insert into STATION values (2812, '.', 1297, 270674.05, 4172772.76, 800.64);
insert into STATION values (2813, '.', 1297, 270673.79, 4172766.11, 801.30);
insert into STATION values (2814, '.', 1297, 270674.37, 4172758.65, 803.85);
insert into STATION values (2815, '.', 1297, 270679.35, 4172762.99, 805.74);
insert into STATION values (2816, '.', 1297, 270680.19, 4172769.57, 803.75);
insert into STATION values (2817, '.', 1297, 270673.03, 4172772.50, 809.26);
insert into STATION values (2818, '.', 1297, 270680.42, 4172779.78, 799.80);
insert into STATION values (2819, '.', 1297, 270682.97, 4172778.91, 800.22);
insert into STATION values (2820, '.', 1297, 270682.71, 4172780.64, 801.16);
insert into STATION values (2821, '.', 1297, 270682.09, 4172782.14, 800.06);
insert into STATION values (2822, '.', 1297, 270684.85, 4172781.78, 799.63);
insert into STATION values (2823, '.', 1297, 270687.20, 4172781.52, 799.11);
insert into STATION values (2824, '.', 1297, 270685.61, 4172780.67, 800.26);
insert into STATION values (2825, '.', 1297, 270688.54, 4172780.37, 797.42);
insert into STATION values (2826, '.', 1297, 270685.99, 4172779.27, 799.03);
insert into STATION values (2827, '.', 1297, 270692.70, 4172781.48, 797.57);
insert into STATION values (2828, '.', 1297, 270682.96, 4172785.83, 800.51);
insert into STATION values (2829, '.', 1297, 270679.21, 4172787.31, 801.28);
insert into STATION values (2830, '.', 1297, 270675.26, 4172786.22, 801.27);
insert into STATION values (2831, '.', 1297, 270673.21, 4172784.21, 800.54);
insert into STATION values (2832, '.', 1297, 270679.39, 4172791.27, 798.06);
insert into STATION values (2833, '.', 1297, 270676.99, 4172783.57, 799.45);
insert into STATION values (2834, '.', 1297, 270691.53, 4172799.11, 797.82);
insert into STATION values (2835, '14', 1297, 270694.17, 4172780.15, 797.92);
insert into STATION values (2836, '15', 1297, 270689.52, 4172797.20, 798.62);
insert into STATION values (2837, '.', 1297, 270690.86, 4172793.53, 797.79);
insert into STATION values (2838, '.', 1297, 270685.25, 4172788.20, 797.95);
insert into STATION values (2839, '.', 1297, 270682.33, 4172786.96, 799.51);
insert into STATION values (2840, '.', 1297, 270672.06, 4172783.48, 799.74);
insert into STATION values (2841, '.', 1297, 270668.05, 4172794.62, 797.90);
insert into STATION values (2842, '.', 1297, 270674.39, 4172800.07, 797.89);
insert into STATION values (2843, '.', 1297, 270679.18, 4172808.73, 798.05);
insert into STATION values (2844, '.', 1297, 270683.22, 4172810.26, 797.70);
insert into STATION values (2845, '.', 1297, 270686.40, 4172810.14, 798.17);
insert into STATION values (2846, '.', 1297, 270689.90, 4172807.05, 798.51);
insert into STATION values (2847, '.', 1297, 270687.03, 4172802.15, 797.79);
insert into STATION values (2848, '.', 1297, 270682.84, 4172804.05, 797.88);
insert into STATION values (2849, '.', 1297, 270686.52, 4172800.15, 797.80);
insert into STATION values (2850, '.', 1297, 270680.06, 4172799.13, 797.91);
insert into STATION values (2851, '.', 1297, 270680.38, 4172796.13, 798.07);
insert into STATION values (2852, '.', 1297, 270678.96, 4172792.53, 798.29);
insert into STATION values (2853, '.', 1297, 270684.02, 4172794.36, 797.78);
insert into STATION values (2854, '.', 1297, 270686.53, 4172792.71, 797.69);
insert into STATION values (2855, '.', 1297, 270688.91, 4172797.57, 797.79);
insert into STATION values (2856, '.', 1297, 270689.58, 4172798.82, 797.85);
insert into STATION values (2857, '.', 1297, 270686.60, 4172795.34, 800.25);
insert into STATION values (2858, '.', 1297, 270680.77, 4172792.78, 800.08);
insert into STATION values (2859, '.', 1297, 270684.18, 4172798.24, 799.78);
insert into STATION values (2860, '.', 1297, 270689.32, 4172801.54, 799.85);
insert into STATION values (2861, '.', 1297, 270689.66, 4172797.26, 799.47);
insert into STATION values (2862, '.', 1297, 270689.66, 4172797.31, 797.76);
insert into STATION values (2863, '.', 1297, 270694.36, 4172802.54, 797.72);
insert into STATION values (2864, '.', 1297, 270697.82, 4172801.51, 797.47);
insert into STATION values (2865, '.', 1297, 270700.40, 4172798.76, 797.65);
insert into STATION values (2866, '.', 1297, 270702.15, 4172796.30, 797.40);
insert into STATION values (2867, '.', 1297, 270694.73, 4172795.08, 797.63);
insert into STATION values (2868, '.', 1297, 270693.12, 4172797.34, 797.57);
insert into STATION values (2869, '.', 1297, 270692.26, 4172794.29, 797.59);
insert into STATION values (2870, '.', 1297, 270694.69, 4172795.80, 798.09);
insert into STATION values (2871, '16', 1297, 270698.18, 4172794.87, 797.75);
insert into STATION values (2872, '.', 1297, 270698.29, 4172794.64, 798.68);
insert into STATION values (2873, '.', 1297, 270698.08, 4172794.70, 797.47);
insert into STATION values (2874, '.', 1297, 270699.69, 4172794.55, 797.46);
insert into STATION values (2875, '.', 1297, 270702.21, 4172794.42, 797.46);
insert into STATION values (2876, '.', 1297, 270702.30, 4172799.79, 797.52);
insert into STATION values (2877, '.', 1297, 270699.47, 4172802.95, 797.61);
insert into STATION values (2878, '.', 1297, 270696.53, 4172803.57, 797.33);
insert into STATION values (2879, '.', 1297, 270698.42, 4172796.60, 798.32);
insert into STATION values (2880, '.', 1297, 270698.36, 4172795.99, 797.39);
insert into STATION values (2881, '.', 1297, 270698.10, 4172793.52, 798.94);
insert into STATION values (2882, '.', 1297, 270696.48, 4172789.29, 798.93);
insert into STATION values (2883, '.', 1297, 270691.55, 4172788.11, 798.05);
insert into STATION values (2884, '.', 1297, 270689.23, 4172790.95, 797.65);
insert into STATION values (2885, '.', 1297, 270696.71, 4172781.22, 797.80);
insert into STATION values (2886, '.', 1297, 270701.96, 4172782.30, 797.80);
insert into STATION values (2887, '.', 1297, 270702.05, 4172789.80, 797.92);
insert into STATION values (2888, '.', 1297, 270702.21, 4172792.28, 797.74);
insert into STATION values (2889, '.', 1297, 270699.93, 4172791.50, 797.35);
insert into STATION values (2890, '.', 1297, 270697.83, 4172791.43, 797.35);
insert into STATION values (2891, '.', 1297, 270696.00, 4172785.97, 798.68);
insert into STATION values (2892, '.', 1297, 270697.21, 4172790.17, 798.82);
insert into STATION values (2893, '17', 1297, 270691.42, 4172779.42, 798.02);
insert into STATION values (2894, '18', 1297, 270701.23, 4172734.08, 808.71);
insert into STATION values (2895, '.', 1297, 270691.42, 4172725.41, 808.80);
insert into STATION values (2896, '.', 1297, 270687.08, 4172732.95, 809.08);
insert into STATION values (2897, '.', 1297, 270687.11, 4172737.43, 808.10);
insert into STATION values (2898, '.', 1297, 270694.30, 4172737.36, 811.19);
insert into STATION values (2899, '.', 1297, 270697.99, 4172733.07, 811.31);
insert into STATION values (2900, '.', 1297, 270701.74, 4172728.48, 811.77);
insert into STATION values (2901, '.', 1297, 270705.36, 4172720.95, 811.99);
insert into STATION values (2902, '.', 1297, 270705.36, 4172708.75, 808.08);
insert into STATION values (2903, '.', 1297, 270696.27, 4172716.72, 807.64);
insert into STATION values (2904, '.', 1297, 270694.11, 4172721.66, 808.71);
insert into STATION values (2905, '.', 1297, 270700.80, 4172731.11, 808.27);
insert into STATION values (2906, '.', 1297, 270703.68, 4172731.99, 808.33);
insert into STATION values (2907, '.', 1297, 270705.18, 4172735.41, 808.91);
insert into STATION values (2908, '.', 1297, 270709.28, 4172731.52, 809.12);
insert into STATION values (2909, '.', 1297, 270712.12, 4172724.49, 809.06);
insert into STATION values (2910, '.', 1297, 270719.61, 4172711.83, 809.06);
insert into STATION values (2911, '.', 1297, 270695.75, 4172745.65, 809.70);
insert into STATION values (2912, '.', 1297, 270701.47, 4172740.91, 809.24);
insert into STATION values (2913, '.', 1297, 270698.87, 4172737.32, 810.75);
insert into STATION values (2914, '19', 1297, 270710.20, 4172712.04, 807.91);
insert into STATION values (2915, '.', 1297, 270717.14, 4172714.68, 808.21);
insert into STATION values (2916, '.', 1297, 270714.17, 4172714.11, 812.30);
insert into STATION values (2917, '.', 1297, 270710.46, 4172711.53, 812.63);
insert into STATION values (2918, '.', 1297, 270708.22, 4172716.77, 807.22);
insert into STATION values (2919, '.', 1297, 270708.31, 4172733.07, 809.31);
insert into STATION values (2920, '.', 1297, 270712.94, 4172723.46, 809.12);
insert into STATION values (2921, '.', 1297, 270705.53, 4172720.97, 811.74);
insert into STATION values (2922, '.', 1297, 270697.30, 4172716.24, 807.74);
insert into STATION values (2923, '.', 1297, 270691.89, 4172724.79, 808.73);
insert into STATION values (2924, '.', 1297, 270707.08, 4172707.83, 807.61);
insert into STATION values (2925, '.', 1297, 270709.50, 4172705.67, 808.33);
insert into STATION values (2926, '.', 1297, 270716.16, 4172693.20, 810.72);
insert into STATION values (2927, '.', 1297, 270722.92, 4172695.73, 812.72);
insert into STATION values (2928, '.', 1297, 270725.82, 4172702.57, 812.50);
insert into STATION values (2929, '.', 1297, 270715.79, 4172706.04, 812.54);
insert into STATION values (2930, '.', 1297, 270717.66, 4172704.60, 809.45);
insert into STATION values (2931, '.', 1297, 270711.61, 4172710.19, 807.86);
insert into STATION values (2932, '.', 1297, 270709.90, 4172711.98, 807.51);
insert into STATION values (2933, '.', 1297, 270707.10, 4172711.52, 807.16);
insert into STATION values (2934, '.', 1297, 270698.50, 4172709.71, 806.44);
insert into STATION values (2935, '.', 1297, 270698.41, 4172712.50, 807.79);
insert into STATION values (2936, '.', 1297, 270703.58, 4172710.59, 808.92);
insert into STATION values (2937, '.', 1297, 270705.63, 4172708.86, 807.96);
insert into STATION values (2938, '.', 1297, 270701.11, 4172707.03, 807.64);
insert into STATION values (2939, '20', 1297, 270689.55, 4172706.70, 807.67);
insert into STATION values (2940, '.', 1297, 270689.44, 4172702.96, 809.28);
insert into STATION values (2941, '.', 1297, 270698.07, 4172703.49, 808.77);
insert into STATION values (2942, '.', 1297, 270699.87, 4172706.82, 807.94);
insert into STATION values (2943, '.', 1297, 270697.25, 4172712.57, 807.71);
insert into STATION values (2944, '.', 1297, 270692.42, 4172715.33, 807.80);
insert into STATION values (2945, '.', 1297, 270687.39, 4172713.40, 809.05);
insert into STATION values (2946, '.', 1297, 270685.04, 4172712.16, 808.19);
insert into STATION values (2947, '.', 1297, 270676.83, 4172714.98, 808.79);
insert into STATION values (2948, '.', 1297, 270689.26, 4172708.62, 811.13);
insert into STATION values (2949, '.', 1297, 270689.79, 4172707.36, 813.79);
insert into STATION values (2950, '.', 1297, 270685.62, 4172700.83, 808.44);
insert into STATION values (2951, '.', 1297, 270687.81, 4172705.77, 809.52);
insert into STATION values (2952, '.', 1297, 270681.69, 4172706.68, 810.88);
insert into STATION values (2953, '.', 1297, 270679.34, 4172709.50, 814.95);
insert into STATION values (2954, '.', 1297, 270682.86, 4172711.34, 811.30);
insert into STATION values (2955, '.', 1297, 270682.68, 4172706.97, 807.32);
insert into STATION values (2956, '.', 1297, 270683.68, 4172710.88, 807.47);
insert into STATION values (2957, '.', 1297, 270676.46, 4172715.18, 808.74);
insert into STATION values (2958, '.', 1297, 270677.83, 4172717.05, 808.90);
insert into STATION values (2959, '.', 1297, 270666.58, 4172703.69, 808.72);
insert into STATION values (2960, '.', 1297, 270666.93, 4172698.17, 809.53);
insert into STATION values (2961, '.', 1297, 270658.42, 4172710.00, 807.40);
insert into STATION values (2962, '22', 1297, 270676.35, 4172698.95, 809.95);
insert into STATION values (2963, '.', 1297, 270676.72, 4172698.52, 808.31);
insert into STATION values (2964, '.', 1297, 270680.50, 4172700.16, 809.28);
insert into STATION values (2965, '.', 1297, 270669.09, 4172699.34, 808.44);
insert into STATION values (2966, 'B55', 1297, 270697.30, 4172691.76, 809.46);
insert into STATION values (2967, '25', 1297, 270712.76, 4172684.73, 810.50);
insert into STATION values (2968, '26', 1297, 270721.55, 4172698.26, 810.86);
insert into STATION values (2969, '.', 1297, 270721.92, 4172696.55, 814.06);
insert into STATION values (2970, '.', 1297, 270729.09, 4172702.74, 812.44);
insert into STATION values (2971, '.', 1297, 270717.79, 4172693.12, 810.76);
insert into STATION values (2972, '.', 1297, 270723.97, 4172687.90, 814.82);
insert into STATION values (2973, '.', 1297, 270731.25, 4172689.26, 812.79);
insert into STATION values (2974, '.', 1297, 270724.74, 4172708.28, 810.75);
insert into STATION values (2975, '.', 1297, 270721.70, 4172699.71, 810.35);
insert into STATION values (2976, '.', 1297, 270714.87, 4172696.12, 809.83);
insert into STATION values (2977, 'B54', 1297, 270731.14, 4172693.74, 812.52);
insert into STATION values (2978, 'PTR_FR24_B59_00', 1438, 270625.05, 4172633.09, 819.50);
insert into STATION values (2979, '.', 1438, 270634.95, 4172632.03, 821.50);
insert into STATION values (2980, '.', 1438, 270637.59, 4172640.79, 822.30);
insert into STATION values (2981, '.', 1438, 270621.03, 4172624.24, 820.76);
insert into STATION values (2982, '.', 1438, 270610.29, 4172626.00, 820.50);
insert into STATION values (2983, '.', 1438, 270620.00, 4172636.12, 819.94);
insert into STATION values (2984, '.', 1438, 270625.03, 4172632.99, 818.84);
insert into STATION values (2985, '.', 1438, 270624.74, 4172632.82, 824.97);
insert into STATION values (2986, '12', 1438, 270627.51, 4172607.88, 821.43);
insert into STATION values (2987, '.', 1438, 270625.12, 4172604.94, 821.88);
insert into STATION values (2988, '.', 1438, 270635.00, 4172597.35, 823.55);
insert into STATION values (2989, '.', 1438, 270641.66, 4172627.47, 824.62);
insert into STATION values (2990, '.', 1438, 270639.17, 4172623.54, 823.52);
insert into STATION values (2991, '.', 1438, 270642.54, 4172620.60, 823.99);
insert into STATION values (2992, '.', 1438, 270630.74, 4172610.09, 819.65);
insert into STATION values (2993, '.', 1438, 270628.39, 4172607.94, 825.21);
insert into STATION values (2994, '13', 1438, 270645.83, 4172601.64, 819.83);
insert into STATION values (2995, '.', 1438, 270645.79, 4172602.22, 820.01);
insert into STATION values (2996, '.', 1438, 270655.64, 4172611.33, 822.41);
insert into STATION values (2997, '.', 1438, 270649.38, 4172592.52, 820.86);
insert into STATION values (2998, '.', 1438, 270643.70, 4172599.15, 823.13);
insert into STATION values (2999, '.', 1438, 270638.08, 4172599.36, 822.33);
insert into STATION values (3000, '.', 1438, 270647.39, 4172601.62, 817.47);
insert into STATION values (3001, '.', 1438, 270645.87, 4172601.19, 824.27);
insert into STATION values (3002, '14', 1438, 270670.67, 4172601.50, 820.91);
insert into STATION values (3003, '.', 1438, 270671.04, 4172603.40, 821.24);
insert into STATION values (3004, '.', 1438, 270671.19, 4172588.73, 823.14);
insert into STATION values (3005, '.', 1438, 270677.08, 4172586.49, 822.65);
insert into STATION values (3006, '.', 1438, 270659.01, 4172585.14, 822.56);
insert into STATION values (3007, '.', 1438, 270653.63, 4172591.57, 821.32);
insert into STATION values (3008, '.', 1438, 270666.84, 4172603.63, 820.79);
insert into STATION values (3009, '.', 1438, 270671.46, 4172596.75, 819.62);
insert into STATION values (3010, '.', 1438, 270670.77, 4172601.30, 823.17);
insert into STATION values (3011, '15', 1438, 270678.91, 4172587.54, 821.20);
insert into STATION values (3012, '.', 1438, 270688.65, 4172589.41, 822.63);
insert into STATION values (3013, '.', 1438, 270679.25, 4172587.94, 821.27);
insert into STATION values (3014, '.', 1438, 270677.49, 4172585.27, 821.67);
insert into STATION values (3015, '.', 1438, 270673.28, 4172588.33, 822.51);
insert into STATION values (3016, '.', 1438, 270682.70, 4172588.27, 819.94);
insert into STATION values (3017, '.', 1438, 270681.42, 4172587.46, 825.14);
insert into STATION values (3018, '16', 1438, 270685.17, 4172558.66, 821.87);
insert into STATION values (3019, '.', 1438, 270693.19, 4172565.54, 821.91);
insert into STATION values (3020, '.', 1438, 270698.48, 4172560.87, 821.59);
insert into STATION values (3021, '.', 1438, 270693.60, 4172563.30, 821.52);
insert into STATION values (3022, '.', 1438, 270678.20, 4172563.64, 822.14);
insert into STATION values (3023, '.', 1438, 270676.83, 4172568.48, 821.82);
insert into STATION values (3024, '.', 1438, 270693.07, 4172558.73, 819.55);
insert into STATION values (3025, '.', 1438, 270684.83, 4172558.12, 825.41);
insert into STATION values (3026, '17', 1438, 270677.69, 4172553.97, 824.02);
insert into STATION values (3027, '.', 1438, 270675.62, 4172561.41, 822.88);
insert into STATION values (3028, '.', 1438, 270669.05, 4172560.21, 822.95);
insert into STATION values (3029, '.', 1438, 270686.12, 4172538.09, 824.24);
insert into STATION values (3030, '.', 1438, 270673.67, 4172544.04, 823.87);
insert into STATION values (3031, '.', 1438, 270680.13, 4172556.39, 821.24);
insert into STATION values (3032, '.', 1438, 270677.76, 4172553.97, 824.89);
insert into STATION values (3033, '18', 1438, 270668.48, 4172553.69, 822.28);
insert into STATION values (3034, '.', 1438, 270669.66, 4172562.36, 821.49);
insert into STATION values (3035, '.', 1438, 270662.15, 4172562.62, 818.35);
insert into STATION values (3036, '.', 1438, 270667.57, 4172552.39, 820.14);
insert into STATION values (3037, '.', 1438, 270668.50, 4172553.73, 822.94);
insert into STATION values (3038, 'PTR_FR24_A19_19', 1438, 270656.87, 4172557.18, 818.43);
insert into STATION values (3039, '.', 1438, 270657.16, 4172562.05, 818.89);
insert into STATION values (3040, '.', 1438, 270646.13, 4172544.13, 816.59);
insert into STATION values (3041, '.', 1438, 270666.78, 4172543.27, 821.87);
insert into STATION values (3042, '.', 1438, 270653.36, 4172556.23, 815.30);
insert into STATION values (3043, '.', 1438, 270656.32, 4172557.44, 822.32);
insert into STATION values (3044, '20', 1438, 270642.10, 4172567.47, 812.62);
insert into STATION values (3045, '21', 1438, 270642.03, 4172579.97, 809.24);
insert into STATION values (3046, '.', 1438, 270655.30, 4172568.56, 813.31);
insert into STATION values (3047, '.', 1438, 270649.75, 4172572.60, 810.01);
insert into STATION values (3048, '.', 1438, 270645.30, 4172575.12, 809.50);
insert into STATION values (3049, '.', 1438, 270639.51, 4172577.46, 809.76);
insert into STATION values (3050, '.', 1438, 270641.19, 4172567.75, 812.67);
insert into STATION values (3051, '.', 1438, 270641.98, 4172568.18, 809.67);
insert into STATION values (3052, '.', 1438, 270642.14, 4172567.42, 814.18);
insert into STATION values (3053, '22', 1438, 270637.26, 4172557.71, 814.90);
insert into STATION values (3054, '.', 1438, 270631.22, 4172553.47, 813.85);
insert into STATION values (3055, '.', 1438, 270624.57, 4172558.52, 809.81);
insert into STATION values (3056, '.', 1438, 270628.17, 4172563.54, 810.14);
insert into STATION values (3057, '.', 1438, 270636.68, 4172564.62, 813.60);
insert into STATION values (3058, '.', 1438, 270646.53, 4172572.87, 811.99);
insert into STATION values (3059, '.', 1438, 270635.99, 4172560.01, 811.65);
insert into STATION values (3060, '.', 1438, 270637.13, 4172557.88, 816.31);
insert into STATION values (3061, '23', 1438, 270624.52, 4172559.49, 808.87);
insert into STATION values (3062, '24', 1438, 270632.71, 4172563.85, 812.07);
insert into STATION values (3063, '.', 1438, 270628.21, 4172563.13, 811.00);
insert into STATION values (3064, '.', 1438, 270624.34, 4172558.47, 809.07);
insert into STATION values (3065, '.', 1438, 270633.07, 4172571.69, 815.05);
insert into STATION values (3066, '.', 1438, 270637.87, 4172568.13, 816.68);
insert into STATION values (3067, '.', 1438, 270631.09, 4172561.53, 810.06);
insert into STATION values (3068, '.', 1438, 270632.72, 4172563.96, 813.31);
insert into STATION values (3069, '25', 1438, 270631.00, 4172568.66, 812.38);
insert into STATION values (3070, '.', 1438, 270627.93, 4172566.58, 811.37);
insert into STATION values (3071, '.', 1438, 270627.45, 4172569.68, 811.12);
insert into STATION values (3072, '.', 1438, 270631.33, 4172571.09, 813.01);
insert into STATION values (3073, '.', 1438, 270634.76, 4172571.84, 815.86);
insert into STATION values (3074, '.', 1438, 270630.94, 4172569.12, 811.43);
insert into STATION values (3075, '.', 1438, 270630.93, 4172568.94, 814.08);
insert into STATION values (3076, '26', 1438, 270627.49, 4172578.77, 809.29);
insert into STATION values (3077, '.', 1438, 270624.87, 4172574.85, 811.29);
insert into STATION values (3078, '.', 1438, 270627.67, 4172579.06, 809.25);
insert into STATION values (3079, '.', 1438, 270627.58, 4172579.01, 806.63);
insert into STATION values (3080, '.', 1438, 270627.53, 4172578.78, 811.64);
insert into STATION values (3081, '27', 1438, 270623.27, 4172579.54, 806.95);
insert into STATION values (3082, '.', 1438, 270616.85, 4172577.57, 806.72);
insert into STATION values (3083, '.', 1438, 270615.78, 4172582.09, 806.39);
insert into STATION values (3084, '.', 1438, 270626.80, 4172580.01, 807.20);
insert into STATION values (3085, '.', 1438, 270625.46, 4172584.23, 806.84);
insert into STATION values (3086, '.', 1438, 270623.51, 4172579.70, 805.20);
insert into STATION values (3087, '.', 1438, 270623.87, 4172579.03, 810.79);
insert into STATION values (3088, '28', 1438, 270620.63, 4172588.13, 804.55);
insert into STATION values (3089, '.', 1438, 270621.43, 4172588.66, 804.57);
insert into STATION values (3090, '.', 1438, 270615.33, 4172584.40, 804.46);
insert into STATION values (3091, '.', 1438, 270617.07, 4172580.15, 807.71);
insert into STATION values (3092, '.', 1438, 270620.40, 4172588.36, 802.96);
insert into STATION values (3093, '.', 1438, 270620.33, 4172587.69, 808.15);
insert into STATION values (3094, 'PTR_FR24_A11_29', 1438, 270612.84, 4172593.82, 800.84);
insert into STATION values (3095, '.', 1438, 270611.41, 4172592.38, 800.92);
insert into STATION values (3096, '.', 1438, 270613.72, 4172594.54, 800.83);
insert into STATION values (3097, '.', 1438, 270611.54, 4172595.58, 800.94);
insert into STATION values (3098, '.', 1438, 270613.63, 4172594.32, 800.23);
insert into STATION values (3099, '.', 1438, 270612.93, 4172594.23, 802.78);
insert into STATION values (3100, '30', 1438, 270661.45, 4172549.58, 819.79);
insert into STATION values (3101, '.', 1438, 270643.74, 4172531.78, 815.82);
insert into STATION values (3102, '.', 1438, 270639.23, 4172549.95, 815.11);
insert into STATION values (3103, '.', 1438, 270653.40, 4172562.78, 817.95);
insert into STATION values (3104, '.', 1438, 270660.71, 4172550.35, 817.96);
insert into STATION values (3105, '.', 1438, 270661.17, 4172549.05, 822.25);
insert into STATION values (3106, '31', 1438, 270654.29, 4172538.11, 817.03);
insert into STATION values (3107, '.', 1438, 270643.96, 4172531.22, 815.27);
insert into STATION values (3108, '.', 1438, 270652.45, 4172529.95, 816.35);
insert into STATION values (3109, '.', 1438, 270668.76, 4172536.99, 821.33);
insert into STATION values (3110, '.', 1438, 270666.73, 4172542.88, 821.31);
insert into STATION values (3111, '.', 1438, 270653.90, 4172536.64, 814.60);
insert into STATION values (3112, '.', 1438, 270654.37, 4172537.91, 818.71);
insert into STATION values (3113, '32', 1438, 270662.11, 4172524.20, 819.20);
insert into STATION values (3114, '.', 1438, 270668.82, 4172526.93, 821.01);
insert into STATION values (3115, '.', 1438, 270656.07, 4172521.15, 817.63);
insert into STATION values (3116, '.', 1438, 270652.76, 4172524.94, 816.63);
insert into STATION values (3117, '.', 1438, 270660.25, 4172523.13, 817.58);
insert into STATION values (3118, '.', 1438, 270662.04, 4172523.99, 820.55);
insert into STATION values (3119, '33', 1438, 270666.87, 4172519.92, 821.48);
insert into STATION values (3120, '.', 1438, 270668.93, 4172521.11, 821.80);
insert into STATION values (3121, '.', 1438, 270664.29, 4172515.06, 821.09);
insert into STATION values (3122, '.', 1438, 270666.99, 4172519.67, 820.46);
insert into STATION values (3123, '.', 1438, 270666.87, 4172519.86, 822.06);
insert into STATION values (3124, '34', 1438, 270671.52, 4172519.04, 823.34);
insert into STATION values (3125, '.', 1438, 270669.96, 4172520.53, 823.41);
insert into STATION values (3126, '.', 1438, 270673.96, 4172516.38, 823.93);
insert into STATION values (3127, '.', 1438, 270671.51, 4172518.21, 822.76);
insert into STATION values (3128, '.', 1438, 270671.57, 4172518.98, 823.97);
insert into STATION values (3129, '35', 1438, 270684.39, 4172521.47, 826.69);
insert into STATION values (3130, '.', 1438, 270689.00, 4172532.64, 827.09);
insert into STATION values (3131, '.', 1438, 270680.66, 4172513.34, 827.18);
insert into STATION values (3132, '.', 1438, 270685.14, 4172520.23, 825.27);
insert into STATION values (3133, '.', 1438, 270684.30, 4172521.36, 827.71);
insert into STATION values (3134, 'PTR_FR24_A12_36', 1438, 270693.20, 4172515.65, 827.80);
insert into STATION values (3135, '.', 1438, 270688.19, 4172527.14, 826.59);
insert into STATION values (3136, '.', 1438, 270699.01, 4172495.73, 830.09);
insert into STATION values (3137, '.', 1438, 270691.59, 4172494.93, 827.98);
insert into STATION values (3138, '.', 1438, 270681.60, 4172528.88, 825.92);
insert into STATION values (3139, '.', 1438, 270693.70, 4172516.42, 826.62);
insert into STATION values (3140, '.', 1438, 270693.31, 4172515.65, 829.64);
insert into STATION values (3141, '37', 1438, 270697.32, 4172531.68, 826.19);
insert into STATION values (3142, '.', 1438, 270679.83, 4172527.69, 827.25);
insert into STATION values (3143, '.', 1438, 270708.95, 4172550.05, 821.84);
insert into STATION values (3144, '.', 1438, 270725.56, 4172542.27, 817.37);
insert into STATION values (3145, '.', 1438, 270698.46, 4172537.05, 821.36);
insert into STATION values (3146, '.', 1438, 270697.08, 4172531.65, 828.08);
insert into STATION values (3147, '38', 1438, 270696.81, 4172543.51, 822.06);
insert into STATION values (3148, '.', 1438, 270692.23, 4172531.42, 826.56);
insert into STATION values (3149, '.', 1438, 270677.16, 4172538.00, 824.78);
insert into STATION values (3150, '.', 1438, 270692.92, 4172563.97, 821.47);
insert into STATION values (3151, '.', 1438, 270702.10, 4172556.77, 821.88);
insert into STATION values (3152, '.', 1438, 270711.24, 4172548.18, 821.23);
insert into STATION values (3153, '.', 1438, 270696.04, 4172543.85, 820.29);
insert into STATION values (3154, '.', 1438, 270696.78, 4172544.25, 827.12);
insert into STATION values (3155, '39', 1438, 270710.89, 4172530.01, 823.30);
insert into STATION values (3156, '.', 1438, 270705.82, 4172548.09, 819.34);
insert into STATION values (3157, '.', 1438, 270714.29, 4172547.10, 818.63);
insert into STATION values (3158, '.', 1438, 270720.64, 4172550.22, 818.24);
insert into STATION values (3159, '.', 1438, 270721.59, 4172534.00, 820.45);
insert into STATION values (3160, '.', 1438, 270726.17, 4172528.09, 820.75);
insert into STATION values (3161, '.', 1438, 270728.16, 4172513.31, 822.16);
insert into STATION values (3162, '.', 1438, 270731.30, 4172502.38, 823.95);
insert into STATION values (3163, '.', 1438, 270712.80, 4172529.77, 821.03);
insert into STATION values (3164, '.', 1438, 270711.50, 4172530.50, 828.05);
insert into STATION values (3165, '40', 1438, 270721.34, 4172543.39, 817.28);
insert into STATION values (3166, '.', 1438, 270719.49, 4172549.42, 818.46);
insert into STATION values (3167, '.', 1438, 270711.24, 4172549.14, 820.25);
insert into STATION values (3168, '.', 1438, 270727.47, 4172562.64, 816.19);
insert into STATION values (3169, '.', 1438, 270734.62, 4172544.55, 817.19);
insert into STATION values (3170, '.', 1438, 270727.88, 4172540.24, 818.01);
insert into STATION values (3171, '.', 1438, 270722.74, 4172535.26, 819.70);
insert into STATION values (3172, '.', 1438, 270721.38, 4172543.36, 816.83);
insert into STATION values (3173, '.', 1438, 270721.63, 4172544.22, 821.94);
insert into STATION values (3174, '41', 1438, 270733.42, 4172550.27, 816.79);
insert into STATION values (3175, '.', 1438, 270730.91, 4172560.24, 816.00);
insert into STATION values (3176, '.', 1438, 270724.47, 4172557.88, 816.36);
insert into STATION values (3177, '.', 1438, 270738.30, 4172560.70, 816.02);
insert into STATION values (3178, '.', 1438, 270744.70, 4172551.55, 815.73);
insert into STATION values (3179, '.', 1438, 270734.88, 4172547.80, 816.70);
insert into STATION values (3180, '.', 1438, 270731.02, 4172543.07, 817.37);
insert into STATION values (3181, '.', 1438, 270733.50, 4172550.28, 816.51);
insert into STATION values (3182, '.', 1438, 270733.83, 4172550.29, 819.31);
insert into STATION values (3183, '42', 1438, 270759.00, 4172546.90, 815.01);
insert into STATION values (3184, '.', 1438, 270753.07, 4172553.16, 815.66);
insert into STATION values (3185, '.', 1438, 270755.36, 4172557.26, 815.86);
insert into STATION values (3186, '.', 1438, 270761.70, 4172554.96, 816.12);
insert into STATION values (3187, '.', 1438, 270763.67, 4172540.25, 815.25);
insert into STATION values (3188, '.', 1438, 270756.35, 4172538.17, 815.33);
insert into STATION values (3189, '.', 1438, 270759.06, 4172546.77, 814.61);
insert into STATION values (3190, '.', 1438, 270759.14, 4172546.76, 818.10);
insert into STATION values (3191, 'PTR_FR24_B50_43', 1438, 270770.65, 4172542.94, 815.78);
insert into STATION values (3192, '.', 1438, 270777.16, 4172552.42, 816.41);
insert into STATION values (3193, '.', 1438, 270775.80, 4172531.56, 816.15);
insert into STATION values (3194, '.', 1438, 270765.25, 4172533.64, 815.43);
insert into STATION values (3195, '.', 1438, 270762.67, 4172555.44, 815.94);
insert into STATION values (3196, '.', 1438, 270770.65, 4172543.01, 815.35);
insert into STATION values (3197, '.', 1438, 270770.88, 4172543.45, 818.77);
insert into STATION values (3198, '44', 1438, 270789.09, 4172530.84, 818.34);
insert into STATION values (3199, '.', 1438, 270789.97, 4172534.44, 818.41);
insert into STATION values (3200, '.', 1438, 270793.62, 4172551.03, 819.02);
insert into STATION values (3201, '.', 1438, 270784.00, 4172523.36, 817.75);
insert into STATION values (3202, '.', 1438, 270786.67, 4172519.93, 817.81);
insert into STATION values (3203, '.', 1438, 270777.71, 4172530.97, 818.20);
insert into STATION values (3204, '.', 1438, 270789.20, 4172530.61, 817.64);
insert into STATION values (3205, '.', 1438, 270788.43, 4172531.12, 821.80);
insert into STATION values (3206, '45', 1438, 270798.93, 4172522.46, 818.34);
insert into STATION values (3207, '.', 1438, 270814.00, 4172541.51, 819.01);
insert into STATION values (3208, '.', 1438, 270804.44, 4172513.46, 818.06);
insert into STATION values (3209, '.', 1438, 270793.73, 4172510.09, 817.68);
insert into STATION values (3210, '.', 1438, 270799.00, 4172522.36, 817.96);
insert into STATION values (3211, '.', 1438, 270799.30, 4172522.13, 820.39);
insert into STATION values (3212, 'PTR_FR24_A13_46', 1438, 270819.57, 4172517.48, 819.49);
insert into STATION values (3213, '.', 1438, 270817.06, 4172537.53, 819.66);
insert into STATION values (3214, '.', 1438, 270816.18, 4172509.26, 820.04);
insert into STATION values (3215, '.', 1438, 270805.09, 4172513.45, 819.28);
insert into STATION values (3216, '.', 1438, 270819.58, 4172517.67, 818.70);
insert into STATION values (3217, '.', 1438, 270819.83, 4172517.33, 821.66);
insert into STATION values (3218, 'PTR_FR24_A10_00', 1560, 270496.52, 4172778.10, 803.25);
insert into STATION values (3219, '.', 1560, 270499.33, 4172780.70, 802.42);
insert into STATION values (3220, '.', 1560, 270494.36, 4172775.94, 802.69);
insert into STATION values (3221, '.', 1560, 270496.43, 4172778.29, 802.14);
insert into STATION values (3222, '.', 1560, 270493.30, 4172778.71, 802.81);
insert into STATION values (3223, '.', 1560, 270496.69, 4172781.98, 802.62);
insert into STATION values (3224, '.', 1560, 270505.29, 4172776.78, 802.97);
insert into STATION values (3225, '.', 1560, 270507.05, 4172771.89, 803.06);
insert into STATION values (3226, '.', 1560, 270501.00, 4172768.06, 802.83);
insert into STATION values (3227, '1', 1560, 270493.77, 4172782.82, 801.90);
insert into STATION values (3228, '2', 1560, 270506.86, 4172772.15, 802.23);
insert into STATION values (3229, '.', 1560, 270507.69, 4172772.87, 802.48);
insert into STATION values (3230, '.', 1560, 270501.42, 4172768.51, 802.23);
insert into STATION values (3231, '.', 1560, 270503.39, 4172762.99, 802.09);
insert into STATION values (3232, '.', 1560, 270508.48, 4172770.94, 802.43);
insert into STATION values (3233, '.', 1560, 270506.91, 4172772.17, 801.91);
insert into STATION values (3234, '.', 1560, 270506.73, 4172771.99, 803.46);
insert into STATION values (3235, '.', 1560, 270507.16, 4172761.66, 802.54);
insert into STATION values (3236, '3', 1560, 270507.89, 4172756.41, 801.84);
insert into STATION values (3237, '.', 1560, 270514.56, 4172759.47, 802.78);
insert into STATION values (3238, '.', 1560, 270505.04, 4172756.84, 802.81);
insert into STATION values (3239, '.', 1560, 270502.79, 4172747.19, 807.05);
insert into STATION values (3240, '.', 1560, 270498.93, 4172753.24, 807.92);
insert into STATION values (3241, '.', 1560, 270518.79, 4172753.86, 805.81);
insert into STATION values (3242, '.', 1560, 270507.89, 4172756.42, 801.60);
insert into STATION values (3243, '.', 1560, 270508.01, 4172756.08, 806.24);
insert into STATION values (3244, '4', 1560, 270518.89, 4172746.80, 805.43);
insert into STATION values (3245, '.', 1560, 270494.56, 4172752.03, 807.78);
insert into STATION values (3246, '.', 1560, 270511.68, 4172740.69, 806.42);
insert into STATION values (3247, '.', 1560, 270525.58, 4172751.07, 805.89);
insert into STATION values (3248, '.', 1560, 270520.86, 4172752.68, 806.37);
insert into STATION values (3249, '.', 1560, 270507.70, 4172743.34, 805.63);
insert into STATION values (3250, '.', 1560, 270501.61, 4172756.91, 805.89);
insert into STATION values (3251, '.', 1560, 270515.88, 4172743.20, 801.87);
insert into STATION values (3252, '.', 1560, 270518.13, 4172747.00, 811.13);
insert into STATION values (3253, '5', 1560, 270497.72, 4172749.86, 806.33);
insert into STATION values (3254, '6', 1560, 270529.94, 4172731.33, 806.86);
insert into STATION values (3255, '.', 1560, 270534.73, 4172737.78, 808.30);
insert into STATION values (3256, '.', 1560, 270531.34, 4172739.39, 807.85);
insert into STATION values (3257, '.', 1560, 270527.96, 4172729.90, 807.34);
insert into STATION values (3258, '.', 1560, 270523.40, 4172732.47, 807.05);
insert into STATION values (3259, '.', 1560, 270518.55, 4172737.43, 806.84);
insert into STATION values (3260, '.', 1560, 270529.35, 4172742.68, 807.95);
insert into STATION values (3261, '.', 1560, 270529.91, 4172731.27, 806.26);
insert into STATION values (3262, '.', 1560, 270530.10, 4172731.70, 809.27);
insert into STATION values (3263, '7', 1560, 270540.54, 4172721.74, 809.51);
insert into STATION values (3264, '.', 1560, 270541.77, 4172728.01, 808.97);
insert into STATION values (3265, '.', 1560, 270540.26, 4172718.82, 808.93);
insert into STATION values (3266, '.', 1560, 270537.23, 4172730.61, 808.50);
insert into STATION values (3267, '.', 1560, 270535.06, 4172723.32, 809.10);
insert into STATION values (3268, '.', 1560, 270540.58, 4172722.61, 807.05);
insert into STATION values (3269, '.', 1560, 270540.57, 4172722.08, 811.00);
insert into STATION values (3270, '8', 1560, 270556.35, 4172722.86, 808.98);
insert into STATION values (3271, '.', 1560, 270557.13, 4172725.65, 808.56);
insert into STATION values (3272, '.', 1560, 270555.72, 4172717.50, 808.58);
insert into STATION values (3273, '.', 1560, 270548.19, 4172718.14, 808.24);
insert into STATION values (3274, '.', 1560, 270551.77, 4172726.93, 808.51);
insert into STATION values (3275, '.', 1560, 270547.01, 4172727.61, 808.40);
insert into STATION values (3276, '.', 1560, 270551.65, 4172731.36, 808.85);
insert into STATION values (3277, '.', 1560, 270563.32, 4172721.76, 809.06);
insert into STATION values (3278, '.', 1560, 270557.93, 4172716.54, 808.46);
insert into STATION values (3279, '.', 1560, 270556.31, 4172722.68, 807.31);
insert into STATION values (3280, '.', 1560, 270556.63, 4172722.63, 810.99);
insert into STATION values (3281, '9', 1560, 270569.17, 4172712.31, 809.62);
insert into STATION values (3282, '.', 1560, 270571.87, 4172712.55, 809.18);
insert into STATION values (3283, '.', 1560, 270561.03, 4172712.57, 809.55);
insert into STATION values (3284, '.', 1560, 270558.72, 4172717.62, 809.40);
insert into STATION values (3285, '.', 1560, 270571.53, 4172720.44, 806.90);
insert into STATION values (3286, '.', 1560, 270569.67, 4172706.45, 809.16);
insert into STATION values (3287, '.', 1560, 270560.04, 4172709.94, 809.11);
insert into STATION values (3288, '.', 1560, 270569.18, 4172712.04, 807.68);
insert into STATION values (3289, '.', 1560, 270569.07, 4172712.29, 810.99);
insert into STATION values (3290, '10', 1560, 270557.98, 4172706.61, 808.74);
insert into STATION values (3291, '.', 1560, 270559.72, 4172709.61, 808.74);
insert into STATION values (3292, '.', 1560, 270554.41, 4172709.98, 808.37);
insert into STATION values (3293, '.', 1560, 270547.43, 4172712.09, 809.66);
insert into STATION values (3294, '.', 1560, 270567.97, 4172703.61, 810.25);
insert into STATION values (3295, '.', 1560, 270570.09, 4172709.47, 809.63);
insert into STATION values (3296, '.', 1560, 270575.72, 4172698.32, 813.70);
insert into STATION values (3297, '.', 1560, 270557.97, 4172706.66, 808.28);
insert into STATION values (3298, '.', 1560, 270558.21, 4172706.42, 816.67);
insert into STATION values (3299, 'PTR_FR24_B58_11', 1560, 270562.34, 4172694.67, 811.15);
insert into STATION values (3300, '.', 1560, 270568.00, 4172703.82, 811.15);
insert into STATION values (3301, '.', 1560, 270572.04, 4172700.58, 811.44);
insert into STATION values (3302, '.', 1560, 270567.89, 4172703.90, 811.13);
insert into STATION values (3303, '.', 1560, 270562.33, 4172688.79, 814.54);
insert into STATION values (3304, '.', 1560, 270568.14, 4172685.00, 814.81);
insert into STATION values (3305, '.', 1560, 270555.26, 4172689.65, 814.36);
insert into STATION values (3306, '.', 1560, 270549.69, 4172698.07, 813.15);
insert into STATION values (3307, '.', 1560, 270564.34, 4172697.65, 809.79);
insert into STATION values (3308, '.', 1560, 270563.87, 4172695.06, 817.31);
insert into STATION values (3309, '.', 1560, 270563.52, 4172690.99, 824.45);
insert into STATION values (3310, 'PTR_FR24_A13_46', 1599, 270819.57, 4172517.48, 819.49);
insert into STATION values (3311, '1', 1599, 270844.59, 4172524.72, 819.71);
insert into STATION values (3312, '.', 1599, 270845.20, 4172529.63, 820.22);
insert into STATION values (3313, '.', 1599, 270848.72, 4172522.95, 820.50);
insert into STATION values (3314, '.', 1599, 270844.80, 4172520.75, 819.95);
insert into STATION values (3315, '.', 1599, 270839.22, 4172516.75, 820.32);
insert into STATION values (3316, '.', 1599, 270840.61, 4172531.13, 820.32);
insert into STATION values (3317, '.', 1599, 270844.41, 4172524.76, 820.98);
insert into STATION values (3318, '.', 1599, 270844.64, 4172524.59, 818.85);
insert into STATION values (3319, '2', 1599, 270856.95, 4172525.59, 821.08);
insert into STATION values (3320, '.', 1599, 270856.88, 4172526.17, 821.10);
insert into STATION values (3321, '.', 1599, 270856.96, 4172519.44, 825.38);
insert into STATION values (3322, '.', 1599, 270862.26, 4172521.99, 822.71);
insert into STATION values (3323, '.', 1599, 270862.18, 4172525.41, 821.56);
insert into STATION values (3324, '.', 1599, 270852.41, 4172522.72, 823.19);
insert into STATION values (3325, '.', 1599, 270854.22, 4172525.65, 821.56);
insert into STATION values (3326, '.', 1599, 270856.96, 4172525.58, 819.90);
insert into STATION values (3327, '.', 1599, 270856.86, 4172524.66, 823.39);
insert into STATION values (3328, '3', 1599, 270862.31, 4172524.60, 822.68);
insert into STATION values (3329, '.', 1599, 270862.30, 4172525.05, 822.70);
insert into STATION values (3330, '.', 1599, 270863.54, 4172521.63, 822.66);
insert into STATION values (3331, '.', 1599, 270864.27, 4172525.12, 822.52);
insert into STATION values (3332, '.', 1599, 270864.66, 4172522.84, 822.48);
insert into STATION values (3333, '.', 1599, 270866.40, 4172522.69, 822.79);
insert into STATION values (3334, '.', 1599, 270861.97, 4172524.20, 822.81);
insert into STATION values (3335, '.', 1599, 270862.50, 4172524.12, 823.64);
insert into STATION values (3336, '.', 1599, 270862.75, 4172524.40, 820.91);
insert into STATION values (3337, '4', 1599, 270869.59, 4172523.94, 821.68);
insert into STATION values (3338, '.', 1599, 270871.24, 4172522.49, 821.82);
insert into STATION values (3339, '.', 1599, 270868.52, 4172522.43, 821.87);
insert into STATION values (3340, '.', 1599, 270869.26, 4172524.32, 821.75);
insert into STATION values (3341, '.', 1599, 270869.38, 4172525.90, 821.79);
insert into STATION values (3342, '.', 1599, 270872.86, 4172527.69, 821.79);
insert into STATION values (3343, '.', 1599, 270874.99, 4172526.28, 821.74);
insert into STATION values (3344, '.', 1599, 270870.74, 4172520.54, 821.64);
insert into STATION values (3345, '.', 1599, 270869.55, 4172523.85, 823.20);
insert into STATION values (3346, '.', 1599, 270869.66, 4172523.93, 821.04);
insert into STATION values (3347, '5', 1599, 270867.28, 4172512.95, 819.97);
insert into STATION values (3348, '.', 1599, 270869.90, 4172513.28, 820.40);
insert into STATION values (3349, '.', 1599, 270869.78, 4172508.64, 820.39);
insert into STATION values (3350, '.', 1599, 270866.05, 4172500.97, 820.41);
insert into STATION values (3351, '.', 1599, 270864.03, 4172511.85, 820.74);
insert into STATION values (3352, '.', 1599, 270865.99, 4172514.81, 820.32);
insert into STATION values (3353, '.', 1599, 270867.38, 4172512.83, 821.04);
insert into STATION values (3354, '.', 1599, 270867.29, 4172512.92, 819.47);
insert into STATION values (3355, '6', 1599, 270863.33, 4172493.34, 820.43);
insert into STATION values (3356, '.', 1599, 270867.15, 4172497.24, 820.22);
insert into STATION values (3357, '.', 1599, 270865.49, 4172499.80, 820.24);
insert into STATION values (3358, '.', 1599, 270870.94, 4172491.46, 820.28);
insert into STATION values (3359, '.', 1599, 270875.77, 4172482.15, 820.32);
insert into STATION values (3360, '.', 1599, 270858.70, 4172462.52, 819.73);
insert into STATION values (3361, '.', 1599, 270850.81, 4172477.45, 820.79);
insert into STATION values (3362, '.', 1599, 270852.30, 4172487.55, 821.76);
insert into STATION values (3363, '.', 1599, 270850.93, 4172491.67, 822.53);
insert into STATION values (3364, '.', 1599, 270832.52, 4172498.30, 824.71);
insert into STATION values (3365, '.', 1599, 270833.99, 4172507.24, 826.51);
insert into STATION values (3366, '.', 1599, 270848.37, 4172509.24, 824.64);
insert into STATION values (3367, '.', 1599, 270856.93, 4172505.01, 822.49);
insert into STATION values (3368, '.', 1599, 270863.29, 4172493.24, 822.10);
insert into STATION values (3369, '.', 1599, 270863.34, 4172493.22, 819.28);
insert into STATION values (3370, 'PTR_FR24_A14_7', 1599, 270867.96, 4172466.15, 819.11);
insert into STATION values (3371, '.', 1599, 270861.00, 4172458.63, 819.96);
insert into STATION values (3372, '.', 1599, 270882.43, 4172468.51, 821.52);
insert into STATION values (3373, '.', 1599, 270885.66, 4172446.32, 822.28);
insert into STATION values (3374, '.', 1599, 270872.53, 4172431.66, 821.73);
insert into STATION values (3375, '.', 1599, 270853.62, 4172472.88, 820.75);
insert into STATION values (3376, '.', 1599, 270868.07, 4172492.77, 820.84);
insert into STATION values (3377, '.', 1599, 270867.63, 4172465.82, 822.75);
insert into STATION values (3378, '.', 1599, 270867.97, 4172466.19, 818.69);
insert into STATION values (3379, '8', 1599, 270881.03, 4172435.13, 819.82);
insert into STATION values (3380, '.', 1599, 270871.72, 4172433.52, 821.16);
insert into STATION values (3381, '.', 1599, 270878.78, 4172425.44, 823.19);
insert into STATION values (3382, '.', 1599, 270887.85, 4172434.11, 822.34);
insert into STATION values (3383, '.', 1599, 270886.55, 4172442.47, 821.79);
insert into STATION values (3384, '.', 1599, 270883.51, 4172454.86, 822.26);
insert into STATION values (3385, '.', 1599, 270868.85, 4172439.39, 821.06);
insert into STATION values (3386, '.', 1599, 270881.11, 4172434.84, 823.67);
insert into STATION values (3387, '.', 1599, 270880.88, 4172435.25, 819.02);
insert into STATION values (3388, '9', 1599, 270887.82, 4172423.86, 823.99);
insert into STATION values (3389, '.', 1599, 270891.30, 4172430.91, 822.82);
insert into STATION values (3390, '.', 1599, 270880.15, 4172411.65, 822.38);
insert into STATION values (3391, '.', 1599, 270876.75, 4172425.96, 823.17);
insert into STATION values (3392, '.', 1599, 270886.55, 4172437.42, 823.14);
insert into STATION values (3393, '.', 1599, 270896.53, 4172424.29, 823.03);
insert into STATION values (3394, '.', 1599, 270887.78, 4172423.87, 824.46);
insert into STATION values (3395, '.', 1599, 270888.02, 4172423.75, 821.87);
insert into STATION values (3396, '10', 1599, 270894.61, 4172414.74, 821.72);
insert into STATION values (3397, '.', 1599, 270891.32, 4172430.41, 821.08);
insert into STATION values (3398, '.', 1599, 270899.79, 4172425.93, 821.25);
insert into STATION values (3399, '.', 1599, 270907.21, 4172422.41, 821.03);
insert into STATION values (3400, '.', 1599, 270904.75, 4172410.36, 821.72);
insert into STATION values (3401, '.', 1599, 270913.66, 4172386.33, 821.01);
insert into STATION values (3402, '.', 1599, 270901.48, 4172408.45, 821.71);
insert into STATION values (3403, '.', 1599, 270895.80, 4172390.73, 822.56);
insert into STATION values (3404, '.', 1599, 270890.21, 4172396.48, 822.67);
insert into STATION values (3405, '.', 1599, 270885.14, 4172400.29, 822.51);
insert into STATION values (3406, '.', 1599, 270882.89, 4172409.16, 822.27);
insert into STATION values (3407, '.', 1599, 270879.62, 4172413.57, 822.88);
insert into STATION values (3408, '.', 1599, 270873.09, 4172424.61, 822.51);
insert into STATION values (3409, '.', 1599, 270872.21, 4172434.80, 821.99);
insert into STATION values (3410, '.', 1599, 270894.79, 4172414.95, 823.49);
insert into STATION values (3411, '.', 1599, 270894.78, 4172414.83, 820.60);
insert into STATION values (3412, '11', 1599, 270919.75, 4172420.34, 819.61);
insert into STATION values (3413, '.', 1599, 270916.25, 4172424.00, 821.08);
insert into STATION values (3414, '.', 1599, 270915.72, 4172420.93, 820.44);
insert into STATION values (3415, '.', 1599, 270924.42, 4172426.15, 820.75);
insert into STATION values (3416, '.', 1599, 270925.53, 4172421.96, 820.60);
insert into STATION values (3417, '.', 1599, 270925.61, 4172416.53, 821.16);
insert into STATION values (3418, '.', 1599, 270920.07, 4172418.18, 820.39);
insert into STATION values (3419, '.', 1599, 270919.92, 4172420.84, 822.41);
insert into STATION values (3420, '.', 1599, 270919.88, 4172420.26, 819.21);
insert into STATION values (3421, '12', 1599, 270932.08, 4172429.91, 820.78);
insert into STATION values (3422, '.', 1599, 270932.91, 4172428.97, 820.89);
insert into STATION values (3423, '.', 1599, 270935.05, 4172431.17, 820.59);
insert into STATION values (3424, '.', 1599, 270931.11, 4172430.69, 821.77);
insert into STATION values (3425, '.', 1599, 270931.12, 4172427.32, 820.92);
insert into STATION values (3426, '.', 1599, 270932.01, 4172430.03, 821.86);
insert into STATION values (3427, '.', 1599, 270932.20, 4172429.90, 819.82);
insert into STATION values (3428, '13', 1599, 270932.94, 4172428.19, 820.24);
insert into STATION values (3429, '.', 1599, 270933.48, 4172428.72, 820.02);
insert into STATION values (3430, '.', 1599, 270932.78, 4172427.97, 820.25);
insert into STATION values (3431, '.', 1599, 270934.86, 4172427.59, 820.31);
insert into STATION values (3432, '.', 1599, 270936.13, 4172425.72, 820.42);
insert into STATION values (3433, '.', 1599, 270932.67, 4172429.02, 820.22);
insert into STATION values (3434, '.', 1599, 270932.56, 4172429.61, 820.32);
insert into STATION values (3435, '.', 1599, 270932.89, 4172428.10, 820.59);
insert into STATION values (3436, '.', 1599, 270933.00, 4172428.18, 819.84);
insert into STATION values (3437, '14', 1599, 270940.53, 4172419.66, 820.36);
insert into STATION values (3438, '15', 1599, 270896.80, 4172406.09, 821.80);
insert into STATION values (3439, '.', 1599, 270901.97, 4172408.25, 822.10);
insert into STATION values (3440, '.', 1599, 270904.70, 4172417.53, 822.90);
insert into STATION values (3441, '.', 1599, 270900.58, 4172425.26, 823.20);
insert into STATION values (3442, '.', 1599, 270890.65, 4172389.59, 822.26);
insert into STATION values (3443, '.', 1599, 270885.63, 4172398.93, 823.27);
insert into STATION values (3444, '.', 1599, 270911.60, 4172384.52, 820.80);
insert into STATION values (3445, '.', 1599, 270883.19, 4172410.37, 822.92);
insert into STATION values (3446, '.', 1599, 270896.78, 4172405.68, 823.97);
insert into STATION values (3447, '.', 1599, 270896.81, 4172406.16, 821.26);
insert into STATION values (3448, '.', 1599, 270894.64, 4172384.59, 821.27);
insert into STATION values (3449, '16', 1599, 270905.14, 4172383.85, 820.22);
insert into STATION values (3450, '.', 1599, 270908.15, 4172382.63, 820.82);
insert into STATION values (3451, '.', 1599, 270901.91, 4172382.62, 820.82);
insert into STATION values (3452, '.', 1599, 270903.05, 4172379.08, 820.75);
insert into STATION values (3453, '.', 1599, 270904.24, 4172377.43, 820.81);
insert into STATION values (3454, '.', 1599, 270908.59, 4172374.83, 819.26);
insert into STATION values (3455, '.', 1599, 270885.41, 4172396.06, 822.95);
insert into STATION values (3456, '.', 1599, 270905.44, 4172401.62, 822.44);
insert into STATION values (3457, '.', 1599, 270912.21, 4172383.20, 821.82);
insert into STATION values (3458, '.', 1599, 270904.40, 4172383.58, 824.59);
insert into STATION values (3459, '.', 1599, 270904.82, 4172383.75, 818.50);
insert into STATION values (3460, 'PTR_FR24_A15_17', 1599, 270915.79, 4172370.95, 818.02);
insert into STATION values (3461, '.', 1599, 270912.80, 4172369.36, 820.11);
insert into STATION values (3462, '.', 1599, 270916.06, 4172369.32, 818.44);
insert into STATION values (3463, '.', 1599, 270909.33, 4172375.52, 819.08);
insert into STATION values (3464, '.', 1599, 270915.64, 4172370.91, 818.84);
insert into STATION values (3465, '.', 1599, 270915.71, 4172370.96, 817.49);
insert into STATION values (3466, '18', 1599, 270855.20, 4172485.18, 820.30);
insert into STATION values (3467, '.', 1599, 270850.71, 4172475.26, 820.15);
insert into STATION values (3468, '.', 1599, 270856.66, 4172465.97, 820.17);
insert into STATION values (3469, '.', 1599, 270870.94, 4172487.94, 821.08);
insert into STATION values (3470, '.', 1599, 270882.48, 4172466.53, 820.99);
insert into STATION values (3471, '.', 1599, 270845.87, 4172494.11, 821.02);
insert into STATION values (3472, '.', 1599, 270839.24, 4172499.88, 823.54);
insert into STATION values (3473, '.', 1599, 270851.44, 4172506.37, 824.91);
insert into STATION values (3474, '.', 1599, 270841.12, 4172481.79, 819.19);
insert into STATION values (3475, '.', 1599, 270855.37, 4172486.51, 822.82);
insert into STATION values (3476, '.', 1599, 270855.19, 4172485.13, 818.92);
insert into STATION values (3477, '19', 1599, 270832.06, 4172491.68, 819.06);
insert into STATION values (3478, '.', 1599, 270829.43, 4172488.23, 819.47);
insert into STATION values (3479, '.', 1599, 270822.38, 4172496.84, 819.60);
insert into STATION values (3480, '.', 1599, 270825.28, 4172500.31, 819.77);
insert into STATION values (3481, '.', 1599, 270835.08, 4172498.68, 821.73);
insert into STATION values (3482, '.', 1599, 270850.15, 4172502.28, 826.08);
insert into STATION values (3483, '.', 1599, 270844.16, 4172484.60, 819.90);
insert into STATION values (3484, '.', 1599, 270831.85, 4172491.64, 820.62);
insert into STATION values (3485, '.', 1599, 270831.96, 4172491.63, 818.55);
insert into STATION values (3486, '20', 1599, 270827.54, 4172501.18, 820.53);
insert into STATION values (3487, '.', 1599, 270824.63, 4172500.20, 820.52);
insert into STATION values (3488, '.', 1599, 270832.86, 4172507.40, 826.56);
insert into STATION values (3489, '.', 1599, 270841.55, 4172497.88, 826.85);
insert into STATION values (3490, '.', 1599, 270847.01, 4172486.54, 820.82);
insert into STATION values (3491, '.', 1599, 270826.71, 4172490.81, 819.64);
insert into STATION values (3492, '.', 1599, 270827.84, 4172501.39, 822.44);
insert into STATION values (3493, '.', 1599, 270827.82, 4172501.18, 819.03);
insert into STATION values (3494, '21', 1599, 270822.69, 4172504.95, 823.01);
insert into STATION values (3495, '.', 1599, 270822.03, 4172502.94, 822.77);
insert into STATION values (3496, '.', 1599, 270820.76, 4172506.92, 822.92);
insert into STATION values (3497, '.', 1599, 270823.17, 4172510.79, 823.93);
insert into STATION values (3498, '.', 1599, 270827.80, 4172506.74, 827.10);
insert into STATION values (3499, '.', 1599, 270824.89, 4172503.69, 823.15);
insert into STATION values (3500, '.', 1599, 270822.83, 4172504.99, 824.08);
insert into STATION values (3501, '.', 1599, 270822.59, 4172504.95, 820.40);
insert into STATION values (3502, '22', 1599, 270820.86, 4172510.42, 822.19);
insert into STATION values (3503, '.', 1599, 270824.29, 4172511.84, 823.08);
insert into STATION values (3504, '.', 1599, 270819.31, 4172505.44, 821.90);
insert into STATION values (3505, '.', 1599, 270815.71, 4172508.96, 819.64);
insert into STATION values (3506, '.', 1599, 270827.10, 4172504.73, 826.35);
insert into STATION values (3507, '.', 1599, 270821.36, 4172504.65, 823.33);
insert into STATION values (3508, '.', 1599, 270820.95, 4172510.22, 823.82);
insert into STATION values (3509, '.', 1599, 270820.89, 4172510.35, 821.49);
insert into STATION values (3510, '23', 1599, 270805.06, 4172542.27, 818.68);
insert into STATION values (3511, '.', 1599, 270780.77, 4172554.40, 819.54);
insert into STATION values (3512, '.', 1599, 270802.41, 4172557.24, 818.02);
insert into STATION values (3513, '.', 1599, 270813.05, 4172551.84, 819.05);
insert into STATION values (3514, '.', 1599, 270825.39, 4172548.15, 818.94);
insert into STATION values (3515, '.', 1599, 270815.55, 4172538.42, 819.94);
insert into STATION values (3516, '.', 1599, 270812.27, 4172512.60, 820.39);
insert into STATION values (3517, '.', 1599, 270805.16, 4172542.33, 820.24);
insert into STATION values (3518, '.', 1599, 270805.11, 4172542.24, 818.13);
insert into STATION values (3519, '24', 1599, 270813.13, 4172568.60, 817.19);
insert into STATION values (3520, '.', 1599, 270806.19, 4172568.29, 817.74);
insert into STATION values (3521, '.', 1599, 270811.40, 4172574.20, 817.25);
insert into STATION values (3522, '.', 1599, 270817.46, 4172572.43, 816.97);
insert into STATION values (3523, '.', 1599, 270817.51, 4172566.22, 817.54);
insert into STATION values (3524, '.', 1599, 270816.65, 4172561.94, 817.44);
insert into STATION values (3525, '.', 1599, 270806.75, 4172562.04, 818.07);
insert into STATION values (3526, '.', 1599, 270813.03, 4172568.73, 818.57);
insert into STATION values (3527, '.', 1599, 270813.16, 4172568.60, 816.61);
insert into STATION values (3528, '25', 1599, 270815.18, 4172582.68, 816.20);
insert into STATION values (3529, '.', 1599, 270811.52, 4172582.92, 816.67);
insert into STATION values (3530, '.', 1599, 270813.56, 4172587.71, 816.63);
insert into STATION values (3531, '.', 1599, 270818.38, 4172583.81, 816.17);
insert into STATION values (3532, '.', 1599, 270819.68, 4172579.79, 816.95);
insert into STATION values (3533, '.', 1599, 270817.20, 4172578.04, 816.71);
insert into STATION values (3534, '.', 1599, 270811.14, 4172575.30, 816.90);
insert into STATION values (3535, '.', 1599, 270815.33, 4172582.71, 817.32);
insert into STATION values (3536, '.', 1599, 270815.21, 4172582.57, 815.60);
insert into STATION values (3537, '26', 1599, 270818.55, 4172590.47, 814.05);
insert into STATION values (3538, '.', 1599, 270818.17, 4172590.72, 814.10);
insert into STATION values (3539, '.', 1599, 270818.30, 4172592.70, 813.93);
insert into STATION values (3540, '.', 1599, 270820.32, 4172589.63, 814.82);
insert into STATION values (3541, '.', 1599, 270818.53, 4172587.98, 814.23);
insert into STATION values (3542, '.', 1599, 270818.68, 4172590.49, 816.09);
insert into STATION values (3543, '.', 1599, 270818.61, 4172590.49, 812.75);
insert into STATION values (3544, '27', 1599, 270820.02, 4172595.49, 814.26);
insert into STATION values (3545, '.', 1599, 270817.94, 4172595.69, 814.62);
insert into STATION values (3546, '.', 1599, 270815.52, 4172598.77, 815.59);
insert into STATION values (3547, '.', 1599, 270817.91, 4172599.76, 815.31);
insert into STATION values (3548, '.', 1599, 270820.40, 4172600.54, 815.12);
insert into STATION values (3549, '.', 1599, 270822.11, 4172598.67, 814.79);
insert into STATION values (3550, '.', 1599, 270821.28, 4172595.76, 814.44);
insert into STATION values (3551, '.', 1599, 270821.59, 4172594.12, 814.46);
insert into STATION values (3552, '.', 1599, 270819.26, 4172593.89, 814.31);
insert into STATION values (3553, '.', 1599, 270820.07, 4172595.44, 817.84);
insert into STATION values (3554, '.', 1599, 270820.05, 4172595.44, 813.15);
insert into STATION values (3555, '28', 1599, 270820.49, 4172597.78, 814.13);
insert into STATION values (3556, '.', 1599, 270818.39, 4172601.09, 815.10);
insert into STATION values (3557, '.', 1599, 270817.55, 4172595.16, 815.12);
insert into STATION values (3558, '.', 1599, 270822.24, 4172598.31, 814.31);
insert into STATION values (3559, '.', 1599, 270821.70, 4172596.64, 814.10);
insert into STATION values (3560, '.', 1599, 270821.56, 4172596.29, 814.20);
insert into STATION values (3561, '29', 1599, 270812.40, 4172599.03, 817.49);
insert into STATION values (3562, '30', 1599, 270822.76, 4172599.72, 811.77);
insert into STATION values (3563, '.', 1599, 270821.88, 4172600.64, 812.20);
insert into STATION values (3564, '.', 1599, 270824.74, 4172602.38, 812.07);
insert into STATION values (3565, '.', 1599, 270825.15, 4172600.38, 811.97);
insert into STATION values (3566, '.', 1599, 270823.53, 4172598.70, 811.94);
insert into STATION values (3567, '.', 1599, 270822.24, 4172598.32, 812.11);
insert into STATION values (3568, '.', 1599, 270822.76, 4172599.77, 812.77);
insert into STATION values (3569, '.', 1599, 270822.74, 4172599.73, 811.23);
insert into STATION values (3570, 'PTR_FR24_B70_31', 1599, 270826.75, 4172603.90, 811.81);
insert into STATION values (3571, '.', 1599, 270826.05, 4172604.66, 811.83);
insert into STATION values (3572, '.', 1599, 270829.78, 4172602.27, 811.78);
insert into STATION values (3573, '.', 1599, 270827.02, 4172601.93, 811.93);
insert into STATION values (3574, '.', 1599, 270825.46, 4172600.87, 812.07);
insert into STATION values (3575, '.', 1599, 270821.21, 4172598.27, 813.12);
insert into STATION values (3576, '.', 1599, 270825.17, 4172603.07, 812.01);
insert into STATION values (3577, '.', 1599, 270826.88, 4172603.68, 813.05);
insert into STATION values (3578, '.', 1599, 270826.71, 4172603.82, 811.15);
insert into STATION values (3579, '32', 1599, 270829.82, 4172602.24, 811.69);
insert into STATION values (3580, '.', 1599, 270829.56, 4172601.78, 811.73);
insert into STATION values (3581, '.', 1599, 270829.82, 4172602.79, 811.68);
insert into STATION values (3582, '.', 1599, 270829.81, 4172602.18, 812.32);
insert into STATION values (3583, '.', 1599, 270829.80, 4172602.22, 811.34);
insert into STATION values (3584, '33', 1599, 270798.86, 4172522.13, 818.86);
insert into STATION values (3585, '.', 1599, 270801.38, 4172511.75, 818.97);
insert into STATION values (3586, '.', 1599, 270788.28, 4172516.80, 819.14);
insert into STATION values (3587, '.', 1599, 270782.57, 4172548.15, 820.14);
insert into STATION values (3588, '.', 1599, 270817.34, 4172536.45, 819.75);
insert into STATION values (3589, '.', 1599, 270798.82, 4172521.93, 820.97);
insert into STATION values (3590, '.', 1599, 270798.91, 4172522.14, 818.33);
insert into STATION values (3591, '34', 1599, 270786.46, 4172515.69, 817.76);
insert into STATION values (3592, '.', 1599, 270785.91, 4172511.38, 817.24);
insert into STATION values (3593, '.', 1599, 270781.95, 4172523.10, 817.42);
insert into STATION values (3594, '.', 1599, 270781.93, 4172514.91, 817.57);
insert into STATION values (3595, '.', 1599, 270788.56, 4172512.33, 817.86);
insert into STATION values (3596, '.', 1599, 270786.25, 4172515.60, 819.64);
insert into STATION values (3597, '.', 1599, 270786.54, 4172515.82, 817.05);
insert into STATION values (3598, '35', 1599, 270777.39, 4172517.98, 815.65);
insert into STATION values (3599, '.', 1599, 270772.49, 4172522.19, 815.46);
insert into STATION values (3600, '.', 1599, 270776.73, 4172514.56, 815.76);
insert into STATION values (3601, '.', 1599, 270781.15, 4172514.56, 816.78);
insert into STATION values (3602, '.', 1599, 270777.42, 4172522.02, 817.10);
insert into STATION values (3603, '.', 1599, 270777.24, 4172517.81, 819.28);
insert into STATION values (3604, '.', 1599, 270777.31, 4172517.98, 814.76);
insert into STATION values (3605, '36', 1599, 270773.45, 4172511.11, 813.09);
insert into STATION values (3606, '.', 1599, 270775.49, 4172509.85, 813.26);
insert into STATION values (3607, '.', 1599, 270773.23, 4172506.65, 813.15);
insert into STATION values (3608, '.', 1599, 270765.54, 4172507.04, 812.36);
insert into STATION values (3609, '.', 1599, 270768.03, 4172513.43, 813.52);
insert into STATION values (3610, '.', 1599, 270768.67, 4172515.72, 813.79);
insert into STATION values (3611, '.', 1599, 270772.42, 4172514.59, 813.64);
insert into STATION values (3612, '.', 1599, 270773.32, 4172511.12, 814.38);
insert into STATION values (3613, '.', 1599, 270773.42, 4172511.32, 812.38);
insert into STATION values (3614, '37', 1599, 270768.07, 4172521.98, 814.54);
insert into STATION values (3615, '38', 1599, 270771.98, 4172504.93, 811.84);
insert into STATION values (3616, '.', 1599, 270775.55, 4172505.53, 812.05);
insert into STATION values (3617, '.', 1599, 270786.97, 4172497.47, 812.28);
insert into STATION values (3618, '.', 1599, 270780.61, 4172492.89, 812.08);
insert into STATION values (3619, '.', 1599, 270772.86, 4172493.63, 811.94);
insert into STATION values (3620, '.', 1599, 270768.13, 4172500.04, 812.05);
insert into STATION values (3621, '.', 1599, 270766.19, 4172505.24, 812.04);
insert into STATION values (3622, '.', 1599, 270768.45, 4172510.53, 812.54);
insert into STATION values (3623, '.', 1599, 270772.17, 4172504.77, 812.67);
insert into STATION values (3624, '.', 1599, 270771.92, 4172504.85, 811.44);
insert into STATION values (3625, '39', 1599, 270776.69, 4172493.87, 811.95);
insert into STATION values (3626, '.', 1599, 270781.17, 4172495.78, 812.06);
insert into STATION values (3627, '.', 1599, 270782.41, 4172489.56, 812.09);
insert into STATION values (3628, '.', 1599, 270773.14, 4172484.09, 811.66);
insert into STATION values (3629, '.', 1599, 270773.56, 4172492.08, 811.53);
insert into STATION values (3630, '.', 1599, 270770.95, 4172497.14, 812.16);
insert into STATION values (3631, '.', 1599, 270776.77, 4172493.89, 812.65);
insert into STATION values (3632, '.', 1599, 270776.49, 4172493.99, 811.28);
insert into STATION values (3633, 'PTR_FR24_B69_40', 1599, 270780.75, 4172485.29, 811.83);
insert into STATION values (3634, '.', 1599, 270782.71, 4172487.15, 811.96);
insert into STATION values (3635, '.', 1599, 270777.21, 4172481.32, 811.68);
insert into STATION values (3636, '.', 1599, 270784.47, 4172479.09, 811.74);
insert into STATION values (3637, '.', 1599, 270785.00, 4172483.84, 811.97);
insert into STATION values (3638, '.', 1599, 270780.87, 4172485.22, 812.74);
insert into STATION values (3639, '.', 1599, 270780.82, 4172485.45, 811.21);
insert into STATION values (3640, '41', 1599, 270790.87, 4172476.76, 810.86);
insert into STATION values (3641, '00', 1750, 266003.00, 4170934.00, 353.00);
insert into STATION_FLAG values(3641, 'ent');
insert into STATION_FLAG values(3641, 'fix');
insert into STATION values (3642, '.', 1750, 266030.02, 4170946.63, 364.69);
insert into STATION values (3643, '.', 1750, 266011.67, 4170911.25, 359.34);
insert into STATION values (3644, '.', 1750, 265993.46, 4170909.95, 354.72);
insert into STATION values (3645, '.', 1750, 265976.98, 4170969.75, 367.28);
insert into STATION values (3646, '.', 1750, 266025.63, 4170967.37, 370.11);
insert into STATION values (3647, '.', 1750, 266029.49, 4170932.36, 364.26);
insert into STATION values (3648, '.', 1750, 266018.21, 4170918.65, 358.75);
insert into STATION values (3649, '.', 1750, 265996.70, 4170910.22, 359.13);
insert into STATION values (3650, '1', 1750, 266004.83, 4170925.84, 351.04);
insert into STATION values (3651, '.', 1750, 265985.56, 4170922.87, 356.70);
insert into STATION values (3652, '.', 1750, 265993.61, 4170909.11, 353.51);
insert into STATION values (3653, '.', 1750, 266012.67, 4170909.45, 354.87);
insert into STATION values (3654, '.', 1750, 266018.93, 4170919.81, 355.70);
insert into STATION values (3655, '.', 1750, 265995.17, 4170942.34, 354.24);
insert into STATION values (3656, '.', 1750, 266004.69, 4170925.66, 350.24);
insert into STATION values (3657, '2', 1750, 266005.31, 4170922.21, 349.11);
insert into STATION values (3658, '.', 1750, 266007.23, 4170904.12, 349.69);
insert into STATION values (3659, '.', 1750, 265991.39, 4170909.82, 347.62);
insert into STATION values (3660, '.', 1750, 265992.42, 4170922.49, 348.64);
insert into STATION values (3661, '.', 1750, 266002.21, 4170925.38, 349.21);
insert into STATION values (3662, '.', 1750, 266006.15, 4170923.13, 349.31);
insert into STATION values (3663, '.', 1750, 266004.86, 4170921.55, 346.74);
insert into STATION values (3664, '3', 1750, 266000.99, 4170919.09, 346.82);
insert into STATION values (3665, '.', 1750, 266016.66, 4170913.35, 349.49);
insert into STATION values (3666, '.', 1750, 266003.90, 4170901.23, 347.20);
insert into STATION values (3667, '.', 1750, 265990.64, 4170911.25, 346.71);
insert into STATION values (3668, '.', 1750, 266006.13, 4170909.56, 359.32);
insert into STATION values (3669, '.', 1750, 266001.38, 4170918.81, 345.03);
insert into STATION values (3670, '4', 1750, 266002.40, 4170911.73, 343.65);
insert into STATION values (3671, '.', 1750, 265996.20, 4170908.62, 343.01);
insert into STATION values (3672, '.', 1750, 265989.66, 4170914.49, 348.22);
insert into STATION values (3673, '.', 1750, 266009.07, 4170899.21, 343.48);
insert into STATION values (3674, '.', 1750, 266002.88, 4170904.66, 353.05);
insert into STATION values (3675, '.', 1750, 266002.99, 4170911.44, 341.85);
insert into STATION values (3676, '5', 1750, 266010.39, 4170904.34, 340.03);
insert into STATION values (3677, '.', 1750, 266020.43, 4170898.56, 340.62);
insert into STATION values (3678, '.', 1750, 266010.68, 4170892.97, 339.61);
insert into STATION values (3679, '.', 1750, 265999.06, 4170895.51, 339.45);
insert into STATION values (3680, '.', 1750, 265993.00, 4170904.24, 339.73);
insert into STATION values (3681, '.', 1750, 266011.08, 4170904.17, 338.35);
insert into STATION values (3682, '.', 1750, 266009.58, 4170902.88, 346.12);
insert into STATION values (3683, '6', 1750, 266016.17, 4170897.59, 337.08);
insert into STATION values (3684, '.', 1750, 266006.45, 4170901.16, 337.78);
insert into STATION values (3685, '.', 1750, 265992.84, 4170906.11, 339.08);
insert into STATION values (3686, '.', 1750, 266002.19, 4170893.04, 338.73);
insert into STATION values (3687, '.', 1750, 266014.36, 4170889.20, 338.53);
insert into STATION values (3688, '.', 1750, 266017.02, 4170889.78, 337.96);
insert into STATION values (3689, '.', 1750, 266022.71, 4170895.69, 338.90);
insert into STATION values (3690, '.', 1750, 266025.26, 4170900.81, 339.07);
insert into STATION values (3691, '.', 1750, 266025.05, 4170910.54, 343.55);
insert into STATION values (3692, '.', 1750, 266014.85, 4170906.38, 340.47);
insert into STATION values (3693, '.', 1750, 266008.14, 4170907.74, 342.28);
insert into STATION values (3694, '.', 1750, 266002.10, 4170907.07, 341.85);
insert into STATION values (3695, '.', 1750, 266015.44, 4170897.27, 342.38);
insert into STATION values (3696, '.', 1750, 266015.62, 4170897.61, 336.16);
insert into STATION values (3697, '7', 1750, 266004.50, 4170892.87, 332.52);
insert into STATION values (3698, '.', 1750, 266005.26, 4170888.55, 333.55);
insert into STATION values (3699, '.', 1750, 266011.56, 4170890.32, 336.33);
insert into STATION values (3700, '.', 1750, 265990.80, 4170883.78, 335.01);
insert into STATION values (3701, '.', 1750, 265989.75, 4170905.80, 337.34);
insert into STATION values (3702, '.', 1750, 266003.62, 4170902.96, 335.31);
insert into STATION values (3703, '.', 1750, 266009.88, 4170898.89, 334.05);
insert into STATION values (3704, '.', 1750, 266003.68, 4170892.31, 338.42);
insert into STATION values (3705, '.', 1750, 266004.01, 4170893.25, 330.80);
insert into STATION values (3706, '8', 1750, 265988.51, 4170894.65, 328.86);
insert into STATION values (3707, '.', 1750, 265984.37, 4170911.54, 330.60);
insert into STATION values (3708, '.', 1750, 265988.25, 4170877.18, 332.01);
insert into STATION values (3709, '.', 1750, 265998.71, 4170884.46, 335.04);
insert into STATION values (3710, '.', 1750, 265991.98, 4170905.44, 332.93);
insert into STATION values (3711, '.', 1750, 266005.94, 4170898.98, 334.08);
insert into STATION values (3712, '.', 1750, 265968.29, 4170897.54, 331.30);
insert into STATION values (3713, '.', 1750, 265974.39, 4170881.27, 331.49);
insert into STATION values (3714, '.', 1750, 265982.09, 4170876.78, 330.69);
insert into STATION values (3715, '.', 1750, 265988.48, 4170896.41, 336.93);
insert into STATION values (3716, '.', 1750, 265988.54, 4170894.60, 327.62);
insert into STATION values (3717, '9', 1750, 265974.63, 4170893.93, 330.82);
insert into STATION values (3718, '.', 1750, 265977.14, 4170878.90, 331.56);
insert into STATION values (3719, '.', 1750, 265964.40, 4170881.80, 330.37);
insert into STATION values (3720, '.', 1750, 265972.18, 4170900.03, 328.62);
insert into STATION values (3721, '.', 1750, 265983.25, 4170909.84, 331.89);
insert into STATION values (3722, '.', 1750, 265999.77, 4170884.05, 334.18);
insert into STATION values (3723, '.', 1750, 265974.53, 4170894.03, 329.80);
insert into STATION values (3724, '.', 1750, 265974.52, 4170893.51, 335.00);
insert into STATION values (3725, '10', 1750, 265958.40, 4170887.36, 334.54);
insert into STATION values (3726, '.', 1750, 265961.02, 4170900.50, 335.33);
insert into STATION values (3727, '.', 1750, 265954.33, 4170887.10, 336.52);
insert into STATION values (3728, '.', 1750, 265954.58, 4170884.11, 334.81);
insert into STATION values (3729, '.', 1750, 265960.69, 4170880.64, 333.74);
insert into STATION values (3730, '.', 1750, 265966.98, 4170882.05, 332.98);
insert into STATION values (3731, '.', 1750, 265966.42, 4170894.29, 333.72);
insert into STATION values (3732, '.', 1750, 265958.29, 4170887.36, 336.02);
insert into STATION values (3733, '.', 1750, 265958.40, 4170887.37, 333.15);
insert into STATION values (3734, '11', 1750, 265953.91, 4170871.92, 331.76);
insert into STATION values (3735, '.', 1750, 265953.57, 4170872.03, 331.76);
insert into STATION values (3736, '.', 1750, 265954.88, 4170871.80, 331.73);
insert into STATION values (3737, '.', 1750, 265953.52, 4170871.51, 333.65);
insert into STATION values (3738, '.', 1750, 265953.92, 4170871.71, 330.17);
insert into STATION values (3739, '12', 1750, 266016.54, 4170893.24, 336.73);
insert into STATION values (3740, '.', 1750, 266023.41, 4170896.15, 338.79);
insert into STATION values (3741, '.', 1750, 266014.55, 4170890.35, 337.10);
insert into STATION values (3742, '.', 1750, 266016.78, 4170888.91, 336.99);
insert into STATION values (3743, '.', 1750, 266023.47, 4170890.63, 337.41);
insert into STATION values (3744, '.', 1750, 266025.93, 4170907.84, 340.71);
insert into STATION values (3745, '.', 1750, 266002.56, 4170905.72, 340.89);
insert into STATION values (3746, '.', 1750, 265996.88, 4170905.60, 340.83);
insert into STATION values (3747, '.', 1750, 265995.30, 4170896.70, 338.05);
insert into STATION values (3748, '.', 1750, 266006.66, 4170890.81, 337.73);
insert into STATION values (3749, '.', 1750, 266017.11, 4170893.40, 339.27);
insert into STATION values (3750, '.', 1750, 266016.62, 4170893.34, 335.79);
insert into STATION values (3751, '13', 1750, 266032.96, 4170869.04, 327.23);
insert into STATION values (3752, '.', 1750, 266015.34, 4170875.89, 329.79);
insert into STATION values (3753, '.', 1750, 266032.19, 4170891.54, 332.89);
insert into STATION values (3754, '.', 1750, 266044.90, 4170896.57, 331.45);
insert into STATION values (3755, '.', 1750, 266050.24, 4170871.92, 329.69);
insert into STATION values (3756, '.', 1750, 266038.25, 4170861.23, 326.60);
insert into STATION values (3757, '.', 1750, 266031.19, 4170858.77, 327.34);
insert into STATION values (3758, '.', 1750, 266018.42, 4170863.12, 327.72);
insert into STATION values (3759, '.', 1750, 266031.67, 4170869.68, 334.17);
insert into STATION values (3760, '.', 1750, 266032.46, 4170868.58, 325.25);
insert into STATION values (3761, '14', 1750, 266027.48, 4170863.69, 327.08);
insert into STATION values (3762, '.', 1750, 266034.21, 4170858.70, 326.72);
insert into STATION values (3763, '.', 1750, 266025.20, 4170857.85, 326.89);
insert into STATION values (3764, '.', 1750, 266018.00, 4170864.71, 327.89);
insert into STATION values (3765, '.', 1750, 266014.30, 4170880.23, 328.90);
insert into STATION values (3766, '.', 1750, 266027.06, 4170863.73, 331.77);
insert into STATION values (3767, '.', 1750, 266027.56, 4170863.65, 325.92);
insert into STATION values (3768, '15', 1750, 266014.28, 4170844.66, 320.97);
insert into STATION values (3769, '.', 1750, 266012.45, 4170846.63, 321.06);
insert into STATION values (3770, '.', 1750, 266014.04, 4170840.73, 321.25);
insert into STATION values (3771, '.', 1750, 266020.47, 4170842.03, 321.50);
insert into STATION values (3772, '.', 1750, 266018.70, 4170848.44, 321.12);
insert into STATION values (3773, '.', 1750, 266016.19, 4170853.36, 321.64);
insert into STATION values (3774, '.', 1750, 266012.63, 4170847.14, 321.03);
insert into STATION values (3775, '.', 1750, 266014.66, 4170844.71, 322.51);
insert into STATION values (3776, '.', 1750, 266013.95, 4170844.96, 319.65);
insert into STATION values (3777, '16', 1750, 266056.56, 4170878.03, 326.53);
insert into STATION values (3778, '.', 1750, 266048.64, 4170898.82, 333.16);
insert into STATION values (3779, '.', 1750, 266061.38, 4170871.17, 328.29);
insert into STATION values (3780, '.', 1750, 266056.38, 4170882.94, 339.07);
insert into STATION values (3781, '.', 1750, 266056.79, 4170878.04, 325.57);
insert into STATION values (3782, '.', 1750, 266036.18, 4170889.35, 330.34);
insert into STATION values (3783, '.', 1750, 266037.48, 4170862.50, 328.77);
insert into STATION values (3784, '17', 1750, 266080.43, 4170889.34, 319.84);
insert into STATION values (3785, '.', 1750, 266096.96, 4170858.56, 327.08);
insert into STATION values (3786, '.', 1750, 266071.01, 4170916.31, 327.87);
insert into STATION values (3787, '.', 1750, 266051.03, 4170906.41, 330.37);
insert into STATION values (3788, '.', 1750, 266084.39, 4170859.80, 330.46);
insert into STATION values (3789, '.', 1750, 266057.04, 4170871.04, 327.80);
insert into STATION values (3790, '.', 1750, 266080.75, 4170886.60, 352.01);
insert into STATION values (3791, '.', 1750, 266080.60, 4170889.23, 318.88);
insert into STATION values (3792, '18', 1750, 266091.65, 4170894.07, 314.50);
insert into STATION values (3793, '.', 1750, 266118.25, 4170864.17, 323.08);
insert into STATION values (3794, '.', 1750, 266092.30, 4170864.11, 326.79);
insert into STATION values (3795, '.', 1750, 266066.03, 4170868.41, 329.07);
insert into STATION values (3796, '.', 1750, 266096.29, 4170892.75, 348.84);
insert into STATION values (3797, '.', 1750, 266092.02, 4170894.21, 313.44);
insert into STATION values (3798, '19', 1750, 266104.04, 4170907.80, 316.90);
insert into STATION values (3799, '.', 1750, 266125.38, 4170921.53, 318.01);
insert into STATION values (3800, '.', 1750, 266103.77, 4170908.92, 338.78);
insert into STATION values (3801, '.', 1750, 266104.14, 4170906.87, 315.15);
insert into STATION values (3802, '20', 1750, 266124.31, 4170907.86, 316.90);
insert into STATION values (3803, '.', 1750, 266137.34, 4170910.45, 318.48);
insert into STATION values (3804, '.', 1750, 266097.91, 4170932.17, 320.93);
insert into STATION values (3805, '.', 1750, 266117.18, 4170931.54, 318.76);
insert into STATION values (3806, '.', 1750, 266122.66, 4170908.16, 333.37);
insert into STATION values (3807, '.', 1750, 266124.57, 4170907.47, 314.59);
insert into STATION values (3808, '21', 1750, 266119.14, 4170923.78, 315.64);
insert into STATION values (3809, '.', 1750, 266111.12, 4170934.03, 316.62);
insert into STATION values (3810, '.', 1750, 266123.69, 4170934.16, 316.27);
insert into STATION values (3811, '.', 1750, 266126.82, 4170922.85, 315.48);
insert into STATION values (3812, '.', 1750, 266127.17, 4170920.73, 316.18);
insert into STATION values (3813, '.', 1750, 266120.18, 4170923.01, 322.89);
insert into STATION values (3814, '.', 1750, 266110.28, 4170914.12, 338.45);
insert into STATION values (3815, '.', 1750, 266119.32, 4170923.74, 314.35);
insert into STATION values (3816, '22', 1750, 266133.77, 4170899.19, 317.76);
insert into STATION values (3817, '.', 1750, 266138.70, 4170909.05, 318.38);
insert into STATION values (3818, '.', 1750, 266148.34, 4170900.99, 318.97);
insert into STATION values (3819, '.', 1750, 266141.85, 4170888.53, 318.94);
insert into STATION values (3820, '.', 1750, 266131.33, 4170874.48, 320.24);
insert into STATION values (3821, '.', 1750, 266133.45, 4170900.31, 331.65);
insert into STATION values (3822, '.', 1750, 266134.14, 4170899.14, 315.68);
insert into STATION values (3823, '23', 1750, 266141.93, 4170890.58, 314.74);
insert into STATION values (3824, '.', 1750, 266144.74, 4170906.43, 317.29);
insert into STATION values (3825, '.', 1750, 266153.70, 4170896.65, 316.16);
insert into STATION values (3826, '.', 1750, 266143.84, 4170887.46, 315.00);
insert into STATION values (3827, '.', 1750, 266139.92, 4170887.27, 314.71);
insert into STATION values (3828, '.', 1750, 266142.03, 4170890.50, 313.94);
insert into STATION values (3829, '24', 1750, 266176.60, 4170891.58, 315.35);
insert into STATION values (3830, '25', 1750, 266131.02, 4170929.26, 316.05);
insert into STATION values (3831, '.', 1750, 266125.23, 4170935.81, 316.43);
insert into STATION values (3832, '.', 1750, 266146.53, 4170923.57, 317.88);
insert into STATION values (3833, '.', 1750, 266134.58, 4170921.28, 317.70);
insert into STATION values (3834, '.', 1750, 266114.39, 4170935.52, 317.14);
insert into STATION values (3835, '.', 1750, 266114.70, 4170925.74, 316.78);
insert into STATION values (3836, '.', 1750, 266130.83, 4170929.77, 320.32);
insert into STATION values (3837, '.', 1750, 266131.13, 4170929.91, 314.43);
insert into STATION values (3838, '26', 1750, 266140.03, 4170948.19, 317.63);
insert into STATION values (3839, '.', 1750, 266132.00, 4170953.16, 317.17);
insert into STATION values (3840, '.', 1750, 266159.40, 4170947.23, 318.34);
insert into STATION values (3841, '.', 1750, 266141.43, 4170923.44, 317.24);
insert into STATION values (3842, '.', 1750, 266140.43, 4170948.23, 320.92);
insert into STATION values (3843, '.', 1750, 266140.13, 4170948.49, 316.78);
insert into STATION values (3844, '27', 1750, 266146.19, 4170948.57, 318.64);
insert into STATION values (3845, '.', 1750, 266128.00, 4170948.61, 318.54);
insert into STATION values (3846, '.', 1750, 266143.80, 4170956.89, 318.40);
insert into STATION values (3847, '.', 1750, 266155.11, 4170963.62, 319.77);
insert into STATION values (3848, '.', 1750, 266164.63, 4170951.47, 322.34);
insert into STATION values (3849, '.', 1750, 266156.21, 4170934.55, 318.61);
insert into STATION values (3850, '.', 1750, 266145.40, 4170923.79, 316.69);
insert into STATION values (3851, '.', 1750, 266137.44, 4170922.78, 316.69);
insert into STATION values (3852, '.', 1750, 266146.42, 4170946.87, 323.35);
insert into STATION values (3853, '.', 1750, 266146.58, 4170950.26, 316.33);
insert into STATION values (3854, '28', 1750, 266166.15, 4170930.12, 317.83);
insert into STATION values (3855, '.', 1750, 266173.45, 4170934.32, 321.14);
insert into STATION values (3856, '.', 1750, 266168.36, 4170944.00, 321.65);
insert into STATION values (3857, '.', 1750, 266157.68, 4170934.45, 318.90);
insert into STATION values (3858, '.', 1750, 266164.37, 4170924.67, 318.54);
insert into STATION values (3859, '.', 1750, 266169.59, 4170924.10, 318.40);
insert into STATION values (3860, '.', 1750, 266181.12, 4170927.69, 321.62);
insert into STATION values (3861, '.', 1750, 266167.86, 4170932.03, 321.36);
insert into STATION values (3862, '.', 1750, 266166.15, 4170929.65, 316.16);
insert into STATION values (3863, '29', 1750, 266179.09, 4170923.40, 320.99);
insert into STATION values (3864, '.', 1750, 266170.24, 4170917.42, 318.28);
insert into STATION values (3865, '.', 1750, 266182.54, 4170927.19, 319.79);
insert into STATION values (3866, '.', 1750, 266187.20, 4170912.57, 318.09);
insert into STATION values (3867, '.', 1750, 266179.05, 4170908.77, 317.82);
insert into STATION values (3868, '.', 1750, 266176.85, 4170930.19, 320.50);
insert into STATION values (3869, '.', 1750, 266179.08, 4170923.30, 323.70);
insert into STATION values (3870, '.', 1750, 266179.14, 4170923.46, 320.05);
insert into STATION values (3871, '30', 1750, 266185.12, 4170910.55, 318.18);
insert into STATION values (3872, '31', 1750, 266151.73, 4170958.87, 318.89);
insert into STATION values (3873, '.', 1750, 266157.93, 4170961.60, 319.13);
insert into STATION values (3874, '.', 1750, 266147.96, 4170956.85, 318.54);
insert into STATION values (3875, '.', 1750, 266145.98, 4170964.71, 318.74);
insert into STATION values (3876, '.', 1750, 266152.86, 4170969.69, 318.20);
insert into STATION values (3877, '.', 1750, 266165.27, 4170950.00, 321.13);
insert into STATION values (3878, '.', 1750, 266154.53, 4170935.54, 319.13);
insert into STATION values (3879, '.', 1750, 266146.16, 4170946.90, 319.00);
insert into STATION values (3880, '.', 1750, 266143.39, 4170950.75, 317.00);
insert into STATION values (3881, '.', 1750, 266151.87, 4170958.95, 320.53);
insert into STATION values (3882, '.', 1750, 266151.90, 4170958.68, 317.08);
insert into STATION values (3883, '32', 1750, 266145.74, 4170972.81, 318.12);
insert into STATION values (3884, '.', 1750, 266150.59, 4170973.83, 318.53);
insert into STATION values (3885, '.', 1750, 266141.52, 4170972.20, 318.74);
insert into STATION values (3886, '.', 1750, 266145.66, 4170977.89, 318.47);
insert into STATION values (3887, '.', 1750, 266153.20, 4170969.34, 318.52);
insert into STATION values (3888, '.', 1750, 266144.09, 4170968.74, 318.83);
insert into STATION values (3889, '.', 1750, 266145.89, 4170972.70, 319.56);
insert into STATION values (3890, '.', 1750, 266145.78, 4170972.95, 317.45);
insert into STATION values (3891, '.', 1750, 266142.44, 4170976.01, 318.56);
insert into STATION values (3892, '33', 1750, 266142.08, 4170975.51, 318.64);
insert into STATION values (3893, '00', 1957, 266002.00, 4170947.00, 353.00);
insert into STATION_FLAG values(3893, 'ent');
insert into STATION_FLAG values(3893, 'fix');
insert into STATION values (3894, '.', 1957, 265998.85, 4170949.52, 352.55);
insert into STATION values (3895, '.', 1957, 266003.46, 4170953.58, 352.94);
insert into STATION values (3896, '.', 1957, 265994.62, 4170944.58, 352.18);
insert into STATION values (3897, '.', 1957, 266002.89, 4170946.64, 352.98);
insert into STATION values (3898, '.', 1957, 266005.03, 4170949.39, 352.84);
insert into STATION values (3899, '.', 1957, 266000.54, 4170944.51, 352.93);
insert into STATION values (3900, '1', 1957, 265997.93, 4170951.12, 347.11);
insert into STATION values (3901, '.', 1957, 265998.98, 4170953.97, 347.09);
insert into STATION values (3902, '.', 1957, 265999.39, 4170950.19, 347.24);
insert into STATION values (3903, '.', 1957, 265997.29, 4170947.86, 347.87);
insert into STATION values (3904, '.', 1957, 265995.62, 4170951.77, 346.86);
insert into STATION values (3905, '.', 1957, 265997.42, 4170952.69, 347.06);
insert into STATION values (3906, '.', 1957, 265997.32, 4170951.29, 348.76);
insert into STATION values (3907, '.', 1957, 265996.87, 4170951.65, 344.05);
insert into STATION values (3908, '2', 1957, 265993.95, 4170954.11, 342.81);
insert into STATION values (3909, '.', 1957, 265993.37, 4170954.26, 342.70);
insert into STATION values (3910, '.', 1957, 265994.62, 4170955.84, 342.80);
insert into STATION values (3911, '.', 1957, 265998.51, 4170957.34, 343.03);
insert into STATION values (3912, '.', 1957, 265999.96, 4170955.63, 342.74);
insert into STATION values (3913, '.', 1957, 265995.63, 4170952.40, 342.85);
insert into STATION values (3914, '.', 1957, 265994.34, 4170952.46, 342.86);
insert into STATION values (3915, '.', 1957, 265994.04, 4170954.24, 343.88);
insert into STATION values (3916, '.', 1957, 265996.09, 4170954.82, 344.63);
insert into STATION values (3917, '.', 1957, 265994.09, 4170953.81, 341.54);
insert into STATION values (3918, '3', 1957, 265996.19, 4170962.50, 337.15);
insert into STATION values (3919, '.', 1957, 265993.06, 4170968.24, 336.02);
insert into STATION values (3920, '.', 1957, 265985.91, 4170969.93, 335.02);
insert into STATION values (3921, '.', 1957, 265976.35, 4170963.07, 334.00);
insert into STATION values (3922, '.', 1957, 265978.39, 4170948.32, 336.11);
insert into STATION values (3923, '.', 1957, 265992.60, 4170957.61, 337.30);
insert into STATION values (3924, '.', 1957, 265996.60, 4170959.70, 337.19);
insert into STATION values (3925, '.', 1957, 266000.12, 4170960.91, 338.24);
insert into STATION values (3926, '.', 1957, 266004.83, 4170968.19, 337.54);
insert into STATION values (3927, '.', 1957, 266018.24, 4170967.81, 337.74);
insert into STATION values (3928, '.', 1957, 265995.95, 4170962.70, 338.71);
insert into STATION values (3929, '.', 1957, 265995.63, 4170963.21, 335.19);
insert into STATION values (3930, '4', 1957, 266005.52, 4170969.70, 334.42);
insert into STATION values (3931, '.', 1957, 266005.35, 4170970.53, 334.38);
insert into STATION values (3932, '.', 1957, 266007.17, 4170963.69, 337.98);
insert into STATION values (3933, '.', 1957, 266014.21, 4170971.02, 334.84);
insert into STATION values (3934, '.', 1957, 265996.63, 4170968.62, 335.03);
insert into STATION values (3935, '.', 1957, 266007.22, 4170969.07, 338.46);
insert into STATION values (3936, '.', 1957, 266006.04, 4170969.33, 332.96);
insert into STATION values (3937, '5', 1957, 266018.60, 4170971.71, 333.78);
insert into STATION values (3938, '.', 1957, 266018.61, 4170971.03, 333.85);
insert into STATION values (3939, '.', 1957, 266018.18, 4170972.36, 333.89);
insert into STATION values (3940, '.', 1957, 266018.69, 4170971.62, 334.40);
insert into STATION values (3941, '.', 1957, 266018.66, 4170971.66, 332.27);
insert into STATION values (3942, '6', 1957, 265989.42, 4170966.24, 334.78);
insert into STATION values (3943, '.', 1957, 265988.06, 4170956.17, 335.22);
insert into STATION values (3944, '.', 1957, 265987.18, 4170970.30, 334.55);
insert into STATION values (3945, '.', 1957, 265969.33, 4170961.81, 331.12);
insert into STATION values (3946, '.', 1957, 265988.32, 4170946.33, 339.64);
insert into STATION values (3947, '.', 1957, 265989.24, 4170965.64, 336.70);
insert into STATION values (3948, '.', 1957, 265988.31, 4170966.51, 332.79);
insert into STATION values (3949, '7', 1957, 265975.11, 4170958.52, 328.93);
insert into STATION values (3950, '.', 1957, 265980.24, 4170945.74, 331.36);
insert into STATION values (3951, '.', 1957, 265964.49, 4170937.18, 331.94);
insert into STATION values (3952, '.', 1957, 265952.06, 4170938.80, 324.34);
insert into STATION values (3953, '.', 1957, 265965.32, 4170965.04, 325.51);
insert into STATION values (3954, '.', 1957, 265974.55, 4170967.46, 328.83);
insert into STATION values (3955, '.', 1957, 265993.74, 4170967.35, 336.02);
insert into STATION values (3956, '.', 1957, 265990.47, 4170948.37, 340.35);
insert into STATION values (3957, '.', 1957, 265975.90, 4170939.94, 335.40);
insert into STATION values (3958, '.', 1957, 265974.82, 4170957.78, 334.69);
insert into STATION values (3959, '.', 1957, 265974.94, 4170957.76, 325.82);
insert into STATION values (3960, '8', 1957, 265963.09, 4170958.11, 325.27);
insert into STATION values (3961, '.', 1957, 265952.21, 4170941.51, 325.58);
insert into STATION values (3962, '.', 1957, 265939.62, 4170951.09, 326.56);
insert into STATION values (3963, '.', 1957, 265960.74, 4170967.69, 324.50);
insert into STATION values (3964, '.', 1957, 265930.85, 4170973.32, 323.41);
insert into STATION values (3965, '.', 1957, 265977.97, 4170934.15, 332.25);
insert into STATION values (3966, '.', 1957, 265983.99, 4170971.25, 332.40);
insert into STATION values (3967, '.', 1957, 265963.13, 4170956.65, 332.09);
insert into STATION values (3968, '.', 1957, 265963.22, 4170958.22, 323.61);
insert into STATION values (3969, '9', 1957, 265956.19, 4170961.65, 321.81);
insert into STATION values (3970, '.', 1957, 265921.79, 4170958.55, 326.85);
insert into STATION values (3971, '.', 1957, 265935.15, 4170980.37, 324.47);
insert into STATION values (3972, '.', 1957, 265959.98, 4170973.55, 322.77);
insert into STATION values (3973, '.', 1957, 265960.27, 4170986.95, 320.06);
insert into STATION values (3974, '.', 1957, 265968.55, 4170967.53, 324.86);
insert into STATION values (3975, '.', 1957, 265955.12, 4170940.76, 327.22);
insert into STATION values (3976, '.', 1957, 265954.63, 4170961.25, 326.79);
insert into STATION values (3977, '.', 1957, 265956.69, 4170962.37, 319.87);
insert into STATION values (3978, '10', 1957, 265952.24, 4170978.57, 319.40);
insert into STATION values (3979, '.', 1957, 265959.50, 4170993.24, 318.60);
insert into STATION values (3980, '.', 1957, 265961.84, 4170976.52, 319.07);
insert into STATION values (3981, '.', 1957, 265957.77, 4170972.32, 319.12);
insert into STATION values (3982, '.', 1957, 265951.94, 4170979.75, 324.76);
insert into STATION values (3983, '.', 1957, 265952.15, 4170978.45, 317.95);
insert into STATION values (3984, '11', 1957, 265955.75, 4170975.35, 317.88);
insert into STATION values (3985, '.', 1957, 265959.55, 4170969.86, 318.28);
insert into STATION values (3986, '.', 1957, 265964.08, 4170980.00, 317.39);
insert into STATION values (3987, '.', 1957, 265955.78, 4170975.52, 317.89);
insert into STATION values (3988, '.', 1957, 265958.79, 4170974.20, 322.73);
insert into STATION values (3989, '.', 1957, 265956.80, 4170975.87, 315.49);
insert into STATION values (3990, '12', 1957, 265959.51, 4170980.14, 314.32);
insert into STATION values (3991, '.', 1957, 265963.33, 4170973.06, 314.02);
insert into STATION values (3992, '.', 1957, 265969.12, 4170978.71, 313.98);
insert into STATION values (3993, '.', 1957, 265969.25, 4170991.60, 314.53);
insert into STATION values (3994, '.', 1957, 265956.48, 4171000.29, 314.57);
insert into STATION values (3995, '.', 1957, 265961.41, 4170980.87, 319.78);
insert into STATION values (3996, '.', 1957, 265959.52, 4170980.04, 314.05);
insert into STATION values (3997, '13', 1957, 265970.90, 4170980.05, 314.10);
insert into STATION values (3998, 'F1', 2039, 271949.45, 4189933.70, 585.35);
insert into STATION values (3999, 'F', 2039, 271949.45, 4189933.70, 585.35);
insert into STATION values (4000, '1', 2039, 271981.35, 4189914.75, 585.35);
insert into STATION values (4001, '2', 2039, 271968.28, 4189917.22, 593.34);
insert into STATION values (4002, '3', 2039, 271990.18, 4189909.51, 585.35);
insert into STATION values (4003, '4', 2039, 272002.05, 4189902.46, 585.35);
insert into STATION values (4004, '5', 2039, 272010.93, 4189893.97, 585.35);
insert into STATION values (4005, '6', 2039, 272042.16, 4189884.60, 585.35);
insert into STATION values (4006, '7', 2039, 272052.64, 4189888.26, 585.35);
insert into STATION values (4007, '8', 2039, 272076.71, 4189885.86, 590.94);
insert into STATION values (4008, '9', 2039, 272089.53, 4189877.94, 593.05);
insert into STATION values (4009, '10', 2039, 272088.61, 4189890.50, 600.92);
insert into STATION values (4010, '11', 2039, 272094.50, 4189891.78, 608.62);
insert into STATION values (4011, '12', 2039, 272101.52, 4189890.20, 606.14);
insert into STATION values (4012, '13', 2039, 272087.79, 4189872.43, 595.19);
insert into STATION values (4013, '14', 2039, 272115.43, 4189887.06, 602.59);
insert into STATION values (4014, '15', 2039, 272135.17, 4189887.85, 593.38);
insert into STATION values (4015, '16', 2039, 272151.49, 4189892.62, 590.38);
insert into STATION values (4016, '17', 2039, 272155.69, 4189907.57, 596.97);
insert into STATION values (4017, '18', 2039, 272161.76, 4189913.70, 600.63);
insert into STATION values (4018, '19', 2039, 272173.33, 4189918.44, 599.98);
insert into STATION values (4019, '20', 2039, 272203.15, 4189924.94, 592.93);
insert into STATION values (4020, '21', 2039, 272227.23, 4189929.75, 585.42);
insert into STATION values (4021, '22', 2039, 272227.12, 4189950.20, 587.57);
insert into STATION values (4022, '23', 2039, 272223.06, 4189968.84, 585.23);
insert into STATION values (4023, '24', 2039, 272215.85, 4189966.03, 590.85);
insert into STATION values (4024, '25', 2039, 272205.00, 4189995.39, 593.04);
insert into STATION values (4025, '26', 2039, 272196.94, 4190009.75, 593.61);
insert into STATION values (4026, '27', 2039, 272189.38, 4190025.74, 593.00);
insert into STATION values (4027, '28', 2039, 272183.56, 4190034.27, 596.35);
insert into STATION values (4028, '29', 2039, 272178.83, 4190049.49, 596.35);
insert into STATION values (4029, '30', 2039, 272171.89, 4190076.70, 593.40);
insert into STATION values (4030, '31', 2039, 272097.85, 4189903.70, 619.02);
insert into STATION values (4031, 'Kaptarhana', 2039, 272090.94, 4189902.57, 620.00);
insert into STATION_FLAG values(4031, 'ent');
insert into STATION_FLAG values(4031, 'con');
insert into STATION_FLAG values(4031, 'fix');
insert into STATION_FLAG values(4031, 'air');
insert into STATION values (4032, '.', 2039, 272104.12, 4189901.26, 624.05);
insert into STATION values (4033, '.', 2039, 272104.65, 4189895.98, 627.75);
insert into STATION values (4034, '.', 2039, 272099.39, 4189890.18, 630.50);
insert into STATION values (4035, '.', 2039, 272090.71, 4189883.58, 631.41);
insert into STATION values (4036, '.', 2039, 272082.27, 4189884.56, 625.36);
insert into STATION values (4037, '.', 2039, 272085.22, 4189896.99, 620.70);
insert into STATION values (4038, '0', 2216, 271748.18, 4189738.19, 606.63);
insert into STATION values (4039, '0b', 2216, 271748.18, 4189738.19, 606.63);
insert into STATION values (4040, '.', 2216, 271744.47, 4189746.67, 605.39);
insert into STATION values (4041, '.', 2216, 271753.57, 4189724.95, 605.58);
insert into STATION values (4042, '.', 2216, 271748.31, 4189738.18, 607.50);
insert into STATION values (4043, '.', 2216, 271748.48, 4189739.27, 604.22);
insert into STATION values (4044, '1', 2216, 271754.53, 4189739.41, 605.14);
insert into STATION values (4045, '.', 2216, 271753.75, 4189743.95, 605.42);
insert into STATION values (4046, '.', 2216, 271757.97, 4189732.30, 604.96);
insert into STATION values (4047, '.', 2216, 271755.11, 4189739.65, 606.93);
insert into STATION values (4048, '.', 2216, 271754.63, 4189739.37, 604.71);
insert into STATION values (4049, '2', 2216, 271764.49, 4189744.79, 605.04);
insert into STATION values (4050, '.', 2216, 271764.27, 4189749.27, 604.53);
insert into STATION values (4051, '.', 2216, 271769.29, 4189732.45, 607.68);
insert into STATION values (4052, '.', 2216, 271764.95, 4189744.99, 606.67);
insert into STATION values (4053, '.', 2216, 271764.68, 4189744.89, 604.59);
insert into STATION values (4054, '3', 2216, 271773.93, 4189741.44, 607.91);
insert into STATION values (4055, '.', 2216, 271768.42, 4189749.06, 607.93);
insert into STATION values (4056, '.', 2216, 271777.87, 4189731.02, 607.39);
insert into STATION values (4057, '.', 2216, 271773.65, 4189740.95, 611.07);
insert into STATION values (4058, '.', 2216, 271774.42, 4189741.64, 604.49);
insert into STATION values (4059, '4', 2216, 271782.82, 4189745.60, 606.84);
insert into STATION values (4060, '.', 2216, 271784.06, 4189756.05, 605.83);
insert into STATION values (4061, '.', 2216, 271784.95, 4189736.03, 605.66);
insert into STATION values (4062, '.', 2216, 271784.03, 4189745.15, 610.95);
insert into STATION values (4063, '.', 2216, 271783.61, 4189744.97, 604.10);
insert into STATION values (4064, '5', 2216, 271794.57, 4189751.16, 605.22);
insert into STATION values (4065, '.', 2216, 271790.45, 4189758.70, 604.26);
insert into STATION values (4066, '.', 2216, 271798.39, 4189747.11, 604.35);
insert into STATION values (4067, '.', 2216, 271795.40, 4189751.06, 607.09);
insert into STATION values (4068, '.', 2216, 271794.70, 4189751.20, 604.02);
insert into STATION values (4069, '6', 2216, 271807.74, 4189764.59, 604.40);
insert into STATION values (4070, '.', 2216, 271806.49, 4189766.15, 604.25);
insert into STATION values (4071, '.', 2216, 271811.28, 4189760.23, 604.01);
insert into STATION values (4072, '.', 2216, 271808.29, 4189764.93, 606.37);
insert into STATION values (4073, '.', 2216, 271807.76, 4189764.69, 603.54);
insert into STATION values (4074, '7', 2216, 271813.48, 4189770.13, 604.42);
insert into STATION values (4075, '.', 2216, 271805.68, 4189765.94, 604.38);
insert into STATION values (4076, '.', 2216, 271812.92, 4189757.92, 604.23);
insert into STATION values (4077, '.', 2216, 271808.75, 4189766.04, 609.38);
insert into STATION values (4078, '.', 2216, 271807.75, 4189764.72, 603.42);
insert into STATION values (4079, '8', 2216, 271815.44, 4189774.20, 608.99);
insert into STATION values (4080, '.', 2216, 271815.14, 4189774.72, 608.93);
insert into STATION values (4081, '.', 2216, 271819.71, 4189769.94, 607.81);
insert into STATION values (4082, '.', 2216, 271815.68, 4189774.21, 609.96);
insert into STATION values (4083, '.', 2216, 271815.53, 4189774.06, 607.33);
insert into STATION values (4084, '9', 2216, 271818.65, 4189773.55, 607.47);
insert into STATION values (4085, '.', 2216, 271816.44, 4189775.48, 607.46);
insert into STATION values (4086, '.', 2216, 271821.73, 4189771.85, 607.05);
insert into STATION values (4087, '.', 2216, 271819.21, 4189773.57, 608.41);
insert into STATION values (4088, '.', 2216, 271818.46, 4189774.01, 605.86);
insert into STATION values (4089, '10', 2216, 271817.64, 4189781.45, 604.09);
insert into STATION values (4090, '.', 2216, 271816.79, 4189781.58, 604.08);
insert into STATION values (4091, '.', 2216, 271821.98, 4189781.58, 603.98);
insert into STATION values (4092, '.', 2216, 271817.71, 4189781.57, 605.03);
insert into STATION values (4093, '.', 2216, 271817.63, 4189781.46, 603.58);
insert into STATION values (4094, '11', 2216, 271817.50, 4189786.33, 604.59);
insert into STATION values (4095, '.', 2216, 271815.35, 4189782.71, 603.71);
insert into STATION values (4096, '.', 2216, 271820.07, 4189790.67, 604.17);
insert into STATION values (4097, '.', 2216, 271817.17, 4189786.37, 605.69);
insert into STATION values (4098, '.', 2216, 271817.25, 4189786.31, 603.80);
insert into STATION values (4099, '12', 2216, 271808.83, 4189790.83, 605.15);
insert into STATION values (4100, '.', 2216, 271803.31, 4189783.62, 604.91);
insert into STATION values (4101, '.', 2216, 271813.25, 4189794.90, 605.80);
insert into STATION values (4102, '.', 2216, 271808.19, 4189790.83, 606.96);
insert into STATION values (4103, '.', 2216, 271808.52, 4189791.15, 603.57);
insert into STATION values (4104, '.', 2216, 271808.55, 4189790.99, 606.84);
insert into STATION values (4105, '.', 2216, 271808.59, 4189791.04, 603.65);
insert into STATION values (4106, '13', 2216, 271798.73, 4189794.35, 603.87);
insert into STATION values (4107, '.', 2216, 271790.60, 4189794.66, 603.26);
insert into STATION values (4108, '.', 2216, 271809.59, 4189793.39, 603.76);
insert into STATION values (4109, '.', 2216, 271799.31, 4189794.79, 606.47);
insert into STATION values (4110, '.', 2216, 271798.86, 4189794.44, 602.97);
insert into STATION values (4111, '14', 2216, 271813.38, 4189802.52, 604.17);
insert into STATION values (4112, '.', 2216, 271805.46, 4189811.49, 602.78);
insert into STATION values (4113, '.', 2216, 271814.07, 4189800.90, 604.01);
insert into STATION values (4114, '.', 2216, 271814.16, 4189802.40, 606.27);
insert into STATION values (4115, '.', 2216, 271813.21, 4189802.69, 603.01);
insert into STATION values (4116, '15', 2216, 271816.84, 4189805.71, 608.57);
insert into STATION values (4117, '.', 2216, 271814.20, 4189806.74, 607.71);
insert into STATION values (4118, '.', 2216, 271819.84, 4189805.35, 607.41);
insert into STATION values (4119, '.', 2216, 271817.00, 4189805.75, 609.08);
insert into STATION values (4120, '.', 2216, 271816.97, 4189805.76, 605.94);
insert into STATION values (4121, 'Mumiyskaya', 2216, 271815.85, 4189812.72, 610.00);
insert into STATION_FLAG values(4121, 'ent');
insert into STATION_FLAG values(4121, 'fix');
insert into STATION values (4122, '.', 2216, 271813.03, 4189812.86, 609.47);
insert into STATION values (4123, '.', 2216, 271819.77, 4189811.42, 609.37);
insert into STATION values (4124, '.', 2216, 271816.36, 4189812.59, 612.28);
insert into STATION values (4125, '.', 2216, 271815.91, 4189812.18, 608.20);
insert into STATION values (4126, '0', 2225, 271931.18, 4164111.43, 385.00);
insert into STATION_FLAG values(4126, 'ent');
insert into STATION_FLAG values(4126, 'fix');
insert into STATION values (4127, '.', 2225, 271931.49, 4164121.60, 384.48);
insert into STATION values (4128, '.', 2225, 271937.37, 4164115.60, 385.35);
insert into STATION values (4129, '.', 2225, 271925.27, 4164121.74, 383.94);
insert into STATION values (4130, '.', 2225, 271923.37, 4164113.24, 384.06);
insert into STATION values (4131, '.', 2225, 271931.87, 4164122.27, 382.73);
insert into STATION values (4132, '.', 2225, 271931.46, 4164126.71, 376.60);
insert into STATION values (4133, '.', 2225, 271931.01, 4164126.60, 372.23);
insert into STATION values (4134, '.', 2225, 271930.53, 4164129.76, 366.15);
insert into STATION values (4135, '.', 2225, 271929.73, 4164138.66, 353.52);
insert into STATION values (4136, '.', 2225, 271929.98, 4164131.45, 362.26);
insert into STATION values (4137, '.', 2225, 271915.93, 4164121.47, 367.61);
insert into STATION values (4138, '.', 2225, 271941.86, 4164122.78, 369.20);
insert into STATION values (4139, '.', 2225, 271934.86, 4164125.82, 373.06);
insert into STATION values (4140, '.', 2225, 271934.90, 4164125.87, 371.05);
insert into STATION values (4141, '.', 2225, 271934.76, 4164126.04, 369.21);
insert into STATION values (4142, '.', 2225, 271934.86, 4164127.16, 367.37);
insert into STATION values (4143, '.', 2225, 271935.43, 4164129.92, 363.02);
insert into STATION values (4144, '.', 2225, 271937.49, 4164139.31, 349.83);
insert into STATION values (4145, '1', 2225, 271941.73, 4164121.19, 386.64);
insert into STATION values (4146, '2', 2225, 271941.28, 4164126.57, 386.17);
insert into STATION values (4147, '.', 2225, 271939.53, 4164120.57, 379.59);
insert into STATION values (4148, '.', 2225, 271931.85, 4164105.54, 365.20);
insert into STATION values (4149, '3', 2225, 271916.98, 4164101.63, 348.96);
insert into STATION values (4150, '.', 2225, 271910.94, 4164111.80, 350.87);
insert into STATION values (4151, '.', 2225, 271913.61, 4164121.31, 359.36);
insert into STATION values (4152, '.', 2225, 271907.45, 4164120.39, 351.55);
insert into STATION values (4153, '.', 2225, 271931.57, 4164129.73, 378.86);
insert into STATION values (4154, '.', 2225, 271912.56, 4164128.95, 357.36);
insert into STATION values (4155, '.', 2225, 271918.27, 4164113.89, 367.79);
insert into STATION values (4156, '.', 2225, 271931.45, 4164121.59, 381.93);
insert into STATION values (4157, '.', 2225, 271917.37, 4164114.78, 366.16);
insert into STATION values (4158, '.', 2225, 271916.64, 4164114.15, 361.34);
insert into STATION values (4159, '.', 2225, 271910.89, 4164112.04, 349.94);
insert into STATION values (4160, '.', 2225, 271911.30, 4164110.39, 348.61);
insert into STATION values (4161, '0', 2251, 269085.17, 4169369.49, 614.88);
insert into STATION values (4162, '1', 2251, 269083.71, 4169372.60, 615.92);
insert into STATION values (4163, '2', 2251, 269079.65, 4169369.85, 618.91);
insert into STATION values (4164, '3', 2251, 269076.85, 4169373.61, 622.06);
insert into STATION values (4165, '4', 2251, 269074.68, 4169372.89, 623.13);
insert into STATION values (4166, '5', 2251, 269074.26, 4169375.71, 625.00);
insert into STATION_FLAG values(4166, 'ent');
insert into STATION_FLAG values(4166, 'fix');
insert into STATION values (4167, '-', 2251, 269091.13, 4169364.21, 627.60);
insert into STATION values (4168, '-', 2251, 269088.50, 4169373.33, 625.55);
insert into STATION values (4169, '-', 2251, 269090.51, 4169381.56, 628.29);
insert into STATION values (4170, '-', 2251, 269076.82, 4169362.43, 625.06);
insert into STATION values (4171, '-', 2251, 269082.12, 4169381.10, 625.19);
insert into STATION values (4172, '0', 2255, 269085.17, 4169369.49, 614.88);
insert into STATION values (4173, '1', 2255, 269092.84, 4169366.72, 609.00);
insert into STATION values (4174, '2', 2255, 269098.55, 4169365.17, 604.72);
insert into STATION values (4175, '3', 2255, 269110.45, 4169369.11, 596.86);
insert into STATION values (4176, '4', 2255, 269121.06, 4169372.34, 590.25);
insert into STATION values (4177, '5', 2255, 269131.89, 4169375.88, 586.07);
insert into STATION values (4178, '6', 2255, 269144.35, 4169384.70, 577.60);
insert into STATION values (4179, '7', 2255, 269155.36, 4169396.97, 568.35);
insert into STATION values (4180, '8', 2255, 269179.03, 4169391.28, 563.53);
insert into STATION values (4181, '9', 2255, 269201.59, 4169366.24, 558.48);
insert into STATION values (4182, '10', 2255, 269220.68, 4169365.15, 547.19);
insert into STATION values (4183, '11', 2255, 269240.57, 4169359.50, 535.09);
insert into STATION values (4184, '12', 2255, 269254.95, 4169354.36, 522.47);
insert into STATION values (4185, '13', 2255, 269277.52, 4169356.49, 518.04);
insert into STATION values (4186, '14', 2255, 269290.60, 4169355.37, 514.58);
insert into STATION values (4187, '15', 2255, 269302.62, 4169350.52, 509.17);
insert into STATION values (4188, 'B00', 2255, 269303.24, 4169344.22, 508.17);
insert into STATION values (4189, '17', 2255, 269292.36, 4169341.72, 509.31);
insert into STATION values (4190, '18', 2255, 269279.73, 4169342.88, 509.14);
insert into STATION values (4191, '19', 2255, 269284.15, 4169337.56, 508.79);
insert into STATION values (4192, '20', 2255, 269289.63, 4169319.38, 502.43);
insert into STATION values (4193, '20.1', 2255, 269280.27, 4169323.53, 501.07);
insert into STATION values (4194, '21', 2255, 269293.50, 4169311.68, 499.00);
insert into STATION values (4195, '21.1', 2255, 269286.07, 4169310.58, 501.17);
insert into STATION values (4196, 'B01', 2255, 269300.57, 4169304.87, 497.13);
insert into STATION values (4197, '23', 2255, 269311.00, 4169320.63, 500.93);
insert into STATION values (4198, '24', 2255, 269314.33, 4169325.75, 502.58);
insert into STATION values (4199, '24.1', 2255, 269312.79, 4169335.39, 506.30);
insert into STATION values (4200, '22.1', 2255, 269296.89, 4169297.35, 498.23);
insert into STATION values (4201, '22.2', 2255, 269285.50, 4169285.13, 498.91);
insert into STATION values (4202, '22.3', 2255, 269288.40, 4169260.17, 500.23);
insert into STATION values (4203, 'B02', 2255, 269290.40, 4169253.08, 500.04);
insert into STATION values (4204, '22.4.1', 2255, 269282.11, 4169255.73, 500.69);
insert into STATION values (4205, '22.4.0.1', 2255, 269279.89, 4169245.63, 501.48);
insert into STATION values (4206, '22.4.0.2', 2255, 269270.61, 4169231.96, 499.61);
insert into STATION values (4207, '22.4.0.3', 2255, 269281.16, 4169228.17, 498.20);
insert into STATION values (4208, '22.4.0.3.1', 2255, 269289.53, 4169228.35, 499.52);
insert into STATION values (4209, '22.4.0.4', 2255, 269281.84, 4169225.08, 497.93);
insert into STATION values (4210, 'B3', 2255, 269295.19, 4169214.59, 499.65);
insert into STATION values (4211, '22.5', 2255, 269310.25, 4169264.75, 499.30);
insert into STATION values (4212, '22.6', 2255, 269345.33, 4169268.40, 498.48);
insert into STATION values (4213, '22.6.1', 2255, 269325.58, 4169276.82, 497.32);
insert into STATION values (4214, '22.6.2', 2255, 269306.28, 4169289.53, 497.91);
insert into STATION values (4215, '22.6.3', 2255, 269297.21, 4169295.32, 497.79);
insert into STATION values (4216, '4.1', 2255, 269132.14, 4169357.21, 583.07);
insert into STATION values (4217, '4.2', 2255, 269119.87, 4169333.57, 578.79);
insert into STATION values (4218, '4.3', 2255, 269125.31, 4169325.09, 578.35);
insert into STATION values (4219, '-', 2255, 269084.89, 4169366.40, 615.52);
insert into STATION values (4220, '-', 2255, 269086.60, 4169368.49, 615.40);
insert into STATION values (4221, '-', 2255, 269087.42, 4169370.15, 615.26);
insert into STATION values (4222, '-', 2255, 269088.34, 4169372.22, 615.46);
insert into STATION values (4223, '-', 2255, 269086.50, 4169373.98, 615.75);
insert into STATION values (4224, '-', 2255, 269084.83, 4169375.29, 615.94);
insert into STATION values (4225, '-', 2255, 269087.87, 4169369.24, 613.84);
insert into STATION values (4226, '-', 2255, 269087.78, 4169368.24, 613.77);
insert into STATION values (4227, '-', 2255, 269093.96, 4169367.30, 612.40);
insert into STATION values (4228, '-', 2255, 269095.38, 4169375.54, 610.38);
insert into STATION values (4229, '-', 2255, 269092.36, 4169363.87, 609.13);
insert into STATION values (4230, '-', 2255, 269090.52, 4169378.23, 610.71);
insert into STATION values (4231, '-', 2255, 269101.13, 4169370.50, 606.98);
insert into STATION values (4232, '-', 2255, 269098.59, 4169361.25, 603.08);
insert into STATION values (4233, '-', 2255, 269109.66, 4169386.60, 602.23);
insert into STATION values (4234, '-', 2255, 269099.20, 4169365.50, 602.51);
insert into STATION values (4235, '-', 2255, 269115.73, 4169384.72, 596.65);
insert into STATION values (4236, '-', 2255, 269114.71, 4169339.22, 592.83);
insert into STATION values (4237, '-', 2255, 269112.45, 4169368.91, 602.80);
insert into STATION values (4238, '-', 2255, 269123.96, 4169383.93, 589.76);
insert into STATION values (4239, '-', 2255, 269112.73, 4169332.02, 591.00);
insert into STATION values (4240, '-', 2255, 269124.99, 4169371.40, 601.02);
insert into STATION values (4241, '-', 2255, 269141.98, 4169367.99, 589.65);
insert into STATION values (4242, '-', 2255, 269131.91, 4169355.20, 589.25);
insert into STATION values (4243, '-', 2255, 269132.20, 4169347.21, 582.88);
insert into STATION values (4244, '-', 2255, 269129.39, 4169385.45, 586.39);
insert into STATION values (4245, '-', 2255, 269131.98, 4169373.29, 598.87);
insert into STATION values (4246, '-', 2255, 269135.92, 4169359.70, 590.16);
insert into STATION values (4247, '-', 2255, 269103.93, 4169368.85, 605.14);
insert into STATION values (4248, '-', 2255, 269122.63, 4169371.73, 602.00);
insert into STATION values (4249, '-', 2255, 269138.55, 4169385.90, 583.84);
insert into STATION values (4250, '-', 2255, 269142.96, 4169383.12, 584.66);
insert into STATION values (4251, '-', 2255, 269152.17, 4169377.93, 583.61);
insert into STATION values (4252, '-', 2255, 269146.11, 4169372.39, 583.94);
insert into STATION values (4253, '-', 2255, 269143.77, 4169401.35, 579.45);
insert into STATION values (4254, '-', 2255, 269144.77, 4169384.64, 584.93);
insert into STATION values (4255, '-', 2255, 269146.39, 4169379.03, 586.31);
insert into STATION values (4256, '-', 2255, 269148.17, 4169368.63, 583.22);
insert into STATION values (4257, '-', 2255, 269140.00, 4169376.62, 587.41);
insert into STATION values (4258, '-', 2255, 269132.58, 4169380.33, 587.09);
insert into STATION values (4259, '-', 2255, 269140.70, 4169380.67, 588.02);
insert into STATION values (4260, '-', 2255, 269153.77, 4169407.17, 568.65);
insert into STATION values (4261, '-', 2255, 269154.89, 4169398.71, 583.87);
insert into STATION values (4262, '-', 2255, 269183.28, 4169390.63, 585.33);
insert into STATION values (4263, '-', 2255, 269190.10, 4169406.72, 565.07);
insert into STATION values (4264, '-', 2255, 269180.45, 4169388.22, 583.76);
insert into STATION values (4265, '-', 2255, 269172.71, 4169367.50, 568.26);
insert into STATION values (4266, '-', 2255, 269185.27, 4169362.42, 568.53);
insert into STATION values (4267, '-', 2255, 269213.77, 4169388.07, 569.41);
insert into STATION values (4268, '-', 2255, 269218.88, 4169400.26, 558.57);
insert into STATION values (4269, '-', 2255, 269205.84, 4169371.23, 582.68);
insert into STATION values (4270, '-', 2255, 269200.66, 4169355.88, 560.17);
insert into STATION values (4271, '-', 2255, 269202.61, 4169357.53, 569.88);
insert into STATION values (4272, '-', 2255, 269230.69, 4169384.50, 549.13);
insert into STATION values (4273, '-', 2255, 269220.40, 4169366.78, 568.19);
insert into STATION values (4274, '-', 2255, 269217.12, 4169353.26, 547.86);
insert into STATION values (4275, '-', 2255, 269231.55, 4169354.44, 542.57);
insert into STATION values (4276, '-', 2255, 269240.26, 4169363.05, 543.11);
insert into STATION values (4277, '-', 2255, 269242.37, 4169378.59, 542.18);
insert into STATION values (4278, '-', 2255, 269246.96, 4169378.20, 536.16);
insert into STATION values (4279, '-', 2255, 269243.76, 4169361.12, 540.16);
insert into STATION values (4280, '-', 2255, 269249.69, 4169369.20, 532.37);
insert into STATION values (4281, '-', 2255, 269251.10, 4169362.84, 531.43);
insert into STATION values (4282, '-', 2255, 269248.37, 4169354.73, 531.25);
insert into STATION values (4283, '-', 2255, 269241.27, 4169347.92, 533.76);
insert into STATION values (4284, '-', 2255, 269288.17, 4169458.24, 526.52);
insert into STATION values (4285, '-', 2255, 269255.71, 4169354.75, 525.47);
insert into STATION values (4286, '-', 2255, 269255.30, 4169351.79, 522.77);
insert into STATION values (4287, '-', 2255, 269269.76, 4169346.89, 520.59);
insert into STATION values (4288, '-', 2255, 269272.06, 4169351.94, 520.10);
insert into STATION values (4289, '-', 2255, 269285.05, 4169379.77, 521.40);
insert into STATION values (4290, '-', 2255, 269277.80, 4169357.99, 523.18);
insert into STATION values (4291, '-', 2255, 269276.71, 4169352.49, 518.33);
insert into STATION values (4292, '-', 2255, 269280.94, 4169355.85, 515.13);
insert into STATION values (4293, '-', 2255, 269287.45, 4169354.09, 516.75);
insert into STATION values (4294, '-', 2255, 269288.80, 4169358.60, 516.99);
insert into STATION values (4295, '-', 2255, 269296.21, 4169369.47, 517.50);
insert into STATION values (4296, '-', 2255, 269298.37, 4169377.52, 516.97);
insert into STATION values (4297, '-', 2255, 269293.74, 4169384.43, 517.72);
insert into STATION values (4298, '-', 2255, 269289.96, 4169413.71, 520.38);
insert into STATION values (4299, '-', 2255, 269296.34, 4169367.90, 516.08);
insert into STATION values (4300, '-', 2255, 269295.36, 4169359.14, 514.94);
insert into STATION values (4301, '14b', 2255, 269292.80, 4169355.58, 524.63);
insert into STATION values (4302, '-', 2255, 269290.30, 4169331.10, 509.79);
insert into STATION values (4303, '-', 2255, 269302.61, 4169348.85, 513.57);
insert into STATION values (4304, '-', 2255, 269309.86, 4169327.25, 510.19);
insert into STATION values (4305, '-', 2255, 269315.74, 4169353.87, 509.95);
insert into STATION values (4306, '-', 2255, 269308.80, 4169379.22, 511.61);
insert into STATION values (4307, '-', 2255, 269319.66, 4169370.51, 510.58);
insert into STATION values (4308, '-', 2255, 269303.05, 4169343.64, 513.14);
insert into STATION values (4309, '-', 2255, 269289.59, 4169350.68, 512.95);
insert into STATION values (4310, '-', 2255, 269290.59, 4169350.90, 512.79);
insert into STATION values (4311, '-', 2255, 269291.34, 4169342.89, 512.07);
insert into STATION values (4312, '-', 2255, 269285.56, 4169331.47, 509.28);
insert into STATION values (4313, '-', 2255, 269279.10, 4169335.69, 509.07);
insert into STATION values (4314, '-', 2255, 269278.08, 4169348.49, 510.34);
insert into STATION values (4315, '-', 2255, 269279.55, 4169343.35, 511.33);
insert into STATION values (4316, '-', 2255, 269276.80, 4169337.54, 509.28);
insert into STATION values (4317, '-', 2255, 269264.09, 4169343.33, 508.13);
insert into STATION values (4318, '-', 2255, 269262.92, 4169344.25, 508.59);
insert into STATION values (4319, '-', 2255, 269283.95, 4169337.13, 510.98);
insert into STATION values (4320, '-', 2255, 269279.27, 4169334.45, 508.48);
insert into STATION values (4321, '-', 2255, 269282.53, 4169331.92, 507.88);
insert into STATION values (4322, '-', 2255, 269286.31, 4169329.25, 506.91);
insert into STATION values (4323, '-', 2255, 269282.97, 4169329.82, 506.18);
insert into STATION values (4324, '-', 2255, 269279.52, 4169330.64, 505.29);
insert into STATION values (4325, '-', 2255, 269287.80, 4169317.95, 503.05);
insert into STATION values (4326, '-', 2255, 269284.92, 4169319.10, 503.13);
insert into STATION values (4327, '-', 2255, 269280.67, 4169320.86, 502.82);
insert into STATION values (4328, '-', 2255, 269278.03, 4169322.98, 502.80);
insert into STATION values (4329, '20.1b', 2255, 269280.31, 4169321.74, 513.96);
insert into STATION values (4330, '-', 2255, 269281.80, 4169321.35, 513.02);
insert into STATION values (4331, '-', 2255, 269280.83, 4169311.98, 502.67);
insert into STATION values (4332, '-', 2255, 269286.87, 4169307.12, 501.25);
insert into STATION values (4333, '-', 2255, 269308.11, 4169310.87, 501.22);
insert into STATION values (4334, '21b', 2255, 269296.81, 4169311.85, 518.01);
insert into STATION values (4335, '21.1b', 2255, 269281.18, 4169309.57, 517.21);
insert into STATION values (4336, '-', 2255, 269310.22, 4169304.90, 500.87);
insert into STATION values (4337, '-', 2255, 269290.97, 4169301.93, 500.71);
insert into STATION values (4338, '-', 2255, 269299.79, 4169303.23, 505.55);
insert into STATION values (4339, '-', 2255, 269310.41, 4169309.24, 500.91);
insert into STATION values (4340, '-', 2255, 269310.43, 4169314.88, 500.42);
insert into STATION values (4341, '-', 2255, 269311.29, 4169318.21, 501.49);
insert into STATION values (4342, '-', 2255, 269281.75, 4169282.32, 503.21);
insert into STATION values (4343, '-', 2255, 269281.42, 4169272.95, 504.31);
insert into STATION values (4344, '-', 2255, 269314.13, 4169318.81, 501.75);
insert into STATION values (4345, '-', 2255, 269319.26, 4169320.17, 502.49);
insert into STATION values (4346, '-', 2255, 269311.75, 4169320.93, 507.85);
insert into STATION values (4347, '-', 2255, 269321.80, 4169323.49, 502.64);
insert into STATION values (4348, '-', 2255, 269321.68, 4169327.58, 503.85);
insert into STATION values (4349, '-', 2255, 269320.88, 4169328.85, 503.42);
insert into STATION values (4350, '-', 2255, 269316.14, 4169326.06, 508.63);
insert into STATION values (4351, '-', 2255, 269313.60, 4169305.27, 498.81);
insert into STATION values (4352, '-', 2255, 269312.14, 4169291.25, 500.81);
insert into STATION values (4353, '-', 2255, 269305.46, 4169285.86, 500.20);
insert into STATION values (4354, '-', 2255, 269298.46, 4169296.00, 505.40);
insert into STATION values (4355, '-', 2255, 269287.88, 4169298.59, 500.51);
insert into STATION values (4356, '-', 2255, 269286.26, 4169295.24, 501.23);
insert into STATION values (4357, '-', 2255, 269281.54, 4169290.42, 502.38);
insert into STATION values (4358, '-', 2255, 269297.84, 4169286.01, 500.89);
insert into STATION values (4359, '-', 2255, 269296.61, 4169281.48, 502.59);
insert into STATION values (4360, '-', 2255, 269292.97, 4169281.59, 501.20);
insert into STATION values (4361, '-', 2255, 269279.96, 4169285.89, 501.51);
insert into STATION values (4362, '-', 2255, 269279.22, 4169279.90, 501.90);
insert into STATION values (4363, '-', 2255, 269280.53, 4169276.32, 501.66);
insert into STATION values (4364, '-', 2255, 269294.13, 4169278.34, 502.67);
insert into STATION values (4365, '-', 2255, 269291.28, 4169275.39, 501.85);
insert into STATION values (4366, '-', 2255, 269288.65, 4169271.22, 508.24);
insert into STATION values (4367, '-', 2255, 269285.90, 4169281.78, 505.02);
insert into STATION values (4368, '-', 2255, 269281.08, 4169257.46, 501.20);
insert into STATION values (4369, '-', 2255, 269281.63, 4169259.71, 501.88);
insert into STATION values (4370, '-', 2255, 269291.61, 4169260.36, 501.00);
insert into STATION values (4371, '-', 2255, 269291.70, 4169264.34, 501.37);
insert into STATION values (4372, '-', 2255, 269288.60, 4169259.97, 502.49);
insert into STATION values (4373, '-', 2255, 269293.41, 4169249.48, 501.19);
insert into STATION values (4374, '-', 2255, 269292.53, 4169246.08, 501.80);
insert into STATION values (4375, '-', 2255, 269291.49, 4169240.37, 502.45);
insert into STATION values (4376, '-', 2255, 269279.20, 4169255.77, 501.47);
insert into STATION values (4377, '-', 2255, 269279.72, 4169252.79, 500.99);
insert into STATION values (4378, '-', 2255, 269289.80, 4169252.93, 502.33);
insert into STATION values (4379, '22.4.1b', 2255, 269284.50, 4169255.46, 512.67);
insert into STATION values (4380, '-', 2255, 269280.20, 4169245.97, 499.91);
insert into STATION values (4381, '-', 2255, 269279.70, 4169245.79, 502.13);
insert into STATION values (4382, '-', 2255, 269277.80, 4169246.88, 501.82);
insert into STATION values (4383, '-', 2255, 269279.74, 4169245.61, 501.49);
insert into STATION values (4384, '-', 2255, 269279.42, 4169251.12, 501.78);
insert into STATION values (4385, '-', 2255, 269273.09, 4169242.90, 501.74);
insert into STATION values (4386, '-', 2255, 269295.96, 4169234.33, 501.77);
insert into STATION values (4387, '-', 2255, 269293.65, 4169230.52, 501.48);
insert into STATION values (4388, '-', 2255, 269291.87, 4169227.48, 501.53);
insert into STATION values (4389, '-', 2255, 269288.59, 4169226.23, 502.21);
insert into STATION values (4390, '-', 2255, 269270.65, 4169232.00, 499.41);
insert into STATION values (4391, '-', 2255, 269270.85, 4169231.74, 501.88);
insert into STATION values (4392, '-', 2255, 269265.28, 4169234.10, 500.98);
insert into STATION values (4393, '-', 2255, 269263.29, 4169232.18, 501.52);
insert into STATION values (4394, '-', 2255, 269266.55, 4169228.52, 501.07);
insert into STATION values (4395, '-', 2255, 269270.20, 4169227.85, 501.01);
insert into STATION values (4396, '-', 2255, 269273.64, 4169227.55, 500.67);
insert into STATION values (4397, '-', 2255, 269266.06, 4169234.41, 501.31);
insert into STATION values (4398, '-', 2255, 269269.30, 4169235.32, 500.98);
insert into STATION values (4399, '-', 2255, 269270.75, 4169236.73, 501.26);
insert into STATION values (4400, '-', 2255, 269262.23, 4169229.65, 504.29);
insert into STATION values (4401, '-', 2255, 269263.16, 4169231.31, 503.13);
insert into STATION values (4402, '22.4.0.2b', 2255, 269260.15, 4169230.19, 504.91);
insert into STATION values (4403, '-', 2255, 269282.40, 4169228.33, 503.84);
insert into STATION values (4404, '-', 2255, 269293.70, 4169227.66, 500.41);
insert into STATION values (4405, '-', 2255, 269296.45, 4169232.43, 500.80);
insert into STATION values (4406, '-', 2255, 269296.66, 4169238.02, 501.54);
insert into STATION values (4407, '-', 2255, 269292.82, 4169243.90, 501.62);
insert into STATION values (4408, '-', 2255, 269280.85, 4169237.82, 500.36);
insert into STATION values (4409, '-', 2255, 269279.01, 4169234.50, 499.75);
insert into STATION values (4410, '-', 2255, 269289.57, 4169244.95, 501.82);
insert into STATION values (4411, '-', 2255, 269288.45, 4169227.18, 494.67);
insert into STATION values (4412, '22.4.0.3.1b', 2255, 269287.74, 4169226.05, 514.37);
insert into STATION values (4413, '-', 2255, 269270.63, 4169219.40, 497.02);
insert into STATION values (4414, '-', 2255, 269275.97, 4169217.87, 496.80);
insert into STATION values (4415, '-', 2255, 269278.11, 4169216.88, 496.98);
insert into STATION values (4416, '-', 2255, 269276.79, 4169207.72, 496.09);
insert into STATION values (4417, '-', 2255, 269282.62, 4169224.30, 502.68);
insert into STATION values (4418, '-', 2255, 269268.54, 4169220.84, 500.06);
insert into STATION values (4419, '-', 2255, 269267.55, 4169221.33, 500.25);
insert into STATION values (4420, '-', 2255, 269272.50, 4169225.13, 499.94);
insert into STATION values (4421, '-', 2255, 269290.49, 4169223.99, 500.53);
insert into STATION values (4422, '-', 2255, 269291.84, 4169225.35, 500.83);
insert into STATION values (4423, '-', 2255, 269291.82, 4169226.95, 500.80);
insert into STATION values (4424, '-', 2255, 269309.29, 4169267.75, 500.52);
insert into STATION values (4425, '-', 2255, 269310.04, 4169265.07, 502.35);
insert into STATION values (4426, '-', 2255, 269312.58, 4169259.97, 501.57);
insert into STATION values (4427, '-', 2255, 269315.95, 4169261.11, 501.45);
insert into STATION values (4428, '-', 2255, 269321.16, 4169260.07, 501.56);
insert into STATION values (4429, '-', 2255, 269308.86, 4169257.81, 501.45);
insert into STATION values (4430, '-', 2255, 269302.28, 4169265.26, 501.27);
insert into STATION values (4431, '-', 2255, 269365.67, 4169275.78, 499.01);
insert into STATION values (4432, '-', 2255, 269350.73, 4169311.20, 498.97);
insert into STATION values (4433, '-', 2255, 269346.03, 4169267.85, 502.12);
insert into STATION values (4434, '-', 2255, 269345.34, 4169261.50, 499.85);
insert into STATION values (4435, '-', 2255, 269336.87, 4169261.92, 499.63);
insert into STATION values (4436, '-', 2255, 269326.59, 4169261.98, 500.00);
insert into STATION values (4437, '-', 2255, 269324.16, 4169285.13, 498.45);
insert into STATION values (4438, '-', 2255, 269325.51, 4169281.85, 500.06);
insert into STATION values (4439, '-', 2255, 269324.18, 4169286.13, 497.97);
insert into STATION values (4440, '-', 2255, 269326.43, 4169287.67, 498.53);
insert into STATION values (4441, '-', 2255, 269329.43, 4169289.78, 498.26);
insert into STATION values (4442, '-', 2255, 269333.14, 4169291.34, 498.73);
insert into STATION values (4443, '-', 2255, 269335.99, 4169290.31, 499.14);
insert into STATION values (4444, '-', 2255, 269326.14, 4169276.26, 500.95);
insert into STATION values (4445, '-', 2255, 269314.93, 4169268.80, 498.99);
insert into STATION values (4446, '-', 2255, 269314.16, 4169274.88, 498.80);
insert into STATION values (4447, '-', 2255, 269314.70, 4169279.82, 498.82);
insert into STATION values (4448, '-', 2255, 269301.92, 4169282.47, 500.68);
insert into STATION values (4449, '-', 2255, 269316.77, 4169292.20, 500.34);
insert into STATION values (4450, '-', 2255, 269305.02, 4169289.70, 502.70);
insert into STATION values (4451, '-', 2255, 269139.79, 4169358.36, 583.68);
insert into STATION values (4452, '-', 2255, 269122.69, 4169342.33, 585.47);
insert into STATION values (4453, '-', 2255, 269131.00, 4169357.65, 593.07);
insert into STATION values (4454, '-', 2255, 269133.96, 4169349.04, 579.00);
insert into STATION values (4455, '-', 2255, 269129.61, 4169349.91, 579.34);
insert into STATION values (4456, '-', 2255, 269121.51, 4169333.98, 578.99);
insert into STATION values (4457, '-', 2255, 269120.17, 4169333.60, 579.99);
insert into STATION values (4458, '-', 2255, 269118.51, 4169332.34, 578.97);
insert into STATION values (4459, '-', 2255, 269122.90, 4169330.35, 578.50);
insert into STATION values (4460, '-', 2255, 269121.58, 4169329.35, 578.45);
insert into STATION values (4461, '-', 2255, 269122.08, 4169331.27, 579.37);
insert into STATION values (4462, '-', 2255, 269121.43, 4169329.37, 579.35);
insert into STATION values (4463, '-', 2255, 269117.53, 4169337.41, 579.35);
insert into STATION values (4464, '-', 2255, 269114.24, 4169335.96, 579.75);
insert into STATION values (4465, '-', 2255, 269114.81, 4169334.19, 578.95);
insert into STATION values (4466, '-', 2255, 269125.31, 4169325.10, 578.35);
insert into STATION values (4467, '-', 2255, 269125.30, 4169325.10, 578.35);
insert into STATION values (4468, '-', 2255, 269120.17, 4169333.74, 578.78);
insert into STATION values (4469, '-', 2255, 269120.17, 4169333.74, 578.78);
insert into STATION values (4470, '-', 2255, 269124.95, 4169324.80, 578.38);
insert into STATION values (4471, '-', 2255, 269125.35, 4169325.06, 578.73);
insert into STATION values (4472, '-', 2255, 269124.89, 4169324.85, 578.40);
insert into STATION values (4473, '-', 2255, 269125.64, 4169325.32, 578.36);
insert into STATION values (4474, '4.3b', 2255, 269128.04, 4169320.92, 577.23);
insert into STATION values (4475, 'B80', 2262, 269154.48, 4169086.70, 472.63);
insert into STATION values (4476, '.', 2262, 269155.40, 4169089.54, 472.48);
insert into STATION values (4477, '.', 2262, 269153.75, 4169087.60, 472.76);
insert into STATION values (4478, '.', 2262, 269150.48, 4169087.05, 472.96);
insert into STATION values (4479, '.', 2262, 269153.63, 4169085.56, 472.71);
insert into STATION values (4480, '.', 2262, 269154.97, 4169086.70, 474.90);
insert into STATION values (4481, '.', 2262, 269154.02, 4169089.15, 470.95);
insert into STATION values (4482, '.', 2262, 269153.50, 4169088.26, 470.58);
insert into STATION values (4483, '.', 2262, 269153.59, 4169088.82, 469.59);
insert into STATION values (4484, '.', 2262, 269154.47, 4169086.89, 471.71);
insert into STATION values (4485, '.', 2262, 269157.77, 4169086.88, 471.65);
insert into STATION values (4486, '.', 2262, 269158.48, 4169088.87, 473.16);
insert into STATION values (4487, '.', 2262, 269156.80, 4169086.80, 474.64);
insert into STATION values (4488, '.', 2262, 269157.94, 4169084.04, 474.43);
insert into STATION values (4489, '.', 2262, 269163.14, 4169083.26, 473.94);
insert into STATION values (4490, '.', 2262, 269172.18, 4169084.70, 474.85);
insert into STATION values (4491, '.', 2262, 269160.82, 4169085.51, 472.73);
insert into STATION values (4492, '.', 2262, 269159.95, 4169088.94, 473.31);
insert into STATION values (4493, '1', 2262, 269153.76, 4169090.55, 469.20);
insert into STATION values (4494, '2', 2262, 269170.37, 4169091.45, 473.38);
insert into STATION values (4495, '.', 2262, 269170.34, 4169091.04, 471.40);
insert into STATION values (4496, '.', 2262, 269170.17, 4169090.42, 476.27);
insert into STATION values (4497, '.', 2262, 269166.58, 4169087.61, 476.32);
insert into STATION values (4498, '.', 2262, 269160.49, 4169084.40, 474.00);
insert into STATION values (4499, '.', 2262, 269168.18, 4169081.64, 474.08);
insert into STATION values (4500, '.', 2262, 269172.98, 4169078.69, 475.56);
insert into STATION values (4501, '.', 2262, 269172.07, 4169087.84, 474.19);
insert into STATION values (4502, '.', 2262, 269173.61, 4169083.71, 470.16);
insert into STATION values (4503, '.', 2262, 269169.94, 4169089.30, 471.77);
insert into STATION values (4504, '.', 2262, 269167.48, 4169094.00, 472.24);
insert into STATION values (4505, '.', 2262, 269164.83, 4169092.35, 473.20);
insert into STATION values (4506, '.', 2262, 269162.24, 4169090.27, 474.10);
insert into STATION values (4507, '.', 2262, 269166.84, 4169092.09, 476.61);
insert into STATION values (4508, '.', 2262, 269167.72, 4169092.77, 471.60);
insert into STATION values (4509, '3', 2262, 269173.16, 4169082.63, 470.37);
insert into STATION values (4510, '.', 2262, 269171.38, 4169084.10, 470.17);
insert into STATION values (4511, '.', 2262, 269168.80, 4169087.67, 471.67);
insert into STATION values (4512, '.', 2262, 269171.89, 4169082.21, 470.79);
insert into STATION values (4513, '.', 2262, 269172.76, 4169081.38, 470.63);
insert into STATION values (4514, '.', 2262, 269171.59, 4169080.66, 468.81);
insert into STATION values (4515, '.', 2262, 269167.79, 4169079.70, 467.00);
insert into STATION values (4516, '.', 2262, 269170.25, 4169081.57, 468.75);
insert into STATION values (4517, '.', 2262, 269170.95, 4169081.54, 468.52);
insert into STATION values (4518, '.', 2262, 269177.73, 4169097.34, 469.54);
insert into STATION values (4519, '.', 2262, 269181.20, 4169097.66, 469.48);
insert into STATION values (4520, '.', 2262, 269173.16, 4169083.59, 475.59);
insert into STATION values (4521, '.', 2262, 269172.75, 4169079.06, 475.98);
insert into STATION values (4522, '.', 2262, 269175.00, 4169083.10, 470.51);
insert into STATION values (4523, '.', 2262, 269177.58, 4169080.03, 472.41);
insert into STATION values (4524, '.', 2262, 269186.92, 4169084.16, 475.22);
insert into STATION values (4525, '.', 2262, 269183.63, 4169080.64, 483.50);
insert into STATION values (4526, '.', 2262, 269183.89, 4169088.11, 473.60);
insert into STATION values (4527, '.', 2262, 269183.21, 4169086.14, 471.55);
insert into STATION values (4528, '.', 2262, 269191.90, 4169077.52, 476.43);
insert into STATION values (4529, '4', 2262, 269167.09, 4169079.02, 467.32);
insert into STATION values (4530, '5', 2262, 269187.59, 4169084.75, 472.87);
insert into STATION values (4531, '.', 2262, 269190.49, 4169076.76, 473.39);
insert into STATION values (4532, '.', 2262, 269193.91, 4169077.86, 474.86);
insert into STATION values (4533, '.', 2262, 269188.88, 4169087.12, 474.90);
insert into STATION values (4534, '.', 2262, 269186.54, 4169086.51, 471.99);
insert into STATION values (4535, '.', 2262, 269183.22, 4169090.34, 472.45);
insert into STATION values (4536, '.', 2262, 269181.30, 4169098.15, 471.08);
insert into STATION values (4537, '.', 2262, 269185.31, 4169099.58, 471.77);
insert into STATION values (4538, '.', 2262, 269190.94, 4169104.26, 471.31);
insert into STATION values (4539, '.', 2262, 269192.14, 4169100.37, 472.33);
insert into STATION values (4540, '.', 2262, 269192.81, 4169097.33, 472.87);
insert into STATION values (4541, '.', 2262, 269191.63, 4169090.75, 472.58);
insert into STATION values (4542, '.', 2262, 269201.67, 4169103.95, 473.41);
insert into STATION values (4543, '.', 2262, 269198.61, 4169105.69, 475.19);
insert into STATION values (4544, '.', 2262, 269211.58, 4169103.46, 477.25);
insert into STATION values (4545, '.', 2262, 269200.57, 4169100.36, 477.63);
insert into STATION values (4546, '.', 2262, 269191.02, 4169090.51, 476.99);
insert into STATION values (4547, '.', 2262, 269188.36, 4169086.63, 475.76);
insert into STATION values (4548, 'B79', 2262, 269204.87, 4169104.94, 474.40);
insert into STATION values (4549, '.', 2262, 269203.62, 4169104.52, 477.64);
insert into STATION values (4550, '.', 2262, 269200.23, 4169109.75, 475.70);
insert into STATION values (4551, '.', 2262, 269204.53, 4169105.04, 473.51);
insert into STATION values (4552, '.', 2262, 269195.88, 4169103.35, 474.56);
insert into STATION values (4553, '.', 2262, 269194.77, 4169098.69, 475.75);
insert into STATION values (4554, '.', 2262, 269184.58, 4169089.90, 473.69);
insert into STATION values (4555, '.', 2262, 269198.37, 4169097.89, 472.45);
insert into STATION values (4556, '.', 2262, 269192.42, 4169077.05, 475.36);
insert into STATION values (4557, '.', 2262, 269198.18, 4169079.90, 475.12);
insert into STATION values (4558, '.', 2262, 269204.40, 4169102.08, 477.23);
insert into STATION values (4559, '.', 2262, 269210.14, 4169090.50, 476.29);
insert into STATION values (4560, '.', 2262, 269210.18, 4169092.08, 472.54);
insert into STATION values (4561, '.', 2262, 269206.37, 4169101.89, 473.16);
insert into STATION values (4562, '.', 2262, 269223.89, 4169086.61, 478.35);
insert into STATION values (4563, '.', 2262, 269223.10, 4169088.61, 480.37);
insert into STATION values (4564, '.', 2262, 269234.87, 4169088.69, 476.67);
insert into STATION values (4565, '.', 2262, 269224.50, 4169096.34, 475.90);
insert into STATION values (4566, '.', 2262, 269210.77, 4169105.00, 476.89);
insert into STATION values (4567, '.', 2262, 269220.17, 4169119.59, 477.19);
insert into STATION values (4568, '.', 2262, 269208.90, 4169116.06, 477.04);
insert into STATION values (4569, '.', 2262, 269212.87, 4169110.05, 478.69);
insert into STATION values (4570, '.', 2262, 269223.51, 4169114.13, 480.36);
insert into STATION values (4571, '.', 2262, 269221.81, 4169111.77, 474.94);
insert into STATION values (4572, '.', 2262, 269207.33, 4169105.69, 473.82);
insert into STATION values (4573, '7', 2262, 269208.01, 4169072.56, 473.60);
insert into STATION values (4574, '8', 2262, 269197.31, 4169103.47, 473.14);
insert into STATION values (4575, '.', 2262, 269197.29, 4169106.00, 473.17);
insert into STATION values (4576, '.', 2262, 269194.97, 4169106.19, 471.92);
insert into STATION values (4577, '.', 2262, 269194.97, 4169105.60, 473.50);
insert into STATION values (4578, '.', 2262, 269194.29, 4169105.12, 472.80);
insert into STATION values (4579, '.', 2262, 269193.57, 4169107.05, 472.39);
insert into STATION values (4580, '9', 2262, 269180.10, 4169118.72, 472.30);
insert into STATION values (4581, '10', 2262, 269225.50, 4169090.22, 474.29);
insert into STATION values (4582, '.', 2262, 269224.90, 4169086.71, 476.98);
insert into STATION values (4583, '.', 2262, 269225.40, 4169089.49, 474.48);
insert into STATION values (4584, '.', 2262, 269225.33, 4169090.16, 481.16);
insert into STATION values (4585, '.', 2262, 269225.95, 4169095.03, 477.81);
insert into STATION values (4586, '.', 2262, 269227.15, 4169095.21, 477.68);
insert into STATION values (4587, '.', 2262, 269225.63, 4169092.55, 473.50);
insert into STATION values (4588, '.', 2262, 269217.97, 4169095.68, 472.33);
insert into STATION values (4589, '.', 2262, 269216.70, 4169094.07, 479.28);
insert into STATION values (4590, '.', 2262, 269221.26, 4169092.44, 483.75);
insert into STATION values (4591, '.', 2262, 269233.85, 4169087.01, 478.44);
insert into STATION values (4592, '.', 2262, 269240.30, 4169091.63, 479.76);
insert into STATION values (4593, '.', 2262, 269241.03, 4169096.63, 480.44);
insert into STATION values (4594, '.', 2262, 269249.57, 4169090.87, 485.98);
insert into STATION values (4595, '.', 2262, 269233.41, 4169091.13, 482.89);
insert into STATION values (4596, '.', 2262, 269239.16, 4169098.51, 484.99);
insert into STATION values (4597, '.', 2262, 269240.51, 4169098.08, 479.54);
insert into STATION values (4598, '.', 2262, 269238.17, 4169098.03, 477.40);
insert into STATION values (4599, '.', 2262, 269233.37, 4169094.48, 475.17);
insert into STATION values (4600, '.', 2262, 269230.56, 4169092.47, 473.91);
insert into STATION values (4601, '.', 2262, 269227.93, 4169094.00, 475.17);
insert into STATION values (4602, '.', 2262, 269228.79, 4169094.87, 478.76);
insert into STATION values (4603, '.', 2262, 269230.06, 4169094.89, 476.30);
insert into STATION values (4604, '11', 2262, 269239.19, 4169098.94, 479.40);
insert into STATION values (4605, '.', 2262, 269236.77, 4169103.36, 480.81);
insert into STATION values (4606, '.', 2262, 269245.75, 4169097.23, 481.18);
insert into STATION values (4607, '.', 2262, 269240.20, 4169098.48, 478.57);
insert into STATION values (4608, '.', 2262, 269244.86, 4169103.15, 484.92);
insert into STATION values (4609, '.', 2262, 269256.53, 4169111.85, 485.44);
insert into STATION values (4610, '.', 2262, 269267.76, 4169117.26, 485.14);
insert into STATION values (4611, '.', 2262, 269261.90, 4169117.77, 482.50);
insert into STATION values (4612, '.', 2262, 269248.19, 4169110.48, 481.25);
insert into STATION values (4613, '.', 2262, 269241.40, 4169105.50, 481.33);
insert into STATION values (4614, '.', 2262, 269241.11, 4169100.05, 478.52);
insert into STATION values (4615, '.', 2262, 269247.08, 4169105.58, 478.59);
insert into STATION values (4616, '.', 2262, 269249.26, 4169103.76, 480.36);
insert into STATION values (4617, '12', 2262, 269262.11, 4169114.52, 481.02);
insert into STATION values (4618, '.', 2262, 269263.10, 4169118.00, 482.03);
insert into STATION values (4619, '.', 2262, 269262.91, 4169114.74, 486.04);
insert into STATION values (4620, '.', 2262, 269263.31, 4169112.67, 487.26);
insert into STATION values (4621, '.', 2262, 269263.29, 4169110.34, 484.49);
insert into STATION values (4622, '.', 2262, 269263.94, 4169107.72, 482.43);
insert into STATION values (4623, '.', 2262, 269262.36, 4169114.33, 480.57);
insert into STATION values (4624, '.', 2262, 269257.55, 4169117.43, 481.33);
insert into STATION values (4625, '.', 2262, 269253.32, 4169115.15, 477.81);
insert into STATION values (4626, '.', 2262, 269255.42, 4169114.94, 483.56);
insert into STATION values (4627, '.', 2262, 269259.65, 4169113.87, 485.48);
insert into STATION values (4628, '.', 2262, 269256.75, 4169106.76, 484.41);
insert into STATION values (4629, '.', 2262, 269254.42, 4169108.80, 480.53);
insert into STATION values (4630, '.', 2262, 269269.21, 4169120.20, 483.22);
insert into STATION values (4631, '.', 2262, 269279.27, 4169123.13, 484.44);
insert into STATION values (4632, '.', 2262, 269278.64, 4169116.01, 483.53);
insert into STATION values (4633, '.', 2262, 269270.83, 4169112.37, 483.14);
insert into STATION values (4634, '.', 2262, 269267.45, 4169115.59, 480.05);
insert into STATION values (4635, '.', 2262, 269275.68, 4169118.32, 481.26);
insert into STATION values (4636, '.', 2262, 269268.55, 4169115.89, 485.90);
insert into STATION values (4637, '.', 2262, 269272.43, 4169117.39, 485.76);
insert into STATION values (4638, '13', 2262, 269280.32, 4169119.89, 482.62);
insert into STATION values (4639, '.', 2262, 269280.44, 4169116.20, 483.27);
insert into STATION values (4640, '.', 2262, 269281.98, 4169119.39, 488.12);
insert into STATION values (4641, '.', 2262, 269280.96, 4169123.08, 484.40);
insert into STATION values (4642, '.', 2262, 269280.53, 4169119.92, 482.02);
insert into STATION values (4643, '.', 2262, 269286.29, 4169120.95, 481.33);
insert into STATION values (4644, '.', 2262, 269295.31, 4169122.87, 481.47);
insert into STATION values (4645, '.', 2262, 269303.46, 4169124.20, 481.83);
insert into STATION values (4646, '.', 2262, 269291.90, 4169124.51, 483.34);
insert into STATION values (4647, '.', 2262, 269287.13, 4169124.27, 483.52);
insert into STATION values (4648, '.', 2262, 269310.36, 4169124.73, 484.74);
insert into STATION values (4649, '.', 2262, 269298.26, 4169121.50, 487.24);
insert into STATION values (4650, '.', 2262, 269290.01, 4169118.19, 484.62);
insert into STATION values (4651, 'B78', 2262, 269304.69, 4169126.77, 483.17);
insert into STATION values (4652, '.', 2262, 269306.91, 4169121.85, 483.25);
insert into STATION values (4653, '.', 2262, 269306.55, 4169125.05, 481.40);
insert into STATION values (4654, '.', 2262, 269305.49, 4169127.11, 487.23);
insert into STATION values (4655, '.', 2262, 269298.25, 4169134.17, 485.55);
insert into STATION values (4656, '.', 2262, 269287.90, 4169154.78, 488.75);
insert into STATION values (4657, '.', 2262, 269295.30, 4169156.29, 490.67);
insert into STATION values (4658, '.', 2262, 269304.24, 4169132.99, 485.38);
insert into STATION values (4659, '.', 2262, 269304.77, 4169129.85, 486.09);
insert into STATION values (4660, '.', 2262, 269299.99, 4169138.44, 489.25);
insert into STATION values (4661, '.', 2262, 269300.12, 4169137.57, 484.99);
insert into STATION values (4662, '.', 2262, 269303.26, 4169129.12, 483.25);
insert into STATION values (4663, '.', 2262, 269296.80, 4169130.62, 486.11);
insert into STATION values (4664, '.', 2262, 269292.19, 4169130.35, 485.87);
insert into STATION values (4665, '.', 2262, 269295.12, 4169127.22, 486.47);
insert into STATION values (4666, '.', 2262, 269289.01, 4169126.68, 485.71);
insert into STATION values (4667, '.', 2262, 269296.05, 4169128.68, 483.87);
insert into STATION values (4668, '.', 2262, 269297.12, 4169126.82, 482.67);
insert into STATION values (4669, '.', 2262, 269302.62, 4169127.92, 482.84);
insert into STATION values (4670, '.', 2262, 269306.11, 4169121.95, 482.49);
insert into STATION values (4671, '.', 2262, 269301.44, 4169120.02, 483.57);
insert into STATION values (4672, '.', 2262, 269294.79, 4169118.82, 483.13);
insert into STATION values (4673, '.', 2262, 269302.31, 4169124.57, 481.26);
insert into STATION values (4674, '.', 2262, 269294.07, 4169124.85, 482.02);
insert into STATION values (4675, '.', 2262, 269288.15, 4169119.39, 485.30);
insert into STATION values (4676, '.', 2262, 269309.58, 4169130.92, 485.38);
insert into STATION values (4677, '.', 2262, 269315.90, 4169134.35, 491.56);
insert into STATION values (4678, '.', 2262, 269317.42, 4169130.53, 487.98);
insert into STATION values (4679, '.', 2262, 269317.62, 4169134.90, 487.04);
insert into STATION values (4680, '.', 2262, 269322.83, 4169142.68, 492.00);
insert into STATION values (4681, '15', 2262, 269320.36, 4169135.73, 490.36);
insert into STATION values (4682, '16', 2262, 269293.49, 4169128.30, 484.27);
insert into STATION values (4683, '.', 2262, 269292.77, 4169125.82, 485.46);
insert into STATION values (4684, '.', 2262, 269293.26, 4169127.44, 484.42);
insert into STATION values (4685, '.', 2262, 269293.26, 4169128.48, 486.38);
insert into STATION values (4686, '.', 2262, 269292.99, 4169130.73, 485.58);
insert into STATION values (4687, '.', 2262, 269293.37, 4169129.68, 484.00);
insert into STATION values (4688, '.', 2262, 269292.20, 4169128.43, 483.80);
insert into STATION values (4689, '.', 2262, 269286.14, 4169128.92, 483.45);
insert into STATION values (4690, '.', 2262, 269273.48, 4169129.85, 485.67);
insert into STATION values (4691, '.', 2262, 269288.54, 4169128.49, 486.24);
insert into STATION values (4692, '.', 2262, 269283.97, 4169126.64, 485.30);
insert into STATION values (4693, '.', 2262, 269275.89, 4169126.96, 484.57);
insert into STATION values (4694, '.', 2262, 269280.51, 4169131.28, 484.47);
insert into STATION values (4695, '.', 2262, 269270.13, 4169132.23, 484.39);
insert into STATION values (4696, '17', 2262, 269269.24, 4169131.04, 483.01);
insert into STATION values (4697, '.', 2262, 269268.04, 4169127.27, 484.01);
insert into STATION values (4698, '.', 2262, 269268.78, 4169129.84, 482.35);
insert into STATION values (4699, '.', 2262, 269269.15, 4169132.53, 483.56);
insert into STATION values (4700, '.', 2262, 269268.82, 4169131.35, 485.05);
insert into STATION values (4701, '.', 2262, 269263.18, 4169129.98, 483.09);
insert into STATION values (4702, '.', 2262, 269262.11, 4169139.00, 480.09);
insert into STATION values (4703, '.', 2262, 269268.16, 4169130.54, 482.10);
insert into STATION values (4704, '.', 2262, 269264.25, 4169131.76, 479.94);
insert into STATION values (4705, 'B77', 2262, 269251.15, 4169141.45, 481.07);
insert into STATION values (4706, '.', 2262, 269259.59, 4169131.01, 479.54);
insert into STATION values (4707, '.', 2262, 269255.60, 4169151.87, 483.56);
insert into STATION values (4708, '.', 2262, 269251.40, 4169142.41, 480.66);
insert into STATION values (4709, '.', 2262, 269252.23, 4169141.60, 483.73);
insert into STATION values (4710, '.', 2262, 269259.90, 4169141.45, 483.96);
insert into STATION values (4711, '.', 2262, 269275.52, 4169136.38, 482.72);
insert into STATION values (4712, '.', 2262, 269239.45, 4169154.98, 483.55);
insert into STATION values (4713, '.', 2262, 269248.80, 4169126.36, 480.88);
insert into STATION values (4714, '.', 2262, 269255.38, 4169129.14, 481.25);
insert into STATION values (4715, '.', 2262, 269238.34, 4169127.65, 482.48);
insert into STATION values (4716, '.', 2262, 269247.89, 4169132.48, 483.95);
insert into STATION values (4717, '19', 2262, 269246.78, 4169133.85, 480.79);
insert into STATION values (4718, '.', 2262, 269237.64, 4169135.82, 481.05);
insert into STATION values (4719, '.', 2262, 269247.25, 4169134.12, 483.83);
insert into STATION values (4720, '.', 2262, 269257.08, 4169131.19, 482.50);
insert into STATION values (4721, '.', 2262, 269236.20, 4169130.14, 480.07);
insert into STATION values (4722, '.', 2262, 269237.18, 4169125.38, 479.11);
insert into STATION values (4723, '.', 2262, 269228.20, 4169105.63, 478.25);
insert into STATION values (4724, '.', 2262, 269238.21, 4169121.78, 484.51);
insert into STATION values (4725, '.', 2262, 269246.29, 4169132.55, 483.22);
insert into STATION values (4726, '.', 2262, 269253.59, 4169127.17, 479.77);
insert into STATION values (4727, '.', 2262, 269245.80, 4169126.71, 476.93);
insert into STATION values (4728, '.', 2262, 269243.20, 4169117.37, 477.39);
insert into STATION values (4729, '21', 2262, 269248.41, 4169152.02, 481.21);
insert into STATION values (4730, '.', 2262, 269253.95, 4169152.81, 482.13);
insert into STATION values (4731, '.', 2262, 269253.48, 4169156.75, 481.54);
insert into STATION values (4732, '.', 2262, 269249.21, 4169155.94, 480.23);
insert into STATION values (4733, '.', 2262, 269251.86, 4169161.12, 480.33);
insert into STATION values (4734, '.', 2262, 269249.24, 4169156.93, 483.25);
insert into STATION values (4735, '.', 2262, 269251.21, 4169164.68, 481.71);
insert into STATION values (4736, '.', 2262, 269246.43, 4169162.06, 480.78);
insert into STATION values (4737, '.', 2262, 269245.81, 4169157.19, 481.54);
insert into STATION values (4738, '.', 2262, 269247.94, 4169153.14, 484.37);
insert into STATION values (4739, '.', 2262, 269240.35, 4169155.28, 483.09);
insert into STATION values (4740, '22', 2262, 269257.04, 4169165.25, 481.23);
insert into STATION values (4741, '.', 2262, 269253.82, 4169168.53, 481.78);
insert into STATION values (4742, '.', 2262, 269257.12, 4169165.65, 480.82);
insert into STATION values (4743, '.', 2262, 269257.64, 4169165.48, 483.51);
insert into STATION values (4744, '.', 2262, 269257.56, 4169175.32, 484.74);
insert into STATION values (4745, '.', 2262, 269263.04, 4169181.78, 485.52);
insert into STATION values (4746, '.', 2262, 269258.60, 4169168.10, 481.92);
insert into STATION values (4747, '.', 2262, 269264.45, 4169177.03, 485.62);
insert into STATION values (4748, '.', 2262, 269265.83, 4169175.34, 485.14);
insert into STATION values (4749, '.', 2262, 269268.34, 4169167.11, 485.35);
insert into STATION values (4750, '.', 2262, 269269.21, 4169165.20, 484.42);
insert into STATION values (4751, '.', 2262, 269259.96, 4169162.10, 482.73);
insert into STATION values (4752, 'B76', 2262, 269262.29, 4169164.34, 482.96);
insert into STATION values (4753, '.', 2262, 269268.72, 4169162.53, 484.12);
insert into STATION values (4754, '.', 2262, 269269.97, 4169165.64, 484.09);
insert into STATION values (4755, '.', 2262, 269272.21, 4169172.40, 484.92);
insert into STATION values (4756, '.', 2262, 269263.84, 4169167.58, 483.73);
insert into STATION values (4757, '.', 2262, 269269.36, 4169159.46, 484.25);
insert into STATION values (4758, '.', 2262, 269264.65, 4169161.49, 484.23);
insert into STATION values (4759, '.', 2262, 269262.33, 4169162.23, 483.16);
insert into STATION values (4760, '.', 2262, 269275.70, 4169143.00, 485.66);
insert into STATION values (4761, '.', 2262, 269271.95, 4169153.09, 482.96);
insert into STATION values (4762, '.', 2262, 269270.88, 4169167.86, 483.83);
insert into STATION values (4763, '.', 2262, 269275.48, 4169169.69, 484.64);
insert into STATION values (4764, '24', 2262, 269279.97, 4169170.70, 486.02);
insert into STATION values (4765, '.', 2262, 269286.37, 4169173.07, 486.78);
insert into STATION values (4766, '.', 2262, 269280.59, 4169170.70, 487.86);
insert into STATION values (4767, '.', 2262, 269279.71, 4169171.25, 485.67);
insert into STATION values (4768, '.', 2262, 269280.83, 4169168.83, 486.30);
insert into STATION values (4769, '.', 2262, 269286.24, 4169165.03, 486.22);
insert into STATION values (4770, '.', 2262, 269289.95, 4169168.72, 487.03);
insert into STATION values (4771, '.', 2262, 269281.24, 4169177.65, 487.74);
insert into STATION values (4772, '.', 2262, 269273.01, 4169173.83, 485.91);
insert into STATION values (4773, '.', 2262, 269278.15, 4169172.65, 485.58);
insert into STATION values (4774, '.', 2262, 269275.91, 4169176.54, 487.85);
insert into STATION values (4775, '25', 2262, 269288.58, 4169167.13, 485.98);
insert into STATION values (4776, '26', 2262, 269274.18, 4169181.37, 486.93);
insert into STATION values (4777, '.', 2262, 269274.01, 4169182.25, 486.27);
insert into STATION values (4778, '.', 2262, 269267.94, 4169195.41, 487.79);
insert into STATION values (4779, '.', 2262, 269282.07, 4169200.46, 488.26);
insert into STATION values (4780, '.', 2262, 269280.84, 4169183.61, 488.24);
insert into STATION values (4781, '.', 2262, 269274.05, 4169182.26, 488.13);
insert into STATION values (4782, '.', 2262, 269286.36, 4169184.29, 490.97);
insert into STATION values (4783, '.', 2262, 269278.44, 4169178.01, 488.04);
insert into STATION values (4784, '.', 2262, 269286.84, 4169179.04, 492.45);
insert into STATION values (4785, '.', 2262, 269275.98, 4169180.31, 486.07);
insert into STATION values (4786, '.', 2262, 269267.18, 4169178.36, 486.07);
insert into STATION values (4787, '.', 2262, 269260.30, 4169179.85, 484.06);
insert into STATION values (4788, '.', 2262, 269262.18, 4169177.41, 485.24);
insert into STATION values (4789, '.', 2262, 269269.29, 4169179.58, 485.49);
insert into STATION values (4790, '27', 2262, 269261.06, 4169174.93, 483.41);
insert into STATION values (4791, '.', 2262, 269264.12, 4169170.71, 484.10);
insert into STATION values (4792, '.', 2262, 269260.83, 4169174.17, 485.55);
insert into STATION values (4793, '.', 2262, 269257.79, 4169176.75, 483.95);
insert into STATION values (4794, '.', 2262, 269260.65, 4169175.72, 482.35);
insert into STATION values (4795, '.', 2262, 269260.44, 4169174.45, 485.60);
insert into STATION values (4796, '.', 2262, 269265.64, 4169176.74, 485.15);
insert into STATION values (4797, '.', 2262, 269264.59, 4169179.17, 483.80);
insert into STATION values (4798, '.', 2262, 269258.65, 4169172.62, 483.54);
insert into STATION values (4799, '28', 2262, 269258.64, 4169172.64, 483.62);
insert into STATION values (4800, '29', 2262, 269269.57, 4169157.99, 483.16);
insert into STATION values (4801, '.', 2262, 269264.37, 4169151.87, 482.70);
insert into STATION values (4802, '.', 2262, 269272.26, 4169158.63, 484.38);
insert into STATION values (4803, '.', 2262, 269270.00, 4169157.35, 482.41);
insert into STATION values (4804, '.', 2262, 269269.08, 4169156.80, 485.24);
insert into STATION values (4805, '.', 2262, 269271.00, 4169150.68, 484.13);
insert into STATION values (4806, '.', 2262, 269282.37, 4169154.89, 487.54);
insert into STATION values (4807, '.', 2262, 269283.61, 4169143.18, 486.58);
insert into STATION values (4808, 'B75', 2262, 269266.95, 4169151.53, 482.47);
insert into STATION values (4809, '.', 2262, 269270.30, 4169151.02, 491.16);
insert into STATION values (4810, '.', 2262, 269272.80, 4169151.92, 494.12);
insert into STATION values (4811, '.', 2262, 269292.13, 4169152.44, 496.32);
insert into STATION values (4812, '.', 2262, 269277.11, 4169158.40, 486.86);
insert into STATION values (4813, '.', 2262, 269282.50, 4169154.49, 487.82);
insert into STATION values (4814, '.', 2262, 269280.76, 4169143.25, 486.69);
insert into STATION values (4815, '.', 2262, 269267.44, 4169150.87, 481.77);
insert into STATION values (4816, '.', 2262, 269259.96, 4169130.93, 482.69);
insert into STATION values (4817, '.', 2262, 269263.15, 4169151.46, 482.69);
insert into STATION values (4818, '31', 2262, 269255.99, 4169140.26, 480.59);
insert into STATION values (4819, '32', 2262, 269272.36, 4169152.81, 483.56);
insert into STATION values (4820, '.', 2262, 269272.45, 4169152.37, 483.57);
insert into STATION values (4821, '.', 2262, 269275.51, 4169151.41, 491.60);
insert into STATION values (4822, '.', 2262, 269273.19, 4169157.76, 485.53);
insert into STATION values (4823, '.', 2262, 269274.59, 4169152.13, 483.17);
insert into STATION values (4824, '.', 2262, 269280.29, 4169151.39, 484.17);
insert into STATION values (4825, '.', 2262, 269283.49, 4169154.03, 486.71);
insert into STATION values (4826, '.', 2262, 269302.92, 4169133.31, 487.76);
insert into STATION values (4827, 'B74', 2262, 269298.18, 4169148.01, 489.18);
insert into STATION values (4828, '.', 2262, 269321.49, 4169132.20, 489.91);
insert into STATION values (4829, '.', 2262, 269323.00, 4169130.45, 485.40);
insert into STATION values (4830, '.', 2262, 269331.12, 4169133.59, 486.71);
insert into STATION values (4831, '.', 2262, 269331.85, 4169139.13, 490.76);
insert into STATION values (4832, '.', 2262, 269323.42, 4169143.99, 491.36);
insert into STATION values (4833, '.', 2262, 269322.81, 4169138.94, 492.87);
insert into STATION values (4834, '.', 2262, 269330.54, 4169141.70, 492.67);
insert into STATION values (4835, '.', 2262, 269328.25, 4169144.67, 491.84);
insert into STATION values (4836, '.', 2262, 269332.97, 4169139.97, 490.89);
insert into STATION values (4837, '.', 2262, 269328.33, 4169141.00, 490.39);
insert into STATION values (4838, '.', 2262, 269316.97, 4169155.42, 491.96);
insert into STATION values (4839, '.', 2262, 269292.52, 4169158.48, 490.23);
insert into STATION values (4840, '.', 2262, 269304.14, 4169147.93, 488.08);
insert into STATION values (4841, '.', 2262, 269312.81, 4169138.40, 486.49);
insert into STATION values (4842, '.', 2262, 269313.34, 4169133.20, 484.63);
insert into STATION values (4843, '35', 2262, 269334.30, 4169144.53, 491.31);
insert into STATION values (4844, '.', 2262, 269335.12, 4169139.45, 491.52);
insert into STATION values (4845, '.', 2262, 269334.64, 4169142.05, 490.50);
insert into STATION values (4846, '.', 2262, 269339.28, 4169139.67, 491.41);
insert into STATION values (4847, '.', 2262, 269343.35, 4169141.84, 492.89);
insert into STATION values (4848, '.', 2262, 269340.69, 4169142.94, 491.49);
insert into STATION values (4849, '.', 2262, 269335.70, 4169144.44, 492.79);
insert into STATION values (4850, '.', 2262, 269337.18, 4169146.28, 492.32);
insert into STATION values (4851, '.', 2262, 269335.40, 4169147.66, 490.84);
insert into STATION values (4852, '.', 2262, 269338.21, 4169151.16, 491.11);
insert into STATION values (4853, '.', 2262, 269337.32, 4169150.05, 492.84);
insert into STATION values (4854, '.', 2262, 269334.70, 4169149.93, 492.30);
insert into STATION values (4855, '.', 2262, 269331.24, 4169149.41, 492.62);
insert into STATION values (4856, '36', 2262, 269342.00, 4169153.01, 492.98);
insert into STATION values (4857, '37', 2262, 269342.04, 4169144.36, 492.33);
insert into STATION values (4858, '.', 2262, 269342.73, 4169141.16, 492.61);
insert into STATION values (4859, '.', 2262, 269341.74, 4169145.82, 492.72);
insert into STATION values (4860, '.', 2262, 269342.72, 4169145.23, 495.11);
insert into STATION values (4861, '.', 2262, 269342.88, 4169143.99, 494.66);
insert into STATION values (4862, '.', 2262, 269342.56, 4169142.95, 491.51);
insert into STATION values (4863, '.', 2262, 269345.99, 4169142.75, 490.66);
insert into STATION values (4864, '.', 2262, 269346.21, 4169143.80, 491.28);
insert into STATION values (4865, '.', 2262, 269352.56, 4169141.53, 493.09);
insert into STATION values (4866, '.', 2262, 269353.64, 4169144.96, 495.44);
insert into STATION values (4867, '.', 2262, 269348.31, 4169145.93, 496.53);
insert into STATION values (4868, '.', 2262, 269344.23, 4169144.40, 495.18);
insert into STATION values (4869, '.', 2262, 269346.92, 4169146.90, 494.08);
insert into STATION values (4870, '38', 2262, 269351.49, 4169146.97, 493.51);
insert into STATION values (4871, '.', 2262, 269351.18, 4169145.79, 496.51);
insert into STATION values (4872, '.', 2262, 269355.10, 4169142.76, 494.32);
insert into STATION values (4873, '.', 2262, 269350.53, 4169141.08, 493.68);
insert into STATION values (4874, '.', 2262, 269345.61, 4169141.72, 493.58);
insert into STATION values (4875, '.', 2262, 269348.69, 4169147.10, 493.54);
insert into STATION values (4876, '.', 2262, 269350.74, 4169149.36, 493.45);
insert into STATION values (4877, '.', 2262, 269350.96, 4169148.24, 492.87);
insert into STATION values (4878, '.', 2262, 269352.01, 4169148.58, 496.54);
insert into STATION values (4879, '.', 2262, 269353.02, 4169148.50, 493.57);
insert into STATION values (4880, '.', 2262, 269353.45, 4169148.62, 494.29);
insert into STATION values (4881, '.', 2262, 269353.38, 4169147.98, 496.50);
insert into STATION values (4882, '.', 2262, 269354.22, 4169145.82, 496.14);
insert into STATION values (4883, '39', 2262, 269355.26, 4169149.89, 495.44);
insert into STATION values (4884, '.', 2262, 269354.85, 4169152.18, 496.30);
insert into STATION values (4885, '.', 2262, 269355.32, 4169150.24, 497.32);
insert into STATION values (4886, '.', 2262, 269356.54, 4169147.85, 496.21);
insert into STATION values (4887, '.', 2262, 269355.90, 4169149.51, 495.01);
insert into STATION values (4888, '.', 2262, 269357.94, 4169151.62, 494.27);
insert into STATION values (4889, '.', 2262, 269359.94, 4169152.25, 495.50);
insert into STATION values (4890, '.', 2262, 269362.32, 4169153.31, 497.34);
insert into STATION values (4891, '.', 2262, 269360.04, 4169152.97, 498.73);
insert into STATION values (4892, '.', 2262, 269351.20, 4169150.23, 496.14);
insert into STATION values (4893, '40', 2262, 269362.48, 4169153.08, 497.67);
insert into STATION values (4894, '.', 2262, 269363.18, 4169151.49, 499.40);
insert into STATION values (4895, '.', 2262, 269361.16, 4169154.82, 498.63);
insert into STATION values (4896, '.', 2262, 269362.13, 4169153.91, 497.12);
insert into STATION values (4897, '.', 2262, 269362.46, 4169153.06, 499.75);
insert into STATION values (4898, '.', 2262, 269363.89, 4169154.48, 500.49);
insert into STATION values (4899, '41', 2262, 269364.46, 4169156.26, 501.28);
insert into STATION values (4900, '42', 2262, 269317.89, 4169148.73, 490.22);
insert into STATION values (4901, '.', 2262, 269322.15, 4169147.64, 490.52);
insert into STATION values (4902, '.', 2262, 269321.16, 4169150.44, 488.95);
insert into STATION values (4903, '.', 2262, 269318.62, 4169155.19, 491.52);
insert into STATION values (4904, '.', 2262, 269320.20, 4169152.11, 495.87);
insert into STATION values (4905, '.', 2262, 269324.86, 4169154.66, 491.75);
insert into STATION values (4906, '.', 2262, 269335.34, 4169158.26, 489.18);
insert into STATION values (4907, '.', 2262, 269327.35, 4169156.11, 488.66);
insert into STATION values (4908, '.', 2262, 269325.27, 4169136.17, 491.14);
insert into STATION values (4909, '.', 2262, 269312.11, 4169129.26, 488.66);
insert into STATION values (4910, '.', 2262, 269295.51, 4169140.83, 487.09);
insert into STATION values (4911, '.', 2262, 269294.32, 4169160.87, 491.05);
insert into STATION values (4912, '.', 2262, 269309.74, 4169149.81, 488.28);
insert into STATION values (4913, '.', 2262, 269310.95, 4169149.08, 492.07);
insert into STATION values (4914, '.', 2262, 269318.52, 4169147.13, 488.44);
insert into STATION values (4915, '.', 2262, 269328.84, 4169162.43, 489.91);
insert into STATION values (4916, '43', 2262, 269328.85, 4169162.38, 489.91);
insert into STATION values (4917, '.', 2262, 269330.58, 4169164.61, 489.86);
insert into STATION values (4918, '.', 2262, 269328.82, 4169162.40, 489.91);
insert into STATION values (4919, '.', 2262, 269329.55, 4169162.75, 492.23);
insert into STATION values (4920, '.', 2262, 269337.62, 4169162.42, 491.33);
insert into STATION values (4921, '.', 2262, 269335.39, 4169168.08, 490.87);
insert into STATION values (4922, '.', 2262, 269328.81, 4169170.24, 491.36);
insert into STATION values (4923, '.', 2262, 269327.33, 4169164.63, 489.38);
insert into STATION values (4924, '.', 2262, 269319.80, 4169160.63, 491.01);
insert into STATION values (4925, '.', 2262, 269328.19, 4169162.03, 489.16);
insert into STATION values (4926, '.', 2262, 269321.02, 4169156.39, 490.15);
insert into STATION values (4927, '.', 2262, 269326.82, 4169158.93, 489.01);
insert into STATION values (4928, '.', 2262, 269327.27, 4169159.27, 491.64);
insert into STATION values (4929, '.', 2262, 269333.94, 4169154.80, 489.27);
insert into STATION values (4930, '44', 2262, 269336.60, 4169173.69, 491.43);
insert into STATION values (4931, '45', 2262, 269316.84, 4169166.72, 492.03);
insert into STATION values (4932, '46', 2262, 269298.99, 4169162.74, 490.11);
insert into STATION values (4933, '.', 2262, 269288.86, 4169158.76, 489.77);
insert into STATION values (4934, '.', 2262, 269294.98, 4169168.19, 490.27);
insert into STATION values (4935, '.', 2262, 269296.13, 4169172.74, 490.40);
insert into STATION values (4936, '.', 2262, 269307.35, 4169162.34, 491.53);
insert into STATION values (4937, '.', 2262, 269314.00, 4169166.47, 492.84);
insert into STATION values (4938, '.', 2262, 269305.60, 4169172.23, 493.34);
insert into STATION values (4939, '.', 2262, 269301.97, 4169167.04, 494.60);
insert into STATION values (4940, '.', 2262, 269299.19, 4169162.86, 491.07);
insert into STATION values (4941, '.', 2262, 269303.37, 4169162.51, 488.89);
insert into STATION values (4942, 'B73', 2262, 269297.21, 4169173.72, 489.89);
insert into STATION values (4943, '.', 2262, 269295.54, 4169173.90, 490.20);
insert into STATION values (4944, '.', 2262, 269295.67, 4169180.82, 488.03);
insert into STATION values (4945, '.', 2262, 269301.44, 4169186.02, 490.67);
insert into STATION values (4946, '.', 2262, 269298.99, 4169178.67, 491.69);
insert into STATION values (4947, '.', 2262, 269298.34, 4169177.17, 493.26);
insert into STATION values (4948, '.', 2262, 269294.99, 4169189.60, 489.84);
insert into STATION values (4949, '.', 2262, 269288.31, 4169200.72, 490.89);
insert into STATION values (4950, '.', 2262, 269290.15, 4169190.07, 487.11);
insert into STATION values (4951, '.', 2262, 269286.99, 4169183.14, 490.11);
insert into STATION values (4952, '.', 2262, 269280.64, 4169183.07, 491.56);
insert into STATION values (4953, '.', 2262, 269292.90, 4169176.57, 491.76);
insert into STATION values (4954, '.', 2262, 269311.83, 4169165.60, 494.19);
insert into STATION values (4955, '.', 2262, 269313.85, 4169172.66, 492.62);
insert into STATION values (4956, '.', 2262, 269302.35, 4169174.44, 492.51);
insert into STATION values (4957, '.', 2262, 269313.29, 4169181.13, 491.85);
insert into STATION values (4958, '.', 2262, 269309.79, 4169175.88, 489.54);
insert into STATION values (4959, '.', 2262, 269300.39, 4169173.82, 488.41);
insert into STATION values (4960, '48', 2262, 269320.38, 4169176.87, 493.60);
insert into STATION values (4961, '.', 2262, 269316.26, 4169165.88, 494.03);
insert into STATION values (4962, '.', 2262, 269320.00, 4169175.68, 492.76);
insert into STATION values (4963, '.', 2262, 269319.30, 4169176.59, 495.66);
insert into STATION values (4964, '.', 2262, 269321.79, 4169179.16, 497.43);
insert into STATION values (4965, '.', 2262, 269326.32, 4169179.19, 494.67);
insert into STATION values (4966, '.', 2262, 269328.06, 4169176.76, 492.57);
insert into STATION values (4967, '.', 2262, 269327.43, 4169176.11, 494.86);
insert into STATION values (4968, '.', 2262, 269332.47, 4169177.33, 496.68);
insert into STATION values (4969, '.', 2262, 269323.80, 4169178.41, 497.41);
insert into STATION values (4970, '49', 2262, 269333.24, 4169176.35, 495.75);
insert into STATION values (4971, '.', 2262, 269333.16, 4169175.14, 495.85);
insert into STATION values (4972, '.', 2262, 269334.01, 4169174.83, 495.98);
insert into STATION values (4973, '.', 2262, 269334.09, 4169176.35, 498.07);
insert into STATION values (4974, '.', 2262, 269334.31, 4169178.10, 496.11);
insert into STATION values (4975, '.', 2262, 269333.32, 4169176.05, 495.08);
insert into STATION values (4976, '.', 2262, 269333.90, 4169175.81, 497.68);
insert into STATION values (4977, '.', 2262, 269334.86, 4169175.13, 496.05);
insert into STATION values (4978, '.', 2262, 269335.31, 4169174.88, 494.98);
insert into STATION values (4979, '.', 2262, 269331.03, 4169178.05, 494.93);
insert into STATION values (4980, '.', 2262, 269330.37, 4169175.88, 495.18);
insert into STATION values (4981, '.', 2262, 269330.87, 4169176.71, 496.46);
insert into STATION values (4982, '50', 2262, 269340.80, 4169170.12, 493.69);
insert into STATION values (4983, 'B72', 2262, 269290.19, 4169191.02, 488.42);
insert into STATION values (4984, '.', 2262, 269296.16, 4169189.90, 489.66);
insert into STATION values (4985, '.', 2262, 269281.47, 4169186.51, 490.10);
insert into STATION values (4986, '.', 2262, 269287.63, 4169185.61, 488.77);
insert into STATION values (4987, '.', 2262, 269291.24, 4169186.47, 487.00);
insert into STATION values (4988, '.', 2262, 269291.09, 4169189.39, 491.79);
insert into STATION values (4989, '.', 2262, 269295.36, 4169196.72, 490.03);
insert into STATION values (4990, '.', 2262, 269290.89, 4169201.70, 494.68);
insert into STATION values (4991, '.', 2262, 269289.74, 4169198.93, 499.48);
insert into STATION values (4992, '.', 2262, 269290.22, 4169191.74, 492.32);
insert into STATION values (4993, '.', 2262, 269282.78, 4169201.28, 493.28);
insert into STATION values (4994, '.', 2262, 269271.16, 4169206.79, 491.50);
insert into STATION values (4995, '.', 2262, 269263.63, 4169203.49, 490.32);
insert into STATION values (4996, '.', 2262, 269275.69, 4169197.70, 495.07);
insert into STATION values (4997, '.', 2262, 269278.77, 4169196.53, 486.78);
insert into STATION values (4998, '.', 2262, 269266.19, 4169178.45, 486.62);
insert into STATION values (4999, '52', 2262, 269304.84, 4169194.69, 489.45);
insert into STATION values (5000, '.', 2262, 269305.02, 4169194.81, 487.94);
insert into STATION values (5001, '.', 2262, 269304.96, 4169193.97, 490.39);
insert into STATION values (5002, '.', 2262, 269302.94, 4169189.31, 489.29);
insert into STATION values (5003, '.', 2262, 269309.17, 4169185.91, 491.50);
insert into STATION values (5004, '.', 2262, 269313.68, 4169186.52, 493.04);
insert into STATION values (5005, '.', 2262, 269314.06, 4169190.98, 491.51);
insert into STATION values (5006, '.', 2262, 269304.23, 4169190.90, 488.18);
insert into STATION values (5007, '.', 2262, 269301.20, 4169190.68, 488.43);
insert into STATION values (5008, 'B71b', 2262, 269309.76, 4169189.94, 490.45);
insert into STATION values (5009, '.', 2262, 269308.37, 4169185.39, 491.88);
insert into STATION values (5010, '.', 2262, 269314.91, 4169188.63, 491.83);
insert into STATION values (5011, '.', 2262, 269311.93, 4169195.57, 489.96);
insert into STATION values (5012, '.', 2262, 269305.54, 4169194.99, 489.11);
insert into STATION values (5013, '.', 2262, 269302.96, 4169189.89, 489.41);
insert into STATION values (5014, '.', 2262, 269305.05, 4169192.12, 487.78);
insert into STATION values (5015, '.', 2262, 269306.32, 4169191.25, 494.79);
insert into STATION values (5016, '.', 2262, 269310.87, 4169190.19, 495.92);
insert into STATION values (5017, '54', 2262, 269322.41, 4169190.39, 500.13);
insert into STATION values (5018, '55', 2262, 269306.32, 4169181.13, 497.19);
insert into STATION values (5019, '56', 2262, 269268.75, 4169189.30, 486.59);
insert into STATION values (5020, '.', 2262, 269263.78, 4169192.72, 487.75);
insert into STATION values (5021, '.', 2262, 269266.96, 4169189.73, 484.85);
insert into STATION values (5022, '.', 2262, 269268.47, 4169188.89, 488.75);
insert into STATION values (5023, '.', 2262, 269268.21, 4169177.52, 486.76);
insert into STATION values (5024, '.', 2262, 269279.02, 4169177.99, 488.12);
insert into STATION values (5025, '.', 2262, 269279.16, 4169184.48, 487.76);
insert into STATION values (5026, '.', 2262, 269274.58, 4169188.55, 486.99);
insert into STATION values (5027, '.', 2262, 269263.98, 4169194.36, 488.07);
insert into STATION values (5028, '.', 2262, 269259.60, 4169193.97, 488.40);
insert into STATION values (5029, '.', 2262, 269260.07, 4169186.80, 486.85);
insert into STATION values (5030, '.', 2262, 269261.92, 4169188.68, 485.46);
insert into STATION values (5031, '57', 2262, 269253.33, 4169152.15, 480.87);
insert into STATION values (5032, '58', 2262, 269257.55, 4169191.64, 487.51);
insert into STATION values (5033, '.', 2262, 269258.95, 4169193.99, 488.37);
insert into STATION values (5034, '.', 2262, 269257.63, 4169192.02, 490.47);
insert into STATION values (5035, '.', 2262, 269252.58, 4169186.33, 490.51);
insert into STATION values (5036, '.', 2262, 269255.72, 4169189.82, 486.19);
insert into STATION values (5037, '.', 2262, 269252.73, 4169190.70, 485.71);
insert into STATION values (5038, '.', 2262, 269246.59, 4169191.21, 485.87);
insert into STATION values (5039, '.', 2262, 269248.13, 4169191.24, 489.52);
insert into STATION values (5040, '.', 2262, 269250.97, 4169189.07, 488.43);
insert into STATION values (5041, '.', 2262, 269253.42, 4169194.15, 488.47);
insert into STATION values (5042, '.', 2262, 269250.99, 4169193.84, 488.52);
insert into STATION values (5043, '.', 2262, 269253.59, 4169197.28, 489.10);
insert into STATION values (5044, '.', 2262, 269254.35, 4169202.56, 490.35);
insert into STATION values (5045, '.', 2262, 269256.17, 4169194.61, 487.64);
insert into STATION values (5046, '.', 2262, 269256.74, 4169195.36, 490.50);
insert into STATION values (5047, '.', 2262, 269257.49, 4169198.67, 490.75);
insert into STATION values (5048, '.', 2262, 269258.89, 4169196.69, 489.65);
insert into STATION values (5049, '.', 2262, 269258.72, 4169193.91, 489.07);
insert into STATION values (5050, '59', 2262, 269255.07, 4169200.63, 489.41);
insert into STATION values (5051, '.', 2262, 269253.99, 4169201.36, 489.88);
insert into STATION values (5052, '.', 2262, 269257.54, 4169201.14, 492.91);
insert into STATION values (5053, '.', 2262, 269259.06, 4169198.53, 490.26);
insert into STATION values (5054, '.', 2262, 269258.95, 4169196.67, 489.85);
insert into STATION values (5055, '.', 2262, 269257.92, 4169200.82, 488.33);
insert into STATION values (5056, '.', 2262, 269261.40, 4169205.73, 489.77);
insert into STATION values (5057, '.', 2262, 269258.51, 4169209.22, 490.46);
insert into STATION values (5058, '.', 2262, 269255.84, 4169208.69, 490.29);
insert into STATION values (5059, '.', 2262, 269260.32, 4169203.66, 489.53);
insert into STATION values (5060, '.', 2262, 269262.97, 4169203.40, 489.54);
insert into STATION values (5061, '.', 2262, 269265.75, 4169199.44, 489.63);
insert into STATION values (5062, '.', 2262, 269259.27, 4169201.49, 488.73);
insert into STATION values (5063, '60', 2262, 269267.80, 4169203.05, 488.81);
insert into STATION values (5064, '.', 2262, 269268.05, 4169205.51, 490.25);
insert into STATION values (5065, '.', 2262, 269271.20, 4169200.60, 491.16);
insert into STATION values (5066, '.', 2262, 269270.51, 4169196.24, 489.11);
insert into STATION values (5067, '.', 2262, 269275.91, 4169204.97, 491.20);
insert into STATION values (5068, '.', 2262, 269280.16, 4169201.63, 492.57);
insert into STATION values (5069, '.', 2262, 269274.99, 4169188.74, 487.33);
insert into STATION values (5070, '61', 2262, 269269.00, 4169189.15, 486.48);
insert into STATION values (5071, '62', 2262, 269279.11, 4169174.40, 487.07);
insert into STATION values (5072, '64', 2262, 269287.13, 4169204.86, 494.65);
insert into STATION values (5073, '.', 2262, 269284.96, 4169205.50, 495.74);
insert into STATION values (5074, '.', 2262, 269286.05, 4169206.46, 502.49);
insert into STATION values (5075, '.', 2262, 269277.31, 4169213.95, 497.03);
insert into STATION values (5076, '.', 2262, 269282.26, 4169222.61, 502.38);
insert into STATION values (5077, '.', 2262, 269275.73, 4169224.74, 497.54);
insert into STATION values (5078, '.', 2262, 269292.66, 4169207.32, 495.59);
insert into STATION values (5079, '.', 2262, 269288.57, 4169205.93, 494.13);
insert into STATION values (5080, '.', 2262, 269289.30, 4169217.45, 497.27);
insert into STATION values (5081, '.', 2262, 269298.67, 4169215.83, 500.32);
insert into STATION values (5082, '.', 2262, 269289.33, 4169217.24, 501.93);
insert into STATION values (5083, 'B3', 2262, 269295.19, 4169214.59, 499.65);
insert into STATION values (5084, '.', 2262, 269297.91, 4169223.61, 500.75);
insert into STATION values (5085, '.', 2262, 269293.44, 4169215.48, 504.29);
insert into STATION values (5086, '.', 2262, 269292.57, 4169215.80, 497.97);
insert into STATION values (5087, '.', 2262, 269289.41, 4169214.56, 495.95);
insert into STATION values (5088, '.', 2262, 269277.26, 4169215.60, 496.02);
insert into STATION values (5089, '.', 2262, 269268.61, 4169208.03, 495.70);
insert into STATION values (5090, '.', 2262, 269268.93, 4169220.48, 499.13);
insert into STATION values (5091, '.', 2262, 269283.55, 4169225.31, 502.52);
insert into STATION values (5092, '.', 2262, 269279.88, 4169234.00, 501.46);
insert into STATION values (5093, '.', 2262, 269302.28, 4169212.90, 503.90);
insert into STATION values (5094, '.', 2262, 269300.23, 4169213.63, 501.00);
insert into STATION values (5095, '.', 2262, 269307.23, 4169213.69, 504.07);
insert into STATION values (5096, '.', 2262, 269311.43, 4169213.24, 507.31);
insert into STATION values (5097, '.', 2262, 269314.82, 4169213.06, 513.28);
insert into STATION values (5098, '.', 2262, 269306.96, 4169212.56, 518.46);
insert into STATION values (5099, '.', 2262, 269295.57, 4169214.71, 503.22);
insert into STATION values (5100, '.', 2262, 269301.37, 4169212.68, 506.09);
insert into STATION values (5101, '.', 2262, 269299.62, 4169214.72, 503.88);
insert into STATION values (5102, '66', 2262, 269307.87, 4169213.40, 521.44);
insert into STATION values (5103, '67', 2262, 269317.67, 4169212.68, 515.56);
insert into STATION values (5104, '67b', 2262, 269317.67, 4169212.68, 540.56);
insert into STATION values (5105, '68', 2262, 269288.98, 4169220.83, 499.09);
insert into STATION values (5106, '.', 2262, 269297.34, 4169240.02, 501.81);
insert into STATION values (5107, '.', 2262, 269289.87, 4169238.29, 502.49);
insert into STATION values (5108, '.', 2262, 269288.95, 4169223.42, 501.97);
insert into STATION values (5109, '.', 2262, 269279.31, 4169233.63, 501.72);
insert into STATION values (5110, '.', 2262, 269267.09, 4169223.23, 499.78);
insert into STATION values (5111, '.', 2262, 269289.11, 4169220.79, 497.86);
insert into STATION values (5112, '.', 2262, 269291.20, 4169203.85, 495.26);
insert into STATION values (5113, '.', 2262, 269292.02, 4169213.57, 502.40);
insert into STATION values (5114, '.', 2262, 269275.30, 4169207.23, 495.59);
insert into STATION values (5115, '.', 2262, 269277.21, 4169209.29, 491.02);
insert into STATION values (5116, '.', 2262, 269273.27, 4169220.65, 494.02);
insert into STATION values (5117, '.', 2262, 269297.66, 4169223.37, 497.93);
insert into STATION values (5118, '.', 2262, 269299.93, 4169224.03, 497.61);
insert into STATION values (5119, '69', 2262, 269297.63, 4169223.36, 497.92);
insert into STATION values (5120, '.', 2262, 269297.93, 4169223.16, 499.22);
insert into STATION values (5121, '.', 2262, 269301.35, 4169224.87, 497.45);
insert into STATION values (5122, '.', 2262, 269301.53, 4169223.18, 497.02);
insert into STATION values (5123, '.', 2262, 269302.16, 4169217.04, 500.80);
insert into STATION values (5124, '.', 2262, 269297.71, 4169219.03, 498.71);
insert into STATION values (5125, '.', 2262, 269296.32, 4169225.50, 498.01);
insert into STATION values (5126, '.', 2262, 269291.29, 4169208.23, 499.21);
insert into STATION values (5127, '70', 2262, 269303.07, 4169224.34, 496.70);
insert into STATION values (5128, '.', 2262, 269307.23, 4169226.25, 494.20);
insert into STATION values (5129, '.', 2262, 269303.05, 4169226.25, 495.91);
insert into STATION values (5130, '.', 2262, 269303.20, 4169224.29, 497.04);
insert into STATION values (5131, '.', 2262, 269303.34, 4169223.19, 496.64);
insert into STATION values (5132, '.', 2262, 269303.24, 4169223.34, 495.51);
insert into STATION values (5133, '.', 2262, 269305.46, 4169224.24, 494.77);
insert into STATION values (5134, '.', 2262, 269307.02, 4169225.04, 495.86);
insert into STATION values (5135, '.', 2262, 269302.08, 4169223.58, 496.84);
insert into STATION values (5136, '.', 2262, 269302.03, 4169224.94, 496.93);
insert into STATION values (5137, '71', 2262, 269307.26, 4169226.28, 494.23);
insert into STATION values (5138, '.', 2262, 269307.81, 4169226.00, 494.55);
insert into STATION values (5139, '.', 2262, 269306.33, 4169226.84, 494.81);
insert into STATION values (5140, '.', 2262, 269309.14, 4169228.41, 496.58);
insert into STATION values (5141, '.', 2262, 269307.62, 4169227.38, 494.34);
insert into STATION values (5142, '72', 2262, 269307.42, 4169229.45, 495.61);
insert into STATION values (5143, '.', 2262, 269306.38, 4169227.29, 495.47);
insert into STATION values (5144, '.', 2262, 269307.53, 4169230.09, 495.88);
insert into STATION values (5145, '.', 2262, 269307.31, 4169228.78, 494.77);
insert into STATION values (5146, '.', 2262, 269308.12, 4169226.61, 494.68);
insert into STATION values (5147, '.', 2262, 269304.62, 4169228.19, 495.36);
insert into STATION values (5148, '.', 2262, 269301.57, 4169228.24, 496.41);
insert into STATION values (5149, '.', 2262, 269302.19, 4169227.46, 497.97);
insert into STATION values (5150, '.', 2262, 269305.47, 4169229.14, 497.38);
insert into STATION values (5151, '.', 2262, 269305.14, 4169229.47, 496.64);
insert into STATION values (5152, '.', 2262, 269303.78, 4169227.18, 497.12);
insert into STATION values (5153, '.', 2262, 269309.65, 4169229.09, 495.57);
insert into STATION values (5154, '.', 2262, 269309.60, 4169228.21, 494.67);
insert into STATION values (5155, '.', 2262, 269311.57, 4169227.23, 496.17);
insert into STATION values (5156, '73', 2262, 269299.87, 4169227.57, 498.51);
insert into STATION values (5157, '74', 2262, 269312.15, 4169228.25, 493.74);
insert into STATION values (5158, 'B00', 2269, 269303.24, 4169344.22, 508.17);
insert into STATION values (5159, '.', 2269, 269319.76, 4169366.11, 510.08);
insert into STATION values (5160, '.', 2269, 269303.00, 4169345.34, 513.19);
insert into STATION values (5161, '.', 2269, 269303.41, 4169344.31, 507.32);
insert into STATION values (5162, '1', 2269, 269295.87, 4169352.66, 510.14);
insert into STATION values (5163, '.', 2269, 269294.44, 4169349.82, 511.48);
insert into STATION values (5164, '.', 2269, 269296.52, 4169355.46, 510.32);
insert into STATION values (5165, '.', 2269, 269295.75, 4169352.88, 513.98);
insert into STATION values (5166, '.', 2269, 269295.88, 4169352.78, 509.60);
insert into STATION values (5167, '2', 2269, 269292.47, 4169355.83, 512.39);
insert into STATION values (5168, '.', 2269, 269290.48, 4169352.87, 512.74);
insert into STATION values (5169, '.', 2269, 269295.53, 4169357.10, 513.06);
insert into STATION values (5170, '.', 2269, 269292.28, 4169355.73, 514.18);
insert into STATION values (5171, '.', 2269, 269292.62, 4169356.17, 511.40);
insert into STATION values (5172, '3', 2269, 269286.17, 4169358.22, 514.80);
insert into STATION values (5173, '.', 2269, 269282.24, 4169350.62, 516.04);
insert into STATION values (5174, '.', 2269, 269292.26, 4169361.63, 516.62);
insert into STATION values (5175, '.', 2269, 269283.99, 4169357.69, 524.76);
insert into STATION values (5176, '.', 2269, 269285.95, 4169358.26, 513.83);
insert into STATION values (5177, '4', 2269, 269287.04, 4169386.80, 516.20);
insert into STATION values (5178, '.', 2269, 269253.52, 4169373.23, 522.97);
insert into STATION values (5179, '.', 2269, 269300.43, 4169384.77, 513.99);
insert into STATION values (5180, '.', 2269, 269286.57, 4169387.79, 519.47);
insert into STATION values (5181, '.', 2269, 269287.01, 4169386.85, 515.37);
insert into STATION values (5182, '5', 2269, 269287.80, 4169402.64, 516.31);
insert into STATION values (5183, '.', 2269, 269245.91, 4169404.58, 524.77);
insert into STATION values (5184, '.', 2269, 269296.43, 4169403.79, 513.90);
insert into STATION values (5185, '.', 2269, 269287.69, 4169402.96, 519.75);
insert into STATION values (5186, '.', 2269, 269287.91, 4169402.78, 514.88);
insert into STATION values (5187, '6', 2269, 269286.99, 4169429.19, 514.04);
insert into STATION values (5188, '.', 2269, 269256.87, 4169443.65, 523.05);
insert into STATION values (5189, '.', 2269, 269294.32, 4169426.03, 514.15);
insert into STATION values (5190, '.', 2269, 269283.41, 4169430.18, 526.26);
insert into STATION values (5191, '.', 2269, 269286.99, 4169429.03, 513.14);
insert into STATION values (5192, '7', 2269, 269304.13, 4169451.73, 510.46);
insert into STATION values (5193, '.', 2269, 269311.24, 4169437.18, 509.75);
insert into STATION values (5194, '.', 2269, 269304.24, 4169452.30, 519.70);
insert into STATION values (5195, '.', 2269, 269304.17, 4169451.61, 509.99);
insert into STATION values (5196, '8', 2269, 269324.14, 4169468.86, 511.47);
insert into STATION values (5197, '.', 2269, 269334.44, 4169495.77, 515.57);
insert into STATION values (5198, '.', 2269, 269344.14, 4169472.55, 513.36);
insert into STATION values (5199, '.', 2269, 269332.77, 4169452.18, 513.74);
insert into STATION values (5200, '.', 2269, 269323.57, 4169470.10, 521.45);
insert into STATION values (5201, '.', 2269, 269323.51, 4169469.13, 507.92);
insert into STATION values (5202, '.', 2269, 269323.36, 4169515.91, 523.29);
insert into STATION values (5203, '.', 2269, 269335.70, 4169494.54, 515.38);
insert into STATION values (5204, '.', 2269, 269347.25, 4169476.89, 513.65);
insert into STATION values (5205, '.', 2269, 269337.25, 4169450.04, 512.71);
insert into STATION values (5206, '9', 2269, 269344.96, 4169461.75, 507.24);
insert into STATION values (5207, '9b', 2269, 269344.96, 4169461.75, 517.24);
insert into STATION values (5208, '.', 2269, 269349.12, 4169468.69, 509.18);
insert into STATION values (5209, '.', 2269, 269342.04, 4169451.22, 510.02);
insert into STATION values (5210, '.', 2269, 269346.75, 4169461.73, 517.03);
insert into STATION values (5211, '.', 2269, 269344.98, 4169461.71, 506.97);
insert into STATION values (5212, '.', 2269, 269347.71, 4169470.02, 510.83);
insert into STATION values (5213, '.', 2269, 269344.11, 4169451.18, 510.74);
insert into STATION values (5214, '.', 2269, 269345.45, 4169461.13, 516.39);
insert into STATION values (5215, '.', 2269, 269344.83, 4169461.68, 506.90);
insert into STATION values (5216, '10', 2269, 269375.77, 4169453.76, 510.75);
insert into STATION values (5217, '.', 2269, 269369.91, 4169476.33, 514.53);
insert into STATION values (5218, '.', 2269, 269369.54, 4169443.20, 513.85);
insert into STATION values (5219, '.', 2269, 269376.22, 4169453.60, 517.95);
insert into STATION values (5220, '.', 2269, 269375.47, 4169453.54, 509.51);
insert into STATION values (5221, '11', 2269, 269385.58, 4169467.68, 514.20);
insert into STATION values (5222, '.', 2269, 269381.37, 4169476.83, 514.62);
insert into STATION values (5223, '.', 2269, 269393.49, 4169462.24, 515.26);
insert into STATION values (5224, '.', 2269, 269385.30, 4169467.96, 516.07);
insert into STATION values (5225, '.', 2269, 269385.65, 4169467.66, 513.54);
insert into STATION values (5226, '12', 2269, 269393.88, 4169472.16, 514.39);
insert into STATION values (5227, '.', 2269, 269392.96, 4169475.47, 514.88);
insert into STATION values (5228, '.', 2269, 269394.30, 4169470.79, 514.50);
insert into STATION values (5229, '.', 2269, 269393.46, 4169472.74, 516.07);
insert into STATION values (5230, '.', 2269, 269394.02, 4169472.26, 513.35);
insert into STATION values (5231, '13', 2269, 269411.47, 4169486.35, 514.75);
insert into STATION values (5232, '.', 2269, 269393.44, 4169488.36, 514.21);
insert into STATION values (5233, '.', 2269, 269420.76, 4169492.04, 516.75);
insert into STATION values (5234, '.', 2269, 269411.68, 4169486.37, 518.79);
insert into STATION values (5235, '.', 2269, 269411.30, 4169485.76, 512.89);
insert into STATION values (5236, '14', 2269, 269404.59, 4169504.59, 512.77);
insert into STATION values (5237, '.', 2269, 269393.55, 4169504.58, 514.42);
insert into STATION values (5238, '.', 2269, 269416.46, 4169504.95, 515.04);
insert into STATION values (5239, '.', 2269, 269403.91, 4169504.85, 520.09);
insert into STATION values (5240, '.', 2269, 269404.49, 4169504.57, 511.51);
insert into STATION values (5241, '15', 2269, 269404.34, 4169530.92, 521.69);
insert into STATION values (5242, '.', 2269, 269391.03, 4169518.41, 516.61);
insert into STATION values (5243, '.', 2269, 269392.49, 4169529.45, 522.56);
insert into STATION values (5244, '.', 2269, 269399.26, 4169536.96, 525.10);
insert into STATION values (5245, '.', 2269, 269403.94, 4169537.23, 524.59);
insert into STATION values (5246, '.', 2269, 269411.78, 4169534.43, 522.27);
insert into STATION values (5247, '.', 2269, 269418.50, 4169521.62, 518.34);
insert into STATION values (5248, '16', 2269, 269420.08, 4169479.68, 516.35);
insert into STATION values (5249, '.', 2269, 269427.47, 4169483.44, 516.84);
insert into STATION values (5250, '.', 2269, 269413.54, 4169476.43, 517.74);
insert into STATION values (5251, '.', 2269, 269420.81, 4169479.48, 519.88);
insert into STATION values (5252, '.', 2269, 269420.15, 4169479.67, 515.49);
insert into STATION values (5253, '17', 2269, 269419.57, 4169458.04, 520.62);
insert into STATION values (5254, '.', 2269, 269424.11, 4169466.09, 520.20);
insert into STATION values (5255, '.', 2269, 269395.32, 4169458.32, 522.44);
insert into STATION values (5256, '.', 2269, 269419.41, 4169458.02, 525.02);
insert into STATION values (5257, '.', 2269, 269419.70, 4169458.32, 519.30);
insert into STATION values (5258, '18', 2269, 269428.26, 4169441.84, 519.75);
insert into STATION values (5259, '.', 2269, 269403.94, 4169440.12, 520.35);
insert into STATION values (5260, '.', 2269, 269429.12, 4169424.65, 519.90);
insert into STATION values (5261, '.', 2269, 269427.85, 4169442.36, 525.20);
insert into STATION values (5262, '.', 2269, 269428.28, 4169441.89, 518.72);
insert into STATION values (5263, '19', 2269, 269407.69, 4169441.70, 519.70);
insert into STATION values (5264, '.', 2269, 269409.28, 4169427.36, 518.64);
insert into STATION values (5265, '.', 2269, 269396.54, 4169457.41, 520.44);
insert into STATION values (5266, '.', 2269, 269407.55, 4169441.88, 522.90);
insert into STATION values (5267, '.', 2269, 269407.47, 4169442.28, 518.19);
insert into STATION values (5268, '20', 2269, 269380.26, 4169437.71, 515.01);
insert into STATION values (5269, '21', 2269, 269373.39, 4169449.02, 511.72);
insert into STATION values (5270, '.', 2269, 269368.02, 4169445.63, 512.74);
insert into STATION values (5271, '.', 2269, 269383.06, 4169457.90, 514.66);
insert into STATION values (5272, '.', 2269, 269373.14, 4169449.38, 515.27);
insert into STATION values (5273, '.', 2269, 269374.24, 4169449.44, 510.01);
insert into STATION values (5274, '.', 2269, 269375.52, 4169454.03, 510.64);
insert into STATION values (5275, '22', 2269, 269442.46, 4169433.36, 516.51);
insert into STATION values (5276, '.', 2269, 269432.18, 4169461.37, 523.84);
insert into STATION values (5277, '.', 2269, 269441.77, 4169426.89, 518.41);
insert into STATION values (5278, '.', 2269, 269443.40, 4169434.17, 523.12);
insert into STATION values (5279, '.', 2269, 269442.20, 4169432.86, 514.86);
insert into STATION values (5280, '23', 2269, 269471.41, 4169433.74, 517.67);
insert into STATION values (5281, '.', 2269, 269484.70, 4169466.38, 519.02);
insert into STATION values (5282, '.', 2269, 269466.81, 4169411.03, 520.02);
insert into STATION values (5283, '.', 2269, 269472.22, 4169434.87, 524.87);
insert into STATION values (5284, '.', 2269, 269471.56, 4169433.53, 516.65);
insert into STATION values (5285, '24', 2269, 269498.17, 4169428.66, 513.41);
insert into STATION values (5286, '.', 2269, 269481.80, 4169453.26, 520.50);
insert into STATION values (5287, '.', 2269, 269498.91, 4169419.39, 518.61);
insert into STATION values (5288, '.', 2269, 269498.61, 4169431.43, 521.86);
insert into STATION values (5289, '.', 2269, 269498.04, 4169427.86, 511.25);
insert into STATION values (5290, 'B80', 2269, 269507.71, 4169423.58, 513.16);
insert into STATION values (5291, '.', 2269, 269522.04, 4169422.54, 516.32);
insert into STATION values (5292, '.', 2269, 269500.00, 4169418.70, 518.20);
insert into STATION values (5293, '.', 2269, 269508.62, 4169424.84, 521.13);
insert into STATION values (5294, '.', 2269, 269507.76, 4169423.53, 512.71);
insert into STATION values (5295, '25', 2269, 269516.81, 4169453.63, 516.02);
insert into STATION values (5296, '.', 2269, 269507.62, 4169462.93, 518.65);
insert into STATION values (5297, '.', 2269, 269539.03, 4169444.13, 517.96);
insert into STATION values (5298, '.', 2269, 269535.74, 4169441.22, 516.61);
insert into STATION values (5299, '.', 2269, 269526.73, 4169441.74, 516.37);
insert into STATION values (5300, '.', 2269, 269516.39, 4169452.41, 520.80);
insert into STATION values (5301, '.', 2269, 269515.73, 4169450.55, 524.46);
insert into STATION values (5302, '.', 2269, 269516.39, 4169453.81, 514.45);
insert into STATION values (5303, '26', 2269, 269511.61, 4169435.55, 513.34);
insert into STATION values (5304, '.', 2269, 269536.36, 4169425.12, 515.45);
insert into STATION values (5305, '27', 2269, 269529.42, 4169428.08, 514.76);
insert into STATION values (5306, '.', 2269, 269531.52, 4169436.78, 515.31);
insert into STATION values (5307, '.', 2269, 269528.75, 4169424.74, 514.60);
insert into STATION values (5308, '.', 2269, 269529.31, 4169428.60, 516.99);
insert into STATION values (5309, '.', 2269, 269529.65, 4169428.16, 512.90);
insert into STATION values (5310, '28', 2269, 269551.79, 4169419.02, 515.14);
insert into STATION values (5311, '.', 2269, 269540.06, 4169430.62, 514.82);
insert into STATION values (5312, '.', 2269, 269549.21, 4169429.62, 515.83);
insert into STATION values (5313, '.', 2269, 269551.61, 4169425.30, 514.84);
insert into STATION values (5314, '.', 2269, 269555.04, 4169424.27, 515.12);
insert into STATION values (5315, '.', 2269, 269554.97, 4169424.88, 514.98);
insert into STATION values (5316, '.', 2269, 269545.65, 4169426.99, 514.42);
insert into STATION values (5317, '.', 2269, 269529.35, 4169424.74, 515.00);
insert into STATION values (5318, 'B81', 2269, 269526.66, 4169464.10, 515.14);
insert into STATION values (5319, '.', 2269, 269512.86, 4169462.93, 518.01);
insert into STATION values (5320, '.', 2269, 269530.99, 4169458.33, 517.43);
insert into STATION values (5321, '.', 2269, 269525.25, 4169467.05, 526.79);
insert into STATION values (5322, '.', 2269, 269526.68, 4169464.14, 514.59);
insert into STATION values (5323, '29', 2269, 269515.33, 4169474.22, 516.47);
insert into STATION values (5324, '.', 2269, 269513.08, 4169467.52, 519.46);
insert into STATION values (5325, '.', 2269, 269523.62, 4169489.98, 523.20);
insert into STATION values (5326, '.', 2269, 269513.70, 4169474.45, 522.41);
insert into STATION values (5327, '.', 2269, 269515.28, 4169474.23, 515.90);
insert into STATION values (5328, '30', 2269, 269499.77, 4169468.60, 517.59);
insert into STATION values (5329, '.', 2269, 269499.61, 4169469.09, 517.57);
insert into STATION values (5330, '29b', 2269, 269514.39, 4169470.99, 534.58);
insert into STATION values (5331, '29c', 2269, 269514.61, 4169475.38, 537.64);
insert into STATION values (5332, '.', 2269, 269500.68, 4169473.10, 517.98);
insert into STATION values (5333, '.', 2269, 269499.21, 4169470.65, 519.82);
insert into STATION values (5334, '.', 2269, 269498.80, 4169470.86, 515.87);
insert into STATION values (5335, '31', 2269, 269491.88, 4169473.09, 516.58);
insert into STATION values (5336, '.', 2269, 269488.84, 4169470.09, 517.03);
insert into STATION values (5337, '.', 2269, 269493.24, 4169475.92, 517.84);
insert into STATION values (5338, '.', 2269, 269491.53, 4169473.38, 519.74);
insert into STATION values (5339, '.', 2269, 269491.99, 4169473.20, 515.95);
insert into STATION values (5340, '.', 2269, 269482.17, 4169478.66, 515.32);
insert into STATION values (5341, '32', 2269, 269488.32, 4169476.37, 517.30);
insert into STATION values (5342, '.', 2269, 269487.11, 4169474.84, 517.61);
insert into STATION values (5343, '.', 2269, 269489.23, 4169477.19, 517.05);
insert into STATION values (5344, '.', 2269, 269488.02, 4169476.42, 517.92);
insert into STATION values (5345, '.', 2269, 269488.10, 4169476.47, 516.52);
insert into STATION values (5346, '33', 2269, 269481.38, 4169485.17, 514.84);
insert into STATION values (5347, '34', 2269, 269504.16, 4169473.54, 518.32);
insert into STATION values (5348, '.', 2269, 269469.92, 4169484.50, 516.51);
insert into STATION values (5349, '.', 2269, 269500.88, 4169471.59, 519.22);
insert into STATION values (5350, '.', 2269, 269516.30, 4169479.50, 520.17);
insert into STATION values (5351, '.', 2269, 269503.98, 4169474.10, 521.70);
insert into STATION values (5352, '.', 2269, 269504.19, 4169473.79, 517.07);
insert into STATION values (5353, '35', 2269, 269505.85, 4169487.03, 517.04);
insert into STATION values (5354, '.', 2269, 269492.85, 4169476.60, 518.12);
insert into STATION values (5355, '.', 2269, 269481.54, 4169479.53, 518.15);
insert into STATION values (5356, '.', 2269, 269475.34, 4169484.02, 517.20);
insert into STATION values (5357, '.', 2269, 269480.88, 4169489.02, 517.65);
insert into STATION values (5358, '.', 2269, 269490.97, 4169492.03, 518.22);
insert into STATION values (5359, '.', 2269, 269518.66, 4169480.03, 520.15);
insert into STATION values (5360, '.', 2269, 269520.52, 4169491.20, 520.90);
insert into STATION values (5361, '.', 2269, 269524.02, 4169483.12, 523.88);
insert into STATION values (5362, '.', 2269, 269520.36, 4169484.44, 531.38);
insert into STATION values (5363, '.', 2269, 269505.92, 4169486.71, 523.92);
insert into STATION values (5364, '.', 2269, 269498.47, 4169490.26, 523.04);
insert into STATION values (5365, '.', 2269, 269505.45, 4169486.95, 515.71);
insert into STATION values (5366, '36', 2269, 269518.15, 4169512.00, 520.21);
insert into STATION values (5367, '.', 2269, 269506.64, 4169512.11, 521.56);
insert into STATION values (5368, '.', 2269, 269524.13, 4169506.43, 520.61);
insert into STATION values (5369, '.', 2269, 269533.42, 4169502.51, 517.53);
insert into STATION values (5370, '36b', 2269, 269524.57, 4169519.20, 540.91);
insert into STATION values (5371, '.', 2269, 269520.57, 4169517.05, 516.39);
insert into STATION values (5372, 'B82', 2269, 269532.73, 4169526.46, 521.94);
insert into STATION values (5373, '.', 2269, 269502.55, 4169517.60, 523.26);
insert into STATION values (5374, '.', 2269, 269537.14, 4169530.46, 523.01);
insert into STATION values (5375, '.', 2269, 269531.13, 4169526.48, 519.31);
insert into STATION values (5376, '.', 2269, 269534.28, 4169529.64, 521.87);
insert into STATION values (5377, '37', 2269, 269509.87, 4169540.60, 524.72);
insert into STATION values (5378, '.', 2269, 269503.86, 4169539.92, 518.67);
insert into STATION values (5379, '.', 2269, 269485.02, 4169536.38, 519.36);
insert into STATION values (5380, '.', 2269, 269503.30, 4169538.56, 530.58);
insert into STATION values (5381, '.', 2269, 269497.38, 4169542.75, 534.30);
insert into STATION values (5382, '.', 2269, 269503.83, 4169529.98, 537.77);
insert into STATION values (5383, '.', 2269, 269509.67, 4169540.62, 532.88);
insert into STATION values (5384, '.', 2269, 269513.46, 4169548.46, 523.87);
insert into STATION values (5385, '.', 2269, 269513.08, 4169547.94, 531.46);
insert into STATION values (5386, '.', 2269, 269510.07, 4169540.73, 523.70);
insert into STATION values (5387, '38', 2269, 269457.37, 4169570.37, 547.04);
insert into STATION values (5388, '.', 2269, 269458.06, 4169561.60, 545.82);
insert into STATION values (5389, '.', 2269, 269500.69, 4169575.65, 539.82);
insert into STATION values (5390, '.', 2269, 269486.84, 4169587.76, 541.62);
insert into STATION values (5391, '.', 2269, 269487.65, 4169582.57, 542.11);
insert into STATION values (5392, '.', 2269, 269492.60, 4169581.58, 541.71);
insert into STATION values (5393, '.', 2269, 269487.29, 4169590.44, 541.72);
insert into STATION values (5394, '.', 2269, 269485.83, 4169591.54, 541.55);
insert into STATION values (5395, '.', 2269, 269471.62, 4169585.10, 544.53);
insert into STATION values (5396, '.', 2269, 269459.24, 4169575.47, 559.87);
insert into STATION values (5397, '.', 2269, 269457.42, 4169569.87, 544.46);
insert into STATION values (5398, '39', 2269, 269428.21, 4169578.04, 563.21);
insert into STATION values (5399, '.', 2269, 269431.20, 4169562.73, 553.53);
insert into STATION values (5400, '.', 2269, 269429.91, 4169569.57, 562.47);
insert into STATION values (5401, '.', 2269, 269427.70, 4169578.24, 569.17);
insert into STATION values (5402, '.', 2269, 269423.72, 4169586.65, 567.02);
insert into STATION values (5403, '.', 2269, 269430.84, 4169588.70, 558.59);
insert into STATION values (5404, '40', 2269, 269416.92, 4169579.28, 569.12);
insert into STATION values (5405, '41', 2269, 269553.97, 4169525.82, 524.51);
insert into STATION values (5406, '.', 2269, 269553.51, 4169528.98, 521.50);
insert into STATION values (5407, '.', 2269, 269552.42, 4169532.87, 525.68);
insert into STATION values (5408, '.', 2269, 269553.02, 4169530.12, 529.67);
insert into STATION values (5409, '.', 2269, 269555.55, 4169525.61, 529.26);
insert into STATION values (5410, '.', 2269, 269555.47, 4169522.15, 525.11);
insert into STATION values (5411, '.', 2269, 269554.27, 4169524.51, 523.32);
insert into STATION values (5412, '42', 2269, 269562.42, 4169532.76, 522.97);
insert into STATION values (5413, '43', 2269, 269572.96, 4169545.38, 522.14);
insert into STATION values (5414, '.', 2269, 269560.76, 4169536.16, 523.61);
insert into STATION values (5415, '.', 2269, 269562.47, 4169534.66, 528.48);
insert into STATION values (5416, '.', 2269, 269566.32, 4169529.06, 531.63);
insert into STATION values (5417, '.', 2269, 269571.03, 4169526.35, 524.14);
insert into STATION values (5418, '.', 2269, 269567.40, 4169529.11, 520.92);
insert into STATION values (5419, '.', 2269, 269563.18, 4169552.54, 520.22);
insert into STATION values (5420, '.', 2269, 269573.84, 4169545.86, 528.78);
insert into STATION values (5421, '.', 2269, 269581.21, 4169539.46, 523.60);
insert into STATION values (5422, '.', 2269, 269573.01, 4169545.24, 521.41);
insert into STATION values (5423, '44', 2269, 269598.93, 4169550.45, 535.22);
insert into STATION values (5424, '.', 2269, 269584.76, 4169560.32, 533.53);
insert into STATION values (5425, '.', 2269, 269598.85, 4169550.65, 540.93);
insert into STATION values (5426, '.', 2269, 269609.43, 4169545.48, 534.26);
insert into STATION values (5427, '.', 2269, 269606.45, 4169545.70, 542.04);
insert into STATION values (5428, '45', 2269, 269601.01, 4169561.64, 540.55);
insert into STATION values (5429, '.', 2269, 269593.82, 4169568.13, 540.36);
insert into STATION values (5430, '.', 2269, 269599.70, 4169562.63, 541.39);
insert into STATION values (5431, '.', 2269, 269601.25, 4169561.39, 541.83);
insert into STATION values (5432, '.', 2269, 269605.92, 4169557.62, 541.03);
insert into STATION values (5433, '46', 2269, 269601.66, 4169565.10, 541.96);
insert into STATION values (5434, '.', 2269, 269598.22, 4169567.26, 542.18);
insert into STATION values (5435, '.', 2269, 269601.16, 4169565.50, 544.90);
insert into STATION values (5436, '.', 2269, 269604.10, 4169566.95, 548.95);
insert into STATION values (5437, '.', 2269, 269608.17, 4169560.88, 545.05);
insert into STATION values (5438, '.', 2269, 269602.13, 4169564.76, 541.32);
insert into STATION values (5439, '47', 2269, 269598.94, 4169550.39, 533.99);
insert into STATION values (5440, '48', 2269, 269607.64, 4169545.61, 530.48);
insert into STATION values (5441, '.', 2269, 269615.18, 4169551.84, 533.67);
insert into STATION values (5442, '.', 2269, 269610.22, 4169546.49, 530.53);
insert into STATION values (5443, '.', 2269, 269608.50, 4169547.05, 534.33);
insert into STATION values (5444, '.', 2269, 269607.21, 4169544.98, 539.27);
insert into STATION values (5445, '.', 2269, 269603.59, 4169541.54, 531.80);
insert into STATION values (5446, '.', 2269, 269601.76, 4169539.07, 525.72);
insert into STATION values (5447, '.', 2269, 269606.47, 4169543.59, 527.71);
insert into STATION values (5448, '49', 2269, 269615.39, 4169533.43, 522.64);
insert into STATION values (5449, '50', 2269, 269559.00, 4169523.78, 522.28);
insert into STATION values (5450, '.', 2269, 269561.06, 4169524.25, 523.33);
insert into STATION values (5451, '.', 2269, 269559.52, 4169522.84, 526.50);
insert into STATION values (5452, '.', 2269, 269553.75, 4169519.58, 528.02);
insert into STATION values (5453, '.', 2269, 269552.49, 4169519.16, 524.68);
insert into STATION values (5454, '.', 2269, 269558.14, 4169523.10, 521.26);
insert into STATION values (5455, '51', 2269, 269556.30, 4169502.52, 521.52);
insert into STATION values (5456, '.', 2269, 269563.77, 4169505.84, 522.38);
insert into STATION values (5457, '.', 2269, 269571.19, 4169504.47, 522.76);
insert into STATION values (5458, '.', 2269, 269576.00, 4169501.20, 522.94);
insert into STATION values (5459, '.', 2269, 269577.45, 4169498.43, 522.05);
insert into STATION values (5460, '.', 2269, 269565.42, 4169497.52, 521.87);
insert into STATION values (5461, '.', 2269, 269551.33, 4169503.53, 522.83);
insert into STATION values (5462, '.', 2269, 269556.45, 4169502.42, 525.19);
insert into STATION values (5463, '.', 2269, 269556.30, 4169502.48, 520.24);
insert into STATION values (5464, '52', 2269, 269559.19, 4169496.93, 522.30);
insert into STATION values (5465, '.', 2269, 269568.28, 4169495.75, 522.30);
insert into STATION values (5466, '.', 2269, 269572.41, 4169491.94, 524.46);
insert into STATION values (5467, '.', 2269, 269572.73, 4169489.77, 524.56);
insert into STATION values (5468, '.', 2269, 269568.73, 4169489.30, 523.39);
insert into STATION values (5469, '.', 2269, 269564.63, 4169487.78, 522.91);
insert into STATION values (5470, '.', 2269, 269550.59, 4169502.71, 522.03);
insert into STATION values (5471, '.', 2269, 269551.30, 4169499.09, 523.95);
insert into STATION values (5472, '.', 2269, 269558.14, 4169497.30, 525.64);
insert into STATION values (5473, '.', 2269, 269558.54, 4169496.91, 521.11);
insert into STATION values (5474, '.', 2269, 269546.84, 4169493.51, 522.10);
insert into STATION values (5475, '53', 2269, 269551.15, 4169494.95, 522.28);
insert into STATION values (5476, '.', 2269, 269542.91, 4169492.55, 522.34);
insert into STATION values (5477, '.', 2269, 269560.04, 4169487.72, 526.63);
insert into STATION values (5478, '.', 2269, 269553.91, 4169491.59, 526.57);
insert into STATION values (5479, '.', 2269, 269549.76, 4169495.89, 522.50);
insert into STATION values (5480, '.', 2269, 269550.93, 4169494.68, 524.76);
insert into STATION values (5481, '.', 2269, 269551.14, 4169494.95, 521.90);
insert into STATION values (5482, '54', 2269, 269551.82, 4169487.93, 524.16);
insert into STATION values (5483, '54b', 2269, 269551.82, 4169487.93, 549.16);
insert into STATION values (5484, '.', 2269, 269548.62, 4169488.38, 524.02);
insert into STATION values (5485, '.', 2269, 269559.34, 4169487.65, 524.88);
insert into STATION values (5486, '.', 2269, 269556.53, 4169481.94, 524.69);
insert into STATION values (5487, '.', 2269, 269543.52, 4169493.73, 523.64);
insert into STATION values (5488, '.', 2269, 269547.52, 4169491.73, 520.56);
insert into STATION values (5489, '.', 2269, 269551.97, 4169488.06, 522.31);
insert into STATION values (5490, '.', 2269, 269548.59, 4169488.43, 529.09);
insert into STATION values (5491, '.', 2269, 269559.80, 4169486.40, 529.66);
insert into STATION values (5492, '.', 2269, 269558.13, 4169489.59, 536.08);
insert into STATION values (5493, '.', 2269, 269551.26, 4169490.37, 533.71);
insert into STATION values (5494, '.', 2269, 269553.97, 4169494.70, 544.54);
insert into STATION values (5495, '.', 2269, 269564.00, 4169493.24, 546.00);
insert into STATION values (5496, '.', 2269, 269556.45, 4169492.78, 544.32);
insert into STATION values (5497, '55', 2269, 269542.31, 4169488.21, 519.68);
insert into STATION values (5498, '.', 2269, 269550.87, 4169480.43, 524.21);
insert into STATION values (5499, '.', 2269, 269538.22, 4169488.48, 519.60);
insert into STATION values (5500, '.', 2269, 269542.01, 4169488.25, 523.07);
insert into STATION values (5501, '.', 2269, 269542.77, 4169487.97, 519.11);
insert into STATION values (5502, '56', 2269, 269550.06, 4169468.13, 519.45);
insert into STATION values (5503, '.', 2269, 269553.70, 4169465.92, 521.17);
insert into STATION values (5504, '.', 2269, 269549.17, 4169468.73, 522.99);
insert into STATION values (5505, '.', 2269, 269544.63, 4169472.76, 518.38);
insert into STATION values (5506, '.', 2269, 269547.27, 4169471.04, 517.19);
insert into STATION values (5507, '.', 2269, 269556.43, 4169472.07, 540.95);
insert into STATION values (5508, '.', 2269, 269553.23, 4169461.06, 539.03);
insert into STATION values (5509, '.', 2269, 269527.10, 4169468.27, 514.62);
insert into STATION values (5510, '.', 2269, 269534.98, 4169462.69, 514.64);
insert into STATION values (5511, '.', 2269, 269539.22, 4169468.94, 514.50);
insert into STATION values (5512, '.', 2269, 269525.32, 4169456.18, 514.18);
insert into STATION values (5513, '.', 2269, 269519.41, 4169462.46, 514.90);
insert into STATION values (5514, '.', 2269, 269512.16, 4169470.16, 514.84);
insert into STATION values (5515, '.', 2269, 269289.51, 4169350.32, 512.90);
insert into STATION values (5516, '.', 2269, 269302.59, 4169344.71, 513.18);
insert into STATION values (5517, '.', 2269, 269316.57, 4169352.86, 509.56);
insert into STATION values (5518, '.', 2269, 269306.10, 4169346.11, 506.50);
insert into STATION values (5519, '57', 2269, 269302.04, 4169365.99, 510.87);
insert into STATION values (5520, '.', 2269, 269295.56, 4169367.82, 514.76);
insert into STATION values (5521, '.', 2269, 269302.52, 4169366.30, 513.51);
insert into STATION values (5522, '.', 2269, 269322.48, 4169361.63, 507.82);
insert into STATION values (5523, '.', 2269, 269317.39, 4169362.18, 512.36);
insert into STATION values (5524, '.', 2269, 269303.99, 4169365.55, 509.35);
insert into STATION values (5525, '58', 2269, 269307.67, 4169381.11, 511.31);
insert into STATION values (5526, '.', 2269, 269300.66, 4169381.51, 513.01);
insert into STATION values (5527, '.', 2269, 269305.74, 4169388.28, 511.75);
insert into STATION values (5528, '.', 2269, 269310.74, 4169391.85, 507.34);
insert into STATION values (5529, '.', 2269, 269317.19, 4169385.30, 504.30);
insert into STATION values (5530, '.', 2269, 269309.71, 4169381.01, 511.26);
insert into STATION values (5531, '.', 2269, 269307.71, 4169381.37, 509.46);
insert into STATION values (5532, '59', 2269, 269315.87, 4169357.43, 509.41);
insert into STATION values (5533, '.', 2269, 269321.98, 4169358.14, 507.43);
insert into STATION values (5534, '.', 2269, 269293.78, 4169357.02, 514.10);
insert into STATION values (5535, '.', 2269, 269313.47, 4169358.03, 513.20);
insert into STATION values (5536, '.', 2269, 269315.87, 4169357.01, 507.81);
insert into STATION values (5537, '60', 2269, 269322.56, 4169352.54, 507.78);
insert into STATION values (5538, '.', 2269, 269325.33, 4169354.63, 507.91);
insert into STATION values (5539, '.', 2269, 269322.54, 4169351.43, 510.32);
insert into STATION values (5540, '.', 2269, 269303.52, 4169328.39, 511.56);
insert into STATION values (5541, '.', 2269, 269321.44, 4169351.17, 506.17);
insert into STATION values (5542, '61', 2269, 269323.31, 4169339.95, 507.21);
insert into STATION values (5543, '.', 2269, 269334.50, 4169348.93, 509.72);
insert into STATION values (5544, '.', 2269, 269325.42, 4169341.16, 510.68);
insert into STATION values (5545, '61b', 2269, 269331.86, 4169335.20, 525.38);
insert into STATION values (5546, '.', 2269, 269320.28, 4169340.80, 512.54);
insert into STATION values (5547, '.', 2269, 269278.29, 4169339.44, 511.00);
insert into STATION values (5548, '.', 2269, 269320.84, 4169339.80, 504.82);
insert into STATION values (5549, '62', 2269, 269334.28, 4169345.78, 508.86);
insert into STATION values (5550, '.', 2269, 269335.99, 4169356.27, 508.38);
insert into STATION values (5551, '.', 2269, 269334.74, 4169348.59, 509.50);
insert into STATION values (5552, '.', 2269, 269334.44, 4169345.23, 510.07);
insert into STATION values (5553, '.', 2269, 269331.76, 4169339.65, 509.67);
insert into STATION values (5554, '.', 2269, 269307.82, 4169322.00, 510.54);
insert into STATION values (5555, '.', 2269, 269335.14, 4169333.99, 510.16);
insert into STATION values (5556, '.', 2269, 269334.12, 4169344.52, 507.50);
insert into STATION values (5557, '63', 2269, 269346.34, 4169346.40, 508.84);
insert into STATION values (5558, '.', 2269, 269340.25, 4169356.20, 508.29);
insert into STATION values (5559, '.', 2269, 269342.10, 4169361.03, 511.17);
insert into STATION values (5560, '.', 2269, 269345.69, 4169356.98, 510.40);
insert into STATION values (5561, '.', 2269, 269348.44, 4169349.49, 509.67);
insert into STATION values (5562, '.', 2269, 269346.31, 4169346.45, 507.41);
insert into STATION values (5563, '.', 2269, 269346.09, 4169346.24, 509.77);
insert into STATION values (5564, '.', 2269, 269344.26, 4169343.60, 509.09);
insert into STATION values (5565, '.', 2269, 269345.50, 4169345.16, 507.43);
insert into STATION values (5566, '64', 2269, 269348.25, 4169331.48, 508.41);
insert into STATION values (5567, '.', 2269, 269357.52, 4169336.24, 508.92);
insert into STATION values (5568, '.', 2269, 269357.41, 4169327.83, 509.83);
insert into STATION values (5569, '.', 2269, 269358.32, 4169331.12, 510.23);
insert into STATION values (5570, '64b', 2269, 269347.48, 4169331.48, 522.58);
insert into STATION values (5571, '.', 2269, 269338.00, 4169324.79, 504.99);
insert into STATION values (5572, '.', 2269, 269339.52, 4169326.06, 508.68);
insert into STATION values (5573, '.', 2269, 269345.04, 4169329.66, 505.44);
insert into STATION values (5574, '65', 2269, 269346.08, 4169337.42, 506.90);
insert into STATION values (5575, '66', 2269, 269338.35, 4169335.87, 508.12);
insert into STATION values (5576, '.', 2269, 269333.67, 4169330.19, 508.79);
insert into STATION values (5577, '.', 2269, 269330.28, 4169331.90, 515.56);
insert into STATION values (5578, '.', 2269, 269337.14, 4169336.59, 509.63);
insert into STATION values (5579, '.', 2269, 269339.10, 4169337.56, 508.93);
insert into STATION values (5580, '.', 2269, 269342.36, 4169351.08, 508.21);
insert into STATION values (5581, '67', 2269, 269328.91, 4169342.75, 507.86);
insert into STATION values (5582, '.', 2269, 269329.04, 4169335.02, 508.75);
insert into STATION values (5583, '.', 2269, 269328.73, 4169334.55, 506.56);
insert into STATION values (5584, '.', 2269, 269328.03, 4169335.92, 511.47);
insert into STATION values (5585, '.', 2269, 269328.89, 4169342.93, 509.49);
insert into STATION values (5586, '.', 2269, 269332.97, 4169359.10, 507.39);
insert into STATION values (5587, '68', 2269, 269325.27, 4169339.64, 505.83);
insert into STATION values (5588, '69', 2269, 269320.49, 4169350.52, 507.34);
insert into STATION values (5589, '70', 2269, 269303.33, 4169341.87, 508.60);
insert into STATION values (5590, '0', 2277, 281928.81, 4197568.15, 1509.00);
insert into STATION_FLAG values(5590, 'ent');
insert into STATION_FLAG values(5590, 'fix');
insert into STATION values (5591, '.', 2277, 281928.22, 4197567.28, 1509.15);
insert into STATION values (5592, '.', 2277, 281928.00, 4197567.82, 1509.52);
insert into STATION values (5593, '.', 2277, 281928.02, 4197568.29, 1509.52);
insert into STATION values (5594, '.', 2277, 281928.81, 4197568.45, 1509.17);
insert into STATION values (5595, '.', 2277, 281928.72, 4197567.79, 1508.54);
insert into STATION values (5596, '.', 2277, 281927.25, 4197568.42, 1508.51);
insert into STATION values (5597, '.', 2277, 281926.29, 4197569.13, 1508.34);
insert into STATION values (5598, '.', 2277, 281925.39, 4197569.64, 1508.73);
insert into STATION values (5599, '.', 2277, 281926.95, 4197568.70, 1509.30);
insert into STATION values (5600, '.', 2277, 281925.07, 4197569.52, 1508.45);
insert into STATION values (5601, '.', 2277, 281925.91, 4197568.79, 1508.72);
insert into STATION values (5602, '.', 2277, 281927.20, 4197567.91, 1509.00);
insert into STATION values (5603, '.', 2277, 281927.17, 4197569.01, 1508.87);
insert into STATION values (5604, '.', 2277, 281926.83, 4197569.03, 1508.77);
insert into STATION values (5605, '1', 2277, 281921.89, 4197571.43, 1507.81);
insert into STATION values (5606, 'Promeszutochnaya_Tunnel_00', 2296, 270740.40, 4169404.40, 645.00);
insert into STATION_FLAG values(5606, 'ent');
insert into STATION_FLAG values(5606, 'fix');
insert into STATION_FLAG values(5606, 'air');
insert into STATION values (5607, '.', 2296, 270740.08, 4169403.70, 644.55);
insert into STATION values (5608, '.', 2296, 270742.32, 4169405.75, 644.60);
insert into STATION values (5609, '.', 2296, 270740.48, 4169403.94, 647.22);
insert into STATION values (5610, '.', 2296, 270740.48, 4169404.32, 644.48);
insert into STATION values (5611, '.', 2296, 270740.53, 4169404.32, 644.99);
insert into STATION values (5612, '1', 2296, 270747.74, 4169399.73, 644.39);
insert into STATION values (5613, '.', 2296, 270748.02, 4169400.02, 644.34);
insert into STATION values (5614, '.', 2296, 270746.85, 4169398.48, 644.31);
insert into STATION values (5615, '.', 2296, 270747.98, 4169399.89, 645.99);
insert into STATION values (5616, '.', 2296, 270747.73, 4169399.62, 643.96);
insert into STATION values (5617, '2', 2296, 270758.28, 4169388.02, 643.25);
insert into STATION values (5618, '.', 2296, 270759.82, 4169389.22, 642.94);
insert into STATION values (5619, '.', 2296, 270758.57, 4169387.94, 644.29);
insert into STATION values (5620, '.', 2296, 270758.44, 4169387.94, 641.90);
insert into STATION values (5621, '.', 2296, 270758.10, 4169387.82, 643.27);
insert into STATION values (5622, '3', 2296, 270772.37, 4169377.24, 638.53);
insert into STATION values (5623, '.', 2296, 270773.08, 4169379.18, 638.59);
insert into STATION values (5624, '.', 2296, 270772.38, 4169377.12, 640.99);
insert into STATION values (5625, '.', 2296, 270772.37, 4169377.21, 637.06);
insert into STATION values (5626, '.', 2296, 270772.24, 4169376.85, 638.54);
insert into STATION values (5627, '4', 2296, 270799.06, 4169376.87, 637.25);
insert into STATION values (5628, '.', 2296, 270807.18, 4169376.97, 636.20);
insert into STATION values (5629, '.', 2296, 270799.78, 4169381.26, 637.13);
insert into STATION values (5630, '.', 2296, 270817.98, 4169363.80, 635.72);
insert into STATION values (5631, '.', 2296, 270820.12, 4169356.57, 633.97);
insert into STATION values (5632, '.', 2296, 270807.85, 4169358.74, 635.10);
insert into STATION values (5633, '.', 2296, 270796.65, 4169366.81, 636.83);
insert into STATION values (5634, '.', 2296, 270793.00, 4169370.68, 637.13);
insert into STATION values (5635, '.', 2296, 270779.90, 4169380.86, 636.26);
insert into STATION values (5636, '.', 2296, 270786.01, 4169389.45, 635.25);
insert into STATION values (5637, '.', 2296, 270798.82, 4169376.17, 640.45);
insert into STATION values (5638, '.', 2296, 270799.10, 4169379.14, 632.45);
insert into STATION values (5639, '5', 2296, 270816.32, 4169355.54, 632.30);
insert into STATION values (5640, '.', 2296, 270809.17, 4169354.67, 633.01);
insert into STATION values (5641, '.', 2296, 270805.21, 4169360.50, 634.60);
insert into STATION values (5642, '.', 2296, 270812.99, 4169370.25, 634.40);
insert into STATION values (5643, '.', 2296, 270820.72, 4169364.24, 632.85);
insert into STATION values (5644, '.', 2296, 270823.43, 4169360.17, 632.82);
insert into STATION values (5645, '.', 2296, 270819.91, 4169353.06, 632.35);
insert into STATION values (5646, '.', 2296, 270817.16, 4169344.51, 632.94);
insert into STATION values (5647, '.', 2296, 270815.22, 4169354.16, 635.13);
insert into STATION values (5648, '.', 2296, 270812.39, 4169357.65, 645.17);
insert into STATION values (5649, '.', 2296, 270813.45, 4169359.42, 641.01);
insert into STATION values (5650, '.', 2296, 270811.08, 4169366.39, 638.39);
insert into STATION values (5651, '6', 2296, 270818.19, 4169327.13, 625.76);
insert into STATION values (5652, '.', 2296, 270810.55, 4169330.43, 627.16);
insert into STATION values (5653, '.', 2296, 270809.48, 4169319.38, 625.21);
insert into STATION values (5654, '.', 2296, 270812.17, 4169311.14, 626.32);
insert into STATION values (5655, '.', 2296, 270825.32, 4169309.72, 626.61);
insert into STATION values (5656, '.', 2296, 270826.37, 4169324.86, 626.10);
insert into STATION values (5657, '.', 2296, 270832.22, 4169325.45, 627.44);
insert into STATION values (5658, '.', 2296, 270830.37, 4169332.34, 626.71);
insert into STATION values (5659, '.', 2296, 270825.33, 4169340.99, 627.78);
insert into STATION values (5660, '.', 2296, 270819.13, 4169326.83, 628.96);
insert into STATION values (5661, '.', 2296, 270818.22, 4169326.94, 624.58);
insert into STATION values (5662, '.', 2296, 270819.30, 4169320.76, 627.70);
insert into STATION values (5663, '.', 2296, 270818.84, 4169336.92, 631.53);
insert into STATION values (5664, '7', 2296, 270821.71, 4169307.89, 629.56);
insert into STATION values (5665, '.', 2296, 270827.43, 4169309.40, 630.08);
insert into STATION values (5666, '.', 2296, 270811.67, 4169296.56, 629.82);
insert into STATION values (5667, '.', 2296, 270830.92, 4169282.67, 631.58);
insert into STATION values (5668, '.', 2296, 270846.28, 4169302.42, 631.81);
insert into STATION values (5669, '.', 2296, 270848.90, 4169290.34, 632.11);
insert into STATION values (5670, '.', 2296, 270821.44, 4169311.22, 629.44);
insert into STATION values (5671, '.', 2296, 270813.72, 4169310.94, 630.14);
insert into STATION values (5672, '.', 2296, 270822.10, 4169307.88, 631.91);
insert into STATION values (5673, '.', 2296, 270825.98, 4169300.06, 632.15);
insert into STATION values (5674, '.', 2296, 270821.78, 4169307.91, 628.23);
insert into STATION values (5675, '8', 2296, 270833.18, 4169283.87, 632.32);
insert into STATION values (5676, '.', 2296, 270844.63, 4169302.32, 632.24);
insert into STATION values (5677, '.', 2296, 270849.03, 4169290.75, 633.40);
insert into STATION values (5678, '.', 2296, 270829.21, 4169273.07, 631.17);
insert into STATION values (5679, '.', 2296, 270824.82, 4169279.44, 631.27);
insert into STATION values (5680, '.', 2296, 270813.14, 4169286.00, 630.59);
insert into STATION values (5681, '.', 2296, 270835.74, 4169283.36, 629.60);
insert into STATION values (5682, '.', 2296, 270833.19, 4169283.86, 632.63);
insert into STATION values (5683, 'PTR_FR24_A98_9', 2296, 270839.69, 4169282.23, 630.52);
insert into STATION values (5684, '.', 2296, 270848.38, 4169297.02, 632.32);
insert into STATION values (5685, '.', 2296, 270830.61, 4169269.23, 628.60);
insert into STATION values (5686, '.', 2296, 270828.23, 4169275.60, 630.17);
insert into STATION values (5687, '.', 2296, 270861.01, 4169267.82, 629.98);
insert into STATION values (5688, '.', 2296, 270840.81, 4169281.22, 633.52);
insert into STATION values (5689, '.', 2296, 270840.09, 4169282.71, 628.72);
insert into STATION values (5690, '10', 2296, 270845.47, 4169280.44, 630.76);
insert into STATION values (5691, '.', 2296, 270835.92, 4169307.02, 633.03);
insert into STATION values (5692, '.', 2296, 270845.60, 4169296.94, 632.35);
insert into STATION values (5693, '.', 2296, 270858.64, 4169291.17, 633.09);
insert into STATION values (5694, '.', 2296, 270859.06, 4169262.03, 628.28);
insert into STATION values (5695, '.', 2296, 270845.44, 4169280.27, 630.73);
insert into STATION values (5696, '.', 2296, 270828.79, 4169276.94, 628.88);
insert into STATION values (5697, '.', 2296, 270845.60, 4169280.52, 632.65);
insert into STATION values (5698, '.', 2296, 270845.49, 4169280.79, 629.16);
insert into STATION values (5699, '11', 2296, 270862.19, 4169271.58, 630.40);
insert into STATION values (5700, '.', 2296, 270879.06, 4169268.32, 631.84);
insert into STATION values (5701, '.', 2296, 270868.25, 4169281.92, 633.45);
insert into STATION values (5702, '.', 2296, 270851.65, 4169261.63, 628.23);
insert into STATION values (5703, '.', 2296, 270826.84, 4169271.67, 628.92);
insert into STATION values (5704, '.', 2296, 270862.18, 4169270.95, 631.53);
insert into STATION values (5705, '.', 2296, 270862.36, 4169270.64, 629.19);
insert into STATION values (5706, '12', 2296, 270869.45, 4169260.76, 626.24);
insert into STATION values (5707, '.', 2296, 270879.45, 4169268.36, 628.86);
insert into STATION values (5708, '.', 2296, 270862.18, 4169254.88, 626.35);
insert into STATION values (5709, '.', 2296, 270851.33, 4169265.26, 628.40);
insert into STATION values (5710, '.', 2296, 270870.06, 4169269.75, 629.25);
insert into STATION values (5711, '.', 2296, 270886.96, 4169251.55, 622.39);
insert into STATION values (5712, '.', 2296, 270869.89, 4169261.18, 627.68);
insert into STATION values (5713, '.', 2296, 270869.64, 4169260.68, 625.02);
insert into STATION values (5714, '13', 2296, 270884.02, 4169245.87, 620.79);
insert into STATION values (5715, '.', 2296, 270877.53, 4169245.23, 620.91);
insert into STATION values (5716, '.', 2296, 270891.60, 4169244.51, 624.50);
insert into STATION values (5717, '.', 2296, 270891.26, 4169240.58, 624.47);
insert into STATION values (5718, '.', 2296, 270885.52, 4169239.40, 621.83);
insert into STATION values (5719, '.', 2296, 270890.55, 4169247.25, 623.23);
insert into STATION values (5720, '.', 2296, 270883.98, 4169245.63, 621.92);
insert into STATION values (5721, '.', 2296, 270883.81, 4169245.84, 620.26);
insert into STATION values (5722, '14', 2296, 270880.81, 4169242.27, 620.31);
insert into STATION values (5723, '.', 2296, 270874.80, 4169240.15, 620.07);
insert into STATION values (5724, '.', 2296, 270886.26, 4169238.64, 621.56);
insert into STATION values (5725, '.', 2296, 270880.51, 4169241.98, 621.79);
insert into STATION values (5726, '.', 2296, 270880.10, 4169242.14, 619.41);
insert into STATION values (5727, '15', 2296, 270884.23, 4169232.79, 620.43);
insert into STATION values (5728, '.', 2296, 270904.65, 4169229.28, 624.09);
insert into STATION values (5729, '.', 2296, 270875.22, 4169231.68, 619.11);
insert into STATION values (5730, '.', 2296, 270884.24, 4169232.73, 621.17);
insert into STATION values (5731, '.', 2296, 270884.12, 4169232.91, 619.91);
insert into STATION values (5732, '16', 2296, 270896.60, 4169221.24, 621.10);
insert into STATION values (5733, '.', 2296, 270904.11, 4169215.14, 623.37);
insert into STATION values (5734, '.', 2296, 270880.20, 4169225.49, 619.08);
insert into STATION values (5735, '.', 2296, 270886.66, 4169213.60, 619.32);
insert into STATION values (5736, '.', 2296, 270896.41, 4169221.20, 622.14);
insert into STATION values (5737, '.', 2296, 270896.47, 4169221.16, 620.44);
insert into STATION values (5738, '17', 2296, 270895.62, 4169211.70, 620.30);
insert into STATION values (5739, '.', 2296, 270892.51, 4169209.21, 620.16);
insert into STATION values (5740, '.', 2296, 270901.33, 4169213.12, 621.18);
insert into STATION values (5741, '.', 2296, 270899.09, 4169208.58, 620.50);
insert into STATION values (5742, '.', 2296, 270894.97, 4169207.49, 620.55);
insert into STATION values (5743, '.', 2296, 270895.61, 4169211.55, 621.15);
insert into STATION values (5744, '.', 2296, 270895.83, 4169211.71, 619.91);
insert into STATION values (5745, '18', 2296, 270897.61, 4169209.02, 620.52);
insert into STATION values (5746, '.', 2296, 270895.71, 4169208.33, 620.33);
insert into STATION values (5747, '.', 2296, 270900.41, 4169210.14, 620.82);
insert into STATION values (5748, '.', 2296, 270897.72, 4169208.98, 621.27);
insert into STATION values (5749, '.', 2296, 270897.58, 4169209.01, 620.15);
insert into STATION values (5750, '19', 2296, 270899.36, 4169205.78, 620.06);
insert into STATION values (5751, '.', 2296, 270903.82, 4169205.35, 621.11);
insert into STATION values (5752, '.', 2296, 270893.03, 4169206.45, 620.49);
insert into STATION values (5753, '.', 2296, 270901.53, 4169198.08, 620.69);
insert into STATION values (5754, '.', 2296, 270900.85, 4169207.36, 620.41);
insert into STATION values (5755, '.', 2296, 270899.37, 4169205.72, 621.16);
insert into STATION values (5756, '.', 2296, 270899.21, 4169205.75, 619.44);
insert into STATION values (5757, '20', 2296, 270896.33, 4169196.67, 619.93);
insert into STATION values (5758, '.', 2296, 270903.41, 4169199.88, 621.33);
insert into STATION values (5759, '.', 2296, 270893.17, 4169191.93, 620.36);
insert into STATION values (5760, '.', 2296, 270896.44, 4169196.64, 620.53);
insert into STATION values (5761, '.', 2296, 270896.29, 4169196.53, 619.46);
insert into STATION values (5762, '21', 2296, 270898.83, 4169185.52, 621.71);
insert into STATION values (5763, '.', 2296, 270895.54, 4169179.90, 621.74);
insert into STATION values (5764, '.', 2296, 270886.84, 4169185.82, 622.06);
insert into STATION values (5765, '.', 2296, 270890.64, 4169189.86, 621.42);
insert into STATION values (5766, '.', 2296, 270906.44, 4169186.57, 622.26);
insert into STATION values (5767, '.', 2296, 270898.67, 4169185.64, 622.79);
insert into STATION values (5768, '.', 2296, 270898.77, 4169185.39, 620.79);
insert into STATION values (5769, '22', 2296, 270899.15, 4169179.53, 621.09);
insert into STATION values (5770, '.', 2296, 270892.80, 4169181.04, 621.76);
insert into STATION values (5771, '.', 2296, 270898.83, 4169179.14, 621.33);
insert into STATION values (5772, '.', 2296, 270892.13, 4169183.41, 622.28);
insert into STATION values (5773, '.', 2296, 270897.79, 4169187.77, 621.94);
insert into STATION values (5774, '.', 2296, 270904.74, 4169187.33, 622.44);
insert into STATION values (5775, '.', 2296, 270898.88, 4169179.75, 621.84);
insert into STATION values (5776, '.', 2296, 270898.99, 4169179.59, 620.30);
insert into STATION values (5777, '23', 2296, 270892.83, 4169181.10, 621.71);
insert into STATION values (5778, '.', 2296, 270890.99, 4169183.17, 621.93);
insert into STATION values (5779, '.', 2296, 270892.35, 4169180.15, 621.83);
insert into STATION values (5780, '.', 2296, 270894.41, 4169182.08, 621.64);
insert into STATION values (5781, '.', 2296, 270893.38, 4169180.30, 621.80);
insert into STATION values (5782, '.', 2296, 270892.73, 4169181.18, 622.18);
insert into STATION values (5783, '.', 2296, 270892.92, 4169181.36, 620.65);
insert into STATION values (5784, '24', 2296, 270887.13, 4169181.70, 621.11);
insert into STATION values (5785, '.', 2296, 270887.16, 4169182.27, 621.21);
insert into STATION values (5786, '.', 2296, 270887.64, 4169180.45, 621.38);
insert into STATION values (5787, '.', 2296, 270886.98, 4169181.69, 621.67);
insert into STATION values (5788, '.', 2296, 270886.54, 4169182.62, 619.22);
insert into STATION values (5789, '25', 2296, 270882.33, 4169182.65, 617.87);
insert into STATION values (5790, '.', 2296, 270874.46, 4169184.41, 615.94);
insert into STATION values (5791, '.', 2296, 270884.66, 4169181.16, 618.25);
insert into STATION values (5792, '.', 2296, 270884.11, 4169185.98, 618.67);
insert into STATION values (5793, '.', 2296, 270884.57, 4169182.90, 618.38);
insert into STATION values (5794, '.', 2296, 270882.37, 4169182.80, 618.81);
insert into STATION values (5795, '.', 2296, 270882.11, 4169182.36, 616.78);
insert into STATION values (5796, '26', 2296, 270876.06, 4169173.04, 615.42);
insert into STATION values (5797, '.', 2296, 270866.62, 4169178.33, 613.18);
insert into STATION values (5798, '.', 2296, 270877.95, 4169171.42, 615.20);
insert into STATION values (5799, '.', 2296, 270873.70, 4169167.14, 615.12);
insert into STATION values (5800, '.', 2296, 270869.63, 4169172.12, 614.50);
insert into STATION values (5801, '.', 2296, 270875.91, 4169173.09, 616.64);
insert into STATION values (5802, '.', 2296, 270875.88, 4169173.22, 613.65);
insert into STATION values (5803, '27', 2296, 270863.62, 4169166.19, 612.83);
insert into STATION values (5804, '.', 2296, 270863.91, 4169170.72, 612.63);
insert into STATION values (5805, '.', 2296, 270863.04, 4169161.12, 613.81);
insert into STATION values (5806, '.', 2296, 270857.50, 4169163.86, 612.75);
insert into STATION values (5807, '.', 2296, 270869.40, 4169169.34, 613.19);
insert into STATION values (5808, '.', 2296, 270863.36, 4169166.05, 613.75);
insert into STATION values (5809, '.', 2296, 270863.87, 4169166.54, 611.81);
insert into STATION values (5810, '28', 2296, 270856.67, 4169166.01, 612.18);
insert into STATION values (5811, '.', 2296, 270855.66, 4169170.35, 611.08);
insert into STATION values (5812, '.', 2296, 270855.81, 4169154.61, 612.26);
insert into STATION values (5813, '.', 2296, 270861.20, 4169173.68, 611.40);
insert into STATION values (5814, '.', 2296, 270849.57, 4169164.16, 610.28);
insert into STATION values (5815, '.', 2296, 270856.56, 4169166.10, 613.16);
insert into STATION values (5816, '.', 2296, 270856.44, 4169166.58, 609.82);
insert into STATION values (5817, '.', 2296, 270856.64, 4169165.82, 611.50);
insert into STATION values (5818, '.', 2296, 270856.84, 4169166.63, 609.55);
insert into STATION values (5819, 'PTR_FR24_B35_29', 2296, 270848.15, 4169162.36, 608.81);
insert into STATION values (5820, '.', 2296, 270849.44, 4169160.19, 609.90);
insert into STATION values (5821, '.', 2296, 270847.73, 4169162.99, 608.98);
insert into STATION values (5822, 'PTR_FR24_A98_0', 2303, 270839.69, 4169282.23, 630.52);
insert into STATION values (5823, '.', 2303, 270872.90, 4169281.44, 633.02);
insert into STATION values (5824, '.', 2303, 270859.28, 4169289.73, 632.35);
insert into STATION values (5825, '.', 2303, 270828.52, 4169273.20, 630.37);
insert into STATION values (5826, '.', 2303, 270826.94, 4169277.01, 630.06);
insert into STATION values (5827, '.', 2303, 270823.37, 4169289.40, 631.80);
insert into STATION values (5828, '.', 2303, 270839.27, 4169281.53, 633.31);
insert into STATION values (5829, '.', 2303, 270839.42, 4169282.20, 629.92);
insert into STATION values (5830, '1', 2303, 270837.71, 4169272.11, 627.44);
insert into STATION values (5831, '.', 2303, 270857.22, 4169254.38, 623.50);
insert into STATION values (5832, '.', 2303, 270852.74, 4169259.69, 624.84);
insert into STATION values (5833, '.', 2303, 270838.33, 4169270.45, 626.92);
insert into STATION values (5834, '.', 2303, 270833.82, 4169265.33, 625.05);
insert into STATION values (5835, '.', 2303, 270829.14, 4169267.31, 625.64);
insert into STATION values (5836, '.', 2303, 270829.17, 4169273.85, 629.35);
insert into STATION values (5837, '.', 2303, 270822.95, 4169282.23, 630.14);
insert into STATION values (5838, '.', 2303, 270837.37, 4169271.90, 629.52);
insert into STATION values (5839, '.', 2303, 270837.05, 4169271.50, 626.41);
insert into STATION values (5840, '2', 2303, 270828.84, 4169269.91, 627.19);
insert into STATION values (5841, '.', 2303, 270827.71, 4169267.58, 626.14);
insert into STATION values (5842, '.', 2303, 270832.95, 4169265.38, 625.43);
insert into STATION values (5843, '.', 2303, 270825.77, 4169272.42, 627.59);
insert into STATION values (5844, '.', 2303, 270829.67, 4169273.53, 627.89);
insert into STATION values (5845, '.', 2303, 270829.87, 4169271.15, 629.24);
insert into STATION values (5846, '.', 2303, 270828.26, 4169269.44, 624.93);
insert into STATION values (5847, '3', 2303, 270818.29, 4169269.61, 624.11);
insert into STATION values (5848, '.', 2303, 270819.09, 4169266.90, 624.87);
insert into STATION values (5849, '.', 2303, 270817.02, 4169273.97, 624.37);
insert into STATION values (5850, '.', 2303, 270823.54, 4169267.42, 625.34);
insert into STATION values (5851, '.', 2303, 270810.37, 4169271.70, 624.27);
insert into STATION values (5852, '.', 2303, 270818.10, 4169269.13, 625.35);
insert into STATION values (5853, '.', 2303, 270819.46, 4169268.53, 623.00);
insert into STATION values (5854, '4', 2303, 270810.31, 4169269.97, 623.88);
insert into STATION values (5855, '.', 2303, 270812.62, 4169277.46, 625.20);
insert into STATION values (5856, '.', 2303, 270817.16, 4169275.77, 625.66);
insert into STATION values (5857, '.', 2303, 270806.65, 4169278.40, 623.38);
insert into STATION values (5858, '.', 2303, 270806.06, 4169245.99, 621.19);
insert into STATION values (5859, '.', 2303, 270814.82, 4169252.22, 622.24);
insert into STATION values (5860, '.', 2303, 270818.04, 4169265.17, 624.24);
insert into STATION values (5861, '.', 2303, 270809.85, 4169269.42, 624.44);
insert into STATION values (5862, '.', 2303, 270808.53, 4169270.53, 621.22);
insert into STATION values (5863, '5', 2303, 270787.91, 4169254.90, 618.35);
insert into STATION values (5864, '.', 2303, 270787.93, 4169236.27, 620.41);
insert into STATION values (5865, '.', 2303, 270797.35, 4169240.22, 622.25);
insert into STATION values (5866, '.', 2303, 270807.38, 4169246.29, 620.89);
insert into STATION values (5867, '.', 2303, 270785.27, 4169256.01, 618.80);
insert into STATION values (5868, '.', 2303, 270787.56, 4169261.61, 618.48);
insert into STATION values (5869, '.', 2303, 270792.28, 4169262.12, 618.96);
insert into STATION values (5870, '.', 2303, 270787.69, 4169254.77, 620.39);
insert into STATION values (5871, '.', 2303, 270787.82, 4169252.78, 615.88);
insert into STATION values (5872, '.', 2303, 270770.62, 4169234.47, 612.90);
insert into STATION values (5873, 'A99', 2303, 270770.54, 4169234.61, 613.47);
insert into STATION values (5874, '.', 2303, 270770.62, 4169234.47, 613.00);
insert into STATION values (5875, '.', 2303, 270788.83, 4169222.35, 614.31);
insert into STATION values (5876, '.', 2303, 270796.74, 4169231.19, 616.39);
insert into STATION values (5877, '.', 2303, 270775.77, 4169250.74, 616.46);
insert into STATION values (5878, '.', 2303, 270769.31, 4169242.51, 614.11);
insert into STATION values (5879, '.', 2303, 270760.23, 4169241.56, 610.21);
insert into STATION values (5880, '.', 2303, 270771.47, 4169233.14, 616.02);
insert into STATION values (5881, '.', 2303, 270770.73, 4169233.41, 612.20);
insert into STATION values (5882, 'A97', 2303, 270744.62, 4169223.04, 611.68);
insert into STATION values (5883, '.', 2303, 270744.00, 4169223.71, 611.82);
insert into STATION values (5884, '.', 2303, 270745.39, 4169222.17, 612.18);
insert into STATION values (5885, '.', 2303, 270743.99, 4169222.87, 613.70);
insert into STATION values (5886, '.', 2303, 270744.64, 4169222.99, 611.27);
insert into STATION values (5887, 'A98', 2303, 270739.61, 4169221.01, 608.14);
insert into STATION values (5888, '.', 2303, 270739.15, 4169222.45, 607.95);
insert into STATION values (5889, '.', 2303, 270739.89, 4169220.69, 608.14);
insert into STATION values (5890, '.', 2303, 270739.15, 4169221.27, 611.05);
insert into STATION values (5891, '.', 2303, 270739.42, 4169221.89, 606.69);
insert into STATION values (5892, '8', 2303, 270735.66, 4169222.52, 604.90);
insert into STATION values (5893, '.', 2303, 270736.59, 4169218.44, 604.13);
insert into STATION values (5894, '.', 2303, 270738.85, 4169214.54, 600.23);
insert into STATION values (5895, '.', 2303, 270739.12, 4169217.16, 602.27);
insert into STATION values (5896, '.', 2303, 270737.89, 4169220.31, 604.50);
insert into STATION values (5897, '.', 2303, 270737.36, 4169222.55, 604.87);
insert into STATION values (5898, '.', 2303, 270737.41, 4169222.53, 608.75);
insert into STATION values (5899, '.', 2303, 270736.22, 4169222.97, 603.79);
insert into STATION values (5900, '9', 2303, 270736.77, 4169226.55, 604.85);
insert into STATION values (5901, '.', 2303, 270735.06, 4169226.07, 604.42);
insert into STATION values (5902, '.', 2303, 270737.79, 4169226.76, 604.86);
insert into STATION values (5903, '.', 2303, 270736.43, 4169226.52, 605.36);
insert into STATION values (5904, '.', 2303, 270735.53, 4169226.62, 603.35);
insert into STATION values (5905, '10', 2303, 270730.73, 4169229.33, 604.23);
insert into STATION values (5906, '.', 2303, 270730.92, 4169228.13, 603.80);
insert into STATION values (5907, '.', 2303, 270730.88, 4169229.92, 604.18);
insert into STATION values (5908, '.', 2303, 270730.93, 4169229.18, 604.85);
insert into STATION values (5909, '.', 2303, 270730.67, 4169229.04, 603.33);
insert into STATION values (5910, '.', 2303, 270730.89, 4169229.13, 602.92);
insert into STATION values (5911, '11', 2303, 270726.84, 4169227.24, 603.06);
insert into STATION values (5912, '.', 2303, 270726.84, 4169227.23, 603.07);
insert into STATION values (5913, '.', 2303, 270725.11, 4169230.17, 602.90);
insert into STATION values (5914, '.', 2303, 270728.57, 4169228.62, 602.64);
insert into STATION values (5915, '.', 2303, 270727.75, 4169226.53, 603.17);
insert into STATION values (5916, '.', 2303, 270727.11, 4169228.41, 604.50);
insert into STATION values (5917, '.', 2303, 270727.55, 4169227.64, 601.58);
insert into STATION values (5918, '.', 2303, 270729.42, 4169233.09, 600.12);
insert into STATION values (5919, 'A91', 2303, 270730.89, 4169235.87, 598.55);
insert into STATION values (5920, '.', 2303, 270730.59, 4169238.43, 598.18);
insert into STATION values (5921, '.', 2303, 270733.64, 4169233.02, 599.00);
insert into STATION values (5922, '.', 2303, 270727.11, 4169236.74, 599.13);
insert into STATION values (5923, '.', 2303, 270727.70, 4169233.01, 599.40);
insert into STATION values (5924, '.', 2303, 270730.41, 4169236.27, 599.37);
insert into STATION values (5925, '.', 2303, 270730.15, 4169236.62, 597.68);
insert into STATION values (5926, '12', 2303, 270716.20, 4169234.49, 599.36);
insert into STATION values (5927, '.', 2303, 270716.22, 4169229.76, 599.04);
insert into STATION values (5928, '.', 2303, 270710.39, 4169235.96, 601.19);
insert into STATION values (5929, '.', 2303, 270719.56, 4169236.75, 598.69);
insert into STATION values (5930, '.', 2303, 270718.73, 4169233.36, 597.93);
insert into STATION values (5931, '.', 2303, 270715.77, 4169233.79, 601.48);
insert into STATION values (5932, '13', 2303, 270709.71, 4169233.16, 601.10);
insert into STATION values (5933, '.', 2303, 270716.02, 4169235.26, 601.55);
insert into STATION values (5934, '.', 2303, 270710.34, 4169237.53, 601.46);
insert into STATION values (5935, '.', 2303, 270707.14, 4169238.04, 601.13);
insert into STATION values (5936, '.', 2303, 270702.82, 4169233.67, 601.31);
insert into STATION values (5937, '.', 2303, 270703.79, 4169230.83, 601.42);
insert into STATION values (5938, '.', 2303, 270706.72, 4169227.97, 601.13);
insert into STATION values (5939, '.', 2303, 270710.52, 4169227.58, 601.51);
insert into STATION values (5940, '.', 2303, 270709.21, 4169234.54, 603.06);
insert into STATION values (5941, '.', 2303, 270709.87, 4169233.60, 600.42);
insert into STATION values (5942, '14', 2303, 270695.30, 4169234.88, 602.47);
insert into STATION values (5943, '.', 2303, 270694.25, 4169239.90, 602.64);
insert into STATION values (5944, '.', 2303, 270693.63, 4169230.93, 601.67);
insert into STATION values (5945, '.', 2303, 270699.74, 4169233.67, 602.82);
insert into STATION values (5946, '.', 2303, 270694.80, 4169237.67, 605.82);
insert into STATION values (5947, '.', 2303, 270695.53, 4169235.21, 602.09);
insert into STATION values (5948, '15', 2303, 270685.59, 4169240.27, 599.59);
insert into STATION values (5949, '.', 2303, 270687.35, 4169244.45, 599.28);
insert into STATION values (5950, '.', 2303, 270680.89, 4169232.47, 596.53);
insert into STATION values (5951, '.', 2303, 270686.98, 4169230.02, 598.76);
insert into STATION values (5952, '.', 2303, 270694.07, 4169244.83, 599.81);
insert into STATION values (5953, '.', 2303, 270685.91, 4169240.86, 601.92);
insert into STATION values (5954, '.', 2303, 270680.41, 4169241.33, 595.31);
insert into STATION values (5955, '16', 2303, 270671.19, 4169251.16, 595.20);
insert into STATION values (5956, '.', 2303, 270676.51, 4169254.55, 596.50);
insert into STATION values (5957, '.', 2303, 270668.09, 4169249.57, 595.48);
insert into STATION values (5958, '.', 2303, 270671.70, 4169251.58, 598.09);
insert into STATION values (5959, '.', 2303, 270671.92, 4169252.87, 594.30);
insert into STATION values (5960, '.', 2303, 270675.58, 4169251.03, 593.56);
insert into STATION values (5961, '.', 2303, 270681.18, 4169251.05, 597.34);
insert into STATION values (5962, '.', 2303, 270666.06, 4169252.81, 595.34);
insert into STATION values (5963, '17', 2303, 270668.15, 4169267.06, 597.57);
insert into STATION values (5964, '.', 2303, 270668.39, 4169267.11, 597.61);
insert into STATION values (5965, '.', 2303, 270664.40, 4169265.63, 597.18);
insert into STATION values (5966, '.', 2303, 270668.07, 4169267.07, 598.41);
insert into STATION values (5967, '.', 2303, 270667.10, 4169266.98, 596.24);
insert into STATION values (5968, '18', 2303, 270664.79, 4169270.69, 599.50);
insert into STATION values (5969, '.', 2303, 270668.06, 4169271.86, 599.45);
insert into STATION values (5970, '.', 2303, 270664.19, 4169270.88, 599.90);
insert into STATION values (5971, '.', 2303, 270664.37, 4169271.77, 602.99);
insert into STATION values (5972, '.', 2303, 270665.33, 4169272.23, 598.44);
insert into STATION values (5973, '19', 2303, 270664.12, 4169281.83, 597.73);
insert into STATION values (5974, '.', 2303, 270659.71, 4169280.48, 598.21);
insert into STATION values (5975, '.', 2303, 270664.31, 4169281.94, 597.92);
insert into STATION values (5976, '.', 2303, 270665.70, 4169282.60, 598.88);
insert into STATION values (5977, '.', 2303, 270663.85, 4169281.98, 598.51);
insert into STATION values (5978, '.', 2303, 270663.36, 4169281.61, 596.82);
insert into STATION values (5979, '20', 2303, 270664.60, 4169289.72, 601.94);
insert into STATION values (5980, '.', 2303, 270662.05, 4169291.03, 601.83);
insert into STATION values (5981, '.', 2303, 270665.11, 4169289.39, 602.04);
insert into STATION values (5982, '.', 2303, 270664.05, 4169290.41, 600.65);
insert into STATION values (5983, '.', 2303, 270663.93, 4169290.76, 603.10);
insert into STATION values (5984, '21', 2303, 270667.86, 4169295.41, 601.83);
insert into STATION values (5985, '.', 2303, 270668.98, 4169294.88, 601.73);
insert into STATION values (5986, '.', 2303, 270666.58, 4169295.91, 601.96);
insert into STATION values (5987, '.', 2303, 270667.47, 4169295.34, 603.37);
insert into STATION values (5988, '.', 2303, 270667.69, 4169295.38, 600.14);
insert into STATION values (5989, '22', 2303, 270671.00, 4169299.02, 597.84);
insert into STATION values (5990, '.', 2303, 270670.07, 4169299.85, 599.03);
insert into STATION values (5991, '.', 2303, 270672.45, 4169298.34, 597.51);
insert into STATION values (5992, '.', 2303, 270671.12, 4169299.16, 598.68);
insert into STATION values (5993, '.', 2303, 270671.34, 4169298.90, 597.39);
insert into STATION values (5994, '23', 2303, 270673.26, 4169301.61, 597.10);
insert into STATION values (5995, '.', 2303, 270671.71, 4169300.82, 597.99);
insert into STATION values (5996, '.', 2303, 270674.12, 4169302.14, 597.50);
insert into STATION values (5997, '.', 2303, 270673.54, 4169302.39, 598.83);
insert into STATION values (5998, '.', 2303, 270673.34, 4169299.87, 595.00);
insert into STATION values (5999, '24', 2303, 270671.02, 4169301.32, 600.76);
insert into STATION values (6000, '.', 2303, 270669.79, 4169301.43, 600.92);
insert into STATION values (6001, '.', 2303, 270671.70, 4169301.08, 600.82);
insert into STATION values (6002, '.', 2303, 270670.71, 4169301.21, 601.24);
insert into STATION values (6003, '.', 2303, 270671.04, 4169301.53, 599.63);
insert into STATION values (6004, '25', 2303, 270672.44, 4169302.77, 600.36);
insert into STATION values (6005, '.', 2303, 270671.22, 4169304.46, 602.51);
insert into STATION values (6006, '.', 2303, 270674.11, 4169302.94, 600.90);
insert into STATION values (6007, '.', 2303, 270672.43, 4169303.73, 602.58);
insert into STATION values (6008, '.', 2303, 270672.78, 4169303.01, 599.93);
insert into STATION values (6009, '26', 2303, 270673.64, 4169309.09, 601.88);
insert into STATION values (6010, '.', 2303, 270672.75, 4169307.37, 602.25);
insert into STATION values (6011, '.', 2303, 270675.53, 4169312.34, 602.25);
insert into STATION values (6012, '.', 2303, 270673.61, 4169308.97, 602.77);
insert into STATION values (6013, '.', 2303, 270675.69, 4169305.92, 599.51);
insert into STATION values (6014, '27', 2303, 270671.50, 4169309.26, 604.37);
insert into STATION values (6015, '.', 2303, 270670.58, 4169306.12, 606.25);
insert into STATION values (6016, '.', 2303, 270672.05, 4169310.79, 605.86);
insert into STATION values (6017, '.', 2303, 270673.39, 4169309.25, 605.02);
insert into STATION values (6018, '.', 2303, 270672.00, 4169309.07, 606.38);
insert into STATION values (6019, '.', 2303, 270674.58, 4169310.19, 601.37);
insert into STATION values (6020, '28', 2303, 270675.51, 4169312.46, 604.85);
insert into STATION values (6021, '.', 2303, 270674.71, 4169312.85, 605.00);
insert into STATION values (6022, '.', 2303, 270675.42, 4169312.66, 605.49);
insert into STATION values (6023, '.', 2303, 270675.85, 4169312.25, 605.00);
insert into STATION values (6024, '.', 2303, 270674.70, 4169312.53, 604.35);
insert into STATION values (6025, '29', 2303, 270677.27, 4169318.89, 604.85);
insert into STATION values (6026, 'A92', 2303, 270679.35, 4169323.75, 603.69);
insert into STATION values (6027, '30', 2303, 270685.37, 4169317.77, 603.81);
insert into STATION values (6028, 'A93', 2303, 270690.40, 4169316.37, 604.50);
insert into STATION values (6029, '.', 2303, 270687.43, 4169322.23, 603.60);
insert into STATION values (6030, '.', 2303, 270690.07, 4169322.85, 604.16);
insert into STATION values (6031, '.', 2303, 270693.24, 4169321.16, 604.73);
insert into STATION values (6032, '.', 2303, 270695.95, 4169318.25, 604.22);
insert into STATION values (6033, '.', 2303, 270698.73, 4169313.08, 604.18);
insert into STATION values (6034, '.', 2303, 270684.48, 4169317.13, 606.28);
insert into STATION values (6035, '.', 2303, 270689.23, 4169310.00, 604.83);
insert into STATION values (6036, '.', 2303, 270691.09, 4169304.69, 604.32);
insert into STATION values (6037, '.', 2303, 270687.16, 4169313.45, 605.28);
insert into STATION values (6038, '.', 2303, 270690.58, 4169315.03, 608.25);
insert into STATION values (6039, '.', 2303, 270690.21, 4169315.46, 603.41);
insert into STATION values (6040, '32', 2303, 270694.64, 4169298.94, 605.61);
insert into STATION values (6041, '.', 2303, 270696.20, 4169299.32, 605.27);
insert into STATION values (6042, '.', 2303, 270695.41, 4169299.12, 606.13);
insert into STATION values (6043, '.', 2303, 270696.02, 4169299.00, 604.37);
insert into STATION values (6044, '.', 2303, 270694.44, 4169298.81, 605.68);
insert into STATION values (6045, '.', 2303, 270697.23, 4169294.57, 604.52);
insert into STATION values (6046, '33', 2303, 270701.30, 4169288.38, 603.26);
insert into STATION values (6047, '.', 2303, 270703.39, 4169289.11, 603.46);
insert into STATION values (6048, '.', 2303, 270696.46, 4169286.62, 603.58);
insert into STATION values (6049, '.', 2303, 270701.51, 4169288.27, 603.89);
insert into STATION values (6050, '.', 2303, 270704.27, 4169287.89, 601.11);
insert into STATION values (6051, '34', 2303, 270702.48, 4169268.17, 602.77);
insert into STATION values (6052, '.', 2303, 270703.83, 4169268.18, 603.20);
insert into STATION values (6053, '.', 2303, 270704.94, 4169264.99, 603.11);
insert into STATION values (6054, '.', 2303, 270700.20, 4169268.58, 602.59);
insert into STATION values (6055, '.', 2303, 270702.17, 4169268.18, 601.95);
insert into STATION values (6056, '.', 2303, 270703.04, 4169268.01, 603.38);
insert into STATION values (6057, '35', 2303, 270704.55, 4169265.67, 603.12);
insert into STATION values (6058, '.', 2303, 270705.58, 4169266.00, 603.35);
insert into STATION values (6059, '.', 2303, 270703.97, 4169265.22, 603.50);
insert into STATION values (6060, '.', 2303, 270704.55, 4169265.63, 604.11);
insert into STATION values (6061, '.', 2303, 270704.58, 4169266.15, 602.44);
insert into STATION values (6062, '36', 2303, 270705.02, 4169263.19, 605.23);
insert into STATION values (6063, '.', 2303, 270707.06, 4169263.01, 605.41);
insert into STATION values (6064, '.', 2303, 270703.86, 4169262.55, 605.64);
insert into STATION values (6065, '.', 2303, 270704.97, 4169262.72, 606.64);
insert into STATION values (6066, '.', 2303, 270707.06, 4169263.18, 603.37);
insert into STATION values (6067, '37', 2303, 270705.28, 4169259.78, 605.43);
insert into STATION values (6068, '.', 2303, 270706.65, 4169259.47, 605.46);
insert into STATION values (6069, '.', 2303, 270702.44, 4169258.71, 606.11);
insert into STATION values (6070, '.', 2303, 270706.39, 4169257.39, 609.16);
insert into STATION values (6071, '.', 2303, 270705.81, 4169259.14, 603.58);
insert into STATION values (6072, '38', 2303, 270706.21, 4169252.41, 602.01);
insert into STATION values (6073, '.', 2303, 270702.14, 4169251.65, 601.72);
insert into STATION values (6074, '.', 2303, 270705.02, 4169251.19, 605.82);
insert into STATION values (6075, '.', 2303, 270705.73, 4169251.58, 600.47);
insert into STATION values (6076, '.', 2303, 270706.80, 4169251.95, 602.03);
insert into STATION values (6077, '39', 2303, 270701.97, 4169238.21, 600.46);
insert into STATION values (6078, '.', 2303, 270707.32, 4169238.42, 600.33);
insert into STATION values (6079, '.', 2303, 270707.13, 4169243.35, 600.04);
insert into STATION values (6080, '.', 2303, 270702.63, 4169248.62, 600.55);
insert into STATION values (6081, '.', 2303, 270701.37, 4169233.01, 601.19);
insert into STATION values (6082, '.', 2303, 270694.63, 4169231.95, 603.41);
insert into STATION values (6083, '.', 2303, 270692.51, 4169235.11, 603.39);
insert into STATION values (6084, '.', 2303, 270702.15, 4169237.33, 604.37);
insert into STATION values (6085, '.', 2303, 270705.24, 4169236.58, 598.66);
insert into STATION values (6086, '40', 2303, 270709.18, 4169233.10, 601.36);
insert into STATION values (6087, '.', 2303, 270707.77, 4169227.38, 602.06);
insert into STATION values (6088, '.', 2303, 270703.54, 4169230.47, 601.77);
insert into STATION values (6089, '.', 2303, 270713.36, 4169230.62, 600.82);
insert into STATION values (6090, '.', 2303, 270715.41, 4169236.16, 600.31);
insert into STATION values (6091, '.', 2303, 270710.77, 4169237.91, 600.79);
insert into STATION values (6092, '.', 2303, 270708.64, 4169237.16, 601.45);
insert into STATION values (6093, '.', 2303, 270707.41, 4169237.87, 601.32);
insert into STATION values (6094, '.', 2303, 270709.57, 4169233.06, 603.92);
insert into STATION values (6095, '.', 2303, 270715.95, 4169228.89, 596.90);
insert into STATION values (6096, '.', 2303, 270711.55, 4169234.21, 599.37);
insert into STATION values (6097, '41', 2303, 270718.81, 4169234.37, 598.11);
insert into STATION values (6098, '0', 2310, 270770.54, 4169234.61, 613.47);
insert into STATION values (6099, '1', 2310, 270774.09, 4169220.59, 613.18);
insert into STATION values (6100, '2', 2310, 270778.36, 4169214.41, 612.08);
insert into STATION values (6101, '3', 2310, 270786.86, 4169185.72, 605.07);
insert into STATION values (6102, '4', 2310, 270784.46, 4169175.59, 605.75);
insert into STATION values (6103, '5', 2310, 270792.63, 4169165.65, 602.38);
insert into STATION values (6104, '6', 2310, 270807.89, 4169151.09, 602.35);
insert into STATION values (6105, '7', 2310, 270832.62, 4169152.89, 604.18);
insert into STATION values (6106, '8', 2310, 270847.00, 4169160.82, 608.55);
insert into STATION values (6107, 'PTR_FR24_B35_9', 2310, 270848.15, 4169162.36, 608.81);
insert into STATION values (6108, '-', 2310, 270763.75, 4169223.31, 613.38);
insert into STATION values (6109, '-', 2310, 270786.94, 4169224.63, 615.66);
insert into STATION values (6110, '-', 2310, 270778.50, 4169251.58, 616.46);
insert into STATION values (6111, '-', 2310, 270767.96, 4169244.20, 612.13);
insert into STATION values (6112, '-', 2310, 270771.32, 4169234.05, 616.13);
insert into STATION values (6113, '-', 2310, 270771.11, 4169234.42, 612.46);
insert into STATION values (6114, '-', 2310, 270777.65, 4169206.54, 612.76);
insert into STATION values (6115, '-', 2310, 270754.28, 4169206.30, 612.77);
insert into STATION values (6116, '-', 2310, 270797.73, 4169233.96, 614.87);
insert into STATION values (6117, '-', 2310, 270782.61, 4169199.17, 607.92);
insert into STATION values (6118, '-', 2310, 270766.61, 4169242.92, 611.40);
insert into STATION values (6119, '-', 2310, 270771.91, 4169221.02, 616.35);
insert into STATION values (6120, '-', 2310, 270783.57, 4169208.87, 611.61);
insert into STATION values (6121, '-', 2310, 270793.06, 4169217.87, 609.60);
insert into STATION values (6122, '-', 2310, 270771.30, 4169211.73, 612.44);
insert into STATION values (6123, '-', 2310, 270759.78, 4169180.89, 609.91);
insert into STATION values (6124, '-', 2310, 270785.82, 4169196.43, 606.89);
insert into STATION values (6125, '-', 2310, 270796.30, 4169229.00, 612.92);
insert into STATION values (6126, '-', 2310, 270779.08, 4169214.49, 613.83);
insert into STATION values (6127, '-', 2310, 270778.19, 4169214.06, 610.96);
insert into STATION values (6128, '-', 2310, 270787.00, 4169185.64, 604.51);
insert into STATION values (6129, '-', 2310, 270787.00, 4169185.64, 604.49);
insert into STATION values (6130, '-', 2310, 270761.03, 4169179.98, 609.35);
insert into STATION values (6131, '-', 2310, 270773.65, 4169166.26, 604.44);
insert into STATION values (6132, '-', 2310, 270790.44, 4169186.26, 604.25);
insert into STATION values (6133, '-', 2310, 270789.76, 4169193.68, 605.72);
insert into STATION values (6134, '-', 2310, 270786.43, 4169184.99, 606.13);
insert into STATION values (6135, '-', 2310, 270786.84, 4169185.70, 604.12);
insert into STATION values (6136, '-', 2310, 270782.21, 4169165.44, 606.37);
insert into STATION values (6137, '-', 2310, 270770.27, 4169159.33, 601.41);
insert into STATION values (6138, '-', 2310, 270750.08, 4169183.50, 613.04);
insert into STATION values (6139, '-', 2310, 270790.18, 4169187.12, 605.29);
insert into STATION values (6140, '-', 2310, 270795.49, 4169173.24, 603.29);
insert into STATION values (6141, '-', 2310, 270784.18, 4169175.48, 607.42);
insert into STATION values (6142, '-', 2310, 270784.69, 4169175.47, 604.14);
insert into STATION values (6143, '-', 2310, 270798.68, 4169168.55, 602.89);
insert into STATION values (6144, '-', 2310, 270802.79, 4169159.53, 602.28);
insert into STATION values (6145, '-', 2310, 270786.89, 4169160.08, 601.86);
insert into STATION values (6146, '-', 2310, 270778.63, 4169161.86, 601.75);
insert into STATION values (6147, '-', 2310, 270791.35, 4169164.53, 604.32);
insert into STATION values (6148, '-', 2310, 270792.17, 4169165.46, 601.27);
insert into STATION values (6149, '-', 2310, 270822.79, 4169136.05, 602.20);
insert into STATION values (6150, '-', 2310, 270805.76, 4169147.49, 602.40);
insert into STATION values (6151, '-', 2310, 270811.72, 4169154.92, 602.66);
insert into STATION values (6152, '-', 2310, 270819.61, 4169153.01, 602.77);
insert into STATION values (6153, '-', 2310, 270824.00, 4169133.84, 604.81);
insert into STATION values (6154, '-', 2310, 270808.24, 4169149.79, 605.58);
insert into STATION values (6155, '-', 2310, 270809.00, 4169151.56, 600.75);
insert into STATION values (6156, '-', 2310, 270832.16, 4169150.40, 604.44);
insert into STATION values (6157, '-', 2310, 270833.26, 4169154.59, 604.25);
insert into STATION values (6158, '-', 2310, 270837.56, 4169152.66, 605.78);
insert into STATION values (6159, '-', 2310, 270826.45, 4169147.90, 606.34);
insert into STATION values (6160, '-', 2310, 270826.75, 4169152.10, 604.07);
insert into STATION values (6161, '-', 2310, 270833.15, 4169152.26, 605.83);
insert into STATION values (6162, '-', 2310, 270832.63, 4169153.02, 603.17);
insert into STATION values (6163, '-', 2310, 270851.08, 4169152.54, 609.94);
insert into STATION values (6164, '-', 2310, 270846.90, 4169161.69, 609.13);
insert into STATION values (6165, '-', 2310, 270847.81, 4169159.83, 608.64);
insert into STATION values (6166, '-', 2310, 270848.59, 4169161.60, 606.80);
insert into STATION values (6167, 'Promeszutochnaya_Tunnel_01', 2317, 270586.61, 4168955.97, 640.00);
insert into STATION_FLAG values(6167, 'ent');
insert into STATION_FLAG values(6167, 'fix');
insert into STATION_FLAG values(6167, 'air');
insert into STATION values (6168, '1', 2317, 270592.32, 4168954.66, 640.04);
insert into STATION values (6169, '2', 2317, 270598.10, 4168956.58, 641.54);
insert into STATION values (6170, '3', 2317, 270615.39, 4168958.60, 640.49);
insert into STATION values (6171, '4', 2317, 270634.57, 4168962.01, 640.85);
insert into STATION values (6172, '5', 2317, 270654.84, 4168965.76, 641.52);
insert into STATION values (6173, '6', 2317, 270671.86, 4168968.44, 643.16);
insert into STATION values (6174, '7', 2317, 270686.53, 4168970.77, 645.36);
insert into STATION values (6175, '8', 2317, 270698.25, 4168973.09, 647.14);
insert into STATION values (6176, '9', 2317, 270697.55, 4168975.01, 647.98);
insert into STATION values (6177, '-', 2317, 270592.50, 4168954.24, 642.87);
insert into STATION values (6178, '-', 2317, 270592.68, 4168953.83, 640.06);
insert into STATION values (6179, '-', 2317, 270592.34, 4168956.59, 640.27);
insert into STATION values (6180, '-', 2317, 270592.35, 4168956.77, 642.14);
insert into STATION values (6181, '-', 2317, 270598.05, 4168957.03, 641.66);
insert into STATION values (6182, '-', 2317, 270598.05, 4168956.99, 642.06);
insert into STATION values (6183, '-', 2317, 270598.34, 4168957.02, 640.32);
insert into STATION values (6184, '-', 2317, 270598.11, 4168955.12, 641.64);
insert into STATION values (6185, '-', 2317, 270615.06, 4168960.08, 641.05);
insert into STATION values (6186, '-', 2317, 270615.12, 4168959.60, 642.30);
insert into STATION values (6187, '-', 2317, 270615.30, 4168958.14, 642.29);
insert into STATION values (6188, '-', 2317, 270615.64, 4168957.91, 640.66);
insert into STATION values (6189, '-', 2317, 270634.77, 4168961.06, 640.97);
insert into STATION values (6190, '-', 2317, 270634.44, 4168961.24, 642.74);
insert into STATION values (6191, '-', 2317, 270633.88, 4168962.67, 642.81);
insert into STATION values (6192, '-', 2317, 270634.39, 4168963.19, 641.09);
insert into STATION values (6193, '-', 2317, 270655.00, 4168964.81, 641.63);
insert into STATION values (6194, '-', 2317, 270654.74, 4168964.93, 643.06);
insert into STATION values (6195, '-', 2317, 270654.02, 4168966.63, 643.08);
insert into STATION values (6196, '-', 2317, 270654.43, 4168966.79, 641.76);
insert into STATION values (6197, '-', 2317, 270671.68, 4168969.34, 643.49);
insert into STATION values (6198, '-', 2317, 270671.45, 4168968.90, 645.04);
insert into STATION values (6199, '-', 2317, 270671.43, 4168968.47, 644.95);
insert into STATION values (6200, '-', 2317, 270671.78, 4168967.23, 643.38);
insert into STATION values (6201, '-', 2317, 270671.72, 4168967.32, 644.81);
insert into STATION values (6202, '-', 2317, 270686.20, 4168971.87, 645.33);
insert into STATION values (6203, '-', 2317, 270686.17, 4168971.37, 647.15);
insert into STATION values (6204, '-', 2317, 270686.73, 4168969.74, 646.79);
insert into STATION values (6205, '-', 2317, 270686.68, 4168969.96, 645.61);
insert into STATION values (6206, '-', 2317, 270697.04, 4168974.97, 646.86);
insert into STATION values (6207, '-', 2317, 270696.89, 4168974.46, 649.24);
insert into STATION values (6208, '-', 2317, 270697.84, 4168972.79, 649.17);
insert into STATION values (6209, '-', 2317, 270699.78, 4168976.49, 647.77);
insert into STATION values (6210, '-', 2317, 270701.32, 4168977.01, 639.64);
insert into STATION values (6211, '-', 2317, 270698.07, 4168975.53, 645.96);
insert into STATION values (6212, '-', 2317, 270700.22, 4168976.95, 648.95);
insert into STATION values (6213, '-', 2317, 270699.89, 4168976.14, 651.07);
insert into STATION values (6214, '-', 2317, 270697.60, 4168976.08, 647.46);
insert into STATION values (6215, '-', 2317, 270704.11, 4168971.59, 644.48);
insert into STATION values (6216, '1', 2324, 270584.76, 4169064.94, 605.30);
insert into STATION values (6217, 'Promeszutochnaya_Entree_Nat', 2324, 270578.60, 4169063.90, 605.00);
insert into STATION_FLAG values(6217, 'ent');
insert into STATION_FLAG values(6217, 'fix');
insert into STATION_FLAG values(6217, 'air');
insert into STATION values (6218, '2', 2324, 270594.18, 4169059.36, 606.97);
insert into STATION values (6219, '3', 2324, 270606.45, 4169056.91, 607.73);
insert into STATION values (6220, '4', 2324, 270612.13, 4169052.38, 607.28);
insert into STATION values (6221, '5', 2324, 270625.01, 4169046.74, 607.98);
insert into STATION values (6222, '6', 2324, 270633.94, 4169049.64, 611.13);
insert into STATION values (6223, '7', 2324, 270641.88, 4169038.97, 612.64);
insert into STATION values (6224, '8', 2324, 270650.08, 4169029.93, 613.39);
insert into STATION values (6225, '9', 2324, 270656.56, 4169025.80, 613.29);
insert into STATION values (6226, '10', 2324, 270664.83, 4169020.99, 614.15);
insert into STATION values (6227, '11', 2324, 270673.56, 4169015.94, 615.61);
insert into STATION values (6228, '12', 2324, 270677.64, 4169016.90, 617.93);
insert into STATION values (6229, '13', 2324, 270681.00, 4169012.84, 619.03);
insert into STATION values (6230, '-', 2324, 270585.44, 4169067.33, 605.74);
insert into STATION values (6231, '-', 2324, 270586.08, 4169066.47, 609.10);
insert into STATION values (6232, '-', 2324, 270583.50, 4169060.79, 609.43);
insert into STATION values (6233, '-', 2324, 270582.73, 4169058.89, 607.12);
insert into STATION values (6234, '-', 2324, 270583.14, 4169058.84, 604.43);
insert into STATION values (6235, '-', 2324, 270587.85, 4169058.33, 606.32);
insert into STATION values (6236, '-', 2324, 270591.53, 4169062.37, 606.42);
insert into STATION values (6237, '-', 2324, 270593.60, 4169057.81, 607.11);
insert into STATION values (6238, '-', 2324, 270593.63, 4169059.05, 608.32);
insert into STATION values (6239, '-', 2324, 270594.20, 4169060.70, 608.11);
insert into STATION values (6240, '-', 2324, 270595.35, 4169061.40, 607.23);
insert into STATION values (6241, '-', 2324, 270600.03, 4169059.59, 607.77);
insert into STATION values (6242, '-', 2324, 270605.23, 4169056.73, 608.07);
insert into STATION values (6243, '-', 2324, 270602.92, 4169054.59, 607.99);
insert into STATION values (6244, '-', 2324, 270604.63, 4169054.07, 607.56);
insert into STATION values (6245, '-', 2324, 270604.25, 4169054.80, 609.03);
insert into STATION values (6246, '-', 2324, 270605.67, 4169056.95, 609.04);
insert into STATION values (6247, '-', 2324, 270606.10, 4169056.64, 607.03);
insert into STATION values (6248, '-', 2324, 270609.68, 4169054.35, 608.35);
insert into STATION values (6249, '-', 2324, 270608.40, 4169052.53, 608.32);
insert into STATION values (6250, '-', 2324, 270612.41, 4169052.70, 607.34);
insert into STATION values (6251, '-', 2324, 270612.55, 4169052.95, 609.08);
insert into STATION values (6252, '-', 2324, 270611.18, 4169051.94, 609.31);
insert into STATION values (6253, '-', 2324, 270611.19, 4169051.61, 609.27);
insert into STATION values (6254, '-', 2324, 270610.85, 4169050.81, 608.24);
insert into STATION values (6255, '-', 2324, 270610.98, 4169050.86, 607.38);
insert into STATION values (6256, '-', 2324, 270625.14, 4169049.02, 608.36);
insert into STATION values (6257, '-', 2324, 270624.68, 4169048.50, 610.49);
insert into STATION values (6258, '-', 2324, 270624.37, 4169046.36, 610.60);
insert into STATION values (6259, '-', 2324, 270624.23, 4169044.90, 609.79);
insert into STATION values (6260, '-', 2324, 270624.73, 4169045.24, 608.37);
insert into STATION values (6261, '-', 2324, 270633.52, 4169050.48, 611.21);
insert into STATION values (6262, '-', 2324, 270633.72, 4169048.81, 612.81);
insert into STATION values (6263, '-', 2324, 270634.35, 4169045.97, 612.10);
insert into STATION values (6264, '-', 2324, 270633.38, 4169045.64, 610.24);
insert into STATION values (6265, '-', 2324, 270631.42, 4169044.88, 610.07);
insert into STATION values (6266, '-', 2324, 270634.82, 4169045.58, 610.99);
insert into STATION values (6267, '-', 2324, 270636.87, 4169044.56, 611.63);
insert into STATION values (6268, '-', 2324, 270636.29, 4169050.36, 611.36);
insert into STATION values (6269, '-', 2324, 270637.84, 4169049.63, 610.89);
insert into STATION values (6270, '-', 2324, 270638.52, 4169047.49, 610.56);
insert into STATION values (6271, '-', 2324, 270637.83, 4169045.07, 611.58);
insert into STATION values (6272, '-', 2324, 270638.11, 4169047.10, 610.92);
insert into STATION values (6273, '-', 2324, 270629.79, 4169055.53, 610.35);
insert into STATION values (6274, '-', 2324, 270643.08, 4169040.17, 612.63);
insert into STATION values (6275, '-', 2324, 270642.02, 4169040.25, 614.34);
insert into STATION values (6276, '-', 2324, 270641.22, 4169038.47, 613.64);
insert into STATION values (6277, '-', 2324, 270641.26, 4169038.22, 613.18);
insert into STATION values (6278, '-', 2324, 270641.56, 4169038.65, 612.69);
insert into STATION values (6279, '-', 2324, 270651.12, 4169031.06, 613.35);
insert into STATION values (6280, '-', 2324, 270651.21, 4169031.53, 614.55);
insert into STATION values (6281, '-', 2324, 270650.06, 4169030.75, 615.77);
insert into STATION values (6282, '-', 2324, 270649.76, 4169030.14, 614.88);
insert into STATION values (6283, '-', 2324, 270649.04, 4169029.16, 614.31);
insert into STATION values (6284, '-', 2324, 270648.58, 4169029.06, 613.83);
insert into STATION values (6285, '-', 2324, 270657.17, 4169026.97, 613.66);
insert into STATION values (6286, '-', 2324, 270657.08, 4169027.52, 615.84);
insert into STATION values (6287, '-', 2324, 270656.79, 4169026.70, 615.47);
insert into STATION values (6288, '-', 2324, 270656.03, 4169025.28, 615.07);
insert into STATION values (6289, '-', 2324, 270656.11, 4169024.98, 614.48);
insert into STATION values (6290, '-', 2324, 270656.33, 4169025.19, 613.40);
insert into STATION values (6291, '-', 2324, 270665.18, 4169021.51, 614.22);
insert into STATION values (6292, '-', 2324, 270664.68, 4169021.50, 615.97);
insert into STATION values (6293, '-', 2324, 270663.81, 4169020.35, 615.26);
insert into STATION values (6294, '-', 2324, 270662.62, 4169018.98, 615.02);
insert into STATION values (6295, '-', 2324, 270662.53, 4169018.80, 614.10);
insert into STATION values (6296, '-', 2324, 270674.04, 4169017.70, 615.87);
insert into STATION values (6297, '-', 2324, 270674.56, 4169019.54, 618.94);
insert into STATION values (6298, '-', 2324, 270674.72, 4169016.53, 618.68);
insert into STATION values (6299, '-', 2324, 270673.93, 4169014.99, 617.01);
insert into STATION values (6300, '-', 2324, 270673.43, 4169015.47, 615.68);
insert into STATION values (6301, '-', 2324, 270677.43, 4169015.23, 618.06);
insert into STATION values (6302, '-', 2324, 270677.50, 4169016.64, 619.52);
insert into STATION values (6303, '-', 2324, 270677.70, 4169016.49, 623.33);
insert into STATION values (6304, '-', 2324, 270678.07, 4169017.83, 618.73);
insert into STATION values (6305, '-', 2324, 270678.41, 4169017.37, 618.19);
insert into STATION values (6306, '-', 2324, 270681.28, 4169012.99, 619.11);
insert into STATION values (6307, '-', 2324, 270680.35, 4169012.28, 619.24);
insert into STATION values (6308, '-', 2324, 270676.63, 4169007.64, 635.33);
insert into STATION values (6309, '-', 2324, 270680.21, 4169012.56, 620.24);
insert into STATION values (6310, '-', 2324, 270680.82, 4169007.73, 610.37);
insert into STATION values (6311, '-', 2324, 270666.93, 4169025.80, 631.05);
insert into STATION values (6312, '00', 2331, 270697.55, 4168975.01, 647.98);
insert into STATION values (6313, '.', 2331, 270699.50, 4168977.37, 647.80);
insert into STATION values (6314, '.', 2331, 270701.47, 4168974.79, 648.05);
insert into STATION values (6315, '.', 2331, 270704.66, 4168970.87, 647.85);
insert into STATION values (6316, '.', 2331, 270697.63, 4168979.36, 648.04);
insert into STATION values (6317, '.', 2331, 270698.93, 4168973.17, 647.92);
insert into STATION values (6318, '.', 2331, 270696.89, 4168971.92, 648.00);
insert into STATION values (6319, '.', 2331, 270695.34, 4168972.06, 647.91);
insert into STATION values (6320, '.', 2331, 270694.32, 4168973.71, 647.81);
insert into STATION values (6321, '.', 2331, 270697.70, 4168975.19, 649.74);
insert into STATION values (6322, '.', 2331, 270697.10, 4168975.22, 646.56);
insert into STATION values (6323, '.', 2331, 270699.53, 4168977.48, 637.79);
insert into STATION values (6324, '1', 2331, 270705.44, 4168969.98, 647.36);
insert into STATION values (6325, '.', 2331, 270702.89, 4168969.45, 647.20);
insert into STATION values (6326, '.', 2331, 270697.68, 4168975.09, 646.61);
insert into STATION values (6327, '.', 2331, 270693.42, 4168983.40, 646.73);
insert into STATION values (6328, '.', 2331, 270700.30, 4168976.59, 647.11);
insert into STATION values (6329, '.', 2331, 270706.83, 4168967.30, 648.83);
insert into STATION values (6330, '.', 2331, 270705.24, 4168965.92, 649.13);
insert into STATION values (6331, '.', 2331, 270704.50, 4168970.17, 650.71);
insert into STATION values (6332, '.', 2331, 270705.40, 4168969.96, 645.71);
insert into STATION values (6333, '2', 2331, 270700.76, 4168974.68, 641.36);
insert into STATION values (6334, '.', 2331, 270701.93, 4168975.86, 641.18);
insert into STATION values (6335, '.', 2331, 270700.38, 4168976.39, 649.34);
insert into STATION values (6336, '.', 2331, 270700.95, 4168974.84, 639.96);
insert into STATION values (6337, '3', 2331, 270694.79, 4168985.06, 630.66);
insert into STATION values (6338, '.', 2331, 270696.16, 4168985.92, 630.59);
insert into STATION values (6339, '.', 2331, 270692.23, 4168984.00, 630.67);
insert into STATION values (6340, '.', 2331, 270693.96, 4168985.05, 641.70);
insert into STATION values (6341, '.', 2331, 270695.17, 4168985.47, 629.95);
insert into STATION values (6342, '4', 2331, 270685.66, 4169001.34, 622.38);
insert into STATION values (6343, '.', 2331, 270687.87, 4169002.41, 622.17);
insert into STATION values (6344, '.', 2331, 270686.36, 4169001.80, 624.55);
insert into STATION values (6345, '.', 2331, 270686.32, 4169001.51, 621.42);
insert into STATION values (6346, '5', 2331, 270686.63, 4169003.35, 621.66);
insert into STATION values (6347, '.', 2331, 270685.36, 4169002.80, 622.10);
insert into STATION values (6348, '.', 2331, 270686.99, 4169003.53, 621.82);
insert into STATION values (6349, '.', 2331, 270685.35, 4169003.32, 625.77);
insert into STATION values (6350, '.', 2331, 270686.17, 4169003.54, 620.61);
insert into STATION values (6351, '6', 2331, 270681.00, 4169012.84, 619.03);
insert into STATION values (6352, '7', 2331, 270685.85, 4169005.17, 621.51);
insert into STATION values (6353, '.', 2331, 270684.83, 4169004.81, 621.30);
insert into STATION values (6354, '.', 2331, 270684.19, 4169005.02, 626.29);
insert into STATION values (6355, '.', 2331, 270686.07, 4169005.29, 621.51);
insert into STATION values (6356, '.', 2331, 270685.74, 4169004.82, 620.09);
insert into STATION values (6357, '.', 2331, 270685.65, 4169005.27, 619.13);
insert into STATION values (6358, '8', 2331, 270679.71, 4169009.07, 612.31);
insert into STATION values (6359, '.', 2331, 270681.51, 4169010.40, 612.30);
insert into STATION values (6360, '.', 2331, 270679.54, 4169008.81, 612.35);
insert into STATION values (6361, '.', 2331, 270680.60, 4169008.95, 610.89);
insert into STATION values (6362, '.', 2331, 270683.08, 4169009.23, 621.96);
insert into STATION values (6363, '.', 2331, 270684.03, 4169007.79, 611.18);
insert into STATION values (6364, '.', 2331, 270681.93, 4169006.61, 610.85);
insert into STATION values (6365, '.', 2331, 270679.02, 4169011.63, 612.17);
insert into STATION values (6366, '.', 2331, 270676.52, 4169014.21, 611.77);
insert into STATION values (6367, '.', 2331, 270677.63, 4169011.47, 611.70);
insert into STATION values (6368, '9', 2331, 270687.78, 4169001.18, 608.06);
insert into STATION values (6369, '.', 2331, 270689.85, 4169005.31, 608.46);
insert into STATION values (6370, '.', 2331, 270686.54, 4169000.04, 608.01);
insert into STATION values (6371, '.', 2331, 270687.44, 4169001.00, 607.30);
insert into STATION values (6372, '.', 2331, 270687.77, 4169000.71, 609.96);
insert into STATION values (6373, '.', 2331, 270688.74, 4169007.17, 608.20);
insert into STATION values (6374, '.', 2331, 270682.80, 4169004.07, 608.67);
insert into STATION values (6375, '10', 2331, 270688.72, 4168998.88, 608.71);
insert into STATION values (6376, '.', 2331, 270689.65, 4168999.50, 608.62);
insert into STATION values (6377, '.', 2331, 270690.00, 4168998.53, 607.01);
insert into STATION values (6378, '.', 2331, 270689.30, 4168998.86, 611.30);
insert into STATION values (6379, '.', 2331, 270688.57, 4168998.72, 608.71);
insert into STATION values (6380, '11', 2331, 270694.17, 4168995.50, 604.91);
insert into STATION values (6381, '.', 2331, 270695.52, 4168994.77, 604.89);
insert into STATION values (6382, '.', 2331, 270692.53, 4168997.67, 605.30);
insert into STATION values (6383, '.', 2331, 270694.16, 4168994.63, 619.12);
insert into STATION values (6384, '.', 2331, 270694.56, 4168995.50, 603.67);
insert into STATION values (6385, '12', 2331, 270713.01, 4169005.11, 588.54);
insert into STATION values (6386, '.', 2331, 270713.43, 4169006.79, 588.71);
insert into STATION values (6387, '.', 2331, 270712.64, 4169002.62, 588.83);
insert into STATION values (6388, '.', 2331, 270713.72, 4169004.39, 587.65);
insert into STATION values (6389, '.', 2331, 270713.45, 4169001.21, 603.71);
insert into STATION values (6390, '13', 2331, 270725.62, 4168997.98, 596.16);
insert into STATION values (6391, '.', 2331, 270727.61, 4169000.89, 596.08);
insert into STATION values (6392, '.', 2331, 270722.61, 4168993.30, 600.19);
insert into STATION values (6393, '.', 2331, 270724.66, 4168995.75, 597.60);
insert into STATION values (6394, '.', 2331, 270726.19, 4168995.46, 604.75);
insert into STATION values (6395, '.', 2331, 270726.11, 4168998.02, 594.83);
insert into STATION values (6396, '.', 2331, 270719.38, 4169004.52, 589.42);
insert into STATION values (6397, '.', 2331, 270719.16, 4169004.25, 594.20);
insert into STATION values (6398, '.', 2331, 270715.01, 4168997.45, 597.68);
insert into STATION values (6399, '14', 2331, 270746.59, 4169001.82, 599.08);
insert into STATION values (6400, '.', 2331, 270746.58, 4169003.33, 600.37);
insert into STATION values (6401, '.', 2331, 270749.33, 4168989.52, 599.15);
insert into STATION values (6402, '.', 2331, 270743.01, 4169002.06, 599.58);
insert into STATION values (6403, '.', 2331, 270742.39, 4168999.14, 598.86);
insert into STATION values (6404, '.', 2331, 270748.61, 4169001.53, 597.61);
insert into STATION values (6405, '.', 2331, 270746.72, 4169001.81, 601.06);
insert into STATION values (6406, '15', 2331, 270758.51, 4168995.52, 594.80);
insert into STATION values (6407, '.', 2331, 270769.68, 4168999.93, 598.82);
insert into STATION values (6408, '.', 2331, 270770.83, 4168995.29, 599.02);
insert into STATION values (6409, '.', 2331, 270774.12, 4168988.45, 599.23);
insert into STATION values (6410, '.', 2331, 270761.15, 4169006.66, 597.11);
insert into STATION values (6411, '.', 2331, 270755.22, 4169004.16, 595.63);
insert into STATION values (6412, '.', 2331, 270752.07, 4169000.91, 596.49);
insert into STATION values (6413, '.', 2331, 270746.26, 4168990.88, 600.86);
insert into STATION values (6414, '.', 2331, 270753.10, 4168990.07, 598.48);
insert into STATION values (6415, '.', 2331, 270758.99, 4168996.46, 602.20);
insert into STATION values (6416, '.', 2331, 270760.35, 4168997.53, 592.86);
insert into STATION values (6417, '16', 2331, 270753.39, 4169016.12, 593.73);
insert into STATION values (6418, '.', 2331, 270749.49, 4169016.85, 593.65);
insert into STATION values (6419, '.', 2331, 270761.14, 4169018.35, 597.27);
insert into STATION values (6420, '.', 2331, 270754.13, 4169016.77, 596.68);
insert into STATION values (6421, '.', 2331, 270749.56, 4169022.46, 594.46);
insert into STATION values (6422, '.', 2331, 270745.11, 4169030.66, 595.70);
insert into STATION values (6423, '.', 2331, 270761.04, 4169029.90, 598.49);
insert into STATION values (6424, '.', 2331, 270760.23, 4169009.64, 595.86);
insert into STATION values (6425, '.', 2331, 270754.67, 4169004.80, 595.15);
insert into STATION values (6426, '.', 2331, 270751.77, 4169019.08, 590.26);
insert into STATION values (6427, '17', 2331, 270753.17, 4169042.91, 598.33);
insert into STATION values (6428, '.', 2331, 270754.64, 4169054.32, 597.85);
insert into STATION values (6429, '.', 2331, 270746.55, 4169047.96, 597.42);
insert into STATION values (6430, '.', 2331, 270745.54, 4169040.55, 596.57);
insert into STATION values (6431, '.', 2331, 270764.16, 4169040.40, 599.12);
insert into STATION values (6432, '.', 2331, 270760.85, 4169032.92, 598.20);
insert into STATION values (6433, '.', 2331, 270753.62, 4169042.70, 599.58);
insert into STATION values (6434, '.', 2331, 270752.36, 4169043.08, 596.66);
insert into STATION values (6435, '18', 2331, 270765.42, 4169041.40, 599.17);
insert into STATION values (6436, '.', 2331, 270766.87, 4169039.96, 599.26);
insert into STATION values (6437, '.', 2331, 270771.04, 4169048.76, 599.01);
insert into STATION values (6438, '.', 2331, 270758.35, 4169053.92, 598.79);
insert into STATION values (6439, '.', 2331, 270750.78, 4169042.82, 598.43);
insert into STATION values (6440, '.', 2331, 270765.56, 4169041.80, 601.11);
insert into STATION values (6441, '.', 2331, 270764.39, 4169042.91, 596.06);
insert into STATION values (6442, '19', 2331, 270770.21, 4169049.31, 598.11);
insert into STATION values (6443, '.', 2331, 270771.77, 4169052.92, 597.71);
insert into STATION values (6444, '.', 2331, 270767.70, 4169054.65, 599.98);
insert into STATION values (6445, '.', 2331, 270762.53, 4169052.86, 600.63);
insert into STATION values (6446, '.', 2331, 270774.36, 4169046.93, 597.83);
insert into STATION values (6447, '.', 2331, 270771.32, 4169045.92, 597.64);
insert into STATION values (6448, '.', 2331, 270769.41, 4169045.61, 597.88);
insert into STATION values (6449, '.', 2331, 270770.55, 4169048.81, 599.60);
insert into STATION values (6450, '.', 2331, 270769.89, 4169046.82, 596.11);
insert into STATION values (6451, '20', 2331, 270781.26, 4169045.55, 596.02);
insert into STATION values (6452, '.', 2331, 270781.93, 4169045.39, 596.20);
insert into STATION values (6453, '.', 2331, 270781.87, 4169047.28, 596.22);
insert into STATION values (6454, '.', 2331, 270778.33, 4169048.90, 595.82);
insert into STATION values (6455, '.', 2331, 270778.20, 4169044.81, 595.90);
insert into STATION values (6456, '.', 2331, 270780.67, 4169044.76, 595.94);
insert into STATION values (6457, '.', 2331, 270780.94, 4169046.28, 594.61);
insert into STATION values (6458, '.', 2331, 270781.43, 4169045.93, 597.38);
insert into STATION values (6459, '21', 2331, 270783.30, 4169050.01, 594.95);
insert into STATION values (6460, '.', 2331, 270779.90, 4169051.78, 595.04);
insert into STATION values (6461, '.', 2331, 270787.67, 4169050.85, 595.22);
insert into STATION values (6462, '.', 2331, 270786.77, 4169057.40, 595.66);
insert into STATION values (6463, '.', 2331, 270783.68, 4169059.56, 595.51);
insert into STATION values (6464, '.', 2331, 270783.76, 4169051.69, 595.50);
insert into STATION values (6465, '.', 2331, 270783.65, 4169051.67, 594.16);
insert into STATION values (6466, '22', 2331, 270785.73, 4169058.27, 595.52);
insert into STATION values (6467, '.', 2331, 270787.18, 4169056.74, 596.10);
insert into STATION values (6468, '.', 2331, 270784.62, 4169059.94, 595.99);
insert into STATION values (6469, '.', 2331, 270782.14, 4169058.40, 595.30);
insert into STATION values (6470, '.', 2331, 270785.52, 4169053.42, 595.83);
insert into STATION values (6471, '.', 2331, 270789.37, 4169055.05, 597.54);
insert into STATION values (6472, '.', 2331, 270786.30, 4169058.33, 596.73);
insert into STATION values (6473, '.', 2331, 270785.82, 4169058.53, 595.29);
insert into STATION values (6474, '23', 2331, 270788.00, 4169063.26, 595.54);
insert into STATION values (6475, '.', 2331, 270782.81, 4169064.16, 594.69);
insert into STATION values (6476, '.', 2331, 270792.35, 4169065.99, 596.74);
insert into STATION values (6477, '.', 2331, 270781.58, 4169069.03, 594.08);
insert into STATION values (6478, '.', 2331, 270784.03, 4169069.50, 594.42);
insert into STATION values (6479, '.', 2331, 270787.53, 4169063.89, 596.09);
insert into STATION values (6480, '.', 2331, 270788.51, 4169063.84, 594.97);
insert into STATION values (6481, '24', 2331, 270787.41, 4169066.18, 595.45);
insert into STATION values (6482, '.', 2331, 270782.34, 4169069.03, 593.98);
insert into STATION values (6483, '.', 2331, 270792.29, 4169066.55, 597.74);
insert into STATION values (6484, '.', 2331, 270787.96, 4169066.36, 596.42);
insert into STATION values (6485, '.', 2331, 270787.30, 4169067.79, 594.72);
insert into STATION values (6486, '.', 2331, 270786.86, 4169074.33, 594.39);
insert into STATION values (6487, '.', 2331, 270796.35, 4169073.70, 598.17);
insert into STATION values (6488, '25', 2331, 270793.12, 4169080.00, 595.85);
insert into STATION values (6489, '.', 2331, 270790.32, 4169081.98, 595.03);
insert into STATION values (6490, '.', 2331, 270798.96, 4169079.00, 599.42);
insert into STATION values (6491, '.', 2331, 270795.43, 4169091.92, 595.85);
insert into STATION values (6492, '.', 2331, 270794.28, 4169080.64, 596.82);
insert into STATION values (6493, '.', 2331, 270792.76, 4169081.33, 594.61);
insert into STATION values (6494, '.', 2331, 270788.41, 4169073.73, 596.12);
insert into STATION values (6495, '26', 2331, 270806.94, 4169096.06, 597.55);
insert into STATION values (6496, '.', 2331, 270802.49, 4169100.06, 595.32);
insert into STATION values (6497, '.', 2331, 270814.37, 4169090.73, 598.20);
insert into STATION values (6498, '.', 2331, 270808.11, 4169101.07, 597.09);
insert into STATION values (6499, '.', 2331, 270804.03, 4169096.67, 596.99);
insert into STATION values (6500, '.', 2331, 270806.87, 4169096.59, 598.30);
insert into STATION values (6501, '.', 2331, 270807.05, 4169097.70, 596.75);
insert into STATION values (6502, '27', 2331, 270818.32, 4169115.31, 599.11);
insert into STATION values (6503, '.', 2331, 270813.74, 4169116.35, 598.51);
insert into STATION values (6504, '.', 2331, 270833.36, 4169110.55, 605.42);
insert into STATION values (6505, '.', 2331, 270814.53, 4169129.58, 600.66);
insert into STATION values (6506, '.', 2331, 270813.62, 4169113.48, 598.17);
insert into STATION values (6507, '.', 2331, 270820.74, 4169109.18, 599.70);
insert into STATION values (6508, '.', 2331, 270817.36, 4169115.61, 600.71);
insert into STATION values (6509, '.', 2331, 270816.76, 4169116.50, 598.22);
insert into STATION values (6510, '28', 2331, 270812.83, 4169144.95, 602.63);
insert into STATION values (6511, '.', 2331, 270804.60, 4169183.50, 607.19);
insert into STATION values (6512, '.', 2331, 270806.56, 4169174.57, 606.14);
insert into STATION values (6513, '.', 2331, 270808.74, 4169143.26, 600.77);
insert into STATION values (6514, '.', 2331, 270819.43, 4169149.47, 604.13);
insert into STATION values (6515, '.', 2331, 270813.00, 4169147.61, 602.77);
insert into STATION values (6516, '.', 2331, 270812.56, 4169145.49, 602.63);
insert into STATION values (6517, '.', 2331, 270814.64, 4169154.51, 603.48);
insert into STATION values (6518, '.', 2331, 270811.51, 4169139.37, 601.31);
insert into STATION values (6519, '.', 2331, 270824.40, 4169146.31, 605.60);
insert into STATION values (6520, '.', 2331, 270812.74, 4169145.22, 602.10);
insert into STATION values (6521, '.', 2331, 270812.54, 4169144.97, 602.05);
insert into STATION values (6522, '.', 2331, 270812.79, 4169145.43, 605.37);
insert into STATION values (6523, '29', 2331, 270799.03, 4169162.93, 601.97);
insert into STATION values (6524, '.', 2331, 270793.47, 4169154.79, 600.03);
insert into STATION values (6525, '.', 2331, 270800.90, 4169165.47, 602.15);
insert into STATION values (6526, '.', 2331, 270795.94, 4169172.20, 603.10);
insert into STATION values (6527, '.', 2331, 270783.01, 4169160.87, 601.32);
insert into STATION values (6528, '.', 2331, 270797.89, 4169152.88, 601.29);
insert into STATION values (6529, '.', 2331, 270803.16, 4169161.97, 601.71);
insert into STATION values (6530, '.', 2331, 270798.73, 4169163.47, 604.58);
insert into STATION values (6531, '.', 2331, 270795.47, 4169161.76, 599.86);
insert into STATION values (6532, '30', 2331, 270784.46, 4169175.59, 605.75);
insert into STATION values (6533, '31', 2331, 270762.66, 4168984.32, 596.44);
insert into STATION values (6534, '.', 2331, 270763.19, 4168976.82, 599.16);
insert into STATION values (6535, '.', 2331, 270766.87, 4168978.75, 596.85);
insert into STATION values (6536, '.', 2331, 270777.17, 4168984.56, 597.12);
insert into STATION values (6537, '.', 2331, 270773.42, 4168988.80, 598.14);
insert into STATION values (6538, '.', 2331, 270769.60, 4168997.01, 598.45);
insert into STATION values (6539, '.', 2331, 270765.52, 4168986.34, 602.64);
insert into STATION values (6540, '.', 2331, 270764.57, 4168985.37, 594.87);
insert into STATION values (6541, '32', 2331, 270787.28, 4168973.64, 595.08);
insert into STATION values (6542, '.', 2331, 270779.88, 4168958.88, 596.32);
insert into STATION values (6543, '.', 2331, 270771.83, 4168968.72, 594.88);
insert into STATION values (6544, '.', 2331, 270790.54, 4168947.63, 594.71);
insert into STATION values (6545, '.', 2331, 270812.51, 4168976.98, 598.38);
insert into STATION values (6546, '.', 2331, 270795.41, 4168982.91, 597.59);
insert into STATION values (6547, '.', 2331, 270782.78, 4168982.54, 598.38);
insert into STATION values (6548, '.', 2331, 270787.52, 4168973.86, 594.52);
insert into STATION values (6549, '.', 2331, 270788.72, 4168973.58, 600.43);
insert into STATION values (6550, '33', 2331, 270810.29, 4168960.00, 597.99);
insert into STATION values (6551, '.', 2331, 270827.62, 4168956.11, 599.23);
insert into STATION values (6552, '.', 2331, 270821.54, 4168966.70, 600.22);
insert into STATION values (6553, '.', 2331, 270814.82, 4168974.68, 600.39);
insert into STATION values (6554, '.', 2331, 270806.47, 4168930.77, 595.56);
insert into STATION values (6555, '.', 2331, 270789.12, 4168940.09, 595.44);
insert into STATION values (6556, '.', 2331, 270784.42, 4168955.19, 596.01);
insert into STATION values (6557, '.', 2331, 270810.11, 4168958.82, 601.47);
insert into STATION values (6558, '.', 2331, 270811.73, 4168958.33, 596.56);
insert into STATION values (6559, '34', 2331, 270817.70, 4168938.91, 597.40);
insert into STATION values (6560, '.', 2331, 270810.25, 4168936.43, 596.26);
insert into STATION values (6561, '.', 2331, 270828.12, 4168938.83, 597.95);
insert into STATION values (6562, '.', 2331, 270826.80, 4168957.22, 599.73);
insert into STATION values (6563, '.', 2331, 270788.51, 4168944.46, 595.37);
insert into STATION values (6564, '.', 2331, 270816.69, 4168938.25, 599.58);
insert into STATION values (6565, '.', 2331, 270817.67, 4168937.23, 595.85);
insert into STATION values (6566, '35', 2331, 270826.15, 4168911.53, 593.17);
insert into STATION values (6567, '.', 2331, 270809.50, 4168896.88, 586.43);
insert into STATION values (6568, '.', 2331, 270802.60, 4168910.48, 588.41);
insert into STATION values (6569, '.', 2331, 270801.76, 4168921.85, 590.85);
insert into STATION values (6570, '.', 2331, 270836.44, 4168905.33, 593.00);
insert into STATION values (6571, '.', 2331, 270826.57, 4168911.61, 593.20);
insert into STATION values (6572, '.', 2331, 270832.14, 4168930.38, 596.58);
insert into STATION values (6573, '.', 2331, 270825.98, 4168911.54, 594.93);
insert into STATION values (6574, '.', 2331, 270818.63, 4168907.13, 589.47);
insert into STATION values (6575, '36', 2331, 270833.64, 4168895.13, 590.95);
insert into STATION values (6576, '.', 2331, 270846.40, 4168893.50, 589.87);
insert into STATION values (6577, '.', 2331, 270837.51, 4168896.74, 592.07);
insert into STATION values (6578, '.', 2331, 270805.68, 4168910.85, 589.22);
insert into STATION values (6579, '.', 2331, 270810.23, 4168897.94, 587.68);
insert into STATION values (6580, '.', 2331, 270831.84, 4168895.56, 593.17);
insert into STATION values (6581, '.', 2331, 270833.46, 4168895.54, 589.80);
insert into STATION values (6582, '37', 2331, 270838.29, 4168886.61, 587.33);
insert into STATION values (6583, '.', 2331, 270841.54, 4168885.20, 588.23);
insert into STATION values (6584, '.', 2331, 270834.81, 4168885.85, 586.54);
insert into STATION values (6585, '.', 2331, 270831.31, 4168885.32, 586.16);
insert into STATION values (6586, '.', 2331, 270838.32, 4168886.42, 588.42);
insert into STATION values (6587, '.', 2331, 270838.22, 4168886.06, 586.30);
insert into STATION values (6588, '38', 2331, 270836.84, 4168882.06, 585.27);
insert into STATION values (6589, '.', 2331, 270835.79, 4168879.50, 584.86);
insert into STATION values (6590, '.', 2331, 270842.17, 4168883.98, 586.79);
insert into STATION values (6591, '.', 2331, 270840.19, 4168885.07, 586.71);
insert into STATION values (6592, '.', 2331, 270842.47, 4168876.80, 586.00);
insert into STATION values (6593, '.', 2331, 270832.72, 4168879.59, 584.32);
insert into STATION values (6594, '.', 2331, 270836.77, 4168881.75, 586.15);
insert into STATION values (6595, '.', 2331, 270836.98, 4168881.52, 584.90);
insert into STATION values (6596, '39', 2331, 270850.70, 4168876.36, 586.79);
insert into STATION values (6597, '.', 2331, 270845.64, 4168867.92, 586.22);
insert into STATION values (6598, '.', 2331, 270846.82, 4168874.58, 586.24);
insert into STATION values (6599, '.', 2331, 270851.03, 4168876.76, 586.71);
insert into STATION values (6600, '.', 2331, 270850.47, 4168874.75, 587.67);
insert into STATION values (6601, '.', 2331, 270850.43, 4168875.91, 586.32);
insert into STATION values (6602, '40', 2331, 270863.50, 4168859.23, 589.42);
insert into STATION values (6603, '.', 2331, 270862.13, 4168856.70, 588.14);
insert into STATION values (6604, '.', 2331, 270866.86, 4168863.92, 587.75);
insert into STATION values (6605, '.', 2331, 270875.21, 4168860.33, 587.17);
insert into STATION values (6606, '.', 2331, 270868.61, 4168852.24, 586.47);
insert into STATION values (6607, '.', 2331, 270854.89, 4168859.30, 587.16);
insert into STATION values (6608, '.', 2331, 270859.23, 4168866.10, 587.62);
insert into STATION values (6609, '.', 2331, 270862.98, 4168860.07, 590.60);
insert into STATION values (6610, '.', 2331, 270863.22, 4168859.29, 587.16);
insert into STATION values (6611, '41', 2331, 270878.26, 4168851.49, 584.16);
insert into STATION values (6612, '.', 2331, 270878.65, 4168852.14, 584.38);
insert into STATION values (6613, '.', 2331, 270878.11, 4168848.98, 583.94);
insert into STATION values (6614, '.', 2331, 270878.20, 4168850.94, 584.46);
insert into STATION values (6615, '.', 2331, 270878.32, 4168851.42, 584.87);
insert into STATION values (6616, '.', 2331, 270878.39, 4168851.69, 584.03);
insert into STATION values (6617, '42', 2331, 270888.99, 4168845.95, 584.41);
insert into STATION values (6618, '.', 2331, 270888.15, 4168844.60, 584.22);
insert into STATION values (6619, '.', 2331, 270889.75, 4168842.61, 583.51);
insert into STATION values (6620, '.', 2331, 270892.55, 4168843.03, 583.58);
insert into STATION values (6621, '.', 2331, 270889.09, 4168846.53, 584.55);
insert into STATION values (6622, '.', 2331, 270887.35, 4168848.06, 584.90);
insert into STATION values (6623, '.', 2331, 270888.85, 4168845.39, 585.17);
insert into STATION values (6624, '.', 2331, 270888.82, 4168845.05, 583.45);
insert into STATION values (6625, '43', 2331, 270895.13, 4168836.55, 582.05);
insert into STATION values (6626, '.', 2331, 270898.54, 4168838.73, 584.23);
insert into STATION values (6627, '.', 2331, 270894.42, 4168835.34, 581.93);
insert into STATION values (6628, '.', 2331, 270895.20, 4168839.67, 583.59);
insert into STATION values (6629, '.', 2331, 270895.29, 4168836.08, 583.80);
insert into STATION values (6630, '.', 2331, 270894.67, 4168834.91, 581.26);
insert into STATION values (6631, '44', 2331, 270897.56, 4168830.51, 581.08);
insert into STATION values (6632, '.', 2331, 270897.21, 4168830.19, 581.03);
insert into STATION values (6633, '.', 2331, 270897.94, 4168830.89, 581.10);
insert into STATION values (6634, '.', 2331, 270897.52, 4168830.57, 581.38);
insert into STATION values (6635, '.', 2331, 270897.56, 4168830.55, 580.73);
insert into STATION values (6636, '0', 2341, 263663.09, 4174350.33, 419.48);
insert into STATION values (6637, '.', 2341, 263663.39, 4174350.86, 420.75);
insert into STATION values (6638, '.', 2341, 263663.90, 4174350.68, 420.20);
insert into STATION values (6639, '.', 2341, 263664.55, 4174350.27, 420.55);
insert into STATION values (6640, '.', 2341, 263663.16, 4174350.12, 419.62);
insert into STATION values (6641, '.', 2341, 263663.72, 4174348.81, 417.90);
insert into STATION values (6642, '.', 2341, 263663.09, 4174349.47, 418.84);
insert into STATION values (6643, '.', 2341, 263662.61, 4174351.25, 421.31);
insert into STATION values (6644, '.', 2341, 263662.17, 4174349.77, 419.42);
insert into STATION values (6645, '.', 2341, 263662.21, 4174350.61, 420.63);
insert into STATION values (6646, '.', 2341, 263662.19, 4174350.98, 420.13);
insert into STATION values (6647, '.', 2341, 263665.01, 4174349.70, 419.72);
insert into STATION values (6648, '1', 2341, 263665.03, 4174349.74, 419.75);
insert into STATION values (6649, '2', 2341, 263662.08, 4174349.68, 418.89);
insert into STATION values (6650, '.', 2341, 263661.85, 4174349.84, 417.82);
insert into STATION values (6651, '.', 2341, 263661.79, 4174349.57, 418.40);
insert into STATION values (6652, '.', 2341, 263661.91, 4174350.20, 418.23);
insert into STATION values (6653, '.', 2341, 263662.71, 4174350.71, 419.79);
insert into STATION values (6654, '.', 2341, 263660.85, 4174350.60, 418.54);
insert into STATION values (6655, '.', 2341, 263660.72, 4174350.30, 418.63);
insert into STATION values (6656, '3', 2341, 263661.09, 4174351.03, 419.09);
insert into STATION values (6657, '.', 2341, 263661.29, 4174351.06, 419.09);
insert into STATION values (6658, '.', 2341, 263661.21, 4174350.96, 419.44);
insert into STATION values (6659, '.', 2341, 263660.90, 4174350.93, 419.22);
insert into STATION values (6660, '.', 2341, 263661.00, 4174351.04, 418.78);
insert into STATION values (6661, '4', 2341, 263661.03, 4174352.20, 420.00);
insert into STATION_FLAG values(6661, 'ent');
insert into STATION_FLAG values(6661, 'fix');
insert into STATION values (6662, '0', 2363, 263644.40, 4174357.12, 419.00);
insert into STATION_FLAG values(6662, 'ent');
insert into STATION_FLAG values(6662, 'fix');
insert into STATION values (6663, '.', 2363, 263643.98, 4174358.19, 418.91);
insert into STATION values (6664, '.', 2363, 263644.15, 4174357.48, 418.46);
insert into STATION values (6665, '.', 2363, 263644.05, 4174357.56, 419.34);
insert into STATION values (6666, '.', 2363, 263643.11, 4174357.51, 418.55);
insert into STATION values (6667, '.', 2363, 263642.19, 4174356.96, 418.43);
insert into STATION values (6668, '.', 2363, 263640.83, 4174357.31, 418.69);
insert into STATION values (6669, '.', 2363, 263642.14, 4174358.25, 418.81);
insert into STATION values (6670, '.', 2363, 263642.27, 4174356.24, 418.68);
insert into STATION values (6671, '1', 2363, 263641.94, 4174357.02, 418.45);
insert into STATION values (6672, '.', 2363, 263642.01, 4174355.40, 418.55);
insert into STATION values (6673, '.', 2363, 263641.12, 4174355.79, 418.49);
insert into STATION values (6674, '.', 2363, 263640.85, 4174356.79, 418.28);
insert into STATION values (6675, '.', 2363, 263640.81, 4174356.14, 417.34);
insert into STATION values (6676, '.', 2363, 263640.22, 4174355.69, 417.57);
insert into STATION values (6677, '.', 2363, 263640.68, 4174356.55, 417.80);
insert into STATION values (6678, '.', 2363, 263640.92, 4174357.97, 418.57);
insert into STATION values (6679, '.', 2363, 263641.94, 4174358.23, 418.82);
insert into STATION values (6680, '.', 2363, 263641.92, 4174357.08, 418.82);
insert into STATION values (6681, '2', 2363, 263639.38, 4174355.38, 417.49);
insert into STATION values (6682, '0', 2386, 263634.51, 4174335.78, 417.50);
insert into STATION values (6683, '.', 2386, 263635.22, 4174335.48, 417.45);
insert into STATION values (6684, '.', 2386, 263635.45, 4174336.34, 417.53);
insert into STATION values (6685, '.', 2386, 263635.66, 4174336.84, 417.39);
insert into STATION values (6686, '.', 2386, 263634.81, 4174335.08, 417.51);
insert into STATION values (6687, '.', 2386, 263634.57, 4174334.31, 417.26);
insert into STATION values (6688, '.', 2386, 263634.53, 4174334.98, 416.87);
insert into STATION values (6689, '.', 2386, 263634.75, 4174335.86, 417.18);
insert into STATION values (6690, '.', 2386, 263634.27, 4174335.78, 419.02);
insert into STATION values (6691, '1', 2386, 263634.35, 4174333.17, 416.89);
insert into STATION values (6692, '2', 2386, 263634.05, 4174335.97, 417.54);
insert into STATION values (6693, '.', 2386, 263634.01, 4174335.89, 418.49);
insert into STATION values (6694, '.', 2386, 263634.37, 4174335.22, 419.17);
insert into STATION values (6695, '.', 2386, 263633.83, 4174335.54, 417.82);
insert into STATION values (6696, '.', 2386, 263635.72, 4174337.06, 418.35);
insert into STATION values (6697, '.', 2386, 263634.83, 4174336.83, 418.33);
insert into STATION values (6698, '.', 2386, 263634.11, 4174335.83, 417.29);
insert into STATION values (6699, '.', 2386, 263633.59, 4174336.49, 417.54);
insert into STATION values (6700, '.', 2386, 263633.99, 4174336.97, 417.85);
insert into STATION values (6701, '.', 2386, 263633.23, 4174335.95, 417.12);
insert into STATION values (6702, '.', 2386, 263633.08, 4174335.88, 416.41);
insert into STATION values (6703, '.', 2386, 263633.37, 4174336.27, 417.48);
insert into STATION values (6704, '3', 2386, 263631.48, 4174336.52, 417.17);
insert into STATION values (6705, '.', 2386, 263630.66, 4174338.91, 416.67);
insert into STATION values (6706, '.', 2386, 263630.30, 4174338.61, 416.72);
insert into STATION values (6707, '.', 2386, 263631.97, 4174338.48, 417.07);
insert into STATION values (6708, '.', 2386, 263632.78, 4174338.29, 417.18);
insert into STATION values (6709, '.', 2386, 263633.35, 4174337.15, 417.32);
insert into STATION values (6710, '.', 2386, 263633.04, 4174335.80, 417.58);
insert into STATION values (6711, '.', 2386, 263629.84, 4174336.14, 416.88);
insert into STATION values (6712, '.', 2386, 263629.81, 4174336.60, 416.06);
insert into STATION values (6713, '.', 2386, 263631.57, 4174336.77, 416.72);
insert into STATION values (6714, '.', 2386, 263632.02, 4174333.66, 417.99);
insert into STATION values (6715, '.', 2386, 263632.04, 4174334.98, 417.87);
insert into STATION values (6716, '.', 2386, 263632.29, 4174335.52, 417.34);
insert into STATION values (6717, '4', 2386, 263627.18, 4174337.65, 416.27);
insert into STATION values (6718, '5', 2386, 263631.80, 4174334.73, 417.64);
insert into STATION values (6719, '.', 2386, 263631.58, 4174335.06, 417.67);
insert into STATION values (6720, '.', 2386, 263630.70, 4174333.91, 419.07);
insert into STATION values (6721, '.', 2386, 263628.27, 4174334.90, 417.74);
insert into STATION values (6722, '.', 2386, 263631.45, 4174333.93, 417.53);
insert into STATION values (6723, '.', 2386, 263632.25, 4174333.37, 417.90);
insert into STATION values (6724, '.', 2386, 263634.25, 4174334.02, 418.35);
insert into STATION values (6725, '.', 2386, 263631.80, 4174334.73, 417.23);
insert into STATION values (6726, '6', 2386, 263629.76, 4174333.27, 415.88);
insert into STATION values (6727, '7', 2386, 263633.95, 4174339.32, 417.12);
insert into STATION values (6728, '.', 2386, 263634.15, 4174339.48, 415.25);
insert into STATION values (6729, '.', 2386, 263633.03, 4174339.48, 416.70);
insert into STATION values (6730, '.', 2386, 263634.21, 4174338.89, 417.32);
insert into STATION values (6731, '.', 2386, 263633.39, 4174338.86, 417.15);
insert into STATION values (6732, '.', 2386, 263633.71, 4174338.63, 417.18);
insert into STATION values (6733, '.', 2386, 263633.17, 4174337.98, 415.88);
insert into STATION values (6734, '.', 2386, 263633.16, 4174338.13, 416.68);
insert into STATION values (6735, '.', 2386, 263637.37, 4174339.68, 419.82);
insert into STATION values (6736, '.', 2386, 263634.74, 4174340.90, 419.69);
insert into STATION values (6737, '.', 2386, 263633.01, 4174340.82, 419.24);
insert into STATION values (6738, '.', 2386, 263633.12, 4174339.72, 417.84);
insert into STATION values (6739, '.', 2386, 263634.06, 4174340.14, 417.45);
insert into STATION values (6740, '8', 2386, 263634.19, 4174340.22, 417.87);
insert into STATION values (6741, '.', 2386, 263634.92, 4174340.18, 418.02);
insert into STATION values (6742, '.', 2386, 263636.09, 4174338.98, 418.04);
insert into STATION values (6743, '.', 2386, 263636.08, 4174343.09, 418.35);
insert into STATION values (6744, '.', 2386, 263634.55, 4174344.10, 418.27);
insert into STATION values (6745, '.', 2386, 263632.83, 4174342.61, 418.44);
insert into STATION values (6746, '.', 2386, 263631.91, 4174341.93, 419.13);
insert into STATION values (6747, '.', 2386, 263634.11, 4174340.53, 419.46);
insert into STATION values (6748, '.', 2386, 263635.06, 4174339.93, 420.48);
insert into STATION values (6749, '.', 2386, 263633.41, 4174339.29, 417.98);
insert into STATION values (6750, '.', 2386, 263631.21, 4174340.74, 417.05);
insert into STATION values (6751, '.', 2386, 263632.68, 4174340.32, 418.10);
insert into STATION values (6752, '.', 2386, 263629.91, 4174340.45, 416.21);
insert into STATION values (6753, '9', 2386, 263628.19, 4174340.59, 414.81);
insert into STATION values (6754, '10', 2386, 263634.31, 4174341.70, 417.94);
insert into STATION values (6755, '.', 2386, 263637.20, 4174339.63, 419.37);
insert into STATION values (6756, '.', 2386, 263635.90, 4174341.87, 419.87);
insert into STATION values (6757, '.', 2386, 263635.09, 4174344.56, 417.97);
insert into STATION values (6758, '.', 2386, 263632.90, 4174342.86, 418.28);
insert into STATION values (6759, '.', 2386, 263632.97, 4174343.49, 416.12);
insert into STATION values (6760, '.', 2386, 263634.12, 4174342.29, 417.07);
insert into STATION values (6761, '11', 2386, 263635.36, 4174342.13, 418.36);
insert into STATION values (6762, '.', 2386, 263636.79, 4174342.94, 416.37);
insert into STATION values (6763, '.', 2386, 263635.94, 4174343.06, 416.28);
insert into STATION values (6764, '.', 2386, 263636.87, 4174342.73, 414.82);
insert into STATION values (6765, '.', 2386, 263636.91, 4174344.38, 414.81);
insert into STATION values (6766, '.', 2386, 263633.82, 4174343.42, 416.41);
insert into STATION values (6767, '12', 2386, 263636.82, 4174343.29, 415.07);
insert into STATION values (6768, '.', 2386, 263637.30, 4174343.62, 415.26);
insert into STATION values (6769, '.', 2386, 263636.93, 4174343.63, 414.82);
insert into STATION values (6770, '.', 2386, 263636.10, 4174344.85, 414.75);
insert into STATION values (6771, '.', 2386, 263634.72, 4174347.40, 414.81);
insert into STATION values (6772, '.', 2386, 263635.85, 4174344.51, 415.48);
insert into STATION values (6773, '.', 2386, 263636.49, 4174343.86, 416.21);
insert into STATION values (6774, '.', 2386, 263636.98, 4174341.91, 415.45);
insert into STATION values (6775, '.', 2386, 263636.34, 4174342.10, 415.35);
insert into STATION values (6776, '13', 2386, 263635.25, 4174346.92, 414.95);
insert into STATION values (6777, '.', 2386, 263634.54, 4174347.92, 414.83);
insert into STATION values (6778, '.', 2386, 263634.21, 4174346.34, 415.24);
insert into STATION values (6779, '.', 2386, 263635.20, 4174346.93, 414.77);
insert into STATION values (6780, '.', 2386, 263635.23, 4174346.88, 415.97);
insert into STATION values (6781, '.', 2386, 263636.43, 4174346.48, 415.75);
insert into STATION values (6782, '.', 2386, 263638.24, 4174348.27, 416.60);
insert into STATION values (6783, '.', 2386, 263636.50, 4174347.65, 416.53);
insert into STATION values (6784, '.', 2386, 263636.30, 4174348.15, 415.69);
insert into STATION values (6785, '.', 2386, 263637.98, 4174349.56, 417.45);
insert into STATION values (6786, '.', 2386, 263637.70, 4174349.27, 417.22);
insert into STATION values (6787, '.', 2386, 263637.97, 4174349.57, 417.46);
insert into STATION values (6788, '14', 2386, 263637.98, 4174349.56, 417.46);
insert into STATION values (6789, '15', 2386, 263633.05, 4174343.54, 416.77);
insert into STATION values (6790, '.', 2386, 263632.99, 4174343.54, 416.32);
insert into STATION values (6791, '.', 2386, 263629.43, 4174339.96, 415.40);
insert into STATION values (6792, '.', 2386, 263631.22, 4174342.94, 416.24);
insert into STATION values (6793, '.', 2386, 263632.76, 4174343.58, 416.84);
insert into STATION values (6794, '.', 2386, 263633.23, 4174344.45, 417.06);
insert into STATION values (6795, '.', 2386, 263632.17, 4174344.44, 417.05);
insert into STATION values (6796, '16', 2386, 263632.32, 4174344.36, 418.51);
insert into STATION values (6797, '.', 2386, 263630.14, 4174343.22, 418.37);
insert into STATION values (6798, '.', 2386, 263630.22, 4174344.67, 418.31);
insert into STATION values (6799, '.', 2386, 263630.81, 4174346.30, 418.29);
insert into STATION values (6800, '.', 2386, 263631.38, 4174345.42, 418.22);
insert into STATION values (6801, '.', 2386, 263631.98, 4174344.46, 417.98);
insert into STATION values (6802, '.', 2386, 263632.68, 4174344.25, 416.99);
insert into STATION values (6803, '.', 2386, 263633.47, 4174344.32, 415.88);
insert into STATION values (6804, '.', 2386, 263632.67, 4174344.40, 418.36);
insert into STATION values (6805, '.', 2386, 263633.02, 4174346.10, 419.75);
insert into STATION values (6806, '.', 2386, 263631.35, 4174345.23, 419.49);
insert into STATION values (6807, '17', 2386, 263630.18, 4174345.84, 418.29);
insert into STATION values (6808, '.', 2386, 263629.99, 4174345.34, 418.28);
insert into STATION values (6809, '.', 2386, 263630.08, 4174345.15, 417.35);
insert into STATION values (6810, '.', 2386, 263630.15, 4174345.96, 418.53);
insert into STATION values (6811, '.', 2386, 263630.12, 4174345.84, 418.70);
insert into STATION values (6812, '.', 2386, 263630.31, 4174346.14, 418.34);
insert into STATION values (6813, '18', 2386, 263629.09, 4174346.45, 417.00);
insert into STATION_FLAG values(6813, 'ent');
insert into STATION_FLAG values(6813, 'fix');
insert into STATION values (6814, '0', 2460, 270936.28, 4164242.57, 350.00);
insert into STATION_FLAG values(6814, 'ent');
insert into STATION_FLAG values(6814, 'fix');
insert into STATION values (6815, '1', 2460, 270924.64, 4164238.23, 348.80);
insert into STATION values (6816, '.', 2460, 270916.28, 4164245.29, 349.72);
insert into STATION values (6817, '.', 2460, 270914.45, 4164257.78, 350.00);
insert into STATION values (6818, '.', 2460, 270913.17, 4164273.75, 348.51);
insert into STATION values (6819, '.', 2460, 270927.71, 4164267.55, 348.89);
insert into STATION values (6820, '.', 2460, 270937.66, 4164256.21, 349.38);
insert into STATION values (6821, '.', 2460, 270916.33, 4164243.14, 345.79);
insert into STATION values (6822, '.', 2460, 270916.95, 4164242.59, 338.75);
insert into STATION values (6823, '.', 2460, 270919.73, 4164240.14, 335.96);
insert into STATION values (6824, '.', 2460, 270919.25, 4164238.31, 329.37);
insert into STATION values (6825, '.', 2460, 270924.88, 4164237.79, 335.27);
insert into STATION values (6826, '.', 2460, 270919.57, 4164241.91, 338.20);
insert into STATION values (6827, '.', 2460, 270924.61, 4164241.81, 340.90);
insert into STATION values (6828, '.', 2460, 270915.80, 4164241.16, 333.37);
insert into STATION values (6829, '.', 2460, 270915.11, 4164241.03, 331.74);
insert into STATION values (6830, '.', 2460, 270916.40, 4164240.99, 330.33);
insert into STATION values (6831, '.', 2460, 270912.36, 4164244.77, 331.03);
insert into STATION values (6832, '2', 2460, 270912.09, 4164244.28, 329.93);
insert into STATION values (6833, '.', 2460, 270919.42, 4164236.91, 333.47);
insert into STATION values (6834, '.', 2460, 270919.24, 4164237.44, 332.20);
insert into STATION values (6835, '.', 2460, 270918.93, 4164237.35, 331.43);
insert into STATION values (6836, '00', 2489, 271918.11, 4170888.26, 884.07);
insert into STATION values (6837, 'PTR_FR24_A60_1', 2489, 271921.29, 4170897.17, 885.00);
insert into STATION_FLAG values(6837, 'ent');
insert into STATION_FLAG values(6837, 'fix');
insert into STATION values (6838, '2', 2489, 271931.76, 4170907.48, 883.20);
insert into STATION values (6839, '.', 2489, 271946.47, 4170894.58, 883.98);
insert into STATION values (6840, '.', 2489, 271940.94, 4170906.24, 883.71);
insert into STATION values (6841, '.', 2489, 271936.62, 4170911.90, 882.92);
insert into STATION values (6842, '.', 2489, 271918.54, 4170903.17, 883.92);
insert into STATION values (6843, '.', 2489, 271917.02, 4170909.45, 883.69);
insert into STATION values (6844, '.', 2489, 271917.43, 4170915.76, 883.34);
insert into STATION values (6845, '.', 2489, 271922.17, 4170920.89, 883.02);
insert into STATION values (6846, '.', 2489, 271927.90, 4170920.63, 882.53);
insert into STATION values (6847, '.', 2489, 271932.89, 4170914.91, 882.31);
insert into STATION values (6848, '.', 2489, 271931.48, 4170907.59, 882.15);
insert into STATION values (6849, '.', 2489, 271931.66, 4170907.37, 885.38);
insert into STATION values (6850, '.', 2489, 271932.44, 4170906.51, 885.17);
insert into STATION values (6851, '3', 2489, 271958.22, 4170907.82, 876.16);
insert into STATION values (6852, '.', 2489, 271958.96, 4170909.30, 876.24);
insert into STATION values (6853, '.', 2489, 271954.31, 4170912.74, 876.46);
insert into STATION values (6854, '.', 2489, 271964.08, 4170906.59, 876.32);
insert into STATION values (6855, '.', 2489, 271953.52, 4170870.38, 878.27);
insert into STATION values (6856, '.', 2489, 271954.11, 4170903.79, 877.50);
insert into STATION values (6857, '.', 2489, 271943.89, 4170904.13, 880.04);
insert into STATION values (6858, '.', 2489, 271939.97, 4170907.84, 880.27);
insert into STATION values (6859, '.', 2489, 271958.22, 4170907.79, 875.79);
insert into STATION values (6860, '.', 2489, 271958.13, 4170907.67, 877.92);
insert into STATION values (6861, 'PTR_FR24_A61_4', 2489, 271962.41, 4170903.24, 876.41);
insert into STATION values (6862, '.', 2489, 271964.32, 4170906.25, 876.50);
insert into STATION values (6863, '.', 2489, 271967.89, 4170900.67, 876.50);
insert into STATION values (6864, '.', 2489, 271969.00, 4170889.21, 877.19);
insert into STATION values (6865, '.', 2489, 271946.13, 4170889.11, 880.60);
insert into STATION values (6866, '.', 2489, 271943.28, 4170894.09, 880.61);
insert into STATION values (6867, '.', 2489, 271962.37, 4170903.15, 875.82);
insert into STATION values (6868, '.', 2489, 271962.29, 4170903.01, 878.39);
insert into STATION values (6869, '5', 2489, 271964.32, 4170879.72, 876.16);
insert into STATION values (6870, '.', 2489, 271971.89, 4170870.84, 876.40);
insert into STATION values (6871, '.', 2489, 271972.47, 4170878.82, 876.03);
insert into STATION values (6872, '.', 2489, 271971.84, 4170888.17, 876.38);
insert into STATION values (6873, '.', 2489, 271945.93, 4170893.15, 881.46);
insert into STATION values (6874, '.', 2489, 271944.38, 4170877.71, 881.45);
insert into STATION values (6875, '.', 2489, 271954.68, 4170871.23, 877.15);
insert into STATION values (6876, '.', 2489, 271962.09, 4170865.84, 876.62);
insert into STATION values (6877, '.', 2489, 271964.33, 4170879.64, 875.80);
insert into STATION values (6878, '.', 2489, 271964.03, 4170879.70, 878.48);
insert into STATION values (6879, '6', 2489, 271970.33, 4170861.19, 876.60);
insert into STATION values (6880, '.', 2489, 271969.38, 4170855.67, 876.92);
insert into STATION values (6881, '.', 2489, 271973.23, 4170858.02, 876.95);
insert into STATION values (6882, '.', 2489, 271973.96, 4170862.20, 876.76);
insert into STATION values (6883, '.', 2489, 271972.35, 4170868.10, 876.86);
insert into STATION values (6884, '.', 2489, 271965.82, 4170865.72, 877.57);
insert into STATION values (6885, '.', 2489, 271964.41, 4170861.25, 877.43);
insert into STATION values (6886, '.', 2489, 271970.33, 4170861.13, 876.14);
insert into STATION values (6887, '.', 2489, 271970.04, 4170860.87, 878.93);
insert into STATION values (6888, '7', 2489, 271956.95, 4170856.98, 877.31);
insert into STATION values (6889, '.', 2489, 271955.61, 4170854.68, 877.04);
insert into STATION values (6890, '.', 2489, 271958.08, 4170854.58, 877.19);
insert into STATION values (6891, '.', 2489, 271961.66, 4170853.98, 877.23);
insert into STATION values (6892, '.', 2489, 271956.72, 4170857.39, 877.33);
insert into STATION values (6893, '.', 2489, 271958.29, 4170858.01, 877.37);
insert into STATION values (6894, '.', 2489, 271956.92, 4170857.07, 875.84);
insert into STATION values (6895, '.', 2489, 271957.05, 4170857.29, 879.03);
insert into STATION values (6896, '8', 2489, 271974.63, 4170853.75, 876.56);
insert into STATION values (6897, '.', 2489, 271977.27, 4170853.39, 876.78);
insert into STATION values (6898, '.', 2489, 271975.79, 4170854.73, 876.51);
insert into STATION values (6899, '.', 2489, 271973.66, 4170856.50, 876.52);
insert into STATION values (6900, '.', 2489, 271972.39, 4170854.09, 876.56);
insert into STATION values (6901, '.', 2489, 271974.61, 4170853.75, 876.18);
insert into STATION values (6902, '.', 2489, 271974.97, 4170853.58, 878.86);
insert into STATION values (6903, '9', 2489, 271977.36, 4170903.46, 876.07);
insert into STATION values (6904, '.', 2489, 271977.16, 4170902.63, 876.10);
insert into STATION values (6905, '.', 2489, 271978.71, 4170902.04, 876.22);
insert into STATION values (6906, '.', 2489, 271977.51, 4170903.71, 876.07);
insert into STATION values (6907, '.', 2489, 271977.26, 4170903.51, 875.79);
insert into STATION values (6908, '.', 2489, 271977.88, 4170903.34, 880.68);
insert into STATION values (6909, '10', 2489, 271982.13, 4170903.01, 876.35);
insert into STATION values (6910, '.', 2489, 271983.14, 4170903.96, 876.27);
insert into STATION values (6911, '.', 2489, 271981.83, 4170904.04, 876.69);
insert into STATION values (6912, '.', 2489, 271980.45, 4170904.54, 876.80);
insert into STATION values (6913, '.', 2489, 271981.05, 4170901.76, 876.27);
insert into STATION values (6914, '.', 2489, 271979.62, 4170901.68, 876.45);
insert into STATION values (6915, '.', 2489, 271981.78, 4170891.58, 876.33);
insert into STATION values (6916, '.', 2489, 271986.19, 4170894.65, 876.24);
insert into STATION values (6917, '.', 2489, 271984.10, 4170906.52, 876.36);
insert into STATION values (6918, '.', 2489, 271979.90, 4170911.83, 876.29);
insert into STATION values (6919, '.', 2489, 271978.56, 4170908.72, 876.37);
insert into STATION values (6920, '.', 2489, 271982.10, 4170903.02, 875.81);
insert into STATION values (6921, '.', 2489, 271982.67, 4170902.54, 879.92);
insert into STATION values (6922, '.', 2489, 271982.31, 4170903.81, 875.88);
insert into STATION values (6923, '.', 2489, 271982.24, 4170903.67, 877.16);
insert into STATION values (6924, '.', 2489, 271982.24, 4170903.20, 878.17);
insert into STATION values (6925, '.', 2489, 271981.86, 4170902.75, 879.81);
insert into STATION values (6926, '.', 2489, 271982.22, 4170902.91, 877.16);
insert into STATION values (6927, '11', 2489, 271989.29, 4170903.02, 875.92);
insert into STATION values (6928, '.', 2489, 271989.34, 4170903.73, 875.99);
insert into STATION values (6929, '.', 2489, 271988.30, 4170903.45, 875.95);
insert into STATION values (6930, '.', 2489, 271992.49, 4170904.42, 876.31);
insert into STATION values (6931, '.', 2489, 271995.09, 4170899.36, 876.19);
insert into STATION values (6932, '.', 2489, 271991.35, 4170899.40, 876.13);
insert into STATION values (6933, '.', 2489, 271987.83, 4170899.55, 876.22);
insert into STATION values (6934, '.', 2489, 271987.01, 4170901.48, 876.20);
insert into STATION values (6935, '.', 2489, 271989.32, 4170902.97, 875.11);
insert into STATION values (6936, '.', 2489, 271989.36, 4170902.93, 876.48);
insert into STATION values (6937, '12', 2489, 272002.43, 4170891.09, 875.89);
insert into STATION values (6938, '.', 2489, 272003.55, 4170892.28, 876.02);
insert into STATION values (6939, '.', 2489, 272001.92, 4170893.28, 875.92);
insert into STATION values (6940, '.', 2489, 272003.46, 4170889.55, 876.21);
insert into STATION values (6941, '.', 2489, 272001.49, 4170889.72, 876.35);
insert into STATION values (6942, '.', 2489, 272000.66, 4170890.82, 876.28);
insert into STATION values (6943, '.', 2489, 271999.57, 4170892.14, 876.24);
insert into STATION values (6944, '.', 2489, 272002.47, 4170891.02, 875.17);
insert into STATION values (6945, '.', 2489, 272002.35, 4170891.09, 876.82);
insert into STATION values (6946, '.', 2489, 272006.68, 4170889.38, 875.41);
insert into STATION values (6947, '.', 2489, 272004.79, 4170891.57, 875.58);
insert into STATION values (6948, '.', 2489, 271998.82, 4170886.65, 875.99);
insert into STATION values (6949, '.', 2489, 271998.50, 4170890.72, 875.87);
insert into STATION values (6950, '13', 2489, 272005.30, 4170874.40, 877.14);
insert into STATION values (6951, '.', 2489, 272010.67, 4170874.54, 876.86);
insert into STATION values (6952, '.', 2489, 272012.63, 4170879.60, 876.21);
insert into STATION values (6953, '.', 2489, 272008.19, 4170882.22, 876.13);
insert into STATION values (6954, '.', 2489, 272002.68, 4170871.15, 876.34);
insert into STATION values (6955, '.', 2489, 272000.60, 4170873.39, 876.70);
insert into STATION values (6956, '.', 2489, 271999.79, 4170878.01, 876.68);
insert into STATION values (6957, '.', 2489, 272001.54, 4170879.63, 876.47);
insert into STATION values (6958, '.', 2489, 272005.24, 4170874.42, 876.11);
insert into STATION values (6959, '.', 2489, 272005.13, 4170874.42, 878.47);
insert into STATION values (6960, '.', 2489, 272006.09, 4170873.53, 877.06);
insert into STATION values (6961, '14', 2489, 272015.71, 4170862.93, 876.14);
insert into STATION values (6962, '.', 2489, 272021.59, 4170864.61, 876.60);
insert into STATION values (6963, '.', 2489, 272019.51, 4170868.72, 876.50);
insert into STATION values (6964, '.', 2489, 272016.37, 4170872.93, 876.71);
insert into STATION values (6965, '.', 2489, 272006.96, 4170879.50, 877.54);
insert into STATION values (6966, '.', 2489, 272015.72, 4170862.77, 876.15);
insert into STATION values (6967, '.', 2489, 272011.71, 4170856.75, 876.94);
insert into STATION values (6968, '.', 2489, 272008.95, 4170859.07, 876.84);
insert into STATION values (6969, '.', 2489, 272008.63, 4170862.95, 876.72);
insert into STATION values (6970, '.', 2489, 272003.39, 4170868.88, 876.59);
insert into STATION values (6971, '.', 2489, 272015.71, 4170862.89, 875.88);
insert into STATION values (6972, '.', 2489, 272015.67, 4170862.88, 877.69);
insert into STATION values (6973, '15', 2489, 272020.24, 4170860.04, 876.57);
insert into STATION values (6974, '.', 2489, 272029.94, 4170853.08, 876.55);
insert into STATION values (6975, '.', 2489, 272028.89, 4170858.60, 876.81);
insert into STATION values (6976, '.', 2489, 272023.88, 4170862.32, 876.61);
insert into STATION values (6977, '.', 2489, 272021.39, 4170865.34, 876.80);
insert into STATION values (6978, '.', 2489, 272018.80, 4170869.39, 876.75);
insert into STATION values (6979, '.', 2489, 272018.15, 4170848.35, 876.96);
insert into STATION values (6980, '.', 2489, 272015.13, 4170854.02, 876.86);
insert into STATION values (6981, '.', 2489, 272010.59, 4170856.59, 876.94);
insert into STATION values (6982, '.', 2489, 272007.80, 4170860.72, 876.79);
insert into STATION values (6983, '.', 2489, 272020.23, 4170860.06, 876.25);
insert into STATION values (6984, '.', 2489, 272019.90, 4170860.15, 877.96);
insert into STATION values (6985, '16', 2489, 272025.38, 4170849.97, 876.25);
insert into STATION values (6986, '.', 2489, 272030.54, 4170850.57, 876.52);
insert into STATION values (6987, '.', 2489, 272029.81, 4170852.96, 876.69);
insert into STATION values (6988, '.', 2489, 272029.09, 4170857.08, 876.84);
insert into STATION values (6989, '.', 2489, 272015.34, 4170850.52, 876.96);
insert into STATION values (6990, '.', 2489, 272020.83, 4170847.31, 876.71);
insert into STATION values (6991, '.', 2489, 272021.33, 4170840.85, 876.84);
insert into STATION values (6992, '.', 2489, 272028.97, 4170842.78, 876.86);
insert into STATION values (6993, '.', 2489, 272025.34, 4170850.00, 875.85);
insert into STATION values (6994, '.', 2489, 272025.48, 4170850.00, 878.00);
insert into STATION values (6995, '17', 2489, 272036.87, 4170845.43, 876.36);
insert into STATION values (6996, '.', 2489, 272037.84, 4170844.76, 876.34);
insert into STATION values (6997, '.', 2489, 272037.70, 4170846.48, 876.43);
insert into STATION values (6998, '.', 2489, 272034.79, 4170846.98, 876.59);
insert into STATION values (6999, '.', 2489, 272034.56, 4170844.86, 876.84);
insert into STATION values (7000, '.', 2489, 272035.94, 4170843.77, 876.49);
insert into STATION values (7001, '.', 2489, 272036.45, 4170845.12, 875.85);
insert into STATION values (7002, '.', 2489, 272036.42, 4170845.18, 878.14);
insert into STATION values (7003, '18', 2489, 272036.41, 4170838.97, 876.45);
insert into STATION values (7004, '.', 2489, 272038.79, 4170838.93, 876.35);
insert into STATION values (7005, '.', 2489, 272036.84, 4170839.29, 876.37);
insert into STATION values (7006, '.', 2489, 272034.34, 4170840.82, 876.93);
insert into STATION values (7007, '.', 2489, 272032.09, 4170839.21, 877.56);
insert into STATION values (7008, '.', 2489, 272032.40, 4170836.42, 876.92);
insert into STATION values (7009, '.', 2489, 272035.99, 4170835.11, 876.84);
insert into STATION values (7010, '.', 2489, 272036.34, 4170838.84, 875.84);
insert into STATION values (7011, '.', 2489, 272036.17, 4170838.54, 878.40);
insert into STATION values (7012, '19', 2489, 272041.44, 4170830.72, 876.10);
insert into STATION values (7013, '.', 2489, 272043.25, 4170831.59, 876.54);
insert into STATION values (7014, '.', 2489, 272042.33, 4170832.33, 876.53);
insert into STATION values (7015, '.', 2489, 272041.42, 4170834.20, 876.62);
insert into STATION values (7016, '.', 2489, 272042.39, 4170829.54, 876.36);
insert into STATION values (7017, '.', 2489, 272040.48, 4170828.76, 876.47);
insert into STATION values (7018, '.', 2489, 272037.81, 4170830.11, 876.61);
insert into STATION values (7019, '.', 2489, 272041.34, 4170830.90, 875.37);
insert into STATION values (7020, '.', 2489, 272041.35, 4170830.71, 876.71);
insert into STATION values (7021, '20', 2489, 272051.40, 4170830.38, 876.08);
insert into STATION values (7022, '.', 2489, 272053.01, 4170830.02, 876.54);
insert into STATION values (7023, '.', 2489, 272053.12, 4170830.08, 876.49);
insert into STATION values (7024, '.', 2489, 272050.58, 4170831.73, 876.68);
insert into STATION values (7025, '.', 2489, 272048.65, 4170831.62, 876.61);
insert into STATION values (7026, '.', 2489, 272051.58, 4170828.07, 875.90);
insert into STATION values (7027, '.', 2489, 272049.65, 4170827.98, 876.40);
insert into STATION values (7028, '.', 2489, 272048.04, 4170829.23, 876.51);
insert into STATION values (7029, '.', 2489, 272050.83, 4170829.45, 874.86);
insert into STATION values (7030, '.', 2489, 272051.50, 4170830.15, 876.83);
insert into STATION values (7031, '21', 2489, 272052.85, 4170826.75, 874.93);
insert into STATION values (7032, '.', 2489, 272052.70, 4170826.20, 875.16);
insert into STATION values (7033, '.', 2489, 272051.63, 4170827.30, 875.39);
insert into STATION values (7034, '.', 2489, 272054.80, 4170825.32, 875.05);
insert into STATION values (7035, '.', 2489, 272054.30, 4170826.87, 875.10);
insert into STATION values (7036, '.', 2489, 272053.15, 4170828.23, 875.29);
insert into STATION values (7037, '.', 2489, 272052.89, 4170826.75, 874.10);
insert into STATION values (7038, '.', 2489, 272052.89, 4170826.68, 875.27);
insert into STATION values (7039, '22', 2489, 272056.87, 4170820.48, 874.67);
insert into STATION values (7040, '.', 2489, 272059.39, 4170820.67, 875.09);
insert into STATION values (7041, '.', 2489, 272057.37, 4170821.05, 874.62);
insert into STATION values (7042, '.', 2489, 272056.31, 4170821.79, 874.89);
insert into STATION values (7043, '.', 2489, 272055.78, 4170820.82, 874.90);
insert into STATION values (7044, '.', 2489, 272057.46, 4170820.10, 874.64);
insert into STATION values (7045, '.', 2489, 272057.00, 4170820.51, 874.16);
insert into STATION values (7046, '.', 2489, 272056.92, 4170820.50, 875.04);
insert into STATION values (7047, '.', 2489, 272056.93, 4170820.51, 874.14);
insert into STATION values (7048, '23', 2489, 272061.32, 4170819.94, 875.44);
insert into STATION values (7049, '.', 2489, 272062.46, 4170818.89, 875.43);
insert into STATION values (7050, '.', 2489, 272061.13, 4170819.39, 875.44);
insert into STATION values (7051, '.', 2489, 272060.06, 4170819.27, 875.37);
insert into STATION values (7052, '.', 2489, 272059.37, 4170819.79, 875.29);
insert into STATION values (7053, '.', 2489, 272061.18, 4170820.22, 875.43);
insert into STATION values (7054, '.', 2489, 272061.29, 4170819.94, 874.80);
insert into STATION values (7055, '.', 2489, 272061.36, 4170819.85, 876.37);
insert into STATION values (7056, '24', 2489, 272065.72, 4170817.63, 874.96);
insert into STATION values (7057, '.', 2489, 272068.11, 4170818.00, 875.15);
insert into STATION values (7058, '.', 2489, 272066.40, 4170818.45, 875.06);
insert into STATION values (7059, '.', 2489, 272065.32, 4170818.87, 875.11);
insert into STATION values (7060, '.', 2489, 272064.26, 4170817.87, 874.96);
insert into STATION values (7061, '.', 2489, 272065.45, 4170817.14, 875.11);
insert into STATION values (7062, '.', 2489, 272066.44, 4170817.01, 875.26);
insert into STATION values (7063, '.', 2489, 272068.06, 4170817.05, 875.03);
insert into STATION values (7064, '.', 2489, 272065.52, 4170817.98, 874.59);
insert into STATION values (7065, '.', 2489, 272065.64, 4170817.91, 875.81);
insert into STATION values (7066, '25', 2489, 272069.68, 4170817.01, 875.29);
insert into STATION values (7067, '.', 2489, 272070.06, 4170815.54, 875.32);
insert into STATION values (7068, '.', 2489, 272068.86, 4170815.93, 875.28);
insert into STATION values (7069, '.', 2489, 272068.89, 4170816.67, 875.33);
insert into STATION values (7070, '.', 2489, 272070.07, 4170816.72, 875.26);
insert into STATION values (7071, '.', 2489, 272068.96, 4170817.77, 875.29);
insert into STATION values (7072, '.', 2489, 272069.44, 4170816.83, 874.62);
insert into STATION values (7073, '.', 2489, 272069.59, 4170816.73, 875.81);
insert into STATION values (7074, '26', 2489, 272071.02, 4170815.51, 875.31);
insert into STATION values (7075, '.', 2489, 272072.61, 4170815.82, 875.31);
insert into STATION values (7076, '.', 2489, 272071.41, 4170816.15, 875.41);
insert into STATION values (7077, '.', 2489, 272070.48, 4170816.39, 875.42);
insert into STATION values (7078, '.', 2489, 272071.49, 4170815.24, 875.37);
insert into STATION values (7079, '.', 2489, 272069.96, 4170815.57, 875.36);
insert into STATION values (7080, '.', 2489, 272071.31, 4170815.85, 874.81);
insert into STATION values (7081, '.', 2489, 272070.86, 4170815.82, 876.22);
insert into STATION values (7082, '27', 2489, 272075.05, 4170814.74, 875.56);
insert into STATION values (7083, '.', 2489, 272075.54, 4170813.93, 875.53);
insert into STATION values (7084, '.', 2489, 272074.92, 4170814.13, 875.51);
insert into STATION values (7085, '.', 2489, 272074.48, 4170814.66, 875.54);
insert into STATION values (7086, '.', 2489, 272073.72, 4170815.44, 875.53);
insert into STATION values (7087, '.', 2489, 272074.87, 4170815.09, 875.51);
insert into STATION values (7088, '.', 2489, 272074.65, 4170814.85, 874.79);
insert into STATION values (7089, '.', 2489, 272074.89, 4170814.78, 876.06);
insert into STATION values (7090, '28', 2489, 272078.52, 4170813.27, 874.81);
insert into STATION values (7091, '.', 2489, 272079.49, 4170814.44, 874.87);
insert into STATION values (7092, '.', 2489, 272078.48, 4170814.03, 874.81);
insert into STATION values (7093, '.', 2489, 272077.45, 4170814.16, 874.94);
insert into STATION values (7094, '.', 2489, 272076.38, 4170814.27, 875.04);
insert into STATION values (7095, '.', 2489, 272077.04, 4170813.18, 875.12);
insert into STATION values (7096, '.', 2489, 272078.15, 4170813.10, 874.96);
insert into STATION values (7097, '.', 2489, 272079.77, 4170813.38, 875.01);
insert into STATION values (7098, '.', 2489, 272078.71, 4170813.48, 874.41);
insert into STATION values (7099, '.', 2489, 272078.97, 4170813.99, 875.78);
insert into STATION values (7100, '29', 2489, 272085.30, 4170814.45, 875.85);
insert into STATION values (7101, '.', 2489, 272087.34, 4170813.98, 876.29);
insert into STATION values (7102, '.', 2489, 272087.75, 4170812.62, 876.43);
insert into STATION values (7103, '.', 2489, 272086.13, 4170812.81, 876.22);
insert into STATION values (7104, '.', 2489, 272084.97, 4170813.54, 875.76);
insert into STATION values (7105, '.', 2489, 272083.15, 4170813.24, 875.66);
insert into STATION values (7106, '.', 2489, 272081.94, 4170813.66, 875.57);
insert into STATION values (7107, '.', 2489, 272083.29, 4170815.01, 875.51);
insert into STATION values (7108, '.', 2489, 272084.97, 4170814.88, 875.95);
insert into STATION values (7109, '.', 2489, 272085.64, 4170815.01, 876.18);
insert into STATION values (7110, '.', 2489, 272085.13, 4170814.20, 875.32);
insert into STATION values (7111, '.', 2489, 272085.13, 4170813.94, 877.42);
insert into STATION values (7112, '30', 2489, 272089.85, 4170812.83, 876.67);
insert into STATION values (7113, '.', 2489, 272090.19, 4170811.57, 876.71);
insert into STATION values (7114, '.', 2489, 272089.39, 4170811.95, 876.69);
insert into STATION values (7115, '.', 2489, 272091.70, 4170811.75, 876.53);
insert into STATION values (7116, '.', 2489, 272089.86, 4170813.21, 876.73);
insert into STATION values (7117, '.', 2489, 272089.87, 4170813.18, 876.73);
insert into STATION values (7118, '.', 2489, 272088.57, 4170813.45, 876.97);
insert into STATION values (7119, '.', 2489, 272088.03, 4170812.75, 876.58);
insert into STATION values (7120, '.', 2489, 272089.58, 4170812.71, 876.19);
insert into STATION values (7121, '.', 2489, 272089.82, 4170812.58, 877.90);
insert into STATION values (7122, '31', 2489, 272094.39, 4170807.55, 876.52);
insert into STATION values (7123, '.', 2489, 272098.90, 4170804.88, 876.68);
insert into STATION values (7124, '.', 2489, 272098.35, 4170807.83, 876.50);
insert into STATION values (7125, '.', 2489, 272096.39, 4170809.53, 876.44);
insert into STATION values (7126, '.', 2489, 272093.59, 4170809.80, 876.45);
insert into STATION values (7127, '.', 2489, 272092.02, 4170807.87, 876.87);
insert into STATION values (7128, '.', 2489, 272091.89, 4170805.90, 877.21);
insert into STATION values (7129, '.', 2489, 272092.35, 4170804.34, 877.11);
insert into STATION values (7130, '.', 2489, 272093.63, 4170802.93, 877.11);
insert into STATION values (7131, '.', 2489, 272095.62, 4170801.54, 877.07);
insert into STATION values (7132, '.', 2489, 272096.69, 4170802.20, 877.01);
insert into STATION values (7133, '.', 2489, 272094.00, 4170806.92, 876.14);
insert into STATION values (7134, '.', 2489, 272094.49, 4170807.39, 877.16);
insert into STATION values (7135, '32', 2489, 272100.69, 4170801.82, 876.62);
insert into STATION values (7136, '.', 2489, 272097.31, 4170805.53, 877.18);
insert into STATION values (7137, '.', 2489, 272099.23, 4170804.28, 877.00);
insert into STATION values (7138, '.', 2489, 272101.53, 4170803.50, 877.16);
insert into STATION values (7139, '.', 2489, 272098.90, 4170801.44, 876.66);
insert into STATION values (7140, '.', 2489, 272100.49, 4170801.14, 876.66);
insert into STATION values (7141, '.', 2489, 272102.66, 4170801.42, 876.75);
insert into STATION values (7142, '.', 2489, 272100.93, 4170802.43, 876.16);
insert into STATION values (7143, '.', 2489, 272100.92, 4170803.28, 878.48);
insert into STATION values (7144, '33', 2489, 272113.47, 4170799.47, 876.94);
insert into STATION values (7145, '.', 2489, 272119.13, 4170793.56, 877.12);
insert into STATION values (7146, '.', 2489, 272113.43, 4170796.15, 877.10);
insert into STATION values (7147, '.', 2489, 272110.23, 4170797.69, 877.20);
insert into STATION values (7148, '.', 2489, 272107.91, 4170800.59, 877.22);
insert into STATION values (7149, '.', 2489, 272109.24, 4170803.08, 877.22);
insert into STATION values (7150, '.', 2489, 272113.36, 4170803.78, 877.12);
insert into STATION values (7151, '.', 2489, 272116.64, 4170802.69, 877.27);
insert into STATION values (7152, '.', 2489, 272119.98, 4170802.18, 877.51);
insert into STATION values (7153, '.', 2489, 272121.58, 4170799.89, 877.56);
insert into STATION values (7154, '.', 2489, 272113.62, 4170799.58, 876.70);
insert into STATION values (7155, '.', 2489, 272113.82, 4170798.98, 878.84);
insert into STATION values (7156, '34', 2489, 272127.03, 4170794.36, 877.29);
insert into STATION values (7157, '.', 2489, 272126.98, 4170789.75, 877.28);
insert into STATION values (7158, '.', 2489, 272123.30, 4170790.44, 877.24);
insert into STATION values (7159, '.', 2489, 272128.63, 4170798.64, 877.56);
insert into STATION values (7160, '.', 2489, 272125.11, 4170799.58, 877.32);
insert into STATION values (7161, '.', 2489, 272122.79, 4170800.90, 877.31);
insert into STATION values (7162, '.', 2489, 272116.06, 4170802.70, 877.53);
insert into STATION values (7163, '.', 2489, 272115.90, 4170793.55, 877.12);
insert into STATION values (7164, '.', 2489, 272126.74, 4170794.77, 876.73);
insert into STATION values (7165, '.', 2489, 272126.71, 4170794.33, 880.12);
insert into STATION values (7166, '35', 2489, 272139.73, 4170798.69, 877.64);
insert into STATION values (7167, '.', 2489, 272144.70, 4170808.44, 878.12);
insert into STATION values (7168, '.', 2489, 272139.37, 4170806.70, 877.83);
insert into STATION values (7169, '.', 2489, 272134.92, 4170805.05, 877.73);
insert into STATION values (7170, '.', 2489, 272129.70, 4170803.19, 877.76);
insert into STATION values (7171, '.', 2489, 272128.74, 4170798.65, 877.72);
insert into STATION values (7172, '.', 2489, 272128.71, 4170792.30, 877.95);
insert into STATION values (7173, '.', 2489, 272130.94, 4170790.60, 877.54);
insert into STATION values (7174, '.', 2489, 272137.29, 4170790.79, 877.51);
insert into STATION values (7175, '.', 2489, 272141.15, 4170792.68, 878.02);
insert into STATION values (7176, '.', 2489, 272147.55, 4170794.17, 877.93);
insert into STATION values (7177, '.', 2489, 272150.62, 4170795.87, 877.57);
insert into STATION values (7178, '.', 2489, 272139.70, 4170798.20, 877.34);
insert into STATION values (7179, '.', 2489, 272139.38, 4170796.67, 886.62);
insert into STATION values (7180, '.', 2489, 272166.87, 4170800.09, 878.07);
insert into STATION values (7181, '.', 2489, 272171.57, 4170800.39, 878.03);
insert into STATION values (7182, '.', 2489, 272163.80, 4170799.89, 878.06);
insert into STATION values (7183, '36', 2489, 272166.89, 4170800.10, 878.07);
insert into STATION values (7184, '.', 2489, 272171.48, 4170800.54, 878.34);
insert into STATION values (7185, '.', 2489, 272169.08, 4170805.51, 877.89);
insert into STATION values (7186, '.', 2489, 272164.32, 4170806.18, 878.27);
insert into STATION values (7187, '.', 2489, 272159.80, 4170810.16, 878.80);
insert into STATION values (7188, '.', 2489, 272156.71, 4170809.11, 879.00);
insert into STATION values (7189, '.', 2489, 272155.12, 4170808.97, 878.69);
insert into STATION values (7190, '.', 2489, 272153.54, 4170808.16, 878.59);
insert into STATION values (7191, '.', 2489, 272149.36, 4170797.74, 878.69);
insert into STATION values (7192, '.', 2489, 272153.26, 4170794.99, 878.25);
insert into STATION values (7193, '.', 2489, 272158.33, 4170788.56, 878.10);
insert into STATION values (7194, '.', 2489, 272165.12, 4170792.82, 878.27);
insert into STATION values (7195, '.', 2489, 272166.11, 4170799.36, 877.38);
insert into STATION values (7196, '.', 2489, 272166.58, 4170800.19, 879.17);
insert into STATION values (7197, 'PTR_FR24_B12_37', 2489, 272191.14, 4170794.03, 878.42);
insert into STATION values (7198, '.', 2489, 272194.54, 4170803.61, 880.84);
insert into STATION values (7199, '.', 2489, 272188.13, 4170804.40, 880.32);
insert into STATION values (7200, '.', 2489, 272181.87, 4170804.12, 879.26);
insert into STATION values (7201, '.', 2489, 272177.18, 4170801.19, 879.05);
insert into STATION values (7202, '.', 2489, 272174.15, 4170800.33, 879.15);
insert into STATION values (7203, '.', 2489, 272166.30, 4170791.96, 878.77);
insert into STATION values (7204, '.', 2489, 272168.54, 4170785.83, 878.88);
insert into STATION values (7205, '.', 2489, 272175.15, 4170782.43, 878.97);
insert into STATION values (7206, '.', 2489, 272182.10, 4170783.61, 878.56);
insert into STATION values (7207, '.', 2489, 272188.19, 4170789.27, 878.49);
insert into STATION values (7208, '.', 2489, 272191.24, 4170789.49, 878.61);
insert into STATION values (7209, '.', 2489, 272190.85, 4170794.19, 877.98);
insert into STATION values (7210, '.', 2489, 272190.56, 4170794.01, 881.44);
insert into STATION values (7211, '38', 2489, 272205.49, 4170767.42, 882.24);
insert into STATION values (7212, '.', 2489, 272209.21, 4170782.52, 882.56);
insert into STATION values (7213, '.', 2489, 272208.15, 4170770.37, 882.78);
insert into STATION values (7214, '.', 2489, 272207.85, 4170766.51, 882.53);
insert into STATION values (7215, '.', 2489, 272209.13, 4170761.19, 883.20);
insert into STATION values (7216, '.', 2489, 272207.74, 4170748.70, 882.34);
insert into STATION values (7217, '.', 2489, 272197.23, 4170757.05, 883.05);
insert into STATION values (7218, '.', 2489, 272196.29, 4170764.85, 882.42);
insert into STATION values (7219, '.', 2489, 272194.53, 4170769.66, 882.36);
insert into STATION values (7220, '.', 2489, 272202.66, 4170766.16, 881.12);
insert into STATION values (7221, '.', 2489, 272204.58, 4170766.54, 884.24);
insert into STATION values (7222, '39', 2489, 272196.23, 4170776.35, 880.57);
insert into STATION values (7223, '.', 2489, 272193.02, 4170777.80, 882.57);
insert into STATION values (7224, '.', 2489, 272191.66, 4170773.50, 880.48);
insert into STATION values (7225, '.', 2489, 272194.23, 4170770.27, 881.12);
insert into STATION values (7226, '.', 2489, 272208.94, 4170782.37, 882.95);
insert into STATION values (7227, '.', 2489, 272208.12, 4170771.34, 883.01);
insert into STATION values (7228, '.', 2489, 272196.93, 4170774.92, 879.73);
insert into STATION values (7229, '.', 2489, 272195.38, 4170774.98, 883.37);
insert into STATION values (7230, '40', 2489, 272188.32, 4170771.76, 875.73);
insert into STATION values (7231, '.', 2489, 272189.72, 4170770.88, 875.87);
insert into STATION values (7232, '.', 2489, 272188.01, 4170769.49, 875.83);
insert into STATION values (7233, '.', 2489, 272185.93, 4170771.39, 875.57);
insert into STATION values (7234, '.', 2489, 272187.62, 4170772.88, 875.90);
insert into STATION values (7235, '.', 2489, 272188.50, 4170771.55, 875.45);
insert into STATION values (7236, '.', 2489, 272188.32, 4170771.81, 876.91);
insert into STATION values (7237, '41', 2489, 272186.41, 4170768.00, 875.52);
insert into STATION values (7238, '.', 2489, 272186.86, 4170767.51, 875.26);
insert into STATION values (7239, '.', 2489, 272185.38, 4170768.32, 875.36);
insert into STATION values (7240, '.', 2489, 272186.50, 4170767.90, 875.20);
insert into STATION values (7241, '.', 2489, 272186.40, 4170767.93, 875.80);
insert into STATION values (7242, '42', 2489, 272201.13, 4170755.48, 881.10);
insert into STATION values (7243, '.', 2489, 272195.22, 4170750.88, 880.44);
insert into STATION values (7244, '.', 2489, 272197.78, 4170755.72, 881.53);
insert into STATION values (7245, '.', 2489, 272196.46, 4170761.85, 882.83);
insert into STATION values (7246, '.', 2489, 272206.78, 4170745.90, 880.05);
insert into STATION values (7247, '.', 2489, 272209.60, 4170751.82, 881.22);
insert into STATION values (7248, '.', 2489, 272209.08, 4170758.92, 881.83);
insert into STATION values (7249, '.', 2489, 272202.18, 4170755.05, 879.83);
insert into STATION values (7250, '.', 2489, 272201.14, 4170754.98, 883.85);
insert into STATION values (7251, '43', 2489, 272203.27, 4170744.24, 879.25);
insert into STATION values (7252, '.', 2489, 272207.50, 4170744.06, 880.68);
insert into STATION values (7253, '.', 2489, 272206.83, 4170742.07, 879.57);
insert into STATION values (7254, '.', 2489, 272204.36, 4170738.81, 879.39);
insert into STATION values (7255, '.', 2489, 272199.38, 4170738.84, 879.73);
insert into STATION values (7256, '.', 2489, 272192.36, 4170738.33, 879.14);
insert into STATION values (7257, '.', 2489, 272192.08, 4170750.15, 878.61);
insert into STATION values (7258, '.', 2489, 272198.17, 4170751.39, 880.17);
insert into STATION values (7259, '.', 2489, 272197.02, 4170759.96, 883.56);
insert into STATION values (7260, '.', 2489, 272203.12, 4170744.33, 878.88);
insert into STATION values (7261, '.', 2489, 272202.46, 4170744.24, 882.67);
insert into STATION values (7262, '44', 2489, 272209.51, 4170735.87, 878.21);
insert into STATION values (7263, '.', 2489, 272210.45, 4170737.70, 878.46);
insert into STATION values (7264, '.', 2489, 272209.64, 4170741.00, 878.26);
insert into STATION values (7265, '.', 2489, 272207.33, 4170742.69, 878.47);
insert into STATION values (7266, '.', 2489, 272206.87, 4170734.76, 878.26);
insert into STATION values (7267, '.', 2489, 272205.17, 4170735.61, 878.62);
insert into STATION values (7268, '.', 2489, 272203.94, 4170738.02, 878.66);
insert into STATION values (7269, '.', 2489, 272204.66, 4170738.82, 878.43);
insert into STATION values (7270, '.', 2489, 272208.22, 4170737.23, 876.85);
insert into STATION values (7271, '.', 2489, 272208.97, 4170736.10, 878.95);
insert into STATION values (7272, '45', 2489, 272180.62, 4170744.85, 875.66);
insert into STATION values (7273, '.', 2489, 272166.87, 4170733.29, 875.66);
insert into STATION values (7274, '.', 2489, 272172.51, 4170731.33, 875.63);
insert into STATION values (7275, '.', 2489, 272178.23, 4170736.33, 875.55);
insert into STATION values (7276, '.', 2489, 272181.40, 4170732.55, 875.79);
insert into STATION values (7277, '.', 2489, 272187.35, 4170732.73, 875.86);
insert into STATION values (7278, '.', 2489, 272190.10, 4170736.36, 876.28);
insert into STATION values (7279, '.', 2489, 272190.64, 4170738.12, 876.63);
insert into STATION values (7280, '.', 2489, 272171.09, 4170747.00, 877.05);
insert into STATION values (7281, '.', 2489, 272175.78, 4170747.94, 876.54);
insert into STATION values (7282, '.', 2489, 272178.87, 4170748.58, 876.01);
insert into STATION values (7283, '.', 2489, 272181.69, 4170751.52, 876.42);
insert into STATION values (7284, '.', 2489, 272184.68, 4170749.63, 876.97);
insert into STATION values (7285, '.', 2489, 272188.88, 4170747.91, 877.23);
insert into STATION values (7286, '.', 2489, 272180.58, 4170744.98, 875.32);
insert into STATION values (7287, '.', 2489, 272180.42, 4170745.38, 879.18);
insert into STATION values (7288, '46', 2489, 272165.19, 4170740.20, 876.70);
insert into STATION values (7289, '.', 2489, 272164.89, 4170735.08, 876.08);
insert into STATION values (7290, '.', 2489, 272166.84, 4170734.89, 876.53);
insert into STATION values (7291, '.', 2489, 272169.88, 4170731.18, 876.15);
insert into STATION values (7292, '.', 2489, 272158.27, 4170736.94, 876.80);
insert into STATION values (7293, '.', 2489, 272160.23, 4170740.71, 876.42);
insert into STATION values (7294, '.', 2489, 272159.43, 4170748.70, 876.72);
insert into STATION values (7295, '.', 2489, 272164.12, 4170745.25, 876.39);
insert into STATION values (7296, '.', 2489, 272167.69, 4170746.90, 877.68);
insert into STATION values (7297, '.', 2489, 272165.22, 4170740.45, 875.55);
insert into STATION values (7298, '.', 2489, 272165.39, 4170740.28, 878.02);
insert into STATION values (7299, 'PTR_FR24_A63_47', 2489, 272154.56, 4170746.33, 876.30);
insert into STATION values (7300, '.', 2489, 272148.52, 4170742.05, 876.31);
insert into STATION values (7301, '.', 2489, 272154.56, 4170742.48, 876.30);
insert into STATION values (7302, '.', 2489, 272158.16, 4170741.29, 876.29);
insert into STATION values (7303, '.', 2489, 272151.43, 4170747.81, 876.48);
insert into STATION values (7304, '.', 2489, 272154.94, 4170747.98, 876.44);
insert into STATION values (7305, '.', 2489, 272160.68, 4170748.07, 876.69);
insert into STATION values (7306, '.', 2489, 272164.12, 4170744.86, 876.68);
insert into STATION values (7307, '.', 2489, 272154.35, 4170745.53, 875.83);
insert into STATION values (7308, '.', 2489, 272154.90, 4170745.90, 877.66);
insert into STATION values (7309, '48', 2489, 272145.25, 4170741.94, 876.42);
insert into STATION values (7310, '.', 2489, 272145.89, 4170742.86, 876.60);
insert into STATION values (7311, '.', 2489, 272144.70, 4170741.51, 876.41);
insert into STATION values (7312, '.', 2489, 272145.19, 4170742.17, 877.47);
insert into STATION values (7313, '.', 2489, 272145.33, 4170741.94, 875.99);
insert into STATION values (7314, '49', 2489, 272141.31, 4170744.85, 876.27);
insert into STATION values (7315, '.', 2489, 272140.97, 4170744.41, 876.53);
insert into STATION values (7316, '.', 2489, 272141.50, 4170745.30, 876.32);
insert into STATION values (7317, '.', 2489, 272141.54, 4170744.81, 875.90);
insert into STATION values (7318, '.', 2489, 272141.24, 4170744.93, 876.99);
insert into STATION values (7319, 'B12', 2593, 272191.14, 4170794.03, 878.42);
insert into STATION values (7320, '.', 2593, 272194.00, 4170803.79, 879.92);
insert into STATION values (7321, '.', 2593, 272192.38, 4170794.30, 881.37);
insert into STATION values (7322, '.', 2593, 272191.26, 4170785.78, 880.69);
insert into STATION values (7323, '.', 2593, 272191.68, 4170793.09, 877.87);
insert into STATION values (7324, '.', 2593, 272194.32, 4170790.49, 877.59);
insert into STATION values (7325, '.', 2593, 272184.02, 4170804.85, 878.89);
insert into STATION values (7326, '.', 2593, 272177.32, 4170801.60, 878.83);
insert into STATION values (7327, '.', 2593, 272180.20, 4170787.26, 879.03);
insert into STATION values (7328, '.', 2593, 272166.26, 4170791.96, 878.33);
insert into STATION values (7329, '.', 2593, 272183.93, 4170795.36, 882.12);
insert into STATION values (7330, '.', 2593, 272172.78, 4170796.59, 879.23);
insert into STATION values (7331, '.', 2593, 272187.48, 4170795.22, 882.16);
insert into STATION values (7332, '.', 2593, 272189.57, 4170794.59, 877.97);
insert into STATION values (7333, '.', 2593, 272182.96, 4170795.33, 877.77);
insert into STATION values (7334, '.', 2593, 272183.19, 4170790.79, 877.84);
insert into STATION values (7335, '.', 2593, 272209.82, 4170784.45, 882.27);
insert into STATION values (7336, '.', 2593, 272220.76, 4170792.04, 881.38);
insert into STATION values (7337, '.', 2593, 272208.55, 4170777.18, 882.52);
insert into STATION values (7338, '.', 2593, 272207.78, 4170767.54, 882.54);
insert into STATION values (7339, '.', 2593, 272208.52, 4170759.99, 882.77);
insert into STATION values (7340, '.', 2593, 272201.25, 4170776.34, 879.92);
insert into STATION values (7341, '.', 2593, 272194.93, 4170779.31, 881.62);
insert into STATION values (7342, '.', 2593, 272205.07, 4170757.83, 883.60);
insert into STATION values (7343, '.', 2593, 272196.00, 4170783.24, 882.94);
insert into STATION values (7344, '.', 2593, 272191.38, 4170792.51, 881.20);
insert into STATION values (7345, '.', 2593, 272189.53, 4170789.28, 880.70);
insert into STATION values (7346, '.', 2593, 272204.98, 4170793.70, 883.11);
insert into STATION values (7347, '.', 2593, 272235.46, 4170804.55, 882.17);
insert into STATION values (7348, '.', 2593, 272203.21, 4170804.84, 882.58);
insert into STATION values (7349, 'B13', 2593, 272210.00, 4170800.03, 879.35);
insert into STATION values (7350, '.', 2593, 272209.07, 4170797.08, 877.02);
insert into STATION values (7351, '.', 2593, 272210.69, 4170790.32, 881.58);
insert into STATION values (7352, '.', 2593, 272208.99, 4170798.54, 882.70);
insert into STATION values (7353, '.', 2593, 272207.70, 4170799.97, 887.04);
insert into STATION values (7354, '.', 2593, 272208.67, 4170802.90, 882.99);
insert into STATION values (7355, '.', 2593, 272211.19, 4170809.92, 881.84);
insert into STATION values (7356, '.', 2593, 272219.00, 4170815.58, 880.58);
insert into STATION values (7357, '.', 2593, 272218.06, 4170821.08, 881.33);
insert into STATION values (7358, '.', 2593, 272227.84, 4170814.00, 880.18);
insert into STATION values (7359, '.', 2593, 272212.13, 4170803.44, 877.56);
insert into STATION values (7360, '.', 2593, 272210.22, 4170800.20, 878.44);
insert into STATION values (7361, '.', 2593, 272241.47, 4170807.67, 878.56);
insert into STATION values (7362, '.', 2593, 272246.07, 4170799.62, 881.31);
insert into STATION values (7363, '.', 2593, 272253.10, 4170792.16, 881.27);
insert into STATION values (7364, '.', 2593, 272253.88, 4170783.67, 880.50);
insert into STATION values (7365, '.', 2593, 272222.72, 4170791.82, 880.49);
insert into STATION values (7366, '.', 2593, 272221.88, 4170788.42, 879.85);
insert into STATION values (7367, '.', 2593, 272212.02, 4170802.55, 882.85);
insert into STATION values (7368, '.', 2593, 272228.11, 4170801.03, 886.72);
insert into STATION values (7369, '.', 2593, 272240.16, 4170796.73, 885.91);
insert into STATION values (7370, '.', 2593, 272195.16, 4170807.61, 881.05);
insert into STATION values (7371, '.', 2593, 272182.57, 4170818.49, 882.01);
insert into STATION values (7372, '.', 2593, 272172.11, 4170830.33, 882.92);
insert into STATION values (7373, '.', 2593, 272183.81, 4170828.36, 882.32);
insert into STATION values (7374, '.', 2593, 272172.15, 4170829.97, 881.55);
insert into STATION values (7375, '.', 2593, 272195.68, 4170824.48, 881.53);
insert into STATION values (7376, '.', 2593, 272205.81, 4170804.40, 882.71);
insert into STATION values (7377, '.', 2593, 272200.87, 4170830.18, 880.78);
insert into STATION values (7378, '.', 2593, 272204.85, 4170826.90, 878.92);
insert into STATION values (7379, '.', 2593, 272209.39, 4170827.88, 881.40);
insert into STATION values (7380, '.', 2593, 272208.76, 4170811.76, 882.32);
insert into STATION values (7381, '2', 2593, 272262.31, 4170795.04, 882.66);
insert into STATION values (7382, '3', 2593, 272200.55, 4170755.77, 883.47);
insert into STATION values (7383, 'B14', 2593, 272204.48, 4170819.57, 878.49);
insert into STATION values (7384, '.', 2593, 272204.27, 4170819.26, 877.71);
insert into STATION values (7385, '.', 2593, 272218.01, 4170815.91, 882.43);
insert into STATION values (7386, '.', 2593, 272210.23, 4170819.36, 878.65);
insert into STATION values (7387, '.', 2593, 272207.10, 4170819.02, 882.44);
insert into STATION values (7388, '.', 2593, 272203.94, 4170818.81, 882.39);
insert into STATION values (7389, '.', 2593, 272195.30, 4170803.64, 881.27);
insert into STATION values (7390, '.', 2593, 272194.87, 4170807.68, 881.35);
insert into STATION values (7391, '.', 2593, 272202.58, 4170820.53, 877.70);
insert into STATION values (7392, '.', 2593, 272195.45, 4170825.08, 880.39);
insert into STATION values (7393, '.', 2593, 272200.79, 4170830.14, 880.81);
insert into STATION values (7394, '.', 2593, 272204.71, 4170826.55, 878.93);
insert into STATION values (7395, '.', 2593, 272201.74, 4170840.79, 881.30);
insert into STATION values (7396, '.', 2593, 272205.54, 4170827.23, 881.69);
insert into STATION values (7397, '.', 2593, 272209.70, 4170827.50, 881.98);
insert into STATION values (7398, '.', 2593, 272181.80, 4170818.16, 881.52);
insert into STATION values (7399, '.', 2593, 272196.78, 4170818.77, 877.91);
insert into STATION values (7400, '.', 2593, 272199.30, 4170818.75, 882.66);
insert into STATION values (7401, '5', 2593, 272207.01, 4170842.71, 881.10);
insert into STATION values (7402, '6', 2593, 272193.35, 4170821.15, 879.95);
insert into STATION values (7403, '.', 2593, 272188.73, 4170816.36, 877.00);
insert into STATION values (7404, '.', 2593, 272185.04, 4170810.95, 881.87);
insert into STATION values (7405, '.', 2593, 272177.07, 4170820.73, 883.59);
insert into STATION values (7406, '.', 2593, 272172.55, 4170830.42, 883.07);
insert into STATION values (7407, '.', 2593, 272183.04, 4170828.27, 881.78);
insert into STATION values (7408, '.', 2593, 272191.13, 4170828.19, 881.93);
insert into STATION values (7409, '.', 2593, 272186.04, 4170823.04, 879.27);
insert into STATION values (7410, '.', 2593, 272173.98, 4170826.42, 879.84);
insert into STATION values (7411, '.', 2593, 272168.16, 4170827.96, 881.86);
insert into STATION values (7412, '.', 2593, 272155.75, 4170830.20, 885.66);
insert into STATION values (7413, '.', 2593, 272178.32, 4170824.68, 885.72);
insert into STATION values (7414, '.', 2593, 272190.87, 4170821.53, 883.08);
insert into STATION values (7415, '7', 2593, 272154.27, 4170829.34, 885.42);
insert into STATION values (7416, '8', 2593, 272206.48, 4170827.64, 880.11);
insert into STATION values (7417, '.', 2593, 272210.14, 4170827.20, 882.21);
insert into STATION values (7418, '.', 2593, 272215.84, 4170824.60, 894.11);
insert into STATION values (7419, '.', 2593, 272221.73, 4170832.20, 881.61);
insert into STATION values (7420, '.', 2593, 272215.04, 4170839.53, 881.21);
insert into STATION values (7421, '.', 2593, 272208.35, 4170842.96, 879.49);
insert into STATION values (7422, '.', 2593, 272199.03, 4170842.81, 879.90);
insert into STATION values (7423, '.', 2593, 272201.43, 4170829.07, 881.01);
insert into STATION values (7424, '.', 2593, 272196.05, 4170825.44, 880.74);
insert into STATION values (7425, '.', 2593, 272199.63, 4170833.59, 880.01);
insert into STATION values (7426, '.', 2593, 272205.76, 4170828.22, 878.80);
insert into STATION values (7427, '.', 2593, 272218.96, 4170816.36, 882.56);
insert into STATION values (7428, '.', 2593, 272204.71, 4170822.60, 877.32);
insert into STATION values (7429, '9', 2593, 272217.86, 4170813.71, 901.86);
insert into STATION values (7430, 'B15', 2593, 272203.35, 4170834.88, 878.28);
insert into STATION values (7431, '.', 2593, 272203.20, 4170834.61, 877.59);
insert into STATION values (7432, '.', 2593, 272201.37, 4170830.31, 878.98);
insert into STATION values (7433, '.', 2593, 272204.81, 4170831.03, 878.68);
insert into STATION values (7434, '.', 2593, 272210.98, 4170827.07, 881.74);
insert into STATION values (7435, '.', 2593, 272201.12, 4170830.65, 880.37);
insert into STATION values (7436, '.', 2593, 272204.43, 4170832.09, 882.73);
insert into STATION values (7437, '.', 2593, 272228.48, 4170826.69, 881.47);
insert into STATION values (7438, '.', 2593, 272229.28, 4170836.40, 880.05);
insert into STATION values (7439, '.', 2593, 272218.52, 4170844.27, 879.05);
insert into STATION values (7440, '.', 2593, 272210.52, 4170843.95, 878.28);
insert into STATION values (7441, '.', 2593, 272206.68, 4170844.48, 878.36);
insert into STATION values (7442, '.', 2593, 272212.76, 4170835.51, 877.08);
insert into STATION values (7443, '.', 2593, 272220.66, 4170833.84, 877.49);
insert into STATION values (7444, '.', 2593, 272210.25, 4170834.39, 882.41);
insert into STATION values (7445, '.', 2593, 272204.45, 4170835.43, 882.34);
insert into STATION values (7446, '.', 2593, 272200.44, 4170834.92, 877.59);
insert into STATION values (7447, '.', 2593, 272189.72, 4170839.69, 876.91);
insert into STATION values (7448, '.', 2593, 272183.53, 4170845.75, 877.76);
insert into STATION values (7449, '.', 2593, 272191.40, 4170846.15, 879.39);
insert into STATION values (7450, '.', 2593, 272199.09, 4170842.44, 880.07);
insert into STATION values (7451, '.', 2593, 272201.46, 4170836.69, 881.89);
insert into STATION values (7452, '.', 2593, 272182.89, 4170841.46, 879.78);
insert into STATION values (7453, '11', 2593, 272234.15, 4170829.92, 878.66);
insert into STATION values (7454, '12', 2593, 272178.65, 4170847.14, 878.78);
insert into STATION values (7455, '.', 2593, 272175.59, 4170843.70, 878.29);
insert into STATION values (7456, '.', 2593, 272177.62, 4170854.80, 879.28);
insert into STATION values (7457, '.', 2593, 272178.35, 4170847.75, 877.73);
insert into STATION values (7458, '.', 2593, 272177.62, 4170847.61, 881.19);
insert into STATION values (7459, '.', 2593, 272177.44, 4170845.55, 879.26);
insert into STATION values (7460, '.', 2593, 272178.11, 4170840.17, 878.32);
insert into STATION values (7461, '.', 2593, 272179.38, 4170845.93, 877.72);
insert into STATION values (7462, '.', 2593, 272182.73, 4170845.26, 877.96);
insert into STATION values (7463, '.', 2593, 272193.20, 4170840.52, 877.63);
insert into STATION values (7464, '.', 2593, 272182.60, 4170845.54, 880.21);
insert into STATION values (7465, '.', 2593, 272184.59, 4170849.41, 879.39);
insert into STATION values (7466, '.', 2593, 272194.42, 4170845.58, 879.16);
insert into STATION values (7467, '.', 2593, 272189.66, 4170834.80, 879.15);
insert into STATION values (7468, '.', 2593, 272179.67, 4170837.67, 878.38);
insert into STATION values (7469, '.', 2593, 272180.48, 4170853.23, 878.92);
insert into STATION values (7470, '.', 2593, 272178.90, 4170849.34, 877.85);
insert into STATION values (7471, '.', 2593, 272174.37, 4170850.36, 878.26);
insert into STATION values (7472, '.', 2593, 272171.00, 4170849.50, 878.94);
insert into STATION values (7473, '.', 2593, 272172.17, 4170851.37, 879.68);
insert into STATION values (7474, '.', 2593, 272174.90, 4170860.33, 879.66);
insert into STATION values (7475, 'B16', 2593, 272166.46, 4170856.33, 879.44);
insert into STATION values (7476, '.', 2593, 272164.17, 4170863.43, 879.61);
insert into STATION values (7477, '.', 2593, 272159.25, 4170864.02, 880.23);
insert into STATION values (7478, '.', 2593, 272160.98, 4170849.21, 879.91);
insert into STATION values (7479, '.', 2593, 272164.98, 4170854.99, 877.88);
insert into STATION values (7480, '.', 2593, 272153.83, 4170853.73, 880.59);
insert into STATION values (7481, '.', 2593, 272151.97, 4170857.48, 878.63);
insert into STATION values (7482, '.', 2593, 272139.43, 4170856.73, 881.43);
insert into STATION values (7483, '.', 2593, 272152.96, 4170862.53, 880.35);
insert into STATION values (7484, '.', 2593, 272164.72, 4170856.14, 879.94);
insert into STATION values (7485, '.', 2593, 272172.84, 4170860.28, 880.28);
insert into STATION values (7486, '.', 2593, 272174.12, 4170856.11, 879.73);
insert into STATION values (7487, '.', 2593, 272179.55, 4170853.99, 879.23);
insert into STATION values (7488, '.', 2593, 272170.86, 4170848.94, 878.66);
insert into STATION values (7489, '.', 2593, 272171.21, 4170853.38, 877.95);
insert into STATION values (7490, '.', 2593, 272169.05, 4170854.39, 879.99);
insert into STATION values (7491, '14', 2593, 272174.28, 4170857.51, 879.90);
insert into STATION values (7492, '.', 2593, 272176.72, 4170862.09, 879.22);
insert into STATION values (7493, '.', 2593, 272181.15, 4170860.13, 879.68);
insert into STATION values (7494, '.', 2593, 272176.02, 4170856.10, 879.75);
insert into STATION values (7495, '.', 2593, 272181.78, 4170852.71, 897.75);
insert into STATION values (7496, '.', 2593, 272187.55, 4170850.41, 895.42);
insert into STATION values (7497, '.', 2593, 272182.65, 4170855.75, 885.18);
insert into STATION values (7498, '.', 2593, 272179.84, 4170854.08, 885.59);
insert into STATION values (7499, '.', 2593, 272169.11, 4170855.31, 894.53);
insert into STATION values (7500, '.', 2593, 272172.56, 4170854.76, 898.09);
insert into STATION values (7501, '.', 2593, 272161.28, 4170858.29, 888.82);
insert into STATION values (7502, '.', 2593, 272162.46, 4170862.22, 881.12);
insert into STATION values (7503, '.', 2593, 272165.59, 4170859.91, 879.04);
insert into STATION values (7504, '.', 2593, 272170.09, 4170858.97, 878.75);
insert into STATION values (7505, '.', 2593, 272184.57, 4170853.95, 881.72);
insert into STATION values (7506, '.', 2593, 272190.58, 4170851.00, 886.49);
insert into STATION values (7507, '15', 2593, 272196.22, 4170848.58, 892.76);
insert into STATION values (7508, '.', 2593, 272195.82, 4170846.97, 892.89);
insert into STATION values (7509, '.', 2593, 272197.41, 4170850.10, 891.01);
insert into STATION values (7510, '.', 2593, 272196.61, 4170848.22, 891.13);
insert into STATION values (7511, '.', 2593, 272198.39, 4170846.15, 891.08);
insert into STATION values (7512, '.', 2593, 272198.95, 4170847.13, 890.64);
insert into STATION values (7513, '.', 2593, 272193.70, 4170847.69, 890.91);
insert into STATION values (7514, '.', 2593, 272194.56, 4170850.70, 890.72);
insert into STATION values (7515, '.', 2593, 272194.01, 4170849.12, 889.95);
insert into STATION values (7516, '.', 2593, 272188.95, 4170851.39, 885.41);
insert into STATION values (7517, '.', 2593, 272184.42, 4170853.57, 881.81);
insert into STATION values (7518, '.', 2593, 272170.12, 4170855.94, 894.32);
insert into STATION values (7519, '.', 2593, 272185.94, 4170849.97, 896.93);
insert into STATION values (7520, '.', 2593, 272191.84, 4170847.11, 900.86);
insert into STATION values (7521, 'B17', 2593, 272196.30, 4170847.70, 891.51);
insert into STATION values (7522, '.', 2593, 272196.15, 4170846.23, 890.97);
insert into STATION values (7523, '.', 2593, 272198.37, 4170846.96, 890.65);
insert into STATION values (7524, '.', 2593, 272204.07, 4170844.58, 888.82);
insert into STATION values (7525, '.', 2593, 272201.67, 4170846.67, 890.50);
insert into STATION values (7526, '.', 2593, 272215.91, 4170841.38, 889.85);
insert into STATION values (7527, '.', 2593, 272210.42, 4170843.58, 892.43);
insert into STATION values (7528, '.', 2593, 272201.73, 4170845.90, 892.85);
insert into STATION values (7529, '.', 2593, 272199.53, 4170846.65, 892.86);
insert into STATION values (7530, '.', 2593, 272206.81, 4170843.78, 891.25);
insert into STATION values (7531, '.', 2593, 272206.60, 4170845.08, 891.32);
insert into STATION values (7532, '.', 2593, 272197.70, 4170848.25, 892.02);
insert into STATION values (7533, '.', 2593, 272197.72, 4170847.44, 892.40);
insert into STATION values (7534, '17', 2593, 272222.28, 4170840.28, 886.06);
insert into STATION values (7535, '.', 2593, 272216.72, 4170838.46, 903.75);
insert into STATION values (7536, '.', 2593, 272216.14, 4170838.18, 905.80);
insert into STATION values (7537, '.', 2593, 272216.84, 4170838.38, 903.57);
insert into STATION values (7538, '18', 2593, 272190.86, 4170845.76, 908.98);
insert into STATION values (7539, '19', 2593, 272140.94, 4170855.38, 881.82);
insert into STATION values (7540, '.', 2593, 272144.92, 4170849.04, 884.31);
insert into STATION values (7541, '.', 2593, 272138.20, 4170855.35, 883.83);
insert into STATION values (7542, '.', 2593, 272134.38, 4170863.67, 883.15);
insert into STATION values (7543, '.', 2593, 272131.94, 4170874.53, 881.85);
insert into STATION values (7544, '.', 2593, 272139.02, 4170883.83, 882.41);
insert into STATION values (7545, '.', 2593, 272145.17, 4170886.93, 882.37);
insert into STATION values (7546, '.', 2593, 272140.60, 4170859.35, 880.32);
insert into STATION values (7547, '.', 2593, 272140.88, 4170855.31, 881.15);
insert into STATION values (7548, '.', 2593, 272151.70, 4170846.49, 882.69);
insert into STATION values (7549, '.', 2593, 272158.32, 4170855.03, 881.82);
insert into STATION values (7550, '.', 2593, 272165.26, 4170863.12, 880.30);
insert into STATION values (7551, '.', 2593, 272147.27, 4170859.74, 881.51);
insert into STATION values (7552, '.', 2593, 272144.41, 4170856.35, 880.73);
insert into STATION values (7553, '.', 2593, 272148.63, 4170857.69, 885.28);
insert into STATION values (7554, '.', 2593, 272142.97, 4170855.77, 884.78);
insert into STATION values (7555, '.', 2593, 272149.36, 4170849.02, 881.70);
insert into STATION values (7556, '.', 2593, 272145.18, 4170854.73, 880.88);
insert into STATION values (7557, '.', 2593, 272146.62, 4170866.27, 882.09);
insert into STATION values (7558, '.', 2593, 272151.89, 4170875.76, 883.31);
insert into STATION values (7559, '.', 2593, 272141.36, 4170858.43, 880.60);
insert into STATION values (7560, '.', 2593, 272140.28, 4170859.08, 880.42);
insert into STATION values (7561, '.', 2593, 272141.69, 4170872.30, 884.23);
insert into STATION values (7562, '.', 2593, 272141.14, 4170861.19, 884.82);
insert into STATION values (7563, '20', 2593, 272152.27, 4170846.95, 884.31);
insert into STATION values (7564, '.', 2593, 272151.11, 4170845.11, 884.25);
insert into STATION values (7565, '.', 2593, 272151.68, 4170844.42, 883.55);
insert into STATION values (7566, '.', 2593, 272151.83, 4170843.67, 884.72);
insert into STATION values (7567, '.', 2593, 272151.97, 4170845.56, 885.24);
insert into STATION values (7568, '21', 2593, 272151.70, 4170842.59, 884.22);
insert into STATION values (7569, '22', 2593, 272143.51, 4170851.03, 882.43);
insert into STATION values (7570, '23', 2593, 272137.84, 4170850.75, 879.67);
insert into STATION values (7571, '24', 2593, 272142.61, 4170850.21, 882.26);
insert into STATION values (7572, '.', 2593, 272141.38, 4170851.13, 882.10);
insert into STATION values (7573, '.', 2593, 272142.15, 4170850.10, 880.71);
insert into STATION values (7574, '.', 2593, 272143.22, 4170848.04, 880.26);
insert into STATION values (7575, '.', 2593, 272141.79, 4170849.25, 883.44);
insert into STATION values (7576, '.', 2593, 272139.09, 4170847.74, 885.70);
insert into STATION values (7577, '.', 2593, 272138.40, 4170848.35, 885.42);
insert into STATION values (7578, '.', 2593, 272141.44, 4170849.88, 883.13);
insert into STATION values (7579, '.', 2593, 272140.74, 4170849.75, 882.21);
insert into STATION values (7580, '25', 2593, 272135.01, 4170846.40, 891.04);
insert into STATION values (7581, 'B18', 2593, 272142.07, 4170870.94, 880.61);
insert into STATION values (7582, '.', 2593, 272142.06, 4170870.90, 880.23);
insert into STATION values (7583, '.', 2593, 272140.09, 4170871.41, 880.03);
insert into STATION values (7584, '.', 2593, 272134.29, 4170872.38, 880.55);
insert into STATION values (7585, '.', 2593, 272131.57, 4170872.55, 882.53);
insert into STATION values (7586, '.', 2593, 272131.89, 4170870.80, 882.43);
insert into STATION values (7587, '.', 2593, 272132.05, 4170875.14, 882.04);
insert into STATION values (7588, '.', 2593, 272139.08, 4170871.38, 883.98);
insert into STATION values (7589, '.', 2593, 272143.10, 4170871.76, 884.14);
insert into STATION values (7590, '.', 2593, 272148.35, 4170871.59, 884.00);
insert into STATION values (7591, '.', 2593, 272154.07, 4170871.49, 883.95);
insert into STATION values (7592, '.', 2593, 272168.14, 4170870.96, 881.48);
insert into STATION values (7593, '.', 2593, 272157.45, 4170876.40, 882.01);
insert into STATION values (7594, '.', 2593, 272147.01, 4170871.27, 880.24);
insert into STATION values (7595, '.', 2593, 272156.04, 4170880.66, 882.76);
insert into STATION values (7596, '.', 2593, 272146.38, 4170875.29, 884.61);
insert into STATION values (7597, '.', 2593, 272145.84, 4170881.62, 884.19);
insert into STATION values (7598, '.', 2593, 272144.03, 4170886.15, 881.71);
insert into STATION values (7599, '.', 2593, 272139.42, 4170883.98, 882.34);
insert into STATION values (7600, '.', 2593, 272134.57, 4170886.83, 882.18);
insert into STATION values (7601, '.', 2593, 272136.73, 4170878.62, 879.94);
insert into STATION values (7602, '.', 2593, 272136.69, 4170877.66, 883.18);
insert into STATION values (7603, '.', 2593, 272145.78, 4170878.43, 884.17);
insert into STATION values (7604, '.', 2593, 272151.54, 4170886.08, 884.64);
insert into STATION values (7605, '.', 2593, 272152.51, 4170890.20, 879.81);
insert into STATION values (7606, '.', 2593, 272169.26, 4170913.21, 887.14);
insert into STATION values (7607, '.', 2593, 272147.68, 4170867.07, 882.92);
insert into STATION values (7608, '.', 2593, 272145.37, 4170862.73, 882.94);
insert into STATION values (7609, '.', 2593, 272142.60, 4170863.35, 885.11);
insert into STATION values (7610, '.', 2593, 272136.26, 4170859.89, 883.73);
insert into STATION values (7611, '.', 2593, 272141.01, 4170863.56, 880.68);
insert into STATION values (7612, '.', 2593, 272133.79, 4170863.26, 882.89);
insert into STATION values (7613, '.', 2593, 272130.55, 4170864.80, 882.87);
insert into STATION values (7614, '.', 2593, 272135.22, 4170868.37, 880.97);
insert into STATION values (7615, '.', 2593, 272134.42, 4170867.60, 884.59);
insert into STATION values (7616, '27', 2593, 272133.00, 4170867.06, 881.48);
insert into STATION values (7617, '.', 2593, 272132.51, 4170867.30, 880.91);
insert into STATION values (7618, '.', 2593, 272130.50, 4170870.26, 882.25);
insert into STATION values (7619, '.', 2593, 272126.13, 4170865.74, 882.90);
insert into STATION values (7620, '.', 2593, 272125.37, 4170867.69, 885.24);
insert into STATION values (7621, '.', 2593, 272128.61, 4170865.66, 887.23);
insert into STATION values (7622, '.', 2593, 272124.10, 4170869.69, 881.35);
insert into STATION values (7623, '.', 2593, 272112.61, 4170872.35, 884.06);
insert into STATION values (7624, '.', 2593, 272118.55, 4170872.33, 883.56);
insert into STATION values (7625, '.', 2593, 272114.90, 4170872.33, 884.90);
insert into STATION values (7626, '.', 2593, 272115.86, 4170870.68, 884.16);
insert into STATION values (7627, '.', 2593, 272110.40, 4170872.97, 885.09);
insert into STATION values (7628, '28', 2593, 272108.85, 4170873.15, 886.32);
insert into STATION values (7629, '29', 2593, 272120.60, 4170891.70, 880.67);
insert into STATION values (7630, '.', 2593, 272116.39, 4170891.53, 881.21);
insert into STATION values (7631, '.', 2593, 272120.07, 4170891.85, 880.07);
insert into STATION values (7632, '.', 2593, 272120.14, 4170892.17, 881.80);
insert into STATION values (7633, '.', 2593, 272122.68, 4170895.56, 880.79);
insert into STATION values (7634, '.', 2593, 272122.42, 4170890.26, 879.92);
insert into STATION values (7635, '.', 2593, 272130.60, 4170891.45, 881.45);
insert into STATION values (7636, '.', 2593, 272122.63, 4170890.06, 881.65);
insert into STATION values (7637, '.', 2593, 272122.50, 4170887.48, 881.63);
insert into STATION values (7638, '30', 2593, 272102.86, 4170914.60, 881.32);
insert into STATION values (7639, 'B19', 2593, 272151.09, 4170902.58, 881.09);
insert into STATION values (7640, '.', 2593, 272143.36, 4170886.13, 881.00);
insert into STATION values (7641, '.', 2593, 272148.21, 4170898.41, 885.12);
insert into STATION values (7642, '.', 2593, 272150.21, 4170901.36, 886.70);
insert into STATION values (7643, '.', 2593, 272160.35, 4170895.14, 888.04);
insert into STATION values (7644, '.', 2593, 272188.14, 4170892.13, 886.44);
insert into STATION values (7645, '.', 2593, 272197.79, 4170889.93, 879.24);
insert into STATION values (7646, '.', 2593, 272172.28, 4170883.66, 883.53);
insert into STATION values (7647, '.', 2593, 272156.84, 4170881.90, 883.65);
insert into STATION values (7648, '.', 2593, 272153.23, 4170877.88, 882.87);
insert into STATION values (7649, '.', 2593, 272142.84, 4170884.19, 880.81);
insert into STATION values (7650, '.', 2593, 272148.80, 4170890.51, 879.13);
insert into STATION values (7651, '.', 2593, 272144.73, 4170876.62, 879.74);
insert into STATION values (7652, '.', 2593, 272150.01, 4170886.09, 884.64);
insert into STATION values (7653, '.', 2593, 272150.24, 4170898.77, 879.53);
insert into STATION values (7654, '.', 2593, 272151.82, 4170903.31, 879.83);
insert into STATION values (7655, '.', 2593, 272157.96, 4170907.42, 884.25);
insert into STATION values (7656, '.', 2593, 272162.92, 4170905.10, 883.67);
insert into STATION values (7657, '.', 2593, 272190.09, 4170905.96, 893.21);
insert into STATION values (7658, '.', 2593, 272154.24, 4170908.73, 884.56);
insert into STATION values (7659, '.', 2593, 272147.20, 4170907.14, 879.91);
insert into STATION values (7660, '.', 2593, 272138.18, 4170904.19, 879.10);
insert into STATION values (7661, '.', 2593, 272132.18, 4170895.18, 879.85);
insert into STATION values (7662, '.', 2593, 272130.06, 4170900.98, 880.62);
insert into STATION values (7663, '.', 2593, 272119.43, 4170906.49, 880.26);
insert into STATION values (7664, '.', 2593, 272145.43, 4170915.43, 882.70);
insert into STATION values (7665, '.', 2593, 272140.23, 4170913.68, 885.46);
insert into STATION values (7666, '.', 2593, 272129.63, 4170918.66, 886.11);
insert into STATION values (7667, '.', 2593, 272128.28, 4170921.34, 884.83);
insert into STATION values (7668, '.', 2593, 272133.15, 4170923.76, 883.57);
insert into STATION values (7669, '.', 2593, 272140.32, 4170920.89, 885.11);
insert into STATION values (7670, '.', 2593, 272139.56, 4170911.72, 879.91);
insert into STATION values (7671, '.', 2593, 272141.65, 4170904.69, 879.13);
insert into STATION values (7672, '.', 2593, 272141.28, 4170907.60, 886.45);
insert into STATION values (7673, '32', 2593, 272210.09, 4170903.56, 886.67);
insert into STATION values (7674, 'B20', 2593, 272133.55, 4170921.04, 881.42);
insert into STATION values (7675, '.', 2593, 272129.67, 4170920.18, 880.86);
insert into STATION values (7676, '.', 2593, 272127.02, 4170911.70, 885.02);
insert into STATION values (7677, '.', 2593, 272131.18, 4170916.42, 881.04);
insert into STATION values (7678, '.', 2593, 272133.20, 4170916.44, 879.77);
insert into STATION values (7679, '.', 2593, 272129.91, 4170918.89, 886.29);
insert into STATION values (7680, '.', 2593, 272126.89, 4170921.15, 883.78);
insert into STATION values (7681, '.', 2593, 272129.87, 4170922.98, 882.82);
insert into STATION values (7682, '.', 2593, 272135.26, 4170925.11, 883.56);
insert into STATION values (7683, '.', 2593, 272141.13, 4170921.91, 884.96);
insert into STATION values (7684, '.', 2593, 272141.34, 4170926.46, 896.15);
insert into STATION values (7685, '.', 2593, 272135.69, 4170933.34, 892.13);
insert into STATION values (7686, '.', 2593, 272135.24, 4170922.38, 900.37);
insert into STATION values (7687, '.', 2593, 272135.16, 4170917.04, 898.22);
insert into STATION values (7688, '.', 2593, 272133.95, 4170918.48, 886.61);
insert into STATION values (7689, '.', 2593, 272115.12, 4170925.41, 902.03);
insert into STATION values (7690, '.', 2593, 272119.80, 4170930.47, 895.02);
insert into STATION values (7691, '.', 2593, 272110.10, 4170921.26, 901.31);
insert into STATION values (7692, '.', 2593, 272148.10, 4170921.59, 899.34);
insert into STATION values (7693, '.', 2593, 272148.81, 4170925.43, 896.97);
insert into STATION values (7694, '.', 2593, 272146.04, 4170923.05, 890.15);
insert into STATION values (7695, '.', 2593, 272145.11, 4170917.07, 896.14);
insert into STATION values (7696, '34', 2593, 272124.47, 4170915.86, 884.68);
insert into STATION values (7697, '.', 2593, 272125.81, 4170913.85, 882.06);
insert into STATION values (7698, '.', 2593, 272125.22, 4170907.97, 880.29);
insert into STATION values (7699, '.', 2593, 272130.86, 4170912.72, 882.28);
insert into STATION values (7700, '.', 2593, 272130.55, 4170909.16, 883.08);
insert into STATION values (7701, '.', 2593, 272129.91, 4170922.89, 880.68);
insert into STATION values (7702, '.', 2593, 272125.76, 4170920.31, 886.33);
insert into STATION values (7703, '.', 2593, 272122.71, 4170922.34, 885.91);
insert into STATION values (7704, '.', 2593, 272118.85, 4170921.57, 886.85);
insert into STATION values (7705, '.', 2593, 272119.70, 4170919.07, 886.88);
insert into STATION values (7706, '.', 2593, 272110.56, 4170917.41, 887.05);
insert into STATION values (7707, '.', 2593, 272120.60, 4170917.16, 884.27);
insert into STATION values (7708, 'B21', 2593, 272113.90, 4170922.64, 885.40);
insert into STATION values (7709, '.', 2593, 272108.36, 4170925.06, 884.82);
insert into STATION values (7710, '.', 2593, 272101.30, 4170925.70, 901.63);
insert into STATION values (7711, '.', 2593, 272096.07, 4170933.08, 895.39);
insert into STATION values (7712, '.', 2593, 272104.29, 4170929.48, 888.49);
insert into STATION values (7713, '.', 2593, 272108.69, 4170927.57, 885.41);
insert into STATION values (7714, '.', 2593, 272104.90, 4170935.32, 889.68);
insert into STATION values (7715, '.', 2593, 272106.65, 4170938.87, 891.83);
insert into STATION values (7716, '.', 2593, 272112.31, 4170934.42, 888.72);
insert into STATION values (7717, '.', 2593, 272110.39, 4170937.42, 885.53);
insert into STATION values (7718, '.', 2593, 272111.34, 4170926.87, 884.27);
insert into STATION values (7719, '.', 2593, 272116.41, 4170929.05, 900.58);
insert into STATION values (7720, '.', 2593, 272117.47, 4170922.39, 902.27);
insert into STATION values (7721, '.', 2593, 272122.69, 4170929.95, 894.56);
insert into STATION values (7722, '.', 2593, 272119.62, 4170921.85, 901.89);
insert into STATION values (7723, '.', 2593, 272113.40, 4170921.92, 888.20);
insert into STATION values (7724, '.', 2593, 272114.15, 4170921.69, 886.79);
insert into STATION values (7725, '.', 2593, 272113.49, 4170916.27, 885.68);
insert into STATION values (7726, '.', 2593, 272112.86, 4170916.30, 881.77);
insert into STATION values (7727, '.', 2593, 272118.17, 4170920.22, 883.81);
insert into STATION values (7728, '.', 2593, 272116.35, 4170915.46, 885.89);
insert into STATION values (7729, '.', 2593, 272110.33, 4170919.65, 883.85);
insert into STATION values (7730, '.', 2593, 272110.51, 4170916.89, 881.97);
insert into STATION values (7731, '.', 2593, 272112.21, 4170915.28, 882.10);
insert into STATION values (7732, '36', 2593, 272107.60, 4170911.80, 881.04);
insert into STATION values (7733, '.', 2593, 272113.49, 4170909.87, 881.03);
insert into STATION values (7734, '.', 2593, 272105.28, 4170906.61, 881.14);
insert into STATION values (7735, '.', 2593, 272109.00, 4170906.80, 880.28);
insert into STATION values (7736, '.', 2593, 272109.78, 4170900.67, 880.68);
insert into STATION values (7737, '.', 2593, 272111.23, 4170902.58, 881.11);
insert into STATION values (7738, '.', 2593, 272108.10, 4170910.28, 882.07);
insert into STATION values (7739, '.', 2593, 272109.00, 4170912.61, 882.22);
insert into STATION values (7740, '.', 2593, 272111.54, 4170913.71, 881.59);
insert into STATION values (7741, '.', 2593, 272108.80, 4170916.89, 883.04);
insert into STATION values (7742, '.', 2593, 272102.70, 4170909.85, 881.14);
insert into STATION values (7743, '.', 2593, 272104.83, 4170911.91, 880.80);
insert into STATION values (7744, '.', 2593, 272102.14, 4170912.41, 881.98);
insert into STATION values (7745, '.', 2593, 272103.70, 4170915.30, 881.35);
insert into STATION values (7746, '.', 2593, 272106.31, 4170913.84, 882.92);
insert into STATION values (7747, '.', 2593, 272111.63, 4170902.51, 880.70);
insert into STATION values (7748, '37', 2593, 272111.72, 4170902.30, 880.71);
insert into STATION values (7749, '38', 2593, 272093.29, 4170914.24, 881.19);
insert into STATION values (7750, '.', 2593, 272093.80, 4170915.20, 881.27);
insert into STATION values (7751, '.', 2593, 272091.84, 4170913.03, 881.33);
insert into STATION values (7752, '.', 2593, 272093.00, 4170914.35, 880.72);
insert into STATION values (7753, '.', 2593, 272089.35, 4170917.57, 880.81);
insert into STATION values (7754, '.', 2593, 272081.99, 4170915.95, 880.17);
insert into STATION values (7755, '.', 2593, 272079.80, 4170919.64, 880.40);
insert into STATION values (7756, '.', 2593, 272085.70, 4170917.08, 886.76);
insert into STATION values (7757, '.', 2593, 272089.30, 4170916.76, 884.21);
insert into STATION values (7758, '.', 2593, 272091.20, 4170914.69, 882.71);
insert into STATION values (7759, '.', 2593, 272089.59, 4170915.00, 881.86);
insert into STATION values (7760, '.', 2593, 272096.48, 4170913.74, 881.51);
insert into STATION values (7761, '.', 2593, 272096.30, 4170913.18, 880.88);
insert into STATION values (7762, '.', 2593, 272098.20, 4170912.46, 882.73);
insert into STATION values (7763, '.', 2593, 272096.56, 4170912.11, 881.56);
insert into STATION values (7764, '39', 2593, 272084.42, 4170918.05, 881.49);
insert into STATION values (7765, '.', 2593, 272082.63, 4170913.92, 881.22);
insert into STATION values (7766, '.', 2593, 272083.37, 4170915.38, 881.63);
insert into STATION values (7767, '.', 2593, 272083.93, 4170916.73, 882.30);
insert into STATION values (7768, '.', 2593, 272084.43, 4170916.90, 884.34);
insert into STATION values (7769, '.', 2593, 272084.49, 4170918.33, 881.82);
insert into STATION values (7770, '.', 2593, 272081.41, 4170918.20, 880.49);
insert into STATION values (7771, '.', 2593, 272074.65, 4170919.06, 881.05);
insert into STATION values (7772, '.', 2593, 272077.05, 4170919.38, 880.55);
insert into STATION values (7773, '.', 2593, 272080.38, 4170918.25, 881.74);
insert into STATION values (7774, '40', 2593, 272074.59, 4170919.12, 882.03);
insert into STATION values (7775, '41', 2593, 272086.88, 4170917.85, 881.40);
insert into STATION values (7776, '42', 2593, 272088.44, 4170920.80, 879.71);
insert into STATION values (7777, '43', 2593, 272148.99, 4170921.63, 891.75);
insert into STATION values (7778, '.', 2593, 272151.38, 4170922.39, 899.71);
insert into STATION values (7779, '.', 2593, 272149.34, 4170932.04, 897.24);
insert into STATION values (7780, '.', 2593, 272150.36, 4170920.69, 891.00);
insert into STATION values (7781, '.', 2593, 272149.56, 4170917.77, 892.58);
insert into STATION values (7782, '.', 2593, 272163.59, 4170915.09, 900.51);
insert into STATION values (7783, '.', 2593, 272156.60, 4170915.59, 893.63);
insert into STATION values (7784, '.', 2593, 272136.77, 4170929.02, 894.14);
insert into STATION values (7785, '.', 2593, 272129.14, 4170925.26, 884.25);
insert into STATION values (7786, '.', 2593, 272135.15, 4170925.20, 883.87);
insert into STATION values (7787, '.', 2593, 272125.77, 4170921.77, 887.74);
insert into STATION values (7788, '.', 2593, 272119.17, 4170927.29, 884.41);
insert into STATION values (7789, '.', 2593, 272130.03, 4170917.97, 894.74);
insert into STATION values (7790, '.', 2593, 272141.90, 4170919.57, 897.93);
insert into STATION values (7791, '.', 2593, 272145.61, 4170919.74, 900.00);
insert into STATION values (7792, 'B22', 2593, 272156.58, 4170919.99, 891.57);
insert into STATION values (7793, '.', 2593, 272156.61, 4170915.71, 891.71);
insert into STATION values (7794, '.', 2593, 272157.98, 4170917.43, 900.99);
insert into STATION values (7795, '.', 2593, 272158.60, 4170926.51, 895.53);
insert into STATION values (7796, '.', 2593, 272157.48, 4170922.16, 891.42);
insert into STATION values (7797, '.', 2593, 272165.55, 4170925.69, 892.49);
insert into STATION values (7798, '.', 2593, 272175.88, 4170914.58, 892.77);
insert into STATION values (7799, '.', 2593, 272165.79, 4170913.79, 892.43);
insert into STATION values (7800, '.', 2593, 272159.66, 4170915.55, 891.22);
insert into STATION values (7801, '.', 2593, 272169.61, 4170914.26, 888.47);
insert into STATION values (7802, '.', 2593, 272159.45, 4170919.10, 890.29);
insert into STATION values (7803, '45', 2593, 272162.23, 4170915.79, 889.81);
insert into STATION values (7804, '.', 2593, 272168.42, 4170913.50, 887.80);
insert into STATION values (7805, '.', 2593, 272163.21, 4170914.25, 887.83);
insert into STATION values (7806, '.', 2593, 272168.34, 4170905.15, 878.57);
insert into STATION values (7807, '.', 2593, 272185.04, 4170879.08, 882.34);
insert into STATION values (7808, '.', 2593, 272164.68, 4170905.00, 888.13);
insert into STATION values (7809, '.', 2593, 272164.35, 4170912.71, 899.46);
insert into STATION values (7810, '.', 2593, 272175.71, 4170912.47, 893.06);
insert into STATION values (7811, '.', 2593, 272170.26, 4170916.50, 897.89);
insert into STATION values (7812, 'PTR_FR24_A62_3', 2593, 272191.63, 4170887.83, 879.03);
insert into STATION values (7813, '47', 2593, 272152.37, 4170915.23, 904.49);
insert into STATION values (7814, '48', 2593, 272156.57, 4170927.08, 895.60);
insert into STATION values (7815, '.', 2593, 272152.66, 4170925.38, 895.82);
insert into STATION values (7816, '.', 2593, 272155.79, 4170926.24, 895.42);
insert into STATION values (7817, '.', 2593, 272155.12, 4170926.46, 897.50);
insert into STATION values (7818, '.', 2593, 272143.14, 4170927.35, 896.64);
insert into STATION values (7819, '.', 2593, 272141.30, 4170931.04, 897.29);
insert into STATION values (7820, '.', 2593, 272148.02, 4170931.95, 896.81);
insert into STATION values (7821, '.', 2593, 272151.85, 4170932.84, 896.95);
insert into STATION values (7822, '.', 2593, 272153.40, 4170928.83, 892.86);
insert into STATION values (7823, '.', 2593, 272148.22, 4170927.65, 889.61);
insert into STATION values (7824, '49', 2593, 272144.40, 4170929.90, 885.54);
insert into STATION values (7825, '.', 2593, 272145.56, 4170930.44, 885.34);
insert into STATION values (7826, '.', 2593, 272145.81, 4170930.26, 882.47);
insert into STATION values (7827, '.', 2593, 272149.93, 4170931.48, 878.27);
insert into STATION values (7828, '.', 2593, 272148.92, 4170929.64, 880.49);
insert into STATION values (7829, '.', 2593, 272154.15, 4170931.03, 877.30);
insert into STATION values (7830, '.', 2593, 272156.09, 4170928.23, 882.81);
insert into STATION values (7831, '.', 2593, 272159.79, 4170925.53, 897.04);
insert into STATION values (7832, '.', 2593, 272146.12, 4170928.98, 890.80);
insert into STATION values (7833, '.', 2593, 272144.80, 4170927.19, 886.70);
insert into STATION values (7834, '.', 2593, 272150.30, 4170926.67, 887.61);
insert into STATION values (7835, '.', 2593, 272141.57, 4170928.78, 886.83);
insert into STATION values (7836, '.', 2593, 272140.93, 4170931.96, 886.30);
insert into STATION values (7837, '50', 2593, 272155.80, 4170929.12, 876.12);
insert into STATION values (7838, '51', 2593, 272139.75, 4170930.06, 887.38);
insert into STATION values (7839, '.', 2593, 272137.73, 4170930.49, 885.63);
insert into STATION values (7840, '.', 2593, 272139.27, 4170927.68, 887.83);
insert into STATION values (7841, '.', 2593, 272139.41, 4170931.44, 893.96);
insert into STATION values (7842, '.', 2593, 272140.59, 4170931.37, 887.78);
insert into STATION values (7843, '.', 2593, 272137.56, 4170934.59, 888.57);
insert into STATION values (7844, '.', 2593, 272130.05, 4170939.84, 887.16);
insert into STATION values (7845, '.', 2593, 272136.34, 4170938.58, 884.94);
insert into STATION values (7846, '.', 2593, 272138.53, 4170936.01, 888.66);
insert into STATION values (7847, '.', 2593, 272136.64, 4170929.36, 894.24);
insert into STATION values (7848, '.', 2593, 272119.10, 4170919.29, 897.89);
insert into STATION values (7849, '.', 2593, 272105.33, 4170922.14, 901.08);
insert into STATION values (7850, '.', 2593, 272107.62, 4170924.88, 887.61);
insert into STATION values (7851, '.', 2593, 272109.75, 4170929.82, 884.70);
insert into STATION values (7852, '.', 2593, 272122.83, 4170933.05, 887.02);
insert into STATION values (7853, 'B23', 2593, 272136.43, 4170934.23, 885.93);
insert into STATION values (7854, '.', 2593, 272141.87, 4170934.02, 886.87);
insert into STATION values (7855, '.', 2593, 272137.19, 4170936.18, 888.53);
insert into STATION values (7856, '.', 2593, 272132.13, 4170937.75, 887.90);
insert into STATION values (7857, '.', 2593, 272135.90, 4170948.99, 888.14);
insert into STATION values (7858, '.', 2593, 272140.89, 4170948.86, 888.85);
insert into STATION values (7859, '.', 2593, 272147.59, 4170946.29, 888.54);
insert into STATION values (7860, '.', 2593, 272140.36, 4170946.96, 885.12);
insert into STATION values (7861, '.', 2593, 272127.71, 4170948.60, 888.57);
insert into STATION values (7862, '.', 2593, 272131.33, 4170939.27, 887.66);
insert into STATION values (7863, '.', 2593, 272133.88, 4170941.97, 886.33);
insert into STATION values (7864, '.', 2593, 272134.67, 4170938.80, 888.51);
insert into STATION values (7865, '.', 2593, 272130.10, 4170933.98, 888.39);
insert into STATION values (7866, '.', 2593, 272134.62, 4170932.39, 889.28);
insert into STATION values (7867, '.', 2593, 272137.53, 4170932.42, 889.48);
insert into STATION values (7868, '.', 2593, 272140.99, 4170916.40, 896.39);
insert into STATION values (7869, '.', 2593, 272134.51, 4170922.12, 900.33);
insert into STATION values (7870, '53', 2593, 272131.62, 4170924.74, 884.70);
insert into STATION values (7871, '.', 2593, 272138.60, 4170926.68, 885.35);
insert into STATION values (7872, '.', 2593, 272138.52, 4170931.30, 894.16);
insert into STATION values (7873, '.', 2593, 272131.68, 4170922.78, 901.35);
insert into STATION values (7874, '.', 2593, 272130.76, 4170917.05, 893.35);
insert into STATION values (7875, '.', 2593, 272130.39, 4170919.60, 886.65);
insert into STATION values (7876, '.', 2593, 272127.11, 4170933.02, 888.57);
insert into STATION values (7877, '.', 2593, 272129.91, 4170926.45, 883.54);
insert into STATION values (7878, '.', 2593, 272121.48, 4170918.85, 892.70);
insert into STATION values (7879, '.', 2593, 272121.81, 4170932.47, 890.50);
insert into STATION values (7880, '.', 2593, 272111.16, 4170923.22, 901.56);
insert into STATION values (7881, '55', 2593, 272125.17, 4170933.31, 886.60);
insert into STATION values (7882, '.', 2593, 272123.50, 4170922.56, 885.96);
insert into STATION values (7883, '.', 2593, 272122.33, 4170931.30, 884.28);
insert into STATION values (7884, '.', 2593, 272113.96, 4170919.14, 897.59);
insert into STATION values (7885, '.', 2593, 272113.13, 4170923.01, 902.95);
insert into STATION values (7886, '.', 2593, 272089.61, 4170924.94, 903.48);
insert into STATION values (7887, '.', 2593, 272084.15, 4170928.82, 903.53);
insert into STATION values (7888, '.', 2593, 272106.12, 4170932.16, 888.91);
insert into STATION values (7889, '.', 2593, 272105.95, 4170932.42, 886.57);
insert into STATION values (7890, '.', 2593, 272115.48, 4170932.50, 884.54);
insert into STATION values (7891, '.', 2593, 272120.51, 4170929.28, 884.44);
insert into STATION values (7892, '.', 2593, 272123.74, 4170928.04, 883.69);
insert into STATION values (7893, 'B24', 2593, 272112.30, 4170931.61, 885.48);
insert into STATION values (7894, '.', 2593, 272109.37, 4170920.86, 884.32);
insert into STATION values (7895, '.', 2593, 272111.54, 4170920.55, 901.60);
insert into STATION values (7896, '.', 2593, 272116.93, 4170921.75, 888.97);
insert into STATION values (7897, '.', 2593, 272126.47, 4170918.78, 890.21);
insert into STATION values (7898, '.', 2593, 272116.15, 4170930.21, 884.53);
insert into STATION values (7899, '.', 2593, 272126.24, 4170921.35, 901.11);
insert into STATION values (7900, '.', 2593, 272118.59, 4170923.57, 902.59);
insert into STATION values (7901, '.', 2593, 272115.47, 4170933.99, 887.04);
insert into STATION values (7902, '.', 2593, 272121.39, 4170933.57, 887.05);
insert into STATION values (7903, '.', 2593, 272112.20, 4170934.27, 884.60);
insert into STATION values (7904, '.', 2593, 272112.29, 4170934.81, 886.65);
insert into STATION values (7905, '.', 2593, 272109.35, 4170935.25, 885.14);
insert into STATION values (7906, '.', 2593, 272105.72, 4170941.45, 891.82);
insert into STATION values (7907, '.', 2593, 272104.59, 4170934.94, 890.00);
insert into STATION values (7908, '.', 2593, 272105.12, 4170932.07, 889.95);
insert into STATION values (7909, '.', 2593, 272101.02, 4170929.81, 891.02);
insert into STATION values (7910, '.', 2593, 272105.38, 4170930.21, 887.86);
insert into STATION values (7911, '.', 2593, 272107.95, 4170930.65, 886.41);
insert into STATION values (7912, '.', 2593, 272098.56, 4170922.97, 898.25);
insert into STATION values (7913, '.', 2593, 272097.96, 4170926.99, 901.52);
insert into STATION values (7914, '.', 2593, 272106.57, 4170940.42, 884.91);
insert into STATION values (7915, '.', 2593, 272098.63, 4170954.77, 886.32);
insert into STATION values (7916, '.', 2593, 272090.88, 4170956.47, 886.28);
insert into STATION values (7917, '.', 2593, 272096.35, 4170943.74, 891.76);
insert into STATION values (7918, '58', 2593, 272094.74, 4170929.49, 895.24);
insert into STATION values (7919, '.', 2593, 272094.82, 4170929.26, 894.55);
insert into STATION values (7920, '.', 2593, 272094.10, 4170924.01, 898.33);
insert into STATION values (7921, '.', 2593, 272093.75, 4170924.75, 904.46);
insert into STATION values (7922, '.', 2593, 272093.76, 4170932.24, 895.36);
insert into STATION values (7923, '.', 2593, 272094.17, 4170930.04, 894.82);
insert into STATION values (7924, '.', 2593, 272091.36, 4170927.38, 903.20);
insert into STATION values (7925, '.', 2593, 272103.16, 4170922.31, 897.88);
insert into STATION values (7926, '.', 2593, 272098.34, 4170933.12, 896.59);
insert into STATION values (7927, '.', 2593, 272097.85, 4170930.52, 892.56);
insert into STATION values (7928, '.', 2593, 272086.13, 4170926.17, 899.84);
insert into STATION values (7929, '.', 2593, 272084.64, 4170933.31, 899.50);
insert into STATION values (7930, '.', 2593, 272076.41, 4170932.11, 901.44);
insert into STATION values (7931, 'B25', 2593, 272076.04, 4170932.03, 901.56);
insert into STATION values (7932, '.', 2593, 272073.79, 4170929.10, 902.08);
insert into STATION values (7933, '.', 2593, 272072.92, 4170933.86, 901.94);
insert into STATION values (7934, '.', 2593, 272074.06, 4170935.19, 901.22);
insert into STATION values (7935, '.', 2593, 272073.55, 4170931.99, 901.64);
insert into STATION values (7936, '.', 2593, 272068.60, 4170933.35, 906.32);
insert into STATION values (7937, '.', 2593, 272065.44, 4170932.36, 911.41);
insert into STATION values (7938, '.', 2593, 272075.07, 4170930.87, 900.62);
insert into STATION values (7939, '.', 2593, 272074.70, 4170928.56, 901.43);
insert into STATION values (7940, '.', 2593, 272072.76, 4170933.67, 902.03);
insert into STATION values (7941, '.', 2593, 272073.56, 4170935.77, 900.77);
insert into STATION values (7942, '.', 2593, 272076.08, 4170936.81, 898.68);
insert into STATION values (7943, '.', 2593, 272075.43, 4170933.70, 900.17);
insert into STATION values (7944, '.', 2593, 272075.14, 4170936.58, 900.22);
insert into STATION values (7945, '.', 2593, 272074.70, 4170935.23, 901.10);
insert into STATION values (7946, '.', 2593, 272070.37, 4170931.68, 906.22);
insert into STATION values (7947, '60', 2593, 272070.49, 4170931.81, 906.39);
insert into STATION values (7948, '.', 2593, 272069.95, 4170935.74, 906.57);
insert into STATION values (7949, '.', 2593, 272068.25, 4170932.13, 906.79);
insert into STATION values (7950, '.', 2593, 272071.08, 4170932.27, 904.47);
insert into STATION values (7951, '.', 2593, 272072.51, 4170931.36, 902.76);
insert into STATION values (7952, '.', 2593, 272070.96, 4170931.96, 907.24);
insert into STATION values (7953, '.', 2593, 272068.85, 4170932.98, 912.27);
insert into STATION values (7954, '.', 2593, 272065.88, 4170932.29, 912.70);
insert into STATION values (7955, '.', 2593, 272068.58, 4170932.48, 908.05);
insert into STATION values (7956, '.', 2593, 272065.22, 4170933.49, 915.00);
insert into STATION values (7957, '.', 2593, 272065.00, 4170935.62, 917.12);
insert into STATION values (7958, '.', 2593, 272067.58, 4170934.25, 913.99);
insert into STATION values (7959, '.', 2593, 272064.19, 4170938.68, 915.26);
insert into STATION values (7960, '61', 2593, 272062.57, 4170935.28, 918.82);
insert into STATION values (7961, 'B26', 2593, 272074.02, 4170944.76, 894.82);
insert into STATION values (7962, '.', 2593, 272072.28, 4170939.75, 895.40);
insert into STATION values (7963, '.', 2593, 272073.34, 4170938.79, 897.98);
insert into STATION values (7964, '.', 2593, 272075.79, 4170938.24, 898.05);
insert into STATION values (7965, '.', 2593, 272074.61, 4170939.10, 898.48);
insert into STATION values (7966, '.', 2593, 272074.64, 4170938.11, 897.09);
insert into STATION values (7967, '.', 2593, 272074.67, 4170941.31, 894.65);
insert into STATION values (7968, '.', 2593, 272074.41, 4170943.43, 893.62);
insert into STATION values (7969, '.', 2593, 272072.33, 4170944.88, 892.88);
insert into STATION values (7970, '.', 2593, 272072.49, 4170945.38, 892.90);
insert into STATION values (7971, '.', 2593, 272072.04, 4170944.18, 894.78);
insert into STATION values (7972, '.', 2593, 272072.39, 4170944.73, 896.32);
insert into STATION values (7973, '.', 2593, 272076.02, 4170943.14, 893.56);
insert into STATION values (7974, '.', 2593, 272076.68, 4170944.15, 894.68);
insert into STATION values (7975, '.', 2593, 272077.96, 4170941.85, 895.93);
insert into STATION values (7976, '.', 2593, 272077.79, 4170940.07, 895.57);
insert into STATION values (7977, '63', 2593, 272072.50, 4170945.33, 894.70);
insert into STATION values (7978, '.', 2593, 272071.60, 4170945.05, 894.79);
insert into STATION values (7979, '.', 2593, 272071.29, 4170945.75, 893.07);
insert into STATION values (7980, '.', 2593, 272072.59, 4170945.90, 897.56);
insert into STATION values (7981, '.', 2593, 272072.67, 4170945.45, 894.93);
insert into STATION values (7982, '.', 2593, 272071.02, 4170947.48, 895.24);
insert into STATION values (7983, '.', 2593, 272070.54, 4170947.03, 895.33);
insert into STATION values (7984, '.', 2593, 272069.75, 4170947.95, 894.01);
insert into STATION values (7985, '.', 2593, 272068.93, 4170949.19, 896.47);
insert into STATION values (7986, '64', 2593, 272067.02, 4170949.76, 894.84);
insert into STATION values (7987, '65', 2593, 272080.53, 4170940.65, 892.75);
insert into STATION values (7988, '.', 2593, 272080.77, 4170942.26, 892.42);
insert into STATION values (7989, '.', 2593, 272080.72, 4170941.59, 891.47);
insert into STATION values (7990, '.', 2593, 272082.10, 4170941.61, 893.59);
insert into STATION values (7991, '.', 2593, 272083.79, 4170940.94, 893.63);
insert into STATION values (7992, '.', 2593, 272083.50, 4170941.42, 889.80);
insert into STATION values (7993, '.', 2593, 272084.50, 4170944.01, 889.38);
insert into STATION values (7994, '.', 2593, 272085.86, 4170940.90, 890.26);
insert into STATION values (7995, 'B27', 2593, 272095.30, 4170949.49, 886.02);
insert into STATION values (7996, '.', 2593, 272102.33, 4170951.56, 885.94);
insert into STATION values (7997, '.', 2593, 272097.70, 4170949.68, 890.72);
insert into STATION values (7998, '.', 2593, 272090.36, 4170942.26, 891.79);
insert into STATION values (7999, '.', 2593, 272093.09, 4170945.17, 886.31);
insert into STATION values (8000, '.', 2593, 272096.32, 4170949.42, 885.04);
insert into STATION values (8001, '.', 2593, 272106.46, 4170947.71, 884.39);
insert into STATION values (8002, '.', 2593, 272116.29, 4170948.04, 885.17);
insert into STATION values (8003, '.', 2593, 272115.23, 4170942.25, 886.68);
insert into STATION values (8004, '.', 2593, 272123.83, 4170942.61, 886.53);
insert into STATION values (8005, '.', 2593, 272114.93, 4170938.13, 894.09);
insert into STATION values (8006, '.', 2593, 272106.15, 4170938.54, 891.72);
insert into STATION values (8007, '.', 2593, 272103.23, 4170936.36, 889.25);
insert into STATION values (8008, '.', 2593, 272107.73, 4170938.36, 884.53);
insert into STATION values (8009, '.', 2593, 272111.74, 4170935.07, 887.66);
insert into STATION values (8010, '.', 2593, 272088.06, 4170942.63, 892.54);
insert into STATION values (8011, '.', 2593, 272084.11, 4170940.70, 891.03);
insert into STATION values (8012, '.', 2593, 272085.36, 4170946.17, 889.94);
insert into STATION values (8013, '.', 2593, 272088.93, 4170945.80, 888.03);
insert into STATION values (8014, '.', 2593, 272090.81, 4170946.60, 886.52);
insert into STATION values (8015, '.', 2593, 272093.82, 4170956.17, 884.98);
insert into STATION values (8016, '.', 2593, 272093.97, 4170967.82, 885.50);
insert into STATION values (8017, '.', 2593, 272092.56, 4170978.13, 887.48);
insert into STATION values (8018, '.', 2593, 272094.58, 4170956.01, 887.25);
insert into STATION values (8019, '.', 2593, 272090.38, 4170957.19, 886.58);
insert into STATION values (8020, '.', 2593, 272097.04, 4170957.08, 886.51);
insert into STATION values (8021, '.', 2593, 272099.12, 4170954.36, 886.46);
insert into STATION values (8022, '.', 2593, 272089.68, 4170952.44, 886.43);
insert into STATION values (8023, 'B28', 2593, 272091.21, 4170960.86, 885.76);
insert into STATION values (8024, '.', 2593, 272088.49, 4170964.49, 885.97);
insert into STATION values (8025, '.', 2593, 272087.74, 4170961.95, 885.48);
insert into STATION values (8026, '.', 2593, 272079.88, 4170963.74, 886.17);
insert into STATION values (8027, '.', 2593, 272080.54, 4170959.60, 887.20);
insert into STATION values (8028, '.', 2593, 272069.87, 4170963.16, 887.57);
insert into STATION values (8029, '.', 2593, 272072.35, 4170967.08, 886.63);
insert into STATION values (8030, '.', 2593, 272069.61, 4170963.57, 891.56);
insert into STATION values (8031, '.', 2593, 272089.82, 4170958.06, 887.09);
insert into STATION values (8032, '.', 2593, 272089.97, 4170959.13, 885.11);
insert into STATION values (8033, '.', 2593, 272089.67, 4170963.82, 885.89);
insert into STATION values (8034, '.', 2593, 272095.36, 4170964.64, 884.77);
insert into STATION values (8035, '.', 2593, 272098.64, 4170969.34, 885.75);
insert into STATION values (8036, '.', 2593, 272092.98, 4170964.04, 889.30);
insert into STATION values (8037, '.', 2593, 272089.87, 4170964.22, 886.77);
insert into STATION values (8038, '.', 2593, 272093.16, 4170961.04, 885.26);
insert into STATION values (8039, '.', 2593, 272100.47, 4170960.81, 885.18);
insert into STATION values (8040, '.', 2593, 272111.93, 4170960.16, 885.58);
insert into STATION values (8041, '.', 2593, 272109.11, 4170959.22, 886.58);
insert into STATION values (8042, '.', 2593, 272107.95, 4170962.96, 886.53);
insert into STATION values (8043, '.', 2593, 272104.27, 4170965.30, 886.22);
insert into STATION values (8044, '.', 2593, 272099.27, 4170965.40, 886.23);
insert into STATION values (8045, '.', 2593, 272109.02, 4170958.82, 886.99);
insert into STATION values (8046, '.', 2593, 272099.18, 4170959.28, 886.33);
insert into STATION values (8047, '.', 2593, 272098.84, 4170954.61, 885.39);
insert into STATION values (8048, '.', 2593, 272093.76, 4170956.36, 887.17);
insert into STATION values (8049, '.', 2593, 272092.84, 4170957.93, 885.08);
insert into STATION values (8050, '.', 2593, 272098.45, 4170961.99, 892.06);
insert into STATION values (8051, '.', 2593, 272102.47, 4170960.93, 891.53);
insert into STATION values (8052, '.', 2593, 272106.81, 4170960.52, 889.05);
insert into STATION values (8053, '69', 2593, 272113.99, 4170959.85, 889.25);
insert into STATION values (8054, '70', 2593, 272068.98, 4170965.32, 888.11);
insert into STATION values (8055, 'B29', 2593, 272093.24, 4170967.19, 886.03);
insert into STATION values (8056, '.', 2593, 272093.59, 4170977.43, 886.95);
insert into STATION values (8057, '.', 2593, 272093.14, 4170968.31, 885.53);
insert into STATION values (8058, '.', 2593, 272088.19, 4170966.76, 886.19);
insert into STATION values (8059, '.', 2593, 272093.74, 4170968.29, 890.91);
insert into STATION values (8060, '.', 2593, 272097.78, 4170970.10, 886.90);
insert into STATION values (8061, '.', 2593, 272094.62, 4170967.24, 887.09);
insert into STATION values (8062, '.', 2593, 272096.30, 4170972.84, 885.84);
insert into STATION values (8063, '.', 2593, 272093.05, 4170971.47, 885.50);
insert into STATION values (8064, '.', 2593, 272082.80, 4170974.01, 890.87);
insert into STATION values (8065, '.', 2593, 272072.73, 4170973.60, 892.31);
insert into STATION values (8066, '.', 2593, 272087.92, 4170968.21, 887.29);
insert into STATION values (8067, '.', 2593, 272089.35, 4170976.64, 886.69);
insert into STATION values (8068, '.', 2593, 272099.19, 4170966.25, 885.94);
insert into STATION values (8069, '.', 2593, 272099.09, 4170965.51, 885.94);
insert into STATION values (8070, '.', 2593, 272099.18, 4170967.43, 885.18);
insert into STATION values (8071, '.', 2593, 272101.83, 4170967.77, 887.46);
insert into STATION values (8072, '.', 2593, 272111.05, 4170969.55, 885.84);
insert into STATION values (8073, '.', 2593, 272111.86, 4170967.14, 885.74);
insert into STATION values (8074, '.', 2593, 272109.12, 4170968.20, 884.86);
insert into STATION values (8075, '.', 2593, 272098.56, 4170959.47, 885.82);
insert into STATION values (8076, '72', 2593, 272116.59, 4170967.42, 886.15);
insert into STATION values (8077, '.', 2593, 272117.13, 4170968.99, 885.96);
insert into STATION values (8078, '.', 2593, 272117.39, 4170968.10, 884.55);
insert into STATION values (8079, '.', 2593, 272119.52, 4170966.58, 885.69);
insert into STATION values (8080, '.', 2593, 272124.83, 4170966.85, 886.59);
insert into STATION values (8081, '.', 2593, 272120.60, 4170968.41, 885.93);
insert into STATION values (8082, '.', 2593, 272120.86, 4170967.84, 884.16);
insert into STATION values (8083, '.', 2593, 272129.48, 4170967.40, 881.56);
insert into STATION values (8084, '.', 2593, 272125.71, 4170967.47, 884.15);
insert into STATION values (8085, '.', 2593, 272129.74, 4170966.60, 883.14);
insert into STATION values (8086, '.', 2593, 272132.47, 4170966.85, 883.92);
insert into STATION values (8087, '.', 2593, 272117.57, 4170967.13, 889.44);
insert into STATION values (8088, '.', 2593, 272114.15, 4170966.89, 886.54);
insert into STATION values (8089, '.', 2593, 272112.46, 4170969.25, 885.88);
insert into STATION values (8090, '.', 2593, 272111.77, 4170967.23, 888.73);
insert into STATION values (8091, '73', 2593, 272133.90, 4170967.01, 882.06);
insert into STATION values (8092, '74', 2593, 272092.16, 4170973.78, 886.18);
insert into STATION values (8093, '.', 2593, 272092.63, 4170976.99, 885.82);
insert into STATION values (8094, '.', 2593, 272092.24, 4170974.51, 885.52);
insert into STATION values (8095, '.', 2593, 272093.14, 4170974.92, 890.31);
insert into STATION values (8096, '.', 2593, 272100.30, 4170978.53, 885.97);
insert into STATION values (8097, '.', 2593, 272103.94, 4170978.22, 885.63);
insert into STATION values (8098, '.', 2593, 272105.24, 4170975.17, 885.77);
insert into STATION values (8099, '.', 2593, 272101.61, 4170973.00, 885.57);
insert into STATION values (8100, '.', 2593, 272097.52, 4170971.89, 885.97);
insert into STATION values (8101, '.', 2593, 272097.73, 4170970.19, 885.65);
insert into STATION values (8102, '.', 2593, 272096.47, 4170970.95, 890.87);
insert into STATION values (8103, '.', 2593, 272087.88, 4170966.94, 886.52);
insert into STATION values (8104, '.', 2593, 272088.84, 4170968.57, 891.01);
insert into STATION values (8105, '.', 2593, 272072.90, 4170972.08, 886.15);
insert into STATION values (8106, '.', 2593, 272077.46, 4170969.24, 889.93);
insert into STATION values (8107, '.', 2593, 272083.39, 4170972.45, 892.33);
insert into STATION values (8108, '.', 2593, 272073.41, 4170973.54, 892.10);
insert into STATION values (8109, '.', 2593, 272076.73, 4170975.63, 890.61);
insert into STATION values (8110, '75', 2593, 272111.03, 4170973.77, 889.54);
insert into STATION values (8111, '76', 2593, 272104.51, 4170978.12, 886.59);
insert into STATION values (8112, '.', 2593, 272104.42, 4170977.50, 886.49);
insert into STATION values (8113, '.', 2593, 272104.87, 4170977.81, 885.10);
insert into STATION values (8114, '.', 2593, 272107.46, 4170977.55, 885.42);
insert into STATION values (8115, '.', 2593, 272113.18, 4170977.14, 885.04);
insert into STATION values (8116, '.', 2593, 272108.82, 4170976.45, 887.18);
insert into STATION values (8117, '.', 2593, 272111.10, 4170975.82, 890.92);
insert into STATION values (8118, '.', 2593, 272107.48, 4170977.96, 887.07);
insert into STATION values (8119, '77', 2593, 272113.60, 4170976.64, 885.53);
insert into STATION values (8120, '.', 2593, 272113.47, 4170976.04, 885.57);
insert into STATION values (8121, '.', 2593, 272123.39, 4170974.56, 887.19);
insert into STATION values (8122, '.', 2593, 272116.56, 4170975.68, 885.69);
insert into STATION values (8123, '.', 2593, 272115.71, 4170977.09, 885.77);
insert into STATION values (8124, '.', 2593, 272114.66, 4170978.83, 884.25);
insert into STATION values (8125, '.', 2593, 272115.13, 4170979.49, 884.00);
insert into STATION values (8126, '.', 2593, 272115.31, 4170979.42, 883.52);
insert into STATION values (8127, '.', 2593, 272114.83, 4170979.53, 883.63);
insert into STATION values (8128, '78', 2593, 272115.91, 4170980.77, 883.03);
insert into STATION values (8129, '79', 2593, 272124.56, 4170974.54, 887.08);
insert into STATION values (8130, '80', 2593, 272062.89, 4170975.03, 888.39);
insert into STATION values (8131, '.', 2593, 272062.46, 4170976.52, 887.67);
insert into STATION values (8132, '.', 2593, 272063.24, 4170976.96, 892.13);
insert into STATION values (8133, '.', 2593, 272062.39, 4170973.48, 892.27);
insert into STATION values (8134, '.', 2593, 272062.57, 4170973.60, 889.02);
insert into STATION values (8135, '.', 2593, 272063.77, 4170975.76, 886.68);
insert into STATION values (8136, '.', 2593, 272067.13, 4170975.44, 886.67);
insert into STATION values (8137, '.', 2593, 272071.10, 4170977.04, 889.39);
insert into STATION values (8138, '.', 2593, 272072.14, 4170970.71, 889.39);
insert into STATION values (8139, '.', 2593, 272055.38, 4170980.93, 889.42);
insert into STATION values (8140, '.', 2593, 272041.39, 4170978.73, 891.65);
insert into STATION values (8141, '.', 2593, 272044.88, 4170976.50, 894.36);
insert into STATION values (8142, '.', 2593, 272058.64, 4170974.48, 888.99);
insert into STATION values (8143, '.', 2593, 272049.90, 4170977.62, 887.65);
insert into STATION values (8144, '.', 2593, 272058.83, 4170976.07, 887.69);
insert into STATION values (8145, '81', 2593, 272039.29, 4170978.12, 887.72);
insert into STATION values (8146, '.', 2593, 272035.96, 4170974.34, 887.50);
insert into STATION values (8147, '.', 2593, 272038.48, 4170976.76, 886.87);
insert into STATION values (8148, '.', 2593, 272038.53, 4170976.88, 893.74);
insert into STATION values (8149, '.', 2593, 272039.59, 4170982.02, 891.26);
insert into STATION values (8150, '.', 2593, 272041.75, 4170985.39, 888.60);
insert into STATION values (8151, '.', 2593, 272040.43, 4170981.51, 886.53);
insert into STATION values (8152, '.', 2593, 272034.79, 4170978.74, 886.75);
insert into STATION values (8153, '.', 2593, 272031.52, 4170977.64, 887.52);
insert into STATION values (8154, '.', 2593, 272036.10, 4170978.59, 888.71);
insert into STATION values (8155, '.', 2593, 272034.68, 4170980.57, 887.98);
insert into STATION values (8156, '.', 2593, 272033.83, 4170982.47, 886.71);
insert into STATION values (8157, '.', 2593, 272041.69, 4170975.19, 887.47);
insert into STATION values (8158, '.', 2593, 272041.99, 4170985.50, 887.24);
insert into STATION values (8159, '.', 2593, 272046.75, 4170984.28, 888.08);
insert into STATION values (8160, '.', 2593, 272048.71, 4170982.32, 887.87);
insert into STATION values (8161, '.', 2593, 272043.59, 4170979.10, 887.06);
insert into STATION values (8162, '.', 2593, 272046.23, 4170975.17, 887.92);
insert into STATION values (8163, '.', 2593, 272042.15, 4170979.08, 891.84);
insert into STATION values (8164, '.', 2593, 272046.97, 4170979.23, 892.99);
insert into STATION values (8165, '82', 2593, 272028.35, 4170981.45, 887.56);
insert into STATION values (8166, '83', 2593, 272119.18, 4170945.81, 886.55);
insert into STATION values (8167, '.', 2593, 272118.39, 4170941.84, 886.66);
insert into STATION values (8168, '.', 2593, 272118.38, 4170942.00, 895.17);
insert into STATION values (8169, '.', 2593, 272121.21, 4170949.80, 887.84);
insert into STATION values (8170, '.', 2593, 272104.21, 4170939.19, 885.95);
insert into STATION values (8171, '.', 2593, 272112.19, 4170945.86, 884.82);
insert into STATION values (8172, '.', 2593, 272114.62, 4170942.59, 886.32);
insert into STATION values (8173, '.', 2593, 272109.77, 4170950.64, 885.27);
insert into STATION values (8174, '.', 2593, 272116.02, 4170949.43, 890.58);
insert into STATION values (8175, '.', 2593, 272128.09, 4170944.00, 892.87);
insert into STATION values (8176, '.', 2593, 272134.47, 4170941.81, 889.28);
insert into STATION values (8177, '.', 2593, 272130.55, 4170945.02, 885.71);
insert into STATION values (8178, '.', 2593, 272122.71, 4170945.82, 885.74);
insert into STATION values (8179, '.', 2593, 272125.59, 4170948.91, 891.35);
insert into STATION values (8180, '.', 2593, 272122.54, 4170946.59, 895.17);
insert into STATION values (8181, 'B30', 2593, 272136.16, 4170945.00, 887.02);
insert into STATION values (8182, '.', 2593, 272130.55, 4170939.28, 887.27);
insert into STATION values (8183, '.', 2593, 272135.38, 4170940.63, 888.98);
insert into STATION values (8184, '.', 2593, 272144.04, 4170938.51, 888.64);
insert into STATION values (8185, '.', 2593, 272139.80, 4170942.24, 884.96);
insert into STATION values (8186, '.', 2593, 272141.70, 4170940.97, 885.71);
insert into STATION values (8187, '.', 2593, 272136.57, 4170944.46, 886.31);
insert into STATION values (8188, '.', 2593, 272125.04, 4170941.57, 889.65);
insert into STATION values (8189, '.', 2593, 272129.53, 4170944.81, 893.80);
insert into STATION values (8190, '.', 2593, 272130.39, 4170948.42, 888.63);
insert into STATION values (8191, '.', 2593, 272129.92, 4170936.82, 887.18);
insert into STATION values (8192, '.', 2593, 272133.77, 4170932.88, 888.26);
insert into STATION values (8193, '.', 2593, 272137.54, 4170935.69, 888.38);
insert into STATION values (8194, '.', 2593, 272135.96, 4170936.73, 884.76);
insert into STATION values (8195, '.', 2593, 272141.47, 4170951.19, 884.31);
insert into STATION values (8196, '.', 2593, 272151.59, 4170957.08, 885.14);
insert into STATION values (8197, '.', 2593, 272140.53, 4170957.95, 888.29);
insert into STATION values (8198, '.', 2593, 272134.26, 4170949.19, 888.35);
insert into STATION values (8199, '.', 2593, 272150.42, 4170948.97, 888.21);
insert into STATION values (8200, '.', 2593, 272144.93, 4170948.82, 886.13);
insert into STATION values (8201, '.', 2593, 272143.63, 4170950.44, 885.43);
insert into STATION values (8202, '.', 2593, 272140.82, 4170954.38, 885.70);
insert into STATION values (8203, '.', 2593, 272145.54, 4170951.60, 888.45);
insert into STATION values (8204, '.', 2593, 272140.84, 4170947.99, 889.44);
insert into STATION values (8205, '86', 2593, 272158.71, 4170958.06, 888.17);
insert into STATION values (8206, '.', 2593, 272159.33, 4170956.16, 888.08);
insert into STATION values (8207, '.', 2593, 272158.84, 4170958.31, 889.14);
insert into STATION values (8208, '.', 2593, 272157.21, 4170961.11, 888.19);
insert into STATION values (8209, '.', 2593, 272148.67, 4170949.07, 887.30);
insert into STATION values (8210, '.', 2593, 272141.37, 4170958.11, 887.35);
insert into STATION values (8211, '.', 2593, 272153.05, 4170957.23, 888.59);
insert into STATION values (8212, '.', 2593, 272144.45, 4170951.54, 885.21);
insert into STATION values (8213, '.', 2593, 272166.77, 4170954.91, 887.69);
insert into STATION values (8214, '.', 2593, 272167.18, 4170962.00, 887.68);
insert into STATION values (8215, '.', 2593, 272167.43, 4170961.68, 886.85);
insert into STATION values (8216, '.', 2593, 272162.38, 4170962.37, 887.58);
insert into STATION values (8217, '.', 2593, 272166.17, 4170963.61, 887.73);
insert into STATION values (8218, '.', 2593, 272163.10, 4170961.20, 889.11);
insert into STATION values (8219, '.', 2593, 272160.86, 4170959.64, 889.76);
insert into STATION values (8220, '.', 2593, 272159.89, 4170960.98, 887.82);
insert into STATION values (8221, '87', 2593, 272168.25, 4170964.58, 886.56);
insert into STATION values (8222, '.', 2593, 272169.09, 4170963.99, 886.69);
insert into STATION values (8223, '.', 2593, 272167.96, 4170964.97, 887.50);
insert into STATION values (8224, '.', 2593, 272166.89, 4170966.68, 886.95);
insert into STATION values (8225, '.', 2593, 272168.00, 4170965.23, 886.11);
insert into STATION values (8226, '.', 2593, 272170.21, 4170965.34, 887.02);
insert into STATION values (8227, '.', 2593, 272167.71, 4170968.46, 887.21);
insert into STATION values (8228, '.', 2593, 272169.60, 4170967.02, 886.62);
insert into STATION values (8229, '.', 2593, 272171.67, 4170967.30, 887.53);
insert into STATION values (8230, '.', 2593, 272167.77, 4170963.51, 887.18);
insert into STATION values (8231, '.', 2593, 272166.80, 4170963.52, 886.18);
insert into STATION values (8232, '.', 2593, 272165.11, 4170962.11, 886.72);
insert into STATION values (8233, '.', 2593, 272167.62, 4170962.29, 886.70);
insert into STATION values (8234, 'B31', 2593, 272170.71, 4170969.26, 888.78);
insert into STATION values (8235, '.', 2593, 272168.73, 4170968.25, 888.94);
insert into STATION values (8236, '.', 2593, 272165.34, 4170970.26, 890.30);
insert into STATION values (8237, '.', 2593, 272167.37, 4170971.06, 890.36);
insert into STATION values (8238, '.', 2593, 272168.54, 4170971.87, 889.56);
insert into STATION values (8239, '.', 2593, 272167.86, 4170971.49, 889.52);
insert into STATION values (8240, '.', 2593, 272166.55, 4170974.07, 890.26);
insert into STATION values (8241, '.', 2593, 272165.40, 4170972.49, 890.47);
insert into STATION values (8242, '.', 2593, 272167.23, 4170972.04, 890.21);
insert into STATION values (8243, '.', 2593, 272170.77, 4170969.39, 887.54);
insert into STATION values (8244, '.', 2593, 272172.96, 4170970.74, 888.57);
insert into STATION values (8245, '.', 2593, 272177.57, 4170971.58, 890.24);
insert into STATION values (8246, '.', 2593, 272172.28, 4170968.12, 890.35);
insert into STATION values (8247, '.', 2593, 272171.62, 4170966.95, 889.75);
insert into STATION values (8248, '.', 2593, 272170.54, 4170966.46, 888.48);
insert into STATION values (8249, '.', 2593, 272172.01, 4170968.72, 887.73);
insert into STATION values (8250, '89', 2593, 272164.00, 4170975.38, 890.64);
insert into STATION values (8251, '90', 2593, 272177.74, 4170968.04, 889.25);
insert into STATION values (8252, '.', 2593, 272178.68, 4170970.15, 889.50);
insert into STATION values (8253, '.', 2593, 272175.76, 4170971.90, 890.39);
insert into STATION values (8254, '.', 2593, 272173.59, 4170968.92, 890.36);
insert into STATION values (8255, '.', 2593, 272170.13, 4170968.24, 889.85);
insert into STATION values (8256, '.', 2593, 272168.70, 4170967.46, 887.96);
insert into STATION values (8257, '.', 2593, 272173.13, 4170965.65, 889.55);
insert into STATION values (8258, '.', 2593, 272175.96, 4170962.59, 890.44);
insert into STATION values (8259, '.', 2593, 272177.62, 4170967.58, 890.70);
insert into STATION values (8260, '.', 2593, 272178.16, 4170967.84, 888.49);
insert into STATION values (8261, '.', 2593, 272181.93, 4170967.08, 887.69);
insert into STATION values (8262, '.', 2593, 272193.15, 4170964.81, 887.18);
insert into STATION values (8263, '.', 2593, 272190.67, 4170964.10, 888.83);
insert into STATION values (8264, '.', 2593, 272183.71, 4170961.47, 889.73);
insert into STATION values (8265, '.', 2593, 272178.69, 4170961.37, 890.00);
insert into STATION values (8266, '.', 2593, 272180.84, 4170966.48, 891.40);
insert into STATION values (8267, '.', 2593, 272189.69, 4170965.47, 889.81);
insert into STATION values (8268, '.', 2593, 272181.34, 4170969.61, 889.69);
insert into STATION values (8269, '.', 2593, 272184.41, 4170967.79, 889.03);
insert into STATION values (8270, '91', 2593, 272198.28, 4170965.42, 888.30);
insert into STATION values (8271, '.', 2593, 272198.19, 4170962.94, 888.93);
insert into STATION values (8272, '.', 2593, 272198.47, 4170964.23, 888.06);
insert into STATION values (8273, '.', 2593, 272198.27, 4170965.52, 889.41);
insert into STATION values (8274, '.', 2593, 272198.66, 4170967.00, 886.92);
insert into STATION values (8275, '.', 2593, 272199.36, 4170972.26, 889.28);
insert into STATION values (8276, '.', 2593, 272198.67, 4170967.09, 889.57);
insert into STATION values (8277, '.', 2593, 272203.91, 4170968.35, 886.33);
insert into STATION values (8278, '.', 2593, 272210.25, 4170968.57, 885.73);
insert into STATION values (8279, '.', 2593, 272209.49, 4170967.13, 890.48);
insert into STATION values (8280, '.', 2593, 272202.01, 4170966.84, 890.49);
insert into STATION values (8281, '.', 2593, 272208.13, 4170971.96, 889.42);
insert into STATION values (8282, '.', 2593, 272215.34, 4170971.45, 889.60);
insert into STATION values (8283, '.', 2593, 272206.06, 4170964.73, 889.01);
insert into STATION values (8284, '.', 2593, 272192.49, 4170962.75, 888.82);
insert into STATION values (8285, '.', 2593, 272196.26, 4170962.67, 889.04);
insert into STATION values (8286, '.', 2593, 272195.39, 4170965.76, 889.04);
insert into STATION values (8287, '.', 2593, 272190.33, 4170965.84, 886.89);
insert into STATION values (8288, '.', 2593, 272193.06, 4170969.92, 889.61);
insert into STATION values (8289, 'B32', 2593, 272214.55, 4170968.53, 887.69);
insert into STATION values (8290, '.', 2593, 272209.65, 4170961.30, 886.96);
insert into STATION values (8291, '.', 2593, 272209.94, 4170963.77, 885.03);
insert into STATION values (8292, '.', 2593, 272211.89, 4170964.77, 885.43);
insert into STATION values (8293, '.', 2593, 272212.06, 4170961.20, 885.66);
insert into STATION values (8294, '.', 2593, 272214.46, 4170966.12, 890.54);
insert into STATION values (8295, '.', 2593, 272217.43, 4170962.41, 889.46);
insert into STATION values (8296, '.', 2593, 272218.45, 4170960.11, 887.13);
insert into STATION values (8297, '.', 2593, 272215.66, 4170964.60, 886.68);
insert into STATION values (8298, '.', 2593, 272215.74, 4170961.46, 887.59);
insert into STATION values (8299, '.', 2593, 272215.30, 4170959.08, 888.72);
insert into STATION values (8300, '.', 2593, 272226.00, 4170958.42, 890.17);
insert into STATION values (8301, '.', 2593, 272220.98, 4170966.53, 889.98);
insert into STATION values (8302, '.', 2593, 272217.58, 4170953.33, 888.91);
insert into STATION values (8303, '.', 2593, 272212.99, 4170973.72, 890.06);
insert into STATION values (8304, '.', 2593, 272211.95, 4170969.23, 890.82);
insert into STATION values (8305, '.', 2593, 272206.48, 4170969.05, 890.72);
insert into STATION values (8306, '.', 2593, 272206.10, 4170971.94, 890.46);
insert into STATION values (8307, '.', 2593, 272208.23, 4170963.78, 890.28);
insert into STATION values (8308, '93', 2593, 272209.58, 4170961.58, 884.19);
insert into STATION values (8309, '.', 2593, 272210.88, 4170960.01, 884.26);
insert into STATION values (8310, '.', 2593, 272209.60, 4170961.60, 883.76);
insert into STATION values (8311, '.', 2593, 272209.52, 4170961.42, 884.43);
insert into STATION values (8312, '.', 2593, 272206.67, 4170962.42, 882.98);
insert into STATION values (8313, '.', 2593, 272206.18, 4170957.45, 881.40);
insert into STATION values (8314, '.', 2593, 272209.05, 4170959.83, 882.61);
insert into STATION values (8315, '.', 2593, 272209.39, 4170959.77, 884.65);
insert into STATION values (8316, '.', 2593, 272209.72, 4170959.33, 883.44);
insert into STATION values (8317, '94', 2593, 272208.35, 4170950.30, 877.87);
insert into STATION values (8318, '95', 2593, 272225.01, 4170948.15, 888.69);
insert into STATION values (8319, '.', 2593, 272218.64, 4170945.22, 892.13);
insert into STATION values (8320, '.', 2593, 272222.45, 4170947.71, 896.70);
insert into STATION values (8321, '.', 2593, 272224.87, 4170944.46, 889.40);
insert into STATION values (8322, '.', 2593, 272225.15, 4170945.97, 887.09);
insert into STATION values (8323, '.', 2593, 272231.26, 4170942.10, 893.82);
insert into STATION values (8324, '.', 2593, 272233.07, 4170946.87, 895.42);
insert into STATION values (8325, '.', 2593, 272227.42, 4170945.80, 887.16);
insert into STATION values (8326, '.', 2593, 272222.56, 4170951.10, 886.93);
insert into STATION values (8327, '.', 2593, 272218.11, 4170958.63, 886.88);
insert into STATION values (8328, '.', 2593, 272217.26, 4170954.07, 889.46);
insert into STATION values (8329, '.', 2593, 272225.81, 4170957.77, 890.24);
insert into STATION values (8330, '96', 2593, 272225.57, 4170947.61, 888.47);
insert into STATION values (8331, '.', 2593, 272225.84, 4170947.21, 886.84);
insert into STATION values (8332, '.', 2593, 272225.02, 4170943.93, 888.55);
insert into STATION values (8333, '.', 2593, 272225.66, 4170946.58, 896.51);
insert into STATION values (8334, 'B33', 2593, 272231.76, 4170944.23, 888.15);
insert into STATION values (8335, '.', 2593, 272231.69, 4170944.11, 887.76);
insert into STATION values (8336, '.', 2593, 272231.27, 4170941.46, 888.81);
insert into STATION values (8337, '.', 2593, 272235.17, 4170944.80, 897.59);
insert into STATION values (8338, '.', 2593, 272236.10, 4170946.32, 895.94);
insert into STATION values (8339, '.', 2593, 272235.26, 4170942.71, 896.15);
insert into STATION values (8340, '.', 2593, 272232.76, 4170948.35, 890.71);
insert into STATION values (8341, '.', 2593, 272232.38, 4170945.62, 888.15);
insert into STATION values (8342, '.', 2593, 272231.82, 4170940.99, 886.44);
insert into STATION values (8343, '.', 2593, 272228.99, 4170941.49, 886.38);
insert into STATION values (8344, '.', 2593, 272226.79, 4170942.89, 887.95);
insert into STATION values (8345, '.', 2593, 272227.88, 4170945.19, 887.50);
insert into STATION values (8346, '.', 2593, 272224.19, 4170943.93, 894.83);
insert into STATION values (8347, '98', 2593, 272229.93, 4170939.26, 884.86);
insert into STATION values (8348, '.', 2593, 272228.88, 4170939.05, 884.80);
insert into STATION values (8349, '.', 2593, 272229.72, 4170939.42, 885.34);
insert into STATION values (8350, '.', 2593, 272229.77, 4170938.96, 884.29);
insert into STATION values (8351, '.', 2593, 272231.61, 4170939.63, 884.96);
insert into STATION values (8352, '.', 2593, 272230.18, 4170939.96, 886.08);
insert into STATION values (8353, '.', 2593, 272230.39, 4170941.13, 885.73);
insert into STATION values (8354, '.', 2593, 272231.07, 4170940.21, 885.13);
insert into STATION values (8355, '.', 2593, 272233.82, 4170937.83, 884.76);
insert into STATION values (8356, '.', 2593, 272234.38, 4170935.48, 884.54);
insert into STATION values (8357, '.', 2593, 272232.41, 4170936.44, 885.04);
insert into STATION values (8358, '.', 2593, 272231.53, 4170937.10, 883.81);
insert into STATION values (8359, '.', 2593, 272229.72, 4170935.08, 884.25);
insert into STATION values (8360, '99', 2593, 272235.01, 4170932.13, 884.69);
insert into STATION values (8361, '72a', 2593, 272132.81, 4170965.38, 882.83);
insert into STATION values (8362, '.', 2593, 272132.71, 4170964.78, 882.83);
insert into STATION values (8363, '.', 2593, 272132.74, 4170965.20, 883.76);
insert into STATION values (8364, '.', 2593, 272132.92, 4170965.26, 881.97);
insert into STATION values (8365, '72b', 2593, 272133.96, 4170964.56, 881.61);
insert into STATION values (8366, '.', 2593, 272134.07, 4170964.90, 881.57);
insert into STATION values (8367, '.', 2593, 272133.93, 4170964.54, 881.90);
insert into STATION values (8368, '.', 2593, 272133.43, 4170964.40, 881.71);
insert into STATION values (8369, '.', 2593, 272133.76, 4170964.46, 881.25);
insert into STATION values (8370, '72c', 2593, 272138.48, 4170964.02, 881.42);
insert into STATION values (8371, '.', 2593, 272138.90, 4170964.44, 881.54);
insert into STATION values (8372, '.', 2593, 272138.82, 4170963.77, 882.20);
insert into STATION values (8373, '.', 2593, 272139.10, 4170963.58, 882.57);
insert into STATION values (8374, '.', 2593, 272138.43, 4170963.47, 881.46);
insert into STATION values (8375, '.', 2593, 272138.41, 4170963.94, 880.69);
insert into STATION values (8376, 'PTR_FR24_B18_00', 3049, 272142.07, 4170870.94, 880.61);
insert into STATION values (8377, '.', 3049, 272147.68, 4170875.77, 881.51);
insert into STATION values (8378, '.', 3049, 272154.05, 4170878.18, 883.28);
insert into STATION values (8379, '.', 3049, 272144.90, 4170885.74, 882.92);
insert into STATION values (8380, '.', 3049, 272140.37, 4170881.73, 881.74);
insert into STATION values (8381, '.', 3049, 272132.30, 4170875.09, 882.05);
insert into STATION values (8382, '.', 3049, 272133.04, 4170870.55, 881.92);
insert into STATION values (8383, '.', 3049, 272130.78, 4170864.97, 882.64);
insert into STATION values (8384, '.', 3049, 272136.57, 4170859.90, 882.48);
insert into STATION values (8385, '.', 3049, 272144.38, 4170865.01, 881.74);
insert into STATION values (8386, '.', 3049, 272146.13, 4170864.21, 882.62);
insert into STATION values (8387, '.', 3049, 272147.88, 4170866.92, 882.17);
insert into STATION values (8388, '.', 3049, 272142.30, 4170871.18, 880.00);
insert into STATION values (8389, '.', 3049, 272142.87, 4170870.89, 884.30);
insert into STATION values (8390, '1', 3049, 272162.60, 4170873.52, 881.82);
insert into STATION values (8391, '.', 3049, 272159.93, 4170878.67, 882.51);
insert into STATION values (8392, '.', 3049, 272157.88, 4170876.13, 882.42);
insert into STATION values (8393, '.', 3049, 272168.95, 4170874.42, 882.22);
insert into STATION values (8394, '.', 3049, 272169.18, 4170867.37, 883.26);
insert into STATION values (8395, '.', 3049, 272164.08, 4170865.34, 882.56);
insert into STATION values (8396, '.', 3049, 272159.66, 4170866.03, 882.18);
insert into STATION values (8397, '.', 3049, 272155.78, 4170867.04, 882.57);
insert into STATION values (8398, '.', 3049, 272162.90, 4170873.44, 880.21);
insert into STATION values (8399, '.', 3049, 272164.02, 4170872.22, 884.67);
insert into STATION values (8400, '2', 3049, 272172.22, 4170880.28, 879.09);
insert into STATION values (8401, '.', 3049, 272179.22, 4170884.84, 878.64);
insert into STATION values (8402, '.', 3049, 272172.92, 4170884.06, 879.75);
insert into STATION values (8403, '.', 3049, 272168.28, 4170884.68, 879.62);
insert into STATION values (8404, '.', 3049, 272180.55, 4170876.35, 879.93);
insert into STATION values (8405, '.', 3049, 272174.53, 4170874.24, 879.85);
insert into STATION values (8406, '.', 3049, 272168.77, 4170875.67, 879.31);
insert into STATION values (8407, '.', 3049, 272172.48, 4170880.49, 878.88);
insert into STATION values (8408, '.', 3049, 272173.93, 4170879.78, 881.61);
insert into STATION values (8409, '.', 3049, 272174.02, 4170913.12, 888.71);
insert into STATION values (8410, '.', 3049, 272164.99, 4170901.33, 885.56);
insert into STATION values (8411, '.', 3049, 272145.15, 4170890.59, 881.42);
insert into STATION values (8412, '.', 3049, 272162.08, 4170881.01, 879.78);
insert into STATION values (8413, 'PTR_FR24_A62_3', 3049, 272191.63, 4170887.83, 879.03);
insert into STATION values (8414, '.', 3049, 272202.22, 4170888.06, 882.02);
insert into STATION values (8415, '.', 3049, 272196.26, 4170883.24, 880.59);
insert into STATION values (8416, '.', 3049, 272189.12, 4170879.53, 879.62);
insert into STATION values (8417, '.', 3049, 272184.21, 4170879.30, 879.80);
insert into STATION values (8418, '.', 3049, 272163.26, 4170905.04, 881.93);
insert into STATION values (8419, '.', 3049, 272169.70, 4170911.88, 882.85);
insert into STATION values (8420, '.', 3049, 272179.19, 4170911.87, 882.93);
insert into STATION values (8421, '.', 3049, 272187.56, 4170896.95, 880.11);
insert into STATION values (8422, '.', 3049, 272194.50, 4170894.77, 879.91);
insert into STATION values (8423, '.', 3049, 272191.51, 4170887.97, 878.59);
insert into STATION values (8424, '.', 3049, 272191.19, 4170888.05, 885.27);
insert into STATION values (8425, '4', 3049, 272197.09, 4170893.79, 880.86);
insert into STATION values (8426, '.', 3049, 272197.48, 4170896.27, 880.87);
insert into STATION values (8427, '.', 3049, 272199.96, 4170895.47, 881.00);
insert into STATION values (8428, '.', 3049, 272196.31, 4170894.33, 880.76);
insert into STATION values (8429, '.', 3049, 272199.00, 4170891.89, 880.63);
insert into STATION values (8430, '.', 3049, 272197.38, 4170891.27, 880.35);
insert into STATION values (8431, '.', 3049, 272193.61, 4170882.16, 879.11);
insert into STATION values (8432, '.', 3049, 272202.04, 4170891.62, 880.73);
insert into STATION values (8433, '.', 3049, 272197.29, 4170893.82, 879.33);
insert into STATION values (8434, '.', 3049, 272202.34, 4170892.66, 893.63);
insert into STATION values (8435, '5', 3049, 272210.51, 4170893.98, 879.75);
insert into STATION values (8436, '.', 3049, 272209.40, 4170891.16, 879.83);
insert into STATION values (8437, '.', 3049, 272213.04, 4170890.78, 880.10);
insert into STATION values (8438, '.', 3049, 272216.20, 4170891.09, 879.82);
insert into STATION values (8439, '.', 3049, 272220.14, 4170888.11, 877.93);
insert into STATION values (8440, '.', 3049, 272233.91, 4170890.92, 881.20);
insert into STATION values (8441, '.', 3049, 272235.78, 4170899.56, 880.84);
insert into STATION values (8442, '.', 3049, 272237.19, 4170908.68, 881.14);
insert into STATION values (8443, '.', 3049, 272230.82, 4170913.35, 881.62);
insert into STATION values (8444, '.', 3049, 272221.00, 4170910.74, 881.28);
insert into STATION values (8445, '.', 3049, 272212.13, 4170911.96, 882.74);
insert into STATION values (8446, '.', 3049, 272205.17, 4170914.41, 882.31);
insert into STATION values (8447, '.', 3049, 272201.54, 4170915.27, 882.43);
insert into STATION values (8448, '.', 3049, 272210.51, 4170894.37, 878.65);
insert into STATION values (8449, '.', 3049, 272208.43, 4170897.09, 893.06);
insert into STATION values (8450, '6', 3049, 272239.90, 4170905.71, 881.03);
insert into STATION values (8451, '.', 3049, 272217.83, 4170889.10, 882.33);
insert into STATION values (8452, '.', 3049, 272221.91, 4170910.08, 881.87);
insert into STATION values (8453, '.', 3049, 272237.44, 4170909.02, 880.81);
insert into STATION values (8454, '.', 3049, 272240.18, 4170907.07, 880.96);
insert into STATION values (8455, '.', 3049, 272240.62, 4170905.44, 881.12);
insert into STATION values (8456, '.', 3049, 272240.03, 4170904.37, 881.04);
insert into STATION values (8457, '.', 3049, 272239.60, 4170905.91, 884.38);
insert into STATION values (8458, '.', 3049, 272239.69, 4170906.11, 879.61);
insert into STATION values (8459, '7', 3049, 272210.86, 4170906.80, 881.13);
insert into STATION values (8460, '.', 3049, 272195.25, 4170915.97, 880.97);
insert into STATION values (8461, '.', 3049, 272204.69, 4170915.31, 881.14);
insert into STATION values (8462, '.', 3049, 272210.08, 4170913.36, 881.24);
insert into STATION values (8463, '.', 3049, 272218.94, 4170909.65, 881.11);
insert into STATION values (8464, '.', 3049, 272236.34, 4170901.55, 880.17);
insert into STATION values (8465, '.', 3049, 272234.14, 4170893.27, 881.03);
insert into STATION values (8466, '.', 3049, 272230.67, 4170882.81, 880.15);
insert into STATION values (8467, '.', 3049, 272217.62, 4170890.35, 880.07);
insert into STATION values (8468, '.', 3049, 272209.88, 4170891.03, 880.41);
insert into STATION values (8469, '.', 3049, 272201.89, 4170892.02, 884.83);
insert into STATION values (8470, '.', 3049, 272209.64, 4170906.55, 879.94);
insert into STATION values (8471, '.', 3049, 272199.04, 4170903.04, 894.33);
insert into STATION values (8472, '.', 3049, 272210.37, 4170905.32, 885.74);
insert into STATION values (8473, '.', 3049, 272211.24, 4170905.12, 885.00);
insert into STATION values (8474, '.', 3049, 272210.56, 4170905.08, 885.06);
insert into STATION values (8475, '8', 3049, 272205.00, 4170911.47, 880.25);
insert into STATION values (8476, '.', 3049, 272210.76, 4170913.31, 880.56);
insert into STATION values (8477, '.', 3049, 272206.36, 4170914.89, 880.01);
insert into STATION values (8478, '.', 3049, 272202.23, 4170916.31, 880.30);
insert into STATION values (8479, '.', 3049, 272194.50, 4170914.90, 879.92);
insert into STATION values (8480, '.', 3049, 272186.78, 4170913.44, 879.80);
insert into STATION values (8481, '.', 3049, 272223.46, 4170888.96, 883.26);
insert into STATION values (8482, '.', 3049, 272204.92, 4170912.89, 878.49);
insert into STATION values (8483, '.', 3049, 272205.81, 4170912.07, 884.09);
insert into STATION values (8484, '.', 3049, 272206.90, 4170907.76, 892.38);
insert into STATION values (8485, '9', 3049, 272204.18, 4170922.53, 877.07);
insert into STATION values (8486, '.', 3049, 272207.86, 4170927.01, 877.69);
insert into STATION values (8487, '.', 3049, 272203.77, 4170932.77, 878.01);
insert into STATION values (8488, '.', 3049, 272200.64, 4170933.51, 878.25);
insert into STATION values (8489, '.', 3049, 272196.94, 4170927.83, 878.08);
insert into STATION values (8490, '.', 3049, 272196.44, 4170922.28, 876.97);
insert into STATION values (8491, '.', 3049, 272200.57, 4170918.64, 877.23);
insert into STATION values (8492, '.', 3049, 272209.23, 4170917.01, 877.91);
insert into STATION values (8493, '.', 3049, 272203.90, 4170922.33, 876.55);
insert into STATION values (8494, '.', 3049, 272203.63, 4170922.26, 878.95);
insert into STATION values (8495, '10', 3049, 272182.53, 4170915.72, 877.27);
insert into STATION values (8496, '.', 3049, 272182.52, 4170915.11, 877.29);
insert into STATION values (8497, '.', 3049, 272182.55, 4170916.41, 877.29);
insert into STATION values (8498, '.', 3049, 272182.44, 4170915.72, 877.71);
insert into STATION values (8499, '.', 3049, 272182.49, 4170915.67, 876.72);
insert into STATION values (8500, '11', 3049, 272179.62, 4170911.48, 881.52);
insert into STATION values (8501, '.', 3049, 272179.56, 4170912.28, 881.58);
insert into STATION values (8502, '.', 3049, 272168.78, 4170912.02, 882.57);
insert into STATION values (8503, '.', 3049, 272163.65, 4170908.01, 882.66);
insert into STATION values (8504, '.', 3049, 272164.75, 4170905.48, 881.83);
insert into STATION values (8505, '.', 3049, 272188.87, 4170880.17, 879.81);
insert into STATION values (8506, '.', 3049, 272191.64, 4170882.55, 879.88);
insert into STATION values (8507, '.', 3049, 272179.71, 4170911.11, 880.24);
insert into STATION values (8508, '.', 3049, 272176.22, 4170910.31, 892.52);
insert into STATION values (8509, '12', 3049, 272160.73, 4170902.59, 881.28);
insert into STATION values (8510, '.', 3049, 272161.25, 4170906.32, 881.26);
insert into STATION values (8511, '.', 3049, 272151.82, 4170909.76, 881.70);
insert into STATION values (8512, '.', 3049, 272139.82, 4170889.85, 881.33);
insert into STATION values (8513, '.', 3049, 272163.16, 4170898.21, 878.38);
insert into STATION values (8514, '.', 3049, 272161.69, 4170902.66, 887.03);
insert into STATION values (8515, 'PTR_FR24_B19_13', 3049, 272151.09, 4170902.58, 881.09);
insert into STATION values (8516, '.', 3049, 272161.76, 4170905.83, 881.84);
insert into STATION values (8517, '.', 3049, 272156.57, 4170908.78, 881.64);
insert into STATION values (8518, '.', 3049, 272151.30, 4170909.76, 881.52);
insert into STATION values (8519, '.', 3049, 272145.58, 4170912.41, 881.11);
insert into STATION values (8520, '.', 3049, 272140.00, 4170921.81, 883.23);
insert into STATION values (8521, '.', 3049, 272128.57, 4170921.44, 884.49);
insert into STATION values (8522, '.', 3049, 272125.02, 4170911.47, 883.70);
insert into STATION values (8523, '.', 3049, 272131.67, 4170897.97, 881.44);
insert into STATION values (8524, '.', 3049, 272141.27, 4170890.43, 881.48);
insert into STATION values (8525, '.', 3049, 272144.92, 4170888.09, 882.53);
insert into STATION values (8526, '.', 3049, 272143.92, 4170885.89, 881.51);
insert into STATION values (8527, '.', 3049, 272148.50, 4170901.30, 879.29);
insert into STATION values (8528, '.', 3049, 272150.22, 4170903.44, 887.06);
insert into STATION values (8529, 'PTR_FR24_B13_00', 3100, 272210.00, 4170800.03, 879.35);
insert into STATION values (8530, '.', 3100, 272211.57, 4170790.92, 881.25);
insert into STATION values (8531, '.', 3100, 272217.54, 4170787.95, 880.40);
insert into STATION values (8532, '.', 3100, 272223.94, 4170790.58, 879.94);
insert into STATION values (8533, '.', 3100, 272235.59, 4170809.07, 879.40);
insert into STATION values (8534, '.', 3100, 272223.08, 4170814.74, 880.45);
insert into STATION values (8535, '.', 3100, 272215.41, 4170820.29, 880.38);
insert into STATION values (8536, '.', 3100, 272195.96, 4170804.72, 880.62);
insert into STATION values (8537, '.', 3100, 272182.58, 4170795.47, 880.71);
insert into STATION values (8538, '.', 3100, 272189.36, 4170788.66, 880.01);
insert into STATION values (8539, '.', 3100, 272208.74, 4170798.73, 877.04);
insert into STATION values (8540, '.', 3100, 272209.22, 4170800.29, 884.90);
insert into STATION values (8541, '1', 3100, 272234.84, 4170791.37, 878.42);
insert into STATION values (8542, '.', 3100, 272226.06, 4170789.05, 880.50);
insert into STATION values (8543, '.', 3100, 272230.17, 4170780.29, 881.02);
insert into STATION values (8544, '.', 3100, 272238.02, 4170778.67, 880.43);
insert into STATION values (8545, '.', 3100, 272248.22, 4170776.44, 879.16);
insert into STATION values (8546, '.', 3100, 272253.66, 4170781.97, 879.49);
insert into STATION values (8547, '.', 3100, 272256.52, 4170786.19, 879.83);
insert into STATION values (8548, '.', 3100, 272245.39, 4170802.94, 878.92);
insert into STATION values (8549, '.', 3100, 272241.25, 4170805.21, 879.36);
insert into STATION values (8550, '.', 3100, 272235.24, 4170791.33, 877.55);
insert into STATION values (8551, '.', 3100, 272235.07, 4170792.78, 883.25);
insert into STATION values (8552, '2', 3100, 272255.82, 4170795.93, 879.37);
insert into STATION values (8553, '.', 3100, 272257.23, 4170789.32, 879.80);
insert into STATION values (8554, '.', 3100, 272267.89, 4170788.34, 879.97);
insert into STATION values (8555, '.', 3100, 272259.55, 4170799.98, 879.29);
insert into STATION values (8556, '.', 3100, 272253.89, 4170799.92, 879.33);
insert into STATION values (8557, '.', 3100, 272248.42, 4170798.97, 879.93);
insert into STATION values (8558, '.', 3100, 272255.89, 4170795.97, 877.89);
insert into STATION values (8559, '.', 3100, 272255.49, 4170794.65, 885.18);
insert into STATION values (8560, '3', 3100, 272270.02, 4170797.64, 880.23);
insert into STATION values (8561, '.', 3100, 272265.87, 4170788.68, 880.05);
insert into STATION values (8562, '.', 3100, 272260.26, 4170787.41, 880.35);
insert into STATION values (8563, '.', 3100, 272272.92, 4170789.69, 881.98);
insert into STATION values (8564, '.', 3100, 272277.23, 4170803.92, 880.68);
insert into STATION values (8565, '.', 3100, 272270.20, 4170801.91, 880.25);
insert into STATION values (8566, '.', 3100, 272266.17, 4170800.37, 880.19);
insert into STATION values (8567, '.', 3100, 272270.25, 4170798.15, 879.06);
insert into STATION values (8568, '.', 3100, 272270.35, 4170797.75, 881.51);
insert into STATION values (8569, '4', 3100, 272291.67, 4170794.66, 879.74);
insert into STATION values (8570, '.', 3100, 272280.75, 4170789.49, 881.96);
insert into STATION values (8571, '.', 3100, 272285.02, 4170784.64, 881.77);
insert into STATION values (8572, '.', 3100, 272291.50, 4170781.55, 882.82);
insert into STATION values (8573, '.', 3100, 272298.99, 4170778.93, 885.38);
insert into STATION values (8574, '.', 3100, 272309.11, 4170788.84, 886.95);
insert into STATION values (8575, '.', 3100, 272300.84, 4170799.28, 885.25);
insert into STATION values (8576, '.', 3100, 272295.84, 4170799.16, 883.64);
insert into STATION values (8577, '.', 3100, 272292.79, 4170804.71, 883.42);
insert into STATION values (8578, '.', 3100, 272284.84, 4170811.09, 882.34);
insert into STATION values (8579, '.', 3100, 272290.60, 4170794.38, 878.36);
insert into STATION values (8580, '.', 3100, 272292.62, 4170795.31, 885.60);
insert into STATION values (8581, 'PTR_FR24_A64_5', 3100, 272300.91, 4170787.38, 882.29);
insert into STATION values (8582, '.', 3100, 272304.34, 4170778.57, 885.36);
insert into STATION values (8583, '.', 3100, 272298.96, 4170779.67, 884.00);
insert into STATION values (8584, '.', 3100, 272293.62, 4170780.49, 883.81);
insert into STATION values (8585, '.', 3100, 272286.09, 4170783.94, 883.95);
insert into STATION values (8586, '.', 3100, 272316.28, 4170789.14, 887.53);
insert into STATION values (8587, '.', 3100, 272304.69, 4170806.89, 886.16);
insert into STATION values (8588, '.', 3100, 272296.57, 4170806.58, 887.42);
insert into STATION values (8589, '.', 3100, 272293.43, 4170799.37, 884.38);
insert into STATION values (8590, '.', 3100, 272300.12, 4170787.61, 880.99);
insert into STATION values (8591, '.', 3100, 272301.41, 4170787.12, 887.08);
insert into STATION values (8592, '6', 3100, 272306.67, 4170779.21, 886.09);
insert into STATION values (8593, '.', 3100, 272307.80, 4170781.09, 887.61);
insert into STATION values (8594, '.', 3100, 272308.00, 4170778.90, 886.70);
insert into STATION values (8595, '.', 3100, 272308.20, 4170777.40, 886.41);
insert into STATION values (8596, '.', 3100, 272307.43, 4170775.71, 889.30);
insert into STATION values (8597, '.', 3100, 272304.53, 4170777.66, 886.79);
insert into STATION values (8598, '.', 3100, 272299.66, 4170778.91, 886.71);
insert into STATION values (8599, '.', 3100, 272306.70, 4170779.29, 884.73);
insert into STATION values (8600, '.', 3100, 272305.98, 4170778.45, 895.65);
insert into STATION values (8601, '7', 3100, 272326.36, 4170769.50, 885.86);
insert into STATION values (8602, '.', 3100, 272329.83, 4170771.45, 887.04);
insert into STATION values (8603, '.', 3100, 272326.51, 4170773.07, 886.69);
insert into STATION values (8604, '.', 3100, 272326.60, 4170766.81, 886.36);
insert into STATION values (8605, '.', 3100, 272329.32, 4170766.18, 886.90);
insert into STATION values (8606, '.', 3100, 272325.10, 4170768.24, 886.31);
insert into STATION values (8607, '.', 3100, 272323.57, 4170769.52, 886.13);
insert into STATION values (8608, '.', 3100, 272325.31, 4170769.91, 884.40);
insert into STATION values (8609, '.', 3100, 272326.57, 4170769.38, 890.25);
insert into STATION values (8610, '8', 3100, 272335.47, 4170763.62, 887.48);
insert into STATION values (8611, '.', 3100, 272341.72, 4170758.74, 891.19);
insert into STATION values (8612, '.', 3100, 272333.12, 4170761.70, 890.04);
insert into STATION values (8613, '.', 3100, 272329.68, 4170764.90, 889.12);
insert into STATION values (8614, '.', 3100, 272338.19, 4170765.03, 887.47);
insert into STATION values (8615, '.', 3100, 272335.76, 4170765.10, 887.66);
insert into STATION values (8616, '.', 3100, 272331.60, 4170768.99, 886.97);
insert into STATION values (8617, '.', 3100, 272330.70, 4170769.23, 888.45);
insert into STATION values (8618, '.', 3100, 272335.46, 4170764.00, 886.14);
insert into STATION values (8619, '.', 3100, 272335.16, 4170764.20, 892.49);
insert into STATION values (8620, '9', 3100, 272346.62, 4170758.96, 886.27);
insert into STATION values (8621, '.', 3100, 272348.43, 4170762.20, 887.70);
insert into STATION values (8622, '.', 3100, 272350.25, 4170760.04, 887.11);
insert into STATION values (8623, '.', 3100, 272345.60, 4170763.63, 887.37);
insert into STATION values (8624, '.', 3100, 272339.98, 4170765.73, 887.83);
insert into STATION values (8625, '.', 3100, 272335.32, 4170765.55, 887.88);
insert into STATION values (8626, '.', 3100, 272337.88, 4170761.45, 888.39);
insert into STATION values (8627, '.', 3100, 272341.39, 4170758.69, 888.05);
insert into STATION values (8628, '.', 3100, 272344.01, 4170756.26, 887.67);
insert into STATION values (8629, '.', 3100, 272346.65, 4170758.66, 885.75);
insert into STATION values (8630, '.', 3100, 272345.92, 4170758.38, 890.94);
insert into STATION values (8631, 'PTR_FR24_A79_10', 3100, 272363.14, 4170754.02, 881.16);
insert into STATION values (8632, '.', 3100, 272373.90, 4170752.06, 882.08);
insert into STATION values (8633, '.', 3100, 272379.34, 4170764.25, 882.13);
insert into STATION values (8634, '.', 3100, 272375.45, 4170769.98, 879.15);
insert into STATION values (8635, '.', 3100, 272368.89, 4170782.64, 880.35);
insert into STATION values (8636, '.', 3100, 272360.05, 4170784.22, 877.60);
insert into STATION values (8637, '.', 3100, 272364.51, 4170752.55, 879.80);
insert into STATION values (8638, '.', 3100, 272364.64, 4170752.78, 885.20);
insert into STATION values (8639, '.', 3100, 272366.08, 4170747.62, 894.29);
insert into STATION values (8640, '11', 3100, 272367.86, 4170740.74, 878.29);
insert into STATION values (8641, '.', 3100, 272372.55, 4170741.87, 878.63);
insert into STATION values (8642, '.', 3100, 272374.85, 4170737.17, 879.66);
insert into STATION values (8643, '.', 3100, 272370.59, 4170744.96, 878.80);
insert into STATION values (8644, '.', 3100, 272367.50, 4170746.17, 878.64);
insert into STATION values (8645, '.', 3100, 272364.94, 4170732.25, 877.65);
insert into STATION values (8646, '.', 3100, 272362.33, 4170738.30, 878.50);
insert into STATION values (8647, '.', 3100, 272363.71, 4170745.63, 878.86);
insert into STATION values (8648, '.', 3100, 272368.31, 4170743.44, 876.46);
insert into STATION values (8649, '.', 3100, 272367.70, 4170741.26, 879.80);
insert into STATION values (8650, '.', 3100, 272368.74, 4170744.57, 883.98);
insert into STATION values (8651, '12', 3100, 272373.85, 4170736.88, 879.20);
insert into STATION values (8652, '.', 3100, 272375.31, 4170735.59, 879.60);
insert into STATION values (8653, '.', 3100, 272375.13, 4170738.28, 879.79);
insert into STATION values (8654, '.', 3100, 272374.28, 4170740.28, 880.04);
insert into STATION values (8655, '.', 3100, 272371.15, 4170730.82, 879.37);
insert into STATION values (8656, '.', 3100, 272366.16, 4170732.54, 882.12);
insert into STATION values (8657, '.', 3100, 272367.93, 4170740.27, 878.27);
insert into STATION values (8658, '.', 3100, 272361.47, 4170744.46, 878.61);
insert into STATION values (8659, '.', 3100, 272368.99, 4170745.93, 879.52);
insert into STATION values (8660, '.', 3100, 272371.80, 4170738.50, 877.10);
insert into STATION values (8661, '.', 3100, 272372.84, 4170737.49, 884.34);
insert into STATION values (8662, '13', 3100, 272384.97, 4170737.93, 881.45);
insert into STATION values (8663, '14', 3100, 272372.01, 4170730.28, 879.53);
insert into STATION values (8664, '.', 3100, 272374.33, 4170734.83, 879.49);
insert into STATION values (8665, '.', 3100, 272375.05, 4170732.29, 879.20);
insert into STATION values (8666, '.', 3100, 272377.13, 4170730.52, 879.12);
insert into STATION values (8667, '.', 3100, 272380.41, 4170727.18, 878.11);
insert into STATION values (8668, '.', 3100, 272366.69, 4170733.39, 882.74);
insert into STATION values (8669, '.', 3100, 272371.05, 4170729.97, 880.29);
insert into STATION values (8670, '.', 3100, 272371.24, 4170728.41, 879.66);
insert into STATION values (8671, '.', 3100, 272374.14, 4170731.07, 875.40);
insert into STATION values (8672, '.', 3100, 272373.33, 4170732.24, 882.43);
insert into STATION values (8673, 'PTR_FR24_A65_15', 3100, 272380.48, 4170723.53, 876.85);
insert into STATION values (8674, '.', 3100, 272384.99, 4170725.13, 877.56);
insert into STATION values (8675, '.', 3100, 272381.71, 4170724.93, 877.24);
insert into STATION values (8676, '.', 3100, 272380.85, 4170726.98, 877.99);
insert into STATION values (8677, '.', 3100, 272378.87, 4170718.08, 879.93);
insert into STATION values (8678, '.', 3100, 272376.13, 4170721.26, 879.77);
insert into STATION values (8679, '.', 3100, 272371.79, 4170729.60, 879.95);
insert into STATION values (8680, '.', 3100, 272377.04, 4170723.55, 876.84);
insert into STATION values (8681, '16', 3100, 272400.79, 4170718.33, 873.64);
insert into STATION values (8682, '17', 3100, 272408.57, 4170699.88, 875.57);
insert into STATION values (8683, '.', 3100, 272407.61, 4170696.68, 876.24);
insert into STATION values (8684, '.', 3100, 272405.63, 4170698.69, 876.25);
insert into STATION values (8685, '.', 3100, 272404.23, 4170701.46, 876.05);
insert into STATION values (8686, '.', 3100, 272416.84, 4170700.40, 876.47);
insert into STATION values (8687, '.', 3100, 272415.92, 4170705.98, 875.63);
insert into STATION values (8688, '.', 3100, 272411.44, 4170707.48, 875.77);
insert into STATION values (8689, '.', 3100, 272411.38, 4170711.82, 875.82);
insert into STATION values (8690, '.', 3100, 272410.31, 4170700.43, 874.04);
insert into STATION values (8691, '.', 3100, 272409.02, 4170699.35, 877.89);
insert into STATION values (8692, '18', 3100, 272415.66, 4170691.23, 875.20);
insert into STATION values (8693, '.', 3100, 272416.24, 4170691.25, 874.95);
insert into STATION values (8694, '.', 3100, 272416.75, 4170689.36, 875.43);
insert into STATION values (8695, '.', 3100, 272415.53, 4170694.34, 875.38);
insert into STATION values (8696, '.', 3100, 272410.54, 4170684.70, 876.38);
insert into STATION values (8697, '.', 3100, 272409.44, 4170692.89, 876.93);
insert into STATION values (8698, '.', 3100, 272407.81, 4170697.40, 876.74);
insert into STATION values (8699, '.', 3100, 272414.98, 4170691.32, 873.82);
insert into STATION values (8700, '.', 3100, 272415.77, 4170691.54, 877.02);
insert into STATION values (8701, '19', 3100, 272416.11, 4170673.60, 876.18);
insert into STATION values (8702, '.', 3100, 272414.25, 4170671.78, 877.96);
insert into STATION values (8703, '.', 3100, 272418.22, 4170669.77, 876.10);
insert into STATION values (8704, '.', 3100, 272410.35, 4170677.79, 878.18);
insert into STATION values (8705, '.', 3100, 272429.42, 4170670.83, 875.80);
insert into STATION values (8706, '.', 3100, 272423.87, 4170676.39, 875.68);
insert into STATION values (8707, '.', 3100, 272419.52, 4170677.85, 876.02);
insert into STATION values (8708, '.', 3100, 272417.85, 4170684.39, 875.40);
insert into STATION values (8709, '.', 3100, 272418.40, 4170674.34, 874.45);
insert into STATION values (8710, '.', 3100, 272417.20, 4170673.48, 879.65);
insert into STATION values (8711, '20', 3100, 272428.92, 4170665.07, 870.46);
insert into STATION values (8712, '.', 3100, 272434.75, 4170665.71, 870.61);
insert into STATION values (8713, '.', 3100, 272436.19, 4170672.05, 870.79);
insert into STATION values (8714, '.', 3100, 272431.93, 4170675.02, 870.20);
insert into STATION values (8715, '.', 3100, 272424.55, 4170683.65, 870.16);
insert into STATION values (8716, '.', 3100, 272424.62, 4170663.68, 871.99);
insert into STATION values (8717, '.', 3100, 272424.96, 4170655.04, 869.93);
insert into STATION values (8718, '.', 3100, 272428.96, 4170659.91, 870.41);
insert into STATION values (8719, '.', 3100, 272431.77, 4170656.44, 869.95);
insert into STATION values (8720, '.', 3100, 272435.35, 4170653.65, 869.52);
insert into STATION values (8721, '.', 3100, 272429.28, 4170662.48, 868.80);
insert into STATION values (8722, '.', 3100, 272429.46, 4170664.58, 877.38);
insert into STATION values (8723, '21', 3100, 272424.30, 4170683.55, 870.26);
insert into STATION values (8724, '22', 3100, 272439.85, 4170672.23, 870.80);
insert into STATION values (8725, '.', 3100, 272439.63, 4170676.14, 871.64);
insert into STATION values (8726, '.', 3100, 272441.79, 4170674.34, 871.59);
insert into STATION values (8727, '.', 3100, 272445.24, 4170672.19, 871.86);
insert into STATION values (8728, '.', 3100, 272448.63, 4170658.05, 869.22);
insert into STATION values (8729, '.', 3100, 272433.16, 4170661.98, 870.73);
insert into STATION values (8730, '.', 3100, 272427.97, 4170664.41, 870.00);
insert into STATION values (8731, '.', 3100, 272427.21, 4170667.81, 869.29);
insert into STATION values (8732, '.', 3100, 272439.38, 4170671.40, 869.57);
insert into STATION values (8733, '.', 3100, 272439.85, 4170671.54, 873.84);
insert into STATION values (8734, 'PTR_FR24_A67_23', 3100, 272447.57, 4170665.03, 869.61);
insert into STATION values (8735, '.', 3100, 272445.93, 4170671.67, 871.28);
insert into STATION values (8736, '.', 3100, 272448.97, 4170670.08, 871.29);
insert into STATION values (8737, '.', 3100, 272449.84, 4170672.54, 872.35);
insert into STATION values (8738, '.', 3100, 272456.17, 4170672.84, 872.32);
insert into STATION values (8739, '.', 3100, 272451.56, 4170666.54, 870.68);
insert into STATION values (8740, '.', 3100, 272437.98, 4170662.52, 869.70);
insert into STATION values (8741, '.', 3100, 272447.38, 4170656.98, 869.58);
insert into STATION values (8742, '.', 3100, 272450.21, 4170660.53, 869.74);
insert into STATION values (8743, '.', 3100, 272447.51, 4170663.78, 868.51);
insert into STATION values (8744, '.', 3100, 272446.96, 4170664.10, 872.05);
insert into STATION values (8745, '25', 3100, 272441.17, 4170648.22, 869.49);
insert into STATION values (8746, '.', 3100, 272450.48, 4170648.74, 868.97);
insert into STATION values (8747, '.', 3100, 272446.53, 4170650.35, 869.33);
insert into STATION values (8748, '.', 3100, 272447.81, 4170655.72, 869.42);
insert into STATION values (8749, '.', 3100, 272439.86, 4170641.81, 871.10);
insert into STATION values (8750, '.', 3100, 272440.82, 4170637.36, 872.18);
insert into STATION values (8751, '.', 3100, 272435.27, 4170645.92, 871.40);
insert into STATION values (8752, '.', 3100, 272434.58, 4170654.66, 870.70);
insert into STATION values (8753, '.', 3100, 272438.55, 4170659.87, 870.64);
insert into STATION values (8754, '.', 3100, 272441.28, 4170649.03, 868.42);
insert into STATION values (8755, '.', 3100, 272441.05, 4170648.40, 870.70);
insert into STATION values (8756, '26', 3100, 272453.38, 4170636.77, 870.07);
insert into STATION values (8757, '.', 3100, 272458.14, 4170634.55, 870.37);
insert into STATION values (8758, '.', 3100, 272460.15, 4170636.80, 870.41);
insert into STATION values (8759, '.', 3100, 272454.14, 4170641.36, 870.27);
insert into STATION values (8760, '.', 3100, 272453.10, 4170646.06, 869.71);
insert into STATION values (8761, '.', 3100, 272449.72, 4170646.81, 869.98);
insert into STATION values (8762, '.', 3100, 272448.66, 4170639.31, 870.67);
insert into STATION values (8763, '.', 3100, 272452.17, 4170636.78, 870.33);
insert into STATION values (8764, '.', 3100, 272447.41, 4170631.44, 870.87);
insert into STATION values (8765, '.', 3100, 272451.27, 4170630.51, 870.41);
insert into STATION values (8766, '.', 3100, 272454.29, 4170637.88, 868.73);
insert into STATION values (8767, '.', 3100, 272453.46, 4170636.91, 871.36);
insert into STATION values (8768, '27', 3100, 272457.09, 4170629.57, 869.89);
insert into STATION values (8769, '.', 3100, 272457.06, 4170627.45, 870.17);
insert into STATION values (8770, '.', 3100, 272459.42, 4170626.89, 870.46);
insert into STATION values (8771, '.', 3100, 272461.87, 4170628.18, 870.44);
insert into STATION values (8772, '.', 3100, 272461.91, 4170630.93, 869.73);
insert into STATION values (8773, '.', 3100, 272458.31, 4170630.81, 869.98);
insert into STATION values (8774, '.', 3100, 272457.12, 4170629.18, 869.27);
insert into STATION values (8775, '.', 3100, 272457.55, 4170629.23, 871.20);
insert into STATION values (8776, '28', 3100, 272462.41, 4170630.79, 868.88);
insert into STATION values (8777, '.', 3100, 272464.87, 4170634.76, 868.75);
insert into STATION values (8778, '.', 3100, 272462.73, 4170634.23, 868.74);
insert into STATION values (8779, '.', 3100, 272461.05, 4170633.58, 868.81);
insert into STATION values (8780, '.', 3100, 272458.30, 4170634.84, 868.76);
insert into STATION values (8781, '.', 3100, 272463.09, 4170629.61, 868.78);
insert into STATION values (8782, '.', 3100, 272462.08, 4170629.27, 868.95);
insert into STATION values (8783, '.', 3100, 272459.21, 4170627.27, 870.50);
insert into STATION values (8784, '.', 3100, 272462.51, 4170630.48, 868.20);
insert into STATION values (8785, '.', 3100, 272462.46, 4170630.29, 869.54);
insert into STATION values (8786, '.', 3100, 272466.99, 4170628.84, 868.61);
insert into STATION values (8787, 'PTR_FR24_A68_29', 3100, 272467.72, 4170628.53, 868.56);
insert into STATION values (8788, '.', 3100, 272489.79, 4170619.82, 869.97);
insert into STATION values (8789, '.', 3100, 272488.79, 4170625.14, 870.06);
insert into STATION values (8790, '.', 3100, 272493.12, 4170625.66, 869.72);
insert into STATION values (8791, '.', 3100, 272481.67, 4170632.91, 869.53);
insert into STATION values (8792, '.', 3100, 272478.73, 4170638.74, 869.88);
insert into STATION values (8793, '.', 3100, 272473.21, 4170642.29, 869.16);
insert into STATION values (8794, '.', 3100, 272463.78, 4170620.78, 868.59);
insert into STATION values (8795, '.', 3100, 272463.62, 4170626.07, 868.30);
insert into STATION values (8796, '.', 3100, 272463.04, 4170629.36, 868.51);
insert into STATION values (8797, '.', 3100, 272467.57, 4170628.45, 868.21);
insert into STATION values (8798, '.', 3100, 272467.37, 4170628.51, 869.55);
insert into STATION values (8799, '23', 3100, 272447.66, 4170665.08, 869.25);
insert into STATION values (8800, '31', 3100, 272463.55, 4170656.61, 869.19);
insert into STATION values (8801, '.', 3100, 272459.64, 4170649.34, 869.10);
insert into STATION values (8802, '.', 3100, 272462.49, 4170648.28, 868.85);
insert into STATION values (8803, '.', 3100, 272468.31, 4170651.59, 869.49);
insert into STATION values (8804, '.', 3100, 272470.12, 4170652.98, 869.57);
insert into STATION values (8805, '.', 3100, 272471.55, 4170654.54, 869.86);
insert into STATION values (8806, '.', 3100, 272471.89, 4170664.05, 872.95);
insert into STATION values (8807, '.', 3100, 272466.92, 4170666.96, 873.13);
insert into STATION values (8808, '.', 3100, 272462.88, 4170671.05, 873.25);
insert into STATION values (8809, '.', 3100, 272459.67, 4170670.75, 872.47);
insert into STATION values (8810, '.', 3100, 272464.16, 4170657.71, 868.42);
insert into STATION values (8811, '.', 3100, 272464.46, 4170657.13, 872.15);
insert into STATION values (8812, '32', 3100, 272473.37, 4170656.24, 870.38);
insert into STATION values (8813, '.', 3100, 272474.47, 4170652.73, 870.96);
insert into STATION values (8814, '.', 3100, 272471.41, 4170651.62, 871.94);
insert into STATION values (8815, '.', 3100, 272472.15, 4170655.54, 870.44);
insert into STATION values (8816, '.', 3100, 272465.51, 4170653.50, 870.34);
insert into STATION values (8817, '.', 3100, 272482.30, 4170664.24, 872.30);
insert into STATION values (8818, '.', 3100, 272475.42, 4170664.35, 872.51);
insert into STATION values (8819, '.', 3100, 272469.65, 4170664.70, 873.24);
insert into STATION values (8820, '.', 3100, 272465.04, 4170666.78, 873.43);
insert into STATION values (8821, '.', 3100, 272474.64, 4170656.32, 869.20);
insert into STATION values (8822, '.', 3100, 272473.97, 4170656.04, 872.30);
insert into STATION values (8823, '33', 3100, 272488.56, 4170654.93, 870.59);
insert into STATION values (8824, '.', 3100, 272496.38, 4170648.81, 872.69);
insert into STATION values (8825, '.', 3100, 272493.62, 4170644.18, 872.71);
insert into STATION values (8826, '.', 3100, 272494.79, 4170659.85, 874.25);
insert into STATION values (8827, '.', 3100, 272488.88, 4170662.61, 874.54);
insert into STATION values (8828, '.', 3100, 272484.38, 4170663.78, 874.75);
insert into STATION values (8829, '.', 3100, 272475.08, 4170664.63, 873.55);
insert into STATION values (8830, '.', 3100, 272476.46, 4170649.63, 871.24);
insert into STATION values (8831, '.', 3100, 272477.88, 4170644.23, 870.59);
insert into STATION values (8832, '.', 3100, 272488.11, 4170655.11, 869.46);
insert into STATION values (8833, '.', 3100, 272488.37, 4170655.50, 873.79);
insert into STATION values (8834, '34', 3100, 272482.35, 4170648.19, 871.03);
insert into STATION values (8835, '.', 3100, 272481.27, 4170642.96, 871.45);
insert into STATION values (8836, '.', 3100, 272484.94, 4170640.85, 872.44);
insert into STATION values (8837, '.', 3100, 272487.83, 4170643.31, 872.71);
insert into STATION values (8838, '.', 3100, 272494.75, 4170645.27, 872.95);
insert into STATION values (8839, '.', 3100, 272495.29, 4170651.82, 873.66);
insert into STATION values (8840, '.', 3100, 272492.02, 4170657.25, 873.46);
insert into STATION values (8841, '.', 3100, 272486.25, 4170660.10, 873.10);
insert into STATION values (8842, '.', 3100, 272482.80, 4170663.76, 873.60);
insert into STATION values (8843, '.', 3100, 272477.16, 4170664.79, 873.62);
insert into STATION values (8844, '.', 3100, 272476.14, 4170650.94, 871.69);
insert into STATION values (8845, '.', 3100, 272476.68, 4170648.51, 871.36);
insert into STATION values (8846, '.', 3100, 272481.92, 4170648.00, 869.61);
insert into STATION values (8847, '.', 3100, 272482.88, 4170647.94, 874.26);
insert into STATION values (8848, '.', 3100, 272482.35, 4170647.31, 874.29);
insert into STATION values (8849, '35', 3100, 272476.36, 4170643.70, 868.99);
insert into STATION values (8850, '.', 3100, 272474.47, 4170644.83, 869.16);
insert into STATION values (8851, '.', 3100, 272474.87, 4170642.88, 869.02);
insert into STATION values (8852, '.', 3100, 272477.88, 4170639.67, 869.09);
insert into STATION values (8853, '.', 3100, 272481.24, 4170638.84, 869.10);
insert into STATION values (8854, '.', 3100, 272481.77, 4170642.44, 869.55);
insert into STATION values (8855, '.', 3100, 272476.90, 4170643.52, 868.56);
insert into STATION values (8856, '.', 3100, 272476.31, 4170643.59, 869.66);
insert into STATION values (8857, '36', 3100, 272393.15, 4170719.85, 874.28);
insert into STATION values (8858, '.', 3100, 272395.39, 4170717.54, 873.97);
insert into STATION values (8859, '.', 3100, 272392.18, 4170716.64, 874.48);
insert into STATION values (8860, '.', 3100, 272389.46, 4170716.12, 874.56);
insert into STATION values (8861, '.', 3100, 272400.82, 4170718.92, 873.60);
insert into STATION values (8862, '.', 3100, 272399.72, 4170723.19, 873.98);
insert into STATION values (8863, '.', 3100, 272396.55, 4170726.05, 874.64);
insert into STATION values (8864, '.', 3100, 272391.11, 4170726.54, 874.80);
insert into STATION values (8865, '.', 3100, 272389.06, 4170725.74, 874.35);
insert into STATION values (8866, '.', 3100, 272393.70, 4170719.62, 873.27);
insert into STATION values (8867, '.', 3100, 272393.06, 4170719.92, 875.45);
insert into STATION values (8868, '37', 3100, 272397.50, 4170717.21, 873.78);
insert into STATION values (8869, '.', 3100, 272402.82, 4170713.44, 872.83);
insert into STATION values (8870, '.', 3100, 272401.32, 4170717.80, 873.53);
insert into STATION values (8871, '.', 3100, 272400.37, 4170722.70, 873.82);
insert into STATION values (8872, '.', 3100, 272397.86, 4170725.52, 874.17);
insert into STATION values (8873, '.', 3100, 272396.21, 4170715.07, 874.35);
insert into STATION values (8874, '.', 3100, 272395.09, 4170717.32, 874.73);
insert into STATION values (8875, '.', 3100, 272387.10, 4170723.93, 874.64);
insert into STATION values (8876, '.', 3100, 272398.05, 4170717.24, 872.82);
insert into STATION values (8877, '.', 3100, 272397.40, 4170716.70, 875.35);
insert into STATION values (8878, '38', 3100, 272395.22, 4170732.23, 876.16);
insert into STATION values (8879, '39', 3100, 272401.48, 4170704.89, 873.21);
insert into STATION values (8880, '.', 3100, 272407.05, 4170699.75, 874.02);
insert into STATION values (8881, '.', 3100, 272409.98, 4170701.33, 873.89);
insert into STATION values (8882, '.', 3100, 272414.92, 4170709.55, 874.25);
insert into STATION values (8883, '.', 3100, 272399.74, 4170711.50, 872.97);
insert into STATION values (8884, '.', 3100, 272398.60, 4170708.60, 873.03);
insert into STATION values (8885, '.', 3100, 272399.96, 4170705.78, 873.29);
insert into STATION values (8886, '.', 3100, 272400.88, 4170702.86, 873.39);
insert into STATION values (8887, '.', 3100, 272405.44, 4170695.81, 874.32);
insert into STATION values (8888, '.', 3100, 272400.35, 4170697.53, 873.34);
insert into STATION values (8889, '.', 3100, 272401.99, 4170704.95, 872.45);
insert into STATION values (8890, '.', 3100, 272401.74, 4170704.55, 874.27);
insert into STATION values (8891, '40', 3100, 272401.74, 4170690.64, 873.88);
insert into STATION values (8892, 'PTR_FR24_A69_41', 3100, 272405.80, 4170712.26, 873.40);
insert into STATION values (8893, '.', 3100, 272409.45, 4170712.49, 873.55);
insert into STATION values (8894, '.', 3100, 272408.84, 4170715.58, 873.87);
insert into STATION values (8895, '.', 3100, 272405.93, 4170714.47, 873.92);
insert into STATION values (8896, '.', 3100, 272400.23, 4170707.56, 874.38);
insert into STATION values (8897, '.', 3100, 272404.37, 4170711.92, 873.91);
insert into STATION values (8898, '.', 3100, 272409.23, 4170701.31, 874.23);
insert into STATION values (8899, '.', 3100, 272406.42, 4170711.89, 872.70);
insert into STATION values (8900, '.', 3100, 272406.08, 4170711.97, 874.81);
insert into STATION values (8901, '42', 3100, 272415.82, 4170710.67, 874.54);
insert into STATION values (8902, '.', 3100, 272415.87, 4170711.32, 874.51);
insert into STATION values (8903, '.', 3100, 272414.49, 4170712.37, 874.00);
insert into STATION values (8904, '.', 3100, 272412.66, 4170712.82, 874.53);
insert into STATION values (8905, '.', 3100, 272404.41, 4170711.72, 874.18);
insert into STATION values (8906, '.', 3100, 272416.17, 4170711.12, 874.53);
insert into STATION values (8907, '.', 3100, 272417.45, 4170711.38, 874.61);
insert into STATION values (8908, '.', 3100, 272417.23, 4170711.32, 874.61);
insert into STATION values (8909, '.', 3100, 272416.80, 4170710.79, 874.51);
insert into STATION values (8910, '.', 3100, 272415.39, 4170710.07, 874.68);
insert into STATION values (8911, '.', 3100, 272415.42, 4170710.01, 874.12);
insert into STATION values (8912, '.', 3100, 272416.52, 4170710.81, 876.30);
insert into STATION values (8913, '43', 3100, 272371.73, 4170773.01, 875.19);
insert into STATION values (8914, '.', 3100, 272377.66, 4170772.30, 875.04);
insert into STATION values (8915, '.', 3100, 272374.87, 4170767.48, 875.44);
insert into STATION values (8916, '.', 3100, 272373.20, 4170761.84, 875.82);
insert into STATION values (8917, '.', 3100, 272367.94, 4170758.91, 877.34);
insert into STATION values (8918, '.', 3100, 272373.80, 4170754.14, 882.74);
insert into STATION values (8919, '.', 3100, 272377.67, 4170780.88, 875.89);
insert into STATION values (8920, '.', 3100, 272374.75, 4170782.79, 876.28);
insert into STATION values (8921, '.', 3100, 272369.04, 4170783.70, 875.69);
insert into STATION values (8922, '.', 3100, 272365.35, 4170780.39, 876.93);
insert into STATION values (8923, '.', 3100, 272371.85, 4170773.20, 874.79);
insert into STATION values (8924, '.', 3100, 272373.94, 4170775.51, 885.21);
insert into STATION values (8925, '44', 3100, 272381.50, 4170777.51, 875.53);
insert into STATION values (8926, '.', 3100, 272384.65, 4170779.65, 876.23);
insert into STATION values (8927, '.', 3100, 272395.09, 4170780.29, 878.91);
insert into STATION values (8928, '.', 3100, 272390.37, 4170766.62, 876.63);
insert into STATION values (8929, '.', 3100, 272386.00, 4170767.40, 876.01);
insert into STATION values (8930, '.', 3100, 272378.68, 4170780.52, 875.91);
insert into STATION values (8931, '.', 3100, 272379.07, 4170774.16, 875.95);
insert into STATION values (8932, '.', 3100, 272381.09, 4170777.52, 874.66);
insert into STATION values (8933, '.', 3100, 272381.23, 4170778.11, 880.00);
insert into STATION values (8934, '45', 3100, 272405.64, 4170771.65, 876.48);
insert into STATION values (8935, '46', 3100, 272370.97, 4170802.15, 876.37);
insert into STATION values (8936, '.', 3100, 272369.48, 4170800.28, 876.16);
insert into STATION values (8937, '.', 3100, 272371.74, 4170803.89, 876.24);
insert into STATION values (8938, '.', 3100, 272364.63, 4170804.00, 875.38);
insert into STATION values (8939, '.', 3100, 272370.75, 4170801.82, 875.14);
insert into STATION values (8940, '.', 3100, 272370.10, 4170802.54, 877.84);
insert into STATION values (8941, 'PTR_FR24_A64_00', 3255, 272300.91, 4170787.38, 882.29);
insert into STATION values (8942, '.', 3255, 272296.61, 4170787.50, 880.34);
insert into STATION values (8943, '.', 3255, 272286.56, 4170784.39, 883.68);
insert into STATION values (8944, '.', 3255, 272288.35, 4170784.97, 884.96);
insert into STATION values (8945, '.', 3255, 272294.29, 4170786.20, 887.00);
insert into STATION values (8946, '.', 3255, 272299.67, 4170787.40, 888.82);
insert into STATION values (8947, '.', 3255, 272299.51, 4170787.35, 888.73);
insert into STATION values (8948, '.', 3255, 272301.86, 4170787.83, 886.73);
insert into STATION values (8949, '.', 3255, 272306.18, 4170787.07, 886.36);
insert into STATION values (8950, '.', 3255, 272316.25, 4170789.09, 887.31);
insert into STATION values (8951, '.', 3255, 272302.59, 4170787.54, 881.43);
insert into STATION values (8952, '1', 3255, 272301.94, 4170801.61, 885.67);
insert into STATION values (8953, '.', 3255, 272297.92, 4170802.68, 885.01);
insert into STATION values (8954, '.', 3255, 272294.38, 4170804.33, 886.82);
insert into STATION values (8955, '.', 3255, 272295.16, 4170803.81, 887.46);
insert into STATION values (8956, '.', 3255, 272300.39, 4170802.19, 886.73);
insert into STATION values (8957, '.', 3255, 272302.67, 4170801.16, 886.61);
insert into STATION values (8958, '.', 3255, 272316.58, 4170797.71, 887.37);
insert into STATION values (8959, '.', 3255, 272309.10, 4170799.94, 884.35);
insert into STATION values (8960, '.', 3255, 272302.75, 4170801.42, 883.97);
insert into STATION values (8961, '2', 3255, 272298.70, 4170818.06, 885.35);
insert into STATION values (8962, '.', 3255, 272296.22, 4170817.97, 883.50);
insert into STATION values (8963, '.', 3255, 272292.11, 4170816.69, 884.89);
insert into STATION values (8964, '.', 3255, 272289.50, 4170816.01, 886.59);
insert into STATION values (8965, '.', 3255, 272290.02, 4170816.74, 887.57);
insert into STATION values (8966, '.', 3255, 272294.28, 4170817.29, 886.82);
insert into STATION values (8967, '.', 3255, 272297.71, 4170818.06, 887.20);
insert into STATION values (8968, '.', 3255, 272299.22, 4170818.84, 888.14);
insert into STATION values (8969, '.', 3255, 272299.25, 4170817.86, 891.43);
insert into STATION values (8970, '.', 3255, 272301.47, 4170817.31, 891.82);
insert into STATION values (8971, '.', 3255, 272301.29, 4170817.00, 891.78);
insert into STATION values (8972, '.', 3255, 272301.48, 4170817.60, 889.08);
insert into STATION values (8973, '.', 3255, 272310.23, 4170819.40, 889.94);
insert into STATION values (8974, '.', 3255, 272309.32, 4170819.71, 888.67);
insert into STATION values (8975, '.', 3255, 272301.44, 4170818.77, 884.70);
insert into STATION values (8976, '.', 3255, 272299.72, 4170818.46, 883.93);
insert into STATION values (8977, '3', 3255, 272285.67, 4170839.85, 885.65);
insert into STATION values (8978, '.', 3255, 272283.77, 4170839.45, 883.63);
insert into STATION values (8979, '.', 3255, 272280.55, 4170837.35, 883.97);
insert into STATION values (8980, '.', 3255, 272276.48, 4170835.24, 887.01);
insert into STATION values (8981, '.', 3255, 272283.16, 4170838.89, 887.33);
insert into STATION values (8982, '.', 3255, 272285.87, 4170840.14, 887.37);
insert into STATION values (8983, '.', 3255, 272291.84, 4170846.55, 889.36);
insert into STATION values (8984, '.', 3255, 272292.66, 4170847.18, 889.93);
insert into STATION values (8985, '.', 3255, 272286.97, 4170841.36, 884.31);
insert into STATION values (8986, '.', 3255, 272285.76, 4170839.91, 884.01);
insert into STATION values (8987, '4', 3255, 272271.59, 4170859.96, 884.87);
insert into STATION values (8988, '.', 3255, 272267.86, 4170858.22, 882.81);
insert into STATION values (8989, '.', 3255, 272266.59, 4170857.56, 884.69);
insert into STATION values (8990, '.', 3255, 272267.43, 4170858.03, 886.05);
insert into STATION values (8991, '.', 3255, 272264.48, 4170856.66, 889.17);
insert into STATION values (8992, '.', 3255, 272267.13, 4170859.35, 890.60);
insert into STATION values (8993, '.', 3255, 272271.40, 4170860.72, 890.22);
insert into STATION values (8994, '.', 3255, 272277.47, 4170865.70, 889.19);
insert into STATION values (8995, '.', 3255, 272277.10, 4170865.67, 888.37);
insert into STATION values (8996, '.', 3255, 272273.40, 4170861.94, 884.95);
insert into STATION values (8997, '.', 3255, 272273.94, 4170862.23, 883.80);
insert into STATION values (8998, '.', 3255, 272271.82, 4170860.23, 883.94);
insert into STATION values (8999, '.', 3255, 272262.45, 4170891.53, 887.75);
insert into STATION values (9000, '5', 3255, 272264.10, 4170886.15, 887.15);
insert into STATION values (9001, '.', 3255, 272263.36, 4170885.85, 886.50);
insert into STATION values (9002, '.', 3255, 272261.64, 4170885.22, 886.68);
insert into STATION values (9003, '.', 3255, 272261.75, 4170885.22, 887.45);
insert into STATION values (9004, '.', 3255, 272259.53, 4170884.30, 889.98);
insert into STATION values (9005, '.', 3255, 272261.81, 4170885.17, 890.24);
insert into STATION values (9006, '.', 3255, 272262.12, 4170885.43, 891.31);
insert into STATION values (9007, '.', 3255, 272264.62, 4170886.06, 891.31);
insert into STATION values (9008, '.', 3255, 272268.34, 4170885.08, 890.69);
insert into STATION values (9009, '.', 3255, 272270.76, 4170883.92, 889.80);
insert into STATION values (9010, '.', 3255, 272267.99, 4170885.04, 887.43);
insert into STATION values (9011, '.', 3255, 272268.14, 4170885.13, 886.12);
insert into STATION values (9012, '.', 3255, 272264.49, 4170886.07, 886.36);
insert into STATION values (9013, '6', 3255, 272277.37, 4170896.13, 887.03);
insert into STATION values (9014, '.', 3255, 272274.45, 4170898.44, 885.38);
insert into STATION values (9015, '.', 3255, 272275.10, 4170897.74, 886.53);
insert into STATION values (9016, '.', 3255, 272272.58, 4170899.30, 888.86);
insert into STATION values (9017, '.', 3255, 272272.60, 4170899.14, 890.39);
insert into STATION values (9018, '.', 3255, 272277.29, 4170896.21, 889.99);
insert into STATION values (9019, '.', 3255, 272278.48, 4170895.24, 889.67);
insert into STATION values (9020, '.', 3255, 272283.22, 4170891.42, 889.00);
insert into STATION values (9021, '.', 3255, 272279.37, 4170891.13, 888.94);
insert into STATION values (9022, '.', 3255, 272289.32, 4170892.15, 889.85);
insert into STATION values (9023, '.', 3255, 272285.74, 4170894.59, 891.54);
insert into STATION values (9024, '.', 3255, 272284.71, 4170897.29, 889.73);
insert into STATION values (9025, '.', 3255, 272284.05, 4170896.37, 887.51);
insert into STATION values (9026, '.', 3255, 272280.93, 4170894.69, 886.35);
insert into STATION values (9027, '.', 3255, 272277.59, 4170896.20, 886.06);
insert into STATION values (9028, '7', 3255, 272299.04, 4170885.59, 889.73);
insert into STATION values (9029, '.', 3255, 272299.60, 4170886.47, 888.80);
insert into STATION values (9030, '.', 3255, 272298.49, 4170884.69, 888.54);
insert into STATION values (9031, '.', 3255, 272299.22, 4170885.63, 888.79);
insert into STATION values (9032, '.', 3255, 272298.96, 4170885.87, 892.81);
insert into STATION values (9033, '8', 3255, 272278.43, 4170905.73, 888.09);
insert into STATION values (9034, '.', 3255, 272276.52, 4170904.69, 885.95);
insert into STATION values (9035, '.', 3255, 272274.43, 4170903.59, 887.73);
insert into STATION values (9036, '.', 3255, 272272.29, 4170902.60, 890.23);
insert into STATION values (9037, '.', 3255, 272277.18, 4170905.40, 890.03);
insert into STATION values (9038, '.', 3255, 272278.77, 4170905.91, 890.93);
insert into STATION values (9039, '.', 3255, 272281.55, 4170908.01, 892.03);
insert into STATION values (9040, '.', 3255, 272283.74, 4170909.16, 890.83);
insert into STATION values (9041, '.', 3255, 272281.70, 4170908.11, 888.30);
insert into STATION values (9042, '.', 3255, 272280.88, 4170907.32, 887.47);
insert into STATION values (9043, '.', 3255, 272278.89, 4170905.78, 886.05);
insert into STATION values (9044, 'PTR_FR24_A17_9', 3255, 272262.48, 4170915.52, 886.34);
insert into STATION values (9045, '.', 3255, 272261.52, 4170913.91, 885.59);
insert into STATION values (9046, '.', 3255, 272261.58, 4170914.18, 886.55);
insert into STATION values (9047, '.', 3255, 272259.94, 4170911.87, 889.10);
insert into STATION values (9048, '.', 3255, 272260.54, 4170912.94, 890.08);
insert into STATION values (9049, '.', 3255, 272262.54, 4170915.46, 893.20);
insert into STATION values (9050, '.', 3255, 272261.65, 4170917.56, 891.62);
insert into STATION values (9051, '.', 3255, 272262.14, 4170922.09, 899.19);
insert into STATION values (9052, '.', 3255, 272267.41, 4170921.41, 890.51);
insert into STATION values (9053, '.', 3255, 272271.04, 4170923.46, 886.16);
insert into STATION values (9054, '.', 3255, 272265.28, 4170918.36, 885.46);
insert into STATION values (9055, '.', 3255, 272262.57, 4170915.72, 885.74);
insert into STATION values (9056, '10', 3255, 272272.73, 4170934.83, 883.54);
insert into STATION values (9057, '.', 3255, 272272.82, 4170936.53, 882.99);
insert into STATION values (9058, '.', 3255, 272272.56, 4170939.41, 884.64);
insert into STATION values (9059, '.', 3255, 272272.72, 4170937.48, 885.64);
insert into STATION values (9060, '.', 3255, 272272.63, 4170934.67, 885.85);
insert into STATION values (9061, '.', 3255, 272279.84, 4170928.10, 884.41);
insert into STATION values (9062, '.', 3255, 272276.60, 4170928.98, 882.53);
insert into STATION values (9063, '.', 3255, 272273.44, 4170933.80, 882.61);
insert into STATION values (9064, '11', 3255, 272278.33, 4170935.31, 883.65);
insert into STATION values (9065, '.', 3255, 272278.08, 4170936.43, 882.99);
insert into STATION values (9066, '.', 3255, 272278.19, 4170943.72, 884.52);
insert into STATION values (9067, '.', 3255, 272278.54, 4170935.95, 884.30);
insert into STATION values (9068, '.', 3255, 272278.74, 4170934.28, 885.03);
insert into STATION values (9069, '.', 3255, 272280.67, 4170930.16, 884.83);
insert into STATION values (9070, '.', 3255, 272280.36, 4170930.95, 883.19);
insert into STATION values (9071, '.', 3255, 272278.84, 4170933.97, 882.92);
insert into STATION values (9072, '.', 3255, 272278.33, 4170935.19, 882.79);
insert into STATION values (9073, '12', 3255, 272281.53, 4170937.27, 879.88);
insert into STATION values (9074, '.', 3255, 272279.78, 4170941.96, 884.44);
insert into STATION values (9075, '.', 3255, 272280.73, 4170941.91, 883.83);
insert into STATION values (9076, '.', 3255, 272285.11, 4170943.66, 884.39);
insert into STATION values (9077, '.', 3255, 272286.87, 4170940.32, 883.96);
insert into STATION values (9078, '.', 3255, 272286.31, 4170935.63, 883.94);
insert into STATION values (9079, '.', 3255, 272283.48, 4170934.15, 883.57);
insert into STATION values (9080, '.', 3255, 272283.12, 4170936.39, 884.19);
insert into STATION values (9081, '.', 3255, 272281.61, 4170939.16, 884.36);
insert into STATION values (9082, '.', 3255, 272281.46, 4170939.27, 880.18);
insert into STATION values (9083, '.', 3255, 272281.22, 4170935.32, 879.97);
insert into STATION values (9084, '.', 3255, 272281.57, 4170937.21, 879.20);
insert into STATION values (9085, '13', 3255, 272287.14, 4170931.76, 876.97);
insert into STATION values (9086, '.', 3255, 272291.26, 4170935.56, 876.33);
insert into STATION values (9087, '.', 3255, 272291.37, 4170934.73, 878.72);
insert into STATION values (9088, '.', 3255, 272287.58, 4170932.00, 878.43);
insert into STATION values (9089, '.', 3255, 272287.17, 4170931.74, 878.16);
insert into STATION values (9090, '.', 3255, 272285.97, 4170931.49, 877.69);
insert into STATION values (9091, '.', 3255, 272283.24, 4170932.86, 877.38);
insert into STATION values (9092, '.', 3255, 272286.86, 4170931.72, 876.36);
insert into STATION values (9093, '14', 3255, 272281.81, 4170926.13, 875.71);
insert into STATION values (9094, '.', 3255, 272282.72, 4170926.04, 875.06);
insert into STATION values (9095, '.', 3255, 272283.60, 4170926.19, 875.68);
insert into STATION values (9096, '.', 3255, 272282.86, 4170926.34, 876.62);
insert into STATION values (9097, '.', 3255, 272281.63, 4170926.02, 876.39);
insert into STATION values (9098, '.', 3255, 272281.38, 4170925.98, 875.79);
insert into STATION values (9099, '.', 3255, 272281.67, 4170925.94, 875.51);
insert into STATION values (9100, '15', 3255, 272285.33, 4170921.38, 875.39);
insert into STATION values (9101, '16', 3255, 272280.63, 4170914.30, 875.35);
insert into STATION values (9102, '.', 3255, 272286.02, 4170920.90, 875.63);
insert into STATION values (9103, '.', 3255, 272285.00, 4170921.20, 876.56);
insert into STATION values (9104, '.', 3255, 272283.39, 4170921.14, 875.27);
insert into STATION values (9105, '.', 3255, 272283.65, 4170921.25, 875.85);
insert into STATION values (9106, '.', 3255, 272284.54, 4170921.35, 876.41);
insert into STATION values (9107, '.', 3255, 272281.52, 4170912.96, 875.51);
insert into STATION values (9108, '.', 3255, 272278.62, 4170914.97, 875.37);
insert into STATION values (9109, '.', 3255, 272280.53, 4170914.17, 876.29);
insert into STATION values (9110, '.', 3255, 272280.47, 4170914.24, 874.97);
insert into STATION values (9111, '.', 3255, 272292.48, 4170902.05, 873.59);
insert into STATION values (9112, '17', 3255, 272299.32, 4170919.56, 875.19);
insert into STATION values (9113, '.', 3255, 272301.04, 4170919.93, 874.81);
insert into STATION values (9114, '.', 3255, 272297.31, 4170918.77, 875.66);
insert into STATION values (9115, '.', 3255, 272299.25, 4170919.48, 874.51);
insert into STATION values (9116, '.', 3255, 272299.35, 4170919.50, 876.12);
insert into STATION values (9117, '18', 3255, 272245.69, 4170919.00, 890.75);
insert into STATION values (9118, '.', 3255, 272244.77, 4170917.69, 892.43);
insert into STATION values (9119, '.', 3255, 272245.56, 4170919.08, 892.29);
insert into STATION values (9120, '.', 3255, 272245.74, 4170919.67, 894.73);
insert into STATION values (9121, '.', 3255, 272245.87, 4170921.25, 895.19);
insert into STATION values (9122, '.', 3255, 272247.72, 4170924.25, 894.20);
insert into STATION values (9123, '.', 3255, 272246.63, 4170921.91, 890.87);
insert into STATION values (9124, '.', 3255, 272246.78, 4170922.19, 889.87);
insert into STATION values (9125, '.', 3255, 272245.48, 4170919.34, 889.15);
insert into STATION values (9126, '19', 3255, 272233.33, 4170928.75, 889.08);
insert into STATION values (9127, '.', 3255, 272232.64, 4170928.52, 887.91);
insert into STATION values (9128, '.', 3255, 272231.58, 4170927.64, 887.29);
insert into STATION values (9129, '.', 3255, 272232.50, 4170928.08, 894.86);
insert into STATION values (9130, '.', 3255, 272236.34, 4170929.00, 894.66);
insert into STATION values (9131, '.', 3255, 272237.39, 4170929.44, 893.64);
insert into STATION values (9132, '.', 3255, 272235.12, 4170929.28, 889.79);
insert into STATION values (9133, '.', 3255, 272234.83, 4170929.40, 888.94);
insert into STATION values (9134, '.', 3255, 272233.59, 4170928.90, 888.02);
insert into STATION values (9135, '20', 3255, 272235.51, 4170933.00, 891.31);
insert into STATION values (9136, '.', 3255, 272234.69, 4170933.75, 891.36);
insert into STATION values (9137, '.', 3255, 272233.40, 4170934.88, 892.82);
insert into STATION values (9138, '.', 3255, 272234.77, 4170933.53, 893.40);
insert into STATION values (9139, '.', 3255, 272236.10, 4170932.63, 893.06);
insert into STATION values (9140, '.', 3255, 272238.36, 4170930.35, 893.24);
insert into STATION values (9141, '.', 3255, 272236.70, 4170931.98, 891.18);
insert into STATION values (9142, '.', 3255, 272235.84, 4170932.71, 890.97);
insert into STATION values (9143, '21', 3255, 272240.93, 4170938.34, 893.21);
insert into STATION values (9144, '.', 3255, 272238.78, 4170938.37, 893.02);
insert into STATION values (9145, '.', 3255, 272236.50, 4170938.16, 894.54);
insert into STATION values (9146, '.', 3255, 272238.37, 4170938.07, 895.87);
insert into STATION values (9147, '.', 3255, 272240.91, 4170938.35, 895.95);
insert into STATION values (9148, '.', 3255, 272242.21, 4170938.97, 896.03);
insert into STATION values (9149, '.', 3255, 272244.03, 4170939.86, 896.02);
insert into STATION values (9150, '.', 3255, 272244.90, 4170940.38, 894.85);
insert into STATION values (9151, '.', 3255, 272241.40, 4170938.57, 892.83);
insert into STATION values (9152, '22', 3255, 272249.75, 4170927.06, 892.90);
insert into STATION values (9153, '.', 3255, 272250.33, 4170927.75, 891.51);
insert into STATION values (9154, '.', 3255, 272250.47, 4170928.05, 893.06);
insert into STATION values (9155, '.', 3255, 272251.19, 4170929.82, 895.30);
insert into STATION values (9156, '.', 3255, 272251.26, 4170928.43, 897.95);
insert into STATION values (9157, '.', 3255, 272251.02, 4170926.95, 899.72);
insert into STATION values (9158, '.', 3255, 272249.27, 4170925.14, 895.18);
insert into STATION values (9159, '.', 3255, 272249.73, 4170926.75, 891.29);
insert into STATION values (9160, '.', 3255, 272249.69, 4170926.90, 892.73);
insert into STATION values (9161, '23', 3255, 272254.45, 4170925.69, 891.80);
insert into STATION values (9162, '.', 3255, 272254.66, 4170926.00, 891.80);
insert into STATION values (9163, '.', 3255, 272254.91, 4170926.17, 892.84);
insert into STATION values (9164, '.', 3255, 272255.80, 4170927.17, 896.04);
insert into STATION values (9165, '.', 3255, 272254.35, 4170925.75, 899.17);
insert into STATION values (9166, '.', 3255, 272252.78, 4170923.77, 896.40);
insert into STATION values (9167, '.', 3255, 272253.07, 4170922.71, 895.09);
insert into STATION values (9168, '.', 3255, 272253.94, 4170924.52, 892.59);
insert into STATION values (9169, '.', 3255, 272253.40, 4170924.41, 889.97);
insert into STATION values (9170, '.', 3255, 272254.52, 4170925.57, 890.43);
insert into STATION values (9171, '.', 3255, 272252.60, 4170929.51, 895.27);
insert into STATION values (9172, '.', 3255, 272261.78, 4170923.75, 896.14);
insert into STATION values (9173, '.', 3255, 272258.31, 4170919.78, 894.38);
insert into STATION values (9174, '24', 3255, 272239.42, 4170943.51, 893.93);
insert into STATION values (9175, '.', 3255, 272232.85, 4170948.78, 894.37);
insert into STATION values (9176, '.', 3255, 272238.22, 4170947.59, 894.70);
insert into STATION values (9177, '.', 3255, 272240.55, 4170945.08, 894.84);
insert into STATION values (9178, '.', 3255, 272243.87, 4170942.65, 895.23);
insert into STATION values (9179, '.', 3255, 272232.39, 4170940.84, 894.42);
insert into STATION values (9180, '.', 3255, 272236.42, 4170938.29, 894.68);
insert into STATION values (9181, '.', 3255, 272237.08, 4170937.97, 894.38);
insert into STATION values (9182, '.', 3255, 272240.11, 4170944.62, 896.14);
insert into STATION values (9183, '.', 3255, 272238.98, 4170942.82, 896.85);
insert into STATION values (9184, '.', 3255, 272238.13, 4170941.43, 895.79);
insert into STATION values (9185, '.', 3255, 272237.77, 4170941.47, 893.04);
insert into STATION values (9186, '.', 3255, 272239.24, 4170943.59, 893.46);
insert into STATION values (9187, '.', 3255, 272237.50, 4170941.35, 895.69);
insert into STATION values (9188, '25', 3255, 272236.42, 4170943.36, 892.24);
insert into STATION values (9189, '.', 3255, 272235.90, 4170942.64, 892.34);
insert into STATION values (9190, '.', 3255, 272233.74, 4170940.76, 895.08);
insert into STATION values (9191, '.', 3255, 272234.02, 4170940.77, 895.30);
insert into STATION values (9192, '.', 3255, 272234.91, 4170944.72, 897.46);
insert into STATION values (9193, '.', 3255, 272236.66, 4170947.97, 894.75);
insert into STATION values (9194, '.', 3255, 272236.70, 4170946.15, 893.18);
insert into STATION values (9195, '.', 3255, 272224.89, 4170950.52, 892.84);
insert into STATION values (9196, '.', 3255, 272217.84, 4170948.18, 893.58);
insert into STATION values (9197, '.', 3255, 272229.26, 4170942.03, 894.10);
insert into STATION values (9198, 'PTR_FR24_B33_26', 3255, 272231.76, 4170944.23, 888.15);
insert into STATION values (9199, 'PTR_FR24_A79_00', 3373, 272363.14, 4170754.02, 881.16);
insert into STATION values (9200, '1', 3373, 272374.63, 4170747.65, 883.96);
insert into STATION values (9201, '.', 3373, 272376.05, 4170747.74, 884.44);
insert into STATION values (9202, '.', 3373, 272375.06, 4170752.14, 884.75);
insert into STATION values (9203, '.', 3373, 272371.64, 4170752.93, 884.60);
insert into STATION values (9204, '.', 3373, 272374.54, 4170747.43, 883.20);
insert into STATION values (9205, '.', 3373, 272373.74, 4170745.89, 884.83);
insert into STATION values (9206, '.', 3373, 272372.13, 4170743.29, 891.49);
insert into STATION values (9207, '.', 3373, 272375.03, 4170747.12, 891.74);
insert into STATION values (9208, '2', 3373, 272399.46, 4170732.55, 882.75);
insert into STATION values (9209, '.', 3373, 272400.28, 4170733.80, 883.08);
insert into STATION values (9210, '.', 3373, 272397.66, 4170738.14, 883.43);
insert into STATION values (9211, '.', 3373, 272392.80, 4170743.70, 883.56);
insert into STATION values (9212, '.', 3373, 272388.05, 4170737.52, 883.49);
insert into STATION values (9213, '.', 3373, 272395.04, 4170732.94, 882.20);
insert into STATION values (9214, '.', 3373, 272396.90, 4170730.44, 881.91);
insert into STATION values (9215, '.', 3373, 272397.97, 4170730.80, 883.55);
insert into STATION values (9216, '.', 3373, 272398.67, 4170731.83, 884.67);
insert into STATION values (9217, '.', 3373, 272399.92, 4170732.50, 884.00);
insert into STATION values (9218, '.', 3373, 272399.57, 4170732.56, 881.90);
insert into STATION values (9219, '3', 3373, 272407.97, 4170722.20, 880.24);
insert into STATION values (9220, '.', 3373, 272408.71, 4170722.27, 880.10);
insert into STATION values (9221, '.', 3373, 272408.78, 4170722.20, 881.48);
insert into STATION values (9222, '.', 3373, 272407.76, 4170721.92, 881.61);
insert into STATION values (9223, '.', 3373, 272407.45, 4170721.31, 881.48);
insert into STATION values (9224, '.', 3373, 272404.31, 4170721.04, 881.46);
insert into STATION values (9225, '.', 3373, 272406.83, 4170721.90, 880.10);
insert into STATION values (9226, '.', 3373, 272404.95, 4170713.54, 880.96);
insert into STATION values (9227, '.', 3373, 272409.94, 4170719.06, 880.10);
insert into STATION values (9228, '.', 3373, 272410.23, 4170724.97, 881.53);
insert into STATION values (9229, '.', 3373, 272404.69, 4170723.48, 881.49);
insert into STATION values (9230, '.', 3373, 272405.91, 4170724.00, 881.11);
insert into STATION values (9231, '4', 3373, 272409.84, 4170710.44, 880.24);
insert into STATION values (9232, '.', 3373, 272413.05, 4170712.72, 880.67);
insert into STATION values (9233, '.', 3373, 272411.08, 4170711.12, 879.26);
insert into STATION values (9234, '.', 3373, 272407.91, 4170709.25, 880.75);
insert into STATION values (9235, '.', 3373, 272409.62, 4170710.49, 881.21);
insert into STATION values (9236, '.', 3373, 272411.83, 4170705.76, 881.19);
insert into STATION values (9237, '.', 3373, 272413.85, 4170704.69, 880.30);
insert into STATION values (9238, '.', 3373, 272416.60, 4170705.98, 881.16);
insert into STATION values (9239, '.', 3373, 272417.01, 4170708.87, 880.87);
insert into STATION values (9240, '.', 3373, 272416.95, 4170712.83, 880.38);
insert into STATION values (9241, '5', 3373, 272416.86, 4170709.13, 878.34);
insert into STATION values (9242, '.', 3373, 272415.91, 4170710.83, 877.71);
insert into STATION values (9243, '.', 3373, 272415.50, 4170712.35, 878.98);
insert into STATION values (9244, '.', 3373, 272415.71, 4170712.38, 881.50);
insert into STATION values (9245, '.', 3373, 272417.13, 4170710.10, 881.28);
insert into STATION values (9246, '.', 3373, 272417.48, 4170708.31, 878.63);
insert into STATION values (9247, '.', 3373, 272418.61, 4170717.24, 877.97);
insert into STATION values (9248, '.', 3373, 272423.10, 4170717.52, 877.37);
insert into STATION values (9249, '6', 3373, 272420.80, 4170714.68, 875.72);
insert into STATION values (9250, 'PTR_FR24_A8_7', 3373, 272423.20, 4170709.35, 876.32);
insert into STATION values (9251, '.', 3373, 272422.73, 4170717.74, 877.33);
insert into STATION values (9252, '.', 3373, 272424.99, 4170714.36, 877.10);
insert into STATION values (9253, '.', 3373, 272420.39, 4170712.58, 875.85);
insert into STATION values (9254, '.', 3373, 272420.29, 4170712.70, 878.00);
insert into STATION values (9255, '.', 3373, 272421.43, 4170714.35, 879.19);
insert into STATION values (9256, '.', 3373, 272424.62, 4170712.28, 876.36);
insert into STATION values (9257, '.', 3373, 272418.79, 4170707.07, 877.51);
insert into STATION values (9258, '.', 3373, 272418.07, 4170709.85, 877.24);
insert into STATION values (9259, '.', 3373, 272423.26, 4170706.35, 877.37);
insert into STATION values (9260, '.', 3373, 272422.54, 4170707.67, 875.80);
insert into STATION values (9261, '.', 3373, 272423.78, 4170710.72, 875.18);
insert into STATION values (9262, '.', 3373, 272424.63, 4170711.01, 878.09);
insert into STATION values (9263, '8', 3373, 272429.53, 4170711.89, 876.33);
insert into STATION values (9264, '.', 3373, 272428.99, 4170712.96, 876.42);
insert into STATION values (9265, '.', 3373, 272430.38, 4170706.73, 877.35);
insert into STATION values (9266, '.', 3373, 272423.44, 4170706.41, 877.35);
insert into STATION values (9267, '.', 3373, 272426.10, 4170705.59, 877.75);
insert into STATION values (9268, '.', 3373, 272428.15, 4170712.91, 877.40);
insert into STATION values (9269, '.', 3373, 272429.95, 4170713.35, 876.48);
insert into STATION values (9270, '.', 3373, 272429.14, 4170709.98, 876.66);
insert into STATION values (9271, '.', 3373, 272429.82, 4170711.83, 877.71);
insert into STATION values (9272, '.', 3373, 272429.66, 4170711.89, 875.46);
insert into STATION values (9273, '9', 3373, 272419.94, 4170711.74, 875.92);
insert into STATION values (9274, '.', 3373, 272418.27, 4170707.68, 877.17);
insert into STATION values (9275, '.', 3373, 272417.89, 4170713.89, 877.47);
insert into STATION values (9276, '.', 3373, 272418.69, 4170713.32, 880.10);
insert into STATION values (9277, '.', 3373, 272419.61, 4170711.74, 874.91);
insert into STATION values (9278, '10', 3373, 272418.47, 4170710.25, 873.74);
insert into STATION values (9279, '.', 3373, 272418.44, 4170709.58, 873.92);
insert into STATION values (9280, '.', 3373, 272418.39, 4170711.89, 873.79);
insert into STATION values (9281, '.', 3373, 272418.31, 4170710.32, 874.75);
insert into STATION values (9282, '.', 3373, 272418.25, 4170710.63, 874.78);
insert into STATION values (9283, '.', 3373, 272417.87, 4170710.23, 872.63);
insert into STATION values (9284, '11', 3373, 272417.14, 4170711.95, 873.29);
insert into STATION values (9285, '.', 3373, 272416.15, 4170711.82, 873.26);
insert into STATION values (9286, '.', 3373, 272418.05, 4170712.32, 872.96);
insert into STATION values (9287, '.', 3373, 272416.81, 4170712.10, 873.94);
insert into STATION values (9288, '.', 3373, 272417.06, 4170712.24, 872.33);
insert into STATION values (9289, '.', 3373, 272422.15, 4170714.74, 873.63);
insert into STATION values (9290, '.', 3373, 272419.58, 4170716.50, 873.33);
insert into STATION values (9291, '12', 3373, 272415.92, 4170716.83, 872.99);
insert into STATION values (9292, '.', 3373, 272414.33, 4170713.65, 873.19);
insert into STATION values (9293, '.', 3373, 272411.77, 4170712.97, 872.61);
insert into STATION values (9294, '.', 3373, 272413.62, 4170716.43, 873.23);
insert into STATION values (9295, '.', 3373, 272412.99, 4170718.63, 873.23);
insert into STATION values (9296, '.', 3373, 272416.33, 4170718.90, 873.51);
insert into STATION values (9297, '.', 3373, 272415.76, 4170717.35, 874.50);
insert into STATION values (9298, '.', 3373, 272414.92, 4170715.60, 874.78);
insert into STATION values (9299, '13', 3373, 272412.18, 4170717.30, 873.08);
insert into STATION values (9300, '.', 3373, 272409.30, 4170715.11, 872.85);
insert into STATION values (9301, '.', 3373, 272407.39, 4170716.64, 873.08);
insert into STATION values (9302, '.', 3373, 272403.65, 4170719.29, 871.62);
insert into STATION values (9303, '.', 3373, 272406.66, 4170721.69, 872.60);
insert into STATION values (9304, '.', 3373, 272407.46, 4170722.63, 873.01);
insert into STATION values (9305, '.', 3373, 272412.22, 4170718.60, 872.98);
insert into STATION values (9306, '.', 3373, 272412.15, 4170717.17, 874.10);
insert into STATION values (9307, '.', 3373, 272412.40, 4170716.22, 873.08);
insert into STATION values (9308, '14', 3373, 272411.22, 4170713.65, 872.60);
insert into STATION values (9309, '.', 3373, 272413.86, 4170714.45, 872.84);
insert into STATION values (9310, '.', 3373, 272412.39, 4170713.99, 873.59);
insert into STATION values (9311, '.', 3373, 272410.69, 4170712.83, 873.51);
insert into STATION values (9312, '.', 3373, 272410.16, 4170713.57, 872.37);
insert into STATION values (9313, '.', 3373, 272411.17, 4170713.64, 872.20);
insert into STATION values (9314, '15', 3373, 272413.86, 4170710.93, 873.54);
insert into STATION values (9315, '.', 3373, 272415.30, 4170712.49, 874.01);
insert into STATION values (9316, '.', 3373, 272415.45, 4170710.29, 874.36);
insert into STATION values (9317, '.', 3373, 272414.00, 4170707.25, 874.51);
insert into STATION values (9318, '.', 3373, 272410.81, 4170706.08, 874.49);
insert into STATION values (9319, '.', 3373, 272401.67, 4170702.05, 872.96);
insert into STATION values (9320, '.', 3373, 272412.32, 4170712.67, 874.10);
insert into STATION values (9321, '.', 3373, 272407.89, 4170706.71, 875.46);
insert into STATION values (9322, '.', 3373, 272412.89, 4170710.46, 875.88);
insert into STATION values (9323, '.', 3373, 272412.78, 4170711.66, 876.02);
insert into STATION values (9324, '.', 3373, 272402.70, 4170711.68, 873.70);
insert into STATION values (9325, '16', 3373, 272399.17, 4170710.89, 873.83);
insert into STATION values (9326, '.', 3373, 272408.96, 4170702.95, 873.89);
insert into STATION values (9327, '.', 3373, 272404.11, 4170704.89, 873.91);
insert into STATION values (9328, '.', 3373, 272398.88, 4170706.99, 872.53);
insert into STATION values (9329, '.', 3373, 272400.17, 4170707.89, 875.02);
insert into STATION values (9330, '.', 3373, 272401.82, 4170709.19, 875.21);
insert into STATION values (9331, '.', 3373, 272402.14, 4170712.47, 874.15);
insert into STATION values (9332, '.', 3373, 272400.23, 4170713.03, 872.63);
insert into STATION values (9333, '17', 3373, 272401.48, 4170704.89, 873.21);
insert into STATION values (9334, '18', 3373, 272381.61, 4170742.36, 882.40);
insert into STATION values (9335, '.', 3373, 272383.23, 4170740.50, 882.59);
insert into STATION values (9336, '.', 3373, 272381.07, 4170740.50, 884.33);
insert into STATION values (9337, '.', 3373, 272378.60, 4170742.84, 883.01);
insert into STATION values (9338, '.', 3373, 272380.54, 4170742.63, 881.69);
insert into STATION values (9339, '19', 3373, 272385.57, 4170724.34, 878.25);
insert into STATION values (9340, '.', 3373, 272388.63, 4170724.56, 878.62);
insert into STATION values (9341, '.', 3373, 272389.55, 4170720.66, 878.67);
insert into STATION values (9342, '.', 3373, 272390.21, 4170717.26, 878.52);
insert into STATION values (9343, '.', 3373, 272388.04, 4170731.06, 879.77);
insert into STATION values (9344, '.', 3373, 272385.98, 4170735.66, 881.29);
insert into STATION values (9345, '.', 3373, 272381.19, 4170731.70, 880.84);
insert into STATION values (9346, '.', 3373, 272385.93, 4170724.79, 877.35);
insert into STATION values (9347, '.', 3373, 272384.18, 4170724.21, 878.95);
insert into STATION values (9348, '.', 3373, 272386.89, 4170724.91, 879.67);
insert into STATION values (9349, '20', 3373, 272387.46, 4170721.44, 876.20);
insert into STATION values (9350, '.', 3373, 272387.23, 4170717.98, 876.03);
insert into STATION values (9351, '.', 3373, 272386.45, 4170717.01, 879.68);
insert into STATION values (9352, '.', 3373, 272386.31, 4170723.72, 879.08);
insert into STATION values (9353, '.', 3373, 272383.28, 4170726.27, 877.62);
insert into STATION values (9354, '.', 3373, 272387.06, 4170722.43, 875.47);
insert into STATION values (9355, '.', 3373, 272388.87, 4170723.73, 872.65);
insert into STATION values (9356, '.', 3373, 272387.58, 4170720.39, 873.68);
insert into STATION values (9357, 'PTR_FR24_A65_21', 3373, 272380.48, 4170723.53, 876.85);
insert into STATION values (9358, 'PTR_FR24_A68_00', 3439, 272467.72, 4170628.53, 868.56);
insert into STATION values (9359, '.', 3439, 272464.25, 4170625.23, 868.57);
insert into STATION values (9360, '.', 3439, 272466.33, 4170614.95, 868.73);
insert into STATION values (9361, '.', 3439, 272482.90, 4170598.02, 869.69);
insert into STATION values (9362, '.', 3439, 272469.44, 4170629.73, 868.49);
insert into STATION values (9363, '.', 3439, 272472.07, 4170631.23, 868.78);
insert into STATION values (9364, '.', 3439, 272479.17, 4170643.80, 869.73);
insert into STATION values (9365, '.', 3439, 272470.28, 4170640.49, 869.38);
insert into STATION values (9366, '.', 3439, 272467.87, 4170628.42, 869.38);
insert into STATION values (9367, '.', 3439, 272467.73, 4170628.46, 868.19);
insert into STATION values (9368, '1', 3439, 272482.34, 4170627.26, 869.21);
insert into STATION values (9369, '.', 3439, 272491.07, 4170630.02, 869.37);
insert into STATION values (9370, '.', 3439, 272493.53, 4170625.20, 869.89);
insert into STATION values (9371, '.', 3439, 272471.94, 4170606.81, 870.05);
insert into STATION values (9372, '.', 3439, 272482.23, 4170627.13, 869.21);
insert into STATION values (9373, '.', 3439, 272464.32, 4170623.97, 869.11);
insert into STATION values (9374, '.', 3439, 272482.89, 4170638.72, 869.91);
insert into STATION values (9375, '.', 3439, 272482.35, 4170627.20, 869.90);
insert into STATION values (9376, '.', 3439, 272482.36, 4170627.23, 868.69);
insert into STATION values (9377, '2', 3439, 272492.02, 4170613.27, 869.52);
insert into STATION values (9378, '.', 3439, 272485.73, 4170597.57, 869.85);
insert into STATION values (9379, '.', 3439, 272472.75, 4170604.71, 869.60);
insert into STATION values (9380, '.', 3439, 272497.41, 4170601.93, 869.87);
insert into STATION values (9381, '.', 3439, 272505.57, 4170611.28, 869.81);
insert into STATION values (9382, '.', 3439, 272481.96, 4170634.39, 869.32);
insert into STATION values (9383, '.', 3439, 272493.34, 4170625.73, 869.59);
insert into STATION values (9384, '.', 3439, 272491.92, 4170613.27, 870.25);
insert into STATION values (9385, '.', 3439, 272491.92, 4170613.34, 868.83);
insert into STATION values (9386, '3', 3439, 272499.94, 4170607.22, 869.64);
insert into STATION values (9387, '.', 3439, 272505.68, 4170621.69, 869.75);
insert into STATION values (9388, '.', 3439, 272511.06, 4170607.33, 869.91);
insert into STATION values (9389, '.', 3439, 272497.49, 4170596.50, 869.56);
insert into STATION values (9390, '.', 3439, 272499.84, 4170607.20, 870.32);
insert into STATION values (9391, '.', 3439, 272499.92, 4170607.20, 869.07);
insert into STATION values (9392, '4', 3439, 272513.54, 4170601.71, 869.26);
insert into STATION values (9393, '.', 3439, 272521.67, 4170600.62, 870.06);
insert into STATION values (9394, '.', 3439, 272515.13, 4170604.57, 869.92);
insert into STATION values (9395, '.', 3439, 272509.80, 4170586.68, 868.99);
insert into STATION values (9396, '.', 3439, 272505.05, 4170595.35, 868.66);
insert into STATION values (9397, '.', 3439, 272513.72, 4170601.71, 869.95);
insert into STATION values (9398, '.', 3439, 272513.59, 4170601.58, 868.67);
insert into STATION values (9399, '5', 3439, 272518.87, 4170592.19, 869.19);
insert into STATION values (9400, '.', 3439, 272505.94, 4170591.21, 868.87);
insert into STATION values (9401, '.', 3439, 272510.67, 4170585.42, 868.93);
insert into STATION values (9402, '.', 3439, 272524.32, 4170583.72, 868.89);
insert into STATION values (9403, '.', 3439, 272529.57, 4170597.21, 870.18);
insert into STATION values (9404, '.', 3439, 272521.03, 4170597.72, 870.15);
insert into STATION values (9405, '.', 3439, 272518.71, 4170592.02, 869.86);
insert into STATION values (9406, '.', 3439, 272519.16, 4170592.13, 868.72);
insert into STATION values (9407, '6', 3439, 272518.12, 4170574.48, 868.72);
insert into STATION values (9408, '.', 3439, 272516.18, 4170576.95, 868.84);
insert into STATION values (9409, '.', 3439, 272521.84, 4170572.11, 869.90);
insert into STATION values (9410, '.', 3439, 272516.82, 4170570.66, 869.89);
insert into STATION values (9411, '.', 3439, 272518.09, 4170574.58, 869.35);
insert into STATION values (9412, '.', 3439, 272518.30, 4170574.36, 868.37);
insert into STATION values (9413, '7', 3439, 272515.51, 4170574.19, 869.09);
insert into STATION values (9414, '.', 3439, 272515.04, 4170572.82, 869.80);
insert into STATION values (9415, '.', 3439, 272511.63, 4170576.31, 869.42);
insert into STATION values (9416, '.', 3439, 272515.48, 4170577.69, 869.92);
insert into STATION values (9417, '.', 3439, 272517.48, 4170575.03, 869.70);
insert into STATION values (9418, '.', 3439, 272517.25, 4170571.39, 870.73);
insert into STATION values (9419, '.', 3439, 272515.50, 4170574.31, 870.18);
insert into STATION values (9420, '.', 3439, 272515.58, 4170574.38, 868.25);
insert into STATION values (9421, '8', 3439, 272509.09, 4170572.43, 869.68);
insert into STATION values (9422, '.', 3439, 272508.17, 4170572.94, 869.96);
insert into STATION values (9423, '.', 3439, 272511.05, 4170574.20, 870.02);
insert into STATION values (9424, '.', 3439, 272509.10, 4170571.21, 869.66);
insert into STATION values (9425, '.', 3439, 272512.58, 4170570.12, 870.33);
insert into STATION values (9426, '.', 3439, 272512.99, 4170572.45, 870.36);
insert into STATION values (9427, '.', 3439, 272508.54, 4170572.33, 871.68);
insert into STATION values (9428, '.', 3439, 272509.15, 4170572.39, 868.90);
insert into STATION values (9429, '9', 3439, 272508.17, 4170569.74, 868.42);
insert into STATION values (9430, '.', 3439, 272511.96, 4170570.13, 868.64);
insert into STATION values (9431, '.', 3439, 272505.93, 4170569.26, 868.56);
insert into STATION values (9432, '.', 3439, 272507.90, 4170568.14, 868.49);
insert into STATION values (9433, '.', 3439, 272509.78, 4170568.39, 868.57);
insert into STATION values (9434, '.', 3439, 272507.02, 4170571.03, 868.50);
insert into STATION values (9435, '.', 3439, 272508.30, 4170569.47, 869.25);
insert into STATION values (9436, '.', 3439, 272508.12, 4170569.65, 867.99);
insert into STATION values (9437, '10', 3439, 272509.64, 4170566.50, 867.88);
insert into STATION values (9438, '.', 3439, 272509.14, 4170566.38, 867.89);
insert into STATION values (9439, '.', 3439, 272510.53, 4170566.50, 867.92);
insert into STATION values (9440, '.', 3439, 272510.41, 4170565.10, 867.78);
insert into STATION values (9441, '.', 3439, 272508.40, 4170566.96, 868.21);
insert into STATION values (9442, '.', 3439, 272509.91, 4170567.82, 867.95);
insert into STATION values (9443, '.', 3439, 272509.64, 4170566.55, 868.50);
insert into STATION values (9444, '.', 3439, 272509.67, 4170566.50, 867.45);
insert into STATION values (9445, '11', 3439, 272509.94, 4170562.95, 867.44);
insert into STATION values (9446, '.', 3439, 272509.22, 4170563.02, 867.43);
insert into STATION values (9447, '.', 3439, 272510.30, 4170562.81, 867.53);
insert into STATION values (9448, '.', 3439, 272510.03, 4170562.82, 867.85);
insert into STATION values (9449, '.', 3439, 272509.93, 4170562.97, 867.08);
insert into STATION values (9450, '12', 3439, 272509.39, 4170559.15, 867.23);
insert into STATION values (9451, '.', 3439, 272508.64, 4170559.28, 867.20);
insert into STATION values (9452, '.', 3439, 272510.07, 4170558.79, 867.26);
insert into STATION values (9453, '.', 3439, 272509.42, 4170559.04, 867.82);
insert into STATION values (9454, '.', 3439, 272509.30, 4170559.19, 866.77);
insert into STATION values (9455, '13', 3439, 272508.04, 4170571.84, 869.99);
insert into STATION values (9456, '14', 3439, 272500.39, 4170571.54, 872.26);
insert into STATION values (9457, '.', 3439, 272500.33, 4170571.00, 872.23);
insert into STATION values (9458, '.', 3439, 272500.39, 4170571.98, 872.26);
insert into STATION values (9459, '.', 3439, 272500.42, 4170571.63, 873.28);
insert into STATION values (9460, '.', 3439, 272500.18, 4170571.46, 870.06);
insert into STATION values (9461, '15', 3439, 272514.14, 4170588.00, 869.08);
insert into STATION values (9462, '.', 3439, 272513.10, 4170583.49, 869.26);
insert into STATION values (9463, '.', 3439, 272505.80, 4170604.62, 869.28);
insert into STATION values (9464, '.', 3439, 272517.73, 4170599.80, 869.71);
insert into STATION values (9465, '.', 3439, 272520.47, 4170587.13, 869.20);
insert into STATION values (9466, '.', 3439, 272513.41, 4170583.52, 868.94);
insert into STATION values (9467, '16', 3439, 272496.11, 4170588.25, 869.28);
insert into STATION values (9468, '.', 3439, 272513.98, 4170587.98, 869.66);
insert into STATION values (9469, '.', 3439, 272514.15, 4170588.03, 868.54);
insert into STATION values (9470, '.', 3439, 272490.67, 4170589.34, 870.27);
insert into STATION values (9471, '.', 3439, 272487.54, 4170601.53, 870.30);
insert into STATION values (9472, '.', 3439, 272492.27, 4170605.38, 869.89);
insert into STATION values (9473, '.', 3439, 272499.35, 4170599.06, 869.28);
insert into STATION values (9474, '.', 3439, 272503.69, 4170592.37, 869.25);
insert into STATION values (9475, '.', 3439, 272502.42, 4170584.78, 868.99);
insert into STATION values (9476, '.', 3439, 272490.71, 4170585.64, 870.46);
insert into STATION values (9477, '.', 3439, 272496.61, 4170584.56, 869.90);
insert into STATION values (9478, '.', 3439, 272496.15, 4170588.23, 870.12);
insert into STATION values (9479, '.', 3439, 272496.10, 4170588.03, 868.63);
insert into STATION values (9480, '17', 3439, 272494.23, 4170582.47, 870.49);
insert into STATION values (9481, '.', 3439, 272496.62, 4170581.35, 871.22);
insert into STATION values (9482, '.', 3439, 272492.38, 4170582.31, 871.16);
insert into STATION values (9483, '.', 3439, 272494.46, 4170582.49, 871.57);
insert into STATION values (9484, '.', 3439, 272494.25, 4170582.44, 869.85);
insert into STATION values (9485, '18', 3439, 272491.04, 4170580.48, 872.49);
insert into STATION values (9486, '.', 3439, 272492.65, 4170581.40, 873.32);
insert into STATION values (9487, '.', 3439, 272489.04, 4170579.33, 873.77);
insert into STATION values (9488, '.', 3439, 272490.16, 4170583.98, 872.81);
insert into STATION values (9489, '.', 3439, 272492.50, 4170582.91, 873.29);
insert into STATION values (9490, '.', 3439, 272489.04, 4170581.65, 873.11);
insert into STATION values (9491, '.', 3439, 272490.98, 4170580.51, 873.84);
insert into STATION values (9492, '.', 3439, 272490.89, 4170580.41, 871.65);
insert into STATION values (9493, '19', 3439, 272494.42, 4170576.10, 872.49);
insert into STATION values (9494, '.', 3439, 272495.83, 4170576.60, 872.82);
insert into STATION values (9495, '.', 3439, 272493.60, 4170575.99, 872.49);
insert into STATION values (9496, '.', 3439, 272494.10, 4170575.78, 875.62);
insert into STATION values (9497, '.', 3439, 272494.45, 4170575.94, 870.12);
insert into STATION values (9498, '20', 3439, 272497.60, 4170567.19, 875.80);
insert into STATION values (9499, '.', 3439, 272495.89, 4170567.92, 875.60);
insert into STATION values (9500, '.', 3439, 272495.17, 4170566.49, 875.84);
insert into STATION values (9501, '.', 3439, 272497.57, 4170565.96, 875.83);
insert into STATION values (9502, '.', 3439, 272498.20, 4170571.01, 875.90);
insert into STATION values (9503, '.', 3439, 272497.45, 4170567.40, 878.04);
insert into STATION values (9504, '.', 3439, 272497.53, 4170567.41, 874.06);
insert into STATION values (9505, '21', 3439, 272494.93, 4170565.33, 875.54);
insert into STATION values (9506, '.', 3439, 272495.90, 4170564.42, 875.48);
insert into STATION values (9507, '.', 3439, 272494.53, 4170565.74, 875.51);
insert into STATION values (9508, '.', 3439, 272495.04, 4170565.26, 876.33);
insert into STATION values (9509, '.', 3439, 272494.80, 4170565.45, 874.99);
insert into STATION values (9510, '22', 3439, 272493.79, 4170563.09, 877.63);
insert into STATION values (9511, '.', 3439, 272493.45, 4170563.56, 877.66);
insert into STATION values (9512, '.', 3439, 272494.16, 4170562.69, 877.66);
insert into STATION values (9513, '.', 3439, 272493.79, 4170563.07, 877.92);
insert into STATION values (9514, '.', 3439, 272493.61, 4170563.08, 877.13);
insert into STATION values (9515, '23', 3439, 272490.03, 4170597.20, 869.53);
insert into STATION values (9516, '.', 3439, 272494.06, 4170605.90, 869.56);
insert into STATION values (9517, '.', 3439, 272486.77, 4170595.96, 869.55);
insert into STATION values (9518, '.', 3439, 272491.77, 4170590.94, 869.90);
insert into STATION values (9519, '.', 3439, 272489.84, 4170597.25, 870.54);
insert into STATION values (9520, '.', 3439, 272490.11, 4170597.28, 869.21);
insert into STATION values (9521, '24', 3439, 272483.91, 4170586.23, 871.38);
insert into STATION values (9522, '25', 3439, 272480.36, 4170601.16, 869.48);
insert into STATION values (9523, '.', 3439, 272475.60, 4170600.06, 869.48);
insert into STATION values (9524, '.', 3439, 272479.38, 4170593.41, 869.04);
insert into STATION values (9525, '.', 3439, 272483.08, 4170598.79, 869.52);
insert into STATION values (9526, '.', 3439, 272489.64, 4170608.06, 869.90);
insert into STATION values (9527, '.', 3439, 272481.81, 4170603.73, 869.51);
insert into STATION values (9528, '.', 3439, 272480.34, 4170600.84, 870.31);
insert into STATION values (9529, '.', 3439, 272480.28, 4170601.09, 868.98);
insert into STATION values (9530, '26', 3439, 272482.19, 4170596.77, 869.06);
insert into STATION values (9531, '.', 3439, 272481.43, 4170595.80, 869.12);
insert into STATION values (9532, '.', 3439, 272482.48, 4170596.96, 869.08);
insert into STATION values (9533, '.', 3439, 272482.11, 4170596.52, 869.96);
insert into STATION values (9534, '.', 3439, 272482.10, 4170596.68, 868.66);
insert into STATION values (9535, '27', 3439, 272485.08, 4170590.09, 868.81);
insert into STATION values (9536, '.', 3439, 272485.39, 4170590.24, 868.77);
insert into STATION values (9537, '.', 3439, 272484.84, 4170589.83, 868.74);
insert into STATION values (9538, '.', 3439, 272485.10, 4170590.09, 869.19);
insert into STATION values (9539, '.', 3439, 272485.00, 4170590.04, 868.42);
insert into STATION values (9540, '28', 3439, 272477.28, 4170609.31, 869.14);
insert into STATION values (9541, '.', 3439, 272471.48, 4170603.86, 868.84);
insert into STATION values (9542, '.', 3439, 272464.40, 4170610.95, 868.83);
insert into STATION values (9543, '.', 3439, 272475.84, 4170622.69, 869.78);
insert into STATION values (9544, '.', 3439, 272490.03, 4170629.29, 869.64);
insert into STATION values (9545, '.', 3439, 272499.39, 4170621.80, 869.63);
insert into STATION values (9546, '.', 3439, 272476.70, 4170609.41, 869.77);
insert into STATION values (9547, '.', 3439, 272477.34, 4170609.37, 868.66);
insert into STATION values (9548, '29', 3439, 272470.55, 4170614.60, 868.92);
insert into STATION values (9549, '.', 3439, 272461.92, 4170620.61, 867.98);
insert into STATION values (9550, '.', 3439, 272487.11, 4170629.74, 869.98);
insert into STATION values (9551, '.', 3439, 272492.43, 4170619.75, 869.98);
insert into STATION values (9552, '.', 3439, 272473.94, 4170614.12, 869.05);
insert into STATION values (9553, '.', 3439, 272470.87, 4170604.06, 868.83);
insert into STATION values (9554, '.', 3439, 272466.07, 4170614.42, 868.77);
insert into STATION values (9555, '30', 3439, 272461.60, 4170606.30, 870.03);
insert into STATION values (9556, '.', 3439, 272460.23, 4170607.69, 870.09);
insert into STATION values (9557, '.', 3439, 272461.99, 4170605.38, 870.26);
insert into STATION values (9558, '.', 3439, 272461.59, 4170605.98, 871.16);
insert into STATION values (9559, '.', 3439, 272461.61, 4170606.12, 868.92);
insert into STATION values (9560, '31', 3439, 272470.28, 4170630.44, 868.91);
insert into STATION values (9561, '00', 3541, 269965.63, 4173690.45, 850.00);
insert into STATION_FLAG values(9561, 'ent');
insert into STATION_FLAG values(9561, 'fix');
insert into STATION values (9562, '.', 3541, 269964.03, 4173688.95, 850.14);
insert into STATION values (9563, '.', 3541, 269966.79, 4173685.70, 849.93);
insert into STATION values (9564, '.', 3541, 269970.88, 4173685.51, 849.69);
insert into STATION values (9565, '.', 3541, 269967.01, 4173690.70, 850.11);
insert into STATION values (9566, '.', 3541, 269965.71, 4173690.35, 848.69);
insert into STATION values (9567, '.', 3541, 269967.04, 4173690.60, 849.29);
insert into STATION values (9568, '.', 3541, 269964.37, 4173689.18, 849.02);
insert into STATION values (9569, '.', 3541, 269965.67, 4173690.30, 851.37);
insert into STATION values (9570, '.', 3541, 269964.89, 4173689.08, 850.50);
insert into STATION values (9571, '.', 3541, 269966.63, 4173690.46, 850.17);
insert into STATION values (9572, '1', 3541, 269973.95, 4173680.12, 847.40);
insert into STATION values (9573, '.', 3541, 269977.33, 4173677.91, 847.11);
insert into STATION values (9574, '.', 3541, 269976.87, 4173671.91, 847.25);
insert into STATION values (9575, '.', 3541, 269971.86, 4173677.68, 847.29);
insert into STATION values (9576, '.', 3541, 269975.44, 4173681.03, 847.36);
insert into STATION values (9577, '.', 3541, 269973.20, 4173684.15, 848.44);
insert into STATION values (9578, '.', 3541, 269970.56, 4173681.17, 848.07);
insert into STATION values (9579, '.', 3541, 269973.95, 4173680.09, 847.80);
insert into STATION values (9580, '.', 3541, 269973.94, 4173680.17, 847.02);
insert into STATION values (9581, '2', 3541, 269983.69, 4173671.27, 847.53);
insert into STATION values (9582, '.', 3541, 269990.02, 4173674.23, 847.46);
insert into STATION values (9583, '.', 3541, 269997.11, 4173674.33, 847.27);
insert into STATION values (9584, '.', 3541, 270006.26, 4173672.28, 846.94);
insert into STATION values (9585, '.', 3541, 269984.32, 4173670.90, 847.50);
insert into STATION values (9586, '.', 3541, 269979.16, 4173670.63, 847.68);
insert into STATION values (9587, '.', 3541, 269979.31, 4173676.44, 847.71);
insert into STATION values (9588, '.', 3541, 269973.08, 4173676.80, 847.85);
insert into STATION values (9589, '.', 3541, 269983.73, 4173671.20, 848.11);
insert into STATION values (9590, '.', 3541, 269984.57, 4173675.33, 847.36);
insert into STATION values (9591, '.', 3541, 269983.78, 4173671.34, 846.35);
insert into STATION values (9592, '.', 3541, 269984.36, 4173674.76, 846.54);
insert into STATION values (9593, '.', 3541, 269984.38, 4173673.78, 849.50);
insert into STATION values (9594, '3', 3541, 270003.71, 4173673.32, 846.97);
insert into STATION values (9595, '.', 3541, 270011.00, 4173664.98, 846.84);
insert into STATION values (9596, '.', 3541, 270006.98, 4173670.50, 847.15);
insert into STATION values (9597, '.', 3541, 270003.19, 4173668.53, 847.16);
insert into STATION values (9598, '.', 3541, 269998.28, 4173669.72, 847.20);
insert into STATION values (9599, '.', 3541, 269990.11, 4173670.37, 847.97);
insert into STATION values (9600, '.', 3541, 270002.00, 4173673.96, 847.02);
insert into STATION values (9601, '.', 3541, 270003.32, 4173672.86, 849.06);
insert into STATION values (9602, '.', 3541, 270001.80, 4173671.11, 850.34);
insert into STATION values (9603, '.', 3541, 270001.91, 4173669.24, 849.23);
insert into STATION values (9604, '.', 3541, 270002.04, 4173669.17, 845.60);
insert into STATION values (9605, '.', 3541, 270003.74, 4173673.28, 845.72);
insert into STATION values (9606, '.', 3541, 270003.91, 4173673.81, 845.73);
insert into STATION values (9607, '4', 3541, 270011.01, 4173665.20, 847.53);
insert into STATION values (9608, '.', 3541, 270011.57, 4173668.40, 847.41);
insert into STATION values (9609, '.', 3541, 270016.92, 4173668.60, 847.78);
insert into STATION values (9610, '.', 3541, 270025.52, 4173666.21, 847.70);
insert into STATION values (9611, '.', 3541, 270016.27, 4173664.47, 847.73);
insert into STATION values (9612, '.', 3541, 270007.89, 4173666.11, 847.29);
insert into STATION values (9613, '.', 3541, 270007.01, 4173666.86, 847.41);
insert into STATION values (9614, '.', 3541, 269995.99, 4173674.64, 846.66);
insert into STATION values (9615, '.', 3541, 270007.38, 4173669.91, 847.38);
insert into STATION values (9616, '.', 3541, 270009.80, 4173669.08, 847.49);
insert into STATION values (9617, '.', 3541, 270010.97, 4173668.30, 847.93);
insert into STATION values (9618, '.', 3541, 270011.01, 4173665.95, 849.62);
insert into STATION values (9619, '.', 3541, 270011.33, 4173667.23, 849.53);
insert into STATION values (9620, '.', 3541, 270011.66, 4173667.31, 847.72);
insert into STATION values (9621, '.', 3541, 270011.98, 4173668.26, 846.12);
insert into STATION values (9622, '.', 3541, 270011.08, 4173665.17, 846.12);
insert into STATION values (9623, '.', 3541, 270010.94, 4173664.89, 847.57);
insert into STATION values (9624, '5', 3541, 270020.35, 4173667.75, 848.32);
insert into STATION values (9625, '.', 3541, 270018.93, 4173662.94, 847.95);
insert into STATION values (9626, '.', 3541, 270024.79, 4173663.67, 848.34);
insert into STATION values (9627, '.', 3541, 270029.26, 4173665.92, 848.85);
insert into STATION values (9628, '.', 3541, 270033.04, 4173671.02, 849.03);
insert into STATION values (9629, '.', 3541, 270014.37, 4173663.78, 847.48);
insert into STATION values (9630, '.', 3541, 270009.32, 4173665.60, 846.92);
insert into STATION values (9631, '.', 3541, 270019.81, 4173664.80, 850.61);
insert into STATION values (9632, '.', 3541, 270020.70, 4173661.95, 849.29);
insert into STATION values (9633, '.', 3541, 270020.64, 4173664.54, 846.88);
insert into STATION values (9634, '.', 3541, 270020.34, 4173667.59, 846.71);
insert into STATION values (9635, '.', 3541, 270020.63, 4173668.70, 847.13);
insert into STATION values (9636, '6', 3541, 270023.77, 4173662.52, 848.21);
insert into STATION values (9637, '.', 3541, 270023.18, 4173661.44, 848.34);
insert into STATION values (9638, '.', 3541, 270024.96, 4173663.73, 848.31);
insert into STATION values (9639, '.', 3541, 270026.05, 4173662.21, 848.37);
insert into STATION values (9640, '.', 3541, 270025.36, 4173661.15, 848.27);
insert into STATION values (9641, '.', 3541, 270024.88, 4173661.05, 848.12);
insert into STATION values (9642, '.', 3541, 270022.18, 4173668.80, 848.62);
insert into STATION values (9643, '.', 3541, 270027.93, 4173672.89, 848.74);
insert into STATION values (9644, '.', 3541, 270017.40, 4173663.97, 848.17);
insert into STATION values (9645, '.', 3541, 270015.71, 4173668.88, 847.51);
insert into STATION values (9646, '.', 3541, 270024.01, 4173662.83, 851.49);
insert into STATION values (9647, '.', 3541, 270024.23, 4173663.69, 849.44);
insert into STATION values (9648, '.', 3541, 270022.10, 4173660.29, 851.25);
insert into STATION values (9649, '.', 3541, 270023.78, 4173662.82, 847.36);
insert into STATION values (9650, '7', 3541, 270036.02, 4173660.17, 839.70);
insert into STATION values (9651, '8', 3541, 270031.75, 4173672.01, 849.60);
insert into STATION values (9652, '.', 3541, 270036.47, 4173668.32, 850.49);
insert into STATION values (9653, '.', 3541, 270032.27, 4173664.86, 849.77);
insert into STATION values (9654, '.', 3541, 270029.85, 4173667.39, 849.40);
insert into STATION values (9655, '.', 3541, 270025.59, 4173664.58, 849.05);
insert into STATION values (9656, '.', 3541, 270024.69, 4173670.19, 849.25);
insert into STATION values (9657, '.', 3541, 270031.60, 4173671.72, 850.62);
insert into STATION values (9658, '.', 3541, 270031.75, 4173671.95, 848.77);
insert into STATION values (9659, '9', 3541, 270033.67, 4173667.31, 850.08);
insert into STATION values (9660, '.', 3541, 270030.25, 4173665.66, 850.10);
insert into STATION values (9661, '.', 3541, 270028.79, 4173671.83, 849.78);
insert into STATION values (9662, '.', 3541, 270035.05, 4173672.88, 850.47);
insert into STATION values (9663, '.', 3541, 270033.95, 4173666.76, 850.11);
insert into STATION values (9664, '.', 3541, 270033.58, 4173667.43, 850.86);
insert into STATION values (9665, '.', 3541, 270033.44, 4173667.70, 848.57);
insert into STATION values (9666, '10', 3541, 270029.10, 4173662.15, 850.39);
insert into STATION values (9667, '.', 3541, 270027.94, 4173660.38, 849.64);
insert into STATION values (9668, '.', 3541, 270027.55, 4173664.19, 850.31);
insert into STATION values (9669, '.', 3541, 270030.63, 4173662.55, 850.55);
insert into STATION values (9670, '.', 3541, 270030.04, 4173661.37, 850.48);
insert into STATION values (9671, '.', 3541, 270029.08, 4173662.13, 851.32);
insert into STATION values (9672, '.', 3541, 270028.43, 4173662.05, 849.15);
insert into STATION values (9673, '11', 3541, 270034.03, 4173660.90, 851.25);
insert into STATION values (9674, '12', 3541, 270041.96, 4173671.37, 852.07);
insert into STATION values (9675, '.', 3541, 270040.70, 4173672.16, 852.31);
insert into STATION values (9676, '.', 3541, 270042.30, 4173674.57, 853.22);
insert into STATION values (9677, '.', 3541, 270043.93, 4173673.00, 853.08);
insert into STATION values (9678, '.', 3541, 270040.70, 4173669.14, 852.07);
insert into STATION values (9679, '.', 3541, 270041.82, 4173671.26, 852.38);
insert into STATION values (9680, '.', 3541, 270041.91, 4173671.58, 851.44);
insert into STATION values (9681, '.', 3541, 270038.57, 4173672.25, 851.41);
insert into STATION values (9682, '13', 3541, 270044.04, 4173677.00, 853.99);
insert into STATION values (9683, '.', 3541, 270039.58, 4173676.98, 853.81);
insert into STATION values (9684, '.', 3541, 270042.66, 4173679.15, 854.13);
insert into STATION values (9685, '.', 3541, 270046.05, 4173680.97, 854.37);
insert into STATION values (9686, '.', 3541, 270048.47, 4173679.11, 854.96);
insert into STATION values (9687, '.', 3541, 270048.80, 4173675.30, 856.30);
insert into STATION values (9688, '.', 3541, 270045.68, 4173673.31, 854.30);
insert into STATION values (9689, '.', 3541, 270042.70, 4173676.17, 853.76);
insert into STATION values (9690, '.', 3541, 270043.46, 4173674.78, 853.69);
insert into STATION values (9691, '.', 3541, 270043.19, 4173677.26, 854.82);
insert into STATION values (9692, '.', 3541, 270043.77, 4173676.91, 854.90);
insert into STATION values (9693, '.', 3541, 270047.41, 4173675.15, 855.93);
insert into STATION values (9694, '14', 3541, 270039.53, 4173677.25, 854.01);
insert into STATION values (9695, '15', 3541, 270046.58, 4173675.37, 856.41);
insert into STATION values (9696, '16', 3541, 269992.69, 4173674.17, 847.16);
insert into STATION values (9697, '.', 3541, 269999.54, 4173669.11, 846.69);
insert into STATION values (9698, '.', 3541, 269993.58, 4173669.88, 847.04);
insert into STATION values (9699, '.', 3541, 269991.96, 4173670.26, 847.06);
insert into STATION values (9700, '.', 3541, 269992.86, 4173672.20, 850.29);
insert into STATION values (9701, '.', 3541, 269992.57, 4173673.84, 845.73);
insert into STATION values (9702, '.', 3541, 269992.69, 4173674.47, 847.18);
insert into STATION values (9703, '17', 3541, 269997.69, 4173674.71, 843.34);
insert into STATION values (9704, '.', 3541, 269998.26, 4173673.32, 843.14);
insert into STATION values (9705, '.', 3541, 270000.47, 4173673.72, 843.25);
insert into STATION values (9706, '.', 3541, 269999.21, 4173673.40, 843.33);
insert into STATION values (9707, '.', 3541, 269996.26, 4173674.07, 843.31);
insert into STATION values (9708, '.', 3541, 269996.42, 4173674.99, 843.38);
insert into STATION values (9709, '.', 3541, 269997.10, 4173673.04, 849.58);
insert into STATION values (9710, '.', 3541, 270000.34, 4173674.08, 835.54);
insert into STATION values (9711, '.', 3541, 269996.08, 4173674.09, 833.55);
insert into STATION values (9712, '18', 3541, 269999.31, 4173674.17, 830.34);
insert into STATION values (9713, '.', 3541, 269999.53, 4173675.48, 830.55);
insert into STATION values (9714, '.', 3541, 270003.43, 4173674.44, 830.80);
insert into STATION values (9715, '.', 3541, 269998.11, 4173674.85, 830.75);
insert into STATION values (9716, '.', 3541, 269994.27, 4173675.54, 834.49);
insert into STATION values (9717, '.', 3541, 269996.99, 4173673.43, 849.10);
insert into STATION values (9718, '.', 3541, 270002.48, 4173674.94, 827.03);
insert into STATION values (9719, '.', 3541, 270000.48, 4173675.32, 829.13);
insert into STATION values (9720, '19', 3541, 270000.93, 4173675.13, 827.99);
insert into STATION values (9721, '.', 3541, 270000.94, 4173674.15, 827.92);
insert into STATION values (9722, '.', 3541, 270000.22, 4173674.79, 827.98);
insert into STATION values (9723, '.', 3541, 270003.01, 4173675.53, 827.37);
insert into STATION values (9724, '.', 3541, 270002.38, 4173674.17, 827.63);
insert into STATION values (9725, '.', 3541, 270000.61, 4173675.07, 827.43);
insert into STATION values (9726, '.', 3541, 270000.42, 4173674.27, 820.25);
insert into STATION values (9727, '.', 3541, 269996.06, 4173673.77, 849.39);
insert into STATION values (9728, '20', 3541, 269996.83, 4173675.12, 817.19);
insert into STATION values (9729, '.', 3541, 269997.96, 4173677.91, 817.50);
insert into STATION values (9730, '.', 3541, 269994.62, 4173677.04, 817.19);
insert into STATION values (9731, '.', 3541, 269986.20, 4173678.85, 826.09);
insert into STATION values (9732, '.', 3541, 269999.57, 4173676.70, 817.02);
insert into STATION values (9733, '.', 3541, 269997.49, 4173674.58, 817.30);
insert into STATION values (9734, '.', 3541, 269996.99, 4173675.99, 815.54);
insert into STATION values (9735, '.', 3541, 269995.69, 4173675.29, 827.12);
insert into STATION values (9736, '21', 3541, 269987.22, 4173678.74, 826.33);
insert into STATION values (9737, '22', 3541, 269993.77, 4173679.57, 806.55);
insert into STATION values (9738, '.', 3541, 269986.17, 4173679.77, 808.28);
insert into STATION values (9739, '.', 3541, 269985.88, 4173681.63, 807.81);
insert into STATION values (9740, '.', 3541, 269993.25, 4173678.75, 806.67);
insert into STATION values (9741, '.', 3541, 269995.54, 4173678.21, 806.46);
insert into STATION values (9742, '.', 3541, 269993.89, 4173679.96, 806.51);
insert into STATION values (9743, '.', 3541, 269993.78, 4173677.76, 816.81);
insert into STATION values (9744, '23', 3541, 269993.09, 4173679.47, 790.10);
insert into STATION values (9745, '.', 3541, 269992.60, 4173672.82, 789.47);
insert into STATION values (9746, '.', 3541, 269975.05, 4173670.06, 787.68);
insert into STATION values (9747, '.', 3541, 269982.50, 4173698.07, 790.25);
insert into STATION values (9748, '.', 3541, 269994.88, 4173686.82, 790.14);
insert into STATION values (9749, '.', 3541, 269990.03, 4173682.76, 800.08);
insert into STATION values (9750, '.', 3541, 269995.95, 4173687.69, 782.70);
insert into STATION values (9751, '24', 3541, 269969.71, 4173689.76, 786.70);
insert into STATION values (9752, '.', 3541, 269975.62, 4173669.61, 788.35);
insert into STATION values (9753, '.', 3541, 269966.00, 4173698.16, 786.61);
insert into STATION values (9754, '.', 3541, 269960.35, 4173691.25, 789.54);
insert into STATION values (9755, '.', 3541, 269959.28, 4173675.10, 790.32);
insert into STATION values (9756, '.', 3541, 269991.09, 4173671.53, 788.81);
insert into STATION values (9757, '.', 3541, 269986.18, 4173698.72, 787.06);
insert into STATION values (9758, '.', 3541, 269968.85, 4173689.73, 794.03);
insert into STATION values (9759, '.', 3541, 269969.79, 4173689.84, 786.00);
insert into STATION values (9760, '25', 3541, 269948.54, 4173686.19, 795.02);
insert into STATION values (9761, '.', 3541, 269948.48, 4173684.21, 795.38);
insert into STATION values (9762, '.', 3541, 269952.66, 4173683.12, 794.82);
insert into STATION values (9763, '.', 3541, 269954.76, 4173688.09, 795.42);
insert into STATION values (9764, '.', 3541, 269948.98, 4173689.02, 795.42);
insert into STATION values (9765, '.', 3541, 269945.78, 4173690.80, 795.75);
insert into STATION values (9766, '.', 3541, 269941.35, 4173683.28, 796.87);
insert into STATION values (9767, '.', 3541, 269948.93, 4173687.19, 798.21);
insert into STATION values (9768, '.', 3541, 269948.63, 4173686.13, 793.60);
insert into STATION values (9769, '26', 3541, 269936.31, 4173685.37, 799.63);
insert into STATION values (9770, '.', 3541, 269937.98, 4173681.94, 800.03);
insert into STATION values (9771, '.', 3541, 269932.21, 4173678.33, 802.99);
insert into STATION values (9772, '.', 3541, 269933.81, 4173690.17, 803.21);
insert into STATION values (9773, '.', 3541, 269938.53, 4173689.70, 800.07);
insert into STATION values (9774, '.', 3541, 269940.71, 4173687.61, 799.55);
insert into STATION values (9775, '.', 3541, 269936.09, 4173685.45, 802.84);
insert into STATION values (9776, '.', 3541, 269936.49, 4173685.63, 798.73);
insert into STATION values (9777, '27', 3541, 269932.60, 4173685.74, 804.45);
insert into STATION values (9778, '.', 3541, 269929.94, 4173690.97, 804.32);
insert into STATION values (9779, '.', 3541, 269934.77, 4173686.09, 804.31);
insert into STATION values (9780, '.', 3541, 269934.48, 4173680.75, 804.23);
insert into STATION values (9781, '.', 3541, 269929.56, 4173678.82, 803.98);
insert into STATION values (9782, '.', 3541, 269929.04, 4173684.92, 804.55);
insert into STATION values (9783, '.', 3541, 269928.69, 4173688.86, 804.20);
insert into STATION values (9784, '.', 3541, 269932.73, 4173685.57, 806.10);
insert into STATION values (9785, '.', 3541, 269932.29, 4173686.43, 802.00);
insert into STATION values (9786, '28', 3541, 269929.01, 4173684.24, 807.40);
insert into STATION values (9787, '.', 3541, 269927.47, 4173690.73, 808.91);
insert into STATION values (9788, '.', 3541, 269931.29, 4173687.31, 808.03);
insert into STATION values (9789, '.', 3541, 269930.45, 4173684.14, 807.61);
insert into STATION values (9790, '.', 3541, 269923.78, 4173683.53, 809.78);
insert into STATION values (9791, '.', 3541, 269926.51, 4173679.39, 807.98);
insert into STATION values (9792, '.', 3541, 269928.63, 4173684.26, 805.85);
insert into STATION values (9793, '.', 3541, 269929.05, 4173684.70, 810.85);
insert into STATION values (9794, '29', 3541, 269922.64, 4173683.30, 811.73);
insert into STATION values (9795, '.', 3541, 269922.59, 4173689.47, 811.79);
insert into STATION values (9796, '.', 3541, 269922.47, 4173682.25, 811.90);
insert into STATION values (9797, '.', 3541, 269928.55, 4173683.88, 811.14);
insert into STATION values (9798, '.', 3541, 269927.53, 4173687.19, 811.41);
insert into STATION values (9799, '.', 3541, 269921.24, 4173685.85, 812.50);
insert into STATION values (9800, '.', 3541, 269922.67, 4173683.15, 812.55);
insert into STATION values (9801, '.', 3541, 269923.58, 4173683.22, 809.08);
insert into STATION values (9802, '.', 3541, 269920.07, 4173685.69, 812.12);
insert into STATION values (9803, '.', 3541, 269919.94, 4173682.92, 812.45);
insert into STATION values (9804, '30', 3541, 269916.23, 4173686.33, 811.94);
insert into STATION values (9805, '.', 3541, 269917.44, 4173688.71, 812.29);
insert into STATION values (9806, '.', 3541, 269915.06, 4173692.58, 812.20);
insert into STATION values (9807, '.', 3541, 269911.46, 4173689.15, 814.08);
insert into STATION values (9808, '.', 3541, 269910.23, 4173685.68, 814.92);
insert into STATION values (9809, '.', 3541, 269915.36, 4173685.18, 812.31);
insert into STATION values (9810, '.', 3541, 269916.55, 4173684.45, 812.25);
insert into STATION values (9811, '.', 3541, 269917.12, 4173686.38, 811.97);
insert into STATION values (9812, '.', 3541, 269916.36, 4173686.26, 813.64);
insert into STATION values (9813, '.', 3541, 269916.05, 4173686.30, 810.86);
insert into STATION values (9814, '31', 3541, 269909.02, 4173689.28, 816.85);
insert into STATION values (9815, '.', 3541, 269908.90, 4173688.89, 816.78);
insert into STATION values (9816, '.', 3541, 269909.12, 4173689.60, 816.77);
insert into STATION values (9817, '.', 3541, 269908.71, 4173689.30, 816.19);
insert into STATION values (9818, '.', 3541, 269909.06, 4173689.28, 817.33);
insert into STATION values (9819, '32', 3541, 270006.93, 4173669.25, 786.63);
insert into STATION values (9820, '.', 3541, 270009.80, 4173676.90, 786.47);
insert into STATION values (9821, '.', 3541, 270003.90, 4173664.55, 787.14);
insert into STATION values (9822, '.', 3541, 270002.02, 4173678.40, 788.43);
insert into STATION values (9823, '.', 3541, 269995.23, 4173670.65, 788.67);
insert into STATION values (9824, '.', 3541, 270031.91, 4173665.72, 786.63);
insert into STATION values (9825, '.', 3541, 270012.66, 4173635.18, 789.23);
insert into STATION values (9826, '33', 3541, 270013.76, 4173655.29, 785.14);
insert into STATION values (9827, '.', 3541, 270032.94, 4173653.29, 787.30);
insert into STATION values (9828, '.', 3541, 270034.10, 4173661.92, 787.04);
insert into STATION values (9829, '.', 3541, 270032.27, 4173647.41, 790.23);
insert into STATION values (9830, '.', 3541, 270008.84, 4173651.45, 787.13);
insert into STATION values (9831, '.', 3541, 270007.52, 4173658.11, 786.48);
insert into STATION values (9832, '.', 3541, 270014.82, 4173675.35, 785.77);
insert into STATION values (9833, '.', 3541, 270023.07, 4173674.00, 786.52);
insert into STATION values (9834, '34', 3541, 270019.18, 4173643.37, 788.74);
insert into STATION values (9835, '.', 3541, 270013.72, 4173654.97, 793.85);
insert into STATION values (9836, '.', 3541, 270013.62, 4173655.43, 783.80);
insert into STATION values (9837, '.', 3541, 270008.56, 4173642.26, 788.01);
insert into STATION values (9838, '.', 3541, 270026.81, 4173630.99, 788.26);
insert into STATION values (9839, '.', 3541, 270016.60, 4173632.44, 788.47);
insert into STATION values (9840, '.', 3541, 270009.94, 4173636.50, 788.36);
insert into STATION values (9841, '.', 3541, 270007.63, 4173656.58, 788.74);
insert into STATION values (9842, '.', 3541, 270030.34, 4173655.29, 792.27);
insert into STATION values (9843, '.', 3541, 270018.50, 4173643.05, 796.54);
insert into STATION values (9844, '.', 3541, 270019.03, 4173643.13, 787.86);
insert into STATION values (9845, '35', 3541, 270010.57, 4173630.25, 786.26);
insert into STATION values (9846, '.', 3541, 270020.57, 4173631.87, 787.32);
insert into STATION values (9847, '.', 3541, 270017.53, 4173627.38, 786.39);
insert into STATION values (9848, '.', 3541, 270017.71, 4173616.79, 785.11);
insert into STATION values (9849, '.', 3541, 270010.44, 4173621.16, 785.81);
insert into STATION values (9850, '.', 3541, 270009.21, 4173629.74, 786.22);
insert into STATION values (9851, '.', 3541, 270009.03, 4173636.10, 786.39);
insert into STATION values (9852, '.', 3541, 270013.75, 4173629.78, 788.41);
insert into STATION values (9853, '.', 3541, 270011.03, 4173630.28, 784.11);
insert into STATION values (9854, '36', 3541, 270013.08, 4173615.66, 784.78);
insert into STATION values (9855, '.', 3541, 270008.91, 4173615.43, 784.84);
insert into STATION values (9856, '.', 3541, 270016.73, 4173614.69, 784.51);
insert into STATION values (9857, '.', 3541, 270011.64, 4173607.86, 785.51);
insert into STATION values (9858, '.', 3541, 270016.85, 4173608.67, 785.06);
insert into STATION values (9859, '.', 3541, 270010.57, 4173619.47, 785.18);
insert into STATION values (9860, '.', 3541, 270018.19, 4173623.14, 784.83);
insert into STATION values (9861, '.', 3541, 270012.84, 4173615.56, 785.81);
insert into STATION values (9862, '.', 3541, 270013.84, 4173615.11, 783.62);
insert into STATION values (9863, '37', 3541, 270013.00, 4173606.48, 785.32);
insert into STATION values (9864, '.', 3541, 270017.26, 4173607.85, 785.40);
insert into STATION values (9865, '.', 3541, 270016.54, 4173603.01, 785.67);
insert into STATION values (9866, '.', 3541, 270012.09, 4173604.78, 785.37);
insert into STATION values (9867, '.', 3541, 270011.81, 4173606.83, 785.29);
insert into STATION values (9868, '.', 3541, 270010.53, 4173609.44, 785.66);
insert into STATION values (9869, '.', 3541, 270012.89, 4173606.69, 786.64);
insert into STATION values (9870, '.', 3541, 270012.98, 4173606.32, 784.38);
insert into STATION values (9871, '38', 3541, 270014.92, 4173598.78, 786.47);
insert into STATION values (9872, '.', 3541, 270014.67, 4173598.73, 786.45);
insert into STATION values (9873, '.', 3541, 270015.27, 4173598.92, 786.48);
insert into STATION values (9874, '.', 3541, 270014.99, 4173598.57, 786.47);
insert into STATION values (9875, '.', 3541, 270014.93, 4173598.73, 786.73);
insert into STATION values (9876, '.', 3541, 270014.84, 4173598.77, 785.88);
insert into STATION values (9877, '39', 3541, 270034.78, 4173639.66, 791.49);
insert into STATION values (9878, '.', 3541, 270035.69, 4173643.16, 791.54);
insert into STATION values (9879, '.', 3541, 270047.16, 4173639.48, 793.21);
insert into STATION values (9880, '.', 3541, 270037.25, 4173636.14, 791.88);
insert into STATION values (9881, '.', 3541, 270033.98, 4173635.11, 791.42);
insert into STATION values (9882, '.', 3541, 270027.51, 4173631.88, 789.35);
insert into STATION values (9883, '.', 3541, 270035.24, 4173640.06, 796.30);
insert into STATION values (9884, '.', 3541, 270034.65, 4173639.17, 790.01);
insert into STATION values (9885, '40', 3541, 270043.81, 4173639.81, 792.76);
insert into STATION values (9886, '.', 3541, 270043.77, 4173640.84, 792.78);
insert into STATION values (9887, '.', 3541, 270043.98, 4173636.11, 792.74);
insert into STATION values (9888, '.', 3541, 270047.63, 4173639.26, 792.55);
insert into STATION values (9889, '.', 3541, 270046.74, 4173637.27, 792.62);
insert into STATION values (9890, '.', 3541, 270041.24, 4173636.24, 792.95);
insert into STATION values (9891, '.', 3541, 270042.15, 4173640.41, 792.77);
insert into STATION values (9892, '41', 3541, 270044.75, 4173635.81, 823.57);
insert into STATION values (9893, '42', 3541, 270050.82, 4173636.89, 790.83);
insert into STATION values (9894, '.', 3541, 270050.77, 4173637.60, 790.89);
insert into STATION values (9895, '.', 3541, 270052.43, 4173637.74, 790.78);
insert into STATION values (9896, '.', 3541, 270052.20, 4173636.28, 790.90);
insert into STATION values (9897, '.', 3541, 270050.99, 4173636.12, 790.87);
insert into STATION values (9898, '43', 3541, 270059.42, 4173636.76, 788.57);
insert into STATION values (9899, '.', 3541, 270050.85, 4173636.83, 791.40);
insert into STATION values (9900, '.', 3541, 270050.88, 4173636.95, 790.17);
insert into STATION values (9901, '.', 3541, 270061.04, 4173636.74, 786.68);
insert into STATION values (9902, '.', 3541, 270058.84, 4173636.84, 790.46);
insert into STATION values (9903, '.', 3541, 270059.51, 4173637.23, 788.58);
insert into STATION values (9904, '.', 3541, 270059.31, 4173636.29, 788.66);
insert into STATION values (9905, '44', 3541, 270019.45, 4173663.97, 785.43);
insert into STATION values (9906, '.', 3541, 270007.91, 4173653.42, 786.11);
insert into STATION values (9907, '.', 3541, 270032.72, 4173647.03, 789.26);
insert into STATION values (9908, '.', 3541, 270027.50, 4173670.46, 785.80);
insert into STATION values (9909, '.', 3541, 270017.70, 4173675.11, 786.99);
insert into STATION values (9910, '.', 3541, 270021.53, 4173664.81, 809.08);
insert into STATION values (9911, '.', 3541, 270019.16, 4173661.39, 795.62);
insert into STATION values (9912, '.', 3541, 270017.54, 4173654.80, 795.24);
insert into STATION values (9913, '.', 3541, 270018.71, 4173667.47, 794.10);
insert into STATION values (9914, '45', 3541, 270021.14, 4173663.98, 816.57);
