create table SURVEY (ID integer, PARENT_ID integer, NAME varchar(29), FULL_NAME varchar(66), TITLE varchar(31));
create table CENTRELINE (ID integer, SURVEY_ID integer, TITLE varchar(4), TOPO_DATE date, EXPLO_DATE date, LENGTH real, SURFACE_LENGTH real, DUPLICATE_LENGTH real);
create table PERSON (ID integer, NAME varchar(15), SURNAME varchar(12));
create table EXPLO (PERSON_ID integer, CENTRELINE_ID integer);
create table TOPO (PERSON_ID integer, CENTRELINE_ID integer);
create table STATION (ID integer, NAME varchar(31), SURVEY_ID integer, X real, Y real, Z real);
create table STATION_FLAG (STATION_ID integer, FLAG char(3));
create table SHOT (ID integer, FROM_ID integer, TO_ID integer, CENTRELINE_ID integer, LENGTH real, BEARING real, GRADIENT real, ADJ_LENGTH real, ADJ_BEARING real, ADJ_GRADIENT real, ERR_LENGTH real, ERR_BEARING real, ERR_GRADIENT real);
create table SHOT_FLAG (SHOT_ID integer, FLAG char(3));
create table MAPS (ID integer, SURVEY_ID integer, NAME varchar(29), TITLE varchar(31), PROJID integer, LENGTH real, DEPTH real);
create table SCRAPS (ID integer, SURVEY_ID integer, NAME varchar(29), PROJID integer, MAX_DISTORTION real, AVG_DISTORTION real);
create table MAPITEMS (ID integer, TYPE integer, ITEMID integer);
insert into SURVEY values (1, 0, '', '', NULL);
 insert into CENTRELINE values (2, 1, NULL, NULL, NULL, 0.00, 0.00, 0.00);
 insert into SURVEY values (50, 1, 'Koytendag', 'Koytendag', 'Karst de Koytendag');
 insert into CENTRELINE values (51, 50, NULL, NULL, NULL, 0.00, 0.00, 0.00);
 insert into SURVEY values (52, 50, 'Hanaka', 'Hanaka.Koytendag', 'Hanaka');
 insert into CENTRELINE values (53, 52, NULL, NULL, NULL, 0.00, 0.00, 0.00);
 insert into SURVEY values (54, 52, 'HanakaMain', 'HanakaMain.Hanaka.Koytendag', 'HanakaMain');
 insert into CENTRELINE values (55, 54, NULL, NULL, NULL, 0.00, 0.00, 0.00);
 insert into SURVEY values (56, 54, 'HanakaMain', 'HanakaMain.HanakaMain.Hanaka.Koytendag', 'Hanaka Main');
 insert into CENTRELINE values (57, 56, NULL, NULL, NULL, 0.00, 0.00, 0.00);
 insert into CENTRELINE values (58, 56, NULL, '2024-04-21', NULL, 65.48, 0.00, 0.00);
 insert into PERSON values (1, 'Jean-Marie', 'Briffon');
insert into TOPO values (1, 58);
 insert into PERSON values (2, 'Bernard', 'Lips');
insert into TOPO values (2, 58);
 insert into PERSON values (3, 'Xavier', 'Robert');
insert into TOPO values (3, 58);
 insert into SHOT values (1, 1, 2, 58, 8.020, 232.45, 7.30, 8.010, 232.47, 7.32, 0.011, 39.47, 5.01);
insert into SHOT values (2, 1, 3, 58, 9.870, 193.65, 4.90, 9.864, 193.65, 4.89, 0.007, 5.31, -26.19);
insert into SHOT values (3, 1, 4, 58, 3.080, 147.15, -0.50, 3.079, 146.93, -0.56, 0.012, 51.64, -14.74);
insert into SHOT values (4, 1, 5, 58, 4.070, 296.85, 3.80, 4.070, 296.94, 3.80, 0.007, 29.15, 2.27);
insert into SHOT values (5, 1, 6, 58, 2.210, 333.85, -23.50, 2.209, 333.94, -23.48, 0.004, 76.86, 20.37);
insert into SHOT values (6, 1, 7, 58, 2.960, 271.55, -68.60, 2.960, 271.61, -68.80, 0.010, 85.25, -22.84);
insert into SHOT values (7, 1, 8, 58, 13.010, 206.35, -41.10, 13.004, 206.36, -41.11, 0.006, 14.33, 24.17);
insert into SHOT values (8, 1, 9, 58, 11.400, 188.75, -26.10, 11.394, 188.72, -26.14, 0.012, 40.74, -22.98);
insert into SHOT values (9, 1, 10, 58, 15.650, 175.55, -39.00, 15.647, 175.52, -39.02, 0.008, 47.46, -7.73);
insert into SHOT values (10, 1, 11, 58, 8.340, 214.05, -28.40, 8.332, 214.04, -28.46, 0.012, 41.78, -16.09);
insert into SHOT values (11, 1, 12, 58, 23.690, 197.65, -42.60, 23.687, 197.63, -42.62, 0.011, 43.80, -25.31);
insert into SHOT values (12, 12, 13, 58, 2.810, 210.65, 76.30, 2.812, 210.38, 76.17, 0.007, 185.62, -0.41);
insert into SHOT values (13, 12, 14, 58, 7.200, 35.45, 87.80, 7.205, 36.03, 87.84, 0.007, 183.35, 45.77);
insert into SHOT values (14, 12, 15, 58, 2.310, 150.65, 25.00, 2.313, 150.87, 25.07, 0.009, 230.06, 24.98);
insert into SHOT values (15, 12, 16, 58, 4.080, 304.45, 11.10, 4.077, 304.41, 11.17, 0.007, 162.12, 41.93);
insert into SHOT values (16, 12, 17, 58, 6.240, 343.65, 45.20, 6.243, 343.63, 45.21, 0.003, 292.59, 43.85);
insert into SHOT values (17, 12, 18, 58, 7.360, 30.35, 49.50, 7.358, 30.33, 49.56, 0.008, 226.42, 25.62);
insert into SHOT values (18, 12, 19, 58, 4.470, 57.05, 34.60, 4.472, 57.09, 34.61, 0.003, 117.95, 31.98);
insert into SHOT values (19, 12, 20, 58, 5.970, 20.05, 17.40, 5.969, 20.03, 17.45, 0.006, 242.39, 54.20);
insert into SHOT values (20, 12, 21, 58, 14.020, 10.55, 33.00, 14.022, 10.54, 33.01, 0.005, 282.09, 56.62);
insert into SHOT values (21, 12, 22, 58, 19.980, 25.35, 37.40, 19.978, 25.34, 37.42, 0.008, 233.15, 33.89);
insert into SHOT values (22, 12, 23, 58, 3.450, 201.35, -29.40, 3.451, 201.45, -29.33, 0.007, 264.41, 31.94);
insert into SHOT values (23, 12, 24, 58, 3.890, 230.65, -28.50, 3.893, 230.69, -28.37, 0.009, 249.81, 41.72);
insert into SHOT values (24, 12, 25, 58, 2.070, 169.65, -26.00, 2.066, 169.78, -25.83, 0.009, 273.02, 59.99);
insert into SHOT values (25, 12, 26, 58, 3.510, 242.85, -53.30, 3.509, 242.83, -53.20, 0.006, 231.54, 43.60);
insert into SHOT values (26, 12, 27, 58, 4.410, 223.25, -65.70, 4.406, 223.22, -65.53, 0.014, 218.84, 41.59);
insert into SHOT values (27, 12, 28, 58, 4.520, 192.35, -38.60, 4.520, 192.42, -38.60, 0.005, 279.30, -0.80);
insert into SHOT values (28, 28, 29, 58, 0.980, 264.25, -6.10, 0.980, 264.11, -5.86, 0.005, 190.88, 59.88);
insert into SHOT values (29, 28, 30, 58, 1.370, 76.75, -65.70, 1.362, 77.69, -65.58, 0.013, 172.37, 42.81);
insert into SHOT values (30, 28, 31, 58, 1.820, 95.45, -18.10, 1.817, 95.64, -17.95, 0.008, 200.34, 41.68);
insert into SHOT values (31, 28, 32, 58, 3.780, 163.55, 1.90, 3.787, 163.58, 1.97, 0.008, 178.95, 34.76);
insert into SHOT values (32, 28, 33, 58, 4.390, 197.55, -4.00, 4.394, 197.53, -3.92, 0.008, 174.08, 53.93);
insert into SHOT values (33, 28, 34, 58, 0.810, 210.35, 24.00, 0.810, 210.03, 24.06, 0.004, 110.24, 7.48);
insert into SHOT values (34, 28, 35, 58, 3.000, 252.85, -9.70, 2.996, 252.67, -9.61, 0.011, 144.89, 29.26);
insert into SHOT values (35, 28, 36, 58, 2.230, 209.35, -1.80, 2.235, 209.20, -1.79, 0.008, 161.14, 0.35);
insert into SHOT values (36, 36, 37, 58, 1.260, 108.65, -73.80, 1.259, 108.43, -73.96, 0.004, 308.11, -0.44);
insert into SHOT values (37, 36, 38, 58, 2.930, 127.15, -14.40, 2.924, 127.11, -14.25, 0.010, 331.97, 63.47);
insert into SHOT values (38, 36, 39, 58, 1.620, 213.15, 45.30, 1.622, 213.13, 45.64, 0.010, 37.48, 59.06);
insert into SHOT values (39, 36, 40, 58, 2.140, 304.15, -14.50, 2.139, 304.38, -14.35, 0.010, 33.44, 34.81);
insert into SHOT values (40, 36, 41, 58, 3.030, 55.75, -5.40, 3.028, 55.68, -5.31, 0.007, 303.10, 51.52);
insert into SHOT values (41, 36, 42, 58, 1.870, 219.15, 15.40, 1.873, 219.16, 15.48, 0.004, 223.51, 52.83);
insert into SHOT values (42, 36, 43, 58, 2.430, 225.15, -6.60, 2.426, 225.17, -6.39, 0.010, 28.51, 73.42);
insert into SHOT values (43, 36, 44, 58, 2.410, 273.65, -4.10, 2.411, 273.81, -4.04, 0.007, 351.54, 18.06);
insert into SHOT values (44, 36, 45, 58, 2.370, 237.45, -30.80, 2.369, 237.64, -30.72, 0.008, 322.73, 27.91);
insert into SHOT values (45, 36, 46, 58, 3.690, 264.55, 0.80, 3.687, 264.55, 0.93, 0.009, 80.72, 70.54);
insert into SHOT values (46, 36, 47, 58, 11.680, 229.55, -3.20, 11.673, 229.56, -3.19, 0.008, 34.47, 15.07);
insert into SHOT values (47, 36, 48, 58, 2.630, 232.55, 12.50, 2.631, 232.59, 12.51, 0.002, 310.02, 20.10);
insert into SHOT values (48, 36, 49, 58, 8.200, 239.05, 2.60, 8.203, 239.08, 2.66, 0.010, 301.21, 54.78);
insert into SHOT values (49, 49, 50, 58, 1.120, 339.75, 1.40, 1.117, 340.10, 1.03, 0.011, 93.45, -44.23);
insert into SHOT values (50, 49, 51, 58, 3.240, 43.05, 85.00, 3.233, 43.60, 84.85, 0.011, 63.28, -43.43);
insert into SHOT values (51, 49, 52, 58, 4.090, 131.55, 26.80, 4.093, 131.45, 26.72, 0.009, 80.23, -27.08);
insert into SHOT values (52, 49, 53, 58, 2.700, 126.25, -34.00, 2.702, 126.10, -33.98, 0.006, 53.61, -1.71);
insert into SHOT values (53, 49, 54, 58, 2.510, 300.35, -25.60, 2.508, 300.31, -25.76, 0.007, 137.62, -47.29);
insert into SHOT values (54, 49, 55, 58, 3.890, 243.55, -22.40, 3.892, 243.58, -22.51, 0.008, 359.82, -75.47);
insert into SHOT values (55, 49, 56, 58, 3.440, 222.45, 34.70, 3.438, 222.27, 34.76, 0.010, 109.66, 10.14);
insert into SHOT values (56, 49, 57, 58, 3.800, 212.55, -3.00, 3.800, 212.52, -3.02, 0.002, 126.67, -28.10);
insert into SHOT values (57, 49, 58, 58, 2.660, 182.35, 21.20, 2.661, 182.31, 21.15, 0.003, 141.82, -35.69);
insert into SHOT values (58, 49, 59, 58, 4.080, 292.45, 16.30, 4.072, 292.56, 16.26, 0.012, 63.46, -26.36);
insert into SHOT values (59, 59, 60, 58, 4.730, 183.75, 51.20, 4.735, 183.87, 51.20, 0.008, 247.97, 29.17);
insert into SHOT values (60, 60, 61, 58, 1.180, 198.85, 13.10, 1.182, 198.75, 13.20, 0.004, 150.76, 43.55);
insert into SHOT values (61, 60, 62, 58, 0.660, 346.55, 67.40, 0.658, 345.96, 67.92, 0.007, 188.53, 5.76);
insert into SHOT values (62, 60, 63, 58, 0.470, 5.25, 5.30, 0.463, 4.97, 4.95, 0.007, 205.03, -27.17);
insert into SHOT values (63, 60, 64, 58, 0.900, 269.25, -41.30, 0.899, 269.14, -41.84, 0.009, 100.62, -44.12);
insert into SHOT values (64, 60, 65, 58, 1.630, 304.75, 14.60, 1.625, 304.90, 14.61, 0.006, 81.31, -8.12);
insert into SHOT values (65, 60, 66, 58, 0.900, 331.05, 5.60, 0.895, 331.13, 5.77, 0.006, 136.56, 22.71);
insert into SHOT values (66, 60, 67, 58, 1.710, 265.75, 32.70, 1.704, 265.60, 32.68, 0.007, 123.60, -32.28);
insert into SHOT values (67, 60, 68, 58, 3.270, 293.75, 7.40, 3.269, 293.64, 7.38, 0.006, 197.14, -10.53);
insert into SHOT values (68, 68, 69, 58, 1.780, 305.75, -3.50, 1.780, 305.84, -3.54, 0.003, 43.92, -25.70);
insert into SHOT values (69, 68, 70, 58, 2.470, 341.25, -44.50, 2.469, 341.46, -44.48, 0.007, 74.30, 10.76);
insert into SHOT values (70, 68, 71, 58, 1.530, 128.55, 19.80, 1.530, 128.22, 19.88, 0.008, 30.39, 11.87);
insert into SHOT values (71, 68, 72, 58, 1.380, 101.45, 86.90, 1.382, 97.13, 86.66, 0.009, 54.93, 13.55);
insert into SHOT values (72, 68, 73, 58, 1.670, 328.25, 60.70, 1.675, 328.44, 60.63, 0.006, 0.77, 35.87);
insert into SHOT values (73, 68, 74, 58, 1.590, 10.35, -0.90, 1.597, 10.47, -1.08, 0.009, 35.96, -33.87);
insert into SHOT values (74, 68, 75, 58, 1.830, 72.45, 8.30, 1.834, 72.36, 8.15, 0.007, 41.30, -38.49);
insert into SHOT values (75, 68, 76, 58, 2.860, 10.95, -39.50, 2.863, 10.95, -39.47, 0.004, 14.09, -13.39);
insert into SHOT values (76, 68, 77, 58, 2.160, 90.35, -25.50, 2.160, 90.29, -25.50, 0.002, 13.51, -2.84);
insert into SHOT values (77, 68, 78, 58, 1.220, 71.65, -49.30, 1.227, 71.79, -49.30, 0.007, 95.48, -45.90);
insert into SHOT values (78, 68, 79, 58, 4.870, 55.45, 79.60, 4.871, 55.59, 79.53, 0.006, 76.59, 0.07);
insert into SHOT values (79, 68, 80, 58, 8.060, 148.05, 70.00, 8.057, 148.04, 69.98, 0.004, 128.55, -68.82);
insert into SHOT values (80, 68, 81, 58, 2.170, 59.05, 74.00, 2.176, 59.20, 73.85, 0.008, 71.32, 28.68);
insert into SHOT values (81, 68, 82, 58, 2.540, 262.95, 42.00, 2.538, 262.99, 42.06, 0.004, 62.84, 6.26);
insert into SHOT values (82, 68, 83, 58, 2.560, 263.05, 43.60, 2.556, 263.18, 43.52, 0.007, 3.35, -51.23);
insert into SHOT values (83, 83, 84, 58, 0.400, 86.65, 20.70, 0.409, 86.99, 21.51, 0.011, 106.14, 52.00);
insert into SHOT values (84, 83, 85, 58, 1.270, 131.85, 58.40, 1.277, 131.35, 58.57, 0.010, 47.20, 54.83);
insert into SHOT values (85, 83, 86, 58, 0.950, 45.45, 39.40, 0.956, 46.10, 39.67, 0.011, 126.08, 39.53);
insert into SHOT values (86, 83, 87, 58, 0.780, 23.35, 50.80, 0.784, 23.96, 51.09, 0.008, 119.50, 46.28);
insert into SHOT values (87, 83, 88, 58, 0.810, 233.45, -73.60, 0.803, 232.13, -73.50, 0.009, 135.64, 52.94);
insert into SHOT values (88, 83, 89, 58, 5.860, 117.65, 68.80, 5.866, 117.53, 68.81, 0.008, 40.25, 55.97);
insert into SHOT values (89, 83, 90, 58, 5.580, 172.15, 68.80, 5.588, 172.03, 68.81, 0.009, 103.48, 59.50);
insert into SHOT values (90, 83, 91, 58, 7.400, 205.65, 75.60, 7.402, 205.45, 75.62, 0.007, 98.93, 20.42);
insert into SHOT values (91, 83, 92, 58, 1.770, 150.15, 59.40, 1.775, 150.02, 59.52, 0.007, 46.33, 71.92);
insert into SHOT values (92, 83, 93, 58, 1.810, 150.95, 58.80, 1.813, 150.71, 58.76, 0.005, 94.07, 20.80);
insert into SHOT values (93, 83, 94, 58, 1.730, 150.55, 59.20, 1.734, 150.26, 59.24, 0.006, 72.97, 40.63);
insert into SHOT values (94, 83, 95, 58, 1.790, 150.95, 59.10, 1.793, 150.64, 59.20, 0.007, 45.34, 38.52);
insert into SHOT values (95, 93, 96, 58, 2.080, 2.15, 13.80, 2.082, 1.98, 13.89, 0.007, 284.26, 32.97);
insert into SHOT values (96, 93, 97, 58, 6.210, 298.45, 72.80, 6.218, 298.24, 72.80, 0.011, 228.44, 46.88);
insert into SHOT values (97, 93, 98, 58, 3.520, 90.55, -2.30, 3.523, 90.49, -2.28, 0.005, 38.92, 14.84);
insert into SHOT values (98, 93, 99, 58, 5.330, 133.45, -20.20, 5.329, 133.46, -20.20, 0.002, 271.78, 16.36);
insert into SHOT values (99, 93, 100, 58, 4.430, 164.95, -18.40, 4.431, 164.97, -18.42, 0.002, 246.42, -44.70);
insert into SHOT values (100, 93, 101, 58, 6.710, 114.65, 40.80, 6.716, 114.65, 40.81, 0.007, 114.63, 55.94);
insert into SHOT values (101, 93, 102, 58, 5.380, 158.25, 36.10, 5.382, 158.27, 36.09, 0.003, 199.07, 2.67);
insert into SHOT values (102, 93, 103, 58, 2.400, 272.85, 24.50, 2.401, 272.89, 24.61, 0.005, 39.90, 68.33);
insert into SHOT values (103, 93, 104, 58, 6.830, 311.95, 28.50, 6.833, 311.90, 28.50, 0.006, 247.85, 9.05);
insert into SHOT values (104, 93, 105, 58, 9.140, 303.75, 41.60, 9.140, 303.78, 41.61, 0.004, 47.12, 22.43);
insert into SHOT values (105, 93, 106, 58, 7.450, 264.45, 63.50, 7.453, 264.48, 63.50, 0.003, 317.48, 52.63);
insert into SHOT values (106, 93, 107, 58, 7.040, 233.85, 41.70, 7.048, 233.89, 41.72, 0.009, 277.78, 49.76);
insert into SHOT values (107, 93, 108, 58, 5.530, 203.75, 44.20, 5.535, 203.79, 44.22, 0.006, 250.16, 52.67);
insert into SHOT values (108, 93, 109, 58, 6.060, 211.75, 24.50, 6.063, 211.73, 24.56, 0.007, 115.78, 75.08);
insert into SHOT values (109, 93, 110, 58, 10.390, 285.95, 37.60, 10.394, 285.93, 37.59, 0.005, 248.18, 6.28);
insert into SCRAPS values (60, 54, 'SP-HanakaMain-1', 1, 1.49971, 0.07355);
 insert into SCRAPS values (122, 54, 'SP-HanakaMain-2', 1, 0.41228, 0.15573);
 insert into SCRAPS values (131, 54, 'SC-HanakaMain-1', 2, 0.02280, 0.00172);
 insert into MAPS values (170, 54, 'MP-HanakaMain', 'Hanaka Main', 1, 65.480, -18.930);
 insert into MAPITEMS values (170, 4, 122);
 insert into MAPITEMS values (170, 4, 60);
 insert into MAPS values (171, 54, 'MC-HanakaMain', 'HanakaMain', 2, 65.480, -18.930);
 insert into MAPITEMS values (171, 4, 131);
 insert into SURVEY values (173, 52, 'Ahmethan', 'Ahmethan.Hanaka.Koytendag', 'Ahmethan Gypsum Cave n_2');
 insert into CENTRELINE values (174, 173, NULL, NULL, NULL, 0.00, 0.00, 0.00);
 insert into SURVEY values (175, 173, 'Ahmethan', 'Ahmethan.Ahmethan.Hanaka.Koytendag', 'Ahmethan Gypsum Cave n_2');
 insert into CENTRELINE values (176, 175, NULL, NULL, NULL, 0.00, 0.00, 0.00);
 insert into CENTRELINE values (177, 175, NULL, '2024-04-21', NULL, 130.07, 0.00, 0.00);
 insert into PERSON values (4, 'Philippe', 'Audra');
insert into TOPO values (4, 177);
 insert into PERSON values (5, 'Gael', 'Cazes');
insert into TOPO values (5, 177);
 insert into PERSON values (6, 'Jo', 'De-Waele');
insert into TOPO values (6, 177);
 insert into SHOT values (110, 111, 112, 177, 13.370, 7.55, -52.80, 13.374, 7.53, -52.78, 0.007, 343.17, -3.29);
insert into SHOT values (111, 112, 113, 177, 12.530, 322.35, -19.50, 12.525, 322.36, -19.50, 0.006, 107.82, 26.80);
insert into SHOT values (112, 113, 114, 177, 0.790, 216.95, -87.10, 0.791, 225.00, -86.93, 0.006, 288.00, -9.15);
insert into SHOT values (113, 114, 115, 177, 21.090, 31.85, -39.80, 21.088, 31.86, -39.81, 0.004, 182.22, -1.39);
insert into SHOT values (114, 115, 116, 177, 14.310, 327.15, -32.80, 14.310, 327.18, -32.79, 0.007, 44.33, 14.73);
insert into SHOT values (115, 116, 117, 177, 4.810, 218.95, 7.00, 4.814, 218.88, 6.92, 0.010, 170.62, -40.60);
insert into SHOT values (116, 117, 118, 177, 12.610, 228.95, 15.60, 12.606, 228.97, 15.60, 0.006, 353.11, -9.68);
insert into SHOT values (117, 116, 119, 177, 7.910, 31.85, -14.00, 7.904, 31.89, -14.06, 0.011, 180.03, -34.00);
insert into SHOT values (118, 116, 120, 177, 13.310, 105.55, 38.80, 13.309, 105.60, 38.80, 0.010, 199.66, -0.56);
insert into SHOT values (119, 120, 121, 177, 4.610, 357.25, -16.20, 4.619, 357.29, -16.22, 0.009, 16.80, -24.35);
insert into SHOT values (120, 121, 122, 177, 9.400, 10.55, -42.70, 9.395, 10.51, -42.69, 0.007, 253.19, 43.45);
insert into SHOT values (121, 120, 123, 177, 3.800, 120.85, -18.30, 3.804, 120.83, -18.39, 0.007, 89.63, -69.03);
insert into SHOT values (122, 123, 124, 177, 2.560, 349.15, 33.30, 2.569, 349.27, 33.29, 0.010, 18.04, 26.49);
insert into SHOT values (123, 124, 125, 177, 1.760, 311.95, 63.50, 1.756, 311.39, 63.39, 0.009, 230.14, -33.32);
insert into SHOT values (124, 125, 126, 177, 7.210, 112.05, 45.40, 7.213, 112.05, 45.45, 0.007, 282.09, 69.83);
insert into SHOT values (125, 111, 127, 177, 3.790, 290.95, -33.70, 3.786, 291.02, -33.69, 0.006, 60.58, 28.04);
insert into SHOT values (126, 111, 128, 177, 15.730, 317.15, -4.60, 15.731, 317.17, -4.59, 0.006, 33.78, 14.11);
insert into SHOT values (127, 111, 129, 177, 14.370, 350.85, -1.70, 14.369, 350.87, -1.71, 0.006, 101.44, -40.07);
insert into SHOT values (128, 111, 130, 177, 9.940, 46.05, -10.20, 9.938, 46.04, -10.20, 0.003, 275.01, 4.13);
insert into SHOT values (129, 111, 131, 177, 9.680, 101.15, -7.60, 9.675, 101.12, -7.60, 0.007, 323.92, 2.10);
insert into SHOT values (130, 111, 132, 177, 11.520, 142.15, -7.70, 11.519, 142.12, -7.68, 0.007, 49.18, 28.15);
insert into SHOT values (131, 112, 133, 177, 2.400, 285.15, 13.80, 2.400, 285.17, 13.74, 0.003, 343.17, -69.14);
insert into SHOT values (132, 112, 134, 177, 9.350, 339.45, 9.50, 9.346, 339.42, 9.48, 0.006, 209.79, -29.46);
insert into SHOT values (133, 112, 135, 177, 12.870, 322.85, -19.40, 12.864, 322.84, -19.39, 0.008, 168.97, 40.77);
insert into SHOT values (134, 113, 136, 177, 5.540, 284.35, 2.80, 5.539, 284.34, 2.79, 0.002, 150.43, -22.11);
insert into SHOT values (135, 113, 137, 177, 1.290, 222.25, 4.80, 1.293, 222.48, 4.88, 0.006, 285.16, 19.19);
insert into SHOT values (136, 113, 138, 177, 7.000, 326.05, -4.50, 7.003, 326.04, -4.50, 0.003, 295.45, -14.81);
insert into SHOT values (137, 113, 139, 177, 4.860, 36.45, -4.90, 4.852, 36.42, -4.97, 0.010, 233.65, -29.92);
insert into SHOT values (138, 113, 140, 177, 7.770, 100.25, 2.40, 7.770, 100.24, 2.36, 0.006, 27.98, -74.67);
insert into SHOT values (139, 115, 141, 177, 10.740, 278.25, -6.70, 10.733, 278.25, -6.69, 0.007, 93.98, 25.77);
insert into SHOT values (140, 115, 142, 177, 5.510, 319.95, -8.00, 5.512, 319.98, -8.03, 0.005, 16.88, -42.60);
insert into SHOT values (141, 115, 143, 177, 10.560, 358.45, -7.40, 10.562, 358.47, -7.40, 0.004, 62.32, 1.21);
insert into SHOT values (142, 115, 144, 177, 11.700, 14.85, 8.10, 11.704, 14.85, 8.10, 0.004, 22.65, 20.66);
insert into SHOT values (143, 115, 145, 177, 10.310, 35.45, 7.60, 10.315, 35.45, 7.58, 0.007, 30.62, -31.82);
insert into SHOT values (144, 115, 146, 177, 11.290, 51.15, 9.90, 11.291, 51.13, 9.89, 0.004, 335.23, -16.53);
insert into SHOT values (145, 115, 147, 177, 11.990, 64.75, 10.30, 11.989, 64.76, 10.28, 0.004, 169.82, -58.80);
insert into SHOT values (146, 115, 148, 177, 9.230, 76.75, 3.10, 9.228, 76.76, 3.11, 0.003, 203.60, 17.03);
insert into SHOT values (147, 115, 149, 177, 5.560, 114.75, 2.10, 5.565, 114.77, 2.06, 0.007, 133.59, -33.56);
insert into SHOT values (148, 115, 150, 177, 4.700, 158.35, 13.30, 4.699, 158.31, 13.29, 0.003, 63.01, -24.17);
insert into SHOT values (149, 115, 151, 177, 11.440, 167.55, 11.40, 11.440, 167.54, 11.39, 0.003, 75.64, -28.04);
insert into SHOT values (150, 115, 152, 177, 11.960, 172.65, 13.20, 11.961, 172.65, 13.19, 0.002, 172.64, -32.22);
insert into SHOT values (151, 115, 153, 177, 5.910, 90.65, 82.40, 5.912, 90.73, 82.42, 0.003, 234.19, 44.43);
insert into SHOT values (152, 116, 154, 177, 2.110, 252.75, -52.80, 2.111, 252.70, -52.74, 0.002, 224.98, 15.90);
insert into SHOT values (153, 116, 155, 177, 1.960, 38.65, -50.20, 1.962, 38.52, -50.32, 0.005, 272.65, -49.36);
insert into SHOT values (154, 117, 156, 177, 4.950, 219.15, 7.30, 4.952, 219.13, 7.31, 0.003, 184.55, 23.45);
insert into SHOT values (155, 117, 157, 177, 4.800, 252.55, 7.30, 4.799, 252.52, 7.30, 0.003, 138.40, 1.74);
insert into SHOT values (156, 117, 158, 177, 2.540, 301.95, -8.10, 2.544, 301.86, -7.91, 0.010, 263.85, 51.38);
insert into SHOT values (157, 117, 159, 177, 3.970, 350.15, -34.00, 3.977, 350.05, -33.93, 0.010, 316.33, -0.02);
insert into SHOT values (158, 120, 160, 177, 2.690, 302.55, -19.70, 2.691, 302.75, -19.76, 0.009, 32.70, -20.01);
insert into SHOT values (159, 120, 161, 177, 2.360, 327.55, -7.40, 2.362, 327.74, -7.54, 0.010, 48.56, -38.13);
insert into SHOT values (160, 120, 162, 177, 1.860, 38.55, 10.00, 1.864, 38.37, 9.88, 0.008, 348.48, -21.46);
insert into SHOT values (161, 120, 163, 177, 1.950, 81.25, -72.70, 1.947, 81.03, -72.76, 0.004, 299.60, 26.35);
insert into SHOT values (162, 120, 164, 177, 6.730, 154.65, -7.10, 6.725, 154.63, -7.09, 0.006, 6.30, 19.06);
insert into SHOT values (163, 121, 165, 177, 2.430, 272.95, -22.70, 2.432, 272.81, -22.74, 0.006, 192.68, -22.33);
insert into SHOT values (164, 121, 166, 177, 2.280, 71.75, -13.90, 2.278, 71.81, -13.97, 0.004, 211.18, -31.90);
insert into SHOT values (165, 121, 167, 177, 1.250, 109.95, 41.00, 1.254, 110.34, 40.82, 0.009, 158.39, -0.48);
insert into SHOT values (166, 121, 168, 177, 1.700, 44.05, -77.00, 1.703, 45.00, -77.05, 0.007, 139.74, -29.28);
insert into SHOT values (167, 122, 169, 177, 1.010, 295.85, -3.60, 1.004, 296.05, -4.00, 0.010, 85.96, -42.56);
insert into SHOT values (168, 122, 170, 177, 0.400, 100.15, -18.50, 0.408, 100.44, -18.60, 0.008, 115.55, -22.80);
insert into SHOT values (169, 122, 171, 177, 0.350, 30.85, 69.50, 0.342, 34.99, 69.12, 0.012, 126.20, -41.50);
insert into SHOT values (170, 122, 172, 177, 0.690, 58.75, -78.30, 0.694, 59.74, -78.45, 0.005, 171.68, -58.88);
insert into SHOT values (171, 124, 173, 177, 0.850, 316.75, 11.00, 0.850, 315.97, 10.85, 0.012, 226.98, -10.92);
insert into SHOT values (172, 124, 174, 177, 0.690, 136.25, 0.90, 0.686, 136.77, 0.83, 0.007, 257.00, -6.57);
insert into SHOT values (173, 124, 175, 177, 0.340, 207.65, 80.10, 0.337, 206.57, 78.51, 0.010, 199.27, -29.55);
insert into SHOT values (174, 124, 176, 177, 0.630, 51.95, -77.60, 0.633, 51.34, -78.33, 0.009, 242.61, -32.56);
insert into SHOT values (175, 125, 177, 177, 2.400, 232.55, 24.20, 2.403, 232.61, 24.32, 0.007, 298.11, 68.62);
insert into SHOT values (176, 125, 178, 177, 5.680, 280.95, 31.30, 5.680, 280.94, 31.41, 0.011, 110.23, 59.85);
insert into SHOT values (177, 125, 179, 177, 7.880, 329.35, 25.80, 7.874, 329.38, 25.82, 0.008, 116.11, 2.86);
insert into SHOT values (178, 125, 180, 177, 4.070, 17.85, 27.20, 4.074, 17.84, 27.17, 0.004, 5.92, -5.12);
insert into SHOT values (179, 125, 181, 177, 3.000, 77.35, 21.00, 2.999, 77.40, 21.11, 0.007, 219.06, 48.31);
insert into SHOT values (180, 125, 182, 177, 2.020, 121.55, 16.50, 2.020, 121.47, 16.69, 0.007, 351.02, 61.30);
insert into SHOT values (181, 125, 183, 177, 2.660, 173.15, 34.20, 2.659, 173.20, 34.34, 0.007, 330.68, 44.39);
insert into SCRAPS values (179, 173, 'SP-Ahmethan1', 1, 56.27052, 0.76315);
 insert into SCRAPS values (244, 173, 'SP-Ahmethan2', 1, 42.98616, 23.32811);
 insert into MAPS values (253, 173, 'MP-Ahmethan', 'Ahmethan Gypsum Cave n_ 2', 1, 130.070, -38.790);
 insert into MAPITEMS values (253, 4, 244);
 insert into MAPITEMS values (253, 4, 179);
 insert into SURVEY values (256, 50, 'Cenotes_check-point', 'Cenotes_check-point.Koytendag', 'Karabulak Gypsum Collapses');
 insert into CENTRELINE values (257, 256, NULL, NULL, NULL, 0.00, 0.00, 0.00);
 insert into SURVEY values (258, 256, 'SINKHOLE1', 'SINKHOLE1.Cenotes_check-point.Koytendag', 'Karabulak Gypsum Collapses 1');
 insert into CENTRELINE values (259, 258, NULL, NULL, NULL, 0.00, 0.00, 0.00);
 insert into CENTRELINE values (260, 258, NULL, '2024-04-11', NULL, 31.64, 0.00, 0.00);
 insert into TOPO values (4, 260);
 insert into SHOT values (182, 184, 185, 260, 19.550, 4.10, -0.69, 19.552, 4.11, -0.70, 0.006, 65.15, -53.96);
insert into SHOT values (183, 184, 186, 260, 12.930, 1.51, 0.08, 12.924, 1.51, 0.09, 0.006, 182.76, 19.44);
insert into SHOT values (184, 184, 187, 260, 21.630, 9.03, -6.48, 21.624, 9.02, -6.48, 0.006, 203.51, 10.12);
insert into SHOT values (185, 184, 188, 260, 17.530, 12.63, -5.90, 17.524, 12.63, -5.90, 0.006, 201.49, 18.80);
insert into SHOT values (186, 184, 189, 260, 22.040, 11.67, -17.48, 22.042, 11.66, -17.48, 0.003, 324.74, 4.69);
insert into SHOT values (187, 184, 190, 260, 24.090, 5.29, -21.91, 24.086, 5.29, -21.92, 0.005, 177.78, -9.56);
insert into SHOT values (188, 184, 191, 260, 27.250, 4.00, -24.40, 27.246, 4.00, -24.41, 0.006, 182.08, -26.82);
insert into SHOT values (189, 184, 192, 260, 28.540, 6.34, -28.46, 28.542, 6.34, -28.46, 0.002, 3.22, 13.88);
insert into SHOT values (190, 184, 193, 260, 28.600, 5.35, -33.26, 28.602, 5.35, -33.27, 0.005, 132.91, -73.34);
insert into SHOT values (191, 184, 194, 260, 28.540, 5.51, -32.36, 28.546, 5.52, -32.36, 0.008, 59.74, -31.80);
insert into SHOT values (192, 184, 195, 260, 25.610, 9.04, -30.89, 25.607, 9.03, -30.90, 0.005, 208.17, -21.93);
insert into SHOT values (193, 184, 196, 260, 31.640, 1.39, -39.94, 31.637, 1.39, -39.94, 0.004, 127.15, 38.72);
insert into SHOT values (194, 184, 197, 260, 28.060, 4.48, -31.01, 28.057, 4.48, -31.02, 0.008, 159.51, -30.17);
insert into SHOT values (195, 184, 198, 260, 23.320, 341.73, -36.21, 23.325, 341.73, -36.21, 0.005, 346.65, -52.67);
insert into SURVEY values (262, 256, 'SINKHOLE2', 'SINKHOLE2.Cenotes_check-point.Koytendag', 'Karabulak Gypsum Collapses 2');
 insert into CENTRELINE values (263, 262, NULL, NULL, NULL, 0.00, 0.00, 0.00);
 insert into CENTRELINE values (264, 262, NULL, '2024-04-11', NULL, 31.04, 0.00, 0.00);
 insert into TOPO values (4, 264);
 insert into SHOT values (196, 199, 200, 264, 4.640, 3.37, -15.22, 4.641, 3.46, -15.24, 0.007, 86.05, -15.06);
insert into SHOT values (197, 199, 201, 264, 15.000, 8.99, -9.74, 15.008, 8.98, -9.74, 0.008, 2.75, -16.78);
insert into SHOT values (198, 199, 202, 264, 26.400, 7.45, -7.05, 26.401, 7.46, -7.05, 0.004, 80.13, 3.25);
insert into SHOT values (199, 199, 203, 264, 17.300, 8.33, -6.51, 17.303, 8.33, -6.50, 0.003, 8.89, 26.56);
insert into SHOT values (200, 199, 204, 264, 5.240, 0.58, -22.04, 5.244, 0.59, -22.06, 0.005, 17.57, -47.78);
insert into SHOT values (201, 199, 205, 264, 18.690, 0.04, -26.48, 18.689, 0.03, -26.47, 0.004, 305.34, 69.68);
insert into SHOT values (202, 199, 206, 264, 14.310, 15.21, -42.16, 14.309, 15.19, -42.14, 0.007, 325.73, 46.50);
insert into SHOT values (203, 199, 207, 264, 20.350, 12.65, -35.26, 20.357, 12.65, -35.25, 0.007, 13.79, -17.86);
insert into SHOT values (204, 199, 208, 264, 26.110, 9.55, -31.92, 26.117, 9.56, -31.92, 0.008, 37.32, -36.07);
insert into SHOT values (205, 199, 209, 264, 32.640, 7.17, -32.74, 32.639, 7.18, -32.74, 0.005, 90.36, 31.58);
insert into SHOT values (206, 199, 210, 264, 29.000, 14.84, -27.98, 29.006, 14.84, -27.98, 0.006, 22.57, -46.24);
insert into SHOT values (207, 199, 211, 264, 22.120, 22.92, -32.99, 22.120, 22.93, -32.98, 0.007, 78.14, 39.10);
insert into SHOT values (208, 199, 212, 264, 27.720, 8.38, -29.49, 27.730, 8.39, -29.49, 0.011, 26.40, -23.18);
insert into SHOT values (209, 199, 213, 264, 25.280, 9.90, -38.10, 25.283, 9.90, -38.10, 0.003, 9.15, -28.82);
insert into SHOT values (210, 199, 214, 264, 27.040, 8.77, -38.75, 27.044, 8.78, -38.73, 0.011, 33.20, 26.44);
insert into SHOT values (211, 199, 215, 264, 21.810, 5.90, -43.62, 21.816, 5.89, -43.62, 0.007, 332.38, -36.56);
insert into SHOT values (212, 199, 216, 264, 26.610, 9.24, -33.37, 26.617, 9.24, -33.37, 0.007, 24.77, -29.97);
insert into SHOT values (213, 199, 217, 264, 21.810, 3.24, -38.96, 21.814, 3.24, -38.94, 0.009, 14.77, 23.91);
insert into SHOT values (214, 199, 218, 264, 29.930, 6.00, -33.27, 29.933, 6.01, -33.27, 0.006, 62.42, -8.33);
insert into SHOT values (215, 199, 219, 264, 29.600, 5.13, -35.82, 29.602, 5.14, -35.81, 0.007, 45.72, 25.28);
insert into SHOT values (216, 199, 220, 264, 31.040, 4.44, -37.11, 31.042, 4.45, -37.11, 0.005, 83.96, -24.64);
insert into SCRAPS values (266, 256, 'SP-SINKHOLE1', 1, 0.00086, 0.00001);
 insert into SCRAPS values (273, 256, 'SP-SINKHOLE2', 1, 0.00065, 0.00000);
 insert into MAPS values (282, 256, 'MP-Cenotes_check-point', 'Cenotes Check-point', 1, 62.680, -20.310);
 insert into MAPITEMS values (282, 4, 266);
 insert into MAPITEMS values (282, 4, 273);
 insert into SURVEY values (284, 50, 'Chauve-Souris', 'Chauve-Souris.Koytendag', 'Grotte des Chauves-Souris');
 insert into CENTRELINE values (285, 284, NULL, NULL, NULL, 0.00, 0.00, 0.00);
 insert into SURVEY values (286, 284, 'chauves', 'chauves.Chauve-Souris.Koytendag', 'chauves');
 insert into CENTRELINE values (287, 286, NULL, NULL, NULL, 0.00, 0.00, 0.00);
 insert into CENTRELINE values (288, 286, NULL, '2024-04-19', NULL, 93.35, 0.00, 0.00);
 insert into TOPO values (5, 288);
 insert into TOPO values (3, 288);
 insert into SHOT values (217, 221, 222, 288, 1.040, 75.65, 11.40, 1.045, 75.28, 11.59, 0.009, 17.69, 30.04);
insert into SHOT values (218, 221, 223, 288, 0.510, 83.05, -46.00, 0.512, 81.87, -46.30, 0.008, 346.80, -23.20);
insert into SHOT values (219, 221, 224, 288, 0.960, 117.35, 53.80, 0.962, 117.47, 54.15, 0.006, 277.52, 55.62);
insert into SHOT values (220, 221, 225, 288, 1.370, 140.15, -6.00, 1.363, 140.09, -5.89, 0.007, 332.86, 25.40);
insert into SHOT values (221, 221, 226, 288, 2.960, 149.85, 0.00, 2.962, 149.80, 0.00, 0.003, 98.33, 0.00);
insert into SHOT values (222, 221, 227, 288, 1.870, 150.05, 26.90, 1.867, 150.04, 27.09, 0.007, 332.32, 35.23);
insert into SHOT values (223, 221, 228, 288, 0.860, 167.25, 20.40, 0.855, 167.01, 20.54, 0.007, 18.67, 2.00);
insert into SHOT values (224, 221, 229, 288, 2.650, 139.75, 12.50, 2.647, 139.71, 12.66, 0.008, 339.93, 52.77);
insert into SHOT values (225, 221, 230, 288, 2.630, 19.05, -14.50, 2.633, 19.00, -14.52, 0.004, 342.22, -24.04);
insert into SHOT values (226, 221, 231, 288, 1.270, 14.45, 24.40, 1.273, 14.52, 24.61, 0.006, 89.45, 75.19);
insert into SHOT values (227, 221, 232, 288, 3.410, 7.35, 5.20, 3.413, 7.44, 5.21, 0.006, 71.03, 9.02);
insert into SHOT values (228, 221, 233, 288, 4.170, 30.85, -7.20, 4.167, 30.84, -7.17, 0.003, 218.10, 48.97);
insert into SHOT values (229, 221, 234, 288, 3.640, 359.95, -1.80, 3.642, 0.00, -1.73, 0.006, 60.99, 49.47);
insert into SHOT values (230, 221, 235, 288, 2.220, 317.65, -10.00, 2.220, 317.78, -9.85, 0.008, 33.49, 47.00);
insert into SHOT values (231, 221, 236, 288, 1.450, 336.15, -25.60, 1.451, 336.17, -25.30, 0.008, 342.91, 57.21);
insert into SHOT values (232, 221, 237, 288, 1.410, 114.45, 24.00, 1.409, 114.37, 24.30, 0.008, 320.25, 58.02);
insert into SHOT values (233, 221, 238, 288, 1.390, 114.05, 23.80, 1.389, 114.15, 23.77, 0.002, 219.09, -22.69);
insert into SHOT values (234, 221, 239, 288, 1.260, 241.65, -1.00, 1.262, 241.61, -0.91, 0.003, 216.58, 42.37);
insert into SHOT values (235, 221, 240, 288, 0.780, 232.65, -50.90, 0.776, 232.43, -50.65, 0.006, 145.89, 70.61);
insert into SHOT values (236, 221, 241, 288, 0.610, 207.45, 55.60, 0.613, 208.07, 56.31, 0.009, 348.94, 48.35);
insert into SHOT values (237, 221, 242, 288, 2.550, 163.65, 12.00, 2.546, 163.68, 12.01, 0.004, 327.14, -2.48);
insert into SHOT values (238, 221, 243, 288, 2.000, 186.15, 13.00, 2.003, 186.18, 12.99, 0.003, 207.08, 2.02);
insert into SHOT values (239, 221, 244, 288, 1.850, 168.55, -9.70, 1.842, 168.57, -9.69, 0.008, 344.36, 12.76);
insert into SHOT values (240, 221, 245, 288, 3.320, 174.85, 7.10, 3.319, 174.77, 7.10, 0.004, 73.63, -4.65);
insert into SHOT values (241, 221, 246, 288, 4.290, 176.95, 20.80, 4.288, 176.99, 20.91, 0.009, 323.77, 48.42);
insert into SHOT values (242, 221, 247, 288, 4.160, 179.05, 15.60, 4.154, 179.00, 15.64, 0.007, 29.39, 10.30);
insert into SHOT values (243, 221, 248, 288, 3.980, 172.55, 15.60, 3.979, 172.50, 15.60, 0.003, 70.59, -5.61);
insert into SHOT values (244, 237, 249, 288, 5.310, 174.75, 15.50, 5.312, 174.73, 15.39, 0.010, 159.66, -61.52);
insert into SHOT values (245, 221, 250, 288, 5.350, 23.25, -5.90, 5.350, 23.24, -5.90, 0.001, 307.76, -4.49);
insert into SHOT values (246, 250, 251, 288, 1.120, 283.25, 8.20, 1.122, 283.54, 8.20, 0.006, 350.85, 2.43);
insert into SHOT values (247, 250, 252, 288, 0.750, 299.95, -13.90, 0.752, 300.43, -13.84, 0.007, 7.17, 1.49);
insert into SHOT values (248, 250, 253, 288, 0.490, 305.85, 31.20, 0.496, 306.33, 31.64, 0.008, 356.60, 53.61);
insert into SHOT values (249, 250, 254, 288, 2.810, 321.45, -5.50, 2.810, 321.53, -5.51, 0.004, 51.15, -9.42);
insert into SHOT values (250, 250, 255, 288, 2.210, 345.15, -5.00, 2.211, 345.27, -4.93, 0.005, 65.49, 29.05);
insert into SHOT values (251, 250, 256, 288, 5.060, 335.05, -7.10, 5.058, 335.02, -7.04, 0.006, 215.64, 59.82);
insert into SHOT values (252, 250, 257, 288, 3.600, 326.55, -7.10, 3.599, 326.53, -7.02, 0.005, 231.09, 78.18);
insert into SHOT values (253, 250, 258, 288, 3.650, 331.65, -0.50, 3.647, 331.68, -0.47, 0.004, 122.83, 25.80);
insert into SHOT values (254, 250, 259, 288, 1.810, 331.05, -9.40, 1.805, 331.13, -9.25, 0.008, 120.10, 47.94);
insert into SHOT values (255, 250, 260, 288, 10.750, 330.45, -6.30, 10.754, 330.46, -6.30, 0.005, 358.46, -4.18);
insert into SHOT values (256, 260, 261, 288, 2.260, 109.45, -6.90, 2.265, 109.48, -6.85, 0.006, 123.84, 15.93);
insert into SHOT values (257, 260, 262, 288, 1.580, 102.45, -48.60, 1.577, 102.71, -48.46, 0.007, 183.68, 47.35);
insert into SHOT values (258, 260, 263, 288, 4.570, 134.95, 71.00, 4.568, 135.00, 71.03, 0.003, 290.59, -17.63);
insert into SHOT values (259, 260, 264, 288, 6.100, 162.75, 48.00, 6.106, 162.76, 48.03, 0.007, 193.59, 73.84);
insert into SHOT values (260, 260, 265, 288, 4.630, 162.95, 36.30, 4.633, 162.87, 36.26, 0.006, 113.73, -9.08);
insert into SHOT values (261, 260, 266, 288, 2.290, 183.15, 16.70, 2.290, 183.14, 16.75, 0.002, 78.24, 75.61);
insert into SHOT values (262, 260, 267, 288, 5.130, 157.65, 1.00, 5.135, 157.68, 1.00, 0.006, 185.04, 4.36);
insert into SHOT values (263, 260, 268, 288, 2.290, 165.35, -14.20, 2.291, 165.40, -14.15, 0.003, 215.10, 33.64);
insert into SHOT values (264, 260, 269, 288, 1.160, 244.75, -4.40, 1.157, 244.32, -4.46, 0.009, 137.49, -6.39);
insert into SHOT values (265, 260, 270, 288, 4.660, 155.55, 75.10, 4.667, 155.36, 75.11, 0.008, 79.11, 58.46);
insert into SHOT values (266, 260, 271, 288, 6.150, 15.95, -27.00, 6.151, 15.99, -26.97, 0.005, 73.86, 24.59);
insert into SHOT values (267, 260, 272, 288, 20.240, 0.75, -2.90, 20.238, 0.77, -2.89, 0.007, 112.16, 32.68);
insert into SHOT values (268, 260, 273, 288, 15.330, 14.75, 2.70, 15.332, 14.75, 2.69, 0.003, 44.72, -44.08);
insert into SHOT values (269, 260, 274, 288, 7.820, 27.85, 10.20, 7.819, 27.90, 10.24, 0.009, 137.04, 37.11);
insert into SHOT values (270, 260, 275, 288, 3.620, 53.85, 19.50, 3.622, 53.94, 19.51, 0.006, 122.96, 16.33);
insert into SHOT values (271, 260, 276, 288, 5.470, 16.55, 38.60, 5.463, 16.61, 38.62, 0.009, 163.26, -17.76);
insert into SHOT values (272, 260, 277, 288, 3.400, 352.95, -2.60, 3.398, 353.06, -2.53, 0.008, 96.69, 31.24);
insert into SHOT values (273, 260, 278, 288, 11.650, 22.05, -9.90, 11.644, 22.07, -9.89, 0.008, 166.44, 21.96);
insert into SHOT values (274, 278, 279, 288, 1.500, 281.35, -59.10, 1.506, 281.89, -58.95, 0.010, 330.56, -16.72);
insert into SHOT values (275, 278, 280, 288, 4.500, 267.85, -21.90, 4.498, 267.94, -21.93, 0.007, 19.07, -12.35);
insert into SHOT values (276, 278, 281, 288, 2.860, 267.95, -32.40, 2.856, 268.10, -32.40, 0.008, 26.70, 18.92);
insert into SHOT values (277, 278, 282, 288, 7.760, 273.75, 20.90, 7.757, 273.80, 20.92, 0.007, 33.13, 13.45);
insert into SHOT values (278, 278, 283, 288, 13.360, 281.85, 44.10, 13.362, 281.85, 44.11, 0.003, 271.71, 84.25);
insert into SHOT values (279, 278, 284, 288, 11.660, 299.65, 56.20, 11.662, 299.65, 56.19, 0.003, 294.16, 13.04);
insert into SHOT values (280, 278, 285, 288, 9.040, 2.95, 70.10, 9.042, 2.97, 70.06, 0.007, 13.56, -1.62);
insert into SHOT values (281, 278, 286, 288, 2.400, 47.85, 30.40, 2.395, 47.74, 30.34, 0.007, 280.03, -43.33);
insert into SHOT values (282, 278, 287, 288, 13.900, 321.45, -20.60, 13.904, 321.46, -20.59, 0.005, 344.55, 7.27);
insert into SHOT values (283, 278, 288, 288, 12.760, 320.95, 4.40, 12.763, 320.93, 4.40, 0.005, 269.77, 12.68);
insert into SHOT values (284, 278, 289, 288, 8.780, 341.55, 4.30, 8.784, 341.57, 4.31, 0.005, 11.78, 19.04);
insert into SHOT values (285, 278, 290, 288, 9.730, 330.95, 15.30, 9.737, 330.95, 15.30, 0.007, 334.52, 21.98);
insert into SHOT values (286, 278, 291, 288, 13.130, 318.85, 41.00, 13.132, 318.88, 40.97, 0.009, 5.40, -25.42);
insert into SHOT values (287, 278, 292, 288, 11.100, 323.65, 50.20, 11.105, 323.69, 50.19, 0.008, 11.25, 15.12);
insert into SHOT values (288, 278, 293, 288, 9.130, 266.05, 74.80, 9.130, 266.17, 74.79, 0.005, 338.95, -6.47);
insert into SHOT values (289, 278, 294, 288, 5.280, 203.65, -2.10, 5.278, 203.70, -2.06, 0.006, 314.09, 35.94);
insert into SHOT values (290, 278, 295, 288, 7.300, 217.45, 7.90, 7.301, 217.47, 7.87, 0.005, 277.44, -44.89);
insert into SHOT values (291, 278, 296, 288, 3.000, 180.35, 13.30, 3.000, 180.39, 13.29, 0.002, 256.87, -3.75);
insert into SHOT values (292, 278, 297, 288, 6.810, 201.25, 41.10, 6.810, 201.26, 41.14, 0.004, 357.22, 48.62);
insert into SHOT values (293, 278, 298, 288, 9.180, 255.35, 76.90, 9.178, 255.50, 76.93, 0.007, 25.63, -8.99);
insert into SHOT values (294, 278, 299, 288, 6.240, 101.55, 22.50, 6.242, 101.50, 22.51, 0.005, 22.23, 24.45);
insert into SHOT values (295, 278, 300, 288, 4.560, 343.25, -14.40, 4.559, 343.29, -14.35, 0.005, 77.08, 52.92);
insert into SHOT values (296, 300, 301, 288, 4.460, 264.95, -18.40, 4.465, 264.99, -18.41, 0.006, 300.29, -23.18);
insert into SHOT values (297, 300, 302, 288, 1.580, 256.55, -66.40, 1.583, 257.28, -66.33, 0.009, 326.09, -14.01);
insert into SHOT values (298, 300, 303, 288, 6.970, 275.15, 27.50, 6.969, 275.19, 27.43, 0.010, 334.28, -55.71);
insert into SHOT values (299, 300, 304, 288, 7.490, 298.35, 42.70, 7.489, 298.38, 42.61, 0.013, 317.90, -48.25);
insert into SHOT values (300, 300, 305, 288, 5.810, 317.45, 48.60, 5.804, 317.43, 48.54, 0.008, 254.65, -77.72);
insert into SHOT values (301, 300, 306, 288, 3.500, 345.65, 45.90, 3.499, 345.51, 45.84, 0.007, 272.83, -28.69);
insert into SHOT values (302, 300, 307, 288, 10.680, 307.85, -18.60, 10.686, 307.82, -18.61, 0.008, 263.85, -25.82);
insert into SHOT values (303, 300, 308, 288, 25.080, 326.55, -9.90, 25.087, 326.55, -9.92, 0.010, 348.99, -53.04);
insert into SHOT values (304, 300, 309, 288, 5.650, 326.65, -32.30, 5.653, 326.61, -32.29, 0.005, 279.52, -11.37);
insert into SHOT values (305, 300, 310, 288, 9.320, 329.55, -28.90, 9.330, 329.54, -28.91, 0.010, 321.82, -36.60);
insert into SHOT values (306, 300, 311, 288, 4.160, 344.25, -35.20, 4.169, 344.17, -35.14, 0.011, 319.03, -10.49);
insert into SHOT values (307, 300, 312, 288, 3.050, 206.45, -15.00, 3.043, 206.48, -15.05, 0.008, 15.80, -4.29);
insert into SHOT values (308, 300, 313, 288, 15.490, 184.05, 40.40, 15.479, 184.09, 40.39, 0.014, 313.77, -43.71);
insert into SHOT values (309, 300, 314, 288, 13.520, 248.25, 47.30, 13.516, 248.30, 47.28, 0.011, 332.13, -34.79);
insert into SHOT values (310, 300, 315, 288, 9.210, 322.95, -26.40, 9.216, 322.98, -26.41, 0.008, 5.12, -38.82);
insert into SHOT values (311, 315, 316, 288, 0.280, 106.25, -69.90, 0.277, 108.43, -69.95, 0.005, 217.75, 37.15);
insert into SHOT values (312, 315, 317, 288, 6.800, 40.45, 82.30, 6.801, 40.53, 82.33, 0.004, 198.22, 20.51);
insert into SHOT values (313, 315, 318, 288, 4.530, 80.75, 10.20, 4.528, 80.83, 10.18, 0.007, 183.55, -18.01);
insert into SHOT values (314, 315, 319, 288, 6.490, 54.95, -2.10, 6.488, 54.99, -2.12, 0.005, 172.91, -24.54);
insert into SHOT values (315, 315, 320, 288, 3.950, 1.05, -30.70, 3.947, 1.01, -30.79, 0.007, 200.42, -28.27);
insert into SHOT values (316, 315, 321, 288, 6.600, 344.95, 67.40, 6.597, 344.92, 67.38, 0.004, 295.88, -64.60);
insert into SHOT values (317, 315, 322, 288, 3.570, 274.95, 22.10, 3.573, 274.85, 22.03, 0.008, 220.84, -23.81);
insert into SHOT values (318, 315, 323, 288, 4.770, 277.65, 61.50, 4.770, 277.56, 61.45, 0.005, 234.95, -20.87);
insert into SHOT values (319, 315, 324, 288, 2.430, 158.15, 12.10, 2.433, 158.29, 12.10, 0.006, 222.77, 5.60);
insert into SHOT values (320, 315, 325, 288, 4.910, 202.65, 31.60, 4.909, 202.64, 31.57, 0.003, 141.99, -76.39);
insert into SHOT values (321, 315, 326, 288, 2.890, 323.65, -12.80, 2.890, 323.66, -12.79, 0.001, 60.97, 29.59);
insert into SHOT values (322, 326, 327, 288, 3.730, 334.45, -19.70, 3.735, 334.38, -19.72, 0.006, 288.12, -25.05);
insert into SHOT values (323, 327, 328, 288, 3.240, 347.95, -38.40, 3.236, 347.94, -38.40, 0.004, 177.59, 38.11);
insert into SURVEY values (291, 50, 'Gap-Gotan', 'Gap-Gotan.Koytendag', 'Gap-Gotan');
 insert into CENTRELINE values (292, 291, NULL, NULL, NULL, 0.00, 0.00, 0.00);
 insert into SURVEY values (293, 291, 'Cupp-Coutun-Entree', 'Cupp-Coutun-Entree.Gap-Gotan.Koytendag', 'Cupp-Coutun-Entree');
 insert into CENTRELINE values (294, 293, NULL, NULL, NULL, 0.00, 0.00, 0.00);
 insert into SURVEY values (295, 293, 'Cap_Coutun', 'Cap_Coutun.Cupp-Coutun-Entree.Gap-Gotan.Koytendag', 'Gap-Gotan');
 insert into CENTRELINE values (296, 295, NULL, NULL, NULL, 0.00, 0.00, 0.00);
 insert into CENTRELINE values (297, 295, NULL, '2024-04-18', NULL, 1809.58, 0.00, 0.00);
 insert into TOPO values (6, 297);
 insert into PERSON values (7, 'Alexandre', 'Pont');
insert into TOPO values (7, 297);
 insert into TOPO values (3, 297);
 insert into SHOT values (324, 329, 330, 297, 21.680, 90.45, -0.90, 21.684, 90.42, -1.00, 0.041, 18.80, -75.29);
insert into SHOT values (325, 329, 331, 297, 1.700, 2.75, 6.70, 1.704, 2.71, 6.74, 0.004, 344.71, 24.26);
insert into SHOT values (326, 329, 332, 297, 1.610, 178.75, 3.60, 1.614, 178.58, 3.55, 0.006, 125.92, -10.21);
insert into SHOT values (327, 329, 333, 297, 0.190, 87.85, -85.70, 0.190, 90.00, -86.99, 0.004, 262.81, -7.14);
insert into SHOT values (328, 329, 334, 297, 2.950, 24.15, 77.30, 2.952, 24.59, 77.30, 0.005, 110.95, 23.47);
insert into SHOT values (329, 330, 335, 297, 1.280, 18.95, -0.30, 1.278, 18.72, 0.00, 0.009, 263.74, 49.75);
insert into SHOT values (330, 330, 336, 297, 1.460, 203.85, -0.30, 1.464, 203.76, 0.00, 0.009, 176.26, 58.47);
insert into SHOT values (331, 330, 337, 297, 0.390, 328.95, -85.40, 0.381, 315.00, -85.74, 0.012, 209.64, 48.20);
insert into SHOT values (332, 330, 338, 297, 1.960, 44.35, 84.20, 1.960, 45.00, 84.20, 0.002, 136.72, 0.86);
insert into SHOT values (333, 330, 339, 297, 20.040, 91.25, 5.70, 20.041, 91.24, 5.61, 0.031, 39.72, -78.86);
insert into SHOT values (334, 339, 340, 297, 1.780, 170.25, -3.90, 1.780, 170.27, -3.87, 0.001, 285.83, 52.78);
insert into SHOT values (335, 339, 341, 297, 0.280, 358.55, 0.80, 0.280, 357.95, 2.04, 0.007, 272.30, 64.45);
insert into SHOT values (336, 339, 342, 297, 1.720, 80.35, -84.60, 1.718, 82.87, -84.61, 0.008, 176.59, 18.32);
insert into SHOT values (337, 339, 343, 297, 0.750, 158.55, 40.90, 0.749, 159.33, 40.86, 0.008, 251.99, -7.81);
insert into SHOT values (338, 339, 344, 297, 19.600, 90.75, 0.70, 19.593, 90.76, 0.61, 0.030, 240.62, -75.03);
insert into SHOT values (339, 344, 345, 297, 4.120, 178.35, -5.30, 4.119, 178.32, -5.29, 0.002, 69.16, 16.47);
insert into SHOT values (340, 344, 346, 297, 0.390, 356.75, -19.80, 0.393, 356.91, -19.33, 0.004, 12.53, 29.43);
insert into SHOT values (341, 344, 347, 297, 1.590, 160.15, -85.50, 1.585, 155.56, -85.63, 0.012, 46.15, 25.71);
insert into SHOT values (342, 344, 348, 297, 1.090, 159.35, 37.00, 1.090, 159.06, 37.27, 0.007, 33.15, 36.34);
insert into SHOT values (343, 344, 349, 297, 21.600, 92.65, 1.50, 21.609, 92.63, 1.41, 0.038, 53.02, -69.69);
insert into SHOT values (344, 349, 350, 297, 1.990, 3.55, -2.30, 1.995, 3.45, -2.30, 0.006, 330.37, -1.27);
insert into SHOT values (345, 349, 351, 297, 0.220, 183.35, 5.90, 0.223, 185.19, 7.73, 0.010, 257.96, 45.03);
insert into SHOT values (346, 349, 352, 297, 1.630, 233.35, -87.30, 1.632, 240.26, -87.17, 0.010, 304.79, -10.03);
insert into SHOT values (347, 349, 353, 297, 0.880, 2.15, 34.70, 0.877, 1.59, 34.77, 0.008, 247.32, -7.13);
insert into SHOT values (348, 349, 354, 297, 19.640, 85.95, 0.60, 19.640, 85.94, 0.53, 0.026, 3.30, -84.29);
insert into SHOT values (349, 354, 355, 297, 2.080, 179.55, -3.40, 2.073, 179.72, -3.32, 0.010, 314.66, 20.61);
insert into SHOT values (350, 354, 356, 297, 0.650, 353.75, -51.80, 0.650, 352.87, -51.68, 0.006, 273.90, 7.36);
insert into SHOT values (351, 354, 357, 297, 1.660, 166.45, -73.20, 1.659, 166.55, -73.43, 0.007, 339.38, -7.04);
insert into SHOT values (352, 354, 358, 297, 0.980, 158.65, 36.20, 0.973, 159.02, 36.57, 0.010, 309.55, 6.70);
insert into SHOT values (353, 354, 359, 297, 22.660, 96.05, 0.90, 22.658, 96.03, 0.81, 0.037, 351.99, -78.06);
insert into SHOT values (354, 359, 360, 297, 2.430, 356.15, -2.10, 2.427, 356.22, -2.13, 0.004, 132.92, -12.72);
insert into SHOT values (355, 359, 361, 297, 0.600, 77.45, 51.70, 0.597, 77.47, 51.88, 0.003, 254.78, -15.66);
insert into SHOT values (356, 359, 362, 297, 1.570, 32.95, 31.90, 1.569, 32.74, 31.94, 0.005, 286.88, 3.90);
insert into SHOT values (357, 359, 363, 297, 2.210, 6.05, -46.60, 2.213, 6.05, -46.68, 0.004, 225.81, -89.82);
insert into SHOT values (358, 359, 364, 297, 24.080, 84.35, -0.10, 24.078, 84.33, -0.21, 0.049, 341.59, -79.05);
insert into SHOT values (359, 364, 365, 297, 2.430, 183.35, -4.70, 2.432, 183.31, -4.72, 0.003, 147.48, -18.01);
insert into SHOT values (360, 364, 366, 297, 1.390, 87.75, -73.70, 1.386, 88.53, -73.65, 0.007, 178.12, 37.78);
insert into SHOT values (361, 364, 367, 297, 1.800, 165.05, -55.10, 1.806, 164.89, -55.01, 0.008, 139.32, -29.46);
insert into SHOT values (362, 364, 368, 297, 1.590, 159.55, 30.20, 1.592, 159.59, 30.17, 0.002, 183.71, 4.68);
insert into SHOT values (363, 364, 369, 297, 24.010, 101.25, 0.90, 24.013, 101.24, 0.79, 0.047, 53.64, -83.75);
insert into SHOT values (364, 369, 370, 297, 1.730, 12.05, -6.80, 1.730, 12.09, -6.64, 0.005, 89.46, 73.74);
insert into SHOT values (365, 369, 371, 297, 0.200, 187.75, 3.40, 0.193, 188.97, 5.94, 0.012, 338.51, 44.06);
insert into SHOT values (366, 369, 372, 297, 1.930, 29.65, -61.60, 1.923, 29.36, -61.49, 0.009, 298.56, 58.87);
insert into SHOT values (367, 369, 373, 297, 0.830, 24.95, 22.10, 0.837, 25.24, 22.46, 0.010, 63.99, 51.04);
insert into SHOT values (368, 369, 374, 297, 28.950, 86.95, 0.20, 28.952, 86.93, 0.08, 0.062, 7.64, -81.48);
insert into SHOT values (369, 374, 375, 297, 2.170, 186.65, 0.40, 2.165, 186.63, 0.53, 0.007, 13.09, 41.43);
insert into SHOT values (370, 374, 376, 297, 1.400, 73.25, -33.30, 1.401, 73.11, -33.34, 0.003, 350.17, -26.11);
insert into SHOT values (371, 374, 377, 297, 1.740, 158.85, -57.60, 1.742, 158.65, -57.57, 0.004, 97.49, -13.52);
insert into SHOT values (372, 374, 378, 297, 1.790, 166.35, 30.60, 1.783, 166.42, 30.70, 0.008, 333.27, -8.35);
insert into SHOT values (373, 374, 379, 297, 20.350, 96.45, 0.30, 20.348, 96.43, 0.23, 0.027, 350.27, -77.93);
insert into SHOT values (374, 379, 380, 297, 2.020, 4.75, -3.20, 2.021, 4.83, -3.40, 0.008, 88.62, -67.29);
insert into SHOT values (375, 379, 381, 297, 1.090, 68.65, -79.50, 1.099, 69.78, -79.38, 0.010, 114.91, -56.27);
insert into SHOT values (376, 379, 382, 297, 1.590, 5.05, -51.00, 1.596, 5.14, -51.00, 0.006, 30.74, -48.81);
insert into SHOT values (377, 379, 383, 297, 1.520, 21.25, 36.40, 1.521, 21.54, 36.29, 0.007, 92.28, -16.81);
insert into SHOT values (378, 379, 384, 297, 15.950, 81.85, 2.20, 15.952, 81.85, 2.12, 0.022, 86.08, -82.89);
insert into SHOT values (379, 384, 385, 297, 2.940, 183.55, -3.80, 2.932, 183.53, -3.91, 0.010, 11.32, -32.58);
insert into SHOT values (380, 384, 386, 297, 1.190, 20.35, -80.40, 1.187, 20.22, -80.18, 0.005, 14.14, 39.45);
insert into SHOT values (381, 384, 387, 297, 1.680, 180.75, -59.00, 1.677, 180.67, -59.15, 0.005, 14.15, 0.44);
insert into SHOT values (382, 384, 388, 297, 1.700, 183.25, 30.80, 1.693, 183.16, 30.93, 0.008, 19.26, -3.24);
insert into SHOT values (383, 384, 389, 297, 21.160, 93.85, -5.50, 21.157, 93.81, -5.59, 0.035, 339.80, -65.24);
insert into SHOT values (384, 389, 390, 297, 8.040, 85.45, 7.80, 8.039, 85.46, 7.79, 0.002, 193.49, -28.48);
insert into SHOT values (385, 389, 391, 297, 8.720, 80.75, 34.10, 8.723, 80.76, 34.10, 0.004, 104.19, 20.22);
insert into SHOT values (386, 389, 392, 297, 9.040, 27.55, 75.80, 9.035, 27.72, 75.82, 0.008, 144.63, -26.68);
insert into SHOT values (387, 389, 393, 297, 20.980, 270.95, 6.80, 20.980, 270.94, 6.79, 0.006, 185.06, -39.50);
insert into SHOT values (388, 389, 394, 297, 16.700, 275.15, 30.80, 16.693, 275.12, 30.81, 0.010, 137.37, -6.39);
insert into SHOT values (389, 389, 395, 297, 27.070, 327.45, -3.10, 27.065, 327.45, -3.11, 0.008, 138.20, -47.09);
insert into SHOT values (390, 389, 396, 297, 19.770, 30.35, 2.50, 19.766, 30.36, 2.49, 0.005, 174.36, -27.07);
insert into SHOT values (391, 389, 397, 297, 27.170, 227.05, 18.60, 27.165, 227.03, 18.59, 0.011, 116.74, -34.52);
insert into SHOT values (392, 389, 398, 297, 17.050, 156.75, 2.50, 17.052, 156.73, 2.49, 0.007, 86.56, -33.00);
insert into SHOT values (393, 389, 399, 297, 19.070, 348.75, -13.20, 19.071, 348.76, -13.22, 0.006, 74.75, -64.62);
insert into SHOT values (394, 399, 400, 297, 11.730, 68.95, 26.20, 11.728, 68.95, 26.21, 0.003, 257.39, 24.68);
insert into SHOT values (395, 399, 401, 297, 15.890, 30.75, 7.20, 15.883, 30.76, 7.20, 0.009, 180.72, -10.36);
insert into SHOT values (396, 399, 402, 297, 19.360, 326.45, -8.90, 19.358, 326.45, -8.89, 0.005, 101.37, 77.96);
insert into SHOT values (397, 399, 403, 297, 13.620, 298.25, -3.70, 13.616, 298.24, -3.71, 0.004, 135.75, -14.65);
insert into SHOT values (398, 399, 404, 297, 16.500, 118.15, 18.40, 16.507, 118.15, 18.40, 0.007, 125.99, 15.26);
insert into SHOT values (399, 399, 405, 297, 18.520, 250.45, 13.60, 18.521, 250.43, 13.62, 0.008, 154.90, 37.57);
insert into SHOT values (400, 399, 406, 297, 11.560, 295.95, 67.00, 11.557, 295.88, 67.02, 0.007, 166.99, -8.92);
insert into SHOT values (401, 399, 407, 297, 1.030, 303.55, -37.60, 1.030, 303.50, -37.69, 0.002, 173.37, -57.20);
insert into SHOT values (402, 399, 408, 297, 22.330, 334.25, -21.30, 22.323, 334.24, -21.30, 0.009, 187.53, 9.23);
insert into SHOT values (403, 408, 409, 297, 5.920, 263.05, -1.00, 5.914, 263.10, -0.97, 0.009, 41.36, 21.42);
insert into SHOT values (404, 408, 410, 297, 10.180, 343.45, -8.40, 10.187, 343.45, -8.41, 0.007, 350.22, -23.60);
insert into SHOT values (405, 408, 411, 297, 16.160, 37.85, -5.50, 16.167, 37.83, -5.50, 0.008, 1.33, -7.78);
insert into SHOT values (406, 408, 412, 297, 11.440, 86.25, 6.30, 11.444, 86.22, 6.32, 0.008, 29.58, 33.59);
insert into SHOT values (407, 408, 413, 297, 18.160, 121.35, 19.20, 18.161, 121.34, 19.19, 0.005, 59.82, -27.17);
insert into SHOT values (408, 408, 414, 297, 9.330, 209.75, 1.50, 9.325, 209.78, 1.54, 0.010, 344.92, 36.19);
insert into SHOT values (409, 408, 415, 297, 11.890, 71.25, 58.10, 11.895, 71.25, 58.11, 0.006, 56.82, 85.77);
insert into SHOT values (410, 408, 416, 297, 4.820, 78.45, -25.40, 4.826, 78.36, -25.40, 0.009, 26.83, -15.54);
insert into SHOT values (411, 408, 417, 297, 17.060, 17.95, -36.30, 17.061, 17.96, -36.30, 0.003, 89.91, -4.92);
insert into SHOT values (412, 408, 418, 297, 9.510, 119.85, 11.70, 9.510, 119.81, 11.71, 0.006, 31.09, 14.59);
insert into SHOT values (413, 408, 419, 297, 17.240, 337.05, -43.20, 17.244, 337.06, -43.18, 0.008, 4.77, 12.02);
insert into SHOT values (414, 408, 420, 297, 16.230, 336.55, -43.10, 16.234, 336.59, -43.09, 0.010, 36.35, -2.58);
insert into SHOT values (415, 408, 421, 297, 17.160, 336.75, -43.10, 17.160, 336.79, -43.08, 0.011, 37.73, 26.12);
insert into SHOT values (416, 421, 422, 297, 7.560, 288.25, -1.70, 7.561, 288.20, -1.74, 0.009, 208.15, -38.56);
insert into SHOT values (417, 421, 423, 297, 19.190, 355.35, -13.50, 19.183, 355.33, -13.51, 0.011, 219.62, -0.97);
insert into SHOT values (418, 421, 424, 297, 21.620, 30.95, 2.80, 21.617, 30.94, 2.78, 0.008, 272.62, -49.17);
insert into SHOT values (419, 421, 425, 297, 14.550, 63.45, 10.10, 14.545, 63.45, 10.10, 0.005, 231.50, -18.12);
insert into SHOT values (420, 421, 426, 297, 18.490, 103.25, 29.90, 18.486, 103.27, 29.88, 0.010, 199.49, -45.66);
insert into SHOT values (421, 421, 427, 297, 7.600, 219.75, 10.70, 7.609, 219.74, 10.68, 0.010, 210.44, -6.32);
insert into SHOT values (422, 421, 428, 297, 12.600, 187.25, 29.30, 12.597, 187.27, 29.27, 0.007, 274.06, -60.29);
insert into SHOT values (423, 421, 429, 297, 6.600, 33.85, -21.30, 6.593, 33.85, -21.35, 0.009, 216.34, -16.44);
insert into SHOT values (424, 421, 430, 297, 12.250, 115.15, 69.30, 12.251, 115.14, 69.30, 0.001, 68.76, 62.50);
insert into SHOT values (425, 421, 431, 297, 25.730, 7.15, -9.30, 25.726, 7.15, -9.31, 0.005, 179.17, -23.68);
insert into SHOT values (426, 431, 432, 297, 10.990, 244.95, -12.20, 10.998, 244.96, -12.18, 0.009, 259.39, 15.56);
insert into SHOT values (427, 431, 433, 297, 13.790, 215.35, -3.80, 13.788, 215.35, -3.83, 0.007, 13.16, -63.03);
insert into SHOT values (428, 431, 434, 297, 19.200, 197.85, 6.00, 19.207, 197.87, 6.01, 0.009, 239.88, 19.86);
insert into SHOT values (429, 431, 435, 297, 30.020, 151.85, 24.10, 30.016, 151.86, 24.11, 0.009, 280.45, 12.03);
insert into SHOT values (430, 431, 436, 297, 20.140, 130.85, 34.40, 20.141, 130.85, 34.40, 0.002, 200.19, 59.07);
insert into SHOT values (431, 431, 437, 297, 8.340, 26.35, 28.10, 8.337, 26.32, 28.13, 0.006, 243.60, 16.67);
insert into SHOT values (432, 431, 438, 297, 12.890, 352.65, 13.20, 12.893, 352.63, 13.18, 0.007, 310.88, -31.22);
insert into SHOT values (433, 431, 439, 297, 7.790, 303.35, -13.80, 7.792, 303.35, -13.81, 0.002, 335.20, -54.51);
insert into SHOT values (434, 431, 440, 297, 6.530, 294.25, 76.60, 6.528, 294.19, 76.60, 0.003, 187.70, -55.47);
insert into SHOT values (435, 431, 441, 297, 13.350, 277.65, -37.70, 13.355, 277.67, -37.72, 0.007, 344.26, -55.29);
insert into SHOT values (436, 431, 442, 297, 6.950, 228.95, -26.30, 6.950, 228.97, -26.31, 0.002, 323.06, -16.00);
insert into SHOT values (437, 431, 443, 297, 14.880, 285.55, -30.90, 14.878, 285.54, -30.90, 0.003, 164.29, 29.09);
insert into SHOT values (438, 443, 444, 297, 3.490, 198.25, 9.40, 3.491, 198.28, 9.40, 0.002, 268.92, -0.24);
insert into SHOT values (439, 443, 445, 297, 9.560, 260.25, 16.40, 9.561, 260.27, 16.40, 0.004, 336.17, 12.75);
insert into SHOT values (440, 443, 446, 297, 6.700, 310.95, 17.80, 6.698, 310.93, 17.73, 0.008, 243.72, -76.40);
insert into SHOT values (441, 443, 447, 297, 2.660, 5.55, 18.10, 2.661, 5.44, 17.95, 0.009, 307.82, -48.46);
insert into SHOT values (442, 443, 448, 297, 6.630, 74.25, 32.90, 6.623, 74.24, 32.93, 0.008, 261.58, -9.16);
insert into SHOT values (443, 443, 449, 297, 6.650, 150.25, 27.70, 6.647, 150.26, 27.70, 0.003, 315.30, -25.60);
insert into SHOT values (444, 443, 450, 297, 7.180, 176.35, 71.00, 7.180, 176.56, 71.03, 0.009, 287.74, 7.21);
insert into SHOT values (445, 443, 451, 297, 0.610, 90.65, -41.90, 0.609, 90.00, -42.34, 0.007, 322.11, -21.92);
insert into SHOT values (446, 443, 452, 297, 3.220, 227.35, -26.20, 3.218, 227.53, -26.18, 0.009, 326.15, 10.33);
insert into SHOT values (447, 443, 453, 297, 17.900, 302.25, 5.00, 17.910, 302.25, 5.00, 0.010, 299.15, -0.49);
insert into SHOT values (448, 453, 454, 297, 7.570, 60.55, 1.50, 7.570, 60.56, 1.44, 0.008, 146.91, -83.70);
insert into SHOT values (449, 453, 455, 297, 4.960, 64.95, 33.50, 4.958, 64.98, 33.41, 0.008, 113.82, -66.63);
insert into SHOT values (450, 453, 456, 297, 11.410, 23.95, -2.00, 11.409, 23.96, -2.01, 0.003, 136.63, -44.22);
insert into SHOT values (451, 453, 457, 297, 16.050, 355.45, 0.30, 16.051, 355.46, 0.29, 0.005, 76.85, -47.99);
insert into SHOT values (452, 453, 458, 297, 7.410, 345.35, 8.00, 7.409, 345.40, 7.99, 0.006, 83.20, -11.90);
insert into SHOT values (453, 453, 459, 297, 5.770, 171.25, 9.80, 5.771, 171.20, 9.78, 0.005, 94.49, -23.05);
insert into SHOT values (454, 453, 460, 297, 9.710, 153.95, 5.80, 9.714, 153.91, 5.79, 0.008, 98.94, -9.46);
insert into SHOT values (455, 453, 461, 297, 11.460, 116.75, 2.20, 11.466, 116.77, 2.20, 0.007, 146.47, 0.61);
insert into SHOT values (456, 453, 462, 297, 4.330, 109.95, -17.20, 4.331, 109.92, -17.19, 0.002, 55.86, 10.62);
insert into SHOT values (457, 453, 463, 297, 6.290, 121.45, 30.30, 6.296, 121.47, 30.23, 0.010, 133.26, -19.93);
insert into SHOT values (458, 453, 464, 297, 22.900, 14.85, -7.30, 22.897, 14.87, -7.30, 0.011, 123.01, -1.18);
insert into SHOT values (459, 464, 465, 297, 11.930, 180.95, 6.90, 11.928, 180.97, 6.89, 0.005, 296.95, -36.62);
insert into SHOT values (460, 464, 466, 297, 8.020, 143.75, 4.60, 8.010, 143.76, 4.58, 0.010, 313.34, -17.98);
insert into SHOT values (461, 464, 467, 297, 1.650, 90.95, 8.60, 1.648, 90.70, 8.38, 0.010, 350.10, -43.39);
insert into SHOT values (462, 464, 468, 297, 6.780, 35.05, 2.20, 6.782, 35.03, 2.20, 0.004, 348.71, -4.25);
insert into SHOT values (463, 464, 469, 297, 14.930, 213.35, 11.20, 14.931, 213.39, 11.20, 0.010, 295.03, 0.48);
insert into SHOT values (464, 464, 470, 297, 7.200, 248.15, 13.00, 7.207, 248.18, 12.99, 0.009, 277.54, 2.33);
insert into SHOT values (465, 464, 471, 297, 11.290, 293.15, 9.70, 11.298, 293.16, 9.68, 0.009, 304.65, -14.00);
insert into SHOT values (466, 464, 472, 297, 20.890, 315.25, 8.10, 20.898, 315.23, 8.09, 0.010, 284.85, -19.12);
insert into SHOT values (467, 464, 473, 297, 8.810, 307.55, 30.70, 8.810, 307.55, 30.64, 0.009, 309.47, -56.39);
insert into SHOT values (468, 464, 474, 297, 3.060, 305.65, -20.80, 3.067, 305.63, -20.82, 0.007, 297.16, -28.66);
insert into SHOT values (469, 464, 475, 297, 22.940, 355.35, 1.90, 22.948, 355.35, 1.90, 0.008, 354.10, -4.06);
insert into SHOT values (470, 475, 476, 297, 9.630, 150.15, 16.20, 9.626, 150.16, 16.17, 0.007, 282.51, -65.34);
insert into SHOT values (471, 475, 477, 297, 10.480, 183.15, 28.50, 10.483, 183.17, 28.49, 0.006, 226.40, -6.29);
insert into SHOT values (472, 475, 478, 297, 12.220, 216.55, 14.20, 12.226, 216.56, 14.20, 0.006, 240.07, 21.17);
insert into SHOT values (473, 475, 479, 297, 20.670, 187.65, 4.00, 20.674, 187.66, 3.99, 0.007, 235.27, -15.57);
insert into SHOT values (474, 475, 480, 297, 11.920, 256.55, 7.70, 11.921, 256.54, 7.66, 0.008, 214.42, -69.35);
insert into SHOT values (475, 475, 481, 297, 5.260, 7.65, 40.40, 5.260, 7.60, 40.41, 0.003, 269.08, 15.71);
insert into SHOT values (476, 475, 482, 297, 13.330, 344.85, 9.00, 13.324, 344.80, 8.98, 0.013, 227.15, -23.53);
insert into SHOT values (477, 475, 483, 297, 28.550, 291.25, 7.70, 28.549, 291.24, 7.69, 0.007, 193.33, -53.90);
insert into SHOT values (478, 475, 484, 297, 15.710, 276.85, 10.10, 15.712, 276.83, 10.08, 0.008, 221.05, -40.74);
insert into SHOT values (479, 475, 485, 297, 3.860, 328.65, -21.70, 3.861, 328.57, -21.74, 0.006, 235.14, -29.47);
insert into SHOT values (480, 475, 486, 297, 12.740, 314.75, 22.80, 12.731, 314.72, 22.78, 0.011, 173.24, -40.23);
insert into SHOT values (481, 475, 487, 297, 23.160, 307.35, 6.70, 23.161, 307.33, 6.69, 0.007, 225.68, -18.27);
insert into SHOT values (482, 487, 488, 297, 8.810, 204.85, 3.40, 8.811, 204.88, 3.38, 0.005, 273.91, -29.84);
insert into SHOT values (483, 487, 489, 297, 8.160, 173.55, -0.40, 8.162, 173.53, -0.42, 0.005, 120.31, -39.35);
insert into SHOT values (484, 487, 490, 297, 19.810, 151.65, -0.80, 19.810, 151.64, -0.81, 0.005, 59.40, -38.76);
insert into SHOT values (485, 487, 491, 297, 17.960, 103.05, 0.40, 17.963, 103.03, 0.41, 0.008, 40.33, 35.50);
insert into SHOT values (486, 487, 492, 297, 13.130, 77.15, 1.00, 13.131, 77.15, 1.00, 0.001, 84.64, 45.15);
insert into SHOT values (487, 487, 493, 297, 6.610, 320.55, 12.20, 6.608, 320.59, 12.23, 0.006, 76.66, 30.12);
insert into SHOT values (488, 487, 494, 297, 6.780, 5.15, 7.30, 6.782, 5.12, 7.29, 0.004, 300.67, -20.07);
insert into SHOT values (489, 487, 495, 297, 4.560, 194.35, -12.60, 4.559, 194.32, -12.67, 0.006, 64.66, -58.96);
insert into SHOT values (490, 487, 496, 297, 3.320, 191.15, 44.20, 3.313, 191.17, 44.21, 0.007, 2.41, -41.26);
insert into SHOT values (491, 487, 497, 297, 29.950, 49.95, -4.00, 29.953, 49.94, -4.00, 0.005, 0.21, -9.07);
insert into SHOT values (492, 497, 498, 297, 8.450, 326.25, 1.20, 8.444, 326.25, 1.22, 0.006, 139.30, 28.27);
insert into SHOT values (493, 497, 499, 297, 15.030, 282.75, 14.70, 15.028, 282.72, 14.69, 0.009, 182.61, -25.83);
insert into SHOT values (494, 497, 500, 297, 12.760, 257.85, 12.70, 12.762, 257.85, 12.72, 0.005, 278.74, 77.25);
insert into SHOT values (495, 497, 501, 297, 12.350, 207.25, 7.00, 12.352, 207.23, 7.02, 0.006, 134.90, 55.74);
insert into SHOT values (496, 497, 502, 297, 7.030, 163.45, -4.20, 7.039, 163.45, -4.15, 0.011, 163.77, 26.47);
insert into SHOT values (497, 497, 503, 297, 6.970, 145.75, -5.30, 6.975, 145.74, -5.26, 0.006, 130.90, 36.51);
insert into SHOT values (498, 497, 504, 297, 2.320, 121.65, -8.30, 2.319, 121.82, -8.18, 0.008, 218.32, 35.38);
insert into SHOT values (499, 497, 505, 297, 7.580, 211.95, 32.30, 7.582, 211.93, 32.29, 0.003, 173.66, -6.42);
insert into SHOT values (500, 497, 506, 297, 3.980, 215.35, -15.80, 3.986, 215.35, -15.72, 0.009, 214.32, 25.43);
insert into SHOT values (501, 497, 507, 297, 13.290, 313.65, -2.10, 13.285, 313.63, -2.11, 0.008, 180.23, -22.99);
insert into SHOT values (502, 507, 508, 297, 8.340, 259.15, 22.80, 8.341, 259.20, 22.86, 0.011, 6.69, 47.48);
insert into SHOT values (503, 507, 509, 297, 8.380, 218.25, 32.70, 8.385, 218.27, 32.70, 0.006, 245.68, 30.27);
insert into SHOT values (504, 507, 510, 297, 1.310, 344.45, 5.00, 1.313, 344.48, 5.24, 0.006, 357.37, 64.63);
insert into SHOT values (505, 507, 511, 297, 5.370, 29.65, 7.10, 5.372, 29.69, 7.17, 0.007, 106.19, 56.87);
insert into SHOT values (506, 507, 512, 297, 4.310, 104.45, 9.00, 4.308, 104.43, 9.08, 0.007, 313.42, 61.30);
insert into SHOT values (507, 507, 513, 297, 13.090, 131.65, 3.00, 13.087, 131.62, 3.02, 0.009, 16.51, 33.20);
insert into SHOT values (508, 507, 514, 297, 7.580, 62.25, 65.50, 7.583, 62.13, 65.50, 0.007, 344.01, 20.70);
insert into SHOT values (509, 507, 515, 297, 1.650, 1.85, -33.20, 1.648, 2.08, -33.09, 0.006, 89.40, 32.52);
insert into SHOT values (510, 507, 516, 297, 32.710, 318.05, 0.60, 32.710, 318.06, 0.61, 0.010, 50.36, 47.13);
insert into SHOT values (511, 516, 517, 297, 18.820, 16.55, 3.20, 18.817, 16.54, 3.20, 0.003, 223.60, -10.03);
insert into SHOT values (512, 516, 518, 297, 13.210, 55.95, 16.40, 13.199, 55.95, 16.41, 0.011, 239.18, 1.37);
insert into SHOT values (513, 516, 519, 297, 22.680, 114.85, 10.00, 22.673, 114.87, 9.98, 0.012, 241.84, -43.99);
insert into SHOT values (514, 516, 520, 297, 25.070, 154.05, 3.50, 25.070, 154.05, 3.50, 0.001, 284.93, -57.88);
insert into SHOT values (515, 516, 521, 297, 11.850, 165.25, 0.90, 11.850, 165.28, 0.87, 0.009, 253.97, -40.52);
insert into SHOT values (516, 516, 522, 297, 9.430, 195.55, 12.30, 9.432, 195.54, 12.24, 0.010, 183.50, -67.59);
insert into SHOT values (517, 516, 523, 297, 21.390, 302.15, 22.80, 21.389, 302.13, 22.78, 0.011, 240.85, -58.30);
insert into SHOT values (518, 516, 524, 297, 11.850, 316.45, 6.50, 11.853, 316.41, 6.49, 0.009, 247.78, -9.81);
insert into SHOT values (519, 516, 525, 297, 9.550, 344.25, 56.90, 9.551, 344.21, 56.89, 0.004, 277.51, -2.85);
insert into SHOT values (520, 516, 526, 297, 3.410, 23.15, -34.50, 3.410, 23.09, -34.67, 0.011, 230.01, -53.92);
insert into SHOT values (521, 516, 527, 297, 39.740, 345.85, 7.70, 39.734, 345.84, 7.69, 0.008, 196.26, -33.86);
insert into SHOT values (522, 527, 528, 297, 10.280, 73.05, 7.20, 10.277, 73.00, 7.21, 0.009, 317.80, 10.28);
insert into SHOT values (523, 527, 529, 297, 18.440, 129.15, -2.00, 18.436, 129.14, -1.99, 0.006, 340.69, 35.11);
insert into SHOT values (524, 527, 530, 297, 13.750, 197.15, 5.80, 13.751, 197.18, 5.80, 0.007, 282.51, 4.09);
insert into SHOT values (525, 527, 531, 297, 11.900, 216.45, 10.30, 11.896, 216.49, 10.31, 0.009, 332.83, 14.14);
insert into SHOT values (526, 527, 532, 297, 19.080, 280.55, 25.70, 19.077, 280.56, 25.69, 0.005, 38.40, -52.87);
insert into SHOT values (527, 527, 533, 297, 5.450, 184.55, -41.90, 5.447, 184.53, -41.93, 0.004, 24.75, -4.36);
insert into SHOT values (528, 527, 534, 297, 13.250, 160.15, -29.00, 13.247, 160.17, -28.99, 0.006, 270.92, 35.26);
insert into SHOT values (529, 527, 535, 297, 9.350, 194.85, 60.60, 9.351, 194.92, 60.64, 0.009, 330.75, 28.50);
insert into SHOT values (530, 527, 536, 297, 21.900, 267.65, 18.70, 21.903, 267.65, 18.69, 0.004, 285.72, -21.08);
insert into SHOT values (531, 527, 537, 297, 19.180, 265.55, 17.80, 19.182, 265.57, 17.79, 0.009, 336.05, -22.08);
insert into SHOT values (532, 537, 538, 297, 29.190, 73.25, -4.20, 29.193, 73.25, -4.18, 0.009, 96.54, 64.37);
insert into SHOT values (533, 537, 539, 297, 16.540, 126.05, -5.90, 16.537, 126.05, -5.90, 0.003, 311.95, 3.99);
insert into SHOT values (534, 537, 540, 297, 3.570, 172.55, 10.00, 3.574, 172.49, 9.99, 0.006, 133.95, 0.77);
insert into SHOT values (535, 537, 541, 297, 35.310, 15.25, -2.10, 35.306, 15.25, -2.09, 0.006, 190.02, 44.11);
insert into SHOT values (536, 537, 542, 297, 19.090, 17.85, 21.50, 19.084, 17.84, 21.52, 0.009, 210.99, 23.83);
insert into SHOT values (537, 537, 543, 297, 6.950, 39.05, -9.60, 6.951, 39.08, -9.61, 0.004, 122.20, -15.42);
insert into SHOT values (538, 537, 544, 297, 15.720, 348.65, -10.80, 15.720, 348.65, -10.78, 0.006, 302.81, 80.83);
insert into SHOT values (539, 537, 545, 297, 31.720, 90.75, -16.90, 31.722, 90.76, -16.90, 0.004, 143.65, 14.47);
insert into SHOT values (540, 537, 546, 297, 31.850, 344.05, -2.70, 31.849, 344.05, -2.70, 0.003, 84.00, 5.97);
insert into SHOT values (541, 546, 547, 297, 25.560, 38.25, 5.10, 25.557, 38.25, 5.12, 0.009, 195.50, 64.85);
insert into SHOT values (542, 546, 548, 297, 23.470, 68.55, 2.30, 23.462, 68.56, 2.32, 0.012, 226.64, 41.66);
insert into SHOT values (543, 546, 549, 297, 19.600, 93.55, -3.10, 19.596, 93.55, -3.10, 0.004, 290.91, -0.78);
insert into SHOT values (544, 546, 550, 297, 11.230, 285.35, 4.50, 11.233, 285.33, 4.49, 0.005, 229.48, -11.96);
insert into SHOT values (545, 546, 551, 297, 8.660, 233.75, 12.00, 8.660, 233.74, 12.00, 0.002, 132.95, -19.01);
insert into SHOT values (546, 546, 552, 297, 17.830, 179.85, 1.50, 17.836, 179.87, 1.51, 0.010, 228.71, 19.24);
insert into SHOT values (547, 546, 553, 297, 8.990, 122.45, 56.00, 8.996, 122.49, 56.03, 0.008, 219.89, 63.11);
insert into SHOT values (548, 546, 554, 297, 3.780, 331.55, -21.60, 3.782, 331.47, -21.56, 0.006, 269.19, 15.01);
insert into SHOT values (549, 546, 555, 297, 17.380, 90.65, -20.00, 17.378, 90.67, -19.99, 0.007, 189.10, 40.07);
insert into SHOT values (550, 546, 556, 297, 18.410, 358.25, 1.50, 18.405, 358.22, 1.53, 0.012, 236.16, 41.45);
insert into SHOT values (551, 556, 557, 297, 16.390, 46.45, -5.70, 16.392, 46.44, -5.71, 0.004, 358.68, -34.81);
insert into SHOT values (552, 556, 558, 297, 20.480, 84.35, -2.50, 20.490, 84.34, -2.52, 0.012, 59.71, -32.83);
insert into SHOT values (553, 556, 559, 297, 29.510, 120.05, 5.30, 29.512, 120.04, 5.29, 0.009, 56.23, -42.13);
insert into SHOT values (554, 556, 560, 297, 0.230, 142.25, 7.10, 0.229, 142.13, 5.01, 0.008, 29.98, -86.38);
insert into SHOT values (555, 556, 561, 297, 29.820, 180.35, 4.70, 29.821, 180.35, 4.69, 0.004, 131.28, -69.87);
insert into SHOT values (556, 556, 562, 297, 23.210, 195.65, 4.10, 23.206, 195.64, 4.08, 0.011, 61.97, -60.85);
insert into SHOT values (557, 556, 563, 297, 27.750, 118.15, 4.30, 27.749, 118.14, 4.30, 0.005, 12.31, -8.00);
insert into SHOT values (558, 556, 564, 297, 11.900, 288.45, 9.10, 11.894, 288.47, 9.09, 0.007, 76.24, -17.68);
insert into SHOT values (559, 556, 565, 297, 13.760, 253.75, 8.50, 13.755, 253.74, 8.49, 0.007, 107.19, -35.83);
insert into SHOT values (560, 556, 566, 297, 7.360, 292.35, 46.90, 7.356, 292.33, 46.89, 0.005, 152.41, -58.03);
insert into SHOT values (561, 556, 567, 297, 7.800, 26.15, 60.30, 7.797, 26.23, 60.26, 0.009, 82.10, -37.54);
insert into SHOT values (562, 556, 568, 297, 2.110, 1.75, -27.50, 2.112, 1.84, -27.65, 0.006, 104.04, -62.51);
insert into SHOT values (563, 556, 569, 297, 7.210, 26.45, -19.40, 7.213, 26.45, -19.43, 0.005, 40.75, -73.21);
insert into SHOT values (564, 556, 570, 297, 14.540, 14.55, -11.30, 14.541, 14.58, -11.30, 0.008, 96.44, -6.45);
insert into SHOT values (565, 556, 571, 297, 28.220, 354.85, -10.30, 28.227, 354.86, -10.31, 0.009, 22.58, -29.34);
insert into SHOT values (566, 556, 572, 297, 43.460, 359.75, 1.20, 43.460, 359.75, 1.20, 0.001, 96.11, -18.20);
insert into SHOT values (567, 572, 573, 297, 22.290, 258.05, -3.80, 22.280, 258.06, -3.81, 0.011, 57.75, -14.66);
insert into SHOT values (568, 572, 574, 297, 22.890, 226.95, 2.60, 22.890, 226.95, 2.58, 0.008, 247.65, -86.43);
insert into SHOT values (569, 572, 575, 297, 24.720, 203.65, -2.60, 24.717, 203.64, -2.62, 0.010, 82.69, -56.23);
insert into SHOT values (570, 572, 576, 297, 21.130, 300.15, 1.10, 21.122, 300.16, 1.09, 0.010, 93.76, -34.33);
insert into SHOT values (571, 572, 577, 297, 2.370, 24.25, 31.30, 2.375, 24.42, 31.19, 0.009, 66.54, -7.93);
insert into SHOT values (572, 572, 578, 297, 2.640, 116.25, 13.40, 2.643, 116.07, 13.34, 0.009, 49.05, -11.57);
insert into SHOT values (573, 572, 579, 297, 7.410, 303.85, 67.90, 7.405, 304.03, 67.89, 0.011, 36.53, -31.99);
insert into SHOT values (574, 572, 580, 297, 7.800, 276.65, -18.20, 7.801, 276.66, -18.23, 0.004, 358.54, -61.36);
insert into SHOT values (575, 572, 581, 297, 5.330, 201.35, -41.90, 5.326, 201.32, -41.95, 0.007, 40.49, -3.97);
insert into SHOT values (576, 572, 582, 297, 21.830, 331.55, 8.90, 21.825, 331.56, 8.88, 0.009, 116.12, -53.86);
insert into SHOT values (577, 582, 583, 297, 13.750, 258.35, 16.50, 13.749, 258.36, 16.52, 0.006, 40.36, 55.60);
insert into SHOT values (578, 582, 584, 297, 13.580, 218.45, 8.60, 13.576, 218.47, 8.60, 0.006, 353.19, -6.75);
insert into SHOT values (579, 582, 585, 297, 31.210, 203.15, -2.10, 31.202, 203.15, -2.09, 0.009, 7.65, 24.58);
insert into SHOT values (580, 582, 586, 297, 39.380, 180.35, -7.40, 39.378, 180.35, -7.40, 0.003, 299.82, 37.29);
insert into SHOT values (581, 582, 587, 297, 34.750, 192.75, -2.60, 34.741, 192.75, -2.59, 0.011, 4.41, 37.03);
insert into SHOT values (582, 582, 588, 297, 15.900, 130.55, 6.60, 15.894, 130.53, 6.61, 0.009, 348.84, 17.00);
insert into SHOT values (583, 582, 589, 297, 21.270, 91.45, 15.00, 21.272, 91.42, 15.01, 0.011, 7.97, 27.23);
insert into SHOT values (584, 582, 590, 297, 15.740, 70.05, 15.70, 15.740, 70.01, 15.70, 0.010, 340.70, 4.22);
insert into SHOT values (585, 582, 591, 297, 14.760, 30.45, 13.00, 14.762, 30.45, 13.00, 0.003, 45.20, -6.23);
insert into SHOT values (586, 582, 592, 297, 15.110, 3.65, 8.50, 15.117, 3.64, 8.52, 0.009, 350.45, 46.10);
insert into SHOT values (587, 582, 593, 297, 21.440, 352.35, 2.30, 21.448, 352.36, 2.30, 0.008, 15.75, -2.93);
insert into SHOT values (588, 582, 594, 297, 32.610, 343.35, -0.60, 32.618, 343.36, -0.60, 0.010, 21.98, 8.56);
insert into SHOT values (589, 582, 595, 297, 7.040, 33.65, 62.30, 7.047, 33.54, 62.30, 0.010, 330.52, 45.61);
insert into SHOT values (590, 582, 596, 297, 22.670, 311.25, -3.90, 22.679, 311.26, -3.89, 0.009, 326.86, 11.88);
insert into SHOT values (591, 582, 597, 297, 25.990, 345.15, -0.90, 25.991, 345.15, -0.90, 0.002, 26.69, -50.55);
insert into SHOT values (592, 597, 598, 297, 10.810, 142.35, 4.60, 10.808, 142.35, 4.62, 0.004, 300.15, 52.20);
insert into SHOT values (593, 597, 599, 297, 9.790, 263.95, -1.90, 9.790, 263.96, -1.87, 0.005, 3.88, 72.30);
insert into SHOT values (594, 597, 600, 297, 9.450, 231.15, -5.40, 9.451, 231.17, -5.34, 0.010, 297.53, 68.79);
insert into SHOT values (595, 597, 601, 297, 23.200, 298.95, -4.80, 23.200, 298.95, -4.80, 0.001, 168.16, 86.78);
insert into SHOT values (596, 597, 602, 297, 18.980, 213.85, 2.00, 18.980, 213.87, 2.02, 0.010, 307.63, 53.17);
insert into SHOT values (597, 597, 603, 297, 21.970, 197.55, 1.00, 21.965, 197.54, 1.02, 0.009, 37.72, 50.18);
insert into SHOT values (598, 597, 604, 297, 15.810, 201.85, 30.30, 15.812, 201.85, 30.31, 0.003, 161.82, 85.95);
insert into SHOT values (599, 597, 605, 297, 6.210, 225.65, -25.40, 6.207, 225.65, -25.38, 0.004, 41.69, 61.54);
insert into SHOT values (600, 597, 606, 297, 24.650, 322.75, -4.00, 24.658, 322.75, -3.98, 0.013, 320.68, 47.84);
insert into SHOT values (601, 606, 607, 297, 3.970, 309.45, 26.00, 3.962, 309.41, 26.05, 0.009, 143.41, -2.13);
insert into SHOT values (602, 606, 608, 297, 16.620, 344.25, 6.20, 16.616, 344.26, 6.18, 0.008, 114.03, -40.58);
insert into SHOT values (603, 606, 609, 297, 6.230, 253.15, 31.00, 6.225, 253.13, 30.93, 0.009, 156.53, -76.17);
insert into SHOT values (604, 606, 610, 297, 13.320, 211.95, 17.10, 13.321, 211.91, 17.07, 0.012, 137.01, -33.40);
insert into SHOT values (605, 606, 611, 297, 15.650, 193.05, 13.40, 15.646, 193.02, 13.38, 0.010, 83.50, -43.08);
insert into SHOT values (606, 606, 612, 297, 19.880, 120.25, 14.90, 19.884, 120.25, 14.89, 0.005, 116.22, -21.13);
insert into SHOT values (607, 606, 613, 297, 7.360, 98.25, 11.40, 7.360, 98.29, 11.36, 0.007, 181.81, -44.28);
insert into SHOT values (608, 606, 614, 297, 8.790, 45.05, 14.30, 8.786, 45.10, 14.30, 0.008, 165.65, -7.98);
insert into SHOT values (609, 606, 615, 297, 31.840, 36.75, 19.80, 31.839, 36.76, 19.79, 0.009, 123.55, -36.51);
insert into SHOT values (610, 606, 616, 297, 28.160, 24.65, 13.00, 28.155, 24.67, 12.99, 0.012, 140.36, -23.68);
insert into SHOT values (611, 606, 617, 297, 13.620, 51.65, 56.90, 13.613, 51.71, 56.87, 0.013, 125.83, -48.31);
insert into SHOT values (612, 606, 618, 297, 3.980, 76.45, -11.80, 3.983, 76.50, -11.88, 0.007, 138.12, -57.82);
insert into SHOT values (613, 606, 619, 297, 32.710, 0.95, 4.00, 32.704, 0.95, 4.00, 0.006, 183.32, -16.50);
insert into SHOT values (614, 619, 620, 297, 9.430, 245.95, 0.90, 9.429, 245.96, 0.91, 0.003, 5.04, 34.30);
insert into SHOT values (615, 619, 621, 297, 10.580, 298.55, 1.10, 10.581, 298.58, 1.08, 0.006, 21.79, -31.72);
insert into SHOT values (616, 619, 622, 297, 18.210, 317.65, 5.20, 18.203, 317.66, 5.20, 0.007, 108.29, -3.21);
insert into SHOT values (617, 619, 623, 297, 12.700, 8.25, 17.40, 12.704, 8.25, 17.36, 0.010, 11.09, -49.62);
insert into SHOT values (618, 619, 624, 297, 9.470, 56.85, 28.40, 9.474, 56.84, 28.36, 0.008, 50.86, -29.77);
insert into SHOT values (619, 619, 625, 297, 11.940, 110.55, 20.50, 11.944, 110.51, 20.48, 0.010, 54.07, -8.80);
insert into SHOT values (620, 619, 626, 297, 22.480, 139.95, 13.80, 22.480, 139.94, 13.79, 0.003, 65.51, -41.33);
insert into SHOT values (621, 619, 627, 297, 33.580, 149.75, 10.70, 33.580, 149.74, 10.69, 0.009, 67.00, -32.30);
insert into SHOT values (622, 619, 628, 297, 15.220, 171.15, 42.90, 15.215, 171.12, 42.91, 0.008, 34.42, -4.13);
insert into SHOT values (623, 619, 629, 297, 3.590, 217.95, -21.10, 3.592, 217.97, -21.22, 0.008, 344.11, -81.24);
insert into SHOT values (624, 619, 630, 297, 21.290, 326.65, 5.80, 21.293, 326.67, 5.80, 0.009, 33.12, -9.89);
insert into SHOT values (625, 630, 631, 297, 23.830, 43.25, 28.40, 23.821, 43.26, 28.40, 0.010, 196.60, -25.14);
insert into SHOT values (626, 630, 632, 297, 17.350, 75.35, 28.70, 17.344, 75.38, 28.70, 0.010, 201.43, -10.68);
insert into SHOT values (627, 630, 633, 297, 17.470, 95.45, 26.60, 17.469, 95.47, 26.59, 0.007, 182.48, -19.34);
insert into SHOT values (628, 630, 634, 297, 26.760, 129.25, 8.90, 26.759, 129.26, 8.90, 0.005, 229.35, -0.61);
insert into SHOT values (629, 630, 635, 297, 45.320, 138.35, 6.40, 45.324, 138.36, 6.40, 0.008, 192.32, -12.65);
insert into SHOT values (630, 630, 636, 297, 35.260, 167.65, 2.40, 35.267, 167.64, 2.39, 0.010, 145.11, -40.36);
insert into SHOT values (631, 630, 637, 297, 18.770, 178.85, 7.80, 18.778, 178.86, 7.80, 0.009, 205.94, 17.62);
insert into SHOT values (632, 630, 638, 297, 4.360, 127.55, -21.30, 4.364, 127.60, -21.37, 0.008, 188.23, -54.71);
insert into SHOT values (633, 630, 639, 297, 15.550, 127.55, 38.70, 15.549, 127.57, 38.69, 0.005, 201.44, -30.07);
insert into SHOT values (634, 630, 640, 297, 13.070, 12.15, 6.90, 13.065, 12.15, 6.90, 0.005, 188.19, -2.25);
insert into SHOT values (635, 640, 641, 297, 6.440, 319.05, 14.30, 6.437, 319.03, 14.30, 0.003, 178.30, -11.80);
insert into SHOT values (636, 640, 642, 297, 4.760, 256.35, 6.50, 4.765, 256.32, 6.51, 0.006, 227.77, 11.48);
insert into SHOT values (637, 640, 643, 297, 10.480, 201.45, -2.00, 10.482, 201.45, -2.02, 0.005, 183.68, -67.72);
insert into SHOT values (638, 640, 644, 297, 16.280, 63.85, 28.30, 16.284, 63.85, 28.30, 0.004, 53.42, 25.13);
insert into SHOT values (639, 640, 645, 297, 16.120, 99.95, 25.90, 16.118, 99.97, 25.90, 0.006, 210.88, -12.79);
insert into SHOT values (640, 640, 646, 297, 17.190, 134.85, 26.50, 17.192, 134.84, 26.50, 0.003, 101.50, -2.42);
insert into SHOT values (641, 640, 647, 297, 8.000, 7.55, -9.90, 7.999, 7.59, -9.93, 0.007, 118.80, -40.53);
insert into SHOT values (642, 640, 648, 297, 13.140, 27.25, 83.30, 13.139, 27.24, 83.31, 0.004, 213.24, -4.29);
insert into SHOT values (643, 640, 649, 297, 14.330, 359.95, 11.50, 14.328, 359.96, 11.51, 0.005, 132.34, 41.65);
insert into SHOT values (644, 649, 650, 297, 14.410, 292.45, 15.00, 14.417, 292.46, 14.99, 0.008, 310.42, 3.15);
insert into SHOT values (645, 649, 651, 297, 6.900, 255.85, 10.10, 6.903, 255.86, 10.10, 0.003, 284.22, -0.55);
insert into SHOT values (646, 649, 652, 297, 10.550, 208.75, -13.50, 10.551, 208.79, -13.54, 0.010, 303.90, -44.89);
insert into SHOT values (647, 649, 653, 297, 16.130, 130.05, 22.20, 16.127, 130.06, 22.19, 0.005, 252.53, -63.79);
insert into SHOT values (648, 649, 654, 297, 13.570, 86.75, 35.40, 13.567, 86.73, 35.41, 0.004, 307.58, -10.89);
insert into SHOT values (649, 649, 655, 297, 16.500, 44.85, 17.00, 16.502, 44.85, 16.98, 0.006, 32.72, -47.89);
insert into SHOT values (650, 649, 656, 297, 21.160, 32.45, 8.20, 21.166, 32.45, 8.18, 0.011, 23.81, -49.61);
insert into SHOT values (651, 649, 657, 297, 11.290, 74.95, 75.50, 11.290, 74.83, 75.49, 0.006, 1.78, -3.73);
insert into SHOT values (652, 649, 658, 297, 1.710, 78.25, -26.10, 1.712, 77.96, -26.36, 0.011, 334.61, -43.82);
insert into SHOT values (653, 649, 659, 297, 27.930, 6.85, 4.70, 27.932, 6.85, 4.68, 0.009, 12.03, -73.03);
insert into SHOT values (654, 659, 660, 297, 5.950, 50.55, 16.70, 5.949, 50.55, 16.71, 0.001, 205.33, 8.18);
insert into SHOT values (655, 659, 661, 297, 14.470, 19.55, 12.90, 14.468, 19.55, 12.90, 0.002, 167.30, -13.48);
insert into SHOT values (656, 659, 662, 297, 30.650, 4.55, 9.60, 30.655, 4.54, 9.61, 0.012, 303.11, 46.57);
insert into SHOT values (657, 659, 663, 297, 24.580, 336.45, 13.50, 24.580, 336.45, 13.50, 0.002, 79.09, 89.55);
insert into SHOT values (658, 659, 664, 297, 6.360, 314.95, 7.10, 6.364, 314.94, 7.13, 0.005, 291.09, 47.74);
insert into SHOT values (659, 659, 665, 297, 5.380, 259.75, 14.60, 5.388, 259.72, 14.62, 0.009, 243.06, 26.77);
insert into SHOT values (660, 659, 666, 297, 10.230, 216.95, 18.90, 10.230, 216.98, 18.94, 0.008, 334.51, 50.21);
insert into SHOT values (661, 659, 667, 297, 5.570, 331.45, 63.10, 5.572, 331.30, 63.12, 0.007, 237.06, 22.11);
insert into SHOT values (662, 659, 668, 297, 6.820, 346.15, -17.60, 6.819, 346.11, -17.58, 0.005, 245.10, 27.85);
insert into SHOT values (663, 659, 669, 297, 15.400, 334.65, 2.90, 15.403, 334.63, 2.90, 0.005, 280.07, 10.31);
insert into SHOT values (664, 669, 670, 297, 19.800, 58.95, 32.20, 19.803, 58.97, 32.19, 0.007, 108.66, -8.27);
insert into SHOT values (665, 669, 671, 297, 25.410, 31.45, 25.20, 25.409, 31.46, 25.20, 0.006, 134.50, 8.73);
insert into SHOT values (666, 669, 672, 297, 13.120, 340.65, 13.50, 13.122, 340.68, 13.53, 0.011, 66.05, 42.07);
insert into SHOT values (667, 669, 673, 297, 14.830, 131.15, 3.80, 14.831, 131.16, 3.83, 0.008, 219.05, 61.18);
insert into SHOT values (668, 669, 674, 297, 6.740, 183.55, 6.90, 6.741, 183.51, 6.90, 0.004, 111.51, 3.54);
insert into SHOT values (669, 669, 675, 297, 16.580, 249.75, 1.00, 16.578, 249.74, 1.00, 0.003, 125.37, 10.82);
insert into SHOT values (670, 669, 676, 297, 18.240, 266.65, -3.40, 18.233, 266.63, -3.40, 0.009, 129.87, 11.23);
insert into SHOT values (671, 669, 677, 297, 21.580, 283.65, -6.80, 21.577, 283.66, -6.79, 0.007, 40.59, 47.56);
insert into SHOT values (672, 669, 678, 297, 10.130, 314.35, 9.10, 10.128, 314.35, 9.15, 0.009, 125.89, 66.55);
insert into SHOT values (673, 669, 679, 297, 10.580, 294.15, 82.00, 10.582, 294.12, 82.03, 0.005, 123.67, 34.49);
insert into SHOT values (674, 669, 680, 297, 2.380, 305.15, -49.00, 2.372, 305.32, -48.99, 0.009, 80.80, 42.41);
insert into SHOT values (675, 669, 681, 297, 21.000, 350.85, 10.10, 21.005, 350.89, 9.43, 0.248, 9.44, -78.53);
insert into SHOT values (676, 681, 682, 297, 15.120, 85.15, 23.00, 15.119, 85.14, 22.97, 0.009, 31.46, -66.00);
insert into SHOT values (677, 681, 683, 297, 15.440, 48.95, 15.90, 15.440, 48.96, 15.90, 0.003, 138.09, 1.48);
insert into SHOT values (678, 681, 684, 297, 14.780, 124.05, 12.90, 14.784, 124.05, 12.90, 0.005, 140.26, 4.50);
insert into SHOT values (679, 681, 685, 297, 10.530, 340.45, 10.70, 10.528, 340.46, 10.67, 0.006, 97.52, -62.83);
insert into SHOT values (680, 681, 686, 297, 5.000, 297.55, 13.80, 4.992, 297.52, 13.79, 0.008, 138.41, -19.07);
insert into SHOT values (681, 681, 687, 297, 7.920, 243.45, 17.60, 7.918, 243.40, 17.57, 0.008, 150.67, -37.09);
insert into SHOT values (682, 681, 688, 297, 6.030, 186.25, 7.60, 6.027, 186.24, 7.53, 0.008, 20.88, -77.79);
insert into SHOT values (683, 681, 689, 297, 6.570, 113.45, 66.50, 6.564, 113.43, 66.52, 0.007, 305.98, -50.19);
insert into SHOT values (684, 681, 690, 297, 2.290, 97.25, -35.20, 2.293, 97.35, -35.14, 0.005, 136.45, 0.32);
insert into SHOT values (685, 681, 691, 297, 30.330, 28.35, 12.10, 30.329, 28.24, 11.10, 0.532, 359.10, -76.91);
insert into SHOT values (686, 691, 692, 297, 8.300, 36.35, 20.80, 8.302, 36.35, 20.81, 0.003, 60.81, 62.03);
insert into SHOT values (687, 691, 693, 297, 8.230, 350.95, 21.30, 8.236, 351.00, 21.29, 0.010, 39.33, 2.56);
insert into SHOT values (688, 691, 694, 297, 11.080, 300.35, 18.00, 11.082, 300.39, 18.03, 0.009, 32.88, 41.99);
insert into SHOT values (689, 691, 695, 297, 10.580, 133.15, 11.20, 10.581, 133.09, 11.23, 0.012, 45.85, 24.02);
insert into SHOT values (690, 691, 696, 297, 12.000, 170.85, 7.10, 11.996, 170.81, 7.14, 0.011, 43.79, 37.33);
insert into SHOT values (691, 691, 697, 297, 11.940, 188.65, 1.40, 11.939, 188.63, 1.44, 0.010, 81.97, 58.74);
insert into SHOT values (692, 691, 698, 297, 5.720, 175.45, 49.70, 5.721, 175.34, 49.81, 0.013, 38.91, 36.34);
insert into SHOT values (693, 691, 699, 297, 3.790, 134.15, -22.60, 3.783, 134.07, -22.54, 0.010, 354.99, 42.21);
insert into SHOT values (694, 691, 700, 297, 18.230, 67.95, 18.90, 18.237, 67.94, 18.91, 0.008, 43.04, 37.03);
insert into SHOT values (695, 691, 701, 297, 17.220, 67.85, 19.00, 17.218, 67.69, 18.45, 0.170, 26.14, -66.53);
insert into SHOT values (696, 701, 702, 297, 12.990, 8.75, 0.20, 12.992, 8.77, 0.22, 0.006, 73.75, 46.84);
insert into SHOT values (697, 701, 703, 297, 8.430, 336.85, 12.00, 8.429, 336.86, 12.05, 0.008, 132.77, 70.49);
insert into SHOT values (698, 701, 704, 297, 19.520, 292.65, 24.80, 19.517, 292.64, 24.81, 0.005, 137.29, 25.22);
insert into SHOT values (699, 701, 705, 297, 20.920, 250.05, -0.90, 20.919, 250.04, -0.88, 0.009, 141.69, 69.11);
insert into SHOT values (700, 701, 706, 297, 18.950, 258.95, 2.50, 18.949, 258.95, 2.51, 0.004, 138.53, 68.36);
insert into SHOT values (701, 701, 707, 297, 15.340, 218.55, -3.60, 15.344, 218.53, -3.59, 0.007, 173.62, 25.75);
insert into SHOT values (702, 701, 708, 297, 10.320, 170.95, 8.00, 10.319, 170.93, 8.02, 0.005, 44.73, 48.89);
insert into SHOT values (703, 701, 709, 297, 5.050, 217.95, -26.00, 5.048, 217.93, -25.96, 0.004, 122.77, 68.71);
insert into SHOT values (704, 701, 710, 297, 11.140, 243.15, 47.10, 11.138, 243.10, 47.11, 0.007, 130.74, -4.07);
insert into SHOT values (705, 701, 711, 297, 5.350, 12.85, -29.00, 5.367, 12.94, -29.10, 0.020, 49.89, -52.82);
insert into SHOT values (706, 711, 712, 297, 13.350, 62.95, 9.80, 13.343, 62.95, 9.80, 0.007, 245.08, -19.07);
insert into SHOT values (707, 711, 713, 297, 7.480, 19.55, 14.50, 7.474, 19.54, 14.49, 0.006, 216.28, -28.02);
insert into SHOT values (708, 711, 714, 297, 9.940, 337.15, 15.30, 9.937, 337.10, 15.29, 0.009, 232.14, -18.79);
insert into SHOT values (709, 711, 715, 297, 7.160, 299.55, 31.40, 7.161, 299.50, 31.39, 0.005, 221.23, -4.68);
insert into SHOT values (710, 711, 716, 297, 5.180, 190.85, 29.20, 5.177, 190.96, 29.13, 0.011, 275.89, -38.40);
insert into SHOT values (711, 711, 717, 297, 3.940, 153.45, 21.30, 3.944, 153.50, 21.26, 0.006, 187.84, -10.80);
insert into SHOT values (712, 711, 718, 297, 13.440, 122.25, 6.90, 13.436, 122.26, 6.88, 0.006, 264.88, -46.38);
insert into SHOT values (713, 711, 719, 297, 19.460, 104.25, 2.80, 19.453, 104.27, 2.80, 0.011, 235.93, -3.32);
insert into SHOT values (714, 711, 720, 297, 6.910, 116.25, -18.80, 6.908, 116.33, -18.83, 0.010, 224.41, -17.89);
insert into SHOT values (715, 711, 721, 297, 6.130, 245.95, 77.50, 6.127, 246.12, 77.42, 0.010, 274.96, -29.07);
insert into SHOT values (716, 711, 722, 297, 19.500, 77.15, -0.30, 19.493, 76.98, -0.94, 0.225, 338.07, -75.34);
insert into SHOT values (717, 722, 723, 297, 13.830, 62.75, 0.90, 13.835, 62.77, 0.91, 0.007, 105.93, 22.15);
insert into SHOT values (718, 722, 724, 297, 8.440, 85.65, 2.40, 8.442, 85.65, 2.44, 0.007, 82.50, 75.31);
insert into SHOT values (719, 722, 725, 297, 3.800, 132.75, 11.50, 3.806, 132.72, 11.52, 0.006, 113.38, 21.69);
insert into SHOT values (720, 722, 726, 297, 7.710, 177.75, 11.20, 7.713, 177.73, 11.21, 0.005, 132.50, 31.80);
insert into SHOT values (721, 722, 727, 297, 13.690, 207.25, 9.10, 13.689, 207.21, 9.12, 0.011, 104.75, 26.97);
insert into SHOT values (722, 722, 728, 297, 16.670, 34.15, 1.80, 16.675, 34.17, 1.82, 0.010, 81.79, 42.04);
insert into SHOT values (723, 722, 729, 297, 10.350, 11.75, 3.60, 10.358, 11.78, 3.60, 0.010, 44.33, 0.71);
insert into SHOT values (724, 722, 730, 297, 6.870, 323.75, 2.20, 6.874, 323.76, 2.25, 0.007, 351.47, 57.91);
insert into SHOT values (725, 722, 731, 297, 5.510, 272.35, 2.50, 5.510, 272.39, 2.50, 0.004, 1.70, -4.46);
insert into SHOT values (726, 722, 732, 297, 2.690, 318.75, 52.60, 2.690, 318.98, 52.70, 0.008, 77.36, 22.04);
insert into SHOT values (727, 722, 733, 297, 0.800, 344.35, -22.20, 0.805, 344.48, -21.87, 0.007, 358.52, 18.56);
insert into SHOT values (728, 722, 734, 297, 16.650, 51.45, -1.90, 16.663, 51.34, -2.41, 0.151, 334.38, -77.65);
insert into SHOT values (729, 734, 735, 297, 4.340, 152.95, 1.20, 4.343, 153.02, 1.19, 0.007, 210.62, -7.73);
insert into SHOT values (730, 734, 736, 297, 3.290, 79.35, 7.60, 3.284, 79.38, 7.52, 0.008, 240.79, -42.31);
insert into SHOT values (731, 734, 737, 297, 11.280, 203.85, 7.30, 11.279, 203.88, 7.28, 0.008, 297.64, -25.23);
insert into SHOT values (732, 734, 738, 297, 10.710, 267.15, 8.70, 10.716, 267.13, 8.69, 0.007, 241.82, -0.03);
insert into SHOT values (733, 734, 739, 297, 4.230, 323.25, 11.40, 4.226, 323.24, 11.33, 0.007, 156.27, -66.83);
insert into SHOT values (734, 734, 740, 297, 0.900, 7.55, 6.00, 0.903, 7.68, 5.72, 0.005, 41.93, -48.45);
insert into SHOT values (735, 734, 741, 297, 0.970, 105.65, 84.80, 0.964, 104.04, 85.09, 0.008, 308.58, -45.25);
insert into SHOT values (736, 734, 742, 297, 0.880, 218.05, -74.60, 0.882, 219.81, -74.59, 0.007, 304.00, -12.50);
insert into SHOT values (737, 734, 743, 297, 4.650, 103.55, 6.60, 4.646, 103.52, 6.30, 0.025, 343.59, -84.75);
insert into SHOT values (738, 743, 744, 297, 1.330, 332.45, 7.10, 1.330, 332.46, 7.34, 0.006, 106.12, 85.10);
insert into SHOT values (739, 743, 745, 297, 0.770, 6.35, 49.50, 0.775, 5.71, 49.58, 0.008, 299.45, 36.41);
insert into SHOT values (740, 743, 746, 297, 2.100, 79.85, -23.00, 2.097, 79.85, -23.02, 0.003, 256.08, 10.51);
insert into SHOT values (741, 743, 747, 297, 2.840, 161.45, 4.10, 2.835, 161.44, 4.25, 0.009, 347.41, 50.73);
insert into SHOT values (742, 743, 748, 297, 5.770, 32.15, 6.70, 5.774, 32.11, 6.46, 0.025, 4.49, -70.73);
insert into SHOT values (743, 748, 749, 297, 2.450, 132.65, 13.50, 2.445, 132.61, 13.48, 0.005, 330.94, -22.88);
insert into SHOT values (744, 748, 750, 297, 0.780, 95.95, 59.40, 0.776, 95.86, 59.67, 0.005, 283.18, -15.28);
insert into SHOT values (745, 748, 751, 297, 3.300, 311.85, -4.20, 3.302, 311.92, -4.17, 0.005, 20.51, 20.34);
insert into SHOT values (746, 748, 752, 297, 0.710, 48.35, -58.20, 0.708, 48.24, -57.97, 0.004, 18.12, 67.47);
insert into SHOT values (747, 748, 753, 297, 8.420, 5.75, 2.50, 8.420, 5.73, 2.52, 0.004, 277.02, 46.02);
insert into SHOT values (748, 748, 754, 297, 3.940, 83.45, 4.00, 3.936, 83.42, 4.08, 0.007, 288.42, 45.93);
insert into SHOT values (749, 748, 755, 297, 9.410, 37.25, 5.40, 9.415, 37.20, 5.06, 0.057, 358.27, -77.07);
insert into SHOT values (750, 755, 756, 297, 6.330, 146.75, 8.80, 6.329, 146.74, 8.82, 0.002, 2.31, 50.75);
insert into SHOT values (751, 755, 757, 297, 3.940, 344.05, 31.50, 3.942, 343.94, 31.50, 0.007, 269.55, 11.31);
insert into SHOT values (752, 755, 758, 297, 5.830, 33.95, 6.80, 5.827, 33.94, 6.80, 0.004, 232.84, -4.68);
insert into SHOT values (753, 755, 759, 297, 16.240, 81.45, 4.00, 16.240, 81.44, 4.03, 0.007, 342.68, 80.74);
insert into SHOT values (754, 755, 760, 297, 2.140, 113.15, 75.10, 2.141, 113.75, 75.22, 0.007, 238.31, 15.60);
insert into SHOT values (755, 755, 761, 297, 2.180, 127.05, -25.50, 2.177, 126.93, -25.58, 0.006, 355.69, -15.10);
insert into SHOT values (756, 755, 762, 297, 4.820, 289.65, 9.30, 4.821, 289.65, 9.31, 0.001, 329.47, 58.80);
insert into SHOT values (757, 755, 763, 297, 6.930, 196.05, -1.10, 6.932, 196.08, -1.07, 0.006, 253.75, 32.89);
insert into SHOT values (758, 755, 764, 297, 15.840, 52.95, -0.10, 15.839, 52.83, -0.61, 0.146, 319.93, -76.59);
insert into SHOT values (759, 764, 765, 297, 7.090, 334.35, 9.20, 7.092, 334.35, 9.25, 0.007, 343.54, 81.16);
insert into SHOT values (760, 764, 766, 297, 6.170, 274.35, 7.80, 6.166, 274.41, 7.83, 0.009, 39.41, 17.47);
insert into SHOT values (761, 764, 767, 297, 10.400, 247.15, 2.10, 10.400, 247.19, 2.09, 0.007, 336.10, -9.45);
insert into SHOT values (762, 764, 768, 297, 7.750, 90.05, 14.50, 7.757, 90.00, 14.48, 0.009, 47.01, -2.72);
insert into SHOT values (763, 764, 769, 297, 7.660, 131.85, 15.60, 7.662, 131.81, 15.60, 0.005, 61.88, 0.89);
insert into SHOT values (764, 764, 770, 297, 10.010, 167.95, 9.90, 10.007, 167.94, 9.90, 0.004, 18.04, -14.85);
insert into SHOT values (765, 764, 771, 297, 2.500, 158.15, 66.60, 2.505, 158.09, 66.68, 0.006, 16.57, 74.07);
insert into SHOT values (766, 764, 772, 297, 1.320, 260.45, -19.40, 1.318, 260.76, -19.04, 0.011, 341.50, 50.58);
insert into SHOT values (767, 764, 773, 297, 13.340, 33.45, 6.70, 13.349, 33.38, 6.28, 0.100, 353.97, -75.15);
insert into SHOT values (768, 773, 774, 297, 12.910, 299.15, 0.10, 12.906, 299.17, 0.09, 0.006, 70.21, -25.36);
insert into SHOT values (769, 773, 775, 297, 1.790, 260.35, 1.60, 1.786, 260.33, 1.60, 0.004, 90.36, 0.29);
insert into SHOT values (770, 773, 776, 297, 16.550, 232.35, -1.70, 16.555, 232.34, -1.70, 0.005, 206.35, 10.25);
insert into SHOT values (771, 773, 777, 297, 5.260, 41.85, 4.40, 5.255, 41.91, 4.37, 0.008, 171.12, -27.70);
insert into SHOT values (772, 773, 778, 297, 13.690, 99.15, 0.50, 13.695, 99.16, 0.50, 0.006, 125.90, 5.29);
insert into SHOT values (773, 773, 779, 297, 9.390, 134.65, 4.20, 9.387, 134.65, 4.15, 0.008, 296.75, -71.05);
insert into SHOT values (774, 773, 780, 297, 19.150, 191.15, 0.80, 19.153, 191.14, 0.78, 0.008, 142.81, -61.23);
insert into SHOT values (775, 773, 781, 297, 3.290, 190.35, 37.30, 3.292, 190.32, 37.19, 0.007, 178.54, -34.10);
insert into SHOT values (776, 773, 782, 297, 1.610, 221.15, -17.40, 1.614, 221.05, -17.67, 0.009, 163.52, -69.02);
insert into SHOT values (777, 773, 783, 297, 15.980, 329.25, -0.30, 15.986, 329.34, -0.82, 0.149, 50.45, -79.64);
insert into SHOT values (778, 783, 784, 297, 4.050, 270.25, -22.00, 4.056, 270.15, -22.01, 0.009, 218.07, -19.54);
insert into SHOT values (779, 783, 785, 297, 7.900, 349.35, -7.00, 7.894, 349.34, -6.99, 0.007, 186.95, 24.54);
insert into SHOT values (780, 783, 786, 297, 12.450, 25.65, -3.10, 12.444, 25.66, -3.13, 0.010, 189.58, -44.24);
insert into SHOT values (781, 783, 787, 297, 10.350, 70.45, -4.90, 10.352, 70.46, -4.93, 0.006, 111.73, -66.52);
insert into SHOT values (782, 783, 788, 297, 11.830, 106.75, -3.50, 11.825, 106.79, -3.49, 0.010, 224.12, 12.35);
insert into SHOT values (783, 783, 789, 297, 2.250, 54.25, -45.90, 2.251, 54.38, -46.04, 0.006, 188.76, -40.69);
insert into SHOT values (784, 783, 790, 297, 3.380, 57.95, 19.50, 3.380, 57.96, 19.53, 0.002, 210.91, 61.62);
insert into SHOT values (785, 783, 791, 297, 23.830, 43.15, -2.10, 23.838, 43.01, -2.86, 0.322, 307.71, -79.53);
insert into SHOT values (786, 791, 792, 297, 5.390, 308.35, 3.80, 5.388, 308.28, 3.83, 0.008, 197.76, 21.13);
insert into SHOT values (787, 791, 793, 297, 5.340, 258.45, 0.00, 5.338, 258.44, 0.00, 0.002, 110.84, 0.00);
insert into SHOT values (788, 791, 794, 297, 11.600, 239.45, -2.80, 11.602, 239.45, -2.77, 0.007, 253.69, 70.28);
insert into SHOT values (789, 791, 795, 297, 10.930, 204.25, -2.20, 10.933, 204.27, -2.20, 0.005, 248.74, -5.15);
insert into SHOT values (790, 791, 796, 297, 3.500, 49.05, 1.80, 3.497, 49.06, 1.80, 0.004, 217.10, 1.01);
insert into SHOT values (791, 791, 797, 297, 4.040, 95.75, 0.30, 4.041, 95.82, 0.28, 0.005, 175.98, -12.18);
insert into SHOT values (792, 791, 798, 297, 7.810, 149.05, -0.80, 7.809, 149.10, -0.81, 0.007, 246.58, -7.86);
insert into SHOT values (793, 791, 799, 297, 1.870, 137.95, 58.60, 1.875, 138.32, 58.58, 0.008, 201.45, 28.76);
insert into SHOT values (794, 791, 800, 297, 0.440, 349.05, -47.00, 0.436, 348.31, -47.22, 0.006, 212.97, 18.08);
insert into SHOT values (795, 791, 801, 297, 12.110, 321.25, 3.10, 12.108, 321.31, 2.70, 0.086, 43.34, -81.19);
insert into SHOT values (796, 801, 802, 297, 15.530, 239.85, 1.60, 15.522, 240.00, 1.11, 0.140, 336.34, -73.00);
insert into SHOT values (797, 801, 803, 297, 22.680, 82.55, 0.10, 22.673, 82.52, 0.10, 0.012, 316.27, 1.95);
insert into SHOT values (798, 803, 804, 297, 5.110, 234.75, 6.40, 5.110, 234.62, 6.40, 0.011, 142.49, 1.97);
insert into SHOT values (799, 803, 805, 297, 7.550, 204.95, 5.80, 7.546, 204.89, 5.78, 0.009, 87.07, -19.58);
insert into SHOT values (800, 803, 806, 297, 7.750, 151.15, 10.50, 7.756, 151.15, 10.47, 0.007, 152.21, -20.08);
insert into SHOT values (801, 803, 807, 297, 2.180, 72.85, 32.10, 2.184, 73.03, 32.08, 0.007, 130.36, 12.35);
insert into SHOT values (802, 803, 808, 297, 5.910, 308.55, 8.30, 5.905, 308.54, 8.37, 0.009, 140.37, 50.03);
insert into SHOT values (803, 803, 809, 297, 6.660, 290.65, 2.50, 6.652, 290.62, 2.50, 0.009, 135.53, -3.25);
insert into SHOT values (804, 803, 810, 297, 24.200, 173.35, 2.50, 24.207, 173.33, 2.51, 0.012, 120.61, 21.33);
insert into SHOT values (805, 810, 811, 297, 1.810, 243.85, 9.50, 1.818, 243.86, 9.50, 0.008, 247.07, 8.75);
insert into SHOT values (806, 810, 812, 297, 5.930, 158.65, 7.80, 5.924, 158.72, 7.76, 0.010, 281.89, -27.43);
insert into SHOT values (807, 810, 813, 297, 8.770, 144.15, 10.30, 8.765, 144.15, 10.32, 0.006, 316.80, 19.63);
insert into SHOT values (808, 810, 814, 297, 13.010, 108.35, 9.10, 13.006, 108.34, 9.11, 0.006, 322.19, 24.92);
insert into SHOT values (809, 810, 815, 297, 6.840, 326.05, 6.40, 6.843, 326.03, 6.38, 0.005, 291.55, -31.18);
insert into SHOT values (810, 810, 816, 297, 7.900, 17.45, 2.10, 7.896, 17.40, 2.10, 0.007, 258.92, 3.98);
insert into SHOT values (811, 810, 817, 297, 15.300, 4.15, 3.10, 15.302, 4.13, 3.07, 0.009, 294.59, -51.82);
insert into SHOT values (812, 810, 818, 297, 3.860, 22.85, 32.00, 3.859, 22.81, 31.91, 0.007, 342.20, -56.99);
insert into SHOT values (813, 810, 819, 297, 2.190, 36.25, -12.80, 2.188, 36.22, -12.94, 0.006, 230.73, -53.52);
insert into SHOT values (814, 810, 820, 297, 8.960, 128.85, 5.30, 8.956, 128.90, 5.32, 0.009, 245.78, 14.62);
insert into SHOT values (815, 820, 821, 297, 5.690, 68.35, 10.00, 5.691, 68.33, 9.92, 0.009, 35.16, -68.91);
insert into SHOT values (816, 820, 822, 297, 5.350, 10.45, 15.40, 5.358, 10.48, 15.37, 0.009, 30.98, -4.66);
insert into SHOT values (817, 820, 823, 297, 12.720, 340.45, 3.00, 12.729, 340.47, 2.97, 0.011, 5.22, -30.08);
insert into SHOT values (818, 820, 824, 297, 2.940, 195.95, 26.20, 2.930, 195.89, 26.12, 0.011, 37.16, -44.99);
insert into SHOT values (819, 820, 825, 297, 3.700, 263.45, 3.80, 3.692, 263.45, 3.73, 0.009, 81.16, -33.58);
insert into SHOT values (820, 820, 826, 297, 10.060, 298.55, -2.50, 10.056, 298.61, -2.51, 0.011, 50.89, -6.27);
insert into SHOT values (821, 820, 827, 297, 2.740, 287.75, 66.00, 2.737, 287.78, 66.00, 0.003, 79.45, -65.24);
insert into SHOT values (822, 820, 828, 297, 1.250, 74.15, -27.20, 1.256, 73.84, -27.50, 0.011, 4.56, -53.64);
insert into SHOT values (823, 820, 829, 297, 27.550, 127.25, 0.50, 27.548, 127.24, 0.50, 0.005, 7.63, -4.95);
insert into SHOT values (824, 802, 830, 297, 3.680, 208.75, 7.30, 3.682, 208.81, 7.33, 0.005, 273.13, 28.74);
insert into SHOT values (825, 802, 831, 297, 7.590, 74.95, 1.30, 7.582, 74.94, 1.28, 0.008, 266.48, -15.83);
insert into SHOT values (826, 802, 832, 297, 2.770, 85.45, 74.70, 2.768, 86.08, 74.67, 0.008, 170.24, -12.67);
insert into SHOT values (827, 802, 833, 297, 1.370, 61.35, -27.60, 1.363, 61.31, -27.54, 0.008, 248.60, 38.91);
insert into SHOT values (828, 802, 834, 297, 27.420, 295.45, -0.90, 27.430, 295.68, -1.75, 0.424, 25.11, -75.05);
insert into SHOT values (829, 834, 835, 297, 5.780, 226.75, -9.80, 5.787, 226.71, -9.85, 0.010, 191.75, -39.51);
insert into SHOT values (830, 834, 836, 297, 7.260, 178.55, 16.10, 7.266, 178.52, 16.06, 0.008, 154.35, -23.11);
insert into SHOT values (831, 834, 837, 297, 13.060, 153.15, 0.60, 13.068, 153.16, 0.57, 0.011, 170.55, -37.37);
insert into SHOT values (832, 834, 838, 297, 10.970, 111.05, 6.40, 10.977, 111.06, 6.38, 0.008, 128.09, -20.96);
insert into SHOT values (833, 834, 839, 297, 5.320, 70.15, 7.10, 5.322, 70.19, 7.01, 0.009, 121.01, -55.24);
insert into SHOT values (834, 834, 840, 297, 3.480, 22.65, 0.70, 3.479, 22.66, 0.66, 0.003, 179.39, -61.05);
insert into SHOT values (835, 834, 841, 297, 7.290, 291.85, -10.50, 7.285, 291.80, -10.52, 0.008, 158.16, -10.39);
insert into SHOT values (836, 834, 842, 297, 5.970, 221.75, 55.40, 5.968, 221.77, 55.36, 0.005, 253.48, -55.72);
insert into SHOT values (837, 834, 843, 297, 1.650, 242.95, -42.30, 1.653, 242.81, -42.17, 0.006, 212.04, 4.58);
insert into SHOT values (838, 834, 844, 297, 16.900, 255.15, -7.80, 16.899, 255.27, -8.37, 0.172, 19.01, -75.21);
insert into SHOT values (839, 844, 845, 297, 8.000, 268.25, 5.70, 8.004, 268.27, 5.74, 0.007, 314.91, 49.66);
insert into SHOT values (840, 844, 846, 297, 2.380, 202.85, 12.10, 2.379, 203.04, 12.13, 0.008, 305.34, 8.07);
insert into SHOT values (841, 844, 847, 297, 4.940, 137.95, 5.80, 4.939, 137.97, 5.81, 0.002, 252.07, 21.97);
insert into SHOT values (842, 844, 848, 297, 13.830, 297.05, -0.90, 13.834, 297.05, -0.87, 0.009, 290.47, 57.87);
insert into SHOT values (843, 844, 849, 297, 15.310, 323.25, 0.20, 15.312, 323.26, 0.22, 0.007, 10.07, 64.60);
insert into SHOT values (844, 844, 850, 297, 6.900, 353.45, 4.00, 6.902, 353.41, 3.99, 0.005, 290.48, -14.76);
insert into SHOT values (845, 844, 851, 297, 4.790, 19.45, -4.30, 4.786, 19.46, -4.31, 0.004, 185.93, -12.06);
insert into SHOT values (846, 844, 852, 297, 9.070, 65.05, 2.60, 9.064, 65.05, 2.59, 0.006, 246.27, -14.76);
insert into SHOT values (847, 844, 853, 297, 2.970, 336.05, 49.50, 2.971, 335.83, 49.52, 0.008, 248.31, 12.01);
insert into SHOT values (848, 844, 854, 297, 1.960, 350.55, -26.10, 1.962, 350.54, -25.99, 0.005, 345.48, 30.43);
insert into SHOT values (849, 844, 855, 297, 18.220, 288.05, 2.80, 18.226, 288.21, 2.23, 0.187, 3.06, -73.96);
insert into SHOT values (850, 855, 856, 297, 10.440, 303.45, -2.10, 10.444, 303.43, -2.14, 0.009, 263.30, -56.24);
insert into SHOT values (851, 855, 857, 297, 4.160, 265.55, -14.60, 4.157, 265.58, -14.63, 0.005, 55.44, -17.99);
insert into SHOT values (852, 855, 858, 297, 6.570, 222.55, -22.10, 6.572, 222.60, -22.17, 0.010, 320.97, -54.68);
insert into SHOT values (853, 855, 859, 297, 9.530, 182.95, -16.30, 9.527, 182.95, -16.34, 0.007, 6.56, -47.16);
insert into SHOT values (854, 855, 860, 297, 10.410, 151.85, -9.50, 10.406, 151.86, -9.51, 0.005, 303.32, -20.82);
insert into SHOT values (855, 855, 861, 297, 10.800, 128.45, -4.20, 10.805, 128.44, -4.19, 0.005, 118.11, 10.69);
insert into SHOT values (856, 855, 862, 297, 4.450, 80.45, -21.80, 4.449, 80.38, -21.91, 0.010, 314.59, -49.64);
insert into SHOT values (857, 855, 863, 297, 5.680, 46.35, -16.90, 5.680, 46.34, -16.99, 0.009, 238.96, -73.00);
insert into SHOT values (858, 855, 864, 297, 8.110, 10.05, -12.90, 8.116, 10.05, -12.89, 0.006, 5.96, 5.33);
insert into SHOT values (859, 855, 865, 297, 11.470, 347.35, -8.60, 11.474, 347.37, -8.62, 0.008, 41.82, -39.88);
insert into SHOT values (860, 855, 866, 297, 14.610, 337.85, -6.10, 14.616, 337.85, -6.13, 0.009, 333.50, -53.54);
insert into SHOT values (861, 855, 867, 297, 2.710, 54.95, 24.20, 2.707, 54.89, 24.21, 0.004, 276.43, -14.01);
insert into SHOT values (862, 855, 868, 297, 2.660, 35.55, -41.70, 2.661, 35.37, -41.70, 0.006, 311.20, -4.47);
insert into SHOT values (863, 855, 869, 297, 4.240, 71.25, -39.60, 4.242, 71.23, -39.71, 0.008, 266.83, -63.93);
insert into SHOT values (864, 855, 870, 297, 21.180, 325.45, -4.40, 21.188, 325.58, -5.06, 0.250, 69.83, -78.53);
insert into SHOT values (865, 870, 871, 297, 17.350, 262.25, -3.80, 17.357, 262.23, -3.80, 0.008, 230.94, -1.04);
insert into SHOT values (866, 870, 872, 297, 11.450, 231.35, -2.40, 11.458, 231.35, -2.40, 0.008, 230.11, -3.95);
insert into SHOT values (867, 870, 873, 297, 8.170, 184.35, 5.40, 8.170, 184.37, 5.41, 0.003, 275.71, 19.27);
insert into SHOT values (868, 870, 874, 297, 13.620, 162.15, 7.20, 13.617, 162.16, 7.17, 0.008, 312.64, -66.72);
insert into SHOT values (869, 870, 875, 297, 10.060, 123.55, 6.40, 10.061, 123.58, 6.39, 0.006, 200.81, -14.40);
insert into SHOT values (870, 870, 876, 297, 6.840, 82.55, 2.90, 6.837, 82.51, 2.85, 0.008, 319.18, -48.07);
insert into SHOT values (871, 870, 877, 297, 10.700, 12.25, -13.80, 10.697, 12.23, -13.85, 0.010, 224.83, -49.94);
insert into SHOT values (872, 870, 878, 297, 13.630, 346.15, -3.70, 13.635, 346.14, -3.70, 0.005, 316.21, -4.46);
insert into SHOT values (873, 870, 879, 297, 17.990, 315.55, -3.50, 17.995, 315.54, -3.50, 0.006, 289.87, -17.82);
insert into SHOT values (874, 870, 880, 297, 16.490, 303.75, 2.00, 16.498, 303.75, 1.98, 0.010, 301.94, -32.81);
insert into SHOT values (875, 870, 881, 297, 11.630, 316.55, -12.10, 11.626, 316.53, -12.11, 0.006, 172.82, -21.61);
insert into SHOT values (876, 870, 882, 297, 2.010, 329.05, 68.90, 2.006, 328.50, 68.75, 0.009, 265.93, -33.64);
insert into SHOT values (877, 870, 883, 297, 8.050, 253.25, 53.60, 8.054, 253.23, 53.57, 0.007, 240.74, 5.30);
insert into SHOT values (878, 870, 884, 297, 28.850, 335.45, -3.70, 28.856, 335.44, -3.70, 0.008, 291.50, 12.07);
insert into SHOT values (879, 884, 885, 297, 2.240, 65.45, -6.00, 2.242, 65.62, -6.15, 0.009, 146.86, -41.03);
insert into SHOT values (880, 884, 886, 297, 7.370, 14.45, 7.30, 7.372, 14.49, 7.25, 0.009, 80.92, -46.89);
insert into SHOT values (881, 884, 887, 297, 9.390, 344.75, 11.20, 9.382, 344.76, 11.19, 0.008, 156.05, -27.53);
insert into SHOT values (882, 884, 888, 297, 6.210, 315.85, 7.60, 6.200, 315.86, 7.60, 0.010, 130.80, -7.44);
insert into SHOT values (883, 884, 889, 297, 7.700, 140.35, 8.70, 7.701, 140.33, 8.66, 0.006, 83.48, -56.70);
insert into SHOT values (884, 884, 890, 297, 8.510, 76.25, 57.10, 8.506, 76.23, 57.08, 0.005, 3.58, -76.63);
insert into SHOT values (885, 884, 891, 297, 1.950, 126.45, -53.70, 1.959, 126.57, -53.76, 0.010, 161.43, -62.58);
insert into SHOT values (886, 884, 892, 297, 12.740, 354.35, 21.40, 12.732, 354.39, 21.37, 0.012, 116.47, -43.53);
insert into SHOT values (887, 870, 893, 297, 22.250, 300.75, -3.80, 22.261, 300.91, -4.51, 0.283, 39.14, -77.05);
insert into SHOT values (888, 893, 894, 297, 9.520, 276.95, -8.20, 9.517, 276.95, -8.22, 0.004, 89.69, -32.15);
insert into SHOT values (889, 893, 895, 297, 9.460, 241.15, -23.30, 9.458, 241.16, -23.29, 0.003, 1.18, 36.47);
insert into SHOT values (890, 893, 896, 297, 8.230, 198.35, -15.80, 8.223, 198.34, -15.81, 0.007, 24.50, 6.99);
insert into SHOT values (891, 893, 897, 297, 11.780, 171.05, -2.80, 11.777, 171.05, -2.77, 0.006, 345.29, 63.38);
insert into SHOT values (892, 893, 898, 297, 1.830, 358.85, -6.30, 1.831, 359.06, -6.27, 0.007, 77.77, 6.93);
insert into SHOT values (893, 893, 899, 297, 4.480, 109.85, 8.20, 4.478, 109.78, 8.22, 0.006, 352.16, 10.28);
insert into SHOT values (894, 893, 900, 297, 3.190, 277.95, -60.70, 3.186, 278.13, -60.77, 0.008, 56.14, 14.44);
insert into SHOT values (895, 893, 901, 297, 9.980, 252.45, -31.50, 9.973, 252.48, -31.49, 0.008, 28.01, 33.47);
insert into SHOT values (896, 893, 902, 297, 2.640, 252.75, 30.10, 2.640, 252.92, 30.25, 0.010, 9.67, 38.90);
insert into SHOT values (897, 893, 903, 297, 14.780, 326.25, -7.40, 14.794, 326.35, -7.85, 0.119, 59.98, -77.04);
insert into SHOT values (898, 903, 904, 297, 10.720, 131.55, 13.60, 10.721, 131.54, 13.59, 0.002, 70.82, -17.25);
insert into SHOT values (899, 903, 905, 297, 7.710, 103.45, 18.80, 7.710, 103.47, 18.76, 0.005, 149.40, -58.12);
insert into SHOT values (900, 903, 906, 297, 9.350, 57.55, -0.50, 9.347, 57.59, -0.49, 0.007, 177.39, 13.10);
insert into SHOT values (901, 903, 907, 297, 12.370, 24.55, -5.40, 12.370, 24.57, -5.43, 0.007, 118.87, -56.08);
insert into SHOT values (902, 903, 908, 297, 13.740, 335.95, -3.30, 13.734, 335.94, -3.30, 0.006, 175.61, 8.35);
insert into SHOT values (903, 903, 909, 297, 8.990, 313.55, -2.20, 8.990, 313.56, -2.23, 0.005, 55.87, -75.64);
insert into SHOT values (904, 903, 910, 297, 6.970, 222.65, 16.00, 6.972, 222.64, 15.99, 0.002, 199.96, -29.02);
insert into SHOT values (905, 903, 911, 297, 9.420, 190.95, 14.00, 9.425, 190.90, 14.00, 0.009, 135.82, 7.23);
insert into SHOT values (906, 903, 912, 297, 10.490, 140.45, 67.70, 10.486, 140.40, 67.67, 0.008, 98.66, -45.19);
insert into SHOT values (907, 903, 913, 297, 7.300, 32.55, -21.90, 7.306, 32.59, -21.94, 0.009, 83.80, -50.49);
insert into SHOT values (908, 903, 914, 297, 26.100, 353.75, -4.10, 26.108, 353.80, -4.90, 0.365, 126.72, -85.16);
insert into SHOT values (909, 914, 915, 297, 17.170, 313.25, -6.90, 17.175, 313.24, -6.92, 0.008, 281.66, -59.34);
insert into SHOT values (910, 914, 916, 297, 7.370, 259.95, -8.20, 7.378, 259.98, -8.26, 0.012, 293.12, -48.01);
insert into SHOT values (911, 914, 917, 297, 13.910, 148.75, 3.80, 13.913, 148.76, 3.79, 0.005, 186.56, -22.58);
insert into SHOT values (912, 914, 918, 297, 7.270, 111.15, 1.30, 7.261, 111.16, 1.26, 0.010, 284.86, -29.04);
insert into SHOT values (913, 914, 919, 297, 8.260, 56.75, 6.20, 8.252, 56.74, 6.19, 0.008, 250.55, -15.14);
insert into SHOT values (914, 914, 920, 297, 15.410, 356.25, -5.90, 15.406, 356.22, -5.92, 0.011, 232.33, -33.40);
insert into SHOT values (915, 914, 921, 297, 26.430, 345.35, -5.90, 26.425, 345.35, -5.91, 0.006, 184.21, -31.78);
insert into SHOT values (916, 914, 922, 297, 11.280, 27.65, 45.60, 11.272, 27.64, 45.57, 0.010, 247.67, -74.43);
insert into SHOT values (917, 914, 923, 297, 2.800, 11.55, -27.70, 2.804, 11.40, -27.85, 0.011, 279.77, -52.76);
insert into SHOT values (918, 914, 924, 297, 13.260, 337.25, -3.60, 13.257, 337.23, -3.63, 0.009, 206.64, -57.89);
insert into SHOT values (919, 914, 925, 297, 21.210, 337.95, -8.40, 21.217, 338.03, -9.06, 0.245, 115.09, -80.26);
insert into SHOT values (920, 925, 926, 297, 8.550, 267.55, 8.90, 8.550, 267.56, 8.88, 0.003, 332.00, -62.71);
insert into SHOT values (921, 925, 927, 297, 5.470, 225.55, 14.20, 5.470, 225.61, 14.18, 0.006, 308.30, -17.49);
insert into SHOT values (922, 925, 928, 297, 13.080, 337.65, 3.90, 13.083, 337.62, 3.90, 0.007, 275.45, 2.76);
insert into SHOT values (923, 925, 929, 297, 0.920, 11.95, 5.20, 0.923, 11.92, 4.97, 0.005, 4.85, -42.81);
insert into SHOT values (924, 925, 930, 297, 6.320, 14.25, 8.60, 6.322, 14.17, 8.64, 0.010, 292.25, 29.51);
insert into SHOT values (925, 925, 931, 297, 6.210, 91.35, 11.30, 6.203, 91.32, 11.34, 0.009, 292.87, 20.25);
insert into SHOT values (926, 925, 932, 297, 7.390, 119.35, 9.90, 7.381, 119.31, 9.91, 0.010, 325.37, -3.24);
insert into SHOT values (927, 925, 933, 297, 2.030, 24.75, 72.40, 2.025, 24.06, 72.37, 0.009, 290.22, -33.84);
insert into SHOT values (928, 925, 934, 297, 0.340, 257.65, -60.10, 0.337, 259.99, -59.24, 0.009, 324.64, 31.75);
insert into SHOT values (929, 925, 935, 297, 15.190, 333.95, 3.50, 15.204, 334.03, 2.98, 0.141, 16.68, -77.68);
insert into SHOT values (930, 935, 936, 297, 9.540, 287.95, -3.90, 9.543, 287.92, -3.85, 0.011, 239.64, 55.24);
insert into SHOT values (931, 935, 937, 297, 10.360, 244.55, -4.30, 10.361, 244.55, -4.26, 0.007, 256.89, 75.15);
insert into SHOT values (932, 935, 938, 297, 14.580, 203.45, -0.70, 14.584, 203.44, -0.67, 0.010, 164.74, 57.07);
insert into SHOT values (933, 935, 939, 297, 4.540, 142.75, 0.30, 4.546, 142.78, 0.38, 0.009, 162.86, 43.57);
insert into SHOT values (934, 935, 940, 297, 3.810, 346.35, -8.50, 3.808, 346.33, -8.46, 0.004, 201.73, 59.84);
insert into SHOT values (935, 935, 941, 297, 2.460, 303.45, 25.10, 2.460, 303.26, 25.27, 0.010, 189.04, 39.00);
insert into SHOT values (936, 935, 942, 297, 3.570, 294.55, -17.10, 3.570, 294.39, -16.94, 0.014, 219.25, 44.53);
insert into SHOT values (937, 935, 943, 297, 12.700, 310.45, -4.00, 12.705, 310.52, -4.38, 0.085, 45.71, -79.67);
insert into SHOT values (938, 943, 944, 297, 5.360, 191.25, 3.00, 5.359, 191.20, 2.99, 0.004, 92.41, -7.16);
insert into SHOT values (939, 943, 945, 297, 8.220, 120.05, 3.40, 8.218, 120.07, 3.35, 0.008, 246.39, -68.55);
insert into SHOT values (940, 943, 946, 297, 4.530, 240.05, -1.40, 4.526, 240.04, -1.39, 0.004, 75.72, 9.68);
insert into SHOT values (941, 943, 947, 297, 9.300, 242.75, -1.90, 9.299, 242.72, -1.91, 0.005, 140.72, -18.01);
insert into SHOT values (942, 943, 948, 297, 7.650, 301.75, 1.20, 7.644, 301.74, 1.20, 0.006, 139.58, -2.02);
insert into SHOT values (943, 943, 949, 297, 5.090, 334.95, -1.30, 5.088, 335.00, -1.35, 0.007, 89.96, -43.94);
insert into SHOT values (944, 943, 950, 297, 13.430, 27.75, 0.80, 13.425, 27.75, 0.77, 0.009, 208.37, -56.63);
insert into SHOT values (945, 943, 951, 297, 2.470, 258.55, 73.20, 2.466, 258.69, 73.17, 0.005, 350.11, -68.97);
insert into SHOT values (946, 943, 952, 297, 3.740, 236.05, -28.30, 3.743, 236.02, -28.40, 0.007, 120.08, -75.23);
insert into SHOT values (947, 943, 953, 297, 19.980, 0.45, -5.30, 19.976, 0.46, -5.31, 0.007, 133.68, -37.66);
insert into SHOT values (948, 943, 954, 297, 38.720, 293.95, 1.40, 38.713, 293.95, 1.39, 0.009, 113.16, -42.81);
insert into SHOT values (949, 943, 955, 297, 7.770, 236.85, -7.30, 7.766, 236.93, -7.62, 0.045, 9.93, -70.88);
insert into SHOT values (950, 955, 956, 297, 5.240, 222.45, 31.00, 5.243, 222.39, 30.99, 0.006, 165.49, 11.39);
insert into SHOT values (951, 955, 957, 297, 11.280, 146.75, 10.90, 11.283, 146.78, 10.88, 0.008, 205.60, -21.09);
insert into SHOT values (952, 955, 958, 297, 5.930, 110.25, 17.70, 5.931, 110.29, 17.67, 0.006, 181.77, -31.29);
insert into SHOT values (953, 955, 959, 297, 6.110, 281.15, 20.90, 6.109, 281.11, 20.91, 0.004, 175.82, 5.11);
insert into SHOT values (954, 955, 960, 297, 8.560, 343.95, 5.10, 8.557, 343.93, 5.10, 0.005, 214.58, -11.69);
insert into SHOT values (955, 955, 961, 297, 17.780, 333.65, 6.50, 17.779, 333.65, 6.49, 0.003, 93.08, -64.57);
insert into SHOT values (956, 955, 962, 297, 5.080, 321.45, 74.20, 5.081, 321.47, 74.23, 0.003, 130.46, 36.07);
insert into SHOT values (957, 955, 963, 297, 1.300, 115.95, -41.50, 1.297, 116.30, -41.55, 0.007, 234.14, 11.74);
insert into SHOT values (958, 955, 964, 297, 18.220, 167.85, 1.60, 18.214, 167.80, 1.01, 0.189, 73.47, -84.84);
insert into SHOT values (959, 964, 965, 297, 11.540, 219.45, 13.20, 11.545, 219.44, 13.22, 0.007, 197.19, 46.75);
insert into SHOT values (960, 964, 966, 297, 1.470, 155.85, 30.40, 1.476, 155.85, 30.54, 0.007, 158.00, 61.51);
insert into SHOT values (961, 964, 967, 297, 2.940, 56.25, 21.00, 2.938, 56.31, 21.15, 0.008, 203.30, 49.98);
insert into SHOT values (962, 964, 968, 297, 7.180, 12.95, 9.10, 7.179, 12.88, 9.14, 0.010, 274.32, 27.03);
insert into SHOT values (963, 964, 969, 297, 11.810, 334.45, 7.30, 11.816, 334.42, 7.34, 0.012, 280.50, 51.09);
insert into SHOT values (964, 964, 970, 297, 13.160, 265.35, 4.70, 13.168, 265.32, 4.70, 0.010, 229.07, 9.73);
insert into SHOT values (965, 964, 971, 297, 3.930, 262.95, 46.00, 3.933, 262.85, 46.02, 0.006, 187.48, 31.34);
insert into SHOT values (966, 964, 972, 297, 2.930, 275.25, -28.40, 2.931, 275.11, -28.31, 0.008, 210.73, 28.02);
insert into SHOT values (967, 964, 973, 297, 19.520, 250.45, -2.50, 19.524, 250.62, -3.11, 0.216, 346.99, -74.56);
insert into SHOT values (968, 973, 974, 297, 12.010, 196.05, 9.20, 12.017, 196.05, 9.19, 0.007, 200.67, -1.42);
insert into SHOT values (969, 973, 975, 297, 15.540, 176.35, 14.10, 15.540, 176.35, 14.12, 0.004, 9.28, 73.69);
insert into SHOT values (970, 973, 976, 297, 19.580, 70.55, 4.20, 19.576, 70.55, 4.19, 0.006, 227.10, -45.30);
insert into SHOT values (971, 973, 977, 297, 4.780, 47.75, 5.20, 4.777, 47.73, 5.16, 0.005, 258.15, -41.11);
insert into SHOT values (972, 973, 978, 297, 3.830, 15.95, 19.30, 3.825, 15.92, 19.39, 0.008, 210.12, 32.46);
insert into SHOT values (973, 973, 979, 297, 12.530, 344.85, 13.70, 12.530, 344.86, 13.71, 0.003, 101.44, 53.56);
insert into SHOT values (974, 973, 980, 297, 11.470, 325.35, 16.70, 11.467, 325.31, 16.73, 0.009, 204.57, 25.48);
insert into SHOT values (975, 973, 981, 297, 10.510, 284.25, 1.80, 10.507, 284.22, 1.80, 0.006, 163.61, -1.25);
insert into SHOT values (976, 973, 982, 297, 11.650, 262.35, 4.20, 11.645, 262.33, 4.19, 0.007, 120.18, -27.87);
insert into SHOT values (977, 973, 983, 297, 5.290, 260.65, 70.70, 5.286, 260.43, 70.73, 0.008, 138.72, -19.00);
insert into SHOT values (978, 973, 984, 297, 1.300, 271.65, -40.50, 1.299, 271.74, -40.30, 0.005, 309.60, 60.31);
insert into SHOT values (979, 973, 985, 297, 12.550, 207.55, 7.20, 12.545, 207.59, 6.78, 0.094, 266.48, -83.03);
insert into SHOT values (980, 985, 986, 297, 1.440, 119.15, 8.30, 1.443, 118.90, 8.37, 0.007, 53.83, 17.23);
insert into SHOT values (981, 985, 987, 297, 9.330, 55.25, 4.60, 9.329, 55.25, 4.61, 0.002, 226.74, 47.48);
insert into SHOT values (982, 985, 988, 297, 6.790, 177.85, 0.40, 6.785, 177.80, 0.42, 0.008, 45.48, 19.83);
insert into SHOT values (983, 985, 989, 297, 19.870, 201.85, -2.50, 19.866, 201.86, -2.48, 0.009, 336.56, 50.04);
insert into SHOT values (984, 985, 990, 297, 10.520, 239.25, 5.30, 10.516, 239.27, 5.35, 0.010, 20.10, 52.32);
insert into SHOT values (985, 985, 991, 297, 11.270, 260.35, -0.90, 11.271, 260.35, -0.86, 0.007, 226.77, 80.26);
insert into SHOT values (986, 985, 992, 297, 11.610, 332.95, -5.50, 11.605, 332.97, -5.49, 0.007, 111.53, 24.10);
insert into SHOT values (987, 985, 993, 297, 5.770, 16.25, 67.50, 5.779, 16.30, 67.53, 0.009, 86.89, 76.80);
insert into SHOT values (988, 985, 994, 297, 1.250, 323.15, -33.50, 1.251, 323.57, -33.46, 0.008, 41.02, -0.58);
insert into SHOT values (989, 985, 995, 297, 15.550, 190.35, -2.70, 15.547, 190.35, -3.21, 0.138, 1.77, -85.82);
insert into SHOT values (990, 995, 996, 297, 3.950, 59.15, 5.30, 3.955, 59.14, 5.37, 0.007, 48.12, 48.24);
insert into SHOT values (991, 995, 997, 297, 8.070, 21.75, 5.60, 8.068, 21.71, 5.62, 0.006, 272.10, 22.74);
insert into SHOT values (992, 995, 998, 297, 10.600, 330.35, 0.60, 10.611, 330.34, 0.59, 0.011, 323.69, -5.40);
insert into SHOT values (993, 995, 999, 297, 7.320, 287.75, -0.20, 7.321, 287.82, -0.16, 0.010, 10.21, 32.58);
insert into SHOT values (994, 995, 1000, 297, 5.910, 231.25, -7.60, 5.907, 231.31, -7.59, 0.007, 348.00, 13.23);
insert into SHOT values (995, 995, 1001, 297, 4.770, 280.35, 34.90, 4.773, 280.45, 34.89, 0.007, 348.14, 6.68);
insert into SHOT values (996, 995, 1002, 297, 2.590, 314.35, -20.90, 2.594, 314.50, -20.77, 0.010, 1.60, 24.55);
insert into SHOT values (997, 995, 1003, 297, 27.660, 199.75, -5.50, 27.651, 199.83, -6.40, 0.434, 345.14, -81.32);
insert into SHOT values (998, 1003, 1004, 297, 10.700, 233.05, 6.70, 10.699, 233.03, 6.71, 0.003, 125.76, 27.90);
insert into SHOT values (999, 1003, 1005, 297, 18.890, 194.25, 1.40, 18.897, 194.25, 1.43, 0.011, 196.28, 50.96);
insert into SHOT values (1000, 1003, 1006, 297, 24.850, 185.85, 1.90, 24.853, 185.85, 1.91, 0.007, 162.62, 63.07);
insert into SHOT values (1001, 1003, 1007, 297, 16.970, 132.55, 9.50, 16.973, 132.55, 9.53, 0.009, 190.62, 77.73);
insert into SHOT values (1002, 1003, 1008, 297, 9.310, 77.95, 10.10, 9.307, 77.97, 10.15, 0.009, 225.45, 54.52);
insert into SHOT values (1003, 1003, 1009, 297, 8.320, 273.15, 5.70, 8.324, 273.11, 5.72, 0.007, 217.41, 31.44);
insert into SHOT values (1004, 1003, 1010, 297, 23.420, 29.05, 6.90, 23.416, 29.06, 6.92, 0.009, 173.23, 48.47);
insert into SHOT values (1005, 1003, 1011, 297, 20.030, 1.25, 4.40, 20.024, 1.23, 4.41, 0.009, 220.18, 22.16);
insert into SHOT values (1006, 1003, 1012, 297, 7.040, 124.95, 64.50, 7.045, 125.05, 64.53, 0.008, 227.93, 45.46);
insert into SHOT values (1007, 1003, 1013, 297, 1.310, 109.75, -33.80, 1.302, 109.94, -33.57, 0.010, 244.58, 60.00);
insert into SHOT values (1008, 1003, 1014, 297, 15.790, 177.75, 1.60, 15.785, 177.75, 1.13, 0.131, 0.23, -89.27);
insert into SHOT values (1009, 1014, 1015, 297, 23.200, 129.55, 10.90, 23.204, 129.55, 10.88, 0.009, 139.43, -51.45);
insert into SHOT values (1010, 1014, 1016, 297, 7.440, 77.95, 18.50, 7.439, 77.97, 18.50, 0.003, 180.65, -13.58);
insert into SHOT values (1011, 1014, 1017, 297, 12.970, 61.05, 15.60, 12.964, 61.07, 15.57, 0.011, 188.87, -47.94);
insert into SHOT values (1012, 1014, 1018, 297, 17.790, 40.45, 6.00, 17.788, 40.46, 6.00, 0.004, 156.62, 6.09);
insert into SHOT values (1013, 1014, 1019, 297, 20.070, 26.25, 3.40, 20.071, 26.25, 3.40, 0.001, 329.64, -10.76);
insert into SHOT values (1014, 1014, 1020, 297, 24.320, 347.25, 1.90, 24.312, 347.26, 1.89, 0.011, 145.69, -36.10);
insert into SHOT values (1015, 1014, 1021, 297, 13.330, 312.65, 2.30, 13.322, 312.66, 2.28, 0.009, 120.26, -33.04);
insert into SHOT values (1016, 1014, 1022, 297, 4.840, 217.35, -1.00, 4.839, 217.27, -1.07, 0.009, 117.25, -40.21);
insert into SHOT values (1017, 1014, 1023, 297, 9.070, 206.75, -3.10, 9.070, 206.71, -3.16, 0.012, 111.39, -54.76);
insert into SHOT values (1018, 1014, 1024, 297, 13.140, 184.15, -2.20, 13.144, 184.15, -2.22, 0.007, 180.77, -53.75);
insert into SHOT values (1019, 1014, 1025, 297, 3.520, 188.35, 63.00, 3.514, 188.28, 62.97, 0.007, 61.37, -69.92);
insert into SHOT values (1020, 1014, 1026, 297, 1.630, 196.75, -40.90, 1.631, 196.52, -41.00, 0.006, 92.56, -28.76);
insert into SHOT values (1021, 1014, 1027, 297, 17.420, 172.45, 2.00, 17.418, 172.41, 1.41, 0.178, 97.41, -86.04);
insert into SHOT values (1022, 1027, 1028, 297, 19.790, 79.05, 0.80, 19.792, 79.05, 0.81, 0.004, 70.38, 56.71);
insert into SHOT values (1023, 1027, 1029, 297, 23.030, 53.25, 5.60, 23.030, 53.23, 5.61, 0.008, 322.84, 19.58);
insert into SHOT values (1024, 1027, 1030, 297, 18.480, 15.95, 6.60, 18.479, 15.94, 6.62, 0.007, 258.05, 53.87);
insert into SHOT values (1025, 1027, 1031, 297, 15.620, 336.65, -0.60, 15.620, 336.65, -0.59, 0.004, 78.73, 75.71);
insert into SHOT values (1026, 1027, 1032, 297, 2.930, 322.75, -6.10, 2.928, 322.82, -6.08, 0.004, 74.80, 20.38);
insert into SHOT values (1027, 1027, 1033, 297, 3.640, 162.95, -10.40, 3.636, 162.93, -10.30, 0.008, 3.91, 68.22);
insert into SHOT values (1028, 1027, 1034, 297, 16.010, 76.55, 20.20, 16.009, 76.53, 20.21, 0.006, 327.47, 17.08);
insert into SHOT values (1029, 1027, 1035, 297, 6.850, 82.95, -16.20, 6.852, 82.93, -16.19, 0.003, 34.69, 19.63);
insert into SHOT values (1030, 1027, 1036, 297, 19.140, 134.85, 0.10, 19.135, 134.70, -0.51, 0.209, 38.42, -76.50);
insert into SHOT values (1031, 1036, 1037, 297, 10.840, 174.65, 0.40, 10.837, 174.65, 0.42, 0.005, 339.91, 58.44);
insert into SHOT values (1032, 1036, 1038, 297, 7.090, 217.55, 5.00, 7.094, 217.58, 5.01, 0.006, 267.98, 20.47);
insert into SHOT values (1033, 1036, 1039, 297, 5.450, 291.65, -1.40, 5.455, 291.63, -1.37, 0.007, 270.04, 27.97);
insert into SHOT values (1034, 1036, 1040, 297, 14.780, 16.75, 10.80, 14.777, 16.74, 10.80, 0.004, 238.83, 6.46);
insert into SHOT values (1035, 1036, 1041, 297, 13.570, 111.15, 9.10, 13.566, 111.18, 9.12, 0.010, 229.81, 23.33);
insert into SHOT values (1036, 1036, 1042, 297, 18.430, 131.75, 3.00, 18.433, 131.76, 3.02, 0.007, 194.25, 47.14);
insert into SHOT values (1037, 1036, 1043, 297, 28.690, 151.35, 0.60, 28.691, 151.36, 0.60, 0.007, 231.34, -3.60);
insert into SHOT values (1038, 1036, 1044, 297, 25.080, 163.25, -2.10, 25.075, 163.17, -2.90, 0.353, 41.72, -83.55);
insert into SHOT values (1039, 1044, 1045, 297, 6.170, 316.25, 3.00, 6.169, 316.25, 3.07, 0.007, 131.95, 80.53);
insert into SHOT values (1040, 1044, 1046, 297, 4.750, 236.25, 10.00, 4.752, 236.24, 10.06, 0.005, 208.58, 76.94);
insert into SHOT values (1041, 1044, 1047, 297, 5.000, 233.65, 8.50, 5.011, 233.62, 8.49, 0.012, 219.15, 4.75);
insert into SHOT values (1042, 1044, 1048, 297, 6.740, 187.15, 5.40, 6.743, 187.19, 5.45, 0.008, 247.25, 46.78);
insert into SHOT values (1043, 1044, 1049, 297, 14.900, 157.85, 3.40, 14.905, 157.85, 3.42, 0.008, 155.68, 55.11);
insert into SHOT values (1044, 1044, 1050, 297, 7.500, 110.65, 9.50, 7.499, 110.66, 9.52, 0.003, 232.78, 41.26);
insert into SHOT values (1045, 1044, 1051, 297, 7.970, 76.25, 16.70, 7.964, 76.27, 16.71, 0.007, 227.55, -2.21);
insert into SHOT values (1046, 1044, 1052, 297, 11.370, 36.95, 17.10, 11.367, 36.95, 17.14, 0.009, 205.99, 51.11);
insert into SHOT values (1047, 1044, 1053, 297, 4.920, 88.35, 40.00, 4.919, 88.48, 40.12, 0.014, 220.61, 33.45);
insert into SHOT values (1048, 1044, 1054, 297, 2.150, 88.75, -20.60, 2.146, 88.86, -20.46, 0.008, 207.44, 55.47);
insert into SHOT values (1049, 1044, 1055, 297, 18.910, 139.75, 0.10, 18.907, 139.66, -0.48, 0.195, 43.78, -80.85);
insert into SHOT values (1050, 1055, 1056, 297, 11.860, 57.75, 8.10, 11.862, 57.73, 8.09, 0.004, 358.15, -14.31);
insert into SHOT values (1051, 1055, 1057, 297, 8.350, 9.25, 25.70, 8.353, 9.25, 25.68, 0.004, 10.76, -15.15);
insert into SHOT values (1052, 1055, 1058, 297, 12.960, 342.45, 17.80, 12.964, 342.46, 17.79, 0.005, 12.79, -20.06);
insert into SHOT values (1053, 1055, 1059, 297, 14.560, 286.55, 9.50, 14.554, 286.55, 9.49, 0.006, 92.96, -29.43);
insert into SHOT values (1054, 1055, 1060, 297, 6.980, 267.95, 17.30, 6.978, 267.94, 17.26, 0.006, 181.54, -75.44);
insert into SHOT values (1055, 1055, 1061, 297, 5.800, 204.75, 25.50, 5.793, 204.75, 25.46, 0.008, 20.80, -57.36);
insert into SHOT values (1056, 1055, 1062, 297, 12.310, 161.75, 16.00, 12.312, 161.73, 15.98, 0.006, 118.02, -33.94);
insert into SHOT values (1057, 1055, 1063, 297, 4.870, 251.55, 71.90, 4.870, 251.44, 71.95, 0.005, 102.36, 10.49);
insert into SHOT values (1058, 1055, 1064, 297, 1.100, 311.45, -32.30, 1.099, 311.94, -32.46, 0.009, 56.81, -14.98);
insert into SHOT values (1059, 1055, 1065, 297, 21.070, 121.55, 11.20, 21.064, 121.37, 10.56, 0.244, 62.55, -72.21);
insert into SHOT values (1060, 1065, 1066, 297, 11.150, 69.65, 38.10, 11.152, 69.67, 38.09, 0.004, 113.58, 0.78);
insert into SHOT values (1061, 1065, 1067, 297, 9.310, 0.75, 20.40, 9.303, 0.72, 20.38, 0.008, 217.08, -37.82);
insert into SHOT values (1062, 1065, 1068, 297, 21.170, 292.05, 11.30, 21.168, 292.04, 11.31, 0.004, 156.50, 28.39);
insert into SHOT values (1063, 1065, 1069, 297, 13.400, 244.75, 35.20, 13.395, 244.75, 35.19, 0.006, 73.55, -49.34);
insert into SHOT values (1064, 1065, 1070, 297, 18.240, 204.45, 5.40, 18.236, 204.43, 5.38, 0.009, 82.46, -48.79);
insert into SHOT values (1065, 1065, 1071, 297, 10.470, 186.65, 25.80, 10.464, 186.64, 25.77, 0.008, 25.71, -64.59);
insert into SHOT values (1066, 1065, 1072, 297, 2.050, 224.05, -36.20, 2.050, 224.02, -36.17, 0.001, 170.60, 36.23);
insert into SHOT values (1067, 1065, 1073, 297, 14.840, 184.85, -2.80, 14.837, 184.84, -3.28, 0.125, 17.34, -85.58);
insert into SHOT values (1068, 1073, 1074, 297, 11.400, 137.35, -6.70, 11.401, 137.36, -6.70, 0.003, 203.07, 0.92);
insert into SHOT values (1069, 1073, 1075, 297, 8.730, 70.15, -1.10, 8.732, 70.11, -1.12, 0.006, 2.55, -21.74);
insert into SHOT values (1070, 1073, 1076, 297, 14.190, 190.15, -14.20, 14.192, 190.17, -14.24, 0.011, 281.13, -55.89);
insert into SHOT values (1071, 1073, 1077, 297, 11.900, 249.85, -7.50, 11.903, 249.88, -7.53, 0.009, 318.03, -48.34);
insert into SHOT values (1072, 1073, 1078, 297, 17.190, 299.85, -0.40, 17.193, 299.86, -0.40, 0.005, 350.44, 0.10);
insert into SHOT values (1073, 1073, 1079, 297, 20.730, 320.25, -0.00, 20.734, 320.24, 0.00, 0.005, 297.98, 0.00);
insert into SHOT values (1074, 1073, 1080, 297, 14.110, 219.15, 59.00, 14.104, 219.19, 59.00, 0.008, 341.26, -37.25);
insert into SHOT values (1075, 1073, 1081, 297, 16.800, 222.05, -35.00, 16.804, 222.06, -35.01, 0.005, 253.09, -52.48);
insert into SHOT values (1076, 1073, 1082, 297, 4.440, 244.65, -52.20, 4.440, 244.75, -52.23, 0.005, 351.71, -18.14);
insert into SHOT values (1077, 1073, 1083, 297, 17.190, 216.25, -31.00, 17.199, 216.31, -31.55, 0.167, 24.05, -61.41);
insert into SHOT values (1078, 1083, 1084, 297, 4.370, 132.65, 1.50, 4.368, 132.68, 1.44, 0.005, 264.03, -54.46);
insert into SHOT values (1079, 1083, 1085, 297, 15.310, 85.15, 25.90, 15.309, 85.13, 25.91, 0.007, 331.42, 22.97);
insert into SHOT values (1080, 1083, 1086, 297, 9.180, 1.25, 24.30, 9.186, 1.23, 24.30, 0.006, 336.13, 21.61);
insert into SHOT values (1081, 1083, 1087, 297, 9.570, 318.25, 8.40, 9.579, 318.25, 8.40, 0.009, 320.51, 12.43);
insert into SHOT values (1082, 1083, 1088, 297, 12.790, 281.95, 7.10, 12.793, 281.96, 7.09, 0.004, 306.69, -12.69);
insert into SHOT values (1083, 1083, 1089, 297, 0.360, 254.35, -2.10, 0.362, 255.58, -1.59, 0.009, 333.09, 21.97);
insert into SHOT values (1084, 1083, 1090, 297, 10.190, 229.55, 6.00, 10.192, 229.60, 5.97, 0.011, 301.32, -27.89);
insert into SHOT values (1085, 1083, 1091, 297, 6.100, 266.35, 40.10, 6.103, 266.44, 40.09, 0.008, 334.21, 6.09);
insert into SHOT values (1086, 1083, 1092, 297, 4.810, 279.05, -18.90, 4.817, 279.09, -18.90, 0.008, 305.72, -14.92);
insert into SHOT values (1087, 1083, 1093, 297, 28.400, 163.55, 1.70, 28.397, 163.47, 0.81, 0.444, 82.51, -84.70);
insert into SHOT values (1088, 1093, 1094, 297, 8.440, 130.95, 10.00, 8.438, 130.90, 10.03, 0.009, 16.21, 29.74);
insert into SHOT values (1089, 1093, 1095, 297, 5.000, 72.85, 17.70, 5.000, 72.78, 17.70, 0.006, 344.45, -1.71);
insert into SHOT values (1090, 1093, 1096, 297, 6.670, 24.45, 6.70, 6.678, 24.40, 6.71, 0.010, 349.75, 10.53);
insert into SHOT values (1091, 1093, 1097, 297, 11.930, 6.85, 5.60, 11.932, 6.82, 5.63, 0.008, 285.81, 43.76);
insert into SHOT values (1092, 1093, 1098, 297, 10.460, 325.95, 1.20, 10.467, 325.95, 1.20, 0.007, 320.90, 7.72);
insert into SHOT values (1093, 1093, 1099, 297, 3.720, 280.15, 5.00, 3.724, 280.25, 5.08, 0.009, 343.02, 38.27);
insert into SHOT values (1094, 1093, 1100, 297, 6.890, 202.05, -0.80, 6.886, 202.09, -0.83, 0.008, 325.44, -29.77);
insert into SHOT values (1095, 1093, 1101, 297, 10.530, 181.65, 0.60, 10.525, 181.69, 0.60, 0.009, 305.76, -1.77);
insert into SHOT values (1096, 1093, 1102, 297, 2.470, 192.65, 29.20, 2.469, 192.62, 29.35, 0.007, 29.40, 48.90);
insert into SHOT values (1097, 1093, 1103, 297, 3.370, 203.95, -20.90, 3.364, 204.04, -20.90, 0.008, 344.15, 16.37);
insert into SHOT values (1098, 1093, 1104, 297, 19.810, 172.35, -2.40, 19.805, 172.33, -3.04, 0.221, 16.23, -85.57);
insert into SHOT values (1099, 1104, 1105, 297, 4.560, 161.95, 15.30, 4.560, 161.85, 15.26, 0.008, 75.04, -23.96);
insert into SHOT values (1100, 1104, 1106, 297, 6.950, 121.75, 12.50, 6.949, 121.75, 12.47, 0.004, 10.23, -84.83);
insert into SHOT values (1101, 1104, 1107, 297, 11.590, 75.95, 25.80, 11.596, 75.92, 25.76, 0.011, 48.82, -23.43);
insert into SHOT values (1102, 1104, 1108, 297, 8.390, 41.85, 15.70, 8.393, 41.84, 15.69, 0.004, 20.95, -5.31);
insert into SHOT values (1103, 1104, 1109, 297, 12.510, 16.15, 10.50, 12.514, 16.14, 10.50, 0.005, 346.22, 2.69);
insert into SHOT values (1104, 1104, 1110, 297, 7.500, 338.65, 8.20, 7.505, 338.69, 8.20, 0.007, 23.70, 2.41);
insert into SHOT values (1105, 1104, 1111, 297, 1.940, 66.85, 69.60, 1.942, 66.47, 69.62, 0.005, 336.78, 20.40);
insert into SHOT values (1106, 1104, 1112, 297, 2.430, 106.05, -5.30, 2.432, 105.82, -5.19, 0.011, 27.74, 23.88);
insert into SHOT values (1107, 1104, 669, 297, 32.940, 106.95, 22.10, 32.932, 106.67, 21.16, 0.558, 68.91, -64.30);
insert into SURVEY values (300, 291, 'Philippe-01-tot', 'Philippe-01-tot.Gap-Gotan.Koytendag', 'Philippe-01-tot');
 insert into CENTRELINE values (301, 300, NULL, NULL, NULL, 0.00, 0.00, 0.00);
 insert into SURVEY values (302, 300, 'Cup_Coutun_01', 'Cup_Coutun_01.Philippe-01-tot.Gap-Gotan.Koytendag', 'Gap-Gotan ; entree naturelle');
 insert into CENTRELINE values (303, 302, NULL, NULL, NULL, 0.00, 0.00, 0.00);
 insert into CENTRELINE values (304, 302, NULL, '2024-04-18', NULL, 395.68, 0.00, 0.00);
 insert into TOPO values (4, 304);
 insert into PERSON values (8, 'Lionnel', 'Barriquand');
insert into TOPO values (8, 304);
 insert into SHOT values (1108, 1113, 1114, 304, 20.530, 162.05, -1.40, 20.540, 162.02, -1.51, 0.041, 109.98, -68.23);
insert into SHOT values (1109, 1114, 1115, 304, 21.340, 190.55, -9.60, 21.339, 190.55, -9.69, 0.032, 20.53, -79.24);
insert into SHOT values (1110, 1114, 1116, 304, 21.340, 189.85, -9.90, 21.339, 189.86, -9.90, 0.005, 300.14, -12.11);
insert into SHOT values (1111, 1115, 1117, 304, 13.730, 219.35, -9.10, 13.726, 219.34, -9.18, 0.020, 56.93, -69.47);
insert into SHOT values (1112, 1117, 1118, 304, 35.800, 164.65, -12.30, 35.794, 164.62, -12.46, 0.099, 18.39, -71.17);
insert into SHOT values (1113, 1118, 1119, 304, 12.360, 189.25, 5.00, 12.365, 189.20, 4.96, 0.014, 128.39, -32.34);
insert into SHOT values (1114, 1119, 1120, 304, 16.660, 179.15, 0.40, 16.652, 179.14, 0.31, 0.028, 17.99, -72.78);
insert into SHOT values (1115, 1119, 1121, 304, 16.660, 179.05, 0.40, 16.653, 179.07, 0.38, 0.012, 318.07, -32.74);
insert into SHOT values (1116, 1120, 1122, 304, 23.550, 198.15, -8.60, 23.558, 198.14, -8.69, 0.039, 136.71, -83.45);
insert into SHOT values (1117, 1122, 1123, 304, 16.400, 190.65, -14.30, 16.396, 190.63, -14.37, 0.022, 39.09, -61.28);
insert into SHOT values (1118, 1123, 1124, 304, 28.690, 199.35, -0.00, 28.689, 199.34, -0.12, 0.060, 94.57, -84.72);
insert into SHOT values (1119, 1124, 1125, 304, 22.060, 194.95, 7.90, 22.061, 194.93, 7.79, 0.043, 143.70, -75.34);
insert into SHOT values (1120, 1125, 1126, 304, 37.720, 180.25, 3.20, 37.713, 180.21, 3.04, 0.108, 87.98, -77.42);
insert into SHOT values (1121, 1126, 1127, 304, 8.750, 171.25, 3.10, 8.754, 171.25, 3.08, 0.006, 171.30, -34.90);
insert into SHOT values (1122, 1127, 1128, 304, 37.660, 171.05, 20.90, 37.658, 171.01, 20.76, 0.092, 135.46, -66.45);
insert into SHOT values (1123, 1128, 1129, 304, 24.910, 191.55, 12.30, 24.914, 191.54, 12.19, 0.049, 169.93, -72.42);
insert into SHOT values (1124, 1129, 1130, 304, 36.290, 190.05, 15.70, 36.282, 190.02, 15.56, 0.094, 141.30, -74.23);
insert into SHOT values (1125, 1129, 1131, 304, 36.260, 190.15, 15.70, 36.258, 190.15, 15.70, 0.002, 39.63, -56.05);
insert into SHOT values (1126, 1130, 1132, 304, 16.150, 181.15, 19.30, 16.154, 181.13, 19.23, 0.022, 152.32, -55.90);
insert into SHOT values (1127, 1132, 1133, 304, 17.580, 194.35, 18.60, 17.573, 194.35, 18.55, 0.017, 338.18, -82.89);
insert into SHOT values (1128, 1133, 1134, 304, 5.500, 135.05, 35.00, 5.496, 135.09, 34.97, 0.006, 243.23, -53.93);
insert into SURVEY values (308, 50, 'Geophysicheskaya', 'Geophysicheskaya.Koytendag', 'Gulshirin (Geophysicheskaya)');
 insert into CENTRELINE values (309, 308, NULL, NULL, NULL, 0.00, 0.00, 0.00);
 insert into SURVEY values (310, 308, 'Entree', 'Entree.Geophysicheskaya.Koytendag', 'Entree');
 insert into CENTRELINE values (311, 310, NULL, NULL, NULL, 0.00, 0.00, 0.00);
 insert into SURVEY values (312, 310, 'Geophysicaya_01_entree', 'Geophysicaya_01_entree.Entree.Geophysicheskaya.Koytendag', 'Geophysicalskaya 01 entree');
 insert into CENTRELINE values (313, 312, NULL, NULL, NULL, 0.00, 0.00, 0.00);
 insert into CENTRELINE values (314, 312, NULL, '2024-04-12', NULL, 860.04, 0.00, 0.00);
 insert into TOPO values (5, 314);
 insert into PERSON values (9, 'Jean-Philippe', 'Grandcolas');
insert into TOPO values (9, 314);
 insert into TOPO values (7, 314);
 insert into SHOT values (1129, 1135, 1136, 314, 0.770, 178.15, -42.10, 0.772, 177.99, -42.36, 0.004, 56.35, -63.92);
insert into SHOT values (1130, 1135, 1137, 314, 0.590, 351.95, -42.10, 0.590, 352.06, -42.65, 0.006, 159.09, -50.30);
insert into SHOT values (1131, 1135, 1138, 314, 1.070, 286.55, -83.50, 1.067, 284.04, -83.34, 0.007, 220.84, 27.69);
insert into SHOT values (1132, 1135, 1139, 314, 0.170, 84.15, 54.40, 0.172, 84.29, 54.33, 0.002, 93.31, 48.70);
insert into SHOT values (1133, 1135, 1140, 314, 1.160, 161.75, -59.60, 1.160, 162.18, -59.54, 0.005, 236.62, 6.39);
insert into SHOT values (1134, 1140, 1141, 314, 0.870, 7.45, 3.50, 0.870, 7.94, 3.30, 0.008, 98.04, -22.52);
insert into SHOT values (1135, 1140, 1142, 314, 1.070, 30.15, 2.80, 1.077, 30.14, 2.66, 0.007, 29.07, -18.75);
insert into SHOT values (1136, 1140, 1143, 314, 0.310, 26.05, -43.10, 0.313, 25.46, -42.08, 0.007, 5.20, 15.22);
insert into SHOT values (1137, 1140, 1144, 314, 1.250, 57.75, -14.60, 1.259, 57.75, -14.72, 0.010, 57.34, -30.59);
insert into SHOT values (1138, 1140, 1145, 314, 0.680, 117.35, 0.10, 0.684, 116.94, 0.00, 0.007, 68.31, -10.41);
insert into SHOT values (1139, 1140, 1146, 314, 1.600, 85.45, -1.70, 1.606, 85.35, -1.78, 0.007, 61.85, -21.24);
insert into SHOT values (1140, 1140, 1147, 314, 1.280, 36.85, 0.90, 1.286, 36.78, 0.89, 0.006, 23.07, -0.95);
insert into SHOT values (1141, 1140, 1148, 314, 2.940, 76.15, 5.40, 2.948, 76.20, 5.45, 0.009, 95.25, 22.04);
insert into SHOT values (1142, 1148, 1149, 314, 1.150, 257.95, -12.00, 1.149, 258.19, -12.06, 0.005, 0.90, -10.49);
insert into SHOT values (1143, 1148, 1150, 314, 0.940, 238.75, -35.40, 0.944, 239.42, -35.66, 0.011, 326.57, -31.30);
insert into SHOT values (1144, 1148, 1151, 314, 0.660, 221.75, -45.50, 0.658, 222.36, -45.61, 0.006, 338.97, 7.71);
insert into SHOT values (1145, 1148, 1152, 314, 1.120, 270.65, 3.90, 1.122, 271.02, 3.58, 0.010, 340.10, -38.28);
insert into SHOT values (1146, 1148, 1153, 314, 0.620, 282.35, 24.20, 0.625, 282.09, 23.58, 0.009, 262.95, -28.57);
insert into SHOT values (1147, 1148, 1154, 314, 0.540, 243.45, 50.10, 0.535, 244.18, 49.97, 0.006, 358.22, -41.42);
insert into SHOT values (1148, 1148, 1155, 314, 1.700, 319.55, -1.90, 1.710, 319.51, -2.01, 0.011, 312.92, -19.24);
insert into SHOT values (1149, 1148, 1156, 314, 1.240, 338.85, 0.80, 1.244, 338.80, 0.46, 0.009, 324.58, -58.48);
insert into SHOT values (1150, 1148, 1157, 314, 0.510, 230.75, 60.70, 0.506, 233.13, 60.40, 0.011, 319.65, -24.59);
insert into SHOT values (1151, 1148, 1158, 314, 0.840, 267.25, -49.50, 0.844, 267.92, -49.31, 0.008, 320.56, -8.92);
insert into SHOT values (1152, 1148, 1159, 314, 1.550, 177.45, -80.30, 1.552, 177.80, -80.35, 0.003, 298.92, -49.26);
insert into SHOT values (1153, 1148, 1160, 314, 1.500, 185.25, -57.30, 1.503, 185.71, -57.66, 0.012, 319.83, -40.32);
insert into SHOT values (1154, 1160, 1161, 314, 2.590, 68.35, 15.40, 2.589, 68.37, 15.45, 0.003, 212.14, 54.95);
insert into SHOT values (1155, 1160, 1162, 314, 2.720, 91.65, 4.20, 2.719, 91.69, 4.22, 0.003, 218.45, 17.39);
insert into SHOT values (1156, 1160, 1163, 314, 1.290, 130.45, -6.90, 1.293, 130.26, -6.66, 0.007, 81.23, 42.18);
insert into SHOT values (1157, 1160, 1164, 314, 0.990, 153.75, -9.40, 0.992, 153.96, -9.28, 0.005, 206.55, 20.58);
insert into SHOT values (1158, 1160, 1165, 314, 1.760, 185.35, -6.30, 1.768, 185.22, -6.17, 0.009, 159.68, 19.61);
insert into SHOT values (1159, 1160, 1166, 314, 1.800, 214.15, -0.50, 1.800, 214.13, -0.32, 0.006, 137.51, 84.63);
insert into SHOT values (1160, 1160, 1167, 314, 0.970, 243.55, 1.00, 0.975, 243.17, 1.18, 0.009, 191.90, 20.63);
insert into SHOT values (1161, 1160, 1168, 314, 0.900, 280.45, 16.60, 0.901, 280.01, 16.76, 0.007, 195.77, 23.39);
insert into SHOT values (1162, 1160, 1169, 314, 0.560, 345.65, 68.30, 0.559, 345.96, 68.37, 0.001, 114.23, -12.20);
insert into SHOT values (1163, 1160, 1170, 314, 0.800, 205.55, 73.40, 0.804, 205.46, 73.19, 0.005, 200.68, 39.47);
insert into SHOT values (1164, 1160, 1171, 314, 0.700, 179.15, 25.60, 0.702, 179.09, 26.20, 0.008, 26.85, 79.78);
insert into SHOT values (1165, 1160, 1172, 314, 0.750, 165.25, -44.10, 0.749, 164.93, -44.00, 0.004, 73.58, 33.02);
insert into SHOT values (1166, 1160, 1173, 314, 1.760, 196.15, -14.90, 1.764, 195.99, -14.78, 0.007, 154.22, 20.10);
insert into SHOT values (1167, 1173, 1174, 314, 1.050, 50.75, -4.30, 1.054, 50.40, -4.35, 0.008, 353.90, -9.57);
insert into SHOT values (1168, 1173, 1175, 314, 0.970, 83.15, -5.00, 0.971, 82.87, -4.73, 0.007, 7.16, 43.69);
insert into SHOT values (1169, 1173, 1176, 314, 0.730, 49.05, 42.70, 0.730, 48.81, 43.25, 0.007, 252.58, 42.28);
insert into SHOT values (1170, 1173, 1177, 314, 1.000, 72.35, -61.50, 1.000, 71.57, -61.67, 0.007, 318.53, -9.48);
insert into SHOT values (1171, 1173, 1178, 314, 1.440, 80.75, -48.20, 1.440, 80.44, -48.00, 0.007, 25.23, 29.01);
insert into SHOT values (1172, 1173, 1179, 314, 1.400, 91.75, -40.90, 1.404, 91.62, -40.94, 0.005, 45.21, -46.09);
insert into SHOT values (1173, 1179, 1180, 314, 0.810, 13.15, 0.70, 0.810, 12.84, 0.71, 0.004, 286.97, 1.35);
insert into SHOT values (1174, 1179, 1181, 314, 0.710, 33.65, -2.10, 0.708, 33.47, -1.62, 0.007, 258.36, 61.95);
insert into SHOT values (1175, 1179, 1182, 314, 0.530, 173.85, 23.10, 0.526, 174.05, 23.52, 0.006, 334.47, 21.60);
insert into SHOT values (1176, 1179, 1183, 314, 0.650, 138.35, 31.30, 0.649, 137.94, 31.62, 0.006, 10.00, 24.53);
insert into SHOT values (1177, 1179, 1184, 314, 0.440, 68.25, 64.90, 0.440, 67.62, 65.32, 0.004, 283.89, 24.13);
insert into SHOT values (1178, 1179, 1185, 314, 1.010, 70.95, 5.20, 1.011, 70.84, 5.68, 0.009, 335.89, 77.81);
insert into SHOT values (1179, 1179, 1186, 314, 0.440, 174.25, -6.40, 0.434, 174.69, -5.29, 0.011, 322.91, 54.98);
insert into SHOT values (1180, 1179, 1187, 314, 2.380, 94.15, -41.50, 2.370, 94.20, -41.50, 0.011, 262.29, 41.63);
insert into SHOT values (1181, 1187, 1188, 314, 1.440, 21.25, 35.40, 1.444, 21.35, 35.10, 0.009, 37.51, -28.80);
insert into SHOT values (1182, 1187, 1189, 314, 2.170, 43.85, 29.20, 2.178, 43.94, 29.13, 0.009, 63.26, 8.79);
insert into SHOT values (1183, 1187, 1190, 314, 1.520, 164.35, 9.70, 1.518, 164.11, 9.48, 0.009, 64.86, -43.72);
insert into SHOT values (1184, 1187, 1191, 314, 1.900, 223.25, 16.60, 1.890, 223.21, 16.60, 0.010, 50.28, -15.97);
insert into SHOT values (1185, 1187, 1192, 314, 0.350, 207.05, -51.10, 0.345, 207.76, -51.51, 0.006, 359.46, 22.54);
insert into SHOT values (1186, 1187, 1193, 314, 0.920, 213.85, 56.80, 0.921, 213.69, 56.75, 0.002, 160.00, 5.86);
insert into SHOT values (1187, 1187, 1194, 314, 1.740, 121.05, 30.90, 1.739, 121.03, 30.79, 0.004, 87.18, -76.30);
insert into SHOT values (1188, 1187, 1195, 314, 3.320, 106.25, 3.80, 3.320, 106.30, 3.80, 0.003, 187.11, -0.54);
insert into SHOT values (1189, 1187, 1196, 314, 7.070, 97.95, -15.00, 7.076, 97.90, -14.99, 0.008, 56.54, -1.10);
insert into SHOT values (1190, 1196, 1197, 314, 6.160, 340.35, 28.80, 6.160, 340.29, 28.83, 0.006, 231.78, 22.22);
insert into SHOT values (1191, 1196, 1198, 314, 7.140, 7.45, 22.10, 7.138, 7.47, 22.05, 0.007, 80.71, -68.25);
insert into SHOT values (1192, 1196, 1199, 314, 8.140, 43.55, 7.90, 8.134, 43.54, 7.91, 0.006, 232.05, 10.86);
insert into SHOT values (1193, 1196, 1200, 314, 9.310, 103.35, -2.50, 9.311, 103.36, -2.52, 0.005, 177.28, -55.51);
insert into SHOT values (1194, 1196, 1201, 314, 13.250, 127.65, -3.40, 13.249, 127.66, -3.42, 0.005, 248.58, -56.50);
insert into SHOT values (1195, 1196, 1202, 314, 1.630, 140.05, 62.70, 1.634, 140.39, 62.56, 0.007, 180.55, 12.69);
insert into SHOT values (1196, 1196, 1203, 314, 0.890, 126.25, -58.00, 0.895, 126.38, -58.16, 0.005, 197.20, -77.22);
insert into SHOT values (1197, 1196, 1204, 314, 10.930, 246.75, 4.60, 10.929, 246.75, 4.57, 0.007, 354.04, -81.43);
insert into SHOT values (1198, 1196, 1205, 314, 11.740, 225.95, -1.80, 11.745, 225.97, -1.81, 0.007, 260.48, -10.63);
insert into SHOT values (1199, 1196, 1206, 314, 2.040, 207.85, 42.70, 2.040, 207.76, 42.56, 0.006, 175.69, -37.98);
insert into SHOT values (1200, 1196, 1207, 314, 4.650, 177.45, 18.70, 4.649, 177.53, 18.69, 0.006, 271.50, -7.92);
insert into SHOT values (1201, 1196, 1208, 314, 12.100, 171.35, 1.70, 12.103, 171.35, 1.70, 0.003, 168.80, 19.01);
insert into SHOT values (1202, 1196, 1209, 314, 7.110, 166.55, -24.20, 7.115, 166.54, -24.23, 0.006, 153.63, -60.66);
insert into SHOT values (1203, 1196, 1210, 314, 8.550, 35.45, 8.00, 8.544, 35.47, 8.01, 0.007, 183.44, 0.54);
insert into SHOT values (1204, 1196, 1211, 314, 9.730, 177.15, -20.00, 9.729, 177.18, -20.02, 0.006, 290.98, -22.15);
insert into SHOT values (1205, 1211, 1212, 314, 10.710, 98.05, 8.00, 10.709, 98.08, 8.00, 0.005, 194.32, -5.85);
insert into SHOT values (1206, 1211, 1213, 314, 15.710, 261.35, -5.70, 15.707, 261.32, -5.70, 0.010, 152.20, 1.89);
insert into SHOT values (1207, 1211, 1214, 314, 15.410, 246.25, -11.60, 15.404, 246.24, -11.61, 0.007, 89.80, -11.79);
insert into SHOT values (1208, 1211, 1215, 314, 16.440, 215.25, -19.00, 16.443, 215.23, -18.99, 0.006, 170.70, 22.56);
insert into SHOT values (1209, 1211, 1216, 314, 1.280, 165.55, -40.30, 1.286, 165.26, -40.20, 0.008, 126.28, -14.95);
insert into SHOT values (1210, 1211, 1217, 314, 5.370, 168.65, -26.30, 5.371, 168.62, -26.30, 0.003, 91.14, -16.34);
insert into SHOT values (1211, 1211, 1218, 314, 4.720, 175.15, 4.00, 4.729, 175.14, 4.00, 0.009, 168.18, 5.01);
insert into SHOT values (1212, 1211, 1219, 314, 11.770, 171.05, -4.80, 11.774, 171.03, -4.77, 0.008, 129.94, 37.14);
insert into SHOT values (1213, 1211, 1220, 314, 12.210, 156.95, -17.30, 12.215, 156.93, -17.29, 0.006, 121.42, 8.70);
insert into SHOT values (1214, 1220, 1221, 314, 10.350, 50.45, 19.00, 10.345, 50.43, 19.01, 0.006, 254.21, 3.66);
insert into SHOT values (1215, 1220, 1222, 314, 12.190, 74.05, 12.00, 12.186, 74.03, 11.98, 0.007, 304.09, -39.44);
insert into SHOT values (1216, 1220, 1223, 314, 15.370, 94.05, 8.00, 15.368, 94.07, 8.00, 0.006, 203.86, 8.55);
insert into SHOT values (1217, 1220, 1224, 314, 16.740, 180.25, -15.40, 16.742, 180.25, -15.41, 0.005, 185.63, -75.35);
insert into SHOT values (1218, 1220, 1225, 314, 19.620, 155.25, -12.40, 19.616, 155.25, -12.39, 0.005, 301.16, 40.93);
insert into SHOT values (1219, 1220, 1226, 314, 13.940, 249.45, -9.90, 13.942, 249.45, -9.91, 0.004, 298.16, -61.52);
insert into SHOT values (1220, 1220, 1227, 314, 3.130, 149.55, -33.10, 3.131, 149.52, -33.11, 0.001, 71.93, -31.18);
insert into SHOT values (1221, 1220, 1228, 314, 3.510, 158.75, 71.20, 3.509, 158.85, 71.10, 0.006, 180.08, -25.39);
insert into SHOT values (1222, 1220, 1229, 314, 3.970, 134.05, 42.10, 3.966, 134.17, 42.12, 0.008, 254.43, -12.04);
insert into SHOT values (1223, 1220, 1230, 314, 13.500, 134.25, 13.80, 13.500, 134.26, 13.80, 0.002, 211.17, -4.79);
insert into SHOT values (1224, 1220, 1231, 314, 12.270, 152.45, -10.70, 12.268, 152.48, -10.71, 0.007, 264.48, -15.25);
insert into SHOT values (1225, 1231, 1232, 314, 7.080, 168.55, -17.00, 7.085, 168.51, -16.99, 0.007, 125.98, -0.07);
insert into SHOT values (1226, 1231, 1233, 314, 9.800, 136.75, -7.60, 9.807, 136.75, -7.62, 0.007, 141.02, -31.72);
insert into SHOT values (1227, 1231, 1234, 314, 3.620, 107.15, 40.20, 3.629, 107.19, 40.15, 0.010, 120.94, 20.33);
insert into SHOT values (1228, 1231, 1235, 314, 10.670, 108.85, 20.20, 10.676, 108.87, 20.22, 0.008, 146.95, 43.74);
insert into SHOT values (1229, 1231, 1236, 314, 2.070, 136.95, -41.80, 2.075, 136.83, -41.69, 0.007, 109.91, -2.28);
insert into SHOT values (1230, 1231, 1237, 314, 6.760, 115.95, -20.50, 6.766, 115.92, -20.50, 0.007, 84.94, -21.99);
insert into SHOT values (1231, 1231, 1238, 314, 12.240, 120.55, -8.30, 12.242, 120.57, -8.31, 0.005, 190.00, -36.89);
insert into SHOT values (1232, 1238, 1239, 314, 8.540, 43.95, 5.20, 8.551, 43.95, 5.23, 0.012, 48.22, 30.55);
insert into SHOT values (1233, 1238, 1240, 314, 1.680, 164.65, -1.00, 1.682, 164.48, -1.02, 0.005, 92.08, -7.32);
insert into SHOT values (1234, 1238, 1241, 314, 4.090, 141.55, -19.60, 4.086, 141.43, -19.59, 0.009, 28.19, 13.36);
insert into SHOT values (1235, 1238, 1242, 314, 4.710, 94.75, 30.30, 4.718, 94.65, 30.30, 0.011, 48.07, 20.37);
insert into SHOT values (1236, 1238, 1243, 314, 6.410, 121.05, -33.40, 6.409, 121.02, -33.31, 0.010, 89.88, 58.34);
insert into SHOT values (1237, 1238, 1244, 314, 2.420, 83.65, -31.40, 2.426, 83.63, -31.29, 0.007, 78.25, 6.64);
insert into SHOT values (1238, 1238, 1245, 314, 6.780, 120.25, -18.50, 6.785, 120.23, -18.47, 0.006, 100.86, 12.77);
insert into SHOT values (1239, 1245, 1246, 314, 3.870, 40.95, 9.80, 3.870, 40.96, 9.82, 0.002, 117.70, 58.17);
insert into SHOT values (1240, 1245, 1247, 314, 1.370, 330.65, -82.30, 1.372, 330.64, -82.31, 0.002, 278.43, -89.42);
insert into SHOT values (1241, 1245, 1248, 314, 3.240, 94.75, -60.60, 3.235, 94.70, -60.66, 0.006, 288.09, 27.13);
insert into SHOT values (1242, 1245, 1249, 314, 4.880, 95.75, -28.40, 4.879, 95.75, -28.40, 0.002, 266.55, 43.49);
insert into SHOT values (1243, 1249, 1250, 314, 1.900, 235.25, 13.30, 1.899, 235.36, 13.40, 0.005, 349.00, 35.51);
insert into SHOT values (1244, 1249, 1251, 314, 1.160, 212.25, 9.90, 1.155, 212.43, 9.97, 0.006, 357.72, 4.97);
insert into SHOT values (1245, 1249, 1252, 314, 1.710, 144.15, -8.00, 1.707, 144.15, -8.08, 0.004, 324.70, -33.08);
insert into SHOT values (1246, 1249, 1253, 314, 0.960, 70.35, -6.70, 0.962, 70.43, -6.57, 0.003, 107.21, 42.47);
insert into SHOT values (1247, 1249, 1254, 314, 1.000, 180.55, 71.30, 1.002, 180.00, 71.38, 0.004, 78.96, 41.76);
insert into SHOT values (1248, 1249, 1255, 314, 1.330, 7.35, 42.90, 1.335, 7.05, 42.95, 0.008, 308.91, 38.09);
insert into SHOT values (1249, 1249, 1256, 314, 1.880, 321.45, -2.00, 1.880, 321.48, -1.83, 0.006, 55.38, 78.42);
insert into SHOT values (1250, 1249, 1257, 314, 3.960, 342.85, -12.00, 3.967, 342.92, -11.93, 0.010, 14.69, 20.10);
insert into SHOT values (1251, 1249, 1258, 314, 4.250, 15.65, -26.40, 4.255, 15.68, -26.37, 0.005, 36.59, -3.20);
insert into SHOT values (1252, 1258, 1259, 314, 1.960, 171.75, -35.40, 1.956, 171.72, -35.29, 0.006, 32.12, 76.34);
insert into SHOT values (1253, 1258, 1260, 314, 1.560, 226.95, -35.00, 1.560, 227.21, -34.79, 0.008, 290.78, 35.74);
insert into SHOT values (1254, 1258, 1261, 314, 1.720, 236.45, -62.60, 1.723, 236.31, -62.60, 0.004, 187.66, -49.31);
insert into SHOT values (1255, 1258, 1262, 314, 2.420, 335.55, 1.00, 2.417, 335.56, 0.95, 0.004, 149.22, -36.31);
insert into SHOT values (1256, 1258, 1263, 314, 1.980, 114.15, -85.50, 1.976, 113.20, -85.58, 0.006, 333.72, 44.52);
insert into SHOT values (1257, 1263, 1264, 314, 2.240, 60.75, -56.70, 2.236, 60.72, -56.73, 0.004, 252.39, 35.19);
insert into SHOT values (1258, 1263, 1265, 314, 1.390, 86.45, 22.80, 1.392, 86.42, 22.83, 0.002, 60.18, 47.61);
insert into SHOT values (1259, 1263, 1266, 314, 1.110, 87.85, 57.50, 1.102, 88.06, 57.59, 0.009, 248.19, -43.73);
insert into SHOT values (1260, 1263, 1267, 314, 9.210, 111.25, -24.30, 9.210, 111.31, -24.30, 0.009, 203.15, 0.31);
insert into SHOT values (1261, 1267, 1268, 314, 5.240, 207.35, 0.50, 5.238, 207.40, 0.44, 0.008, 325.48, -48.61);
insert into SHOT values (1262, 1267, 1269, 314, 10.150, 148.45, 2.40, 10.150, 148.43, 2.37, 0.006, 61.20, -51.91);
insert into SHOT values (1263, 1267, 1270, 314, 3.500, 287.95, 51.80, 3.501, 288.02, 51.77, 0.003, 343.40, -9.00);
insert into SHOT values (1264, 1267, 1271, 314, 2.970, 153.05, 71.60, 2.971, 152.61, 71.66, 0.008, 42.02, 13.58);
insert into SHOT values (1265, 1267, 1272, 314, 4.220, 81.15, 41.00, 4.223, 81.16, 40.99, 0.003, 91.72, 25.06);
insert into SHOT values (1266, 1267, 1273, 314, 5.820, 82.35, 12.20, 5.822, 82.33, 12.20, 0.003, 39.47, 1.56);
insert into SHOT values (1267, 1267, 1274, 314, 11.160, 31.95, 0.70, 11.164, 31.97, 0.67, 0.008, 77.48, -50.42);
insert into SHOT values (1268, 1267, 1275, 314, 6.690, 15.15, 11.30, 6.699, 15.18, 11.28, 0.010, 36.71, -5.28);
insert into SHOT values (1269, 1267, 1276, 314, 19.900, 47.55, -3.30, 19.901, 47.55, -3.31, 0.005, 74.45, -73.85);
insert into SHOT values (1270, 1267, 1277, 314, 5.720, 82.85, -23.90, 5.723, 82.75, -23.91, 0.009, 7.38, -16.06);
insert into SHOT values (1271, 1267, 1278, 314, 9.740, 76.35, -23.90, 9.749, 76.31, -23.90, 0.011, 39.26, -20.18);
insert into SHOT values (1272, 1267, 1279, 314, 8.450, 82.15, -21.00, 8.456, 82.14, -21.00, 0.006, 66.23, -17.47);
insert into SHOT values (1273, 1279, 1280, 314, 10.520, 16.65, 10.70, 10.525, 16.63, 10.68, 0.007, 346.44, -26.67);
insert into SHOT values (1274, 1279, 1281, 314, 14.540, 48.25, 7.90, 14.537, 48.24, 7.91, 0.005, 264.94, 19.39);
insert into SHOT values (1275, 1279, 1282, 314, 10.860, 169.15, 15.00, 10.857, 169.17, 15.00, 0.006, 295.50, -8.03);
insert into SHOT values (1276, 1279, 1283, 314, 19.170, 150.25, 9.30, 19.163, 150.26, 9.31, 0.009, 298.28, 12.77);
insert into SHOT values (1277, 1279, 1284, 314, 4.550, 93.85, -27.30, 4.548, 93.83, -27.36, 0.005, 288.20, -36.12);
insert into SHOT values (1278, 1279, 1285, 314, 8.610, 93.95, -19.40, 8.608, 93.95, -19.40, 0.002, 245.94, -2.58);
insert into SHOT values (1279, 1279, 1286, 314, 4.400, 121.65, 64.50, 4.397, 121.59, 64.54, 0.005, 326.92, -16.41);
insert into SHOT values (1280, 1279, 1287, 314, 11.460, 103.55, 30.40, 11.460, 103.52, 30.41, 0.006, 6.60, 8.70);
insert into SHOT values (1281, 1279, 1288, 314, 19.590, 106.85, -1.20, 19.583, 106.83, -1.20, 0.008, 322.87, 1.81);
insert into SHOT values (1282, 1288, 1289, 314, 14.690, 221.05, 8.80, 14.690, 221.03, 8.81, 0.005, 119.28, 35.29);
insert into SHOT values (1283, 1288, 1290, 314, 10.740, 24.35, -12.80, 10.740, 24.36, -12.80, 0.003, 126.58, -11.97);
insert into SHOT values (1284, 1288, 1291, 314, 15.310, 5.25, -19.20, 15.304, 5.24, -19.23, 0.010, 197.71, -31.70);
insert into SHOT values (1285, 1288, 1292, 314, 15.060, 21.25, -27.20, 15.057, 21.28, -27.19, 0.008, 125.36, 29.13);
insert into SHOT values (1286, 1288, 1293, 314, 6.510, 21.65, -41.70, 6.503, 21.65, -41.74, 0.008, 201.75, 4.43);
insert into SHOT values (1287, 1288, 1294, 314, 12.680, 65.65, -17.00, 12.683, 65.65, -17.01, 0.004, 90.20, -43.24);
insert into SHOT values (1288, 1288, 1295, 314, 14.740, 85.85, -5.30, 14.741, 85.86, -5.29, 0.003, 149.70, 26.87);
insert into SHOT values (1289, 1288, 1296, 314, 6.130, 61.75, 71.40, 6.129, 61.86, 71.44, 0.006, 202.73, 1.73);
insert into SHOT values (1290, 1288, 1297, 314, 27.160, 166.85, 16.80, 27.162, 166.84, 16.80, 0.004, 106.88, -1.44);
insert into SHOT values (1291, 1288, 1298, 314, 9.640, 126.75, -5.50, 9.646, 126.79, -5.47, 0.010, 171.86, 23.59);
insert into SHOT values (1292, 1288, 1299, 314, 18.680, 126.35, 1.90, 18.685, 126.35, 1.90, 0.005, 148.76, 6.94);
insert into SHOT values (1293, 1288, 1300, 314, 11.540, 140.15, 6.10, 11.539, 140.16, 6.12, 0.005, 254.03, 49.72);
insert into SHOT values (1294, 1288, 1301, 314, 21.340, 137.55, 7.90, 21.344, 137.55, 7.89, 0.006, 143.73, -32.78);
insert into SHOT values (1295, 1301, 1302, 314, 11.720, 66.35, -2.30, 11.724, 66.35, -2.30, 0.004, 57.84, 5.32);
insert into SHOT values (1296, 1301, 1303, 314, 24.250, 89.55, -1.40, 24.248, 89.55, -1.39, 0.003, 238.98, 46.64);
insert into SHOT values (1297, 1301, 1304, 314, 8.410, 151.55, 64.60, 8.412, 151.52, 64.61, 0.004, 40.20, 53.96);
insert into SHOT values (1298, 1301, 1305, 314, 15.970, 136.15, 40.00, 15.969, 136.16, 40.03, 0.008, 291.35, 38.47);
insert into SHOT values (1299, 1301, 1306, 314, 12.640, 238.15, 15.90, 12.648, 238.14, 15.92, 0.010, 221.22, 48.56);
insert into SHOT values (1300, 1301, 1307, 314, 14.120, 206.65, 21.20, 14.127, 206.66, 21.21, 0.008, 235.07, 29.32);
insert into SHOT values (1301, 1301, 1308, 314, 1.810, 62.15, -34.20, 1.803, 62.06, -34.06, 0.008, 279.66, 63.65);
insert into SHOT values (1302, 1301, 1309, 314, 8.240, 97.85, -16.30, 8.235, 97.85, -16.29, 0.005, 269.07, 29.72);
insert into SHOT values (1303, 1301, 1310, 314, 13.250, 126.45, 6.10, 13.254, 126.45, 6.11, 0.004, 143.22, 29.61);
insert into SHOT values (1304, 1310, 1311, 314, 21.200, 85.35, 3.50, 21.199, 85.34, 3.49, 0.006, 348.95, -47.18);
insert into SHOT values (1305, 1310, 1312, 314, 27.030, 105.85, 3.00, 27.023, 105.85, 3.01, 0.009, 281.80, 37.13);
insert into SHOT values (1306, 1310, 1313, 314, 13.820, 222.55, 7.00, 13.818, 222.58, 6.98, 0.008, 320.72, -31.06);
insert into SHOT values (1307, 1310, 1314, 314, 19.890, 191.05, 5.70, 19.887, 191.07, 5.71, 0.010, 303.72, 27.41);
insert into SHOT values (1308, 1310, 1315, 314, 9.160, 139.45, 57.80, 9.158, 139.49, 57.80, 0.004, 250.32, -17.31);
insert into SHOT values (1309, 1310, 1316, 314, 18.700, 145.55, 28.90, 18.701, 145.55, 28.91, 0.003, 258.11, 61.12);
insert into SHOT values (1310, 1310, 1317, 314, 6.140, 152.95, -11.80, 6.137, 152.97, -11.85, 0.006, 308.03, -45.14);
insert into SHOT values (1311, 1310, 1318, 314, 14.140, 147.55, -4.80, 14.139, 147.55, -4.79, 0.003, 275.83, 76.02);
insert into SHOT values (1312, 1310, 1319, 314, 24.070, 143.85, 0.70, 24.068, 143.84, 0.69, 0.006, 20.39, -43.53);
insert into SHOT values (1313, 1319, 1320, 314, 12.500, 94.75, 1.20, 12.496, 94.78, 1.24, 0.011, 218.28, 49.36);
insert into SHOT values (1314, 1319, 1321, 314, 17.530, 122.95, -3.70, 17.533, 122.96, -3.70, 0.006, 178.75, 12.44);
insert into SHOT values (1315, 1319, 1322, 314, 19.990, 133.95, -5.00, 19.984, 133.96, -4.99, 0.008, 273.06, 16.82);
insert into SHOT values (1316, 1319, 1323, 314, 16.460, 250.75, 7.00, 16.467, 250.74, 7.01, 0.008, 242.88, 29.64);
insert into SHOT values (1317, 1319, 1324, 314, 19.330, 221.35, 2.60, 19.335, 221.35, 2.61, 0.006, 220.09, 32.82);
insert into SHOT values (1318, 1319, 1325, 314, 7.320, 202.45, 44.90, 7.321, 202.46, 44.93, 0.004, 357.11, 54.46);
insert into SHOT values (1319, 1319, 1326, 314, 20.670, 166.95, 10.90, 20.667, 166.96, 10.91, 0.005, 305.93, 16.72);
insert into SHOT values (1320, 1319, 1327, 314, 10.380, 198.15, -19.20, 10.385, 198.18, -19.17, 0.009, 233.36, 23.42);
insert into SHOT values (1321, 1319, 1328, 314, 14.930, 159.05, -17.50, 14.929, 159.06, -17.46, 0.010, 213.51, 72.71);
insert into SHOT values (1322, 1319, 1329, 314, 7.970, 150.65, 70.70, 7.978, 150.71, 70.70, 0.009, 197.00, 62.33);
insert into SHOT values (1323, 1319, 1330, 314, 21.010, 161.35, -13.10, 21.010, 161.36, -13.09, 0.005, 251.44, 22.24);
insert into SHOT values (1324, 1330, 1331, 314, 17.290, 244.15, 6.00, 17.287, 244.14, 6.01, 0.006, 114.79, 28.87);
insert into SHOT values (1325, 1330, 1332, 314, 23.420, 207.55, 0.90, 23.418, 207.55, 0.91, 0.003, 6.63, 44.64);
insert into SHOT values (1326, 1330, 1333, 314, 35.040, 182.35, -0.80, 35.043, 182.36, -0.80, 0.005, 237.99, -8.14);
insert into SHOT values (1327, 1330, 1334, 314, 8.900, 207.75, 63.00, 8.901, 207.71, 62.98, 0.004, 163.76, 0.56);
insert into SHOT values (1328, 1330, 1335, 314, 13.840, 164.75, 49.60, 13.838, 164.74, 49.61, 0.004, 4.63, 4.37);
insert into SHOT values (1329, 1330, 1336, 314, 11.950, 53.95, 8.80, 11.952, 53.95, 8.81, 0.003, 90.05, 37.81);
insert into SHOT values (1330, 1330, 1337, 314, 11.290, 81.55, 6.20, 11.288, 81.54, 6.20, 0.002, 278.55, 18.20);
insert into SHOT values (1331, 1330, 1338, 314, 2.260, 28.55, -23.80, 2.263, 28.54, -23.71, 0.005, 26.57, 26.54);
insert into SHOT values (1332, 1330, 1339, 314, 4.760, 146.35, -33.20, 4.761, 146.35, -33.10, 0.008, 147.62, 50.38);
insert into SHOT values (1333, 1330, 1340, 314, 12.100, 148.55, -15.00, 12.100, 148.54, -14.99, 0.002, 71.32, 46.10);
insert into SHOT values (1334, 1330, 1341, 314, 24.180, 169.05, -5.10, 24.185, 169.04, -5.10, 0.006, 135.16, -4.96);
insert into SHOT values (1335, 1341, 1342, 314, 25.810, 55.25, 1.50, 25.804, 55.23, 1.51, 0.010, 286.90, 25.05);
insert into SHOT values (1336, 1341, 1343, 314, 10.690, 70.65, 48.50, 10.691, 70.62, 48.52, 0.006, 310.91, 40.83);
insert into SHOT values (1337, 1341, 1344, 314, 12.910, 88.45, 35.50, 12.907, 88.42, 35.53, 0.009, 310.03, 20.57);
insert into SHOT values (1338, 1341, 1345, 314, 13.660, 136.65, -8.20, 13.658, 136.65, -8.21, 0.003, 313.39, -41.03);
insert into SHOT values (1339, 1341, 1346, 314, 20.980, 115.55, -6.00, 20.972, 115.53, -5.99, 0.010, 329.59, 17.07);
insert into SHOT values (1340, 1341, 1347, 314, 3.750, 98.65, -27.60, 3.742, 98.67, -27.54, 0.009, 266.90, 53.29);
insert into SHOT values (1341, 1341, 1348, 314, 14.870, 102.65, -16.90, 14.866, 102.63, -16.89, 0.007, 334.49, 24.79);
insert into SHOT values (1342, 1341, 1349, 314, 17.480, 221.05, 1.90, 17.481, 221.08, 1.90, 0.009, 306.61, 2.81);
insert into SHOT values (1343, 1341, 1350, 314, 11.900, 205.75, 48.40, 11.899, 205.82, 48.41, 0.010, 308.82, 6.85);
insert into SHOT values (1344, 1341, 1351, 314, 12.580, 203.35, -14.80, 12.591, 203.21, -15.15, 0.082, 96.25, -68.30);
insert into SHOT values (1345, 1351, 1352, 314, 12.470, 21.65, 15.80, 12.473, 21.61, 15.77, 0.011, 319.19, -28.44);
insert into SHOT values (1346, 1351, 1353, 314, 7.940, 109.45, 2.40, 7.939, 109.44, 2.38, 0.003, 343.05, -60.92);
insert into SHOT values (1347, 1351, 1354, 314, 4.980, 158.55, -2.10, 4.978, 158.54, -2.07, 0.003, 358.10, 52.64);
insert into SHOT values (1348, 1351, 1355, 314, 9.920, 268.95, 3.90, 9.924, 268.96, 3.87, 0.007, 290.03, -43.65);
insert into SHOT values (1349, 1351, 1356, 314, 10.090, 245.45, -10.30, 10.089, 245.47, -10.33, 0.008, 357.90, -49.59);
insert into SHOT values (1350, 1351, 1357, 314, 4.680, 249.35, 57.10, 4.680, 249.50, 57.12, 0.007, 348.83, 4.95);
insert into SHOT values (1351, 1351, 1358, 314, 5.950, 213.35, 21.90, 5.952, 213.40, 21.90, 0.005, 287.51, 7.58);
insert into SHOT values (1352, 1351, 1359, 314, 8.390, 207.55, -11.50, 8.393, 207.59, -11.48, 0.008, 265.71, 19.53);
insert into SHOT values (1353, 1351, 1360, 314, 2.380, 285.05, -19.90, 2.388, 284.96, -19.83, 0.009, 263.42, 0.66);
insert into SHOT values (1354, 1351, 1361, 314, 6.270, 234.55, -31.60, 6.269, 234.61, -31.66, 0.009, 1.88, -31.58);
insert into SHOT values (1355, 1351, 1362, 314, 8.730, 201.55, -32.90, 8.749, 201.45, -33.12, 0.040, 101.22, -72.01);
insert into SHOT values (1356, 1362, 1363, 314, 1.390, 87.65, -17.50, 1.387, 87.40, -17.63, 0.007, 320.90, -15.63);
insert into SHOT values (1357, 1362, 1364, 314, 1.950, 109.85, -26.90, 1.944, 109.90, -26.91, 0.006, 274.41, 21.46);
insert into SHOT values (1358, 1362, 1365, 314, 3.440, 242.05, -6.60, 3.441, 242.09, -6.68, 0.005, 320.41, -63.86);
insert into SHOT values (1359, 1362, 1366, 314, 1.220, 171.75, 51.80, 1.222, 172.41, 51.76, 0.009, 247.96, 7.99);
insert into SHOT values (1360, 1362, 1367, 314, 1.110, 165.95, 1.30, 1.111, 166.46, 1.55, 0.011, 249.70, 25.58);
insert into SHOT values (1361, 1362, 1368, 314, 3.320, 181.05, -51.60, 3.317, 181.11, -51.60, 0.003, 309.31, 32.31);
insert into SHOT values (1362, 1362, 1369, 314, 4.140, 163.25, -49.30, 4.136, 163.38, -49.39, 0.010, 302.20, -7.85);
insert into SHOT values (1363, 1362, 1370, 314, 7.920, 171.05, -40.90, 7.941, 171.07, -41.00, 0.025, 192.96, -74.61);
insert into SHOT values (1364, 1370, 1371, 314, 4.690, 259.25, 5.10, 4.690, 259.27, 5.02, 0.007, 338.76, -77.01);
insert into SHOT values (1365, 1370, 1372, 314, 10.440, 238.75, -8.40, 10.442, 238.74, -8.43, 0.005, 199.59, -68.52);
insert into SHOT values (1366, 1370, 1373, 314, 1.050, 292.05, 56.50, 1.047, 292.17, 56.17, 0.007, 310.73, -56.04);
insert into SHOT values (1367, 1370, 1374, 314, 1.550, 171.55, 20.10, 1.549, 171.70, 20.01, 0.005, 266.92, -34.09);
insert into SHOT values (1368, 1370, 1375, 314, 1.740, 170.15, -30.90, 1.743, 169.97, -31.09, 0.008, 77.39, -54.15);
insert into SHOT values (1369, 1370, 1376, 314, 4.380, 42.65, 10.50, 4.382, 42.65, 10.39, 0.009, 44.22, -68.35);
insert into SHOT values (1370, 1370, 1377, 314, 9.300, 101.55, -14.00, 9.298, 101.51, -14.00, 0.007, 350.50, -1.10);
insert into SHOT values (1371, 1370, 1378, 314, 10.560, 112.85, -17.10, 10.561, 112.86, -17.13, 0.005, 233.14, -72.58);
insert into SHOT values (1372, 1370, 1379, 314, 8.660, 151.65, -24.00, 8.663, 151.62, -24.05, 0.009, 52.57, -63.48);
insert into SHOT values (1373, 1370, 1380, 314, 11.400, 162.55, -21.10, 11.419, 162.54, -21.42, 0.066, 2.89, -84.72);
insert into SHOT values (1374, 1380, 1381, 314, 9.430, 65.25, -5.60, 9.437, 65.26, -5.59, 0.007, 85.27, 1.64);
insert into SHOT values (1375, 1380, 1382, 314, 7.540, 109.85, -3.70, 7.541, 109.81, -3.73, 0.006, 29.76, -32.32);
insert into SHOT values (1376, 1380, 1383, 314, 6.010, 350.75, 46.60, 6.015, 350.81, 46.60, 0.007, 42.09, 29.43);
insert into SHOT values (1377, 1380, 1384, 314, 3.380, 171.35, 64.70, 3.385, 171.25, 64.69, 0.005, 126.01, 51.46);
insert into SHOT values (1378, 1380, 1385, 314, 1.330, 172.95, -35.50, 1.326, 172.55, -35.51, 0.009, 57.05, 15.49);
insert into SHOT values (1379, 1380, 1386, 314, 15.040, 282.75, 4.60, 15.039, 282.76, 4.61, 0.005, 46.74, 54.10);
insert into SHOT values (1380, 1380, 1387, 314, 18.010, 254.55, 1.60, 18.009, 254.54, 1.59, 0.005, 147.09, -34.71);
insert into SHOT values (1381, 1380, 1388, 314, 25.170, 222.95, 2.30, 25.167, 222.94, 2.30, 0.006, 101.78, -1.22);
insert into SHOT values (1382, 1380, 1389, 314, 6.820, 211.45, -16.50, 6.821, 211.43, -16.52, 0.004, 129.69, -54.68);
insert into SHOT values (1383, 1380, 1390, 314, 12.450, 187.35, -11.10, 12.453, 187.33, -11.11, 0.005, 142.00, -37.03);
insert into SHOT values (1384, 1380, 1391, 314, 7.150, 180.05, 20.10, 7.147, 180.00, 20.13, 0.008, 51.26, 21.41);
insert into SHOT values (1385, 1380, 1392, 314, 30.020, 162.75, -2.90, 30.035, 162.68, -3.82, 0.483, 51.25, -85.69);
insert into SHOT values (1386, 1392, 1393, 314, 15.480, 54.05, 6.90, 15.478, 54.05, 6.90, 0.003, 190.06, 6.15);
insert into SHOT values (1387, 1392, 1394, 314, 19.970, 82.95, 8.90, 19.969, 82.95, 8.90, 0.002, 188.17, 11.20);
insert into SHOT values (1388, 1392, 1395, 314, 15.770, 248.75, 12.90, 15.774, 248.76, 12.93, 0.010, 298.97, 67.57);
insert into SHOT values (1389, 1392, 1396, 314, 17.790, 200.85, 8.30, 17.791, 200.86, 8.31, 0.005, 282.44, 20.37);
insert into SHOT values (1390, 1392, 1397, 314, 8.310, 329.35, 36.70, 8.312, 329.32, 36.72, 0.005, 240.02, 45.43);
insert into SHOT values (1391, 1392, 1398, 314, 5.530, 42.95, 69.30, 5.536, 42.92, 69.34, 0.007, 246.35, 74.16);
insert into SHOT values (1392, 1392, 1399, 314, 11.260, 110.45, 29.50, 11.262, 110.49, 29.52, 0.009, 203.37, 38.12);
insert into SHOT values (1393, 1392, 1400, 314, 2.370, 136.45, -36.20, 2.374, 136.48, -36.14, 0.005, 149.93, -3.34);
insert into SHOT values (1394, 1392, 1401, 314, 6.880, 126.95, -16.10, 6.880, 127.01, -16.03, 0.011, 202.06, 47.67);
insert into SHOT values (1395, 1392, 1402, 314, 4.330, 341.35, -31.80, 4.324, 341.27, -31.82, 0.008, 204.36, 13.05);
insert into SHOT values (1396, 1392, 1403, 314, 10.900, 333.75, -7.40, 10.895, 333.74, -7.38, 0.006, 165.55, 40.88);
insert into SHOT values (1397, 1392, 1404, 314, 14.820, 121.15, -3.80, 14.831, 121.28, -4.25, 0.123, 206.53, -73.52);
insert into SHOT values (1398, 1404, 1405, 314, 14.790, 16.05, 13.20, 14.792, 16.04, 13.21, 0.003, 342.99, 53.47);
insert into SHOT values (1399, 1404, 1406, 314, 13.040, 44.45, 11.40, 13.043, 44.43, 11.41, 0.005, 344.49, 28.12);
insert into SHOT values (1400, 1404, 1407, 314, 9.910, 121.05, 5.80, 9.915, 121.06, 5.79, 0.006, 147.24, -13.84);
insert into SHOT values (1401, 1404, 1408, 314, 11.980, 127.75, 5.20, 11.975, 127.74, 5.22, 0.007, 316.09, 38.21);
insert into SHOT values (1402, 1404, 1409, 314, 12.150, 108.85, 5.50, 12.156, 108.85, 5.52, 0.008, 123.06, 45.94);
insert into SHOT values (1403, 1404, 1410, 314, 19.220, 147.75, 4.70, 19.219, 147.75, 4.72, 0.006, 267.02, 67.54);
insert into SHOT values (1404, 1404, 1411, 314, 17.680, 220.75, 7.30, 17.686, 220.75, 7.31, 0.006, 215.77, 32.62);
insert into SHOT values (1405, 1404, 1412, 314, 22.980, 249.25, 9.90, 22.980, 249.25, 9.90, 0.002, 321.71, -34.11);
insert into SHOT values (1406, 1404, 1413, 314, 7.730, 235.95, 50.40, 7.732, 235.92, 50.43, 0.005, 112.47, 56.46);
insert into SHOT values (1407, 1404, 1414, 314, 6.250, 176.75, 71.20, 6.253, 176.58, 71.22, 0.007, 80.93, 30.61);
insert into SHOT values (1408, 1404, 1415, 314, 8.190, 93.65, 56.20, 8.195, 93.65, 56.20, 0.005, 91.91, 53.17);
insert into SHOT values (1409, 1404, 1416, 314, 3.640, 83.75, -8.70, 3.643, 83.78, -8.68, 0.004, 119.21, 8.91);
insert into SHOT values (1410, 1404, 1417, 314, 9.720, 91.75, 35.90, 9.720, 91.75, 35.90, 0.001, 17.74, 67.00);
insert into SHOT values (1411, 1404, 1418, 314, 13.970, 88.35, 5.20, 13.973, 88.56, 4.76, 0.119, 165.42, -63.57);
insert into SHOT values (1412, 1418, 1419, 314, 1.660, 54.45, 24.60, 1.662, 54.42, 24.52, 0.003, 39.98, -18.04);
insert into SHOT values (1413, 1418, 1420, 314, 3.630, 206.55, 3.00, 3.627, 206.57, 3.00, 0.003, 4.10, 0.42);
insert into SHOT values (1414, 1418, 1421, 314, 5.220, 169.15, 1.80, 5.215, 169.16, 1.76, 0.006, 330.94, -40.05);
insert into SHOT values (1415, 1418, 1422, 314, 3.620, 179.25, -21.90, 3.621, 179.15, -21.89, 0.006, 104.41, 2.02);
insert into SHOT values (1416, 1418, 1423, 314, 6.840, 130.25, 24.90, 6.844, 130.23, 24.89, 0.005, 107.80, 1.35);
insert into SHOT values (1417, 1404, 1424, 314, 19.550, 193.15, -3.70, 19.553, 193.15, -3.69, 0.004, 226.00, 27.14);
insert into SHOT values (1418, 1424, 1425, 314, 12.520, 99.35, 14.60, 12.526, 99.35, 14.61, 0.007, 111.28, 36.35);
insert into SHOT values (1419, 1424, 1426, 314, 6.090, 272.55, 6.00, 6.090, 272.56, 6.03, 0.004, 41.51, 74.01);
insert into SHOT values (1420, 1424, 1427, 314, 5.850, 167.45, 88.60, 5.852, 167.91, 88.60, 0.002, 245.32, 56.21);
insert into SHOT values (1421, 1424, 1428, 314, 1.430, 243.55, -81.90, 1.434, 243.43, -81.93, 0.004, 122.10, -83.77);
insert into SHOT values (1422, 1424, 1429, 314, 9.730, 192.75, 5.20, 9.729, 192.76, 5.19, 0.003, 301.79, -41.76);
insert into SHOT values (1423, 1424, 1430, 314, 16.590, 57.65, 9.30, 16.589, 57.65, 9.30, 0.002, 215.01, -42.01);
insert into SHOT values (1424, 1424, 1431, 314, 10.560, 307.05, 12.60, 10.556, 307.07, 12.59, 0.006, 79.47, -33.81);
insert into SHOT values (1425, 1424, 1432, 314, 16.050, 165.65, -13.40, 16.045, 165.64, -13.41, 0.006, 358.88, -4.40);
insert into SHOT values (1426, 1432, 1433, 314, 6.780, 85.35, 18.50, 6.781, 85.36, 18.49, 0.003, 133.28, -31.97);
insert into SHOT values (1427, 1432, 1434, 314, 7.280, 267.85, 22.00, 7.277, 267.79, 22.04, 0.009, 141.88, 18.99);
insert into SHOT values (1428, 1432, 1435, 314, 3.680, 159.15, 86.40, 3.678, 157.75, 86.29, 0.009, 117.68, -17.37);
insert into SHOT values (1429, 1432, 1436, 314, 1.560, 282.65, -79.50, 1.555, 282.53, -79.75, 0.009, 106.92, 26.66);
insert into SHOT values (1430, 1432, 1437, 314, 11.850, 159.25, 14.70, 11.852, 159.26, 14.71, 0.004, 220.56, 56.36);
insert into SHOT values (1431, 1432, 1438, 314, 9.070, 55.65, 27.80, 9.071, 55.72, 27.80, 0.010, 139.54, -0.76);
insert into SHOT values (1432, 1432, 1439, 314, 9.200, 322.05, 34.40, 9.198, 322.01, 34.42, 0.006, 194.72, 21.20);
insert into SHOT values (1433, 1432, 1440, 314, 9.920, 224.95, 11.60, 9.919, 224.92, 11.63, 0.008, 116.99, 43.39);
insert into SHOT values (1434, 1432, 1441, 314, 11.850, 206.05, 1.50, 11.856, 206.02, 1.50, 0.008, 165.76, -1.50);
insert into SHOT values (1435, 1441, 1442, 314, 3.220, 311.25, 10.70, 3.224, 311.29, 10.73, 0.005, 344.26, 27.99);
insert into SHOT values (1436, 1441, 1443, 314, 8.370, 109.95, 9.00, 8.369, 109.95, 9.01, 0.001, 294.07, 31.69);
insert into SHOT values (1437, 1441, 1444, 314, 3.090, 357.95, 86.20, 3.087, 357.27, 86.10, 0.007, 333.48, -28.23);
insert into SHOT values (1438, 1441, 1445, 314, 1.530, 52.15, -65.00, 1.534, 51.89, -65.00, 0.005, 350.16, -45.63);
insert into SHOT values (1439, 1441, 1446, 314, 13.940, 61.45, 5.80, 13.939, 61.44, 5.81, 0.003, 305.42, 27.51);
insert into SHOT values (1440, 1441, 1447, 314, 6.440, 347.25, 12.60, 6.442, 347.22, 12.64, 0.006, 272.37, 62.05);
insert into SHOT values (1441, 1441, 1448, 314, 6.040, 272.65, 12.20, 6.044, 272.72, 12.23, 0.009, 339.48, 24.94);
insert into SHOT values (1442, 1441, 1449, 314, 9.820, 143.65, 23.00, 9.822, 143.64, 23.01, 0.004, 83.59, 56.54);
insert into SHOT values (1443, 1441, 1450, 314, 8.670, 213.95, 10.20, 8.661, 213.95, 10.24, 0.011, 31.37, 25.21);
insert into SHOT values (1444, 1450, 1451, 314, 10.920, 84.85, 10.60, 10.918, 84.87, 10.56, 0.010, 184.33, -66.21);
insert into SHOT values (1445, 1450, 1452, 314, 2.430, 152.15, 89.00, 2.430, 153.43, 88.95, 0.003, 175.73, 8.39);
insert into SHOT values (1446, 1450, 1453, 314, 8.630, 244.95, 12.70, 8.633, 244.93, 12.65, 0.009, 211.54, -50.42);
insert into SHOT values (1447, 1450, 1454, 314, 1.650, 189.65, -85.50, 1.655, 192.99, -85.38, 0.010, 254.05, -30.50);
insert into SHOT values (1448, 1450, 1455, 314, 14.950, 118.55, 14.20, 14.949, 118.56, 14.17, 0.008, 195.92, -62.04);
insert into SHOT values (1449, 1450, 1456, 314, 13.100, 175.65, 8.30, 13.104, 175.67, 8.29, 0.006, 218.46, -10.32);
insert into SHOT values (1450, 1450, 1457, 314, 5.740, 341.75, 2.90, 5.737, 341.69, 2.90, 0.006, 227.14, -3.71);
insert into SHOT values (1451, 1450, 1458, 314, 8.780, 254.05, 10.00, 8.786, 254.04, 9.96, 0.009, 240.10, -32.32);
insert into SHOT values (1452, 1458, 1459, 314, 8.670, 179.15, 5.40, 8.670, 179.14, 5.43, 0.004, 71.17, 66.67);
insert into SHOT values (1453, 1458, 1460, 314, 11.410, 178.95, 5.70, 11.408, 178.94, 5.68, 0.004, 43.19, -54.71);
insert into SHOT values (1454, 1450, 1461, 314, 8.690, 179.15, 5.30, 8.698, 179.21, 5.28, 0.012, 226.85, -12.83);
insert into SHOT values (1455, 1461, 1462, 314, 3.240, 251.05, 23.00, 3.237, 251.02, 22.90, 0.006, 151.10, -75.19);
insert into SHOT values (1456, 1461, 1463, 314, 12.430, 60.05, 9.20, 12.440, 60.05, 9.21, 0.010, 65.85, 15.80);
insert into SHOT values (1457, 1461, 1464, 314, 1.840, 137.35, 88.30, 1.841, 135.00, 88.24, 0.003, 87.21, 15.01);
insert into SHOT values (1458, 1461, 1465, 314, 1.570, 37.15, -68.20, 1.575, 37.45, -67.93, 0.010, 56.35, -13.48);
insert into SHOT values (1459, 1461, 1466, 314, 5.170, 150.65, 13.60, 5.172, 150.58, 13.53, 0.009, 90.40, -39.62);
insert into SHOT values (1460, 1461, 1467, 314, 9.930, 323.95, 7.30, 9.931, 324.00, 7.29, 0.010, 44.10, -10.44);
insert into SHOT values (1461, 1461, 1468, 314, 14.470, 46.25, 8.20, 14.477, 46.24, 8.18, 0.008, 38.53, -27.54);
insert into SHOT values (1462, 1461, 1469, 314, 6.070, 100.05, 4.60, 6.086, 99.87, 4.24, 0.046, 55.01, -53.45);
insert into SHOT values (1463, 1469, 1470, 314, 6.910, 80.85, 13.80, 6.916, 80.83, 13.80, 0.006, 61.33, 17.29);
insert into SHOT values (1464, 1469, 1471, 314, 5.240, 234.05, 9.00, 5.241, 234.04, 9.00, 0.002, 195.19, 10.75);
insert into SHOT values (1465, 1469, 1472, 314, 1.880, 180.95, 84.50, 1.879, 180.00, 84.50, 0.003, 86.83, -24.25);
insert into SHOT values (1466, 1469, 1473, 314, 1.450, 291.05, -79.00, 1.447, 291.04, -78.90, 0.004, 289.49, 60.57);
insert into SHOT values (1467, 1469, 1474, 314, 8.850, 173.25, -12.80, 8.850, 173.00, -13.26, 0.080, 60.24, -59.55);
insert into SHOT values (1468, 1474, 1475, 314, 4.910, 281.25, 13.40, 4.908, 281.36, 13.43, 0.010, 28.80, 12.55);
insert into SHOT values (1469, 1474, 1476, 314, 9.050, 56.25, 15.80, 9.052, 56.24, 15.83, 0.006, 349.47, 72.54);
insert into SHOT values (1470, 1474, 1477, 314, 2.460, 182.95, 80.60, 2.463, 182.86, 80.64, 0.003, 27.98, 64.98);
insert into SHOT values (1471, 1474, 1478, 314, 1.530, 277.05, -79.10, 1.528, 277.85, -78.96, 0.006, 327.47, 24.18);
insert into SHOT values (1472, 1474, 1479, 314, 11.080, 168.35, 6.60, 11.080, 168.36, 6.63, 0.007, 265.23, 65.54);
insert into SHOT values (1473, 1474, 1480, 314, 7.840, 207.65, 2.00, 7.817, 207.52, 1.69, 0.052, 67.79, -57.37);
insert into SHOT values (1474, 1480, 1481, 314, 5.540, 167.85, 7.00, 5.532, 167.91, 6.96, 0.011, 306.23, -29.01);
insert into SHOT values (1475, 1480, 1482, 314, 4.780, 336.55, 14.90, 4.780, 336.54, 14.79, 0.010, 324.78, -72.80);
insert into SHOT values (1476, 1480, 1483, 314, 1.810, 231.55, 82.60, 1.805, 233.62, 82.49, 0.010, 303.74, -28.84);
insert into SHOT values (1477, 1480, 1484, 314, 1.410, 340.95, -75.20, 1.417, 340.56, -75.26, 0.007, 259.52, -69.98);
insert into SHOT values (1478, 1480, 1485, 314, 6.940, 110.25, 8.20, 6.933, 110.20, 8.21, 0.009, 327.94, 1.04);
insert into SHOT values (1479, 1480, 1486, 314, 6.830, 304.85, 8.60, 6.837, 304.82, 8.58, 0.008, 278.70, -9.49);
insert into SHOT values (1480, 1480, 1487, 314, 10.610, 254.95, 3.20, 10.588, 255.10, 2.71, 0.098, 17.86, -70.52);
insert into SHOT values (1481, 1487, 1488, 314, 7.600, 131.65, -2.90, 7.602, 131.69, -2.87, 0.008, 196.67, 36.38);
insert into SHOT values (1482, 1487, 1489, 314, 9.910, 183.65, 0.90, 9.911, 183.64, 0.92, 0.005, 159.83, 72.29);
insert into SHOT values (1483, 1487, 1490, 314, 5.060, 355.65, 3.70, 5.056, 355.57, 3.74, 0.009, 234.40, 22.41);
insert into SHOT values (1484, 1487, 1491, 314, 1.170, 219.15, 87.70, 1.171, 216.87, 87.55, 0.004, 185.68, 14.66);
insert into SHOT values (1485, 1487, 1492, 314, 1.910, 217.65, -84.20, 1.910, 218.66, -84.23, 0.004, 323.35, 3.61);
insert into SHOT values (1486, 1487, 1493, 314, 13.830, 272.35, -4.40, 13.818, 272.62, -5.02, 0.165, 23.04, -64.62);
insert into SHOT values (1487, 1493, 1494, 314, 5.930, 356.05, 22.70, 5.924, 356.01, 22.74, 0.008, 201.22, 10.89);
insert into SHOT values (1488, 1493, 1495, 314, 5.170, 182.55, 0.70, 5.175, 182.55, 0.66, 0.006, 181.77, -29.89);
insert into SHOT values (1489, 1493, 1496, 314, 1.620, 177.15, 82.30, 1.615, 177.40, 82.16, 0.006, 193.98, -58.46);
insert into SHOT values (1490, 1493, 1497, 314, 0.870, 99.65, -86.00, 0.872, 99.46, -86.00, 0.002, 44.86, -83.50);
insert into SHOT values (1491, 1493, 1498, 314, 6.300, 29.55, 14.70, 6.297, 29.51, 14.72, 0.005, 256.51, 13.98);
insert into SHOT values (1492, 1493, 1499, 314, 8.510, 267.45, 5.30, 8.514, 267.43, 5.26, 0.008, 240.42, -47.82);
insert into SHOT values (1493, 1493, 1500, 314, 6.060, 262.45, -1.40, 6.045, 262.49, -1.80, 0.045, 68.40, -68.14);
insert into SHOT values (1494, 1500, 1501, 314, 1.380, 212.15, 5.40, 1.377, 212.18, 5.42, 0.003, 18.06, 2.20);
insert into SHOT values (1495, 1500, 1502, 314, 3.940, 32.85, 26.90, 3.951, 32.83, 26.94, 0.012, 26.98, 39.13);
insert into SHOT values (1496, 1500, 1503, 314, 1.680, 338.95, 83.50, 1.681, 338.75, 83.40, 0.003, 326.16, 14.80);
insert into SHOT values (1497, 1500, 1504, 314, 1.200, 242.95, -54.70, 1.200, 243.43, -54.73, 0.006, 335.60, -6.15);
insert into SHOT values (1498, 1500, 1505, 314, 4.520, 316.45, 2.90, 4.518, 316.62, 2.66, 0.023, 51.18, -54.60);
insert into SHOT values (1499, 1505, 1506, 314, 2.950, 232.55, -24.40, 2.947, 232.57, -24.46, 0.005, 36.72, -16.38);
insert into SHOT values (1500, 1505, 1507, 314, 13.100, 54.45, 38.40, 13.107, 54.47, 38.39, 0.008, 84.50, 21.79);
insert into SHOT values (1501, 1505, 1508, 314, 9.240, 299.45, 1.20, 9.240, 299.51, 1.18, 0.010, 28.18, -20.46);
insert into SHOT values (1502, 1505, 1509, 314, 2.880, 162.95, 26.10, 2.879, 162.90, 26.17, 0.004, 31.27, 44.11);
insert into SHOT values (1503, 1505, 1510, 314, 1.300, 77.15, -78.20, 1.298, 77.01, -78.13, 0.003, 43.21, 64.78);
insert into SHOT values (1504, 1505, 1511, 314, 1.090, 331.65, 88.00, 1.091, 345.96, 87.83, 0.010, 51.04, 3.66);
insert into SHOT values (1505, 1505, 1512, 314, 7.070, 317.35, -8.80, 7.077, 317.61, -9.19, 0.058, 48.16, -56.53);
insert into SHOT values (1506, 1512, 1513, 314, 3.710, 175.05, 4.80, 3.707, 175.03, 4.80, 0.003, 15.39, -7.66);
insert into SHOT values (1507, 1512, 1514, 314, 4.460, 317.45, 4.70, 4.453, 317.47, 4.77, 0.009, 126.88, 31.40);
insert into SHOT values (1508, 1512, 1515, 314, 4.810, 297.95, 80.50, 4.816, 297.86, 80.54, 0.006, 148.03, 67.77);
insert into SHOT values (1509, 1512, 1516, 314, 1.260, 255.35, -77.80, 1.257, 254.36, -78.08, 0.008, 109.19, 10.85);
insert into SHOT values (1510, 1512, 1517, 314, 12.620, 282.05, -24.30, 12.611, 282.05, -24.30, 0.009, 95.50, 21.07);
insert into SHOT values (1511, 1517, 1518, 314, 2.610, 358.85, 3.10, 2.614, 358.68, 3.07, 0.009, 299.74, -7.45);
insert into SHOT values (1512, 1517, 1519, 314, 6.040, 176.55, 10.90, 6.039, 176.62, 10.88, 0.007, 272.17, -16.71);
insert into SHOT values (1513, 1517, 1520, 314, 2.450, 342.15, 82.80, 2.449, 340.97, 82.81, 0.006, 248.75, -6.17);
insert into SHOT values (1514, 1517, 1521, 314, 1.460, 125.85, -84.40, 1.456, 126.03, -84.64, 0.007, 302.08, 25.11);
insert into SHOT values (1515, 1517, 1522, 314, 5.220, 225.25, 5.20, 5.226, 225.31, 5.16, 0.009, 269.69, -20.70);
insert into SHOT values (1516, 1517, 1523, 314, 4.030, 90.85, 8.50, 4.025, 90.86, 8.57, 0.007, 259.26, 38.75);
insert into SHOT values (1517, 1517, 1524, 314, 12.850, 248.35, -2.50, 12.859, 248.35, -2.50, 0.009, 247.72, 3.36);
insert into SHOT values (1518, 1524, 1525, 314, 1.220, 156.45, -0.60, 1.223, 156.37, -0.47, 0.004, 123.63, 42.30);
insert into SHOT values (1519, 1524, 1526, 314, 2.170, 310.65, 8.30, 2.163, 310.83, 8.24, 0.010, 82.29, -19.33);
insert into SHOT values (1520, 1524, 1527, 314, 1.520, 4.25, 88.30, 1.521, 11.31, 88.08, 0.008, 52.93, 4.58);
insert into SHOT values (1521, 1524, 1528, 314, 0.860, 339.85, -89.50, 0.860, 0.00, -89.33, 0.004, 41.19, -0.48);
insert into SHOT values (1522, 1524, 1529, 314, 1.960, 112.85, 4.60, 1.960, 112.89, 4.68, 0.003, 195.73, 62.56);
insert into SHOT values (1523, 1524, 1530, 314, 2.830, 18.05, 0.80, 2.831, 18.11, 0.81, 0.003, 98.47, 8.28);
insert into SHOT values (1524, 1524, 1531, 314, 4.130, 255.15, 9.40, 4.120, 255.18, 9.36, 0.011, 62.44, -25.53);
insert into SHOT values (1525, 1524, 1532, 314, 4.780, 251.55, 2.30, 4.779, 251.57, 2.28, 0.003, 19.70, -45.52);
insert into SHOT values (1526, 1532, 1533, 314, 1.190, 113.95, 2.80, 1.193, 113.77, 2.88, 0.005, 56.73, 22.67);
insert into SHOT values (1527, 1532, 1534, 314, 1.310, 307.45, 0.80, 1.312, 307.57, 0.87, 0.004, 358.60, 25.76);
insert into SHOT values (1528, 1532, 1535, 314, 0.960, 11.85, 85.70, 0.963, 15.95, 85.66, 0.006, 94.88, 27.28);
insert into SHOT values (1529, 1532, 1536, 314, 1.390, 251.05, -84.80, 1.386, 251.57, -84.76, 0.004, 317.11, 73.73);
insert into SHOT values (1530, 1532, 1537, 314, 2.320, 188.25, -33.10, 2.319, 188.30, -33.21, 0.005, 340.81, -40.18);
insert into SHOT values (1531, 1537, 1538, 314, 1.220, 163.25, 13.60, 1.227, 162.93, 13.67, 0.010, 118.86, 18.42);
insert into SHOT values (1532, 1537, 1539, 314, 1.470, 331.95, 18.80, 1.472, 332.15, 19.04, 0.008, 66.67, 52.50);
insert into SHOT values (1533, 1537, 1540, 314, 0.430, 248.15, 78.50, 0.437, 246.80, 79.96, 0.013, 78.72, 41.50);
insert into SHOT values (1534, 1537, 1541, 314, 0.380, 140.35, -76.30, 0.372, 139.40, -75.64, 0.010, 105.38, 73.82);
insert into SHOT values (1535, 1537, 1542, 314, 5.870, 240.25, -3.00, 5.862, 240.19, -2.93, 0.012, 96.37, 37.78);
insert into SHOT values (1536, 1512, 1543, 314, 10.310, 355.65, 22.50, 10.305, 355.92, 22.00, 0.101, 52.98, -57.91);
insert into SHOT values (1537, 1543, 1544, 314, 0.610, 290.85, 2.30, 0.612, 291.10, 2.81, 0.006, 352.65, 60.63);
insert into SHOT values (1538, 1543, 1545, 314, 18.470, 140.45, 8.00, 18.471, 140.44, 8.03, 0.010, 50.14, 66.32);
insert into SHOT values (1539, 1543, 1546, 314, 0.850, 155.85, 80.70, 0.851, 153.43, 80.93, 0.007, 35.42, 10.15);
insert into SHOT values (1540, 1543, 1547, 314, 1.190, 110.95, -70.10, 1.182, 110.22, -69.96, 0.010, 19.66, 60.24);
insert into SHOT values (1541, 1543, 1548, 314, 9.880, 89.25, 6.30, 9.893, 89.07, 5.86, 0.083, 33.38, -63.32);
insert into SHOT values (1542, 1548, 1549, 314, 12.110, 152.95, 25.20, 12.103, 152.90, 25.18, 0.013, 37.23, -29.65);
insert into SHOT values (1543, 1548, 1550, 314, 10.120, 200.45, 12.50, 10.112, 200.45, 12.51, 0.008, 12.70, -2.73);
insert into SHOT values (1544, 1548, 1551, 314, 2.640, 358.05, -7.10, 2.642, 358.25, -7.18, 0.010, 79.18, -21.45);
insert into SHOT values (1545, 1548, 1552, 314, 1.090, 241.45, 85.30, 1.083, 240.26, 85.73, 0.011, 72.36, -35.54);
insert into SHOT values (1546, 1548, 1553, 314, 1.830, 2.35, -84.60, 1.829, 3.18, -84.34, 0.009, 20.38, 12.52);
insert into SHOT values (1547, 1548, 1554, 314, 14.630, 100.15, 15.20, 14.643, 99.83, 14.47, 0.202, 47.10, -60.57);
insert into SHOT values (1548, 1554, 1555, 314, 7.840, 188.55, 4.10, 7.837, 188.53, 4.10, 0.004, 37.47, -7.95);
insert into SHOT values (1549, 1554, 1556, 314, 6.100, 17.55, 3.40, 6.102, 17.48, 3.38, 0.007, 304.60, -13.75);
insert into SHOT values (1550, 1554, 1557, 314, 2.690, 213.55, 80.80, 2.695, 213.69, 80.76, 0.005, 236.08, 58.71);
insert into SHOT values (1551, 1554, 1558, 314, 3.040, 247.25, -64.20, 3.033, 247.31, -64.16, 0.007, 5.03, 76.25);
insert into SHOT values (1552, 1554, 1559, 314, 15.740, 225.35, -1.30, 15.744, 225.36, -1.27, 0.009, 261.79, 51.40);
insert into SHOT values (1553, 1554, 1560, 314, 19.020, 251.95, -1.80, 19.025, 251.96, -1.81, 0.006, 280.76, -26.05);
insert into SHOT values (1554, 1554, 1561, 314, 10.010, 273.15, -0.90, 10.016, 273.15, -0.92, 0.007, 273.15, -23.57);
insert into SHOT values (1555, 1554, 1562, 314, 5.300, 333.15, -1.30, 5.305, 333.10, -1.30, 0.007, 291.85, 1.93);
insert into SHOT values (1556, 1554, 1563, 314, 10.980, 134.45, -0.30, 10.982, 134.45, -0.31, 0.003, 126.50, -50.74);
insert into SHOT values (1557, 1554, 1564, 314, 6.920, 82.95, 2.30, 6.918, 82.94, 2.32, 0.003, 297.99, 43.62);
insert into SHOT values (1558, 1554, 1565, 314, 12.490, 93.85, 1.90, 12.485, 93.86, 1.93, 0.008, 245.83, 47.13);
insert into SHOT values (1559, 1554, 1566, 314, 10.800, 93.95, -12.50, 10.816, 93.70, -12.93, 0.094, 1.28, -60.85);
insert into SHOT values (1560, 1566, 1567, 314, 2.390, 107.65, 12.50, 2.397, 107.66, 12.53, 0.007, 111.89, 21.24);
insert into SHOT values (1561, 1566, 1568, 314, 4.680, 309.85, 7.30, 4.675, 309.84, 7.37, 0.008, 138.40, 42.06);
insert into SHOT values (1562, 1566, 1569, 314, 1.730, 65.05, 10.00, 1.731, 65.39, 9.98, 0.010, 148.71, -2.31);
insert into SHOT values (1563, 1566, 1570, 314, 1.360, 179.15, -79.40, 1.363, 177.71, -79.42, 0.007, 88.67, -27.05);
insert into SHOT values (1564, 1566, 1571, 314, 3.950, 211.55, 85.00, 3.956, 210.96, 84.93, 0.008, 178.92, 37.24);
insert into SHOT values (1565, 1566, 1461, 314, 5.290, 8.95, -33.40, 5.313, 9.10, -33.60, 0.032, 60.50, -61.73);
insert into SHOT values (1566, 1418, 1572, 314, 4.930, 152.85, -17.10, 4.946, 152.78, -17.29, 0.024, 126.78, -59.42);
insert into SHOT values (1567, 1572, 1573, 314, 2.420, 11.25, 7.40, 2.415, 11.08, 7.38, 0.009, 245.19, -10.69);
insert into SHOT values (1568, 1572, 1574, 314, 1.270, 196.35, 19.00, 1.267, 196.47, 18.88, 0.005, 318.40, -48.97);
insert into SHOT values (1569, 1572, 1575, 314, 3.780, 86.45, 84.20, 3.779, 86.99, 84.22, 0.004, 198.96, -9.51);
insert into SHOT values (1570, 1572, 1576, 314, 3.440, 31.15, 46.10, 3.439, 31.09, 46.15, 0.004, 249.51, 17.81);
insert into SHOT values (1571, 1572, 1577, 314, 0.880, 81.25, -80.70, 0.881, 81.87, -80.77, 0.002, 198.73, -42.17);
insert into SHOT values (1572, 1572, 1578, 314, 7.000, 79.65, -4.90, 6.999, 79.67, -4.92, 0.004, 195.32, -31.65);
insert into SHOT values (1573, 1572, 1579, 314, 4.330, 116.85, 1.00, 4.330, 116.92, 0.93, 0.008, 209.30, -45.61);
insert into SHOT values (1574, 1572, 1580, 314, 10.180, 100.15, -13.60, 10.189, 100.31, -13.91, 0.063, 200.13, -63.23);
insert into SHOT values (1575, 1580, 1581, 314, 4.070, 207.45, 12.00, 4.064, 207.40, 11.93, 0.009, 60.06, -46.78);
insert into SHOT values (1576, 1580, 1582, 314, 3.090, 357.85, 12.80, 3.098, 357.91, 12.68, 0.011, 19.42, -25.88);
insert into SHOT values (1577, 1580, 1583, 314, 4.810, 150.75, 84.50, 4.802, 150.10, 84.49, 0.009, 64.74, -56.38);
insert into SHOT values (1578, 1580, 1584, 314, 1.120, 227.95, -86.50, 1.122, 231.34, -86.73, 0.006, 7.57, -19.66);
insert into SHOT values (1579, 1580, 1585, 314, 6.050, 161.35, 7.60, 6.049, 161.32, 7.60, 0.003, 47.95, -3.06);
insert into SHOT values (1580, 1580, 1586, 314, 8.480, 64.35, 11.50, 8.480, 64.33, 11.50, 0.003, 344.24, -12.93);
insert into SHOT values (1581, 1580, 1587, 314, 3.870, 324.75, 7.10, 3.874, 324.74, 6.97, 0.010, 318.37, -57.93);
insert into SHOT values (1582, 1580, 1588, 314, 10.940, 110.75, 6.30, 10.940, 110.83, 5.93, 0.073, 175.91, -75.79);
insert into SHOT values (1583, 1588, 1589, 314, 6.100, 206.95, 2.40, 6.105, 206.90, 2.35, 0.009, 164.38, -36.34);
insert into SHOT values (1584, 1588, 1590, 314, 7.670, 30.55, 3.60, 7.668, 30.55, 3.59, 0.003, 195.71, -32.84);
insert into SHOT values (1585, 1588, 1591, 314, 8.370, 332.65, 2.40, 8.362, 332.64, 2.40, 0.008, 163.69, -3.55);
insert into SHOT values (1586, 1588, 1592, 314, 14.020, 88.85, 9.00, 14.025, 88.88, 8.98, 0.010, 147.16, -17.85);
insert into SHOT values (1587, 1588, 1593, 314, 10.300, 157.15, 9.90, 10.299, 157.15, 9.90, 0.001, 297.64, -59.82);
insert into SHOT values (1588, 1588, 1594, 314, 2.110, 130.45, 86.80, 2.103, 131.63, 86.72, 0.008, 174.15, -61.75);
insert into SHOT values (1589, 1588, 1595, 314, 2.770, 217.45, -74.80, 2.777, 217.18, -74.80, 0.008, 154.91, -61.35);
insert into SHOT values (1590, 1588, 1596, 314, 17.080, 128.15, 12.10, 17.087, 128.15, 12.09, 0.008, 122.84, -2.14);
insert into SHOT values (1591, 1596, 1597, 314, 5.520, 46.15, 6.20, 5.513, 46.11, 6.14, 0.010, 255.76, -38.99);
insert into SHOT values (1592, 1596, 1598, 314, 2.320, 220.45, -6.60, 2.321, 220.60, -6.68, 0.007, 308.10, -28.48);
insert into SHOT values (1593, 1596, 1599, 314, 1.300, 117.15, 85.10, 1.295, 116.57, 85.05, 0.005, 60.74, -75.42);
insert into SHOT values (1594, 1596, 1600, 314, 1.680, 220.65, -86.90, 1.683, 220.60, -86.86, 0.003, 217.44, -61.31);
insert into SHOT values (1595, 1596, 1601, 314, 9.810, 100.15, 5.80, 9.803, 100.16, 5.80, 0.007, 266.82, -10.85);
insert into SHOT values (1596, 1596, 1602, 314, 12.740, 128.55, 2.70, 12.738, 128.55, 2.70, 0.003, 278.18, -2.85);
insert into SHOT values (1597, 1602, 1603, 314, 10.930, 56.45, -2.30, 10.931, 56.43, -2.31, 0.004, 338.34, -17.78);
insert into SHOT values (1598, 1602, 1604, 314, 5.960, 220.85, -0.50, 5.963, 220.85, -0.58, 0.008, 228.44, -71.71);
insert into SHOT values (1599, 1602, 1605, 314, 1.840, 274.35, 85.40, 1.836, 273.81, 85.30, 0.005, 247.44, -52.76);
insert into SHOT values (1600, 1602, 1606, 314, 2.490, 262.15, -78.70, 2.498, 261.70, -78.80, 0.010, 135.12, -60.28);
insert into SHOT values (1601, 1602, 1607, 314, 7.940, 152.75, -0.10, 7.943, 152.73, -0.14, 0.008, 107.44, -54.04);
insert into SHOT values (1602, 1602, 1608, 314, 14.860, 4.95, 0.90, 14.857, 4.94, 0.89, 0.005, 209.25, -46.81);
insert into SHOT values (1603, 1602, 1609, 314, 12.570, 126.85, -0.20, 12.572, 126.85, -0.23, 0.007, 147.54, -70.07);
insert into SHOT values (1604, 1602, 1610, 314, 14.290, 126.95, -0.20, 14.290, 126.95, -0.20, 0.001, 205.46, -13.15);
insert into SHOT values (1605, 1602, 1611, 314, 12.550, 126.95, -0.20, 12.548, 126.93, -0.23, 0.007, 5.43, -59.37);
insert into SHOT values (1606, 1611, 1612, 314, 2.520, 64.85, 13.30, 2.519, 64.90, 13.31, 0.002, 177.12, 6.74);
insert into SHOT values (1607, 1611, 1613, 314, 2.350, 230.05, -4.80, 2.357, 230.01, -4.62, 0.010, 217.78, 40.02);
insert into SHOT values (1608, 1611, 1614, 314, 0.990, 132.05, 85.30, 0.994, 135.00, 85.10, 0.007, 182.40, 30.40);
insert into SHOT values (1609, 1611, 1615, 314, 1.700, 225.15, -78.50, 1.694, 225.00, -78.44, 0.006, 164.07, 80.31);
insert into SHOT values (1610, 1611, 1616, 314, 4.830, 256.65, -37.70, 4.830, 256.55, -37.64, 0.008, 192.73, 25.64);
insert into SHOT values (1611, 1616, 1617, 314, 3.450, 260.25, 2.60, 3.452, 260.32, 2.49, 0.008, 318.35, -52.21);
insert into SHOT values (1612, 1616, 1618, 314, 1.180, 110.55, 12.30, 1.179, 110.32, 12.25, 0.005, 5.35, -16.36);
insert into SHOT values (1613, 1616, 1619, 314, 0.780, 265.55, 85.40, 0.782, 270.00, 85.60, 0.006, 25.98, 24.94);
insert into SHOT values (1614, 1616, 1620, 314, 1.530, 155.35, -78.00, 1.533, 155.85, -78.04, 0.004, 251.69, -50.55);
insert into SHOT values (1615, 1616, 1621, 314, 5.210, 141.85, 6.70, 5.213, 141.82, 6.72, 0.004, 105.33, 30.52);
insert into SHOT values (1616, 1588, 1622, 314, 6.360, 21.75, -2.80, 6.345, 21.87, -3.07, 0.036, 162.81, -54.13);
insert into SHOT values (1617, 1622, 1623, 314, 9.550, 282.65, 5.70, 9.550, 282.71, 5.71, 0.010, 13.26, 8.95);
insert into SHOT values (1618, 1622, 1624, 314, 4.160, 99.55, 12.70, 4.166, 99.49, 12.62, 0.010, 68.44, -27.94);
insert into SHOT values (1619, 1622, 1625, 314, 2.460, 272.35, 86.30, 2.455, 273.58, 86.26, 0.006, 338.40, -52.34);
insert into SHOT values (1620, 1622, 1626, 314, 1.050, 100.55, -84.50, 1.055, 95.71, -84.53, 0.010, 7.19, -29.66);
insert into SHOT values (1621, 1622, 1627, 314, 19.590, 11.95, -6.90, 19.595, 11.96, -6.92, 0.008, 49.34, -52.87);
insert into SHOT values (1622, 1622, 1628, 314, 13.220, 191.85, 10.50, 13.219, 191.85, 10.50, 0.002, 325.86, 22.40);
insert into SHOT values (1623, 1622, 1629, 314, 8.380, 292.45, -8.90, 8.382, 292.51, -8.92, 0.010, 11.50, -21.77);
insert into SHOT values (1624, 1622, 1630, 314, 9.580, 36.95, -8.40, 9.586, 37.06, -8.76, 0.064, 136.46, -72.28);
insert into SHOT values (1625, 1630, 1631, 314, 8.810, 41.75, -2.20, 8.810, 41.73, -2.21, 0.003, 315.14, -34.16);
insert into SHOT values (1626, 1630, 1632, 314, 9.830, 122.95, 4.00, 9.835, 122.98, 4.02, 0.008, 170.54, 32.33);
insert into SHOT values (1627, 1630, 1633, 314, 8.260, 205.15, 5.00, 8.258, 205.10, 5.00, 0.007, 101.60, 0.77);
insert into SHOT values (1628, 1630, 1634, 314, 15.670, 265.35, -3.30, 15.668, 265.34, -3.29, 0.003, 116.55, 36.17);
insert into SHOT values (1629, 1630, 1635, 314, 19.650, 286.55, -2.10, 19.646, 286.54, -2.10, 0.005, 130.45, 0.61);
insert into SHOT values (1630, 1630, 1636, 314, 1.560, 331.55, 84.60, 1.567, 331.70, 84.59, 0.007, 356.46, 82.39);
insert into SHOT values (1631, 1630, 1637, 314, 1.120, 167.05, -84.00, 1.117, 165.96, -83.64, 0.008, 147.52, 28.90);
insert into SHOT values (1632, 1630, 1638, 314, 9.670, 330.35, -4.70, 9.658, 330.34, -5.05, 0.060, 152.75, -73.25);
insert into SHOT values (1633, 1638, 1639, 314, 9.730, 8.55, 4.80, 9.732, 8.54, 4.83, 0.006, 326.98, 69.41);
insert into SHOT values (1634, 1638, 1640, 314, 15.440, 224.35, 2.20, 15.442, 224.37, 2.23, 0.009, 301.05, 50.49);
insert into SHOT values (1635, 1638, 1641, 314, 13.760, 117.65, 5.60, 13.763, 117.67, 5.63, 0.009, 186.83, 53.74);
insert into SHOT values (1636, 1638, 1642, 314, 10.170, 340.45, 4.70, 10.169, 340.46, 4.74, 0.007, 123.47, 69.77);
insert into SHOT values (1637, 1638, 1643, 314, 17.780, 287.75, 0.30, 17.777, 287.75, 0.32, 0.008, 87.57, 62.80);
insert into SHOT values (1638, 1638, 1644, 314, 1.560, 225.65, 87.60, 1.562, 225.00, 87.40, 0.006, 217.19, 14.12);
insert into SHOT values (1639, 1638, 1645, 314, 1.540, 358.65, -88.90, 1.540, 0.00, -88.88, 0.001, 57.51, -18.94);
insert into SHOT values (1640, 1638, 1646, 314, 21.630, 303.65, -0.10, 21.631, 303.63, -0.11, 0.007, 218.85, -19.45);
insert into SHOT values (1641, 1646, 1647, 314, 3.710, 31.45, 7.00, 3.718, 31.36, 7.11, 0.012, 352.16, 42.37);
insert into SHOT values (1642, 1646, 1648, 314, 1.930, 212.25, 1.00, 1.929, 212.29, 1.19, 0.007, 350.67, 71.88);
insert into SHOT values (1643, 1646, 1649, 314, 0.570, 277.75, 77.60, 0.573, 279.46, 77.74, 0.005, 20.12, 41.50);
insert into SHOT values (1644, 1646, 1650, 314, 1.040, 191.55, -87.30, 1.031, 194.04, -87.71, 0.012, 358.62, 47.87);
insert into SHOT values (1645, 1646, 1651, 314, 10.910, 313.85, -0.90, 10.907, 313.89, -0.89, 0.008, 66.78, 10.04);
insert into SHOT values (1646, 1651, 1652, 314, 0.490, 196.45, -3.80, 0.491, 196.59, -3.50, 0.003, 235.22, 52.43);
insert into SHOT values (1647, 1651, 1653, 314, 0.640, 16.25, 1.80, 0.643, 15.33, 1.78, 0.011, 303.15, -0.55);
insert into SHOT values (1648, 1651, 1654, 314, 0.540, 14.55, -74.50, 0.539, 12.09, -74.61, 0.006, 272.92, 3.30);
insert into SHOT values (1649, 1651, 1655, 314, 0.270, 301.45, 68.00, 0.270, 299.05, 67.62, 0.005, 233.28, -4.19);
insert into SHOT values (1650, 1638, 1656, 314, 10.620, 22.65, 5.90, 10.614, 22.78, 5.57, 0.066, 112.37, -68.71);
insert into SHOT values (1651, 1656, 1657, 314, 2.690, 85.85, -3.10, 2.691, 85.94, -3.20, 0.006, 167.58, -44.67);
insert into SHOT values (1652, 1656, 1658, 314, 0.440, 272.55, 1.30, 0.441, 272.60, 1.30, 0.001, 308.98, 1.43);
insert into SHOT values (1653, 1656, 1659, 314, 0.690, 358.35, 84.20, 0.694, 351.87, 84.15, 0.009, 272.15, 23.84);
insert into SHOT values (1654, 1656, 1660, 314, 1.010, 10.35, -82.30, 1.009, 8.75, -82.51, 0.005, 234.05, 9.52);
insert into SHOT values (1655, 1656, 1661, 314, 3.070, 10.25, 18.70, 3.053, 10.15, 18.52, 0.020, 212.50, -46.22);
insert into SHOT values (1656, 1661, 1662, 314, 6.430, 90.35, 10.20, 6.432, 90.36, 10.21, 0.003, 131.77, 29.98);
insert into SHOT values (1657, 1661, 1663, 314, 8.880, 256.75, 8.40, 8.881, 256.71, 8.42, 0.007, 172.57, 23.82);
insert into SHOT values (1658, 1661, 1664, 314, 3.560, 346.85, 73.80, 3.559, 347.09, 73.93, 0.009, 140.08, 8.26);
insert into SHOT values (1659, 1661, 1665, 314, 1.390, 254.05, -75.60, 1.393, 253.14, -75.67, 0.007, 154.65, -33.57);
insert into SHOT values (1660, 1661, 1666, 314, 21.080, 7.05, 12.50, 21.075, 7.06, 12.50, 0.007, 135.36, -20.67);
insert into SHOT values (1661, 1661, 1667, 314, 25.840, 55.75, 4.30, 25.840, 55.75, 4.31, 0.004, 150.07, 39.80);
insert into SHOT values (1662, 1661, 1668, 314, 22.310, 284.85, 1.00, 22.307, 284.83, 1.00, 0.007, 164.27, 5.62);
insert into SHOT values (1663, 1661, 1669, 314, 22.910, 292.55, 2.60, 22.901, 292.54, 2.60, 0.009, 130.86, 4.58);
insert into SHOT values (1664, 1661, 1670, 314, 4.160, 108.15, -0.20, 4.168, 108.17, -0.14, 0.009, 121.54, 28.95);
insert into SHOT values (1665, 1661, 1671, 314, 2.160, 164.65, 0.40, 2.169, 164.49, 0.53, 0.012, 131.12, 24.43);
insert into SHOT values (1666, 1661, 1672, 314, 10.370, 327.15, 12.90, 10.346, 327.13, 12.62, 0.056, 163.68, -77.51);
insert into SHOT values (1667, 1672, 1673, 314, 19.220, 348.85, 26.80, 19.216, 348.84, 26.79, 0.006, 231.07, -66.97);
insert into SHOT values (1668, 1672, 1674, 314, 10.190, 211.65, 5.10, 10.192, 211.67, 5.07, 0.007, 273.46, -52.50);
insert into SHOT values (1669, 1672, 1675, 314, 21.670, 53.15, 12.30, 21.668, 53.14, 12.28, 0.007, 310.85, -66.95);
insert into SHOT values (1670, 1672, 1676, 314, 15.460, 92.65, 7.80, 15.460, 92.66, 7.81, 0.003, 194.54, 37.31);
insert into SHOT values (1671, 1672, 1677, 314, 13.800, 115.35, 0.80, 13.797, 115.32, 0.79, 0.008, 358.70, -19.81);
insert into SHOT values (1672, 1672, 1678, 314, 1.950, 203.45, -79.60, 1.952, 203.63, -79.69, 0.004, 1.40, -34.66);
insert into SHOT values (1673, 1672, 1679, 314, 1.700, 220.05, 81.60, 1.698, 220.10, 81.59, 0.002, 296.87, -82.40);
insert into SHOT values (1674, 1672, 1680, 314, 6.200, 336.85, 75.30, 6.194, 336.85, 75.25, 0.008, 337.29, -62.40);
insert into SHOT values (1675, 1672, 1681, 314, 17.680, 267.25, -3.70, 17.676, 267.59, -4.74, 0.337, 12.02, -71.06);
insert into SHOT values (1676, 1681, 1682, 314, 1.080, 194.85, -1.80, 1.085, 194.42, -2.11, 0.011, 134.81, -33.07);
insert into SHOT values (1677, 1681, 1683, 314, 1.200, 36.75, 4.70, 1.203, 36.87, 4.29, 0.010, 69.07, -60.18);
insert into SHOT values (1678, 1681, 1684, 314, 0.890, 277.05, 80.40, 0.881, 278.13, 80.77, 0.011, 76.24, -45.07);
insert into SHOT values (1679, 1681, 1685, 314, 1.300, 319.15, -83.80, 1.307, 318.01, -84.09, 0.010, 163.50, -49.63);
insert into SHOT values (1680, 1681, 1686, 314, 10.980, 338.75, 16.70, 10.974, 339.01, 15.97, 0.147, 33.56, -66.80);
insert into SHOT values (1681, 1686, 1687, 314, 16.220, 356.55, 22.60, 16.225, 356.55, 22.62, 0.007, 31.03, 64.92);
insert into SHOT values (1682, 1686, 1688, 314, 9.660, 134.35, 12.80, 9.666, 134.36, 12.79, 0.006, 144.85, -1.40);
insert into SHOT values (1683, 1686, 1689, 314, 25.590, 69.35, 11.20, 25.589, 69.36, 11.20, 0.003, 172.66, -7.51);
insert into SHOT values (1684, 1686, 1690, 314, 3.550, 212.35, -2.00, 3.548, 212.21, -1.94, 0.010, 108.25, 23.98);
insert into SHOT values (1685, 1686, 1691, 314, 5.550, 192.85, 89.60, 5.550, 180.00, 89.59, 0.009, 104.47, 0.87);
insert into SHOT values (1686, 1686, 1692, 314, 1.240, 117.45, -69.50, 1.240, 117.15, -69.30, 0.005, 87.91, 17.65);
insert into SHOT values (1687, 1686, 1693, 314, 15.820, 75.15, 10.20, 15.832, 74.94, 9.23, 0.273, 30.19, -73.00);
insert into SHOT values (1688, 1693, 1694, 314, 15.770, 69.95, 12.60, 15.774, 69.94, 12.60, 0.004, 40.80, -1.64);
insert into SHOT values (1689, 1693, 1695, 314, 16.280, 236.25, -4.70, 16.277, 236.26, -4.69, 0.006, 6.14, 39.83);
insert into SHOT values (1690, 1693, 1696, 314, 11.770, 185.95, -1.80, 11.769, 185.95, -1.80, 0.001, 313.35, -13.33);
insert into SHOT values (1691, 1693, 1697, 314, 25.500, 121.95, -3.10, 25.502, 121.94, -3.10, 0.006, 49.43, -10.15);
insert into SHOT values (1692, 1693, 1698, 314, 0.160, 329.95, 4.20, 0.162, 330.26, 3.55, 0.003, 357.27, -42.39);
insert into SHOT values (1693, 1693, 1699, 314, 5.180, 222.15, 80.50, 5.180, 222.14, 80.56, 0.005, 43.81, 10.99);
insert into SHOT values (1694, 1693, 1700, 314, 2.370, 133.85, -86.70, 2.364, 131.99, -86.74, 0.008, 19.67, 51.73);
insert into SHOT values (1695, 1693, 1701, 314, 7.120, 134.35, -2.50, 7.108, 134.09, -2.74, 0.046, 22.39, -40.15);
insert into SHOT values (1696, 1701, 1702, 314, 8.440, 219.95, 2.60, 8.435, 219.94, 2.65, 0.009, 45.18, 53.91);
insert into SHOT values (1697, 1701, 1703, 314, 7.510, 33.75, 14.80, 7.516, 33.78, 14.80, 0.007, 66.82, 13.17);
insert into SHOT values (1698, 1701, 1704, 314, 4.810, 172.35, 80.90, 4.810, 172.41, 80.95, 0.004, 341.91, 7.37);
insert into SHOT values (1699, 1701, 1705, 314, 2.130, 61.85, -83.30, 2.125, 61.39, -83.23, 0.006, 17.93, 62.07);
insert into SHOT values (1700, 1701, 1706, 314, 7.310, 185.35, -0.30, 7.312, 185.34, -0.24, 0.009, 145.33, 74.23);
insert into SHOT values (1701, 1701, 1707, 314, 16.990, 109.75, 0.80, 16.991, 109.75, 0.81, 0.003, 81.81, 74.05);
insert into SHOT values (1702, 1701, 1708, 314, 18.710, 73.55, -0.20, 18.716, 73.55, -0.18, 0.008, 79.25, 40.36);
insert into SHOT values (1703, 1701, 1672, 314, 9.140, 171.95, -24.00, 9.126, 171.77, -24.33, 0.060, 28.60, -44.82);
insert into SHOT values (1704, 1672, 1709, 314, 16.580, 76.55, -0.50, 16.576, 76.53, -0.52, 0.008, 304.91, -43.94);
insert into SHOT values (1705, 1709, 1710, 314, 10.000, 13.65, 14.20, 10.002, 13.66, 14.24, 0.007, 105.83, 69.30);
insert into SHOT values (1706, 1709, 1711, 314, 0.340, 165.75, -1.00, 0.342, 164.74, 0.00, 0.009, 94.66, 43.15);
insert into SHOT values (1707, 1709, 1712, 314, 3.820, 56.95, 78.90, 3.822, 57.17, 78.87, 0.004, 107.16, 21.34);
insert into SHOT values (1708, 1709, 1713, 314, 1.360, 63.15, -81.40, 1.356, 64.65, -81.08, 0.010, 102.25, 28.26);
insert into SHOT values (1709, 1709, 1714, 314, 10.890, 74.35, 6.40, 10.890, 74.35, 6.43, 0.006, 288.11, 81.84);
insert into SHOT values (1710, 1709, 1715, 314, 13.260, 315.05, 16.60, 13.253, 315.06, 16.62, 0.009, 110.75, 11.83);
insert into SHOT values (1711, 1709, 1716, 314, 10.720, 94.95, -11.30, 10.727, 94.96, -11.29, 0.008, 115.21, 4.02);
insert into SHOT values (1712, 1716, 1717, 314, 9.390, 36.45, 1.70, 9.386, 36.42, 1.71, 0.006, 270.49, 13.25);
insert into SHOT values (1713, 1716, 1718, 314, 5.900, 184.15, -6.00, 5.897, 184.20, -5.94, 0.009, 292.53, 48.12);
insert into SHOT values (1714, 1716, 1719, 314, 1.180, 18.65, 83.80, 1.187, 18.43, 83.88, 0.007, 225.02, 81.27);
insert into SHOT values (1715, 1716, 1720, 314, 1.440, 100.25, -88.20, 1.441, 104.04, -88.36, 0.005, 246.59, -8.23);
insert into SHOT values (1716, 1716, 1721, 314, 3.710, 4.05, 31.70, 3.711, 4.00, 31.70, 0.003, 295.76, 9.04);
insert into SHOT values (1717, 1716, 1722, 314, 9.770, 350.05, 26.00, 9.774, 350.03, 26.03, 0.008, 290.67, 70.04);
insert into SHOT values (1718, 1716, 1723, 314, 2.340, 222.05, 10.00, 2.344, 222.19, 10.07, 0.008, 280.71, 28.66);
insert into SHOT values (1719, 1716, 1724, 314, 22.340, 94.45, 5.60, 22.333, 94.44, 5.60, 0.008, 304.03, -0.01);
insert into SHOT values (1720, 1724, 1725, 314, 0.710, 0.95, 5.30, 0.714, 1.61, 5.63, 0.010, 69.33, 26.46);
insert into SHOT values (1721, 1724, 1726, 314, 0.950, 180.85, 1.20, 0.950, 180.60, 1.21, 0.004, 94.40, 1.47);
insert into SHOT values (1722, 1724, 1727, 314, 1.000, 11.95, 81.40, 1.000, 12.09, 81.77, 0.006, 188.65, 11.05);
insert into SHOT values (1723, 1724, 1728, 314, 0.520, 179.55, -79.40, 0.520, 180.00, -78.91, 0.005, 189.84, 14.32);
insert into SHOT values (1724, 1724, 1729, 314, 5.380, 95.85, 13.80, 5.384, 95.82, 13.86, 0.008, 46.63, 62.89);
insert into SHOT values (1725, 1693, 1730, 314, 19.380, 321.05, 9.80, 19.363, 320.99, 9.24, 0.190, 266.69, -82.68);
insert into SHOT values (1726, 1730, 1731, 314, 4.590, 220.85, 2.40, 4.591, 220.85, 2.37, 0.002, 208.39, -63.78);
insert into SHOT values (1727, 1730, 1732, 314, 4.980, 41.75, 8.80, 4.974, 41.70, 8.79, 0.007, 255.92, -14.66);
insert into SHOT values (1728, 1730, 1733, 314, 4.730, 296.55, 67.00, 4.739, 296.57, 66.94, 0.010, 300.59, 37.63);
insert into SHOT values (1729, 1730, 1734, 314, 0.970, 212.25, -81.00, 0.972, 211.61, -80.97, 0.003, 149.85, -45.24);
insert into SHOT values (1730, 1730, 1735, 314, 4.800, 313.75, 39.30, 4.781, 313.69, 39.17, 0.022, 159.00, -65.79);
insert into SCRAPS values (316, 310, 'SP-Geophysicalskaya_01_entree', 1, 9.20486, 0.07605);
 insert into SCRAPS values (403, 310, 'SP-Geophysicalskaya_01', 1, 100.00000, 0.43858);
 insert into SCRAPS values (537, 310, 'SP-Geophysicalskaya_02', 1, 33.37126, 0.24862);
 insert into MAPS values (677, 310, 'MP-Entree', 'Entree', 1, 860.040, -68.790);
 insert into MAPITEMS values (677, 4, 316);
 insert into MAPITEMS values (677, 4, 403);
 insert into MAPITEMS values (677, 4, 537);
 insert into SURVEY values (679, 308, 'Philippe2', 'Philippe2.Geophysicheskaya.Koytendag', 'Philippe2');
 insert into CENTRELINE values (680, 679, NULL, NULL, NULL, 0.00, 0.00, 0.00);
 insert into SURVEY values (681, 679, 'Geophysicaya_02', 'Geophysicaya_02.Philippe2.Geophysicheskaya.Koytendag', 'geophysiskaya');
 insert into CENTRELINE values (682, 681, NULL, NULL, NULL, 0.00, 0.00, 0.00);
 insert into CENTRELINE values (683, 681, NULL, '2024-04-12', NULL, 211.83, 0.00, 0.00);
 insert into TOPO values (4, 683);
 insert into TOPO values (1, 683);
 insert into SHOT values (1731, 1736, 1737, 683, 32.560, 101.25, -8.50, 32.549, 100.86, -7.54, 0.588, 27.81, 67.25);
insert into SHOT values (1732, 1737, 1738, 683, 18.010, 359.75, 8.10, 18.010, 359.74, 8.11, 0.003, 264.54, 55.72);
insert into SHOT values (1733, 1737, 1739, 683, 5.010, 219.55, 2.40, 5.012, 219.57, 2.40, 0.003, 265.39, 4.13);
insert into SHOT values (1734, 1737, 1740, 683, 1.140, 140.15, 78.70, 1.141, 140.53, 78.88, 0.004, 295.35, 31.12);
insert into SHOT values (1735, 1737, 1741, 683, 1.400, 294.95, -74.60, 1.401, 295.20, -74.45, 0.004, 317.56, -3.53);
insert into SHOT values (1736, 1737, 1742, 683, 7.260, 94.45, -57.10, 7.237, 94.37, -57.00, 0.026, 344.96, 76.73);
insert into SHOT values (1737, 1742, 1743, 683, 3.870, 3.85, 18.10, 3.869, 3.90, 18.07, 0.004, 93.70, -36.45);
insert into SHOT values (1738, 1742, 1744, 683, 4.810, 178.55, 2.00, 4.805, 178.57, 2.03, 0.006, 341.95, 20.16);
insert into SHOT values (1739, 1742, 1745, 683, 1.740, 108.85, 68.40, 1.744, 109.00, 68.29, 0.005, 128.84, 24.11);
insert into SHOT values (1740, 1742, 1746, 683, 2.230, 105.15, -72.60, 2.231, 104.88, -72.73, 0.006, 319.11, -19.93);
insert into SHOT values (1741, 1742, 1747, 683, 15.550, 24.05, -9.10, 15.550, 24.06, -9.10, 0.004, 117.32, -10.50);
insert into SHOT values (1742, 1742, 1748, 683, 6.450, 320.95, -14.10, 6.450, 320.97, -14.09, 0.003, 31.56, 29.34);
insert into SHOT values (1743, 1747, 1749, 683, 2.910, 256.65, 3.20, 2.913, 256.68, 3.15, 0.004, 287.39, -37.17);
insert into SHOT values (1744, 1747, 1750, 683, 0.520, 76.55, -6.40, 0.518, 76.50, -6.66, 0.003, 265.28, -38.16);
insert into SHOT values (1745, 1747, 1751, 683, 1.950, 266.05, 73.60, 1.950, 265.84, 73.57, 0.002, 199.88, -16.86);
insert into SHOT values (1746, 1747, 1752, 683, 1.160, 217.95, -84.70, 1.155, 221.19, -84.72, 0.008, 317.57, 39.62);
insert into SHOT values (1747, 1747, 1753, 683, 6.510, 320.95, -13.70, 6.512, 320.90, -13.68, 0.006, 252.27, 18.30);
insert into SHOT values (1748, 1753, 1754, 683, 1.270, 238.05, 8.70, 1.263, 238.09, 8.65, 0.007, 49.95, -17.23);
insert into SHOT values (1749, 1753, 1755, 683, 1.240, 62.35, -9.70, 1.248, 62.39, -9.69, 0.008, 69.47, -7.81);
insert into SHOT values (1750, 1753, 1756, 683, 0.830, 294.95, 84.80, 0.834, 299.74, 84.45, 0.009, 347.76, 21.98);
insert into SHOT values (1751, 1753, 1757, 683, 0.490, 57.55, -76.30, 0.495, 55.01, -75.73, 0.009, 15.01, -26.22);
insert into SHOT values (1752, 1753, 1758, 683, 8.000, 350.95, -25.20, 8.003, 350.94, -25.22, 0.004, 323.00, -63.01);
insert into SHOT values (1753, 1758, 1759, 683, 4.270, 303.15, 2.00, 4.271, 303.24, 2.01, 0.007, 24.00, 7.76);
insert into SHOT values (1754, 1758, 1760, 683, 3.410, 139.75, 67.20, 3.418, 139.59, 67.16, 0.009, 103.44, 45.51);
insert into SHOT values (1755, 1758, 1761, 683, 0.900, 6.65, -75.60, 0.900, 7.43, -75.07, 0.009, 28.01, 11.21);
insert into SHOT values (1756, 1758, 1762, 683, 26.180, 60.25, -16.00, 26.180, 60.25, -15.99, 0.007, 43.09, 70.81);
insert into SHOT values (1757, 1762, 1763, 683, 3.130, 9.15, 4.50, 3.130, 9.22, 4.40, 0.007, 99.63, -54.62);
insert into SHOT values (1758, 1762, 1764, 683, 9.510, 178.65, 7.30, 9.510, 178.60, 7.31, 0.008, 87.77, 12.23);
insert into SHOT values (1759, 1762, 1765, 683, 3.360, 182.75, 83.50, 3.362, 183.01, 83.50, 0.002, 267.58, 42.17);
insert into SHOT values (1760, 1762, 1766, 683, 0.860, 170.75, -83.30, 0.866, 168.69, -83.24, 0.007, 104.06, -55.83);
insert into SHOT values (1761, 1762, 1767, 683, 17.140, 92.45, -2.70, 17.145, 92.44, -2.71, 0.005, 74.28, -28.23);
insert into SHOT values (1762, 1767, 1768, 683, 1.770, 274.85, 5.60, 1.775, 274.87, 5.50, 0.006, 283.31, -29.14);
insert into SHOT values (1763, 1767, 1769, 683, 10.810, 166.05, 4.20, 10.807, 166.04, 4.19, 0.003, 12.18, -29.76);
insert into SHOT values (1764, 1767, 1770, 683, 2.970, 153.85, 70.40, 2.971, 153.69, 70.48, 0.005, 11.59, 25.46);
insert into SHOT values (1765, 1767, 1771, 683, 0.690, 174.85, -78.00, 0.685, 175.91, -78.17, 0.006, 314.97, 50.38);
insert into SHOT values (1766, 1767, 1772, 683, 7.060, 66.75, -5.20, 7.062, 66.72, -5.20, 0.004, 1.61, -1.76);
insert into SHOT values (1767, 1772, 1773, 683, 3.890, 287.55, 3.50, 3.888, 287.55, 3.54, 0.003, 108.08, 49.35);
insert into SHOT values (1768, 1772, 1774, 683, 7.260, 101.15, 4.00, 7.255, 101.15, 4.03, 0.007, 272.73, 32.21);
insert into SHOT values (1769, 1772, 1775, 683, 2.480, 356.85, 83.90, 2.484, 355.60, 83.97, 0.008, 240.35, 32.52);
insert into SHOT values (1770, 1772, 1776, 683, 0.360, 59.85, -84.20, 0.361, 71.57, -84.98, 0.009, 189.99, -12.37);
insert into SHOT values (1771, 1772, 1777, 683, 15.680, 9.45, 3.70, 15.675, 9.46, 3.69, 0.006, 164.21, -19.56);
insert into SHOT values (1772, 1777, 1778, 683, 7.530, 249.75, 3.10, 7.535, 249.78, 3.12, 0.007, 294.66, 23.43);
insert into SHOT values (1773, 1777, 1779, 683, 22.660, 277.35, 1.30, 22.662, 277.35, 1.31, 0.007, 324.08, 61.50);
insert into SHOT values (1774, 1777, 1780, 683, 15.730, 10.45, 5.90, 15.732, 10.42, 5.91, 0.009, 290.30, 21.17);
insert into SHOT values (1775, 1777, 1781, 683, 4.070, 134.65, 4.50, 4.064, 134.70, 4.52, 0.007, 281.75, 5.67);
insert into SHOT values (1776, 1777, 1782, 683, 6.940, 319.35, 87.10, 6.939, 319.57, 87.07, 0.004, 340.76, -16.20);
insert into SHOT values (1777, 1777, 1783, 683, 0.430, 46.75, -86.20, 0.431, 45.00, -86.24, 0.001, 302.03, -46.66);
insert into SHOT values (1778, 1777, 1784, 683, 14.510, 87.05, 12.10, 14.511, 87.05, 12.09, 0.002, 117.91, -49.28);
insert into SHOT values (1779, 1784, 1785, 683, 8.920, 18.65, 13.90, 8.924, 18.58, 13.94, 0.013, 303.69, 34.46);
insert into SHOT values (1780, 1784, 1786, 683, 4.430, 180.35, 18.30, 4.424, 180.41, 18.31, 0.007, 322.88, -7.62);
insert into SHOT values (1781, 1784, 1787, 683, 6.550, 16.65, 73.70, 6.552, 16.46, 73.73, 0.008, 258.93, 25.70);
insert into SHOT values (1782, 1784, 1788, 683, 0.450, 125.25, -79.20, 0.447, 129.81, -79.93, 0.009, 261.42, 12.76);
insert into SHOT values (1783, 1784, 1789, 683, 17.740, 62.85, 10.60, 17.737, 62.83, 10.62, 0.009, 293.58, 47.24);
insert into SHOT values (1784, 1789, 1790, 683, 3.950, 0.85, -0.60, 3.951, 0.87, -0.58, 0.002, 67.10, 39.25);
insert into SHOT values (1785, 1789, 1791, 683, 13.240, 177.65, -3.10, 13.241, 177.66, -3.12, 0.005, 258.60, -57.10);
insert into SHOT values (1786, 1789, 1792, 683, 9.820, 113.85, 77.40, 9.817, 113.94, 77.38, 0.005, 169.38, -41.48);
insert into SHOT values (1787, 1789, 1793, 683, 0.900, 319.85, -88.70, 0.900, 315.00, -89.10, 0.006, 150.55, -2.06);
insert into SHOT values (1788, 1789, 1794, 683, 13.730, 91.45, 6.80, 13.730, 91.47, 6.78, 0.008, 170.27, -45.72);
insert into SHOT values (1789, 1794, 1795, 683, 3.880, 48.05, 17.50, 3.884, 47.96, 17.53, 0.007, 342.02, 26.42);
insert into SHOT values (1790, 1794, 1796, 683, 8.420, 185.55, 8.40, 8.420, 185.58, 8.40, 0.005, 277.93, -0.23);
insert into SHOT values (1791, 1794, 1797, 683, 14.960, 166.95, 79.30, 14.959, 166.87, 79.32, 0.006, 25.15, 1.00);
insert into SHOT values (1792, 1794, 1798, 683, 0.510, 106.65, -80.60, 0.507, 104.04, -80.63, 0.005, 2.89, 39.17);
insert into SHOT values (1793, 1794, 1799, 683, 7.680, 330.85, 9.70, 7.690, 330.86, 9.73, 0.011, 344.88, 33.65);
insert into SHOT values (1794, 1799, 1800, 683, 4.570, 255.05, 12.90, 4.566, 255.03, 12.91, 0.004, 99.79, -3.72);
insert into SHOT values (1795, 1799, 1801, 683, 6.490, 89.45, 8.30, 6.487, 89.46, 8.24, 0.007, 222.84, -69.74);
insert into SHOT values (1796, 1799, 1802, 683, 3.360, 347.55, 81.90, 3.353, 347.74, 81.93, 0.007, 137.77, -64.47);
insert into SHOT values (1797, 1799, 1803, 683, 0.250, 5.75, -80.80, 0.253, 14.04, -80.63, 0.007, 87.80, -28.19);
insert into SHOT values (1798, 1799, 1804, 683, 8.140, 37.65, -34.20, 8.141, 37.64, -34.23, 0.005, 255.25, -63.49);
insert into SHOT values (1799, 1804, 1805, 683, 3.820, 8.05, 5.20, 3.815, 8.17, 5.26, 0.011, 132.68, 20.64);
insert into SHOT values (1800, 1804, 1806, 683, 4.640, 171.95, 3.10, 4.643, 171.94, 3.09, 0.003, 157.42, -19.12);
insert into SHOT values (1801, 1804, 1807, 683, 7.970, 155.85, 79.00, 7.968, 155.62, 78.96, 0.009, 106.97, -23.70);
insert into SHOT values (1802, 1804, 1808, 683, 0.420, 226.05, -78.60, 0.419, 225.00, -78.31, 0.003, 185.63, 35.60);
insert into SHOT values (1803, 1804, 1809, 683, 9.320, 119.55, -19.10, 9.330, 119.56, -19.08, 0.011, 128.83, -1.73);
insert into SHOT values (1804, 1794, 1810, 683, 4.770, 103.75, 6.80, 4.769, 103.68, 6.87, 0.008, 352.45, 42.53);
insert into SHOT values (1805, 1810, 1811, 683, 3.170, 16.85, 4.40, 3.166, 16.94, 4.35, 0.007, 141.78, -26.73);
insert into SHOT values (1806, 1810, 1812, 683, 7.600, 194.85, 1.10, 7.606, 194.86, 1.05, 0.008, 208.67, -45.27);
insert into SHOT values (1807, 1810, 1813, 683, 2.760, 248.35, 87.30, 2.753, 247.38, 87.29, 0.007, 157.50, -72.43);
insert into SHOT values (1808, 1810, 1814, 683, 0.670, 181.65, -84.70, 0.673, 180.00, -84.88, 0.004, 43.70, -48.03);
insert into SCRAPS values (685, 679, 'SP-Geophysicalskaya_03', 1, 22.24553, 0.19684);
 insert into MAPS values (803, 679, 'MP-Philippe2', 'Philippe2', 1, 211.830, -26.410);
 insert into MAPITEMS values (803, 4, 685);
 insert into SURVEY values (806, 308, 'GeophysicalskayaXR4', 'GeophysicalskayaXR4.Geophysicheskaya.Koytendag', 'GeophysicalskayaXR4');
 insert into CENTRELINE values (807, 806, NULL, NULL, NULL, 0.00, 0.00, 0.00);
 insert into SURVEY values (808, 806, 'GeophysicalskayaXR4', 'GeophysicalskayaXR4.GeophysicalskayaXR4.Geophysicheskaya.Koytendag', 'GeophysicalskayaXR4');
 insert into CENTRELINE values (809, 808, NULL, NULL, NULL, 0.00, 0.00, 0.00);
 insert into CENTRELINE values (810, 808, NULL, '2024-04-15', NULL, 1019.65, 0.00, 145.44);
 insert into TOPO values (1, 810);
 insert into PERSON values (10, 'Claire', 'Falgayrac');
insert into TOPO values (10, 810);
 insert into TOPO values (3, 810);
 insert into SHOT values (1809, 1815, 1816, 810, 7.390, 181.95, 1.70, 7.388, 181.94, 1.71, 0.003, 24.97, 15.67);
insert into SHOT values (1810, 1815, 1817, 810, 1.710, 169.75, -23.10, 1.712, 169.76, -23.04, 0.002, 178.14, 22.02);
insert into SHOT values (1811, 1815, 1818, 810, 3.380, 25.55, 1.40, 3.382, 25.58, 1.36, 0.004, 62.77, -40.07);
insert into SHOT values (1812, 1815, 1819, 810, 2.920, 80.95, 73.20, 2.914, 81.10, 73.24, 0.007, 231.28, -50.44);
insert into SHOT values (1813, 1815, 1820, 810, 8.680, 137.65, 67.40, 8.679, 137.67, 67.36, 0.007, 149.76, -31.71);
insert into SHOT values (1814, 1815, 1821, 810, 8.150, 172.25, 47.90, 8.149, 172.23, 47.83, 0.010, 153.00, -46.76);
insert into SHOT values (1815, 1815, 1822, 810, 3.630, 130.95, -15.20, 3.635, 130.96, -15.15, 0.006, 135.13, 16.43);
insert into SHOT values (1816, 1815, 1823, 810, 16.690, 122.75, -7.70, 16.692, 122.76, -7.71, 0.005, 191.85, -51.63);
insert into SHOT values (1817, 1815, 1824, 810, 22.820, 123.65, -5.00, 22.819, 123.66, -5.00, 0.006, 229.60, -11.11);
insert into SHOT values (1818, 1815, 1825, 810, 12.410, 93.45, 4.50, 12.411, 93.48, 4.48, 0.007, 173.57, -32.07);
insert into SHOT values (1819, 1815, 1826, 810, 11.590, 134.55, 3.00, 11.591, 134.55, 2.97, 0.007, 110.79, -75.23);
insert into SHOT values (1820, 1815, 1827, 810, 13.750, 120.85, 6.20, 13.753, 120.84, 6.18, 0.007, 98.75, -48.88);
insert into SHOT values (1821, 1815, 1828, 810, 11.340, 116.35, 22.40, 11.342, 116.32, 22.39, 0.006, 56.09, -12.89);
insert into SHOT values (1822, 1815, 1829, 810, 22.860, 117.35, -1.60, 22.864, 117.35, -1.60, 0.004, 126.09, -24.74);
insert into SHOT values (1823, 1829, 1830, 810, 7.410, 215.45, 4.80, 7.404, 215.46, 4.80, 0.006, 25.35, -0.52);
insert into SHOT values (1824, 1829, 1831, 810, 1.860, 204.45, -38.30, 1.861, 204.64, -38.17, 0.007, 258.45, 24.95);
insert into SHOT values (1825, 1829, 1832, 810, 7.700, 180.85, 50.80, 7.705, 180.82, 50.79, 0.005, 152.15, 33.52);
insert into SHOT values (1826, 1829, 1833, 810, 0.630, 39.45, 54.60, 0.626, 39.40, 54.61, 0.004, 226.10, -53.51);
insert into SHOT values (1827, 1829, 1834, 810, 2.900, 341.15, 9.80, 2.907, 341.06, 9.70, 0.009, 310.20, -22.56);
insert into SHOT values (1828, 1829, 1835, 810, 6.490, 291.75, 20.90, 6.488, 291.78, 20.86, 0.006, 22.29, -54.38);
insert into SHOT values (1829, 1829, 1836, 810, 10.340, 271.05, 3.10, 10.347, 271.05, 3.10, 0.007, 278.91, 6.78);
insert into SHOT values (1830, 1829, 1837, 810, 2.530, 270.55, -26.90, 2.536, 270.51, -26.97, 0.007, 247.49, -51.99);
insert into SHOT values (1831, 1829, 1838, 810, 13.660, 110.75, 0.10, 13.656, 110.76, 0.08, 0.006, 259.73, -42.97);
insert into SHOT values (1832, 1829, 1839, 810, 20.020, 128.15, 2.80, 20.015, 128.15, 2.81, 0.006, 287.29, 20.46);
insert into SHOT values (1833, 1829, 1840, 810, 15.540, 145.35, 2.90, 15.540, 145.37, 2.91, 0.006, 238.22, 35.70);
insert into SHOT values (1834, 1829, 1841, 810, 9.710, 173.75, 3.70, 9.708, 173.78, 3.72, 0.007, 292.55, 31.29);
insert into SHOT values (1835, 1829, 1842, 810, 15.460, 150.85, -9.90, 15.460, 150.84, -9.91, 0.002, 60.70, -54.11);
insert into SHOT values (1836, 1829, 1843, 810, 29.710, 146.05, -10.40, 29.709, 146.05, -10.39, 0.003, 235.75, 85.97);
insert into SHOT values (1837, 1829, 1844, 810, 25.900, 134.85, -13.20, 25.894, 134.86, -13.22, 0.010, 292.16, -35.99);
insert into SHOT values (1838, 1829, 1845, 810, 23.960, 128.25, -11.40, 23.956, 128.26, -11.41, 0.007, 273.71, -37.54);
insert into SHOT values (1839, 1829, 1846, 810, 18.730, 128.55, -14.20, 18.727, 128.54, -14.22, 0.008, 351.58, -44.35);
insert into SHOT values (1840, 1829, 1847, 810, 4.930, 130.05, -20.20, 4.930, 130.09, -20.17, 0.004, 211.13, 33.75);
insert into SHOT values (1841, 1829, 1848, 810, 8.560, 148.15, 42.80, 8.558, 148.16, 42.85, 0.008, 318.03, 30.81);
insert into SHOT values (1842, 1829, 1849, 810, 10.470, 131.45, 22.20, 10.469, 131.49, 22.23, 0.008, 242.24, 30.37);
insert into SHOT values (1843, 1829, 1850, 810, 14.630, 126.45, 9.30, 14.628, 126.47, 9.28, 0.006, 234.19, -44.14);
insert into SHOT values (1844, 1829, 1851, 810, 26.150, 139.15, -8.60, 26.150, 139.16, -8.60, 0.003, 225.87, 5.89);
insert into SHOT values (1845, 1829, 1852, 810, 25.830, 136.25, -9.30, 25.831, 136.24, -9.31, 0.007, 40.48, -56.26);
insert into SHOT values (1846, 1852, 1853, 810, 1.740, 95.85, -87.70, 1.731, 99.46, -87.99, 0.013, 253.05, 40.99);
insert into SHOT values (1847, 1852, 1854, 810, 3.800, 68.95, -25.00, 3.792, 69.03, -24.96, 0.010, 210.07, 35.95);
insert into SHOT values (1848, 1852, 1855, 810, 2.840, 330.55, -30.00, 2.839, 330.52, -30.01, 0.002, 202.38, 0.00);
insert into SHOT values (1849, 1852, 1856, 810, 8.350, 326.75, -3.10, 8.352, 326.69, -3.09, 0.009, 252.23, 10.18);
insert into SHOT values (1850, 1852, 1857, 810, 8.970, 298.85, -3.60, 8.978, 298.82, -3.58, 0.009, 273.71, 20.36);
insert into SHOT values (1851, 1852, 1858, 810, 7.190, 273.45, -1.10, 7.194, 273.43, -1.04, 0.009, 241.03, 58.28);
insert into SHOT values (1852, 1852, 1859, 810, 3.600, 298.35, 20.80, 3.608, 298.31, 20.78, 0.009, 283.75, 10.81);
insert into SHOT values (1853, 1852, 1860, 810, 4.390, 210.65, -1.70, 4.396, 210.65, -1.69, 0.006, 212.32, 2.32);
insert into SHOT values (1854, 1852, 1861, 810, 7.160, 179.35, -3.00, 7.160, 179.36, -2.96, 0.005, 258.12, 74.22);
insert into SHOT values (1855, 1852, 1862, 810, 5.840, 145.15, -17.60, 5.839, 145.17, -17.54, 0.006, 210.27, 70.13);
insert into SHOT values (1856, 1852, 1863, 810, 6.700, 116.65, -6.20, 6.698, 116.68, -6.17, 0.005, 232.31, 41.05);
insert into SHOT values (1857, 1852, 1864, 810, 1.740, 147.55, 2.70, 1.742, 147.68, 2.96, 0.009, 218.16, 62.15);
insert into SHOT values (1858, 1852, 1865, 810, 7.450, 167.55, -2.10, 7.449, 167.59, -2.08, 0.006, 268.70, 29.73);
insert into SHOT values (1859, 1852, 1866, 810, 12.780, 161.05, -0.90, 12.784, 161.05, -0.90, 0.004, 180.37, 9.87);
insert into SHOT values (1860, 1866, 1867, 810, 0.350, 10.05, -74.30, 0.345, 5.71, -73.06, 0.012, 315.94, 36.50);
insert into SHOT values (1861, 1866, 1868, 810, 18.310, 229.35, 79.70, 18.315, 229.46, 79.69, 0.008, 294.31, 36.83);
insert into SHOT values (1862, 1866, 1869, 810, 11.830, 306.25, 74.70, 11.831, 306.28, 74.68, 0.005, 329.00, -8.25);
insert into SHOT values (1863, 1866, 1870, 810, 5.750, 358.25, 53.70, 5.753, 358.15, 53.75, 0.009, 247.34, 42.50);
insert into SHOT values (1864, 1866, 1871, 810, 5.560, 6.75, 5.90, 5.559, 6.75, 5.99, 0.009, 177.40, 75.24);
insert into SHOT values (1865, 1866, 1872, 810, 2.280, 9.95, -12.20, 2.284, 9.80, -12.13, 0.007, 314.99, 14.43);
insert into SHOT values (1866, 1866, 1873, 810, 7.010, 29.35, -0.40, 7.007, 29.31, -0.33, 0.011, 268.45, 57.66);
insert into SHOT values (1867, 1866, 1874, 810, 5.310, 326.45, -3.40, 5.312, 326.46, -3.35, 0.006, 350.92, 62.81);
insert into SHOT values (1868, 1866, 1875, 810, 6.790, 275.65, 17.50, 6.798, 275.67, 17.55, 0.010, 294.73, 52.57);
insert into SHOT values (1869, 1866, 1876, 810, 15.430, 274.75, 25.20, 15.436, 274.76, 25.19, 0.008, 303.42, 1.67);
insert into SHOT values (1870, 1866, 1877, 810, 19.390, 275.35, 35.10, 19.395, 275.35, 35.09, 0.005, 283.97, 6.97);
insert into SHOT values (1871, 1866, 1878, 810, 14.840, 244.45, 37.20, 14.849, 244.45, 37.21, 0.010, 254.48, 53.28);
insert into SHOT values (1872, 1866, 1879, 810, 8.750, 210.65, 29.60, 8.751, 210.68, 29.66, 0.010, 342.91, 55.22);
insert into SHOT values (1873, 1866, 1880, 810, 7.170, 323.35, 43.90, 7.181, 323.33, 43.91, 0.011, 310.73, 46.56);
insert into SHOT values (1874, 1866, 1881, 810, 18.760, 180.25, 68.30, 18.757, 180.25, 68.32, 0.006, 0.71, -4.72);
insert into SHOT values (1875, 1866, 1882, 810, 13.930, 134.65, 25.70, 13.929, 134.64, 25.70, 0.001, 6.07, -41.38);
insert into SHOT values (1876, 1866, 1883, 810, 34.080, 118.45, 18.60, 34.069, 118.45, 18.61, 0.012, 304.77, -0.65);
insert into SHOT values (1877, 1866, 1884, 810, 25.590, 92.65, 19.50, 25.586, 92.64, 19.52, 0.011, 305.79, 44.84);
insert into SHOT values (1878, 1866, 1885, 810, 10.860, 75.15, 30.50, 10.861, 75.13, 30.55, 0.010, 288.62, 58.65);
insert into SHOT values (1879, 1866, 1886, 810, 11.490, 92.65, 9.00, 11.484, 92.63, 9.02, 0.008, 304.39, 18.28);
insert into SHOT values (1880, 1866, 1887, 810, 36.860, 108.55, 24.30, 36.851, 108.54, 24.31, 0.011, 305.37, 7.92);
insert into SHOT values (1881, 1866, 1888, 810, 26.860, 112.15, 40.90, 26.858, 112.14, 40.91, 0.007, 314.80, 32.21);
insert into SHOT values (1882, 1866, 1889, 810, 17.800, 90.15, 44.50, 17.799, 90.14, 44.52, 0.008, 296.48, 30.42);
insert into SHOT values (1883, 1866, 1890, 810, 23.600, 96.75, 39.20, 23.601, 96.75, 39.21, 0.005, 245.95, 62.19);
insert into SHOT values (1884, 1866, 1891, 810, 11.370, 101.25, 8.10, 11.370, 101.22, 8.14, 0.010, 356.65, 54.08);
insert into SHOT values (1885, 1866, 1892, 810, 27.340, 277.35, 40.60, 27.347, 277.36, 40.61, 0.009, 337.67, 55.83);
insert into SHOT values (1886, 1892, 1893, 810, 32.090, 103.15, 12.90, 32.090, 103.16, 12.89, 0.006, 180.57, -41.92);
insert into SHOT values (1887, 1892, 1894, 810, 28.110, 103.15, 12.80, 28.107, 103.16, 12.79, 0.009, 211.69, -55.14);
insert into SHOT values (1888, 1892, 1895, 810, 33.940, 103.15, 12.90, 33.934, 103.16, 12.89, 0.010, 234.38, -43.56);
insert into SHOT values (1889, 1866, 1896, 810, 32.090, 103.25, 12.90, 32.084, 103.25, 12.91, 0.010, 259.46, 37.44);
insert into SHOT values (1890, 1896, 1897, 810, 9.220, 186.75, 26.40, 9.219, 186.75, 26.41, 0.001, 20.20, 19.27);
insert into SHOT values (1891, 1896, 1898, 810, 2.090, 172.95, -64.50, 2.092, 172.95, -64.62, 0.005, 351.22, -50.19);
insert into SHOT values (1892, 1896, 1899, 810, 4.180, 115.35, -21.50, 4.182, 115.25, -21.46, 0.008, 46.49, 15.13);
insert into SHOT values (1893, 1896, 1900, 810, 16.960, 127.25, 3.80, 16.957, 127.24, 3.79, 0.005, 344.56, -53.52);
insert into SHOT values (1894, 1896, 1901, 810, 14.080, 134.35, 27.20, 14.078, 134.32, 27.18, 0.009, 51.45, -44.10);
insert into SHOT values (1895, 1896, 1902, 810, 10.710, 161.85, 27.10, 10.711, 161.85, 27.10, 0.001, 214.83, 72.93);
insert into SHOT values (1896, 1896, 1903, 810, 7.780, 143.25, 69.00, 7.776, 143.17, 69.01, 0.005, 23.98, -37.10);
insert into SHOT values (1897, 1896, 1904, 810, 3.730, 29.35, 64.90, 3.733, 29.48, 64.87, 0.005, 79.78, 25.98);
insert into SHOT values (1898, 1896, 1905, 810, 5.150, 258.95, -15.20, 5.142, 258.96, -15.22, 0.008, 70.76, 1.93);
insert into SHOT values (1899, 1896, 1906, 810, 14.650, 255.65, 4.30, 14.647, 255.65, 4.31, 0.003, 69.33, 26.99);
insert into SHOT values (1900, 1896, 1907, 810, 23.220, 294.25, 2.10, 23.213, 294.26, 2.10, 0.007, 89.35, -6.91);
insert into SHOT values (1901, 1896, 1908, 810, 8.350, 112.05, 30.90, 8.350, 112.05, 30.91, 0.002, 245.71, 64.13);
insert into SHOT values (1902, 1896, 1909, 810, 6.040, 88.35, 29.10, 6.045, 88.26, 29.10, 0.009, 30.27, 15.49);
insert into SHOT values (1903, 1896, 1910, 810, 8.650, 120.85, 0.40, 8.651, 120.80, 0.40, 0.007, 36.30, -3.35);
insert into SHOT values (1904, 1910, 1911, 810, 2.670, 96.35, -53.80, 2.676, 96.54, -53.81, 0.008, 153.95, -40.82);
insert into SHOT values (1905, 1910, 1912, 810, 7.360, 183.35, 0.60, 7.363, 183.35, 0.62, 0.004, 182.66, 44.58);
insert into SHOT values (1906, 1910, 1913, 810, 8.580, 185.05, 55.00, 8.580, 185.02, 55.02, 0.004, 54.40, 23.97);
insert into SHOT values (1907, 1910, 1914, 810, 5.970, 21.45, 61.10, 5.970, 21.39, 61.17, 0.008, 222.94, 25.29);
insert into SHOT values (1908, 1910, 1915, 810, 6.520, 2.25, 23.00, 6.523, 2.20, 23.01, 0.007, 298.19, 21.43);
insert into SHOT values (1909, 1910, 1916, 810, 10.980, 7.55, 15.80, 10.977, 7.56, 15.81, 0.004, 149.58, 4.97);
insert into SHOT values (1910, 1910, 1917, 810, 4.720, 5.05, -6.60, 4.719, 5.02, -6.57, 0.004, 258.47, 43.34);
insert into SHOT values (1911, 1910, 1918, 810, 9.950, 61.75, -1.70, 9.950, 61.73, -1.73, 0.005, 339.15, -62.89);
insert into SHOT values (1912, 1910, 1919, 810, 14.240, 104.85, -1.00, 14.238, 104.86, -1.01, 0.003, 240.24, -28.25);
insert into SHOT values (1913, 1910, 1920, 810, 19.870, 98.15, -0.10, 19.871, 98.16, -0.12, 0.006, 170.16, -55.08);
insert into SHOT values (1914, 1910, 1921, 810, 13.480, 88.95, -13.20, 13.479, 88.95, -13.21, 0.003, 242.62, -44.86);
insert into SHOT values (1915, 1910, 1922, 810, 21.330, 82.55, -5.20, 21.326, 82.56, -5.19, 0.006, 210.18, 29.64);
insert into SHOT values (1916, 1910, 1923, 810, 6.550, 89.75, 6.80, 6.546, 89.74, 6.76, 0.007, 290.54, -53.37);
insert into SHOT values (1917, 1910, 1924, 810, 6.310, 93.95, 48.50, 6.305, 93.98, 48.47, 0.006, 210.02, -67.78);
insert into SHOT values (1918, 1910, 1925, 810, 8.050, 229.45, 12.50, 8.049, 229.44, 12.49, 0.003, 107.45, -54.77);
insert into SHOT values (1919, 1896, 1926, 810, 6.440, 247.75, -6.30, 6.435, 247.77, -6.33, 0.007, 48.36, -29.24);
insert into SHOT values (1920, 1926, 1927, 810, 8.350, 230.55, -2.50, 8.348, 230.55, -2.47, 0.005, 62.08, 69.18);
insert into SHOT values (1921, 1926, 1928, 810, 9.510, 283.95, -22.30, 9.511, 283.94, -22.31, 0.002, 217.20, -49.65);
insert into SHOT values (1922, 1926, 1929, 810, 19.480, 310.25, -2.80, 19.479, 310.25, -2.80, 0.002, 161.58, 54.72);
insert into SHOT values (1923, 1926, 1930, 810, 7.830, 196.25, -4.70, 7.830, 196.30, -4.69, 0.007, 286.85, 13.07);
insert into SHOT values (1924, 1930, 1931, 810, 7.030, 111.55, -43.40, 7.037, 111.55, -43.34, 0.010, 113.33, 1.29);
insert into SHOT values (1925, 1930, 1932, 810, 2.060, 102.25, -41.70, 2.065, 102.33, -41.55, 0.008, 118.04, 2.73);
insert into SHOT values (1926, 1930, 1933, 810, 2.700, 121.25, -40.20, 2.703, 121.15, -40.07, 0.007, 91.72, 21.53);
insert into SHOT values (1927, 1930, 1934, 810, 4.740, 113.35, -47.00, 4.743, 113.31, -47.02, 0.004, 60.04, -55.08);
insert into SHOT values (1928, 1930, 1935, 810, 5.690, 106.85, -34.00, 5.694, 106.86, -33.95, 0.006, 117.61, 16.92);
insert into SHOT values (1929, 1930, 1936, 810, 1.960, 187.85, -76.70, 1.963, 187.59, -76.63, 0.004, 154.71, -34.93);
insert into SHOT values (1930, 1930, 1937, 810, 6.210, 275.85, -42.60, 6.202, 275.79, -42.63, 0.010, 128.16, 19.94);
insert into SHOT values (1931, 1930, 1938, 810, 6.890, 111.75, -42.90, 6.891, 111.74, -42.89, 0.002, 85.55, 4.65);
insert into SHOT values (1932, 1938, 1939, 810, 2.600, 190.65, -15.10, 2.603, 190.55, -15.14, 0.006, 127.94, -28.86);
insert into SHOT values (1933, 1938, 1940, 810, 5.510, 118.45, -12.80, 5.515, 118.42, -12.78, 0.006, 94.38, 7.24);
insert into SHOT values (1934, 1938, 1941, 810, 10.810, 104.45, -8.90, 10.809, 104.48, -8.89, 0.006, 201.39, 23.10);
insert into SHOT values (1935, 1938, 1942, 810, 4.550, 95.65, -9.30, 4.552, 95.62, -9.36, 0.005, 39.58, -61.77);
insert into SHOT values (1936, 1938, 1943, 810, 8.950, 100.45, -17.20, 8.953, 100.44, -17.22, 0.004, 76.04, -58.54);
insert into SHOT values (1937, 1938, 1944, 810, 2.100, 134.25, 6.40, 2.106, 134.23, 6.27, 0.008, 126.77, -32.68);
insert into SHOT values (1938, 1938, 1945, 810, 2.220, 183.95, 50.50, 2.218, 183.65, 50.44, 0.008, 99.86, -22.26);
insert into SHOT values (1939, 1938, 1946, 810, 3.750, 246.15, 12.40, 3.751, 246.16, 12.47, 0.005, 344.89, 77.60);
insert into SHOT values (1940, 1938, 1947, 810, 7.210, 258.25, -11.10, 7.204, 258.24, -11.13, 0.007, 81.86, -15.53);
insert into SHOT values (1941, 1938, 1948, 810, 12.940, 259.95, -12.70, 12.943, 259.92, -12.72, 0.009, 182.85, -37.38);
insert into SHOT values (1942, 1938, 1949, 810, 4.820, 280.85, -9.30, 4.818, 280.79, -9.32, 0.006, 162.72, -10.99);
insert into SHOT values (1943, 1938, 1950, 810, 1.860, 288.05, -6.70, 1.854, 288.04, -6.82, 0.007, 110.02, -23.71);
insert into SHOT values (1944, 1938, 1951, 810, 1.460, 291.25, 6.10, 1.454, 291.07, 5.92, 0.009, 153.60, -36.95);
insert into SHOT values (1945, 1938, 1952, 810, 0.660, 118.55, -80.70, 0.660, 116.57, -80.24, 0.007, 81.24, 11.72);
insert into SHOT values (1946, 1938, 1953, 810, 1.390, 174.95, -46.30, 1.396, 174.64, -46.33, 0.008, 122.02, -38.34);
insert into SHOT values (1947, 1938, 1954, 810, 11.480, 102.25, -3.80, 11.486, 102.24, -3.79, 0.006, 88.62, 7.84);
insert into SHOT values (1948, 1938, 1955, 810, 9.410, 260.65, -11.10, 9.408, 260.65, -11.09, 0.002, 70.51, 51.03);
insert into SHOT values (1949, 1955, 1956, 810, 1.020, 197.35, -6.30, 1.021, 197.19, -6.18, 0.004, 134.64, 30.73);
insert into SHOT values (1950, 1955, 1957, 810, 0.950, 283.15, -75.40, 0.950, 282.26, -75.65, 0.006, 144.52, -7.02);
insert into SHOT values (1951, 1955, 1958, 810, 3.410, 277.35, -26.20, 3.408, 277.33, -26.30, 0.006, 106.51, -43.44);
insert into SHOT values (1952, 1955, 1959, 810, 6.050, 279.85, -17.80, 6.044, 279.81, -17.82, 0.008, 133.81, -4.08);
insert into SHOT values (1953, 1955, 1960, 810, 6.080, 283.95, 14.90, 6.075, 283.89, 14.88, 0.008, 159.83, -26.65);
insert into SHOT values (1954, 1955, 1961, 810, 1.690, 232.35, 1.60, 1.691, 232.45, 1.69, 0.004, 308.13, 41.73);
insert into SHOT values (1955, 1955, 1962, 810, 3.450, 302.35, -10.90, 3.446, 302.33, -10.87, 0.004, 143.10, 35.40);
insert into SHOT values (1956, 1955, 1963, 810, 4.610, 151.45, -12.10, 4.614, 151.39, -12.14, 0.007, 96.08, -32.98);
insert into SHOT values (1957, 1955, 1964, 810, 2.620, 126.15, -2.80, 2.621, 126.30, -2.84, 0.007, 205.99, -15.88);
insert into SHOT values (1958, 1955, 1965, 810, 1.630, 137.35, -20.20, 1.635, 137.37, -20.03, 0.007, 144.10, 25.16);
insert into SHOT values (1959, 1955, 1966, 810, 2.030, 132.05, 0.70, 2.032, 132.01, 0.56, 0.006, 100.39, -60.44);
insert into SHOT values (1960, 1955, 1967, 810, 6.960, 280.85, -8.40, 6.957, 280.80, -8.43, 0.007, 158.85, -27.27);
insert into SHOT values (1961, 1967, 1968, 810, 1.860, 190.85, 2.80, 1.856, 190.89, 2.78, 0.005, 355.71, -10.62);
insert into SHOT values (1962, 1967, 1969, 810, 0.980, 225.55, -62.80, 0.977, 225.91, -62.88, 0.004, 356.45, 23.67);
insert into SHOT values (1963, 1967, 1970, 810, 1.630, 333.45, -20.60, 1.632, 333.60, -20.44, 0.007, 21.51, 32.36);
insert into SHOT values (1964, 1967, 1971, 810, 2.310, 297.35, 4.60, 2.316, 297.34, 4.71, 0.007, 294.64, 41.91);
insert into SHOT values (1965, 1967, 1972, 810, 2.320, 263.15, 15.30, 2.317, 263.32, 15.26, 0.008, 14.44, -16.91);
insert into SHOT values (1966, 1967, 1973, 810, 4.230, 247.05, -6.80, 4.233, 247.03, -6.78, 0.003, 227.14, 15.34);
insert into SHOT values (1967, 1967, 1974, 810, 5.350, 276.45, -7.10, 5.355, 276.48, -7.08, 0.006, 309.13, 12.04);
insert into SHOT values (1968, 1967, 1975, 810, 9.300, 267.65, -0.50, 9.298, 267.66, -0.49, 0.003, 49.14, 25.74);
insert into SHOT values (1969, 1967, 1976, 810, 10.760, 285.85, -1.80, 10.765, 285.86, -1.81, 0.005, 305.66, -21.71);
insert into SHOT values (1970, 1967, 1977, 810, 5.220, 292.75, -3.40, 5.226, 292.78, -3.40, 0.007, 318.11, -3.55);
insert into SHOT values (1971, 1967, 1978, 810, 4.560, 116.25, 24.20, 4.560, 116.26, 24.21, 0.001, 217.30, 49.89);
insert into SHOT values (1972, 1967, 1979, 810, 7.920, 273.65, 2.40, 7.923, 273.69, 2.39, 0.007, 335.19, -13.10);
insert into SHOT values (1973, 1979, 1980, 810, 0.940, 284.35, -74.80, 0.933, 284.04, -74.63, 0.007, 228.80, 77.06);
insert into SHOT values (1974, 1979, 1981, 810, 2.350, 210.15, -13.00, 2.350, 210.15, -13.03, 0.001, 36.96, -88.66);
insert into SHOT values (1975, 1979, 1982, 810, 2.370, 261.75, -15.10, 2.364, 261.69, -14.95, 0.009, 109.69, 57.23);
insert into SHOT values (1976, 1979, 1983, 810, 3.850, 300.35, -14.20, 3.845, 300.28, -14.15, 0.007, 171.06, 37.03);
insert into SHOT values (1977, 1979, 1984, 810, 6.210, 319.95, -11.70, 6.205, 319.94, -11.72, 0.006, 148.19, -7.01);
insert into SHOT values (1978, 1979, 1985, 810, 5.610, 350.85, -11.10, 5.604, 350.90, -11.11, 0.007, 131.86, 0.37);
insert into SHOT values (1979, 1979, 1986, 810, 5.850, 24.35, -15.20, 5.847, 24.39, -15.17, 0.006, 142.09, 43.00);
insert into SHOT values (1980, 1979, 1987, 810, 3.110, 54.85, -17.30, 3.111, 54.87, -17.20, 0.005, 78.47, 65.10);
insert into SHOT values (1981, 1979, 1988, 810, 1.020, 25.45, 33.30, 1.021, 25.67, 33.25, 0.004, 86.96, -0.05);
insert into SHOT values (1982, 1979, 1989, 810, 4.370, 72.35, -13.40, 4.369, 72.33, -13.37, 0.003, 317.69, 64.36);
insert into SHOT values (1983, 1979, 1990, 810, 2.130, 140.35, -7.50, 2.134, 140.37, -7.27, 0.009, 149.00, 59.44);
insert into SHOT values (1984, 1979, 1991, 810, 7.800, 325.25, -9.30, 7.798, 325.22, -9.30, 0.005, 207.08, 5.77);
insert into SHOT values (1985, 1979, 1992, 810, 8.040, 326.35, -10.30, 8.033, 326.35, -10.25, 0.010, 144.12, 51.78);
insert into SHOT values (1986, 1955, 1993, 810, 4.400, 144.95, -2.80, 4.406, 144.90, -2.86, 0.008, 110.87, -38.06);
insert into SHOT values (1987, 1993, 1994, 810, 3.690, 91.75, -39.00, 3.684, 91.80, -39.03, 0.007, 248.44, 17.84);
insert into SHOT values (1988, 1993, 1995, 810, 11.650, 108.95, -28.00, 11.643, 108.96, -28.02, 0.009, 270.99, -4.20);
insert into SHOT values (1989, 1993, 1996, 810, 1.950, 39.65, -29.60, 1.944, 39.72, -29.60, 0.007, 198.74, 28.74);
insert into SHOT values (1990, 1993, 1997, 810, 1.510, 31.15, -63.70, 1.504, 30.82, -63.82, 0.008, 246.94, 29.27);
insert into SHOT values (1991, 1993, 1998, 810, 1.320, 188.75, -62.30, 1.323, 189.31, -62.15, 0.008, 242.01, -9.61);
insert into SHOT values (1992, 1993, 1999, 810, 7.080, 91.05, 35.50, 7.077, 91.09, 35.50, 0.006, 213.27, -14.26);
insert into SHOT values (1993, 1993, 2000, 810, 9.620, 98.75, 23.10, 9.618, 98.78, 23.14, 0.009, 234.15, 38.94);
insert into SHOT values (1994, 1993, 2001, 810, 16.180, 101.95, -3.20, 16.176, 101.97, -3.19, 0.008, 221.17, 23.79);
insert into SHOT values (1995, 1993, 2002, 810, 13.330, 102.85, -12.90, 13.321, 102.86, -12.88, 0.010, 265.98, 35.68);
insert into SHOT values (1996, 1993, 2003, 810, 7.610, 109.95, -10.40, 7.603, 109.94, -10.38, 0.008, 302.08, 28.39);
insert into SHOT values (1997, 1993, 2004, 810, 11.330, 110.05, -28.10, 11.321, 110.09, -28.09, 0.012, 247.13, 34.32);
insert into SHOT values (1998, 1993, 2005, 810, 3.680, 285.95, -22.00, 3.689, 285.95, -21.96, 0.010, 284.86, -8.56);
insert into SHOT values (1999, 1993, 2006, 810, 1.840, 333.95, -4.20, 1.843, 333.85, -4.05, 0.006, 288.74, 47.84);
insert into SHOT values (2000, 1993, 2007, 810, 2.280, 336.55, -20.90, 2.276, 336.45, -20.85, 0.006, 209.87, 35.80);
insert into SHOT values (2001, 1993, 2008, 810, 3.990, 341.05, -7.40, 3.989, 340.97, -7.35, 0.007, 245.29, 35.46);
insert into SHOT values (2002, 1993, 2009, 810, 1.630, 5.35, -8.70, 1.625, 5.36, -8.49, 0.008, 182.55, 57.14);
insert into SHOT values (2003, 1993, 2010, 810, 2.900, 285.25, -19.40, 2.900, 285.26, -19.33, 0.003, 301.72, 71.06);
insert into SHOT values (2004, 1993, 2011, 810, 11.670, 108.85, -27.40, 11.666, 108.87, -27.41, 0.006, 242.02, 5.14);
insert into SHOT values (2005, 1910, 2012, 810, 32.100, 82.35, -0.40, 32.096, 82.35, -0.41, 0.008, 220.85, -48.53);
insert into SHOT values (2006, 2012, 2013, 810, 11.920, 83.95, 8.10, 11.925, 83.92, 8.10, 0.008, 38.45, 3.48);
insert into SHOT values (2007, 2012, 2014, 810, 5.530, 80.65, 72.40, 5.538, 80.71, 72.43, 0.009, 176.07, 79.09);
insert into SHOT values (2008, 2012, 2015, 810, 5.990, 221.15, 54.20, 5.990, 221.06, 54.23, 0.006, 105.37, 16.55);
insert into SHOT values (2009, 2012, 2016, 810, 9.710, 206.75, 11.20, 9.703, 206.73, 11.23, 0.010, 50.30, 23.67);
insert into SHOT values (2010, 2012, 2017, 810, 0.990, 209.85, -32.50, 0.984, 209.66, -32.61, 0.007, 52.98, 15.45);
insert into SHOT values (2011, 2012, 2018, 810, 26.610, 182.75, 6.90, 26.603, 182.73, 6.91, 0.010, 44.40, 18.15);
insert into SHOT values (2012, 2012, 2019, 810, 14.650, 154.75, 21.20, 14.649, 154.73, 21.21, 0.005, 44.80, 24.77);
insert into SHOT values (2013, 2012, 2020, 810, 17.010, 104.85, 19.20, 17.013, 104.82, 19.22, 0.009, 21.41, 40.25);
insert into SHOT values (2014, 2012, 2021, 810, 39.600, 138.45, 9.50, 39.604, 138.45, 9.51, 0.006, 110.14, 45.43);
insert into SHOT values (2015, 2012, 2022, 810, 18.430, 145.45, 5.30, 18.428, 145.44, 5.32, 0.009, 26.41, 57.43);
insert into SHOT values (2016, 2012, 2023, 810, 6.400, 166.15, 0.90, 6.397, 166.16, 0.99, 0.010, 327.12, 68.60);
insert into SHOT values (2017, 2012, 2024, 810, 14.020, 37.95, 6.60, 14.022, 37.97, 6.63, 0.010, 113.57, 55.01);
insert into SHOT values (2018, 2012, 2025, 810, 26.900, 30.25, -4.30, 26.896, 30.25, -4.29, 0.008, 232.28, 63.34);
insert into SHOT values (2019, 2012, 2026, 810, 31.760, 9.85, 0.90, 31.762, 9.84, 0.90, 0.003, 318.83, 24.35);
insert into SHOT values (2020, 2012, 2027, 810, 6.950, 322.95, 9.40, 6.948, 322.95, 9.44, 0.006, 148.81, 61.47);
insert into SHOT values (2021, 2012, 2028, 810, 6.550, 299.25, 10.00, 6.551, 299.23, 10.02, 0.004, 228.07, 45.75);
insert into SHOT values (2022, 2012, 2029, 810, 1.360, 356.85, -33.50, 1.358, 356.96, -33.54, 0.003, 135.25, 10.76);
insert into SHOT values (2023, 2012, 2030, 810, 8.250, 352.25, -4.60, 8.252, 352.24, -4.59, 0.003, 333.82, 40.61);
insert into SHOT values (2024, 2012, 2031, 810, 6.430, 7.55, 38.50, 6.436, 7.53, 38.54, 0.007, 323.87, 76.17);
insert into SHOT values (2025, 2012, 2032, 810, 14.730, 235.65, 5.60, 14.727, 235.65, 5.61, 0.004, 55.39, 36.31);
insert into SHOT values (2026, 2012, 2033, 810, 23.600, 246.95, 0.10, 23.595, 246.94, 0.12, 0.010, 82.06, 57.41);
insert into SHOT values (2027, 2012, 2034, 810, 23.130, 270.45, 0.10, 23.131, 270.45, 0.10, 0.001, 215.59, -16.13);
insert into SHOT values (2028, 2012, 2035, 810, 11.410, 281.45, 1.20, 11.411, 281.48, 1.21, 0.006, 5.25, 10.25);
insert into SHOT values (2029, 2012, 2036, 810, 10.960, 261.35, 16.50, 10.963, 261.35, 16.53, 0.007, 310.00, 80.63);
insert into SHOT values (2030, 2012, 2037, 810, 17.930, 260.45, 4.00, 17.933, 260.44, 4.03, 0.010, 218.82, 74.24);
insert into SHOT values (2031, 2012, 2038, 810, 25.700, 260.05, -5.80, 25.696, 260.04, -5.78, 0.008, 110.35, 60.84);
insert into SHOT values (2032, 2012, 2039, 810, 6.150, 263.55, -9.90, 6.149, 263.56, -9.83, 0.007, 4.31, 84.23);
insert into SHOT values (2033, 2012, 2040, 810, 5.970, 301.85, -1.60, 5.971, 301.85, -1.54, 0.007, 322.36, 79.19);
insert into SHOT values (2034, 2012, 2041, 810, 5.640, 300.95, 25.30, 5.636, 300.94, 25.31, 0.004, 126.28, -4.47);
insert into SHOT values (2035, 2012, 2042, 810, 40.530, 137.65, 8.30, 40.533, 137.65, 8.31, 0.009, 119.30, 77.16);
insert into SHOT_FLAG values(2035, 'dpl');
insert into SHOT values (2036, 2012, 2043, 810, 24.290, 340.85, -3.60, 24.288, 340.85, -3.59, 0.006, 96.98, 59.40);
insert into SHOT values (2037, 2043, 2044, 810, 2.400, 235.05, 9.60, 2.397, 235.17, 9.61, 0.006, 355.77, -2.47);
insert into SHOT values (2038, 2043, 2045, 810, 5.290, 135.85, 64.70, 5.286, 135.90, 64.73, 0.006, 293.64, -26.72);
insert into SHOT values (2039, 2043, 2046, 810, 15.360, 85.85, 22.80, 15.357, 85.83, 22.80, 0.006, 331.50, -21.86);
insert into SHOT values (2040, 2043, 2047, 810, 18.550, 86.25, 1.60, 18.547, 86.23, 1.61, 0.008, 335.79, 15.51);
insert into SHOT values (2041, 2043, 2048, 810, 2.160, 93.95, -9.90, 2.157, 93.78, -9.88, 0.007, 336.87, 10.91);
insert into SHOT values (2042, 2043, 2049, 810, 8.120, 125.65, -7.80, 8.123, 125.65, -7.78, 0.004, 117.05, 33.83);
insert into SHOT values (2043, 2043, 2050, 810, 15.880, 146.15, -0.90, 15.872, 146.15, -0.90, 0.008, 323.65, -4.05);
insert into SHOT values (2044, 2043, 2051, 810, 22.730, 128.15, 5.20, 22.727, 128.15, 5.20, 0.003, 328.09, -1.49);
insert into SHOT values (2045, 2043, 2052, 810, 12.850, 166.25, 2.80, 12.843, 166.25, 2.81, 0.007, 351.98, 18.47);
insert into SHOT values (2046, 2043, 2053, 810, 15.030, 279.45, -14.00, 15.036, 279.47, -14.01, 0.008, 324.19, -28.04);
insert into SHOT values (2047, 2043, 2054, 810, 18.200, 307.15, -13.30, 18.205, 307.15, -13.31, 0.006, 330.31, -33.11);
insert into SHOT values (2048, 2043, 2055, 810, 22.340, 322.45, -11.60, 22.341, 322.44, -11.59, 0.003, 281.07, 40.05);
insert into SHOT values (2049, 2043, 2056, 810, 13.550, 346.15, -4.60, 13.556, 346.17, -4.61, 0.008, 28.70, -24.30);
insert into SHOT values (2050, 2043, 2057, 810, 10.320, 322.65, 19.20, 10.319, 322.67, 19.18, 0.006, 47.60, -44.70);
insert into SHOT values (2051, 2043, 2058, 810, 20.740, 309.55, -3.90, 20.747, 309.55, -3.90, 0.007, 315.51, 5.42);
insert into SHOT values (2052, 2043, 2059, 810, 21.880, 306.25, -5.90, 21.879, 306.25, -5.90, 0.002, 58.60, -22.16);
insert into SHOT values (2053, 2043, 2060, 810, 22.800, 68.25, 8.10, 22.797, 68.23, 8.09, 0.008, 313.06, -19.14);
insert into SHOT_FLAG values(2053, 'dpl');
insert into SHOT values (2054, 2043, 2061, 810, 32.690, 305.65, -8.30, 32.692, 305.64, -8.30, 0.005, 238.30, -11.73);
insert into SHOT values (2055, 2061, 2062, 810, 4.160, 244.85, -13.60, 4.157, 244.96, -13.64, 0.009, 359.96, -12.04);
insert into SHOT values (2056, 2061, 2063, 810, 1.740, 223.05, -46.80, 1.740, 222.95, -46.89, 0.003, 81.91, -27.19);
insert into SHOT values (2057, 2061, 2064, 810, 4.780, 229.05, 57.70, 4.779, 229.13, 57.72, 0.004, 347.54, -4.81);
insert into SHOT values (2058, 2061, 2065, 810, 1.150, 8.95, -65.10, 1.148, 9.46, -64.92, 0.006, 70.04, 31.88);
insert into SHOT values (2059, 2061, 2066, 810, 8.460, 42.25, -0.90, 8.468, 42.22, -0.88, 0.009, 17.54, 18.18);
insert into SHOT values (2060, 2061, 2067, 810, 13.100, 354.65, 19.20, 13.103, 354.67, 19.20, 0.005, 55.88, 21.78);
insert into SHOT values (2061, 2061, 2068, 810, 10.590, 310.05, 8.00, 10.585, 310.09, 7.98, 0.009, 73.26, -25.38);
insert into SHOT values (2062, 2061, 2069, 810, 3.920, 334.75, -5.90, 3.921, 334.81, -5.85, 0.006, 45.21, 31.70);
insert into SHOT values (2063, 2061, 2070, 810, 22.610, 352.75, 5.10, 22.619, 352.76, 5.10, 0.010, 15.44, 0.57);
insert into SHOT values (2064, 2061, 2071, 810, 4.430, 220.65, -19.20, 4.425, 220.63, -19.27, 0.007, 51.55, -24.94);
insert into SHOT values (2065, 2061, 2072, 810, 8.310, 186.75, -21.20, 8.304, 186.75, -21.18, 0.006, 6.20, 52.20);
insert into SHOT values (2066, 2061, 2073, 810, 10.440, 194.85, -11.70, 10.439, 194.85, -11.72, 0.003, 353.41, -59.36);
insert into SHOT values (2067, 2061, 2074, 810, 10.860, 149.05, -2.50, 10.856, 149.04, -2.48, 0.006, 358.51, 38.25);
insert into SHOT values (2068, 2061, 2075, 810, 17.070, 136.95, 2.50, 17.074, 136.92, 2.48, 0.010, 77.16, -28.72);
insert into SHOT values (2069, 2061, 2076, 810, 10.720, 103.25, 2.50, 10.724, 103.22, 2.51, 0.007, 49.92, 19.31);
insert into SHOT values (2070, 2061, 2077, 810, 6.740, 122.45, -9.80, 6.743, 122.40, -9.82, 0.007, 56.36, -23.72);
insert into SHOT values (2071, 2061, 2078, 810, 7.990, 124.55, 16.30, 7.987, 124.48, 16.29, 0.010, 21.64, -14.59);
insert into SHOT values (2072, 2061, 2079, 810, 16.440, 176.25, -9.80, 16.435, 176.25, -9.81, 0.006, 0.30, -18.04);
insert into SHOT values (2073, 2061, 2080, 810, 18.220, 175.95, -9.90, 18.216, 175.94, -9.89, 0.005, 25.83, 30.87);
insert into SHOT values (2074, 2061, 2081, 810, 23.290, 333.35, -0.20, 23.291, 333.37, -0.20, 0.008, 56.23, 8.79);
insert into SHOT values (2075, 2081, 2082, 810, 2.420, 28.45, 44.70, 2.417, 28.50, 44.69, 0.003, 166.47, -41.65);
insert into SHOT values (2076, 2081, 2083, 810, 4.090, 186.85, 73.80, 4.092, 187.06, 73.84, 0.005, 306.70, 26.05);
insert into SHOT values (2077, 2081, 2084, 810, 6.110, 215.55, -27.40, 6.110, 215.62, -27.38, 0.007, 299.72, 14.28);
insert into SHOT values (2078, 2081, 2085, 810, 12.390, 205.75, 4.00, 12.388, 205.76, 3.98, 0.005, 346.34, -57.89);
insert into SHOT values (2079, 2081, 2086, 810, 10.400, 202.95, 39.00, 10.398, 203.01, 38.98, 0.010, 286.98, -28.52);
insert into SHOT values (2080, 2081, 2087, 810, 29.920, 159.25, 5.20, 29.914, 159.26, 5.20, 0.009, 296.90, -11.59);
insert into SHOT values (2081, 2081, 2088, 810, 15.300, 144.25, 25.10, 15.294, 144.26, 25.11, 0.007, 309.62, -2.13);
insert into SHOT values (2082, 2081, 2089, 810, 14.930, 147.65, 44.00, 14.925, 147.67, 44.01, 0.008, 291.38, -9.48);
insert into SHOT values (2083, 2081, 2090, 810, 18.800, 131.15, 6.00, 18.798, 131.14, 5.98, 0.006, 19.55, -59.37);
insert into SHOT values (2084, 2081, 2091, 810, 6.370, 151.25, -19.80, 6.366, 151.25, -19.84, 0.006, 327.20, -22.67);
insert into SHOT values (2085, 2081, 2092, 810, 14.660, 145.05, -4.90, 14.654, 145.07, -4.89, 0.008, 284.16, 15.42);
insert into SHOT values (2086, 2081, 2093, 810, 18.800, 251.45, 0.40, 18.807, 251.46, 0.40, 0.008, 279.43, -9.54);
insert into SHOT values (2087, 2081, 2094, 810, 5.630, 225.05, -31.80, 5.634, 225.08, -31.82, 0.005, 278.73, -40.81);
insert into SHOT values (2088, 2081, 2095, 810, 10.240, 246.15, -32.50, 10.239, 246.17, -32.49, 0.003, 331.09, 37.08);
insert into SHOT values (2089, 2081, 2096, 810, 16.530, 264.65, -13.60, 16.534, 264.64, -13.61, 0.005, 246.39, -38.95);
insert into SHOT values (2090, 2081, 2097, 810, 44.900, 284.85, -2.40, 44.908, 284.85, -2.40, 0.008, 297.53, 1.49);
insert into SHOT values (2091, 2081, 2098, 810, 41.610, 287.05, 2.90, 41.608, 287.04, 2.89, 0.006, 170.71, -54.69);
insert into SHOT values (2092, 2081, 2099, 810, 36.330, 298.45, -1.40, 36.335, 298.44, -1.40, 0.007, 258.87, -19.67);
insert into SHOT values (2093, 2081, 2100, 810, 26.800, 260.15, 1.90, 26.799, 260.15, 1.90, 0.003, 6.03, 26.72);
insert into SHOT values (2094, 2081, 2101, 810, 17.610, 268.55, -6.60, 17.613, 268.56, -6.62, 0.007, 323.47, -56.82);
insert into SHOT values (2095, 2101, 2102, 810, 5.930, 222.65, 6.90, 5.932, 222.66, 6.97, 0.008, 272.59, 78.57);
insert into SHOT values (2096, 2101, 2103, 810, 15.130, 265.85, 6.30, 15.132, 265.84, 6.34, 0.010, 212.92, 81.06);
insert into SHOT values (2097, 2101, 2104, 810, 18.150, 300.55, 12.50, 18.147, 300.53, 12.51, 0.007, 177.66, 14.26);
insert into SHOT values (2098, 2101, 2105, 810, 23.510, 319.15, 2.60, 23.505, 319.14, 2.61, 0.006, 156.56, 33.79);
insert into SHOT values (2099, 2101, 2106, 810, 5.760, 1.85, -10.50, 5.758, 1.82, -10.41, 0.010, 257.38, 74.13);
insert into SHOT values (2100, 2101, 2107, 810, 16.550, 354.65, -4.50, 16.542, 354.64, -4.47, 0.011, 189.65, 49.85);
insert into SHOT values (2101, 2101, 2108, 810, 12.090, 7.75, 1.00, 12.082, 7.75, 1.04, 0.012, 178.36, 49.12);
insert into SHOT values (2102, 2101, 2109, 810, 10.560, 30.65, -2.20, 10.562, 30.65, -2.17, 0.006, 23.96, 69.77);
insert into SHOT values (2103, 2101, 2110, 810, 6.810, 14.75, -14.80, 6.799, 14.71, -14.74, 0.013, 220.72, 45.50);
insert into SHOT values (2104, 2101, 2111, 810, 24.160, 11.85, -4.30, 24.162, 11.86, -4.30, 0.004, 68.58, 22.51);
insert into SHOT values (2105, 2101, 2112, 810, 26.340, 27.65, -7.10, 26.337, 27.65, -7.09, 0.007, 167.09, 58.68);
insert into SHOT values (2106, 2101, 2113, 810, 29.940, 0.35, -5.60, 29.933, 0.35, -5.60, 0.007, 190.53, 13.75);
insert into SHOT values (2107, 2101, 2114, 810, 3.270, 257.05, -50.00, 3.267, 257.09, -49.93, 0.005, 305.13, 69.02);
insert into SHOT values (2108, 2101, 2115, 810, 7.180, 268.35, -39.30, 7.180, 268.35, -39.22, 0.010, 271.25, 51.35);
insert into SHOT values (2109, 2101, 2116, 810, 18.540, 275.25, -29.50, 18.536, 275.23, -29.47, 0.011, 191.71, 56.95);
insert into SHOT values (2110, 2101, 2117, 810, 20.520, 274.65, -20.00, 20.518, 274.64, -19.98, 0.009, 199.13, 70.96);
insert into SHOT values (2111, 2101, 2118, 810, 23.130, 272.85, -15.50, 23.128, 272.83, -15.50, 0.008, 170.82, 9.00);
insert into SHOT values (2112, 2101, 2119, 810, 22.110, 269.45, -13.70, 22.109, 269.44, -13.68, 0.007, 180.79, 63.59);
insert into SHOT values (2113, 2101, 2120, 810, 13.060, 262.55, -17.70, 13.064, 262.52, -17.69, 0.007, 207.16, 5.29);
insert into SHOT values (2114, 2101, 2121, 810, 17.720, 279.55, -15.10, 17.718, 279.56, -15.08, 0.007, 29.15, 68.93);
insert into SHOT values (2115, 2101, 2122, 810, 8.390, 285.55, -14.60, 8.385, 285.51, -14.57, 0.008, 162.88, 36.21);
insert into SHOT values (2116, 2101, 2123, 810, 24.480, 272.35, -12.00, 24.483, 272.35, -11.98, 0.011, 256.72, 61.76);
insert into SHOT values (2117, 2123, 2124, 810, 1.320, 4.05, -6.80, 1.324, 4.37, -6.94, 0.009, 71.09, -25.17);
insert into SHOT values (2118, 2123, 2125, 810, 1.260, 341.25, -60.30, 1.264, 341.27, -60.48, 0.006, 149.11, -76.45);
insert into SHOT values (2119, 2123, 2126, 810, 1.400, 8.35, 2.10, 1.397, 8.65, 2.05, 0.008, 121.66, -9.16);
insert into SHOT values (2120, 2123, 2127, 810, 4.410, 306.15, -16.50, 4.406, 306.14, -16.62, 0.010, 134.02, -50.82);
insert into SHOT values (2121, 2123, 2128, 810, 6.610, 284.25, 0.50, 6.604, 284.29, 0.43, 0.010, 63.77, -47.05);
insert into SHOT values (2122, 2123, 2129, 810, 9.800, 290.45, 8.70, 9.792, 290.44, 8.69, 0.008, 122.72, -16.21);
insert into SHOT values (2123, 2123, 2130, 810, 15.670, 296.95, -9.10, 15.667, 296.95, -9.11, 0.004, 128.18, -26.21);
insert into SHOT values (2124, 2123, 2131, 810, 8.170, 289.15, -11.30, 8.165, 289.18, -11.37, 0.013, 76.20, -46.68);
insert into SHOT values (2125, 2123, 2132, 810, 11.790, 298.05, -21.40, 11.786, 298.06, -21.45, 0.011, 101.85, -45.17);
insert into SHOT values (2126, 2123, 2133, 810, 11.890, 293.35, -18.60, 11.885, 293.33, -18.65, 0.012, 134.88, -41.03);
insert into SHOT values (2127, 2123, 2134, 810, 2.470, 301.45, -28.90, 2.470, 301.56, -29.06, 0.008, 69.20, -51.01);
insert into SHOT values (2128, 2123, 2135, 810, 3.760, 82.65, -27.30, 3.768, 82.62, -27.33, 0.009, 68.48, -39.12);
insert into SHOT values (2129, 2123, 2136, 810, 9.350, 83.55, -23.60, 9.358, 83.57, -23.62, 0.010, 113.49, -44.59);
insert into SHOT values (2130, 2123, 2137, 810, 5.820, 101.15, -4.30, 5.826, 101.12, -4.33, 0.007, 70.06, -30.00);
insert into SHOT values (2131, 2123, 2138, 810, 2.490, 73.45, 3.10, 2.497, 73.45, 2.98, 0.008, 75.76, -34.09);
insert into SHOT values (2132, 2123, 2139, 810, 5.420, 301.75, -26.10, 5.423, 301.73, -26.15, 0.006, 221.49, -74.68);
insert into SHOT values (2133, 2139, 2140, 810, 1.400, 226.85, 9.10, 1.397, 226.47, 9.06, 0.010, 118.12, -8.38);
insert into SHOT values (2134, 2139, 2141, 810, 3.170, 274.85, -1.00, 3.162, 274.90, -0.91, 0.010, 75.53, 32.23);
insert into SHOT values (2135, 2139, 2142, 810, 5.910, 285.35, -3.10, 5.909, 285.33, -3.10, 0.002, 156.63, -10.15);
insert into SHOT values (2136, 2139, 2143, 810, 11.180, 294.15, -4.20, 11.176, 294.15, -4.21, 0.005, 109.33, -14.97);
insert into SHOT values (2137, 2139, 2144, 810, 1.350, 302.75, -6.50, 1.345, 303.10, -6.40, 0.010, 61.51, 16.99);
insert into SHOT values (2138, 2139, 2145, 810, 4.520, 301.45, -56.00, 4.520, 301.55, -56.07, 0.007, 78.33, -23.22);
insert into SHOT values (2139, 2139, 2146, 810, 8.060, 285.05, 44.50, 8.059, 285.03, 44.51, 0.003, 147.51, 12.31);
insert into SHOT values (2140, 2139, 2147, 810, 8.770, 239.55, 75.40, 8.772, 239.48, 75.44, 0.007, 86.22, 29.15);
insert into SHOT values (2141, 2139, 2148, 810, 9.150, 293.15, 14.80, 9.148, 293.17, 14.82, 0.005, 60.94, 29.06);
insert into SHOT values (2142, 2139, 2149, 810, 11.430, 288.95, 1.60, 11.424, 288.96, 1.61, 0.006, 90.66, 7.61);
insert into SHOT values (2143, 2139, 2150, 810, 15.710, 292.35, -11.00, 15.706, 292.34, -11.01, 0.005, 141.31, -26.17);
insert into SHOT values (2144, 2139, 2151, 810, 17.360, 294.15, -20.70, 17.353, 294.15, -20.72, 0.010, 113.40, -22.41);
insert into SHOT values (2145, 2139, 2152, 810, 11.400, 293.05, -26.10, 11.398, 293.06, -26.07, 0.006, 8.76, 69.94);
insert into SHOT values (2146, 2152, 2153, 810, 0.640, 24.25, -7.70, 0.642, 24.15, -8.06, 0.005, 344.64, -67.15);
insert into SHOT values (2147, 2152, 2154, 810, 1.460, 356.55, -73.70, 1.469, 357.21, -73.77, 0.010, 78.27, -61.22);
insert into SHOT values (2148, 2152, 2155, 810, 7.850, 249.35, 68.60, 7.842, 249.35, 68.58, 0.009, 51.33, -88.07);
insert into SHOT values (2149, 2152, 2156, 810, 4.190, 134.95, 53.90, 4.189, 135.00, 53.79, 0.009, 154.88, -39.99);
insert into SHOT values (2150, 2152, 2157, 810, 8.860, 125.25, 61.20, 8.860, 125.29, 61.15, 0.009, 147.50, -27.37);
insert into SHOT values (2151, 2152, 2158, 810, 1.890, 98.15, 21.60, 1.888, 98.18, 21.43, 0.006, 153.40, -79.80);
insert into SHOT values (2152, 2152, 2159, 810, 3.070, 105.85, -22.10, 3.076, 105.89, -22.16, 0.007, 130.99, -45.66);
insert into SHOT values (2153, 2152, 2160, 810, 4.490, 106.65, -1.90, 4.492, 106.70, -1.91, 0.005, 172.33, -14.55);
insert into SHOT values (2154, 2152, 2161, 810, 6.230, 110.15, 16.70, 6.239, 110.16, 16.67, 0.009, 119.88, -1.60);
insert into SHOT values (2155, 2152, 2162, 810, 2.720, 289.35, -23.90, 2.717, 289.31, -24.12, 0.011, 121.66, -47.18);
insert into SHOT values (2156, 2152, 2163, 810, 4.780, 293.15, -1.60, 4.778, 293.18, -1.68, 0.008, 64.50, -59.71);
insert into SHOT values (2157, 2152, 2164, 810, 6.600, 277.05, 9.50, 6.598, 277.06, 9.42, 0.009, 13.32, -82.28);
insert into SHOT values (2158, 2152, 2165, 810, 7.070, 279.35, 17.70, 7.064, 279.32, 17.72, 0.007, 124.80, 3.90);
insert into SHOT values (2159, 2152, 2166, 810, 10.310, 286.05, -2.80, 10.302, 286.02, -2.84, 0.011, 136.86, -34.31);
insert into SHOT values (2160, 2152, 2167, 810, 8.330, 292.05, -7.70, 8.330, 292.06, -7.73, 0.004, 44.79, -66.69);
insert into SHOT values (2161, 2152, 2168, 810, 12.160, 287.15, -0.40, 12.150, 287.14, -0.42, 0.012, 120.00, -25.85);
insert into SHOT values (2162, 2012, 2169, 810, 20.190, 27.75, -5.40, 20.196, 27.89, -5.08, 0.122, 99.77, 64.62);
insert into SHOT values (2163, 2169, 2170, 810, 6.690, 93.65, -12.40, 6.690, 93.69, -12.43, 0.005, 189.36, -38.68);
insert into SHOT values (2164, 2169, 2171, 810, 1.990, 90.65, -39.50, 1.989, 90.75, -39.69, 0.007, 244.25, -34.87);
insert into SHOT values (2165, 2169, 2172, 810, 3.430, 12.65, 46.70, 3.421, 12.56, 46.70, 0.010, 224.02, -40.51);
insert into SHOT values (2166, 2169, 2173, 810, 10.210, 1.85, -1.40, 10.208, 1.85, -1.40, 0.002, 155.06, -16.83);
insert into SHOT values (2167, 2169, 2174, 810, 6.420, 131.95, 12.40, 6.417, 131.96, 12.42, 0.004, 292.19, 20.50);
insert into SHOT values (2168, 2169, 2175, 810, 5.740, 44.75, -25.80, 5.735, 44.69, -25.84, 0.008, 268.49, -12.30);
insert into SHOT values (2169, 2169, 2176, 810, 19.690, 54.65, -20.50, 19.689, 54.65, -20.51, 0.005, 248.01, -58.66);
insert into SHOT values (2170, 2169, 2177, 810, 11.490, 33.35, -10.00, 11.489, 33.35, -10.03, 0.005, 190.78, -64.20);
insert into SHOT values (2171, 2169, 2178, 810, 12.160, 26.95, -17.80, 12.157, 26.92, -17.82, 0.008, 264.25, -21.39);
insert into SHOT values (2172, 2169, 2179, 810, 13.940, 22.35, -11.20, 13.941, 22.42, -11.00, 0.052, 82.75, 66.62);
insert into SHOT values (2173, 2179, 2180, 810, 8.980, 136.85, -19.30, 8.988, 136.86, -19.30, 0.008, 153.16, -14.48);
insert into SHOT values (2174, 2179, 2181, 810, 5.340, 100.55, -10.90, 5.335, 100.56, -10.91, 0.005, 269.34, -2.61);
insert into SHOT values (2175, 2179, 2182, 810, 14.200, 78.05, -12.30, 14.197, 78.06, -12.32, 0.007, 226.82, -47.67);
insert into SHOT values (2176, 2179, 2183, 810, 11.940, 59.95, -8.90, 11.936, 59.98, -8.92, 0.008, 184.18, -20.63);
insert into SHOT values (2177, 2179, 2184, 810, 21.440, 46.45, -1.70, 21.435, 46.46, -1.71, 0.007, 198.18, -32.93);
insert into SHOT values (2178, 2179, 2185, 810, 37.240, 32.95, -0.30, 37.238, 32.94, -0.31, 0.006, 271.50, -51.56);
insert into SHOT values (2179, 2179, 2186, 810, 1.990, 29.05, 7.30, 1.986, 29.17, 7.23, 0.006, 164.09, -26.25);
insert into SHOT values (2180, 2179, 2187, 810, 11.230, 29.45, -10.70, 11.229, 29.42, -10.73, 0.007, 280.67, -43.58);
insert into SHOT values (2181, 2179, 2188, 810, 14.600, 6.55, -15.30, 14.599, 6.56, -15.29, 0.005, 99.43, 32.28);
insert into SHOT values (2182, 2179, 2189, 810, 22.940, 345.45, -16.70, 22.932, 345.44, -16.70, 0.008, 175.54, 15.02);
insert into SHOT values (2183, 2179, 2190, 810, 6.700, 337.95, -19.60, 6.701, 337.95, -19.62, 0.002, 259.47, -82.96);
insert into SHOT values (2184, 2179, 2191, 810, 2.330, 337.75, 46.00, 2.326, 337.87, 45.88, 0.007, 55.72, -59.90);
insert into SHOT values (2185, 2179, 2192, 810, 10.540, 313.45, -3.60, 10.539, 313.42, -3.59, 0.005, 217.54, 19.43);
insert into SHOT values (2186, 2179, 2193, 810, 8.990, 284.15, 9.80, 8.989, 284.11, 9.80, 0.005, 179.04, -1.94);
insert into SHOT values (2187, 2179, 2194, 810, 2.110, 298.85, 48.10, 2.107, 298.94, 48.17, 0.004, 88.60, -6.67);
insert into SHOT values (2188, 2179, 2195, 810, 0.890, 106.35, -83.90, 0.895, 108.43, -83.92, 0.006, 192.53, -55.51);
insert into SHOT values (2189, 2179, 2196, 810, 5.770, 127.55, -32.60, 5.772, 127.65, -32.60, 0.009, 207.51, -8.60);
insert into SHOT values (2190, 2179, 2197, 810, 14.700, 98.15, -16.90, 14.697, 98.18, -16.89, 0.008, 206.19, 24.89);
insert into SHOT values (2191, 2179, 2198, 810, 21.040, 31.35, 1.00, 21.044, 31.49, 1.31, 0.124, 119.43, 65.01);
insert into SHOT values (2192, 2198, 2199, 810, 3.860, 222.35, -79.30, 3.868, 222.75, -79.24, 0.010, 267.35, -44.54);
insert into SHOT values (2193, 2198, 2200, 810, 11.390, 134.05, 4.50, 11.392, 134.07, 4.48, 0.007, 194.21, -33.59);
insert into SHOT values (2194, 2198, 2201, 810, 13.090, 175.35, 0.00, 13.093, 175.36, 0.00, 0.003, 206.32, 0.00);
insert into SHOT values (2195, 2198, 2202, 810, 7.930, 179.35, -11.50, 7.931, 179.41, -11.56, 0.012, 272.06, -47.12);
insert into SHOT values (2196, 2198, 2203, 810, 10.220, 87.55, -4.00, 10.215, 87.53, -4.04, 0.010, 304.11, -45.47);
insert into SHOT values (2197, 2198, 2204, 810, 11.080, 94.15, -20.00, 11.076, 94.13, -20.01, 0.006, 305.33, -4.31);
insert into SHOT values (2198, 2198, 2205, 810, 3.850, 58.15, -18.70, 3.843, 58.14, -18.82, 0.010, 239.63, -32.55);
insert into SHOT values (2199, 2198, 2206, 810, 13.920, 51.05, -3.50, 13.913, 51.05, -3.50, 0.007, 227.47, -1.70);
insert into SHOT values (2200, 2198, 2207, 810, 17.520, 35.25, -4.60, 17.514, 35.23, -4.62, 0.010, 258.57, -29.17);
insert into SHOT values (2201, 2198, 2208, 810, 4.550, 31.65, -15.40, 4.546, 31.66, -15.44, 0.005, 201.64, -20.53);
insert into SHOT values (2202, 2198, 2209, 810, 2.230, 32.15, 11.20, 2.226, 32.09, 11.14, 0.006, 242.17, -34.68);
insert into SHOT values (2203, 2198, 2210, 810, 19.090, 256.85, -17.50, 19.093, 256.86, -17.53, 0.010, 336.59, -74.24);
insert into SHOT values (2204, 2198, 2211, 810, 17.470, 245.65, -7.50, 17.471, 245.65, -7.53, 0.010, 347.22, -78.95);
insert into SHOT values (2205, 2198, 2212, 810, 18.340, 226.15, -8.00, 18.342, 226.16, -8.02, 0.008, 305.23, -63.71);
insert into SHOT values (2206, 2198, 2213, 810, 20.080, 234.95, -5.00, 20.084, 234.95, -5.00, 0.005, 248.90, 1.07);
insert into SHOT values (2207, 2198, 2214, 810, 16.130, 220.25, -11.70, 16.138, 220.25, -11.73, 0.011, 226.88, -53.50);
insert into SHOT values (2208, 2198, 2215, 810, 10.890, 236.35, -26.00, 10.893, 236.37, -26.03, 0.008, 328.59, -53.66);
insert into SHOT values (2209, 2198, 2216, 810, 10.050, 289.75, -32.40, 10.056, 289.76, -32.41, 0.007, 308.28, -47.31);
insert into SHOT values (2210, 2198, 2217, 810, 31.910, 284.65, -14.00, 31.914, 284.65, -14.00, 0.004, 270.74, -3.65);
insert into SHOT values (2211, 2198, 2218, 810, 21.030, 305.95, -19.60, 21.033, 305.94, -19.61, 0.006, 254.80, -71.93);
insert into SHOT values (2212, 2198, 2219, 810, 23.570, 317.05, -15.40, 23.573, 317.03, -15.40, 0.007, 251.46, -6.99);
insert into SHOT values (2213, 2198, 2220, 810, 13.460, 331.85, -18.10, 13.464, 331.83, -18.13, 0.009, 263.09, -65.51);
insert into SHOT values (2214, 2198, 2221, 810, 16.920, 297.95, -8.00, 16.927, 297.93, -8.01, 0.011, 252.19, -29.19);
insert into SHOT values (2215, 2198, 2222, 810, 6.830, 291.25, -2.00, 6.836, 291.19, -2.01, 0.009, 245.29, -10.28);
insert into SHOT values (2216, 2198, 2223, 810, 38.120, 295.25, -13.40, 38.123, 295.25, -13.41, 0.006, 352.37, -64.02);
insert into SHOT values (2217, 2198, 2224, 810, 16.480, 33.55, -7.80, 16.478, 33.64, -7.53, 0.081, 106.00, 70.05);
insert into SHOT values (2218, 2224, 2225, 810, 15.020, 350.05, -21.70, 15.028, 350.02, -21.71, 0.011, 298.03, -34.37);
insert into SHOT values (2219, 2224, 2226, 810, 16.270, 315.65, -16.70, 16.280, 315.65, -16.71, 0.010, 317.61, -27.45);
insert into SHOT values (2220, 2224, 2227, 810, 13.970, 293.85, -10.40, 13.976, 293.86, -10.43, 0.010, 328.82, -57.40);
insert into SHOT values (2221, 2224, 2228, 810, 6.220, 92.45, 9.20, 6.215, 92.43, 9.17, 0.007, 297.74, -42.02);
insert into SHOT values (2222, 2224, 2229, 810, 3.610, 104.55, 36.50, 3.605, 104.37, 36.42, 0.012, 7.16, -38.99);
insert into SHOT values (2223, 2224, 2230, 810, 10.240, 122.85, -9.20, 10.237, 122.84, -9.22, 0.005, 325.01, -38.31);
insert into SHOT values (2224, 2224, 2231, 810, 5.330, 94.45, -23.90, 5.322, 94.36, -23.94, 0.012, 313.82, -2.96);
insert into SHOT values (2225, 2224, 2232, 810, 8.040, 53.85, -22.40, 8.043, 53.81, -22.44, 0.008, 336.49, -49.24);
insert into SHOT values (2226, 2224, 2233, 810, 1.390, 151.05, -51.00, 1.386, 151.07, -51.20, 0.006, 327.66, 2.07);
insert into SHOT values (2227, 2224, 2234, 810, 19.840, 95.35, -13.60, 19.841, 95.33, -13.61, 0.009, 1.92, -32.54);
insert into SHOT values (2228, 2224, 2235, 810, 28.500, 95.55, -7.40, 28.501, 95.54, -7.42, 0.010, 355.43, -74.11);
insert into SHOT values (2229, 2224, 2236, 810, 22.400, 97.35, -2.00, 22.397, 97.34, -2.02, 0.009, 322.94, -63.43);
insert into SHOT values (2230, 2224, 2237, 810, 21.980, 79.15, -12.10, 21.974, 79.13, -12.11, 0.009, 297.73, -17.25);
insert into SHOT values (2231, 2224, 2238, 810, 20.840, 108.75, -11.30, 20.837, 108.73, -11.32, 0.011, 348.92, -37.07);
insert into SHOT values (2232, 2224, 2239, 810, 38.500, 96.15, -6.30, 38.503, 96.04, -5.69, 0.414, 37.48, 77.94);
insert into SHOT values (2233, 2239, 2240, 810, 0.630, 197.25, -41.40, 0.625, 197.28, -41.02, 0.007, 5.40, 78.71);
insert into SHOT values (2234, 2239, 2241, 810, 13.190, 187.25, 5.90, 13.185, 187.23, 5.92, 0.009, 45.64, 28.89);
insert into SHOT values (2235, 2239, 2242, 810, 5.330, 216.15, 10.50, 5.327, 216.15, 10.49, 0.003, 37.19, -29.41);
insert into SHOT values (2236, 2239, 2243, 810, 11.040, 251.15, 10.10, 11.035, 251.15, 10.13, 0.007, 71.85, 32.49);
insert into SHOT values (2237, 2239, 2244, 810, 3.510, 288.85, -1.50, 3.508, 288.80, -1.47, 0.004, 169.81, 27.39);
insert into SHOT values (2238, 2239, 2245, 810, 15.110, 174.15, 0.40, 15.109, 174.15, 0.42, 0.005, 333.74, 77.44);
insert into SHOT values (2239, 2239, 2246, 810, 19.540, 154.65, 4.60, 19.539, 154.65, 4.61, 0.003, 19.59, 63.39);
insert into SHOT values (2240, 2239, 2247, 810, 19.440, 135.95, 3.10, 19.441, 135.94, 3.10, 0.004, 65.83, -21.15);
insert into SHOT values (2241, 2239, 2248, 810, 18.770, 119.95, 2.60, 18.772, 119.94, 2.60, 0.003, 76.41, -25.29);
insert into SHOT values (2242, 2239, 2249, 810, 25.440, 103.15, 3.60, 25.445, 103.13, 3.61, 0.008, 46.39, 17.98);
insert into SHOT values (2243, 2239, 2250, 810, 21.560, 94.65, 3.00, 21.560, 94.64, 3.00, 0.005, 4.32, 18.53);
insert into SHOT values (2244, 2239, 2251, 810, 20.150, 88.55, 2.50, 20.156, 88.55, 2.50, 0.006, 89.42, 10.74);
insert into SHOT values (2245, 2239, 2252, 810, 18.580, 74.85, -1.00, 18.580, 74.83, -0.99, 0.006, 342.60, 42.57);
insert into SHOT values (2246, 2239, 2253, 810, 12.400, 60.85, -1.90, 12.398, 60.83, -1.90, 0.005, 311.66, 13.90);
insert into SHOT values (2247, 2239, 2254, 810, 10.850, 30.95, -3.00, 10.847, 30.95, -3.01, 0.004, 220.27, -32.96);
insert into SHOT values (2248, 2239, 2255, 810, 8.170, 318.35, 8.50, 8.172, 318.36, 8.51, 0.003, 3.05, 44.62);
insert into SHOT values (2249, 2239, 2256, 810, 2.890, 303.65, -4.10, 2.891, 303.69, -3.97, 0.007, 352.41, 67.20);
insert into SHOT values (2250, 2239, 2257, 810, 16.520, 290.05, 5.20, 16.516, 290.05, 5.21, 0.006, 89.92, 28.48);
insert into SHOT values (2251, 2239, 2258, 810, 8.620, 284.85, 33.60, 8.620, 284.85, 33.60, 0.000, 17.39, -69.29);
insert into SHOT values (2252, 2239, 2259, 810, 2.580, 312.35, 82.40, 2.582, 312.61, 82.44, 0.003, 86.32, 50.60);
insert into SHOT values (2253, 2239, 2260, 810, 8.140, 145.65, 23.70, 8.139, 145.61, 23.69, 0.006, 50.06, -18.60);
insert into SHOT values (2254, 2239, 2261, 810, 15.660, 151.05, 13.20, 15.660, 151.05, 13.22, 0.004, 344.97, 76.77);
insert into SHOT values (2255, 2239, 2262, 810, 27.220, 157.65, 9.30, 27.218, 157.64, 9.30, 0.006, 49.08, 10.61);
insert into SHOT values (2256, 2239, 2263, 810, 31.340, 139.65, 9.40, 31.338, 139.64, 9.40, 0.003, 10.90, 23.55);
insert into SHOT values (2257, 2239, 2264, 810, 11.810, 95.45, 13.80, 11.813, 95.45, 13.81, 0.004, 110.28, 45.18);
insert into SHOT values (2258, 2239, 2265, 810, 8.910, 80.25, 41.90, 8.912, 80.28, 41.88, 0.005, 129.24, -4.29);
insert into SHOT values (2259, 2239, 2266, 810, 6.750, 44.45, 61.20, 6.755, 44.50, 61.21, 0.006, 116.59, 57.17);
insert into SHOT values (2260, 2239, 2267, 810, 9.810, 67.25, 10.70, 9.811, 67.24, 10.69, 0.003, 16.22, -32.59);
insert into SHOT values (2261, 2239, 2268, 810, 22.920, 99.65, 9.90, 22.920, 99.64, 9.90, 0.004, 9.07, -8.13);
insert into SHOT values (2262, 2239, 2269, 810, 34.180, 146.85, 11.60, 34.180, 146.85, 11.61, 0.007, 7.50, 74.70);
insert into SHOT values (2263, 2239, 2270, 810, 22.900, 93.75, 6.00, 22.881, 93.65, 6.00, 0.042, 337.87, -5.04);
insert into SHOT values (2264, 2270, 2271, 810, 29.240, 351.15, -4.60, 29.242, 351.14, -4.59, 0.007, 284.06, 43.12);
insert into SHOT values (2265, 2270, 2272, 810, 18.430, 9.85, 1.30, 18.426, 9.85, 1.31, 0.004, 202.01, 24.93);
insert into SHOT values (2266, 2270, 2273, 810, 16.880, 31.15, 2.30, 16.874, 31.14, 2.31, 0.007, 221.83, 21.91);
insert into SHOT values (2267, 2270, 2274, 810, 15.850, 55.85, 1.20, 15.844, 55.86, 1.23, 0.011, 212.99, 48.52);
insert into SHOT values (2268, 2270, 2275, 810, 2.670, 333.55, -8.50, 2.667, 333.43, -8.41, 0.007, 221.50, 39.51);
insert into SHOT values (2269, 2270, 2276, 810, 0.970, 355.35, -50.10, 0.967, 354.47, -49.91, 0.010, 269.06, 23.50);
insert into SHOT values (2270, 2270, 2277, 810, 6.910, 188.65, -11.50, 6.914, 188.66, -11.43, 0.010, 197.42, 51.89);
insert into SHOT values (2271, 2270, 2278, 810, 4.660, 152.45, -0.30, 4.656, 152.50, -0.25, 0.007, 285.20, 37.99);
insert into SHOT values (2272, 2270, 2279, 810, 12.030, 114.05, 9.10, 12.024, 114.06, 9.14, 0.011, 274.80, 44.20);
insert into SHOT values (2273, 2270, 2280, 810, 4.910, 107.45, 16.60, 4.904, 107.47, 16.71, 0.011, 275.76, 39.24);
insert into SHOT values (2274, 2270, 2281, 810, 2.150, 65.55, -11.20, 2.147, 65.62, -11.01, 0.008, 178.01, 68.54);
insert into SHOT values (2275, 2270, 2282, 810, 14.360, 58.95, 4.50, 14.354, 58.95, 4.52, 0.007, 226.06, 28.90);
insert into SHOT values (2276, 2270, 2283, 810, 4.480, 54.75, 48.20, 4.474, 54.71, 48.29, 0.009, 247.85, 1.67);
insert into SHOT values (2277, 2270, 2284, 810, 4.580, 26.25, -5.10, 4.575, 26.17, -5.02, 0.010, 258.99, 42.84);
insert into SHOT values (2278, 2270, 2285, 810, 4.870, 356.65, -12.70, 4.867, 356.62, -12.70, 0.004, 219.59, 10.42);
insert into SHOT values (2279, 2270, 2286, 810, 10.830, 342.65, -12.60, 10.824, 342.59, -12.59, 0.012, 223.97, 12.33);
insert into SHOT values (2280, 2270, 2287, 810, 11.720, 73.85, 4.40, 11.695, 73.66, 4.41, 0.045, 310.62, 1.08);
insert into SHOT values (2281, 2287, 2288, 810, 4.770, 22.05, -9.90, 4.764, 22.03, -9.91, 0.007, 216.59, 0.88);
insert into SHOT values (2282, 2287, 2289, 810, 1.780, 294.85, -29.20, 1.780, 294.75, -29.26, 0.003, 180.90, -28.72);
insert into SHOT values (2283, 2287, 2290, 810, 16.170, 274.35, -5.60, 16.174, 274.35, -5.61, 0.004, 266.85, -30.75);
insert into SHOT values (2284, 2287, 2291, 810, 24.550, 296.05, -6.70, 24.550, 296.03, -6.69, 0.009, 211.67, 27.27);
insert into SHOT values (2285, 2287, 2292, 810, 36.650, 304.55, -5.60, 36.645, 304.54, -5.61, 0.007, 153.25, -31.96);
insert into SHOT values (2286, 2287, 2293, 810, 61.480, 315.45, -3.50, 61.479, 315.45, -3.50, 0.003, 99.00, 74.72);
insert into SHOT values (2287, 2287, 2294, 810, 40.860, 317.85, -0.60, 40.860, 317.85, -0.60, 0.002, 216.78, -64.30);
insert into SHOT values (2288, 2287, 2295, 810, 29.750, 326.65, -4.20, 29.746, 326.65, -4.20, 0.004, 154.03, -15.28);
insert into SHOT values (2289, 2287, 2296, 810, 8.860, 223.35, -2.00, 8.862, 223.35, -2.00, 0.002, 242.28, -20.19);
insert into SHOT values (2290, 2287, 2297, 810, 4.040, 193.05, 14.00, 4.043, 193.12, 14.03, 0.006, 256.17, 27.28);
insert into SHOT values (2291, 2287, 2298, 810, 4.810, 219.35, 55.10, 4.809, 219.41, 55.02, 0.007, 250.14, -42.16);
insert into SHOT values (2292, 2287, 2299, 810, 48.350, 320.05, -4.70, 48.348, 320.05, -4.70, 0.004, 87.90, 29.56);
insert into SHOT_FLAG values(2292, 'dpl');
insert into SHOT values (2293, 2287, 2300, 810, 10.470, 201.45, 7.00, 10.478, 201.43, 7.02, 0.009, 180.25, 27.56);
insert into SHOT values (2294, 2287, 2301, 810, 17.890, 115.25, -4.20, 17.891, 115.20, -3.94, 0.082, 50.38, 78.52);
insert into SHOT values (2295, 2301, 2302, 810, 0.690, 235.35, -65.90, 0.689, 235.18, -66.02, 0.002, 83.65, -4.63);
insert into SHOT values (2296, 2301, 2303, 810, 2.780, 134.85, -11.60, 2.786, 135.00, -11.59, 0.010, 184.18, -6.02);
insert into SHOT values (2297, 2301, 2304, 810, 8.780, 116.55, -3.90, 8.786, 116.57, -3.92, 0.007, 140.48, -24.31);
insert into SHOT values (2298, 2301, 2305, 810, 3.430, 70.95, -19.00, 3.429, 71.12, -18.89, 0.012, 152.36, 34.55);
insert into SHOT values (2299, 2301, 2306, 810, 8.240, 47.15, -8.60, 8.244, 47.19, -8.58, 0.007, 98.28, 17.00);
insert into SHOT values (2300, 2301, 2307, 810, 10.400, 87.15, -7.40, 10.399, 87.17, -7.40, 0.003, 191.23, -9.53);
insert into SHOT values (2301, 2301, 2308, 810, 17.050, 81.35, 6.40, 17.048, 81.38, 6.40, 0.009, 186.18, -3.54);
insert into SHOT values (2302, 2301, 2309, 810, 22.410, 87.45, 12.80, 22.410, 87.46, 12.81, 0.006, 206.61, 57.92);
insert into SHOT values (2303, 2301, 2310, 810, 22.970, 96.05, 1.70, 22.968, 96.05, 1.70, 0.003, 250.72, -33.11);
insert into SHOT values (2304, 2301, 2311, 810, 35.100, 92.95, -1.20, 35.104, 92.96, -1.19, 0.008, 139.92, 38.22);
insert into SHOT values (2305, 2301, 2312, 810, 11.460, 103.35, 3.90, 11.465, 103.34, 3.90, 0.005, 93.43, 5.72);
insert into SHOT values (2306, 2301, 2313, 810, 8.180, 14.05, -2.30, 8.173, 14.10, -2.31, 0.011, 146.31, -9.10);
insert into SHOT values (2307, 2301, 2314, 810, 3.270, 337.35, -17.70, 3.265, 337.31, -17.65, 0.006, 182.98, 40.43);
insert into SHOT values (2308, 2301, 2315, 810, 14.780, 330.35, 1.00, 14.777, 330.35, 1.01, 0.003, 160.87, 36.66);
insert into SHOT values (2309, 2301, 2316, 810, 7.010, 235.35, 10.40, 7.015, 235.27, 10.43, 0.011, 169.12, 24.77);
insert into SHOT values (2310, 2301, 2317, 810, 13.020, 192.55, 8.60, 13.023, 192.51, 8.61, 0.009, 119.22, 20.85);
insert into SHOT values (2311, 2301, 2318, 810, 25.410, 170.35, 8.60, 25.411, 170.35, 8.60, 0.003, 239.39, 6.76);
insert into SHOT values (2312, 2301, 2319, 810, 13.100, 164.75, 15.30, 13.111, 164.73, 15.30, 0.012, 146.86, 16.33);
insert into SHOT values (2313, 2301, 2320, 810, 7.390, 152.35, 29.00, 7.393, 152.37, 28.96, 0.006, 175.65, -29.82);
insert into SHOT values (2314, 2301, 2321, 810, 27.510, 152.55, 5.10, 27.513, 152.56, 5.11, 0.006, 203.59, 44.29);
insert into SHOT values (2315, 2301, 2322, 810, 4.910, 162.35, -4.00, 4.914, 162.30, -3.97, 0.006, 118.25, 24.77);
insert into SHOT values (2316, 2301, 2323, 810, 33.760, 158.35, 5.50, 33.767, 158.35, 5.51, 0.008, 169.11, 33.11);
insert into SHOT_FLAG values(2316, 'dpl');
insert into SHOT values (2317, 2301, 2324, 810, 45.860, 89.75, 1.20, 45.860, 89.75, 1.20, 0.001, 158.81, -16.87);
insert into SHOT values (2318, 2324, 2325, 810, 5.990, 160.55, 1.60, 5.996, 160.51, 1.62, 0.008, 124.06, 20.63);
insert into SHOT values (2319, 2324, 2326, 810, 7.680, 126.45, 13.50, 7.686, 126.46, 13.54, 0.008, 138.78, 57.79);
insert into SHOT values (2320, 2324, 2327, 810, 9.020, 102.35, 16.60, 9.027, 102.35, 16.61, 0.007, 103.40, 26.96);
insert into SHOT values (2321, 2324, 2328, 810, 1.140, 40.15, 11.20, 1.135, 40.27, 11.17, 0.005, 192.24, -16.22);
insert into SHOT values (2322, 2324, 2329, 810, 2.420, 55.65, -23.40, 2.423, 55.81, -23.34, 0.007, 116.76, 8.72);
insert into SHOT values (2323, 2324, 2330, 810, 1.290, 18.55, -62.20, 1.289, 18.43, -62.21, 0.002, 254.41, 37.65);
insert into SHOT values (2324, 2324, 2331, 810, 5.500, 211.55, 5.30, 5.500, 211.48, 5.32, 0.006, 118.63, 17.67);
insert into SHOT values (2325, 2324, 2332, 810, 7.730, 239.85, -13.50, 7.732, 239.82, -13.46, 0.006, 186.87, 44.45);
insert into SHOT values (2326, 2324, 2333, 810, 5.650, 279.75, -5.70, 5.649, 279.73, -5.69, 0.002, 155.54, 28.43);
insert into SHOT values (2327, 2324, 2334, 810, 13.350, 262.55, 5.80, 13.352, 262.52, 5.80, 0.008, 183.85, 6.79);
insert into SHOT values (2328, 2324, 2335, 810, 14.380, 260.35, -0.90, 14.375, 260.35, -0.88, 0.008, 82.86, 51.04);
insert into SHOT values (2329, 2324, 2336, 810, 21.990, 265.95, -7.30, 21.992, 265.95, -7.29, 0.005, 291.49, 54.54);
insert into SHOT values (2330, 2324, 2337, 810, 6.990, 144.55, 4.20, 6.995, 144.51, 4.18, 0.007, 100.26, -16.12);
insert into SHOT values (2331, 2324, 2338, 810, 7.320, 123.95, 13.70, 7.327, 124.00, 13.74, 0.011, 176.45, 36.78);
insert into SHOT values (2332, 2324, 2339, 810, 8.870, 102.75, 17.70, 8.870, 102.79, 17.72, 0.006, 198.72, 29.95);
insert into SHOT values (2333, 2324, 2340, 810, 3.410, 163.25, 33.30, 3.409, 163.28, 33.27, 0.003, 239.98, -52.08);
insert into SHOT values (2334, 2324, 2341, 810, 3.380, 141.85, -7.50, 3.384, 141.90, -7.47, 0.005, 181.32, 13.86);
insert into SHOT values (2335, 2324, 2342, 810, 7.210, 115.55, 11.20, 7.209, 115.55, 11.20, 0.001, 283.41, -20.38);
insert into SHOT values (2336, 2324, 2343, 810, 1.320, 93.85, -6.40, 1.321, 93.93, -6.09, 0.007, 148.81, 72.24);
insert into SHOT values (2337, 2324, 2344, 810, 7.920, 82.85, -31.00, 7.923, 82.90, -30.99, 0.007, 141.88, -7.80);
insert into SHOT values (2338, 2324, 2345, 810, 7.500, 79.65, -11.30, 7.505, 79.67, -11.30, 0.005, 106.70, -4.34);
insert into SHOT values (2339, 2324, 2346, 810, 5.110, 86.75, -10.00, 5.116, 86.81, -10.02, 0.008, 133.46, -18.60);
insert into SHOT values (2340, 2324, 2347, 810, 4.910, 82.25, -1.60, 4.906, 82.27, -1.52, 0.008, 238.41, 61.83);
insert into SHOT values (2341, 2324, 2348, 810, 18.300, 84.25, -1.00, 18.305, 84.26, -1.00, 0.006, 126.70, -5.80);
insert into SHOT values (2342, 2348, 2349, 810, 1.000, 84.25, 0.00, 0.995, 84.23, 0.00, 0.005, 267.52, 0.00);
insert into SHOT values (2343, 2301, 2350, 810, 13.640, 263.15, 16.60, 13.643, 263.15, 16.61, 0.004, 251.69, 59.03);
insert into SHOT values (2344, 2350, 2351, 810, 1.360, 357.75, -7.50, 1.353, 357.86, -7.65, 0.008, 157.91, -17.45);
insert into SHOT values (2345, 2350, 2352, 810, 1.300, 319.35, -56.10, 1.300, 319.48, -56.18, 0.003, 92.41, -22.69);
insert into SHOT values (2346, 2350, 2353, 810, 11.040, 311.35, 72.10, 11.033, 311.41, 72.12, 0.009, 102.98, -36.76);
insert into SHOT values (2347, 2350, 2354, 810, 6.410, 290.55, 23.20, 6.400, 290.50, 23.19, 0.012, 139.51, -26.25);
insert into SHOT values (2348, 2350, 2355, 810, 10.800, 282.45, 38.10, 10.798, 282.43, 38.08, 0.005, 204.07, -60.81);
insert into SHOT values (2349, 2350, 2356, 810, 6.390, 274.65, -21.00, 6.384, 274.62, -21.02, 0.007, 120.17, -0.24);
insert into SHOT values (2350, 2350, 2357, 810, 6.450, 288.05, -16.50, 6.448, 288.00, -16.49, 0.006, 179.21, 17.41);
insert into SHOT values (2351, 2301, 2358, 810, 19.150, 158.05, 5.80, 19.155, 157.92, 6.08, 0.104, 61.38, 65.48);
insert into SHOT values (2352, 2358, 2359, 810, 7.040, 62.55, 2.80, 7.039, 62.56, 2.77, 0.004, 174.30, -68.20);
insert into SHOT values (2353, 2358, 2360, 810, 4.760, 38.25, 1.00, 4.756, 38.34, 0.96, 0.009, 154.33, -19.98);
insert into SHOT values (2354, 2358, 2361, 810, 6.350, 83.65, -2.60, 6.345, 83.66, -2.62, 0.005, 248.67, -21.82);
insert into SHOT values (2355, 2358, 2362, 810, 7.030, 118.45, -1.30, 7.031, 118.46, -1.30, 0.002, 166.15, -13.89);
insert into SHOT values (2356, 2358, 2363, 810, 9.600, 138.45, -0.20, 9.606, 138.46, -0.24, 0.009, 157.32, -45.94);
insert into SHOT values (2357, 2358, 2364, 810, 11.970, 151.55, 0.90, 11.975, 151.57, 0.86, 0.011, 195.79, -47.66);
insert into SHOT values (2358, 2358, 2365, 810, 14.780, 163.85, 2.70, 14.789, 163.85, 2.67, 0.011, 161.36, -32.88);
insert into SHOT values (2359, 2358, 2366, 810, 7.680, 186.75, 8.40, 7.684, 186.72, 8.38, 0.006, 150.88, -18.43);
insert into SHOT values (2360, 2358, 2367, 810, 3.430, 151.85, -6.90, 3.439, 151.86, -7.01, 0.012, 155.89, -43.37);
insert into SHOT values (2361, 2358, 2368, 810, 14.470, 161.35, 5.50, 14.473, 161.34, 5.47, 0.008, 130.20, -55.40);
insert into SHOT values (2362, 2358, 2369, 810, 5.090, 154.15, 13.90, 5.091, 154.21, 13.87, 0.006, 231.77, -25.96);
insert into SHOT values (2363, 2358, 2370, 810, 1.380, 151.35, 46.60, 1.381, 151.82, 46.38, 0.010, 210.33, -16.24);
insert into SHOT values (2364, 2358, 2371, 810, 2.710, 250.65, 73.00, 2.710, 250.20, 72.89, 0.008, 198.11, -11.44);
insert into SHOT values (2365, 2358, 2372, 810, 6.910, 227.35, 14.50, 6.915, 227.30, 14.49, 0.007, 177.34, -0.98);
insert into SHOT values (2366, 2358, 2373, 810, 7.510, 256.15, 13.50, 7.510, 256.14, 13.48, 0.004, 175.49, -61.32);
insert into SHOT values (2367, 2358, 2374, 810, 8.380, 282.15, 6.60, 8.381, 282.13, 6.58, 0.004, 226.68, -49.71);
insert into SHOT values (2368, 2358, 2375, 810, 9.220, 13.85, -4.20, 9.212, 13.85, -4.23, 0.009, 186.63, -30.64);
insert into SHOT values (2369, 2358, 2376, 810, 4.020, 346.55, -13.60, 4.021, 346.53, -13.66, 0.005, 264.97, -77.13);
insert into SHOT values (2370, 2358, 2377, 810, 7.800, 210.15, 16.00, 7.807, 210.15, 15.98, 0.008, 213.63, 0.21);
insert into SHOT values (2371, 2377, 2378, 810, 7.880, 209.95, 16.20, 7.877, 209.89, 16.14, 0.012, 113.22, -45.39);
insert into SHOT values (2372, 2377, 2379, 810, 0.920, 344.35, 12.80, 0.924, 344.58, 12.50, 0.008, 18.37, -30.64);
insert into SHOT values (2373, 2377, 2380, 810, 0.750, 140.35, 12.70, 0.748, 139.99, 12.34, 0.007, 43.17, -46.96);
insert into SHOT values (2374, 2377, 2381, 810, 1.520, 277.45, 44.80, 1.513, 277.52, 45.02, 0.010, 88.89, -6.31);
insert into SHOT values (2375, 2377, 2382, 810, 4.670, 292.35, 60.30, 4.664, 292.35, 60.26, 0.007, 359.85, -88.18);
insert into SHOT values (2376, 2377, 2383, 810, 7.250, 307.85, 65.60, 7.247, 307.94, 65.61, 0.006, 64.79, -24.11);
insert into SHOT values (2377, 2377, 2384, 810, 7.610, 0.45, 71.10, 7.612, 0.46, 71.06, 0.005, 7.94, 3.25);
insert into SHOT values (2378, 2377, 2385, 810, 2.750, 48.25, 61.60, 2.743, 48.40, 61.46, 0.010, 103.08, -64.46);
insert into SHOT values (2379, 2377, 2386, 810, 3.270, 320.05, 78.00, 3.261, 320.41, 78.06, 0.011, 100.19, -51.99);
insert into SHOT values (2380, 2377, 2387, 810, 0.990, 139.35, 76.00, 0.990, 138.37, 75.92, 0.004, 66.75, -7.80);
insert into SHOT values (2381, 2377, 2388, 810, 15.050, 348.25, 73.00, 15.048, 348.33, 72.99, 0.007, 71.78, -20.15);
insert into SHOT values (2382, 2388, 2389, 810, 14.400, 348.35, 73.10, 14.402, 348.29, 73.10, 0.005, 271.85, 22.37);
insert into SHOT values (2383, 2358, 2390, 810, 11.110, 159.05, 0.90, 11.122, 158.97, 1.03, 0.032, 108.16, 53.69);
insert into SHOT values (2384, 2390, 2391, 810, 2.750, 105.25, -2.40, 2.748, 105.20, -2.29, 0.006, 341.95, 61.79);
insert into SHOT values (2385, 2390, 2392, 810, 0.540, 119.75, -62.50, 0.537, 119.74, -63.26, 0.008, 299.86, -7.72);
insert into SHOT values (2386, 2390, 2393, 810, 2.070, 186.55, 44.90, 2.065, 186.69, 45.00, 0.007, 337.44, -9.04);
insert into SHOT values (2387, 2390, 2394, 810, 2.730, 219.65, 11.10, 2.729, 219.70, 11.20, 0.005, 346.67, 57.80);
insert into SHOT values (2388, 2390, 2395, 810, 4.350, 224.55, 4.70, 4.343, 224.63, 4.76, 0.010, 7.78, 20.15);
insert into SHOT values (2389, 2390, 2396, 810, 5.220, 247.25, -3.40, 5.222, 247.32, -3.40, 0.007, 318.31, -3.45);
insert into SHOT values (2390, 2390, 2397, 810, 5.370, 276.95, 2.60, 5.375, 276.95, 2.67, 0.008, 281.75, 51.82);
insert into SHOT values (2391, 2390, 2398, 810, 1.860, 225.65, -17.90, 1.858, 225.92, -17.87, 0.009, 329.18, 11.19);
insert into SHOT values (2392, 2390, 2399, 810, 5.370, 221.45, -7.20, 5.369, 221.50, -7.17, 0.006, 314.77, 32.56);
insert into SHOT values (2393, 2390, 2400, 810, 8.290, 201.85, -0.80, 8.288, 201.89, -0.76, 0.009, 306.34, 41.94);
insert into SHOT values (2394, 2390, 2401, 810, 12.950, 214.05, -0.70, 12.942, 214.07, -0.71, 0.009, 0.53, -11.12);
insert into SHOT values (2395, 2390, 2402, 810, 8.670, 224.55, -3.90, 8.668, 224.58, -3.90, 0.005, 336.00, -3.63);
insert into SHOT values (2396, 2390, 2403, 810, 5.280, 43.65, 5.90, 5.284, 43.54, 5.97, 0.013, 332.16, 33.50);
insert into SHOT values (2397, 2390, 2404, 810, 6.070, 15.35, -0.80, 6.075, 15.27, -0.75, 0.011, 317.36, 26.32);
insert into SHOT values (2398, 2390, 2405, 810, 2.050, 332.55, 48.00, 2.059, 332.32, 48.00, 0.010, 289.70, 38.92);
insert into SHOT values (2399, 2390, 2406, 810, 5.890, 336.35, 12.70, 5.899, 336.33, 12.73, 0.010, 324.00, 31.49);
insert into SHOT values (2400, 2390, 2407, 810, 5.800, 290.05, 4.20, 5.808, 290.09, 4.25, 0.011, 319.01, 29.32);
insert into SHOT values (2401, 2390, 2408, 810, 2.880, 338.65, -10.50, 2.881, 338.69, -10.40, 0.006, 21.48, 60.12);
insert into SHOT values (2402, 2390, 2409, 810, 27.210, 224.15, -2.40, 27.202, 224.02, -2.02, 0.190, 133.22, 70.74);
insert into SHOT values (2403, 2409, 2410, 810, 17.940, 243.45, -6.80, 17.943, 243.46, -6.79, 0.007, 299.52, 36.10);
insert into SHOT values (2404, 2409, 2411, 810, 3.700, 206.05, 79.80, 3.699, 206.18, 79.76, 0.003, 239.48, -29.98);
insert into SHOT values (2405, 2409, 2412, 810, 6.230, 239.15, 30.50, 6.229, 239.18, 30.48, 0.004, 329.64, -31.49);
insert into SHOT values (2406, 2409, 2413, 810, 12.330, 76.35, 14.10, 12.330, 76.36, 14.13, 0.007, 195.84, 68.11);
insert into SHOT values (2407, 2409, 2414, 810, 23.870, 96.95, 4.20, 23.869, 96.95, 4.20, 0.002, 267.46, 59.75);
insert into SHOT values (2408, 2409, 2415, 810, 41.960, 115.85, -1.00, 41.954, 115.85, -1.00, 0.007, 283.29, 19.98);
insert into SHOT values (2409, 2409, 2416, 810, 43.640, 123.05, -0.30, 43.642, 123.05, -0.30, 0.002, 142.17, -41.71);
insert into SHOT values (2410, 2409, 2417, 810, 41.100, 130.85, 0.00, 41.099, 130.85, 0.00, 0.002, 6.89, 0.00);
insert into SHOT values (2411, 2409, 2418, 810, 40.580, 146.75, 0.20, 40.583, 146.75, 0.20, 0.005, 186.82, -20.81);
insert into SHOT values (2412, 2409, 2419, 810, 46.720, 160.75, -1.50, 46.718, 160.75, -1.50, 0.004, 22.28, 50.10);
insert into SHOT values (2413, 2409, 2420, 810, 28.570, 175.25, 0.30, 28.568, 175.26, 0.30, 0.007, 282.23, 3.48);
insert into SHOT values (2414, 2409, 2421, 810, 24.980, 207.65, 2.60, 24.985, 207.64, 2.62, 0.009, 180.86, 52.67);
insert into SHOT values (2415, 2409, 2422, 810, 18.020, 227.25, 1.10, 18.020, 227.25, 1.11, 0.004, 288.21, 85.92);
insert into SHOT values (2416, 2409, 2423, 810, 4.970, 192.15, -12.40, 4.973, 192.12, -12.31, 0.009, 161.92, 55.98);
insert into SHOT values (2417, 2409, 2424, 810, 10.200, 166.45, -6.10, 10.198, 166.48, -6.08, 0.008, 268.97, 30.80);
insert into SHOT values (2418, 2409, 2425, 810, 19.320, 183.35, -5.10, 19.319, 183.37, -5.08, 0.010, 276.26, 50.86);
insert into SHOT values (2419, 2409, 2426, 810, 14.860, 142.35, -4.20, 14.863, 142.37, -4.21, 0.007, 205.10, -13.51);
insert into SHOT values (2420, 2409, 2427, 810, 21.340, 153.65, 3.70, 21.337, 153.65, 3.71, 0.005, 315.53, 37.81);
insert into SHOT values (2421, 2409, 2428, 810, 10.070, 170.95, 16.40, 10.072, 170.95, 16.44, 0.007, 91.52, 88.19);
insert into SHOT values (2422, 2409, 2429, 810, 11.210, 311.55, 14.80, 11.212, 311.56, 14.83, 0.007, 36.22, 72.90);
insert into SHOT values (2423, 2409, 2430, 810, 27.290, 305.45, 8.20, 27.291, 305.43, 8.19, 0.008, 226.28, -16.20);
insert into SHOT values (2424, 2409, 2431, 810, 35.640, 301.85, 5.10, 35.644, 301.84, 5.10, 0.006, 251.51, 17.09);
insert into SHOT values (2425, 2409, 2432, 810, 23.770, 320.35, 8.30, 23.771, 320.35, 8.30, 0.002, 285.40, -57.22);
insert into SHOT values (2426, 2409, 2433, 810, 23.600, 311.65, 3.00, 23.598, 311.65, 3.01, 0.005, 163.74, 65.96);
insert into SHOT values (2427, 2409, 2434, 810, 13.270, 305.25, -5.10, 13.276, 305.24, -5.10, 0.006, 287.90, -3.46);
insert into SHOT values (2428, 2409, 2435, 810, 21.770, 272.75, -3.50, 21.776, 272.74, -3.50, 0.006, 250.78, -9.32);
insert into SHOT values (2429, 2409, 2436, 810, 9.110, 356.05, 8.20, 9.105, 356.05, 8.21, 0.006, 165.77, 6.63);
insert into SHOT values (2430, 2409, 2437, 810, 16.160, 18.75, 3.90, 16.162, 18.74, 3.90, 0.004, 325.16, 13.85);
insert into SHOT values (2431, 2409, 2438, 810, 20.500, 32.95, 3.40, 20.498, 32.95, 3.41, 0.005, 180.12, 59.32);
insert into SHOT values (2432, 2409, 2439, 810, 9.570, 38.15, -1.20, 9.567, 38.16, -1.20, 0.004, 181.38, 5.54);
insert into SHOT values (2433, 2409, 2440, 810, 2.610, 33.35, -10.20, 2.604, 33.38, -10.18, 0.007, 200.10, 19.57);
insert into SHOT values (2434, 2409, 2441, 810, 11.700, 56.95, 4.70, 11.697, 56.94, 4.71, 0.004, 275.45, 19.38);
insert into SHOT values (2435, 2409, 2442, 810, 13.740, 50.45, 3.70, 13.738, 50.45, 3.71, 0.004, 245.05, 54.22);
insert into SHOT values (2436, 2409, 2443, 810, 14.130, 39.75, 8.40, 14.134, 39.75, 8.42, 0.007, 37.12, 61.16);
insert into SHOT values (2437, 2409, 2444, 810, 7.280, 37.85, 16.30, 7.280, 37.79, 16.36, 0.010, 289.00, 41.21);
insert into SHOT values (2438, 2409, 2445, 810, 6.880, 29.15, 56.70, 6.880, 29.14, 56.69, 0.001, 9.80, -18.01);
insert into SHOT values (2439, 2409, 2446, 810, 29.490, 308.45, 6.80, 29.496, 308.44, 6.80, 0.007, 284.76, -13.75);
insert into SHOT values (2440, 2409, 2447, 810, 13.460, 212.35, -8.90, 13.467, 212.35, -8.89, 0.008, 219.21, 17.87);
insert into SHOT values (2441, 2447, 2448, 810, 6.810, 261.65, -21.60, 6.807, 261.64, -21.64, 0.006, 94.11, -33.48);
insert into SHOT values (2442, 2447, 2449, 810, 7.820, 229.45, -19.80, 7.818, 229.47, -19.81, 0.004, 8.68, -16.96);
insert into SHOT values (2443, 2447, 2450, 810, 5.940, 241.95, -24.40, 5.934, 241.96, -24.39, 0.007, 45.73, 34.62);
insert into SHOT values (2444, 2447, 2451, 810, 5.720, 247.75, -24.90, 5.717, 247.79, -24.93, 0.005, 22.37, -18.36);
insert into SHOT values (2445, 2447, 2452, 810, 5.800, 265.75, -17.80, 5.802, 265.74, -17.76, 0.004, 258.11, 46.20);
insert into SHOT values (2446, 2447, 2453, 810, 11.170, 297.15, 2.30, 11.172, 297.18, 2.31, 0.008, 10.63, 13.16);
insert into SHOT values (2447, 2447, 2454, 810, 5.210, 314.15, 55.80, 5.210, 314.17, 55.81, 0.002, 77.92, 34.90);
insert into SHOT values (2448, 2447, 2455, 810, 8.210, 177.45, 34.80, 8.208, 177.45, 34.85, 0.007, 358.56, 41.89);
insert into SHOT values (2449, 2447, 2456, 810, 16.090, 202.95, 16.10, 16.086, 202.96, 16.10, 0.006, 335.24, -18.36);
insert into SHOT values (2450, 2447, 2457, 810, 1.530, 245.85, -36.50, 1.527, 245.94, -36.57, 0.004, 34.90, 1.15);
insert into SHOT values (2451, 2447, 2458, 810, 2.680, 244.75, -29.60, 2.679, 244.86, -29.53, 0.006, 329.21, 38.49);
insert into SHOT values (2452, 2447, 2459, 810, 10.760, 246.75, -22.90, 10.763, 246.77, -22.91, 0.005, 313.48, -35.42);
insert into SHOT values (2453, 2459, 2460, 810, 2.870, 255.45, -21.80, 2.860, 255.39, -21.76, 0.011, 92.95, 32.10);
insert into SHOT values (2454, 2459, 2461, 810, 6.620, 288.45, -16.80, 6.619, 288.49, -16.77, 0.006, 21.40, 35.03);
insert into SHOT values (2455, 2459, 2462, 810, 7.320, 312.05, -10.00, 7.319, 312.08, -9.99, 0.004, 59.18, 17.04);
insert into SHOT values (2456, 2459, 2463, 810, 3.410, 335.75, -2.10, 3.409, 335.92, -2.02, 0.011, 72.71, 26.01);
insert into SHOT values (2457, 2459, 2464, 810, 2.070, 299.05, 2.30, 2.066, 299.30, 2.50, 0.012, 54.94, 34.81);
insert into SHOT values (2458, 2459, 2465, 810, 6.740, 295.55, -12.10, 6.733, 295.55, -12.09, 0.007, 110.63, 24.28);
insert into SHOT values (2459, 2459, 2466, 810, 5.160, 305.25, -18.90, 5.156, 305.32, -18.90, 0.007, 68.96, 11.05);
insert into SHOT values (2460, 2459, 2467, 810, 2.460, 305.85, -25.70, 2.453, 305.99, -25.60, 0.010, 74.79, 44.21);
insert into SHOT values (2461, 2459, 2468, 810, 1.490, 215.55, -23.50, 1.485, 215.44, -23.42, 0.006, 68.40, 41.00);
insert into SHOT values (2462, 2459, 2469, 810, 0.380, 297.85, 55.50, 0.385, 297.76, 56.14, 0.007, 150.52, 84.78);
insert into SHOT values (2463, 2459, 2470, 810, 0.290, 235.75, -72.70, 0.283, 234.46, -72.33, 0.007, 138.75, 74.21);
insert into SHOT values (2464, 2459, 2471, 810, 7.680, 294.95, -19.00, 7.675, 294.94, -19.01, 0.005, 126.56, 4.19);
insert into SHOT values (2465, 2459, 2472, 810, 8.070, 294.15, -20.30, 8.066, 294.19, -20.31, 0.007, 60.67, -1.79);
insert into SHOT values (2466, 2459, 2473, 810, 7.660, 294.05, -20.40, 7.656, 294.10, -20.41, 0.008, 56.38, 0.46);
insert into SHOT values (2467, 2459, 2474, 810, 7.950, 294.05, -20.30, 7.940, 294.09, -20.26, 0.012, 80.42, 41.64);
insert into SHOT values (2468, 2409, 2475, 810, 21.610, 142.65, -0.50, 21.619, 142.54, -0.19, 0.126, 65.88, 69.89);
insert into SHOT values (2469, 2475, 2476, 810, 18.860, 48.35, -1.40, 18.854, 48.33, -1.40, 0.008, 265.79, 5.63);
insert into SHOT values (2470, 2475, 2477, 810, 13.780, 21.65, -0.60, 13.781, 21.63, -0.58, 0.006, 308.95, 45.28);
insert into SHOT values (2471, 2475, 2478, 810, 21.850, 67.35, -1.50, 21.846, 67.32, -1.50, 0.011, 315.80, 10.13);
insert into SHOT values (2472, 2475, 2479, 810, 6.660, 72.85, 5.70, 6.659, 72.80, 5.69, 0.006, 337.50, -13.45);
insert into SHOT values (2473, 2475, 2480, 810, 2.520, 89.65, 29.40, 2.517, 89.48, 29.52, 0.009, 320.32, 19.01);
insert into SHOT values (2474, 2475, 2481, 810, 21.890, 85.95, -0.50, 21.886, 85.94, -0.50, 0.006, 307.68, 10.29);
insert into SHOT values (2475, 2475, 2482, 810, 25.990, 98.65, -1.60, 25.985, 98.64, -1.61, 0.009, 326.06, -28.36);
insert into SHOT values (2476, 2475, 2483, 810, 22.280, 114.45, -1.60, 22.273, 114.44, -1.60, 0.009, 330.09, 13.55);
insert into SHOT values (2477, 2475, 2484, 810, 2.400, 129.15, -3.90, 2.393, 129.22, -3.83, 0.008, 283.71, 24.44);
insert into SHOT values (2478, 2475, 2485, 810, 20.550, 157.85, -0.50, 20.545, 157.87, -0.50, 0.009, 286.73, -4.45);
insert into SHOT values (2479, 2475, 2486, 810, 21.770, 172.55, -2.80, 21.769, 172.55, -2.79, 0.003, 10.74, 83.63);
insert into SHOT values (2480, 2475, 2487, 810, 19.580, 181.55, -0.70, 19.579, 181.55, -0.70, 0.002, 325.92, -25.25);
insert into SHOT values (2481, 2475, 2488, 810, 19.380, 197.45, -3.90, 19.376, 197.46, -3.91, 0.006, 336.19, -17.36);
insert into SHOT values (2482, 2475, 2489, 810, 5.730, 184.25, -10.00, 5.722, 184.27, -9.96, 0.009, 345.24, 33.03);
insert into SHOT values (2483, 2475, 2490, 810, 15.500, 183.65, -7.00, 15.497, 183.65, -7.01, 0.004, 342.83, -16.60);
insert into SHOT values (2484, 2475, 2491, 810, 5.090, 157.05, -7.30, 5.079, 157.10, -7.35, 0.013, 315.93, -14.42);
insert into SHOT values (2485, 2475, 2492, 810, 5.570, 180.85, 13.90, 5.564, 180.85, 13.93, 0.007, 0.59, 17.04);
insert into SHOT values (2486, 2475, 2493, 810, 1.930, 144.95, 48.50, 1.928, 144.93, 48.77, 0.009, 327.17, 28.74);
insert into SHOT values (2487, 2475, 2494, 810, 20.730, 358.45, 3.00, 20.736, 358.42, 2.99, 0.012, 302.33, -23.70);
insert into SHOT values (2488, 2475, 2495, 810, 18.540, 236.05, 0.80, 18.540, 236.06, 0.80, 0.004, 325.20, 15.31);
insert into SHOT values (2489, 2475, 2496, 810, 22.460, 262.15, 4.40, 22.465, 262.17, 4.39, 0.011, 326.17, -15.77);
insert into SHOT values (2490, 2475, 2497, 810, 3.070, 272.35, -12.10, 3.070, 272.48, -12.03, 0.008, 354.07, 26.65);
insert into SHOT values (2491, 2475, 2498, 810, 5.580, 274.15, 17.80, 5.583, 274.21, 17.84, 0.007, 349.61, 36.25);
insert into SHOT values (2492, 2475, 2499, 810, 26.730, 177.45, -3.20, 26.723, 177.27, -2.83, 0.191, 88.70, 64.55);
insert into SHOT values (2493, 2499, 2500, 810, 3.390, 104.75, 70.90, 3.396, 105.16, 70.95, 0.010, 199.68, 39.35);
insert into SHOT values (2494, 2499, 2501, 810, 3.570, 74.95, 2.30, 3.574, 75.07, 2.41, 0.011, 140.34, 39.26);
insert into SHOT values (2495, 2499, 2502, 810, 0.560, 180.85, -28.20, 0.564, 181.15, -27.47, 0.008, 202.42, 33.26);
insert into SHOT values (2496, 2499, 2503, 810, 8.120, 235.95, 5.70, 8.120, 235.90, 5.73, 0.008, 142.52, 25.81);
insert into SHOT values (2497, 2499, 2504, 810, 4.450, 230.95, 40.50, 4.455, 230.87, 40.44, 0.008, 195.16, -0.30);
insert into SHOT values (2498, 2499, 2505, 810, 13.320, 181.55, 9.50, 13.327, 181.53, 9.50, 0.009, 146.20, 9.88);
insert into SHOT values (2499, 2499, 2506, 810, 19.880, 163.65, 7.80, 19.882, 163.64, 7.80, 0.005, 96.78, 21.54);
insert into SHOT values (2500, 2499, 2507, 810, 26.690, 135.65, 3.60, 26.691, 135.65, 3.61, 0.005, 202.25, 55.76);
insert into SHOT values (2501, 2499, 2508, 810, 9.580, 125.75, 4.40, 9.578, 125.75, 4.43, 0.005, 280.91, 66.83);
insert into SHOT values (2502, 2499, 2509, 810, 8.890, 145.75, 1.30, 8.892, 145.77, 1.35, 0.009, 211.65, 62.75);
insert into SHOT values (2503, 2499, 2510, 810, 12.170, 155.65, 5.00, 12.175, 155.65, 4.99, 0.005, 168.62, -7.77);
insert into SHOT values (2504, 2499, 2511, 810, 7.840, 143.65, 33.80, 7.840, 143.68, 33.79, 0.004, 209.35, -22.10);
insert into SHOT values (2505, 2499, 2512, 810, 16.740, 147.95, 14.00, 16.743, 147.95, 14.00, 0.003, 175.11, 4.16);
insert into SHOT values (2506, 2499, 2513, 810, 3.650, 140.85, 65.00, 3.652, 141.05, 65.01, 0.006, 226.11, 19.93);
insert into SHOT values (2507, 2499, 2514, 810, 5.140, 23.45, -1.70, 5.139, 23.52, -1.67, 0.007, 121.81, 20.76);
insert into SHOT values (2508, 2499, 2515, 810, 5.460, 357.05, 10.60, 5.462, 357.01, 10.66, 0.007, 274.57, 56.90);
insert into SHOT values (2509, 2499, 2516, 810, 5.320, 328.25, 7.80, 5.318, 328.27, 7.89, 0.009, 117.86, 62.51);
insert into SHOT values (2510, 2499, 2517, 810, 0.340, 309.65, -4.80, 0.336, 308.93, -5.13, 0.006, 171.97, -13.93);
insert into SHOT values (2511, 2499, 2518, 810, 1.490, 318.75, -21.20, 1.490, 318.50, -21.25, 0.006, 222.49, -11.17);
insert into SHOT values (2512, 2499, 2519, 810, 3.940, 340.25, -15.30, 3.933, 340.28, -15.33, 0.008, 147.58, -2.43);
insert into SHOT values (2513, 2499, 2520, 810, 8.770, 345.85, -5.40, 8.762, 345.87, -5.37, 0.009, 142.81, 34.79);
insert into SHOT values (2514, 2499, 2521, 810, 5.570, 349.55, 12.40, 5.572, 349.52, 12.44, 0.005, 273.51, 51.18);
insert into SHOT values (2515, 2499, 2522, 810, 3.210, 356.45, 38.70, 3.211, 356.57, 38.75, 0.006, 94.08, 29.74);
insert into SHOT values (2516, 2499, 2523, 810, 26.290, 149.35, 8.90, 26.294, 149.20, 9.26, 0.178, 41.54, 65.87);
insert into SHOT values (2517, 2523, 2524, 810, 1.860, 110.85, -81.40, 1.861, 111.04, -81.39, 0.001, 175.75, -41.98);
insert into SHOT values (2518, 2523, 2525, 810, 7.380, 72.45, -21.90, 7.379, 72.49, -21.88, 0.006, 164.78, 27.38);
insert into SHOT values (2519, 2523, 2526, 810, 3.560, 340.15, -35.40, 3.550, 340.19, -35.47, 0.011, 150.05, 11.65);
insert into SHOT values (2520, 2523, 2527, 810, 8.260, 334.65, -16.80, 8.253, 334.67, -16.83, 0.009, 136.02, -17.43);
insert into SHOT values (2521, 2523, 2528, 810, 4.470, 342.25, 2.00, 4.465, 342.26, 2.05, 0.006, 156.12, 38.61);
insert into SHOT values (2522, 2523, 2529, 810, 13.000, 15.25, -11.20, 12.997, 15.28, -11.18, 0.009, 119.78, 35.92);
insert into SHOT values (2523, 2523, 2530, 810, 14.350, 358.85, -9.20, 14.347, 358.87, -9.18, 0.007, 118.54, 38.88);
insert into SHOT values (2524, 2523, 2531, 810, 7.360, 288.65, -8.30, 7.356, 288.58, -8.28, 0.009, 176.45, 15.62);
insert into SHOT values (2525, 2523, 2532, 810, 6.050, 262.35, -4.30, 6.051, 262.29, -4.26, 0.008, 186.34, 28.16);
insert into SHOT values (2526, 2523, 2533, 810, 11.670, 215.55, 2.60, 11.675, 215.54, 2.60, 0.005, 204.19, 6.68);
insert into SHOT values (2527, 2523, 2534, 810, 17.190, 200.25, -0.10, 17.192, 200.25, -0.10, 0.002, 196.33, 0.05);
insert into SHOT values (2528, 2523, 2535, 810, 4.440, 182.35, -15.70, 4.448, 182.27, -15.65, 0.011, 150.86, 7.89);
insert into SHOT values (2529, 2523, 2536, 810, 16.630, 182.95, 10.60, 16.635, 182.94, 10.60, 0.006, 171.50, 9.21);
insert into SHOT values (2530, 2523, 2537, 810, 5.130, 141.85, -13.00, 5.138, 141.89, -12.93, 0.010, 166.66, 22.78);
insert into SHOT values (2531, 2523, 2538, 810, 9.320, 99.95, -7.90, 9.318, 99.98, -7.90, 0.006, 208.06, 9.59);
insert into SHOT values (2532, 2523, 2539, 810, 23.050, 114.45, -3.70, 23.051, 114.45, -3.71, 0.003, 98.07, -77.84);
insert into SHOT values (2533, 2523, 2540, 810, 30.300, 125.35, 0.90, 30.300, 125.35, 0.91, 0.005, 206.95, 59.14);
insert into SHOT values (2534, 2523, 2541, 810, 31.670, 188.45, 0.20, 31.673, 188.44, 0.20, 0.005, 142.91, -6.47);
insert into SHOT values (2535, 2523, 2542, 810, 36.160, 197.15, 0.30, 36.167, 197.14, 0.30, 0.008, 168.83, 4.68);
insert into SHOT values (2536, 2523, 2543, 810, 29.910, 176.35, -0.10, 29.919, 176.13, 0.33, 0.250, 90.38, 62.62);
insert into SHOT values (2537, 2475, 2544, 810, 25.560, 97.25, -4.20, 25.552, 97.24, -4.20, 0.010, 309.53, 11.24);
insert into SHOT values (2538, 2544, 2545, 810, 4.890, 33.65, -5.00, 4.886, 33.69, -5.05, 0.006, 171.46, -35.89);
insert into SHOT values (2539, 2544, 2546, 810, 0.570, 14.95, -55.90, 0.570, 16.19, -55.52, 0.008, 80.62, 14.57);
insert into SHOT values (2540, 2544, 2547, 810, 4.500, 187.35, -4.70, 4.502, 187.30, -4.71, 0.004, 118.46, -17.18);
insert into SHOT values (2541, 2544, 2548, 810, 2.020, 179.05, 81.80, 2.021, 178.03, 81.74, 0.006, 110.30, 6.69);
insert into SHOT values (2542, 2544, 2549, 810, 11.610, 340.25, 10.40, 11.612, 340.25, 10.37, 0.006, 339.67, -64.85);
insert into SHOT values (2543, 2544, 2550, 810, 3.620, 305.35, 38.00, 3.616, 305.42, 38.07, 0.007, 93.11, 10.98);
insert into SHOT values (2544, 2544, 2551, 810, 7.540, 296.25, 16.40, 7.534, 296.28, 16.42, 0.008, 82.28, 8.75);
insert into SHOT values (2545, 2544, 2552, 810, 0.660, 298.45, 3.00, 0.658, 298.12, 2.61, 0.006, 187.07, -48.61);
insert into SHOT values (2546, 2544, 2553, 810, 12.320, 244.55, 7.40, 12.317, 244.55, 7.37, 0.007, 76.84, -75.69);
insert into SHOT values (2547, 2544, 2554, 810, 10.410, 83.05, -5.80, 10.409, 83.07, -5.79, 0.004, 189.40, 29.57);
insert into SHOT values (2548, 2544, 2555, 810, 12.900, 107.35, -8.10, 12.901, 107.36, -8.11, 0.003, 190.11, -52.05);
insert into SHOT values (2549, 2544, 2556, 810, 14.020, 131.75, -8.00, 14.025, 131.76, -7.99, 0.006, 161.60, 11.82);
insert into SHOT values (2550, 2544, 2557, 810, 8.490, 148.15, -6.10, 8.492, 148.12, -6.08, 0.006, 81.74, 23.26);
insert into SHOT values (2551, 2544, 2558, 810, 5.430, 120.25, -6.10, 5.435, 120.22, -6.13, 0.007, 91.18, -27.00);
insert into SHOT values (2552, 2544, 2559, 810, 10.290, 98.55, -7.00, 10.291, 98.56, -7.03, 0.006, 174.87, -72.83);
insert into SHOT values (2553, 2544, 2560, 810, 4.930, 103.05, -1.10, 4.928, 103.02, -1.16, 0.006, 327.59, -57.63);
insert into SHOT values (2554, 2544, 2561, 810, 14.020, 121.05, -9.90, 14.030, 121.06, -9.89, 0.010, 131.75, 2.55);
insert into SHOT values (2555, 2561, 2562, 810, 1.160, 122.55, 5.30, 1.156, 122.59, 4.96, 0.008, 291.48, -61.41);
insert into SHOT values (2556, 2499, 2563, 810, 1.140, 122.35, 4.50, 1.141, 122.43, 4.52, 0.002, 183.43, 16.27);
insert into SHOT values (2557, 2561, 2564, 810, 1.140, 121.55, 4.40, 1.130, 121.57, 4.57, 0.010, 298.60, 14.47);
insert into SHOT values (2558, 2563, 2565, 810, 3.210, 132.05, -2.20, 3.210, 132.09, -2.14, 0.004, 229.18, 51.80);
insert into SHOT values (2559, 2565, 2566, 810, 9.690, 65.35, -31.70, 9.695, 65.36, -31.67, 0.007, 79.59, 14.31);
insert into SCRAPS values (812, 806, 'SP-Xav4-1', 1, 54.09616, 0.35427);
 insert into SCRAPS values (1047, 806, 'SP-Xav4-2', 1, 42.24292, 0.29105);
 insert into SCRAPS values (1249, 806, 'SP-Xav4-3', 1, 0.15184, 0.02170);
 insert into MAPS values (1260, 806, 'MP-GeophysicalskayaXR4', 'GeophysicalskayaXR4', 1, 1019.650, -31.720);
 insert into MAPITEMS values (1260, 4, 812);
 insert into MAPITEMS values (1260, 4, 1249);
 insert into MAPITEMS values (1260, 4, 1047);
 insert into SURVEY values (1263, 308, 'Escalade', 'Escalade.Geophysicheskaya.Koytendag', 'Escalade');
 insert into CENTRELINE values (1264, 1263, NULL, NULL, NULL, 0.00, 0.00, 0.00);
 insert into SURVEY values (1265, 1263, 'Escalade', 'Escalade.Escalade.Geophysicheskaya.Koytendag', 'Geophysicalskaya, escalade ');
 insert into CENTRELINE values (1266, 1265, NULL, NULL, NULL, 0.00, 0.00, 0.00);
 insert into CENTRELINE values (1267, 1265, NULL, '2024-04-18', NULL, 31.78, 0.00, 43.67);
 insert into TOPO values (1, 1267);
 insert into TOPO values (5, 1267);
 insert into PERSON values (11, 'Jean-Paul', 'Hereil');
insert into TOPO values (11, 1267);
 insert into SHOT values (2560, 2567, 2568, 1267, 8.244, 326.93, 6.35, 8.252, 326.89, 6.33, 0.010, 290.20, -6.86);
insert into SHOT_FLAG values(2560, 'dpl');
insert into SHOT values (2561, 2569, 2567, 1267, 14.061, 312.58, -13.51, 14.054, 312.60, -13.50, 0.009, 93.73, 33.68);
insert into SHOT_FLAG values(2561, 'dpl');
insert into SHOT values (2562, 2570, 2569, 1267, 11.485, 266.06, -10.80, 11.490, 266.04, -10.78, 0.007, 228.05, 16.80);
insert into SHOT_FLAG values(2562, 'dpl');
insert into SHOT values (2563, 2571, 2570, 1267, 9.880, 293.11, -13.79, 9.878, 293.14, -13.82, 0.008, 52.45, -36.56);
insert into SHOT_FLAG values(2563, 'dpl');
insert into SHOT values (2564, 2570, 2572, 1267, 17.991, 242.25, 23.43, 17.996, 242.24, 23.44, 0.009, 177.55, 58.22);
insert into SHOT values (2565, 2572, 2573, 1267, 7.393, 197.82, -10.14, 7.388, 197.86, -10.21, 0.012, 341.41, -43.07);
insert into SHOT values (2566, 2573, 2574, 1267, 6.394, 122.71, 1.09, 6.398, 122.75, 1.16, 0.010, 173.06, 55.52);
insert into SHOT values (2567, 2569, 2575, 1267, 6.259, 355.84, 4.07, 6.262, 355.87, 4.03, 0.005, 36.93, -43.05);
insert into SHOT values (2568, 2569, 2576, 1267, 10.314, 325.40, 69.57, 10.319, 325.52, 69.56, 0.009, 33.42, 29.93);
insert into SHOT values (2569, 2569, 2577, 1267, 14.439, 225.21, 66.61, 14.435, 225.28, 66.62, 0.009, 345.67, -15.57);
insert into SHOT values (2570, 2569, 2578, 1267, 6.429, 195.81, 17.92, 6.423, 195.77, 17.96, 0.009, 50.65, 12.49);
insert into SHOT values (2571, 2569, 2579, 1267, 1.435, 185.69, -73.78, 1.435, 185.86, -74.14, 0.009, 358.52, -13.46);
insert into SHOT values (2572, 2572, 2580, 1267, 17.777, 242.22, 23.48, 17.775, 242.26, 23.47, 0.010, 337.89, -13.97);
insert into SHOT values (2573, 2572, 2581, 1267, 3.413, 101.07, -25.47, 3.410, 101.05, -25.53, 0.005, 290.27, -27.32);
insert into SHOT values (2574, 2572, 2582, 1267, 5.511, 146.58, -21.01, 5.508, 146.59, -21.07, 0.007, 321.47, -39.68);
insert into SHOT values (2575, 2572, 2583, 1267, 8.133, 154.59, -15.06, 8.131, 154.58, -15.11, 0.008, 352.19, -62.24);
insert into SHOT values (2576, 2572, 2584, 1267, 2.413, 319.76, -71.99, 2.418, 319.90, -72.05, 0.006, 77.59, -68.71);
insert into SHOT values (2577, 2572, 2585, 1267, 2.391, 201.81, -65.98, 2.395, 201.80, -66.13, 0.007, 22.94, -57.67);
insert into SHOT values (2578, 2572, 2586, 1267, 4.010, 188.70, -37.57, 4.012, 188.69, -37.64, 0.005, 30.25, -68.57);
insert into SHOT values (2579, 2572, 2587, 1267, 6.879, 183.72, -19.35, 6.873, 183.71, -19.37, 0.007, 11.09, -4.22);
insert into SHOT values (2580, 2572, 2588, 1267, 3.821, 276.75, -21.54, 3.824, 276.79, -21.64, 0.007, 346.28, -73.88);
insert into SHOT values (2581, 2572, 2589, 1267, 5.984, 219.50, -13.51, 5.984, 219.49, -13.53, 0.002, 112.66, -62.69);
insert into SHOT values (2582, 2572, 2590, 1267, 9.568, 201.06, -8.03, 9.569, 201.09, -8.05, 0.006, 284.00, -39.19);
insert into SHOT values (2583, 2573, 2591, 1267, 3.303, 42.28, -17.04, 3.293, 42.30, -16.95, 0.011, 216.57, 44.99);
insert into SHOT values (2584, 2573, 2592, 1267, 2.064, 80.43, -25.71, 2.058, 80.39, -25.62, 0.007, 281.61, 53.89);
insert into SHOT values (2585, 2573, 2593, 1267, 3.229, 121.57, -25.74, 3.233, 121.67, -25.66, 0.008, 164.86, 17.68);
insert into SHOT values (2586, 2573, 2594, 1267, 6.037, 125.69, -1.57, 6.035, 125.69, -1.52, 0.005, 304.03, 73.54);
insert into SHOT values (2587, 2573, 2595, 1267, 1.494, 227.52, 4.56, 1.498, 227.44, 4.59, 0.005, 201.49, 15.38);
insert into SHOT values (2588, 2573, 2596, 1267, 2.864, 208.24, 1.49, 2.869, 208.08, 1.60, 0.011, 148.23, 30.02);
insert into SHOT values (2589, 2573, 2597, 1267, 3.324, 44.76, 26.80, 3.321, 44.86, 26.85, 0.007, 173.97, 12.42);
insert into SHOT values (2590, 2573, 2598, 1267, 2.189, 116.52, 33.60, 2.189, 116.71, 33.55, 0.006, 194.38, -11.59);
insert into SHOT values (2591, 2573, 2599, 1267, 3.776, 160.39, 17.71, 3.779, 160.36, 17.72, 0.004, 117.40, 22.08);
insert into SHOT values (2592, 2573, 2600, 1267, 6.934, 130.86, 1.17, 6.935, 130.91, 1.16, 0.006, 214.97, -9.11);
insert into SHOT values (2593, 2573, 2601, 1267, 13.092, 133.36, 0.88, 13.095, 133.36, 0.88, 0.004, 129.80, -13.69);
insert into SHOT values (2594, 2573, 2602, 1267, 12.064, 145.89, -0.80, 12.063, 145.91, -0.81, 0.005, 242.43, -12.69);
insert into SHOT values (2595, 2573, 2603, 1267, 12.949, 154.18, -1.95, 12.951, 154.17, -1.95, 0.004, 90.20, 8.08);
insert into SHOT values (2596, 2573, 2604, 1267, 25.059, 167.66, -0.89, 25.061, 167.67, -0.89, 0.006, 238.96, -7.69);
insert into SHOT values (2597, 2573, 2605, 1267, 25.390, 172.30, -1.18, 25.394, 172.30, -1.17, 0.006, 213.68, 31.31);
insert into SHOT values (2598, 2573, 2606, 1267, 9.949, 191.03, -2.77, 9.955, 191.02, -2.76, 0.007, 163.25, 5.45);
insert into SHOT values (2599, 2573, 2607, 1267, 9.215, 199.43, -4.80, 9.217, 199.46, -4.79, 0.005, 264.79, 14.24);
insert into SHOT values (2600, 2573, 2608, 1267, 10.470, 174.78, 3.80, 10.477, 174.79, 3.83, 0.009, 176.27, 43.31);
insert into SHOT values (2601, 2574, 2609, 1267, 7.082, 280.76, -6.39, 7.079, 280.81, -6.41, 0.007, 36.90, -15.47);
insert into SHOT values (2602, 2574, 2610, 1267, 13.325, 271.60, -4.00, 13.328, 271.59, -4.04, 0.010, 266.18, -73.86);
insert into SHOT values (2603, 2574, 2611, 1267, 12.426, 257.82, -4.72, 12.431, 257.84, -4.75, 0.009, 301.02, -48.55);
insert into SHOT values (2604, 2574, 2612, 1267, 9.187, 237.12, -5.66, 9.188, 237.14, -5.68, 0.006, 323.78, -37.21);
insert into SHOT values (2605, 2574, 2613, 1267, 3.626, 279.52, -31.91, 3.632, 279.52, -31.92, 0.006, 279.93, -33.70);
insert into SHOT values (2606, 2574, 2614, 1267, 12.991, 258.62, -56.78, 12.994, 258.66, -56.78, 0.006, 335.27, -24.22);
insert into SHOT values (2607, 2574, 2615, 1267, 14.373, 237.38, -56.83, 14.379, 237.36, -56.86, 0.009, 108.16, -70.36);
insert into SHOT values (2608, 2574, 2616, 1267, 11.151, 224.65, -43.07, 11.154, 224.70, -43.09, 0.009, 319.35, -38.50);
insert into SHOT values (2609, 2574, 2617, 1267, 8.493, 220.98, -29.00, 8.495, 220.96, -29.01, 0.004, 144.33, -44.97);
insert into SHOT values (2610, 2574, 2618, 1267, 11.747, 215.30, -8.19, 11.749, 215.30, -8.22, 0.008, 226.77, -82.26);
insert into SHOT values (2611, 2574, 2619, 1267, 3.184, 251.75, 13.57, 3.183, 251.74, 13.44, 0.007, 223.39, -82.70);
insert into SHOT values (2612, 2574, 2620, 1267, 5.608, 226.18, 16.25, 5.611, 226.20, 16.14, 0.011, 249.09, -57.68);
insert into SHOT values (2613, 2574, 2621, 1267, 8.433, 206.51, 2.31, 8.432, 206.50, 2.24, 0.010, 89.09, -81.44);
insert into SHOT values (2614, 2574, 2622, 1267, 17.022, 196.33, -1.33, 17.023, 196.35, -1.35, 0.007, 279.84, -31.18);
insert into SCRAPS values (1269, 1263, 'SP-Escalade-1', 1, 5.60523, 0.37627);
 insert into MAPS values (1292, 1263, 'MP-Escalade', 'Escalade', 1, 31.778, -12.590);
 insert into MAPITEMS values (1292, 4, 1269);
 insert into SURVEY values (1295, 308, 'GeophysicayaXR6', 'GeophysicayaXR6.Geophysicheskaya.Koytendag', 'GeophysicayaXR6');
 insert into CENTRELINE values (1296, 1295, NULL, NULL, NULL, 0.00, 0.00, 0.00);
 insert into SURVEY values (1297, 1295, 'GeophysicayaXR6', 'GeophysicayaXR6.GeophysicayaXR6.Geophysicheskaya.Koytendag', 'geophysicayaXR6');
 insert into CENTRELINE values (1298, 1297, NULL, NULL, NULL, 0.00, 0.00, 0.00);
 insert into CENTRELINE values (1299, 1297, NULL, '2024-04-16', NULL, 492.47, 0.00, 0.00);
 insert into TOPO values (2, 1299);
 insert into TOPO values (3, 1299);
 insert into SHOT values (2615, 2623, 2624, 1299, 18.440, 285.95, -18.90, 18.447, 285.90, -18.95, 0.023, 202.63, -48.88);
insert into SHOT values (2616, 2624, 2625, 1299, 8.250, 225.45, 1.90, 8.250, 225.49, 1.94, 0.009, 318.22, 46.38);
insert into SHOT values (2617, 2624, 2626, 1299, 4.890, 315.45, 54.20, 4.895, 315.42, 54.19, 0.005, 295.98, 47.08);
insert into SHOT values (2618, 2624, 2627, 1299, 5.370, 19.15, 20.70, 5.375, 19.16, 20.70, 0.005, 26.07, 19.76);
insert into SHOT values (2619, 2624, 2628, 1299, 11.650, 6.25, 2.20, 11.648, 6.26, 2.21, 0.005, 127.62, 37.02);
insert into SHOT values (2620, 2624, 2629, 1299, 14.720, 23.85, 4.20, 14.721, 23.82, 4.21, 0.007, 298.02, 16.89);
insert into SHOT values (2621, 2624, 2630, 1299, 15.230, 48.25, 11.30, 15.226, 48.26, 11.32, 0.008, 201.01, 46.65);
insert into SHOT values (2622, 2624, 2631, 1299, 9.390, 72.55, 33.20, 9.391, 72.51, 33.26, 0.011, 303.23, 51.57);
insert into SHOT values (2623, 2624, 2632, 1299, 12.660, 317.95, 19.80, 12.658, 317.93, 19.81, 0.005, 199.06, 17.09);
insert into SHOT values (2624, 2624, 2633, 1299, 16.260, 345.35, 5.70, 16.257, 345.35, 5.72, 0.007, 145.10, 49.98);
insert into SHOT values (2625, 2624, 2634, 1299, 16.490, 358.35, 4.00, 16.488, 358.36, 4.03, 0.011, 126.44, 62.54);
insert into SHOT values (2626, 2624, 2635, 1299, 1.560, 323.65, -39.20, 1.556, 323.41, -39.05, 0.008, 223.21, 49.95);
insert into SHOT values (2627, 2624, 2636, 1299, 8.680, 332.25, -12.40, 8.678, 332.23, -12.38, 0.005, 226.87, 48.05);
insert into SHOT values (2628, 2624, 2637, 1299, 23.000, 326.75, -6.50, 22.999, 326.75, -6.49, 0.004, 166.32, 80.01);
insert into SHOT values (2629, 2624, 2638, 1299, 18.390, 344.85, -7.60, 18.387, 344.83, -7.59, 0.008, 229.44, 16.54);
insert into SHOT values (2630, 2624, 2639, 1299, 18.220, 301.85, -9.00, 18.225, 301.85, -9.00, 0.005, 318.38, 2.46);
insert into SHOT values (2631, 2639, 2640, 1299, 1.430, 348.65, 10.50, 1.422, 348.85, 10.94, 0.014, 141.72, 40.80);
insert into SHOT values (2632, 2639, 2641, 1299, 2.260, 299.85, 15.00, 2.255, 299.74, 15.17, 0.009, 152.34, 34.65);
insert into SHOT values (2633, 2639, 2642, 1299, 2.830, 340.65, 72.70, 2.837, 340.48, 72.81, 0.009, 195.76, 62.48);
insert into SHOT values (2634, 2639, 2643, 1299, 5.470, 97.95, 49.30, 5.478, 98.04, 49.26, 0.010, 132.76, 16.84);
insert into SHOT values (2635, 2639, 2644, 1299, 10.860, 62.35, 41.80, 10.858, 62.39, 41.82, 0.007, 189.59, 11.26);
insert into SHOT values (2636, 2639, 2645, 1299, 16.720, 80.75, 12.40, 16.721, 80.77, 12.40, 0.006, 155.24, -3.66);
insert into SHOT values (2637, 2639, 2646, 1299, 18.570, 57.95, 7.10, 18.567, 57.97, 7.12, 0.010, 172.08, 27.03);
insert into SHOT values (2638, 2639, 2647, 1299, 3.540, 65.05, -0.60, 3.539, 65.10, -0.49, 0.008, 169.95, 64.87);
insert into SHOT values (2639, 2639, 2648, 1299, 1.630, 60.45, -26.40, 1.628, 60.45, -26.25, 0.005, 224.66, 88.59);
insert into SHOT values (2640, 2639, 2649, 1299, 5.930, 113.75, 7.90, 5.936, 113.77, 7.94, 0.008, 140.97, 40.47);
insert into SHOT values (2641, 2639, 2650, 1299, 15.070, 123.65, 23.50, 15.076, 123.64, 23.49, 0.006, 113.09, 8.20);
insert into SHOT values (2642, 2639, 2651, 1299, 2.130, 343.55, -60.70, 2.123, 343.83, -60.63, 0.009, 86.81, 55.22);
insert into SHOT values (2643, 2639, 2652, 1299, 2.110, 329.85, -13.70, 2.108, 329.80, -13.72, 0.003, 187.15, -5.89);
insert into SHOT values (2644, 2639, 2653, 1299, 4.200, 328.15, -24.60, 4.191, 328.19, -24.53, 0.011, 125.60, 52.40);
insert into SHOT values (2645, 2639, 2654, 1299, 3.000, 306.45, -27.40, 2.997, 306.44, -27.42, 0.003, 133.88, 10.00);
insert into SHOT values (2646, 2639, 2655, 1299, 2.700, 281.95, -28.90, 2.696, 281.98, -28.83, 0.006, 76.22, 61.72);
insert into SHOT values (2647, 2639, 2656, 1299, 2.290, 331.55, -63.70, 2.286, 331.66, -63.74, 0.005, 121.66, 36.61);
insert into SHOT values (2648, 2639, 2657, 1299, 1.590, 346.25, -25.00, 1.589, 346.35, -24.94, 0.003, 83.82, 37.46);
insert into SHOT values (2649, 2639, 2658, 1299, 1.540, 342.95, 20.30, 1.540, 343.07, 20.52, 0.007, 103.68, 57.60);
insert into SHOT values (2650, 2639, 2659, 1299, 4.790, 323.25, -30.70, 4.785, 323.30, -30.66, 0.007, 90.74, 51.36);
insert into SHOT values (2651, 2659, 2660, 1299, 2.330, 118.85, 8.40, 2.335, 119.01, 8.37, 0.008, 172.36, -2.70);
insert into SHOT values (2652, 2659, 2661, 1299, 1.650, 131.65, -15.70, 1.656, 131.69, -15.77, 0.006, 145.08, -33.27);
insert into SHOT values (2653, 2659, 2662, 1299, 1.120, 143.15, -49.60, 1.120, 143.91, -49.34, 0.011, 210.33, 15.42);
insert into SHOT values (2654, 2659, 2663, 1299, 1.900, 115.25, 48.10, 1.901, 115.56, 47.88, 0.010, 165.05, -24.81);
insert into SHOT values (2655, 2659, 2664, 1299, 3.600, 135.85, 15.50, 3.603, 135.82, 15.45, 0.004, 104.61, -28.98);
insert into SHOT values (2656, 2659, 2665, 1299, 2.220, 150.55, -2.80, 2.228, 150.67, -2.83, 0.009, 181.49, -9.59);
insert into SHOT values (2657, 2659, 2666, 1299, 4.430, 154.95, 6.30, 4.429, 155.01, 6.35, 0.006, 257.71, 40.26);
insert into SHOT values (2658, 2659, 2667, 1299, 4.800, 162.35, 9.20, 4.806, 162.33, 9.22, 0.006, 146.12, 23.84);
insert into SHOT values (2659, 2659, 2668, 1299, 4.080, 168.45, 5.40, 4.079, 168.50, 5.35, 0.005, 263.60, -49.33);
insert into SHOT values (2660, 2659, 2669, 1299, 4.050, 162.15, 1.00, 4.055, 162.19, 0.99, 0.006, 193.48, -6.79);
insert into SHOT values (2661, 2659, 2670, 1299, 7.150, 159.75, 3.20, 7.152, 159.76, 3.21, 0.003, 203.06, 18.20);
insert into SHOT values (2662, 2659, 2671, 1299, 1.130, 59.05, -6.30, 1.123, 59.30, -6.13, 0.009, 202.92, 25.68);
insert into SHOT values (2663, 2659, 2672, 1299, 4.520, 56.25, -21.20, 4.518, 56.23, -21.28, 0.007, 251.07, -53.35);
insert into SHOT values (2664, 2659, 2673, 1299, 3.110, 27.35, -19.30, 3.105, 27.44, -19.37, 0.008, 167.75, -16.03);
insert into SHOT values (2665, 2659, 2674, 1299, 2.200, 31.75, -7.20, 2.196, 31.87, -7.32, 0.008, 166.04, -34.38);
insert into SHOT values (2666, 2659, 2675, 1299, 2.280, 39.55, -49.50, 2.275, 39.51, -49.50, 0.005, 237.92, 48.06);
insert into SHOT values (2667, 2659, 2676, 1299, 2.030, 359.25, -19.90, 2.022, 359.10, -19.96, 0.010, 209.95, 5.57);
insert into SHOT values (2668, 2659, 2677, 1299, 9.830, 166.05, 5.90, 9.831, 166.03, 5.90, 0.003, 101.42, -9.83);
insert into SHOT values (2669, 2659, 2678, 1299, 4.430, 20.05, -21.00, 4.427, 20.10, -21.05, 0.006, 156.92, -23.49);
insert into SHOT values (2670, 2678, 2679, 1299, 0.990, 114.95, -82.90, 0.987, 114.44, -82.97, 0.003, 329.60, 52.15);
insert into SHOT values (2671, 2678, 2680, 1299, 1.460, 290.35, 3.70, 1.465, 290.42, 3.91, 0.008, 310.37, 48.01);
insert into SHOT values (2672, 2678, 2681, 1299, 2.360, 356.05, -4.90, 2.365, 355.86, -4.85, 0.009, 297.88, 9.97);
insert into SHOT values (2673, 2678, 2682, 1299, 3.580, 53.45, -10.90, 3.575, 53.46, -10.96, 0.006, 228.23, -29.47);
insert into SHOT values (2674, 2678, 2683, 1299, 5.060, 77.25, -7.30, 5.055, 77.21, -7.27, 0.006, 292.94, 27.55);
insert into SHOT values (2675, 2678, 2684, 1299, 5.380, 112.85, -11.80, 5.375, 112.81, -11.81, 0.006, 327.79, 1.87);
insert into SHOT values (2676, 2678, 2685, 1299, 3.840, 136.55, -1.50, 3.842, 136.58, -1.49, 0.003, 180.24, 9.01);
insert into SHOT values (2677, 2678, 2686, 1299, 3.600, 152.95, 10.10, 3.602, 153.00, 10.07, 0.004, 207.93, -18.29);
insert into SHOT values (2678, 2678, 2687, 1299, 1.950, 137.45, -15.10, 1.951, 137.58, -15.16, 0.005, 225.63, -24.52);
insert into SHOT values (2679, 2678, 2688, 1299, 2.380, 106.45, -21.20, 2.373, 106.55, -21.25, 0.008, 258.18, 4.59);
insert into SHOT values (2680, 2678, 2689, 1299, 2.290, 69.85, -19.90, 2.288, 69.88, -19.93, 0.002, 218.79, -12.93);
insert into SHOT values (2681, 2678, 2690, 1299, 1.380, 106.05, -52.30, 1.377, 105.85, -52.31, 0.004, 342.85, 28.67);
insert into SHOT values (2682, 2678, 2691, 1299, 5.560, 113.65, -11.80, 5.554, 113.64, -11.84, 0.007, 299.83, -25.51);
insert into SHOT values (2683, 2639, 2692, 1299, 18.780, 29.75, 1.90, 18.778, 29.78, 1.92, 0.012, 132.55, 39.43);
insert into SHOT values (2684, 2624, 2693, 1299, 18.990, 42.65, 4.40, 18.986, 42.67, 4.38, 0.010, 161.10, -45.48);
insert into SHOT values (2685, 2693, 2694, 1299, 15.610, 133.55, 22.30, 15.614, 133.54, 22.32, 0.007, 78.25, 71.46);
insert into SHOT values (2686, 2693, 2695, 1299, 3.460, 131.25, 4.40, 3.462, 131.12, 4.47, 0.009, 53.93, 30.51);
insert into SHOT values (2687, 2693, 2696, 1299, 4.960, 63.65, -3.20, 4.963, 63.64, -3.12, 0.007, 52.17, 66.76);
insert into SHOT values (2688, 2693, 2697, 1299, 6.690, 46.65, -19.70, 6.686, 46.67, -19.67, 0.006, 179.28, 54.42);
insert into SHOT values (2689, 2693, 2698, 1299, 12.610, 40.65, -10.00, 12.609, 40.66, -10.00, 0.002, 168.77, -7.89);
insert into SHOT values (2690, 2693, 2699, 1299, 2.430, 59.05, 7.00, 2.432, 59.08, 7.09, 0.004, 106.47, 67.18);
insert into SHOT values (2691, 2693, 2700, 1299, 7.970, 17.35, -16.90, 7.971, 17.39, -16.85, 0.009, 79.73, 48.03);
insert into SHOT values (2692, 2693, 2701, 1299, 1.790, 354.35, -61.10, 1.783, 354.69, -61.03, 0.009, 99.53, 53.39);
insert into SHOT values (2693, 2693, 2702, 1299, 4.560, 272.95, -10.00, 4.555, 272.94, -9.99, 0.005, 101.84, 20.61);
insert into SHOT values (2694, 2693, 2703, 1299, 8.750, 256.75, -5.20, 8.748, 256.73, -5.18, 0.004, 142.26, 43.37);
insert into SHOT values (2695, 2693, 2704, 1299, 4.230, 248.45, -15.30, 4.224, 248.41, -15.23, 0.008, 104.40, 51.10);
insert into SHOT values (2696, 2693, 2705, 1299, 2.890, 190.15, -4.60, 2.885, 190.22, -4.57, 0.006, 336.72, 16.18);
insert into SHOT values (2697, 2693, 2706, 1299, 2.900, 215.25, 15.60, 2.898, 215.23, 15.61, 0.002, 62.19, 3.34);
insert into SHOT values (2698, 2693, 2707, 1299, 0.970, 209.85, 32.40, 0.971, 210.00, 32.38, 0.002, 278.44, 5.89);
insert into SHOT values (2699, 2693, 2708, 1299, 21.950, 67.05, -8.70, 21.947, 67.08, -8.73, 0.015, 178.85, -41.95);
insert into SHOT values (2700, 2708, 2709, 1299, 4.570, 181.95, 17.70, 4.569, 181.84, 17.71, 0.008, 81.89, 4.01);
insert into SHOT values (2701, 2708, 2710, 1299, 26.140, 147.05, 6.60, 26.144, 147.04, 6.61, 0.008, 94.37, 42.85);
insert into SHOT values (2702, 2708, 2711, 1299, 16.540, 122.45, 6.40, 16.548, 122.43, 6.38, 0.010, 95.47, -21.54);
insert into SHOT values (2703, 2708, 2712, 1299, 32.870, 98.15, 1.90, 32.870, 98.15, 1.90, 0.004, 184.03, 3.05);
insert into SHOT values (2704, 2708, 2713, 1299, 23.050, 108.45, 3.10, 23.058, 108.46, 3.11, 0.010, 134.29, 20.75);
insert into SHOT values (2705, 2708, 2714, 1299, 34.390, 93.95, 0.60, 34.394, 93.95, 0.60, 0.004, 119.54, -1.77);
insert into SHOT values (2706, 2708, 2715, 1299, 18.970, 79.45, 3.40, 18.972, 79.47, 3.41, 0.010, 154.80, 30.45);
insert into SHOT values (2707, 2708, 2716, 1299, 10.630, 62.95, 4.90, 10.634, 63.00, 4.91, 0.010, 131.85, 11.28);
insert into SHOT values (2708, 2708, 2717, 1299, 11.280, 50.85, 1.70, 11.286, 50.86, 1.73, 0.008, 78.93, 39.29);
insert into SHOT values (2709, 2708, 2718, 1299, 8.740, 59.75, 33.70, 8.745, 59.81, 33.68, 0.009, 109.98, 3.98);
insert into SHOT values (2710, 2708, 2719, 1299, 5.080, 39.15, 62.70, 5.085, 39.43, 62.73, 0.013, 127.36, 27.14);
insert into SHOT values (2711, 2708, 2720, 1299, 3.660, 266.95, 47.00, 3.661, 266.78, 47.06, 0.008, 160.13, 23.19);
insert into SHOT values (2712, 2708, 2721, 1299, 8.300, 256.15, 22.30, 8.295, 256.13, 22.32, 0.006, 104.68, 4.79);
insert into SHOT values (2713, 2708, 2722, 1299, 16.580, 257.15, 9.00, 16.576, 257.12, 8.99, 0.010, 143.40, -21.21);
insert into SHOT values (2714, 2708, 2723, 1299, 21.280, 256.25, 4.20, 21.277, 256.23, 4.20, 0.007, 138.52, 12.31);
insert into SHOT values (2715, 2708, 2724, 1299, 15.400, 269.15, 3.80, 15.396, 269.14, 3.80, 0.005, 110.55, -7.42);
insert into SHOT values (2716, 2708, 2725, 1299, 5.670, 289.55, 3.30, 5.665, 289.52, 3.34, 0.007, 133.36, 31.35);
insert into SHOT values (2717, 2708, 2726, 1299, 5.290, 309.05, 8.90, 5.282, 309.09, 8.93, 0.009, 105.62, 9.81);
insert into SHOT values (2718, 2708, 2727, 1299, 2.890, 283.55, -5.90, 2.885, 283.50, -5.97, 0.007, 126.35, -26.69);
insert into SHOT values (2719, 2708, 2728, 1299, 9.150, 260.45, -1.30, 9.150, 260.43, -1.32, 0.003, 158.46, -46.78);
insert into SHOT values (2720, 2708, 2729, 1299, 13.430, 254.85, 2.60, 13.431, 254.83, 2.60, 0.003, 183.23, 12.81);
insert into SHOT values (2721, 2708, 2730, 1299, 13.630, 238.85, 8.10, 13.623, 238.83, 8.10, 0.008, 86.67, -3.36);
insert into SHOT values (2722, 2708, 2731, 1299, 8.960, 214.15, 15.20, 8.962, 214.11, 15.20, 0.006, 139.25, 7.97);
insert into SHOT values (2723, 2708, 2732, 1299, 2.190, 203.65, -11.70, 2.194, 203.58, -11.57, 0.007, 177.81, 36.26);
insert into SHOT values (2724, 2708, 2733, 1299, 12.950, 134.15, 0.10, 12.956, 134.12, 0.09, 0.008, 90.44, -18.18);
insert into SHOT values (2725, 2708, 2734, 1299, 4.670, 122.65, -9.50, 4.674, 122.69, -9.48, 0.006, 160.67, 8.04);
insert into SHOT values (2726, 2708, 2735, 1299, 12.000, 98.65, -3.40, 12.007, 98.64, -3.39, 0.008, 79.88, 12.69);
insert into SHOT values (2727, 2708, 2736, 1299, 6.680, 61.35, -16.40, 6.685, 61.40, -16.42, 0.008, 112.03, -29.64);
insert into SHOT values (2728, 2708, 2737, 1299, 5.060, 3.05, -18.90, 5.060, 3.11, -18.91, 0.006, 94.41, -10.23);
insert into SHOT values (2729, 2708, 2738, 1299, 17.340, 10.45, -1.90, 17.338, 10.47, -1.88, 0.009, 113.64, 32.48);
insert into SHOT values (2730, 2708, 2739, 1299, 25.070, 39.65, 2.00, 25.071, 39.66, 2.01, 0.006, 114.72, 55.61);
insert into SHOT values (2731, 2708, 2740, 1299, 14.660, 335.45, 5.10, 14.655, 335.47, 5.09, 0.008, 103.79, -23.12);
insert into SHOT values (2732, 2708, 2741, 1299, 21.110, 344.85, 3.90, 21.110, 344.86, 3.91, 0.006, 78.12, 40.79);
insert into SHOT values (2733, 2708, 2742, 1299, 16.810, 8.95, 7.70, 16.806, 8.98, 7.69, 0.011, 122.74, -12.42);
insert into SHOT values (2734, 2708, 2743, 1299, 7.090, 10.85, 16.50, 7.083, 10.86, 16.49, 0.008, 175.50, -29.23);
insert into SHOT values (2735, 2708, 2744, 1299, 22.520, 12.25, 0.60, 22.513, 12.70, 0.84, 0.202, 104.97, 27.80);
insert into SHOT values (2736, 2744, 2745, 1299, 3.360, 206.15, 34.80, 3.362, 206.01, 34.83, 0.007, 119.26, 19.50);
insert into SHOT values (2737, 2744, 2746, 1299, 9.020, 193.45, 14.10, 9.021, 193.42, 14.12, 0.006, 109.61, 27.95);
insert into SHOT values (2738, 2744, 2747, 1299, 12.270, 241.85, 7.70, 12.271, 241.83, 7.73, 0.007, 163.20, 61.05);
insert into SHOT values (2739, 2744, 2748, 1299, 10.530, 282.75, 8.40, 10.530, 282.76, 8.41, 0.002, 10.73, 54.18);
insert into SHOT values (2740, 2744, 2749, 1299, 12.990, 319.05, 8.20, 12.986, 319.07, 8.23, 0.010, 94.97, 46.53);
insert into SHOT values (2741, 2744, 2750, 1299, 17.090, 340.05, 5.60, 17.091, 340.06, 5.61, 0.005, 57.16, 27.83);
insert into SHOT values (2742, 2744, 2751, 1299, 5.790, 1.35, 24.70, 5.791, 1.42, 24.70, 0.006, 79.09, 4.98);
insert into SHOT values (2743, 2744, 2752, 1299, 4.170, 358.75, -16.80, 4.167, 358.85, -16.74, 0.009, 98.47, 35.92);
insert into SHOT values (2744, 2744, 2753, 1299, 3.840, 247.05, -7.70, 3.838, 246.94, -7.64, 0.009, 145.89, 31.49);
insert into SHOT values (2745, 2744, 2754, 1299, 4.000, 154.05, -14.70, 4.003, 153.96, -14.62, 0.009, 98.83, 35.93);
insert into SHOT values (2746, 2744, 2755, 1299, 7.160, 114.65, -21.90, 7.161, 114.64, -21.89, 0.002, 73.34, 15.76);
insert into SHOT values (2747, 2744, 2756, 1299, 15.640, 119.05, 0.30, 15.650, 119.05, 0.33, 0.013, 128.80, 39.86);
insert into SHOT values (2748, 2744, 2757, 1299, 20.120, 127.05, 2.70, 20.121, 127.05, 2.71, 0.003, 198.72, 57.90);
insert into SHOT values (2749, 2744, 2758, 1299, 21.670, 139.75, 2.00, 21.675, 139.74, 2.01, 0.008, 100.06, 29.03);
insert into SHOT values (2750, 2744, 2759, 1299, 12.950, 150.95, 1.30, 12.954, 150.94, 1.33, 0.007, 125.07, 57.98);
insert into SHOT values (2751, 2744, 2760, 1299, 11.970, 159.35, 4.80, 11.970, 159.33, 4.84, 0.009, 63.98, 66.92);
insert into SHOT values (2752, 2744, 2761, 1299, 3.170, 139.15, 34.00, 3.176, 139.16, 34.09, 0.008, 154.90, 72.34);
insert into SHOT values (2753, 2744, 2762, 1299, 5.770, 96.45, 19.30, 5.779, 96.42, 19.30, 0.009, 79.49, 18.29);
insert into SHOT values (2754, 2744, 2763, 1299, 0.650, 76.75, 7.60, 0.654, 76.61, 7.91, 0.005, 51.09, 47.61);
insert into SHOT values (2755, 2744, 2764, 1299, 10.830, 64.55, -1.80, 10.835, 64.57, -1.80, 0.006, 107.46, 1.66);
insert into SHOT values (2756, 2744, 2765, 1299, 28.860, 45.15, 3.70, 28.861, 45.15, 3.71, 0.008, 122.06, 67.31);
insert into SHOT values (2757, 2744, 2766, 1299, 10.280, 31.85, 14.20, 10.278, 31.87, 14.25, 0.010, 167.35, 55.68);
insert into SHOT values (2758, 2744, 2767, 1299, 21.450, 4.15, 6.30, 21.447, 4.17, 6.32, 0.011, 121.14, 34.88);
insert into SHOT values (2759, 2744, 2768, 1299, 13.180, 14.75, -6.70, 13.182, 14.78, -6.67, 0.011, 80.29, 45.13);
insert into SHOT values (2760, 2744, 2769, 1299, 14.230, 348.35, 1.10, 14.225, 348.36, 1.13, 0.009, 141.79, 51.82);
insert into SHOT values (2761, 2744, 2770, 1299, 22.220, 143.95, 1.30, 22.212, 143.85, 1.37, 0.048, 41.61, 32.82);
insert into SHOT values (2762, 2744, 2771, 1299, 18.350, 29.35, -0.80, 18.344, 30.03, -0.62, 0.226, 121.19, 14.41);
insert into SHOT values (2763, 2771, 2772, 1299, 1.540, 114.75, -26.50, 1.541, 114.89, -26.60, 0.004, 208.04, -39.71);
insert into SHOT values (2764, 2771, 2773, 1299, 6.740, 116.95, -11.00, 6.743, 116.95, -11.03, 0.005, 125.55, -54.88);
insert into SHOT values (2765, 2771, 2774, 1299, 18.970, 136.05, -1.40, 18.966, 136.05, -1.39, 0.005, 323.91, 43.44);
insert into SHOT values (2766, 2771, 2775, 1299, 21.990, 136.15, 8.50, 21.982, 136.16, 8.50, 0.008, 297.17, -2.35);
insert into SHOT values (2767, 2771, 2776, 1299, 14.250, 117.95, 14.50, 14.246, 117.98, 14.51, 0.008, 240.07, 14.39);
insert into SHOT values (2768, 2771, 2777, 1299, 5.520, 120.45, 36.50, 5.515, 120.50, 36.50, 0.006, 255.89, -31.97);
insert into SHOT values (2769, 2771, 2778, 1299, 2.490, 125.25, 83.10, 2.487, 125.31, 83.21, 0.005, 301.59, -21.30);
insert into SHOT values (2770, 2771, 2779, 1299, 6.890, 73.05, 26.50, 6.890, 73.03, 26.46, 0.005, 39.26, -56.46);
insert into SHOT values (2771, 2771, 2780, 1299, 12.890, 72.15, 7.80, 12.883, 72.16, 7.81, 0.008, 230.43, 4.69);
insert into SHOT values (2772, 2771, 2781, 1299, 19.980, 103.65, 5.60, 19.977, 103.64, 5.60, 0.004, 303.93, 4.46);
insert into SHOT values (2773, 2771, 2782, 1299, 32.540, 116.65, 2.60, 32.537, 116.65, 2.59, 0.007, 265.43, -60.30);
insert into SHOT values (2774, 2771, 2783, 1299, 40.320, 125.75, 2.20, 40.322, 125.75, 2.20, 0.003, 144.49, 55.66);
insert into SHOT values (2775, 2771, 2784, 1299, 55.960, 132.35, 2.30, 55.959, 132.35, 2.29, 0.008, 232.00, -45.40);
insert into SHOT values (2776, 2771, 2785, 1299, 11.670, 143.15, 4.00, 11.672, 143.17, 3.98, 0.006, 203.36, -39.69);
insert into SHOT values (2777, 2771, 2786, 1299, 10.900, 154.05, 1.80, 10.905, 154.05, 1.79, 0.005, 148.43, -27.25);
insert into SHOT values (2778, 2771, 2787, 1299, 8.720, 174.85, 6.70, 8.725, 174.84, 6.71, 0.006, 152.15, 27.17);
insert into SHOT values (2779, 2771, 2788, 1299, 10.710, 192.95, 11.60, 10.705, 192.95, 11.59, 0.006, 10.68, -37.90);
insert into SHOT values (2780, 2771, 2789, 1299, 12.580, 227.25, 7.30, 12.578, 227.24, 7.31, 0.003, 83.13, 29.41);
insert into SHOT values (2781, 2771, 2790, 1299, 23.660, 234.15, 4.10, 23.660, 234.15, 4.10, 0.003, 316.81, -32.71);
insert into SHOT values (2782, 2771, 2791, 1299, 16.890, 304.95, 5.40, 16.886, 304.95, 5.40, 0.004, 130.74, 8.08);
insert into SHOT values (2783, 2771, 2792, 1299, 18.570, 323.75, 5.30, 18.572, 323.73, 5.28, 0.008, 256.95, -41.04);
insert into SHOT values (2784, 2771, 2793, 1299, 18.580, 340.05, 7.50, 18.585, 340.04, 7.48, 0.008, 316.50, -39.57);
insert into SHOT values (2785, 2771, 2794, 1299, 15.640, 3.75, 6.40, 15.640, 3.73, 6.39, 0.007, 276.70, -28.60);
insert into SHOT values (2786, 2771, 2795, 1299, 3.270, 342.05, -17.30, 3.269, 342.09, -17.26, 0.003, 92.03, 46.97);
insert into SHOT values (2787, 2771, 2796, 1299, 12.590, 340.15, -15.60, 12.596, 340.15, -15.61, 0.006, 333.75, -41.45);
insert into SHOT values (2788, 2771, 2797, 1299, 27.390, 349.55, -14.10, 27.386, 349.54, -14.10, 0.005, 195.17, 31.87);
insert into SHOT values (2789, 2771, 2798, 1299, 11.350, 336.55, -14.40, 11.347, 336.51, -14.39, 0.008, 222.75, 19.89);
insert into SHOT values (2790, 2771, 2799, 1299, 34.390, 344.05, -7.50, 34.387, 344.05, -7.50, 0.003, 174.57, -22.23);
insert into SHOT values (2791, 2771, 2800, 1299, 6.190, 338.15, 23.60, 6.186, 338.14, 23.63, 0.005, 165.47, 20.57);
insert into SHOT values (2792, 2771, 2801, 1299, 32.780, 351.15, -10.10, 32.783, 351.14, -10.10, 0.005, 298.83, -17.06);
insert into SHOT values (2793, 2801, 2802, 1299, 6.850, 116.65, 3.00, 6.856, 116.64, 3.01, 0.006, 107.20, 13.34);
insert into SHOT values (2794, 2801, 2803, 1299, 2.850, 114.15, -20.30, 2.854, 114.27, -20.30, 0.007, 171.77, -10.68);
insert into SHOT values (2795, 2801, 2804, 1299, 5.900, 125.75, 57.20, 5.904, 125.72, 57.15, 0.007, 114.32, 5.61);
insert into SHOT values (2796, 2801, 2805, 1299, 5.890, 254.75, 76.20, 5.889, 254.67, 76.25, 0.005, 94.36, 0.20);
insert into SHOT values (2797, 2801, 2806, 1299, 5.020, 261.35, 41.60, 5.018, 261.27, 41.58, 0.006, 166.95, -28.04);
insert into SHOT values (2798, 2801, 2807, 1299, 6.380, 259.15, 1.80, 6.377, 259.15, 1.80, 0.003, 79.50, -7.94);
insert into SHOT values (2799, 2801, 2808, 1299, 11.600, 261.45, -17.40, 11.595, 261.42, -17.41, 0.007, 123.43, -8.72);
insert into SHOT values (2800, 2801, 2809, 1299, 11.810, 229.25, -6.70, 11.808, 229.22, -6.71, 0.007, 121.00, -18.11);
insert into SHOT values (2801, 2801, 2810, 1299, 14.230, 208.55, 0.80, 14.231, 208.55, 0.81, 0.002, 183.74, 42.95);
insert into SHOT values (2802, 2801, 2811, 1299, 15.190, 217.95, 18.00, 15.185, 217.94, 17.99, 0.006, 63.08, -41.75);
insert into SHOT values (2803, 2801, 2812, 1299, 6.260, 182.95, -10.60, 6.264, 182.89, -10.58, 0.008, 127.33, 10.61);
insert into SHOT values (2804, 2801, 2813, 1299, 12.820, 182.85, -2.20, 12.825, 182.82, -2.19, 0.009, 128.48, 14.10);
insert into SHOT values (2805, 2801, 2814, 1299, 20.370, 180.35, 5.80, 20.375, 180.34, 5.80, 0.006, 144.71, 14.58);
insert into SHOT values (2806, 2801, 2815, 1299, 17.160, 162.95, 13.30, 17.165, 162.94, 13.30, 0.006, 144.13, 23.67);
insert into SHOT values (2807, 2801, 2816, 1299, 11.210, 148.35, 10.10, 11.214, 148.37, 10.12, 0.007, 193.68, 37.21);
insert into SHOT values (2808, 2801, 2817, 1299, 9.930, 191.85, 48.80, 9.928, 191.83, 48.80, 0.004, 64.53, -24.05);
insert into SHOT values (2809, 2801, 2818, 1299, 6.480, 82.45, -17.90, 6.477, 82.45, -17.89, 0.003, 262.93, 30.16);
insert into SHOT values (2810, 2801, 2819, 1299, 8.800, 90.55, -10.30, 8.802, 90.60, -10.28, 0.008, 162.73, 24.94);
insert into SHOT values (2811, 2801, 2820, 1299, 8.600, 78.85, -4.20, 8.605, 78.85, -4.20, 0.005, 76.53, -1.68);
insert into SHOT values (2812, 2801, 2821, 1299, 8.600, 67.95, -11.60, 8.601, 67.97, -11.60, 0.003, 145.84, -12.07);
insert into SHOT values (2813, 2801, 2822, 1299, 11.130, 75.25, -11.20, 11.131, 75.25, -11.19, 0.003, 90.41, 44.95);
insert into SHOT values (2814, 2801, 2823, 1299, 13.420, 79.05, -11.50, 13.420, 79.04, -11.52, 0.005, 327.05, -65.73);
insert into SHOT values (2815, 2801, 2824, 1299, 11.540, 81.65, -7.60, 11.543, 81.66, -7.62, 0.005, 117.56, -51.32);
insert into SHOT values (2816, 2801, 2825, 1299, 14.960, 84.65, -17.00, 14.964, 84.67, -16.98, 0.008, 125.25, 27.70);
insert into SHOT values (2817, 2801, 2826, 1299, 12.000, 88.75, -13.30, 12.004, 88.77, -13.29, 0.007, 137.41, 4.98);
insert into SHOT values (2818, 2801, 2827, 1299, 19.040, 82.55, -12.80, 19.041, 82.54, -12.80, 0.003, 358.67, -38.59);
insert into SHOT values (2819, 2801, 2828, 1299, 11.150, 51.85, -6.60, 11.148, 51.86, -6.59, 0.003, 181.04, 35.47);
insert into SHOT values (2820, 2801, 2829, 1299, 9.730, 30.75, -3.00, 9.731, 30.76, -3.00, 0.002, 107.79, -18.92);
insert into SHOT values (2821, 2801, 2830, 1299, 7.390, 7.85, -4.00, 7.388, 7.88, -4.04, 0.006, 131.60, -45.45);
insert into SHOT values (2822, 2801, 2831, 1299, 5.550, 348.75, -13.00, 5.546, 348.79, -13.03, 0.007, 126.66, -13.38);
insert into SHOT values (2823, 2801, 2832, 1299, 13.870, 22.85, -15.60, 13.870, 22.86, -15.60, 0.003, 107.11, -1.66);
insert into SHOT values (2824, 2801, 2833, 1299, 5.860, 30.35, -23.50, 5.858, 30.43, -23.55, 0.010, 147.87, -20.45);
insert into SHOT values (2825, 2801, 2834, 1299, 26.840, 40.95, -8.50, 26.843, 40.95, -8.51, 0.004, 80.32, -44.78);
insert into SHOT values (2826, 2801, 2835, 1299, 20.270, 86.95, -11.00, 20.271, 86.95, -11.01, 0.003, 37.81, -65.99);
insert into SHOT values (2827, 2801, 2836, 1299, 23.990, 40.25, -7.60, 23.994, 40.26, -7.59, 0.007, 85.16, 24.82);
insert into SHOT values (2828, 2836, 2837, 1299, 3.990, 160.35, -11.90, 3.993, 160.41, -12.00, 0.008, 223.50, -59.08);
insert into SHOT values (2829, 2836, 2838, 1299, 9.980, 205.85, -3.80, 9.982, 205.90, -3.79, 0.009, 281.84, 9.42);
insert into SHOT values (2830, 2836, 2839, 1299, 12.540, 215.55, 4.10, 12.547, 215.57, 4.07, 0.011, 247.67, -37.29);
insert into SHOT values (2831, 2836, 2840, 1299, 22.230, 232.35, 2.90, 22.236, 232.34, 2.89, 0.010, 194.73, -29.31);
insert into SHOT values (2832, 2836, 2841, 1299, 21.630, 263.65, -1.90, 21.634, 263.65, -1.91, 0.006, 288.47, -30.57);
insert into SHOT values (2833, 2836, 2842, 1299, 15.410, 281.25, -2.70, 15.412, 281.24, -2.71, 0.006, 226.81, -46.77);
insert into SHOT values (2834, 2836, 2843, 1299, 15.500, 318.65, -2.10, 15.499, 318.61, -2.11, 0.010, 220.15, -11.51);
insert into SHOT values (2835, 2836, 2844, 1299, 14.530, 334.75, -3.60, 14.526, 334.73, -3.59, 0.007, 214.37, 18.93);
insert into SHOT values (2836, 2836, 2845, 1299, 13.320, 346.95, -1.90, 13.322, 346.93, -1.89, 0.004, 288.42, 22.87);
insert into SHOT values (2837, 2836, 2846, 1299, 9.860, 2.75, -0.60, 9.852, 2.73, -0.64, 0.011, 199.00, -38.17);
insert into SHOT values (2838, 2836, 2847, 1299, 5.600, 333.85, -8.50, 5.603, 333.76, -8.52, 0.009, 260.31, -14.04);
insert into SHOT values (2839, 2836, 2848, 1299, 9.600, 316.25, -4.40, 9.598, 316.23, -4.42, 0.005, 191.99, -39.90);
insert into SHOT values (2840, 2836, 2849, 1299, 4.290, 315.05, -11.00, 4.293, 315.00, -11.01, 0.005, 266.66, -16.65);
insert into SHOT values (2841, 2836, 2850, 1299, 9.680, 282.05, -4.20, 9.687, 282.01, -4.20, 0.010, 239.09, -5.96);
insert into SHOT values (2842, 2836, 2851, 1299, 9.220, 263.85, -3.40, 9.220, 263.82, -3.42, 0.005, 168.31, -39.78);
insert into SHOT values (2843, 2836, 2852, 1299, 11.550, 246.65, -1.60, 11.552, 246.63, -1.64, 0.008, 182.81, -63.63);
insert into SHOT values (2844, 2836, 2853, 1299, 6.240, 243.25, -7.70, 6.251, 243.23, -7.72, 0.011, 231.02, -20.59);
insert into SHOT values (2845, 2836, 2854, 1299, 5.470, 214.15, -9.70, 5.478, 214.13, -9.67, 0.009, 203.24, 10.87);
insert into SHOT values (2846, 2836, 2855, 1299, 1.090, 301.85, -49.10, 1.094, 301.24, -49.32, 0.010, 209.84, -38.87);
insert into SHOT values (2847, 2836, 2856, 1299, 1.800, 2.75, -25.10, 1.795, 2.47, -25.40, 0.013, 225.06, -29.18);
insert into SHOT values (2848, 2836, 2857, 1299, 3.830, 238.05, 25.30, 3.832, 237.96, 25.17, 0.010, 194.53, -40.92);
insert into SHOT values (2849, 2836, 2858, 1299, 9.910, 243.75, 8.50, 9.911, 243.72, 8.47, 0.007, 176.76, -44.63);
insert into SHOT values (2850, 2836, 2859, 1299, 5.560, 281.55, 12.10, 5.563, 281.56, 12.04, 0.007, 294.38, -54.31);
insert into SHOT values (2851, 2836, 2860, 1299, 4.520, 357.85, 15.80, 4.514, 357.76, 15.81, 0.009, 227.53, -4.43);
insert into SHOT values (2852, 2836, 2861, 1299, 0.870, 65.15, 79.80, 0.864, 66.80, 79.84, 0.008, 177.56, -52.75);
insert into SHOT values (2853, 2836, 2862, 1299, 0.880, 51.95, -77.80, 0.878, 51.84, -78.30, 0.008, 234.33, 0.91);
insert into SHOT values (2854, 2836, 2863, 1299, 7.270, 42.65, -7.10, 7.260, 42.64, -7.12, 0.010, 230.78, -8.16);
insert into SHOT values (2855, 2836, 2864, 1299, 9.430, 63.05, -7.00, 9.426, 63.05, -7.01, 0.004, 235.84, -11.42);
insert into SHOT values (2856, 2836, 2865, 1299, 11.040, 82.35, -5.00, 11.039, 82.37, -4.99, 0.005, 180.90, 26.89);
insert into SHOT values (2857, 2836, 2866, 1299, 12.720, 94.55, -5.50, 12.719, 94.58, -5.50, 0.006, 194.85, -7.86);
insert into SHOT values (2858, 2836, 2867, 1299, 5.710, 112.55, -9.90, 5.706, 112.60, -9.89, 0.006, 238.81, 16.44);
insert into SHOT values (2859, 2836, 2868, 1299, 3.750, 88.15, -16.20, 3.752, 88.25, -16.25, 0.007, 173.00, -30.63);
insert into SHOT values (2860, 2836, 2869, 1299, 4.120, 137.15, -14.40, 4.122, 137.23, -14.47, 0.008, 221.87, -42.16);
insert into SHOT values (2861, 2836, 2870, 1299, 5.380, 105.65, -5.60, 5.376, 105.72, -5.66, 0.010, 225.58, -31.37);
insert into SHOT values (2862, 2836, 2871, 1299, 9.010, 105.55, -5.50, 9.012, 105.59, -5.54, 0.009, 182.92, -47.23);
insert into SHOT values (2863, 2871, 2872, 1299, 0.960, 154.05, 74.70, 0.964, 154.44, 74.67, 0.005, 201.00, 59.37);
insert into SHOT values (2864, 2871, 2873, 1299, 0.340, 210.65, -56.20, 0.338, 212.01, -56.03, 0.005, 307.21, 29.41);
insert into SHOT values (2865, 2871, 2874, 1299, 1.570, 102.25, -10.80, 1.561, 102.04, -10.71, 0.011, 315.39, 22.55);
insert into SHOT values (2866, 2871, 2875, 1299, 4.070, 96.85, -4.10, 4.069, 96.79, -4.09, 0.004, 351.41, 13.52);
insert into SHOT values (2867, 2871, 2876, 1299, 6.430, 40.45, -2.10, 6.431, 40.46, -2.05, 0.006, 84.00, 77.49);
insert into SHOT values (2868, 2871, 2877, 1299, 8.190, 9.55, -1.00, 8.193, 9.49, -0.98, 0.010, 299.28, 16.98);
insert into SHOT values (2869, 2871, 2878, 1299, 8.870, 349.75, -2.70, 8.871, 349.73, -2.65, 0.009, 292.06, 66.37);
insert into SHOT values (2870, 2871, 2879, 1299, 1.840, 8.55, 18.00, 1.840, 8.55, 18.05, 0.002, 194.04, 69.82);
insert into SHOT values (2871, 2871, 2880, 1299, 1.190, 9.65, -17.80, 1.192, 9.63, -17.58, 0.005, 1.88, 51.59);
insert into SHOT values (2872, 2871, 2881, 1299, 1.800, 183.95, 41.20, 1.802, 184.24, 41.32, 0.008, 279.54, 32.54);
insert into SHOT values (2873, 2871, 2882, 1299, 5.950, 197.45, 11.40, 5.947, 197.47, 11.44, 0.006, 345.54, 42.01);
insert into SHOT values (2874, 2871, 2883, 1299, 9.470, 224.95, 1.80, 9.473, 224.96, 1.81, 0.004, 251.64, 38.67);
insert into SHOT values (2875, 2871, 2884, 1299, 9.770, 246.85, -0.60, 9.776, 246.87, -0.59, 0.008, 277.71, 17.45);
insert into SHOT values (2876, 2871, 2885, 1299, 13.730, 186.65, 0.20, 13.723, 186.65, 0.21, 0.008, 357.30, 15.28);
insert into SHOT values (2877, 2871, 2886, 1299, 13.120, 163.75, 0.20, 13.114, 163.75, 0.22, 0.007, 343.86, 35.37);
insert into SHOT values (2878, 2871, 2887, 1299, 6.380, 143.15, 1.50, 6.374, 143.17, 1.53, 0.007, 304.65, 26.01);
insert into SHOT values (2879, 2871, 2888, 1299, 4.790, 123.15, -0.20, 4.790, 123.16, -0.12, 0.007, 208.61, 82.41);
insert into SHOT values (2880, 2871, 2889, 1299, 3.820, 153.05, -6.10, 3.814, 153.03, -6.02, 0.008, 345.09, 44.48);
insert into SHOT values (2881, 2871, 2890, 1299, 3.480, 186.25, -6.60, 3.474, 186.32, -6.61, 0.007, 329.70, -0.14);
insert into SHOT values (2882, 2871, 2891, 1299, 9.210, 194.25, 5.80, 9.210, 194.28, 5.80, 0.005, 281.59, -8.54);
insert into SHOT values (2883, 2871, 2892, 1299, 4.910, 192.15, 12.50, 4.906, 192.18, 12.60, 0.010, 349.19, 48.80);
insert into SHOT values (2884, 2871, 2893, 1299, 16.860, 204.15, 0.90, 16.859, 204.16, 0.92, 0.007, 308.26, 50.48);
insert into SHOT values (2885, 2771, 2894, 1299, 25.150, 121.15, 2.60, 25.174, 121.45, 2.78, 0.156, 202.67, 30.42);
insert into SHOT values (2886, 2894, 2895, 1299, 13.090, 229.05, 0.40, 13.086, 229.03, 0.39, 0.006, 97.15, -12.52);
insert into SHOT values (2887, 2894, 2896, 1299, 14.200, 265.95, 1.50, 14.200, 265.96, 1.49, 0.003, 353.36, -30.31);
insert into SHOT values (2888, 2894, 2897, 1299, 14.530, 283.85, -2.40, 14.524, 283.84, -2.41, 0.007, 132.39, -12.25);
insert into SHOT values (2889, 2894, 2898, 1299, 8.060, 295.85, 17.90, 8.057, 295.83, 17.93, 0.005, 148.30, 29.85);
insert into SHOT values (2890, 2894, 2899, 1299, 4.280, 253.25, 37.40, 4.276, 253.22, 37.45, 0.006, 90.25, 4.25);
insert into SHOT values (2891, 2894, 2900, 1299, 6.400, 175.35, 28.60, 6.398, 175.30, 28.57, 0.006, 82.31, -39.71);
insert into SHOT values (2892, 2894, 2901, 1299, 14.150, 163.05, 13.40, 14.155, 163.03, 13.40, 0.008, 115.90, 5.85);
insert into SHOT values (2893, 2894, 2902, 1299, 25.670, 171.25, -1.40, 25.667, 171.24, -1.41, 0.007, 57.16, -23.23);
insert into SHOT values (2894, 2894, 2903, 1299, 18.080, 196.45, -3.40, 18.080, 196.45, -3.39, 0.002, 137.07, 74.47);
insert into SHOT values (2895, 2894, 2904, 1299, 14.320, 210.35, -0.00, 14.319, 210.33, 0.00, 0.006, 113.45, 0.00);
insert into SHOT values (2896, 2894, 2905, 1299, 3.030, 188.75, -8.40, 3.026, 188.64, -8.36, 0.007, 66.11, 22.13);
insert into SHOT values (2897, 2894, 2906, 1299, 3.240, 130.85, -6.80, 3.242, 130.72, -6.73, 0.008, 56.27, 25.34);
insert into SHOT values (2898, 2894, 2907, 1299, 4.170, 71.85, 2.80, 4.173, 71.83, 2.75, 0.005, 42.21, -47.95);
insert into SHOT values (2899, 2894, 2908, 1299, 8.450, 108.15, 2.80, 8.450, 108.16, 2.78, 0.003, 182.19, -68.10);
insert into SHOT values (2900, 2894, 2909, 1299, 14.510, 131.85, 1.40, 14.515, 131.84, 1.38, 0.007, 117.04, -41.29);
insert into SHOT values (2901, 2894, 2910, 1299, 28.860, 140.95, 0.70, 28.859, 140.95, 0.69, 0.003, 295.47, -67.85);
insert into SHOT values (2902, 2894, 2911, 1299, 12.850, 335.15, 4.40, 12.852, 335.17, 4.37, 0.009, 46.58, -43.25);
insert into SHOT values (2903, 2894, 2912, 1299, 6.860, 2.45, 4.40, 6.857, 2.43, 4.43, 0.006, 212.06, 41.62);
insert into SHOT values (2904, 2894, 2913, 1299, 4.500, 324.35, 26.90, 4.502, 324.33, 26.95, 0.004, 225.41, 71.54);
insert into SHOT values (2905, 2894, 2914, 1299, 23.710, 158.65, -2.00, 23.738, 158.33, -1.76, 0.166, 81.77, 36.00);
insert into SHOT values (2906, 2914, 2915, 1299, 7.430, 69.65, 2.30, 7.429, 69.66, 2.31, 0.003, 197.14, 42.44);
insert into SHOT values (2907, 2914, 2916, 1299, 6.270, 62.85, 44.50, 6.267, 62.86, 44.47, 0.005, 137.94, -77.01);
insert into SHOT values (2908, 2914, 2917, 1299, 4.760, 154.45, 83.10, 4.755, 155.22, 83.08, 0.010, 238.50, -35.31);
insert into SHOT values (2909, 2914, 2918, 1299, 5.180, 337.75, -7.60, 5.181, 337.68, -7.65, 0.008, 249.49, -38.85);
insert into SHOT values (2910, 2914, 2919, 1299, 21.160, 355.35, 3.80, 21.157, 355.33, 3.79, 0.009, 243.30, -15.03);
insert into SHOT values (2911, 2914, 2920, 1299, 11.810, 13.95, 5.90, 11.808, 13.94, 5.88, 0.004, 239.11, -63.10);
insert into SHOT values (2912, 2914, 2921, 1299, 10.780, 332.85, 20.80, 10.775, 332.82, 20.82, 0.007, 190.10, 15.47);
insert into SHOT values (2913, 2914, 2922, 1299, 13.570, 288.55, -0.70, 13.574, 288.52, -0.72, 0.010, 222.44, -25.88);
insert into SHOT values (2914, 2914, 2923, 1299, 22.330, 305.35, 2.10, 22.337, 305.33, 2.10, 0.009, 267.84, 11.18);
insert into SHOT values (2915, 2914, 2924, 1299, 5.250, 217.15, -3.30, 5.255, 217.18, -3.27, 0.006, 244.60, 22.32);
insert into SHOT values (2916, 2914, 2925, 1299, 6.420, 186.85, 3.80, 6.420, 186.90, 3.75, 0.008, 271.66, -41.80);
insert into SHOT values (2917, 2914, 2926, 1299, 19.960, 162.95, 8.10, 19.956, 162.96, 8.09, 0.006, 296.42, -25.54);
insert into SHOT values (2918, 2914, 2927, 1299, 21.230, 142.55, 13.10, 21.231, 142.56, 13.09, 0.006, 218.27, -16.60);
insert into SHOT values (2919, 2914, 2928, 1299, 18.830, 121.75, 14.10, 18.831, 121.75, 14.11, 0.003, 171.86, 83.62);
insert into SHOT values (2920, 2914, 2929, 1299, 9.410, 137.55, 29.50, 9.408, 137.62, 29.48, 0.011, 228.90, -19.26);
insert into SHOT values (2921, 2914, 2930, 1299, 10.640, 135.45, 8.30, 10.640, 135.50, 8.27, 0.011, 221.45, -32.03);
insert into SHOT values (2922, 2914, 2931, 1299, 2.320, 143.25, -1.30, 2.317, 143.43, -1.24, 0.008, 258.38, 18.30);
insert into SHOT values (2923, 2914, 2932, 1299, 0.510, 259.05, -52.10, 0.510, 259.05, -51.71, 0.003, 258.71, 44.59);
insert into SHOT values (2924, 2914, 2933, 1299, 3.240, 260.95, -13.40, 3.248, 260.90, -13.35, 0.009, 240.85, 5.78);
insert into SHOT values (2925, 2914, 2934, 1299, 12.020, 259.25, -7.00, 12.030, 259.24, -7.02, 0.011, 243.99, -27.07);
insert into SHOT values (2926, 2914, 2935, 1299, 11.800, 272.75, -0.60, 11.804, 272.72, -0.58, 0.008, 215.96, 26.39);
insert into SHOT values (2927, 2914, 2936, 1299, 6.860, 258.15, 8.50, 6.861, 258.09, 8.47, 0.008, 179.79, -31.02);
insert into SHOT values (2928, 2914, 2937, 1299, 5.570, 235.65, 0.50, 5.575, 235.60, 0.51, 0.007, 192.81, 10.76);
insert into SHOT values (2929, 2914, 2938, 1299, 10.390, 241.65, -1.50, 10.388, 241.66, -1.49, 0.003, 14.72, 39.84);
insert into SHOT values (2930, 2914, 2939, 1299, 21.310, 256.45, -0.70, 21.334, 256.03, -0.89, 0.172, 174.48, -23.82);
insert into SHOT values (2931, 2939, 2940, 1299, 4.070, 182.25, 23.30, 4.065, 182.15, 23.33, 0.008, 52.04, 0.88);
insert into SHOT values (2932, 2939, 2941, 1299, 9.170, 111.15, 6.90, 9.168, 111.12, 6.89, 0.005, 354.37, -20.26);
insert into SHOT values (2933, 2939, 2942, 1299, 10.320, 89.85, 1.50, 10.324, 89.83, 1.50, 0.005, 52.55, -1.86);
insert into SHOT values (2934, 2939, 2943, 1299, 9.680, 53.15, 0.20, 9.686, 53.14, 0.24, 0.009, 42.64, 45.22);
insert into SHOT values (2935, 2939, 2944, 1299, 9.100, 18.85, 0.80, 9.109, 18.83, 0.82, 0.009, 2.37, 18.44);
insert into SHOT values (2936, 2939, 2945, 1299, 7.180, 342.65, 11.10, 7.184, 342.67, 11.08, 0.006, 14.13, -24.36);
insert into SHOT values (2937, 2939, 2946, 1299, 7.110, 320.95, 4.20, 7.108, 321.01, 4.20, 0.008, 65.71, -5.10);
insert into SHOT values (2938, 2939, 2947, 1299, 15.220, 303.55, 4.20, 15.221, 303.55, 4.22, 0.006, 22.17, 74.67);
insert into SHOT values (2939, 2939, 2948, 1299, 3.970, 351.65, 60.70, 3.972, 351.75, 60.59, 0.008, 15.75, -14.71);
insert into SHOT values (2940, 2939, 2949, 1299, 6.160, 19.85, 83.50, 6.160, 19.98, 83.45, 0.005, 38.28, -4.41);
insert into SHOT values (2941, 2939, 2950, 1299, 7.110, 214.35, 6.20, 7.101, 214.32, 6.23, 0.010, 54.56, 11.94);
insert into SHOT values (2942, 2939, 2951, 1299, 2.710, 242.55, 43.10, 2.704, 242.53, 43.17, 0.007, 69.74, -14.80);
insert into SHOT values (2943, 2939, 2952, 1299, 8.490, 270.35, 22.20, 8.490, 270.36, 22.21, 0.003, 12.83, 43.68);
insert into SHOT values (2944, 2939, 2953, 1299, 12.850, 285.85, 34.50, 12.847, 285.90, 34.52, 0.011, 43.34, 8.78);
insert into SHOT values (2945, 2939, 2954, 1299, 8.920, 305.25, 24.00, 8.921, 305.31, 24.01, 0.009, 33.95, 12.56);
insert into SHOT values (2946, 2939, 2955, 1299, 6.890, 272.75, -2.90, 6.887, 272.75, -2.91, 0.004, 89.58, -23.46);
insert into SHOT values (2947, 2939, 2956, 1299, 7.210, 305.95, -1.60, 7.212, 306.03, -1.59, 0.010, 26.87, 7.46);
insert into SHOT values (2948, 2939, 2957, 1299, 15.640, 303.45, 3.90, 15.641, 303.45, 3.92, 0.006, 218.91, 82.67);
insert into SHOT values (2949, 2939, 2958, 1299, 15.690, 311.95, 4.50, 15.690, 311.97, 4.50, 0.005, 39.28, -10.83);
insert into SHOT values (2950, 2939, 2959, 1299, 23.190, 263.05, 2.60, 23.184, 263.06, 2.60, 0.007, 57.33, -15.84);
insert into SHOT values (2951, 2939, 2960, 1299, 24.250, 249.85, 4.40, 24.252, 249.85, 4.40, 0.002, 254.09, -15.17);
insert into SHOT values (2952, 2939, 2961, 1299, 31.310, 276.55, -0.50, 31.305, 276.55, -0.49, 0.006, 97.96, 35.19);
insert into SHOT values (2953, 2939, 2708, 1299, 23.760, 276.55, -0.50, 23.771, 275.99, -0.70, 0.247, 188.89, -19.58);
insert into SHOT values (2954, 2708, 2770, 1299, 18.510, 77.05, 2.70, 18.514, 77.41, 2.66, 0.119, 164.82, -5.78);
insert into SHOT values (2955, 2708, 2962, 1299, 14.680, 134.35, 9.80, 14.658, 134.72, 9.58, 0.111, 232.05, -31.85);
insert into SHOT values (2956, 2962, 2963, 1299, 1.730, 139.85, -70.90, 1.726, 139.29, -70.81, 0.007, 61.68, 40.08);
insert into SHOT values (2957, 2962, 2964, 1299, 4.380, 74.25, -8.70, 4.381, 74.33, -8.66, 0.007, 150.80, 22.44);
insert into SHOT values (2958, 2962, 2965, 1299, 7.420, 273.55, -11.70, 7.417, 273.55, -11.67, 0.005, 81.56, 67.67);
insert into SHOT values (2959, 2962, 2966, 1299, 22.160, 109.35, -1.00, 22.134, 109.56, -1.42, 0.186, 218.60, -61.53);
insert into SHOT values (2960, 2914, 2967, 1299, 27.550, 175.15, 5.40, 27.550, 175.15, 5.39, 0.003, 144.41, -76.32);
insert into SHOT values (2961, 2914, 2968, 1299, 17.970, 141.55, 9.10, 17.996, 141.10, 9.34, 0.159, 56.83, 29.34);
insert into SHOT values (2962, 2968, 2969, 1299, 3.640, 168.15, 61.30, 3.637, 168.11, 61.29, 0.003, 53.13, -65.98);
insert into SHOT values (2963, 2968, 2970, 1299, 8.910, 59.75, 10.20, 8.914, 59.75, 10.14, 0.010, 66.87, -55.33);
insert into SHOT values (2964, 2968, 2971, 1299, 6.370, 216.75, -0.90, 6.367, 216.76, -0.90, 0.004, 11.96, 0.90);
insert into SHOT values (2965, 2968, 2972, 1299, 11.350, 167.35, 20.40, 11.348, 167.35, 20.37, 0.006, 162.38, -88.69);
insert into SHOT values (2966, 2968, 2973, 1299, 13.370, 133.35, 8.30, 13.368, 133.35, 8.30, 0.002, 334.91, -1.46);
insert into SHOT values (2967, 2968, 2974, 1299, 10.510, 18.15, -0.60, 10.515, 18.18, -0.60, 0.007, 62.39, 0.46);
insert into SHOT values (2968, 2968, 2975, 1299, 1.540, 6.25, -19.40, 1.549, 6.30, -19.62, 0.011, 17.39, -53.12);
insert into SHOT values (2969, 2968, 2976, 1299, 7.090, 252.75, -8.40, 7.092, 252.75, -8.43, 0.005, 273.25, -69.46);
insert into SHOT values (2970, 2968, 2977, 1299, 10.680, 115.95, 8.70, 10.708, 115.77, 8.81, 0.049, 62.42, 30.32);
insert into SCRAPS values (1301, 1295, 'SP-Xav6-1', 1, 43.71024, 0.23061);
 insert into SCRAPS values (1404, 1295, 'SP-Xav6-2', 1, 0.25024, 0.05695);
 insert into MAPS values (1433, 1295, 'MP-GeophysicayaXR6', 'GeophysicayaXR6', 1, 492.470, -17.530);
 insert into MAPITEMS values (1433, 4, 1301);
 insert into MAPITEMS values (1433, 4, 1404);
 insert into SURVEY values (1436, 308, 'Alex3', 'Alex3.Geophysicheskaya.Koytendag', 'Alex3');
 insert into CENTRELINE values (1437, 1436, NULL, NULL, NULL, 0.00, 0.00, 0.00);
 insert into SURVEY values (1438, 1436, 'Geophyscaya_03', 'Geophyscaya_03.Alex3.Geophysicheskaya.Koytendag', 'Geophyscaya 03');
 insert into CENTRELINE values (1439, 1438, NULL, NULL, NULL, 0.00, 0.00, 0.00);
 insert into CENTRELINE values (1440, 1438, NULL, '2024-04-15', NULL, 534.54, 0.00, 0.00);
 insert into TOPO values (8, 1440);
 insert into TOPO values (6, 1440);
 insert into TOPO values (7, 1440);
 insert into SHOT values (2971, 2978, 2979, 1440, 10.150, 96.65, 11.40, 10.157, 96.63, 11.41, 0.008, 74.72, 26.98);
insert into SHOT values (2972, 2978, 2980, 1440, 14.980, 58.95, 10.80, 14.984, 58.96, 10.81, 0.005, 89.33, 37.86);
insert into SHOT values (2973, 2978, 2981, 1440, 9.800, 204.95, 7.40, 9.800, 204.96, 7.45, 0.008, 333.59, 77.64);
insert into SHOT values (2974, 2978, 2982, 1440, 16.410, 244.85, 3.50, 16.404, 244.84, 3.53, 0.011, 77.10, 51.25);
insert into SHOT values (2975, 2978, 2983, 1440, 5.910, 301.45, 4.30, 5.915, 301.48, 4.36, 0.009, 336.21, 50.17);
insert into SHOT values (2976, 2978, 2984, 1440, 0.660, 192.65, -81.10, 0.658, 191.31, -81.08, 0.003, 98.89, 40.70);
insert into SHOT values (2977, 2978, 2985, 1440, 5.490, 229.75, 85.60, 5.496, 229.84, 85.63, 0.007, 34.14, 67.22);
insert into SHOT values (2978, 2978, 2986, 1440, 25.430, 174.75, 4.80, 25.426, 174.93, 4.47, 0.169, 258.92, -61.32);
insert into SHOT values (2979, 2986, 2987, 1440, 3.810, 219.65, 6.70, 3.804, 219.63, 6.64, 0.007, 51.39, -38.32);
insert into SHOT values (2980, 2986, 2988, 1440, 13.090, 145.05, 9.30, 13.096, 145.02, 9.27, 0.011, 101.74, -29.00);
insert into SHOT values (2981, 2986, 2989, 1440, 24.380, 36.35, 7.50, 24.383, 36.35, 7.49, 0.005, 65.80, -28.61);
insert into SHOT values (2982, 2986, 2990, 1440, 19.640, 37.15, 6.10, 19.639, 37.18, 6.08, 0.011, 130.45, -37.76);
insert into SHOT values (2983, 2986, 2991, 1440, 19.860, 50.25, 7.40, 19.863, 50.27, 7.38, 0.012, 115.10, -40.64);
insert into SHOT values (2984, 2986, 2992, 1440, 4.300, 56.05, -24.50, 4.303, 56.15, -24.58, 0.010, 141.10, -45.12);
insert into SHOT values (2985, 2986, 2993, 1440, 3.880, 86.25, 76.90, 3.872, 86.10, 76.83, 0.010, 45.20, -68.85);
insert into SHOT values (2986, 2986, 2994, 1440, 19.420, 109.25, -4.40, 19.420, 109.28, -4.70, 0.101, 236.80, -82.96);
insert into SHOT values (2987, 2994, 2995, 1440, 0.610, 356.25, 17.00, 0.609, 356.05, 17.20, 0.003, 221.15, 30.71);
insert into SHOT values (2988, 2994, 2996, 1440, 14.030, 45.85, 10.60, 14.022, 45.85, 10.60, 0.008, 218.57, -6.28);
insert into SHOT values (2989, 2994, 2997, 1440, 9.840, 159.25, 6.00, 9.840, 159.23, 6.01, 0.003, 64.93, 26.39);
insert into SHOT values (2990, 2994, 2998, 1440, 4.650, 221.05, 45.20, 4.649, 221.04, 45.22, 0.002, 58.94, 14.03);
insert into SHOT values (2991, 2994, 2999, 1440, 8.460, 254.15, 17.20, 8.456, 254.12, 17.20, 0.005, 120.30, -18.62);
insert into SHOT values (2992, 2994, 3000, 1440, 2.830, 91.25, -56.70, 2.832, 91.48, -56.81, 0.008, 208.70, -33.65);
insert into SHOT values (2993, 2994, 3001, 1440, 4.460, 175.95, 84.20, 4.463, 176.19, 84.20, 0.003, 257.31, 56.27);
insert into SHOT values (2994, 2994, 3002, 1440, 24.870, 90.75, 2.90, 24.867, 90.76, 2.56, 0.148, 144.41, -87.37);
insert into SHOT values (2995, 3002, 3003, 1440, 1.960, 11.65, 9.80, 1.967, 11.60, 9.66, 0.009, 0.26, -23.31);
insert into SHOT values (2996, 3002, 3004, 1440, 12.980, 178.15, 9.90, 12.980, 178.16, 9.89, 0.004, 270.79, -27.60);
insert into SHOT values (2997, 3002, 3005, 1440, 16.420, 157.35, 6.10, 16.413, 157.33, 6.09, 0.009, 14.99, -31.58);
insert into SHOT values (2998, 3002, 3006, 1440, 20.160, 215.95, 4.70, 20.158, 215.97, 4.70, 0.008, 319.64, -14.46);
insert into SHOT values (2999, 3002, 3007, 1440, 19.720, 240.25, 1.20, 19.721, 240.26, 1.19, 0.006, 319.73, -31.59);
insert into SHOT values (3000, 3002, 3008, 1440, 4.380, 299.55, -1.50, 4.381, 299.55, -1.57, 0.005, 305.78, -77.35);
insert into SHOT values (3001, 3002, 3009, 1440, 4.990, 171.05, -15.00, 4.988, 171.05, -14.99, 0.002, 0.79, 50.01);
insert into SHOT values (3002, 3002, 3010, 1440, 2.270, 153.45, 84.10, 2.271, 153.43, 84.35, 0.010, 333.76, 11.75);
insert into SHOT values (3003, 3002, 3011, 1440, 16.230, 149.85, 1.30, 16.222, 149.96, 1.06, 0.075, 252.40, -65.20);
insert into SHOT values (3004, 3011, 3012, 1440, 10.020, 79.65, 8.20, 10.024, 79.66, 8.20, 0.004, 118.05, 11.09);
insert into SHOT values (3005, 3011, 3013, 1440, 0.530, 40.95, 7.90, 0.536, 41.19, 7.50, 0.007, 59.58, -22.43);
insert into SHOT values (3006, 3011, 3014, 1440, 2.720, 212.45, 10.10, 2.717, 212.32, 10.18, 0.007, 91.96, 23.89);
insert into SHOT values (3007, 3011, 3015, 1440, 5.830, 278.45, 13.00, 5.831, 278.50, 12.98, 0.006, 348.86, -14.87);
insert into SHOT values (3008, 3011, 3016, 1440, 4.060, 79.55, -18.10, 4.064, 79.56, -18.06, 0.005, 90.63, 15.26);
insert into SHOT values (3009, 3011, 3017, 1440, 4.670, 92.35, 57.50, 4.673, 92.28, 57.48, 0.004, 45.99, 18.56);
insert into SHOT values (3010, 3011, 3018, 1440, 29.590, 168.05, 1.80, 29.590, 168.24, 1.39, 0.231, 254.80, -64.92);
insert into SHOT values (3011, 3018, 3019, 1440, 10.560, 49.85, 0.20, 10.559, 49.84, 0.16, 0.007, 300.76, -76.65);
insert into SHOT values (3012, 3018, 3020, 1440, 13.490, 81.05, -1.20, 13.488, 81.04, -1.23, 0.008, 297.27, -67.38);
insert into SHOT values (3013, 3018, 3021, 1440, 9.620, 61.65, -2.10, 9.622, 61.62, -2.14, 0.009, 355.15, -57.67);
insert into SHOT values (3014, 3018, 3022, 1440, 8.580, 306.05, 1.80, 8.587, 306.04, 1.80, 0.007, 298.43, 3.94);
insert into SHOT values (3015, 3018, 3023, 1440, 12.890, 320.15, -0.20, 12.893, 320.16, -0.22, 0.007, 358.25, -49.25);
insert into SHOT values (3016, 3018, 3024, 1440, 8.230, 89.95, -16.40, 8.227, 89.93, -16.45, 0.009, 299.36, -46.96);
insert into SHOT values (3017, 3018, 3025, 1440, 3.600, 212.95, 79.70, 3.598, 212.95, 79.70, 0.002, 30.28, -84.76);
insert into SHOT values (3018, 3018, 3026, 1440, 9.090, 238.65, 14.00, 9.093, 238.41, 13.55, 0.080, 176.95, -59.23);
insert into SHOT values (3019, 3026, 3027, 1440, 7.810, 344.95, -8.40, 7.810, 344.92, -8.39, 0.004, 252.25, 13.53);
insert into SHOT values (3020, 3026, 3028, 1440, 10.710, 306.35, -5.70, 10.709, 306.38, -5.68, 0.006, 43.77, 36.48);
insert into SHOT values (3021, 3026, 3029, 1440, 17.980, 152.55, 0.70, 17.977, 152.54, 0.70, 0.005, 23.61, 4.14);
insert into SHOT values (3022, 3026, 3030, 1440, 10.710, 202.55, -0.80, 10.711, 202.57, -0.80, 0.004, 275.16, -7.55);
insert into SHOT values (3023, 3026, 3031, 1440, 4.420, 45.65, -38.90, 4.420, 45.59, -38.81, 0.008, 3.18, 46.23);
insert into SHOT values (3024, 3026, 3032, 1440, 0.880, 86.25, 85.30, 0.883, 81.87, 85.41, 0.006, 339.72, 27.72);
insert into SHOT values (3025, 3026, 3033, 1440, 9.370, 269.05, -10.30, 9.373, 268.82, -10.64, 0.066, 168.17, -55.38);
insert into SHOT values (3026, 3033, 3034, 1440, 8.780, 8.25, -5.20, 8.778, 8.29, -5.23, 0.008, 121.57, -33.09);
insert into SHOT values (3027, 3033, 3035, 1440, 11.630, 325.15, -19.80, 11.621, 325.13, -19.82, 0.010, 162.48, -2.67);
insert into SHOT values (3028, 3033, 3036, 1440, 2.670, 215.55, -53.50, 2.676, 215.29, -53.47, 0.009, 156.80, -23.51);
insert into SHOT values (3029, 3033, 3037, 1440, 0.660, 31.25, 86.50, 0.651, 33.69, 86.83, 0.010, 191.46, -62.64);
insert into SHOT values (3030, 3033, 3038, 1440, 12.720, 287.55, -17.20, 12.720, 287.24, -17.76, 0.141, 168.01, -57.57);
insert into SHOT values (3031, 3038, 3039, 1440, 4.900, 3.85, 5.40, 4.893, 3.88, 5.39, 0.008, 160.40, -8.35);
insert into SHOT values (3032, 3038, 3040, 1440, 17.010, 219.95, -6.20, 17.016, 219.94, -6.21, 0.007, 196.56, -24.99);
insert into SHOT values (3033, 3038, 3041, 1440, 17.430, 145.05, 11.40, 17.436, 145.05, 11.41, 0.008, 163.61, 39.72);
insert into SHOT values (3034, 3038, 3042, 1440, 4.800, 255.35, -40.70, 4.799, 255.35, -40.71, 0.001, 57.13, 4.89);
insert into SHOT values (3035, 3038, 3043, 1440, 3.940, 295.25, 81.10, 3.937, 295.30, 81.11, 0.003, 90.17, -62.64);
insert into SHOT values (3036, 3038, 3044, 1440, 18.910, 305.35, -17.90, 18.911, 305.34, -17.89, 0.004, 254.15, 37.09);
insert into SHOT values (3037, 3044, 3045, 1440, 12.950, 0.15, -15.10, 12.946, 0.18, -15.09, 0.009, 110.41, 23.54);
insert into SHOT values (3038, 3044, 3046, 1440, 13.260, 85.75, 3.00, 13.264, 85.76, 2.98, 0.006, 110.09, -38.99);
insert into SHOT values (3039, 3044, 3047, 1440, 9.570, 56.65, -15.80, 9.576, 56.69, -15.82, 0.009, 107.56, -26.78);
insert into SHOT values (3040, 3044, 3048, 1440, 8.860, 23.15, -20.60, 8.856, 23.16, -20.63, 0.006, 182.92, -24.90);
insert into SHOT values (3041, 3044, 3049, 1440, 10.710, 345.95, -15.50, 10.707, 345.98, -15.49, 0.006, 106.17, 19.50);
insert into SHOT values (3042, 3044, 3050, 1440, 0.960, 287.85, 3.10, 0.956, 287.68, 3.00, 0.005, 147.17, -22.90);
insert into SHOT values (3043, 3044, 3051, 1440, 3.040, 350.55, -76.20, 3.036, 351.19, -76.31, 0.011, 120.27, 12.07);
insert into SHOT values (3044, 3044, 3052, 1440, 1.560, 144.25, 87.80, 1.561, 141.34, 87.65, 0.005, 105.61, 12.46);
insert into SHOT values (3045, 3038, 3053, 1440, 19.930, 272.05, -10.20, 19.928, 272.05, -10.20, 0.003, 114.55, -14.40);
insert into SHOT values (3046, 3053, 3054, 1440, 7.460, 235.45, -8.10, 7.458, 235.43, -8.09, 0.003, 114.12, 19.58);
insert into SHOT values (3047, 3053, 3055, 1440, 13.700, 274.15, -21.80, 13.704, 274.15, -21.80, 0.004, 266.34, -36.29);
insert into SHOT values (3048, 3053, 3056, 1440, 11.800, 303.15, -23.80, 11.798, 303.13, -23.79, 0.004, 188.41, 26.43);
insert into SHOT values (3049, 3053, 3057, 1440, 7.050, 355.65, -10.60, 7.051, 355.61, -10.62, 0.005, 273.84, -36.72);
insert into SHOT values (3050, 3053, 3058, 1440, 18.000, 31.95, -9.30, 17.998, 31.95, -9.30, 0.003, 171.83, -22.67);
insert into SHOT values (3051, 3053, 3059, 1440, 4.180, 331.45, -51.00, 4.182, 331.39, -51.01, 0.003, 256.58, -28.62);
insert into SHOT values (3052, 3053, 3060, 1440, 1.430, 320.25, 81.40, 1.436, 318.81, 81.48, 0.008, 216.53, 47.97);
insert into SHOT values (3053, 3053, 3061, 1440, 14.210, 278.45, -25.10, 14.212, 278.44, -25.11, 0.003, 248.88, -52.77);
insert into SHOT values (3054, 3053, 3062, 1440, 8.150, 323.95, -20.30, 8.152, 323.94, -20.31, 0.003, 273.15, -58.24);
insert into SHOT values (3055, 3062, 3063, 1440, 4.680, 261.35, -13.20, 4.674, 261.28, -13.11, 0.011, 135.68, 53.40);
insert into SHOT values (3056, 3062, 3064, 1440, 10.400, 237.75, -16.80, 10.397, 237.76, -16.77, 0.007, 0.53, 63.49);
insert into SHOT values (3057, 3062, 3065, 1440, 8.390, 3.15, 20.80, 8.389, 3.14, 20.81, 0.002, 209.86, 22.76);
insert into SHOT values (3058, 3062, 3066, 1440, 8.130, 50.85, 34.50, 8.135, 50.87, 34.52, 0.007, 94.04, 50.69);
insert into SHOT values (3059, 3062, 3067, 1440, 3.480, 215.45, -35.40, 3.474, 215.37, -35.36, 0.008, 80.80, 48.40);
insert into SHOT values (3060, 3062, 3068, 1440, 1.240, 6.95, 84.90, 1.245, 5.19, 84.91, 0.006, 279.88, 55.41);
insert into SHOT values (3061, 3062, 3069, 1440, 5.110, 340.95, 3.40, 5.107, 341.00, 3.48, 0.009, 107.53, 52.60);
insert into SHOT values (3062, 3069, 3070, 1440, 3.850, 236.45, -15.20, 3.851, 236.52, -15.20, 0.005, 312.63, -6.49);
insert into SHOT values (3063, 3069, 3071, 1440, 3.910, 286.55, -18.70, 3.911, 286.48, -18.80, 0.008, 177.81, -52.67);
insert into SHOT values (3064, 3069, 3072, 1440, 2.530, 8.05, 14.60, 2.526, 8.00, 14.68, 0.006, 213.66, 24.23);
insert into SHOT values (3065, 3069, 3073, 1440, 6.030, 50.25, 35.30, 6.027, 50.19, 35.27, 0.007, 309.81, -43.53);
insert into SHOT values (3066, 3069, 3074, 1440, 1.050, 352.15, -63.80, 1.049, 351.35, -63.66, 0.007, 276.54, 17.53);
insert into SHOT values (3067, 3069, 3075, 1440, 1.730, 345.25, 80.40, 1.725, 344.05, 80.28, 0.009, 278.69, -41.12);
insert into SHOT values (3068, 3069, 3076, 1440, 11.140, 341.35, -16.10, 11.141, 341.31, -16.10, 0.007, 262.18, -5.75);
insert into SHOT values (3069, 3076, 3077, 1440, 5.120, 214.25, 23.00, 5.114, 214.26, 23.02, 0.006, 22.45, -4.97);
insert into SHOT values (3070, 3076, 3078, 1440, 0.340, 31.15, -6.70, 0.344, 31.83, -6.68, 0.005, 79.33, -3.50);
insert into SHOT values (3071, 3076, 3079, 1440, 2.670, 21.85, -84.60, 2.672, 23.50, -84.61, 0.007, 116.40, -14.32);
insert into SHOT values (3072, 3076, 3080, 1440, 2.350, 82.55, 89.00, 2.350, 75.96, 88.99, 0.005, 351.89, 4.33);
insert into SHOT values (3073, 3076, 3081, 1440, 4.890, 280.85, -28.50, 4.893, 280.87, -28.57, 0.007, 27.60, -78.80);
insert into SHOT values (3074, 3081, 3082, 1440, 6.720, 253.45, -2.00, 6.721, 253.48, -1.96, 0.006, 323.52, 48.56);
insert into SHOT values (3075, 3081, 3083, 1440, 7.930, 289.25, -4.10, 7.933, 289.26, -4.05, 0.008, 314.78, 63.54);
insert into SHOT values (3076, 3081, 3084, 1440, 3.570, 83.05, 3.90, 3.575, 83.07, 4.01, 0.009, 103.59, 57.50);
insert into SHOT values (3077, 3081, 3085, 1440, 5.180, 25.55, -1.30, 5.181, 25.63, -1.22, 0.010, 109.29, 47.20);
insert into SHOT values (3078, 3081, 3086, 1440, 1.780, 57.35, -80.60, 1.775, 57.38, -80.37, 0.009, 58.92, 45.00);
insert into SHOT values (3079, 3081, 3087, 1440, 3.920, 130.65, 78.30, 3.923, 130.45, 78.21, 0.007, 107.54, 11.35);
insert into SHOT values (3080, 3081, 3088, 1440, 9.300, 343.45, -15.00, 9.298, 343.44, -14.96, 0.007, 225.87, 79.74);
insert into SHOT values (3081, 3088, 3089, 1440, 0.960, 56.85, 1.40, 0.968, 56.80, 1.18, 0.009, 51.48, -22.57);
insert into SHOT values (3082, 3088, 3090, 1440, 6.480, 235.35, -0.80, 6.478, 235.38, -0.80, 0.004, 1.30, 6.66);
insert into SHOT values (3083, 3088, 3091, 1440, 9.300, 204.55, 19.90, 9.293, 204.54, 19.88, 0.008, 36.01, -46.47);
insert into SHOT values (3084, 3088, 3092, 1440, 1.620, 315.25, -78.50, 1.622, 316.27, -78.68, 0.008, 85.10, -18.79);
insert into SHOT values (3085, 3088, 3093, 1440, 3.640, 214.75, 81.60, 3.639, 214.29, 81.59, 0.004, 135.07, -12.31);
insert into SHOT values (3086, 3088, 3094, 1440, 10.330, 306.65, -21.00, 10.326, 306.69, -21.00, 0.008, 64.55, 13.30);
insert into SHOT values (3087, 3094, 3095, 1440, 2.030, 225.45, 2.20, 2.038, 225.40, 1.97, 0.011, 212.80, -43.99);
insert into SHOT values (3088, 3094, 3096, 1440, 1.140, 51.05, -0.80, 1.131, 51.10, -1.01, 0.010, 224.39, -23.83);
insert into SHOT values (3089, 3094, 3097, 1440, 2.190, 324.05, 2.50, 2.192, 323.91, 2.35, 0.008, 258.15, -44.66);
insert into SHOT values (3090, 3094, 3098, 1440, 1.120, 58.05, -33.30, 1.117, 58.19, -33.70, 0.009, 218.47, -36.51);
insert into SHOT values (3091, 3094, 3099, 1440, 1.980, 12.05, 77.80, 1.975, 11.04, 77.79, 0.009, 276.17, -35.58);
insert into SHOT values (3092, 3038, 3100, 1440, 8.960, 149.45, 9.10, 8.979, 149.53, 8.71, 0.065, 174.77, -61.39);
insert into SHOT values (3093, 3100, 3101, 1440, 25.420, 225.35, -9.00, 25.416, 225.36, -9.01, 0.006, 11.18, -33.69);
insert into SHOT values (3094, 3100, 3102, 1440, 22.710, 271.45, -11.90, 22.716, 271.44, -11.91, 0.009, 251.57, -52.55);
insert into SHOT values (3095, 3100, 3103, 1440, 15.570, 329.15, -6.80, 15.569, 329.14, -6.82, 0.007, 210.25, -63.32);
insert into SHOT values (3096, 3100, 3104, 1440, 2.120, 317.05, -59.80, 2.128, 316.90, -59.86, 0.008, 261.04, -66.17);
insert into SHOT values (3097, 3100, 3105, 1440, 2.530, 207.95, 76.30, 2.522, 207.85, 76.25, 0.008, 129.46, -82.35);
insert into SHOT values (3098, 3100, 3106, 1440, 13.750, 212.65, -11.10, 13.772, 212.41, -11.60, 0.135, 120.67, -65.06);
insert into SHOT values (3099, 3106, 3107, 1440, 12.540, 236.75, -8.10, 12.539, 236.73, -8.07, 0.008, 140.71, 63.04);
insert into SHOT values (3100, 3106, 3108, 1440, 8.390, 193.15, -4.70, 8.387, 193.14, -4.72, 0.004, 39.18, -37.37);
insert into SHOT values (3101, 3106, 3109, 1440, 15.140, 94.95, 16.50, 15.138, 94.94, 16.50, 0.003, 312.11, 0.13);
insert into SHOT values (3102, 3106, 3110, 1440, 14.000, 69.55, 17.80, 14.001, 69.54, 17.80, 0.002, 9.43, 6.33);
insert into SHOT values (3103, 3106, 3111, 1440, 2.870, 195.25, -57.90, 2.868, 195.22, -57.91, 0.002, 38.06, 34.48);
insert into SHOT values (3104, 3106, 3112, 1440, 1.690, 158.65, 82.40, 1.695, 159.15, 82.38, 0.005, 217.03, 64.71);
insert into SHOT values (3105, 3106, 3113, 1440, 16.080, 151.15, 8.30, 16.093, 151.30, 7.64, 0.190, 198.60, -72.71);
insert into SHOT values (3106, 3113, 3114, 1440, 7.460, 68.35, 14.00, 7.461, 68.36, 13.96, 0.005, 106.65, -63.13);
insert into SHOT values (3107, 3113, 3115, 1440, 6.950, 243.75, -13.10, 6.953, 243.70, -13.14, 0.008, 170.70, -38.48);
insert into SHOT values (3108, 3113, 3116, 1440, 9.730, 275.05, -15.30, 9.731, 275.01, -15.31, 0.007, 192.15, -22.71);
insert into SHOT values (3109, 3113, 3117, 1440, 2.690, 240.65, -37.10, 2.694, 240.69, -37.24, 0.008, 2.77, -77.34);
insert into SHOT values (3110, 3113, 3118, 1440, 1.370, 198.95, 80.70, 1.368, 198.43, 80.69, 0.003, 107.60, -45.11);
insert into SHOT values (3111, 3113, 3119, 1440, 6.790, 132.35, 19.90, 6.803, 132.47, 19.49, 0.052, 158.59, -52.78);
insert into SHOT values (3112, 3119, 3120, 1440, 2.400, 60.25, 7.70, 2.395, 60.20, 7.68, 0.005, 267.21, -17.86);
insert into SHOT values (3113, 3119, 3121, 1440, 5.520, 208.55, -4.10, 5.518, 208.66, -4.05, 0.012, 306.37, 23.28);
insert into SHOT values (3114, 3119, 3122, 1440, 1.060, 154.95, -75.30, 1.054, 155.38, -75.49, 0.008, 313.36, 44.70);
insert into SHOT values (3115, 3119, 3123, 1440, 0.580, 186.45, 84.50, 0.582, 191.31, 84.98, 0.007, 324.36, 22.50);
insert into SHOT values (3116, 3119, 3124, 1440, 5.080, 101.05, 21.70, 5.070, 101.24, 21.40, 0.032, 189.22, -61.04);
insert into SHOT values (3117, 3124, 3125, 1440, 2.160, 314.25, 1.80, 2.165, 314.25, 1.85, 0.005, 315.38, 23.30);
insert into SHOT values (3118, 3124, 3126, 1440, 3.660, 137.95, 9.30, 3.660, 137.92, 9.43, 0.009, 20.94, 76.02);
insert into SHOT values (3119, 3124, 3127, 1440, 1.010, 181.25, -35.00, 0.999, 181.40, -34.80, 0.012, 344.56, 51.47);
insert into SHOT values (3120, 3124, 3128, 1440, 0.640, 138.05, 83.40, 0.644, 135.00, 83.70, 0.006, 9.94, 41.59);
insert into SHOT values (3121, 3124, 3129, 1440, 13.550, 79.45, 14.80, 13.549, 79.78, 14.31, 0.137, 149.23, -54.20);
insert into SHOT values (3122, 3129, 3130, 1440, 12.100, 22.95, 1.90, 12.092, 22.94, 1.90, 0.008, 220.02, -8.24);
insert into SHOT values (3123, 3129, 3131, 1440, 8.950, 205.15, 3.10, 8.951, 205.16, 3.07, 0.005, 263.86, -61.89);
insert into SHOT values (3124, 3129, 3132, 1440, 2.030, 149.15, -44.30, 2.031, 149.37, -44.35, 0.006, 241.64, -21.13);
insert into SHOT values (3125, 3129, 3133, 1440, 1.030, 218.45, 82.30, 1.030, 219.29, 82.07, 0.005, 245.38, -8.80);
insert into SHOT values (3126, 3129, 3134, 1440, 10.600, 123.75, 6.40, 10.610, 123.99, 5.95, 0.095, 190.42, -59.16);
insert into SHOT values (3127, 3134, 3135, 1440, 12.600, 336.95, -5.50, 12.599, 336.95, -5.51, 0.003, 120.68, -65.23);
insert into SHOT values (3128, 3134, 3136, 1440, 20.870, 164.25, 6.30, 20.874, 164.26, 6.30, 0.005, 194.40, -1.72);
insert into SHOT values (3129, 3134, 3137, 1440, 20.780, 184.95, 0.50, 20.778, 184.94, 0.50, 0.003, 53.84, -24.17);
insert into SHOT values (3130, 3134, 3138, 1440, 17.700, 319.25, -6.10, 17.700, 319.24, -6.13, 0.010, 204.43, -72.19);
insert into SHOT values (3131, 3134, 3139, 1440, 1.500, 33.55, -52.30, 1.501, 33.86, -52.44, 0.006, 145.65, -30.21);
insert into SHOT values (3132, 3134, 3140, 1440, 1.840, 89.95, 86.80, 1.833, 90.00, 86.87, 0.008, 268.05, -69.17);
insert into SHOT values (3133, 3134, 3141, 1440, 16.630, 14.75, -5.00, 16.614, 15.07, -5.46, 0.163, 121.66, -53.41);
insert into SHOT values (3134, 3141, 3142, 1440, 17.970, 257.65, 3.40, 17.975, 257.68, 3.41, 0.011, 316.40, 23.27);
insert into SHOT values (3135, 3141, 3143, 1440, 22.180, 32.85, -11.30, 22.175, 32.83, -11.31, 0.009, 252.68, -26.09);
insert into SHOT values (3136, 3141, 3144, 1440, 31.430, 69.95, -16.30, 31.425, 69.93, -16.30, 0.011, 310.34, 7.25);
insert into SHOT values (3137, 3141, 3145, 1440, 7.310, 12.55, -41.30, 7.306, 12.52, -41.28, 0.006, 260.01, 55.13);
insert into SHOT values (3138, 3141, 3146, 1440, 1.910, 264.35, 82.80, 1.915, 265.24, 82.78, 0.006, 333.56, 51.74);
insert into SHOT values (3139, 3141, 3147, 1440, 12.540, 357.95, -18.80, 12.533, 358.06, -19.19, 0.089, 143.20, -62.12);
insert into SHOT values (3140, 3147, 3148, 1440, 13.690, 201.25, 19.20, 13.691, 201.27, 19.19, 0.005, 264.98, -25.61);
insert into SHOT values (3141, 3147, 3149, 1440, 20.580, 254.85, 7.60, 20.582, 254.83, 7.59, 0.008, 179.33, -12.63);
insert into SHOT values (3142, 3147, 3150, 1440, 20.840, 349.75, -1.60, 20.831, 349.74, -1.60, 0.010, 195.32, 11.06);
insert into SHOT values (3143, 3147, 3151, 1440, 14.280, 22.25, -0.70, 14.276, 22.27, -0.72, 0.009, 148.11, -38.68);
insert into SHOT values (3144, 3147, 3152, 1440, 15.190, 72.55, -3.10, 15.188, 72.58, -3.09, 0.009, 177.49, 9.39);
insert into SHOT values (3145, 3147, 3153, 1440, 1.960, 294.45, -64.60, 1.960, 293.82, -64.57, 0.009, 210.43, 3.33);
insert into SHOT values (3146, 3147, 3154, 1440, 5.120, 358.55, 81.70, 5.112, 358.43, 81.79, 0.011, 188.20, -35.42);
insert into SHOT values (3147, 3147, 3018, 1440, 19.180, 323.05, 0.10, 19.155, 322.91, -0.36, 0.162, 202.98, -71.40);
insert into SHOT values (3148, 3134, 3155, 1440, 23.230, 51.45, -10.80, 23.235, 51.34, -11.17, 0.155, 292.88, -71.56);
insert into SHOT values (3149, 3155, 3156, 1440, 19.190, 344.85, -11.90, 19.184, 344.84, -11.88, 0.009, 202.94, 53.33);
insert into SHOT values (3150, 3155, 3157, 1440, 18.040, 11.75, -15.00, 18.038, 11.75, -14.97, 0.009, 97.59, 77.86);
insert into SHOT values (3151, 3155, 3158, 1440, 23.000, 26.25, -12.70, 22.994, 26.25, -12.69, 0.008, 221.31, 52.95);
insert into SHOT values (3152, 3155, 3159, 1440, 11.770, 70.05, -14.00, 11.761, 70.07, -13.97, 0.011, 215.55, 41.09);
insert into SHOT values (3153, 3155, 3160, 1440, 15.610, 97.65, -9.40, 15.605, 97.65, -9.37, 0.010, 265.11, 70.39);
insert into SHOT values (3154, 3155, 3161, 1440, 24.050, 134.55, -2.70, 24.055, 134.56, -2.69, 0.008, 182.98, 21.55);
insert into SHOT values (3155, 3155, 3162, 1440, 34.350, 144.05, 1.10, 34.355, 144.06, 1.10, 0.009, 201.00, 3.64);
insert into SHOT values (3156, 3155, 3163, 1440, 2.970, 97.65, -49.70, 2.964, 97.79, -49.68, 0.008, 221.83, 41.41);
insert into SHOT values (3157, 3155, 3164, 1440, 4.820, 51.65, 80.60, 4.824, 52.25, 80.65, 0.010, 162.69, 28.04);
insert into SHOT values (3158, 3155, 3165, 1440, 18.010, 38.55, -19.20, 18.004, 38.47, -19.47, 0.087, 253.20, -62.08);
insert into SHOT values (3159, 3165, 3166, 1440, 6.410, 343.45, 10.60, 6.412, 343.41, 10.60, 0.005, 275.13, 9.67);
insert into SHOT values (3160, 3165, 3167, 1440, 11.990, 300.15, 14.30, 11.995, 300.16, 14.29, 0.006, 325.98, -14.99);
insert into SHOT values (3161, 3165, 3168, 1440, 20.230, 18.15, -3.10, 20.233, 18.14, -3.09, 0.006, 335.87, 39.03);
insert into SHOT values (3162, 3165, 3169, 1440, 13.330, 85.55, -0.40, 13.331, 85.53, -0.39, 0.006, 5.66, 29.39);
insert into SHOT values (3163, 3165, 3170, 1440, 7.300, 116.25, 5.70, 7.295, 116.25, 5.74, 0.007, 297.73, 41.98);
insert into SHOT values (3164, 3165, 3171, 1440, 8.600, 170.75, 16.30, 8.594, 170.79, 16.36, 0.012, 314.65, 32.34);
insert into SHOT values (3165, 3165, 3172, 1440, 0.460, 135.95, -83.50, 0.462, 135.00, -84.73, 0.010, 320.11, -16.99);
insert into SHOT values (3166, 3165, 3173, 1440, 4.740, 19.65, 79.40, 4.740, 19.48, 79.43, 0.004, 249.99, 14.66);
insert into SHOT values (3167, 3165, 3174, 1440, 13.920, 60.85, -1.80, 13.918, 60.78, -2.02, 0.055, 319.40, -72.52);
insert into SHOT values (3168, 3174, 3175, 1440, 10.310, 346.35, -4.40, 10.312, 346.33, -4.39, 0.004, 281.68, 13.93);
insert into SHOT values (3169, 3174, 3176, 1440, 11.760, 310.85, -2.10, 11.762, 310.86, -2.10, 0.004, 356.39, 15.21);
insert into SHOT values (3170, 3174, 3177, 1440, 11.540, 25.55, -3.80, 11.538, 25.52, -3.78, 0.008, 281.95, 38.22);
insert into SHOT values (3171, 3174, 3178, 1440, 11.400, 84.05, -5.30, 11.400, 84.03, -5.28, 0.004, 358.53, 45.05);
insert into SHOT values (3172, 3174, 3179, 1440, 2.870, 149.85, -1.80, 2.869, 149.86, -1.80, 0.001, 298.43, 8.68);
insert into SHOT values (3173, 3174, 3180, 1440, 7.610, 198.95, 4.40, 7.616, 198.98, 4.44, 0.009, 239.85, 40.78);
insert into SHOT values (3174, 3174, 3181, 1440, 0.290, 85.95, -74.60, 0.289, 81.87, -75.83, 0.008, 303.77, -2.88);
insert into SHOT values (3175, 3174, 3182, 1440, 2.550, 87.35, 80.80, 2.552, 87.14, 80.97, 0.008, 278.92, 20.87);
insert into SHOT values (3176, 3174, 3183, 1440, 25.850, 97.95, -3.50, 25.847, 97.96, -3.86, 0.163, 261.53, -85.04);
insert into SHOT values (3177, 3183, 3184, 1440, 8.650, 317.05, 4.30, 8.649, 317.02, 4.31, 0.005, 218.22, 18.46);
insert into SHOT values (3178, 3183, 3185, 1440, 11.010, 341.15, 4.40, 11.002, 341.12, 4.38, 0.010, 198.81, -26.96);
insert into SHOT values (3179, 3183, 3186, 1440, 8.570, 19.05, 7.40, 8.565, 19.03, 7.38, 0.006, 228.42, -37.55);
insert into SHOT values (3180, 3183, 3187, 1440, 8.130, 145.45, 1.70, 8.131, 145.53, 1.69, 0.011, 231.96, -6.01);
insert into SHOT values (3181, 3183, 3188, 1440, 9.130, 197.35, 2.00, 9.133, 197.40, 2.01, 0.009, 266.03, 8.39);
insert into SHOT values (3182, 3183, 3189, 1440, 0.430, 156.15, -70.10, 0.436, 160.35, -70.07, 0.012, 236.25, -27.20);
insert into SHOT values (3183, 3183, 3190, 1440, 3.090, 133.95, 86.30, 3.086, 135.00, 86.32, 0.005, 245.68, -42.30);
insert into SHOT values (3184, 3183, 3191, 1440, 12.340, 109.25, 3.80, 12.337, 109.30, 3.62, 0.040, 202.73, -72.69);
insert into SHOT values (3185, 3191, 3192, 1440, 11.520, 34.95, 3.10, 11.515, 34.91, 3.09, 0.010, 277.51, -17.40);
insert into SHOT values (3186, 3191, 3193, 1440, 12.490, 156.15, 1.70, 12.488, 156.19, 1.70, 0.009, 258.34, -3.57);
insert into SHOT values (3187, 3191, 3194, 1440, 10.750, 210.65, -1.90, 10.749, 210.67, -1.92, 0.006, 317.45, -38.98);
insert into SHOT values (3188, 3191, 3195, 1440, 14.840, 327.95, 0.60, 14.845, 327.94, 0.58, 0.008, 298.14, -42.97);
insert into SHOT values (3189, 3191, 3196, 1440, 0.440, 1.45, -80.30, 0.447, 0.00, -79.70, 0.009, 342.35, -45.51);
insert into SHOT values (3190, 3191, 3197, 1440, 3.040, 24.45, 79.40, 3.042, 24.27, 79.40, 0.003, 302.80, 47.54);
insert into SHOT values (3191, 3191, 3198, 1440, 22.200, 123.75, 6.60, 22.194, 123.75, 6.60, 0.007, 282.17, -13.32);
insert into SHOT values (3192, 3198, 3199, 1440, 3.700, 14.15, 1.10, 3.704, 14.22, 1.08, 0.007, 63.27, -9.08);
insert into SHOT values (3193, 3198, 3200, 1440, 20.700, 13.15, 1.90, 20.705, 13.16, 1.91, 0.007, 45.76, 34.42);
insert into SHOT values (3194, 3198, 3201, 1440, 9.070, 214.75, -3.70, 9.073, 214.74, -3.73, 0.006, 199.87, -55.28);
insert into SHOT values (3195, 3198, 3202, 1440, 11.190, 193.05, -2.70, 11.190, 193.03, -2.71, 0.005, 105.94, -37.41);
insert into SHOT values (3196, 3198, 3203, 1440, 11.390, 271.15, -0.70, 11.393, 271.16, -0.70, 0.004, 298.82, -13.33);
insert into SHOT values (3197, 3198, 3204, 1440, 0.740, 155.35, -69.50, 0.739, 155.38, -69.06, 0.006, 156.87, 32.87);
insert into SHOT values (3198, 3198, 3205, 1440, 3.540, 293.25, 78.20, 3.534, 293.72, 78.23, 0.008, 50.35, -37.89);
insert into SHOT values (3199, 3198, 3206, 1440, 12.930, 130.95, -0.00, 12.930, 130.92, 0.00, 0.006, 44.41, 0.00);
insert into SHOT values (3200, 3206, 3207, 1440, 24.300, 38.85, 1.60, 24.290, 38.85, 1.60, 0.010, 220.54, 8.50);
insert into SHOT values (3201, 3206, 3208, 1440, 10.550, 149.05, -1.50, 10.553, 149.08, -1.52, 0.008, 217.52, -29.41);
insert into SHOT values (3202, 3206, 3209, 1440, 13.430, 203.35, -2.80, 13.436, 203.36, -2.82, 0.007, 219.89, -34.04);
insert into SHOT values (3203, 3206, 3210, 1440, 0.390, 145.15, -72.70, 0.388, 149.04, -72.51, 0.008, 232.44, 16.58);
insert into SHOT values (3204, 3206, 3211, 1440, 2.110, 132.55, 76.60, 2.107, 132.51, 76.60, 0.003, 340.01, -74.63);
insert into SHOT values (3205, 3206, 3212, 1440, 21.260, 104.05, 3.10, 21.258, 104.07, 3.10, 0.008, 209.98, 2.06);
insert into SHOT values (3206, 3212, 3213, 1440, 20.200, 353.35, 0.50, 20.207, 353.35, 0.48, 0.009, 357.37, -42.97);
insert into SHOT values (3207, 3212, 3214, 1440, 8.910, 202.95, 3.60, 8.912, 202.96, 3.60, 0.003, 244.19, 9.72);
insert into SHOT values (3208, 3212, 3215, 1440, 15.030, 254.95, -0.80, 15.026, 254.96, -0.80, 0.004, 47.20, -2.12);
insert into SHOT values (3209, 3212, 3216, 1440, 0.810, 3.05, -76.50, 0.813, 3.01, -76.46, 0.003, 357.28, -63.67);
insert into SHOT values (3210, 3212, 3217, 1440, 2.200, 121.45, 82.00, 2.201, 121.61, 82.03, 0.002, 258.02, 48.84);
insert into SCRAPS values (1442, 1436, 'SP-Alex3-1', 1, 43.99624, 0.53946);
 insert into MAPS values (1554, 1436, 'MP-Alex3', 'Alex3', 1, 534.540, -26.880);
 insert into MAPITEMS values (1554, 4, 1442);
 insert into SURVEY values (1558, 308, 'Alex5', 'Alex5.Geophysicheskaya.Koytendag', 'Alex5');
 insert into CENTRELINE values (1559, 1558, NULL, NULL, NULL, 0.00, 0.00, 0.00);
 insert into SURVEY values (1560, 1558, 'Geophyscaya_05', 'Geophyscaya_05.Alex5.Geophysicheskaya.Koytendag', 'Geophyscaya 03');
 insert into CENTRELINE values (1561, 1560, NULL, NULL, NULL, 0.00, 0.00, 0.00);
 insert into CENTRELINE values (1562, 1560, NULL, '2024-04-15', NULL, 161.44, 0.00, 0.00);
 insert into TOPO values (8, 1562);
 insert into TOPO values (6, 1562);
 insert into TOPO values (7, 1562);
 insert into SHOT values (3211, 3218, 3219, 1562, 3.910, 47.75, -12.20, 3.912, 47.76, -12.25, 0.004, 73.82, -71.72);
insert into SHOT values (3212, 3218, 3220, 1562, 3.110, 225.45, -10.40, 3.113, 225.40, -10.36, 0.004, 182.31, 19.36);
insert into SHOT values (3213, 3218, 3221, 1562, 1.130, 334.75, -79.50, 1.129, 337.17, -79.48, 0.009, 64.45, 7.07);
insert into SHOT values (3214, 3218, 3222, 1562, 3.310, 281.25, -7.60, 3.303, 281.28, -7.66, 0.008, 89.93, -15.77);
insert into SHOT values (3215, 3218, 3223, 1562, 3.930, 2.95, -9.20, 3.926, 2.96, -9.23, 0.005, 174.03, -21.04);
insert into SHOT values (3216, 3218, 3224, 1562, 8.870, 99.05, -1.80, 8.874, 99.02, -1.81, 0.007, 47.60, -12.28);
insert into SHOT values (3217, 3218, 3225, 1562, 12.220, 121.05, -0.90, 12.221, 121.04, -0.89, 0.003, 47.79, 35.29);
insert into SHOT values (3218, 3218, 3226, 1562, 11.000, 156.45, -2.20, 11.006, 156.42, -2.19, 0.009, 115.15, 14.51);
insert into SHOT values (3219, 3218, 3227, 1562, 5.630, 330.25, -13.90, 5.633, 330.29, -13.87, 0.006, 21.02, 23.83);
insert into SHOT values (3220, 3218, 3228, 1562, 11.970, 120.45, -4.90, 11.975, 120.41, -4.89, 0.010, 66.13, 14.63);
insert into SHOT values (3221, 3228, 3229, 1562, 1.130, 49.45, 13.10, 1.120, 49.46, 12.89, 0.010, 228.51, -36.23);
insert into SHOT values (3222, 3228, 3230, 1562, 6.540, 236.75, 0.00, 6.543, 236.72, 0.00, 0.004, 191.06, 0.00);
insert into SHOT values (3223, 3228, 3231, 1562, 9.790, 201.25, -0.80, 9.797, 201.25, -0.82, 0.008, 199.84, -25.81);
insert into SHOT values (3224, 3228, 3232, 1562, 2.030, 127.15, 5.70, 2.030, 127.15, 5.65, 0.002, 198.06, -83.33);
insert into SHOT values (3225, 3228, 3233, 1562, 0.320, 67.85, -79.10, 0.324, 68.20, -80.45, 0.009, 245.02, -40.89);
insert into SHOT values (3226, 3228, 3234, 1562, 1.250, 220.15, 80.70, 1.247, 219.09, 80.49, 0.007, 177.47, -32.53);
insert into SHOT values (3227, 3228, 3235, 1562, 10.500, 178.85, 1.70, 10.507, 178.85, 1.69, 0.007, 187.80, -12.40);
insert into SHOT values (3228, 3228, 3236, 1562, 15.780, 176.75, -1.40, 15.780, 176.77, -1.42, 0.007, 268.72, -43.08);
insert into SHOT values (3229, 3236, 3237, 1562, 7.400, 65.85, 7.30, 7.401, 65.88, 7.30, 0.004, 142.06, -3.95);
insert into SHOT values (3230, 3236, 3238, 1562, 3.040, 279.15, 18.50, 3.045, 279.17, 18.57, 0.007, 293.50, 52.71);
insert into SHOT values (3231, 3236, 3239, 1562, 11.750, 209.45, 26.30, 11.758, 209.43, 26.30, 0.008, 189.38, 28.01);
insert into SHOT values (3232, 3236, 3240, 1562, 11.280, 251.05, 32.60, 11.284, 251.03, 32.60, 0.005, 210.85, 31.25);
insert into SHOT values (3233, 3236, 3241, 1562, 11.880, 103.65, 19.50, 11.881, 103.69, 19.52, 0.009, 197.34, 28.99);
insert into SHOT values (3234, 3236, 3242, 1562, 0.240, 19.15, -86.90, 0.240, 0.00, -87.61, 0.005, 242.03, -4.17);
insert into SHOT values (3235, 3236, 3243, 1562, 4.410, 159.85, 85.50, 4.414, 160.02, 85.44, 0.006, 171.21, 34.46);
insert into SHOT values (3236, 3236, 3244, 1562, 15.040, 131.65, 13.80, 15.040, 131.67, 13.81, 0.006, 228.59, 24.58);
insert into SHOT values (3237, 3244, 3245, 1562, 25.000, 282.65, 5.40, 24.995, 282.65, 5.39, 0.006, 89.09, -28.25);
insert into SHOT values (3238, 3244, 3246, 1562, 9.500, 230.25, 6.00, 9.496, 230.24, 5.98, 0.005, 67.44, -36.12);
insert into SHOT values (3239, 3244, 3247, 1562, 7.950, 57.95, 3.30, 7.952, 57.97, 3.32, 0.004, 122.84, 33.68);
insert into SHOT values (3240, 3244, 3248, 1562, 6.280, 19.05, 8.60, 6.282, 19.08, 8.61, 0.004, 79.85, 14.66);
insert into SHOT values (3241, 3244, 3249, 1562, 11.710, 253.35, 1.00, 11.702, 253.36, 0.98, 0.010, 55.39, -26.42);
insert into SHOT values (3242, 3244, 3250, 1562, 20.030, 300.85, 1.30, 20.029, 300.86, 1.29, 0.005, 44.74, -59.17);
insert into SHOT values (3243, 3244, 3251, 1562, 5.890, 220.45, -37.20, 5.887, 220.42, -37.21, 0.004, 86.45, 16.31);
insert into SHOT values (3244, 3244, 3252, 1562, 5.750, 285.55, 82.20, 5.753, 285.64, 82.22, 0.004, 65.57, 58.20);
insert into SHOT values (3245, 3244, 3253, 1562, 21.410, 278.75, 2.40, 21.407, 278.74, 2.41, 0.005, 146.45, 39.05);
insert into SHOT values (3246, 3244, 3254, 1562, 19.060, 144.95, 4.30, 19.063, 144.94, 4.30, 0.005, 99.32, 11.46);
insert into SHOT values (3247, 3254, 3255, 1562, 8.160, 37.15, 10.20, 8.158, 37.16, 10.17, 0.005, 171.47, -75.02);
insert into SHOT values (3248, 3254, 3256, 1562, 8.240, 10.35, 6.90, 8.243, 10.35, 6.90, 0.003, 11.00, 1.48);
insert into SHOT values (3249, 3254, 3257, 1562, 2.490, 234.65, 11.20, 2.486, 234.68, 11.13, 0.005, 34.17, -42.80);
insert into SHOT values (3250, 3254, 3258, 1562, 6.640, 280.35, 1.60, 6.640, 280.33, 1.55, 0.006, 193.56, -66.28);
insert into SHOT values (3251, 3254, 3259, 1562, 12.920, 298.65, -0.10, 12.924, 298.67, -0.09, 0.006, 343.33, 23.13);
insert into SHOT values (3252, 3254, 3260, 1562, 11.410, 357.55, 5.50, 11.413, 357.53, 5.48, 0.006, 304.90, -35.16);
insert into SHOT values (3253, 3254, 3261, 1562, 0.600, 204.55, -83.50, 0.604, 206.57, -83.62, 0.005, 315.02, -56.84);
insert into SHOT values (3254, 3254, 3262, 1562, 2.440, 24.25, 80.50, 2.444, 24.68, 80.41, 0.006, 58.58, 32.68);
insert into SHOT values (3255, 3254, 3263, 1562, 14.540, 132.65, 10.50, 14.539, 132.62, 10.50, 0.007, 37.81, 2.28);
insert into SHOT values (3256, 3263, 3264, 1562, 6.410, 11.65, -4.80, 6.403, 11.57, -4.84, 0.012, 238.35, -17.68);
insert into SHOT values (3257, 3263, 3265, 1562, 2.990, 185.95, -11.20, 2.993, 186.06, -11.17, 0.007, 245.61, 6.55);
insert into SHOT values (3258, 3263, 3266, 1562, 9.520, 340.05, -6.10, 9.512, 340.03, -6.10, 0.008, 179.49, 11.60);
insert into SHOT values (3259, 3263, 3267, 1562, 5.720, 286.55, -4.10, 5.720, 286.50, -4.11, 0.005, 190.79, -11.41);
insert into SHOT values (3260, 3263, 3268, 1562, 2.610, 3.45, -70.50, 2.610, 3.29, -70.49, 0.002, 278.08, 6.91);
insert into SHOT values (3261, 3263, 3269, 1562, 1.530, 6.55, 77.00, 1.529, 5.04, 77.10, 0.009, 258.22, -4.76);
insert into SHOT values (3262, 3263, 3270, 1562, 15.860, 86.45, -1.90, 15.859, 86.46, -1.92, 0.005, 203.47, -63.17);
insert into SHOT values (3263, 3270, 3271, 1562, 2.930, 16.15, -8.30, 2.923, 16.05, -8.26, 0.009, 232.37, 20.21);
insert into SHOT values (3264, 3270, 3272, 1562, 5.410, 187.25, -4.30, 5.408, 187.24, -4.24, 0.006, 22.02, 72.39);
insert into SHOT values (3265, 3270, 3273, 1562, 9.460, 240.45, -4.50, 9.464, 240.47, -4.48, 0.007, 282.67, 19.88);
insert into SHOT values (3266, 3270, 3274, 1562, 6.150, 312.15, -4.40, 6.149, 312.09, -4.38, 0.006, 218.08, 16.57);
insert into SHOT values (3267, 3270, 3275, 1562, 10.490, 297.45, -3.20, 10.495, 297.45, -3.17, 0.008, 291.81, 43.65);
insert into SHOT values (3268, 3270, 3276, 1562, 9.710, 331.55, -0.80, 9.706, 331.51, -0.77, 0.010, 214.87, 35.55);
insert into SHOT values (3269, 3270, 3277, 1562, 7.060, 99.45, 0.60, 7.056, 99.46, 0.65, 0.007, 254.13, 56.67);
insert into SHOT values (3270, 3270, 3278, 1562, 6.540, 166.45, -4.60, 6.540, 166.52, -4.56, 0.009, 251.22, 29.55);
insert into SHOT values (3271, 3270, 3279, 1562, 1.680, 192.15, -83.60, 1.681, 191.89, -83.37, 0.007, 184.87, -3.87);
insert into SHOT values (3272, 3270, 3280, 1562, 2.040, 129.75, 79.80, 2.041, 130.43, 79.99, 0.008, 277.29, 16.00);
insert into SHOT values (3273, 3270, 3281, 1562, 16.620, 129.95, 2.20, 16.623, 129.97, 2.21, 0.007, 196.82, 17.14);
insert into SHOT values (3274, 3281, 3282, 1562, 2.740, 85.45, -9.20, 2.735, 85.32, -9.26, 0.008, 310.75, -13.19);
insert into SHOT values (3275, 3281, 3283, 1562, 8.150, 272.35, -0.50, 8.147, 272.39, -0.49, 0.007, 25.18, 9.52);
insert into SHOT values (3276, 3281, 3284, 1562, 11.730, 297.45, -1.10, 11.734, 297.46, -1.07, 0.007, 329.19, 47.74);
insert into SHOT values (3277, 3281, 3285, 1562, 8.890, 16.65, -17.80, 8.890, 16.61, -17.82, 0.006, 274.46, -25.07);
insert into SHOT values (3278, 3281, 3286, 1562, 5.900, 175.65, -4.50, 5.894, 175.71, -4.48, 0.008, 307.69, 20.11);
insert into SHOT values (3279, 3281, 3287, 1562, 9.450, 255.95, -3.10, 9.456, 255.96, -3.09, 0.006, 279.66, 9.46);
insert into SHOT values (3280, 3281, 3288, 1562, 1.960, 178.65, -82.30, 1.957, 180.00, -82.37, 0.007, 292.30, 19.17);
insert into SHOT values (3281, 3281, 3289, 1562, 1.370, 259.55, 85.40, 1.375, 259.70, 85.33, 0.005, 267.98, 66.14);
insert into SHOT values (3282, 3281, 3290, 1562, 12.590, 243.55, -4.00, 12.593, 243.58, -4.01, 0.007, 308.96, -14.05);
insert into SHOT values (3283, 3290, 3291, 1562, 3.460, 30.65, -0.00, 3.466, 30.71, 0.00, 0.007, 61.80, 0.00);
insert into SHOT values (3284, 3290, 3292, 1562, 4.920, 313.75, -4.40, 4.916, 313.76, -4.43, 0.005, 120.19, -31.07);
insert into SHOT values (3285, 3290, 3293, 1562, 11.920, 297.95, 4.40, 11.921, 297.94, 4.43, 0.006, 262.54, 76.92);
insert into SHOT values (3286, 3290, 3294, 1562, 10.540, 107.25, 8.20, 10.547, 107.22, 8.23, 0.010, 64.33, 41.08);
insert into SHOT values (3287, 3290, 3295, 1562, 12.470, 77.25, 4.10, 12.467, 77.27, 4.09, 0.006, 193.77, -15.86);
insert into SHOT values (3288, 3290, 3296, 1562, 20.200, 115.55, 14.20, 20.205, 115.56, 14.21, 0.007, 155.83, 44.54);
insert into SHOT values (3289, 3290, 3297, 1562, 0.470, 341.25, -84.70, 0.472, 345.96, -84.99, 0.005, 105.67, -26.06);
insert into SHOT values (3290, 3290, 3298, 1562, 7.930, 130.75, 87.80, 7.936, 131.01, 87.80, 0.006, 205.55, 76.19);
insert into SHOT values (3291, 3290, 3299, 1562, 12.940, 160.45, 10.70, 12.939, 160.42, 10.69, 0.006, 68.94, -25.86);
insert into SHOT values (3292, 3299, 3300, 1562, 10.760, 32.25, -0.00, 10.759, 32.24, 0.00, 0.001, 262.69, 0.00);
insert into SHOT values (3293, 3299, 3301, 1562, 11.360, 59.15, 1.50, 11.359, 59.17, 1.51, 0.005, 167.52, 35.61);
insert into SHOT values (3294, 3299, 3302, 1562, 10.770, 31.55, -0.10, 10.769, 31.52, -0.05, 0.010, 289.98, 58.50);
insert into SHOT values (3295, 3299, 3303, 1562, 6.790, 180.55, 30.00, 6.792, 180.58, 30.04, 0.006, 270.66, 53.41);
insert into SHOT values (3296, 3299, 3304, 1562, 11.860, 149.55, 18.00, 11.868, 149.55, 18.01, 0.009, 151.79, 34.90);
insert into SHOT values (3297, 3299, 3305, 1562, 9.250, 235.15, 20.30, 9.252, 235.14, 20.30, 0.003, 194.11, 18.98);
insert into SHOT values (3298, 3299, 3306, 1562, 13.250, 285.55, 8.70, 13.252, 285.54, 8.72, 0.006, 244.64, 71.30);
insert into SHOT values (3299, 3299, 3307, 1562, 3.830, 34.35, -20.70, 3.829, 34.31, -20.64, 0.005, 323.64, 56.83);
insert into SHOT values (3300, 3299, 3308, 1562, 6.360, 76.25, 75.60, 6.368, 76.41, 75.69, 0.013, 226.62, 48.41);
insert into SHOT values (3301, 3299, 3309, 1562, 13.850, 162.65, 73.80, 13.860, 162.69, 73.81, 0.010, 232.72, 73.22);
insert into SCRAPS values (1564, 1558, 'SP-Alex5-1', 1, 6.47387, 0.07127);
 insert into MAPS values (1594, 1558, 'MP-Alex5', 'Alex5', 1, 161.440, -9.300);
 insert into MAPITEMS values (1594, 4, 1564);
 insert into SURVEY values (1597, 308, 'Alex7', 'Alex7.Geophysicheskaya.Koytendag', 'Alex7');
 insert into CENTRELINE values (1598, 1597, NULL, NULL, NULL, 0.00, 0.00, 0.00);
 insert into SURVEY values (1599, 1597, 'Geophysicalskaya_07', 'Geophysicalskaya_07.Alex7.Geophysicheskaya.Koytendag', 'Geophysicaya 07');
 insert into CENTRELINE values (1600, 1599, NULL, NULL, NULL, 0.00, 0.00, 0.00);
 insert into CENTRELINE values (1601, 1599, NULL, '2024-04-16', NULL, 567.23, 0.00, 0.00);
 insert into TOPO values (6, 1601);
 insert into TOPO values (2, 1601);
 insert into TOPO values (7, 1601);
 insert into TOPO values (3, 1601);
 insert into SHOT values (3302, 3310, 3311, 1601, 26.030, 74.65, 1.10, 26.030, 74.24, 0.51, 0.328, 345.49, -55.40);
insert into SHOT values (3303, 3311, 3312, 1601, 4.970, 7.65, 5.90, 4.969, 7.56, 5.89, 0.008, 272.23, -6.27);
insert into SHOT values (3304, 3311, 3313, 1601, 4.560, 113.75, 9.90, 4.558, 113.77, 9.85, 0.004, 241.68, -64.02);
insert into SHOT values (3305, 3311, 3314, 1601, 3.980, 177.45, 3.40, 3.981, 177.55, 3.46, 0.008, 262.17, 29.76);
insert into SHOT values (3306, 3311, 3315, 1601, 9.630, 214.45, 3.60, 9.627, 214.48, 3.57, 0.008, 328.68, -35.69);
insert into SHOT values (3307, 3311, 3316, 1601, 7.570, 328.65, 4.60, 7.578, 328.65, 4.62, 0.008, 325.95, 21.45);
insert into SHOT values (3308, 3311, 3317, 1601, 1.280, 282.05, 81.80, 1.283, 282.53, 81.74, 0.004, 322.39, 52.28);
insert into SHOT values (3309, 3311, 3318, 1601, 0.870, 158.35, -80.80, 0.871, 158.96, -80.80, 0.002, 241.50, -38.40);
insert into SHOT values (3310, 3311, 3319, 1601, 12.480, 86.65, 6.60, 12.469, 86.44, 6.31, 0.079, 352.34, -54.67);
insert into SHOT values (3311, 3319, 3320, 1601, 0.590, 353.75, 1.90, 0.585, 353.12, 1.96, 0.008, 223.18, 2.97);
insert into SHOT values (3312, 3319, 3321, 1601, 7.500, 180.45, 35.00, 7.504, 180.47, 34.96, 0.007, 196.18, -14.97);
insert into SHOT values (3313, 3319, 3322, 1601, 6.620, 124.65, 14.20, 6.623, 124.66, 14.25, 0.006, 161.23, 77.67);
insert into SHOT values (3314, 3319, 3323, 1601, 5.260, 92.45, 5.20, 5.257, 92.52, 5.24, 0.008, 209.92, 24.57);
insert into SHOT values (3315, 3319, 3324, 1601, 5.770, 238.25, 21.40, 5.775, 238.23, 21.43, 0.006, 211.47, 53.29);
insert into SHOT values (3316, 3319, 3325, 1601, 2.770, 271.85, 10.00, 2.773, 271.68, 9.97, 0.009, 203.65, -6.57);
insert into SHOT values (3317, 3319, 3326, 1601, 1.180, 106.35, -89.30, 1.180, 135.00, -89.31, 0.007, 212.83, -0.71);
insert into SHOT values (3318, 3319, 3327, 1601, 2.490, 186.15, 67.90, 2.492, 186.14, 67.96, 0.003, 13.48, 63.79);
insert into SHOT values (3319, 3319, 3328, 1601, 5.700, 101.05, 16.50, 5.680, 101.00, 16.36, 0.025, 297.81, -50.09);
insert into SHOT values (3320, 3328, 3329, 1601, 0.450, 358.55, 1.60, 0.451, 358.73, 2.54, 0.008, 77.08, 79.11);
insert into SHOT values (3321, 3328, 3330, 1601, 3.210, 157.95, -0.50, 3.216, 157.90, -0.36, 0.011, 135.26, 49.08);
insert into SHOT values (3322, 3328, 3331, 1601, 2.030, 75.45, -4.70, 2.032, 75.41, -4.52, 0.007, 45.74, 69.19);
insert into SHOT values (3323, 3328, 3332, 1601, 2.940, 127.25, -3.90, 2.947, 127.26, -3.89, 0.007, 131.97, -0.29);
insert into SHOT values (3324, 3328, 3333, 1601, 4.510, 115.55, 1.40, 4.514, 115.60, 1.40, 0.006, 158.26, -1.82);
insert into SHOT values (3325, 3328, 3334, 1601, 0.540, 221.75, 13.60, 0.540, 221.91, 13.93, 0.003, 341.96, 61.15);
insert into SHOT values (3326, 3328, 3335, 1601, 1.080, 159.15, 62.10, 1.084, 159.04, 62.33, 0.006, 2.97, 67.70);
insert into SHOT values (3327, 3328, 3336, 1601, 1.840, 114.65, -74.90, 1.835, 114.44, -74.73, 0.008, 91.26, 56.10);
insert into SHOT values (3328, 3328, 3337, 1601, 7.380, 95.75, -7.60, 7.374, 95.66, -7.79, 0.028, 326.60, -57.55);
insert into SHOT values (3329, 3337, 3338, 1601, 2.200, 131.85, 3.50, 2.199, 132.05, 3.65, 0.009, 229.11, 36.83);
insert into SHOT values (3330, 3337, 3339, 1601, 1.860, 215.65, 5.80, 1.858, 215.75, 5.87, 0.004, 337.74, 26.91);
insert into SHOT values (3331, 3337, 3340, 1601, 0.510, 319.25, 8.10, 0.508, 319.03, 7.92, 0.003, 189.20, -36.34);
insert into SHOT values (3332, 3337, 3341, 1601, 1.970, 354.25, 3.10, 1.973, 354.17, 3.20, 0.005, 314.14, 40.90);
insert into SHOT values (3333, 3337, 3342, 1601, 4.980, 41.55, 1.20, 4.981, 41.50, 1.27, 0.007, 329.10, 52.06);
insert into SHOT values (3334, 3337, 3343, 1601, 5.890, 67.05, 0.60, 5.888, 67.01, 0.58, 0.005, 314.08, -19.39);
insert into SHOT values (3335, 3337, 3344, 1601, 3.590, 161.85, -0.70, 3.589, 161.82, -0.64, 0.004, 57.12, 62.41);
insert into SHOT values (3336, 3337, 3345, 1601, 1.520, 202.35, 86.30, 1.523, 203.96, 86.29, 0.004, 284.95, 48.56);
insert into SHOT values (3337, 3337, 3346, 1601, 0.650, 99.65, -83.90, 0.654, 98.13, -83.79, 0.004, 50.39, -56.10);
insert into SHOT values (3338, 3337, 3347, 1601, 11.360, 192.25, -8.40, 11.355, 192.45, -8.71, 0.074, 301.94, -55.12);
insert into SHOT values (3339, 3347, 3348, 1601, 2.680, 83.25, 9.40, 2.685, 83.28, 9.43, 0.005, 100.94, 27.45);
insert into SHOT values (3340, 3347, 3349, 1601, 5.000, 150.35, 4.80, 5.003, 150.30, 4.82, 0.005, 89.81, 17.64);
insert into SHOT values (3341, 3347, 3350, 1601, 12.050, 186.35, 2.10, 12.052, 186.34, 2.14, 0.009, 141.20, 73.58);
insert into SHOT values (3342, 3347, 3351, 1601, 3.510, 251.85, 12.80, 3.509, 251.78, 12.84, 0.005, 146.58, 28.04);
insert into SHOT values (3343, 3347, 3352, 1601, 2.290, 325.75, 8.90, 2.289, 325.82, 9.05, 0.007, 91.17, 59.59);
insert into SHOT values (3344, 3347, 3353, 1601, 1.080, 140.15, 81.50, 1.081, 140.19, 81.69, 0.004, 318.06, 28.50);
insert into SHOT values (3345, 3347, 3354, 1601, 0.500, 144.25, -86.80, 0.491, 135.00, -86.70, 0.010, 54.32, 63.76);
insert into SHOT values (3346, 3347, 3355, 1601, 20.010, 191.65, 1.80, 20.009, 191.94, 1.35, 0.189, 280.14, -56.88);
insert into SHOT values (3347, 3355, 3356, 1601, 5.460, 44.85, -2.20, 5.463, 44.85, -2.20, 0.003, 50.43, -7.85);
insert into SHOT values (3348, 3355, 3357, 1601, 6.820, 18.95, -1.60, 6.821, 18.91, -1.60, 0.004, 299.28, 5.69);
insert into SHOT values (3349, 3355, 3358, 1601, 7.840, 104.35, -1.10, 7.835, 104.34, -1.10, 0.005, 302.32, 6.07);
insert into SHOT values (3350, 3355, 3359, 1601, 16.730, 132.45, -0.40, 16.726, 132.46, -0.38, 0.008, 285.87, 55.54);
insert into SHOT values (3351, 3355, 3360, 1601, 31.170, 189.05, -1.30, 31.166, 189.05, -1.29, 0.008, 12.21, 59.18);
insert into SHOT values (3352, 3355, 3361, 1601, 20.230, 218.75, 1.00, 20.226, 218.76, 1.02, 0.009, 1.30, 54.36);
insert into SHOT values (3353, 3355, 3362, 1601, 12.530, 242.85, 6.10, 12.531, 242.88, 6.09, 0.007, 325.27, -12.31);
insert into SHOT values (3354, 3355, 3363, 1601, 12.690, 262.85, 9.50, 12.691, 262.89, 9.52, 0.010, 350.22, 33.89);
insert into SHOT values (3355, 3355, 3364, 1601, 31.500, 279.65, 7.80, 31.505, 279.66, 7.81, 0.011, 342.62, 26.98);
insert into SHOT values (3356, 3355, 3365, 1601, 33.030, 295.85, 10.60, 33.035, 295.85, 10.61, 0.007, 338.38, 38.06);
insert into SHOT values (3357, 3355, 3366, 1601, 22.240, 317.25, 10.90, 22.247, 317.24, 10.91, 0.008, 304.04, 34.55);
insert into SHOT values (3358, 3355, 3367, 1601, 13.470, 331.75, 8.80, 13.473, 331.76, 8.79, 0.004, 11.41, -9.45);
insert into SHOT values (3359, 3355, 3368, 1601, 1.670, 207.05, 86.50, 1.673, 209.05, 86.47, 0.005, 282.40, 39.90);
insert into SHOT values (3360, 3355, 3369, 1601, 1.160, 175.75, -84.40, 1.155, 174.81, -84.51, 0.006, 29.14, 53.50);
insert into SHOT values (3361, 3355, 3370, 1601, 27.630, 170.55, -2.10, 27.613, 170.84, -2.74, 0.340, 272.63, -64.87);
insert into SHOT values (3362, 3370, 3371, 1601, 10.280, 223.25, 4.70, 10.285, 223.22, 4.68, 0.008, 181.47, -17.57);
insert into SHOT values (3363, 3370, 3372, 1601, 14.860, 81.25, 9.30, 14.856, 81.25, 9.30, 0.004, 253.10, -19.16);
insert into SHOT values (3364, 3370, 3373, 1601, 26.770, 138.75, 6.80, 26.776, 138.75, 6.80, 0.006, 150.47, 3.08);
insert into SHOT values (3365, 3370, 3374, 1601, 34.890, 172.95, 4.30, 34.892, 172.95, 4.31, 0.004, 217.36, 66.77);
insert into SHOT values (3366, 3370, 3375, 1601, 15.920, 295.65, 5.90, 15.914, 295.64, 5.92, 0.008, 130.09, 27.02);
insert into SHOT values (3367, 3370, 3376, 1601, 26.670, 0.75, 3.70, 26.668, 0.75, 3.70, 0.003, 133.08, -18.98);
insert into SHOT values (3368, 3370, 3377, 1601, 3.670, 224.75, 82.60, 3.671, 224.14, 82.58, 0.005, 147.26, 6.33);
insert into SHOT values (3369, 3370, 3378, 1601, 0.430, 25.15, -85.00, 0.432, 33.69, -85.21, 0.006, 133.93, -16.13);
insert into SHOT values (3370, 3370, 3379, 1601, 33.670, 157.65, 1.20, 33.675, 157.66, 1.19, 0.008, 192.42, -37.65);
insert into SHOT values (3371, 3379, 3380, 1601, 9.550, 260.65, 8.10, 9.551, 260.69, 8.13, 0.008, 351.64, 34.64);
insert into SHOT values (3372, 3379, 3381, 1601, 10.510, 193.55, 18.70, 10.502, 193.55, 18.72, 0.008, 15.10, 2.43);
insert into SHOT values (3373, 3379, 3382, 1601, 7.340, 99.05, 20.10, 7.345, 99.01, 20.15, 0.009, 34.81, 56.68);
insert into SHOT values (3374, 3379, 3383, 1601, 9.390, 37.45, 12.10, 9.389, 37.43, 12.11, 0.003, 288.32, 30.28);
insert into SHOT values (3375, 3379, 3384, 1601, 20.030, 7.65, 7.00, 20.038, 7.66, 7.02, 0.012, 32.54, 50.71);
insert into SHOT values (3376, 3379, 3385, 1601, 12.960, 289.75, 5.50, 12.960, 289.76, 5.53, 0.008, 56.33, 76.27);
insert into SHOT values (3377, 3379, 3386, 1601, 3.860, 165.05, 85.50, 3.862, 164.58, 85.53, 0.004, 35.65, 30.70);
insert into SHOT values (3378, 3379, 3387, 1601, 0.820, 307.75, -76.90, 0.811, 310.60, -76.86, 0.013, 48.19, 42.86);
insert into SHOT values (3379, 3379, 3388, 1601, 13.810, 149.45, 17.60, 13.806, 149.44, 17.62, 0.008, 348.99, 34.46);
insert into SHOT values (3380, 3388, 3389, 1601, 7.950, 26.75, -8.50, 7.950, 26.76, -8.54, 0.005, 137.22, -70.30);
insert into SHOT values (3381, 3388, 3390, 1601, 14.510, 212.65, -6.40, 14.510, 212.65, -6.41, 0.003, 324.70, -60.14);
insert into SHOT values (3382, 3388, 3391, 1601, 11.300, 281.25, -4.20, 11.297, 281.26, -4.21, 0.004, 62.14, -33.93);
insert into SHOT values (3383, 3388, 3392, 1601, 13.650, 355.15, -3.60, 13.646, 355.16, -3.61, 0.006, 153.42, -31.43);
insert into SHOT values (3384, 3388, 3393, 1601, 8.770, 87.65, -6.30, 8.770, 87.70, -6.28, 0.008, 177.74, 17.21);
insert into SHOT values (3385, 3388, 3394, 1601, 0.470, 286.75, 84.50, 0.472, 284.04, 84.99, 0.005, 133.55, 26.57);
insert into SHOT values (3386, 3388, 3395, 1601, 2.140, 118.55, -84.00, 2.142, 118.81, -83.88, 0.005, 131.45, -20.22);
insert into SHOT values (3387, 3388, 3396, 1601, 11.590, 143.85, -11.30, 11.595, 143.84, -11.29, 0.006, 118.82, 9.44);
insert into SHOT values (3388, 3396, 3397, 1601, 16.030, 348.65, -2.30, 16.026, 348.65, -2.29, 0.006, 145.59, 35.96);
insert into SHOT values (3389, 3396, 3398, 1601, 12.340, 25.35, -2.20, 12.337, 25.36, -2.18, 0.005, 167.15, 44.45);
insert into SHOT values (3390, 3396, 3399, 1601, 14.770, 59.15, -2.70, 14.767, 59.12, -2.72, 0.008, 304.83, -30.23);
insert into SHOT values (3391, 3396, 3400, 1601, 11.050, 113.85, -0.00, 11.045, 113.87, 0.00, 0.007, 250.93, 0.00);
insert into SHOT values (3392, 3396, 3401, 1601, 34.210, 146.65, -1.20, 34.208, 146.65, -1.21, 0.005, 267.39, -44.67);
insert into SHOT values (3393, 3396, 3402, 1601, 9.320, 132.95, -0.10, 9.319, 132.96, -0.12, 0.004, 272.87, -62.91);
insert into SHOT values (3394, 3396, 3403, 1601, 24.050, 177.65, 2.00, 24.055, 177.66, 2.00, 0.008, 231.44, 4.86);
insert into SHOT values (3395, 3396, 3404, 1601, 18.800, 194.05, 2.90, 18.796, 194.06, 2.90, 0.005, 332.63, -13.21);
insert into SHOT values (3396, 3396, 3405, 1601, 17.290, 213.75, 2.60, 17.291, 213.76, 2.59, 0.006, 289.24, -42.65);
insert into SHOT values (3397, 3396, 3406, 1601, 12.990, 245.05, 2.40, 12.990, 245.07, 2.38, 0.007, 331.35, -34.73);
insert into SHOT values (3398, 3396, 3407, 1601, 15.080, 266.05, 4.40, 15.081, 266.03, 4.41, 0.005, 182.74, 38.30);
insert into SHOT values (3399, 3396, 3408, 1601, 23.690, 295.15, 1.90, 23.687, 295.15, 1.89, 0.006, 126.61, -59.20);
insert into SHOT values (3400, 3396, 3409, 1601, 30.070, 312.35, 0.50, 30.071, 312.36, 0.50, 0.006, 31.27, -24.89);
insert into SHOT values (3401, 3396, 3410, 1601, 1.790, 40.85, 80.90, 1.791, 40.60, 81.12, 0.007, 231.23, 20.89);
insert into SHOT values (3402, 3396, 3411, 1601, 1.140, 62.25, -80.10, 1.136, 62.10, -80.25, 0.005, 249.90, 39.43);
insert into SHOT values (3403, 3396, 3412, 1601, 25.850, 77.95, -4.70, 25.845, 77.94, -4.71, 0.006, 280.14, -19.43);
insert into SHOT values (3404, 3412, 3413, 1601, 5.280, 316.75, 16.20, 5.274, 316.76, 16.18, 0.006, 125.57, -30.70);
insert into SHOT values (3405, 3412, 3414, 1601, 4.160, 278.85, 11.50, 4.153, 278.91, 11.53, 0.009, 69.75, 4.24);
insert into SHOT values (3406, 3412, 3415, 1601, 7.540, 39.25, 8.70, 7.541, 39.28, 8.69, 0.005, 112.68, -6.02);
insert into SHOT values (3407, 3412, 3416, 1601, 6.080, 74.85, 9.40, 6.080, 74.83, 9.37, 0.004, 3.98, -53.83);
insert into SHOT values (3408, 3412, 3417, 1601, 7.160, 123.55, 12.50, 7.162, 123.51, 12.50, 0.005, 53.12, 3.20);
insert into SHOT values (3409, 3412, 3418, 1601, 2.320, 172.15, 19.70, 2.316, 172.09, 19.68, 0.005, 23.53, -26.83);
insert into SHOT values (3410, 3412, 3419, 1601, 2.850, 19.25, 79.30, 2.850, 19.80, 79.25, 0.006, 85.56, -4.58);
insert into SHOT values (3411, 3412, 3420, 1601, 0.420, 120.15, -69.60, 0.417, 118.30, -69.26, 0.006, 43.97, 36.73);
insert into SHOT values (3412, 3412, 3421, 1601, 15.650, 52.65, 4.30, 15.654, 52.65, 4.29, 0.006, 67.18, -35.75);
insert into SHOT values (3413, 3421, 3422, 1601, 1.260, 138.95, 5.00, 1.260, 139.20, 5.01, 0.006, 231.72, 1.90);
insert into SHOT values (3414, 3421, 3423, 1601, 3.230, 67.65, -3.30, 3.225, 67.74, -3.20, 0.009, 200.67, 41.43);
insert into SHOT values (3415, 3421, 3424, 1601, 1.590, 309.35, 38.70, 1.591, 309.09, 38.95, 0.009, 183.56, 40.86);
insert into SHOT values (3416, 3421, 3425, 1601, 2.770, 200.75, 2.90, 2.773, 200.73, 2.89, 0.003, 178.74, -2.75);
insert into SHOT values (3417, 3421, 3426, 1601, 1.090, 329.35, 83.00, 1.098, 327.53, 83.18, 0.009, 208.03, 59.18);
insert into SHOT values (3418, 3421, 3427, 1601, 0.970, 95.95, -82.50, 0.968, 99.46, -82.78, 0.009, 220.76, 10.61);
insert into SHOT values (3419, 3421, 3428, 1601, 2.000, 153.95, -15.50, 1.999, 153.83, -15.37, 0.006, 67.98, 49.14);
insert into SHOT values (3420, 3428, 3429, 1601, 0.790, 46.15, -16.50, 0.781, 46.08, -16.36, 0.009, 232.62, 29.11);
insert into SHOT values (3421, 3428, 3430, 1601, 0.270, 216.45, 0.70, 0.278, 217.69, 0.00, 0.011, 253.58, -18.23);
insert into SHOT values (3422, 3428, 3431, 1601, 2.010, 107.85, 1.80, 2.009, 107.98, 1.71, 0.006, 208.66, -33.02);
insert into SHOT values (3423, 3428, 3432, 1601, 4.040, 128.15, 2.50, 4.041, 128.26, 2.55, 0.009, 210.75, 25.34);
insert into SHOT values (3424, 3428, 3433, 1601, 0.870, 342.75, -1.90, 0.870, 342.61, -1.98, 0.002, 259.26, -28.04);
insert into SHOT values (3425, 3428, 3434, 1601, 1.470, 345.65, 2.90, 1.469, 345.40, 2.73, 0.008, 249.32, -33.84);
insert into SHOT values (3426, 3428, 3435, 1601, 0.360, 205.35, 73.60, 0.367, 206.57, 72.28, 0.011, 218.53, 24.06);
insert into SHOT values (3427, 3428, 3436, 1601, 0.410, 102.35, -80.60, 0.405, 108.43, -81.02, 0.009, 223.63, 29.80);
insert into SHOT values (3428, 3428, 3437, 1601, 11.420, 138.85, 0.60, 11.418, 138.87, 0.60, 0.005, 251.49, 4.93);
insert into SHOT values (3429, 3396, 3438, 1601, 8.920, 166.25, 0.50, 8.916, 166.24, 0.51, 0.005, 355.82, 28.36);
insert into SHOT values (3430, 3438, 3439, 1601, 5.610, 67.85, 3.00, 5.610, 67.88, 2.96, 0.004, 153.44, -53.53);
insert into SHOT values (3431, 3438, 3440, 1601, 13.940, 35.15, 4.50, 13.937, 35.15, 4.49, 0.005, 189.29, -50.10);
insert into SHOT values (3432, 3438, 3441, 1601, 19.590, 11.65, 4.10, 19.582, 11.64, 4.10, 0.009, 215.32, -3.99);
insert into SHOT values (3433, 3438, 3442, 1601, 17.620, 200.95, 1.50, 17.621, 200.96, 1.50, 0.003, 263.29, -26.37);
insert into SHOT values (3434, 3438, 3443, 1601, 13.350, 237.85, 6.30, 13.359, 237.83, 6.27, 0.011, 212.88, -25.85);
insert into SHOT values (3435, 3438, 3444, 1601, 26.180, 146.05, -2.20, 26.179, 146.05, -2.21, 0.005, 321.22, -81.23);
insert into SHOT values (3436, 3438, 3445, 1601, 14.310, 287.95, 4.50, 14.306, 287.93, 4.49, 0.007, 165.45, -23.15);
insert into SHOT values (3437, 3438, 3446, 1601, 2.210, 183.05, 79.10, 2.210, 182.73, 79.03, 0.003, 140.41, -2.11);
insert into SHOT values (3438, 3438, 3447, 1601, 0.550, 10.65, -82.70, 0.553, 9.46, -83.69, 0.010, 198.55, -25.96);
insert into SHOT values (3439, 3438, 3448, 1601, 21.620, 186.25, -1.40, 21.625, 186.24, -1.40, 0.006, 153.07, -18.05);
insert into SHOT values (3440, 3438, 3449, 1601, 23.810, 159.95, -3.80, 23.810, 159.96, -3.80, 0.006, 246.82, -18.25);
insert into SHOT values (3441, 3449, 3450, 1601, 3.300, 112.45, 10.40, 3.299, 112.46, 10.30, 0.006, 163.62, -83.93);
insert into SHOT values (3442, 3449, 3451, 1601, 3.510, 249.75, 9.70, 3.505, 249.68, 9.69, 0.007, 112.13, -12.29);
insert into SHOT values (3443, 3449, 3452, 1601, 5.230, 204.25, 5.80, 5.233, 204.15, 5.81, 0.009, 130.07, 9.23);
insert into SHOT values (3444, 3449, 3453, 1601, 6.510, 188.55, 5.20, 6.508, 188.52, 5.20, 0.004, 72.38, -0.27);
insert into SHOT values (3445, 3449, 3454, 1601, 9.700, 159.55, -5.70, 9.708, 159.52, -5.68, 0.010, 130.39, 19.17);
insert into SHOT values (3446, 3449, 3455, 1601, 23.360, 302.25, 6.70, 23.358, 302.25, 6.69, 0.006, 76.54, -73.28);
insert into SHOT values (3447, 3449, 3456, 1601, 17.910, 1.45, 7.10, 17.913, 1.45, 7.09, 0.005, 13.25, -50.09);
insert into SHOT values (3448, 3449, 3457, 1601, 7.270, 95.75, 12.70, 7.274, 95.74, 12.71, 0.004, 83.97, 25.83);
insert into SHOT values (3449, 3449, 3458, 1601, 4.440, 250.45, 79.70, 4.440, 249.95, 79.78, 0.009, 118.08, 9.58);
insert into SHOT values (3450, 3449, 3459, 1601, 1.760, 253.55, -79.10, 1.762, 252.65, -79.03, 0.006, 188.09, -16.80);
insert into SHOT values (3451, 3449, 3460, 1601, 16.870, 140.95, -7.50, 16.872, 140.94, -7.49, 0.003, 114.63, 35.37);
insert into SHOT values (3452, 3460, 3461, 1601, 3.980, 242.55, 31.60, 3.977, 242.60, 31.53, 0.006, 326.21, -59.09);
insert into SHOT values (3453, 3460, 3462, 1601, 1.710, 171.35, 14.30, 1.711, 171.33, 14.21, 0.003, 157.86, -50.06);
insert into SHOT values (3454, 3460, 3463, 1601, 7.990, 305.75, 7.60, 7.993, 305.76, 7.55, 0.008, 321.77, -60.33);
insert into SHOT values (3455, 3460, 3464, 1601, 0.830, 254.95, 78.80, 0.825, 255.07, 79.15, 0.007, 71.83, -35.03);
insert into SHOT values (3456, 3460, 3465, 1601, 0.540, 275.25, -81.60, 0.546, 277.13, -81.51, 0.007, 332.55, -61.56);
insert into SHOT values (3457, 3370, 3466, 1601, 22.880, 326.75, 3.50, 22.890, 326.67, 2.95, 0.220, 272.67, -80.05);
insert into SHOT values (3458, 3466, 3467, 1601, 10.890, 204.85, -0.80, 10.891, 204.87, -0.84, 0.009, 281.44, -61.50);
insert into SHOT values (3459, 3466, 3468, 1601, 19.270, 176.15, -0.40, 19.274, 176.16, -0.42, 0.008, 227.29, -42.94);
insert into SHOT values (3460, 3466, 3469, 1601, 16.000, 80.55, 2.80, 15.995, 80.56, 2.80, 0.006, 223.03, -15.38);
insert into SHOT values (3461, 3466, 3470, 1601, 33.060, 124.85, 1.20, 33.058, 124.86, 1.20, 0.007, 237.46, -20.78);
insert into SHOT values (3462, 3466, 3471, 1601, 12.930, 314.25, 3.20, 12.933, 314.25, 3.19, 0.004, 307.47, -30.02);
insert into SHOT values (3463, 3466, 3472, 1601, 21.930, 313.15, 8.50, 21.932, 313.13, 8.50, 0.007, 243.20, -12.27);
insert into SHOT values (3464, 3466, 3473, 1601, 22.010, 350.45, 12.10, 22.006, 350.45, 12.09, 0.005, 158.73, -52.33);
insert into SHOT values (3465, 3466, 3474, 1601, 14.520, 256.95, -4.40, 14.527, 256.95, -4.42, 0.009, 264.27, -41.59);
insert into SHOT values (3466, 3466, 3475, 1601, 2.850, 7.95, 62.00, 2.842, 7.77, 62.04, 0.010, 224.35, -41.69);
insert into SHOT values (3467, 3466, 3476, 1601, 1.380, 183.05, -87.70, 1.381, 189.46, -87.48, 0.009, 236.35, -7.47);
insert into SHOT values (3468, 3466, 3477, 1601, 24.010, 285.95, -2.40, 24.030, 286.16, -2.93, 0.242, 9.99, -68.20);
insert into SHOT values (3469, 3477, 3478, 1601, 4.360, 217.75, 5.40, 4.368, 217.71, 5.39, 0.008, 198.79, -2.16);
insert into SHOT values (3470, 3477, 3479, 1601, 10.980, 298.55, 2.80, 10.976, 298.55, 2.77, 0.007, 107.96, -60.34);
insert into SHOT values (3471, 3477, 3480, 1601, 11.000, 322.35, 3.70, 10.996, 322.37, 3.70, 0.006, 100.54, 1.51);
insert into SHOT values (3472, 3477, 3481, 1601, 8.080, 23.85, 19.30, 8.078, 23.91, 19.30, 0.008, 125.63, -3.87);
insert into SHOT values (3473, 3477, 3482, 1601, 22.110, 60.15, 18.50, 22.109, 60.17, 18.49, 0.010, 145.44, -35.00);
insert into SHOT values (3474, 3477, 3483, 1601, 14.050, 120.85, 3.40, 14.053, 120.88, 3.39, 0.009, 187.26, -21.38);
insert into SHOT values (3475, 3477, 3484, 1601, 1.570, 259.65, 82.20, 1.565, 259.22, 82.15, 0.006, 192.96, -72.19);
insert into SHOT values (3476, 3477, 3485, 1601, 0.520, 245.05, -77.50, 0.522, 243.43, -77.64, 0.004, 140.97, -35.63);
insert into SHOT values (3477, 3477, 3486, 1601, 10.610, 335.15, 8.20, 10.619, 335.09, 7.90, 0.057, 303.37, -69.59);
insert into SHOT values (3478, 3486, 3487, 1601, 3.070, 251.85, -0.20, 3.074, 251.80, -0.19, 0.005, 217.71, 8.92);
insert into SHOT values (3479, 3486, 3488, 1601, 10.170, 41.05, 36.40, 10.162, 41.03, 36.40, 0.008, 239.25, -37.96);
insert into SHOT values (3480, 3486, 3489, 1601, 15.720, 103.75, 23.70, 15.719, 103.75, 23.71, 0.002, 298.09, 34.21);
insert into SHOT values (3481, 3486, 3490, 1601, 24.370, 127.45, 0.70, 24.375, 127.45, 0.71, 0.006, 125.58, 24.17);
insert into SHOT values (3482, 3486, 3491, 1601, 10.440, 185.05, -4.90, 10.449, 185.07, -4.89, 0.010, 208.57, 10.25);
insert into SHOT values (3483, 3486, 3492, 1601, 1.950, 55.95, 79.30, 1.944, 56.31, 79.31, 0.007, 179.39, -65.91);
insert into SHOT values (3484, 3486, 3493, 1601, 1.520, 90.25, -79.30, 1.516, 90.00, -79.36, 0.004, 298.98, 54.72);
insert into SHOT values (3485, 3486, 3494, 1601, 6.620, 308.35, 22.20, 6.626, 308.32, 21.98, 0.026, 298.53, -54.97);
insert into SHOT values (3486, 3494, 3495, 1601, 2.130, 198.65, -6.30, 2.135, 198.69, -6.45, 0.008, 216.91, -51.27);
insert into SHOT values (3487, 3494, 3496, 1601, 2.760, 316.05, -1.80, 2.760, 316.18, -1.87, 0.007, 49.32, -28.45);
insert into SHOT values (3488, 3494, 3497, 1601, 5.930, 5.25, 9.00, 5.928, 5.29, 9.03, 0.005, 119.98, 25.69);
insert into SHOT values (3489, 3494, 3498, 1601, 6.790, 71.25, 37.10, 6.788, 71.26, 37.05, 0.006, 116.22, -70.34);
insert into SHOT values (3490, 3494, 3499, 1601, 2.540, 120.35, 3.30, 2.540, 120.31, 3.16, 0.007, 54.04, -71.35);
insert into SHOT values (3491, 3494, 3500, 1601, 1.080, 74.85, 82.30, 1.080, 74.05, 82.25, 0.002, 8.49, -6.78);
insert into SHOT values (3492, 3494, 3501, 1601, 2.610, 270.15, -87.80, 2.612, 270.00, -87.81, 0.002, 143.56, -80.47);
insert into SHOT values (3493, 3494, 3502, 1601, 5.810, 342.05, -7.90, 5.820, 342.01, -8.10, 0.023, 310.09, -69.02);
insert into SHOT values (3494, 3502, 3503, 1601, 3.820, 68.05, 13.40, 3.815, 68.00, 13.49, 0.008, 277.62, 35.36);
insert into SHOT values (3495, 3502, 3504, 1601, 5.220, 197.75, -3.20, 5.217, 197.77, -3.19, 0.004, 342.28, 19.22);
insert into SHOT values (3496, 3502, 3505, 1601, 5.930, 254.65, -25.50, 5.926, 254.72, -25.49, 0.008, 11.05, 22.43);
insert into SHOT values (3497, 3502, 3506, 1601, 9.410, 132.85, 26.20, 9.411, 132.84, 26.23, 0.006, 355.14, 70.55);
insert into SHOT values (3498, 3502, 3507, 1601, 5.900, 175.55, 11.10, 5.899, 175.54, 11.14, 0.005, 16.62, 61.29);
insert into SHOT values (3499, 3502, 3508, 1601, 1.640, 156.15, 82.40, 1.644, 154.65, 82.65, 0.010, 15.31, 26.90);
insert into SHOT values (3500, 3502, 3509, 1601, 0.710, 160.85, -83.50, 0.704, 164.05, -84.06, 0.010, 312.94, 32.00);
insert into SHOT values (3501, 3502, 3310, 1601, 7.650, 350.25, -20.50, 7.667, 350.13, -20.62, 0.028, 296.04, -48.98);
insert into SHOT values (3502, 3310, 3510, 1601, 28.730, 330.15, -1.60, 28.729, 330.16, -1.60, 0.006, 71.36, 23.14);
insert into SHOT values (3503, 3510, 3511, 1601, 27.170, 297.05, 1.80, 27.174, 297.05, 1.79, 0.005, 279.83, -41.95);
insert into SHOT values (3504, 3510, 3512, 1601, 15.220, 350.45, -2.50, 15.227, 350.43, -2.52, 0.011, 307.38, -35.11);
insert into SHOT values (3505, 3510, 3513, 1601, 12.470, 40.35, 1.70, 12.470, 40.35, 1.70, 0.001, 2.45, 6.40);
insert into SHOT values (3506, 3510, 3514, 1601, 21.170, 74.35, 0.70, 21.166, 74.35, 0.70, 0.004, 255.60, 20.64);
insert into SHOT values (3507, 3510, 3515, 1601, 11.240, 110.65, 6.40, 11.238, 110.66, 6.39, 0.004, 245.77, -47.84);
insert into SHOT values (3508, 3510, 3516, 1601, 30.580, 166.85, 3.20, 30.577, 166.86, 3.19, 0.010, 282.49, -44.92);
insert into SHOT values (3509, 3510, 3517, 1601, 1.560, 57.05, 85.60, 1.555, 55.01, 85.50, 0.007, 355.00, -47.67);
insert into SHOT values (3510, 3510, 3518, 1601, 0.560, 114.95, -84.80, 0.562, 116.57, -85.43, 0.007, 283.17, -20.45);
insert into SHOT values (3511, 3510, 3519, 1601, 27.580, 17.55, -3.10, 27.581, 17.54, -3.12, 0.009, 299.17, -64.15);
insert into SHOT values (3512, 3519, 3520, 1601, 6.970, 267.95, 4.50, 6.966, 267.94, 4.53, 0.005, 107.35, 36.43);
insert into SHOT values (3513, 3519, 3521, 1601, 5.870, 343.35, 0.60, 5.866, 343.36, 0.68, 0.009, 151.19, 64.67);
insert into SHOT values (3514, 3519, 3522, 1601, 5.790, 48.95, -2.20, 5.788, 48.93, -2.18, 0.004, 275.48, 35.69);
insert into SHOT values (3515, 3519, 3523, 1601, 4.990, 119.05, 4.00, 4.990, 119.09, 4.02, 0.004, 209.13, 29.13);
insert into SHOT values (3516, 3519, 3524, 1601, 7.530, 152.65, 1.90, 7.527, 152.62, 1.90, 0.005, 26.70, 3.87);
insert into SHOT values (3517, 3519, 3525, 1601, 9.190, 224.75, 5.50, 9.193, 224.73, 5.56, 0.010, 180.90, 70.31);
insert into SHOT values (3518, 3519, 3526, 1601, 1.390, 324.95, 83.00, 1.391, 324.46, 82.89, 0.003, 296.02, 6.82);
insert into SHOT values (3519, 3519, 3527, 1601, 0.580, 72.55, -87.10, 0.571, 71.57, -86.82, 0.010, 59.12, 75.83);
insert into SHOT values (3520, 3519, 3528, 1601, 14.270, 8.75, -4.00, 14.271, 8.77, -3.98, 0.007, 85.46, 48.20);
insert into SHOT values (3521, 3528, 3529, 1601, 3.690, 274.15, 7.30, 3.689, 274.07, 7.32, 0.005, 174.03, 13.24);
insert into SHOT values (3522, 3528, 3530, 1601, 5.300, 342.65, 4.70, 5.299, 342.59, 4.65, 0.007, 248.94, -40.39);
insert into SHOT values (3523, 3528, 3531, 1601, 3.400, 71.15, -0.40, 3.393, 71.08, -0.34, 0.009, 280.77, 25.94);
insert into SHOT values (3524, 3528, 3532, 1601, 5.410, 123.25, 8.00, 5.411, 123.27, 7.97, 0.004, 187.36, -46.94);
insert into SHOT values (3525, 3528, 3533, 1601, 5.090, 156.95, 5.80, 5.089, 156.98, 5.75, 0.005, 262.06, -56.93);
insert into SHOT values (3526, 3528, 3534, 1601, 8.440, 209.15, 4.80, 8.446, 209.15, 4.82, 0.007, 216.65, 32.70);
insert into SHOT values (3527, 3528, 3535, 1601, 1.130, 82.35, 82.20, 1.130, 82.41, 82.31, 0.002, 258.13, 12.59);
insert into SHOT values (3528, 3528, 3536, 1601, 0.610, 163.35, -78.40, 0.613, 165.96, -78.35, 0.006, 244.22, -23.28);
insert into SHOT values (3529, 3528, 3537, 1601, 8.750, 23.95, -14.20, 8.747, 23.94, -14.23, 0.005, 233.81, -41.50);
insert into SHOT values (3530, 3537, 3538, 1601, 0.460, 304.55, 5.70, 0.463, 304.38, 6.20, 0.005, 278.01, 54.95);
insert into SHOT values (3531, 3537, 3539, 1601, 2.250, 354.15, -3.00, 2.254, 354.14, -2.80, 0.009, 349.03, 57.82);
insert into SHOT values (3532, 3537, 3540, 1601, 2.100, 115.85, 21.50, 2.101, 115.78, 21.50, 0.002, 40.58, 7.99);
insert into SHOT values (3533, 3537, 3541, 1601, 2.490, 181.05, 4.20, 2.488, 181.16, 4.38, 0.009, 302.46, 54.75);
insert into SHOT values (3534, 3537, 3542, 1601, 2.040, 81.55, 86.20, 2.044, 81.25, 86.31, 0.006, 271.99, 50.23);
insert into SHOT values (3535, 3537, 3543, 1601, 1.300, 70.95, -87.10, 1.302, 71.57, -87.21, 0.003, 235.89, -32.44);
insert into SHOT values (3536, 3537, 3544, 1601, 5.240, 16.75, 2.30, 5.246, 16.74, 2.29, 0.006, 10.66, -2.58);
insert into SHOT values (3537, 3544, 3545, 1601, 2.120, 276.05, 9.70, 2.122, 276.04, 9.77, 0.003, 264.29, 55.14);
insert into SHOT values (3538, 3544, 3546, 1601, 5.720, 306.55, 13.40, 5.719, 306.52, 13.45, 0.006, 178.79, 51.10);
insert into SHOT values (3539, 3544, 3547, 1601, 4.870, 334.25, 12.50, 4.871, 334.19, 12.57, 0.008, 241.08, 50.42);
insert into SHOT values (3540, 3544, 3548, 1601, 5.130, 4.85, 9.60, 5.131, 4.88, 9.65, 0.005, 91.37, 61.10);
insert into SHOT values (3541, 3544, 3549, 1601, 3.840, 33.85, 7.90, 3.834, 33.94, 7.95, 0.009, 170.94, 13.79);
insert into SHOT values (3542, 3544, 3550, 1601, 1.310, 78.45, 8.10, 1.310, 78.43, 8.34, 0.005, 293.88, 82.39);
insert into SHOT values (3543, 3544, 3551, 1601, 2.100, 131.55, 5.40, 2.099, 131.70, 5.47, 0.006, 234.27, 22.49);
insert into SHOT values (3544, 3544, 3552, 1601, 1.770, 205.65, 1.60, 1.776, 205.70, 1.61, 0.007, 219.56, 5.07);
insert into SHOT values (3545, 3544, 3553, 1601, 3.580, 135.55, 88.80, 3.581, 140.19, 88.75, 0.007, 201.13, 6.45);
insert into SHOT values (3546, 3544, 3554, 1601, 1.110, 146.05, -86.80, 1.102, 153.43, -86.51, 0.013, 208.16, 40.28);
insert into SHOT values (3547, 3544, 3555, 1601, 2.340, 12.25, -3.10, 2.335, 12.13, -2.95, 0.009, 239.34, 44.58);
insert into SHOT values (3548, 3555, 3556, 1601, 4.040, 328.05, 13.90, 4.039, 328.13, 13.90, 0.006, 65.41, -5.05);
insert into SHOT values (3549, 3555, 3557, 1601, 4.060, 228.85, 14.10, 4.056, 228.81, 14.13, 0.005, 76.47, 10.24);
insert into SHOT values (3550, 3555, 3558, 1601, 1.840, 73.75, 5.60, 1.841, 73.84, 5.61, 0.003, 141.70, 8.09);
insert into SHOT values (3551, 3555, 3559, 1601, 1.660, 133.85, -1.10, 1.663, 133.78, -1.38, 0.009, 94.44, -69.24);
insert into SHOT values (3552, 3555, 3560, 1601, 1.840, 144.85, 2.00, 1.838, 144.75, 1.87, 0.006, 20.01, -48.30);
insert into SHOT values (3553, 3555, 3561, 1601, 8.850, 279.25, 22.30, 8.848, 279.21, 22.32, 0.006, 164.45, 16.29);
insert into SHOT values (3554, 3555, 3562, 1601, 3.810, 50.05, -38.40, 3.814, 50.02, -38.42, 0.004, 21.79, -50.12);
insert into SHOT values (3555, 3562, 3563, 1601, 1.350, 316.85, 18.50, 1.344, 316.91, 18.66, 0.007, 125.55, 13.41);
insert into SHOT values (3556, 3562, 3564, 1601, 3.330, 37.05, 5.20, 3.326, 37.15, 5.18, 0.007, 163.97, -14.29);
insert into SHOT values (3557, 3562, 3565, 1601, 2.480, 75.05, 4.80, 2.481, 75.23, 4.86, 0.008, 162.71, 17.31);
insert into SHOT values (3558, 3562, 3566, 1601, 1.290, 143.35, 7.90, 1.293, 143.58, 8.00, 0.006, 209.42, 25.71);
insert into SHOT values (3559, 3562, 3567, 1601, 1.530, 200.85, 12.80, 1.535, 200.74, 12.80, 0.006, 170.12, 10.08);
insert into SHOT values (3560, 3562, 3568, 1601, 1.000, 355.25, 86.70, 1.001, 0.00, 87.14, 0.009, 147.08, 10.70);
insert into SHOT values (3561, 3562, 3569, 1601, 0.540, 299.85, -86.90, 0.540, 296.57, -87.63, 0.007, 130.40, -6.44);
insert into SHOT values (3562, 3562, 3570, 1601, 5.780, 44.15, 0.40, 5.778, 44.23, 0.40, 0.008, 149.92, -2.40);
insert into SHOT values (3563, 3570, 3571, 1601, 1.030, 317.75, 1.00, 1.034, 318.14, 1.11, 0.008, 17.64, 14.05);
insert into SHOT values (3564, 3570, 3572, 1601, 3.440, 118.75, -0.40, 3.433, 118.73, -0.33, 0.008, 307.22, 28.43);
insert into SHOT values (3565, 3570, 3573, 1601, 1.990, 172.75, 3.40, 1.989, 172.77, 3.46, 0.002, 309.35, 64.13);
insert into SHOT values (3566, 3570, 3574, 1601, 3.300, 203.65, 4.60, 3.298, 203.68, 4.70, 0.006, 350.09, 59.19);
insert into SHOT values (3567, 3570, 3575, 1601, 8.010, 225.05, 9.40, 8.006, 225.05, 9.42, 0.004, 39.79, 23.35);
insert into SHOT values (3568, 3570, 3576, 1601, 1.800, 243.05, 6.50, 1.804, 243.15, 6.36, 0.007, 275.69, -32.82);
insert into SHOT values (3569, 3570, 3577, 1601, 1.270, 151.05, 78.40, 1.265, 151.39, 78.57, 0.006, 313.70, -39.07);
insert into SHOT values (3570, 3570, 3578, 1601, 0.660, 205.95, -81.90, 0.656, 206.57, -82.17, 0.005, 10.81, 42.83);
insert into SHOT values (3571, 3570, 3579, 1601, 3.490, 118.85, -2.00, 3.484, 118.85, -1.97, 0.006, 299.90, 17.26);
insert into SHOT values (3572, 3579, 3580, 1601, 0.530, 209.75, 5.10, 0.531, 209.48, 5.41, 0.004, 130.69, 48.41);
insert into SHOT values (3573, 3579, 3581, 1601, 0.550, 359.95, -1.10, 0.550, 0.00, -1.04, 0.001, 78.37, 47.95);
insert into SHOT values (3574, 3579, 3582, 1601, 0.640, 194.75, 84.20, 0.643, 189.46, 84.57, 0.008, 68.51, 25.25);
insert into SHOT values (3575, 3579, 3583, 1601, 0.350, 219.15, -84.30, 0.352, 213.69, -84.12, 0.004, 147.39, -25.60);
insert into SHOT values (3576, 3310, 3584, 1601, 21.240, 283.15, -1.70, 21.236, 283.15, -1.70, 0.004, 82.79, 1.56);
insert into SHOT values (3577, 3584, 3585, 1601, 10.680, 166.85, 0.60, 10.681, 166.85, 0.59, 0.002, 166.54, -69.09);
insert into SHOT values (3578, 3584, 3586, 1601, 11.850, 243.75, 1.40, 11.855, 243.76, 1.40, 0.005, 268.07, 5.10);
insert into SHOT values (3579, 3584, 3587, 1601, 30.720, 328.45, 2.40, 30.723, 328.45, 2.39, 0.008, 7.40, -56.14);
insert into SHOT values (3580, 3584, 3588, 1601, 23.400, 52.75, 2.20, 23.402, 52.73, 2.20, 0.007, 338.79, 14.77);
insert into SHOT values (3581, 3584, 3589, 1601, 2.120, 189.75, 84.50, 2.120, 191.31, 84.48, 0.006, 272.65, -2.45);
insert into SHOT values (3582, 3584, 3590, 1601, 0.530, 80.15, -84.20, 0.532, 78.69, -84.50, 0.004, 286.80, -43.16);
insert into SHOT values (3583, 3584, 3591, 1601, 14.010, 243.05, -4.50, 14.010, 243.05, -4.50, 0.001, 336.37, -71.22);
insert into SHOT values (3584, 3591, 3592, 1601, 4.380, 187.85, -6.80, 4.383, 187.93, -6.81, 0.006, 255.71, -12.47);
insert into SHOT values (3585, 3591, 3593, 1601, 8.680, 329.15, -2.20, 8.684, 329.15, -2.18, 0.005, 330.97, 37.06);
insert into SHOT values (3586, 3591, 3594, 1601, 4.600, 260.65, -2.30, 4.604, 260.74, -2.37, 0.010, 325.04, -32.84);
insert into SHOT values (3587, 3591, 3595, 1601, 3.970, 148.55, 1.50, 3.965, 148.52, 1.45, 0.007, 352.46, -34.88);
insert into SHOT values (3588, 3591, 3596, 1601, 1.900, 246.65, 83.10, 1.904, 246.80, 83.11, 0.004, 317.43, 80.26);
insert into SHOT values (3589, 3591, 3597, 1601, 0.720, 34.15, -78.10, 0.726, 31.61, -77.87, 0.010, 334.90, -34.80);
insert into SHOT values (3590, 3591, 3598, 1601, 9.590, 284.65, -12.70, 9.590, 284.67, -12.71, 0.005, 17.26, -21.21);
insert into SHOT values (3591, 3598, 3599, 1601, 6.460, 311.15, -1.70, 6.466, 311.11, -1.68, 0.008, 278.11, 11.90);
insert into SHOT values (3592, 3598, 3600, 1601, 3.480, 191.45, 1.90, 3.481, 191.44, 1.98, 0.005, 162.11, 75.76);
insert into SHOT values (3593, 3598, 3601, 1601, 5.210, 132.75, 12.60, 5.207, 132.77, 12.65, 0.005, 288.87, 41.10);
insert into SHOT values (3594, 3598, 3602, 1601, 4.290, 0.95, 19.80, 4.283, 0.85, 19.79, 0.010, 229.51, -19.55);
insert into SHOT values (3595, 3598, 3603, 1601, 3.640, 221.05, 86.40, 3.637, 221.42, 86.43, 0.004, 2.26, -49.94);
insert into SHOT values (3596, 3598, 3604, 1601, 0.890, 273.55, -85.10, 0.894, 270.00, -84.86, 0.007, 221.24, -27.47);
insert into SHOT values (3597, 3598, 3605, 1601, 8.320, 210.35, -17.90, 8.319, 210.36, -17.92, 0.004, 6.67, -49.82);
insert into SHOT values (3598, 3605, 3606, 1601, 2.410, 122.25, 4.10, 2.412, 122.43, 4.28, 0.011, 202.39, 44.13);
insert into SHOT values (3599, 3605, 3607, 1601, 4.470, 183.35, 0.80, 4.478, 183.33, 0.90, 0.011, 172.45, 43.00);
insert into SHOT values (3600, 3605, 3608, 1601, 8.930, 243.25, -4.70, 8.934, 243.23, -4.69, 0.005, 213.54, 19.90);
insert into SHOT values (3601, 3605, 3609, 1601, 5.910, 293.65, 4.20, 5.910, 293.61, 4.27, 0.008, 191.12, 58.61);
insert into SHOT values (3602, 3605, 3610, 1601, 6.680, 314.45, 6.00, 6.684, 314.39, 6.01, 0.008, 253.67, 12.77);
insert into SHOT values (3603, 3605, 3611, 1601, 3.670, 344.05, 8.60, 3.672, 344.01, 8.61, 0.003, 289.81, 22.46);
insert into SHOT values (3604, 3605, 3612, 1601, 1.300, 274.45, 84.10, 1.308, 274.09, 83.84, 0.010, 266.92, 45.44);
insert into SHOT values (3605, 3605, 3613, 1601, 0.740, 352.95, -73.50, 0.738, 351.47, -74.10, 0.010, 206.07, -2.84);
insert into SHOT values (3606, 3605, 3614, 1601, 12.210, 334.15, 6.80, 12.211, 334.13, 6.82, 0.006, 256.46, 50.65);
insert into SHOT values (3607, 3605, 3615, 1601, 6.480, 193.85, -11.10, 6.486, 193.91, -11.02, 0.013, 232.79, 36.96);
insert into SHOT values (3608, 3615, 3616, 1601, 3.620, 80.95, 3.20, 3.621, 80.93, 3.17, 0.003, 25.18, -53.54);
insert into SHOT values (3609, 3615, 3617, 1601, 16.750, 116.95, 1.50, 16.754, 116.95, 1.47, 0.009, 112.81, -63.21);
insert into SHOT values (3610, 3615, 3618, 1601, 14.810, 144.85, 0.90, 14.814, 144.84, 0.89, 0.006, 118.29, -27.97);
insert into SHOT values (3611, 3615, 3619, 1601, 11.330, 176.05, 0.50, 11.327, 176.05, 0.51, 0.003, 344.58, 22.42);
insert into SHOT values (3612, 3615, 3620, 1601, 6.230, 218.75, 1.90, 6.220, 218.73, 1.84, 0.012, 49.86, -34.70);
insert into SHOT values (3613, 3615, 3621, 1601, 5.800, 273.65, 1.90, 5.795, 273.66, 1.88, 0.006, 77.63, -23.93);
insert into SHOT values (3614, 3615, 3622, 1601, 6.660, 328.25, 6.00, 6.655, 328.28, 5.95, 0.009, 112.02, -45.94);
insert into SHOT values (3615, 3615, 3623, 1601, 0.860, 130.85, 73.50, 0.857, 130.10, 73.15, 0.007, 92.66, -41.17);
insert into SHOT values (3616, 3615, 3624, 1601, 0.410, 218.85, -76.50, 0.410, 220.60, -77.02, 0.005, 0.47, -16.30);
insert into SHOT values (3617, 3615, 3625, 1601, 12.020, 157.45, 0.50, 12.020, 157.45, 0.48, 0.005, 36.81, -83.06);
insert into SHOT values (3618, 3625, 3626, 1601, 4.880, 67.35, 1.30, 4.887, 67.37, 1.29, 0.008, 81.89, -5.33);
insert into SHOT values (3619, 3625, 3627, 1601, 7.160, 127.45, 1.10, 7.164, 127.40, 1.12, 0.008, 67.19, 19.23);
insert into SHOT values (3620, 3625, 3628, 1601, 10.400, 200.45, -1.60, 10.398, 200.44, -1.60, 0.002, 66.80, 10.05);
insert into SHOT values (3621, 3625, 3629, 1601, 3.630, 240.75, -6.60, 3.624, 240.73, -6.66, 0.007, 71.77, -23.30);
insert into SHOT values (3622, 3625, 3630, 1601, 6.610, 300.25, 1.80, 6.605, 300.29, 1.82, 0.008, 75.71, 17.69);
insert into SHOT values (3623, 3625, 3631, 1601, 0.710, 71.95, 82.90, 0.716, 71.57, 82.39, 0.009, 66.84, 37.34);
insert into SHOT values (3624, 3625, 3632, 1601, 0.710, 301.95, -71.00, 0.707, 302.28, -71.46, 0.007, 110.67, 11.36);
insert into SHOT values (3625, 3625, 3633, 1601, 9.490, 155.15, -0.70, 9.490, 155.14, -0.66, 0.006, 73.31, 70.92);
insert into SHOT values (3626, 3633, 3634, 1601, 2.700, 46.95, 2.70, 2.698, 46.95, 2.55, 0.007, 215.91, -79.10);
insert into SHOT values (3627, 3633, 3635, 1601, 5.320, 222.25, -1.60, 5.319, 222.18, -1.62, 0.007, 122.37, -12.61);
insert into SHOT values (3628, 3633, 3636, 1601, 7.230, 149.55, -0.70, 7.231, 149.50, -0.71, 0.007, 69.84, -14.53);
insert into SHOT values (3629, 3633, 3637, 1601, 4.490, 109.35, 1.80, 4.496, 109.36, 1.78, 0.007, 118.85, -9.06);
insert into SHOT values (3630, 3633, 3638, 1601, 0.920, 120.55, 81.60, 0.921, 120.26, 81.32, 0.005, 111.65, -1.63);
insert into SHOT values (3631, 3633, 3639, 1601, 0.650, 23.35, -74.30, 0.654, 23.63, -74.51, 0.005, 168.95, -70.38);
insert into SHOT values (3632, 3633, 3640, 1601, 13.270, 130.65, -4.20, 13.269, 130.65, -4.24, 0.008, 313.33, -78.85);
insert into SCRAPS values (1603, 1597, 'SP-Alex7-1', 1, 11.76834, 0.16005);
 insert into MAPS values (1741, 1597, 'MP-Alex7', 'Alex7', 1, 567.230, -13.140);
 insert into MAPITEMS values (1741, 4, 1603);
 insert into MAPS values (1744, 308, 'MP-Geophysicheskaya', 'Gulshirin (Geophysicheskaya)', 1, 3878.978, -72.030);
 insert into MAPITEMS values (1744, 4, 677);
 insert into MAPITEMS values (1744, 4, 803);
 insert into MAPITEMS values (1744, 4, 1292);
 insert into MAPITEMS values (1744, 4, 1260);
 insert into MAPITEMS values (1744, 4, 1433);
 insert into MAPITEMS values (1744, 4, 1554);
 insert into MAPITEMS values (1744, 4, 1594);
 insert into MAPITEMS values (1744, 4, 1741);
 insert into SURVEY values (1746, 50, 'Grotte_du_lac', 'Grotte_du_lac.Koytendag', 'Grotte du lac');
 insert into CENTRELINE values (1747, 1746, NULL, NULL, NULL, 0.00, 0.00, 0.00);
 insert into SURVEY values (1748, 1746, 'Entree_00', 'Entree_00.Grotte_du_lac.Koytendag', 'Entree_00');
 insert into CENTRELINE values (1749, 1748, NULL, NULL, NULL, 0.00, 0.00, 0.00);
 insert into SURVEY values (1750, 1748, 'Grotte_du_lac_00', 'Grotte_du_lac_00.Entree_00.Grotte_du_lac.Koytendag', 'Grotte du lac 00');
 insert into CENTRELINE values (1751, 1750, NULL, NULL, NULL, 0.00, 0.00, 0.00);
 insert into CENTRELINE values (1752, 1750, NULL, '2024-04-23', NULL, 520.21, 0.00, 0.00);
 insert into PERSON values (12, 'Jean-Marie', 'Briffond');
insert into TOPO values (12, 1752);
 insert into TOPO values (10, 1752);
 insert into TOPO values (9, 1752);
 insert into TOPO values (7, 1752);
 insert into SHOT values (3633, 3641, 3642, 1752, 32.040, 65.45, 21.40, 32.034, 65.45, 21.40, 0.006, 221.62, -5.95);
insert into SHOT values (3634, 3641, 3643, 1752, 25.160, 159.65, 14.60, 25.162, 159.64, 14.59, 0.004, 127.41, -30.23);
insert into SHOT values (3635, 3641, 3644, 1752, 25.930, 202.15, 3.80, 25.925, 202.14, 3.80, 0.006, 52.27, 14.24);
insert into SHOT values (3636, 3641, 3645, 1752, 46.470, 324.45, 17.90, 46.470, 324.45, 17.90, 0.004, 21.43, -53.05);
insert into SHOT values (3637, 3641, 3646, 1752, 43.800, 34.65, 23.00, 43.799, 34.64, 22.99, 0.006, 309.23, -45.93);
insert into SHOT values (3638, 3641, 3647, 1752, 28.830, 94.05, 23.00, 28.826, 94.04, 22.99, 0.007, 334.85, -46.87);
insert into SHOT values (3639, 3641, 3648, 1752, 22.360, 135.75, 14.90, 22.363, 135.75, 14.90, 0.003, 139.23, 10.09);
insert into SHOT values (3640, 3641, 3649, 1752, 25.350, 195.35, 14.00, 25.349, 195.35, 13.99, 0.003, 112.42, -69.21);
insert into SHOT values (3641, 3641, 3650, 1752, 8.590, 167.85, -13.20, 8.594, 167.86, -13.18, 0.005, 183.51, 19.57);
insert into SHOT values (3642, 3650, 3651, 1752, 20.310, 261.75, 16.20, 20.305, 261.77, 16.19, 0.011, 10.94, -35.12);
insert into SHOT values (3643, 3650, 3652, 1752, 20.290, 214.35, 7.00, 20.282, 214.35, 6.99, 0.008, 24.29, -20.10);
insert into SHOT values (3644, 3650, 3653, 1752, 18.570, 154.95, 11.90, 18.567, 154.96, 11.90, 0.004, 293.07, 10.57);
insert into SHOT values (3645, 3650, 3654, 1752, 16.020, 113.65, 16.90, 16.017, 113.62, 16.91, 0.009, 354.45, 18.60);
insert into SHOT values (3646, 3650, 3655, 1752, 19.390, 330.15, 9.50, 19.393, 330.15, 9.50, 0.003, 339.46, -4.60);
insert into SHOT values (3647, 3650, 3656, 1752, 0.830, 219.55, -74.10, 0.830, 219.47, -74.61, 0.007, 41.92, -13.76);
insert into SHOT values (3648, 3650, 3657, 1752, 4.140, 172.95, -27.70, 4.136, 172.93, -27.82, 0.010, 0.54, -35.41);
insert into SHOT values (3649, 3657, 3658, 1752, 18.200, 174.45, 1.80, 18.205, 174.45, 1.83, 0.009, 173.46, 62.67);
insert into SHOT values (3650, 3657, 3659, 1752, 18.690, 228.85, -4.60, 18.691, 228.85, -4.57, 0.009, 247.79, 75.86);
insert into SHOT values (3651, 3657, 3660, 1752, 12.910, 271.75, -2.10, 12.914, 271.73, -2.09, 0.007, 230.50, 26.83);
insert into SHOT values (3652, 3657, 3661, 1752, 4.440, 316.15, 1.30, 4.436, 316.19, 1.29, 0.005, 101.82, -7.92);
insert into SHOT values (3653, 3657, 3662, 1752, 1.260, 42.75, 8.80, 1.261, 43.05, 9.12, 0.010, 132.34, 48.17);
insert into SHOT values (3654, 3657, 3663, 1752, 2.500, 214.85, -71.40, 2.503, 214.88, -71.25, 0.007, 217.78, -4.66);
insert into SHOT values (3655, 3657, 3664, 1752, 5.800, 234.75, -23.30, 5.801, 234.70, -23.25, 0.007, 177.81, 37.05);
insert into SHOT values (3656, 3664, 3665, 1752, 16.900, 110.65, 9.10, 16.902, 110.63, 9.09, 0.007, 45.06, -23.07);
insert into SHOT values (3657, 3664, 3666, 1752, 18.100, 171.25, 1.20, 18.094, 171.26, 1.20, 0.006, 330.88, 8.68);
insert into SHOT values (3658, 3664, 3667, 1752, 12.990, 233.35, -0.50, 12.987, 233.36, -0.49, 0.005, 19.43, 39.32);
insert into SHOT values (3659, 3664, 3668, 1752, 16.540, 152.15, 49.10, 16.536, 152.13, 49.11, 0.005, 9.64, -19.59);
insert into SHOT values (3660, 3664, 3669, 1752, 1.850, 126.75, -74.80, 1.855, 126.63, -74.81, 0.005, 81.01, -73.86);
insert into SHOT values (3661, 3664, 3670, 1752, 8.140, 169.65, -22.90, 8.136, 169.62, -22.93, 0.007, 23.18, -19.90);
insert into SHOT values (3662, 3670, 3671, 1752, 6.970, 243.85, -5.30, 6.970, 243.84, -5.27, 0.004, 189.41, 71.87);
insert into SHOT values (3663, 3670, 3672, 1752, 13.810, 282.75, 19.30, 13.817, 282.71, 19.31, 0.011, 229.30, 29.61);
insert into SHOT values (3664, 3670, 3673, 1752, 14.190, 152.45, -0.70, 14.189, 152.46, -0.69, 0.004, 269.15, 49.91);
insert into SHOT values (3665, 3670, 3674, 1752, 11.770, 176.65, 53.00, 11.775, 176.69, 52.97, 0.010, 204.51, 0.36);
insert into SHOT values (3666, 3670, 3675, 1752, 1.920, 117.05, -70.00, 1.915, 117.35, -70.06, 0.007, 254.23, 39.89);
insert into SHOT values (3667, 3670, 3676, 1752, 11.470, 133.25, -18.40, 11.467, 133.29, -18.40, 0.008, 249.12, 3.58);
insert into SHOT values (3668, 3676, 3677, 1752, 11.600, 120.45, 2.90, 11.602, 120.44, 2.91, 0.004, 68.06, 46.82);
insert into SHOT values (3669, 3676, 3678, 1752, 11.380, 179.05, -2.10, 11.379, 179.04, -2.12, 0.003, 59.35, -62.58);
insert into SHOT values (3670, 3676, 3679, 1752, 14.380, 232.55, -2.30, 14.377, 232.52, -2.31, 0.008, 113.19, -21.51);
insert into SHOT values (3671, 3676, 3680, 1752, 17.400, 270.15, -1.00, 17.393, 270.13, -0.99, 0.010, 126.41, 22.06);
insert into SHOT values (3672, 3676, 3681, 1752, 1.820, 104.75, -67.20, 1.825, 104.62, -67.00, 0.008, 93.17, -15.48);
insert into SHOT values (3673, 3676, 3682, 1752, 6.310, 209.65, 74.60, 6.316, 209.32, 74.63, 0.012, 112.70, 34.10);
insert into SHOT values (3674, 3676, 3683, 1752, 9.360, 139.95, -18.40, 9.363, 139.93, -18.37, 0.007, 105.71, 40.22);
insert into SHOT values (3675, 3683, 3684, 1752, 10.380, 290.65, 3.90, 10.378, 290.64, 3.87, 0.006, 162.18, -70.50);
insert into SHOT values (3676, 3683, 3685, 1752, 24.910, 290.55, 4.60, 24.912, 290.56, 4.60, 0.005, 357.84, 27.18);
insert into SHOT values (3677, 3683, 3686, 1752, 14.790, 252.45, 6.40, 14.786, 252.45, 6.41, 0.004, 60.29, 18.06);
insert into SHOT values (3678, 3683, 3687, 1752, 8.710, 192.65, 9.60, 8.710, 192.64, 9.58, 0.003, 122.93, -73.12);
insert into SHOT values (3679, 3683, 3688, 1752, 7.910, 174.25, 6.40, 7.909, 174.23, 6.39, 0.003, 64.25, -33.11);
insert into SHOT values (3680, 3683, 3689, 1752, 7.050, 106.75, 15.00, 7.047, 106.73, 14.97, 0.005, 340.80, -60.59);
insert into SHOT values (3681, 3683, 3690, 1752, 9.850, 71.05, 11.70, 9.845, 71.06, 11.66, 0.008, 227.48, -65.03);
insert into SHOT values (3682, 3683, 3691, 1752, 16.980, 34.95, 22.40, 16.980, 34.94, 22.40, 0.004, 307.25, -8.38);
insert into SHOT values (3683, 3683, 3692, 1752, 9.510, 351.95, 20.90, 9.512, 351.98, 20.88, 0.006, 52.19, -25.79);
insert into SHOT values (3684, 3683, 3693, 1752, 13.950, 322.15, 21.90, 13.947, 322.16, 21.89, 0.004, 96.10, -56.77);
insert into SHOT values (3685, 3683, 3694, 1752, 17.620, 304.45, 15.70, 17.625, 304.46, 15.70, 0.005, 334.64, 21.64);
insert into SHOT values (3686, 3683, 3695, 1752, 5.360, 246.65, 81.40, 5.361, 246.61, 81.35, 0.005, 240.75, 3.21);
insert into SHOT values (3687, 3683, 3696, 1752, 1.070, 272.65, -59.20, 1.072, 273.12, -59.09, 0.005, 329.99, -9.60);
insert into SHOT values (3688, 3683, 3697, 1752, 13.390, 248.45, -19.90, 13.389, 248.47, -19.91, 0.005, 3.69, -25.95);
insert into SHOT values (3689, 3697, 3698, 1752, 4.500, 170.45, 13.30, 4.501, 170.41, 13.23, 0.006, 112.32, -54.91);
insert into SHOT values (3690, 3697, 3699, 1752, 8.420, 110.35, 26.90, 8.423, 110.41, 26.89, 0.009, 181.93, 3.25);
insert into SHOT values (3691, 3697, 3700, 1752, 16.630, 236.95, 8.60, 16.630, 236.94, 8.61, 0.005, 134.47, 44.20);
insert into SHOT values (3692, 3697, 3701, 1752, 20.200, 311.75, 13.80, 20.202, 311.74, 13.80, 0.005, 242.09, 17.58);
insert into SHOT values (3693, 3697, 3702, 1752, 10.510, 355.55, 15.40, 10.508, 355.53, 15.40, 0.004, 240.67, -13.13);
insert into SHOT values (3694, 3697, 3703, 1752, 8.220, 42.25, 10.70, 8.214, 42.29, 10.74, 0.010, 184.52, 23.28);
insert into SHOT values (3695, 3697, 3704, 1752, 5.980, 236.45, 80.50, 5.982, 236.15, 80.50, 0.006, 150.56, 21.19);
insert into SHOT values (3696, 3697, 3705, 1752, 1.830, 308.15, -70.20, 1.828, 307.79, -70.18, 0.004, 220.80, 25.19);
insert into SHOT values (3697, 3697, 3706, 1752, 16.500, 276.85, -12.80, 16.505, 276.82, -12.81, 0.011, 208.68, -23.68);
insert into SHOT values (3698, 3706, 3707, 1752, 17.480, 346.75, 5.70, 17.478, 346.77, 5.71, 0.008, 94.24, 29.79);
insert into SHOT values (3699, 3706, 3708, 1752, 17.750, 181.35, 10.20, 17.747, 181.35, 10.22, 0.008, 16.90, 54.36);
insert into SHOT values (3700, 3706, 3709, 1752, 15.680, 135.45, 23.20, 15.680, 135.45, 23.21, 0.003, 308.49, 75.61);
insert into SHOT values (3701, 3706, 3710, 1752, 12.050, 18.35, 19.70, 12.057, 18.39, 19.73, 0.012, 76.13, 42.26);
insert into SHOT values (3702, 3706, 3711, 1752, 18.710, 76.55, 16.20, 18.716, 76.55, 16.20, 0.006, 82.61, 0.76);
insert into SHOT values (3703, 3706, 3712, 1752, 20.570, 278.65, 6.80, 20.569, 278.67, 6.81, 0.010, 19.96, 26.73);
insert into SHOT values (3704, 3706, 3713, 1752, 19.630, 227.05, 7.70, 19.621, 227.04, 7.70, 0.010, 61.31, -0.88);
insert into SHOT values (3705, 3706, 3714, 1752, 19.070, 200.25, 5.50, 19.071, 200.25, 5.51, 0.002, 186.24, 65.74);
insert into SHOT values (3706, 3706, 3715, 1752, 8.260, 359.65, 77.70, 8.260, 359.67, 77.70, 0.001, 62.32, -24.62);
insert into SHOT values (3707, 3706, 3716, 1752, 1.250, 148.45, -87.50, 1.241, 143.13, -87.69, 0.011, 12.81, 53.04);
insert into SHOT values (3708, 3706, 3717, 1752, 14.030, 267.55, 8.00, 14.030, 267.57, 8.03, 0.008, 10.57, 60.92);
insert into SHOT values (3709, 3717, 3718, 1752, 15.260, 171.05, 2.80, 15.263, 171.06, 2.78, 0.007, 199.46, -53.37);
insert into SHOT values (3710, 3717, 3719, 1752, 15.880, 220.65, -1.60, 15.877, 220.66, -1.62, 0.008, 10.39, -60.95);
insert into SHOT values (3711, 3717, 3720, 1752, 6.930, 338.55, -18.50, 6.932, 338.59, -18.50, 0.005, 44.98, -12.91);
insert into SHOT values (3712, 3717, 3721, 1752, 18.130, 28.95, 3.40, 18.133, 28.94, 3.38, 0.006, 357.31, -57.54);
insert into SHOT values (3713, 3717, 3722, 1752, 27.220, 111.95, 7.10, 27.227, 111.95, 7.09, 0.009, 117.73, -30.49);
insert into SHOT values (3714, 3717, 3723, 1752, 1.030, 313.05, -81.90, 1.030, 315.00, -82.11, 0.006, 81.26, -2.58);
insert into SHOT values (3715, 3717, 3724, 1752, 4.210, 195.25, 84.10, 4.202, 194.68, 84.07, 0.009, 122.97, -59.37);
insert into SHOT values (3716, 3717, 3725, 1752, 17.900, 248.45, 12.00, 17.895, 248.45, 12.00, 0.005, 74.11, -17.75);
insert into SHOT values (3717, 3725, 3726, 1752, 13.420, 11.75, 3.40, 13.415, 11.76, 3.38, 0.008, 160.04, -44.22);
insert into SHOT values (3718, 3725, 3727, 1752, 4.540, 266.85, 25.90, 4.541, 266.77, 25.85, 0.007, 201.47, -27.34);
insert into SHOT values (3719, 3725, 3728, 1752, 5.020, 230.15, 3.10, 5.020, 230.18, 3.08, 0.003, 320.38, -29.06);
insert into SHOT values (3720, 3725, 3729, 1752, 7.140, 161.75, -6.40, 7.141, 161.77, -6.43, 0.005, 236.03, -58.12);
insert into SHOT values (3721, 3725, 3730, 1752, 10.210, 122.25, -8.80, 10.210, 122.29, -8.79, 0.007, 208.66, 16.16);
insert into SHOT values (3722, 3725, 3731, 1752, 10.630, 49.65, -4.40, 10.631, 49.67, -4.42, 0.006, 128.87, -51.41);
insert into SHOT values (3723, 3725, 3732, 1752, 1.490, 269.95, 85.60, 1.485, 270.00, 85.36, 0.008, 271.02, -44.59);
insert into SHOT values (3724, 3725, 3733, 1752, 1.390, 319.55, -89.50, 1.390, 315.00, -89.42, 0.002, 289.86, -1.34);
insert into SHOT values (3725, 3725, 3734, 1752, 16.320, 196.75, -9.80, 16.322, 196.77, -9.81, 0.006, 265.47, -21.86);
insert into SHOT values (3726, 3734, 3735, 1752, 0.350, 289.55, 0.20, 0.351, 289.98, 0.00, 0.003, 356.46, -22.92);
insert into SHOT values (3727, 3734, 3736, 1752, 0.980, 97.65, -1.50, 0.979, 97.63, -1.76, 0.004, 293.16, -76.68);
insert into SHOT values (3728, 3734, 3737, 1752, 1.970, 223.85, 73.50, 1.969, 223.53, 73.73, 0.008, 65.31, 7.65);
insert into SHOT values (3729, 3734, 3738, 1752, 1.600, 176.45, -82.70, 1.603, 174.29, -82.80, 0.008, 68.54, -20.45);
insert into SHOT values (3730, 3683, 3739, 1752, 4.380, 175.65, -4.50, 4.377, 175.66, -4.59, 0.008, 342.48, -57.10);
insert into SHOT values (3731, 3739, 3740, 1752, 7.740, 67.55, 15.40, 7.744, 67.56, 15.43, 0.006, 84.57, 52.91);
insert into SHOT values (3732, 3739, 3741, 1752, 3.530, 214.95, 5.90, 3.531, 214.91, 6.01, 0.008, 142.95, 71.25);
insert into SHOT values (3733, 3739, 3742, 1752, 4.350, 177.25, 3.40, 4.353, 177.23, 3.42, 0.004, 148.65, 32.93);
insert into SHOT values (3734, 3739, 3743, 1752, 7.440, 111.15, 5.20, 7.443, 111.20, 5.24, 0.009, 182.60, 40.40);
insert into SHOT values (3735, 3739, 3744, 1752, 17.810, 33.25, 12.90, 17.805, 33.27, 12.92, 0.009, 169.93, 24.56);
insert into SHOT values (3736, 3739, 3745, 1752, 19.190, 312.25, 12.50, 19.188, 312.23, 12.52, 0.010, 194.97, 43.09);
insert into SHOT values (3737, 3739, 3746, 1752, 23.580, 302.65, 10.00, 23.575, 302.64, 10.02, 0.010, 163.27, 32.49);
insert into SHOT values (3738, 3739, 3747, 1752, 21.560, 279.75, 3.50, 21.561, 279.74, 3.51, 0.006, 193.64, 41.56);
insert into SHOT values (3739, 3739, 3748, 1752, 10.220, 256.65, 5.60, 10.224, 256.65, 5.61, 0.005, 249.30, 34.72);
insert into SHOT values (3740, 3739, 3749, 1752, 2.610, 74.95, 76.80, 2.610, 75.50, 76.73, 0.007, 136.95, -9.07);
insert into SHOT values (3741, 3739, 3750, 1752, 0.950, 41.45, -82.40, 0.948, 41.63, -82.70, 0.005, 217.22, 17.52);
insert into SHOT values (3742, 3739, 3751, 1752, 30.750, 146.35, -18.00, 30.756, 146.35, -17.99, 0.008, 140.30, 17.58);
insert into SHOT values (3743, 3751, 3752, 1752, 19.070, 291.75, 7.70, 19.076, 291.73, 7.71, 0.009, 249.96, 32.35);
insert into SHOT values (3744, 3751, 3753, 1752, 23.210, 358.55, 14.10, 23.208, 358.55, 14.12, 0.007, 182.54, 58.29);
insert into SHOT values (3745, 3751, 3754, 1752, 30.300, 23.95, 8.00, 30.299, 23.95, 8.01, 0.004, 179.67, 59.47);
insert into SHOT values (3746, 3751, 3755, 1752, 17.690, 81.05, 8.00, 17.686, 81.03, 8.00, 0.007, 315.06, -17.10);
insert into SHOT values (3747, 3751, 3756, 1752, 9.460, 146.35, -3.80, 9.462, 146.36, -3.82, 0.004, 191.53, -50.07);
insert into SHOT values (3748, 3751, 3757, 1752, 10.420, 190.25, 0.60, 10.418, 190.29, 0.60, 0.007, 297.66, 7.40);
insert into SHOT values (3749, 3751, 3758, 1752, 15.700, 248.35, 1.80, 15.705, 248.35, 1.79, 0.006, 264.97, -33.08);
insert into SHOT values (3750, 3751, 3759, 1752, 7.090, 296.85, 78.30, 7.089, 296.74, 78.24, 0.008, 275.04, -20.32);
insert into SHOT values (3751, 3751, 3760, 1752, 2.090, 227.25, -71.20, 2.093, 227.39, -71.06, 0.006, 242.65, -13.86);
insert into SHOT values (3752, 3751, 3761, 1752, 7.660, 226.15, -1.10, 7.661, 226.22, -1.12, 0.010, 309.17, -18.04);
insert into SHOT values (3753, 3761, 3762, 1752, 8.390, 127.05, -2.50, 8.390, 127.05, -2.46, 0.006, 42.58, 87.44);
insert into SHOT values (3754, 3761, 3763, 1752, 6.270, 201.85, -1.80, 6.272, 201.82, -1.74, 0.008, 144.38, 59.87);
insert into SHOT values (3755, 3761, 3764, 1752, 9.570, 276.65, 4.80, 9.568, 276.63, 4.86, 0.010, 151.80, 62.26);
insert into SHOT values (3756, 3761, 3765, 1752, 21.230, 321.95, 4.90, 21.221, 321.95, 4.92, 0.012, 132.59, 33.18);
insert into SHOT values (3757, 3761, 3766, 1752, 4.700, 276.65, 84.90, 4.708, 275.57, 84.98, 0.013, 149.21, 41.43);
insert into SHOT values (3758, 3761, 3767, 1752, 1.170, 112.05, -85.60, 1.164, 113.96, -85.15, 0.011, 132.81, 35.24);
insert into SHOT values (3759, 3761, 3768, 1752, 23.950, 215.25, -14.80, 23.946, 215.24, -14.78, 0.009, 92.84, 64.04);
insert into SHOT values (3760, 3768, 3769, 1752, 2.690, 317.45, 2.00, 2.691, 317.41, 1.92, 0.004, 257.06, -61.87);
insert into SHOT values (3761, 3768, 3770, 1752, 3.950, 184.05, 4.10, 3.950, 184.08, 4.06, 0.003, 271.78, -53.66);
insert into SHOT values (3762, 3768, 3771, 1752, 6.750, 113.55, 4.50, 6.752, 113.56, 4.50, 0.002, 138.71, 12.01);
insert into SHOT values (3763, 3768, 3772, 1752, 5.820, 49.95, 1.50, 5.815, 49.95, 1.48, 0.006, 224.01, -24.70);
insert into SHOT values (3764, 3768, 3773, 1752, 8.930, 12.85, 4.30, 8.928, 12.85, 4.30, 0.002, 190.66, 13.05);
insert into SHOT values (3765, 3768, 3774, 1752, 2.980, 326.85, 1.30, 2.977, 326.79, 1.15, 0.009, 190.91, -59.95);
insert into SHOT values (3766, 3768, 3775, 1752, 1.590, 83.65, 76.30, 1.584, 83.83, 76.41, 0.007, 248.80, -46.18);
insert into SHOT values (3767, 3768, 3776, 1752, 1.390, 312.55, -71.30, 1.393, 312.27, -71.33, 0.004, 231.16, -57.27);
insert into SHOT values (3768, 3751, 3777, 1752, 25.270, 69.65, -1.60, 25.268, 69.64, -1.59, 0.009, 327.52, 40.81);
insert into SHOT values (3769, 3777, 3778, 1752, 23.210, 339.65, 16.60, 23.207, 339.63, 16.60, 0.007, 228.04, -7.27);
insert into SHOT values (3770, 3777, 3779, 1752, 8.570, 145.45, 11.90, 8.573, 145.44, 11.85, 0.009, 127.99, -53.90);
insert into SHOT values (3771, 3777, 3780, 1752, 13.470, 358.35, 68.60, 13.468, 358.37, 68.61, 0.004, 151.20, -22.11);
insert into SHOT values (3772, 3777, 3781, 1752, 0.980, 88.75, -76.60, 0.987, 90.00, -76.53, 0.009, 149.32, -49.21);
insert into SHOT values (3773, 3777, 3782, 1752, 23.620, 299.55, 9.30, 23.618, 299.53, 9.28, 0.009, 202.34, -49.15);
insert into SHOT values (3774, 3777, 3783, 1752, 24.710, 231.35, 5.20, 24.712, 231.35, 5.20, 0.002, 255.92, 15.31);
insert into SHOT values (3775, 3777, 3784, 1752, 27.240, 65.15, -14.20, 27.236, 65.16, -14.22, 0.011, 197.69, -43.31);
insert into SHOT values (3776, 3784, 3785, 1752, 35.680, 152.25, 11.70, 35.682, 152.25, 11.71, 0.005, 85.67, 68.95);
insert into SHOT values (3777, 3784, 3786, 1752, 29.670, 341.25, 15.70, 29.672, 341.25, 15.70, 0.004, 28.58, 21.50);
insert into SHOT values (3778, 3784, 3787, 1752, 35.580, 300.65, 17.20, 35.584, 300.65, 17.21, 0.009, 12.05, 70.28);
insert into SHOT values (3779, 3784, 3788, 1752, 31.640, 172.85, 19.60, 31.638, 172.85, 19.61, 0.008, 357.05, 52.28);
insert into SHOT values (3780, 3784, 3789, 1752, 30.740, 232.45, 15.00, 30.737, 232.46, 15.01, 0.008, 6.46, 30.95);
insert into SHOT values (3781, 3784, 3790, 1752, 32.280, 173.75, 85.10, 32.288, 173.75, 85.10, 0.008, 346.96, 83.63);
insert into SHOT values (3782, 3784, 3791, 1752, 0.990, 123.35, -78.00, 0.981, 122.91, -78.09, 0.009, 328.43, 66.12);
insert into SHOT values (3783, 3784, 3792, 1752, 13.300, 67.65, -23.70, 13.303, 67.67, -23.67, 0.009, 99.28, 41.49);
insert into SHOT values (3784, 3792, 3793, 1752, 40.930, 138.85, 12.10, 40.923, 138.85, 12.10, 0.007, 313.21, 2.51);
insert into SHOT values (3785, 3792, 3794, 1752, 32.390, 179.25, 22.30, 32.385, 179.25, 22.30, 0.006, 332.79, -5.97);
insert into SHOT values (3786, 3792, 3795, 1752, 39.080, 225.45, 21.90, 39.073, 225.46, 21.89, 0.010, 359.33, -39.67);
insert into SHOT values (3787, 3792, 3796, 1752, 34.680, 106.35, 82.00, 34.677, 106.26, 82.01, 0.009, 351.11, -15.93);
insert into SHOT values (3788, 3792, 3797, 1752, 1.130, 70.35, -69.30, 1.131, 69.27, -69.53, 0.009, 312.66, -19.38);
insert into SHOT values (3789, 3792, 3798, 1752, 18.650, 42.55, 7.40, 18.649, 42.52, 7.39, 0.009, 307.72, -13.77);
insert into SHOT values (3790, 3798, 3799, 1752, 25.400, 57.75, 2.50, 25.399, 57.75, 2.50, 0.003, 219.11, 55.13);
insert into SHOT values (3791, 3798, 3800, 1752, 21.910, 347.15, 87.00, 21.910, 347.42, 87.00, 0.005, 67.94, 0.28);
insert into SHOT values (3792, 3798, 3801, 1752, 1.990, 173.95, -61.80, 1.989, 173.93, -61.62, 0.006, 169.76, 37.52);
insert into SHOT values (3793, 3798, 3802, 1752, 20.270, 90.35, -0.00, 20.270, 90.34, 0.00, 0.004, 5.94, 0.00);
insert into SHOT values (3794, 3802, 3803, 1752, 13.380, 79.25, 6.80, 13.375, 79.28, 6.78, 0.010, 198.05, -26.03);
insert into SHOT values (3795, 3802, 3804, 1752, 36.110, 313.15, 6.40, 36.109, 313.15, 6.41, 0.005, 159.94, 67.90);
insert into SHOT values (3796, 3802, 3805, 1752, 24.800, 343.75, 4.30, 24.798, 343.75, 4.30, 0.002, 168.00, 13.50);
insert into SHOT values (3797, 3802, 3806, 1752, 16.550, 280.95, 84.20, 16.554, 280.70, 84.21, 0.009, 165.15, 30.75);
insert into SHOT values (3798, 3802, 3807, 1752, 2.360, 146.45, -78.50, 2.359, 146.98, -78.33, 0.008, 180.27, 18.41);
insert into SHOT values (3799, 3802, 3808, 1752, 16.790, 342.55, -4.30, 16.788, 342.55, -4.30, 0.003, 158.44, -25.37);
insert into SHOT values (3800, 3808, 3809, 1752, 13.050, 322.45, 4.30, 13.052, 322.46, 4.31, 0.003, 20.61, 26.43);
insert into SHOT values (3801, 3808, 3810, 1752, 11.340, 24.15, 3.20, 11.338, 24.14, 3.19, 0.004, 236.99, -49.45);
insert into SHOT values (3802, 3808, 3811, 1752, 7.730, 97.45, -1.20, 7.727, 97.44, -1.19, 0.004, 302.84, 27.25);
insert into SHOT values (3803, 3808, 3812, 1752, 8.600, 111.35, 3.60, 8.598, 111.39, 3.60, 0.007, 217.30, 0.01);
insert into SHOT values (3804, 3808, 3813, 1752, 7.360, 127.25, 79.90, 7.364, 127.14, 79.90, 0.005, 64.40, 54.67);
insert into SHOT values (3805, 3808, 3814, 1752, 26.310, 223.05, 60.10, 26.313, 223.02, 60.10, 0.007, 154.26, 16.65);
insert into SHOT values (3806, 3808, 3815, 1752, 1.300, 105.25, -81.90, 1.303, 105.52, -81.76, 0.005, 119.07, -38.37);
insert into SHOT values (3807, 3798, 3816, 1752, 30.970, 106.65, 1.60, 30.970, 106.65, 1.59, 0.005, 203.12, -88.90);
insert into SHOT values (3808, 3816, 3817, 1752, 11.040, 27.05, 3.20, 11.042, 27.03, 3.22, 0.005, 317.37, 42.96);
insert into SHOT values (3809, 3816, 3818, 1752, 14.730, 83.45, 4.70, 14.735, 83.47, 4.71, 0.008, 131.47, 23.02);
insert into SHOT values (3810, 3816, 3819, 1752, 13.430, 143.35, 5.00, 13.430, 143.33, 5.04, 0.011, 44.45, 60.94);
insert into SHOT values (3811, 3816, 3820, 1752, 24.960, 186.15, 5.70, 24.956, 186.15, 5.70, 0.004, 8.45, 14.77);
insert into SHOT values (3812, 3816, 3821, 1752, 13.930, 344.45, 85.20, 13.939, 344.53, 85.22, 0.010, 139.93, 66.38);
insert into SHOT values (3813, 3816, 3822, 1752, 2.120, 99.15, -79.90, 2.114, 99.21, -79.78, 0.008, 106.66, 66.67);
insert into SHOT values (3814, 3816, 3823, 1752, 12.240, 137.05, -14.30, 12.237, 137.05, -14.29, 0.004, 312.17, 57.79);
insert into SHOT values (3815, 3823, 3824, 1752, 16.300, 10.55, 9.00, 16.303, 10.56, 9.00, 0.004, 41.44, 1.81);
insert into SHOT values (3816, 3823, 3825, 1752, 13.320, 63.25, 6.10, 13.322, 63.26, 6.12, 0.006, 116.85, 54.29);
insert into SHOT values (3817, 3823, 3826, 1752, 3.670, 148.95, 4.10, 3.674, 148.96, 4.06, 0.005, 154.34, -28.90);
insert into SHOT values (3818, 3823, 3827, 1752, 3.870, 211.75, -0.40, 3.866, 211.68, -0.44, 0.007, 82.81, -24.93);
insert into SHOT values (3819, 3823, 3828, 1752, 0.810, 131.35, -80.60, 0.811, 131.99, -80.45, 0.003, 165.19, -18.05);
insert into SHOT values (3820, 3823, 3829, 1752, 34.690, 88.85, 1.00, 34.692, 88.84, 1.01, 0.006, 32.74, 47.39);
insert into SHOT values (3821, 3808, 3830, 1752, 13.080, 65.75, 1.80, 13.080, 65.75, 1.80, 0.001, 15.11, -68.04);
insert into SHOT values (3822, 3830, 3831, 1752, 8.750, 319.05, 2.50, 8.749, 319.04, 2.49, 0.003, 195.16, -34.22);
insert into SHOT values (3823, 3830, 3832, 1752, 16.620, 110.65, 6.30, 16.624, 110.66, 6.32, 0.008, 159.14, 53.08);
insert into SHOT values (3824, 3830, 3833, 1752, 8.890, 156.45, 10.70, 8.892, 156.46, 10.69, 0.002, 188.19, -14.76);
insert into SHOT values (3825, 3830, 3834, 1752, 17.800, 291.15, 3.50, 17.800, 291.15, 3.51, 0.003, 165.95, 84.85);
insert into SHOT values (3826, 3830, 3835, 1752, 16.710, 258.35, 2.50, 16.710, 258.35, 2.50, 0.002, 7.09, 41.80);
insert into SHOT values (3827, 3830, 3836, 1752, 4.300, 340.25, 82.70, 4.304, 340.56, 82.78, 0.008, 132.42, 37.70);
insert into SHOT values (3828, 3830, 3837, 1752, 1.750, 10.45, -67.90, 1.750, 10.46, -67.80, 0.003, 13.12, 28.78);
insert into SHOT values (3829, 3830, 3838, 1752, 21.030, 25.95, 4.30, 21.026, 25.97, 4.31, 0.008, 150.89, 23.14);
insert into SHOT values (3830, 3838, 3839, 1752, 9.450, 302.25, -2.80, 9.458, 302.24, -2.79, 0.008, 295.04, 11.34);
insert into SHOT values (3831, 3838, 3840, 1752, 19.410, 93.35, 2.10, 19.406, 93.34, 2.10, 0.005, 310.55, -13.98);
insert into SHOT values (3832, 3838, 3841, 1752, 24.800, 177.25, -0.90, 24.792, 177.25, -0.90, 0.008, 0.32, -3.13);
insert into SHOT values (3833, 3838, 3842, 1752, 3.320, 84.75, 83.10, 3.313, 84.14, 83.20, 0.010, 295.99, -36.70);
insert into SHOT values (3834, 3838, 3843, 1752, 0.910, 19.55, -69.60, 0.907, 18.43, -69.59, 0.007, 280.02, 25.14);
insert into SHOT values (3835, 3838, 3844, 1752, 6.260, 87.05, 9.30, 6.260, 87.03, 9.28, 0.003, 13.26, -38.50);
insert into SHOT values (3836, 3844, 3845, 1752, 18.200, 270.65, -0.30, 18.201, 270.66, -0.31, 0.006, 339.09, -49.81);
insert into SHOT values (3837, 3844, 3846, 1752, 8.670, 344.45, -1.60, 8.672, 344.41, -1.59, 0.007, 275.46, 17.48);
insert into SHOT values (3838, 3844, 3847, 1752, 17.530, 31.15, 3.70, 17.529, 31.15, 3.70, 0.002, 138.57, -36.42);
insert into SHOT values (3839, 3844, 3848, 1752, 19.030, 81.55, 11.20, 19.027, 81.53, 11.21, 0.009, 323.76, 24.16);
insert into SHOT values (3840, 3844, 3849, 1752, 17.230, 144.95, -0.10, 17.223, 144.95, -0.10, 0.007, 315.46, 0.56);
insert into SHOT values (3841, 3844, 3850, 1752, 24.870, 182.35, -4.50, 24.868, 182.36, -4.50, 0.005, 304.53, 16.20);
insert into SHOT values (3842, 3844, 3851, 1752, 27.300, 199.25, -4.10, 27.303, 199.25, -4.10, 0.004, 230.61, 28.02);
insert into SHOT values (3843, 3844, 3852, 1752, 5.010, 173.05, 70.10, 5.008, 173.25, 70.13, 0.007, 293.52, -6.93);
insert into SHOT values (3844, 3844, 3853, 1752, 2.890, 13.25, -53.10, 2.889, 12.99, -53.10, 0.008, 277.22, 7.99);
insert into SHOT values (3845, 3844, 3854, 1752, 27.180, 133.25, -1.70, 27.178, 133.24, -1.71, 0.006, 16.09, -35.84);
insert into SHOT values (3846, 3854, 3855, 1752, 9.050, 60.65, 21.40, 9.049, 60.63, 21.46, 0.009, 269.41, 60.43);
insert into SHOT values (3847, 3854, 3856, 1752, 14.560, 9.55, 15.20, 14.555, 9.55, 15.22, 0.007, 189.39, 22.76);
insert into SHOT values (3848, 3854, 3857, 1752, 9.570, 297.55, 6.40, 9.578, 297.53, 6.41, 0.009, 279.42, 21.79);
insert into SHOT values (3849, 3854, 3858, 1752, 5.780, 198.55, 7.00, 5.783, 198.59, 7.05, 0.008, 257.28, 47.76);
insert into SHOT values (3850, 3854, 3859, 1752, 6.960, 150.75, 4.70, 6.954, 150.81, 4.70, 0.010, 282.67, -1.73);
insert into SHOT values (3851, 3854, 3860, 1752, 15.640, 99.75, 14.00, 15.636, 99.75, 14.03, 0.009, 268.21, 45.37);
insert into SHOT values (3852, 3854, 3861, 1752, 4.360, 42.35, 54.00, 4.358, 42.30, 54.10, 0.008, 237.99, 19.61);
insert into SHOT values (3853, 3854, 3862, 1752, 1.740, 179.75, -74.00, 1.738, 180.00, -73.96, 0.003, 259.32, 50.57);
insert into SHOT values (3854, 3854, 3863, 1752, 14.920, 117.95, 12.20, 14.922, 117.97, 12.23, 0.009, 202.63, 52.18);
insert into SHOT values (3855, 3863, 3864, 1752, 11.020, 236.45, -14.20, 11.025, 236.49, -14.23, 0.010, 303.59, -40.42);
insert into SHOT values (3856, 3863, 3865, 1752, 5.260, 42.85, -13.20, 5.262, 42.79, -13.18, 0.006, 334.27, 10.34);
insert into SHOT values (3857, 3863, 3866, 1752, 13.840, 143.65, -12.10, 13.840, 143.66, -12.10, 0.002, 231.60, 39.89);
insert into SHOT values (3858, 3863, 3867, 1752, 14.970, 180.65, -12.20, 14.970, 180.67, -12.22, 0.008, 283.23, -56.59);
insert into SHOT values (3859, 3863, 3868, 1752, 7.160, 342.25, -3.90, 7.167, 342.25, -3.92, 0.008, 342.03, -23.27);
insert into SHOT values (3860, 3863, 3869, 1752, 2.710, 183.75, 87.90, 2.712, 185.71, 87.88, 0.004, 255.48, 26.68);
insert into SHOT values (3861, 3863, 3870, 1752, 0.940, 42.55, -85.00, 0.943, 39.81, -85.25, 0.006, 266.24, -33.46);
insert into SHOT values (3862, 3863, 3871, 1752, 14.470, 155.35, -11.20, 14.469, 155.35, -11.20, 0.001, 343.73, 32.48);
insert into SHOT values (3863, 3844, 3872, 1752, 11.700, 28.75, 1.20, 11.701, 28.71, 1.22, 0.009, 305.77, 32.91);
insert into SHOT values (3864, 3872, 3873, 1752, 6.780, 66.75, 2.10, 6.782, 66.80, 2.03, 0.011, 133.91, -51.69);
insert into SHOT values (3865, 3872, 3874, 1752, 4.290, 242.35, -4.60, 4.286, 242.24, -4.68, 0.011, 125.22, -31.86);
insert into SHOT values (3866, 3872, 3875, 1752, 8.200, 315.95, -1.00, 8.198, 315.94, -1.05, 0.007, 168.67, -68.51);
insert into SHOT values (3867, 3872, 3876, 1752, 10.900, 6.45, -3.60, 10.900, 6.44, -3.63, 0.006, 280.35, -70.53);
insert into SHOT values (3868, 3872, 3877, 1752, 16.340, 123.75, 7.90, 16.340, 123.74, 7.88, 0.007, 56.74, -61.63);
insert into SHOT values (3869, 3872, 3878, 1752, 23.500, 173.65, 0.60, 23.505, 173.65, 0.59, 0.008, 171.95, -47.71);
insert into SHOT values (3870, 3872, 3879, 1752, 13.200, 205.45, 0.50, 13.200, 205.44, 0.48, 0.006, 123.19, -65.11);
insert into SHOT values (3871, 3872, 3880, 1752, 11.790, 226.25, -9.20, 11.787, 226.22, -9.23, 0.009, 104.78, -34.50);
insert into SHOT values (3872, 3872, 3881, 1752, 1.650, 59.95, 84.20, 1.649, 61.93, 84.08, 0.007, 121.68, -13.12);
insert into SHOT values (3873, 3872, 3882, 1752, 1.820, 137.65, -82.00, 1.828, 138.18, -81.98, 0.008, 192.77, -69.54);
insert into SHOT values (3874, 3872, 3883, 1752, 15.190, 337.25, -2.90, 15.187, 337.27, -2.91, 0.007, 92.00, -12.46);
insert into SHOT values (3875, 3883, 3884, 1752, 4.970, 78.55, 4.80, 4.965, 78.58, 4.74, 0.008, 231.35, -48.97);
insert into SHOT values (3876, 3883, 3885, 1752, 4.310, 262.25, 8.30, 4.314, 262.19, 8.26, 0.007, 220.31, -18.92);
insert into SHOT values (3877, 3883, 3886, 1752, 5.090, 359.55, 4.00, 5.092, 359.55, 3.94, 0.006, 358.40, -63.19);
insert into SHOT values (3878, 3883, 3887, 1752, 8.230, 115.45, 2.80, 8.227, 115.44, 2.79, 0.004, 312.63, -30.61);
insert into SHOT values (3879, 3883, 3888, 1752, 4.450, 202.55, 9.20, 4.455, 202.60, 9.17, 0.006, 240.63, -13.21);
insert into SHOT values (3880, 3883, 3889, 1752, 1.450, 127.65, 82.90, 1.451, 128.16, 82.95, 0.002, 254.54, 29.56);
insert into SHOT values (3881, 3883, 3890, 1752, 0.680, 15.35, -77.80, 0.685, 12.09, -77.94, 0.010, 280.05, -33.27);
insert into SHOT values (3882, 3883, 3891, 1752, 4.620, 314.65, 5.50, 4.624, 314.56, 5.46, 0.009, 257.62, -18.14);
insert into SHOT values (3883, 3883, 3892, 1752, 4.580, 306.85, 6.50, 4.588, 306.79, 6.51, 0.009, 276.42, 10.05);
insert into SCRAPS values (1754, 1748, 'SP-Entree-00-1', 1, 0.15285, 0.01344);
 insert into SCRAPS values (1802, 1748, 'SP-Entree-00-2', 1, 0.12458, 0.00911);
 insert into SCRAPS values (1858, 1748, 'SP-Entree-00-3', 1, 0.21190, 0.01689);
 insert into SCRAPS values (1893, 1748, 'SC-Entree-00-1', 2, 100.00000, 5.73788);
 insert into SCRAPS values (1914, 1748, 'SC-Entree-00-2', 2, 22.40941, 0.12271);
 insert into SCRAPS values (1936, 1748, 'SC-Entree-00-3', 2, 86.01039, 11.24664);
 insert into MAPS values (1952, 1748, 'MP-Entree_00', 'Grotte du lac entree 00', 1, 520.210, -38.500);
 insert into MAPITEMS values (1952, 4, 1754);
 insert into MAPITEMS values (1952, 4, 1802);
 insert into MAPITEMS values (1952, 4, 1858);
 insert into MAPS values (1953, 1748, 'MC-Entree_00', 'Grotte du lac entree 00 Coupe', 2, 520.210, -38.500);
 insert into MAPITEMS values (1953, 4, 1893);
 insert into MAPITEMS values (1953, 4, 1914);
 insert into MAPITEMS values (1953, 4, 1936);
 insert into SURVEY values (1955, 1746, 'Entree_01', 'Entree_01.Grotte_du_lac.Koytendag', 'Grotte du lac Entree 01');
 insert into CENTRELINE values (1956, 1955, NULL, NULL, NULL, 0.00, 0.00, 0.00);
 insert into SURVEY values (1957, 1955, 'Grotte_du_lac_01', 'Grotte_du_lac_01.Entree_01.Grotte_du_lac.Koytendag', 'Grotte du lac 01');
 insert into CENTRELINE values (1958, 1957, NULL, NULL, NULL, 0.00, 0.00, 0.00);
 insert into CENTRELINE values (1959, 1957, NULL, '2024-04-23', NULL, 137.97, 0.00, 0.00);
 insert into TOPO values (12, 1959);
 insert into TOPO values (10, 1959);
 insert into TOPO values (9, 1959);
 insert into TOPO values (7, 1959);
 insert into SHOT values (3884, 3893, 3894, 1959, 4.060, 309.15, -6.30, 4.062, 309.17, -6.36, 0.005, 347.88, -63.14);
insert into SHOT values (3885, 3893, 3895, 1959, 6.740, 13.05, -0.50, 6.744, 13.03, -0.51, 0.005, 337.56, -14.25);
insert into SHOT values (3886, 3893, 3896, 1959, 7.810, 252.35, -6.00, 7.810, 252.31, -6.03, 0.006, 162.30, -35.26);
insert into SHOT values (3887, 3893, 3897, 1959, 0.960, 112.25, -1.10, 0.960, 112.02, -1.19, 0.004, 25.59, -22.46);
insert into SHOT values (3888, 3893, 3898, 1959, 3.860, 52.25, -2.40, 3.860, 52.27, -2.38, 0.002, 150.22, 51.91);
insert into SHOT values (3889, 3893, 3899, 1959, 2.890, 210.85, -1.30, 2.889, 210.83, -1.39, 0.005, 73.02, -69.75);
insert into SHOT values (3890, 3893, 3900, 1959, 8.260, 315.85, -45.50, 8.256, 315.84, -45.52, 0.005, 146.64, 16.66);
insert into SHOT values (3891, 3900, 3901, 1959, 3.040, 20.65, -0.30, 3.044, 20.58, -0.38, 0.007, 339.11, -35.53);
insert into SHOT values (3892, 3900, 3902, 1959, 1.730, 123.05, 4.20, 1.725, 123.14, 4.32, 0.007, 278.66, 27.77);
insert into SHOT values (3893, 3900, 3903, 1959, 3.410, 191.55, 12.90, 3.404, 191.65, 12.90, 0.008, 325.83, -9.09);
insert into SHOT values (3894, 3900, 3904, 1959, 2.410, 286.15, -6.00, 2.409, 286.24, -5.96, 0.004, 33.55, 25.48);
insert into SHOT values (3895, 3900, 3905, 1959, 1.650, 342.35, -1.80, 1.658, 342.44, -1.73, 0.009, 0.35, 12.20);
insert into SHOT values (3896, 3900, 3906, 1959, 1.770, 286.45, 69.00, 1.768, 286.44, 68.92, 0.003, 283.05, -55.19);
insert into SHOT values (3897, 3900, 3907, 1959, 3.280, 297.25, -68.80, 3.285, 297.42, -68.68, 0.009, 321.46, -12.62);
insert into SHOT values (3898, 3900, 3908, 1959, 6.580, 307.35, -40.80, 6.584, 307.42, -40.77, 0.008, 357.67, -3.46);
insert into SHOT values (3899, 3908, 3909, 1959, 0.610, 285.75, -10.60, 0.612, 285.42, -10.36, 0.005, 226.74, 28.87);
insert into SHOT values (3900, 3908, 3910, 1959, 1.860, 21.75, -0.20, 1.853, 21.86, -0.31, 0.008, 174.09, -24.71);
insert into SHOT values (3901, 3908, 3911, 1959, 5.600, 55.25, 2.30, 5.602, 55.26, 2.25, 0.005, 77.78, -61.49);
insert into SHOT values (3902, 3908, 3912, 1959, 6.210, 76.25, -0.60, 6.207, 76.30, -0.65, 0.008, 195.70, -38.54);
insert into SHOT values (3903, 3908, 3913, 1959, 2.400, 135.95, 0.90, 2.405, 136.01, 0.95, 0.006, 164.08, 22.79);
insert into SHOT values (3904, 3908, 3914, 1959, 1.690, 166.95, 1.70, 1.694, 167.03, 1.69, 0.005, 198.36, -1.69);
insert into SHOT values (3905, 3908, 3915, 1959, 1.080, 34.05, 81.30, 1.082, 34.70, 81.59, 0.006, 195.33, 23.61);
insert into SHOT values (3906, 3908, 3916, 1959, 2.900, 72.15, 38.80, 2.900, 72.21, 38.87, 0.004, 204.58, 42.83);
insert into SHOT values (3907, 3908, 3917, 1959, 1.310, 155.15, -75.50, 1.312, 154.98, -75.39, 0.004, 137.71, -28.30);
insert into SHOT values (3908, 3908, 3918, 1959, 10.370, 15.45, -33.10, 10.365, 15.43, -33.10, 0.006, 232.01, 30.30);
insert into SHOT values (3909, 3918, 3919, 1959, 6.630, 331.95, -9.80, 6.624, 331.94, -9.82, 0.006, 158.70, -13.62);
insert into SHOT values (3910, 3918, 3920, 1959, 12.860, 306.35, -9.50, 12.858, 306.37, -9.54, 0.010, 67.69, -50.97);
insert into SHOT values (3911, 3918, 3921, 1959, 20.090, 272.15, -9.00, 20.092, 272.14, -9.02, 0.008, 197.16, -58.59);
insert into SHOT values (3912, 3918, 3922, 1959, 22.780, 231.95, -2.60, 22.783, 231.94, -2.62, 0.008, 179.47, -59.86);
insert into SHOT values (3913, 3918, 3923, 1959, 6.060, 216.75, 1.50, 6.054, 216.74, 1.42, 0.011, 48.94, -55.00);
insert into SHOT values (3914, 3918, 3924, 1959, 2.830, 172.05, 0.90, 2.827, 172.07, 0.81, 0.005, 330.39, -57.65);
insert into SHOT values (3915, 3918, 3925, 1959, 4.380, 112.45, 14.50, 4.379, 112.45, 14.41, 0.007, 128.55, -80.52);
insert into SHOT values (3916, 3918, 3926, 1959, 10.360, 57.15, 2.20, 10.359, 57.18, 2.16, 0.010, 151.19, -50.11);
insert into SHOT values (3917, 3918, 3927, 1959, 22.690, 76.95, 1.50, 22.693, 76.96, 1.49, 0.006, 117.51, -44.02);
insert into SHOT values (3918, 3918, 3928, 1959, 1.590, 310.85, 78.70, 1.589, 311.01, 78.94, 0.007, 123.69, 6.88);
insert into SHOT values (3919, 3918, 3929, 1959, 2.160, 322.35, -65.20, 2.159, 322.62, -65.19, 0.004, 52.24, 10.42);
insert into SHOT values (3920, 3918, 3930, 1959, 12.100, 52.85, -13.00, 12.104, 52.86, -13.03, 0.009, 90.87, -70.52);
insert into SHOT values (3921, 3930, 3931, 1959, 0.850, 349.25, -3.20, 0.846, 349.09, -2.71, 0.009, 204.14, 60.93);
insert into SHOT values (3922, 3930, 3932, 1959, 7.180, 165.15, 29.70, 7.183, 165.14, 29.71, 0.003, 135.50, 50.20);
insert into SHOT values (3923, 3930, 3933, 1959, 8.800, 81.85, 2.70, 8.799, 81.82, 2.74, 0.007, 339.08, 53.57);
insert into SHOT values (3924, 3930, 3934, 1959, 8.980, 263.55, 3.90, 8.978, 263.53, 3.90, 0.004, 144.39, -10.32);
insert into SHOT values (3925, 3930, 3935, 1959, 4.420, 110.75, 65.80, 4.426, 110.74, 65.90, 0.010, 293.74, 60.64);
insert into SHOT values (3926, 3930, 3936, 1959, 1.600, 126.15, -66.60, 1.593, 126.69, -66.46, 0.010, 211.02, 54.39);
insert into SHOT values (3927, 3930, 3937, 1959, 13.250, 81.75, -2.80, 13.253, 81.75, -2.77, 0.008, 72.80, 68.06);
insert into SHOT values (3928, 3937, 3938, 1959, 0.690, 180.05, 5.90, 0.694, 180.00, 5.79, 0.004, 170.80, -14.05);
insert into SHOT values (3929, 3937, 3939, 1959, 0.780, 327.55, 8.60, 0.782, 327.13, 8.09, 0.009, 262.57, -46.80);
insert into SHOT values (3930, 3937, 3940, 1959, 0.640, 135.65, 78.30, 0.633, 135.00, 78.40, 0.007, 345.51, -66.62);
insert into SHOT values (3931, 3937, 3941, 1959, 1.510, 134.45, -87.10, 1.512, 140.19, -87.04, 0.008, 214.90, -13.71);
insert into SHOT values (3932, 3918, 3942, 1959, 8.090, 299.45, -17.00, 8.092, 299.41, -17.03, 0.007, 220.27, -44.23);
insert into SHOT values (3933, 3942, 3943, 1959, 10.170, 188.15, 2.50, 10.162, 188.15, 2.48, 0.009, 2.09, -25.05);
insert into SHOT values (3934, 3942, 3944, 1959, 4.640, 331.65, -2.90, 4.641, 331.67, -2.84, 0.005, 17.43, 68.81);
insert into SHOT values (3935, 3942, 3945, 1959, 20.890, 258.05, -10.10, 20.889, 258.05, -10.09, 0.004, 159.11, 66.40);
insert into SHOT values (3936, 3942, 3946, 1959, 20.530, 183.65, 13.70, 20.524, 183.62, 13.70, 0.011, 60.36, -11.71);
insert into SHOT values (3937, 3942, 3947, 1959, 2.020, 196.35, 71.90, 2.019, 195.82, 72.01, 0.007, 71.79, -0.34);
insert into SHOT values (3938, 3942, 3948, 1959, 2.290, 284.25, -60.30, 2.286, 284.41, -60.51, 0.010, 85.72, -4.90);
insert into SHOT values (3939, 3942, 3949, 1959, 17.280, 242.15, -19.80, 17.272, 242.16, -19.80, 0.008, 43.89, 24.36);
insert into SHOT values (3940, 3949, 3950, 1959, 13.990, 158.65, 10.00, 13.990, 158.63, 10.00, 0.004, 64.36, 8.50);
insert into SHOT values (3941, 3949, 3951, 1959, 24.030, 206.95, 7.20, 24.026, 206.94, 7.20, 0.005, 70.92, -19.78);
insert into SHOT values (3942, 3949, 3952, 1959, 30.680, 229.95, -8.60, 30.680, 229.95, -8.60, 0.002, 123.26, -67.59);
insert into SHOT values (3943, 3949, 3953, 1959, 12.240, 304.15, -16.20, 12.245, 304.15, -16.22, 0.006, 304.77, -57.71);
insert into SHOT values (3944, 3949, 3954, 1959, 8.960, 356.95, -0.60, 8.953, 356.93, -0.64, 0.010, 205.16, -39.35);
insert into SHOT values (3945, 3949, 3955, 1959, 21.800, 65.15, 19.00, 21.793, 65.15, 18.99, 0.009, 237.57, -58.97);
insert into SHOT values (3946, 3949, 3956, 1959, 21.670, 123.95, 31.80, 21.674, 123.96, 31.80, 0.005, 153.18, 9.31);
insert into SHOT values (3947, 3949, 3957, 1959, 19.690, 178.05, 19.20, 19.694, 178.06, 19.18, 0.009, 205.88, -38.90);
insert into SHOT values (3948, 3949, 3958, 1959, 5.820, 201.85, 82.10, 5.816, 201.80, 82.02, 0.009, 196.92, -31.17);
insert into SHOT values (3949, 3949, 3959, 1959, 3.200, 192.95, -75.90, 3.206, 192.61, -75.94, 0.008, 93.14, -53.74);
insert into SHOT values (3950, 3949, 3960, 1959, 12.570, 268.55, -16.90, 12.569, 268.52, -16.93, 0.009, 149.28, -42.34);
insert into SHOT values (3951, 3960, 3961, 1959, 19.850, 213.75, 0.90, 19.850, 213.76, 0.89, 0.005, 308.47, -22.10);
insert into SHOT values (3952, 3960, 3962, 1959, 24.530, 253.85, 3.00, 24.530, 253.86, 3.01, 0.007, 354.39, 57.23);
insert into SHOT values (3953, 3960, 3963, 1959, 9.890, 346.75, -4.50, 9.892, 346.75, -4.46, 0.007, 358.03, 63.45);
insert into SHOT values (3954, 3960, 3964, 1959, 35.690, 295.75, -3.00, 35.699, 295.75, -2.99, 0.013, 307.89, 37.88);
insert into SHOT values (3955, 3960, 3965, 1959, 29.060, 148.65, 13.90, 29.056, 148.66, 13.90, 0.006, 274.52, -9.10);
insert into SHOT values (3956, 3960, 3966, 1959, 25.700, 58.35, 16.10, 25.703, 58.34, 16.11, 0.004, 10.06, 43.07);
insert into SHOT values (3957, 3960, 3967, 1959, 6.970, 178.65, 77.90, 6.975, 178.82, 77.91, 0.007, 278.15, 47.27);
insert into SHOT values (3958, 3960, 3968, 1959, 1.670, 52.05, -84.00, 1.669, 49.76, -84.14, 0.008, 289.09, 6.01);
insert into SHOT values (3959, 3960, 3969, 1959, 8.490, 297.65, -24.10, 8.493, 297.66, -24.04, 0.009, 305.06, 47.43);
insert into SHOT values (3960, 3969, 3970, 1959, 34.910, 265.35, 8.30, 34.909, 265.35, 8.30, 0.001, 37.48, 27.42);
insert into SHOT values (3961, 3969, 3971, 1959, 28.290, 312.15, 5.40, 28.289, 312.15, 5.40, 0.003, 102.01, -65.44);
insert into SHOT values (3962, 3969, 3972, 1959, 12.530, 18.15, 4.40, 12.528, 18.14, 4.39, 0.003, 225.77, -30.83);
insert into SHOT values (3963, 3969, 3973, 1959, 25.690, 9.65, -3.90, 25.693, 9.66, -3.91, 0.005, 61.05, -31.57);
insert into SHOT values (3964, 3969, 3974, 1959, 14.020, 65.05, 12.60, 14.022, 65.06, 12.56, 0.010, 110.42, -59.65);
insert into SHOT values (3965, 3969, 3975, 1959, 21.610, 183.45, 14.50, 21.606, 183.45, 14.50, 0.004, 342.46, -10.22);
insert into SHOT values (3966, 3969, 3976, 1959, 5.240, 256.05, 72.10, 5.233, 255.96, 72.11, 0.007, 119.49, -61.17);
insert into SHOT values (3967, 3969, 3977, 1959, 2.130, 35.35, -65.60, 2.131, 35.31, -65.54, 0.002, 21.64, -5.60);
insert into SHOT values (3968, 3969, 3978, 1959, 17.540, 347.35, -7.90, 17.537, 347.36, -7.90, 0.005, 109.98, 8.51);
insert into SHOT values (3969, 3978, 3979, 1959, 16.390, 26.85, -2.80, 16.392, 26.83, -2.80, 0.006, 319.93, 6.49);
insert into SHOT values (3970, 3978, 3980, 1959, 9.820, 102.55, -1.90, 9.819, 102.54, -1.93, 0.005, 357.31, -60.11);
insert into SHOT values (3971, 3978, 3981, 1959, 8.350, 138.95, -1.90, 8.347, 138.94, -1.92, 0.005, 349.76, -41.35);
insert into SHOT values (3972, 3978, 3982, 1959, 5.500, 346.55, 77.20, 5.498, 346.30, 77.13, 0.009, 306.77, -22.06);
insert into SHOT values (3973, 3978, 3983, 1959, 1.450, 217.65, -84.10, 1.458, 216.87, -84.09, 0.008, 152.31, -73.70);
insert into SHOT values (3974, 3978, 3984, 1959, 5.000, 132.95, -17.70, 4.992, 132.95, -17.73, 0.009, 310.08, 1.11);
insert into SHOT values (3975, 3984, 3985, 1959, 6.690, 145.85, 3.50, 6.694, 145.86, 3.43, 0.009, 159.77, -63.63);
insert into SHOT values (3976, 3984, 3986, 1959, 9.550, 61.35, -2.90, 9.549, 61.37, -2.94, 0.007, 179.39, -66.03);
insert into SHOT values (3977, 3984, 3987, 1959, 0.170, 10.95, 5.10, 0.165, 14.04, 3.47, 0.011, 128.55, -27.03);
insert into SHOT values (3978, 3984, 3988, 1959, 5.840, 111.25, 56.20, 5.839, 111.28, 56.16, 0.004, 140.39, -41.67);
insert into SHOT values (3979, 3984, 3989, 1959, 2.660, 64.45, -63.90, 2.662, 64.75, -63.88, 0.006, 138.38, -11.14);
insert into SHOT values (3980, 3984, 3990, 1959, 7.050, 38.65, -30.30, 7.048, 38.66, -30.34, 0.005, 203.16, -36.78);
insert into SHOT values (3981, 3990, 3991, 1959, 8.050, 152.15, -2.10, 8.049, 152.13, -2.14, 0.006, 33.36, -56.44);
insert into SHOT values (3982, 3990, 3992, 1959, 9.720, 98.95, -2.00, 9.724, 98.94, -2.00, 0.004, 74.62, -10.16);
insert into SHOT values (3983, 3990, 3993, 1959, 15.040, 40.85, 0.80, 15.046, 40.85, 0.80, 0.006, 40.08, 0.09);
insert into SHOT values (3984, 3990, 3994, 1959, 20.380, 351.95, 0.70, 20.382, 351.96, 0.70, 0.005, 59.17, 12.50);
insert into SHOT values (3985, 3990, 3995, 1959, 5.830, 69.55, 69.60, 5.828, 69.61, 69.53, 0.007, 90.39, -36.40);
insert into SHOT values (3986, 3990, 3996, 1959, 0.290, 173.95, -70.30, 0.289, 168.69, -69.31, 0.011, 106.04, 16.70);
insert into SHOT values (3987, 3990, 3997, 1959, 11.390, 90.95, -1.10, 11.394, 90.96, -1.11, 0.004, 109.56, -19.04);
insert into SCRAPS values (1961, 1955, 'SP-Entree-01-1', 1, 0.38842, 0.02273);
 insert into SCRAPS values (2006, 1955, 'SC-Entree_01-1', 2, 7.38250, 0.11683);
 insert into MAPS values (2029, 1955, 'MP-Entree_01', 'Grotte du lac entree 01', 1, 137.970, -38.900);
 insert into MAPITEMS values (2029, 4, 1961);
 insert into MAPS values (2030, 1955, 'MC-Entree_01', 'Grotte du lac entree 01 Coupe', 2, 137.970, -38.900);
 insert into MAPITEMS values (2030, 4, 2006);
 insert into MAPS values (2032, 1746, 'MP-Grotte_du_lac', 'Grotte du lac', 1, 658.180, -38.900);
 insert into MAPITEMS values (2032, 4, 1952);
 insert into MAPITEMS values (2032, 4, 2029);
 insert into MAPS values (2033, 1746, 'MC-Grotte_du_lac', 'Grotte du lac Coupe', 2, 658.180, -38.900);
 insert into MAPITEMS values (2033, 4, 1953);
 insert into MAPITEMS values (2033, 4, 2030);
 insert into SURVEY values (2035, 50, 'Kaptarkhana', 'Kaptarkhana.Koytendag', 'Kaptarkhana');
 insert into CENTRELINE values (2036, 2035, NULL, NULL, NULL, 0.00, 0.00, 0.00);
 insert into SURVEY values (2037, 2035, 'Kaptarhana', 'Kaptarhana.Kaptarkhana.Koytendag', 'Kaptarhana');
 insert into CENTRELINE values (2038, 2037, NULL, NULL, NULL, 0.00, 0.00, 0.00);
 insert into SURVEY values (2039, 2037, 'Kaptarhana', 'Kaptarhana.Kaptarhana.Kaptarkhana.Koytendag', 'Kaptarhana');
 insert into CENTRELINE values (2040, 2039, NULL, NULL, NULL, 0.00, 0.00, 0.00);
 insert into CENTRELINE values (2041, 2039, NULL, '2023-05-16', '2023-05-16', 573.99, 0.00, 0.00);
 insert into TOPO values (2, 2041);
 insert into PERSON values (13, 'Josiane', 'Lips');
insert into TOPO values (13, 2041);
 insert into EXPLO values (2, 2041);
 insert into EXPLO values (13, 2041);
 insert into PERSON values (14, NULL, 'RSPB');
insert into EXPLO values (14, 2041);
 insert into SHOT values (3988, 3998, 3999, 2041, 0.000, 6.21, 0.00, 0.000, 90.00, 0.00, 0.000, 90.00, 0.00);
insert into SHOT values (3989, 3999, 4000, 2041, 37.100, 121.21, 0.00, 37.097, 121.20, 0.00, 0.003, 331.82, 0.00);
insert into SHOT values (3990, 4000, 4001, 2041, 15.510, 281.21, 31.00, 15.509, 281.19, 31.01, 0.004, 163.95, 23.14);
insert into SHOT values (3991, 4000, 4002, 2041, 10.270, 121.21, 0.00, 10.266, 121.21, 0.00, 0.004, 287.96, 0.00);
insert into SHOT values (3992, 4002, 4003, 2041, 13.810, 121.21, 0.00, 13.811, 121.23, 0.00, 0.005, 200.14, 0.00);
insert into SHOT values (3993, 4003, 4004, 2041, 12.280, 134.21, 0.00, 12.284, 134.18, 0.00, 0.008, 72.68, 0.00);
insert into SHOT values (3994, 4004, 4005, 2041, 32.610, 107.21, 0.00, 32.611, 107.21, 0.00, 0.003, 187.47, 0.00);
insert into SHOT values (3995, 4005, 4006, 2041, 11.100, 71.21, 0.00, 11.103, 71.19, 0.00, 0.005, 22.42, 0.00);
insert into SHOT values (3996, 4006, 4007, 2041, 24.830, 96.21, 13.00, 24.830, 96.22, 13.01, 0.006, 203.71, 45.52);
insert into SHOT values (3997, 4007, 4008, 2041, 15.210, 122.21, 8.00, 15.201, 122.19, 7.98, 0.011, 331.10, -37.41);
insert into SHOT values (3998, 4007, 4009, 2041, 16.210, 69.21, 38.00, 16.210, 69.18, 38.00, 0.006, 342.67, 1.26);
insert into SHOT values (3999, 4009, 4010, 2041, 9.780, 78.21, 52.00, 9.772, 78.20, 51.99, 0.008, 262.36, -58.58);
insert into SHOT values (4000, 4010, 4011, 2041, 7.610, 103.21, -19.00, 7.617, 103.25, -19.00, 0.008, 140.73, -17.32);
insert into SHOT values (4001, 4011, 4012, 2041, 24.980, 218.21, -26.00, 24.980, 218.22, -26.00, 0.004, 303.37, 7.36);
insert into SHOT values (4002, 4011, 4013, 2041, 14.700, 103.21, -14.00, 14.691, 103.18, -13.98, 0.012, 325.48, 30.25);
insert into SHOT values (4003, 4013, 4014, 2041, 21.800, 88.21, -25.00, 21.800, 88.23, -24.99, 0.009, 165.00, 20.25);
insert into SHOT values (4004, 4014, 4015, 2041, 17.260, 74.21, -10.00, 17.265, 74.20, -10.01, 0.006, 44.20, -27.25);
insert into SHOT values (4005, 4015, 4016, 2041, 16.870, 16.21, 23.00, 16.867, 16.19, 23.00, 0.005, 247.91, -19.21);
insert into SHOT values (4006, 4016, 4017, 2041, 9.370, 45.21, 23.00, 9.371, 45.19, 22.99, 0.004, 344.06, -18.94);
insert into SHOT values (4007, 4017, 4018, 2041, 12.520, 68.21, -3.00, 12.520, 68.22, -2.98, 0.006, 157.39, 71.07);
insert into SHOT values (4008, 4018, 4019, 2041, 31.330, 78.21, -13.00, 31.338, 78.21, -13.00, 0.008, 80.76, -17.16);
insert into SHOT values (4009, 4019, 4020, 2041, 25.670, 79.21, -17.00, 25.668, 79.20, -17.01, 0.007, 307.86, -42.75);
insert into SHOT values (4010, 4020, 4021, 2041, 20.560, 0.21, 6.00, 20.553, 0.20, 6.00, 0.008, 208.95, 6.18);
insert into SHOT values (4011, 4021, 4022, 2041, 19.220, 348.21, -7.00, 19.226, 348.21, -6.99, 0.006, 347.74, 21.08);
insert into SHOT values (4012, 4022, 4023, 2041, 9.560, 249.21, 36.00, 9.561, 249.18, 36.00, 0.005, 173.81, 9.78);
insert into SHOT values (4013, 4023, 4024, 2041, 31.380, 340.21, 4.00, 31.385, 340.21, 4.00, 0.006, 359.17, 10.32);
insert into SHOT values (4014, 4024, 4025, 2041, 16.480, 331.21, 2.00, 16.475, 331.21, 1.98, 0.007, 145.22, -48.36);
insert into SHOT values (4015, 4025, 4026, 2041, 17.690, 335.21, -2.00, 17.688, 335.22, -1.98, 0.008, 86.01, 64.40);
insert into SHOT values (4016, 4026, 4027, 2041, 10.860, 326.21, 18.00, 10.858, 326.17, 17.97, 0.009, 236.84, -42.47);
insert into SHOT values (4017, 4027, 4028, 2041, 15.940, 343.21, 0.00, 15.938, 343.23, 0.00, 0.005, 92.91, 0.00);
insert into SHOT values (4018, 4028, 4029, 2041, 28.240, 346.21, -6.00, 28.245, 346.20, -6.00, 0.006, 317.09, 16.89);
insert into SHOT values (4019, 4010, 4030, 2041, 16.170, 16.21, 40.00, 16.171, 16.23, 40.03, 0.008, 150.58, 48.89);
insert into SHOT values (4020, 4030, 4031, 2041, 7.070, 261.21, 8.00, 7.070, 261.21, 7.97, 0.004, 280.18, -74.45);
insert into SHOT values (4021, 4031, 4032, 2041, 13.850, 96.21, 17.00, 13.853, 96.20, 17.00, 0.004, 53.13, 10.43);
insert into SHOT values (4022, 4031, 4033, 2041, 17.070, 116.21, 27.00, 17.071, 116.18, 27.00, 0.008, 30.54, 2.76);
insert into SHOT values (4023, 4031, 4034, 2041, 18.310, 146.21, 35.00, 18.305, 146.20, 35.00, 0.006, 336.15, -22.87);
insert into SHOT values (4024, 4031, 4035, 2041, 22.160, 181.21, 31.00, 22.158, 181.21, 30.99, 0.003, 21.36, -78.58);
insert into SHOT values (4025, 4031, 4036, 2041, 20.700, 206.21, 15.00, 20.701, 206.21, 15.01, 0.003, 174.90, 72.79);
insert into SHOT values (4026, 4031, 4037, 2041, 8.030, 226.21, 5.00, 8.023, 226.22, 5.01, 0.007, 36.12, 1.07);
insert into SCRAPS values (2043, 2037, 'SP-Kaptarhana-1', 1, 7.73345, 0.21319);
 insert into SCRAPS values (2180, 2037, 'SS-5', 3, 0.00000, 0.00000);
 insert into SCRAPS values (2184, 2037, 'SS-4', 3, 0.00000, 0.00000);
 insert into SCRAPS values (2188, 2037, 'SS-3', 3, 0.00000, 0.00000);
 insert into SCRAPS values (2196, 2037, 'SS-2', 3, 0.00000, 0.00000);
 insert into SCRAPS values (2205, 2037, 'SS-1', 3, 0.00000, 0.00000);
 insert into MAPS values (2212, 2037, 'MP-Kaptarhana', 'Kaptarhana', 1, 573.990, -34.770);
 insert into MAPITEMS values (2212, 4, 2043);
 insert into SURVEY values (2214, 2035, 'Mumiyskaya', 'Mumiyskaya.Kaptarkhana.Koytendag', 'Mumiyskaya');
 insert into CENTRELINE values (2215, 2214, NULL, NULL, NULL, 0.00, 0.00, 0.00);
 insert into SURVEY values (2216, 2214, 'Mumiyskaya', 'Mumiyskaya.Mumiyskaya.Kaptarkhana.Koytendag', 'Mumiyskaya');
 insert into CENTRELINE values (2217, 2216, NULL, NULL, NULL, 0.00, 0.00, 0.00);
 insert into CENTRELINE values (2218, 2216, NULL, '2024-04-13', '2024-04-13', 152.74, 0.00, 0.00);
 insert into TOPO values (4, 2218);
 insert into TOPO values (5, 2218);
 insert into EXPLO values (4, 2218);
 insert into EXPLO values (5, 2218);
 insert into SHOT values (4027, 4038, 4039, 2218, 0.000, 6.25, 0.00, 0.000, 90.00, 0.00, 0.000, 90.00, 0.00);
insert into SHOT values (4028, 4038, 4040, 2218, 9.340, 336.85, -7.60, 9.338, 336.84, -7.63, 0.005, 181.60, -63.28);
insert into SHOT values (4029, 4038, 4041, 2218, 14.330, 158.35, -4.20, 14.330, 158.32, -4.20, 0.008, 65.53, -3.73);
insert into SHOT values (4030, 4038, 4042, 2218, 0.880, 91.85, 82.00, 0.880, 90.00, 81.50, 0.009, 62.51, -9.53);
insert into SHOT values (4031, 4038, 4043, 2218, 2.660, 15.95, -65.00, 2.659, 16.02, -65.00, 0.002, 128.78, 28.56);
insert into SHOT values (4032, 4038, 4044, 2218, 6.630, 79.55, -13.00, 6.636, 79.58, -12.98, 0.008, 105.03, 10.96);
insert into SHOT values (4033, 4044, 4045, 2218, 4.610, 350.75, 3.50, 4.608, 350.74, 3.48, 0.002, 188.02, -42.61);
insert into SHOT values (4034, 4044, 4046, 2218, 7.910, 154.65, -1.30, 7.902, 154.67, -1.31, 0.009, 316.87, -3.55);
insert into SHOT values (4035, 4044, 4047, 2218, 1.900, 68.75, 70.70, 1.896, 68.37, 70.78, 0.007, 294.28, -29.12);
insert into SHOT values (4036, 4044, 4048, 2218, 0.440, 113.45, -75.30, 0.443, 111.80, -75.94, 0.007, 331.22, -41.06);
insert into SHOT values (4037, 4044, 4049, 2218, 11.320, 62.15, -0.50, 11.313, 62.12, -0.51, 0.009, 281.29, -8.17);
insert into SHOT values (4038, 4049, 4050, 2218, 4.510, 357.75, -6.50, 4.512, 357.83, -6.49, 0.007, 67.99, 4.78);
insert into SHOT values (4039, 4049, 4051, 2218, 13.500, 159.25, 11.30, 13.503, 159.21, 11.27, 0.011, 93.33, -29.24);
insert into SHOT values (4040, 4049, 4052, 2218, 1.710, 66.85, 72.80, 1.708, 66.95, 72.60, 0.006, 76.77, -34.14);
insert into SHOT values (4041, 4049, 4053, 2218, 0.500, 62.85, -64.60, 0.502, 63.43, -63.58, 0.010, 76.93, 10.05);
insert into SHOT values (4042, 4049, 4054, 2218, 10.420, 110.05, 16.00, 10.419, 110.03, 15.99, 0.004, 9.17, -29.66);
insert into SHOT values (4043, 4054, 4055, 2218, 9.400, 324.65, 0.10, 9.389, 324.67, 0.12, 0.012, 127.62, 17.96);
insert into SHOT values (4044, 4054, 4056, 2218, 11.150, 159.75, -2.70, 11.152, 159.73, -2.67, 0.007, 100.71, 47.27);
insert into SHOT values (4045, 4054, 4057, 2218, 3.210, 210.25, 79.90, 3.210, 209.74, 79.87, 0.005, 136.11, -2.83);
insert into SHOT values (4046, 4054, 4058, 2218, 3.460, 68.85, -81.10, 3.462, 69.19, -81.11, 0.004, 166.36, -27.05);
insert into SHOT values (4047, 4054, 4059, 2218, 9.880, 65.45, -6.20, 9.885, 65.47, -6.21, 0.007, 102.35, -26.34);
insert into SHOT values (4048, 4059, 4060, 2218, 10.570, 7.25, -5.50, 10.573, 7.26, -5.48, 0.005, 42.87, 39.58);
insert into SHOT values (4049, 4059, 4061, 2218, 9.870, 167.95, -6.90, 9.866, 167.98, -6.87, 0.009, 293.41, 41.87);
insert into SHOT values (4050, 4059, 4062, 2218, 4.300, 110.75, 72.60, 4.306, 110.97, 72.64, 0.008, 209.07, 52.96);
insert into SHOT values (4051, 4059, 4063, 2218, 2.920, 129.05, -69.80, 2.920, 129.37, -69.78, 0.006, 212.26, 4.01);
insert into SHOT values (4052, 4059, 4064, 2218, 13.100, 65.15, -7.10, 13.094, 65.15, -7.11, 0.007, 239.83, -7.02);
insert into SHOT values (4053, 4064, 4065, 2218, 8.640, 331.85, -6.40, 8.639, 331.85, -6.38, 0.003, 112.27, 70.29);
insert into SHOT values (4054, 4064, 4066, 2218, 5.640, 137.25, -8.90, 5.644, 137.18, -8.87, 0.008, 78.04, 18.44);
insert into SHOT values (4055, 4064, 4067, 2218, 2.040, 97.45, 65.90, 2.049, 97.55, 65.88, 0.009, 116.59, 60.01);
insert into SHOT values (4056, 4064, 4068, 2218, 1.210, 76.95, -83.60, 1.209, 77.91, -83.20, 0.009, 93.06, 15.92);
insert into SHOT values (4057, 4064, 4069, 2218, 18.820, 44.95, -2.50, 18.827, 44.96, -2.50, 0.008, 67.28, 6.95);
insert into SHOT values (4058, 4069, 4070, 2218, 2.010, 321.85, -4.30, 2.014, 321.87, -4.27, 0.004, 334.54, 9.46);
insert into SHOT values (4059, 4069, 4071, 2218, 5.630, 141.35, -4.00, 5.628, 141.44, -3.97, 0.009, 243.43, 17.27);
insert into SHOT values (4060, 4069, 4072, 2218, 2.070, 58.75, 71.80, 2.073, 58.28, 71.83, 0.006, 329.30, 33.75);
insert into SHOT values (4061, 4069, 4073, 2218, 0.870, 14.45, -82.70, 0.867, 10.30, -82.59, 0.009, 291.26, 19.92);
insert into SHOT values (4062, 4069, 4074, 2218, 7.980, 46.55, 0.10, 7.979, 46.52, 0.14, 0.007, 300.31, 59.41);
insert into SHOT values (4063, 4069, 4075, 2218, 2.460, 303.75, -0.60, 2.466, 303.75, -0.46, 0.008, 306.43, 44.88);
insert into SHOT values (4064, 4069, 4076, 2218, 8.450, 142.65, -1.20, 8.450, 142.70, -1.15, 0.010, 231.90, 44.63);
insert into SHOT values (4065, 4069, 4077, 2218, 5.280, 35.25, 70.40, 5.286, 35.12, 70.40, 0.007, 328.35, 54.95);
insert into SHOT values (4066, 4069, 4078, 2218, 0.990, 4.85, -82.50, 0.989, 4.40, -82.42, 0.002, 323.42, 44.71);
insert into SHOT values (4067, 4074, 4079, 2218, 6.430, 26.15, 45.30, 6.429, 26.11, 45.31, 0.003, 270.93, -7.87);
insert into SHOT values (4068, 4079, 4080, 2218, 0.600, 330.05, -5.70, 0.598, 330.85, -5.75, 0.009, 71.51, -2.74);
insert into SHOT values (4069, 4079, 4081, 2218, 6.150, 135.45, -11.00, 6.153, 135.40, -11.06, 0.008, 66.28, -51.71);
insert into SHOT values (4070, 4079, 4082, 2218, 1.000, 88.85, 76.10, 0.999, 90.00, 76.10, 0.005, 182.13, -8.43);
insert into SHOT values (4071, 4079, 4083, 2218, 1.670, 148.95, -84.10, 1.669, 149.04, -83.98, 0.003, 153.65, 19.40);
insert into SHOT values (4072, 4079, 4084, 2218, 3.610, 102.05, -24.80, 3.618, 102.13, -24.84, 0.010, 139.39, -36.35);
insert into SHOT values (4073, 4084, 4085, 2218, 2.940, 311.65, -0.30, 2.946, 311.70, -0.19, 0.009, 333.22, 37.68);
insert into SHOT values (4074, 4084, 4086, 2218, 3.540, 119.45, -6.90, 3.535, 119.34, -6.82, 0.009, 357.74, 34.13);
insert into SHOT values (4075, 4084, 4087, 2218, 1.090, 88.05, 58.90, 1.094, 87.95, 59.20, 0.007, 287.01, 67.09);
insert into SHOT values (4076, 4084, 4088, 2218, 1.690, 338.45, -72.90, 1.687, 339.04, -72.64, 0.010, 18.02, 32.77);
insert into SHOT values (4077, 4084, 4089, 2218, 8.660, 353.25, -23.00, 8.662, 353.23, -22.97, 0.006, 323.02, 38.76);
insert into SHOT values (4078, 4089, 4090, 2218, 0.860, 279.05, -0.90, 0.862, 279.35, -0.67, 0.006, 350.40, 35.96);
insert into SHOT values (4079, 4089, 4091, 2218, 4.340, 88.85, -1.40, 4.342, 88.81, -1.45, 0.005, 37.93, -48.29);
insert into SHOT values (4080, 4089, 4092, 2218, 0.950, 27.75, 81.90, 0.950, 26.57, 81.88, 0.003, 303.51, -10.63);
insert into SHOT values (4081, 4089, 4093, 2218, 0.510, 279.85, -88.20, 0.510, 270.00, -88.88, 0.006, 115.35, -2.25);
insert into SHOT values (4082, 4089, 4094, 2218, 4.900, 358.75, 5.80, 4.897, 358.71, 5.86, 0.007, 223.03, 43.22);
insert into SHOT values (4083, 4094, 4095, 2218, 4.290, 211.15, -11.80, 4.286, 211.15, -11.85, 0.005, 28.39, -31.25);
insert into SHOT values (4084, 4094, 4096, 2218, 5.070, 31.15, -4.70, 5.078, 31.18, -4.74, 0.010, 48.95, -28.53);
insert into SHOT values (4085, 4094, 4097, 2218, 1.150, 277.85, 73.20, 1.147, 278.88, 73.59, 0.010, 63.55, -5.06);
insert into SHOT values (4086, 4094, 4098, 2218, 0.820, 265.85, -72.30, 0.826, 267.61, -73.09, 0.015, 47.07, -36.73);
insert into SHOT values (4087, 4094, 4099, 2218, 9.780, 297.95, 3.30, 9.777, 297.98, 3.28, 0.007, 51.78, -24.85);
insert into SHOT values (4088, 4099, 4100, 2218, 9.080, 217.95, -1.50, 9.081, 217.93, -1.51, 0.004, 141.18, -38.49);
insert into SHOT values (4089, 4099, 4101, 2218, 6.050, 47.85, 6.20, 6.053, 47.83, 6.16, 0.005, 14.72, -42.29);
insert into SHOT values (4090, 4099, 4102, 2218, 1.920, 271.15, 70.40, 1.920, 270.90, 70.52, 0.005, 126.43, 14.32);
insert into SHOT values (4091, 4099, 4103, 2218, 1.640, 316.25, -74.00, 1.644, 316.79, -74.01, 0.006, 36.91, -39.14);
insert into SHOT values (4092, 4099, 4104, 2218, 1.720, 301.65, 79.20, 1.721, 301.26, 79.03, 0.006, 278.98, 4.67);
insert into SHOT values (4093, 4099, 4105, 2218, 1.530, 311.95, -78.00, 1.534, 311.19, -78.00, 0.006, 232.25, -38.53);
insert into SHOT values (4094, 4099, 4106, 2218, 10.770, 289.75, -6.80, 10.774, 289.72, -6.82, 0.008, 233.89, -39.30);
insert into SHOT values (4095, 4106, 4107, 2218, 8.160, 272.65, -4.30, 8.152, 272.68, -4.29, 0.009, 64.16, 11.15);
insert into SHOT values (4096, 4106, 4108, 2218, 10.900, 95.55, -0.60, 10.901, 95.53, -0.58, 0.006, 23.64, 45.03);
insert into SHOT values (4097, 4106, 4109, 2218, 2.700, 53.25, 74.50, 2.700, 52.82, 74.36, 0.009, 12.77, -12.01);
insert into SHOT values (4098, 4106, 4110, 2218, 0.920, 56.85, -80.30, 0.914, 55.30, -80.04, 0.009, 2.43, 52.60);
insert into SHOT values (4099, 4106, 4111, 2218, 16.770, 61.35, 1.00, 16.775, 61.36, 1.02, 0.009, 87.42, 51.94);
insert into SHOT values (4100, 4111, 4112, 2218, 12.040, 319.05, -6.60, 12.047, 319.07, -6.63, 0.009, 351.80, -41.38);
insert into SHOT values (4101, 4111, 4113, 2218, 1.770, 157.35, -5.10, 1.764, 157.23, -5.20, 0.008, 8.29, -20.59);
insert into SHOT values (4102, 4111, 4114, 2218, 2.250, 99.35, 69.50, 2.243, 98.75, 69.40, 0.011, 17.36, -41.90);
insert into SHOT values (4103, 4111, 4115, 2218, 1.180, 315.95, -78.50, 1.185, 315.00, -78.29, 0.007, 278.15, -29.61);
insert into SHOT values (4104, 4111, 4116, 2218, 6.450, 47.85, 43.10, 6.444, 47.84, 43.06, 0.007, 249.63, -77.21);
insert into SHOT values (4105, 4116, 4117, 2218, 2.960, 291.75, -16.90, 2.960, 291.76, -16.89, 0.001, 43.86, 29.86);
insert into SHOT values (4106, 4116, 4118, 2218, 3.240, 97.35, -21.10, 3.239, 97.22, -20.99, 0.009, 17.28, 42.71);
insert into SHOT values (4107, 4116, 4119, 2218, 0.530, 77.05, 71.70, 0.536, 75.96, 72.08, 0.008, 321.06, 62.96);
insert into SHOT values (4108, 4116, 4120, 2218, 2.640, 70.95, -87.00, 2.634, 68.96, -86.97, 0.008, 353.03, 52.28);
insert into SHOT values (4109, 4116, 4121, 2218, 7.220, 352.45, 11.40, 7.224, 352.45, 11.42, 0.005, 2.22, 37.25);
insert into SHOT values (4110, 4121, 4122, 2218, 2.870, 273.45, -10.70, 2.874, 273.45, -10.63, 0.006, 274.35, 29.69);
insert into SHOT values (4111, 4121, 4123, 2218, 4.180, 108.85, -8.70, 4.181, 108.92, -8.67, 0.006, 183.81, 23.79);
insert into SHOT values (4112, 4121, 4124, 2218, 2.340, 104.45, 76.90, 2.340, 104.30, 77.00, 0.004, 302.96, 11.83);
insert into SHOT values (4113, 4121, 4125, 2218, 1.880, 173.65, -73.30, 1.880, 173.66, -73.20, 0.003, 175.69, 12.89);
insert into MAPS values (2221, 2035, 'MP-Kaptarkhana', 'Kaptarkhana system', 1, 573.990, -34.770);
 insert into MAPITEMS values (2221, 4, 2212);
 insert into SURVEY values (2223, 50, 'New_collapse_2022', 'New_collapse_2022.Koytendag', 'New collapse 2022');
 insert into CENTRELINE values (2224, 2223, NULL, NULL, NULL, 0.00, 0.00, 0.00);
 insert into SURVEY values (2225, 2223, 'New_collapse_2022', 'New_collapse_2022.New_collapse_2022.Koytendag', 'New collapse 2022');
 insert into CENTRELINE values (2226, 2225, NULL, NULL, NULL, 0.00, 0.00, 0.00);
 insert into CENTRELINE values (2227, 2225, NULL, '2024-04-19', NULL, 70.84, 0.00, 0.00);
 insert into TOPO values (4, 2227);
 insert into SHOT values (4114, 4126, 4127, 2227, 10.180, 2.25, -2.90, 10.181, 2.25, -2.93, 0.005, 49.96, -74.79);
insert into SHOT values (4115, 4126, 4128, 2227, 7.470, 56.55, 2.70, 7.477, 56.52, 2.68, 0.008, 31.67, -13.04);
insert into SHOT values (4116, 4126, 4129, 2227, 11.930, 330.65, -5.10, 11.930, 330.67, -5.10, 0.005, 59.83, 5.65);
insert into SHOT values (4117, 4126, 4130, 2227, 8.070, 283.55, -6.70, 8.069, 283.57, -6.69, 0.003, 38.52, 27.50);
insert into SHOT values (4118, 4126, 4131, 2227, 11.090, 4.15, -11.80, 11.094, 4.17, -11.81, 0.006, 58.58, -21.65);
insert into SHOT values (4119, 4126, 4132, 2227, 17.440, 1.55, -28.80, 17.442, 1.57, -28.79, 0.008, 67.92, 13.49);
insert into SHOT values (4120, 4126, 4133, 2227, 19.830, 359.85, -40.10, 19.829, 359.85, -40.09, 0.003, 359.60, 60.79);
insert into SHOT values (4121, 4126, 4134, 2227, 26.300, 358.45, -45.80, 26.297, 358.47, -45.79, 0.008, 78.55, 36.47);
insert into SHOT values (4122, 4126, 4135, 2227, 41.650, 357.45, -49.10, 41.654, 357.46, -49.09, 0.008, 28.08, 9.19);
insert into SHOT values (4123, 4126, 4136, 2227, 30.320, 357.05, -48.60, 30.321, 357.06, -48.59, 0.007, 22.10, 29.06);
insert into SHOT values (4124, 4126, 4137, 2227, 25.220, 303.85, -43.60, 25.222, 303.86, -43.59, 0.008, 344.91, 16.76);
insert into SHOT values (4125, 4126, 4138, 2227, 22.190, 43.75, -45.40, 22.195, 43.75, -45.39, 0.008, 50.78, -1.07);
insert into SHOT values (4126, 4126, 4139, 2227, 19.060, 14.85, -38.80, 19.060, 14.86, -38.79, 0.005, 60.33, 38.99);
insert into SHOT values (4127, 4126, 4140, 2227, 20.410, 14.95, -43.10, 20.415, 14.97, -43.10, 0.007, 73.05, -36.11);
insert into SHOT values (4128, 4126, 4141, 2227, 21.800, 14.25, -46.40, 21.801, 14.25, -46.41, 0.003, 195.34, -67.82);
insert into SHOT values (4129, 4126, 4142, 2227, 23.910, 13.65, -47.50, 23.913, 13.64, -47.50, 0.004, 328.15, -27.16);
insert into SHOT values (4130, 4126, 4143, 2227, 29.030, 13.45, -49.20, 29.034, 13.44, -49.20, 0.005, 308.19, -63.43);
insert into SHOT values (4131, 4126, 4144, 2227, 45.320, 13.25, -50.90, 45.325, 13.24, -50.89, 0.009, 356.32, 2.83);
insert into SHOT values (4132, 4126, 4145, 2227, 14.460, 47.75, 6.50, 14.464, 47.76, 6.51, 0.006, 91.28, 29.58);
insert into SHOT values (4133, 4145, 4146, 2227, 5.420, 355.65, -4.90, 5.426, 355.65, -4.97, 0.009, 356.77, -52.61);
insert into SHOT values (4134, 4146, 4147, 2227, 9.080, 196.75, -46.50, 9.078, 196.73, -46.45, 0.008, 166.32, 51.77);
insert into SHOT values (4135, 4146, 4148, 2227, 31.160, 204.65, -42.30, 31.161, 204.64, -42.30, 0.004, 148.93, 16.34);
insert into SHOT values (4136, 4146, 4149, 2227, 50.960, 224.75, -46.90, 50.965, 224.76, -46.90, 0.007, 260.50, -7.55);
insert into SHOT values (4137, 4146, 4150, 2227, 48.830, 244.55, -46.30, 48.828, 244.54, -46.30, 0.004, 142.65, 39.60);
insert into SHOT values (4138, 4146, 4151, 2227, 38.880, 259.75, -43.60, 38.881, 259.75, -43.59, 0.004, 280.14, 33.09);
insert into SHOT values (4139, 4146, 4152, 2227, 48.800, 260.15, -45.20, 48.795, 260.15, -45.19, 0.008, 344.45, 65.91);
insert into SHOT values (4140, 4146, 4153, 2227, 12.560, 288.55, -35.60, 12.558, 288.56, -35.60, 0.003, 58.56, 31.66);
insert into SHOT values (4141, 4146, 4154, 2227, 40.750, 275.25, -45.00, 40.751, 275.24, -44.99, 0.010, 225.80, 27.90);
insert into SHOT values (4142, 4146, 4155, 2227, 32.060, 241.65, -35.00, 32.053, 241.65, -34.99, 0.009, 61.08, 75.49);
insert into SHOT values (4143, 4146, 4156, 2227, 11.800, 243.65, -21.10, 11.803, 243.64, -21.05, 0.010, 235.32, 52.28);
insert into SHOT values (4144, 4146, 4157, 2227, 33.330, 244.25, -36.90, 33.331, 244.25, -36.89, 0.004, 268.71, 30.09);
insert into SHOT values (4145, 4146, 4158, 2227, 37.120, 243.75, -42.00, 37.114, 243.75, -41.99, 0.008, 21.89, 80.78);
insert into SHOT values (4146, 4146, 4159, 2227, 49.470, 244.95, -47.10, 49.465, 244.95, -47.09, 0.009, 247.89, 72.87);
insert into SHOT values (4147, 4146, 4160, 2227, 50.710, 242.15, -47.80, 50.706, 242.16, -47.79, 0.008, 320.81, 55.16);
insert into SCRAPS values (2229, 2223, 'SP-New_collapse_2022', 1, 0.08283, 0.01930);
 insert into MAPS values (2245, 2223, 'MP-New_collapse_2022', 'New collapse 2022', 1, 70.840, -37.680);
 insert into MAPITEMS values (2245, 4, 2229);
 insert into SURVEY values (2247, 50, 'Hashim-oyuk', 'Hashim-oyuk.Koytendag', 'Hashim-oyuk');
 insert into CENTRELINE values (2248, 2247, NULL, NULL, NULL, 0.00, 0.00, 0.00);
 insert into SURVEY values (2249, 2247, 'Entree', 'Entree.Hashim-oyuk.Koytendag', 'Ashimyuk Entree');
 insert into CENTRELINE values (2250, 2249, NULL, NULL, NULL, 0.00, 0.00, 0.00);
 insert into SURVEY values (2251, 2249, 'Entree', 'Entree.Entree.Hashim-oyuk.Koytendag', 'Entree Hochimoyouk ');
 insert into CENTRELINE values (2252, 2251, NULL, NULL, NULL, 0.00, 0.00, 0.00);
 insert into CENTRELINE values (2253, 2251, NULL, '2024-04-12', NULL, 20.91, 0.00, 0.00);
 insert into TOPO values (6, 2253);
 insert into PERSON values (15, 'Jean-Pierre', 'Gruat');
insert into TOPO values (15, 2253);
 insert into TOPO values (11, 2253);
 insert into SHOT values (4148, 4161, 4162, 2253, 3.584, 335.30, 16.79, 3.586, 335.38, 16.86, 0.006, 53.37, 44.09);
insert into SHOT values (4149, 4162, 4163, 2253, 5.742, 236.41, 31.36, 5.750, 236.37, 31.33, 0.009, 218.36, 9.89);
insert into SHOT values (4150, 4163, 4164, 2253, 5.648, 323.82, 33.96, 5.648, 323.94, 33.90, 0.011, 32.04, -25.85);
insert into SHOT values (4151, 4164, 4165, 2253, 2.530, 252.36, 25.06, 2.536, 252.27, 24.96, 0.008, 227.55, -10.91);
insert into SHOT values (4152, 4165, 4166, 2253, 3.404, 352.08, 33.26, 3.406, 352.13, 33.30, 0.004, 72.41, 52.03);
insert into SHOT values (4153, 4166, 4167, 2253, 20.582, 124.78, 7.26, 20.584, 124.79, 7.26, 0.004, 173.78, -23.39);
insert into SHOT values (4154, 4166, 4168, 2253, 14.449, 99.99, 2.19, 14.450, 100.01, 2.18, 0.005, 171.11, -31.57);
insert into SHOT values (4155, 4166, 4169, 2253, 17.581, 70.71, 10.79, 17.582, 70.69, 10.79, 0.005, 352.20, -12.03);
insert into SHOT values (4156, 4166, 4170, 2253, 13.524, 169.58, 0.24, 13.524, 169.56, 0.25, 0.004, 77.71, 41.94);
insert into SHOT values (4157, 4166, 4171, 2253, 9.531, 56.08, 1.17, 9.534, 56.08, 1.14, 0.005, 41.60, -45.71);
insert into SURVEY values (2255, 2249, 'Entree2', 'Entree2.Entree.Hashim-oyuk.Koytendag', 'Hochimoyouk');
 insert into CENTRELINE values (2256, 2255, NULL, NULL, NULL, 0.00, 0.00, 0.00);
 insert into CENTRELINE values (2257, 2255, NULL, '2024-04-12', NULL, 823.60, 0.00, 0.00);
 insert into TOPO values (6, 2257);
 insert into TOPO values (15, 2257);
 insert into TOPO values (11, 2257);
 insert into SHOT values (4158, 4172, 4173, 2257, 10.058, 110.41, -35.83, 10.050, 110.39, -35.81, 0.009, 325.12, 56.83);
insert into SHOT values (4159, 4173, 4174, 2257, 7.304, 105.67, -35.86, 7.305, 105.68, -35.86, 0.002, 139.23, -48.92);
insert into SHOT values (4160, 4174, 4175, 2257, 14.796, 72.15, -32.09, 14.794, 72.16, -32.09, 0.003, 214.86, 31.44);
insert into SHOT values (4161, 4175, 4176, 2257, 12.905, 73.57, -30.79, 12.911, 73.61, -30.79, 0.010, 133.35, -29.11);
insert into SHOT values (4162, 4176, 4177, 2257, 12.135, 72.40, -20.13, 12.137, 72.38, -20.14, 0.005, 0.80, -33.53);
insert into SHOT values (4163, 4177, 4178, 2257, 17.464, 55.22, -29.03, 17.460, 55.22, -29.02, 0.005, 269.30, 51.66);
insert into SHOT values (4164, 4178, 4179, 2257, 18.898, 42.38, -29.30, 18.897, 42.39, -29.31, 0.006, 162.70, -30.27);
insert into SHOT values (4165, 4179, 4180, 2257, 24.826, 104.02, -11.21, 24.825, 104.00, -11.20, 0.011, 16.90, 29.38);
insert into SHOT values (4166, 4180, 4181, 2257, 34.080, 138.49, -8.52, 34.076, 138.50, -8.52, 0.006, 264.25, 13.36);
insert into SHOT values (4167, 4181, 4182, 2257, 22.204, 93.76, -30.54, 22.206, 93.78, -30.56, 0.010, 201.79, -45.83);
insert into SHOT values (4168, 4182, 4183, 2257, 23.956, 106.38, -30.33, 23.959, 106.38, -30.33, 0.003, 76.77, -31.54);
insert into SHOT values (4169, 4183, 4184, 2257, 19.816, 110.14, -39.59, 19.813, 110.14, -39.56, 0.009, 131.55, 65.78);
insert into SHOT values (4170, 4184, 4185, 2257, 23.095, 85.13, -11.05, 23.091, 85.11, -11.06, 0.008, 309.06, -35.44);
insert into SHOT values (4171, 4185, 4186, 2257, 13.579, 95.40, -14.77, 13.586, 95.37, -14.75, 0.010, 57.86, 12.31);
insert into SHOT values (4172, 4186, 4187, 2257, 14.040, 112.46, -22.64, 14.038, 112.47, -22.67, 0.008, 265.85, -46.14);
insert into SHOT values (4173, 4187, 4188, 2257, 6.408, 174.87, -9.05, 6.414, 174.84, -8.97, 0.011, 151.06, 44.28);
insert into SHOT values (4174, 4188, 4189, 2257, 11.240, 257.25, 5.81, 11.240, 257.60, 5.87, 0.070, 348.73, 9.43);
insert into SHOT values (4175, 4189, 4190, 2257, 12.674, 275.38, -0.84, 12.676, 275.80, -0.72, 0.096, 4.26, 15.11);
insert into SHOT values (4176, 4190, 4191, 2257, 6.941, 140.88, -2.92, 6.924, 140.81, -2.81, 0.023, 347.02, 36.51);
insert into SHOT values (4177, 4191, 4192, 2257, 20.084, 163.72, -18.54, 20.056, 163.62, -18.58, 0.044, 29.60, -5.58);
insert into SHOT values (4178, 4192, 4193, 2257, 10.324, 294.40, -7.58, 10.325, 294.41, -7.57, 0.003, 357.48, 34.41);
insert into SHOT values (4179, 4192, 4194, 2257, 9.305, 153.90, -21.71, 9.287, 153.79, -21.74, 0.024, 15.53, 4.73);
insert into SHOT values (4180, 4194, 4195, 2257, 7.821, 262.07, 16.14, 7.819, 262.04, 16.11, 0.005, 165.24, -50.63);
insert into SHOT values (4181, 4194, 4196, 2257, 10.027, 134.58, -10.77, 10.004, 134.42, -10.72, 0.037, 6.13, 21.98);
insert into SHOT values (4182, 4196, 4197, 2257, 19.217, 34.14, 11.32, 19.237, 33.76, 11.36, 0.128, 311.37, 8.62);
insert into SHOT values (4183, 4197, 4198, 2257, 6.312, 33.71, 15.14, 6.332, 33.59, 15.20, 0.024, 356.94, 27.92);
insert into SHOT values (4184, 4198, 4199, 2257, 10.423, 351.39, 20.89, 10.445, 351.40, 20.86, 0.022, 355.19, 8.83);
insert into SHOT values (4185, 4199, 4188, 2257, 13.098, 313.14, 8.12, 13.114, 313.41, 8.20, 0.066, 30.61, 17.67);
insert into SHOT values (4186, 4196, 4200, 2257, 8.439, 206.56, 7.49, 8.435, 206.57, 7.49, 0.004, 8.64, -6.56);
insert into SHOT values (4187, 4200, 4201, 2257, 16.717, 223.50, 2.33, 16.715, 223.47, 2.33, 0.008, 115.74, -7.90);
insert into SHOT values (4188, 4201, 4202, 2257, 25.168, 173.89, 3.00, 25.167, 173.90, 3.01, 0.007, 276.37, 28.34);
insert into SHOT values (4189, 4202, 4203, 2257, 7.365, 164.74, -1.50, 7.363, 164.72, -1.56, 0.008, 34.83, -64.50);
insert into SHOT values (4190, 4203, 4204, 2257, 8.724, 288.26, 4.30, 8.721, 288.23, 4.34, 0.008, 165.10, 45.87);
insert into SHOT values (4191, 4203, 4205, 2257, 12.958, 235.17, 6.38, 12.960, 235.15, 6.38, 0.004, 177.77, 13.77);
insert into SHOT values (4192, 4205, 4206, 2257, 16.629, 214.68, -6.43, 16.629, 214.67, -6.42, 0.003, 118.31, 40.25);
insert into SHOT values (4193, 4206, 4207, 2257, 11.302, 110.29, -7.19, 11.302, 110.25, -7.22, 0.009, 17.92, -30.70);
insert into SHOT values (4194, 4207, 4208, 2257, 8.471, 89.28, 8.98, 8.466, 89.31, 9.04, 0.011, 230.20, 42.52);
insert into SHOT values (4195, 4207, 4209, 2257, 3.173, 168.10, -4.79, 3.178, 168.16, -4.69, 0.008, 199.15, 37.71);
insert into SHOT values (4196, 4209, 4210, 2257, 17.066, 128.67, 5.76, 17.068, 128.67, 5.75, 0.004, 109.00, -46.24);
insert into SHOT values (4197, 4203, 4211, 2257, 23.042, 60.05, -1.84, 23.048, 60.05, -1.84, 0.006, 73.54, -13.03);
insert into SHOT values (4198, 4211, 4212, 2257, 35.273, 84.56, -1.32, 35.268, 84.56, -1.32, 0.007, 249.52, 43.96);
insert into SHOT values (4199, 4212, 4213, 2257, 21.502, 293.60, -3.10, 21.495, 293.59, -3.09, 0.008, 134.82, 21.35);
insert into SHOT values (4200, 4213, 4214, 2257, 23.115, 303.87, 1.47, 23.119, 303.87, 1.46, 0.005, 291.85, -22.07);
insert into SHOT values (4201, 4214, 4215, 2257, 10.752, 303.03, -0.63, 10.749, 303.04, -0.64, 0.004, 106.15, -35.85);
insert into SHOT values (4202, 4176, 4216, 2257, 20.088, 144.29, -20.95, 20.085, 144.28, -20.95, 0.004, 2.70, 24.91);
insert into SHOT values (4203, 4216, 4217, 2257, 26.974, 207.94, -9.12, 26.976, 207.94, -9.13, 0.004, 170.06, -56.13);
insert into SHOT values (4204, 4217, 4218, 2257, 10.081, 147.81, -2.50, 10.075, 147.83, -2.50, 0.007, 297.70, -3.94);
insert into SHOT values (4205, 4172, 4219, 2257, 3.170, 185.69, 11.61, 3.171, 185.73, 11.64, 0.003, 265.91, 48.17);
insert into SHOT values (4206, 4172, 4220, 2257, 1.821, 125.59, 16.41, 1.824, 125.69, 16.56, 0.007, 189.64, 58.09);
insert into SHOT values (4207, 4172, 4221, 2257, 2.373, 74.34, 9.11, 2.377, 74.42, 9.20, 0.006, 123.32, 41.21);
insert into SHOT values (4208, 4172, 4222, 2257, 4.216, 49.72, 7.88, 4.219, 49.76, 7.90, 0.004, 88.92, 24.00);
insert into SHOT values (4209, 4172, 4223, 2257, 4.762, 16.98, 10.55, 4.765, 17.00, 10.52, 0.004, 51.89, -22.57);
insert into SHOT values (4210, 4172, 4224, 2257, 5.905, 357.09, 10.28, 5.904, 357.04, 10.34, 0.008, 239.84, 48.33);
insert into SHOT values (4211, 4172, 4225, 2257, 2.902, 95.96, -21.10, 2.898, 95.94, -21.03, 0.006, 290.23, 57.59);
insert into SHOT values (4212, 4172, 4226, 2257, 3.100, 116.16, -20.97, 3.103, 116.21, -20.96, 0.004, 155.25, -7.66);
insert into SHOT values (4213, 4173, 4227, 2257, 3.630, 62.86, 69.67, 3.625, 63.03, 69.71, 0.007, 203.64, -33.94);
insert into SHOT values (4214, 4173, 4228, 2257, 9.281, 16.53, 8.60, 9.273, 16.54, 8.56, 0.011, 188.35, -47.92);
insert into SHOT values (4215, 4173, 4229, 2257, 2.889, 190.15, 2.70, 2.898, 190.15, 2.57, 0.011, 189.37, -33.34);
insert into SHOT values (4216, 4173, 4230, 2257, 11.867, 349.08, 8.32, 11.856, 349.09, 8.29, 0.013, 157.33, -36.35);
insert into SHOT values (4217, 4173, 4231, 2257, 9.329, 65.99, -12.46, 9.327, 66.02, -12.51, 0.010, 187.20, -46.29);
insert into SHOT values (4218, 4174, 4232, 2257, 4.244, 179.97, -22.61, 4.249, 180.00, -22.70, 0.009, 224.10, -70.05);
insert into SHOT values (4219, 4174, 4233, 2257, 24.261, 27.89, -5.89, 24.262, 27.89, -5.89, 0.003, 103.28, -16.09);
insert into SHOT values (4220, 4174, 4234, 2257, 2.327, 63.03, -71.72, 2.327, 63.08, -71.74, 0.001, 198.83, -19.69);
insert into SHOT values (4221, 4175, 4235, 2257, 16.476, 19.20, -0.72, 16.478, 19.20, -0.73, 0.004, 69.79, -23.06);
insert into SHOT values (4222, 4175, 4236, 2257, 30.460, 172.39, -7.59, 30.464, 172.39, -7.60, 0.007, 125.65, -51.32);
insert into SHOT values (4223, 4175, 4237, 2257, 6.280, 96.37, 71.31, 6.272, 96.56, 71.28, 0.011, 177.96, -53.40);
insert into SHOT values (4224, 4176, 4238, 2257, 11.955, 14.56, -2.37, 11.963, 14.54, -2.35, 0.010, 343.11, 23.33);
insert into SHOT values (4225, 4176, 4239, 2257, 41.184, 192.18, 1.04, 41.184, 192.18, 1.04, 0.006, 279.81, -3.75);
insert into SHOT values (4226, 4176, 4240, 2257, 11.499, 104.04, 69.43, 11.503, 104.04, 69.44, 0.004, 82.19, 71.38);
insert into SHOT values (4227, 4176, 4241, 2257, 21.375, 102.26, -1.61, 21.374, 102.24, -1.61, 0.007, 5.52, 20.48);
insert into SHOT values (4228, 4176, 4242, 2257, 20.313, 148.16, -2.82, 20.307, 148.16, -2.82, 0.007, 343.08, -11.53);
insert into SHOT values (4229, 4176, 4243, 2257, 28.463, 156.60, -15.00, 28.463, 156.60, -15.01, 0.003, 41.94, -41.16);
insert into SHOT values (4230, 4177, 4244, 2257, 9.895, 345.90, 1.84, 9.893, 345.89, 1.85, 0.003, 180.59, 52.23);
insert into SHOT values (4231, 4177, 4245, 2257, 13.061, 178.56, 78.52, 13.062, 178.68, 78.52, 0.005, 257.85, 3.67);
insert into SHOT values (4232, 4177, 4246, 2257, 17.175, 166.50, 13.76, 17.174, 166.51, 13.78, 0.007, 285.08, 47.15);
insert into SHOT values (4233, 4177, 4247, 2257, 34.562, 256.38, 33.48, 34.567, 256.38, 33.48, 0.007, 244.00, 73.57);
insert into SHOT values (4234, 4177, 4248, 2257, 18.884, 246.33, 57.50, 18.890, 246.36, 57.49, 0.009, 294.96, 19.17);
insert into SHOT values (4235, 4177, 4249, 2257, 12.232, 34.13, -10.50, 12.237, 34.13, -10.50, 0.005, 20.57, -18.21);
insert into SHOT values (4236, 4177, 4250, 2257, 13.302, 57.31, -6.10, 13.298, 57.32, -6.09, 0.006, 196.29, 44.15);
insert into SHOT values (4237, 4177, 4251, 2257, 20.531, 84.73, -6.89, 20.524, 84.73, -6.88, 0.007, 249.58, 17.73);
insert into SHOT values (4238, 4177, 4252, 2257, 14.803, 104.32, -8.27, 14.799, 104.31, -8.28, 0.005, 302.21, 0.02);
insert into SHOT values (4239, 4178, 4253, 2257, 16.763, 358.49, 6.34, 16.758, 358.49, 6.34, 0.005, 198.43, -9.28);
insert into SHOT values (4240, 4178, 4254, 2257, 7.341, 99.35, 86.71, 7.342, 99.46, 86.68, 0.005, 109.68, 13.53);
insert into SHOT values (4241, 4178, 4255, 2257, 10.597, 160.81, 55.32, 10.591, 160.81, 55.33, 0.007, 335.53, -44.41);
insert into SHOT values (4242, 4178, 4256, 2257, 17.449, 167.16, 18.79, 17.452, 167.17, 18.79, 0.004, 199.53, 7.59);
insert into SHOT values (4243, 4178, 4257, 2257, 13.432, 208.79, 46.89, 13.438, 208.77, 46.89, 0.007, 168.23, 36.47);
insert into SHOT values (4244, 4178, 4258, 2257, 15.746, 250.12, 37.06, 15.748, 250.14, 37.06, 0.005, 310.37, 2.41);
insert into SHOT values (4245, 4178, 4259, 2257, 11.751, 222.68, 62.43, 11.756, 222.69, 62.42, 0.005, 242.23, 43.67);
insert into SHOT values (4246, 4179, 4260, 2257, 10.319, 351.66, 1.67, 10.324, 351.64, 1.67, 0.006, 313.28, -6.51);
insert into SHOT values (4247, 4179, 4261, 2257, 15.626, 345.47, 83.40, 15.624, 345.50, 83.39, 0.003, 12.05, -47.86);
insert into SHOT values (4248, 4179, 4262, 2257, 33.295, 103.30, 30.66, 33.292, 103.28, 30.67, 0.009, 350.78, -0.22);
insert into SHOT values (4249, 4180, 4263, 2257, 19.052, 36.14, 4.63, 19.048, 36.15, 4.64, 0.006, 179.91, 18.38);
insert into SHOT values (4250, 4180, 4264, 2257, 20.518, 155.62, 80.52, 20.510, 155.71, 80.52, 0.009, 252.49, -56.44);
insert into SHOT values (4251, 4180, 4265, 2257, 25.062, 195.38, 10.88, 25.062, 195.39, 10.88, 0.002, 253.20, -45.19);
insert into SHOT values (4252, 4180, 4266, 2257, 29.954, 168.30, 9.62, 29.952, 168.32, 9.61, 0.011, 262.99, -44.85);
insert into SHOT values (4253, 4180, 4267, 2257, 35.376, 95.79, 9.57, 35.371, 95.81, 9.57, 0.012, 207.80, -21.98);
insert into SHOT values (4254, 4181, 4268, 2257, 38.162, 27.45, 0.14, 38.156, 27.45, 0.14, 0.007, 174.31, -10.71);
insert into SHOT values (4255, 4181, 4269, 2257, 25.077, 40.92, 74.83, 25.073, 40.98, 74.84, 0.009, 162.15, -23.80);
insert into SHOT values (4256, 4181, 4270, 2257, 10.541, 185.64, 9.24, 10.546, 185.62, 9.22, 0.008, 153.10, -26.00);
insert into SHOT values (4257, 4181, 4271, 2257, 14.385, 173.82, 52.44, 14.384, 173.78, 52.42, 0.007, 115.01, -30.61);
insert into SHOT values (4258, 4182, 4272, 2257, 21.864, 27.85, 5.08, 21.871, 27.86, 5.09, 0.009, 61.58, 24.07);
insert into SHOT values (4259, 4182, 4273, 2257, 21.057, 350.48, 85.51, 21.065, 350.59, 85.50, 0.009, 26.11, 53.86);
insert into SHOT values (4260, 4182, 4274, 2257, 12.437, 197.17, 3.06, 12.430, 197.15, 3.09, 0.011, 52.20, 34.09);
insert into SHOT values (4261, 4182, 4275, 2257, 15.945, 135.08, -16.86, 15.943, 135.05, -16.84, 0.009, 45.64, 39.27);
insert into SHOT values (4262, 4182, 4276, 2257, 20.108, 96.63, -11.70, 20.110, 96.62, -11.71, 0.005, 19.73, -26.54);
insert into SHOT values (4263, 4182, 4277, 2257, 25.999, 58.71, -11.12, 25.998, 58.71, -11.11, 0.003, 182.49, 83.25);
insert into SHOT values (4264, 4183, 4278, 2257, 19.790, 19.36, 3.09, 19.796, 19.35, 3.10, 0.006, 7.21, 20.98);
insert into SHOT values (4265, 4183, 4279, 2257, 6.203, 63.49, 54.75, 6.210, 63.51, 54.72, 0.008, 71.19, 33.19);
insert into SHOT values (4266, 4183, 4280, 2257, 13.592, 43.71, -11.56, 13.593, 43.69, -11.54, 0.007, 339.27, 41.89);
insert into SHOT values (4267, 4183, 4281, 2257, 11.640, 72.90, -18.34, 11.639, 72.89, -18.33, 0.002, 326.32, 68.06);
insert into SHOT values (4268, 4183, 4282, 2257, 9.915, 121.93, -22.80, 9.914, 121.90, -22.79, 0.005, 34.76, 27.87);
insert into SHOT values (4269, 4183, 4283, 2257, 11.676, 177.05, -6.59, 11.672, 177.03, -6.54, 0.010, 44.11, 61.34);
insert into SHOT values (4270, 4184, 4284, 2257, 109.130, 18.23, 2.13, 109.130, 18.23, 2.13, 0.009, 295.76, -66.03);
insert into SHOT values (4271, 4184, 4285, 2257, 3.119, 63.55, 74.12, 3.118, 63.43, 74.19, 0.004, 270.37, -0.64);
insert into SHOT values (4272, 4184, 4286, 2257, 2.617, 172.78, 6.75, 2.608, 172.68, 6.60, 0.012, 21.95, -39.74);
insert into SHOT values (4273, 4184, 4287, 2257, 16.687, 117.28, -6.46, 16.686, 117.25, -6.47, 0.009, 16.70, -15.63);
insert into SHOT values (4274, 4184, 4288, 2257, 17.443, 98.56, -7.78, 17.444, 98.55, -7.81, 0.008, 6.10, -70.15);
insert into SHOT values (4275, 4184, 4289, 2257, 39.401, 50.34, -1.55, 39.401, 50.34, -1.56, 0.001, 37.53, -66.57);
insert into SHOT values (4276, 4185, 4290, 2257, 5.362, 11.19, 73.40, 5.363, 11.31, 73.43, 0.004, 135.64, 21.13);
insert into SHOT values (4277, 4185, 4291, 2257, 4.091, 191.90, 4.02, 4.088, 191.89, 4.07, 0.005, 19.42, 41.83);
insert into SHOT values (4278, 4185, 4292, 2257, 4.535, 101.10, -39.87, 4.540, 101.08, -39.86, 0.005, 90.11, -33.32);
insert into SHOT values (4279, 4185, 4293, 2257, 10.298, 104.04, -7.17, 10.306, 104.04, -7.19, 0.009, 95.27, -26.27);
insert into SHOT values (4280, 4185, 4294, 2257, 11.526, 79.90, -5.22, 11.525, 79.91, -5.23, 0.004, 181.16, -8.29);
insert into SHOT values (4281, 4185, 4295, 2257, 22.764, 55.73, -1.35, 22.770, 55.72, -1.36, 0.007, 49.41, -30.08);
insert into SHOT values (4282, 4185, 4296, 2257, 29.634, 45.26, -2.07, 29.640, 45.26, -2.07, 0.006, 44.24, 8.14);
insert into SHOT values (4283, 4185, 4297, 2257, 32.308, 30.64, -0.57, 32.314, 30.64, -0.57, 0.007, 60.99, -6.82);
insert into SHOT values (4284, 4185, 4298, 2257, 58.605, 12.76, 2.29, 58.604, 12.77, 2.29, 0.004, 111.32, -37.46);
insert into SHOT values (4285, 4185, 4299, 2257, 22.099, 59.26, -5.10, 22.099, 59.26, -5.09, 0.005, 136.51, 62.90);
insert into SHOT values (4286, 4186, 4300, 2257, 6.086, 52.12, 3.40, 6.082, 52.09, 3.39, 0.005, 267.70, -4.39);
insert into SHOT values (4287, 4186, 4301, 2257, 10.296, 84.86, 77.61, 10.290, 85.06, 77.61, 0.010, 181.93, -37.81);
insert into SHOT values (4288, 4187, 4302, 2257, 23.010, 212.89, 1.53, 23.014, 212.88, 1.54, 0.009, 172.48, 53.29);
insert into SHOT values (4289, 4187, 4303, 2257, 4.703, 181.03, 69.15, 4.710, 181.02, 69.10, 0.008, 179.48, 36.53);
insert into SHOT values (4290, 4187, 4304, 2257, 24.390, 163.22, 2.40, 24.390, 163.21, 2.40, 0.003, 80.31, 15.25);
insert into SHOT values (4291, 4187, 4305, 2257, 13.559, 76.20, 3.26, 13.561, 76.24, 3.30, 0.012, 156.82, 42.28);
insert into SHOT values (4292, 4187, 4306, 2257, 29.457, 12.66, 4.74, 29.456, 12.67, 4.75, 0.011, 113.54, 49.67);
insert into SHOT values (4293, 4187, 4307, 2257, 26.305, 40.94, 3.07, 26.302, 40.94, 3.07, 0.003, 199.48, 13.15);
insert into SHOT values (4294, 4188, 4308, 2257, 5.016, 198.73, 82.95, 5.008, 199.03, 82.96, 0.009, 320.87, -65.52);
insert into SHOT values (4295, 4188, 4309, 2257, 15.845, 295.82, 17.59, 15.846, 295.82, 17.56, 0.009, 309.74, -63.58);
insert into SHOT values (4296, 4189, 4310, 2257, 9.976, 349.59, 20.41, 9.980, 349.59, 20.41, 0.004, 344.89, 20.37);
insert into SHOT values (4297, 4189, 4311, 2257, 3.161, 319.61, 60.62, 3.167, 319.44, 60.63, 0.008, 258.46, 45.72);
insert into SHOT values (4298, 4189, 4312, 2257, 12.301, 214.01, -0.18, 12.295, 214.03, -0.14, 0.010, 3.37, 49.11);
insert into SHOT values (4299, 4189, 4313, 2257, 14.566, 246.04, -0.96, 14.565, 246.06, -0.94, 0.006, 345.05, 28.81);
insert into SHOT values (4300, 4190, 4314, 2257, 5.970, 344.16, 11.61, 5.965, 344.11, 11.61, 0.007, 213.02, -9.34);
insert into SHOT values (4301, 4190, 4315, 2257, 2.244, 339.63, 76.93, 2.247, 339.04, 77.06, 0.008, 209.32, 31.78);
insert into SHOT values (4302, 4190, 4316, 2257, 6.092, 209.25, 1.28, 6.099, 209.26, 1.32, 0.008, 211.17, 28.22);
insert into SHOT values (4303, 4190, 4317, 2257, 15.672, 272.17, -3.69, 15.674, 272.16, -3.69, 0.003, 212.36, -18.74);
insert into SHOT values (4304, 4190, 4318, 2257, 16.867, 275.18, -1.86, 16.867, 275.17, -1.83, 0.007, 208.01, 78.47);
insert into SHOT values (4305, 4191, 4319, 2257, 2.243, 204.76, 77.84, 2.239, 205.46, 78.01, 0.010, 346.21, -16.46);
insert into SHOT values (4306, 4191, 4320, 2257, 5.788, 237.99, -3.06, 5.785, 238.02, -3.07, 0.004, 12.80, -14.70);
insert into SHOT values (4307, 4191, 4321, 2257, 5.934, 196.50, -8.88, 5.935, 196.55, -8.92, 0.006, 287.11, -42.81);
insert into SHOT values (4308, 4191, 4322, 2257, 8.788, 165.92, -12.39, 8.784, 165.90, -12.42, 0.008, 22.14, -38.44);
insert into SHOT values (4309, 4191, 4323, 2257, 8.254, 189.14, -18.48, 8.256, 189.11, -18.50, 0.005, 106.21, -49.63);
insert into SHOT values (4310, 4191, 4324, 2257, 9.032, 214.26, -22.84, 9.036, 214.28, -22.86, 0.006, 265.74, -42.38);
insert into SHOT values (4311, 4192, 4325, 2257, 2.402, 232.43, 14.81, 2.403, 232.34, 14.71, 0.006, 172.56, -45.47);
insert into SHOT values (4312, 4192, 4326, 2257, 4.772, 267.09, 8.36, 4.776, 267.09, 8.31, 0.006, 265.20, -38.94);
insert into SHOT values (4313, 4192, 4327, 2257, 9.088, 279.85, 2.42, 9.091, 279.83, 2.40, 0.006, 227.76, -31.18);
insert into SHOT values (4314, 4192, 4328, 2257, 12.149, 287.72, 1.72, 12.150, 287.69, 1.70, 0.008, 203.65, -35.58);
insert into SHOT values (4315, 4193, 4329, 2257, 13.012, 179.39, 82.08, 13.015, 179.36, 82.05, 0.008, 173.23, 16.32);
insert into SHOT values (4316, 4193, 4330, 2257, 12.245, 145.53, 77.43, 12.244, 145.54, 77.41, 0.004, 151.46, -22.28);
insert into SHOT values (4317, 4194, 4331, 2257, 13.190, 271.86, 16.16, 13.197, 271.85, 16.15, 0.008, 255.16, -8.80);
insert into SHOT values (4318, 4194, 4332, 2257, 8.357, 235.98, 15.66, 8.357, 235.99, 15.69, 0.005, 348.03, 63.30);
insert into SHOT values (4319, 4194, 4333, 2257, 14.800, 93.67, 8.66, 14.799, 93.68, 8.67, 0.004, 204.79, 35.85);
insert into SHOT values (4320, 4194, 4334, 2257, 19.295, 87.53, 80.11, 19.297, 87.58, 80.11, 0.004, 198.31, 29.34);
insert into SHOT values (4321, 4195, 4335, 2257, 16.794, 258.77, 72.72, 16.800, 258.80, 72.70, 0.008, 283.33, 29.00);
insert into SHOT values (4322, 4196, 4336, 2257, 10.351, 90.28, 21.20, 10.359, 90.24, 21.16, 0.012, 54.91, -13.74);
insert into SHOT values (4323, 4196, 4337, 2257, 10.661, 253.47, 19.63, 10.653, 253.50, 19.64, 0.009, 44.97, -12.71);
insert into SHOT values (4324, 4196, 4338, 2257, 8.608, 205.84, 77.83, 8.603, 205.86, 77.85, 0.005, 16.12, -57.77);
insert into SHOT values (4325, 4196, 4339, 2257, 11.410, 66.52, 19.35, 11.415, 66.53, 19.34, 0.006, 85.19, -0.02);
insert into SHOT values (4326, 4196, 4340, 2257, 14.433, 45.05, 13.16, 14.435, 45.06, 13.13, 0.007, 66.63, -60.21);
insert into SHOT values (4327, 4196, 4341, 2257, 17.666, 39.28, 14.29, 17.666, 39.29, 14.29, 0.001, 148.81, 6.14);
insert into SHOT values (4328, 4196, 4342, 2257, 29.989, 220.36, 11.70, 29.979, 220.36, 11.70, 0.010, 50.26, -8.16);
insert into SHOT values (4329, 4196, 4343, 2257, 37.907, 211.46, 10.91, 37.905, 211.45, 10.92, 0.004, 71.95, 29.55);
insert into SHOT values (4330, 4197, 4344, 2257, 3.710, 120.64, 12.75, 3.714, 120.53, 12.76, 0.008, 58.54, 8.89);
insert into SHOT values (4331, 4197, 4345, 2257, 8.424, 93.64, 10.72, 8.425, 93.67, 10.74, 0.006, 184.63, 36.83);
insert into SHOT values (4332, 4197, 4346, 2257, 6.973, 68.27, 83.29, 6.978, 68.46, 83.28, 0.006, 114.10, 50.91);
insert into SHOT values (4333, 4197, 4347, 2257, 11.311, 75.65, 8.71, 11.320, 75.67, 8.74, 0.011, 98.52, 42.84);
insert into SHOT values (4334, 4197, 4348, 2257, 13.076, 57.44, 12.93, 13.085, 57.46, 12.94, 0.010, 84.27, 31.39);
insert into SHOT values (4335, 4198, 4349, 2257, 7.298, 65.16, 6.62, 7.301, 65.13, 6.61, 0.005, 13.91, -13.56);
insert into SHOT values (4336, 4198, 4350, 2257, 6.323, 80.52, 73.09, 6.325, 80.64, 73.04, 0.006, 118.65, 4.30);
insert into SHOT values (4337, 4200, 4351, 2257, 18.494, 65.14, 1.79, 18.501, 65.15, 1.80, 0.009, 106.66, 12.58);
insert into SHOT values (4338, 4200, 4352, 2257, 16.626, 112.32, 8.92, 16.632, 112.32, 8.92, 0.006, 121.23, 15.91);
insert into SHOT values (4339, 4200, 4353, 2257, 14.466, 143.82, 7.83, 14.468, 143.83, 7.83, 0.003, 182.86, -30.10);
insert into SHOT values (4340, 4200, 4354, 2257, 7.459, 131.30, 73.95, 7.461, 131.26, 73.95, 0.002, 55.55, 50.35);
insert into SHOT values (4341, 4200, 4355, 2257, 9.383, 278.32, 14.08, 9.378, 278.34, 14.07, 0.007, 58.14, -28.39);
insert into SHOT values (4342, 4200, 4356, 2257, 11.250, 259.29, 15.47, 11.247, 259.26, 15.47, 0.006, 147.54, -13.51);
insert into SHOT values (4343, 4200, 4357, 2257, 17.344, 246.22, 13.83, 17.341, 246.22, 13.81, 0.007, 83.11, -77.04);
insert into SHOT values (4344, 4200, 4358, 2257, 11.688, 175.72, 13.13, 11.686, 175.72, 13.11, 0.005, 11.03, -81.45);
insert into SHOT values (4345, 4200, 4359, 2257, 16.460, 181.52, 15.37, 16.463, 181.52, 15.36, 0.005, 173.69, -32.55);
insert into SHOT values (4346, 4200, 4360, 2257, 16.514, 194.49, 10.35, 16.513, 194.47, 10.33, 0.009, 106.06, -48.63);
insert into SHOT values (4347, 4201, 4361, 2257, 6.170, 278.24, 24.86, 6.169, 278.32, 24.82, 0.008, 4.50, -25.71);
insert into SHOT values (4348, 4201, 4362, 2257, 8.711, 230.72, 20.06, 8.716, 230.75, 20.06, 0.007, 274.45, 24.04);
insert into SHOT values (4349, 4201, 4363, 2257, 10.490, 209.94, 15.17, 10.489, 209.98, 15.14, 0.010, 295.43, -32.25);
insert into SHOT values (4350, 4201, 4364, 2257, 11.601, 128.73, 18.90, 11.596, 128.71, 18.92, 0.008, 341.07, 22.40);
insert into SHOT values (4351, 4201, 4365, 2257, 11.700, 149.85, 14.55, 11.699, 149.83, 14.55, 0.003, 23.27, 29.54);
insert into SHOT values (4352, 4201, 4366, 2257, 17.045, 167.76, 33.17, 17.038, 167.78, 33.16, 0.008, 302.60, -39.56);
insert into SHOT values (4353, 4201, 4367, 2257, 6.976, 173.70, 61.09, 6.978, 173.70, 61.12, 0.004, 351.75, 57.38);
insert into SHOT values (4354, 4202, 4368, 2257, 7.865, 250.24, 7.12, 7.860, 250.22, 7.09, 0.007, 110.82, -41.58);
insert into SHOT values (4355, 4202, 4369, 2257, 6.977, 266.62, 13.65, 6.977, 266.62, 13.59, 0.007, 268.63, -74.00);
insert into SHOT values (4356, 4202, 4370, 2257, 3.311, 87.05, 13.41, 3.313, 86.98, 13.26, 0.010, 38.90, -54.37);
insert into SHOT values (4357, 4202, 4371, 2257, 5.439, 38.87, 12.16, 5.440, 38.90, 12.10, 0.006, 88.87, -56.31);
insert into SHOT values (4358, 4202, 4372, 2257, 2.282, 135.19, 82.89, 2.278, 135.00, 82.87, 0.005, 71.74, -76.84);
insert into SHOT values (4359, 4203, 4373, 2257, 4.836, 140.55, 13.84, 4.838, 140.62, 13.87, 0.007, 221.02, 26.36);
insert into SHOT values (4360, 4203, 4374, 2257, 7.530, 163.55, 13.54, 7.530, 163.57, 13.60, 0.008, 291.31, 66.57);
insert into SHOT values (4361, 4203, 4375, 2257, 12.981, 175.61, 10.70, 12.983, 175.59, 10.70, 0.004, 124.30, -5.28);
insert into SHOT values (4362, 4203, 4376, 2257, 11.612, 284.02, 7.11, 11.612, 284.01, 7.12, 0.004, 197.53, 60.00);
insert into SHOT values (4363, 4203, 4377, 2257, 10.724, 268.95, 5.08, 10.724, 268.93, 5.08, 0.004, 179.12, 3.52);
insert into SHOT values (4364, 4203, 4378, 2257, 2.374, 256.41, 74.83, 2.372, 255.96, 74.89, 0.006, 135.45, -12.66);
insert into SHOT values (4365, 4204, 4379, 2257, 12.219, 97.02, 78.65, 12.220, 96.92, 78.64, 0.005, 40.82, -0.42);
insert into SHOT values (4366, 4205, 4380, 2257, 1.631, 42.37, -73.84, 1.626, 42.36, -73.57, 0.009, 41.38, 46.29);
insert into SHOT values (4367, 4205, 4381, 2257, 0.706, 309.30, 69.04, 0.705, 310.10, 69.38, 0.005, 89.08, 7.35);
insert into SHOT values (4368, 4205, 4382, 2257, 2.463, 301.36, 7.99, 2.461, 301.41, 7.94, 0.004, 74.57, -40.32);
insert into SHOT values (4369, 4205, 4383, 2257, 0.153, 263.40, 4.30, 0.151, 266.19, 3.81, 0.008, 11.68, -10.75);
insert into SHOT values (4370, 4205, 4384, 2257, 5.515, 355.52, 3.21, 5.516, 355.52, 3.22, 0.001, 10.94, 57.61);
insert into SHOT values (4371, 4205, 4385, 2257, 7.334, 248.60, 2.05, 7.329, 248.62, 2.03, 0.006, 44.19, -20.93);
insert into SHOT values (4372, 4205, 4386, 2257, 19.647, 125.61, 0.85, 19.647, 125.62, 0.85, 0.001, 231.39, -8.86);
insert into SHOT values (4373, 4205, 4387, 2257, 20.434, 138.20, 0.02, 20.432, 138.19, 0.03, 0.005, 356.67, 56.47);
insert into SHOT values (4374, 4205, 4388, 2257, 21.751, 147.09, 0.14, 21.752, 147.08, 0.16, 0.007, 71.44, 59.05);
insert into SHOT values (4375, 4205, 4389, 2257, 21.277, 156.36, 1.98, 21.279, 156.35, 1.99, 0.005, 92.78, 48.60);
insert into SHOT values (4376, 4206, 4390, 2257, 0.213, 43.36, -75.03, 0.217, 45.00, -74.92, 0.005, 90.01, -62.23);
insert into SHOT values (4377, 4206, 4391, 2257, 2.290, 133.85, 81.90, 2.292, 133.73, 82.02, 0.005, 322.84, 32.28);
insert into SHOT values (4378, 4206, 4392, 2257, 5.900, 292.37, 13.40, 5.905, 292.41, 13.42, 0.007, 335.39, 20.87);
insert into SHOT values (4379, 4206, 4393, 2257, 7.567, 272.23, 14.59, 7.571, 272.27, 14.61, 0.007, 334.89, 32.85);
insert into SHOT values (4380, 4206, 4394, 2257, 5.520, 230.24, 15.25, 5.520, 230.33, 15.23, 0.009, 315.47, -12.48);
insert into SHOT values (4381, 4206, 4395, 2257, 4.365, 186.20, 18.65, 4.365, 186.25, 18.71, 0.006, 295.66, 48.11);
insert into SHOT values (4382, 4206, 4396, 2257, 5.456, 146.02, 11.17, 5.449, 145.98, 11.22, 0.009, 347.27, 18.01);
insert into SHOT values (4383, 4206, 4397, 2257, 5.439, 298.77, 18.23, 5.442, 298.80, 18.20, 0.004, 335.95, -16.21);
insert into SHOT values (4384, 4206, 4398, 2257, 3.849, 339.22, 20.71, 3.853, 339.20, 20.67, 0.005, 324.35, -16.68);
insert into SHOT values (4385, 4206, 4399, 2257, 5.043, 2.19, 19.08, 5.051, 2.16, 19.07, 0.008, 341.76, 11.97);
insert into SHOT values (4386, 4206, 4400, 2257, 9.870, 255.07, 28.27, 9.873, 255.07, 28.29, 0.005, 275.35, 77.32);
insert into SHOT values (4387, 4206, 4401, 2257, 8.261, 265.50, 25.20, 8.260, 265.55, 25.22, 0.007, 12.88, 18.10);
insert into SHOT values (4388, 4206, 4402, 2257, 11.862, 260.89, 26.52, 11.864, 260.89, 26.54, 0.004, 355.00, 76.35);
insert into SHOT values (4389, 4207, 4403, 2257, 5.774, 83.09, 77.53, 5.775, 83.05, 77.61, 0.008, 269.46, 16.07);
insert into SHOT values (4390, 4207, 4404, 2257, 12.743, 92.80, 10.00, 12.740, 92.83, 10.04, 0.010, 215.06, 41.41);
insert into SHOT values (4391, 4207, 4405, 2257, 16.082, 74.90, 9.33, 16.080, 74.91, 9.34, 0.005, 204.78, 43.22);
insert into SHOT values (4392, 4207, 4406, 2257, 18.671, 58.05, 10.30, 18.665, 58.04, 10.31, 0.007, 259.38, 12.40);
insert into SHOT values (4393, 4207, 4407, 2257, 19.876, 37.03, 9.91, 19.876, 37.03, 9.94, 0.009, 192.28, 80.86);
insert into SHOT values (4394, 4207, 4408, 2257, 9.899, 358.64, 12.60, 9.891, 358.63, 12.61, 0.008, 185.32, 3.14);
insert into SHOT values (4395, 4207, 4409, 2257, 6.864, 341.76, 13.04, 6.865, 341.70, 13.05, 0.007, 262.22, 9.39);
insert into SHOT values (4396, 4207, 4410, 2257, 19.114, 27.11, 10.91, 19.108, 27.11, 10.92, 0.007, 192.77, 5.87);
insert into SHOT values (4397, 4208, 4411, 2257, 5.101, 223.15, -71.90, 5.100, 223.20, -71.98, 0.007, 31.38, -11.02);
insert into SHOT values (4398, 4208, 4412, 2257, 15.136, 218.45, 78.92, 15.133, 218.44, 78.91, 0.004, 214.04, -59.46);
insert into SHOT values (4399, 4209, 4413, 2257, 12.600, 243.66, -4.17, 12.596, 243.68, -4.19, 0.008, 14.69, -31.30);
insert into SHOT values (4400, 4209, 4414, 2257, 9.367, 219.66, -6.92, 9.372, 219.68, -6.93, 0.006, 258.89, -12.50);
insert into SHOT values (4401, 4209, 4415, 2257, 9.057, 205.00, -6.01, 9.056, 205.03, -6.02, 0.005, 311.34, -9.94);
insert into SHOT values (4402, 4209, 4416, 2257, 18.168, 196.73, -5.81, 18.168, 196.72, -5.81, 0.003, 97.83, -4.66);
insert into SHOT values (4403, 4209, 4417, 2257, 4.871, 135.60, 76.89, 4.867, 135.73, 76.90, 0.005, 261.18, -51.74);
insert into SHOT values (4404, 4209, 4418, 2257, 14.117, 252.82, 8.67, 14.114, 252.82, 8.68, 0.004, 53.93, 15.50);
insert into SHOT values (4405, 4209, 4419, 2257, 14.954, 255.80, 8.91, 14.952, 255.81, 8.93, 0.006, 22.30, 36.88);
insert into SHOT values (4406, 4209, 4420, 2257, 9.550, 270.81, 12.12, 9.555, 270.86, 12.14, 0.010, 333.94, 26.29);
insert into SHOT values (4407, 4209, 4421, 2257, 9.098, 97.69, 16.56, 9.094, 97.65, 16.55, 0.008, 342.66, -17.79);
insert into SHOT values (4408, 4209, 4422, 2257, 10.413, 88.95, 16.17, 10.414, 88.91, 16.17, 0.006, 6.50, -2.20);
insert into SHOT values (4409, 4209, 4423, 2257, 10.554, 79.87, 15.74, 10.554, 79.85, 15.72, 0.005, 6.78, -50.85);
insert into SHOT values (4410, 4211, 4424, 2257, 3.371, 342.77, 21.25, 3.376, 342.60, 21.37, 0.012, 265.19, 42.36);
insert into SHOT values (4411, 4211, 4425, 2257, 3.078, 327.49, 82.88, 3.084, 326.73, 82.87, 0.008, 247.95, 48.06);
insert into SHOT values (4412, 4211, 4426, 2257, 5.786, 154.51, 23.17, 5.782, 154.59, 23.22, 0.010, 278.85, 19.97);
insert into SHOT values (4413, 4211, 4427, 2257, 7.093, 123.07, 17.62, 7.090, 123.10, 17.65, 0.006, 257.28, 27.86);
insert into SHOT values (4414, 4211, 4428, 2257, 12.087, 113.72, 10.80, 12.081, 113.76, 10.83, 0.011, 249.36, 21.81);
insert into SHOT values (4415, 4211, 4429, 2257, 7.403, 191.86, 16.89, 7.401, 191.90, 16.89, 0.005, 303.29, -4.17);
insert into SHOT values (4416, 4211, 4430, 2257, 8.230, 274.12, 13.87, 8.232, 274.09, 13.92, 0.008, 189.17, 62.55);
insert into SHOT values (4417, 4212, 4431, 2257, 21.647, 70.56, 1.39, 21.649, 70.57, 1.38, 0.007, 136.81, -44.29);
insert into SHOT values (4418, 4212, 4432, 2257, 43.137, 7.70, 0.64, 43.132, 7.70, 0.64, 0.007, 206.41, -36.60);
insert into SHOT values (4419, 4212, 4433, 2257, 3.740, 128.46, 76.22, 3.738, 128.16, 76.22, 0.005, 29.26, -25.97);
insert into SHOT values (4420, 4212, 4434, 2257, 7.034, 180.36, 11.21, 7.035, 180.33, 11.23, 0.004, 94.23, 43.00);
insert into SHOT values (4421, 4212, 4435, 2257, 10.716, 233.01, 6.14, 10.715, 233.01, 6.11, 0.005, 40.54, -83.69);
insert into SHOT values (4422, 4212, 4436, 2257, 19.858, 251.59, 4.37, 19.860, 251.60, 4.36, 0.006, 316.88, -41.02);
insert into SHOT values (4423, 4212, 4437, 2257, 26.981, 308.83, -0.06, 26.984, 308.83, -0.06, 0.004, 343.38, -26.85);
insert into SHOT values (4424, 4212, 4438, 2257, 24.003, 304.66, 3.76, 24.001, 304.66, 3.75, 0.003, 128.47, -60.41);
insert into SHOT values (4425, 4213, 4439, 2257, 9.428, 351.95, 3.96, 9.435, 351.94, 3.95, 0.008, 339.25, -9.28);
insert into SHOT values (4426, 4213, 4440, 2257, 10.941, 5.00, 6.34, 10.947, 4.96, 6.29, 0.013, 315.83, -38.54);
insert into SHOT values (4427, 4213, 4441, 2257, 13.546, 17.05, 3.98, 13.546, 17.04, 3.98, 0.002, 286.11, -26.63);
insert into SHOT values (4428, 4213, 4442, 2257, 16.429, 28.01, 4.93, 16.434, 27.97, 4.92, 0.012, 321.05, -4.93);
insert into SHOT values (4429, 4213, 4443, 2257, 17.132, 38.17, 6.10, 17.133, 38.13, 6.10, 0.012, 313.29, 1.82);
insert into SHOT values (4430, 4213, 4444, 2257, 3.713, 135.71, 77.56, 3.706, 136.02, 77.66, 0.011, 286.60, -32.69);
insert into SHOT values (4431, 4213, 4445, 2257, 13.440, 233.51, 7.16, 13.446, 233.53, 7.13, 0.010, 270.24, -28.04);
insert into SHOT values (4432, 4213, 4446, 2257, 11.672, 260.84, 7.26, 11.680, 260.86, 7.23, 0.011, 288.84, -28.94);
insert into SHOT values (4433, 4213, 4447, 2257, 11.384, 285.91, 7.56, 11.392, 285.93, 7.52, 0.013, 316.72, -36.59);
insert into SHOT values (4434, 4214, 4448, 2257, 8.747, 212.18, 18.45, 8.746, 212.20, 18.46, 0.004, 333.35, 24.09);
insert into SHOT values (4435, 4214, 4449, 2257, 11.099, 76.23, 12.64, 11.101, 76.22, 12.64, 0.003, 26.83, 25.32);
insert into SHOT values (4436, 4214, 4450, 2257, 4.956, 278.01, 75.15, 4.956, 278.13, 75.12, 0.004, 322.68, -7.48);
insert into SHOT values (4437, 4216, 4451, 2257, 7.762, 81.96, 4.51, 7.760, 81.97, 4.51, 0.003, 219.57, -19.39);
insert into SHOT values (4438, 4216, 4452, 2257, 17.782, 212.92, 7.77, 17.784, 212.93, 7.76, 0.006, 257.22, -50.19);
insert into SHOT values (4439, 4216, 4453, 2257, 10.076, 291.88, 82.99, 10.075, 291.97, 82.99, 0.002, 27.81, -18.30);
insert into SHOT values (4440, 4216, 4454, 2257, 9.304, 167.96, -25.93, 9.301, 167.99, -25.95, 0.006, 301.03, -11.00);
insert into SHOT values (4441, 4216, 4455, 2257, 8.574, 199.64, -25.77, 8.575, 199.68, -25.79, 0.006, 294.89, -26.76);
insert into SHOT values (4442, 4217, 4456, 2257, 1.704, 76.58, 6.53, 1.700, 76.29, 6.76, 0.012, 316.64, 32.80);
insert into SHOT values (4443, 4217, 4457, 2257, 1.238, 85.69, 75.86, 1.237, 84.29, 75.90, 0.007, 347.89, -3.83);
insert into SHOT values (4444, 4217, 4458, 2257, 1.841, 228.14, 5.40, 1.843, 228.31, 5.60, 0.009, 301.89, 49.06);
insert into SHOT values (4445, 4217, 4459, 2257, 4.437, 137.22, -3.81, 4.432, 137.29, -3.75, 0.008, 266.08, 34.10);
insert into SHOT values (4446, 4217, 4460, 2257, 4.568, 158.45, -4.33, 4.560, 158.46, -4.28, 0.009, 336.66, 35.81);
insert into SHOT values (4447, 4217, 4461, 2257, 3.239, 136.63, 10.28, 3.229, 136.66, 10.35, 0.011, 307.72, 9.43);
insert into SHOT values (4448, 4217, 4462, 2257, 4.519, 160.16, 7.08, 4.520, 160.19, 7.12, 0.004, 233.28, 44.54);
insert into SHOT values (4449, 4217, 4463, 2257, 4.534, 329.16, 7.05, 4.542, 329.17, 7.08, 0.008, 334.71, 26.75);
insert into SHOT values (4450, 4217, 4464, 2257, 6.191, 293.50, 8.92, 6.193, 293.51, 8.92, 0.002, 308.72, -1.92);
insert into SHOT values (4451, 4217, 4465, 2257, 5.102, 277.50, 1.82, 5.107, 277.54, 1.80, 0.007, 319.28, -20.60);
insert into SHOT values (4452, 4217, 4466, 2257, 10.083, 147.77, -2.49, 10.081, 147.78, -2.50, 0.004, 292.96, -38.34);
insert into SHOT values (4453, 4217, 4467, 2257, 10.070, 147.83, -2.49, 10.062, 147.84, -2.51, 0.009, 316.73, -11.82);
insert into SHOT values (4454, 4217, 4468, 2257, 0.349, 61.67, -1.59, 0.345, 60.46, -1.66, 0.008, 302.21, -2.04);
insert into SHOT values (4455, 4217, 4469, 2257, 0.350, 62.20, -1.81, 0.354, 61.26, -1.62, 0.007, 4.58, 8.87);
insert into SHOT values (4456, 4218, 4470, 2257, 0.462, 231.52, 4.04, 0.463, 231.15, 3.71, 0.004, 166.83, -37.37);
insert into SHOT values (4457, 4218, 4471, 2257, 0.382, 125.15, 81.51, 0.384, 120.96, 81.28, 0.005, 57.43, 25.45);
insert into SHOT values (4458, 4218, 4472, 2257, 0.483, 239.54, 5.91, 0.478, 239.66, 6.01, 0.005, 49.04, 2.72);
insert into SHOT values (4459, 4218, 4473, 2257, 0.404, 57.15, 0.67, 0.405, 57.09, 1.41, 0.005, 36.43, 78.58);
insert into SHOT values (4460, 4218, 4474, 2257, 5.118, 147.29, -12.64, 5.117, 147.26, -12.64, 0.002, 31.85, -1.43);
insert into SURVEY values (2260, 2247, 'AshimyukFond', 'AshimyukFond.Hashim-oyuk.Koytendag', 'AshimyukFond');
 insert into CENTRELINE values (2261, 2260, NULL, NULL, NULL, 0.00, 0.00, 0.00);
 insert into SURVEY values (2262, 2260, 'AshimyukFond', 'AshimyukFond.AshimyukFond.Hashim-oyuk.Koytendag', 'AshimyukFond');
 insert into CENTRELINE values (2263, 2262, NULL, NULL, NULL, 0.00, 0.00, 0.00);
 insert into CENTRELINE values (2264, 2262, NULL, '2024-04-12', NULL, 1161.07, 0.00, 0.00);
 insert into PERSON values (16, 'Lionel', 'Barriquand');
insert into TOPO values (16, 2264);
 insert into TOPO values (2, 2264);
 insert into TOPO values (3, 2264);
 insert into SHOT values (4461, 4475, 4476, 2264, 2.990, 18.45, -2.80, 2.988, 18.56, -2.69, 0.008, 120.84, 46.39);
insert into SHOT values (4462, 4475, 4477, 2264, 1.170, 321.65, 6.40, 1.168, 321.65, 6.39, 0.002, 141.37, -10.23);
insert into SHOT values (4463, 4475, 4478, 2264, 4.030, 275.45, 4.80, 4.032, 275.43, 4.84, 0.004, 240.59, 46.77);
insert into SHOT values (4464, 4475, 4479, 2264, 1.420, 217.35, 3.50, 1.423, 217.27, 3.63, 0.005, 182.73, 45.45);
insert into SHOT values (4465, 4475, 4480, 2264, 2.330, 90.45, 77.80, 2.332, 91.17, 77.87, 0.007, 201.09, 21.69);
insert into SHOT values (4466, 4475, 4481, 2264, 3.000, 349.95, -33.90, 2.996, 350.05, -33.88, 0.006, 111.48, 33.14);
insert into SHOT values (4467, 4475, 4482, 2264, 2.750, 328.55, -48.00, 2.742, 328.39, -48.08, 0.010, 179.19, 20.50);
insert into SHOT values (4468, 4475, 4483, 2264, 3.810, 337.85, -52.90, 3.807, 337.69, -52.99, 0.009, 201.75, -7.43);
insert into SHOT values (4469, 4475, 4484, 2264, 0.940, 358.15, -78.50, 0.937, 0.00, -78.93, 0.010, 140.35, 6.78);
insert into SHOT values (4470, 4475, 4485, 2264, 3.440, 87.35, -16.50, 3.446, 87.40, -16.52, 0.007, 116.66, -27.21);
insert into SHOT values (4471, 4475, 4486, 2264, 4.580, 62.05, 6.70, 4.581, 62.08, 6.77, 0.006, 137.79, 63.09);
insert into SHOT values (4472, 4475, 4487, 2264, 3.080, 88.05, 40.90, 3.085, 88.28, 40.91, 0.010, 160.33, 19.00);
insert into SHOT values (4473, 4475, 4488, 2264, 4.720, 128.05, 22.50, 4.727, 128.02, 22.51, 0.007, 111.86, 30.15);
insert into SHOT values (4474, 4475, 4489, 2264, 9.410, 112.15, 8.00, 9.412, 112.19, 8.00, 0.007, 186.90, 3.12);
insert into SHOT values (4475, 4475, 4490, 2264, 17.950, 96.95, 7.10, 17.949, 96.97, 7.10, 0.006, 196.46, 13.92);
insert into SHOT values (4476, 4475, 4491, 2264, 6.450, 101.15, 0.90, 6.453, 101.17, 0.89, 0.004, 141.03, -18.35);
insert into SHOT values (4477, 4475, 4492, 2264, 5.950, 68.25, 6.60, 5.951, 68.25, 6.66, 0.006, 144.07, 85.53);
insert into SHOT values (4478, 4475, 4493, 2264, 5.210, 349.95, -41.20, 5.201, 349.98, -41.26, 0.011, 156.97, 9.35);
insert into SHOT values (4479, 4475, 4494, 2264, 16.600, 73.85, 2.60, 16.601, 73.86, 2.59, 0.005, 152.00, -40.60);
insert into SHOT values (4480, 4494, 4495, 2264, 2.020, 184.05, -78.30, 2.012, 184.18, -78.21, 0.008, 217.88, 77.62);
insert into SHOT values (4481, 4494, 4496, 2264, 3.070, 191.05, 70.10, 3.075, 190.99, 70.05, 0.006, 176.75, 36.95);
insert into SHOT values (4482, 4494, 4497, 2264, 6.140, 225.05, 28.60, 6.144, 225.08, 28.59, 0.005, 254.99, 9.28);
insert into SHOT values (4483, 4494, 4498, 2264, 12.150, 234.95, 2.90, 12.148, 234.93, 2.93, 0.006, 104.90, 54.56);
insert into SHOT values (4484, 4494, 4499, 2264, 10.080, 193.05, 4.00, 10.084, 193.04, 4.04, 0.008, 177.17, 58.61);
insert into SHOT values (4485, 4494, 4500, 2264, 13.210, 168.95, 9.50, 13.215, 168.94, 9.54, 0.010, 139.46, 69.23);
insert into SHOT values (4486, 4494, 4501, 2264, 4.080, 155.25, 11.50, 4.079, 155.29, 11.60, 0.008, 281.21, 58.46);
insert into SHOT values (4487, 4494, 4502, 2264, 8.990, 157.75, -21.00, 8.992, 157.74, -20.98, 0.003, 140.26, 31.74);
insert into SHOT values (4488, 4494, 4503, 2264, 2.720, 191.65, -36.20, 2.716, 191.57, -36.09, 0.007, 94.89, 63.83);
insert into SHOT values (4489, 4494, 4504, 2264, 4.020, 311.95, -16.50, 4.018, 311.84, -16.48, 0.008, 206.40, 13.42);
insert into SHOT values (4490, 4494, 4505, 2264, 5.610, 279.75, -1.80, 5.614, 279.75, -1.74, 0.007, 279.17, 58.72);
insert into SHOT values (4491, 4494, 4506, 2264, 8.240, 262.25, 5.00, 8.237, 262.23, 5.01, 0.005, 127.51, 21.87);
insert into SHOT values (4492, 4494, 4507, 2264, 4.820, 280.85, 42.00, 4.824, 280.78, 42.03, 0.007, 206.35, 46.00);
insert into SHOT values (4493, 4494, 4508, 2264, 3.450, 296.95, -31.00, 3.449, 296.91, -30.87, 0.008, 267.56, 60.59);
insert into SHOT values (4494, 4494, 4509, 2264, 9.730, 162.95, -18.00, 9.730, 162.97, -17.96, 0.008, 229.68, 55.27);
insert into SHOT values (4495, 4509, 4510, 2264, 2.320, 310.15, -5.00, 2.315, 310.25, -4.96, 0.007, 91.42, 18.40);
insert into SHOT values (4496, 4509, 4511, 2264, 6.790, 319.65, 11.00, 6.786, 319.69, 10.96, 0.008, 84.57, -44.74);
insert into SHOT values (4497, 4509, 4512, 2264, 1.400, 252.25, 17.10, 1.396, 252.11, 17.08, 0.005, 114.63, -18.90);
insert into SHOT values (4498, 4509, 4513, 2264, 1.340, 198.15, 11.10, 1.341, 198.16, 11.18, 0.002, 222.05, 72.27);
insert into SHOT values (4499, 4509, 4514, 2264, 2.960, 219.15, -31.80, 2.955, 219.02, -31.86, 0.008, 83.38, -1.46);
insert into SHOT values (4500, 4509, 4515, 2264, 6.980, 241.85, -28.90, 6.976, 241.84, -28.98, 0.011, 68.33, -38.41);
insert into SHOT values (4501, 4509, 4516, 2264, 3.490, 250.45, -27.70, 3.486, 250.51, -27.69, 0.005, 24.22, 27.03);
insert into SHOT values (4502, 4509, 4517, 2264, 3.080, 244.25, -37.00, 3.080, 244.17, -37.14, 0.009, 103.09, -48.62);
insert into SHOT values (4503, 4509, 4518, 2264, 15.430, 17.75, -3.10, 15.437, 17.75, -3.12, 0.009, 29.42, -39.49);
insert into SHOT values (4504, 4509, 4519, 2264, 17.070, 28.65, -3.00, 17.074, 28.67, -3.02, 0.010, 88.25, -41.95);
insert into SHOT values (4505, 4509, 4520, 2264, 5.300, 0.85, 79.60, 5.298, 1.19, 79.56, 0.007, 60.13, -23.51);
insert into SHOT values (4506, 4509, 4521, 2264, 6.660, 186.95, 57.40, 6.658, 186.89, 57.41, 0.005, 65.40, -9.31);
insert into SHOT values (4507, 4509, 4522, 2264, 1.910, 76.05, 4.00, 1.911, 76.04, 3.90, 0.003, 54.90, -71.93);
insert into SHOT values (4508, 4509, 4523, 2264, 5.520, 120.95, 21.70, 5.522, 120.96, 21.68, 0.003, 150.99, -19.68);
insert into SHOT values (4509, 4509, 4524, 2264, 14.670, 84.15, 19.30, 14.676, 84.16, 19.30, 0.007, 104.13, 11.26);
insert into SHOT values (4510, 4509, 4525, 2264, 16.910, 101.25, 50.90, 16.908, 101.25, 50.89, 0.003, 27.35, -84.82);
insert into SHOT values (4511, 4509, 4526, 2264, 12.480, 63.45, 15.00, 12.486, 63.46, 14.99, 0.007, 77.94, -0.52);
insert into SHOT values (4512, 4509, 4527, 2264, 10.710, 71.25, 6.30, 10.708, 71.26, 6.27, 0.006, 186.91, -67.49);
insert into SHOT values (4513, 4509, 4528, 2264, 20.350, 105.75, 17.30, 20.349, 105.74, 17.30, 0.004, 358.50, -25.57);
insert into SHOT values (4514, 4509, 4529, 2264, 7.690, 239.75, -23.40, 7.685, 239.76, -23.47, 0.010, 48.92, -34.82);
insert into SHOT values (4515, 4509, 4530, 2264, 14.800, 82.15, 9.70, 14.807, 82.16, 9.68, 0.010, 109.54, -22.32);
insert into SHOT values (4516, 4530, 4531, 2264, 8.510, 160.55, 3.50, 8.508, 160.60, 3.50, 0.009, 265.35, 3.14);
insert into SHOT values (4517, 4530, 4532, 2264, 9.560, 137.95, 12.00, 9.556, 137.95, 12.02, 0.005, 316.23, 25.73);
insert into SHOT values (4518, 4530, 4533, 2264, 3.380, 29.05, 36.90, 3.384, 28.93, 36.86, 0.007, 341.28, 4.45);
insert into SHOT values (4519, 4530, 4534, 2264, 2.230, 329.75, -23.30, 2.234, 329.56, -23.20, 0.008, 275.49, 14.18);
insert into SHOT values (4520, 4530, 4535, 2264, 7.110, 322.45, -3.40, 7.115, 322.44, -3.38, 0.006, 306.29, 17.65);
insert into SHOT values (4521, 4530, 4536, 2264, 14.910, 335.35, -6.90, 14.919, 335.34, -6.89, 0.009, 319.58, 7.61);
insert into SHOT values (4522, 4530, 4537, 2264, 15.050, 351.75, -4.20, 15.056, 351.73, -4.19, 0.008, 315.38, 15.29);
insert into SHOT values (4523, 4530, 4538, 2264, 19.860, 10.25, -4.50, 19.867, 10.24, -4.50, 0.008, 341.15, -13.55);
insert into SHOT values (4524, 4530, 4539, 2264, 16.280, 16.75, -1.90, 16.286, 16.71, -1.90, 0.013, 316.33, -1.06);
insert into SHOT values (4525, 4530, 4540, 2264, 13.620, 23.05, 0.00, 13.626, 23.03, 0.00, 0.008, 342.42, 0.00);
insert into SHOT values (4526, 4530, 4541, 2264, 7.240, 34.45, -2.30, 7.242, 34.41, -2.29, 0.005, 334.87, 6.47);
insert into SHOT values (4527, 4530, 4542, 2264, 23.820, 36.75, 1.30, 23.822, 36.72, 1.30, 0.012, 317.74, -2.04);
insert into SHOT values (4528, 4530, 4543, 2264, 23.780, 28.25, 5.60, 23.781, 28.24, 5.60, 0.002, 330.78, -12.70);
insert into SHOT values (4529, 4530, 4544, 2264, 30.740, 52.55, 8.20, 30.743, 52.53, 8.21, 0.011, 334.81, 31.46);
insert into SHOT values (4530, 4530, 4545, 2264, 20.850, 40.25, 13.20, 20.851, 40.22, 13.20, 0.009, 321.66, -7.53);
insert into SHOT values (4531, 4530, 4546, 2264, 7.870, 31.25, 31.60, 7.870, 31.20, 31.66, 0.010, 264.70, 40.78);
insert into SHOT values (4532, 4530, 4547, 2264, 3.540, 22.85, 54.90, 3.545, 22.79, 54.89, 0.006, 354.96, 41.70);
insert into SHOT values (4533, 4530, 4548, 2264, 26.620, 41.05, 3.30, 26.624, 41.03, 3.29, 0.008, 344.09, -16.62);
insert into SHOT values (4534, 4548, 4549, 2264, 3.500, 251.95, 67.90, 3.506, 251.84, 67.96, 0.008, 134.84, 68.79);
insert into SHOT values (4535, 4548, 4550, 2264, 6.800, 316.55, 11.00, 6.796, 316.52, 11.03, 0.006, 172.64, 23.22);
insert into SHOT values (4536, 4548, 4551, 2264, 0.960, 286.65, -68.30, 0.958, 286.39, -68.29, 0.003, 177.36, 49.26);
insert into SHOT values (4537, 4548, 4552, 2264, 9.130, 260.45, 1.00, 9.129, 260.41, 1.00, 0.006, 158.47, 6.74);
insert into SHOT values (4538, 4548, 4553, 2264, 11.950, 238.75, 6.50, 11.951, 238.75, 6.53, 0.007, 118.21, 87.12);
insert into SHOT values (4539, 4548, 4554, 2264, 25.270, 233.95, -1.60, 25.278, 233.95, -1.59, 0.010, 242.45, 33.16);
insert into SHOT values (4540, 4548, 4555, 2264, 9.790, 223.15, -11.50, 9.790, 223.14, -11.49, 0.002, 130.63, 58.61);
insert into SHOT values (4541, 4548, 4556, 2264, 30.560, 204.55, 1.80, 30.565, 204.54, 1.80, 0.006, 179.05, 0.84);
insert into SHOT values (4542, 4548, 4557, 2264, 25.930, 195.45, 1.60, 25.938, 195.46, 1.61, 0.011, 221.77, 34.35);
insert into SHOT values (4543, 4548, 4558, 2264, 4.050, 189.75, 44.30, 4.053, 189.72, 44.28, 0.004, 166.78, 22.73);
insert into SHOT values (4544, 4548, 4559, 2264, 15.490, 160.45, 7.00, 15.490, 160.47, 7.01, 0.006, 249.39, 21.79);
insert into SHOT values (4545, 4548, 4560, 2264, 14.040, 158.05, -7.60, 14.040, 158.06, -7.57, 0.008, 226.47, 63.91);
insert into SHOT values (4546, 4548, 4561, 2264, 3.620, 154.25, -20.00, 3.623, 154.26, -19.84, 0.010, 161.57, 51.35);
insert into SHOT values (4547, 4548, 4562, 2264, 26.710, 134.45, 8.50, 26.712, 134.45, 8.50, 0.003, 132.25, 43.43);
insert into SHOT values (4548, 4548, 4563, 2264, 25.190, 132.35, 13.70, 25.188, 132.37, 13.71, 0.009, 241.84, 25.75);
insert into SHOT values (4549, 4548, 4564, 2264, 34.200, 118.95, 3.80, 34.201, 118.95, 3.81, 0.005, 201.86, 46.63);
insert into SHOT values (4550, 4548, 4565, 2264, 21.490, 114.15, 4.00, 21.489, 114.15, 4.00, 0.002, 272.37, 29.23);
insert into SHOT values (4551, 4548, 4566, 2264, 6.410, 89.95, 22.90, 6.408, 90.00, 22.96, 0.009, 221.88, 38.50);
insert into SHOT values (4552, 4548, 4567, 2264, 21.370, 46.75, 7.50, 21.364, 46.76, 7.50, 0.008, 192.18, 4.81);
insert into SHOT values (4553, 4548, 4568, 2264, 12.120, 20.45, 12.60, 12.118, 20.44, 12.63, 0.007, 218.71, 59.45);
insert into SHOT values (4554, 4548, 4569, 2264, 10.420, 57.95, 24.30, 10.422, 57.95, 24.31, 0.002, 78.92, 68.01);
insert into SHOT values (4555, 4548, 4570, 2264, 21.620, 64.25, 16.00, 21.622, 64.25, 16.00, 0.002, 71.29, 23.63);
insert into SHOT values (4556, 4548, 4571, 2264, 18.280, 68.55, 1.70, 18.274, 68.55, 1.72, 0.010, 248.55, 49.31);
insert into SHOT values (4557, 4548, 4572, 2264, 2.640, 73.65, -12.60, 2.635, 73.75, -12.49, 0.008, 202.38, 45.52);
insert into SHOT values (4558, 4548, 4573, 2264, 32.540, 174.95, -1.40, 32.546, 174.96, -1.39, 0.009, 216.85, 33.46);
insert into SHOT values (4559, 4548, 4574, 2264, 7.800, 259.45, -9.30, 7.803, 259.45, -9.29, 0.003, 261.75, 10.61);
insert into SHOT values (4560, 4574, 4575, 2264, 2.530, 0.05, 0.80, 2.530, 0.00, 0.91, 0.005, 276.65, 65.43);
insert into SHOT values (4561, 4574, 4576, 2264, 3.790, 319.85, -18.70, 3.783, 319.87, -18.66, 0.008, 128.96, 39.44);
insert into SHOT values (4562, 4574, 4577, 2264, 3.190, 312.75, 6.50, 3.191, 312.70, 6.48, 0.003, 241.12, -21.41);
insert into SHOT values (4563, 4574, 4578, 2264, 3.460, 299.25, -5.70, 3.455, 299.25, -5.65, 0.006, 118.69, 38.89);
insert into SHOT values (4564, 4574, 4579, 2264, 5.240, 314.25, -8.20, 5.243, 314.22, -8.11, 0.009, 282.65, 56.12);
insert into SHOT values (4565, 4574, 4580, 2264, 23.010, 312.05, -2.10, 23.013, 312.04, -2.09, 0.006, 261.51, 34.04);
insert into SHOT values (4566, 4548, 4581, 2264, 25.450, 126.05, 0.00, 25.435, 126.33, -0.25, 0.169, 222.88, -40.74);
insert into SHOT values (4567, 4581, 4582, 2264, 4.460, 190.35, 37.10, 4.460, 190.36, 37.09, 0.001, 238.15, -14.33);
insert into SHOT values (4568, 4581, 4583, 2264, 0.760, 188.85, 14.60, 0.762, 188.57, 14.43, 0.005, 136.50, -19.11);
insert into SHOT values (4569, 4581, 4584, 2264, 6.870, 250.95, 88.50, 6.872, 250.56, 88.50, 0.003, 180.67, 61.14);
insert into SHOT values (4570, 4581, 4585, 2264, 5.980, 5.85, 36.00, 5.981, 5.82, 36.06, 0.006, 227.01, 51.43);
insert into SHOT values (4571, 4581, 4586, 2264, 6.250, 18.75, 32.80, 6.249, 18.78, 32.85, 0.007, 162.95, 40.78);
insert into SHOT values (4572, 4581, 4587, 2264, 2.470, 3.55, -18.70, 2.465, 3.68, -18.69, 0.008, 134.53, 14.68);
insert into SHOT values (4573, 4581, 4588, 2264, 9.510, 306.45, -11.90, 9.506, 306.48, -11.90, 0.006, 73.65, 10.10);
insert into SHOT values (4574, 4581, 4589, 2264, 10.830, 294.15, 27.40, 10.829, 294.14, 27.44, 0.008, 133.72, 50.17);
insert into SHOT values (4575, 4581, 4590, 2264, 10.600, 298.15, 63.10, 10.606, 298.11, 63.12, 0.007, 209.68, 68.04);
insert into SHOT values (4576, 4581, 4591, 2264, 9.860, 111.55, 24.90, 9.863, 111.58, 24.88, 0.006, 162.91, -14.48);
insert into SHOT values (4577, 4581, 4592, 2264, 15.840, 85.05, 20.20, 15.840, 85.06, 20.20, 0.003, 184.34, 8.44);
insert into SHOT values (4578, 4581, 4593, 2264, 17.890, 68.05, 20.10, 17.888, 68.05, 20.11, 0.003, 258.80, 39.03);
insert into SHOT values (4579, 4581, 4594, 2264, 26.760, 88.95, 25.90, 26.762, 88.95, 25.90, 0.003, 135.47, 23.71);
insert into SHOT values (4580, 4581, 4595, 2264, 11.720, 83.95, 47.20, 11.721, 83.95, 47.20, 0.002, 70.88, 26.02);
insert into SHOT values (4581, 4581, 4596, 2264, 19.230, 59.25, 33.80, 19.229, 59.25, 33.81, 0.004, 253.94, 38.93);
insert into SHOT values (4582, 4581, 4597, 2264, 17.740, 62.85, 17.20, 17.740, 62.86, 17.21, 0.006, 166.25, 48.01);
insert into SHOT values (4583, 4581, 4598, 2264, 15.200, 58.85, 11.80, 15.202, 58.88, 11.80, 0.010, 135.72, 9.74);
insert into SHOT values (4584, 4581, 4599, 2264, 8.990, 62.05, 5.60, 8.994, 62.09, 5.61, 0.008, 119.53, 19.62);
insert into SHOT values (4585, 4581, 4600, 2264, 5.550, 66.45, -3.90, 5.552, 66.49, -3.82, 0.009, 121.66, 57.20);
insert into SHOT values (4586, 4581, 4601, 2264, 4.580, 33.15, 11.10, 4.581, 33.19, 11.20, 0.009, 139.57, 65.10);
insert into SHOT values (4587, 4581, 4602, 2264, 7.240, 35.75, 38.10, 7.240, 35.78, 38.13, 0.005, 160.06, 32.14);
insert into SHOT values (4588, 4581, 4603, 2264, 6.830, 44.75, 17.10, 6.829, 44.81, 17.12, 0.008, 145.65, 12.61);
insert into SHOT values (4589, 4581, 4604, 2264, 17.040, 58.15, 17.60, 17.031, 57.98, 17.53, 0.052, 325.44, -25.59);
insert into SHOT values (4590, 4604, 4605, 2264, 5.230, 331.85, 15.70, 5.231, 331.81, 15.64, 0.007, 279.47, -49.02);
insert into SHOT values (4591, 4604, 4606, 2264, 7.010, 105.15, 14.70, 7.005, 105.14, 14.72, 0.005, 290.58, 12.35);
insert into SHOT values (4592, 4604, 4607, 2264, 1.390, 114.95, -36.70, 1.389, 114.95, -36.69, 0.001, 279.44, 55.30);
insert into SHOT values (4593, 4604, 4608, 2264, 8.970, 53.95, 38.00, 8.965, 53.92, 38.00, 0.005, 271.05, -27.67);
insert into SHOT values (4594, 4604, 4609, 2264, 22.450, 53.85, 15.60, 22.448, 53.86, 15.61, 0.007, 176.35, 24.52);
insert into SHOT values (4595, 4604, 4610, 2264, 34.420, 57.85, 9.60, 34.417, 57.85, 9.60, 0.003, 258.99, -3.11);
insert into SHOT values (4596, 4604, 4611, 2264, 29.660, 50.85, 6.00, 29.654, 50.85, 6.00, 0.006, 228.15, -2.93);
insert into SHOT values (4597, 4604, 4612, 2264, 14.750, 38.45, 7.20, 14.750, 38.45, 7.21, 0.002, 135.13, 53.70);
insert into SHOT values (4598, 4604, 4613, 2264, 7.180, 19.15, 15.60, 7.178, 19.17, 15.60, 0.003, 150.54, -14.23);
insert into SHOT values (4599, 4604, 4614, 2264, 2.390, 60.55, -21.70, 2.385, 60.54, -21.65, 0.006, 242.93, 42.01);
insert into SHOT values (4600, 4604, 4615, 2264, 10.350, 50.45, -4.50, 10.345, 50.43, -4.49, 0.006, 266.76, 19.62);
insert into SHOT values (4601, 4604, 4616, 2264, 11.210, 64.95, 4.90, 11.203, 64.93, 4.92, 0.009, 274.10, 16.57);
insert into SHOT values (4602, 4604, 4617, 2264, 27.780, 56.55, 3.60, 27.761, 56.24, 3.37, 0.188, 321.64, -37.49);
insert into SHOT values (4603, 4617, 4618, 2264, 3.760, 16.35, 15.60, 3.764, 16.34, 15.56, 0.005, 7.52, -12.90);
insert into SHOT values (4604, 4617, 4619, 2264, 5.090, 74.75, 80.60, 5.090, 74.80, 80.51, 0.008, 80.66, -11.59);
insert into SHOT values (4605, 4617, 4620, 2264, 6.620, 147.45, 70.60, 6.616, 147.25, 70.58, 0.009, 63.14, -28.30);
insert into SHOT values (4606, 4617, 4621, 2264, 5.560, 164.65, 38.70, 5.553, 164.62, 38.67, 0.008, 15.54, -54.51);
insert into SHOT values (4607, 4617, 4622, 2264, 7.180, 165.45, 11.40, 7.176, 165.43, 11.33, 0.010, 31.46, -71.90);
insert into SHOT values (4608, 4617, 4623, 2264, 0.540, 126.85, -54.70, 0.549, 127.23, -55.09, 0.010, 174.14, -72.74);
insert into SHOT values (4609, 4617, 4624, 2264, 5.420, 303.05, 3.30, 5.415, 303.07, 3.28, 0.006, 98.73, -19.48);
insert into SHOT values (4610, 4617, 4625, 2264, 9.380, 274.65, -20.00, 9.376, 274.69, -20.02, 0.008, 42.94, -13.31);
insert into SHOT values (4611, 4617, 4626, 2264, 7.170, 274.15, 20.80, 7.163, 274.20, 20.77, 0.010, 44.89, -40.01);
insert into SHOT values (4612, 4617, 4627, 2264, 5.140, 255.65, 60.40, 5.132, 255.64, 60.34, 0.009, 208.90, -85.21);
insert into SHOT values (4613, 4617, 4628, 2264, 10.020, 215.15, 19.80, 10.016, 215.11, 19.78, 0.009, 100.29, -28.89);
insert into SHOT values (4614, 4617, 4629, 2264, 9.590, 233.85, -2.90, 9.587, 233.84, -2.93, 0.006, 87.36, -53.30);
insert into SHOT values (4615, 4617, 4630, 2264, 9.360, 51.85, 13.60, 9.364, 51.87, 13.59, 0.006, 90.01, -8.95);
insert into SHOT values (4616, 4617, 4631, 2264, 19.500, 63.85, 10.10, 19.504, 63.86, 10.07, 0.012, 101.21, -51.64);
insert into SHOT values (4617, 4617, 4632, 2264, 16.790, 85.35, 8.60, 16.794, 85.34, 8.60, 0.005, 43.86, -7.94);
insert into SHOT values (4618, 4617, 4633, 2264, 9.230, 104.35, 13.30, 9.235, 104.30, 13.27, 0.010, 52.40, -18.98);
insert into SHOT values (4619, 4617, 4634, 2264, 5.530, 79.15, -10.10, 5.534, 79.10, -10.10, 0.006, 31.47, -2.17);
insert into SHOT values (4620, 4617, 4635, 2264, 14.100, 74.85, 1.00, 14.103, 74.83, 0.98, 0.008, 23.66, -47.42);
insert into SHOT values (4621, 4617, 4636, 2264, 8.200, 78.45, 36.60, 8.195, 78.43, 36.55, 0.009, 8.25, -79.27);
insert into SHOT values (4622, 4617, 4637, 2264, 11.720, 74.95, 23.90, 11.718, 74.97, 23.86, 0.009, 135.76, -65.99);
insert into SHOT values (4623, 4617, 4638, 2264, 19.060, 74.25, 5.00, 19.051, 74.13, 4.82, 0.072, 337.85, -57.99);
insert into SHOT values (4624, 4638, 4639, 2264, 3.750, 178.55, 10.10, 3.750, 178.60, 10.14, 0.004, 281.20, 33.31);
insert into SHOT values (4625, 4638, 4640, 2264, 5.770, 106.95, 72.50, 5.777, 107.08, 72.51, 0.008, 176.16, 59.07);
insert into SHOT values (4626, 4638, 4641, 2264, 3.720, 11.95, 28.70, 3.719, 11.86, 28.77, 0.007, 247.44, 30.84);
insert into SHOT values (4627, 4638, 4642, 2264, 0.630, 80.95, -70.20, 0.627, 81.87, -70.22, 0.005, 191.81, 37.03);
insert into SHOT values (4628, 4638, 4643, 2264, 6.200, 80.35, -12.00, 6.202, 80.32, -12.01, 0.004, 22.51, -15.25);
insert into SHOT values (4629, 4638, 4644, 2264, 15.330, 79.25, -4.30, 15.331, 79.26, -4.30, 0.002, 140.72, -13.45);
insert into SHOT values (4630, 4638, 4645, 2264, 23.560, 79.95, -1.90, 23.554, 79.95, -1.90, 0.006, 270.94, 11.46);
insert into SHOT values (4631, 4638, 4646, 2264, 12.490, 68.75, 3.30, 12.489, 68.74, 3.30, 0.002, 281.45, 37.17);
insert into SHOT values (4632, 4638, 4647, 2264, 8.150, 57.75, 6.40, 8.149, 57.76, 6.41, 0.003, 168.66, 35.73);
insert into SHOT values (4633, 4638, 4648, 2264, 30.510, 81.35, 4.00, 30.511, 81.35, 4.00, 0.002, 23.46, 46.06);
insert into SHOT values (4634, 4638, 4649, 2264, 18.600, 85.35, 14.40, 18.595, 85.35, 14.42, 0.008, 260.06, 34.33);
insert into SHOT values (4635, 4638, 4650, 2264, 10.040, 100.45, 11.50, 10.036, 100.49, 11.50, 0.008, 222.27, -11.82);
insert into SHOT values (4636, 4638, 4651, 2264, 25.340, 74.95, 1.50, 25.320, 74.82, 1.27, 0.120, 328.02, -59.51);
insert into SHOT values (4637, 4651, 4652, 2264, 5.400, 156.25, 0.80, 5.400, 156.19, 0.85, 0.007, 67.81, 39.26);
insert into SHOT values (4638, 4651, 4653, 2264, 3.090, 133.45, -35.10, 3.090, 133.24, -35.18, 0.010, 28.36, -18.40);
insert into SHOT values (4639, 4651, 4654, 2264, 4.150, 67.55, 78.00, 4.151, 67.58, 77.97, 0.003, 79.48, 14.74);
insert into SHOT values (4640, 4651, 4655, 2264, 10.090, 319.45, 13.60, 10.092, 319.51, 13.58, 0.011, 35.28, -14.09);
insert into SHOT values (4641, 4651, 4656, 2264, 33.130, 329.55, 9.70, 33.136, 329.56, 9.69, 0.009, 4.94, -13.64);
insert into SHOT values (4642, 4651, 4657, 2264, 31.870, 342.85, 13.60, 31.871, 342.86, 13.61, 0.008, 76.41, 48.77);
insert into SHOT values (4643, 4651, 4658, 2264, 6.610, 356.35, 19.50, 6.612, 356.41, 19.52, 0.008, 75.39, 26.47);
insert into SHOT values (4644, 4651, 4659, 2264, 4.240, 1.85, 43.50, 4.245, 1.86, 43.46, 0.006, 7.70, 12.78);
insert into SHOT values (4645, 4651, 4660, 2264, 13.970, 338.55, 25.80, 13.973, 338.55, 25.79, 0.004, 357.44, -2.65);
insert into SHOT values (4646, 4651, 4661, 2264, 11.860, 337.55, 8.80, 11.866, 337.59, 8.82, 0.012, 37.32, 29.02);
insert into SHOT values (4647, 4651, 4662, 2264, 2.750, 329.05, 1.70, 2.750, 329.14, 1.67, 0.005, 54.88, -19.02);
insert into SHOT values (4648, 4651, 4663, 2264, 9.260, 296.45, 18.50, 9.258, 296.45, 18.52, 0.003, 115.77, 33.51);
insert into SHOT values (4649, 4651, 4664, 2264, 13.280, 286.45, 11.70, 13.280, 286.48, 11.69, 0.009, 13.52, -20.27);
insert into SHOT values (4650, 4651, 4665, 2264, 10.140, 273.15, 19.00, 10.137, 273.17, 19.00, 0.005, 41.60, -15.16);
insert into SHOT values (4651, 4651, 4666, 2264, 15.890, 270.15, 9.20, 15.884, 270.15, 9.20, 0.006, 95.59, -5.25);
insert into SHOT values (4652, 4651, 4667, 2264, 8.880, 282.95, 4.50, 8.874, 283.00, 4.52, 0.010, 49.62, 18.36);
insert into SHOT values (4653, 4651, 4668, 2264, 7.590, 270.85, -3.80, 7.587, 270.91, -3.78, 0.009, 17.44, 20.02);
insert into SHOT values (4654, 4651, 4669, 2264, 2.390, 299.35, -7.90, 2.387, 299.38, -7.95, 0.004, 94.20, -23.30);
insert into SHOT values (4655, 4651, 4670, 2264, 5.070, 164.15, -7.70, 5.069, 164.05, -7.71, 0.008, 67.08, -4.78);
insert into SHOT values (4656, 4651, 4671, 2264, 7.510, 206.25, 3.00, 7.501, 206.22, 2.98, 0.010, 46.81, -18.04);
insert into SHOT values (4657, 4651, 4672, 2264, 12.700, 231.75, -0.20, 12.696, 231.75, -0.18, 0.006, 49.07, 45.62);
insert into SHOT values (4658, 4651, 4673, 2264, 3.770, 227.75, -30.50, 3.763, 227.75, -30.50, 0.007, 46.68, 29.44);
insert into SHOT values (4659, 4651, 4674, 2264, 10.860, 260.25, -6.10, 10.857, 260.24, -6.08, 0.005, 110.45, 56.73);
insert into SHOT values (4660, 4651, 4675, 2264, 18.240, 246.45, 6.70, 18.231, 246.46, 6.71, 0.011, 36.74, 10.22);
insert into SHOT values (4661, 4651, 4676, 2264, 6.780, 50.15, 19.00, 6.788, 50.18, 19.00, 0.009, 76.56, 16.77);
insert into SHOT values (4662, 4651, 4677, 2264, 15.910, 56.45, 31.80, 15.917, 56.43, 31.81, 0.009, 9.74, 42.44);
insert into SHOT values (4663, 4651, 4678, 2264, 14.110, 74.05, 19.90, 14.113, 74.04, 19.88, 0.006, 42.84, -28.66);
insert into SHOT values (4664, 4651, 4679, 2264, 15.750, 58.35, 14.20, 15.757, 58.33, 14.22, 0.010, 17.76, 38.75);
insert into SHOT values (4665, 4651, 4680, 2264, 25.680, 49.25, 20.10, 25.687, 49.24, 20.11, 0.009, 8.61, 32.51);
insert into SHOT values (4666, 4651, 4681, 2264, 19.380, 60.85, 21.80, 19.393, 60.80, 21.70, 0.040, 31.75, -43.12);
insert into SHOT values (4667, 4651, 4682, 2264, 11.340, 278.15, 5.50, 11.360, 278.34, 5.40, 0.046, 338.08, -21.32);
insert into SHOT values (4668, 4682, 4683, 2264, 2.840, 196.85, 24.80, 2.847, 196.89, 24.93, 0.010, 227.21, 66.61);
insert into SHOT values (4669, 4682, 4684, 2264, 0.900, 196.05, 10.20, 0.898, 195.77, 10.27, 0.005, 75.52, 7.07);
insert into SHOT values (4670, 4682, 4685, 2264, 2.140, 307.95, 82.00, 2.140, 308.05, 82.16, 0.006, 122.95, 8.12);
insert into SHOT values (4671, 4682, 4686, 2264, 2.810, 348.75, 27.90, 2.815, 348.87, 27.96, 0.008, 46.37, 39.05);
insert into SHOT values (4672, 4682, 4687, 2264, 1.410, 355.45, -11.00, 1.410, 355.44, -11.04, 0.001, 330.23, -71.95);
insert into SHOT values (4673, 4682, 4688, 2264, 1.380, 276.45, -19.90, 1.381, 276.63, -19.90, 0.004, 351.87, -3.66);
insert into SHOT values (4674, 4682, 4689, 2264, 7.430, 275.35, -6.30, 7.427, 275.36, -6.26, 0.006, 60.90, 57.36);
insert into SHOT values (4675, 4682, 4690, 2264, 20.120, 274.95, 4.00, 20.124, 274.94, 4.02, 0.008, 252.70, 58.45);
insert into SHOT values (4676, 4682, 4691, 2264, 5.340, 272.75, 21.70, 5.346, 272.77, 21.74, 0.007, 297.11, 50.06);
insert into SHOT values (4677, 4682, 4692, 2264, 9.720, 260.65, 6.10, 9.724, 260.65, 6.14, 0.008, 278.71, 63.58);
insert into SHOT values (4678, 4682, 4693, 2264, 17.660, 266.15, 1.00, 17.663, 266.14, 1.01, 0.005, 214.00, 21.23);
insert into SHOT values (4679, 4682, 4694, 2264, 13.320, 283.45, 0.90, 13.318, 283.46, 0.90, 0.004, 50.47, 10.69);
insert into SHOT values (4680, 4682, 4695, 2264, 23.690, 280.05, 0.30, 23.693, 280.04, 0.31, 0.008, 228.59, 50.50);
insert into SHOT values (4681, 4682, 4696, 2264, 24.420, 276.75, -3.00, 24.442, 277.11, -3.05, 0.156, 359.11, -8.09);
insert into SHOT values (4682, 4696, 4697, 2264, 4.080, 198.15, 14.20, 4.081, 198.11, 14.19, 0.003, 125.63, -19.27);
insert into SHOT values (4683, 4696, 4698, 2264, 1.450, 201.15, -27.40, 1.453, 201.39, -27.47, 0.006, 276.49, -25.86);
insert into SHOT values (4684, 4696, 4699, 2264, 1.590, 357.35, 20.20, 1.590, 357.31, 20.24, 0.001, 237.71, 40.71);
insert into SHOT values (4685, 4696, 4700, 2264, 2.100, 306.75, 75.80, 2.094, 307.09, 75.79, 0.007, 57.16, -60.51);
insert into SHOT values (4686, 4696, 4701, 2264, 6.150, 260.55, 0.70, 6.154, 260.55, 0.65, 0.006, 268.19, -52.44);
insert into SHOT values (4687, 4696, 4702, 2264, 11.070, 318.65, -15.30, 11.077, 318.64, -15.28, 0.007, 310.39, 8.51);
insert into SHOT values (4688, 4696, 4703, 2264, 1.500, 245.35, -37.30, 1.505, 245.36, -37.19, 0.006, 247.40, -9.62);
insert into SHOT values (4689, 4696, 4704, 2264, 5.900, 278.65, -31.40, 5.905, 278.68, -31.44, 0.007, 334.74, -63.14);
insert into SHOT values (4690, 4696, 4705, 2264, 20.900, 300.35, -5.40, 20.922, 300.37, -5.43, 0.026, 320.81, -30.78);
insert into SHOT values (4691, 4705, 4706, 2264, 13.510, 141.55, -6.50, 13.504, 141.57, -6.51, 0.008, 285.94, -4.71);
insert into SHOT values (4692, 4705, 4707, 2264, 11.600, 23.65, 12.40, 11.600, 23.62, 12.40, 0.005, 294.02, -10.86);
insert into SHOT values (4693, 4705, 4708, 2264, 1.070, 15.45, -22.50, 1.076, 15.15, -22.40, 0.008, 335.16, -3.83);
insert into SHOT values (4694, 4705, 4709, 2264, 2.880, 82.75, 67.60, 2.874, 82.61, 67.74, 0.009, 279.54, -16.97);
insert into SHOT values (4695, 4705, 4710, 2264, 9.220, 90.55, 18.30, 9.218, 90.52, 18.34, 0.007, 318.53, 45.01);
insert into SHOT values (4696, 4705, 4711, 2264, 24.950, 102.25, 3.80, 24.941, 102.25, 3.79, 0.009, 279.27, -22.34);
insert into SHOT values (4697, 4705, 4712, 2264, 18.050, 319.65, 7.90, 18.056, 319.65, 7.89, 0.006, 321.90, -7.88);
insert into SHOT values (4698, 4705, 4713, 2264, 15.280, 189.35, -0.70, 15.276, 189.38, -0.71, 0.011, 305.90, -18.13);
insert into SHOT values (4699, 4705, 4714, 2264, 13.020, 161.55, 0.80, 13.020, 161.55, 0.79, 0.002, 223.60, -66.37);
insert into SHOT values (4700, 4705, 4715, 2264, 18.880, 223.35, 4.30, 18.884, 223.36, 4.31, 0.008, 277.06, 33.10);
insert into SHOT values (4701, 4705, 4716, 2264, 9.970, 200.45, 16.80, 9.969, 200.49, 16.79, 0.007, 298.92, -14.55);
insert into SHOT values (4702, 4705, 4717, 2264, 8.770, 210.25, -1.70, 8.777, 210.48, -1.76, 0.038, 290.35, -15.12);
insert into SHOT values (4703, 4717, 4718, 2264, 9.350, 282.65, 1.60, 9.339, 282.62, 1.60, 0.012, 124.24, -5.28);
insert into SHOT values (4704, 4717, 4719, 2264, 3.090, 61.25, 79.90, 3.089, 61.56, 79.82, 0.005, 97.58, -23.06);
insert into SHOT values (4705, 4717, 4720, 2264, 10.780, 104.95, 9.10, 10.786, 104.96, 9.07, 0.009, 126.56, -34.02);
insert into SHOT values (4706, 4717, 4721, 2264, 11.230, 251.15, -3.70, 11.225, 251.14, -3.73, 0.008, 78.46, -43.70);
insert into SHOT values (4707, 4717, 4722, 2264, 12.910, 229.05, -7.50, 12.906, 229.02, -7.52, 0.009, 96.92, -34.87);
insert into SHOT values (4708, 4717, 4723, 2264, 33.880, 213.85, -4.30, 33.877, 213.84, -4.30, 0.008, 99.32, 2.02);
insert into SHOT values (4709, 4717, 4724, 2264, 15.260, 215.85, 14.10, 15.256, 215.82, 14.07, 0.011, 113.66, -42.39);
insert into SHOT values (4710, 4717, 4725, 2264, 2.800, 201.05, 60.30, 2.799, 200.65, 60.24, 0.010, 122.62, -12.49);
insert into SHOT values (4711, 4717, 4726, 2264, 9.600, 134.95, -6.10, 9.607, 134.96, -6.09, 0.008, 147.07, 1.03);
insert into SHOT values (4712, 4717, 4727, 2264, 8.180, 188.25, -28.20, 8.186, 188.21, -28.21, 0.008, 142.60, -33.19);
insert into SHOT values (4713, 4717, 4728, 2264, 17.200, 192.75, -11.40, 17.205, 192.74, -11.40, 0.005, 173.58, -3.37);
insert into SHOT values (4714, 4717, 4548, 2264, 51.210, 235.48, -6.69, 51.220, 236.04, -7.10, 0.621, 329.59, -35.88);
insert into SHOT values (4715, 4705, 4729, 2264, 10.900, 346.25, 0.80, 10.910, 345.89, 0.79, 0.069, 264.62, -1.80);
insert into SHOT values (4716, 4729, 4730, 2264, 5.670, 82.35, 9.30, 5.676, 82.30, 9.33, 0.008, 41.40, 29.38);
insert into SHOT values (4717, 4729, 4731, 2264, 6.940, 47.45, 2.70, 6.944, 47.45, 2.72, 0.005, 58.41, 39.18);
insert into SHOT values (4718, 4729, 4732, 2264, 4.120, 11.95, -13.80, 4.125, 11.95, -13.74, 0.006, 16.64, 25.23);
insert into SHOT values (4719, 4729, 4733, 2264, 9.780, 21.25, -5.20, 9.783, 21.24, -5.22, 0.004, 5.96, -56.71);
insert into SHOT values (4720, 4729, 4734, 2264, 5.380, 10.05, 22.20, 5.384, 10.05, 22.15, 0.006, 9.88, -27.72);
insert into SHOT values (4721, 4729, 4735, 2264, 12.980, 12.95, 2.20, 12.980, 12.96, 2.21, 0.004, 99.71, 24.47);
insert into SHOT values (4722, 4729, 4736, 2264, 10.250, 349.35, -2.40, 10.255, 349.37, -2.40, 0.006, 28.51, -7.10);
insert into SHOT values (4723, 4729, 4737, 2264, 5.800, 333.75, 3.20, 5.796, 333.74, 3.17, 0.005, 158.45, -43.69);
insert into SHOT values (4724, 4729, 4738, 2264, 3.380, 337.75, 68.90, 3.378, 337.85, 68.83, 0.005, 11.42, -40.90);
insert into SHOT values (4725, 4729, 4739, 2264, 8.900, 292.55, 12.20, 8.898, 292.58, 12.20, 0.006, 43.22, -7.65);
insert into SHOT values (4726, 4729, 4740, 2264, 15.840, 33.85, 0.10, 15.829, 33.43, 0.07, 0.117, 298.00, -3.76);
insert into SHOT values (4727, 4740, 4741, 2264, 4.630, 316.05, 6.80, 4.630, 316.06, 6.82, 0.002, 76.63, 63.55);
insert into SHOT values (4728, 4740, 4742, 2264, 0.580, 10.85, -45.50, 0.578, 11.31, -45.15, 0.005, 78.07, 45.94);
insert into SHOT values (4729, 4740, 4743, 2264, 2.370, 68.95, 74.20, 2.369, 69.03, 74.26, 0.003, 231.10, -9.04);
insert into SHOT values (4730, 4740, 4744, 2264, 10.680, 3.45, 19.20, 10.682, 3.47, 19.18, 0.005, 55.61, -29.21);
insert into SHOT values (4731, 4740, 4745, 2264, 18.100, 20.45, 13.70, 18.102, 20.43, 13.71, 0.006, 310.82, 35.04);
insert into SHOT values (4732, 4740, 4746, 2264, 3.320, 29.05, 12.00, 3.322, 29.09, 11.99, 0.003, 72.13, -4.51);
insert into SHOT values (4733, 4740, 4747, 2264, 14.590, 32.65, 17.50, 14.596, 32.65, 17.50, 0.006, 41.09, 28.20);
insert into SHOT values (4734, 4740, 4748, 2264, 13.940, 41.55, 16.30, 13.934, 41.54, 16.30, 0.006, 230.47, -25.37);
insert into SHOT values (4735, 4740, 4749, 2264, 12.170, 81.15, 19.80, 12.165, 81.15, 19.80, 0.005, 243.99, -27.94);
insert into SHOT values (4736, 4740, 4750, 2264, 12.580, 90.75, 14.70, 12.582, 90.75, 14.69, 0.004, 111.87, -36.93);
insert into SHOT values (4737, 4740, 4751, 2264, 4.540, 137.65, 19.20, 4.541, 137.65, 19.15, 0.004, 132.43, -54.50);
insert into SHOT values (4738, 4740, 4752, 2264, 5.610, 100.25, 18.00, 5.590, 100.30, 18.03, 0.021, 267.83, -10.00);
insert into SHOT values (4739, 4752, 4753, 2264, 6.780, 106.25, 9.80, 6.777, 106.26, 9.86, 0.007, 261.14, 54.47);
insert into SHOT values (4740, 4752, 4754, 2264, 7.870, 80.95, 8.20, 7.869, 80.91, 8.26, 0.009, 330.54, 55.60);
insert into SHOT values (4741, 4752, 4755, 2264, 12.930, 51.45, 8.70, 12.929, 51.42, 8.72, 0.008, 309.03, 30.76);
insert into SHOT values (4742, 4752, 4756, 2264, 3.670, 26.15, 12.10, 3.677, 26.07, 12.09, 0.009, 350.88, 4.50);
insert into SHOT values (4743, 4752, 4757, 2264, 8.690, 125.15, 8.50, 8.688, 125.10, 8.54, 0.010, 17.91, 34.00);
insert into SHOT values (4744, 4752, 4758, 2264, 3.920, 140.85, 18.80, 3.915, 140.81, 18.93, 0.011, 338.92, 39.22);
insert into SHOT values (4745, 4752, 4759, 2264, 2.120, 179.15, 5.40, 2.120, 179.19, 5.41, 0.002, 284.54, 18.98);
insert into SHOT values (4746, 4752, 4760, 2264, 25.360, 148.35, 6.10, 25.355, 148.35, 6.11, 0.008, 335.66, 40.35);
insert into SHOT values (4747, 4752, 4761, 2264, 14.840, 139.85, -0.00, 14.838, 139.84, 0.00, 0.003, 18.48, 0.00);
insert into SHOT values (4748, 4752, 4762, 2264, 9.330, 68.25, 5.30, 9.334, 68.21, 5.29, 0.008, 10.79, -13.94);
insert into SHOT values (4749, 4752, 4763, 2264, 14.330, 68.45, 6.70, 14.333, 68.45, 6.69, 0.004, 56.64, -28.56);
insert into SHOT values (4750, 4752, 4764, 2264, 19.020, 71.35, 9.50, 19.009, 70.44, 9.23, 0.309, 341.49, -16.78);
insert into SHOT values (4751, 4764, 4765, 2264, 6.870, 70.25, 6.40, 6.872, 70.32, 6.43, 0.009, 148.15, 26.30);
insert into SHOT values (4752, 4764, 4766, 2264, 1.950, 90.65, 71.40, 1.951, 90.92, 71.47, 0.004, 213.07, 27.62);
insert into SHOT values (4753, 4764, 4767, 2264, 0.690, 335.45, -29.90, 0.685, 335.16, -29.74, 0.006, 199.64, 42.43);
insert into SHOT values (4754, 4764, 4768, 2264, 2.080, 155.85, 7.80, 2.082, 155.67, 7.73, 0.007, 86.94, -18.51);
insert into SHOT values (4755, 4764, 4769, 2264, 8.460, 132.65, 1.40, 8.460, 132.65, 1.42, 0.003, 260.86, 77.64);
insert into SHOT values (4756, 4764, 4770, 2264, 10.230, 101.75, 5.70, 10.236, 101.78, 5.72, 0.009, 152.64, 25.48);
insert into SHOT values (4757, 4764, 4771, 2264, 7.270, 10.85, 13.70, 7.263, 10.86, 13.70, 0.007, 174.47, -14.58);
insert into SHOT values (4758, 4764, 4772, 2264, 7.630, 294.65, -0.80, 7.626, 294.65, -0.83, 0.006, 112.79, -37.77);
insert into SHOT values (4759, 4764, 4773, 2264, 2.700, 317.55, -9.30, 2.697, 317.44, -9.39, 0.007, 194.34, -30.68);
insert into SHOT values (4760, 4764, 4774, 2264, 7.340, 325.65, 14.50, 7.335, 325.62, 14.53, 0.007, 181.29, 18.02);
insert into SHOT values (4761, 4764, 4775, 2264, 9.320, 113.05, -0.20, 9.324, 113.05, -0.18, 0.005, 106.78, 31.18);
insert into SHOT values (4762, 4764, 4776, 2264, 12.110, 332.15, 4.50, 12.130, 332.10, 4.30, 0.047, 308.69, -57.71);
insert into SHOT values (4763, 4776, 4777, 2264, 1.110, 349.65, -36.40, 1.112, 349.70, -36.42, 0.002, 26.09, -46.54);
insert into SHOT values (4764, 4776, 4778, 2264, 15.390, 336.55, 3.20, 15.391, 336.57, 3.20, 0.006, 58.22, 8.20);
insert into SHOT values (4765, 4776, 4779, 2264, 20.700, 22.95, 3.70, 20.701, 22.97, 3.71, 0.008, 108.90, 33.60);
insert into SHOT values (4766, 4776, 4780, 2264, 7.150, 71.95, 10.60, 7.150, 71.93, 10.64, 0.006, 316.83, 57.83);
insert into SHOT values (4767, 4776, 4781, 2264, 1.500, 352.35, 53.20, 1.499, 352.32, 53.19, 0.001, 213.69, -59.66);
insert into SHOT values (4768, 4776, 4782, 2264, 13.160, 77.05, 17.90, 13.167, 77.04, 17.91, 0.008, 60.46, 38.76);
insert into SHOT values (4769, 4776, 4783, 2264, 5.540, 128.75, 11.60, 5.539, 128.79, 11.56, 0.006, 215.92, -43.83);
insert into SHOT values (4770, 4776, 4784, 2264, 14.010, 100.95, 23.20, 14.009, 100.97, 23.21, 0.005, 211.78, 9.61);
insert into SHOT values (4771, 4776, 4785, 2264, 2.260, 121.05, -22.40, 2.261, 121.10, -22.36, 0.003, 183.06, 27.50);
insert into SHOT values (4772, 4776, 4786, 2264, 7.670, 247.25, -6.40, 7.671, 247.24, -6.36, 0.005, 202.41, 64.63);
insert into SHOT values (4773, 4776, 4787, 2264, 14.250, 264.25, -11.60, 14.250, 264.24, -11.58, 0.006, 232.64, 72.62);
insert into SHOT values (4774, 4776, 4788, 2264, 12.750, 252.25, -7.60, 12.744, 252.25, -7.62, 0.008, 62.34, -27.87);
insert into SHOT values (4775, 4776, 4789, 2264, 5.400, 250.35, -15.50, 5.399, 250.35, -15.47, 0.003, 90.27, 80.60);
insert into SHOT values (4776, 4776, 4790, 2264, 15.040, 243.85, -13.30, 15.045, 244.28, -13.49, 0.120, 337.56, -24.58);
insert into SHOT values (4777, 4790, 4791, 2264, 5.250, 144.55, 7.50, 5.251, 144.54, 7.55, 0.005, 85.39, 78.63);
insert into SHOT values (4778, 4790, 4792, 2264, 2.280, 197.55, 69.60, 2.284, 197.53, 69.57, 0.004, 189.62, 52.84);
insert into SHOT values (4779, 4790, 4793, 2264, 3.780, 299.75, 8.20, 3.783, 299.78, 8.21, 0.004, 334.65, 12.26);
insert into SHOT values (4780, 4790, 4794, 2264, 1.390, 333.45, -49.90, 1.387, 333.43, -49.84, 0.003, 166.23, 74.03);
insert into SHOT values (4781, 4790, 4795, 2264, 2.320, 233.05, 70.40, 2.324, 232.84, 70.44, 0.005, 138.24, 56.80);
insert into SHOT values (4782, 4790, 4796, 2264, 5.220, 68.95, 19.40, 5.218, 68.91, 19.48, 0.008, 285.31, 49.75);
insert into SHOT values (4783, 4790, 4797, 2264, 5.530, 40.25, 4.00, 5.527, 40.22, 4.05, 0.006, 263.07, 44.96);
insert into SHOT values (4784, 4790, 4798, 2264, 3.340, 226.75, 2.10, 3.341, 226.70, 2.06, 0.004, 160.39, -37.40);
insert into SHOT values (4785, 4790, 4799, 2264, 3.340, 226.75, 3.70, 3.332, 226.95, 3.61, 0.015, 350.20, -21.54);
insert into SHOT values (4786, 4799, 4752, 2264, 9.130, 156.65, -4.00, 9.113, 156.74, -4.15, 0.033, 300.24, -44.81);
insert into SHOT values (4787, 4752, 4800, 2264, 9.690, 131.45, 1.20, 9.685, 131.69, 1.24, 0.042, 229.29, 9.62);
insert into SHOT values (4788, 4800, 4801, 2264, 8.050, 220.85, -3.30, 8.053, 220.86, -3.27, 0.005, 258.87, 42.89);
insert into SHOT values (4789, 4800, 4802, 2264, 3.020, 77.15, 23.80, 3.027, 77.07, 23.77, 0.008, 48.32, 9.08);
insert into SHOT values (4790, 4800, 4803, 2264, 1.080, 146.95, -44.00, 1.078, 147.13, -44.10, 0.004, 287.47, 3.40);
insert into SHOT values (4791, 4800, 4804, 2264, 2.450, 203.15, 58.10, 2.450, 203.20, 58.10, 0.001, 292.80, 0.97);
insert into SHOT values (4792, 4800, 4805, 2264, 7.520, 169.45, 7.40, 7.520, 169.41, 7.41, 0.005, 73.90, 17.80);
insert into SHOT values (4793, 4800, 4806, 2264, 13.880, 104.15, 18.40, 13.879, 104.15, 18.40, 0.002, 229.49, -45.47);
insert into SHOT values (4794, 4800, 4807, 2264, 20.690, 137.05, 9.50, 20.689, 137.03, 9.49, 0.009, 43.19, -31.02);
insert into SHOT values (4795, 4800, 4808, 2264, 7.000, 202.45, -5.70, 7.009, 202.59, -5.65, 0.021, 263.23, 14.38);
insert into SHOT values (4796, 4808, 4809, 2264, 9.330, 99.25, 68.70, 9.330, 99.32, 68.66, 0.008, 137.31, -20.27);
insert into SHOT values (4797, 4808, 4810, 2264, 13.040, 86.75, 63.30, 13.040, 86.77, 63.30, 0.002, 172.42, 10.38);
insert into SHOT values (4798, 4808, 4811, 2264, 28.750, 88.45, 28.80, 28.754, 88.45, 28.79, 0.006, 113.10, -4.06);
insert into SHOT values (4799, 4808, 4812, 2264, 13.030, 56.45, 19.70, 13.034, 56.47, 19.68, 0.007, 90.66, -19.72);
insert into SHOT values (4800, 4808, 4813, 2264, 16.710, 79.75, 18.70, 16.711, 79.78, 18.67, 0.011, 145.45, -41.26);
insert into SHOT values (4801, 4808, 4814, 2264, 16.650, 121.45, 14.70, 16.648, 121.44, 14.68, 0.006, 14.16, -63.98);
insert into SHOT values (4802, 4808, 4815, 2264, 1.080, 144.05, -40.40, 1.086, 143.82, -40.14, 0.008, 120.56, -0.21);
insert into SHOT values (4803, 4808, 4816, 2264, 21.760, 199.25, 0.60, 21.757, 199.24, 0.61, 0.004, 50.23, 28.74);
insert into SHOT values (4804, 4808, 4817, 2264, 3.810, 269.45, 3.40, 3.807, 269.40, 3.31, 0.008, 137.19, -52.40);
insert into SHOT values (4805, 4808, 4818, 2264, 15.790, 224.55, -6.80, 15.812, 224.59, -6.87, 0.030, 253.57, -42.82);
insert into SHOT values (4806, 4818, 4705, 2264, 4.990, 284.35, 5.50, 4.994, 284.20, 5.40, 0.016, 215.97, -31.57);
insert into SHOT values (4807, 4808, 4819, 2264, 5.680, 77.35, 11.10, 5.683, 77.36, 11.16, 0.007, 116.68, 74.59);
insert into SHOT values (4808, 4819, 4820, 2264, 0.450, 168.95, 0.50, 0.449, 168.44, 0.00, 0.006, 66.35, -43.89);
insert into SHOT values (4809, 4819, 4821, 2264, 8.740, 114.55, 66.80, 8.740, 114.49, 66.75, 0.009, 86.91, -21.66);
insert into SHOT values (4810, 4819, 4822, 2264, 5.390, 9.95, 21.40, 5.385, 9.99, 21.34, 0.008, 133.99, -57.68);
insert into SHOT values (4811, 4819, 4823, 2264, 2.360, 107.35, -9.50, 2.367, 107.19, -9.48, 0.009, 63.88, -3.04);
insert into SHOT values (4812, 4819, 4824, 2264, 8.070, 100.65, 4.30, 8.071, 100.67, 4.26, 0.006, 157.16, -56.89);
insert into SHOT values (4813, 4819, 4825, 2264, 11.630, 84.25, 15.70, 11.628, 84.26, 15.67, 0.007, 172.75, -73.46);
insert into SHOT values (4814, 4819, 4826, 2264, 36.490, 123.05, 6.60, 36.496, 123.05, 6.59, 0.008, 110.20, -31.12);
insert into SHOT values (4815, 4819, 4827, 2264, 26.900, 101.25, 12.00, 26.908, 101.16, 12.23, 0.115, 350.94, 68.17);
insert into SHOT values (4816, 4827, 4651, 2264, 23.010, 163.65, -15.10, 22.992, 163.51, -15.15, 0.061, 50.96, -15.08);
insert into SHOT values (4817, 4827, 4681, 2264, 25.350, 119.25, 2.60, 25.351, 119.55, 2.62, 0.134, 209.22, 4.29);
insert into SHOT values (4818, 4681, 4828, 2264, 3.740, 162.75, -6.90, 3.734, 162.74, -6.92, 0.006, 348.90, -6.56);
insert into SHOT values (4819, 4681, 4829, 2264, 7.710, 153.95, -40.00, 7.707, 153.96, -40.06, 0.008, 327.35, -29.50);
insert into SHOT values (4820, 4681, 4830, 2264, 11.560, 101.75, -18.40, 11.560, 101.73, -18.41, 0.004, 12.78, -17.51);
insert into SHOT values (4821, 4681, 4831, 2264, 11.990, 74.05, 1.90, 11.990, 74.02, 1.91, 0.007, 343.45, 19.74);
insert into SHOT values (4822, 4681, 4832, 2264, 8.860, 20.85, 6.50, 8.862, 20.82, 6.48, 0.005, 318.51, -33.98);
insert into SHOT values (4823, 4681, 4833, 2264, 4.760, 37.95, 31.90, 4.762, 37.86, 31.95, 0.008, 303.18, 37.43);
insert into SHOT values (4824, 4681, 4834, 2264, 12.030, 60.15, 11.10, 12.034, 60.13, 11.12, 0.006, 19.31, 43.28);
insert into SHOT values (4825, 4681, 4835, 2264, 12.010, 41.95, 7.10, 12.010, 41.91, 7.08, 0.010, 312.46, -26.43);
insert into SHOT values (4826, 4681, 4836, 2264, 13.310, 71.95, 2.30, 13.308, 71.91, 2.28, 0.011, 332.33, -22.60);
insert into SHOT values (4827, 4681, 4837, 2264, 9.560, 57.05, 0.20, 9.558, 57.04, 0.18, 0.004, 270.41, -59.20);
insert into SHOT values (4828, 4681, 4838, 2264, 20.040, 350.75, 4.60, 20.044, 350.75, 4.61, 0.005, 19.49, 31.02);
insert into SHOT values (4829, 4681, 4839, 2264, 35.950, 309.75, -0.20, 35.952, 309.75, -0.21, 0.006, 8.12, -54.14);
insert into SHOT values (4830, 4681, 4840, 2264, 20.420, 307.45, -6.40, 20.421, 307.45, -6.41, 0.004, 23.40, -71.74);
insert into SHOT values (4831, 4681, 4841, 2264, 8.890, 289.95, -25.80, 8.899, 290.00, -25.78, 0.011, 325.67, -4.02);
insert into SHOT values (4832, 4681, 4842, 2264, 9.410, 250.65, -37.50, 9.415, 250.69, -37.49, 0.008, 301.11, -11.87);
insert into SHOT values (4833, 4681, 4843, 2264, 16.510, 58.25, 3.30, 16.508, 58.22, 3.30, 0.008, 316.93, -2.60);
insert into SHOT values (4834, 4843, 4844, 2264, 5.150, 171.25, 2.40, 5.156, 171.18, 2.45, 0.009, 122.02, 27.46);
insert into SHOT values (4835, 4843, 4845, 2264, 2.630, 172.55, -18.00, 2.630, 172.42, -17.94, 0.006, 88.43, 25.86);
insert into SHOT values (4836, 4843, 4846, 2264, 6.960, 134.75, 0.80, 6.966, 134.71, 0.82, 0.008, 95.38, 20.73);
insert into SHOT values (4837, 4843, 4847, 2264, 9.580, 107.05, 9.50, 9.586, 107.04, 9.49, 0.007, 89.20, -9.99);
insert into SHOT values (4838, 4843, 4848, 2264, 6.590, 104.45, 1.60, 6.592, 104.50, 1.56, 0.008, 171.99, -31.71);
insert into SHOT values (4839, 4843, 4849, 2264, 2.040, 94.25, 46.60, 2.040, 94.49, 46.50, 0.007, 160.44, -18.66);
insert into SHOT values (4840, 4843, 4850, 2264, 3.520, 59.15, 16.70, 3.525, 59.18, 16.65, 0.006, 79.72, -14.97);
insert into SHOT values (4841, 4843, 4851, 2264, 3.350, 19.95, -8.10, 3.355, 20.07, -8.05, 0.009, 74.16, 12.89);
insert into SHOT values (4842, 4843, 4852, 2264, 7.700, 31.05, -1.50, 7.696, 31.07, -1.49, 0.005, 179.64, 18.77);
insert into SHOT values (4843, 4843, 4853, 2264, 6.480, 29.25, 13.70, 6.478, 29.29, 13.66, 0.007, 127.07, -43.22);
insert into SHOT values (4844, 4843, 4854, 2264, 5.510, 4.75, 10.40, 5.508, 4.76, 10.35, 0.005, 122.12, -70.44);
insert into SHOT values (4845, 4843, 4855, 2264, 5.900, 328.45, 12.80, 5.898, 328.44, 12.83, 0.004, 168.52, 44.68);
insert into SHOT values (4846, 4843, 4856, 2264, 11.580, 42.75, 8.30, 11.578, 42.77, 8.29, 0.005, 155.68, -17.88);
insert into SHOT values (4847, 4843, 4857, 2264, 7.810, 91.75, 7.50, 7.811, 91.78, 7.50, 0.004, 173.69, 8.80);
insert into SHOT values (4848, 4857, 4858, 2264, 3.290, 168.25, 4.90, 3.291, 168.21, 4.88, 0.003, 107.29, -22.45);
insert into SHOT values (4849, 4857, 4859, 2264, 1.540, 348.85, 14.90, 1.539, 349.14, 15.06, 0.009, 90.87, 27.12);
insert into SHOT values (4850, 4857, 4860, 2264, 2.990, 38.55, 68.30, 2.994, 38.42, 68.23, 0.006, 11.14, 19.08);
insert into SHOT values (4851, 4857, 4861, 2264, 2.510, 114.45, 68.50, 2.506, 114.34, 68.41, 0.006, 74.21, -63.51);
insert into SHOT values (4852, 4857, 4862, 2264, 1.710, 160.25, -28.50, 1.709, 160.11, -28.67, 0.006, 26.13, -39.88);
insert into SHOT values (4853, 4857, 4863, 2264, 4.580, 112.65, -21.40, 4.583, 112.60, -21.37, 0.005, 66.15, 12.75);
insert into SHOT values (4854, 4857, 4864, 2264, 4.340, 98.15, -14.00, 4.340, 98.05, -14.00, 0.007, 11.78, -0.48);
insert into SHOT values (4855, 4857, 4865, 2264, 10.920, 105.55, 4.00, 10.925, 105.54, 3.99, 0.006, 90.61, -18.39);
insert into SHOT values (4856, 4857, 4866, 2264, 12.030, 87.55, 15.00, 12.030, 87.53, 14.98, 0.005, 10.81, -50.75);
insert into SHOT values (4857, 4857, 4867, 2264, 7.710, 76.45, 33.00, 7.715, 76.41, 32.99, 0.006, 38.88, 7.68);
insert into SHOT values (4858, 4857, 4868, 2264, 3.600, 89.45, 52.50, 3.602, 89.48, 52.56, 0.004, 232.37, 65.17);
insert into SHOT values (4859, 4857, 4869, 2264, 5.780, 63.05, 17.70, 5.784, 63.02, 17.72, 0.005, 21.46, 30.35);
insert into SHOT values (4860, 4857, 4870, 2264, 9.880, 75.05, 6.90, 9.884, 75.06, 6.92, 0.005, 100.24, 39.46);
insert into SHOT values (4861, 4870, 4871, 2264, 3.240, 195.25, 67.70, 3.230, 195.17, 67.76, 0.010, 28.49, -47.63);
insert into SHOT values (4862, 4870, 4872, 2264, 5.610, 139.95, 8.30, 5.609, 139.97, 8.30, 0.002, 250.80, 4.12);
insert into SHOT values (4863, 4870, 4873, 2264, 5.970, 189.75, 1.60, 5.968, 189.75, 1.54, 0.007, 15.78, -76.81);
insert into SHOT values (4864, 4870, 4874, 2264, 7.890, 228.75, 0.50, 7.887, 228.75, 0.51, 0.003, 35.85, 22.57);
insert into SHOT values (4865, 4870, 4875, 2264, 2.810, 273.05, 0.50, 2.814, 273.06, 0.41, 0.006, 278.17, -47.63);
insert into SHOT values (4866, 4870, 4876, 2264, 2.500, 343.05, -1.50, 2.500, 343.02, -1.60, 0.005, 247.31, -72.48);
insert into SHOT values (4867, 4870, 4877, 2264, 1.520, 337.65, -24.90, 1.523, 337.89, -24.86, 0.007, 41.47, -0.22);
insert into SHOT values (4868, 4870, 4878, 2264, 3.460, 18.45, 60.90, 3.459, 18.33, 60.83, 0.006, 326.45, -35.83);
insert into SHOT values (4869, 4870, 4879, 2264, 2.160, 45.65, 1.50, 2.157, 45.56, 1.33, 0.008, 277.70, -58.33);
insert into SHOT values (4870, 4870, 4880, 2264, 2.670, 50.45, 16.90, 2.670, 50.40, 16.76, 0.007, 3.71, -62.33);
insert into SHOT values (4871, 4870, 4881, 2264, 3.670, 62.45, 54.40, 3.665, 62.35, 54.40, 0.006, 293.76, -42.27);
insert into SHOT values (4872, 4870, 4882, 2264, 3.960, 113.35, 41.60, 3.960, 113.27, 41.61, 0.004, 18.52, 12.64);
insert into SHOT values (4873, 4870, 4883, 2264, 5.140, 52.75, 22.00, 5.138, 52.67, 21.94, 0.008, 326.63, -41.29);
insert into SHOT values (4874, 4883, 4884, 2264, 2.480, 350.35, 20.40, 2.481, 350.33, 20.53, 0.006, 190.08, 74.09);
insert into SHOT values (4875, 4883, 4885, 2264, 1.910, 10.55, 79.50, 1.912, 11.63, 79.54, 0.007, 109.20, 16.60);
insert into SHOT values (4876, 4883, 4886, 2264, 2.530, 148.35, 17.80, 2.535, 148.22, 17.92, 0.009, 84.50, 47.94);
insert into SHOT values (4877, 4883, 4887, 2264, 0.860, 121.65, -30.20, 0.864, 121.36, -29.84, 0.008, 90.02, 19.69);
insert into SHOT values (4878, 4883, 4888, 2264, 3.400, 57.65, -20.20, 3.403, 57.65, -20.11, 0.006, 60.46, 38.31);
insert into SHOT values (4879, 4883, 4889, 2264, 5.240, 63.75, 0.70, 5.242, 63.73, 0.77, 0.007, 18.58, 66.86);
insert into SHOT values (4880, 4883, 4890, 2264, 8.070, 64.65, 13.60, 8.073, 64.64, 13.61, 0.003, 47.99, 47.01);
insert into SHOT values (4881, 4883, 4891, 2264, 6.570, 57.75, 30.10, 6.573, 57.79, 30.13, 0.007, 137.80, 49.16);
insert into SHOT values (4882, 4883, 4892, 2264, 4.130, 275.25, 9.70, 4.127, 275.22, 9.77, 0.006, 121.29, 42.28);
insert into SHOT values (4883, 4883, 4893, 2264, 8.200, 66.65, 15.80, 8.206, 66.65, 15.77, 0.007, 67.70, -22.20);
insert into SHOT values (4884, 4893, 4894, 2264, 2.450, 156.75, 44.90, 2.453, 156.97, 44.86, 0.008, 222.75, 4.67);
insert into SHOT values (4885, 4893, 4895, 2264, 2.380, 323.45, 23.70, 2.382, 323.39, 23.77, 0.004, 252.99, 56.49);
insert into SHOT values (4886, 4893, 4896, 2264, 1.060, 337.65, -31.70, 1.055, 337.14, -31.41, 0.011, 239.75, 40.71);
insert into SHOT values (4887, 4893, 4897, 2264, 2.080, 208.15, 89.20, 2.080, 213.69, 89.01, 0.008, 235.11, 1.51);
insert into SHOT values (4888, 4893, 4898, 2264, 3.450, 45.85, 54.70, 3.450, 46.02, 54.83, 0.010, 182.68, 26.48);
insert into SHOT values (4889, 4893, 4899, 2264, 5.200, 32.45, 44.00, 5.199, 32.41, 44.13, 0.012, 226.54, 39.10);
insert into SHOT values (4890, 4681, 4900, 2264, 13.230, 349.75, -0.60, 13.233, 349.73, -0.61, 0.006, 289.36, -14.04);
insert into SHOT values (4891, 4900, 4901, 2264, 4.410, 104.85, 3.90, 4.415, 104.73, 3.90, 0.010, 43.63, 0.29);
insert into SHOT values (4892, 4900, 4902, 2264, 3.900, 62.95, -19.00, 3.906, 62.95, -18.97, 0.007, 63.68, -2.47);
insert into SHOT values (4893, 4900, 4903, 2264, 6.630, 6.95, 11.30, 6.637, 6.97, 11.30, 0.007, 29.28, 6.96);
insert into SHOT values (4894, 4900, 4904, 2264, 6.980, 34.85, 54.10, 6.986, 34.85, 54.12, 0.006, 50.22, 73.81);
insert into SHOT values (4895, 4900, 4905, 2264, 9.280, 50.15, 9.50, 9.285, 50.14, 9.48, 0.006, 35.01, -15.40);
insert into SHOT values (4896, 4900, 4906, 2264, 19.910, 61.85, -3.00, 19.909, 61.85, -2.99, 0.002, 213.61, 62.25);
insert into SHOT values (4897, 4900, 4907, 2264, 12.100, 52.55, -7.40, 12.106, 52.55, -7.40, 0.006, 51.92, -16.25);
insert into SHOT values (4898, 4900, 4908, 2264, 14.600, 150.05, 3.60, 14.598, 150.02, 3.61, 0.008, 44.25, 24.46);
insert into SHOT values (4899, 4900, 4909, 2264, 20.370, 197.05, -4.40, 20.361, 197.04, -4.39, 0.009, 30.09, 17.65);
insert into SHOT values (4900, 4900, 4910, 2264, 23.940, 251.05, -7.50, 23.941, 251.05, -7.49, 0.005, 225.80, 67.02);
insert into SHOT values (4901, 4900, 4911, 2264, 26.520, 297.75, 1.80, 26.520, 297.74, 1.79, 0.004, 226.70, -59.38);
insert into SHOT values (4902, 4900, 4912, 2264, 8.450, 278.05, -13.30, 8.447, 278.04, -13.28, 0.005, 118.86, 55.40);
insert into SHOT values (4903, 4900, 4913, 2264, 7.190, 273.35, 14.90, 7.184, 273.39, 14.92, 0.008, 56.61, 9.03);
insert into SHOT values (4904, 4900, 4914, 2264, 2.470, 159.05, -46.00, 2.472, 158.82, -46.05, 0.008, 69.93, -25.18);
insert into SHOT values (4905, 4900, 4915, 2264, 17.540, 39.15, -1.00, 17.545, 39.17, -0.98, 0.010, 93.43, 36.63);
insert into SHOT values (4906, 4900, 4916, 2264, 17.510, 39.25, -1.00, 17.514, 39.25, -0.98, 0.007, 59.03, 54.12);
insert into SHOT values (4907, 4900, 4917, 2264, 20.330, 39.15, -1.00, 20.339, 39.15, -0.99, 0.011, 49.03, 27.15);
insert into SHOT values (4908, 4900, 4918, 2264, 17.500, 39.15, -1.00, 17.502, 39.16, -0.98, 0.006, 81.39, 57.13);
insert into SHOT values (4909, 4916, 4919, 2264, 2.450, 63.25, 71.20, 2.440, 62.78, 71.18, 0.012, 312.39, -53.70);
insert into SHOT values (4910, 4916, 4920, 2264, 8.890, 90.25, 9.20, 8.894, 90.26, 9.19, 0.005, 114.26, -15.42);
insert into SHOT values (4911, 4916, 4921, 2264, 8.730, 49.45, 6.30, 8.726, 49.44, 6.25, 0.009, 245.75, -66.61);
insert into SHOT values (4912, 4916, 4922, 2264, 7.990, 0.25, 10.40, 7.991, 0.22, 10.38, 0.005, 288.37, -28.95);
insert into SHOT values (4913, 4916, 4923, 2264, 2.760, 326.55, -11.20, 2.760, 326.60, -11.28, 0.005, 66.63, -55.83);
insert into SHOT values (4914, 4916, 4924, 2264, 9.280, 259.55, 6.80, 9.277, 259.56, 6.75, 0.009, 47.99, -74.39);
insert into SHOT values (4915, 4916, 4925, 2264, 1.060, 242.55, -45.20, 1.062, 242.74, -45.67, 0.009, 32.97, -56.70);
insert into SHOT values (4916, 4916, 4926, 2264, 9.860, 233.05, 1.40, 9.859, 233.08, 1.39, 0.006, 332.85, -8.27);
insert into SHOT values (4917, 4916, 4927, 2264, 4.110, 210.95, -12.70, 4.112, 210.91, -12.79, 0.007, 125.62, -70.00);
insert into SHOT values (4918, 4916, 4928, 2264, 3.890, 207.35, 26.30, 3.890, 207.30, 26.25, 0.005, 139.77, -47.98);
insert into SHOT values (4919, 4916, 4929, 2264, 9.160, 146.65, -4.00, 9.156, 146.66, -4.01, 0.005, 306.98, -12.50);
insert into SHOT values (4920, 4916, 4930, 2264, 13.790, 34.95, 6.30, 13.793, 34.93, 6.29, 0.006, 341.43, -31.57);
insert into SHOT values (4921, 4916, 4931, 2264, 12.940, 290.35, 9.40, 12.940, 290.35, 9.38, 0.004, 335.54, -74.19);
insert into SHOT values (4922, 4827, 4932, 2264, 14.790, 3.45, 3.50, 14.779, 3.65, 3.57, 0.057, 106.75, 17.43);
insert into SHOT values (4923, 4932, 4933, 2264, 10.890, 249.05, -1.80, 10.894, 249.07, -1.79, 0.006, 293.24, 20.56);
insert into SHOT values (4924, 4932, 4934, 2264, 6.770, 324.15, 1.30, 6.777, 324.13, 1.27, 0.008, 304.87, -26.61);
insert into SHOT values (4925, 4932, 4935, 2264, 10.410, 344.55, 1.60, 10.412, 344.51, 1.60, 0.008, 271.42, -5.03);
insert into SHOT values (4926, 4932, 4936, 2264, 8.490, 93.25, 9.60, 8.481, 93.22, 9.57, 0.011, 299.33, -33.74);
insert into SHOT values (4927, 4932, 4937, 2264, 15.700, 76.55, 10.00, 15.694, 76.53, 10.02, 0.009, 293.72, 25.02);
insert into SHOT values (4928, 4932, 4938, 2264, 12.010, 35.35, 15.60, 12.013, 35.32, 15.60, 0.005, 334.38, 2.89);
insert into SHOT values (4929, 4932, 4939, 2264, 6.890, 35.15, 40.60, 6.888, 35.12, 40.57, 0.005, 326.12, -52.13);
insert into SHOT values (4930, 4932, 4940, 2264, 0.990, 58.25, 76.10, 0.989, 56.98, 76.05, 0.005, 335.27, -10.71);
insert into SHOT values (4931, 4932, 4941, 2264, 4.550, 93.45, -15.60, 4.545, 93.40, -15.57, 0.007, 308.74, 32.11);
insert into SHOT values (4932, 4932, 4942, 2264, 11.150, 351.15, -1.20, 11.143, 351.22, -1.18, 0.016, 107.25, 12.28);
insert into SHOT values (4933, 4942, 4943, 2264, 1.710, 276.65, 10.40, 1.709, 276.49, 10.45, 0.005, 172.77, 15.43);
insert into SHOT values (4934, 4942, 4944, 2264, 7.500, 348.25, -14.40, 7.495, 348.32, -14.37, 0.011, 102.40, 27.85);
insert into SHOT values (4935, 4942, 4945, 2264, 13.030, 19.45, 3.40, 13.029, 19.49, 3.43, 0.013, 118.01, 34.60);
insert into SHOT values (4936, 4942, 4946, 2264, 5.560, 20.25, 18.90, 5.558, 20.36, 18.90, 0.011, 118.52, -5.18);
insert into SHOT values (4937, 4942, 4947, 2264, 4.950, 18.65, 42.80, 4.956, 18.78, 42.85, 0.011, 98.44, 37.69);
insert into SHOT values (4938, 4942, 4948, 2264, 16.030, 352.55, -0.20, 16.024, 352.58, -0.18, 0.012, 116.69, 30.64);
insert into SHOT values (4939, 4942, 4949, 2264, 28.450, 342.25, 2.00, 28.449, 342.27, 2.01, 0.012, 82.82, 38.07);
insert into SHOT values (4940, 4942, 4950, 2264, 18.020, 337.15, -8.90, 18.012, 337.15, -8.88, 0.010, 146.20, 48.93);
insert into SHOT values (4941, 4942, 4951, 2264, 13.900, 313.15, 0.90, 13.897, 313.13, 0.91, 0.005, 179.66, 18.99);
insert into SHOT values (4942, 4942, 4952, 2264, 19.100, 299.95, 5.00, 19.095, 299.96, 5.02, 0.009, 79.33, 37.77);
insert into SHOT values (4943, 4942, 4953, 2264, 5.490, 303.95, 19.90, 5.487, 303.94, 19.93, 0.004, 140.91, 20.20);
insert into SHOT values (4944, 4942, 4954, 2264, 17.260, 119.55, 14.40, 17.270, 119.55, 14.42, 0.011, 130.50, 41.55);
insert into SHOT values (4945, 4942, 4955, 2264, 16.890, 94.15, 9.30, 16.896, 94.16, 9.30, 0.007, 127.34, 4.10);
insert into SHOT values (4946, 4942, 4956, 2264, 5.810, 82.55, 26.80, 5.817, 82.59, 26.77, 0.008, 108.16, 2.77);
insert into SHOT values (4947, 4942, 4957, 2264, 17.810, 65.75, 6.30, 17.810, 65.75, 6.32, 0.006, 187.88, 77.23);
insert into SHOT values (4948, 4942, 4958, 2264, 12.770, 80.75, -1.60, 12.770, 80.76, -1.57, 0.007, 155.71, 68.95);
insert into SHOT values (4949, 4942, 4959, 2264, 3.510, 88.65, -25.00, 3.508, 88.74, -24.95, 0.006, 182.89, 33.83);
insert into SHOT values (4950, 4942, 4960, 2264, 23.670, 82.75, 9.00, 23.679, 82.75, 9.01, 0.011, 97.60, 40.24);
insert into SHOT values (4951, 4960, 4961, 2264, 11.750, 201.05, 2.10, 11.752, 201.06, 2.10, 0.003, 244.57, -10.29);
insert into SHOT values (4952, 4960, 4962, 2264, 1.500, 197.85, -33.80, 1.508, 198.15, -33.85, 0.010, 246.19, -32.56);
insert into SHOT values (4953, 4960, 4963, 2264, 2.350, 255.55, 61.60, 2.347, 255.59, 61.35, 0.011, 262.15, -42.89);
insert into SHOT values (4954, 4960, 4964, 2264, 4.680, 32.15, 55.00, 4.673, 32.03, 55.04, 0.010, 251.71, -22.41);
insert into SHOT values (4955, 4960, 4965, 2264, 6.470, 69.25, 9.60, 6.465, 69.23, 9.62, 0.006, 266.26, 10.31);
insert into SHOT values (4956, 4960, 4966, 2264, 7.750, 91.35, -7.60, 7.751, 91.34, -7.64, 0.005, 15.77, -81.41);
insert into SHOT values (4957, 4960, 4967, 2264, 7.210, 96.65, 10.10, 7.209, 96.63, 10.07, 0.005, 343.10, -67.13);
insert into SHOT values (4958, 4960, 4968, 2264, 12.490, 88.35, 14.30, 12.481, 88.34, 14.29, 0.009, 277.88, -31.93);
insert into SHOT values (4959, 4960, 4969, 2264, 5.350, 66.35, 45.50, 5.341, 66.38, 45.50, 0.009, 228.14, -41.99);
insert into SHOT values (4960, 4960, 4970, 2264, 13.050, 92.85, 9.50, 13.044, 92.85, 9.49, 0.006, 264.85, -36.94);
insert into SHOT values (4961, 4970, 4971, 2264, 1.210, 184.15, 4.80, 1.208, 184.29, 4.75, 0.004, 313.04, -18.18);
insert into SHOT values (4962, 4970, 4972, 2264, 1.720, 153.35, 7.60, 1.719, 153.13, 7.69, 0.007, 54.46, 21.37);
insert into SHOT values (4963, 4970, 4973, 2264, 2.470, 90.05, 69.70, 2.474, 90.00, 69.66, 0.005, 76.81, 47.28);
insert into SHOT values (4964, 4970, 4974, 2264, 2.090, 32.05, 10.00, 2.085, 32.06, 9.94, 0.006, 205.37, -30.00);
insert into SHOT values (4965, 4970, 4975, 2264, 0.740, 165.95, -65.10, 0.738, 165.07, -65.14, 0.005, 62.73, 13.91);
insert into SHOT values (4966, 4970, 4976, 2264, 2.110, 129.35, 66.20, 2.110, 129.29, 66.16, 0.002, 95.02, -20.04);
insert into SHOT values (4967, 4970, 4977, 2264, 2.050, 127.55, 8.50, 2.054, 127.60, 8.40, 0.006, 150.12, -30.68);
insert into SHOT values (4968, 4970, 4978, 2264, 2.650, 125.75, -16.90, 2.651, 125.70, -16.89, 0.003, 58.39, 8.10);
insert into SHOT values (4969, 4970, 4979, 2264, 2.910, 308.15, -16.40, 2.903, 308.15, -16.41, 0.007, 129.12, 13.14);
insert into SHOT values (4970, 4970, 4980, 2264, 2.960, 261.25, -11.10, 2.959, 261.28, -11.11, 0.002, 22.39, -3.65);
insert into SHOT values (4971, 4970, 4981, 2264, 2.500, 279.15, 16.50, 2.503, 279.11, 16.48, 0.004, 252.28, -0.61);
insert into SHOT values (4972, 4970, 4982, 2264, 10.010, 129.95, -11.90, 10.010, 129.95, -11.88, 0.004, 128.10, 72.96);
insert into SHOT values (4973, 4942, 4983, 2264, 18.790, 338.25, -4.60, 18.777, 338.37, -4.55, 0.044, 84.26, 22.38);
insert into SHOT values (4974, 4983, 4984, 2264, 6.200, 101.15, 11.50, 6.201, 101.20, 11.54, 0.007, 189.52, 35.98);
insert into SHOT values (4975, 4983, 4985, 2264, 9.960, 243.15, 9.70, 9.964, 243.12, 9.71, 0.006, 189.83, 18.22);
insert into SHOT values (4976, 4983, 4986, 2264, 6.000, 205.85, 3.30, 6.008, 205.80, 3.34, 0.010, 170.28, 26.23);
insert into SHOT values (4977, 4983, 4987, 2264, 4.890, 167.55, -17.00, 4.894, 167.54, -16.99, 0.004, 155.28, -4.28);
insert into SHOT values (4978, 4983, 4988, 2264, 3.850, 151.75, 61.00, 3.854, 151.93, 60.97, 0.007, 211.07, 21.73);
insert into SHOT values (4979, 4983, 4989, 2264, 7.860, 42.75, 11.80, 7.859, 42.73, 11.82, 0.004, 270.56, 47.53);
insert into SHOT values (4980, 4983, 4990, 2264, 12.390, 4.25, 30.30, 12.382, 4.24, 30.31, 0.009, 196.66, -7.41);
insert into SHOT values (4981, 4983, 4991, 2264, 13.600, 357.25, 54.40, 13.597, 357.25, 54.43, 0.008, 179.26, 13.29);
insert into SHOT values (4982, 4983, 4992, 2264, 3.960, 2.65, 79.50, 3.956, 2.39, 79.50, 0.005, 255.21, -46.87);
insert into SHOT values (4983, 4983, 4993, 2264, 13.550, 324.65, 21.00, 13.546, 324.63, 21.02, 0.009, 185.63, 28.55);
insert into SHOT values (4984, 4983, 4994, 2264, 24.910, 310.15, 7.10, 24.901, 310.14, 7.10, 0.009, 149.35, 6.71);
insert into SHOT values (4985, 4983, 4995, 2264, 29.400, 295.65, 3.70, 29.398, 295.63, 3.71, 0.010, 192.70, 16.52);
insert into SHOT values (4986, 4983, 4996, 2264, 17.290, 295.25, 22.60, 17.291, 295.22, 22.62, 0.010, 196.84, 31.81);
insert into SHOT values (4987, 4983, 4997, 2264, 12.790, 296.25, -7.40, 12.790, 296.20, -7.41, 0.011, 204.89, -14.66);
insert into SHOT values (4988, 4983, 4998, 2264, 27.160, 242.85, -3.80, 27.158, 242.84, -3.80, 0.005, 125.70, -0.01);
insert into SHOT values (4989, 4983, 4999, 2264, 15.140, 76.45, 3.90, 15.134, 76.48, 3.90, 0.010, 204.84, 1.36);
insert into SHOT values (4990, 4999, 5000, 2264, 1.530, 56.85, -82.10, 1.525, 56.31, -81.85, 0.008, 38.24, 40.72);
insert into SHOT values (4991, 4999, 5001, 2264, 1.190, 171.45, 52.10, 1.189, 171.31, 52.23, 0.003, 24.30, 17.44);
insert into SHOT values (4992, 4999, 5002, 2264, 5.710, 199.95, -1.70, 5.703, 199.90, -1.71, 0.009, 55.02, -3.93);
insert into SHOT values (4993, 4999, 5003, 2264, 10.000, 154.25, 11.80, 9.998, 154.19, 11.83, 0.011, 47.38, 27.70);
insert into SHOT values (4994, 4999, 5004, 2264, 12.560, 133.25, 16.60, 12.558, 133.22, 16.61, 0.008, 21.02, 13.28);
insert into SHOT values (4995, 4999, 5005, 2264, 10.150, 112.45, 11.70, 10.152, 112.41, 11.71, 0.007, 37.61, 14.56);
insert into SHOT values (4996, 4999, 5006, 2264, 4.050, 189.65, -18.40, 4.042, 189.61, -18.46, 0.010, 25.31, -9.68);
insert into SHOT values (4997, 4999, 5007, 2264, 5.510, 222.75, -10.70, 5.502, 222.75, -10.68, 0.008, 40.49, 21.33);
insert into SHOT values (4998, 4999, 5008, 2264, 6.910, 134.55, 8.30, 6.911, 134.47, 8.32, 0.010, 46.84, 14.42);
insert into SHOT values (4999, 5008, 5009, 2264, 4.960, 197.55, 16.70, 4.958, 197.52, 16.64, 0.006, 96.73, -65.56);
insert into SHOT values (5000, 5008, 5010, 2264, 5.490, 104.75, 14.50, 5.488, 104.72, 14.46, 0.006, 359.62, -56.19);
insert into SHOT values (5001, 5008, 5011, 2264, 6.060, 21.55, -4.70, 6.063, 21.55, -4.73, 0.005, 35.19, -48.59);
insert into SHOT values (5002, 5008, 5012, 2264, 6.720, 320.65, -11.50, 6.721, 320.61, -11.50, 0.005, 245.78, -2.86);
insert into SHOT values (5003, 5008, 5013, 2264, 6.880, 270.15, -8.70, 6.879, 270.17, -8.70, 0.003, 18.60, 14.79);
insert into SHOT values (5004, 5008, 5014, 2264, 5.840, 295.35, -27.20, 5.844, 295.28, -27.19, 0.007, 237.71, -4.50);
insert into SHOT values (5005, 5008, 5015, 2264, 5.690, 291.35, 49.70, 5.692, 291.34, 49.69, 0.002, 276.82, 10.29);
insert into SHOT values (5006, 5008, 5016, 2264, 5.590, 77.75, 78.20, 5.587, 77.80, 78.27, 0.008, 249.99, -13.90);
insert into SHOT values (5007, 5008, 5017, 2264, 15.930, 88.45, 37.40, 15.926, 88.46, 37.39, 0.006, 187.99, -63.36);
insert into SHOT values (5008, 5008, 5018, 2264, 11.610, 201.85, 35.50, 11.607, 201.87, 35.50, 0.004, 319.97, -26.68);
insert into SHOT values (5009, 4983, 5019, 2264, 21.590, 266.35, -5.00, 21.583, 266.00, -4.94, 0.133, 173.78, 9.41);
insert into SHOT values (5010, 5019, 5020, 2264, 6.150, 305.05, 10.80, 6.154, 305.03, 10.77, 0.005, 280.83, -28.36);
insert into SHOT values (5011, 5019, 5021, 2264, 2.540, 283.95, -43.50, 2.542, 283.81, -43.51, 0.005, 204.52, -19.27);
insert into SHOT values (5012, 5019, 5022, 2264, 2.210, 215.05, 76.90, 2.208, 215.27, 76.85, 0.003, 271.74, -46.59);
insert into SHOT values (5013, 5019, 5023, 2264, 11.790, 183.15, 0.80, 11.789, 183.16, 0.83, 0.006, 292.25, 62.52);
insert into SHOT values (5014, 5019, 5024, 2264, 15.350, 138.25, 5.70, 15.346, 138.24, 5.72, 0.007, 347.37, 46.62);
insert into SHOT values (5015, 5019, 5025, 2264, 11.530, 115.35, 5.80, 11.533, 115.34, 5.82, 0.006, 74.99, 53.78);
insert into SHOT values (5016, 5019, 5026, 2264, 5.890, 97.85, 3.90, 5.888, 97.83, 3.90, 0.003, 331.19, -12.56);
insert into SHOT values (5017, 5019, 5027, 2264, 7.110, 317.15, 12.00, 7.111, 317.16, 12.01, 0.002, 355.45, 49.97);
insert into SHOT values (5018, 5019, 5028, 2264, 10.430, 297.55, 10.00, 10.432, 297.54, 9.99, 0.003, 260.25, -20.62);
insert into SHOT values (5019, 5019, 5029, 2264, 9.040, 254.45, 1.60, 9.043, 254.47, 1.58, 0.006, 302.48, -24.97);
insert into SHOT values (5020, 5019, 5030, 2264, 6.950, 265.35, -9.40, 6.945, 265.31, -9.36, 0.008, 133.72, 42.12);
insert into SHOT values (5021, 5019, 5031, 2264, 40.630, 203.05, -8.10, 40.627, 203.05, -8.09, 0.006, 333.40, 48.65);
insert into SHOT values (5022, 5019, 5032, 2264, 11.500, 282.55, 4.50, 11.494, 282.40, 4.59, 0.036, 178.68, 29.93);
insert into SHOT values (5023, 5032, 5033, 2264, 2.860, 31.35, 17.40, 2.858, 31.36, 17.30, 0.005, 164.13, -81.72);
insert into SHOT values (5024, 5032, 5034, 2264, 2.980, 12.45, 82.60, 2.974, 13.67, 82.64, 0.010, 123.38, -30.76);
insert into SHOT values (5025, 5032, 5035, 2264, 7.870, 223.55, 22.40, 7.862, 223.55, 22.35, 0.010, 38.86, -61.94);
insert into SHOT values (5026, 5032, 5036, 2264, 2.900, 225.65, -27.10, 2.897, 225.63, -27.33, 0.012, 51.89, -49.42);
insert into SHOT values (5027, 5032, 5037, 2264, 5.230, 259.45, -20.10, 5.223, 259.42, -20.16, 0.009, 93.96, -17.52);
insert into SHOT values (5028, 5032, 5038, 2264, 11.090, 268.25, -8.50, 11.087, 268.22, -8.51, 0.006, 146.85, -8.08);
insert into SHOT values (5029, 5032, 5039, 2264, 9.640, 268.05, 12.00, 9.635, 268.05, 11.98, 0.006, 73.20, -46.55);
insert into SHOT values (5030, 5032, 5040, 2264, 7.120, 249.15, 7.40, 7.110, 249.15, 7.35, 0.011, 68.30, -38.36);
insert into SHOT values (5031, 5032, 5041, 2264, 4.920, 301.75, 11.20, 4.916, 301.78, 11.14, 0.007, 83.51, -53.52);
insert into SHOT values (5032, 5032, 5042, 2264, 6.990, 289.05, 8.30, 6.982, 289.09, 8.23, 0.012, 71.95, -46.88);
insert into SHOT values (5033, 5032, 5043, 2264, 7.070, 325.45, 13.00, 7.063, 325.48, 13.01, 0.008, 117.87, -2.92);
insert into SHOT values (5034, 5032, 5044, 2264, 11.720, 344.15, 14.00, 11.718, 344.18, 13.98, 0.008, 84.55, -40.32);
insert into SHOT values (5035, 5032, 5045, 2264, 3.280, 335.55, 2.30, 3.274, 335.63, 2.28, 0.008, 117.33, -12.40);
insert into SHOT values (5036, 5032, 5046, 2264, 4.840, 348.15, 38.10, 4.838, 348.19, 38.03, 0.007, 42.85, -62.81);
insert into SHOT values (5037, 5032, 5047, 2264, 7.740, 0.05, 24.70, 7.737, 0.08, 24.68, 0.006, 114.31, -43.66);
insert into SHOT values (5038, 5032, 5048, 2264, 5.640, 15.35, 22.30, 5.640, 15.45, 22.30, 0.009, 103.24, -0.84);
insert into SHOT values (5039, 5032, 5049, 2264, 2.990, 27.85, 31.40, 2.992, 27.97, 31.21, 0.012, 66.25, -42.42);
insert into SHOT values (5040, 5032, 5050, 2264, 9.530, 344.95, 11.40, 9.516, 345.03, 11.46, 0.021, 125.54, 17.77);
insert into SHOT values (5041, 5050, 5051, 2264, 1.390, 304.55, 20.00, 1.383, 304.67, 19.86, 0.008, 97.11, -42.63);
insert into SHOT values (5042, 5050, 5052, 2264, 4.320, 78.75, 54.30, 4.326, 78.82, 54.24, 0.008, 104.01, 13.01);
insert into SHOT values (5043, 5050, 5053, 2264, 4.590, 118.15, 10.70, 4.593, 118.15, 10.66, 0.005, 125.60, -29.14);
insert into SHOT values (5044, 5050, 5054, 2264, 5.560, 136.05, 4.60, 5.562, 136.02, 4.54, 0.007, 92.03, -59.42);
insert into SHOT values (5045, 5050, 5055, 2264, 3.050, 86.55, -20.60, 3.049, 86.59, -20.54, 0.004, 174.04, 58.49);
insert into SHOT values (5046, 5050, 5056, 2264, 8.140, 51.65, 2.60, 8.145, 51.64, 2.60, 0.005, 34.78, 7.90);
insert into SHOT values (5047, 5050, 5057, 2264, 9.320, 22.35, 6.50, 9.328, 22.39, 6.46, 0.012, 58.94, -25.66);
insert into SHOT values (5048, 5050, 5058, 2264, 8.150, 5.95, 6.20, 8.151, 5.95, 6.20, 0.001, 16.25, -8.24);
insert into SHOT values (5049, 5050, 5059, 2264, 6.070, 60.45, 1.20, 6.069, 60.48, 1.23, 0.004, 165.55, 41.61);
insert into SHOT values (5050, 5050, 5060, 2264, 8.380, 71.15, 0.90, 8.381, 71.13, 0.89, 0.003, 11.20, -31.93);
insert into SHOT values (5051, 5050, 5061, 2264, 10.750, 96.85, 1.20, 10.759, 96.83, 1.17, 0.011, 80.44, -29.25);
insert into SHOT values (5052, 5050, 5062, 2264, 4.340, 78.85, -9.00, 4.345, 78.85, -9.00, 0.005, 77.98, -13.51);
insert into SHOT values (5053, 5050, 5063, 2264, 12.980, 79.45, -2.70, 12.995, 79.66, -2.65, 0.052, 151.91, 12.82);
insert into SHOT values (5054, 5063, 5064, 2264, 2.860, 6.25, 30.10, 2.858, 6.26, 30.02, 0.004, 62.79, -79.55);
insert into SHOT values (5055, 5063, 5065, 2264, 4.800, 126.25, 29.30, 4.799, 126.35, 29.32, 0.008, 229.66, 7.22);
insert into SHOT values (5056, 5063, 5066, 2264, 7.330, 158.85, 2.30, 7.328, 158.87, 2.27, 0.005, 282.87, -55.04);
insert into SHOT values (5057, 5063, 5067, 2264, 8.670, 77.15, 16.00, 8.664, 77.17, 16.01, 0.007, 234.79, 1.96);
insert into SHOT values (5058, 5063, 5068, 2264, 12.990, 97.05, 16.80, 12.988, 97.07, 16.78, 0.006, 201.34, -45.61);
insert into SHOT values (5059, 5063, 5069, 2264, 16.080, 153.85, -5.30, 16.084, 153.88, -5.32, 0.012, 221.76, -24.01);
insert into SHOT values (5060, 5063, 5070, 2264, 14.130, 175.75, -9.60, 14.146, 175.60, -9.52, 0.044, 113.65, 22.12);
insert into SHOT values (5061, 5070, 5071, 2264, 17.820, 146.15, 1.80, 17.838, 146.11, 1.86, 0.028, 114.00, 45.33);
insert into SHOT values (5062, 5071, 4764, 2264, 3.920, 167.45, -15.70, 3.926, 167.47, -15.66, 0.006, 181.13, 6.67);
insert into SHOT values (5063, 4983, 5072, 2264, 15.480, 348.05, 23.70, 15.474, 348.02, 23.70, 0.009, 212.67, -14.16);
insert into SHOT values (5064, 5072, 5073, 2264, 2.520, 286.85, 25.70, 2.521, 286.92, 25.87, 0.008, 60.10, 62.45);
insert into SHOT values (5065, 5072, 5074, 2264, 8.080, 326.35, 76.20, 8.083, 326.64, 76.20, 0.010, 54.95, 18.25);
insert into SHOT values (5066, 5072, 5075, 2264, 13.590, 313.25, 10.10, 13.589, 313.27, 10.13, 0.009, 61.35, 47.35);
insert into SHOT values (5067, 5072, 5076, 2264, 19.960, 345.15, 22.80, 19.964, 345.17, 22.81, 0.009, 55.93, 33.82);
insert into SHOT values (5068, 5072, 5077, 2264, 23.100, 330.65, 7.20, 23.102, 330.66, 7.21, 0.007, 41.23, 40.58);
insert into SHOT values (5069, 5072, 5078, 2264, 6.120, 66.55, 8.90, 6.125, 66.53, 8.92, 0.006, 40.42, 33.19);
insert into SHOT values (5070, 5072, 5079, 2264, 1.860, 53.95, -16.10, 1.861, 54.09, -15.90, 0.008, 108.21, 46.69);
insert into SHOT values (5071, 5072, 5080, 2264, 13.040, 10.25, 11.60, 13.043, 10.28, 11.63, 0.011, 89.06, 46.92);
insert into SHOT values (5072, 5072, 5081, 2264, 16.900, 46.95, 19.60, 16.905, 46.96, 19.60, 0.006, 76.10, 7.83);
insert into SHOT values (5073, 5072, 5082, 2264, 14.530, 10.55, 30.10, 14.534, 10.59, 30.10, 0.009, 78.61, 18.75);
insert into SHOT values (5074, 5072, 5083, 2264, 13.580, 40.15, 21.60, 13.585, 40.18, 21.60, 0.009, 98.55, 5.48);
insert into SHOT values (5075, 5083, 5084, 2264, 9.490, 17.25, 6.70, 9.497, 17.21, 6.71, 0.010, 331.72, 15.86);
insert into SHOT values (5076, 5083, 5085, 2264, 5.040, 297.65, 67.00, 5.044, 297.73, 66.92, 0.008, 317.90, 4.50);
insert into SHOT values (5077, 5083, 5086, 2264, 3.340, 295.35, -30.20, 3.342, 295.41, -30.17, 0.004, 343.40, 1.14);
insert into SHOT values (5078, 5083, 5087, 2264, 6.860, 270.25, -32.60, 6.858, 270.30, -32.55, 0.008, 350.52, 49.79);
insert into SHOT values (5079, 5083, 5088, 2264, 18.320, 273.75, -11.40, 18.320, 273.77, -11.40, 0.006, 1.48, 10.14);
insert into SHOT values (5080, 5083, 5089, 2264, 27.660, 256.65, -8.20, 27.661, 256.65, -8.19, 0.006, 308.90, 54.94);
insert into SHOT values (5081, 5083, 5090, 2264, 26.920, 283.15, -1.10, 26.922, 283.16, -1.09, 0.010, 356.06, 41.47);
insert into SHOT values (5082, 5083, 5091, 2264, 16.090, 313.15, 10.30, 16.093, 313.16, 10.31, 0.005, 358.47, 40.53);
insert into SHOT values (5083, 5083, 5092, 2264, 24.790, 322.25, 4.20, 24.794, 322.24, 4.21, 0.006, 301.02, 49.48);
insert into SHOT values (5084, 5083, 5093, 2264, 8.440, 103.85, 30.30, 8.436, 103.83, 30.33, 0.007, 308.30, 14.95);
insert into SHOT values (5085, 5083, 5094, 2264, 5.300, 101.25, 14.80, 5.296, 101.27, 14.88, 0.008, 265.09, 46.82);
insert into SHOT values (5086, 5083, 5095, 2264, 12.860, 94.75, 20.10, 12.855, 94.75, 20.11, 0.005, 266.27, 5.76);
insert into SHOT values (5087, 5083, 5096, 2264, 18.010, 95.25, 25.20, 18.004, 95.25, 25.22, 0.008, 274.23, 12.65);
insert into SHOT values (5088, 5083, 5097, 2264, 23.950, 94.95, 34.70, 23.947, 94.93, 34.72, 0.012, 320.17, 27.88);
insert into SHOT values (5089, 5083, 5098, 2264, 22.280, 100.25, 57.60, 22.274, 100.24, 57.62, 0.009, 296.89, -10.58);
insert into SHOT values (5090, 5083, 5099, 2264, 3.600, 71.95, 83.60, 3.602, 71.11, 83.60, 0.006, 344.80, 22.59);
insert into SHOT values (5091, 5083, 5100, 2264, 9.130, 107.65, 44.90, 9.132, 107.65, 44.94, 0.006, 283.04, 62.14);
insert into SHOT values (5092, 5083, 5101, 2264, 6.130, 88.75, 43.70, 6.133, 88.71, 43.74, 0.006, 347.03, 56.34);
insert into SHOT values (5093, 5083, 5102, 2264, 25.240, 95.85, 59.70, 25.234, 95.82, 59.71, 0.011, 313.19, -10.85);
insert into SHOT values (5094, 5083, 5103, 2264, 27.610, 95.35, 35.20, 27.610, 95.34, 35.21, 0.006, 312.21, 47.82);
insert into SHOT values (5095, 5103, 5104, 2264, 25.000, 6.25, 90.00, 25.000, 90.00, 90.00, 0.000, 6.25, 0.00);
insert into SHOT values (5096, 5083, 5105, 2264, 8.830, 315.65, -3.60, 8.835, 315.69, -3.57, 0.010, 3.70, 27.58);
insert into SHOT values (5097, 5105, 5106, 2264, 21.110, 24.05, 7.40, 21.103, 24.05, 7.41, 0.007, 185.95, 8.87);
insert into SHOT values (5098, 5105, 5107, 2264, 17.810, 3.45, 11.00, 17.809, 3.44, 11.01, 0.003, 232.78, 42.14);
insert into SHOT values (5099, 5105, 5108, 2264, 3.870, 359.85, 48.00, 3.866, 359.78, 47.94, 0.007, 278.59, -62.03);
insert into SHOT values (5100, 5105, 5109, 2264, 16.250, 323.45, 9.30, 16.253, 323.42, 9.28, 0.012, 256.24, -31.77);
insert into SHOT values (5101, 5105, 5110, 2264, 22.030, 276.75, 1.80, 22.032, 276.73, 1.79, 0.008, 204.91, -13.73);
insert into SHOT values (5102, 5105, 5111, 2264, 1.240, 107.55, -83.70, 1.238, 111.04, -83.54, 0.009, 178.33, 15.63);
insert into SHOT values (5103, 5105, 5112, 2264, 17.550, 173.05, -12.60, 17.558, 173.06, -12.60, 0.009, 199.44, -9.89);
insert into SHOT values (5104, 5105, 5113, 2264, 8.540, 157.75, 22.80, 8.543, 157.77, 22.80, 0.004, 198.99, 9.24);
insert into SHOT values (5105, 5105, 5114, 2264, 19.600, 225.65, -10.30, 19.608, 225.63, -10.31, 0.011, 184.27, -30.81);
insert into SHOT values (5106, 5105, 5115, 2264, 18.350, 226.05, -26.10, 18.355, 226.06, -26.08, 0.008, 246.71, 22.06);
insert into SHOT values (5107, 5105, 5116, 2264, 16.510, 269.85, -17.90, 16.521, 269.82, -17.91, 0.014, 227.88, -24.00);
insert into SHOT values (5108, 5105, 5117, 2264, 9.120, 74.25, -7.30, 9.113, 74.27, -7.31, 0.009, 227.84, -7.77);
insert into SHOT values (5109, 5105, 5118, 2264, 11.510, 74.25, -7.40, 11.502, 74.28, -7.39, 0.011, 212.49, 13.41);
insert into SHOT values (5110, 5105, 5119, 2264, 9.090, 74.25, -7.40, 9.082, 74.28, -7.40, 0.009, 218.97, 4.69);
insert into SHOT values (5111, 5119, 5120, 2264, 1.350, 123.75, 74.50, 1.349, 123.69, 74.50, 0.001, 3.04, -64.77);
insert into SHOT values (5112, 5119, 5121, 2264, 4.050, 68.35, -6.70, 4.054, 68.28, -6.80, 0.010, 13.97, -50.96);
insert into SHOT values (5113, 5119, 5122, 2264, 4.010, 93.05, -13.00, 4.008, 93.08, -12.98, 0.003, 217.18, 36.19);
insert into SHOT values (5114, 5119, 5123, 2264, 8.290, 144.85, 20.30, 8.284, 144.80, 20.27, 0.010, 26.21, -37.45);
insert into SHOT values (5115, 5119, 5124, 2264, 4.400, 179.45, 10.30, 4.400, 179.47, 10.21, 0.007, 236.93, -73.23);
insert into SHOT values (5116, 5119, 5125, 2264, 2.510, 329.15, 2.00, 2.517, 329.15, 1.82, 0.011, 330.95, -45.67);
insert into SHOT values (5117, 5119, 5126, 2264, 16.450, 203.25, 4.50, 16.451, 203.24, 4.50, 0.004, 126.84, -9.81);
insert into SHOT values (5118, 5119, 5127, 2264, 5.660, 80.25, -12.50, 5.666, 80.21, -12.54, 0.008, 44.92, -41.08);
insert into SHOT values (5119, 5127, 5128, 2264, 5.220, 65.85, -28.60, 5.217, 65.90, -28.63, 0.006, 199.95, -12.53);
insert into SHOT values (5120, 5127, 5129, 2264, 2.060, 0.05, -22.30, 2.054, 0.00, -22.32, 0.006, 195.09, 15.29);
insert into SHOT values (5121, 5127, 5130, 2264, 0.370, 112.55, 67.40, 0.369, 114.78, 67.16, 0.006, 193.55, -15.74);
insert into SHOT values (5122, 5127, 5131, 2264, 1.180, 167.35, -2.80, 1.181, 167.26, -2.91, 0.003, 90.82, -51.78);
insert into SHOT values (5123, 5127, 5132, 2264, 1.560, 170.65, -49.50, 1.555, 170.91, -49.36, 0.008, 265.97, 53.31);
insert into SHOT values (5124, 5127, 5133, 2264, 3.070, 92.95, -38.80, 3.068, 92.87, -38.74, 0.005, 11.10, 49.74);
insert into SHOT values (5125, 5127, 5134, 2264, 4.100, 80.45, -11.80, 4.092, 80.51, -11.85, 0.010, 232.21, -9.12);
insert into SHOT values (5126, 5127, 5135, 2264, 1.250, 232.95, 6.40, 1.250, 232.85, 6.43, 0.002, 137.47, 17.83);
insert into SHOT values (5127, 5127, 5136, 2264, 1.220, 300.65, 11.10, 1.221, 300.64, 11.34, 0.005, 190.47, 86.85);
insert into SHOT values (5128, 5127, 5137, 2264, 5.240, 65.65, -28.10, 5.238, 65.71, -28.14, 0.006, 190.38, -17.34);
insert into SHOT values (5129, 5137, 5138, 2264, 0.700, 117.65, 27.30, 0.700, 116.98, 28.13, 0.012, 353.37, 45.78);
insert into SHOT values (5130, 5137, 5139, 2264, 1.230, 301.35, 28.40, 1.240, 301.50, 28.41, 0.011, 320.00, 28.19);
insert into SHOT values (5131, 5137, 5140, 2264, 3.690, 41.95, 39.60, 3.698, 41.87, 39.66, 0.010, 354.12, 55.66);
insert into SHOT values (5132, 5137, 5141, 2264, 1.160, 18.45, 5.60, 1.164, 18.12, 5.92, 0.010, 312.41, 43.33);
insert into SHOT values (5133, 5137, 5142, 2264, 3.460, 3.35, 23.60, 3.466, 3.25, 23.64, 0.009, 312.85, 34.20);
insert into SHOT values (5134, 5142, 5143, 2264, 2.400, 206.25, -3.40, 2.401, 206.24, -3.34, 0.003, 199.55, 60.23);
insert into SHOT values (5135, 5142, 5144, 2264, 0.700, 10.65, 22.30, 0.701, 10.62, 21.77, 0.007, 5.38, -57.93);
insert into SHOT values (5136, 5142, 5145, 2264, 1.080, 189.55, -51.40, 1.074, 189.46, -51.46, 0.006, 21.61, 40.14);
insert into SHOT values (5137, 5142, 5146, 2264, 3.070, 166.65, -17.60, 3.074, 166.58, -17.61, 0.005, 123.54, -18.78);
insert into SHOT values (5138, 5142, 5147, 2264, 3.080, 246.25, -4.70, 3.082, 246.19, -4.65, 0.004, 185.71, 33.10);
insert into SHOT values (5139, 5142, 5148, 2264, 6.020, 258.85, 7.60, 6.015, 258.88, 7.64, 0.007, 47.28, 32.24);
insert into SHOT values (5140, 5142, 5149, 2264, 6.070, 249.65, 22.90, 6.066, 249.68, 22.90, 0.006, 28.48, -20.45);
insert into SHOT values (5141, 5142, 5150, 2264, 2.650, 261.45, 41.90, 2.649, 261.54, 41.92, 0.003, 8.51, 4.16);
insert into SHOT values (5142, 5142, 5151, 2264, 2.500, 270.95, 24.30, 2.493, 271.01, 24.40, 0.009, 74.34, 8.12);
insert into SHOT values (5143, 5142, 5152, 2264, 4.550, 238.55, 19.30, 4.546, 238.53, 19.27, 0.005, 78.45, -48.15);
insert into SHOT values (5144, 5142, 5153, 2264, 2.260, 99.55, -1.00, 2.261, 99.42, -1.01, 0.005, 18.87, -6.24);
insert into SHOT values (5145, 5142, 5154, 2264, 2.680, 120.25, -20.70, 2.683, 120.14, -20.74, 0.006, 56.34, -27.31);
insert into SHOT values (5146, 5142, 5155, 2264, 4.740, 118.65, 6.70, 4.740, 118.69, 6.66, 0.004, 203.63, -42.41);
insert into SHOT values (5147, 5142, 5156, 2264, 8.300, 256.55, 20.40, 8.293, 256.54, 20.39, 0.007, 92.63, -27.60);
insert into SHOT values (5148, 5142, 5157, 2264, 5.230, 104.75, -21.00, 5.239, 104.69, -21.03, 0.010, 70.18, -33.23);
insert into SURVEY values (2267, 2247, 'Boucle1', 'Boucle1.Hashim-oyuk.Koytendag', 'Boucle1');
 insert into CENTRELINE values (2268, 2267, NULL, NULL, NULL, 0.00, 0.00, 0.00);
 insert into SURVEY values (2269, 2267, 'ochy_muyuk', 'ochy_muyuk.Boucle1.Hashim-oyuk.Koytendag', 'ochy muyuk');
 insert into CENTRELINE values (2270, 2269, NULL, NULL, NULL, 0.00, 0.00, 0.00);
 insert into CENTRELINE values (2271, 2269, NULL, '2024-04-15', NULL, 1433.15, 0.00, 0.00);
 insert into TOPO values (4, 2271);
 insert into SHOT values (5149, 5158, 5159, 2271, 27.490, 37.55, 4.00, 27.486, 37.55, 3.98, 0.008, 230.73, -67.14);
insert into SHOT values (5150, 5158, 5160, 2271, 5.150, 348.35, 77.20, 5.149, 348.40, 77.17, 0.003, 9.63, -38.13);
insert into SHOT values (5151, 5158, 5161, 2271, 0.870, 63.45, -77.50, 0.871, 62.10, -77.25, 0.006, 14.96, -5.89);
insert into SHOT values (5152, 5158, 5162, 2271, 11.370, 319.35, 10.00, 11.376, 319.34, 9.97, 0.008, 311.28, -31.06);
insert into SHOT values (5153, 5162, 5163, 2271, 3.450, 207.35, 22.80, 3.455, 207.29, 22.82, 0.006, 167.81, 30.72);
insert into SHOT values (5154, 5162, 5164, 2271, 2.880, 13.55, 3.50, 2.877, 13.70, 3.59, 0.009, 125.20, 27.48);
insert into SHOT values (5155, 5162, 5165, 2271, 3.850, 332.25, 86.20, 3.848, 331.39, 86.27, 0.006, 191.59, -14.53);
insert into SHOT values (5156, 5162, 5166, 2271, 0.560, 3.95, -76.90, 0.553, 4.76, -77.43, 0.009, 169.23, 38.83);
insert into SHOT values (5157, 5162, 5167, 2271, 5.170, 313.55, 25.80, 5.163, 313.52, 25.83, 0.008, 152.12, -1.06);
insert into SHOT values (5158, 5167, 5168, 2271, 3.590, 214.45, 5.50, 3.584, 214.49, 5.60, 0.009, 11.51, 40.39);
insert into SHOT values (5159, 5167, 5169, 2271, 3.380, 67.95, 11.50, 3.382, 67.85, 11.43, 0.008, 1.32, -30.77);
insert into SHOT values (5160, 5167, 5170, 2271, 1.800, 242.65, 83.10, 1.802, 244.65, 83.30, 0.010, 12.48, 17.59);
insert into SHOT values (5161, 5167, 5171, 2271, 1.060, 23.85, -69.50, 1.057, 23.81, -69.43, 0.003, 349.14, 80.43);
insert into SHOT values (5162, 5167, 5172, 2271, 7.160, 291.25, 19.70, 7.159, 291.31, 19.67, 0.008, 20.84, -25.68);
insert into SHOT values (5163, 5172, 5173, 2271, 8.640, 207.85, 8.20, 8.642, 207.88, 8.25, 0.009, 283.63, 55.05);
insert into SHOT values (5164, 5172, 5174, 2271, 7.220, 61.25, 14.60, 7.215, 61.23, 14.61, 0.006, 262.04, 0.61);
insert into SHOT values (5165, 5172, 5175, 2271, 10.200, 256.75, 77.30, 10.211, 256.64, 77.27, 0.013, 230.61, 45.40);
insert into SHOT values (5166, 5172, 5176, 2271, 1.000, 280.05, -77.30, 0.995, 280.30, -77.02, 0.007, 294.96, 54.90);
insert into SHOT values (5167, 5172, 5177, 2271, 28.630, 2.25, 2.80, 28.626, 2.24, 2.80, 0.004, 206.53, 18.60);
insert into SHOT values (5168, 5177, 5178, 2271, 36.790, 248.45, 10.60, 36.795, 248.46, 10.60, 0.007, 302.00, 18.96);
insert into SHOT values (5169, 5177, 5179, 2271, 13.720, 99.15, -9.30, 13.721, 99.14, -9.27, 0.008, 43.43, 62.59);
insert into SHOT values (5170, 5177, 5180, 2271, 3.450, 335.15, 71.50, 3.450, 335.30, 71.40, 0.007, 0.59, -14.44);
insert into SHOT values (5171, 5177, 5181, 2271, 0.840, 331.45, -86.10, 0.832, 329.04, -85.98, 0.008, 266.08, 71.47);
insert into SHOT values (5172, 5177, 5182, 2271, 15.860, 3.25, 0.40, 15.866, 3.25, 0.40, 0.006, 12.48, -6.86);
insert into SHOT values (5173, 5182, 5183, 2271, 42.780, 273.15, 11.40, 42.788, 273.14, 11.40, 0.009, 245.89, 27.82);
insert into SHOT values (5174, 5182, 5184, 2271, 9.030, 82.95, -15.50, 9.023, 83.00, -15.49, 0.011, 215.03, 17.48);
insert into SHOT values (5175, 5182, 5185, 2271, 3.450, 341.05, 84.50, 3.456, 340.46, 84.54, 0.007, 223.57, 57.23);
insert into SHOT values (5176, 5182, 5186, 2271, 1.440, 38.25, -83.10, 1.439, 37.57, -83.46, 0.009, 230.45, -2.67);
insert into SHOT values (5177, 5182, 5187, 2271, 26.660, 358.75, -4.90, 26.653, 358.75, -4.89, 0.010, 178.41, 49.19);
insert into SHOT values (5178, 5187, 5188, 2271, 34.600, 296.15, 15.10, 34.601, 296.14, 15.09, 0.005, 244.29, -41.56);
insert into SHOT values (5179, 5187, 5189, 2271, 7.990, 113.85, 0.80, 7.983, 113.87, 0.79, 0.007, 271.57, -12.40);
insert into SHOT values (5180, 5187, 5190, 2271, 12.780, 285.95, 73.10, 12.772, 285.95, 73.10, 0.008, 110.85, -73.93);
insert into SHOT values (5181, 5187, 5191, 2271, 0.910, 179.25, -79.50, 0.914, 180.00, -79.92, 0.008, 339.51, -40.13);
insert into SHOT values (5182, 5187, 5192, 2271, 28.540, 37.75, -7.20, 28.539, 37.74, -7.21, 0.005, 285.53, -33.80);
insert into SHOT values (5183, 5192, 5193, 2271, 16.220, 154.45, -2.50, 16.221, 154.45, -2.51, 0.003, 115.08, -75.06);
insert into SHOT values (5184, 5192, 5194, 2271, 9.260, 12.35, 86.40, 9.258, 12.85, 86.38, 0.006, 70.42, -16.06);
insert into SHOT values (5185, 5192, 5195, 2271, 0.490, 160.25, -73.70, 0.490, 158.96, -73.49, 0.004, 99.10, 4.88);
insert into SHOT values (5186, 5192, 5196, 2271, 26.360, 49.95, 2.20, 26.358, 49.94, 2.20, 0.003, 279.37, -33.75);
insert into SHOT values (5187, 5196, 5197, 2271, 29.110, 21.45, 8.10, 29.107, 21.45, 8.10, 0.004, 155.44, -21.67);
insert into SHOT values (5188, 5196, 5198, 2271, 20.430, 80.05, 5.30, 20.434, 80.04, 5.31, 0.006, 37.31, 26.99);
insert into SHOT values (5189, 5196, 5199, 2271, 18.920, 153.15, 6.90, 18.924, 153.13, 6.89, 0.007, 109.93, -24.72);
insert into SHOT values (5190, 5196, 5200, 2271, 10.070, 336.05, 82.20, 10.073, 336.25, 82.21, 0.006, 77.94, 32.78);
insert into SHOT values (5191, 5196, 5201, 2271, 3.620, 293.45, -79.10, 3.614, 293.53, -79.21, 0.010, 106.63, 29.34);
insert into SHOT values (5192, 5196, 5202, 2271, 48.520, 359.55, 14.10, 48.523, 359.55, 14.10, 0.003, 14.64, -3.39);
insert into SHOT values (5193, 5196, 5203, 2271, 28.430, 24.75, 7.90, 28.427, 24.75, 7.91, 0.005, 163.12, 31.72);
insert into SHOT values (5194, 5196, 5204, 2271, 24.560, 71.35, 5.10, 24.560, 71.36, 5.09, 0.005, 150.25, -38.98);
insert into SHOT values (5195, 5196, 5205, 2271, 22.970, 145.65, 3.10, 22.977, 145.64, 3.09, 0.009, 116.97, -14.21);
insert into SHOT values (5196, 5196, 5206, 2271, 22.400, 109.35, -10.90, 22.406, 109.35, -10.88, 0.009, 111.18, 39.77);
insert into SHOT values (5197, 5206, 5207, 2271, 10.000, 6.25, 90.00, 10.000, 90.00, 90.00, 0.000, 6.25, 0.00);
insert into SHOT values (5198, 5206, 5208, 2271, 8.320, 31.45, 13.50, 8.318, 31.45, 13.49, 0.003, 206.27, -49.11);
insert into SHOT values (5199, 5206, 5209, 2271, 11.280, 195.95, 14.30, 11.280, 195.98, 14.27, 0.009, 268.04, -42.96);
insert into SHOT values (5200, 5206, 5210, 2271, 9.960, 91.35, 79.60, 9.954, 91.27, 79.58, 0.007, 47.55, -61.74);
insert into SHOT values (5201, 5206, 5211, 2271, 0.270, 151.45, -80.40, 0.274, 153.43, -80.60, 0.004, 253.57, -67.25);
insert into SHOT values (5202, 5206, 5212, 2271, 9.420, 18.95, 22.40, 9.423, 18.95, 22.39, 0.003, 35.81, 5.40);
insert into SHOT values (5203, 5206, 5213, 2271, 11.170, 185.05, 18.30, 11.165, 185.09, 18.27, 0.011, 300.20, -42.96);
insert into SHOT values (5204, 5206, 5214, 2271, 9.190, 142.05, 85.00, 9.185, 142.13, 85.01, 0.006, 301.46, -58.91);
insert into SHOT values (5205, 5206, 5215, 2271, 0.370, 238.75, -66.10, 0.371, 241.70, -66.53, 0.008, 346.61, -12.20);
insert into SHOT values (5206, 5206, 5216, 2271, 32.030, 105.05, 6.30, 32.023, 105.04, 6.29, 0.009, 321.04, -32.19);
insert into SHOT values (5207, 5216, 5217, 2271, 23.630, 345.95, 9.20, 23.631, 345.96, 9.20, 0.004, 60.56, 26.98);
insert into SHOT values (5208, 5216, 5218, 2271, 12.640, 211.05, 14.20, 12.641, 211.04, 14.20, 0.002, 178.42, -20.90);
insert into SHOT values (5209, 5216, 5219, 2271, 7.220, 110.25, 86.20, 7.216, 110.70, 86.18, 0.006, 166.28, -42.36);
insert into SHOT values (5210, 5216, 5220, 2271, 1.300, 235.05, -73.30, 1.295, 233.75, -73.30, 0.010, 134.05, 30.97);
insert into SHOT values (5211, 5216, 5221, 2271, 15.850, 29.15, 11.60, 16.490, 37.04, 11.01, 2.280, 106.31, -0.93);
insert into SHOT values (5212, 5221, 5222, 2271, 10.080, 335.75, 2.40, 10.079, 335.73, 2.39, 0.005, 234.42, -27.16);
insert into SHOT values (5213, 5221, 5223, 2271, 9.660, 125.05, 6.30, 9.657, 125.03, 6.30, 0.004, 351.89, -0.48);
insert into SHOT values (5214, 5221, 5224, 2271, 1.920, 315.45, 78.00, 1.921, 315.00, 78.11, 0.005, 179.33, 23.63);
insert into SHOT values (5215, 5221, 5225, 2271, 0.660, 107.15, -84.30, 0.663, 108.43, -84.53, 0.004, 255.70, -50.18);
insert into SHOT values (5216, 5221, 5226, 2271, 8.790, 61.55, 0.70, 9.405, 62.37, 1.52, 0.643, 74.01, 12.82);
insert into SHOT values (5217, 5226, 5227, 2271, 3.470, 344.95, 8.10, 3.472, 344.99, 8.11, 0.003, 40.65, 18.19);
insert into SHOT values (5218, 5226, 5228, 2271, 1.440, 163.35, 4.40, 1.434, 163.34, 4.40, 0.006, 345.68, -4.75);
insert into SHOT values (5219, 5226, 5229, 2271, 1.830, 324.65, 66.80, 1.829, 324.55, 66.68, 0.004, 304.86, -29.85);
insert into SHOT values (5220, 5226, 5230, 2271, 1.060, 54.35, -80.60, 1.054, 54.46, -80.61, 0.006, 216.77, 78.89);
insert into SHOT values (5221, 5226, 5231, 2271, 20.320, 49.05, -0.20, 21.011, 54.28, 1.85, 2.141, 121.85, 20.53);
insert into SHOT values (5222, 5231, 5232, 2271, 18.150, 276.85, -1.70, 18.158, 276.87, -1.70, 0.010, 311.94, -8.86);
insert into SHOT values (5223, 5231, 5233, 2271, 11.070, 59.05, 10.40, 11.064, 59.03, 10.41, 0.008, 270.68, 12.12);
insert into SHOT values (5224, 5231, 5234, 2271, 4.040, 85.55, 87.00, 4.046, 84.56, 87.01, 0.007, 347.44, 56.41);
insert into SHOT values (5225, 5231, 5235, 2271, 1.960, 196.05, -71.70, 1.959, 196.07, -71.73, 0.002, 5.33, 31.13);
insert into SHOT values (5226, 5231, 5236, 2271, 19.590, 339.85, -5.80, 19.595, 339.84, -5.80, 0.007, 300.44, -2.66);
insert into SHOT values (5227, 5236, 5237, 2271, 11.170, 270.45, 8.50, 11.163, 270.47, 8.50, 0.008, 63.12, -7.52);
insert into SHOT values (5228, 5236, 5238, 2271, 12.090, 88.75, 10.80, 12.098, 88.75, 10.82, 0.008, 85.00, 33.06);
insert into SHOT values (5229, 5236, 5239, 2271, 7.350, 291.05, 84.30, 7.356, 290.92, 84.32, 0.007, 149.40, 68.18);
insert into SHOT values (5230, 5236, 5240, 2271, 1.270, 260.65, -85.20, 1.264, 258.69, -85.37, 0.008, 119.35, 44.86);
insert into SHOT values (5231, 5236, 5241, 2271, 27.800, 359.95, 18.70, 27.800, 359.96, 18.72, 0.008, 123.44, 57.59);
insert into SHOT values (5232, 5236, 5242, 2271, 19.740, 316.05, 11.20, 19.741, 316.05, 11.22, 0.006, 208.46, 82.12);
insert into SHOT values (5233, 5236, 5243, 2271, 29.330, 334.55, 19.50, 29.325, 334.55, 19.50, 0.005, 161.11, -6.74);
insert into SHOT values (5234, 5236, 5244, 2271, 35.040, 351.15, 20.60, 35.041, 351.16, 20.60, 0.007, 81.06, 11.68);
insert into SHOT values (5235, 5236, 5245, 2271, 34.720, 359.35, 19.90, 34.716, 359.35, 19.91, 0.005, 165.25, 22.62);
insert into SHOT values (5236, 5236, 5246, 2271, 32.130, 14.05, 17.20, 32.134, 14.05, 17.20, 0.005, 353.98, -12.55);
insert into SHOT values (5237, 5236, 5247, 2271, 22.680, 39.75, 14.20, 22.679, 39.76, 14.22, 0.008, 167.44, 51.91);
insert into SHOT values (5238, 5231, 5248, 2271, 10.480, 132.35, 8.10, 10.861, 124.22, 8.58, 1.546, 51.93, 5.32);
insert into SHOT values (5239, 5248, 5249, 2271, 8.300, 63.55, 3.40, 8.292, 63.53, 3.39, 0.008, 265.36, -15.60);
insert into SHOT values (5240, 5248, 5250, 2271, 7.440, 244.05, 10.80, 7.448, 244.07, 10.76, 0.010, 258.04, -24.81);
insert into SHOT values (5241, 5248, 5251, 2271, 3.610, 105.95, 78.00, 3.608, 105.52, 78.05, 0.007, 344.99, -9.78);
insert into SHOT values (5242, 5248, 5252, 2271, 0.860, 105.65, -85.30, 0.862, 108.43, -85.79, 0.008, 262.80, -20.06);
insert into SHOT values (5243, 5248, 5253, 2271, 23.070, 196.15, 9.30, 23.503, 181.33, 13.16, 6.109, 99.89, 15.40);
insert into SHOT values (5244, 5253, 5254, 2271, 9.250, 29.95, -2.60, 9.243, 29.95, -2.60, 0.007, 204.59, -3.08);
insert into SHOT values (5245, 5253, 5255, 2271, 24.320, 271.15, 4.30, 24.323, 271.13, 4.29, 0.008, 208.72, -26.69);
insert into SHOT values (5246, 5253, 5256, 2271, 4.410, 263.55, 88.00, 4.403, 262.41, 88.03, 0.008, 132.71, -61.38);
insert into SHOT values (5247, 5253, 5257, 2271, 1.350, 26.45, -76.70, 1.357, 26.57, -76.66, 0.007, 40.84, -67.57);
insert into SHOT values (5248, 5253, 5258, 2271, 17.350, 161.95, -3.90, 17.854, 147.75, -2.12, 4.406, 71.78, 6.78);
insert into SHOT values (5249, 5258, 5259, 2271, 24.390, 266.45, 1.40, 24.384, 266.45, 1.39, 0.008, 85.91, -44.97);
insert into SHOT values (5250, 5258, 5260, 2271, 17.210, 177.65, 0.50, 17.205, 177.63, 0.50, 0.006, 38.72, -1.69);
insert into SHOT values (5251, 5258, 5261, 2271, 5.490, 322.05, 83.10, 5.489, 322.43, 83.14, 0.006, 90.78, -2.42);
insert into SHOT values (5252, 5258, 5262, 2271, 1.030, 25.65, -87.30, 1.031, 21.80, -87.01, 0.006, 350.91, -10.22);
insert into SHOT values (5253, 5258, 5263, 2271, 21.150, 266.55, -1.40, 20.678, 272.38, 0.39, 2.276, 11.79, 16.77);
insert into SHOT values (5254, 5263, 5264, 2271, 14.470, 174.15, -4.20, 14.474, 174.16, -4.20, 0.004, 197.42, -3.28);
insert into SHOT values (5255, 5263, 5265, 2271, 19.280, 325.15, 2.20, 19.280, 325.15, 2.20, 0.001, 250.12, -11.80);
insert into SHOT values (5256, 5263, 5266, 2271, 3.210, 322.05, 86.00, 3.208, 322.13, 85.92, 0.005, 326.28, -27.85);
insert into SHOT values (5257, 5263, 5267, 2271, 1.630, 339.85, -67.70, 1.631, 340.10, -67.78, 0.004, 101.93, -31.22);
insert into SHOT values (5258, 5263, 5268, 2271, 30.100, 257.85, -10.70, 29.579, 262.25, -12.26, 2.442, 6.72, -16.45);
insert into SHOT values (5259, 5268, 5269, 2271, 14.370, 322.45, -14.10, 14.467, 333.89, -13.15, 2.805, 55.10, 4.31);
insert into SHOT values (5260, 5269, 5270, 2271, 6.430, 238.15, 9.10, 6.428, 238.14, 9.13, 0.004, 80.00, 44.81);
insert into SHOT values (5261, 5269, 5271, 2271, 13.450, 47.95, 12.60, 13.457, 47.93, 12.58, 0.010, 22.16, -24.54);
insert into SHOT values (5262, 5269, 5272, 2271, 3.570, 325.95, 83.10, 3.566, 326.31, 83.03, 0.006, 1.86, -41.68);
insert into SHOT values (5263, 5269, 5273, 2271, 1.960, 64.35, -60.90, 1.960, 63.97, -60.76, 0.008, 5.66, 19.34);
insert into SHOT values (5264, 5269, 5216, 2271, 5.110, 23.55, -11.40, 5.549, 27.22, -9.96, 0.568, 61.75, 5.05);
insert into SHOT values (5265, 5269, 5274, 2271, 5.550, 23.55, -11.30, 5.553, 23.60, -11.32, 0.006, 81.71, -23.74);
insert into SHOT values (5266, 5258, 5275, 2271, 16.850, 121.35, -11.10, 16.849, 121.34, -11.12, 0.006, 333.91, -68.89);
insert into SHOT values (5267, 5275, 5276, 2271, 30.720, 340.35, 13.80, 30.724, 340.36, 13.80, 0.006, 33.36, 23.23);
insert into SHOT values (5268, 5275, 5277, 2271, 6.780, 186.55, 16.30, 6.774, 186.53, 16.29, 0.006, 23.04, -28.15);
insert into SHOT values (5269, 5275, 5278, 2271, 6.730, 50.15, 79.40, 6.734, 50.25, 79.43, 0.006, 187.17, 55.48);
insert into SHOT values (5270, 5275, 5279, 2271, 1.740, 207.55, -71.00, 1.734, 207.47, -71.04, 0.006, 41.51, 59.88);
insert into SHOT values (5271, 5275, 5280, 2271, 28.980, 89.75, 2.30, 28.984, 89.74, 2.29, 0.006, 51.58, -33.13);
insert into SHOT values (5272, 5280, 5281, 2271, 35.260, 22.65, 2.20, 35.255, 22.66, 2.21, 0.010, 162.20, 41.51);
insert into SHOT values (5273, 5280, 5282, 2271, 23.290, 191.95, 5.80, 23.292, 191.95, 5.82, 0.007, 246.94, 63.66);
insert into SHOT values (5274, 5280, 5283, 2271, 7.330, 36.25, 79.10, 7.333, 36.21, 79.09, 0.003, 11.20, 45.13);
insert into SHOT values (5275, 5280, 5284, 2271, 1.050, 146.45, -75.80, 1.043, 147.53, -75.52, 0.010, 203.81, 53.59);
insert into SHOT values (5276, 5280, 5285, 2271, 27.570, 101.25, -8.90, 27.566, 101.26, -8.89, 0.010, 215.21, 32.67);
insert into SHOT values (5277, 5285, 5286, 2271, 30.390, 326.85, 13.50, 30.397, 326.86, 13.49, 0.011, 358.52, -24.49);
insert into SHOT values (5278, 5285, 5287, 2271, 10.660, 175.95, 29.20, 10.658, 175.93, 29.20, 0.003, 50.51, -10.05);
insert into SHOT values (5279, 5285, 5288, 2271, 8.900, 9.45, 71.70, 8.901, 9.46, 71.68, 0.004, 20.28, 1.80);
insert into SHOT values (5280, 5285, 5289, 2271, 2.300, 189.85, -69.30, 2.298, 189.23, -69.34, 0.009, 83.63, 9.48);
insert into SHOT values (5281, 5285, 5290, 2271, 10.810, 118.55, -1.30, 10.814, 118.51, -1.32, 0.010, 54.83, -29.74);
insert into SHOT values (5282, 5290, 5291, 2271, 14.710, 94.65, 12.40, 14.710, 94.63, 12.40, 0.005, 5.40, 16.00);
insert into SHOT values (5283, 5290, 5292, 2271, 10.430, 238.15, 28.90, 10.433, 238.15, 28.89, 0.004, 250.98, -8.80);
insert into SHOT values (5284, 5290, 5293, 2271, 8.120, 36.35, 79.00, 8.120, 36.35, 78.98, 0.003, 39.00, -16.77);
insert into SHOT values (5285, 5290, 5294, 2271, 0.460, 133.85, -80.80, 0.456, 135.00, -81.07, 0.005, 287.34, 52.05);
insert into SHOT values (5286, 5290, 5295, 2271, 31.520, 17.35, 5.20, 31.518, 17.35, 5.21, 0.004, 180.62, 54.81);
insert into SHOT values (5287, 5295, 5296, 2271, 13.340, 315.85, 11.40, 13.340, 315.84, 11.41, 0.004, 205.21, 48.34);
insert into SHOT values (5288, 5295, 5297, 2271, 24.240, 113.65, 4.60, 24.236, 113.65, 4.59, 0.005, 303.63, -49.17);
insert into SHOT values (5289, 5295, 5298, 2271, 22.640, 123.75, 1.50, 22.639, 123.74, 1.49, 0.005, 26.48, -35.72);
insert into SHOT values (5290, 5295, 5299, 2271, 15.490, 140.65, 1.30, 15.487, 140.64, 1.30, 0.005, 7.94, -16.18);
insert into SHOT values (5291, 5295, 5300, 2271, 4.950, 199.55, 74.90, 4.949, 199.56, 74.96, 0.005, 15.88, 9.62);
insert into SHOT values (5292, 5295, 5301, 2271, 9.050, 199.85, 68.90, 9.046, 199.94, 68.91, 0.007, 319.29, -28.94);
insert into SHOT values (5293, 5295, 5302, 2271, 1.630, 294.45, -73.70, 1.627, 294.34, -73.54, 0.006, 280.54, 51.27);
insert into SHOT values (5294, 5295, 5303, 2271, 19.000, 196.55, -8.10, 19.000, 196.56, -8.11, 0.004, 299.67, -47.49);
insert into SHOT values (5295, 5303, 5304, 2271, 26.940, 113.35, 4.50, 26.941, 113.34, 4.51, 0.008, 30.10, 53.73);
insert into SHOT values (5296, 5303, 5305, 2271, 19.370, 113.25, 4.20, 19.369, 113.23, 4.20, 0.005, 6.65, 14.79);
insert into SHOT values (5297, 5305, 5306, 2271, 8.970, 14.05, 3.50, 8.964, 14.04, 3.52, 0.007, 211.34, 20.45);
insert into SHOT values (5298, 5305, 5307, 2271, 3.410, 191.85, -2.60, 3.416, 191.84, -2.52, 0.008, 185.31, 37.47);
insert into SHOT values (5299, 5305, 5308, 2271, 2.290, 348.15, 76.60, 2.292, 348.06, 76.59, 0.003, 301.24, 63.33);
insert into SHOT values (5300, 5305, 5309, 2271, 1.870, 70.45, -82.50, 1.866, 70.82, -82.50, 0.004, 180.35, 67.18);
insert into SHOT values (5301, 5305, 5310, 2271, 24.130, 112.55, 0.90, 24.131, 112.57, 0.90, 0.009, 198.01, 6.55);
insert into SHOT values (5302, 5305, 5311, 2271, 10.940, 77.05, 0.30, 10.938, 77.06, 0.31, 0.004, 218.82, 47.90);
insert into SHOT values (5303, 5305, 5312, 2271, 19.870, 86.05, 3.10, 19.866, 86.07, 3.12, 0.010, 207.25, 33.62);
insert into SHOT values (5304, 5305, 5313, 2271, 22.360, 97.65, 0.20, 22.360, 97.66, 0.20, 0.005, 193.10, 25.28);
insert into SHOT values (5305, 5305, 5314, 2271, 25.900, 98.95, 0.80, 25.898, 98.95, 0.80, 0.003, 232.31, -29.48);
insert into SHOT values (5306, 5305, 5315, 2271, 25.750, 97.65, 0.50, 25.750, 97.65, 0.51, 0.006, 178.81, 60.93);
insert into SHOT values (5307, 5305, 5316, 2271, 16.270, 94.35, -1.20, 16.271, 94.37, -1.20, 0.007, 176.61, 6.29);
insert into SHOT values (5308, 5305, 5317, 2271, 3.350, 181.75, 4.10, 3.350, 181.71, 4.11, 0.002, 93.78, 13.88);
insert into SHOT values (5309, 5295, 5318, 2271, 14.410, 43.75, -3.50, 14.406, 43.73, -3.50, 0.006, 268.86, -2.85);
insert into SHOT values (5310, 5318, 5319, 2271, 14.150, 265.65, 11.70, 14.144, 265.65, 11.71, 0.006, 77.59, 5.15);
insert into SHOT values (5311, 5318, 5320, 2271, 7.570, 143.65, 17.60, 7.571, 143.62, 17.61, 0.004, 64.21, 17.60);
insert into SHOT values (5312, 5318, 5321, 2271, 12.100, 334.85, 74.30, 12.103, 334.92, 74.28, 0.007, 14.59, 12.62);
insert into SHOT values (5313, 5318, 5322, 2271, 0.550, 27.95, -86.00, 0.552, 26.57, -85.35, 0.007, 18.29, -11.76);
insert into SHOT values (5314, 5318, 5323, 2271, 15.390, 308.75, 4.00, 15.434, 316.42, 5.50, 2.096, 42.29, 11.18);
insert into SHOT values (5315, 5323, 5324, 2271, 7.670, 199.05, 23.00, 7.663, 199.03, 22.97, 0.009, 49.14, -50.90);
insert into SHOT values (5316, 5323, 5325, 2271, 19.040, 28.25, 20.70, 19.040, 28.25, 20.70, 0.000, 28.51, -21.63);
insert into SHOT values (5317, 5323, 5326, 2271, 6.170, 278.75, 74.50, 6.165, 278.72, 74.48, 0.006, 202.31, -81.37);
insert into SHOT values (5318, 5323, 5327, 2271, 0.570, 281.25, -85.50, 0.571, 284.04, -85.86, 0.004, 71.71, -23.36);
insert into SHOT values (5319, 5323, 5328, 2271, 16.580, 250.65, 3.90, 16.583, 250.66, 3.91, 0.004, 293.52, 35.72);
insert into SHOT values (5320, 5323, 5329, 2271, 16.570, 252.45, 3.80, 16.565, 252.46, 3.81, 0.007, 33.15, 14.59);
insert into SHOT values (5321, 5323, 5330, 2271, 18.420, 196.65, 79.50, 18.417, 196.65, 79.52, 0.006, 15.77, -13.87);
insert into SHOT values (5322, 5323, 5331, 2271, 21.220, 328.75, 86.30, 21.214, 328.75, 86.30, 0.006, 147.74, -82.11);
insert into SHOT values (5323, 5328, 5332, 2271, 4.610, 11.95, 4.80, 4.615, 11.92, 4.72, 0.008, 349.37, -44.79);
insert into SHOT values (5324, 5328, 5333, 2271, 3.080, 345.25, 46.30, 3.076, 345.31, 46.19, 0.007, 39.45, -66.89);
insert into SHOT values (5325, 5328, 5334, 2271, 3.000, 337.15, -35.00, 3.008, 337.29, -35.11, 0.012, 38.69, -53.17);
insert into SHOT values (5326, 5335, 5336, 2271, 4.290, 225.95, 6.00, 4.295, 225.95, 6.01, 0.005, 226.00, 17.43);
insert into SHOT values (5327, 5335, 5337, 2271, 3.380, 26.05, 21.90, 3.379, 25.91, 21.89, 0.008, 289.03, -5.28);
insert into SHOT values (5328, 5335, 5338, 2271, 3.200, 310.25, 81.80, 3.193, 309.64, 81.81, 0.009, 198.57, -54.69);
insert into SHOT values (5329, 5335, 5339, 2271, 0.650, 42.75, -76.00, 0.647, 42.27, -76.72, 0.009, 230.91, 4.56);
insert into SHOT values (5330, 5328, 5340, 2271, 20.400, 300.25, -6.40, 20.397, 300.25, -6.42, 0.007, 132.52, -58.78);
insert into SHOT values (5331, 5328, 5335, 2271, 9.130, 300.15, -6.40, 9.127, 300.18, -6.42, 0.007, 61.65, -19.29);
insert into SHOT values (5332, 5335, 5341, 2271, 4.900, 313.15, 8.50, 4.900, 313.08, 8.45, 0.007, 225.32, -35.16);
insert into SHOT values (5333, 5341, 5342, 2271, 1.980, 218.85, 9.00, 1.980, 218.98, 9.01, 0.005, 312.69, 3.30);
insert into SHOT values (5334, 5341, 5343, 2271, 1.250, 48.75, -11.50, 1.251, 48.64, -11.53, 0.003, 338.71, -17.47);
insert into SHOT values (5335, 5341, 5344, 2271, 0.690, 278.95, 64.00, 0.691, 279.46, 63.87, 0.003, 337.78, -3.01);
insert into SHOT values (5336, 5341, 5345, 2271, 0.820, 294.65, -73.10, 0.817, 294.44, -72.79, 0.006, 279.93, 53.49);
insert into SHOT values (5337, 5341, 5346, 2271, 11.470, 322.25, -12.40, 11.472, 322.25, -12.38, 0.004, 330.44, 45.92);
insert into SHOT values (5338, 5323, 5347, 2271, 11.640, 264.55, 8.40, 11.351, 267.79, 10.30, 0.801, 24.53, 24.30);
insert into SHOT values (5339, 5346, 5348, 2271, 11.610, 267.15, 8.30, 11.605, 267.16, 8.27, 0.007, 69.88, -53.39);
insert into SHOT values (5340, 5347, 5349, 2271, 3.920, 239.85, 13.30, 3.923, 239.81, 13.26, 0.004, 198.57, -23.91);
insert into SHOT values (5341, 5347, 5350, 2271, 13.650, 64.35, 7.80, 13.647, 64.36, 7.79, 0.005, 191.11, -29.48);
insert into SHOT values (5342, 5347, 5351, 2271, 3.430, 342.65, 80.10, 3.421, 342.18, 80.10, 0.010, 235.08, -60.58);
insert into SHOT values (5343, 5347, 5352, 2271, 1.270, 8.15, -78.60, 1.273, 9.46, -78.99, 0.011, 152.50, -27.84);
insert into SHOT values (5344, 5347, 5353, 2271, 13.420, 2.95, -6.30, 13.708, 8.29, -4.64, 1.349, 81.20, 15.60);
insert into SHOT values (5345, 5353, 5354, 2271, 16.700, 231.75, 3.70, 16.704, 231.75, 3.71, 0.004, 230.45, 32.27);
insert into SHOT values (5346, 5353, 5355, 2271, 25.460, 253.35, 2.50, 25.461, 253.35, 2.50, 0.002, 212.53, -18.64);
insert into SHOT values (5347, 5353, 5356, 2271, 30.650, 264.85, 0.30, 30.654, 264.85, 0.30, 0.005, 295.70, -5.88);
insert into SHOT values (5348, 5353, 5357, 2271, 25.050, 275.05, 1.40, 25.055, 275.06, 1.42, 0.011, 323.71, 45.57);
insert into SHOT values (5349, 5353, 5358, 2271, 15.740, 289.05, 4.30, 15.743, 289.04, 4.30, 0.005, 235.64, -2.08);
insert into SHOT values (5350, 5353, 5359, 2271, 14.930, 119.15, 12.00, 14.926, 119.15, 12.03, 0.008, 305.64, 47.79);
insert into SHOT values (5351, 5353, 5360, 2271, 15.740, 74.65, 14.20, 15.735, 74.64, 14.20, 0.005, 273.77, -13.81);
insert into SHOT values (5352, 5353, 5361, 2271, 19.810, 102.65, 20.20, 19.809, 102.65, 20.20, 0.001, 339.26, -19.10);
insert into SHOT values (5353, 5353, 5362, 2271, 20.570, 100.65, 44.20, 20.567, 100.63, 44.21, 0.006, 329.68, -6.81);
insert into SHOT values (5354, 5353, 5363, 2271, 6.890, 167.85, 87.20, 6.898, 168.02, 87.20, 0.008, 221.28, 81.12);
insert into SHOT values (5355, 5353, 5364, 2271, 10.040, 294.15, 36.70, 10.046, 294.18, 36.68, 0.008, 325.76, -1.09);
insert into SHOT values (5356, 5353, 5365, 2271, 1.390, 258.35, -73.20, 1.391, 258.69, -72.95, 0.007, 279.89, 5.81);
insert into SHOT values (5357, 5353, 5366, 2271, 26.120, 19.95, 5.40, 26.657, 27.16, 6.59, 3.391, 105.36, 10.22);
insert into SHOT values (5358, 5366, 5367, 2271, 11.590, 271.05, 6.70, 11.591, 271.05, 6.69, 0.003, 239.88, -60.59);
insert into SHOT values (5359, 5366, 5368, 2271, 8.180, 133.45, 2.80, 8.180, 133.46, 2.80, 0.002, 229.41, 11.44);
insert into SHOT values (5360, 5366, 5369, 2271, 18.180, 122.35, -8.50, 18.185, 122.37, -8.51, 0.010, 179.61, -16.85);
insert into SHOT values (5361, 5366, 5370, 2271, 22.840, 42.25, 65.00, 22.838, 42.27, 65.01, 0.005, 178.86, -0.77);
insert into SHOT values (5362, 5366, 5371, 2271, 6.780, 26.15, -34.30, 6.774, 26.20, -34.32, 0.008, 167.78, 5.11);
insert into SHOT values (5363, 5366, 5372, 2271, 19.160, 44.65, 4.00, 19.545, 46.23, 4.99, 0.737, 101.51, 29.56);
insert into SHOT values (5364, 5372, 5373, 2271, 31.490, 254.15, 2.40, 31.486, 254.13, 2.40, 0.009, 136.13, 8.85);
insert into SHOT values (5365, 5372, 5374, 2271, 6.050, 48.25, 10.20, 6.047, 48.27, 10.29, 0.010, 203.66, 57.53);
insert into SHOT values (5366, 5372, 5375, 2271, 3.080, 271.55, -58.50, 3.075, 271.42, -58.42, 0.007, 200.33, 58.76);
insert into SHOT values (5367, 5372, 5376, 2271, 3.540, 26.35, -1.10, 3.538, 26.35, -0.97, 0.008, 207.70, 76.82);
insert into SHOT values (5368, 5372, 5377, 2271, 27.030, 302.25, 5.90, 27.027, 302.24, 5.90, 0.007, 185.94, 12.91);
insert into SHOT values (5369, 5377, 5378, 2271, 8.550, 264.05, -45.00, 8.543, 264.11, -44.99, 0.010, 24.82, 37.29);
insert into SHOT values (5370, 5377, 5379, 2271, 25.770, 260.85, -12.00, 25.763, 260.84, -11.99, 0.010, 98.93, 52.35);
insert into SHOT values (5371, 5377, 5380, 2271, 9.040, 253.25, 40.40, 9.038, 253.28, 40.42, 0.005, 27.18, 11.89);
insert into SHOT values (5372, 5377, 5381, 2271, 15.890, 280.25, 37.10, 15.893, 280.27, 37.12, 0.007, 15.29, 43.28);
insert into SHOT values (5373, 5377, 5382, 2271, 17.880, 210.15, 46.90, 17.879, 210.13, 46.93, 0.009, 53.66, 32.85);
insert into SHOT values (5374, 5377, 5383, 2271, 8.160, 274.85, 88.60, 8.162, 275.71, 88.59, 0.004, 336.85, 35.42);
insert into SHOT values (5375, 5377, 5384, 2271, 8.680, 25.05, -5.60, 8.684, 25.05, -5.55, 0.008, 33.39, 56.47);
insert into SHOT values (5376, 5377, 5385, 2271, 10.470, 24.15, 40.10, 10.476, 24.17, 40.11, 0.007, 59.48, 55.18);
insert into SHOT values (5377, 5377, 5386, 2271, 1.050, 57.45, -76.80, 1.048, 56.98, -76.84, 0.003, 295.23, 44.17);
insert into SHOT values (5378, 5377, 5387, 2271, 64.350, 300.05, 20.30, 64.350, 300.05, 20.30, 0.005, 113.00, 67.13);
insert into SHOT values (5379, 5387, 5388, 2271, 8.880, 175.95, -7.90, 8.876, 175.96, -7.90, 0.004, 338.81, 7.21);
insert into SHOT values (5380, 5387, 5389, 2271, 44.240, 83.55, -9.40, 44.242, 83.54, -9.41, 0.007, 4.39, -37.39);
insert into SHOT values (5381, 5387, 5390, 2271, 34.650, 59.95, -9.00, 34.648, 59.94, -9.00, 0.003, 299.32, 7.70);
insert into SHOT values (5382, 5387, 5391, 2271, 33.020, 68.55, -8.60, 33.023, 68.55, -8.60, 0.004, 92.04, -38.60);
insert into SHOT values (5383, 5387, 5392, 2271, 37.360, 72.85, -8.20, 37.358, 72.84, -8.20, 0.006, 325.51, -12.42);
insert into SHOT values (5384, 5387, 5393, 2271, 36.420, 56.65, -8.40, 36.425, 56.65, -8.40, 0.005, 64.67, 4.18);
insert into SHOT values (5385, 5387, 5394, 2271, 35.900, 53.85, -8.80, 35.903, 53.85, -8.80, 0.004, 72.72, 31.35);
insert into SHOT values (5386, 5387, 5395, 2271, 20.650, 44.55, -7.00, 20.654, 44.55, -7.01, 0.005, 27.80, -42.17);
insert into SHOT values (5387, 5387, 5396, 2271, 13.930, 20.65, 67.00, 13.930, 20.63, 66.97, 0.007, 5.56, -21.19);
insert into SHOT values (5388, 5387, 5397, 2271, 2.630, 174.85, -79.00, 2.628, 174.29, -78.98, 0.005, 92.31, 18.76);
insert into SHOT values (5389, 5387, 5398, 2271, 34.210, 285.25, 28.20, 34.209, 285.25, 28.19, 0.006, 285.13, -70.51);
insert into SHOT values (5390, 5398, 5399, 2271, 18.360, 169.45, -31.80, 18.358, 169.44, -31.79, 0.006, 86.14, 62.12);
insert into SHOT values (5391, 5398, 5400, 2271, 8.670, 169.15, -4.90, 8.667, 169.12, -4.90, 0.005, 43.96, 6.03);
insert into SHOT values (5392, 5398, 5401, 2271, 5.990, 291.85, 84.80, 5.994, 291.80, 84.85, 0.006, 117.62, 46.63);
insert into SHOT values (5393, 5398, 5402, 2271, 10.430, 332.95, 21.40, 10.430, 332.99, 21.43, 0.008, 77.04, 33.25);
insert into SHOT values (5394, 5398, 5403, 2271, 11.910, 14.35, -22.80, 11.911, 14.34, -22.77, 0.006, 343.86, 58.75);
insert into SHOT values (5395, 5398, 5404, 2271, 12.800, 276.75, 27.50, 12.796, 276.78, 27.51, 0.008, 41.12, -2.84);
insert into SHOT values (5396, 5372, 5405, 2271, 21.140, 96.65, 5.70, 21.589, 89.60, 6.73, 2.677, 11.92, 9.25);
insert into SHOT values (5397, 5405, 5406, 2271, 4.390, 352.25, -43.30, 4.399, 352.28, -43.35, 0.010, 12.20, -64.73);
insert into SHOT values (5398, 5405, 5407, 2271, 7.310, 348.05, 9.20, 7.308, 348.08, 9.13, 0.010, 84.00, -63.59);
insert into SHOT values (5399, 5405, 5408, 2271, 6.780, 348.05, 49.50, 6.777, 348.08, 49.46, 0.006, 40.11, -62.71);
insert into SHOT values (5400, 5405, 5409, 2271, 5.010, 98.35, 71.50, 5.011, 98.28, 71.42, 0.007, 83.51, -8.70);
insert into SHOT values (5401, 5405, 5410, 2271, 4.010, 158.25, 8.60, 4.008, 158.23, 8.61, 0.003, 14.46, 7.68);
insert into SHOT values (5402, 5405, 5411, 2271, 1.800, 167.65, -41.60, 1.800, 167.52, -41.81, 0.007, 22.99, -42.94);
insert into SHOT values (5403, 5405, 5412, 2271, 10.510, 50.95, -9.10, 10.886, 51.24, -7.28, 0.509, 58.42, 33.67);
insert into SHOT values (5404, 5412, 5413, 2271, 16.460, 40.35, -2.90, 16.460, 40.34, -2.93, 0.008, 296.42, -64.26);
insert into SHOT values (5405, 5412, 5414, 2271, 3.840, 334.45, 9.60, 3.833, 334.45, 9.61, 0.007, 152.49, -3.36);
insert into SHOT values (5406, 5412, 5415, 2271, 5.830, 1.85, 70.90, 5.829, 1.81, 70.97, 0.007, 192.92, 7.87);
insert into SHOT values (5407, 5412, 5416, 2271, 10.190, 134.05, 58.20, 10.192, 134.10, 58.17, 0.007, 175.42, -3.49);
insert into SHOT values (5408, 5412, 5417, 2271, 10.790, 127.15, 6.20, 10.791, 127.16, 6.17, 0.006, 183.05, -67.29);
insert into SHOT values (5409, 5412, 5418, 2271, 6.500, 126.75, -18.40, 6.498, 126.76, -18.39, 0.003, 274.33, 40.77);
insert into SHOT values (5410, 5413, 5419, 2271, 12.270, 306.75, -9.00, 12.269, 306.75, -9.00, 0.001, 145.95, -29.73);
insert into SHOT values (5411, 5413, 5420, 2271, 6.720, 61.75, 81.40, 6.726, 62.16, 81.39, 0.009, 139.51, 36.79);
insert into SHOT values (5412, 5413, 5421, 2271, 10.260, 126.15, 8.20, 10.261, 126.15, 8.24, 0.007, 331.30, 87.16);
insert into SHOT values (5413, 5413, 5422, 2271, 0.740, 159.65, -78.90, 0.735, 160.35, -78.33, 0.009, 175.97, 43.70);
insert into SHOT values (5414, 5413, 5423, 2271, 29.520, 79.45, 26.30, 29.522, 79.46, 26.30, 0.007, 152.34, 4.44);
insert into SHOT values (5415, 5423, 5424, 2271, 17.350, 305.35, -5.60, 17.355, 305.34, -5.59, 0.007, 270.98, 26.90);
insert into SHOT values (5416, 5423, 5425, 2271, 5.720, 338.75, 87.80, 5.724, 339.15, 87.75, 0.007, 355.61, 38.14);
insert into SHOT values (5417, 5423, 5426, 2271, 11.660, 115.85, -4.70, 11.658, 115.82, -4.67, 0.009, 15.83, 38.32);
insert into SHOT values (5418, 5423, 5427, 2271, 11.210, 122.75, 37.50, 11.213, 122.74, 37.52, 0.006, 5.88, 80.62);
insert into SHOT values (5419, 5423, 5428, 2271, 12.570, 11.05, 25.10, 12.571, 11.04, 25.14, 0.008, 215.26, 72.42);
insert into SHOT values (5420, 5428, 5429, 2271, 9.690, 312.55, -1.10, 9.691, 312.53, -1.12, 0.005, 243.73, -53.51);
insert into SHOT values (5421, 5428, 5430, 2271, 1.840, 307.45, 27.10, 1.838, 307.57, 26.84, 0.009, 5.71, -63.76);
insert into SHOT values (5422, 5428, 5431, 2271, 1.320, 137.85, 74.90, 1.315, 137.39, 75.02, 0.007, 351.17, -41.55);
insert into SHOT values (5423, 5428, 5432, 2271, 6.360, 129.85, 4.30, 6.358, 129.82, 4.24, 0.008, 13.56, -60.62);
insert into SHOT values (5424, 5428, 5433, 2271, 3.790, 11.05, 21.90, 3.787, 10.99, 21.86, 0.005, 251.26, -41.35);
insert into SHOT values (5425, 5433, 5434, 2271, 4.070, 302.65, 3.10, 4.072, 302.75, 3.10, 0.008, 14.26, -0.74);
insert into SHOT values (5426, 5433, 5435, 2271, 3.000, 309.05, 77.70, 2.999, 309.92, 77.70, 0.010, 40.58, -6.67);
insert into SHOT values (5427, 5433, 5436, 2271, 7.630, 53.35, 66.30, 7.635, 53.20, 66.28, 0.010, 357.00, 20.68);
insert into SHOT values (5428, 5433, 5437, 2271, 8.350, 123.45, 21.70, 8.353, 123.38, 21.71, 0.009, 46.79, 15.99);
insert into SHOT values (5429, 5433, 5438, 2271, 0.870, 126.25, -48.20, 0.871, 125.88, -48.25, 0.004, 39.20, -21.14);
insert into SHOT values (5430, 5423, 5439, 2271, 1.230, 174.15, -87.10, 1.221, 180.00, -87.18, 0.011, 286.71, 51.82);
insert into SHOT values (5431, 5439, 5440, 2271, 10.530, 119.25, -19.50, 10.531, 119.25, -19.53, 0.005, 252.39, -83.57);
insert into SHOT values (5432, 5440, 5441, 2271, 10.290, 50.95, 18.10, 10.293, 50.97, 18.11, 0.006, 115.35, 32.67);
insert into SHOT values (5433, 5440, 5442, 2271, 2.730, 71.75, 1.10, 2.736, 71.90, 1.05, 0.010, 121.80, -14.67);
insert into SHOT values (5434, 5440, 5443, 2271, 4.200, 31.25, 66.50, 4.198, 31.32, 66.50, 0.003, 145.52, -37.37);
insert into SHOT values (5435, 5440, 5444, 2271, 8.830, 214.85, 85.00, 8.833, 214.32, 85.05, 0.011, 80.83, 20.04);
insert into SHOT values (5436, 5440, 5445, 2271, 5.900, 225.35, 13.00, 5.894, 225.28, 13.04, 0.010, 88.78, 16.11);
insert into SHOT values (5437, 5440, 5446, 2271, 10.000, 222.45, -28.40, 9.997, 222.42, -28.43, 0.008, 83.52, -28.13);
insert into SHOT values (5438, 5440, 5447, 2271, 3.620, 210.45, -49.70, 3.618, 210.29, -49.72, 0.007, 103.21, 7.31);
insert into SHOT values (5439, 5440, 5448, 2271, 16.430, 148.05, -28.50, 16.433, 148.02, -28.50, 0.009, 81.01, -1.80);
insert into SHOT values (5440, 5412, 5449, 2271, 10.050, 204.15, -4.60, 9.738, 201.31, -4.00, 0.589, 80.90, 12.35);
insert into SHOT values (5441, 5449, 5450, 2271, 2.360, 77.65, 26.50, 2.357, 77.41, 26.45, 0.009, 338.97, -18.98);
insert into SHOT values (5442, 5449, 5451, 2271, 4.350, 151.45, 75.80, 4.351, 151.26, 75.89, 0.008, 359.90, 21.71);
insert into SHOT values (5443, 5449, 5452, 2271, 8.840, 231.85, 40.50, 8.840, 231.89, 40.49, 0.005, 301.87, -13.50);
insert into SHOT values (5444, 5449, 5453, 2271, 8.330, 235.15, 16.70, 8.331, 235.16, 16.67, 0.004, 256.60, -56.10);
insert into SHOT values (5445, 5449, 5454, 2271, 1.500, 232.05, -43.10, 1.500, 232.08, -43.37, 0.007, 45.51, -44.98);
insert into SHOT values (5446, 5449, 5455, 2271, 22.250, 194.85, -3.30, 22.130, 187.69, -1.81, 2.829, 99.32, 11.85);
insert into SHOT values (5447, 5455, 5456, 2271, 8.220, 66.55, 6.00, 8.219, 66.57, 6.01, 0.004, 174.87, 12.74);
insert into SHOT values (5448, 5455, 5457, 2271, 15.070, 83.05, 4.70, 15.071, 83.04, 4.68, 0.005, 26.08, -62.88);
insert into SHOT values (5449, 5455, 5458, 2271, 19.790, 94.35, 4.10, 19.787, 94.36, 4.09, 0.006, 217.31, -49.77);
insert into SHOT values (5450, 5455, 5459, 2271, 21.550, 101.45, 1.40, 21.546, 101.46, 1.38, 0.009, 231.68, -46.04);
insert into SHOT values (5451, 5455, 5460, 2271, 10.410, 119.25, 1.90, 10.410, 119.23, 1.87, 0.007, 31.79, -51.28);
insert into SHOT values (5452, 5455, 5461, 2271, 5.240, 281.95, 14.40, 5.243, 281.93, 14.36, 0.006, 260.54, -33.99);
insert into SHOT values (5453, 5455, 5462, 2271, 3.670, 125.75, 87.20, 3.664, 128.16, 87.21, 0.009, 226.28, -36.43);
insert into SHOT values (5454, 5455, 5463, 2271, 1.290, 181.95, -88.10, 1.291, 180.00, -88.22, 0.003, 27.91, -12.86);
insert into SHOT values (5455, 5455, 5464, 2271, 6.360, 156.25, 6.50, 6.304, 152.37, 7.29, 0.438, 55.50, 10.53);
insert into SHOT values (5456, 5464, 5465, 2271, 9.170, 97.85, -0.00, 9.176, 97.83, 0.00, 0.006, 69.58, 0.00);
insert into SHOT values (5457, 5464, 5466, 2271, 14.290, 111.15, 8.70, 14.293, 111.12, 8.69, 0.009, 42.59, -10.04);
insert into SHOT values (5458, 5464, 5467, 2271, 15.480, 118.35, 8.40, 15.481, 118.34, 8.39, 0.003, 58.79, -24.42);
insert into SHOT values (5459, 5464, 5468, 2271, 12.260, 129.15, 5.10, 12.260, 129.15, 5.10, 0.001, 195.79, 16.31);
insert into SHOT values (5460, 5464, 5469, 2271, 10.660, 149.75, 3.30, 10.661, 149.70, 3.28, 0.010, 69.97, -22.05);
insert into SHOT values (5461, 5464, 5470, 2271, 10.370, 304.45, -1.50, 10.367, 304.50, -1.55, 0.014, 54.60, -39.21);
insert into SHOT values (5462, 5464, 5471, 2271, 8.350, 285.85, 11.40, 8.347, 285.89, 11.40, 0.006, 41.53, -4.04);
insert into SHOT values (5463, 5464, 5472, 2271, 3.520, 290.25, 71.60, 3.520, 290.56, 71.61, 0.006, 23.90, -0.42);
insert into SHOT values (5464, 5464, 5473, 2271, 1.350, 268.95, -61.20, 1.356, 269.12, -61.35, 0.007, 7.59, -74.38);
insert into SHOT values (5465, 5464, 5474, 2271, 12.810, 255.05, -0.90, 12.804, 255.06, -0.89, 0.007, 46.13, 10.34);
insert into SHOT values (5466, 5464, 5475, 2271, 8.620, 255.25, -0.70, 8.270, 257.07, 0.14, 0.459, 38.61, 15.86);
insert into SHOT values (5467, 5475, 5476, 2271, 8.580, 254.25, 0.40, 8.582, 254.25, 0.33, 0.010, 249.93, -75.54);
insert into SHOT values (5468, 5475, 5477, 2271, 12.260, 129.65, 20.80, 12.261, 129.62, 20.78, 0.007, 61.09, -30.54);
insert into SHOT values (5469, 5475, 5478, 2271, 6.110, 141.05, 44.60, 6.110, 140.97, 44.59, 0.006, 56.88, -1.48);
insert into SHOT values (5470, 5475, 5479, 2271, 1.690, 304.65, 7.40, 1.688, 304.54, 7.14, 0.008, 204.53, -67.91);
insert into SHOT values (5471, 5475, 5480, 2271, 2.500, 218.25, 81.90, 2.494, 219.17, 81.97, 0.009, 343.79, -36.21);
insert into SHOT values (5472, 5475, 5481, 2271, 0.380, 273.25, -88.50, 0.380, 270.00, -88.49, 0.001, 186.95, -12.92);
insert into SHOT values (5473, 5475, 5482, 2271, 7.420, 178.15, 14.10, 7.244, 174.49, 15.45, 0.515, 60.98, 13.75);
insert into SHOT values (5474, 5482, 5483, 2271, 25.000, 6.25, 90.00, 25.000, 90.00, 90.00, 0.000, 6.25, 0.00);
insert into SHOT values (5475, 5475, 5484, 2271, 7.260, 201.55, 13.90, 7.255, 201.57, 13.88, 0.007, 341.99, -38.55);
insert into SHOT values (5476, 5482, 5485, 2271, 7.560, 92.65, 5.50, 7.562, 92.66, 5.46, 0.006, 128.69, -51.59);
insert into SHOT values (5477, 5482, 5486, 2271, 7.640, 142.35, 4.00, 7.647, 142.35, 3.97, 0.008, 142.89, -21.88);
insert into SHOT values (5478, 5482, 5487, 2271, 10.140, 305.45, -2.90, 10.130, 305.47, -2.94, 0.013, 108.89, -33.88);
insert into SHOT values (5479, 5482, 5488, 2271, 6.770, 311.95, -32.10, 6.766, 311.96, -32.15, 0.007, 123.99, -20.48);
insert into SHOT values (5480, 5482, 5489, 2271, 1.860, 49.25, -84.10, 1.870, 51.34, -84.10, 0.012, 132.97, -54.40);
insert into SHOT values (5481, 5482, 5490, 2271, 5.920, 279.35, 56.50, 5.912, 279.35, 56.50, 0.008, 100.61, -57.91);
insert into SHOT values (5482, 5482, 5491, 2271, 9.810, 101.35, 34.10, 9.815, 101.35, 34.08, 0.006, 105.50, 1.31);
insert into SHOT values (5483, 5482, 5492, 2271, 13.590, 75.75, 61.30, 13.592, 75.73, 61.28, 0.006, 53.80, -4.17);
insert into SHOT values (5484, 5482, 5493, 2271, 9.880, 347.65, 75.30, 9.873, 347.79, 75.29, 0.009, 81.84, -46.07);
insert into SHOT values (5485, 5482, 5494, 2271, 21.590, 18.15, 70.80, 21.583, 18.21, 70.78, 0.013, 70.46, -45.49);
insert into SHOT values (5486, 5482, 5495, 2271, 25.560, 66.95, 58.70, 25.561, 66.95, 58.70, 0.001, 69.10, 1.26);
insert into SHOT values (5487, 5482, 5496, 2271, 21.250, 44.15, 71.60, 21.248, 44.22, 71.59, 0.009, 109.86, -22.86);
insert into SHOT values (5488, 5482, 5497, 2271, 10.920, 269.65, -24.90, 10.629, 272.94, -26.00, 0.664, 33.51, -5.39);
insert into SHOT values (5489, 5497, 5498, 2271, 12.430, 132.75, 21.40, 12.432, 132.76, 21.37, 0.007, 161.87, -49.16);
insert into SHOT values (5490, 5497, 5499, 2271, 4.100, 274.25, -1.10, 4.102, 274.20, -1.12, 0.004, 208.76, -17.09);
insert into SHOT values (5491, 5497, 5500, 2271, 3.410, 276.75, 85.00, 3.412, 275.91, 85.10, 0.008, 133.76, 22.69);
insert into SHOT values (5492, 5497, 5501, 2271, 0.770, 117.55, -47.20, 0.780, 118.01, -46.96, 0.011, 142.58, -26.43);
insert into SHOT values (5493, 5497, 5502, 2271, 21.010, 166.05, -1.90, 21.187, 156.23, -0.16, 3.671, 74.12, 9.99);
insert into SHOT values (5494, 5502, 5503, 2271, 4.590, 121.75, 22.00, 4.591, 121.75, 22.00, 0.001, 122.17, 24.48);
insert into SHOT values (5495, 5502, 5504, 2271, 3.700, 304.85, 73.20, 3.696, 305.04, 73.29, 0.008, 98.00, -15.11);
insert into SHOT values (5496, 5502, 5505, 2271, 7.210, 310.95, -8.50, 7.204, 310.96, -8.54, 0.008, 119.88, -32.29);
insert into SHOT values (5497, 5502, 5506, 2271, 4.620, 316.75, -29.30, 4.616, 316.71, -29.31, 0.005, 171.74, 11.75);
insert into SHOT values (5498, 5502, 5507, 2271, 22.770, 58.75, 70.80, 22.768, 58.81, 70.79, 0.010, 120.63, -19.74);
insert into SHOT values (5499, 5502, 5508, 2271, 21.060, 156.35, 68.40, 21.058, 156.35, 68.40, 0.002, 353.26, -36.01);
insert into SHOT values (5500, 5502, 5318, 2271, 25.340, 256.05, -11.30, 25.065, 260.75, -11.41, 2.045, 356.24, 0.15);
insert into SHOT values (5501, 5318, 5509, 2271, 4.220, 6.55, -7.10, 4.220, 6.58, -7.08, 0.003, 97.50, 33.14);
insert into SHOT values (5502, 5318, 5510, 2271, 8.450, 100.15, -3.40, 8.456, 100.10, -3.39, 0.009, 47.54, 7.00);
insert into SHOT values (5503, 5318, 5511, 2271, 13.470, 69.45, -2.70, 13.473, 69.42, -2.68, 0.008, 10.93, 33.91);
insert into SHOT values (5504, 5318, 5512, 2271, 8.090, 190.15, -6.80, 8.092, 190.11, -6.81, 0.006, 115.53, -19.35);
insert into SHOT values (5505, 5318, 5513, 2271, 7.440, 257.75, -1.80, 7.433, 257.72, -1.77, 0.008, 105.87, 27.03);
insert into SHOT values (5506, 5318, 5514, 2271, 15.720, 293.15, -1.10, 15.719, 293.16, -1.09, 0.003, 51.24, 39.15);
insert into SHOT values (5507, 5158, 5515, 2271, 15.750, 294.45, 17.50, 15.754, 294.45, 17.47, 0.009, 298.54, -42.64);
insert into SHOT values (5508, 5158, 5516, 2271, 5.080, 307.55, 80.80, 5.077, 307.57, 80.70, 0.009, 309.65, -30.59);
insert into SHOT values (5509, 5158, 5517, 2271, 15.940, 57.55, 5.00, 15.940, 57.55, 5.00, 0.001, 155.74, 46.65);
insert into SHOT values (5510, 5158, 5518, 2271, 3.810, 57.15, -25.90, 3.814, 57.14, -25.97, 0.006, 44.28, -79.01);
insert into SHOT values (5511, 5158, 5519, 2271, 21.760, 1.55, 5.60, 21.951, 357.11, 6.99, 1.775, 273.79, 17.93);
insert into SHOT values (5512, 5519, 5520, 2271, 7.780, 286.25, 30.00, 7.774, 286.31, 30.03, 0.010, 60.83, 0.00);
insert into SHOT values (5513, 5519, 5521, 2271, 2.700, 57.85, 78.00, 2.700, 57.99, 77.90, 0.005, 75.01, -11.53);
insert into SHOT values (5514, 5519, 5522, 2271, 21.120, 102.55, -8.30, 21.120, 102.55, -8.30, 0.001, 36.73, -58.83);
insert into SHOT values (5515, 5519, 5523, 2271, 15.880, 104.45, 5.40, 15.879, 104.43, 5.38, 0.006, 6.08, -43.71);
insert into SHOT values (5516, 5519, 5524, 2271, 2.510, 103.25, -37.30, 2.513, 102.99, -37.22, 0.010, 40.63, 5.89);
insert into SHOT values (5517, 5519, 5525, 2271, 16.250, 23.75, 0.40, 16.351, 19.67, 1.72, 1.224, 296.32, 17.92);
insert into SHOT values (5518, 5525, 5526, 2271, 7.220, 273.75, 13.60, 7.216, 273.76, 13.54, 0.008, 64.43, -69.94);
insert into SHOT values (5519, 5525, 5527, 2271, 7.440, 345.45, 3.40, 7.442, 345.42, 3.39, 0.004, 288.53, -16.43);
insert into SHOT values (5520, 5525, 5528, 2271, 11.860, 16.45, -19.60, 11.864, 16.42, -19.60, 0.006, 320.94, -15.09);
insert into SHOT values (5521, 5525, 5529, 2271, 12.550, 66.75, -34.00, 12.553, 66.74, -34.00, 0.003, 13.10, -37.92);
insert into SHOT values (5522, 5525, 5530, 2271, 2.050, 93.35, -1.60, 2.054, 93.35, -1.67, 0.005, 94.12, -32.65);
insert into SHOT values (5523, 5525, 5531, 2271, 1.870, 10.45, -81.90, 1.879, 10.89, -81.90, 0.009, 68.26, -74.59);
insert into SHOT values (5524, 5525, 5532, 2271, 26.240, 157.55, -6.00, 26.122, 160.79, -4.52, 1.624, 251.33, 24.86);
insert into SHOT values (5525, 5532, 5533, 2271, 6.460, 83.85, -17.80, 6.454, 83.83, -17.77, 0.007, 279.51, 41.51);
insert into SHOT values (5526, 5532, 5534, 2271, 22.580, 269.45, 12.00, 22.585, 269.46, 12.01, 0.007, 300.35, 46.07);
insert into SHOT values (5527, 5532, 5535, 2271, 4.530, 284.45, 56.90, 4.537, 284.48, 56.88, 0.007, 302.05, 44.69);
insert into SHOT values (5528, 5532, 5536, 2271, 1.650, 180.65, -75.20, 1.645, 181.36, -75.20, 0.008, 285.58, 44.08);
insert into SHOT values (5529, 5532, 5537, 2271, 8.720, 126.75, -11.40, 8.514, 126.68, -11.11, 0.211, 309.79, 23.28);
insert into SHOT values (5530, 5537, 5538, 2271, 3.470, 53.45, 2.00, 3.476, 53.43, 1.98, 0.006, 41.50, -9.92);
insert into SHOT values (5531, 5537, 5539, 2271, 2.770, 181.55, 66.30, 2.763, 181.55, 66.30, 0.007, 1.66, -64.91);
insert into SHOT values (5532, 5537, 5540, 2271, 30.990, 218.75, 7.00, 30.989, 218.74, 6.99, 0.007, 115.32, -70.63);
insert into SHOT values (5533, 5537, 5541, 2271, 2.400, 219.95, -42.40, 2.403, 219.97, -42.39, 0.003, 236.74, -34.81);
insert into SHOT values (5534, 5537, 5542, 2271, 12.790, 174.55, -3.50, 12.670, 177.01, -2.58, 0.596, 277.05, 20.73);
insert into SHOT values (5535, 5542, 5543, 2271, 14.560, 51.75, 9.90, 14.558, 51.74, 9.93, 0.008, 268.68, 61.05);
insert into SHOT values (5536, 5542, 5544, 2271, 4.230, 60.55, 55.00, 4.235, 60.37, 55.03, 0.009, 339.12, 33.44);
insert into SHOT values (5537, 5542, 5545, 2271, 20.630, 119.55, 61.70, 20.631, 119.56, 61.73, 0.011, 291.58, 32.53);
insert into SHOT values (5538, 5542, 5546, 2271, 6.190, 286.15, 59.40, 6.194, 286.19, 59.38, 0.005, 317.24, 22.09);
insert into SHOT values (5539, 5542, 5547, 2271, 45.190, 269.85, 4.80, 45.198, 269.85, 4.80, 0.009, 264.07, -9.16);
insert into SHOT values (5540, 5542, 5548, 2271, 3.450, 267.05, -44.00, 3.446, 267.23, -43.91, 0.010, 348.60, 39.60);
insert into SHOT values (5541, 5542, 5549, 2271, 12.560, 64.35, 6.60, 12.499, 61.28, 7.82, 0.719, 324.81, 20.89);
insert into SHOT values (5542, 5549, 5550, 2271, 10.630, 9.75, -2.60, 10.634, 9.75, -2.59, 0.005, 24.51, 25.17);
insert into SHOT values (5543, 5549, 5551, 2271, 2.910, 9.85, 12.70, 2.914, 9.93, 12.69, 0.005, 55.72, 2.64);
insert into SHOT values (5544, 5549, 5552, 2271, 1.340, 164.85, 64.40, 1.342, 165.00, 64.40, 0.002, 229.67, 41.44);
insert into SHOT values (5545, 5549, 5553, 2271, 6.680, 202.85, 7.00, 6.679, 202.81, 7.05, 0.007, 90.39, 52.86);
insert into SHOT values (5546, 5549, 5554, 2271, 35.620, 228.55, 2.70, 35.619, 228.56, 2.70, 0.005, 333.52, 26.11);
insert into SHOT values (5547, 5549, 5555, 2271, 11.900, 176.35, 6.30, 11.897, 176.31, 6.32, 0.009, 58.35, 27.91);
insert into SHOT values (5548, 5549, 5556, 2271, 1.860, 187.75, -46.70, 1.854, 187.68, -46.72, 0.006, 26.53, 39.46);
insert into SHOT values (5549, 5549, 5557, 2271, 12.210, 89.35, -1.00, 12.074, 87.25, 0.00, 0.512, 341.53, 24.61);
insert into SHOT values (5550, 5557, 5558, 2271, 11.550, 328.65, -2.70, 11.546, 328.65, -2.68, 0.006, 134.98, 47.44);
insert into SHOT values (5551, 5557, 5559, 2271, 15.410, 344.35, 8.70, 15.412, 344.35, 8.70, 0.002, 348.56, -23.12);
insert into SHOT values (5552, 5557, 5560, 2271, 10.710, 356.95, 8.40, 10.711, 356.92, 8.43, 0.008, 269.20, 42.36);
insert into SHOT values (5553, 5557, 5561, 2271, 3.820, 34.65, 12.60, 3.822, 34.63, 12.54, 0.005, 8.75, -46.17);
insert into SHOT values (5554, 5557, 5562, 2271, 1.430, 324.25, -87.60, 1.431, 321.34, -87.44, 0.005, 285.63, -13.55);
insert into SHOT values (5555, 5557, 5563, 2271, 0.980, 238.35, 72.50, 0.984, 239.04, 72.77, 0.007, 10.47, 48.63);
insert into SHOT values (5556, 5557, 5564, 2271, 3.500, 217.15, 4.20, 3.500, 217.20, 4.26, 0.005, 317.33, 49.96);
insert into SHOT values (5557, 5557, 5565, 2271, 2.060, 214.55, -43.20, 2.061, 214.43, -43.16, 0.004, 153.00, 2.71);
insert into SHOT values (5558, 5557, 5566, 2271, 15.290, 170.35, -2.70, 15.166, 173.07, -1.55, 0.794, 270.54, 23.01);
insert into SHOT values (5559, 5566, 5567, 2271, 10.430, 63.35, 2.80, 10.433, 63.31, 2.80, 0.007, 354.39, 4.00);
insert into SHOT values (5560, 5566, 5568, 2271, 9.970, 112.25, 8.20, 9.973, 112.20, 8.19, 0.009, 46.41, -12.44);
insert into SHOT values (5561, 5566, 5569, 2271, 10.240, 92.55, 10.20, 10.241, 92.50, 10.18, 0.009, 12.53, -21.93);
insert into SHOT values (5562, 5566, 5570, 2271, 14.190, 270.15, 86.90, 14.180, 270.75, 86.93, 0.014, 42.63, -40.30);
insert into SHOT values (5563, 5566, 5571, 2271, 12.710, 237.35, -15.60, 12.702, 237.35, -15.62, 0.009, 56.31, -13.21);
insert into SHOT values (5564, 5566, 5572, 2271, 10.280, 238.65, 1.50, 10.271, 238.66, 1.45, 0.013, 41.85, -45.23);
insert into SHOT values (5565, 5566, 5573, 2271, 4.740, 240.85, -38.90, 4.738, 240.93, -38.97, 0.008, 13.16, -25.90);
insert into SHOT values (5566, 5566, 5574, 2271, 6.360, 341.55, -14.30, 6.507, 340.53, -13.33, 0.214, 307.85, 19.35);
insert into SHOT values (5567, 5574, 5575, 2271, 7.850, 257.75, 8.30, 7.986, 259.49, 8.79, 0.282, 320.93, 17.92);
insert into SHOT values (5568, 5575, 5576, 2271, 7.390, 220.05, 5.20, 7.384, 220.04, 5.21, 0.007, 55.19, 1.96);
insert into SHOT values (5569, 5575, 5577, 2271, 11.670, 244.35, 39.60, 11.666, 244.35, 39.62, 0.006, 65.74, 11.45);
insert into SHOT values (5570, 5575, 5578, 2271, 2.070, 301.45, 46.90, 2.066, 301.66, 46.97, 0.007, 72.59, -11.70);
insert into SHOT values (5571, 5575, 5579, 2271, 2.020, 24.25, 23.60, 2.022, 24.21, 23.61, 0.003, 354.52, 29.70);
insert into SHOT values (5572, 5575, 5580, 2271, 15.730, 15.25, 0.30, 15.735, 15.26, 0.29, 0.006, 36.77, -25.35);
insert into SHOT values (5573, 5575, 5581, 2271, 11.340, 306.35, -2.20, 11.529, 306.46, -1.14, 0.284, 313.06, 46.33);
insert into SHOT values (5574, 5581, 5582, 2271, 7.780, 179.55, 6.60, 7.773, 179.55, 6.65, 0.010, 353.69, 35.06);
insert into SHOT values (5575, 5581, 5583, 2271, 8.300, 181.75, -9.00, 8.295, 181.75, -8.95, 0.009, 1.85, 64.56);
insert into SHOT values (5576, 5581, 5584, 2271, 7.780, 187.85, 27.70, 7.778, 187.85, 27.74, 0.005, 9.32, 42.22);
insert into SHOT values (5577, 5581, 5585, 2271, 1.640, 351.65, 83.80, 1.640, 350.54, 83.61, 0.006, 318.07, -3.65);
insert into SHOT values (5578, 5581, 5586, 2271, 16.850, 14.45, -1.60, 16.858, 14.43, -1.60, 0.010, 344.43, 2.85);
insert into SHOT values (5579, 5581, 5587, 2271, 5.180, 228.15, -23.60, 5.180, 229.93, -22.95, 0.159, 310.35, 19.75);
insert into SHOT values (5580, 5587, 5588, 2271, 11.660, 338.45, 6.60, 11.838, 336.88, 7.28, 0.390, 274.35, 24.16);
insert into SHOT values (5581, 5588, 5589, 2271, 19.190, 241.35, 2.40, 19.336, 245.89, 3.85, 1.608, 329.14, 17.98);
insert into SHOT values (5582, 5589, 5158, 2271, 2.300, 359.55, -11.50, 2.404, 358.30, -10.79, 0.119, 333.82, 4.13);
insert into SURVEY values (2275, 50, 'Petit-General', 'Petit-General.Koytendag', 'Petit-General');
 insert into CENTRELINE values (2276, 2275, NULL, NULL, NULL, 0.00, 0.00, 0.00);
 insert into SURVEY values (2277, 2275, 'general', 'general.Petit-General.Koytendag', 'general');
 insert into CENTRELINE values (2278, 2277, NULL, NULL, NULL, 0.00, 0.00, 0.00);
 insert into CENTRELINE values (2279, 2277, NULL, '2024-04-14', NULL, 7.75, 0.00, 0.00);
 insert into TOPO values (5, 2279);
 insert into TOPO values (3, 2279);
 insert into SHOT values (5583, 5590, 5591, 2279, 1.060, 214.75, 7.90, 1.059, 214.90, 8.14, 0.005, 329.92, 54.12);
insert into SHOT values (5584, 5590, 5592, 2279, 1.020, 248.15, 30.50, 1.018, 247.83, 30.73, 0.007, 116.77, 19.85);
insert into SHOT values (5585, 5590, 5593, 2279, 0.960, 280.55, 32.80, 0.958, 280.75, 32.89, 0.004, 55.46, -0.57);
insert into SHOT values (5586, 5590, 5594, 2279, 0.340, 359.75, 29.50, 0.345, 0.00, 29.54, 0.005, 17.66, 31.02);
insert into SHOT values (5587, 5590, 5595, 2279, 0.590, 194.05, -51.10, 0.591, 194.04, -51.11, 0.001, 186.37, -54.96);
insert into SHOT values (5588, 5590, 5596, 2279, 1.660, 280.35, -17.30, 1.661, 280.53, -17.16, 0.006, 350.60, 34.14);
insert into SHOT values (5589, 5590, 5597, 2279, 2.790, 291.75, -13.70, 2.794, 291.84, -13.66, 0.006, 337.62, 7.28);
insert into SHOT values (5590, 5590, 5598, 2279, 3.740, 293.95, -4.20, 3.743, 294.02, -4.14, 0.007, 349.09, 32.78);
insert into SHOT values (5591, 5590, 5599, 2279, 1.960, 286.85, 8.70, 1.956, 286.84, 8.82, 0.006, 109.88, 37.77);
insert into SHOT values (5592, 5590, 5600, 2279, 4.020, 290.55, -7.90, 4.022, 290.57, -7.86, 0.004, 327.94, 41.97);
insert into SHOT values (5593, 5590, 5601, 2279, 2.980, 282.85, -5.40, 2.978, 282.86, -5.40, 0.003, 83.70, 10.01);
insert into SHOT values (5594, 5590, 5602, 2279, 1.630, 261.95, -0.00, 1.626, 261.87, 0.00, 0.004, 113.29, 0.00);
insert into SHOT values (5595, 5590, 5603, 2279, 1.860, 297.95, -4.10, 1.861, 297.95, -4.01, 0.003, 293.55, 67.46);
insert into SHOT values (5596, 5590, 5604, 2279, 2.180, 294.35, -6.10, 2.178, 294.55, -6.06, 0.008, 37.57, 11.74);
insert into SHOT values (5597, 5590, 5605, 2279, 7.750, 295.85, -8.80, 7.749, 295.86, -8.83, 0.005, 71.38, -58.62);
insert into SCRAPS values (2281, 2275, 'SP-PetitG-1', 1, 0.00000, 0.00000);
 insert into MAPS values (2290, 2275, 'MP-Petit-General', 'Grotte du Petit General', 1, 7.750, -1.190);
 insert into MAPITEMS values (2290, 4, 2281);
 insert into SURVEY values (2292, 50, 'Promezhutochnaya', 'Promezhutochnaya.Koytendag', 'Promezhutochnaya');
 insert into CENTRELINE values (2293, 2292, NULL, NULL, NULL, 0.00, 0.00, 0.00);
 insert into SURVEY values (2294, 2292, 'Entree', 'Entree.Promezhutochnaya.Koytendag', 'Entree');
 insert into CENTRELINE values (2295, 2294, NULL, NULL, NULL, 0.00, 0.00, 0.00);
 insert into SURVEY values (2296, 2294, 'Promeszutochnaya', 'Promeszutochnaya.Entree.Promezhutochnaya.Koytendag', 'Promeszutochnaya tunnel amont');
 insert into CENTRELINE values (2297, 2296, NULL, NULL, NULL, 0.00, 0.00, 0.00);
 insert into CENTRELINE values (2298, 2296, NULL, '2024-04-24', NULL, 377.65, 0.00, 0.00);
 insert into TOPO values (9, 2298);
 insert into TOPO values (15, 2298);
 insert into TOPO values (7, 2298);
 insert into SHOT values (5598, 5606, 5607, 2298, 0.890, 204.95, -30.60, 0.884, 204.88, -30.61, 0.006, 34.48, 28.78);
insert into SHOT values (5599, 5606, 5608, 2298, 2.380, 55.25, -9.70, 2.383, 55.23, -9.66, 0.004, 41.28, 15.15);
insert into SHOT values (5600, 5606, 5609, 2298, 2.270, 171.15, 78.10, 2.268, 171.35, 78.16, 0.003, 321.21, -20.68);
insert into SHOT values (5601, 5606, 5610, 2298, 0.530, 137.25, -78.00, 0.531, 138.81, -78.45, 0.005, 280.81, -17.94);
insert into SHOT values (5602, 5606, 5611, 2298, 0.150, 120.85, -3.40, 0.153, 121.61, -3.75, 0.004, 155.75, -17.37);
insert into SHOT values (5603, 5606, 5612, 2298, 8.760, 122.75, -4.00, 8.750, 122.89, -4.00, 0.023, 237.12, 2.62);
insert into SHOT values (5604, 5612, 5613, 2298, 0.410, 43.55, -6.90, 0.406, 43.99, -7.07, 0.005, 184.98, -8.42);
insert into SHOT values (5605, 5612, 5614, 2298, 1.530, 215.95, -2.90, 1.534, 215.97, -2.99, 0.005, 224.32, -31.74);
insert into SHOT values (5606, 5612, 5615, 2298, 1.630, 55.75, 79.80, 1.626, 56.31, 79.78, 0.005, 150.16, -56.28);
insert into SHOT values (5607, 5612, 5616, 2298, 0.440, 184.55, -76.30, 0.444, 185.19, -75.59, 0.007, 195.82, -21.60);
insert into SHOT values (5608, 5612, 5617, 2298, 15.870, 138.05, -4.10, 15.872, 138.35, -4.12, 0.084, 227.13, -3.62);
insert into SHOT values (5609, 5617, 5618, 2298, 1.970, 52.75, -9.10, 1.973, 52.72, -9.04, 0.003, 32.28, 27.36);
insert into SHOT values (5610, 5617, 5619, 2298, 1.080, 106.45, 74.10, 1.080, 105.95, 74.36, 0.005, 315.14, 13.88);
insert into SHOT values (5611, 5617, 5620, 2298, 1.360, 118.85, -82.20, 1.362, 119.36, -82.26, 0.003, 240.53, -53.47);
insert into SHOT values (5612, 5617, 5621, 2298, 0.280, 222.65, 5.40, 0.277, 223.53, 6.21, 0.006, 347.25, 35.29);
insert into SHOT values (5613, 5617, 5622, 2298, 18.450, 127.55, -14.80, 18.447, 127.85, -14.86, 0.094, 222.21, -10.40);
insert into SHOT values (5614, 5622, 5623, 2298, 2.070, 20.55, 1.70, 2.070, 20.36, 1.94, 0.011, 292.23, 51.67);
insert into SHOT values (5615, 5622, 5624, 2298, 2.470, 174.55, 87.10, 2.473, 175.24, 87.21, 0.006, 336.98, 33.49);
insert into SHOT values (5616, 5622, 5625, 2298, 1.470, 184.45, -89.00, 1.470, 180.00, -89.22, 0.006, 19.64, -2.17);
insert into SHOT values (5617, 5622, 5626, 2298, 0.410, 199.75, 1.20, 0.405, 200.22, 1.41, 0.006, 345.61, 13.29);
insert into SHOT values (5618, 5622, 5627, 2298, 26.760, 91.05, -2.70, 26.747, 91.29, -2.72, 0.112, 188.15, -4.83);
insert into SHOT values (5619, 5627, 5628, 2298, 8.190, 89.85, -7.40, 8.189, 89.86, -7.44, 0.006, 233.01, -66.91);
insert into SHOT values (5620, 5627, 5629, 2298, 4.450, 9.85, -1.60, 4.447, 9.84, -1.68, 0.006, 198.98, -63.60);
insert into SHOT values (5621, 5627, 5630, 2298, 23.050, 125.15, -3.80, 23.045, 125.16, -3.81, 0.006, 280.45, -23.32);
insert into SHOT values (5622, 5627, 5631, 2298, 29.440, 134.45, -6.40, 29.438, 134.46, -6.40, 0.006, 247.30, 16.05);
insert into SHOT values (5623, 5627, 5632, 2298, 20.270, 154.65, -6.10, 20.266, 154.64, -6.09, 0.006, 6.05, 41.90);
insert into SHOT values (5624, 5627, 5633, 2298, 10.360, 193.95, -2.30, 10.365, 193.97, -2.32, 0.007, 231.39, -36.02);
insert into SHOT values (5625, 5627, 5634, 2298, 8.670, 224.85, -0.80, 8.677, 224.86, -0.79, 0.007, 237.35, 8.27);
insert into SHOT values (5626, 5627, 5635, 2298, 19.590, 282.25, -2.90, 19.590, 282.25, -2.90, 0.002, 205.79, 42.62);
insert into SHOT values (5627, 5627, 5636, 2298, 18.230, 314.45, -6.30, 18.234, 314.44, -6.30, 0.005, 281.45, 5.33);
insert into SHOT values (5628, 5627, 5637, 2298, 3.280, 199.05, 76.90, 3.275, 198.92, 76.94, 0.006, 44.32, -50.84);
insert into SHOT values (5629, 5627, 5638, 2298, 5.310, 1.65, -64.70, 5.310, 1.51, -64.68, 0.006, 287.42, 6.93);
insert into SHOT values (5630, 5627, 5639, 2298, 28.110, 140.75, -10.10, 28.108, 141.25, -10.12, 0.242, 231.83, -2.48);
insert into SHOT values (5631, 5639, 5640, 2298, 7.240, 263.55, 5.60, 7.240, 263.55, 5.55, 0.007, 198.15, -85.25);
insert into SHOT values (5632, 5639, 5641, 2298, 12.380, 294.55, 10.70, 12.381, 294.52, 10.66, 0.011, 229.43, -52.87);
insert into SHOT values (5633, 5639, 5642, 2298, 15.220, 347.75, 7.90, 15.218, 347.74, 7.89, 0.003, 207.64, -36.57);
insert into SHOT values (5634, 5639, 5643, 2298, 9.770, 27.35, 3.20, 9.765, 27.35, 3.17, 0.007, 199.09, -49.23);
insert into SHOT values (5635, 5639, 5644, 2298, 8.500, 57.45, 3.50, 8.496, 57.47, 3.44, 0.010, 196.62, -60.53);
insert into SHOT values (5636, 5639, 5645, 2298, 4.370, 125.15, 0.60, 4.370, 125.22, 0.52, 0.008, 214.56, -48.00);
insert into SHOT values (5637, 5639, 5646, 2298, 11.080, 176.15, 3.30, 11.083, 176.17, 3.26, 0.009, 220.09, -60.78);
insert into SHOT values (5638, 5639, 5647, 2298, 3.330, 219.05, 57.90, 3.329, 219.27, 57.89, 0.007, 309.24, -7.78);
insert into SHOT values (5639, 5639, 5648, 2298, 13.620, 298.75, 70.90, 13.620, 298.69, 70.90, 0.004, 216.58, -2.61);
insert into SHOT values (5640, 5639, 5649, 2298, 9.950, 323.95, 61.00, 9.948, 323.94, 60.99, 0.003, 265.92, -64.48);
insert into SHOT values (5641, 5639, 5650, 2298, 13.500, 334.75, 26.80, 13.498, 334.75, 26.77, 0.007, 7.82, -78.04);
insert into SHOT values (5642, 5639, 5651, 2298, 29.250, 175.25, -12.90, 29.255, 175.74, -12.88, 0.243, 263.81, 2.38);
insert into SHOT values (5643, 5651, 5652, 2298, 8.440, 293.85, 9.60, 8.437, 293.82, 9.62, 0.006, 165.89, 26.49);
insert into SHOT values (5644, 5651, 5653, 2298, 11.680, 228.85, -2.70, 11.678, 228.82, -2.70, 0.006, 117.43, 2.03);
insert into SHOT values (5645, 5651, 5654, 2298, 17.100, 201.15, 1.90, 17.102, 201.16, 1.91, 0.005, 260.76, 39.49);
insert into SHOT values (5646, 5651, 5655, 2298, 18.830, 158.25, 2.60, 18.829, 158.25, 2.62, 0.006, 339.03, 75.28);
insert into SHOT values (5647, 5651, 5656, 2298, 8.490, 106.05, 2.30, 8.489, 106.08, 2.30, 0.005, 208.27, -7.72);
insert into SHOT values (5648, 5651, 5657, 2298, 14.230, 97.35, 6.80, 14.227, 97.36, 6.82, 0.007, 237.08, 48.40);
insert into SHOT values (5649, 5651, 5658, 2298, 13.280, 67.35, 4.10, 13.276, 67.35, 4.10, 0.005, 255.33, 6.49);
insert into SHOT values (5650, 5651, 5659, 2298, 15.720, 27.75, 7.40, 15.716, 27.77, 7.42, 0.008, 165.44, 39.82);
insert into SHOT values (5651, 5651, 5660, 2298, 3.350, 108.65, 72.90, 3.348, 108.99, 72.92, 0.006, 213.49, -17.62);
insert into SHOT values (5652, 5651, 5661, 2298, 1.190, 173.55, -80.70, 1.185, 173.99, -80.73, 0.005, 304.21, 66.00);
insert into SHOT values (5653, 5651, 5662, 2298, 6.750, 170.65, 16.70, 6.751, 170.65, 16.70, 0.001, 215.76, 23.10);
insert into SHOT values (5654, 5651, 5663, 2298, 11.380, 4.25, 30.50, 11.384, 4.27, 30.51, 0.006, 64.66, 48.11);
insert into SHOT values (5655, 5651, 5664, 2298, 19.980, 169.15, 11.00, 19.984, 169.49, 10.96, 0.116, 256.10, -6.11);
insert into SHOT values (5656, 5664, 5665, 2298, 5.930, 75.75, 5.00, 5.924, 75.78, 5.04, 0.008, 233.55, 24.24);
insert into SHOT values (5657, 5664, 5666, 2298, 15.140, 222.05, 1.00, 15.140, 222.05, 1.02, 0.006, 301.88, 76.48);
insert into SHOT values (5658, 5664, 5667, 2298, 26.920, 160.45, 4.30, 26.922, 160.46, 4.30, 0.005, 221.81, 18.93);
insert into SHOT values (5659, 5664, 5668, 2298, 25.270, 103.05, 5.10, 25.272, 103.06, 5.11, 0.008, 179.55, 28.24);
insert into SHOT values (5660, 5664, 5669, 2298, 32.460, 123.35, 4.50, 32.459, 123.35, 4.51, 0.003, 258.36, 67.67);
insert into SHOT values (5661, 5664, 5670, 2298, 3.340, 355.85, -2.10, 3.342, 355.71, -2.06, 0.009, 276.74, 15.73);
insert into SHOT values (5662, 5664, 5671, 2298, 8.570, 291.35, 3.90, 8.576, 291.32, 3.95, 0.010, 247.38, 44.90);
insert into SHOT values (5663, 5664, 5672, 2298, 2.380, 92.65, 80.70, 2.381, 93.01, 80.80, 0.005, 242.17, 15.10);
insert into SHOT values (5664, 5664, 5673, 2298, 9.290, 151.95, 16.20, 9.296, 152.00, 16.24, 0.012, 217.13, 43.77);
insert into SHOT values (5665, 5664, 5674, 2298, 1.330, 78.45, -86.90, 1.322, 81.87, -86.93, 0.009, 186.07, 61.21);
insert into SHOT values (5666, 5664, 5675, 2298, 26.960, 153.95, 5.90, 26.962, 154.47, 5.90, 0.242, 243.71, -0.30);
insert into SHOT values (5667, 5675, 5676, 2298, 21.710, 32.35, -0.20, 21.711, 32.36, -0.21, 0.005, 98.02, -50.76);
insert into SHOT values (5668, 5675, 5677, 2298, 17.310, 67.05, 3.60, 17.313, 67.04, 3.61, 0.005, 25.19, 38.29);
insert into SHOT values (5669, 5675, 5678, 2298, 11.570, 200.65, -5.70, 11.567, 200.66, -5.71, 0.003, 0.01, -15.44);
insert into SHOT values (5670, 5675, 5679, 2298, 9.520, 242.55, -6.30, 9.513, 242.54, -6.34, 0.009, 74.04, -35.73);
insert into SHOT values (5671, 5675, 5680, 2298, 20.220, 276.55, -4.90, 20.216, 276.56, -4.91, 0.006, 65.74, -29.53);
insert into SHOT values (5672, 5675, 5681, 2298, 3.770, 101.95, -46.20, 3.774, 101.91, -46.11, 0.007, 87.81, 8.22);
insert into SHOT values (5673, 5675, 5682, 2298, 0.310, 142.35, 87.20, 0.310, 135.00, 87.39, 0.002, 20.65, 9.87);
insert into SHOT values (5674, 5675, 5683, 2298, 6.990, 104.55, -14.90, 6.986, 104.67, -14.93, 0.016, 212.62, -9.69);
insert into SHOT values (5675, 5683, 5684, 2298, 17.250, 30.95, 6.00, 17.254, 30.93, 5.99, 0.008, 338.53, -22.24);
insert into SHOT values (5676, 5683, 5685, 2298, 15.970, 215.45, -6.90, 15.969, 215.47, -6.91, 0.007, 318.71, -11.22);
insert into SHOT values (5677, 5683, 5686, 2298, 13.240, 240.45, -1.50, 13.233, 240.47, -1.52, 0.009, 26.70, -21.91);
insert into SHOT values (5678, 5683, 5687, 2298, 25.740, 124.55, -1.20, 25.741, 124.54, -1.20, 0.006, 43.82, -8.70);
insert into SHOT values (5679, 5683, 5688, 2298, 3.360, 132.35, 63.30, 3.358, 132.04, 63.31, 0.008, 31.19, -11.89);
insert into SHOT values (5680, 5683, 5689, 2298, 1.910, 40.05, -70.70, 1.910, 39.92, -70.46, 0.008, 29.35, 18.93);
insert into SHOT values (5681, 5683, 5690, 2298, 6.040, 107.55, 2.60, 6.042, 107.74, 2.28, 0.040, 188.13, -58.49);
insert into SHOT values (5682, 5690, 5691, 2298, 28.330, 340.75, 4.60, 28.330, 340.75, 4.60, 0.002, 54.44, -81.29);
insert into SHOT values (5683, 5690, 5692, 2298, 16.580, 0.95, 5.50, 16.579, 0.97, 5.50, 0.007, 102.18, 7.52);
insert into SHOT values (5684, 5690, 5693, 2298, 17.150, 51.35, 7.80, 17.149, 51.36, 7.81, 0.003, 173.14, 47.85);
insert into SHOT values (5685, 5690, 5694, 2298, 23.020, 144.05, -6.20, 23.017, 144.03, -6.19, 0.010, 34.73, 38.85);
insert into SHOT values (5686, 5690, 5695, 2298, 0.170, 188.45, -11.40, 0.164, 187.13, -10.54, 0.008, 42.85, 28.63);
insert into SHOT values (5687, 5690, 5696, 2298, 17.140, 258.65, -6.30, 17.136, 258.66, -6.30, 0.004, 48.20, 10.86);
insert into SHOT values (5688, 5690, 5697, 2298, 1.890, 60.65, 85.30, 1.897, 60.26, 85.12, 0.009, 50.78, 44.47);
insert into SHOT values (5689, 5690, 5698, 2298, 1.640, 4.65, -77.80, 1.638, 4.90, -77.62, 0.006, 22.65, 30.90);
insert into SHOT values (5690, 5690, 5699, 2298, 18.860, 118.15, -0.40, 18.879, 118.62, -1.12, 0.284, 202.42, -57.10);
insert into SHOT values (5691, 5699, 5700, 2298, 17.240, 101.45, 4.80, 17.242, 101.45, 4.79, 0.004, 84.43, -47.96);
insert into SHOT values (5692, 5699, 5701, 2298, 12.370, 30.85, 14.30, 12.378, 30.84, 14.26, 0.011, 20.17, -28.76);
insert into SHOT values (5693, 5699, 5702, 2298, 14.660, 227.15, -8.50, 14.660, 227.15, -8.51, 0.003, 328.31, -78.03);
insert into SHOT values (5694, 5699, 5703, 2298, 35.380, 270.65, -2.40, 35.383, 270.66, -2.40, 0.010, 340.35, 9.02);
insert into SHOT values (5695, 5699, 5704, 2298, 1.290, 181.75, 61.00, 1.289, 181.85, 61.24, 0.005, 349.95, 18.53);
insert into SHOT values (5696, 5699, 5705, 2298, 1.540, 170.35, -51.90, 1.534, 170.24, -52.05, 0.007, 5.94, 15.40);
insert into SHOT values (5697, 5699, 5706, 2298, 13.600, 146.65, -17.30, 13.622, 146.82, -17.74, 0.113, 250.62, -68.90);
insert into SHOT values (5698, 5706, 5707, 2298, 12.830, 53.25, 11.80, 12.827, 53.26, 11.83, 0.008, 212.58, 50.69);
insert into SHOT values (5699, 5706, 5708, 2298, 9.350, 231.55, 0.70, 9.352, 231.51, 0.74, 0.009, 163.34, 41.48);
insert into SHOT values (5700, 5706, 5709, 2298, 18.800, 284.45, 6.60, 18.795, 284.45, 6.60, 0.005, 90.38, -9.96);
insert into SHOT values (5701, 5706, 5710, 2298, 9.500, 4.35, 18.50, 9.499, 4.33, 18.54, 0.007, 226.19, 51.13);
insert into SHOT values (5702, 5706, 5711, 2298, 20.150, 118.25, -11.00, 20.153, 118.24, -10.98, 0.008, 71.59, 36.77);
insert into SHOT values (5703, 5706, 5712, 2298, 1.570, 46.05, 67.20, 1.572, 46.33, 67.24, 0.004, 138.54, 41.69);
insert into SHOT values (5704, 5706, 5713, 2298, 1.230, 112.35, -80.60, 1.227, 112.83, -80.33, 0.007, 130.68, 32.17);
insert into SHOT values (5705, 5706, 5714, 2298, 21.360, 136.05, -14.00, 21.387, 136.43, -14.68, 0.290, 241.00, -60.64);
insert into SHOT values (5706, 5714, 5715, 2298, 6.520, 264.95, 1.10, 6.516, 264.98, 1.06, 0.007, 42.06, -44.77);
insert into SHOT values (5707, 5714, 5716, 2298, 8.550, 100.65, 25.70, 8.549, 100.62, 25.72, 0.005, 338.06, 28.72);
insert into SHOT values (5708, 5714, 5717, 2298, 9.690, 126.65, 22.30, 9.688, 126.65, 22.32, 0.004, 298.44, 43.36);
insert into SHOT values (5709, 5714, 5718, 2298, 6.720, 167.45, 8.90, 6.719, 167.47, 8.90, 0.003, 279.57, 7.29);
insert into SHOT values (5710, 5714, 5719, 2298, 7.110, 78.55, 20.10, 7.104, 78.59, 20.09, 0.008, 216.43, -26.54);
insert into SHOT values (5711, 5714, 5720, 2298, 1.160, 189.05, 78.00, 1.156, 189.46, 77.85, 0.005, 228.55, -59.35);
insert into SHOT values (5712, 5714, 5721, 2298, 0.570, 262.95, -68.30, 0.571, 261.87, -68.19, 0.004, 191.47, -5.35);
insert into SHOT values (5713, 5714, 5722, 2298, 4.830, 222.45, -5.40, 4.852, 222.31, -5.68, 0.034, 191.62, -48.71);
insert into SHOT values (5714, 5722, 5723, 2298, 6.380, 251.05, -2.20, 6.380, 251.05, -2.16, 0.005, 327.13, 84.76);
insert into SHOT values (5715, 5722, 5724, 2298, 6.670, 124.15, 10.80, 6.669, 124.18, 10.80, 0.003, 225.95, 3.18);
insert into SHOT values (5716, 5722, 5725, 2298, 1.540, 225.35, 74.10, 1.538, 225.97, 74.26, 0.007, 1.24, -9.44);
insert into SHOT values (5717, 5722, 5726, 2298, 1.160, 259.55, -51.10, 1.154, 259.62, -51.27, 0.007, 71.49, 22.40);
insert into SHOT values (5718, 5722, 5727, 2298, 10.060, 160.75, 1.10, 10.080, 160.83, 0.68, 0.077, 194.23, -71.12);
insert into SHOT values (5719, 5727, 5728, 2298, 21.040, 100.25, 10.00, 21.040, 100.26, 9.99, 0.005, 174.49, -48.78);
insert into SHOT values (5720, 5727, 5729, 2298, 9.170, 263.45, -8.30, 9.164, 263.48, -8.28, 0.008, 42.55, 28.25);
insert into SHOT values (5721, 5727, 5730, 2298, 0.740, 171.05, 85.30, 0.742, 170.54, 85.30, 0.003, 100.39, 76.97);
insert into SHOT values (5722, 5727, 5731, 2298, 0.550, 319.25, -73.00, 0.553, 320.19, -73.58, 0.007, 110.11, -37.32);
insert into SHOT values (5723, 5727, 5732, 2298, 16.880, 133.45, 2.90, 16.895, 133.78, 2.20, 0.227, 209.53, -64.09);
insert into SHOT values (5724, 5732, 5733, 2298, 9.940, 129.55, 13.20, 9.937, 129.55, 13.20, 0.003, 315.74, 3.89);
insert into SHOT values (5725, 5732, 5734, 2298, 17.060, 285.05, -6.80, 17.061, 285.05, -6.80, 0.002, 324.87, -0.91);
insert into SHOT values (5726, 5732, 5735, 2298, 12.660, 232.95, -8.10, 12.656, 232.95, -8.09, 0.005, 61.05, 46.05);
insert into SHOT values (5727, 5732, 5736, 2298, 1.060, 258.65, 79.30, 1.058, 258.11, 79.42, 0.004, 113.18, -26.01);
insert into SHOT values (5728, 5732, 5737, 2298, 0.680, 237.45, -77.30, 0.676, 236.31, -77.67, 0.007, 85.86, 29.16);
insert into SHOT values (5729, 5732, 5738, 2298, 9.600, 186.45, -4.40, 9.622, 186.35, -4.77, 0.068, 141.20, -69.12);
insert into SHOT values (5730, 5738, 5739, 2298, 3.990, 231.95, -2.00, 3.991, 231.92, -2.01, 0.002, 177.82, -18.51);
insert into SHOT values (5731, 5738, 5740, 2298, 5.940, 76.55, 8.50, 5.935, 76.60, 8.53, 0.008, 209.13, 15.15);
insert into SHOT values (5732, 5738, 5741, 2298, 4.670, 132.55, 2.50, 4.668, 132.65, 2.46, 0.009, 234.65, -23.10);
insert into SHOT values (5733, 5738, 5742, 2298, 4.270, 189.35, 3.40, 4.275, 189.44, 3.35, 0.009, 241.19, -20.65);
insert into SHOT values (5734, 5738, 5743, 2298, 0.860, 187.05, 80.20, 0.863, 187.59, 79.91, 0.006, 203.30, 26.35);
insert into SHOT values (5735, 5738, 5744, 2298, 0.440, 88.85, -62.80, 0.438, 90.00, -62.85, 0.004, 195.01, 17.81);
insert into SHOT values (5736, 5738, 5745, 2298, 3.330, 143.85, 4.10, 3.344, 144.02, 3.94, 0.020, 177.98, -24.17);
insert into SHOT values (5737, 5745, 5746, 2298, 2.030, 250.55, -5.50, 2.025, 250.58, -5.67, 0.008, 61.80, -41.91);
insert into SHOT values (5738, 5745, 5747, 2298, 3.030, 68.65, 5.60, 3.032, 68.62, 5.49, 0.006, 33.59, -65.76);
insert into SHOT values (5739, 5745, 5748, 2298, 0.760, 109.85, 81.40, 0.759, 109.98, 81.13, 0.004, 114.44, -23.10);
insert into SHOT values (5740, 5745, 5749, 2298, 0.370, 255.75, -85.30, 0.371, 251.57, -85.11, 0.003, 193.64, -25.48);
insert into SHOT values (5741, 5745, 5750, 2298, 3.690, 152.15, -6.90, 3.716, 152.18, -7.27, 0.035, 157.66, -49.56);
insert into SHOT values (5742, 5750, 5751, 2298, 4.600, 96.05, 13.20, 4.596, 96.03, 13.21, 0.004, 299.33, -5.85);
insert into SHOT values (5743, 5750, 5752, 2298, 6.380, 276.55, 3.80, 6.385, 276.49, 3.86, 0.011, 222.33, 40.91);
insert into SHOT values (5744, 5750, 5753, 2298, 8.030, 164.75, 4.50, 8.025, 164.78, 4.50, 0.007, 300.45, -0.23);
insert into SHOT values (5745, 5750, 5754, 2298, 2.200, 43.95, 9.10, 2.199, 44.07, 9.16, 0.005, 149.16, 24.00);
insert into SHOT values (5746, 5750, 5755, 2298, 1.100, 173.35, 86.80, 1.102, 170.54, 86.83, 0.004, 71.07, 29.32);
insert into SHOT values (5747, 5750, 5756, 2298, 0.640, 255.85, -76.60, 0.639, 255.07, -75.94, 0.008, 238.82, 19.63);
insert into SHOT values (5748, 5750, 5757, 2298, 9.590, 199.05, -0.40, 9.611, 198.94, -0.77, 0.069, 158.58, -66.60);
insert into SHOT values (5749, 5757, 5758, 2298, 7.900, 66.15, 10.20, 7.898, 66.17, 10.21, 0.004, 196.89, 14.24);
insert into SHOT values (5750, 5757, 5759, 2298, 5.710, 214.15, 4.30, 5.705, 214.11, 4.32, 0.007, 71.18, 15.67);
insert into SHOT values (5751, 5757, 5760, 2298, 0.610, 108.05, 79.00, 0.611, 109.98, 78.96, 0.004, 189.60, 16.83);
insert into SHOT values (5752, 5757, 5761, 2298, 0.490, 195.95, -72.90, 0.492, 195.95, -72.79, 0.002, 195.55, -47.50);
insert into SHOT values (5753, 5757, 5762, 2298, 11.560, 167.95, 9.30, 11.576, 167.99, 8.79, 0.104, 182.90, -71.22);
insert into SHOT values (5754, 5762, 5763, 2298, 6.510, 210.85, 0.30, 6.512, 210.86, 0.26, 0.005, 237.96, -62.40);
insert into SHOT values (5755, 5762, 5764, 2298, 12.000, 271.95, 1.70, 12.002, 271.96, 1.67, 0.007, 311.13, -63.77);
insert into SHOT values (5756, 5762, 5765, 2298, 9.270, 298.45, -1.80, 9.263, 298.45, -1.86, 0.012, 121.01, -49.30);
insert into SHOT values (5757, 5762, 5766, 2298, 7.700, 82.65, 4.10, 7.702, 82.67, 4.09, 0.004, 132.66, -7.87);
insert into SHOT values (5758, 5762, 5767, 2298, 1.100, 309.35, 79.50, 1.097, 308.66, 79.91, 0.009, 144.78, -10.30);
insert into SHOT values (5759, 5762, 5768, 2298, 0.930, 206.35, -81.30, 0.931, 204.78, -81.15, 0.005, 148.28, -8.60);
insert into SHOT values (5760, 5762, 5769, 2298, 6.010, 177.55, -5.60, 6.038, 177.52, -5.89, 0.042, 169.98, -53.81);
insert into SHOT values (5761, 5769, 5770, 2298, 6.560, 283.85, 5.80, 6.562, 283.82, 5.77, 0.005, 235.87, -36.13);
insert into SHOT values (5762, 5769, 5771, 2298, 0.550, 219.75, 25.10, 0.547, 220.10, 24.84, 0.005, 332.58, -45.04);
insert into SHOT values (5763, 5769, 5772, 2298, 8.100, 299.45, 8.40, 8.102, 299.44, 8.37, 0.004, 277.48, -54.94);
insert into SHOT values (5764, 5769, 5773, 2298, 8.390, 351.15, 5.80, 8.392, 351.18, 5.81, 0.005, 61.15, 23.82);
insert into SHOT values (5765, 5769, 5774, 2298, 9.690, 36.15, 8.00, 9.691, 36.14, 8.01, 0.002, 344.74, 39.27);
insert into SHOT values (5766, 5769, 5775, 2298, 0.820, 310.85, 65.10, 0.817, 311.50, 64.87, 0.006, 15.47, -41.04);
insert into SHOT values (5767, 5769, 5776, 2298, 0.810, 292.85, -78.20, 0.816, 291.80, -78.58, 0.009, 148.54, -54.56);
insert into SHOT values (5768, 5769, 5777, 2298, 6.550, 284.65, 5.70, 6.543, 284.40, 5.35, 0.050, 188.56, -54.74);
insert into SHOT values (5769, 5777, 5778, 2298, 2.780, 318.65, 4.50, 2.779, 318.66, 4.54, 0.002, 115.37, 60.05);
insert into SHOT values (5770, 5777, 5779, 2298, 1.070, 207.35, 6.30, 1.062, 207.05, 6.49, 0.010, 61.59, 14.79);
insert into SHOT values (5771, 5777, 5780, 2298, 1.860, 58.65, -2.20, 1.864, 58.61, -2.15, 0.004, 42.20, 19.03);
insert into SHOT values (5772, 5777, 5781, 2298, 0.970, 146.35, 5.20, 0.969, 145.98, 5.33, 0.007, 48.71, 18.40);
insert into SHOT values (5773, 5777, 5782, 2298, 0.490, 307.95, 74.60, 0.497, 308.66, 75.06, 0.008, 90.46, 71.04);
insert into SHOT values (5774, 5777, 5783, 2298, 1.090, 19.45, -75.40, 1.086, 21.04, -75.14, 0.010, 83.81, 29.29);
insert into SHOT values (5775, 5777, 5784, 2298, 5.770, 276.65, -5.70, 5.768, 276.51, -5.97, 0.031, 169.14, -60.70);
insert into SHOT values (5776, 5784, 5785, 2298, 0.580, 3.45, 9.90, 0.580, 4.01, 9.93, 0.006, 93.34, 2.86);
insert into SHOT values (5777, 5784, 5786, 2298, 1.380, 158.75, 11.50, 1.390, 158.90, 11.62, 0.011, 180.79, 26.78);
insert into SHOT values (5778, 5784, 5787, 2298, 0.580, 267.05, 74.60, 0.580, 266.19, 74.97, 0.004, 118.49, 10.75);
insert into SHOT values (5779, 5784, 5788, 2298, 2.180, 327.35, -59.90, 2.183, 327.33, -59.96, 0.004, 196.33, -82.10);
insert into SHOT values (5780, 5784, 5789, 2298, 5.870, 281.85, -33.20, 5.875, 281.65, -33.47, 0.033, 159.01, -52.32);
insert into SHOT values (5781, 5789, 5790, 2298, 8.290, 283.05, -13.40, 8.293, 283.04, -13.39, 0.004, 257.55, 16.40);
insert into SHOT values (5782, 5789, 5791, 2298, 2.800, 123.15, 8.00, 2.801, 123.23, 8.00, 0.004, 201.27, 4.44);
insert into SHOT values (5783, 5789, 5792, 2298, 3.860, 28.65, 12.00, 3.856, 28.67, 11.97, 0.004, 184.04, -36.75);
insert into SHOT values (5784, 5789, 5793, 2298, 2.310, 84.15, 12.80, 2.309, 84.14, 12.76, 0.002, 294.25, -61.98);
insert into SHOT values (5785, 5789, 5794, 2298, 0.960, 18.05, 80.60, 0.953, 18.43, 80.45, 0.007, 56.96, -76.60);
insert into SHOT values (5786, 5789, 5795, 2298, 1.150, 217.45, -71.40, 1.152, 216.25, -71.16, 0.009, 160.94, -0.41);
insert into SHOT values (5787, 5789, 5796, 2298, 11.700, 213.75, -11.60, 11.722, 213.51, -12.01, 0.100, 129.20, -61.13);
insert into SHOT values (5788, 5796, 5797, 2298, 11.050, 299.75, -11.70, 11.055, 299.74, -11.69, 0.006, 278.05, 7.92);
insert into SHOT values (5789, 5796, 5798, 2298, 2.490, 131.15, -5.00, 2.483, 131.23, -5.08, 0.009, 286.06, -20.12);
insert into SHOT values (5790, 5796, 5799, 2298, 6.360, 202.35, -2.70, 6.366, 202.37, -2.70, 0.006, 224.79, -3.82);
insert into SHOT values (5791, 5796, 5800, 2298, 6.570, 262.35, -8.10, 6.575, 262.32, -8.13, 0.007, 220.23, -38.76);
insert into SHOT values (5792, 5796, 5801, 2298, 1.230, 288.45, 82.20, 1.222, 287.35, 82.11, 0.009, 210.25, -69.20);
insert into SHOT values (5793, 5796, 5802, 2298, 1.790, 314.55, -81.80, 1.799, 313.45, -81.64, 0.012, 276.35, -45.67);
insert into SHOT values (5794, 5796, 5803, 2298, 14.400, 241.95, -9.80, 14.419, 241.54, -10.35, 0.172, 148.70, -53.70);
insert into SHOT values (5795, 5803, 5804, 2298, 4.540, 4.25, -2.60, 4.547, 4.17, -2.65, 0.010, 319.63, -23.38);
insert into SHOT values (5796, 5803, 5805, 2298, 5.200, 186.95, 10.80, 5.199, 186.97, 10.75, 0.005, 280.54, -65.46);
insert into SHOT values (5797, 5803, 5806, 2298, 6.550, 249.65, -0.70, 6.547, 249.71, -0.70, 0.008, 5.30, 0.16);
insert into SHOT values (5798, 5803, 5807, 2298, 6.590, 61.95, 3.10, 6.595, 61.92, 3.13, 0.007, 25.02, 30.38);
insert into SHOT values (5799, 5803, 5808, 2298, 0.960, 242.15, 72.00, 0.957, 241.70, 72.02, 0.004, 121.62, -48.21);
insert into SHOT values (5800, 5803, 5809, 2298, 1.110, 36.55, -67.30, 1.107, 35.54, -67.14, 0.009, 319.12, 27.30);
insert into SHOT values (5801, 5803, 5810, 2298, 6.980, 269.15, -5.10, 6.982, 268.93, -5.42, 0.048, 176.58, -55.80);
insert into SHOT values (5802, 5810, 5811, 2298, 4.590, 347.35, -13.80, 4.593, 347.30, -13.86, 0.006, 280.48, -53.04);
insert into SHOT values (5803, 5810, 5812, 2298, 11.430, 184.85, 0.40, 11.432, 184.87, 0.40, 0.004, 252.24, 2.98);
insert into SHOT values (5804, 5810, 5813, 2298, 8.940, 31.05, -5.00, 8.938, 31.03, -5.01, 0.004, 270.90, -13.23);
insert into SHOT values (5805, 5810, 5814, 2298, 7.580, 255.95, -14.50, 7.581, 255.96, -14.51, 0.003, 328.58, -48.05);
insert into SHOT values (5806, 5810, 5815, 2298, 0.990, 311.95, 81.40, 0.991, 312.27, 81.37, 0.002, 5.62, 47.30);
insert into SHOT values (5807, 5810, 5816, 2298, 2.440, 338.45, -75.20, 2.441, 338.37, -75.19, 0.001, 285.06, -41.07);
insert into SHOT values (5808, 5810, 5817, 2298, 0.700, 192.05, -74.60, 0.705, 192.53, -74.83, 0.006, 326.35, -67.23);
insert into SHOT values (5809, 5810, 5818, 2298, 2.700, 15.75, -76.20, 2.698, 15.33, -76.21, 0.005, 271.65, 23.18);
insert into SHOT values (5810, 5810, 5819, 2298, 9.840, 247.55, -19.60, 9.863, 247.28, -19.98, 0.082, 156.63, -57.79);
insert into SHOT values (5811, 5819, 5820, 2298, 2.740, 149.75, 23.30, 2.740, 149.66, 23.44, 0.008, 29.78, 54.30);
insert into SHOT values (5812, 5819, 5821, 2298, 0.780, 327.05, 12.80, 0.781, 327.36, 13.32, 0.008, 64.93, 60.34);
insert into SURVEY values (2301, 2292, 'Philippe1', 'Philippe1.Promezhutochnaya.Koytendag', 'Philippe1');
 insert into CENTRELINE values (2302, 2301, NULL, NULL, NULL, 0.00, 0.00, 0.00);
 insert into SURVEY values (2303, 2301, 'Promeszutochnaya_01', 'Promeszutochnaya_01.Philippe1.Promezhutochnaya.Koytendag', 'Promeszutochnaya_01');
 insert into CENTRELINE values (2304, 2303, NULL, NULL, NULL, 0.00, 0.00, 0.00);
 insert into CENTRELINE values (2305, 2303, NULL, '2024-04-24', NULL, 446.94, 0.00, 0.00);
 insert into TOPO values (4, 2305);
 insert into TOPO values (6, 2305);
 insert into SHOT values (5813, 5822, 5823, 2305, 33.310, 91.85, 4.30, 33.311, 91.85, 4.30, 0.003, 27.35, 46.59);
insert into SHOT values (5814, 5822, 5824, 2305, 21.060, 69.55, 5.00, 21.063, 69.55, 5.01, 0.005, 97.13, 61.74);
insert into SHOT values (5815, 5822, 5825, 2305, 14.360, 231.55, -0.60, 14.358, 231.59, -0.60, 0.010, 333.00, 2.10);
insert into SHOT values (5816, 5822, 5826, 2305, 13.780, 248.25, -1.90, 13.777, 248.26, -1.91, 0.005, 28.26, -37.59);
insert into SHOT values (5817, 5822, 5827, 2305, 17.870, 294.25, 4.10, 17.873, 294.28, 4.11, 0.010, 9.38, 13.86);
insert into SHOT values (5818, 5822, 5828, 2305, 2.910, 211.55, 73.90, 2.912, 211.70, 74.07, 0.009, 16.24, 27.25);
insert into SHOT values (5819, 5822, 5829, 2305, 0.650, 265.05, -65.80, 0.649, 265.76, -65.35, 0.006, 303.37, 27.88);
insert into SHOT values (5820, 5822, 5830, 2305, 10.800, 191.45, -17.00, 10.776, 191.68, -16.66, 0.079, 287.51, 58.30);
insert into SHOT values (5821, 5830, 5831, 2305, 26.660, 132.75, -8.50, 26.660, 132.76, -8.50, 0.003, 225.54, 11.31);
insert into SHOT values (5822, 5830, 5832, 2305, 19.670, 130.05, -7.60, 19.669, 130.07, -7.60, 0.007, 227.21, 12.57);
insert into SHOT values (5823, 5830, 5833, 2305, 1.850, 159.85, -16.30, 1.850, 159.93, -16.01, 0.010, 208.94, 69.35);
insert into SHOT values (5824, 5830, 5834, 2305, 8.170, 210.35, -17.00, 8.167, 210.37, -16.94, 0.009, 315.23, 69.48);
insert into SHOT values (5825, 5830, 5835, 2305, 9.980, 241.25, -10.40, 9.983, 241.27, -10.39, 0.005, 289.98, 20.16);
insert into SHOT values (5826, 5830, 5836, 2305, 8.920, 282.05, 12.40, 8.921, 282.06, 12.43, 0.005, 358.72, 73.86);
insert into SHOT values (5827, 5830, 5837, 2305, 18.100, 304.95, 8.60, 18.100, 304.94, 8.61, 0.004, 206.01, 55.63);
insert into SHOT values (5828, 5830, 5838, 2305, 2.120, 238.65, 79.40, 2.127, 239.53, 79.31, 0.010, 292.58, 39.34);
insert into SHOT values (5829, 5830, 5839, 2305, 1.360, 227.65, -49.00, 1.355, 227.73, -48.83, 0.007, 330.70, 79.16);
insert into SHOT values (5830, 5830, 5840, 2305, 9.140, 256.35, -1.90, 9.152, 256.60, -1.50, 0.076, 327.24, 55.94);
insert into SHOT values (5831, 5840, 5841, 2305, 2.790, 206.35, -22.20, 2.794, 206.37, -22.07, 0.008, 213.65, 33.73);
insert into SHOT values (5832, 5840, 5842, 2305, 6.370, 138.25, -16.10, 6.368, 138.31, -16.05, 0.009, 232.90, 44.13);
insert into SHOT values (5833, 5840, 5843, 2305, 3.990, 309.85, 5.70, 3.989, 309.79, 5.75, 0.006, 205.21, 39.70);
insert into SHOT values (5834, 5840, 5844, 2305, 3.780, 13.35, 10.60, 3.776, 13.40, 10.68, 0.007, 157.40, 40.17);
insert into SHOT values (5835, 5840, 5845, 2305, 2.610, 40.25, 51.80, 2.615, 40.22, 51.98, 0.010, 236.44, 68.91);
insert into SHOT values (5836, 5840, 5846, 2305, 2.380, 231.45, -71.70, 2.383, 231.46, -71.54, 0.007, 232.44, -3.00);
insert into SHOT values (5837, 5840, 5847, 2305, 11.010, 268.65, -16.70, 11.018, 268.86, -16.18, 0.108, 315.93, 60.25);
insert into SHOT values (5838, 5847, 5848, 2305, 2.930, 164.05, 15.00, 2.930, 164.00, 15.03, 0.003, 61.97, 33.02);
insert into SHOT values (5839, 5847, 5849, 2305, 4.550, 344.25, 3.30, 4.557, 344.31, 3.27, 0.009, 20.57, -12.49);
insert into SHOT values (5840, 5847, 5850, 2305, 5.820, 113.15, 12.20, 5.817, 113.09, 12.21, 0.006, 355.26, 0.81);
insert into SHOT values (5841, 5847, 5851, 2305, 8.190, 285.25, 1.10, 8.192, 285.29, 1.12, 0.007, 1.55, 23.98);
insert into SHOT values (5842, 5847, 5852, 2305, 1.340, 201.75, 67.30, 1.343, 201.60, 67.40, 0.004, 79.42, 66.59);
insert into SHOT values (5843, 5847, 5853, 2305, 1.940, 133.45, -34.80, 1.941, 133.22, -34.89, 0.007, 32.17, -23.23);
insert into SHOT values (5844, 5847, 5854, 2305, 7.980, 272.85, -2.00, 7.995, 273.08, -1.65, 0.061, 336.29, 52.95);
insert into SHOT values (5845, 5854, 5855, 2305, 7.950, 17.65, 9.60, 7.943, 17.69, 9.64, 0.011, 160.88, 22.21);
insert into SHOT values (5846, 5854, 5856, 2305, 9.150, 50.25, 11.20, 9.144, 50.29, 11.23, 0.010, 185.30, 16.13);
insert into SHOT values (5847, 5854, 5857, 2305, 9.210, 337.05, -3.10, 9.200, 337.06, -3.12, 0.011, 144.74, -10.47);
insert into SHOT values (5848, 5854, 5858, 2305, 24.500, 190.55, -6.30, 24.510, 190.55, -6.30, 0.010, 188.79, -8.85);
insert into SHOT values (5849, 5854, 5859, 2305, 18.380, 166.25, -5.10, 18.387, 166.26, -5.09, 0.009, 191.44, 27.04);
insert into SHOT values (5850, 5854, 5860, 2305, 9.100, 122.35, 2.30, 9.101, 122.38, 2.33, 0.007, 197.61, 44.45);
insert into SHOT values (5851, 5854, 5861, 2305, 0.910, 220.95, 38.00, 0.915, 220.52, 37.74, 0.008, 180.16, -1.72);
insert into SHOT values (5852, 5854, 5862, 2305, 3.250, 288.05, -54.80, 3.253, 288.05, -54.86, 0.004, 110.57, -73.16);
insert into SHOT values (5853, 5854, 5863, 2305, 27.720, 236.15, -12.50, 27.727, 236.88, -11.44, 0.617, 308.32, 54.04);
insert into SHOT values (5854, 5863, 5864, 2305, 18.740, 180.45, 6.30, 18.744, 180.43, 6.31, 0.008, 121.33, 26.43);
insert into SHOT values (5855, 5863, 5865, 2305, 17.880, 147.75, 12.60, 17.881, 147.76, 12.60, 0.003, 207.32, -7.70);
insert into SHOT values (5856, 5863, 5866, 2305, 21.440, 114.35, 6.80, 21.445, 114.35, 6.80, 0.005, 117.93, 15.38);
insert into SHOT values (5857, 5863, 5867, 2305, 2.900, 293.35, 8.80, 2.900, 293.43, 8.73, 0.006, 15.63, -40.37);
insert into SHOT values (5858, 5863, 5868, 2305, 6.720, 357.45, 1.10, 6.718, 357.44, 1.11, 0.003, 205.91, 22.98);
insert into SHOT values (5859, 5863, 5869, 2305, 8.460, 31.65, 4.10, 8.459, 31.67, 4.14, 0.007, 146.54, 52.03);
insert into SHOT values (5860, 5863, 5870, 2305, 2.050, 240.65, 82.90, 2.055, 241.39, 83.00, 0.007, 11.56, 53.18);
insert into SHOT values (5861, 5863, 5871, 2305, 3.260, 182.95, -49.30, 3.257, 182.97, -49.32, 0.003, 348.58, 26.19);
insert into SHOT values (5862, 5863, 5872, 2305, 27.320, 220.75, -11.50, 27.316, 220.74, -11.51, 0.006, 75.87, -31.21);
insert into SHOT values (5863, 5863, 5873, 2305, 27.280, 220.75, -11.30, 27.275, 221.47, -10.29, 0.588, 296.84, 54.01);
insert into SHOT values (5864, 5863, 5874, 2305, 27.290, 220.75, -11.30, 27.289, 220.76, -11.31, 0.005, 333.26, -35.35);
insert into SHOT values (5865, 5873, 5875, 2305, 22.030, 124.35, 2.20, 22.025, 124.35, 2.19, 0.008, 282.41, -49.19);
insert into SHOT values (5866, 5873, 5876, 2305, 26.580, 97.95, 6.30, 26.573, 97.94, 6.29, 0.010, 304.52, -44.77);
insert into SHOT values (5867, 5873, 5877, 2305, 17.210, 18.45, 10.00, 17.210, 18.43, 9.97, 0.010, 304.77, -62.04);
insert into SHOT values (5868, 5873, 5878, 2305, 8.020, 351.65, 4.60, 8.022, 351.59, 4.58, 0.010, 273.71, -19.45);
insert into SHOT values (5869, 5873, 5879, 2305, 12.860, 304.45, -14.70, 12.866, 304.46, -14.72, 0.008, 324.79, -57.57);
insert into SHOT values (5870, 5873, 5880, 2305, 3.090, 148.55, 55.70, 3.083, 148.70, 55.81, 0.010, 302.71, -14.60);
insert into SHOT values (5871, 5873, 5881, 2305, 1.760, 171.55, -46.00, 1.762, 172.00, -46.11, 0.010, 266.01, -22.24);
insert into SHOT values (5872, 5873, 5882, 2305, 28.450, 246.45, -3.60, 28.449, 246.46, -3.61, 0.006, 347.44, -35.48);
insert into SHOT values (5873, 5882, 5883, 2305, 0.920, 317.55, 8.90, 0.924, 317.22, 8.72, 0.007, 264.23, -19.60);
insert into SHOT values (5874, 5882, 5884, 2305, 1.270, 138.95, 23.00, 1.266, 139.18, 23.27, 0.009, 281.76, 25.51);
insert into SHOT values (5875, 5882, 5885, 2305, 2.120, 255.25, 72.10, 2.123, 254.90, 72.10, 0.005, 178.29, 32.58);
insert into SHOT values (5876, 5882, 5886, 2305, 0.420, 156.65, -82.10, 0.425, 161.57, -81.44, 0.009, 202.36, -27.77);
insert into SHOT values (5877, 5882, 5887, 2305, 6.460, 248.35, -33.30, 6.462, 248.38, -33.32, 0.004, 321.97, -51.99);
insert into SHOT values (5878, 5887, 5888, 2305, 1.530, 342.55, -7.10, 1.524, 342.28, -7.16, 0.010, 209.25, -5.28);
insert into SHOT values (5879, 5887, 5889, 2305, 0.420, 139.95, 0.10, 0.426, 140.71, 0.00, 0.009, 181.71, -4.93);
insert into SHOT values (5880, 5887, 5890, 2305, 2.960, 300.05, 79.60, 2.958, 299.48, 79.71, 0.008, 161.60, -9.76);
insert into SHOT values (5881, 5887, 5891, 2305, 1.700, 348.25, -58.00, 1.698, 347.82, -57.99, 0.007, 253.12, 13.82);
insert into SHOT values (5882, 5887, 5892, 2305, 5.330, 291.45, -37.40, 5.322, 291.35, -37.36, 0.011, 173.42, 40.92);
insert into SHOT values (5883, 5892, 5893, 2305, 4.250, 167.65, -10.40, 4.246, 167.69, -10.45, 0.006, 309.99, -27.56);
insert into SHOT values (5884, 5892, 5894, 2305, 9.780, 158.75, -28.50, 9.780, 158.78, -28.52, 0.006, 274.73, -33.22);
insert into SHOT values (5885, 5892, 5895, 2305, 6.900, 147.65, -22.40, 6.899, 147.68, -22.41, 0.004, 257.89, -9.54);
insert into SHOT values (5886, 5892, 5896, 2305, 3.160, 135.25, -7.30, 3.152, 135.26, -7.47, 0.012, 311.87, -43.42);
insert into SHOT values (5887, 5892, 5897, 2305, 1.700, 89.45, -0.90, 1.700, 89.33, -1.01, 0.005, 4.49, -41.85);
insert into SHOT values (5888, 5892, 5898, 2305, 4.230, 90.05, 65.50, 4.220, 90.00, 65.50, 0.010, 290.08, -64.18);
insert into SHOT values (5889, 5892, 5899, 2305, 1.320, 51.25, -57.00, 1.322, 51.22, -57.09, 0.003, 270.39, -77.15);
insert into SHOT values (5890, 5892, 5900, 2305, 4.180, 15.85, -0.70, 4.179, 15.83, -0.82, 0.009, 242.76, -79.13);
insert into SHOT values (5891, 5900, 5901, 2305, 1.820, 254.65, -13.60, 1.820, 254.94, -13.34, 0.012, 333.45, 40.67);
insert into SHOT values (5892, 5900, 5902, 2305, 1.050, 78.75, 0.80, 1.051, 78.48, 1.09, 0.007, 3.07, 45.90);
insert into SHOT values (5893, 5900, 5903, 2305, 0.610, 264.75, 56.70, 0.608, 264.81, 56.99, 0.004, 79.53, 2.53);
insert into SHOT values (5894, 5900, 5904, 2305, 1.940, 273.95, -50.50, 1.934, 274.18, -50.39, 0.009, 11.97, 53.65);
insert into SHOT values (5895, 5900, 5905, 2305, 6.680, 295.25, -5.30, 6.684, 295.26, -5.24, 0.009, 304.18, 55.18);
insert into SHOT values (5896, 5905, 5906, 2305, 1.290, 171.45, -19.70, 1.291, 171.47, -19.93, 0.005, 330.22, -77.40);
insert into SHOT values (5897, 5905, 5907, 2305, 0.610, 15.25, -4.50, 0.613, 15.17, -4.68, 0.004, 0.87, -33.02);
insert into SHOT values (5898, 5905, 5908, 2305, 0.670, 127.05, 67.20, 0.662, 125.54, 67.07, 0.010, 23.38, -47.50);
insert into SHOT values (5899, 5905, 5909, 2305, 0.950, 190.45, -71.80, 0.956, 189.78, -72.08, 0.009, 64.78, -60.73);
insert into SHOT values (5900, 5905, 5910, 2305, 1.340, 141.75, -78.70, 1.346, 139.64, -78.75, 0.011, 50.22, -31.67);
insert into SHOT values (5901, 5905, 5911, 2305, 4.570, 242.15, -14.80, 4.563, 242.16, -14.86, 0.008, 58.07, -18.57);
insert into SHOT values (5902, 5905, 5912, 2305, 4.570, 242.05, -14.70, 4.565, 242.04, -14.72, 0.005, 68.54, -3.63);
insert into SHOT values (5903, 5911, 5913, 2305, 3.410, 329.95, -2.80, 3.414, 329.90, -2.85, 0.006, 292.94, -35.37);
insert into SHOT values (5904, 5911, 5914, 2305, 2.260, 51.95, -10.70, 2.254, 51.78, -10.74, 0.009, 278.19, -2.55);
insert into SHOT values (5905, 5911, 5915, 2305, 1.160, 128.05, 5.20, 1.159, 127.96, 4.95, 0.006, 8.05, -68.37);
insert into SHOT values (5906, 5911, 5916, 2305, 1.880, 13.35, 50.00, 1.876, 13.46, 50.12, 0.006, 170.38, -1.60);
insert into SHOT values (5907, 5911, 5917, 2305, 1.700, 61.05, -61.00, 1.702, 60.95, -61.07, 0.004, 311.65, -63.23);
insert into SHOT values (5908, 5911, 5918, 2305, 7.040, 24.35, -24.70, 7.031, 24.32, -24.72, 0.010, 225.34, 10.21);
insert into SHOT values (5909, 5911, 5919, 2305, 10.550, 25.65, -25.30, 10.549, 25.60, -25.31, 0.009, 281.85, -8.79);
insert into SHOT values (5910, 5919, 5920, 2305, 2.600, 353.85, -8.20, 2.591, 353.96, -8.21, 0.010, 146.42, 4.62);
insert into SHOT values (5911, 5919, 5921, 2305, 3.980, 136.55, 6.50, 3.980, 136.54, 6.49, 0.001, 29.36, -31.33);
insert into SHOT values (5912, 5919, 5922, 2305, 3.920, 283.45, 8.40, 3.918, 283.43, 8.37, 0.004, 140.99, -46.23);
insert into SHOT values (5913, 5919, 5923, 2305, 4.370, 228.65, 11.10, 4.368, 228.50, 11.09, 0.012, 127.18, -6.59);
insert into SHOT values (5914, 5919, 5924, 2305, 1.030, 310.35, 52.80, 1.026, 310.40, 53.03, 0.006, 124.79, -4.35);
insert into SHOT values (5915, 5919, 5925, 2305, 1.370, 316.15, -39.60, 1.367, 316.15, -39.54, 0.004, 133.88, 61.15);
insert into SHOT values (5916, 5919, 5926, 2305, 14.900, 263.75, 1.30, 14.814, 264.80, 3.21, 0.572, 15.40, 59.28);
insert into SHOT values (5917, 5926, 5927, 2305, 4.740, 180.25, -3.90, 4.741, 180.24, -3.87, 0.003, 149.65, 63.68);
insert into SHOT values (5918, 5926, 5928, 2305, 6.260, 284.65, 17.00, 6.263, 284.71, 17.09, 0.012, 17.20, 57.29);
insert into SHOT values (5919, 5926, 5929, 2305, 4.100, 56.65, -9.50, 4.104, 56.58, -9.39, 0.010, 17.24, 42.81);
insert into SHOT values (5920, 5926, 5930, 2305, 3.120, 114.55, -27.30, 3.125, 114.44, -27.23, 0.008, 76.78, 6.73);
insert into SHOT values (5921, 5926, 5931, 2305, 2.270, 212.15, 68.70, 2.274, 211.56, 68.82, 0.010, 101.95, 29.41);
insert into SHOT values (5922, 5926, 5932, 2305, 6.930, 258.25, 13.50, 6.844, 258.76, 14.81, 0.189, 52.52, 44.36);
insert into SHOT values (5923, 5932, 5933, 2305, 6.660, 72.05, 3.90, 6.657, 72.11, 3.96, 0.011, 188.31, 41.61);
insert into SHOT values (5924, 5932, 5934, 2305, 4.430, 8.65, 4.60, 4.424, 8.61, 4.67, 0.008, 216.55, 34.53);
insert into SHOT values (5925, 5932, 5935, 2305, 5.520, 332.75, 0.30, 5.515, 332.69, 0.31, 0.008, 199.17, 8.10);
insert into SHOT values (5926, 5932, 5936, 2305, 6.920, 274.75, 1.70, 6.927, 274.72, 1.74, 0.009, 248.13, 32.74);
insert into SHOT values (5927, 5932, 5937, 2305, 6.370, 249.05, 2.90, 6.380, 249.03, 2.88, 0.010, 238.96, -12.59);
insert into SHOT values (5928, 5932, 5938, 2305, 5.990, 210.45, 0.30, 5.998, 210.46, 0.29, 0.008, 215.39, -10.10);
insert into SHOT values (5929, 5932, 5939, 2305, 5.650, 172.25, 4.20, 5.657, 172.26, 4.26, 0.009, 179.17, 43.02);
insert into SHOT values (5930, 5932, 5940, 2305, 2.450, 340.65, 53.00, 2.452, 340.58, 53.06, 0.004, 231.45, 61.00);
insert into SHOT values (5931, 5932, 5941, 2305, 0.830, 19.45, -55.50, 0.824, 18.82, -55.64, 0.008, 243.29, 28.81);
insert into SHOT values (5932, 5932, 5942, 2305, 14.610, 275.85, 3.60, 14.546, 277.30, 5.56, 0.624, 22.31, 52.17);
insert into SHOT values (5933, 5942, 5943, 2305, 5.130, 348.75, 1.90, 5.121, 348.73, 1.90, 0.009, 178.00, -0.57);
insert into SHOT values (5934, 5942, 5944, 2305, 4.360, 203.35, -10.60, 4.365, 203.34, -10.56, 0.006, 195.06, 20.02);
insert into SHOT values (5935, 5942, 5945, 2305, 4.620, 105.75, 4.40, 4.616, 105.76, 4.35, 0.006, 275.39, -52.06);
insert into SHOT values (5936, 5942, 5946, 2305, 4.390, 350.35, 49.70, 4.386, 350.24, 49.80, 0.010, 203.50, 10.62);
insert into SHOT values (5937, 5942, 5947, 2305, 0.560, 35.25, -42.90, 0.553, 34.88, -43.37, 0.008, 233.45, 8.15);
insert into SHOT values (5938, 5942, 5948, 2305, 11.590, 298.25, -15.80, 11.524, 299.78, -14.58, 0.393, 28.81, 40.59);
insert into SHOT values (5939, 5948, 5949, 2305, 4.550, 23.35, -3.90, 4.552, 23.35, -3.90, 0.003, 19.83, -12.24);
insert into SHOT values (5940, 5948, 5950, 2305, 9.600, 211.55, -18.60, 9.596, 211.56, -18.60, 0.004, 10.76, 28.10);
insert into SHOT values (5941, 5948, 5951, 2305, 10.380, 172.75, -4.60, 10.377, 172.72, -4.59, 0.006, 47.58, 23.45);
insert into SHOT values (5942, 5948, 5952, 2305, 9.630, 62.25, 1.30, 9.629, 62.26, 1.31, 0.003, 184.18, 28.63);
insert into SHOT values (5943, 5948, 5953, 2305, 2.420, 29.45, 73.90, 2.416, 29.22, 73.75, 0.008, 0.49, -42.18);
insert into SHOT values (5944, 5948, 5954, 2305, 6.800, 282.15, -39.00, 6.795, 282.14, -39.04, 0.007, 109.61, -5.37);
insert into SHOT values (5945, 5948, 5955, 2305, 18.800, 305.85, -15.70, 18.772, 308.41, -13.71, 1.041, 27.48, 37.74);
insert into SHOT values (5946, 5955, 5956, 2305, 6.440, 58.05, 11.70, 6.436, 58.10, 11.74, 0.008, 186.75, 29.37);
insert into SHOT values (5947, 5955, 5957, 2305, 3.500, 243.35, 4.70, 3.496, 243.21, 4.76, 0.010, 125.09, 19.00);
insert into SHOT values (5948, 5955, 5958, 2305, 2.970, 51.35, 77.10, 2.975, 51.75, 77.14, 0.007, 152.18, 46.78);
insert into SHOT values (5949, 5955, 5959, 2305, 2.060, 23.65, -25.90, 2.056, 23.93, -25.96, 0.010, 138.29, -1.08);
insert into SHOT values (5950, 5955, 5960, 2305, 4.690, 92.25, -20.40, 4.696, 92.34, -20.31, 0.012, 134.69, 24.38);
insert into SHOT values (5951, 5955, 5961, 2305, 10.220, 91.15, 12.10, 10.219, 91.20, 12.09, 0.010, 185.60, -13.53);
insert into SHOT values (5952, 5955, 5962, 2305, 5.390, 288.35, 1.50, 5.384, 288.30, 1.49, 0.008, 146.26, -8.26);
insert into SHOT values (5953, 5955, 5963, 2305, 16.310, 347.65, 6.40, 16.381, 349.94, 8.32, 0.852, 78.74, 40.37);
insert into SHOT values (5954, 5963, 5964, 2305, 0.240, 78.05, 9.40, 0.239, 77.74, 9.64, 0.002, 300.56, 22.76);
insert into SHOT values (5955, 5963, 5965, 2305, 4.040, 249.65, -5.50, 4.040, 249.63, -5.54, 0.003, 165.28, -60.66);
insert into SHOT values (5956, 5963, 5966, 2305, 0.840, 277.05, 84.40, 0.834, 277.13, 84.45, 0.006, 92.54, -77.29);
insert into SHOT values (5957, 5963, 5967, 2305, 1.700, 265.95, -51.40, 1.703, 265.68, -51.37, 0.006, 201.99, -14.47);
insert into SHOT values (5958, 5963, 5968, 2305, 5.290, 316.35, 20.40, 5.306, 317.38, 21.21, 0.117, 54.12, 40.38);
insert into SHOT values (5959, 5968, 5969, 2305, 3.480, 70.75, -0.80, 3.482, 70.89, -0.82, 0.009, 145.90, -9.18);
insert into SHOT values (5960, 5968, 5970, 2305, 0.750, 288.85, 32.80, 0.746, 288.73, 33.35, 0.008, 119.09, 26.16);
insert into SHOT values (5961, 5968, 5971, 2305, 3.680, 339.55, 71.60, 3.675, 339.68, 71.74, 0.010, 145.05, -10.33);
insert into SHOT values (5962, 5968, 5972, 2305, 1.950, 19.75, -32.80, 1.946, 19.98, -32.65, 0.009, 113.69, 43.40);
insert into SHOT values (5963, 5968, 5973, 2305, 11.290, 355.55, -10.40, 11.327, 357.08, -8.78, 0.438, 69.52, 44.69);
insert into SHOT values (5964, 5973, 5974, 2305, 4.640, 253.55, 5.90, 4.642, 253.65, 5.94, 0.008, 333.43, 21.18);
insert into SHOT values (5965, 5973, 5975, 2305, 0.290, 59.45, 41.30, 0.290, 59.93, 40.87, 0.003, 107.31, -29.36);
insert into SHOT values (5966, 5973, 5976, 2305, 2.100, 64.45, 33.30, 2.097, 64.31, 33.26, 0.005, 309.98, -32.49);
insert into SHOT values (5967, 5973, 5977, 2305, 0.840, 299.75, 67.80, 0.844, 299.74, 67.54, 0.006, 299.45, 23.96);
insert into SHOT values (5968, 5973, 5978, 2305, 1.210, 254.65, -49.20, 1.212, 254.55, -49.40, 0.005, 106.06, -57.90);
insert into SHOT values (5969, 5973, 5979, 2305, 8.790, 2.75, 27.40, 8.900, 3.79, 28.01, 0.204, 72.80, 41.49);
insert into SHOT values (5970, 5979, 5980, 2305, 2.870, 297.65, -2.10, 2.869, 297.64, -2.00, 0.005, 150.51, 77.89);
insert into SHOT values (5971, 5979, 5981, 2305, 0.610, 123.75, 9.70, 0.613, 124.22, 9.39, 0.007, 179.50, -25.03);
insert into SHOT values (5972, 5979, 5982, 2305, 1.560, 322.15, -55.50, 1.559, 321.95, -55.82, 0.009, 164.22, -28.61);
insert into SHOT values (5973, 5979, 5983, 2305, 1.700, 327.45, 43.20, 1.692, 327.60, 43.28, 0.009, 124.11, -24.53);
insert into SHOT values (5974, 5979, 5984, 2305, 6.440, 29.75, -1.90, 6.535, 30.33, -0.88, 0.164, 63.97, 43.85);
insert into SHOT values (5975, 5984, 5985, 2305, 1.250, 115.95, -4.40, 1.247, 115.74, -4.60, 0.007, 352.96, -37.20);
insert into SHOT values (5976, 5984, 5986, 2305, 1.370, 291.75, 5.60, 1.375, 291.88, 5.43, 0.007, 322.95, -31.69);
insert into SHOT values (5977, 5984, 5987, 2305, 1.590, 259.65, 75.60, 1.590, 259.82, 75.57, 0.001, 315.73, -1.86);
insert into SHOT values (5978, 5984, 5988, 2305, 1.700, 258.75, -84.30, 1.699, 259.99, -84.17, 0.006, 303.75, 16.76);
insert into SHOT values (5979, 5984, 5989, 2305, 6.200, 41.25, -41.20, 6.227, 41.44, -39.73, 0.163, 48.73, 39.65);
insert into SHOT values (5980, 5989, 5990, 2305, 1.720, 312.65, 43.60, 1.716, 312.40, 43.45, 0.008, 224.79, -48.25);
insert into SHOT values (5981, 5989, 5991, 2305, 1.640, 115.55, -11.60, 1.644, 115.77, -11.58, 0.007, 175.25, -1.86);
insert into SHOT values (5982, 5989, 5992, 2305, 0.860, 41.35, 77.00, 0.860, 40.60, 77.62, 0.010, 236.20, 12.26);
insert into SHOT values (5983, 5989, 5993, 2305, 0.580, 109.95, -51.30, 0.579, 110.92, -51.03, 0.007, 187.99, 22.71);
insert into SHOT values (5984, 5989, 5994, 2305, 3.450, 41.35, -13.30, 3.532, 41.59, -12.42, 0.099, 50.35, 19.83);
insert into SHOT values (5985, 5994, 5995, 2305, 1.960, 243.25, 27.30, 1.967, 243.14, 27.23, 0.008, 217.89, 7.77);
insert into SHOT values (5986, 5994, 5996, 2305, 1.090, 59.05, 21.80, 1.093, 59.13, 22.02, 0.006, 103.51, 67.93);
insert into SHOT values (5987, 5994, 5997, 2305, 1.920, 20.05, 64.50, 1.923, 19.98, 64.79, 0.010, 207.51, 43.89);
insert into SHOT values (5988, 5994, 5998, 2305, 2.730, 177.75, -50.20, 2.727, 177.71, -50.04, 0.008, 160.27, 61.13);
insert into SHOT values (5989, 5994, 5999, 2305, 4.270, 262.35, 57.00, 4.297, 262.91, 58.15, 0.093, 61.67, 47.83);
insert into SHOT values (5990, 5999, 6000, 2305, 1.250, 275.75, 7.60, 1.247, 275.57, 7.83, 0.007, 145.97, 43.23);
insert into SHOT values (5991, 5999, 6001, 2305, 0.720, 110.15, 5.20, 0.728, 110.19, 5.52, 0.009, 113.66, 32.40);
insert into SHOT values (5992, 5999, 6002, 2305, 0.590, 251.15, 55.40, 0.590, 250.46, 56.13, 0.008, 103.95, 30.88);
insert into SHOT values (5993, 5999, 6003, 2305, 1.150, 3.85, -79.40, 1.150, 5.44, -79.43, 0.006, 100.43, 3.65);
insert into SHOT values (5994, 5999, 6004, 2305, 2.000, 44.55, -12.50, 2.084, 44.80, -11.34, 0.094, 50.20, 14.06);
insert into SHOT values (5995, 6004, 6005, 2305, 3.000, 324.75, 46.00, 2.999, 324.78, 46.07, 0.004, 123.77, 30.73);
insert into SHOT values (5996, 6004, 6006, 2305, 1.760, 84.85, 18.00, 1.762, 84.87, 17.85, 0.005, 95.21, -53.05);
insert into SHOT values (5997, 6004, 6007, 2305, 2.420, 359.75, 66.70, 2.419, 0.00, 66.61, 0.006, 56.31, -27.70);
insert into SHOT values (5998, 6004, 6008, 2305, 0.600, 54.95, -45.80, 0.604, 55.56, -45.38, 0.008, 91.73, 1.11);
insert into SHOT values (5999, 6004, 6009, 2305, 6.490, 10.35, 12.60, 6.591, 11.24, 13.33, 0.164, 62.11, 39.41);
insert into SHOT values (6000, 6009, 6010, 2305, 1.970, 207.85, 10.90, 1.972, 208.02, 10.81, 0.007, 273.66, -21.70);
insert into SHOT values (6001, 6009, 6011, 2305, 3.780, 30.65, 5.70, 3.771, 30.60, 5.63, 0.011, 231.86, -29.78);
insert into SHOT values (6002, 6009, 6012, 2305, 0.900, 195.45, 82.30, 0.899, 198.43, 81.91, 0.009, 244.42, -12.18);
insert into SHOT values (6003, 6009, 6013, 2305, 4.460, 147.55, -32.10, 4.458, 147.66, -32.12, 0.007, 256.25, 0.29);
insert into SHOT values (6004, 6009, 6014, 2305, 3.280, 274.15, 47.60, 3.293, 274.74, 48.60, 0.063, 60.94, 49.36);
insert into SHOT values (6005, 6014, 6015, 2305, 3.770, 196.75, 29.90, 3.770, 196.72, 29.91, 0.002, 103.82, 20.11);
insert into SHOT values (6006, 6014, 6016, 2305, 2.210, 20.45, 42.40, 2.210, 20.43, 42.38, 0.001, 347.70, -13.29);
insert into SHOT values (6007, 6014, 6017, 2305, 2.000, 90.75, 18.90, 1.999, 90.91, 18.98, 0.006, 200.95, 21.08);
insert into SHOT values (6008, 6014, 6018, 2305, 2.080, 111.45, 75.10, 2.081, 111.80, 75.00, 0.005, 153.47, -0.72);
insert into SHOT values (6009, 6014, 6019, 2305, 4.400, 73.75, -42.90, 4.407, 73.81, -42.90, 0.008, 109.39, -39.20);
insert into SHOT values (6010, 6014, 6020, 2305, 5.040, 51.85, 4.60, 5.165, 51.95, 5.33, 0.142, 56.13, 32.35);
insert into SHOT values (6011, 6020, 6021, 2305, 0.900, 296.85, 9.90, 0.909, 296.57, 10.14, 0.010, 267.25, 30.35);
insert into SHOT values (6012, 6020, 6022, 2305, 0.680, 336.55, 71.20, 0.686, 335.77, 71.36, 0.007, 249.56, 64.61);
insert into SHOT values (6013, 6020, 6023, 2305, 0.430, 121.65, 20.60, 0.432, 122.91, 20.32, 0.009, 196.72, -8.01);
insert into SHOT values (6014, 6020, 6024, 2305, 0.950, 275.65, -31.60, 0.955, 275.64, -31.56, 0.005, 274.12, -24.75);
insert into SHOT values (6015, 6020, 6025, 2305, 6.570, 15.05, -0.90, 6.651, 15.79, 0.09, 0.164, 61.71, 43.71);
insert into SHOT values (6016, 6025, 6026, 2305, 5.330, 23.05, -13.50, 5.397, 23.60, -12.41, 0.132, 52.94, 39.76);
insert into SHOT values (6017, 6026, 6027, 2305, 8.460, 136.45, -0.30, 8.479, 135.05, 0.88, 0.271, 50.80, 39.96);
insert into SHOT values (6018, 6027, 6028, 2305, 5.190, 106.95, 6.80, 5.271, 106.11, 7.52, 0.129, 59.89, 35.85);
insert into SHOT values (6019, 6028, 6029, 2305, 6.630, 333.55, -7.80, 6.627, 333.59, -7.81, 0.006, 100.21, -1.99);
insert into SHOT values (6020, 6028, 6030, 2305, 6.500, 357.55, -3.00, 6.495, 357.61, -3.00, 0.009, 124.41, 1.15);
insert into SHOT values (6021, 6028, 6031, 2305, 5.570, 31.15, 2.30, 5.568, 31.18, 2.26, 0.005, 160.23, -47.23);
insert into SHOT values (6022, 6028, 6032, 2305, 5.860, 71.75, -2.80, 5.861, 71.78, -2.84, 0.005, 154.59, -48.48);
insert into SHOT values (6023, 6028, 6033, 2305, 8.960, 112.05, -2.10, 8.964, 112.10, -2.11, 0.009, 173.91, -10.95);
insert into SHOT values (6024, 6028, 6034, 2305, 6.230, 277.85, 16.60, 6.225, 277.80, 16.61, 0.007, 140.70, 1.33);
insert into SHOT values (6025, 6028, 6035, 2305, 6.490, 190.95, 2.90, 6.496, 190.93, 2.91, 0.007, 169.56, 14.43);
insert into SHOT values (6026, 6028, 6036, 2305, 11.700, 177.15, -0.90, 11.706, 177.11, -0.88, 0.011, 125.68, 20.41);
insert into SHOT values (6027, 6028, 6037, 2305, 4.430, 228.45, 10.10, 4.432, 228.34, 10.14, 0.009, 151.51, 20.86);
insert into SHOT values (6028, 6028, 6038, 2305, 3.980, 173.05, 70.20, 3.986, 172.77, 70.19, 0.009, 104.17, 36.82);
insert into SHOT values (6029, 6028, 6039, 2305, 1.440, 192.45, -49.60, 1.442, 192.40, -49.73, 0.004, 41.67, -61.95);
insert into SHOT values (6030, 6028, 6040, 2305, 17.880, 169.05, 1.40, 17.875, 166.55, 3.62, 1.044, 75.21, 41.61);
insert into SHOT values (6031, 6040, 6041, 2305, 1.640, 77.05, -12.10, 1.637, 77.01, -11.99, 0.005, 282.75, 52.97);
insert into SHOT values (6032, 6040, 6042, 2305, 0.940, 77.75, 33.20, 0.945, 77.55, 33.40, 0.006, 23.53, 57.38);
insert into SHOT values (6033, 6040, 6043, 2305, 1.860, 88.25, -42.00, 1.856, 88.34, -41.93, 0.005, 215.83, 59.12);
insert into SHOT values (6034, 6040, 6044, 2305, 0.250, 236.85, 16.20, 0.249, 236.98, 16.35, 0.002, 37.92, 8.82);
insert into SHOT values (6035, 6040, 6045, 2305, 5.200, 149.85, -12.10, 5.193, 149.85, -12.12, 0.008, 330.11, 0.12);
insert into SHOT values (6036, 6040, 6046, 2305, 12.730, 149.75, -12.20, 12.705, 147.82, -10.61, 0.548, 64.97, 39.73);
insert into SHOT values (6037, 6046, 6047, 2305, 2.220, 71.35, 5.10, 2.223, 71.57, 5.16, 0.009, 145.47, 17.05);
insert into SHOT values (6038, 6046, 6048, 2305, 5.160, 250.45, 3.60, 5.159, 250.37, 3.56, 0.008, 156.42, -28.74);
insert into SHOT values (6039, 6046, 6049, 2305, 0.670, 120.25, 69.10, 0.677, 121.76, 68.59, 0.011, 159.80, 21.77);
insert into SHOT values (6040, 6046, 6050, 2305, 3.700, 99.95, -35.60, 3.703, 99.93, -35.49, 0.008, 91.63, 29.63);
insert into SHOT values (6041, 6046, 6051, 2305, 20.340, 179.75, -3.80, 20.310, 177.21, -1.41, 1.238, 89.04, 43.25);
insert into SHOT values (6042, 6051, 6052, 2305, 1.410, 90.05, 17.90, 1.407, 90.43, 17.79, 0.010, 191.18, -20.52);
insert into SHOT values (6043, 6051, 6053, 2305, 4.030, 142.75, 4.90, 4.032, 142.79, 4.84, 0.006, 186.57, -47.47);
insert into SHOT values (6044, 6051, 6054, 2305, 2.330, 280.75, -4.40, 2.337, 280.63, -4.42, 0.008, 246.60, -8.51);
insert into SHOT values (6045, 6051, 6055, 2305, 0.880, 273.45, -69.00, 0.880, 271.79, -68.67, 0.010, 210.12, 8.50);
insert into SHOT values (6046, 6051, 6056, 2305, 0.840, 105.95, 46.90, 0.837, 106.22, 46.80, 0.004, 219.09, -48.59);
insert into SHOT values (6047, 6051, 6057, 2305, 3.260, 142.35, 5.40, 3.278, 141.48, 6.13, 0.067, 67.51, 40.05);
insert into SHOT values (6048, 6057, 6058, 2305, 1.100, 72.65, 11.90, 1.103, 72.74, 12.04, 0.004, 110.67, 48.64);
insert into SHOT values (6049, 6057, 6059, 2305, 0.830, 233.15, 27.00, 0.828, 233.29, 27.31, 0.005, 26.81, 38.95);
insert into SHOT values (6050, 6057, 6060, 2305, 0.990, 188.85, 87.50, 0.991, 194.04, 87.62, 0.004, 308.49, 12.39);
insert into SHOT values (6051, 6057, 6061, 2305, 0.830, 3.35, -55.10, 0.827, 3.65, -55.29, 0.005, 151.02, 8.87);
insert into SHOT values (6052, 6057, 6062, 2305, 3.290, 170.95, 38.60, 3.316, 170.10, 39.52, 0.070, 61.63, 54.88);
insert into SHOT values (6053, 6062, 6063, 2305, 2.050, 95.55, 4.80, 2.046, 95.35, 4.77, 0.008, 336.81, -10.61);
insert into SHOT values (6054, 6062, 6064, 2305, 1.390, 241.75, 17.10, 1.388, 241.70, 16.75, 0.009, 165.30, -82.16);
insert into SHOT values (6055, 6062, 6065, 2305, 1.480, 186.35, 71.30, 1.478, 186.07, 71.34, 0.003, 57.21, -32.41);
insert into SHOT values (6056, 6062, 6066, 2305, 2.760, 90.75, -42.50, 2.760, 90.56, -42.65, 0.010, 324.56, -33.46);
insert into SHOT values (6057, 6062, 6067, 2305, 3.490, 177.05, 2.40, 3.433, 176.15, 3.17, 0.091, 39.03, 28.66);
insert into SHOT values (6058, 6067, 6068, 2305, 1.400, 103.45, 1.50, 1.400, 103.64, 1.64, 0.006, 194.24, 35.91);
insert into SHOT values (6059, 6067, 6069, 2305, 3.110, 249.85, 12.70, 3.112, 249.78, 12.62, 0.006, 200.22, -35.71);
insert into SHOT values (6060, 6067, 6070, 2305, 4.570, 155.75, 54.80, 4.565, 155.77, 54.79, 0.005, 313.04, -58.19);
insert into SHOT values (6061, 6067, 6071, 2305, 2.030, 140.95, -65.80, 2.029, 141.34, -65.77, 0.006, 228.50, 15.77);
insert into SHOT values (6062, 6067, 6072, 2305, 8.310, 174.65, -25.40, 8.227, 173.55, -24.64, 0.199, 72.55, 42.49);
insert into SHOT values (6063, 6072, 6073, 2305, 4.150, 260.05, -4.00, 4.142, 260.10, -4.02, 0.009, 54.88, -3.14);
insert into SHOT values (6064, 6072, 6074, 2305, 4.170, 224.85, 66.00, 4.168, 224.76, 66.08, 0.007, 68.22, 4.44);
insert into SHOT values (6065, 6072, 6075, 2305, 1.810, 210.55, -58.20, 1.810, 210.34, -58.33, 0.005, 73.79, -18.74);
insert into SHOT values (6066, 6072, 6076, 2305, 0.750, 128.35, 1.40, 0.748, 127.94, 1.53, 0.006, 20.98, 16.73);
insert into SHOT values (6067, 6072, 6077, 2305, 15.200, 198.75, -7.70, 15.107, 197.35, -6.04, 0.580, 101.93, 50.38);
insert into SHOT values (6068, 6077, 6078, 2305, 5.360, 88.25, -1.40, 5.364, 88.29, -1.39, 0.006, 131.89, 9.85);
insert into SHOT values (6069, 6077, 6079, 2305, 7.300, 45.65, -3.30, 7.296, 45.67, -3.30, 0.005, 197.17, 2.60);
insert into SHOT values (6070, 6077, 6080, 2305, 10.430, 4.15, 0.50, 10.428, 4.18, 0.49, 0.006, 113.07, -10.00);
insert into SHOT values (6071, 6077, 6081, 2305, 5.290, 187.05, 8.00, 5.290, 187.02, 7.93, 0.007, 110.40, -63.48);
insert into SHOT values (6072, 6077, 6082, 2305, 10.090, 230.05, 17.00, 10.095, 230.04, 16.99, 0.005, 216.31, -0.35);
insert into SHOT values (6073, 6077, 6083, 2305, 10.380, 252.35, 16.40, 10.381, 252.35, 16.39, 0.001, 235.64, -28.13);
insert into SHOT values (6074, 6077, 6084, 2305, 4.010, 168.85, 77.10, 4.011, 169.07, 77.09, 0.004, 241.93, 18.83);
insert into SHOT values (6075, 6077, 6085, 2305, 4.070, 116.95, -26.20, 4.073, 116.85, -26.23, 0.008, 43.19, -23.97);
insert into SHOT values (6076, 6077, 6086, 2305, 8.830, 126.95, 4.70, 8.876, 125.60, 5.82, 0.274, 44.45, 40.03);
insert into SHOT values (6077, 6086, 6087, 2305, 5.930, 194.35, 6.80, 5.927, 194.37, 6.88, 0.009, 351.75, 59.52);
insert into SHOT values (6078, 6086, 6088, 2305, 6.230, 245.45, 3.80, 6.225, 245.46, 3.87, 0.009, 56.73, 53.98);
insert into SHOT values (6079, 6086, 6089, 2305, 4.890, 121.15, -6.40, 4.888, 121.11, -6.34, 0.006, 16.84, 52.71);
insert into SHOT values (6080, 6086, 6090, 2305, 7.020, 64.35, -8.60, 7.025, 64.32, -8.60, 0.006, 28.94, -2.45);
insert into SHOT values (6081, 6086, 6091, 2305, 5.100, 18.85, -6.40, 5.104, 18.86, -6.41, 0.005, 35.25, -18.93);
insert into SHOT values (6082, 6086, 6092, 2305, 4.100, 352.95, 1.20, 4.102, 353.00, 1.26, 0.006, 58.86, 48.46);
insert into SHOT values (6083, 6086, 6093, 2305, 5.090, 340.15, -0.50, 5.090, 340.25, -0.45, 0.010, 72.54, 26.85);
insert into SHOT values (6084, 6086, 6094, 2305, 2.590, 97.15, 81.20, 2.592, 97.13, 81.05, 0.007, 95.71, 4.06);
insert into SHOT values (6085, 6086, 6095, 2305, 9.140, 122.35, -29.20, 9.141, 122.36, -29.20, 0.001, 195.91, -48.00);
insert into SHOT values (6086, 6086, 6096, 2305, 3.290, 65.45, -37.30, 3.288, 65.39, -37.24, 0.005, 348.92, 54.33);
insert into SHOT values (6087, 6086, 6097, 2305, 10.180, 83.95, -19.90, 10.247, 83.22, -18.14, 0.344, 46.98, 53.07);
insert into SHOT values (6088, 6097, 5919, 2305, 12.050, 84.55, 0.60, 12.154, 83.62, 2.12, 0.391, 20.08, 55.95);
insert into SURVEY values (2308, 2292, 'JPH', 'JPH.Promezhutochnaya.Koytendag', 'JPH');
 insert into CENTRELINE values (2309, 2308, NULL, NULL, NULL, 0.00, 0.00, 0.00);
 insert into SURVEY values (2310, 2308, 'JPH', 'JPH.JPH.Promezhutochnaya.Koytendag', 'JPH');
 insert into CENTRELINE values (2311, 2310, NULL, NULL, NULL, 0.00, 0.00, 0.00);
 insert into CENTRELINE values (2312, 2310, NULL, '2024-04-24', NULL, 141.80, 0.00, 0.00);
 insert into TOPO values (1, 2312);
 insert into TOPO values (9, 2312);
 insert into TOPO values (11, 2312);
 insert into TOPO values (7, 2312);
 insert into SHOT values (6089, 6098, 6099, 2312, 14.499, 166.20, -1.68, 14.478, 166.41, -1.15, 0.146, 274.41, 66.98);
insert into SHOT values (6090, 6099, 6100, 2312, 7.621, 145.88, -8.63, 7.591, 145.91, -8.33, 0.050, 316.71, 61.13);
insert into SHOT values (6091, 6100, 6101, 2312, 30.987, 163.73, -14.19, 30.976, 164.10, -13.23, 0.556, 224.14, 65.99);
insert into SHOT values (6092, 6101, 6102, 2312, 10.440, 193.71, 3.31, 10.429, 193.96, 3.74, 0.091, 302.76, 58.46);
insert into SHOT values (6093, 6102, 6103, 2312, 13.373, 141.09, -15.08, 13.341, 140.85, -14.63, 0.123, 46.84, 63.26);
insert into SHOT values (6094, 6103, 6104, 2312, 21.190, 134.28, -0.87, 21.175, 133.89, -0.05, 0.336, 39.02, 64.44);
insert into SHOT values (6095, 6104, 6105, 2312, 24.836, 86.87, 3.30, 24.844, 86.16, 4.25, 0.512, 352.97, 52.96);
insert into SHOT values (6096, 6105, 6106, 2312, 16.925, 61.91, 14.34, 16.942, 61.46, 14.95, 0.220, 319.02, 53.57);
insert into SHOT values (6097, 6106, 6107, 2312, 1.926, 37.74, 7.51, 1.944, 37.41, 7.69, 0.022, 3.47, 22.16);
insert into SHOT values (6098, 6098, 6108, 2312, 13.187, 211.50, -0.37, 13.184, 211.51, -0.39, 0.007, 350.96, -52.99);
insert into SHOT values (6099, 6098, 6109, 2312, 19.324, 121.85, 6.52, 19.316, 121.86, 6.51, 0.010, 273.78, -25.94);
insert into SHOT values (6100, 6098, 6110, 2312, 18.975, 25.63, 9.06, 18.976, 25.61, 9.04, 0.013, 313.47, -45.39);
insert into SHOT values (6101, 6098, 6111, 2312, 10.014, 345.41, -7.70, 10.021, 345.42, -7.74, 0.011, 352.59, -55.71);
insert into SHOT values (6102, 6098, 6112, 2312, 2.833, 126.75, 70.24, 2.825, 126.87, 70.35, 0.010, 292.06, -37.78);
insert into SHOT values (6103, 6098, 6113, 2312, 1.173, 109.13, -59.44, 1.170, 108.74, -59.65, 0.006, 327.41, 0.79);
insert into SHOT values (6104, 6099, 6114, 2312, 14.502, 166.25, -1.68, 14.500, 166.27, -1.66, 0.007, 272.93, 33.84);
insert into SHOT values (6105, 6099, 6115, 2312, 24.428, 234.68, -0.96, 24.428, 234.68, -0.96, 0.001, 268.42, -31.21);
insert into SHOT values (6106, 6099, 6116, 2312, 27.211, 61.02, 3.56, 27.214, 61.02, 3.56, 0.003, 86.59, 7.34);
insert into SHOT values (6107, 6099, 6117, 2312, 23.645, 158.79, -12.86, 23.644, 158.79, -12.85, 0.002, 348.35, 79.50);
insert into SHOT values (6108, 6099, 6118, 2312, 23.615, 341.99, -4.34, 23.612, 341.99, -4.35, 0.004, 149.77, -14.53);
insert into SHOT values (6109, 6099, 6119, 2312, 3.866, 281.76, 54.99, 3.868, 281.72, 55.04, 0.004, 149.52, 53.56);
insert into SHOT values (6110, 6100, 6120, 2312, 7.620, 137.23, -3.59, 7.629, 137.24, -3.53, 0.011, 142.81, 36.12);
insert into SHOT values (6111, 6100, 6121, 2312, 15.307, 77.27, -9.32, 15.302, 77.30, -9.33, 0.009, 203.38, -3.35);
insert into SHOT values (6112, 6100, 6122, 2312, 7.557, 249.71, 2.66, 7.557, 249.69, 2.65, 0.003, 168.22, -25.09);
insert into SHOT values (6113, 6100, 6123, 2312, 38.382, 209.50, -3.25, 38.388, 209.49, -3.24, 0.009, 170.79, 21.13);
insert into SHOT values (6114, 6100, 6124, 2312, 20.146, 157.95, -14.93, 20.154, 157.95, -14.92, 0.008, 167.81, 2.70);
insert into SHOT values (6115, 6100, 6125, 2312, 23.141, 51.38, 2.06, 23.140, 51.39, 2.08, 0.009, 153.68, 44.94);
insert into SHOT values (6116, 6100, 6126, 2312, 1.896, 83.87, 67.43, 1.894, 84.45, 67.54, 0.008, 205.04, -5.23);
insert into SHOT values (6117, 6100, 6127, 2312, 1.187, 205.15, -71.07, 1.184, 204.57, -71.04, 0.005, 111.61, 35.81);
insert into SHOT values (6118, 6100, 6128, 2312, 30.983, 163.77, -14.14, 30.987, 163.77, -14.14, 0.005, 132.59, 16.50);
insert into SHOT values (6119, 6100, 6129, 2312, 30.984, 163.77, -14.19, 30.992, 163.77, -14.18, 0.011, 147.73, 26.68);
insert into SHOT values (6120, 6101, 6130, 2312, 26.809, 257.97, 9.20, 26.806, 257.98, 9.21, 0.008, 40.40, 45.34);
insert into SHOT values (6121, 6101, 6131, 2312, 23.531, 214.69, -1.52, 23.531, 214.70, -1.51, 0.005, 302.32, 34.08);
insert into SHOT values (6122, 6101, 6132, 2312, 3.712, 81.81, -12.72, 3.709, 81.74, -12.77, 0.006, 315.23, -26.76);
insert into SHOT values (6123, 6101, 6133, 2312, 8.502, 20.50, 4.37, 8.512, 20.48, 4.38, 0.010, 8.39, 10.19);
insert into SHOT values (6124, 6101, 6134, 2312, 1.358, 211.18, 51.62, 1.363, 211.43, 51.74, 0.007, 289.70, 55.38);
insert into SHOT values (6125, 6101, 6135, 2312, 0.947, 234.50, -88.08, 0.951, 251.57, -88.09, 0.010, 333.96, -20.58);
insert into SHOT values (6126, 6102, 6136, 2312, 10.417, 193.00, 3.45, 10.416, 193.01, 3.47, 0.004, 316.35, 51.55);
insert into SHOT values (6127, 6102, 6137, 2312, 22.010, 221.63, -11.35, 22.013, 221.64, -11.34, 0.004, 263.93, 16.59);
insert into SHOT values (6128, 6102, 6138, 2312, 36.029, 283.46, 11.67, 36.036, 283.47, 11.67, 0.008, 314.50, 2.90);
insert into SHOT values (6129, 6102, 6139, 2312, 12.884, 26.89, -2.01, 12.888, 26.86, -2.00, 0.007, 332.30, 15.89);
insert into SHOT values (6130, 6102, 6140, 2312, 11.537, 102.50, -12.30, 11.533, 102.51, -12.32, 0.005, 267.67, -15.14);
insert into SHOT values (6131, 6102, 6141, 2312, 1.699, 249.54, 79.89, 1.706, 250.35, 79.96, 0.009, 351.12, 59.79);
insert into SHOT values (6132, 6102, 6142, 2312, 1.622, 116.56, -80.83, 1.620, 115.56, -80.95, 0.006, 348.14, 12.73);
insert into SHOT values (6133, 6103, 6143, 2312, 6.719, 64.91, 4.36, 6.712, 64.89, 4.36, 0.008, 263.55, -2.52);
insert into SHOT values (6134, 6103, 6144, 2312, 11.856, 121.59, -0.47, 11.854, 121.65, -0.48, 0.012, 223.42, -10.90);
insert into SHOT values (6135, 6103, 6145, 2312, 8.022, 226.37, -3.71, 8.031, 226.37, -3.71, 0.009, 225.03, -7.98);
insert into SHOT values (6136, 6103, 6146, 2312, 14.522, 255.35, -2.48, 14.525, 255.35, -2.49, 0.004, 265.45, -35.37);
insert into SHOT values (6137, 6103, 6147, 2312, 2.586, 229.30, 48.67, 2.590, 229.25, 48.51, 0.009, 218.95, -13.47);
insert into SHOT values (6138, 6103, 6148, 2312, 1.219, 247.87, -65.86, 1.220, 247.99, -65.45, 0.009, 255.22, 15.73);
insert into SHOT values (6139, 6104, 6149, 2312, 21.174, 135.75, -0.41, 21.180, 135.75, -0.41, 0.006, 137.40, 0.36);
insert into SHOT values (6140, 6104, 6150, 2312, 4.177, 211.13, 0.70, 4.181, 211.10, 0.69, 0.005, 185.89, -10.18);
insert into SHOT values (6141, 6104, 6151, 2312, 5.426, 45.53, 3.25, 5.425, 45.60, 3.17, 0.010, 140.64, -48.78);
insert into SHOT values (6142, 6104, 6152, 2312, 11.884, 81.18, 2.02, 11.888, 81.19, 2.02, 0.005, 114.24, 24.33);
insert into SHOT values (6143, 6104, 6153, 2312, 23.726, 137.45, 5.94, 23.730, 137.46, 5.93, 0.009, 165.20, -49.68);
insert into SHOT values (6144, 6104, 6154, 2312, 3.500, 165.22, 67.30, 3.503, 165.04, 67.23, 0.007, 126.12, 10.24);
insert into SHOT values (6145, 6104, 6155, 2312, 2.001, 67.46, -52.94, 2.001, 67.49, -53.09, 0.006, 239.19, -35.91);
insert into SHOT values (6146, 6105, 6156, 2312, 2.542, 191.00, 5.87, 2.539, 190.95, 5.88, 0.003, 45.51, 2.80);
insert into SHOT values (6147, 6105, 6157, 2312, 1.821, 20.83, 2.19, 1.821, 20.92, 2.20, 0.003, 103.92, 10.52);
insert into SHOT values (6148, 6105, 6158, 2312, 5.197, 93.18, 17.97, 5.193, 93.13, 18.06, 0.010, 308.83, 40.47);
insert into SHOT values (6149, 6105, 6159, 2312, 8.230, 231.56, 15.21, 8.226, 231.60, 15.22, 0.007, 4.98, 5.34);
insert into SHOT values (6150, 6105, 6160, 2312, 5.930, 262.88, -1.07, 5.926, 262.92, -1.06, 0.006, 36.81, 8.66);
insert into SHOT values (6151, 6105, 6161, 2312, 1.849, 140.41, 63.50, 1.850, 140.46, 63.80, 0.010, 314.96, 32.82);
insert into SHOT values (6152, 6105, 6162, 2312, 1.018, 4.35, -82.67, 1.018, 4.40, -82.64, 0.001, 18.56, -35.05);
insert into SHOT values (6153, 6106, 6163, 2312, 9.334, 154.27, 8.59, 9.333, 154.24, 8.63, 0.008, 37.01, 48.01);
insert into SHOT values (6154, 6106, 6164, 2312, 1.045, 353.73, 33.60, 1.050, 353.44, 33.52, 0.007, 313.93, 14.43);
insert into SHOT values (6155, 6106, 6165, 2312, 1.283, 141.30, 3.94, 1.284, 141.34, 4.02, 0.002, 195.83, 56.91);
insert into SHOT values (6156, 6106, 6166, 2312, 2.485, 64.43, -44.66, 2.480, 64.16, -44.56, 0.011, 327.86, 38.18);
insert into SURVEY values (2315, 2292, 'JPH2', 'JPH2.Promezhutochnaya.Koytendag', 'JPH2');
 insert into CENTRELINE values (2316, 2315, NULL, NULL, NULL, 0.00, 0.00, 0.00);
 insert into SURVEY values (2317, 2315, 'JPH2', 'JPH2.JPH2.Promezhutochnaya.Koytendag', 'Tunnel aval');
 insert into CENTRELINE values (2318, 2317, NULL, NULL, NULL, 0.00, 0.00, 0.00);
 insert into CENTRELINE values (2319, 2317, NULL, '2024-04-24', NULL, 117.45, 0.00, 0.00);
 insert into TOPO values (1, 2319);
 insert into TOPO values (11, 2319);
 insert into SHOT values (6157, 6167, 6168, 2319, 5.942, 102.92, 0.66, 5.841, 103.47, 0.39, 0.119, 254.20, -13.98);
insert into SHOT values (6158, 6169, 6168, 2319, 6.372, 251.96, -13.87, 6.255, 251.77, -13.78, 0.119, 81.98, 18.33);
insert into SHOT values (6159, 6170, 6169, 2319, 17.565, 263.09, 2.81, 17.463, 263.34, 3.68, 0.294, 49.20, 61.50);
insert into SHOT values (6160, 6171, 6170, 2319, 19.659, 259.59, -1.70, 19.547, 259.71, -0.94, 0.287, 57.73, 66.52);
insert into SHOT values (6161, 6172, 6171, 2319, 20.814, 259.14, -2.56, 20.696, 259.22, -1.83, 0.290, 65.36, 67.47);
insert into SHOT values (6162, 6173, 6172, 2319, 17.476, 260.83, -6.00, 17.364, 260.98, -5.52, 0.188, 55.97, 55.52);
insert into SHOT values (6163, 6174, 6173, 2319, 15.187, 260.82, -8.86, 15.075, 260.93, -8.58, 0.137, 64.19, 41.04);
insert into SHOT values (6164, 6175, 6174, 2319, 12.212, 258.86, -8.80, 12.088, 258.91, -8.56, 0.134, 74.01, 30.80);
insert into SHOT values (6165, 6176, 6175, 2319, 2.228, 161.64, -22.38, 2.226, 160.78, -21.90, 0.037, 80.23, 30.00);
insert into SHOT values (6166, 6168, 6177, 2319, 2.861, 157.84, 80.97, 2.855, 157.48, 81.06, 0.008, 7.57, -44.37);
insert into SHOT values (6167, 6168, 6178, 2319, 0.902, 157.26, 1.07, 0.901, 157.14, 0.64, 0.007, 39.15, -71.73);
insert into SHOT values (6168, 6168, 6179, 2319, 1.945, 1.00, 6.72, 1.953, 0.89, 6.47, 0.012, 336.17, -39.20);
insert into SHOT values (6169, 6168, 6180, 2319, 2.978, 1.12, 44.69, 2.977, 1.08, 44.59, 0.006, 338.38, -50.77);
insert into SHOT values (6170, 6169, 6181, 2319, 0.463, 354.10, 15.29, 0.458, 354.81, 15.20, 0.008, 125.60, -16.23);
insert into SHOT values (6171, 6169, 6182, 2319, 0.657, 354.52, 51.69, 0.657, 354.29, 52.29, 0.007, 191.30, 38.98);
insert into SHOT values (6172, 6169, 6183, 2319, 1.313, 29.64, -67.81, 1.308, 30.17, -67.65, 0.008, 101.23, 49.80);
insert into SHOT values (6173, 6169, 6184, 2319, 1.468, 180.00, 3.73, 1.473, 180.00, 3.89, 0.007, 178.98, 41.36);
insert into SHOT values (6174, 6170, 6185, 2319, 1.619, 347.87, 20.09, 1.611, 347.80, 19.96, 0.009, 185.47, -43.50);
insert into SHOT values (6175, 6170, 6186, 2319, 2.082, 345.41, 60.17, 2.075, 345.43, 60.14, 0.007, 157.83, -69.14);
insert into SHOT values (6176, 6170, 6187, 2319, 1.860, 191.73, 75.45, 1.861, 192.26, 75.34, 0.006, 242.54, -3.85);
insert into SHOT values (6177, 6170, 6188, 2319, 0.750, 160.74, 12.51, 0.748, 160.82, 12.35, 0.003, 310.21, -51.74);
insert into SHOT values (6178, 6171, 6189, 2319, 0.978, 168.57, 7.23, 0.976, 168.69, 7.06, 0.004, 294.02, -51.51);
insert into SHOT values (6179, 6171, 6190, 2319, 2.047, 190.29, 67.63, 2.042, 190.44, 67.76, 0.007, 353.33, -23.40);
insert into SHOT values (6180, 6171, 6191, 2319, 2.188, 314.12, 64.03, 2.192, 314.16, 63.98, 0.005, 322.91, 39.39);
insert into SHOT values (6181, 6171, 6192, 2319, 1.221, 351.46, 11.33, 1.227, 351.40, 11.28, 0.006, 339.68, 0.72);
insert into SHOT values (6182, 6172, 6193, 2319, 0.971, 170.51, 6.58, 0.970, 170.44, 6.51, 0.002, 33.01, -37.74);
insert into SHOT values (6183, 6172, 6194, 2319, 1.754, 187.10, 61.57, 1.752, 186.87, 61.50, 0.004, 114.38, -36.06);
insert into SHOT values (6184, 6172, 6195, 2319, 1.967, 317.37, 52.50, 1.966, 317.37, 52.52, 0.002, 132.21, -18.36);
insert into SHOT values (6185, 6172, 6196, 2319, 1.135, 339.06, 12.23, 1.136, 339.44, 12.19, 0.008, 57.97, -3.01);
insert into SHOT values (6186, 6173, 6197, 2319, 0.977, 349.63, 19.63, 0.983, 349.42, 19.62, 0.007, 318.22, 14.97);
insert into SHOT values (6187, 6173, 6198, 2319, 1.976, 319.00, 71.86, 1.979, 319.60, 71.83, 0.007, 33.51, 18.50);
insert into SHOT values (6188, 6173, 6199, 2319, 1.841, 274.57, 76.49, 1.841, 275.31, 76.44, 0.006, 346.84, -0.71);
insert into SHOT values (6189, 6173, 6200, 2319, 1.224, 183.96, 10.36, 1.223, 183.81, 10.37, 0.003, 69.11, -0.17);
insert into SHOT values (6190, 6173, 6201, 2319, 1.993, 187.67, 55.68, 1.986, 187.70, 55.67, 0.007, 358.62, -58.58);
insert into SHOT values (6191, 6174, 6202, 2319, 1.143, 343.40, -1.91, 1.140, 343.16, -2.01, 0.006, 217.14, -18.44);
insert into SHOT values (6192, 6174, 6203, 2319, 1.920, 329.36, 68.67, 1.913, 329.04, 68.54, 0.009, 255.70, -63.75);
insert into SHOT values (6193, 6174, 6204, 2319, 1.773, 170.01, 53.61, 1.769, 170.18, 53.38, 0.009, 212.31, -56.58);
insert into SHOT values (6194, 6174, 6205, 2319, 0.863, 170.32, 16.44, 0.866, 170.31, 16.09, 0.006, 168.65, -45.68);
insert into SHOT values (6195, 6175, 6206, 2319, 2.252, 327.88, -7.10, 2.246, 328.02, -7.16, 0.009, 107.93, -10.08);
insert into SHOT values (6196, 6175, 6207, 2319, 2.853, 315.98, 47.42, 2.853, 316.05, 47.40, 0.002, 35.96, -19.63);
insert into SHOT values (6197, 6175, 6208, 2319, 2.093, 234.55, 75.99, 2.091, 234.73, 76.10, 0.005, 35.95, -8.35);
insert into SHOT values (6198, 6176, 6209, 2319, 2.688, 56.80, -4.47, 2.682, 56.90, -4.49, 0.008, 198.85, -3.43);
insert into SHOT values (6199, 6176, 6210, 2319, 9.368, 62.53, -62.89, 9.370, 62.54, -62.88, 0.003, 66.74, -24.24);
insert into SHOT values (6200, 6176, 6211, 2319, 2.153, 45.50, -69.67, 2.152, 45.55, -69.82, 0.006, 219.18, -11.38);
insert into SHOT values (6201, 6176, 6212, 2319, 3.451, 54.47, 16.44, 3.447, 54.48, 16.52, 0.006, 228.67, 34.99);
insert into SHOT values (6202, 6176, 6213, 2319, 4.039, 64.65, 49.93, 4.038, 64.72, 49.93, 0.003, 171.40, -18.47);
insert into SHOT values (6203, 6176, 6214, 2319, 1.194, 3.55, -25.71, 1.187, 3.21, -25.45, 0.011, 240.18, 46.44);
insert into SHOT values (6204, 6176, 6215, 2319, 8.187, 118.00, -25.29, 8.181, 118.05, -25.25, 0.011, 230.49, 44.40);
insert into SURVEY values (2322, 2292, 'JPH3', 'JPH3.Promezhutochnaya.Koytendag', 'JPH3');
 insert into CENTRELINE values (2323, 2322, NULL, NULL, NULL, 0.00, 0.00, 0.00);
 insert into SURVEY values (2324, 2322, 'JPH3', 'JPH3.JPH3.Promezhutochnaya.Koytendag', 'Entree naturelle');
 insert into CENTRELINE values (2325, 2324, NULL, NULL, NULL, 0.00, 0.00, 0.00);
 insert into CENTRELINE values (2326, 2324, NULL, '2024-04-24', NULL, 123.31, 0.00, 0.00);
 insert into TOPO values (1, 2326);
 insert into TOPO values (11, 2326);
 insert into SHOT values (6205, 6216, 6217, 2326, 6.158, 261.11, -2.49, 6.284, 261.02, -2.74, 0.129, 256.51, -14.54);
insert into SHOT values (6206, 6218, 6216, 2326, 10.991, 301.94, -8.37, 11.087, 300.54, -8.66, 0.289, 229.28, -14.20);
insert into SHOT values (6207, 6219, 6218, 2326, 12.455, 282.46, -3.03, 12.574, 281.49, -3.47, 0.261, 220.25, -22.73);
insert into SHOT values (6208, 6220, 6219, 2326, 7.230, 309.88, 3.81, 7.297, 308.76, 3.38, 0.166, 245.54, -17.67);
insert into SHOT values (6209, 6221, 6220, 2326, 13.999, 294.89, -2.38, 14.101, 293.34, -2.93, 0.414, 218.33, -19.58);
insert into SHOT values (6210, 6222, 6221, 2326, 9.752, 252.74, -18.44, 9.887, 252.84, -18.27, 0.139, 259.60, -6.29);
insert into SHOT values (6211, 6223, 6222, 2326, 13.271, 325.04, -6.07, 13.329, 322.89, -6.55, 0.511, 239.21, -13.13);
insert into SHOT values (6212, 6224, 6223, 2326, 12.137, 319.30, -3.10, 12.205, 317.43, -3.62, 0.418, 237.09, -15.66);
insert into SHOT values (6213, 6225, 6224, 2326, 7.622, 303.70, 1.05, 7.704, 302.60, 0.67, 0.176, 242.41, -16.48);
insert into SHOT values (6214, 6226, 6225, 2326, 9.529, 301.41, -4.86, 9.629, 300.17, -5.18, 0.235, 235.45, -15.32);
insert into SHOT values (6215, 6227, 6226, 2326, 10.114, 301.28, -7.92, 10.208, 299.99, -8.22, 0.251, 231.24, -15.12);
insert into SHOT values (6216, 6228, 6227, 2326, 4.700, 257.34, -29.21, 4.824, 257.28, -28.88, 0.127, 255.26, -16.67);
insert into SHOT values (6217, 6229, 6228, 2326, 5.355, 321.80, -11.68, 5.410, 320.75, -11.84, 0.112, 258.89, -13.49);
insert into SHOT values (6218, 6216, 6230, 2326, 2.525, 16.38, 10.09, 2.529, 16.32, 10.02, 0.005, 348.40, -23.28);
insert into SHOT values (6219, 6216, 6231, 2326, 4.307, 41.28, 62.01, 4.312, 41.19, 62.07, 0.008, 286.95, 61.68);
insert into SHOT values (6220, 6216, 6232, 2326, 5.995, 197.42, 43.64, 5.997, 197.43, 43.65, 0.003, 258.35, 65.17);
insert into SHOT values (6221, 6216, 6233, 2326, 6.643, 199.02, 15.91, 6.642, 199.00, 15.90, 0.003, 101.39, -34.07);
insert into SHOT values (6222, 6216, 6234, 2326, 6.369, 195.38, -7.78, 6.364, 195.36, -7.77, 0.006, 43.94, 18.15);
insert into SHOT values (6223, 6216, 6235, 2326, 7.369, 155.43, 8.00, 7.362, 155.44, 8.04, 0.009, 324.69, 26.76);
insert into SHOT values (6224, 6216, 6236, 2326, 7.324, 111.28, 8.81, 7.318, 111.24, 8.80, 0.008, 331.32, -8.41);
insert into SHOT values (6225, 6218, 6237, 2326, 1.658, 201.04, 4.99, 1.655, 200.96, 4.85, 0.005, 62.85, -50.32);
insert into SHOT values (6226, 6218, 6238, 2326, 1.487, 241.51, 64.96, 1.488, 241.39, 65.11, 0.004, 85.65, 41.43);
insert into SHOT values (6227, 6218, 6239, 2326, 1.756, 1.51, 40.34, 1.760, 1.28, 40.38, 0.007, 290.25, 31.31);
insert into SHOT values (6228, 6218, 6240, 2326, 2.371, 30.38, 6.31, 2.376, 30.26, 6.28, 0.007, 346.21, -3.47);
insert into SHOT values (6229, 6218, 6241, 2326, 5.907, 88.26, 7.73, 5.907, 88.24, 7.78, 0.006, 347.19, 62.87);
insert into SHOT values (6230, 6218, 6242, 2326, 11.413, 103.85, 5.55, 11.414, 103.85, 5.53, 0.004, 106.37, -75.33);
insert into SHOT values (6231, 6218, 6243, 2326, 10.012, 119.10, 5.84, 10.008, 119.09, 5.85, 0.005, 315.52, 17.58);
insert into SHOT values (6232, 6219, 6244, 2326, 3.371, 213.12, -2.77, 3.371, 213.12, -2.72, 0.003, 240.94, 87.04);
insert into SHOT values (6233, 6219, 6245, 2326, 3.312, 226.57, 23.24, 3.312, 226.60, 23.30, 0.004, 0.40, 54.90);
insert into SHOT values (6234, 6219, 6246, 2326, 1.528, 273.95, 59.42, 1.534, 274.40, 59.35, 0.009, 324.66, 29.20);
insert into SHOT values (6235, 6219, 6247, 2326, 0.826, 233.46, -57.98, 0.829, 234.16, -57.61, 0.008, 275.68, 2.09);
insert into SHOT values (6236, 6219, 6248, 2326, 4.173, 128.79, 8.66, 4.166, 128.79, 8.70, 0.007, 308.44, 13.20);
insert into SHOT values (6237, 6219, 6249, 2326, 4.834, 156.43, 7.09, 4.825, 156.49, 7.14, 0.011, 309.66, 17.41);
insert into SHOT values (6238, 6220, 6250, 2326, 0.437, 41.27, 7.68, 0.443, 41.31, 7.78, 0.006, 43.74, 14.43);
insert into SHOT values (6239, 6220, 6251, 2326, 1.934, 36.86, 68.20, 1.939, 36.55, 68.14, 0.007, 350.40, 38.80);
insert into SHOT values (6240, 6220, 6252, 2326, 2.279, 245.70, 62.84, 2.282, 245.65, 62.81, 0.004, 226.17, 39.90);
insert into SHOT values (6241, 6220, 6253, 2326, 2.332, 231.16, 58.66, 2.328, 231.04, 58.72, 0.005, 81.41, -18.72);
insert into SHOT values (6242, 6220, 6254, 2326, 2.235, 219.64, 25.43, 2.228, 219.55, 25.53, 0.009, 59.73, 2.23);
insert into SHOT values (6243, 6220, 6255, 2326, 1.902, 217.58, 2.83, 1.899, 217.72, 3.02, 0.008, 344.74, 46.04);
insert into SHOT values (6244, 6221, 6256, 2326, 2.316, 3.85, 9.48, 2.317, 4.01, 9.44, 0.007, 83.55, -10.90);
insert into SHOT values (6245, 6221, 6257, 2326, 3.082, 349.86, 54.55, 3.081, 350.01, 54.55, 0.005, 87.08, -7.05);
insert into SHOT values (6246, 6221, 6258, 2326, 2.724, 239.83, 74.09, 2.724, 239.30, 74.14, 0.007, 130.95, 2.53);
insert into SHOT values (6247, 6221, 6259, 2326, 2.697, 203.51, 42.12, 2.699, 203.24, 42.11, 0.010, 125.25, 6.38);
insert into SHOT values (6248, 6221, 6260, 2326, 1.580, 190.88, 13.99, 1.584, 190.87, 13.88, 0.005, 187.75, -24.04);
insert into SHOT values (6249, 6222, 6261, 2326, 0.938, 333.68, 4.84, 0.934, 333.16, 4.92, 0.010, 215.55, 5.26);
insert into SHOT values (6250, 6222, 6262, 2326, 1.896, 195.05, 62.91, 1.901, 195.31, 62.74, 0.009, 222.88, 12.88);
insert into SHOT values (6251, 6222, 6263, 2326, 3.819, 174.05, 14.72, 3.825, 174.10, 14.69, 0.007, 205.31, -1.12);
insert into SHOT values (6252, 6222, 6264, 2326, 4.140, 188.39, -12.38, 4.140, 188.39, -12.41, 0.003, 15.67, -79.03);
insert into SHOT values (6253, 6222, 6265, 2326, 5.494, 208.32, -11.12, 5.499, 208.32, -11.11, 0.005, 215.36, -0.29);
insert into SHOT values (6254, 6222, 6266, 2326, 4.162, 168.24, -1.88, 4.168, 168.37, -1.92, 0.012, 226.46, -17.78);
insert into SHOT values (6255, 6222, 6267, 2326, 5.895, 150.52, 4.89, 5.901, 150.56, 4.86, 0.007, 184.33, -19.81);
insert into SHOT values (6256, 6222, 6268, 2326, 2.470, 73.65, 5.54, 2.470, 73.70, 5.57, 0.003, 156.09, 34.17);
insert into SHOT values (6257, 6222, 6269, 2326, 3.907, 90.66, -3.47, 3.908, 90.73, -3.52, 0.006, 175.33, -32.79);
insert into SHOT values (6258, 6222, 6270, 2326, 5.092, 115.64, -6.33, 5.090, 115.65, -6.32, 0.003, 269.56, 34.77);
insert into SHOT values (6259, 6222, 6271, 2326, 6.022, 140.17, 4.29, 6.024, 140.27, 4.28, 0.010, 217.08, 0.28);
insert into SHOT values (6260, 6222, 6272, 2326, 4.889, 121.94, -2.39, 4.888, 122.03, -2.35, 0.009, 221.38, 25.36);
insert into SHOT values (6261, 6222, 6273, 2326, 7.243, 325.28, -6.16, 7.235, 325.25, -6.19, 0.009, 171.42, -14.75);
insert into SHOT values (6262, 6223, 6274, 2326, 1.701, 45.45, -0.25, 1.697, 45.48, 0.00, 0.008, 212.97, 62.19);
insert into SHOT values (6263, 6223, 6275, 2326, 2.139, 6.72, 52.83, 2.141, 6.68, 53.00, 0.007, 198.59, 56.88);
insert into SHOT values (6264, 6223, 6276, 2326, 1.297, 232.87, 50.42, 1.298, 232.85, 50.37, 0.002, 224.79, 11.07);
insert into SHOT values (6265, 6223, 6277, 2326, 1.116, 219.94, 29.30, 1.123, 220.03, 29.31, 0.008, 233.83, 30.69);
insert into SHOT values (6266, 6223, 6278, 2326, 0.453, 224.94, 7.23, 0.457, 225.00, 7.55, 0.004, 233.00, 43.30);
insert into SHOT values (6267, 6224, 6279, 2326, 1.541, 42.93, -1.50, 1.543, 42.90, -1.49, 0.002, 18.86, 11.83);
insert into SHOT values (6268, 6224, 6280, 2326, 2.282, 35.54, 30.70, 2.281, 35.47, 30.56, 0.006, 347.72, -54.92);
insert into SHOT values (6269, 6224, 6281, 2326, 2.522, 358.97, 70.90, 2.521, 359.31, 70.77, 0.008, 44.54, -24.74);
insert into SHOT values (6270, 6224, 6282, 2326, 1.543, 303.93, 75.60, 1.540, 304.51, 75.39, 0.007, 345.00, -37.02);
insert into SHOT values (6271, 6224, 6283, 2326, 1.584, 234.15, 35.82, 1.584, 234.20, 35.95, 0.004, 25.38, 50.17);
insert into SHOT values (6272, 6224, 6284, 2326, 1.785, 240.47, 14.28, 1.779, 240.46, 14.32, 0.006, 63.86, -1.97);
insert into SHOT values (6273, 6225, 6285, 2326, 1.375, 28.00, 15.87, 1.378, 27.92, 16.01, 0.005, 338.76, 59.63);
insert into SHOT values (6274, 6225, 6286, 2326, 3.116, 17.26, 54.89, 3.116, 17.22, 54.93, 0.002, 234.47, 21.18);
insert into SHOT values (6275, 6225, 6287, 2326, 2.366, 14.81, 67.06, 2.367, 15.09, 67.08, 0.005, 109.44, 13.52);
insert into SHOT values (6276, 6225, 6288, 2326, 1.933, 226.01, 67.57, 1.935, 226.10, 67.66, 0.004, 15.25, 54.36);
insert into SHOT values (6277, 6225, 6289, 2326, 1.519, 208.86, 51.91, 1.521, 208.76, 52.06, 0.005, 74.60, 61.34);
insert into SHOT values (6278, 6225, 6290, 2326, 0.662, 201.39, 9.51, 0.665, 201.48, 9.53, 0.003, 222.46, 11.65);
insert into SHOT values (6279, 6226, 6291, 2326, 0.629, 35.39, 6.04, 0.628, 35.22, 6.40, 0.004, 271.07, 59.71);
insert into SHOT values (6280, 6226, 6292, 2326, 1.895, 344.45, 73.90, 1.895, 344.65, 73.80, 0.004, 13.57, -10.00);
insert into SHOT values (6281, 6226, 6293, 2326, 1.633, 238.00, 42.45, 1.637, 238.14, 42.21, 0.009, 260.25, -14.83);
insert into SHOT values (6282, 6226, 6294, 2326, 3.107, 228.08, 16.23, 3.106, 228.13, 16.27, 0.003, 353.99, 26.30);
insert into SHOT values (6283, 6226, 6295, 2326, 3.182, 226.81, -0.93, 3.177, 226.91, -0.90, 0.008, 357.80, 11.60);
insert into SHOT values (6284, 6227, 6296, 2326, 1.837, 15.75, 8.09, 1.836, 15.64, 8.14, 0.004, 262.51, 23.87);
insert into SHOT values (6285, 6227, 6297, 2326, 5.007, 16.08, 41.72, 5.004, 16.01, 41.72, 0.005, 254.60, -18.99);
insert into SHOT values (6286, 6227, 6298, 2326, 3.330, 63.46, 66.96, 3.323, 63.43, 67.03, 0.008, 248.76, -35.15);
insert into SHOT values (6287, 6227, 6299, 2326, 1.726, 159.06, 53.82, 1.722, 159.25, 53.84, 0.005, 291.65, -34.62);
insert into SHOT values (6288, 6227, 6300, 2326, 0.493, 196.40, 8.44, 0.495, 196.59, 8.12, 0.004, 227.24, -36.69);
insert into SHOT values (6289, 6228, 6301, 2326, 1.687, 187.51, 4.48, 1.689, 187.50, 4.41, 0.003, 182.43, -35.19);
insert into SHOT values (6290, 6228, 6302, 2326, 1.617, 208.49, 79.53, 1.617, 208.30, 79.48, 0.002, 175.23, -2.55);
insert into SHOT values (6291, 6228, 6303, 2326, 5.420, 171.99, 85.66, 5.416, 171.67, 85.61, 0.006, 140.57, -45.33);
insert into SHOT values (6292, 6228, 6304, 2326, 1.303, 25.46, 38.07, 1.303, 25.32, 37.87, 0.005, 346.23, -41.51);
insert into SHOT values (6293, 6228, 6305, 2326, 0.937, 59.05, 16.59, 0.937, 59.15, 16.75, 0.003, 184.22, 53.41);
insert into SHOT values (6294, 6229, 6306, 2326, 0.322, 62.02, 13.06, 0.328, 61.82, 14.14, 0.008, 46.41, 60.39);
insert into SHOT values (6295, 6229, 6307, 2326, 0.884, 229.51, 13.28, 0.883, 229.25, 13.75, 0.008, 107.83, 56.51);
insert into SHOT values (6296, 6229, 6308, 2326, 17.651, 220.54, 67.37, 17.657, 220.52, 67.39, 0.009, 86.46, 61.51);
insert into SHOT values (6297, 6229, 6309, 2326, 1.465, 251.11, 55.17, 1.470, 251.13, 55.40, 0.008, 63.07, 75.60);
insert into SHOT values (6298, 6229, 6310, 2326, 10.060, 182.53, -59.41, 10.058, 182.47, -59.43, 0.007, 53.15, -0.32);
insert into SHOT values (6299, 6229, 6311, 2326, 22.590, 313.14, 32.13, 22.593, 313.14, 32.14, 0.006, 227.66, 78.16);
insert into SURVEY values (2329, 2292, 'Alex', 'Alex.Promezhutochnaya.Koytendag', 'Alex');
 insert into CENTRELINE values (2330, 2329, NULL, NULL, NULL, 0.00, 0.00, 0.00);
 insert into SURVEY values (2331, 2329, 'Alex', 'Alex.Alex.Promezhutochnaya.Koytendag', 'Promeszutochnaya 04');
 insert into CENTRELINE values (2332, 2331, NULL, NULL, NULL, 0.00, 0.00, 0.00);
 insert into CENTRELINE values (2333, 2331, NULL, '2024-04-25', NULL, 652.46, 0.00, 0.00);
 insert into TOPO values (4, 2333);
 insert into TOPO values (6, 2333);
 insert into TOPO values (7, 2333);
 insert into SHOT values (6300, 6312, 6313, 2333, 3.070, 40.05, -3.40, 3.064, 40.09, -3.37, 0.007, 198.00, 18.43);
insert into SHOT values (6301, 6312, 6314, 2333, 3.930, 93.65, 1.00, 3.929, 93.65, 1.02, 0.002, 275.18, 44.48);
insert into SHOT values (6302, 6312, 6315, 2333, 8.230, 120.65, -0.90, 8.233, 120.68, -0.90, 0.005, 173.08, -8.29);
insert into SHOT values (6303, 6312, 6316, 2333, 4.360, 1.55, 0.80, 4.352, 1.58, 0.79, 0.008, 165.25, -6.05);
insert into SHOT values (6304, 6312, 6317, 2333, 2.300, 143.45, -1.30, 2.303, 143.48, -1.24, 0.004, 167.21, 37.15);
insert into SHOT values (6305, 6312, 6318, 2333, 3.150, 192.45, 0.50, 3.154, 192.45, 0.54, 0.005, 192.68, 30.33);
insert into SHOT values (6306, 6312, 6319, 2333, 3.680, 217.35, -1.00, 3.683, 217.27, -0.93, 0.007, 156.08, 37.47);
insert into SHOT values (6307, 6312, 6320, 2333, 3.480, 248.65, -2.80, 3.484, 248.60, -2.80, 0.005, 210.63, -0.03);
insert into SHOT values (6308, 6312, 6321, 2333, 1.780, 41.25, 82.30, 1.786, 41.63, 82.25, 0.007, 75.94, 64.89);
insert into SHOT values (6309, 6312, 6322, 2333, 1.500, 295.85, -70.90, 1.492, 295.51, -70.93, 0.009, 156.82, 59.58);
insert into SHOT values (6310, 6312, 6323, 2333, 10.670, 39.25, -72.70, 10.662, 39.37, -72.71, 0.011, 161.12, 44.00);
insert into SHOT values (6311, 6312, 6324, 2333, 9.440, 122.25, -3.40, 9.363, 123.38, -3.86, 0.215, 236.66, -19.06);
insert into SHOT values (6312, 6324, 6325, 2333, 2.610, 258.85, -3.60, 2.604, 258.91, -3.74, 0.009, 56.66, -41.98);
insert into SHOT values (6313, 6324, 6326, 2333, 9.320, 303.85, -4.60, 9.313, 303.84, -4.62, 0.008, 131.13, -19.74);
insert into SHOT values (6314, 6324, 6327, 2333, 18.030, 318.65, -2.00, 18.030, 318.67, -2.00, 0.006, 52.64, -7.73);
insert into SHOT values (6315, 6324, 6328, 2333, 8.380, 322.65, -1.70, 8.380, 322.66, -1.71, 0.003, 53.57, -32.02);
insert into SHOT values (6316, 6324, 6329, 2333, 3.360, 153.05, 25.90, 3.353, 153.01, 25.81, 0.009, 1.92, -60.84);
insert into SHOT values (6317, 6324, 6330, 2333, 4.430, 183.25, 23.50, 4.431, 183.24, 23.40, 0.008, 175.71, -58.44);
insert into SHOT values (6318, 6324, 6331, 2333, 3.490, 282.15, 74.00, 3.485, 282.01, 73.99, 0.005, 170.16, -62.50);
insert into SHOT values (6319, 6324, 6332, 2333, 1.650, 247.75, -88.60, 1.651, 243.43, -88.45, 0.005, 209.59, -5.17);
insert into SHOT values (6320, 6324, 6333, 2333, 8.870, 316.85, -42.20, 8.936, 315.79, -42.00, 0.142, 256.01, -8.85);
insert into SHOT values (6321, 6333, 6334, 2333, 1.670, 44.95, -6.10, 1.678, 45.00, -6.16, 0.009, 55.05, -16.90);
insert into SHOT values (6322, 6333, 6335, 2333, 8.170, 348.05, 77.60, 8.171, 348.18, 77.58, 0.005, 41.97, 6.85);
insert into SHOT values (6323, 6333, 6336, 2333, 1.420, 49.65, -79.80, 1.423, 51.34, -79.63, 0.009, 108.58, -15.47);
insert into SHOT values (6324, 6333, 6337, 2333, 15.940, 332.55, -41.70, 15.987, 330.73, -41.77, 0.383, 244.84, -6.94);
insert into SHOT values (6325, 6337, 6338, 2333, 1.620, 58.65, -2.60, 1.626, 58.85, -2.82, 0.010, 103.92, -38.52);
insert into SHOT values (6326, 6337, 6339, 2333, 2.770, 247.85, 0.10, 2.763, 247.89, 0.00, 0.009, 51.71, -34.29);
insert into SHOT values (6327, 6337, 6340, 2333, 11.070, 269.75, 85.70, 11.071, 270.00, 85.70, 0.004, 0.10, 17.75);
insert into SHOT values (6328, 6337, 6341, 2333, 0.900, 43.55, -52.10, 0.903, 44.27, -51.80, 0.009, 94.39, 1.10);
insert into SHOT values (6329, 6337, 6342, 2333, 20.160, 333.25, -23.60, 20.222, 330.55, -24.05, 0.887, 241.42, -10.98);
insert into SHOT values (6330, 6342, 6343, 2333, 2.460, 64.75, -5.00, 2.461, 64.90, -5.13, 0.009, 146.85, -41.07);
insert into SHOT values (6331, 6342, 6344, 2333, 2.320, 57.05, 68.90, 2.315, 57.26, 68.93, 0.006, 191.20, -45.64);
insert into SHOT values (6332, 6342, 6345, 2333, 1.180, 76.05, -54.50, 1.182, 76.57, -54.34, 0.007, 136.21, 5.21);
insert into SHOT values (6333, 6342, 6346, 2333, 2.380, 26.85, -17.30, 2.316, 26.10, -17.85, 0.074, 229.93, -1.75);
insert into SHOT values (6334, 6346, 6347, 2333, 1.450, 247.15, 17.70, 1.445, 247.35, 17.73, 0.007, 24.72, -6.85);
insert into SHOT values (6335, 6346, 6348, 2333, 0.440, 64.25, 21.40, 0.441, 64.06, 21.25, 0.002, 26.71, -13.56);
insert into SHOT values (6336, 6346, 6349, 2333, 4.300, 269.05, 72.70, 4.295, 269.10, 72.66, 0.006, 309.53, -70.87);
insert into SHOT values (6337, 6346, 6350, 2333, 1.160, 293.15, -64.90, 1.160, 293.96, -64.87, 0.007, 20.51, 3.76);
insert into SHOT values (6338, 6346, 6351, 2333, 11.260, 331.05, -13.10, 11.309, 329.14, -13.50, 0.377, 244.72, -13.49);
insert into SHOT values (6339, 6346, 6352, 2333, 1.980, 336.95, -4.40, 1.982, 337.07, -4.34, 0.005, 40.66, 22.71);
insert into SHOT values (6340, 6352, 6353, 2333, 1.110, 251.35, -11.20, 1.110, 251.23, -11.43, 0.005, 136.81, -60.81);
insert into SHOT values (6341, 6352, 6354, 2333, 5.060, 265.65, 70.70, 5.055, 265.89, 70.66, 0.009, 340.60, -37.76);
insert into SHOT values (6342, 6352, 6355, 2333, 0.250, 60.65, -0.80, 0.251, 61.39, -2.29, 0.007, 140.10, -63.18);
insert into SHOT values (6343, 6352, 6356, 2333, 1.470, 198.45, -75.50, 1.476, 197.45, -75.61, 0.009, 97.55, -46.23);
insert into SHOT values (6344, 6352, 6357, 2333, 2.390, 297.05, -84.60, 2.390, 296.57, -84.63, 0.002, 172.14, -14.74);
insert into SHOT values (6345, 6352, 6358, 2333, 11.780, 302.45, -51.40, 11.781, 302.59, -51.50, 0.027, 73.00, -30.98);
insert into SHOT values (6346, 6358, 6359, 2333, 2.240, 54.05, -0.30, 2.248, 54.05, -0.25, 0.008, 53.48, 11.74);
insert into SHOT values (6347, 6358, 6360, 2333, 0.310, 213.85, 8.70, 0.306, 214.22, 9.39, 0.006, 8.71, 34.37);
insert into SHOT values (6348, 6358, 6361, 2333, 1.680, 98.25, -57.50, 1.678, 98.22, -57.18, 0.010, 94.11, 45.86);
insert into SHOT values (6349, 6358, 6362, 2333, 10.230, 87.85, 70.70, 10.235, 87.80, 70.70, 0.006, 21.25, 55.62);
insert into SHOT values (6350, 6358, 6363, 2333, 4.650, 106.95, -14.00, 4.651, 106.87, -13.93, 0.008, 37.54, 36.17);
insert into SHOT values (6351, 6358, 6364, 2333, 3.620, 138.45, -23.80, 3.622, 138.42, -23.77, 0.003, 112.16, 13.89);
insert into SHOT values (6352, 6358, 6365, 2333, 2.650, 345.55, -2.90, 2.647, 345.54, -2.82, 0.005, 171.41, 54.43);
insert into SHOT values (6353, 6358, 6366, 2333, 6.070, 328.65, -5.10, 6.073, 328.73, -5.10, 0.009, 39.43, -2.71);
insert into SHOT values (6354, 6358, 6367, 2333, 3.230, 319.55, -10.90, 3.230, 319.73, -10.89, 0.010, 50.49, 4.41);
insert into SHOT values (6355, 6358, 6368, 2333, 12.010, 135.25, -20.70, 12.016, 135.00, -20.66, 0.050, 54.76, 6.01);
insert into SHOT values (6356, 6368, 6369, 2333, 4.640, 27.15, 4.90, 4.637, 27.18, 4.95, 0.005, 173.33, 44.82);
insert into SHOT values (6357, 6368, 6370, 2333, 1.680, 227.75, -1.80, 1.686, 227.89, -1.70, 0.008, 262.14, 21.26);
insert into SHOT values (6358, 6368, 6371, 2333, 0.860, 242.65, -63.30, 0.865, 242.78, -62.93, 0.007, 249.99, -13.26);
insert into SHOT values (6359, 6368, 6372, 2333, 1.950, 181.15, 76.20, 1.948, 181.22, 76.03, 0.006, 187.67, -36.60);
insert into SHOT values (6360, 6368, 6373, 2333, 6.070, 9.65, 1.30, 6.066, 9.59, 1.32, 0.008, 250.35, 16.63);
insert into SHOT values (6361, 6368, 6374, 2333, 5.790, 300.65, 6.00, 5.793, 300.57, 6.04, 0.010, 228.18, 30.09);
insert into SHOT values (6362, 6368, 6375, 2333, 2.560, 158.65, 14.60, 2.563, 158.71, 14.69, 0.006, 215.65, 54.96);
insert into SHOT values (6363, 6375, 6376, 2333, 1.120, 56.85, -4.40, 1.130, 56.59, -4.57, 0.011, 28.41, -20.98);
insert into SHOT values (6364, 6375, 6377, 2333, 2.160, 106.05, -52.00, 2.166, 105.71, -52.13, 0.011, 14.67, -44.93);
insert into SHOT values (6365, 6375, 6378, 2333, 2.650, 93.25, 77.40, 2.645, 92.96, 77.31, 0.007, 45.82, -57.25);
insert into SHOT values (6366, 6375, 6379, 2333, 0.220, 223.55, -1.00, 0.212, 225.00, -2.70, 0.011, 9.36, -32.81);
insert into SHOT values (6367, 6375, 6380, 2333, 7.430, 122.65, -30.80, 7.439, 122.47, -30.81, 0.022, 51.29, -14.73);
insert into SHOT values (6368, 6380, 6381, 2333, 1.530, 118.75, -0.50, 1.531, 118.91, -0.37, 0.005, 198.07, 37.70);
insert into SHOT values (6369, 6380, 6382, 2333, 2.750, 323.35, 8.30, 2.745, 323.38, 8.38, 0.006, 126.24, 29.18);
insert into SHOT values (6370, 6380, 6383, 2333, 14.240, 180.95, 86.50, 14.247, 180.66, 86.50, 0.008, 100.14, 55.68);
insert into SHOT values (6371, 6380, 6384, 2333, 1.300, 89.65, -72.50, 1.300, 90.00, -72.54, 0.003, 200.85, -3.76);
insert into SHOT values (6372, 6380, 6385, 2333, 26.490, 63.25, -38.20, 26.503, 63.24, -37.87, 0.152, 61.09, 47.17);
insert into SHOT values (6373, 6385, 6386, 2333, 1.740, 14.45, 5.60, 1.733, 14.44, 5.63, 0.007, 196.96, 1.63);
insert into SHOT values (6374, 6385, 6387, 2333, 2.530, 189.05, 6.80, 2.530, 189.16, 6.81, 0.005, 280.87, 5.06);
insert into SHOT values (6375, 6385, 6388, 2333, 1.340, 135.95, -41.10, 1.341, 136.20, -41.03, 0.005, 206.17, 10.57);
insert into SHOT values (6376, 6385, 6389, 2333, 15.670, 174.05, 75.50, 15.671, 174.16, 75.47, 0.010, 221.21, -4.89);
insert into SHOT values (6377, 6385, 6390, 2333, 16.290, 120.35, 27.90, 16.292, 120.12, 27.85, 0.059, 39.45, -12.38);
insert into SHOT values (6378, 6390, 6391, 2333, 3.530, 34.75, -1.40, 3.521, 34.82, -1.46, 0.010, 188.75, -21.22);
insert into SHOT values (6379, 6390, 6392, 2333, 6.870, 213.35, 35.90, 6.872, 213.35, 35.90, 0.002, 205.43, 46.40);
insert into SHOT values (6380, 6390, 6393, 2333, 2.820, 203.95, 30.70, 2.822, 203.82, 30.68, 0.006, 132.80, 2.63);
insert into SHOT values (6381, 6390, 6394, 2333, 8.970, 167.75, 73.30, 8.969, 167.69, 73.29, 0.004, 109.18, -27.15);
insert into SHOT values (6382, 6390, 6395, 2333, 1.420, 85.35, -70.10, 1.424, 86.42, -70.26, 0.011, 190.77, -27.13);
insert into SHOT values (6383, 6390, 6396, 2333, 11.290, 316.85, -36.70, 11.289, 316.84, -36.72, 0.005, 168.39, -34.36);
insert into SHOT values (6384, 6390, 6397, 2333, 9.220, 314.65, -12.30, 9.222, 314.64, -12.34, 0.006, 238.16, -75.36);
insert into SHOT values (6385, 6390, 6398, 2333, 10.740, 267.65, 8.10, 10.736, 267.63, 8.09, 0.006, 135.33, -30.53);
insert into SHOT values (6386, 6390, 6399, 2333, 21.440, 80.25, 7.80, 21.450, 80.14, 7.74, 0.047, 6.95, -24.69);
insert into SHOT values (6387, 6399, 6400, 2333, 1.980, 0.15, 40.40, 1.986, 0.38, 40.51, 0.009, 70.39, 46.26);
insert into SHOT values (6388, 6399, 6401, 2333, 12.610, 167.95, 0.30, 12.610, 167.91, 0.32, 0.009, 75.20, 27.32);
insert into SHOT values (6389, 6399, 6402, 2333, 3.620, 274.35, 7.90, 3.615, 274.33, 7.95, 0.006, 110.12, 23.40);
insert into SHOT values (6390, 6399, 6403, 2333, 4.990, 237.95, -2.50, 4.987, 237.87, -2.41, 0.010, 129.80, 47.41);
insert into SHOT values (6391, 6399, 6404, 2333, 2.520, 98.75, -35.70, 2.525, 98.68, -35.60, 0.007, 79.98, 4.01);
insert into SHOT values (6392, 6399, 6405, 2333, 1.980, 96.45, 86.00, 1.985, 98.13, 85.91, 0.007, 148.43, 42.50);
insert into SHOT values (6393, 6399, 6406, 2333, 14.090, 118.65, -17.70, 14.103, 118.43, -17.62, 0.056, 48.54, 14.38);
insert into SHOT values (6394, 6406, 6407, 2333, 12.670, 68.95, 18.50, 12.668, 68.92, 18.50, 0.005, 321.23, -2.62);
insert into SHOT values (6395, 6406, 6408, 2333, 13.030, 91.55, 18.90, 13.027, 91.53, 18.90, 0.005, 318.59, -8.13);
insert into SHOT values (6396, 6406, 6409, 2333, 17.700, 114.85, 14.50, 17.699, 114.85, 14.49, 0.002, 15.82, -51.79);
insert into SHOT values (6397, 6406, 6410, 2333, 11.680, 13.85, 11.40, 11.683, 13.84, 11.40, 0.004, 347.28, 21.90);
insert into SHOT values (6398, 6406, 6411, 2333, 9.280, 339.65, 5.10, 9.285, 339.63, 5.07, 0.008, 303.35, -36.52);
insert into SHOT values (6399, 6406, 6412, 2333, 8.560, 310.45, 11.40, 8.567, 310.46, 11.38, 0.008, 322.81, -14.47);
insert into SHOT values (6400, 6406, 6413, 2333, 14.430, 249.75, 24.80, 14.428, 249.77, 24.79, 0.005, 353.59, -34.23);
insert into SHOT values (6401, 6406, 6414, 2333, 8.510, 225.25, 25.60, 8.509, 225.26, 25.62, 0.004, 6.63, 43.78);
insert into SHOT values (6402, 6406, 6415, 2333, 7.470, 27.55, 81.90, 7.475, 27.05, 81.88, 0.011, 315.00, 25.14);
insert into SHOT values (6403, 6406, 6416, 2333, 3.350, 42.95, -35.40, 3.350, 42.92, -35.39, 0.002, 336.14, 23.02);
insert into SHOT values (6404, 6406, 6417, 2333, 21.340, 345.55, -2.90, 21.346, 345.94, -2.87, 0.145, 73.28, 3.82);
insert into SHOT values (6405, 6417, 6418, 2333, 3.970, 281.15, -1.20, 3.976, 281.17, -1.30, 0.009, 293.18, -47.45);
insert into SHOT values (6406, 6417, 6419, 2333, 8.800, 74.45, 23.70, 8.795, 74.45, 23.66, 0.008, 266.43, -68.01);
insert into SHOT values (6407, 6417, 6420, 2333, 3.110, 49.15, 71.60, 3.108, 49.14, 71.65, 0.003, 230.65, -16.91);
insert into SHOT values (6408, 6417, 6421, 2333, 7.440, 329.35, 5.60, 7.442, 329.31, 5.55, 0.008, 269.51, -49.10);
insert into SHOT values (6409, 6417, 6422, 2333, 16.850, 330.85, 6.70, 16.853, 330.86, 6.68, 0.008, 19.29, -50.21);
insert into SHOT values (6410, 6417, 6423, 2333, 16.460, 29.55, 16.80, 16.459, 29.54, 16.77, 0.008, 329.62, -71.76);
insert into SHOT values (6411, 6417, 6424, 2333, 9.660, 133.95, 12.70, 9.656, 133.97, 12.68, 0.006, 273.41, -39.10);
insert into SHOT values (6412, 6417, 6425, 2333, 11.480, 174.05, 7.10, 11.478, 174.05, 7.06, 0.009, 301.69, -82.81);
insert into SHOT values (6413, 6417, 6426, 2333, 4.850, 331.75, -45.80, 4.853, 331.77, -45.82, 0.003, 15.99, -62.45);
insert into SHOT values (6414, 6417, 6427, 2333, 27.180, 358.65, 9.70, 27.189, 359.08, 9.66, 0.203, 85.45, -5.53);
insert into SHOT values (6415, 6427, 6428, 2333, 11.520, 7.85, -2.40, 11.518, 7.84, -2.39, 0.004, 223.79, 40.36);
insert into SHOT values (6416, 6427, 6429, 2333, 8.380, 307.85, -6.20, 8.380, 307.83, -6.17, 0.006, 222.29, 63.88);
insert into SHOT values (6417, 6427, 6430, 2333, 8.180, 253.35, -12.40, 8.175, 253.34, -12.36, 0.008, 101.59, 56.71);
insert into SHOT values (6418, 6427, 6431, 2333, 11.300, 103.35, 4.00, 11.302, 103.33, 4.01, 0.004, 37.71, 26.82);
insert into SHOT values (6419, 6427, 6432, 2333, 12.600, 142.95, -0.60, 12.603, 142.97, -0.59, 0.005, 196.28, 22.96);
insert into SHOT values (6420, 6427, 6433, 2333, 1.350, 115.65, 68.30, 1.356, 116.05, 68.32, 0.007, 179.56, 55.27);
insert into SHOT values (6421, 6427, 6434, 2333, 1.860, 282.25, -63.50, 1.855, 281.85, -63.50, 0.008, 170.38, 36.55);
insert into SHOT values (6422, 6427, 6435, 2333, 12.330, 97.65, 3.90, 12.344, 97.51, 3.90, 0.033, 33.23, 2.39);
insert into SHOT values (6423, 6435, 6436, 2333, 2.050, 135.45, 2.40, 2.053, 135.40, 2.51, 0.005, 96.96, 52.95);
insert into SHOT values (6424, 6435, 6437, 2333, 9.260, 37.85, -1.00, 9.259, 37.85, -0.99, 0.002, 231.34, 51.58);
insert into SHOT values (6425, 6435, 6438, 2333, 14.380, 331.05, -1.50, 14.382, 331.05, -1.47, 0.007, 305.59, 71.66);
insert into SHOT values (6426, 6435, 6439, 2333, 14.730, 276.05, -2.90, 14.730, 276.05, -2.88, 0.005, 242.11, 80.29);
insert into SHOT values (6427, 6435, 6440, 2333, 1.990, 20.25, 77.70, 1.996, 20.56, 77.64, 0.007, 55.24, 54.95);
insert into SHOT values (6428, 6435, 6441, 2333, 3.610, 326.15, -59.50, 3.609, 326.14, -59.52, 0.002, 160.30, 15.40);
insert into SHOT values (6429, 6435, 6442, 2333, 9.260, 31.35, -6.60, 9.276, 31.46, -6.56, 0.025, 79.99, 9.92);
insert into SHOT values (6430, 6442, 6443, 2333, 3.950, 23.85, -5.80, 3.943, 23.75, -5.82, 0.010, 244.82, -4.78);
insert into SHOT values (6431, 6442, 6444, 2333, 6.190, 335.35, 17.60, 6.191, 335.26, 17.58, 0.010, 254.33, -9.99);
insert into SHOT values (6432, 6442, 6445, 2333, 8.830, 295.35, 16.60, 8.830, 295.32, 16.58, 0.005, 223.73, -32.95);
insert into SHOT values (6433, 6442, 6446, 2333, 4.790, 120.35, -3.30, 4.786, 120.43, -3.35, 0.009, 240.87, -29.05);
insert into SHOT values (6434, 6442, 6447, 2333, 3.600, 162.35, -7.50, 3.598, 162.38, -7.51, 0.003, 298.15, -2.42);
insert into SHOT values (6435, 6442, 6448, 2333, 3.790, 192.75, -3.50, 3.791, 192.82, -3.48, 0.005, 266.18, 14.94);
insert into SHOT values (6436, 6442, 6449, 2333, 1.610, 145.95, 67.90, 1.606, 146.58, 68.10, 0.009, 281.53, -10.38);
insert into SHOT values (6437, 6442, 6450, 2333, 3.210, 187.85, -38.50, 3.213, 188.00, -38.50, 0.007, 258.79, -13.80);
insert into SHOT values (6438, 6442, 6451, 2333, 11.820, 109.45, -10.20, 11.831, 109.31, -10.18, 0.032, 41.20, 5.72);
insert into SHOT values (6439, 6451, 6452, 2333, 0.710, 103.95, 14.90, 0.703, 103.63, 14.84, 0.008, 312.53, -17.78);
insert into SHOT values (6440, 6451, 6453, 2333, 1.840, 19.95, 6.30, 1.839, 19.82, 6.24, 0.005, 282.09, -25.00);
insert into SHOT values (6441, 6451, 6454, 2333, 4.460, 319.25, -2.60, 4.465, 319.27, -2.57, 0.006, 340.65, 24.71);
insert into SHOT values (6442, 6451, 6455, 2333, 3.150, 256.95, -2.10, 3.153, 256.98, -2.00, 0.006, 283.38, 57.08);
insert into SHOT values (6443, 6451, 6456, 2333, 0.990, 217.55, -4.30, 0.993, 218.03, -4.04, 0.010, 287.85, 25.75);
insert into SHOT values (6444, 6451, 6457, 2333, 1.620, 336.15, -60.60, 1.622, 335.67, -60.40, 0.009, 287.42, 8.78);
insert into SHOT values (6445, 6451, 6458, 2333, 1.420, 23.75, 73.10, 1.421, 22.83, 73.13, 0.007, 289.07, 11.33);
insert into SHOT values (6446, 6451, 6459, 2333, 5.000, 24.75, -12.40, 5.006, 24.78, -12.34, 0.008, 46.92, 25.79);
insert into SHOT values (6447, 6459, 6460, 2333, 3.830, 297.95, 1.40, 3.830, 298.04, 1.35, 0.007, 22.57, -31.30);
insert into SHOT values (6448, 6459, 6461, 2333, 4.460, 79.65, 3.50, 4.461, 79.65, 3.47, 0.002, 76.39, -71.09);
insert into SHOT values (6449, 6459, 6462, 2333, 8.190, 25.65, 5.00, 8.194, 25.62, 4.97, 0.007, 341.80, -35.03);
insert into SHOT values (6450, 6459, 6463, 2333, 9.570, 2.75, 3.40, 9.578, 2.76, 3.41, 0.008, 12.30, 16.89);
insert into SHOT values (6451, 6459, 6464, 2333, 1.830, 15.75, 17.50, 1.829, 15.63, 17.50, 0.004, 273.41, -4.45);
insert into SHOT values (6452, 6459, 6465, 2333, 1.870, 12.25, -24.80, 1.873, 12.24, -24.94, 0.006, 351.17, -78.75);
insert into SHOT values (6453, 6459, 6466, 2333, 8.600, 16.45, 3.80, 8.615, 16.56, 3.79, 0.022, 63.18, 0.11);
insert into SHOT values (6454, 6466, 6467, 2333, 2.190, 136.95, 15.50, 2.187, 136.92, 15.38, 0.006, 344.14, -66.96);
insert into SHOT values (6455, 6466, 6468, 2333, 2.060, 326.75, 13.20, 2.062, 326.78, 13.17, 0.003, 352.83, -8.20);
insert into SHOT values (6456, 6466, 6469, 2333, 3.600, 272.65, -3.40, 3.600, 272.55, -3.50, 0.009, 181.67, -46.64);
insert into SHOT values (6457, 6466, 6470, 2333, 4.860, 182.95, 3.70, 4.856, 182.96, 3.66, 0.005, 352.87, -46.26);
insert into SHOT values (6458, 6466, 6471, 2333, 5.260, 131.95, 22.60, 5.261, 132.00, 22.58, 0.004, 203.10, -18.57);
insert into SHOT values (6459, 6466, 6472, 2333, 1.340, 84.55, 64.90, 1.338, 84.99, 64.69, 0.007, 133.93, -31.04);
insert into SHOT values (6460, 6466, 6473, 2333, 0.360, 18.25, -39.50, 0.359, 19.09, -39.89, 0.005, 141.72, -11.77);
insert into SHOT values (6461, 6466, 6474, 2333, 5.460, 24.65, 0.20, 5.472, 24.74, 0.21, 0.015, 59.42, 3.62);
insert into SHOT values (6462, 6474, 6475, 2333, 5.330, 280.35, -9.10, 5.333, 280.29, -9.17, 0.009, 206.22, -48.80);
insert into SHOT values (6463, 6474, 6476, 2333, 5.280, 58.35, 13.20, 5.283, 58.35, 13.13, 0.007, 57.33, -49.67);
insert into SHOT values (6464, 6474, 6477, 2333, 8.760, 312.45, -9.60, 8.758, 312.47, -9.60, 0.003, 84.65, 15.43);
insert into SHOT values (6465, 6474, 6478, 2333, 7.480, 328.05, -8.60, 7.474, 328.05, -8.62, 0.007, 145.31, -12.50);
insert into SHOT values (6466, 6474, 6479, 2333, 0.960, 323.85, 35.00, 0.954, 323.86, 35.19, 0.006, 142.01, -5.72);
insert into SHOT values (6467, 6474, 6480, 2333, 0.960, 41.85, -36.00, 0.965, 41.88, -36.19, 0.006, 51.24, -67.70);
insert into SHOT values (6468, 6474, 6481, 2333, 2.980, 348.65, -1.60, 2.978, 348.77, -1.73, 0.009, 95.28, -47.23);
insert into SHOT values (6469, 6481, 6482, 2333, 5.990, 299.85, -14.20, 5.993, 299.83, -14.20, 0.003, 265.22, -10.09);
insert into SHOT values (6470, 6481, 6483, 2333, 5.400, 86.15, 25.00, 5.401, 86.13, 25.09, 0.009, 294.33, 67.17);
insert into SHOT values (6471, 6481, 6484, 2333, 1.130, 72.65, 59.10, 1.130, 71.88, 59.18, 0.008, 330.70, 2.78);
insert into SHOT values (6472, 6481, 6485, 2333, 1.770, 356.55, -24.40, 1.771, 356.45, -24.35, 0.003, 288.69, 20.73);
insert into SHOT values (6473, 6481, 6486, 2333, 8.240, 356.65, -7.40, 8.243, 356.63, -7.39, 0.004, 316.54, 19.64);
insert into SHOT values (6474, 6481, 6487, 2333, 12.000, 50.45, 13.10, 12.003, 50.41, 13.10, 0.008, 345.63, 1.31);
insert into SHOT values (6475, 6481, 6488, 2333, 14.880, 22.35, 1.50, 14.890, 22.52, 1.50, 0.044, 99.74, 0.63);
insert into SHOT values (6476, 6488, 6489, 2333, 3.530, 305.75, -13.40, 3.525, 305.87, -13.29, 0.011, 61.32, 45.84);
insert into SHOT values (6477, 6488, 6490, 2333, 6.910, 100.15, 31.10, 6.915, 100.11, 31.08, 0.006, 65.30, 6.76);
insert into SHOT values (6478, 6488, 6491, 2333, 12.140, 11.45, 0.00, 12.142, 11.45, 0.00, 0.002, 4.34, 0.00);
insert into SHOT values (6479, 6488, 6492, 2333, 1.640, 61.45, 36.20, 1.649, 61.32, 36.03, 0.011, 45.06, 7.55);
insert into SHOT values (6480, 6488, 6493, 2333, 1.860, 345.35, -41.80, 1.859, 345.36, -41.84, 0.002, 155.23, -8.57);
insert into SHOT values (6481, 6488, 6494, 2333, 7.840, 217.45, 2.00, 7.837, 217.43, 2.05, 0.008, 86.20, 55.86);
insert into SHOT values (6482, 6488, 6495, 2333, 21.070, 40.75, 4.60, 21.088, 40.89, 4.60, 0.055, 112.05, 0.22);
insert into SHOT values (6483, 6495, 6496, 2333, 6.390, 312.45, -20.40, 6.390, 312.43, -20.43, 0.004, 196.86, -46.46);
insert into SHOT values (6484, 6495, 6497, 2333, 9.160, 126.15, 4.10, 9.162, 126.14, 4.07, 0.005, 98.77, -63.48);
insert into SHOT values (6485, 6495, 6498, 2333, 5.170, 13.65, -5.10, 5.167, 13.71, -5.11, 0.006, 130.52, -3.78);
insert into SHOT values (6486, 6495, 6499, 2333, 3.030, 282.35, -10.60, 3.032, 282.40, -10.64, 0.004, 348.32, -40.53);
insert into SHOT values (6487, 6495, 6500, 2333, 0.920, 353.35, 54.30, 0.920, 353.54, 54.58, 0.005, 146.19, 36.43);
insert into SHOT values (6488, 6495, 6501, 2333, 1.830, 4.15, -25.80, 1.829, 4.18, -25.94, 0.005, 166.61, -46.43);
insert into SHOT values (6489, 6495, 6502, 2333, 22.220, 30.35, 4.00, 22.236, 30.57, 3.97, 0.086, 109.40, -6.71);
insert into SHOT values (6490, 6502, 6503, 2333, 4.730, 283.35, -7.30, 4.734, 283.30, -7.28, 0.006, 237.36, 9.50);
insert into SHOT values (6491, 6502, 6504, 2333, 17.000, 108.05, 21.80, 17.005, 108.04, 21.82, 0.007, 76.14, 69.01);
insert into SHOT values (6492, 6502, 6505, 2333, 14.850, 345.65, 6.00, 14.843, 345.64, 6.03, 0.011, 177.02, 44.62);
insert into SHOT values (6493, 6502, 6506, 2333, 5.130, 249.25, -10.60, 5.135, 249.23, -10.55, 0.007, 233.10, 32.37);
insert into SHOT values (6494, 6502, 6507, 2333, 6.620, 158.95, 5.10, 6.627, 158.96, 5.11, 0.007, 165.70, 13.27);
insert into SHOT values (6495, 6502, 6508, 2333, 1.890, 287.95, 58.20, 1.893, 287.53, 58.25, 0.008, 200.04, 26.65);
insert into SHOT values (6496, 6502, 6509, 2333, 2.150, 307.85, -24.40, 2.149, 307.75, -24.18, 0.009, 250.51, 62.91);
insert into SHOT values (6497, 6502, 6510, 2333, 30.480, 348.55, 6.60, 30.481, 349.07, 6.59, 0.276, 78.59, -0.68);
insert into SHOT values (6498, 6510, 6511, 2333, 39.690, 348.45, 6.60, 39.691, 348.46, 6.61, 0.009, 71.63, 60.36);
insert into SHOT values (6499, 6510, 6512, 2333, 30.480, 348.55, 6.60, 30.485, 348.55, 6.61, 0.008, 9.00, 55.17);
insert into SHOT values (6500, 6510, 6513, 2333, 4.800, 248.15, -22.80, 4.795, 248.08, -22.82, 0.008, 113.81, 0.56);
insert into SHOT values (6501, 6510, 6514, 2333, 8.140, 56.05, 10.60, 8.144, 56.05, 10.61, 0.004, 61.26, 38.41);
insert into SHOT values (6502, 6510, 6515, 2333, 2.670, 4.15, 3.00, 2.671, 4.30, 3.00, 0.007, 84.74, 2.13);
insert into SHOT values (6503, 6510, 6516, 2333, 0.610, 334.55, -0.40, 0.608, 334.70, 0.00, 0.005, 110.40, 61.94);
insert into SHOT values (6504, 6510, 6517, 2333, 9.770, 11.25, 5.00, 9.775, 11.25, 5.05, 0.010, 16.93, 62.76);
insert into SHOT values (6505, 6510, 6518, 2333, 5.880, 193.85, -13.00, 5.876, 193.84, -12.98, 0.004, 28.04, 41.26);
insert into SHOT values (6506, 6510, 6519, 2333, 12.020, 83.75, 14.30, 12.022, 83.74, 14.30, 0.003, 41.23, 22.97);
insert into SHOT values (6507, 6510, 6520, 2333, 0.610, 342.65, -61.60, 0.605, 344.05, -61.21, 0.010, 64.79, 42.42);
insert into SHOT values (6508, 6510, 6521, 2333, 0.650, 275.75, -63.10, 0.649, 275.91, -63.31, 0.003, 78.32, -7.11);
insert into SHOT values (6509, 6510, 6522, 2333, 2.780, 355.75, 80.00, 2.782, 356.42, 80.04, 0.006, 103.75, 20.59);
insert into SHOT values (6510, 6510, 6523, 2333, 22.840, 322.35, -1.70, 22.840, 322.78, -1.68, 0.171, 52.40, 2.54);
insert into SHOT values (6511, 6523, 6524, 2333, 10.050, 214.85, -11.10, 10.051, 214.80, -11.07, 0.010, 141.24, 29.36);
insert into SHOT values (6512, 6523, 6525, 2333, 3.160, 36.95, 3.40, 3.162, 37.02, 3.45, 0.005, 103.41, 33.39);
insert into SHOT values (6513, 6523, 6526, 2333, 9.830, 342.05, 6.60, 9.831, 342.05, 6.60, 0.001, 309.89, 13.21);
insert into SHOT values (6514, 6523, 6527, 2333, 16.170, 263.15, -2.30, 16.169, 263.14, -2.30, 0.003, 150.32, -17.98);
insert into SHOT values (6515, 6523, 6528, 2333, 10.140, 186.95, -3.80, 10.146, 186.92, -3.79, 0.008, 147.53, 14.40);
insert into SHOT values (6516, 6523, 6529, 2333, 4.250, 103.65, -3.50, 4.248, 103.64, -3.51, 0.003, 295.21, -12.27);
insert into SHOT values (6517, 6523, 6530, 2333, 2.690, 331.25, 76.80, 2.691, 331.76, 76.83, 0.006, 75.02, 10.75);
insert into SHOT values (6518, 6523, 6531, 2333, 4.300, 252.25, -29.30, 4.299, 252.14, -29.24, 0.008, 168.47, 32.16);
insert into SHOT values (6519, 6523, 6532, 2333, 19.770, 311.05, 11.00, 19.757, 311.38, 11.03, 0.114, 48.60, 3.87);
insert into SHOT values (6520, 6406, 6533, 2333, 12.060, 160.15, 7.80, 12.053, 160.12, 7.82, 0.009, 17.95, 20.15);
insert into SHOT values (6521, 6533, 6534, 2333, 7.990, 176.45, 19.90, 7.991, 176.49, 19.90, 0.005, 253.85, 3.86);
insert into SHOT values (6522, 6533, 6535, 2333, 6.990, 143.45, 3.40, 6.990, 143.51, 3.36, 0.008, 229.80, -32.69);
insert into SHOT values (6523, 6533, 6536, 2333, 14.530, 89.55, 2.70, 14.526, 89.57, 2.68, 0.007, 220.05, -39.97);
insert into SHOT values (6524, 6533, 6537, 2333, 11.780, 67.85, 8.30, 11.772, 67.86, 8.30, 0.008, 231.79, -3.66);
insert into SHOT values (6525, 6533, 6538, 2333, 14.610, 29.15, 7.90, 14.597, 29.14, 7.88, 0.015, 226.11, -33.18);
insert into SHOT values (6526, 6533, 6539, 2333, 7.120, 55.15, 60.50, 7.110, 55.13, 60.53, 0.011, 244.31, -40.80);
insert into SHOT values (6527, 6533, 6540, 2333, 2.690, 61.55, -35.70, 2.689, 61.56, -35.72, 0.001, 224.70, -15.76);
insert into SHOT values (6528, 6533, 6541, 2333, 26.870, 113.95, -2.90, 26.868, 113.97, -2.90, 0.008, 218.09, -3.92);
insert into SHOT values (6529, 6541, 6542, 2333, 16.560, 207.15, 4.30, 16.559, 207.17, 4.29, 0.006, 309.88, -15.16);
insert into SHOT values (6530, 6541, 6543, 2333, 16.220, 252.85, -0.70, 16.222, 252.86, -0.71, 0.004, 317.31, -27.58);
insert into SHOT values (6531, 6541, 6544, 2333, 26.210, 173.35, -0.80, 26.210, 173.34, -0.81, 0.006, 77.35, -38.72);
insert into SHOT values (6532, 6541, 6545, 2333, 25.660, 82.95, 7.40, 25.656, 82.93, 7.39, 0.009, 329.95, -32.31);
insert into SHOT values (6533, 6541, 6546, 2333, 12.580, 41.75, 11.50, 12.581, 41.75, 11.46, 0.009, 25.66, -67.75);
insert into SHOT values (6534, 6541, 6547, 2333, 10.510, 333.65, 18.30, 10.509, 333.64, 18.30, 0.002, 210.34, -1.80);
insert into SHOT values (6535, 6541, 6548, 2333, 0.650, 46.85, -59.50, 0.651, 46.22, -59.31, 0.004, 351.14, 0.76);
insert into SHOT values (6536, 6541, 6549, 2333, 5.540, 92.75, 74.90, 5.541, 92.78, 74.92, 0.002, 243.45, 36.79);
insert into SHOT values (6537, 6541, 6550, 2333, 26.900, 121.15, 6.20, 26.900, 121.14, 6.19, 0.007, 43.22, -48.62);
insert into SHOT values (6538, 6550, 6551, 2333, 17.810, 103.15, 4.00, 17.809, 103.14, 3.99, 0.003, 337.50, -50.01);
insert into SHOT values (6539, 6550, 6552, 2333, 13.280, 59.75, 9.70, 13.272, 59.75, 9.72, 0.009, 239.48, 15.41);
insert into SHOT values (6540, 6550, 6553, 2333, 15.550, 17.65, 8.90, 15.552, 17.66, 8.91, 0.005, 79.58, 63.76);
insert into SHOT values (6541, 6550, 6554, 2333, 29.580, 187.95, -4.70, 29.583, 187.95, -4.69, 0.005, 224.62, 43.80);
insert into SHOT values (6542, 6550, 6555, 2333, 29.180, 227.25, -5.00, 29.181, 227.26, -4.99, 0.006, 297.58, 34.61);
insert into SHOT values (6543, 6550, 6556, 2333, 26.390, 259.95, -4.30, 26.388, 259.95, -4.30, 0.003, 37.96, -23.03);
insert into SHOT values (6544, 6550, 6557, 2333, 3.680, 188.95, 71.10, 3.680, 189.15, 71.05, 0.005, 241.31, -17.04);
insert into SHOT values (6545, 6550, 6558, 2333, 2.630, 139.75, -32.90, 2.630, 139.96, -32.94, 0.008, 235.63, -10.02);
insert into SHOT values (6546, 6550, 6559, 2333, 22.360, 161.15, -1.50, 22.356, 161.15, -1.49, 0.007, 330.55, 52.99);
insert into SHOT values (6547, 6559, 6560, 2333, 7.930, 252.05, -8.30, 7.936, 252.05, -8.33, 0.007, 251.95, -44.88);
insert into SHOT values (6548, 6559, 6561, 2333, 10.440, 90.95, 3.00, 10.436, 90.99, 2.97, 0.011, 210.61, -37.36);
insert into SHOT values (6549, 6559, 6562, 2333, 20.580, 26.95, 6.50, 20.575, 26.97, 6.50, 0.008, 157.77, 2.05);
insert into SHOT values (6550, 6559, 6563, 2333, 29.780, 281.25, -3.90, 29.779, 281.24, -3.91, 0.008, 178.33, -36.09);
insert into SHOT values (6551, 6559, 6564, 2333, 2.490, 237.05, 61.00, 2.483, 236.84, 60.93, 0.009, 138.67, -59.85);
insert into SHOT values (6552, 6559, 6565, 2333, 2.290, 181.35, -42.70, 2.300, 181.36, -42.70, 0.010, 182.74, -43.00);
insert into SHOT values (6553, 6559, 6566, 2333, 28.970, 163.35, -8.40, 28.973, 163.35, -8.42, 0.009, 215.38, -69.56);
insert into SHOT values (6554, 6566, 6567, 2333, 23.180, 229.15, -16.90, 23.182, 229.15, -16.88, 0.010, 227.65, 61.61);
insert into SHOT values (6555, 6566, 6568, 2333, 24.050, 267.95, -11.40, 24.049, 267.93, -11.39, 0.008, 176.25, 29.19);
insert into SHOT values (6556, 6566, 6569, 2333, 26.580, 293.45, -5.00, 26.575, 293.44, -4.99, 0.010, 164.52, 41.89);
insert into SHOT values (6557, 6566, 6570, 2333, 12.020, 121.55, -0.80, 12.019, 121.56, -0.76, 0.008, 240.47, 71.44);
insert into SHOT values (6558, 6566, 6571, 2333, 0.430, 79.25, 4.70, 0.429, 79.22, 5.34, 0.005, 273.44, 77.75);
insert into SHOT values (6559, 6566, 6572, 2333, 20.070, 18.15, 9.80, 20.068, 18.15, 9.81, 0.005, 190.62, 50.61);
insert into SHOT values (6560, 6566, 6573, 2333, 1.770, 274.25, 84.40, 1.778, 273.37, 84.50, 0.009, 141.25, 66.98);
insert into SHOT values (6561, 6566, 6574, 2333, 9.460, 240.15, -23.00, 9.458, 240.11, -22.96, 0.009, 154.95, 44.97);
insert into SHOT values (6562, 6566, 6575, 2333, 18.170, 155.95, -7.00, 18.171, 155.95, -6.99, 0.004, 168.37, 76.15);
insert into SHOT values (6563, 6575, 6576, 2333, 12.910, 97.75, -4.80, 12.913, 97.77, -4.80, 0.006, 152.14, 2.71);
insert into SHOT values (6564, 6575, 6577, 2333, 4.340, 67.85, 14.90, 4.345, 67.89, 14.94, 0.007, 103.63, 35.75);
insert into SHOT values (6565, 6575, 6578, 2333, 32.120, 299.85, -3.10, 32.120, 299.84, -3.11, 0.005, 209.15, -36.14);
insert into SHOT values (6566, 6575, 6579, 2333, 23.810, 277.35, -7.90, 23.810, 277.36, -7.89, 0.004, 4.94, 40.12);
insert into SHOT values (6567, 6575, 6580, 2333, 2.890, 283.95, 50.10, 2.893, 284.04, 50.11, 0.004, 344.14, 41.84);
insert into SHOT values (6568, 6575, 6581, 2333, 1.240, 337.35, -68.80, 1.242, 337.48, -69.06, 0.006, 144.94, -39.95);
insert into SHOT values (6569, 6575, 6582, 2333, 10.360, 151.85, -20.50, 10.365, 151.85, -20.50, 0.005, 155.11, -23.17);
insert into SHOT values (6570, 6582, 6583, 2333, 3.650, 113.95, 14.30, 3.645, 113.88, 14.29, 0.006, 337.46, -13.94);
insert into SHOT values (6571, 6582, 6584, 2333, 3.650, 258.25, -12.50, 3.650, 258.34, -12.50, 0.006, 348.15, 0.05);
insert into SHOT values (6572, 6582, 6585, 2333, 7.200, 260.05, -9.30, 7.201, 260.03, -9.27, 0.004, 214.18, 52.70);
insert into SHOT values (6573, 6582, 6586, 2333, 1.110, 172.35, 79.90, 1.116, 173.99, 80.15, 0.010, 296.31, 47.51);
insert into SHOT values (6574, 6582, 6587, 2333, 1.170, 188.25, -61.60, 1.170, 188.28, -61.65, 0.001, 348.10, -47.71);
insert into SHOT values (6575, 6582, 6588, 2333, 5.200, 198.25, -23.30, 5.194, 198.32, -23.25, 0.010, 322.45, 43.58);
insert into SHOT values (6576, 6588, 6589, 2333, 2.800, 202.75, -8.30, 2.805, 202.68, -8.41, 0.008, 163.60, -48.77);
insert into SHOT values (6577, 6588, 6590, 2333, 5.870, 70.75, 15.00, 5.874, 70.77, 14.90, 0.012, 84.89, -52.67);
insert into SHOT values (6578, 6588, 6591, 2333, 4.730, 48.65, 17.80, 4.724, 48.69, 17.75, 0.008, 188.11, -47.78);
insert into SHOT values (6579, 6588, 6592, 2333, 7.740, 133.55, 5.40, 7.744, 133.53, 5.34, 0.010, 100.36, -58.21);
insert into SHOT values (6580, 6588, 6593, 2333, 4.890, 239.55, -11.20, 4.885, 239.53, -11.21, 0.005, 79.07, -2.08);
insert into SHOT values (6581, 6588, 6594, 2333, 0.940, 193.35, 70.40, 0.936, 192.72, 70.14, 0.007, 138.71, -52.46);
insert into SHOT values (6582, 6588, 6595, 2333, 0.670, 166.25, -32.90, 0.677, 165.72, -33.10, 0.009, 119.63, -40.01);
insert into SHOT values (6583, 6588, 6596, 2333, 15.070, 112.85, 5.80, 15.072, 112.84, 5.79, 0.005, 62.15, -35.00);
insert into SHOT values (6584, 6596, 6597, 2333, 9.860, 211.45, -3.30, 9.864, 211.46, -3.31, 0.005, 239.58, -27.08);
insert into SHOT values (6585, 6596, 6598, 2333, 4.310, 245.85, -7.30, 4.310, 245.83, -7.33, 0.003, 136.36, -61.23);
insert into SHOT values (6586, 6596, 6599, 2333, 0.520, 39.55, -9.20, 0.517, 40.24, -8.90, 0.007, 151.49, 25.43);
insert into SHOT values (6587, 6596, 6600, 2333, 1.850, 188.85, 28.40, 1.852, 188.83, 28.37, 0.002, 170.02, 2.65);
insert into SHOT values (6588, 6596, 6601, 2333, 0.710, 212.35, -41.80, 0.708, 211.89, -41.57, 0.005, 131.65, 36.97);
insert into SHOT values (6589, 6596, 6602, 2333, 21.540, 143.75, 7.00, 21.545, 143.77, 6.98, 0.010, 192.69, -29.51);
insert into SHOT values (6590, 6602, 6603, 2333, 3.150, 208.75, -24.00, 3.145, 208.71, -24.01, 0.005, 54.47, 13.58);
insert into SHOT values (6591, 6602, 6604, 2333, 6.010, 36.15, -16.10, 6.016, 36.14, -16.02, 0.011, 27.02, 38.76);
insert into SHOT values (6592, 6602, 6605, 2333, 11.980, 85.15, -10.80, 11.984, 85.13, -10.77, 0.008, 40.96, 36.11);
insert into SHOT values (6593, 6602, 6606, 2333, 9.150, 144.35, -18.80, 9.145, 144.31, -18.82, 0.009, 10.38, -8.34);
insert into SHOT values (6594, 6602, 6607, 2333, 8.900, 270.95, -14.70, 8.903, 271.00, -14.71, 0.008, 341.14, -11.37);
insert into SHOT values (6595, 6602, 6608, 2333, 8.280, 328.65, -12.50, 8.282, 328.71, -12.48, 0.009, 41.44, 13.79);
insert into SHOT values (6596, 6602, 6609, 2333, 1.540, 329.15, 50.10, 1.541, 329.04, 49.97, 0.004, 299.35, -19.96);
insert into SHOT values (6597, 6602, 6610, 2333, 2.270, 283.55, -82.80, 2.268, 284.04, -82.69, 0.005, 314.42, 23.73);
insert into SHOT values (6598, 6602, 6611, 2333, 17.480, 118.15, -17.50, 17.477, 118.13, -17.48, 0.008, 10.28, 51.41);
insert into SHOT values (6599, 6611, 6612, 2333, 0.780, 31.15, 16.60, 0.781, 31.36, 16.36, 0.004, 85.16, -40.24);
insert into SHOT values (6600, 6611, 6613, 2333, 2.530, 184.05, -4.90, 2.536, 184.09, -4.98, 0.007, 199.67, -33.51);
insert into SHOT values (6601, 6611, 6614, 2333, 0.630, 186.65, 28.50, 0.629, 186.23, 28.47, 0.004, 90.97, -8.44);
insert into SHOT values (6602, 6611, 6615, 2333, 0.720, 146.15, 82.40, 0.716, 147.99, 82.43, 0.005, 253.24, -49.15);
insert into SHOT values (6603, 6611, 6616, 2333, 0.270, 33.35, -29.00, 0.272, 33.02, -28.59, 0.003, 3.73, 18.13);
insert into SHOT values (6604, 6611, 6617, 2333, 12.080, 117.85, 1.20, 12.080, 117.84, 1.19, 0.004, 37.07, -50.29);
insert into SHOT values (6605, 6617, 6618, 2333, 1.600, 212.45, -7.00, 1.598, 212.39, -6.83, 0.005, 86.81, 67.20);
insert into SHOT values (6606, 6617, 6619, 2333, 3.540, 167.75, -14.70, 3.545, 167.71, -14.71, 0.005, 137.99, -18.18);
insert into SHOT values (6607, 6617, 6620, 2333, 4.680, 129.85, -10.20, 4.682, 129.81, -10.21, 0.004, 69.39, -16.96);
insert into SHOT values (6608, 6617, 6621, 2333, 0.610, 9.85, 12.80, 0.605, 9.78, 13.38, 0.008, 196.13, 37.53);
insert into SHOT values (6609, 6617, 6622, 2333, 2.720, 322.55, 10.40, 2.719, 322.44, 10.38, 0.005, 219.62, -11.36);
insert into SHOT values (6610, 6617, 6623, 2333, 0.950, 194.85, 52.50, 0.948, 195.00, 52.30, 0.004, 240.94, -61.01);
insert into SHOT values (6611, 6617, 6624, 2333, 1.330, 191.45, -46.40, 1.328, 191.31, -46.29, 0.004, 117.09, 53.56);
insert into SHOT values (6612, 6617, 6625, 2333, 11.470, 147.35, -11.90, 11.468, 147.37, -11.93, 0.007, 269.44, -42.97);
insert into SHOT values (6613, 6625, 6626, 2333, 4.600, 57.95, 28.30, 4.610, 57.99, 28.36, 0.012, 84.33, 52.09);
insert into SHOT values (6614, 6625, 6627, 2333, 1.410, 210.85, -4.60, 1.412, 210.75, -4.47, 0.005, 168.32, 41.65);
insert into SHOT values (6615, 6625, 6628, 2333, 3.480, 1.85, 26.30, 3.485, 1.84, 26.41, 0.008, 339.35, 76.28);
insert into SHOT values (6616, 6625, 6629, 2333, 1.820, 161.05, 74.20, 1.830, 160.11, 74.15, 0.013, 98.21, 43.72);
insert into SHOT values (6617, 6625, 6630, 2333, 1.880, 196.25, -24.80, 1.876, 195.99, -24.57, 0.012, 101.64, 48.02);
insert into SHOT values (6618, 6625, 6631, 2333, 6.580, 158.55, -8.50, 6.582, 158.56, -8.47, 0.004, 176.93, 40.41);
insert into SHOT values (6619, 6631, 6632, 2333, 0.480, 228.25, -5.70, 0.477, 227.56, -6.02, 0.007, 107.15, -19.34);
insert into SHOT values (6620, 6631, 6633, 2333, 0.530, 45.35, 2.50, 0.531, 45.76, 3.24, 0.008, 122.60, 60.26);
insert into SHOT values (6621, 6631, 6634, 2333, 0.310, 319.45, 77.20, 0.307, 321.34, 77.95, 0.006, 115.17, -24.08);
insert into SHOT values (6622, 6631, 6635, 2333, 0.350, 357.35, -83.20, 0.352, 0.00, -83.48, 0.003, 126.09, -46.07);
insert into SURVEY values (2337, 50, 'Russes-CA', 'Russes-CA.Koytendag', 'Russes-CA');
 insert into CENTRELINE values (2338, 2337, NULL, NULL, NULL, 0.00, 0.00, 0.00);
 insert into SURVEY values (2339, 2337, 'Russes3', 'Russes3.Russes-CA.Koytendag', 'Russes3');
 insert into CENTRELINE values (2340, 2339, NULL, NULL, NULL, 0.00, 0.00, 0.00);
 insert into SURVEY values (2341, 2339, 'Russes3', 'Russes3.Russes3.Russes-CA.Koytendag', 'russes3');
 insert into CENTRELINE values (2342, 2341, NULL, NULL, NULL, 0.00, 0.00, 0.00);
 insert into CENTRELINE values (2343, 2341, NULL, '2024-04-11', '2024-04-11', 6.56, 0.00, 0.00);
 insert into TOPO values (7, 2343);
 insert into TOPO values (3, 2343);
 insert into EXPLO values (16, 2343);
 insert into EXPLO values (7, 2343);
 insert into EXPLO values (3, 2343);
 insert into SHOT values (6623, 6636, 6637, 2343, 1.410, 30.15, 64.40, 1.411, 30.32, 64.20, 0.005, 51.72, -17.20);
insert into SHOT values (6624, 6636, 6638, 2343, 1.140, 66.85, 39.20, 1.146, 66.89, 38.92, 0.008, 70.99, -3.60);
insert into SHOT values (6625, 6636, 6639, 2343, 1.810, 92.95, 36.30, 1.812, 93.14, 36.20, 0.006, 147.27, -14.62);
insert into SHOT values (6626, 6636, 6640, 2343, 0.260, 161.15, 33.30, 0.262, 161.57, 32.31, 0.005, 182.87, -32.24);
insert into SHOT values (6627, 6636, 6641, 2343, 2.280, 158.15, -43.80, 2.285, 157.94, -43.74, 0.008, 109.34, -13.56);
insert into SHOT values (6628, 6636, 6642, 2343, 1.070, 180.55, -36.80, 1.072, 180.00, -36.66, 0.009, 111.67, 6.18);
insert into SHOT values (6629, 6636, 6643, 2343, 2.100, 333.05, 60.50, 2.101, 332.94, 60.55, 0.003, 216.35, 45.66);
insert into SHOT values (6630, 6636, 6644, 2343, 1.080, 239.25, -3.30, 1.074, 239.13, -3.20, 0.007, 78.74, 17.87);
insert into SHOT values (6631, 6636, 6645, 2343, 1.480, 288.55, 51.40, 1.471, 288.43, 51.43, 0.009, 124.61, -45.49);
insert into SHOT values (6632, 6636, 6646, 2343, 1.290, 306.65, 30.30, 1.285, 306.56, 30.40, 0.006, 143.15, -7.96);
insert into SHOT values (6633, 6636, 6647, 2343, 2.030, 108.65, 6.80, 2.029, 108.52, 6.79, 0.005, 1.31, -4.54);
insert into SHOT values (6634, 6636, 6648, 2343, 2.050, 107.35, 7.70, 2.051, 107.45, 7.56, 0.006, 168.12, -47.06);
insert into SHOT values (6635, 6636, 6649, 2343, 1.340, 237.75, -26.00, 1.341, 237.89, -26.10, 0.004, 332.01, -40.05);
insert into SHOT values (6636, 6649, 6650, 2343, 1.110, 306.75, -75.60, 1.104, 306.03, -75.74, 0.007, 167.02, 44.09);
insert into SHOT values (6637, 6649, 6651, 2343, 0.580, 250.85, -58.00, 0.578, 250.97, -57.95, 0.002, 22.25, 64.22);
insert into SHOT values (6638, 6649, 6652, 2343, 0.860, 342.35, -50.40, 0.855, 342.90, -50.50, 0.007, 110.86, 21.62);
insert into SHOT values (6639, 6649, 6653, 2343, 1.510, 31.85, 36.60, 1.510, 31.86, 36.58, 0.001, 53.22, -35.76);
insert into SHOT values (6640, 6649, 6654, 2343, 1.570, 307.55, -12.80, 1.566, 307.55, -12.92, 0.005, 128.26, -23.97);
insert into SHOT values (6641, 6649, 6655, 2343, 1.520, 295.05, -10.00, 1.512, 295.02, -9.90, 0.008, 121.50, 28.76);
insert into SHOT values (6642, 6649, 6656, 2343, 1.690, 324.35, 6.80, 1.682, 324.50, 6.83, 0.009, 113.87, -0.66);
insert into SHOT values (6643, 6656, 6657, 2343, 0.210, 82.85, -0.10, 0.202, 81.47, 0.00, 0.009, 294.74, 2.28);
insert into SHOT values (6644, 6656, 6658, 2343, 0.380, 121.75, 67.50, 0.379, 123.69, 67.61, 0.005, 226.43, -12.00);
insert into SHOT values (6645, 6656, 6659, 2343, 0.250, 242.15, 30.10, 0.251, 242.24, 31.19, 0.005, 49.64, 70.71);
insert into SHOT values (6646, 6656, 6660, 2343, 0.320, 278.05, -74.30, 0.323, 276.34, -73.72, 0.005, 243.51, -22.16);
insert into SHOT values (6647, 6656, 6661, 2343, 1.480, 357.55, 37.90, 1.483, 357.55, 37.85, 0.003, 359.36, 14.90);
insert into SCRAPS values (2345, 2339, 'SP-Russes3-1', 1, 0.67556, 0.12730);
 insert into MAPS values (2359, 2339, 'MP-Russes3', 'Russes3', 1, 6.560, -1.110);
 insert into MAPITEMS values (2359, 4, 2345);
 insert into SURVEY values (2361, 2337, 'Russes2', 'Russes2.Russes-CA.Koytendag', 'Russes2');
 insert into CENTRELINE values (2362, 2361, NULL, NULL, NULL, 0.00, 0.00, 0.00);
 insert into SURVEY values (2363, 2361, 'Russes2', 'Russes2.Russes2.Russes-CA.Koytendag', 'russes2');
 insert into CENTRELINE values (2364, 2363, NULL, NULL, NULL, 0.00, 0.00, 0.00);
 insert into CENTRELINE values (2365, 2363, NULL, '2024-04-11', '2024-04-11', 5.71, 0.00, 0.00);
 insert into TOPO values (7, 2365);
 insert into TOPO values (3, 2365);
 insert into EXPLO values (16, 2365);
 insert into EXPLO values (7, 2365);
 insert into EXPLO values (3, 2365);
 insert into SHOT values (6648, 6662, 6663, 2365, 1.160, 339.25, -4.40, 1.159, 339.21, -4.45, 0.002, 187.20, -32.86);
insert into SHOT values (6649, 6662, 6664, 2365, 0.690, 326.15, -50.90, 0.695, 325.22, -50.94, 0.009, 259.58, -30.40);
insert into SHOT values (6650, 6662, 6665, 2365, 0.660, 322.95, 31.10, 0.659, 322.93, 31.08, 0.001, 153.31, -38.38);
insert into SHOT values (6651, 6662, 6666, 2365, 1.420, 287.55, -18.60, 1.424, 287.23, -18.43, 0.009, 229.65, 18.14);
insert into SHOT values (6652, 6662, 6667, 2365, 2.280, 266.55, -14.50, 2.287, 266.38, -14.43, 0.010, 223.08, 5.10);
insert into SHOT values (6653, 6662, 6668, 2365, 3.580, 273.55, -4.90, 3.580, 273.54, -4.97, 0.004, 173.83, -80.02);
insert into SHOT values (6654, 6662, 6669, 2365, 2.530, 297.15, -4.40, 2.534, 297.07, -4.30, 0.007, 259.32, 36.91);
insert into SHOT values (6655, 6662, 6670, 2365, 2.320, 247.95, -8.00, 2.323, 247.78, -7.92, 0.008, 184.99, 21.11);
insert into SHOT values (6656, 6662, 6671, 2365, 2.520, 268.35, -12.60, 2.522, 268.37, -12.60, 0.002, 297.74, -8.21);
insert into SHOT values (6657, 6671, 6672, 2365, 1.630, 178.05, 3.50, 1.634, 178.24, 3.51, 0.007, 233.67, 4.17);
insert into SHOT values (6658, 6671, 6673, 2365, 1.480, 214.15, 1.70, 1.484, 214.01, 1.54, 0.007, 175.93, -34.33);
insert into SHOT values (6659, 6671, 6674, 2365, 1.130, 258.55, -8.80, 1.137, 258.19, -8.60, 0.010, 213.75, 16.09);
insert into SHOT values (6660, 6671, 6675, 2365, 1.810, 232.45, -37.90, 1.812, 232.09, -37.78, 0.010, 166.35, 10.74);
insert into SHOT values (6661, 6671, 6676, 2365, 2.350, 232.75, -21.90, 2.355, 232.82, -21.95, 0.006, 268.11, -38.11);
insert into SHOT values (6662, 6671, 6677, 2365, 1.490, 249.65, -25.70, 1.494, 249.54, -25.80, 0.005, 201.57, -49.47);
insert into SHOT values (6663, 6671, 6678, 2365, 1.400, 313.35, 5.10, 1.399, 312.96, 4.92, 0.010, 219.61, -25.49);
insert into SHOT values (6664, 6671, 6679, 2365, 1.260, 0.45, 16.90, 1.256, 0.48, 17.14, 0.007, 174.09, 33.67);
insert into SHOT values (6665, 6671, 6680, 2365, 0.370, 338.25, 80.60, 0.374, 338.20, 81.72, 0.008, 158.65, 37.06);
insert into SHOT values (6666, 6671, 6681, 2365, 3.190, 237.75, -17.50, 3.191, 237.62, -17.51, 0.007, 155.48, -6.01);
insert into SCRAPS values (2367, 2361, 'SP-Russes2-1', 1, 0.24424, 0.08286);
 insert into MAPS values (2382, 2361, 'MP-Russes2', 'Russes2', 1, 5.710, -1.510);
 insert into MAPITEMS values (2382, 4, 2367);
 insert into SURVEY values (2384, 2337, 'RussesBauge', 'RussesBauge.Russes-CA.Koytendag', 'RussesBauge');
 insert into CENTRELINE values (2385, 2384, NULL, NULL, NULL, 0.00, 0.00, 0.00);
 insert into SURVEY values (2386, 2384, 'RussesBauge', 'RussesBauge.RussesBauge.Russes-CA.Koytendag', 'russesbauge');
 insert into CENTRELINE values (2387, 2386, NULL, NULL, NULL, 0.00, 0.00, 0.00);
 insert into CENTRELINE values (2388, 2386, NULL, '2024-04-11', '2024-04-11', 50.97, 0.00, 0.00);
 insert into TOPO values (7, 2388);
 insert into TOPO values (3, 2388);
 insert into EXPLO values (16, 2388);
 insert into EXPLO values (7, 2388);
 insert into EXPLO values (3, 2388);
 insert into SHOT values (6667, 6682, 6683, 2388, 0.770, 112.75, -3.70, 0.772, 112.91, -3.71, 0.003, 154.47, -5.55);
insert into SHOT values (6668, 6682, 6684, 2388, 1.100, 59.45, 1.70, 1.103, 59.48, 1.56, 0.004, 70.76, -38.44);
insert into SHOT values (6669, 6682, 6685, 2388, 1.570, 47.85, -4.00, 1.569, 47.85, -4.02, 0.002, 226.32, -17.44);
insert into SHOT values (6670, 6682, 6686, 2388, 0.760, 156.65, 0.80, 0.762, 156.80, 0.75, 0.003, 207.70, -13.12);
insert into SHOT values (6671, 6682, 6687, 2388, 1.490, 178.15, -9.10, 1.490, 178.05, -9.27, 0.005, 78.97, -60.10);
insert into SHOT values (6672, 6682, 6688, 2388, 1.010, 178.55, -38.40, 1.011, 178.55, -38.56, 0.003, 357.43, -64.18);
insert into SHOT values (6673, 6682, 6689, 2388, 0.410, 71.05, -51.40, 0.408, 71.57, -51.67, 0.004, 212.04, 6.66);
insert into SHOT values (6674, 6682, 6690, 2388, 1.540, 272.85, 81.10, 1.539, 272.39, 81.02, 0.003, 227.99, -27.97);
insert into SHOT values (6675, 6682, 6691, 2388, 2.680, 183.85, -13.10, 2.686, 183.73, -13.13, 0.008, 137.42, -18.61);
insert into SHOT values (6676, 6682, 6692, 2388, 0.500, 293.75, 5.40, 0.494, 293.96, 4.64, 0.009, 94.70, -51.30);
insert into SHOT values (6677, 6692, 6693, 2388, 0.950, 206.95, 84.20, 0.956, 209.05, 83.81, 0.009, 235.75, 31.76);
insert into SHOT values (6678, 6692, 6694, 2388, 1.820, 157.35, 63.50, 1.821, 157.54, 63.53, 0.003, 258.46, 23.41);
insert into SHOT values (6679, 6692, 6695, 2388, 0.560, 207.65, 29.80, 0.562, 208.14, 29.86, 0.005, 275.84, 20.53);
insert into SHOT values (6680, 6692, 6696, 2388, 2.150, 57.35, 22.00, 2.142, 57.35, 22.21, 0.011, 236.64, 24.54);
insert into SHOT values (6681, 6692, 6697, 2388, 1.400, 42.85, 33.90, 1.404, 42.90, 34.25, 0.009, 186.92, 77.92);
insert into SHOT values (6682, 6692, 6698, 2388, 0.300, 156.55, -58.20, 0.298, 158.20, -57.13, 0.008, 210.39, 40.76);
insert into SHOT values (6683, 6692, 6699, 2388, 0.690, 318.95, -0.40, 0.694, 318.50, 0.00, 0.008, 267.28, 35.06);
insert into SHOT values (6684, 6692, 6700, 2388, 1.050, 357.25, 17.20, 1.048, 357.14, 17.20, 0.003, 224.31, -10.61);
insert into SHOT values (6685, 6692, 6701, 2388, 0.920, 268.75, -27.60, 0.922, 268.60, -27.11, 0.008, 245.91, 49.34);
insert into SHOT values (6686, 6692, 6702, 2388, 1.490, 265.35, -49.40, 1.491, 265.29, -49.26, 0.004, 249.03, 19.12);
insert into SHOT values (6687, 6692, 6703, 2388, 0.740, 294.05, -5.00, 0.746, 293.81, -4.62, 0.008, 266.60, 33.42);
insert into SHOT values (6688, 6692, 6704, 2388, 2.650, 282.55, -8.10, 2.649, 282.55, -8.03, 0.004, 89.18, 75.16);
insert into SHOT values (6689, 6704, 6705, 2388, 2.580, 341.45, -11.20, 2.582, 341.35, -11.17, 0.005, 277.79, 13.16);
insert into SHOT values (6690, 6704, 6706, 2388, 2.440, 331.05, -10.60, 2.446, 330.88, -10.60, 0.009, 278.66, -7.25);
insert into SHOT values (6691, 6704, 6707, 2388, 2.020, 14.55, -3.00, 2.016, 14.38, -2.84, 0.009, 249.16, 38.54);
insert into SHOT values (6692, 6704, 6708, 2388, 2.200, 36.75, 0.30, 2.194, 36.66, 0.26, 0.007, 245.96, -12.55);
insert into SHOT values (6693, 6704, 6709, 2388, 1.980, 71.75, 4.30, 1.976, 71.66, 4.35, 0.006, 287.60, 16.11);
insert into SHOT values (6694, 6704, 6710, 2388, 1.770, 115.35, 13.40, 1.766, 115.52, 13.43, 0.007, 244.63, -1.66);
insert into SHOT values (6695, 6704, 6711, 2388, 1.710, 257.65, -9.70, 1.714, 257.69, -9.74, 0.004, 279.33, -28.21);
insert into SHOT values (6696, 6704, 6712, 2388, 2.010, 273.25, -33.60, 2.016, 273.07, -33.42, 0.010, 240.32, 13.30);
insert into SHOT values (6697, 6704, 6713, 2388, 0.530, 20.05, -59.20, 0.523, 19.80, -59.44, 0.008, 211.55, 42.17);
insert into SHOT values (6698, 6704, 6714, 2388, 3.020, 169.95, 15.70, 3.017, 170.08, 15.77, 0.008, 289.92, 19.37);
insert into SHOT values (6699, 6704, 6715, 2388, 1.780, 160.75, 23.20, 1.784, 160.79, 23.10, 0.006, 174.20, -12.56);
insert into SHOT values (6700, 6704, 6716, 2388, 1.290, 141.55, 7.70, 1.286, 141.69, 7.60, 0.006, 282.79, -29.17);
insert into SHOT values (6701, 6704, 6717, 2388, 4.540, 285.25, -11.50, 4.546, 285.22, -11.42, 0.009, 269.73, 33.48);
insert into SHOT values (6702, 6704, 6718, 2388, 1.880, 170.35, 14.50, 1.884, 170.54, 14.44, 0.008, 222.46, -5.33);
insert into SHOT values (6703, 6718, 6719, 2388, 0.400, 326.85, 3.40, 0.406, 327.09, 4.24, 0.009, 343.95, 46.62);
insert into SHOT values (6704, 6718, 6720, 2388, 1.980, 233.95, 46.10, 1.979, 234.22, 46.26, 0.009, 359.96, 22.47);
insert into SHOT values (6705, 6718, 6721, 2388, 3.540, 273.25, 1.60, 3.537, 273.24, 1.62, 0.003, 99.46, 21.25);
insert into SHOT values (6706, 6718, 6722, 2388, 0.880, 204.45, -7.30, 0.875, 204.50, -7.22, 0.005, 15.20, 20.85);
insert into SHOT values (6707, 6718, 6723, 2388, 1.450, 162.45, 10.20, 1.450, 162.45, 10.33, 0.003, 330.23, 77.06);
insert into SHOT values (6708, 6718, 6724, 2388, 2.640, 106.65, 15.60, 2.641, 106.44, 15.59, 0.009, 24.35, 0.32);
insert into SHOT values (6709, 6718, 6725, 2388, 0.410, 19.65, -89.60, 0.410, 0.00, -88.60, 0.007, 352.49, -0.08);
insert into SHOT values (6710, 6718, 6726, 2388, 3.070, 234.95, -35.00, 3.068, 235.05, -35.00, 0.005, 343.05, 11.08);
insert into SHOT values (6711, 6704, 6727, 2388, 3.730, 41.85, -0.80, 3.726, 41.74, -0.77, 0.009, 281.83, 13.85);
insert into SHOT values (6712, 6727, 6728, 2388, 1.890, 52.65, -82.20, 1.888, 54.46, -82.14, 0.009, 132.67, 16.85);
insert into SHOT values (6713, 6727, 6729, 2388, 1.020, 280.45, -24.30, 1.017, 280.58, -24.40, 0.004, 71.42, -3.28);
insert into SHOT values (6714, 6727, 6730, 2388, 0.540, 149.05, 21.60, 0.541, 148.84, 21.70, 0.002, 71.79, 33.05);
insert into SHOT values (6715, 6727, 6731, 2388, 0.720, 230.85, 2.20, 0.718, 230.09, 2.40, 0.010, 125.91, 13.56);
insert into SHOT values (6716, 6727, 6732, 2388, 0.730, 199.55, 4.50, 0.733, 199.18, 4.70, 0.006, 140.15, 26.50);
insert into SHOT values (6717, 6727, 6733, 2388, 1.980, 210.55, -38.70, 1.979, 210.39, -38.81, 0.006, 81.79, -20.35);
insert into SHOT values (6718, 6727, 6734, 2388, 1.490, 214.15, -17.20, 1.492, 214.14, -17.15, 0.002, 206.60, 14.88);
insert into SHOT values (6719, 6727, 6735, 2388, 4.370, 84.55, 38.10, 4.377, 84.67, 38.09, 0.010, 135.37, 20.57);
insert into SHOT values (6720, 6727, 6736, 2388, 3.120, 27.25, 55.50, 3.119, 27.29, 55.50, 0.002, 140.21, -41.96);
insert into SHOT values (6721, 6727, 6737, 2388, 2.760, 328.65, 50.10, 2.761, 328.65, 50.17, 0.003, 149.23, 49.90);
insert into SHOT values (6722, 6727, 6738, 2388, 1.170, 296.25, 38.20, 1.162, 296.00, 38.28, 0.009, 144.99, -23.60);
insert into SHOT values (6723, 6727, 6739, 2388, 0.890, 8.25, 21.70, 0.892, 8.33, 21.71, 0.002, 40.15, 23.52);
insert into SHOT values (6724, 6727, 6740, 2388, 1.200, 15.65, 38.80, 1.200, 16.11, 38.68, 0.008, 94.02, -13.91);
insert into SHOT values (6725, 6740, 6741, 2388, 0.750, 93.55, 11.50, 0.747, 93.92, 11.59, 0.006, 218.04, 4.72);
insert into SHOT values (6726, 6740, 6742, 2388, 2.280, 123.75, 4.20, 2.283, 123.90, 4.27, 0.007, 185.94, 23.91);
insert into SHOT values (6727, 6740, 6743, 2388, 3.470, 33.85, 8.00, 3.464, 33.83, 7.96, 0.006, 225.71, -27.98);
insert into SHOT values (6728, 6740, 6744, 2388, 3.920, 5.85, 5.90, 3.920, 5.74, 5.86, 0.008, 278.25, -21.80);
insert into SHOT values (6729, 6740, 6745, 2388, 2.810, 330.75, 11.70, 2.812, 330.64, 11.70, 0.005, 262.36, 1.76);
insert into SHOT values (6730, 6740, 6746, 2388, 3.120, 307.25, 23.90, 3.114, 307.15, 23.87, 0.008, 174.43, -31.74);
insert into SHOT values (6731, 6740, 6747, 2388, 1.620, 345.45, 78.70, 1.620, 345.07, 78.95, 0.007, 181.91, 10.96);
insert into SHOT values (6732, 6740, 6748, 2388, 2.770, 108.95, 70.60, 2.767, 109.03, 70.58, 0.003, 190.53, -65.19);
insert into SHOT values (6733, 6740, 6749, 2388, 1.220, 220.55, 5.30, 1.225, 220.35, 5.15, 0.007, 182.38, -21.21);
insert into SHOT values (6734, 6740, 6750, 2388, 3.140, 280.35, -15.20, 3.138, 280.27, -15.15, 0.005, 168.59, 36.78);
insert into SHOT values (6735, 6740, 6751, 2388, 1.530, 274.05, 8.50, 1.531, 273.79, 8.64, 0.008, 184.87, 29.37);
insert into SHOT values (6736, 6740, 6752, 2388, 4.600, 273.55, -21.20, 4.598, 273.48, -21.16, 0.006, 175.03, 32.64);
insert into SHOT values (6737, 6740, 6753, 2388, 6.750, 274.05, -27.00, 6.748, 274.00, -26.96, 0.006, 188.85, 43.87);
insert into SHOT values (6738, 6740, 6754, 2388, 1.480, 4.95, 2.60, 1.477, 4.67, 2.72, 0.009, 248.47, 19.50);
insert into SHOT values (6739, 6754, 6755, 2388, 3.830, 125.95, 21.90, 3.835, 125.97, 21.89, 0.005, 140.52, 16.28);
insert into SHOT values (6740, 6754, 6756, 2388, 2.510, 84.25, 50.20, 2.512, 84.29, 50.20, 0.002, 125.97, 42.63);
insert into SHOT values (6741, 6754, 6757, 2388, 2.970, 15.85, 0.60, 2.973, 15.81, 0.58, 0.003, 341.49, -18.92);
insert into SHOT values (6742, 6754, 6758, 2388, 1.860, 310.15, 10.70, 1.855, 310.33, 10.56, 0.009, 77.25, -36.53);
insert into SHOT values (6743, 6754, 6759, 2388, 2.880, 323.75, -39.10, 2.880, 323.75, -39.19, 0.005, 145.15, -51.70);
insert into SHOT values (6744, 6754, 6760, 2388, 1.070, 343.65, -54.20, 1.070, 344.18, -54.37, 0.007, 95.39, -19.10);
insert into SHOT values (6745, 6754, 6761, 2388, 1.220, 67.95, 20.30, 1.219, 67.92, 20.16, 0.003, 307.93, -78.64);
insert into SHOT values (6746, 6761, 6762, 2388, 2.580, 61.05, -50.50, 2.580, 61.25, -50.47, 0.006, 137.71, 7.56);
insert into SHOT values (6747, 6761, 6763, 2388, 2.350, 32.35, -62.40, 2.350, 32.67, -62.28, 0.008, 88.37, 19.07);
insert into SHOT values (6748, 6761, 6764, 2388, 3.890, 68.75, -65.40, 3.894, 68.66, -65.39, 0.004, 14.58, -44.37);
insert into SHOT values (6749, 6761, 6765, 2388, 4.470, 35.05, -52.50, 4.477, 35.15, -52.47, 0.009, 72.88, -25.79);
insert into SHOT values (6750, 6761, 6766, 2388, 2.800, 310.15, -44.20, 2.794, 310.14, -44.26, 0.006, 134.24, 18.63);
insert into SHOT values (6751, 6761, 6767, 2388, 3.780, 52.25, -60.50, 3.783, 52.39, -60.41, 0.008, 87.30, -0.38);
insert into SHOT values (6752, 6767, 6768, 2388, 0.610, 55.95, 18.30, 0.607, 56.31, 18.23, 0.005, 177.90, -19.67);
insert into SHOT values (6753, 6767, 6769, 2388, 0.440, 17.15, -35.10, 0.434, 16.39, -35.20, 0.008, 237.02, 22.31);
insert into SHOT values (6754, 6767, 6770, 2388, 1.750, 335.55, -10.60, 1.757, 335.36, -10.50, 0.009, 297.45, 12.02);
insert into SHOT values (6755, 6767, 6771, 2388, 4.630, 333.45, -3.20, 4.627, 333.38, -3.22, 0.007, 214.41, -13.76);
insert into SHOT values (6756, 6767, 6772, 2388, 1.620, 321.95, 14.50, 1.619, 321.74, 14.67, 0.007, 213.03, 36.12);
insert into SHOT values (6757, 6767, 6773, 2388, 1.320, 330.65, 59.70, 1.321, 330.36, 59.66, 0.004, 262.29, 5.06);
insert into SHOT values (6758, 6767, 6774, 2388, 1.440, 174.15, 15.20, 1.438, 174.21, 15.32, 0.004, 324.71, 39.99);
insert into SHOT values (6759, 6767, 6775, 2388, 1.310, 202.75, 12.50, 1.312, 202.96, 12.32, 0.007, 264.40, -32.81);
insert into SHOT values (6760, 6767, 6776, 2388, 3.960, 337.15, -1.80, 3.963, 337.12, -1.74, 0.006, 312.24, 48.41);
insert into SHOT values (6761, 6776, 6777, 2388, 1.240, 324.85, -5.50, 1.240, 324.89, -5.55, 0.002, 38.35, -48.11);
insert into SHOT values (6762, 6776, 6778, 2388, 1.230, 241.55, 13.70, 1.229, 241.50, 13.64, 0.002, 135.17, -54.13);
insert into SHOT values (6763, 6776, 6779, 2388, 0.190, 283.25, -72.30, 0.190, 279.46, -71.33, 0.005, 229.35, 11.44);
insert into SHOT values (6764, 6776, 6780, 2388, 1.020, 208.05, 87.10, 1.022, 210.96, 86.73, 0.007, 232.15, 10.20);
insert into SHOT values (6765, 6776, 6781, 2388, 1.490, 110.85, 32.60, 1.487, 111.04, 32.55, 0.005, 223.21, -31.69);
insert into SHOT values (6766, 6776, 6782, 2388, 3.670, 66.25, 26.70, 3.669, 66.25, 26.72, 0.002, 238.83, 41.68);
insert into SHOT values (6767, 6776, 6783, 2388, 2.140, 59.95, 47.70, 2.139, 60.06, 47.60, 0.005, 110.47, -38.05);
insert into SHOT values (6768, 6776, 6784, 2388, 1.780, 40.75, 24.80, 1.772, 40.72, 24.69, 0.009, 228.68, -46.54);
insert into SHOT values (6769, 6776, 6785, 2388, 4.550, 46.45, 33.40, 4.541, 46.50, 33.40, 0.009, 202.47, -30.84);
insert into SHOT values (6770, 6776, 6786, 2388, 4.080, 46.75, 33.80, 4.079, 46.79, 33.82, 0.003, 169.17, 5.60);
insert into SHOT values (6771, 6776, 6787, 2388, 4.550, 46.25, 33.60, 4.547, 46.28, 33.51, 0.008, 107.59, -71.81);
insert into SHOT values (6772, 6776, 6788, 2388, 4.550, 46.45, 33.50, 4.547, 46.50, 33.51, 0.004, 177.68, -17.20);
insert into SHOT values (6773, 6754, 6789, 2388, 2.520, 326.35, -27.70, 2.518, 326.52, -27.69, 0.007, 67.05, 11.39);
insert into SHOT values (6774, 6789, 6790, 2388, 0.450, 270.85, -82.10, 0.454, 270.00, -82.41, 0.005, 116.41, -64.27);
insert into SHOT values (6775, 6789, 6791, 2388, 5.270, 225.85, -15.00, 5.280, 225.87, -15.04, 0.011, 241.30, -34.64);
insert into SHOT values (6776, 6789, 6792, 2388, 2.000, 252.45, -15.20, 2.001, 252.50, -15.36, 0.006, 4.96, -69.96);
insert into SHOT values (6777, 6789, 6793, 2388, 0.310, 278.55, 14.40, 0.311, 277.59, 13.02, 0.009, 213.59, -51.92);
insert into SHOT values (6778, 6789, 6794, 2388, 0.970, 11.75, 17.50, 0.964, 11.92, 17.50, 0.006, 164.00, -15.79);
insert into SHOT values (6779, 6789, 6795, 2388, 1.290, 315.75, 12.70, 1.289, 315.64, 12.54, 0.004, 232.91, -57.35);
insert into SHOT values (6780, 6789, 6796, 2388, 2.060, 318.65, 57.60, 2.061, 318.67, 57.57, 0.002, 332.53, 23.24);
insert into SHOT values (6781, 6796, 6797, 2388, 2.460, 242.65, -3.10, 2.459, 242.60, -3.26, 0.007, 128.08, -72.06);
insert into SHOT values (6782, 6796, 6798, 2388, 2.130, 278.85, -5.30, 2.134, 278.66, -5.38, 0.008, 214.93, -23.19);
insert into SHOT values (6783, 6796, 6799, 2388, 2.460, 322.65, -5.10, 2.456, 322.47, -5.14, 0.009, 203.64, -8.85);
insert into SHOT values (6784, 6796, 6800, 2388, 1.440, 319.15, -11.30, 1.440, 318.74, -11.62, 0.013, 218.06, -37.29);
insert into SHOT values (6785, 6796, 6801, 2388, 0.630, 285.55, -56.10, 0.636, 284.83, -56.43, 0.008, 199.46, -57.96);
insert into SHOT values (6786, 6796, 6802, 2388, 1.560, 107.45, -75.90, 1.567, 108.43, -75.98, 0.010, 202.89, -46.83);
insert into SHOT values (6787, 6796, 6803, 2388, 2.870, 92.75, -66.30, 2.871, 92.99, -66.35, 0.006, 205.75, -21.46);
insert into SHOT values (6788, 6796, 6804, 2388, 0.380, 84.85, -22.30, 0.382, 85.10, -23.12, 0.006, 185.79, -74.78);
insert into SHOT values (6789, 6796, 6805, 2388, 2.250, 22.65, 33.50, 2.247, 22.60, 33.49, 0.003, 237.80, -32.36);
insert into SHOT values (6790, 6796, 6806, 2388, 1.630, 312.25, 37.30, 1.624, 312.18, 37.10, 0.008, 186.00, -77.07);
insert into SHOT values (6791, 6796, 6807, 2388, 2.600, 305.15, -4.80, 2.601, 305.10, -4.85, 0.003, 224.52, -48.37);
insert into SHOT values (6792, 6807, 6808, 2388, 0.530, 201.55, -0.80, 0.539, 201.80, -1.06, 0.009, 217.09, -16.31);
insert into SHOT values (6793, 6807, 6809, 2388, 1.170, 189.55, -53.60, 1.172, 189.87, -53.31, 0.007, 222.27, 13.50);
insert into SHOT values (6794, 6807, 6810, 2388, 0.270, 343.85, 62.60, 0.271, 341.57, 62.21, 0.005, 276.83, 3.03);
insert into SHOT values (6795, 6807, 6811, 2388, 0.420, 272.75, 81.20, 0.414, 270.00, 81.67, 0.007, 126.39, -44.24);
insert into SHOT values (6796, 6807, 6812, 2388, 0.330, 22.45, 9.10, 0.327, 21.80, 8.80, 0.005, 255.35, -25.62);
insert into SHOT values (6797, 6807, 6813, 2388, 1.800, 299.55, -45.70, 1.799, 299.63, -45.81, 0.004, 89.45, -25.67);
insert into SCRAPS values (2390, 2384, 'SP-RussesBauge-1', 1, 1.51458, 0.09999);
 insert into MAPS values (2454, 2384, 'MP-RussesBauge', 'RussesBauge', 1, 50.970, -3.700);
 insert into MAPITEMS values (2454, 4, 2390);
 insert into MAPS values (2456, 2337, 'MP-Russes-CA', 'Russes-CA', 1, 63.240, -5.190);
 insert into MAPITEMS values (2456, 4, 2359);
 insert into MAPITEMS values (2456, 4, 2382);
 insert into MAPITEMS values (2456, 4, 2454);
 insert into SURVEY values (2458, 50, 'Suwly-oyuk', 'Suwly-oyuk.Koytendag', 'Suwly-oyuk');
 insert into CENTRELINE values (2459, 2458, NULL, NULL, NULL, 0.00, 0.00, 0.00);
 insert into SURVEY values (2460, 2458, 'Suw-Oyuk', 'Suw-Oyuk.Suwly-oyuk.Koytendag', 'Suw Oyuk Sinkhole');
 insert into CENTRELINE values (2461, 2460, NULL, NULL, NULL, 0.00, 0.00, 0.00);
 insert into CENTRELINE values (2462, 2460, NULL, '2024-04-15', NULL, 43.96, 0.00, 0.00);
 insert into TOPO values (4, 2462);
 insert into SHOT values (6798, 6814, 6815, 2462, 12.480, 250.05, -5.50, 12.474, 250.03, -5.52, 0.008, 99.09, -28.60);
insert into SHOT values (6799, 6814, 6816, 2462, 20.190, 278.25, -0.80, 20.191, 278.26, -0.79, 0.004, 347.69, 26.58);
insert into SHOT values (6800, 6814, 6817, 2462, 26.610, 305.35, -0.00, 26.609, 305.36, 0.00, 0.007, 42.29, 0.00);
insert into SHOT values (6801, 6814, 6818, 2462, 38.840, 323.95, -2.20, 38.841, 323.95, -2.20, 0.002, 33.80, 28.98);
insert into SHOT values (6802, 6814, 6819, 2462, 26.430, 341.55, -2.40, 26.428, 341.57, -2.41, 0.008, 84.79, -22.33);
insert into SHOT values (6803, 6814, 6820, 2462, 13.720, 6.25, -2.60, 13.726, 6.28, -2.59, 0.010, 56.09, 13.46);
insert into SHOT values (6804, 6814, 6821, 2462, 20.400, 272.15, -11.90, 20.393, 272.15, -11.91, 0.008, 77.59, -23.95);
insert into SHOT values (6805, 6814, 6822, 2462, 22.370, 270.55, -30.20, 22.366, 270.56, -30.20, 0.006, 30.82, 24.00);
insert into SHOT values (6806, 6814, 6823, 2462, 21.840, 262.15, -40.00, 21.838, 262.17, -40.01, 0.007, 33.04, -13.06);
insert into SHOT values (6807, 6814, 6824, 2462, 27.090, 256.45, -49.60, 27.084, 256.45, -49.62, 0.010, 64.97, 0.43);
insert into SHOT values (6808, 6814, 6825, 2462, 19.230, 247.75, -50.00, 19.229, 247.75, -50.00, 0.001, 22.97, 53.33);
insert into SHOT values (6809, 6814, 6826, 2462, 20.470, 268.25, -35.20, 20.471, 268.25, -35.20, 0.002, 325.82, -15.72);
insert into SHOT values (6810, 6814, 6827, 2462, 14.820, 266.75, -37.90, 14.813, 266.76, -37.90, 0.007, 58.63, 30.37);
insert into SHOT values (6811, 6814, 6828, 2462, 26.420, 266.55, -39.00, 26.418, 266.54, -39.01, 0.007, 128.03, -28.09);
insert into SHOT values (6812, 6814, 6829, 2462, 28.000, 266.35, -40.70, 27.997, 266.35, -40.71, 0.005, 67.22, -13.82);
insert into SHOT values (6813, 6814, 6830, 2462, 28.020, 265.95, -44.60, 28.016, 265.95, -44.60, 0.004, 109.28, 74.80);
insert into SHOT values (6814, 6814, 6831, 2462, 30.610, 275.75, -38.30, 30.608, 275.76, -38.30, 0.004, 17.05, 19.29);
insert into SHOT values (6815, 6814, 6832, 2462, 31.480, 274.55, -39.60, 31.483, 274.54, -39.61, 0.005, 190.16, -47.30);
insert into SHOT values (6816, 6814, 6833, 2462, 24.290, 251.95, -42.90, 24.281, 251.95, -42.91, 0.010, 64.14, 29.02);
insert into SHOT values (6817, 6814, 6834, 2462, 25.170, 253.75, -45.00, 25.167, 253.74, -45.01, 0.007, 83.03, -17.41);
insert into SHOT values (6818, 6814, 6835, 2462, 25.950, 253.75, -45.70, 25.948, 253.75, -45.70, 0.003, 351.39, 46.98);
insert into SCRAPS values (2464, 2458, 'SP-Suw-Oyuk', 1, 0.14330, 0.01198);
 insert into MAPS values (2483, 2458, 'MP-Suwly-oyuk', 'Suwly-oyuk Sinkhole', 1, 43.960, -20.070);
 insert into MAPITEMS values (2483, 4, 2464);
 insert into SURVEY values (2485, 50, 'Tush-Yurruck', 'Tush-Yurruck.Koytendag', 'Tush-Yurruck');
 insert into CENTRELINE values (2486, 2485, NULL, NULL, NULL, 0.00, 0.00, 0.00);
 insert into SURVEY values (2487, 2485, 'Trush-Yurruck-Entree', 'Trush-Yurruck-Entree.Tush-Yurruck.Koytendag', 'Trush-Yurruck-Entree');
 insert into CENTRELINE values (2488, 2487, NULL, NULL, NULL, 0.00, 0.00, 0.00);
 insert into SURVEY values (2489, 2487, 'Tush-Yurruck_Entree', 'Tush-Yurruck_Entree.Trush-Yurruck-Entree.Tush-Yurruck.Koytendag', 'Trush-Yurruck Entree');
 insert into CENTRELINE values (2490, 2489, NULL, NULL, NULL, 0.00, 0.00, 0.00);
 insert into CENTRELINE values (2491, 2489, NULL, '2024-04-17', NULL, 561.38, 9.51, 0.00);
 insert into TOPO values (6, 2491);
 insert into TOPO values (2, 2491);
 insert into TOPO values (7, 2491);
 insert into SHOT values (6819, 6836, 6837, 2491, 9.510, 20.15, 5.60, 9.514, 20.14, 5.61, 0.005, 358.01, 23.32);
insert into SHOT_FLAG values(6819, 'srf');
insert into SHOT values (6820, 6838, 6837, 2491, 14.800, 225.95, 7.00, 14.799, 225.97, 6.99, 0.006, 328.97, -39.83);
insert into SHOT values (6821, 6838, 6839, 2491, 19.580, 131.75, 2.30, 19.570, 131.75, 2.28, 0.011, 318.40, -31.23);
insert into SHOT values (6822, 6838, 6840, 2491, 9.280, 98.15, 3.20, 9.277, 98.13, 3.15, 0.009, 329.19, -64.26);
insert into SHOT values (6823, 6838, 6841, 2491, 6.580, 48.25, -2.40, 6.578, 48.21, -2.44, 0.007, 295.62, -40.83);
insert into SHOT values (6824, 6838, 6842, 2491, 13.920, 252.45, 3.00, 13.925, 252.46, 2.96, 0.011, 287.50, -52.64);
insert into SHOT values (6825, 6838, 6843, 2491, 14.880, 278.15, 1.90, 14.879, 278.16, 1.89, 0.004, 39.42, -51.92);
insert into SHOT values (6826, 6838, 6844, 2491, 16.550, 300.55, 0.50, 16.552, 300.58, 0.48, 0.010, 15.08, -26.84);
insert into SHOT values (6827, 6838, 6845, 2491, 16.490, 324.95, -0.60, 16.491, 324.95, -0.63, 0.007, 353.68, -79.14);
insert into SHOT values (6828, 6838, 6846, 2491, 13.730, 344.15, -2.80, 13.739, 344.14, -2.80, 0.009, 331.66, 4.52);
insert into SHOT values (6829, 6838, 6847, 2491, 7.570, 9.15, -6.70, 7.577, 9.10, -6.75, 0.011, 323.70, -36.76);
insert into SHOT values (6830, 6838, 6848, 2491, 1.090, 291.75, -73.90, 1.093, 293.20, -73.82, 0.008, 5.40, -18.90);
insert into SHOT values (6831, 6838, 6849, 2491, 2.190, 220.95, 86.20, 2.185, 222.27, 86.10, 0.007, 265.59, -46.66);
insert into SHOT values (6832, 6838, 6850, 2491, 2.300, 145.25, 58.90, 2.296, 145.37, 59.10, 0.009, 310.41, 3.55);
insert into SHOT values (6833, 6838, 6851, 2491, 27.380, 89.75, -14.90, 27.381, 89.74, -14.90, 0.004, 12.52, 4.18);
insert into SHOT values (6834, 6851, 6852, 2491, 1.660, 27.35, 2.80, 1.657, 27.34, 2.77, 0.003, 212.25, -18.88);
insert into SHOT values (6835, 6851, 6853, 2491, 6.290, 322.05, 2.80, 6.290, 321.98, 2.73, 0.010, 237.96, -44.25);
insert into SHOT values (6836, 6851, 6854, 2491, 5.990, 102.35, 1.60, 5.991, 102.34, 1.53, 0.007, 58.65, -82.05);
insert into SHOT values (6837, 6851, 6855, 2491, 37.800, 187.65, 3.20, 37.806, 187.66, 3.20, 0.008, 234.79, -0.37);
insert into SHOT values (6838, 6851, 6856, 2491, 5.910, 226.05, 13.10, 5.918, 226.05, 13.09, 0.008, 230.31, 3.64);
insert into SHOT values (6839, 6851, 6857, 2491, 15.290, 256.05, 14.70, 15.297, 256.04, 14.69, 0.008, 237.57, 0.29);
insert into SHOT values (6840, 6851, 6858, 2491, 18.700, 270.55, 12.70, 18.698, 270.53, 12.70, 0.005, 160.56, -12.71);
insert into SHOT values (6841, 6851, 6859, 2491, 0.370, 167.05, -85.20, 0.371, 180.00, -85.36, 0.007, 271.43, -10.59);
insert into SHOT values (6842, 6851, 6860, 2491, 1.770, 209.85, 84.20, 1.770, 209.36, 84.05, 0.005, 191.34, -10.73);
insert into SHOT values (6843, 6851, 6861, 2491, 6.220, 138.05, 2.30, 6.215, 138.07, 2.31, 0.005, 294.73, 4.19);
insert into SHOT values (6844, 6861, 6862, 2491, 3.570, 32.85, 1.50, 3.574, 32.89, 1.44, 0.006, 66.30, -36.86);
insert into SHOT values (6845, 6861, 6863, 2491, 6.050, 115.65, 0.90, 6.048, 115.68, 0.85, 0.006, 243.83, -54.75);
insert into SHOT values (6846, 6861, 6864, 2491, 15.520, 155.35, 2.90, 15.524, 155.34, 2.88, 0.008, 116.74, -43.01);
insert into SHOT values (6847, 6861, 6865, 2491, 21.960, 229.55, 11.00, 21.960, 229.53, 11.00, 0.005, 138.56, -1.74);
insert into SHOT values (6848, 6861, 6866, 2491, 21.620, 244.95, 11.20, 21.617, 244.95, 11.20, 0.003, 86.42, 11.62);
insert into SHOT values (6849, 6861, 6867, 2491, 0.590, 203.95, -81.20, 0.597, 206.57, -81.38, 0.008, 306.54, -58.94);
insert into SHOT values (6850, 6861, 6868, 2491, 2.000, 209.45, 82.60, 1.998, 209.48, 82.40, 0.007, 210.54, -26.83);
insert into SHOT values (6851, 6861, 6869, 2491, 23.600, 175.85, -0.60, 23.603, 175.85, -0.61, 0.005, 152.35, -38.35);
insert into SHOT values (6852, 6869, 6870, 2491, 11.670, 140.05, 1.20, 11.665, 140.04, 1.18, 0.006, 333.32, -43.44);
insert into SHOT values (6853, 6869, 6871, 2491, 8.200, 96.75, -0.90, 8.197, 96.73, -0.91, 0.004, 328.13, -16.22);
insert into SHOT values (6854, 6869, 6872, 2491, 11.310, 42.15, 1.10, 11.308, 42.17, 1.11, 0.005, 155.09, 34.81);
insert into SHOT values (6855, 6869, 6873, 2491, 23.390, 306.65, 13.10, 23.392, 306.65, 13.10, 0.003, 305.83, -25.57);
insert into SHOT values (6856, 6869, 6874, 2491, 20.730, 264.75, 14.80, 20.730, 264.76, 14.78, 0.007, 336.72, -48.71);
insert into SHOT values (6857, 6869, 6875, 2491, 12.880, 229.15, 4.40, 12.877, 229.14, 4.41, 0.004, 90.70, 25.81);
insert into SHOT values (6858, 6869, 6876, 2491, 14.060, 189.65, 1.90, 14.057, 189.67, 1.88, 0.009, 306.31, -46.31);
insert into SHOT values (6859, 6869, 6877, 2491, 0.370, 177.25, -78.50, 0.367, 180.00, -79.00, 0.006, 316.11, 26.73);
insert into SHOT values (6860, 6869, 6878, 2491, 2.340, 267.05, 82.70, 2.339, 268.09, 82.63, 0.006, 330.01, -9.57);
insert into SHOT values (6861, 6869, 6879, 2491, 19.480, 162.55, 1.30, 19.481, 162.55, 1.29, 0.002, 197.78, -52.89);
insert into SHOT values (6862, 6879, 6880, 2491, 5.610, 190.25, 3.30, 5.609, 190.29, 3.27, 0.005, 290.82, -37.95);
insert into SHOT values (6863, 6879, 6881, 2491, 4.310, 138.05, 4.60, 4.305, 138.02, 4.66, 0.007, 339.02, 38.60);
insert into SHOT values (6864, 6879, 6882, 2491, 3.770, 74.95, 2.50, 3.773, 74.93, 2.43, 0.006, 55.50, -52.61);
insert into SHOT values (6865, 6879, 6883, 2491, 7.210, 16.85, 2.10, 7.214, 16.85, 2.07, 0.006, 21.37, -43.42);
insert into SHOT values (6866, 6879, 6884, 2491, 6.470, 315.65, 8.60, 6.473, 315.70, 8.62, 0.006, 20.21, 23.03);
insert into SHOT values (6867, 6879, 6885, 2491, 5.980, 271.05, 8.00, 5.979, 271.06, 7.98, 0.003, 26.64, -51.26);
insert into SHOT values (6868, 6879, 6886, 2491, 0.460, 180.45, -82.20, 0.464, 180.00, -82.57, 0.005, 11.39, -59.81);
insert into SHOT values (6869, 6879, 6887, 2491, 2.370, 222.45, 79.40, 2.370, 222.18, 79.50, 0.005, 68.29, 5.54);
insert into SHOT values (6870, 6879, 6888, 2491, 14.040, 253.05, 2.90, 14.038, 253.04, 2.90, 0.003, 122.09, -5.61);
insert into SHOT values (6871, 6888, 6889, 2491, 2.680, 210.65, -5.90, 2.677, 210.71, -5.79, 0.007, 342.98, 56.93);
insert into SHOT values (6872, 6888, 6890, 2491, 2.660, 155.35, -2.60, 2.656, 155.27, -2.59, 0.005, 18.18, 7.09);
insert into SHOT values (6873, 6888, 6891, 2491, 5.590, 123.05, -0.80, 5.581, 123.01, -0.82, 0.010, 328.07, -11.39);
insert into SHOT values (6874, 6888, 6892, 2491, 0.470, 330.45, 2.20, 0.471, 330.71, 2.44, 0.003, 48.59, 41.93);
insert into SHOT values (6875, 6888, 6893, 2491, 1.690, 53.25, 2.10, 1.687, 53.20, 2.04, 0.004, 260.73, -30.84);
insert into SHOT values (6876, 6888, 6894, 2491, 1.470, 341.15, -86.60, 1.473, 341.57, -86.31, 0.008, 346.27, -18.54);
insert into SHOT values (6877, 6888, 6895, 2491, 1.750, 18.45, 79.50, 1.751, 17.88, 79.28, 0.008, 352.97, -5.28);
insert into SHOT values (6878, 6879, 6896, 2491, 8.600, 150.45, -0.30, 8.598, 150.45, -0.27, 0.005, 308.07, 69.46);
insert into SHOT values (6879, 6896, 6897, 2491, 2.670, 98.15, 4.80, 2.676, 98.19, 4.72, 0.008, 114.78, -26.50);
insert into SHOT values (6880, 6896, 6898, 2491, 1.520, 49.95, -1.80, 1.519, 49.81, -1.89, 0.004, 309.28, -30.72);
insert into SHOT values (6881, 6896, 6899, 2491, 2.920, 341.05, -0.70, 2.919, 341.01, -0.79, 0.005, 229.26, -61.78);
insert into SHOT values (6882, 6896, 6900, 2491, 2.270, 279.25, 0.20, 2.270, 279.38, 0.00, 0.009, 5.27, -56.78);
insert into SHOT values (6883, 6896, 6901, 2491, 0.380, 283.05, -86.30, 0.381, 296.57, -86.63, 0.006, 41.07, -7.62);
insert into SHOT values (6884, 6896, 6902, 2491, 2.340, 116.95, 80.70, 2.331, 116.57, 80.62, 0.010, 64.69, -70.80);
insert into SHOT values (6885, 6861, 6903, 2491, 14.960, 89.65, -1.30, 14.964, 89.66, -1.30, 0.005, 112.36, -7.62);
insert into SHOT values (6886, 6903, 6904, 2491, 0.860, 194.35, 2.40, 0.859, 194.85, 2.00, 0.010, 289.08, -38.83);
insert into SHOT values (6887, 6903, 6905, 2491, 1.960, 136.95, 4.50, 1.959, 137.08, 4.39, 0.006, 240.87, -40.43);
insert into SHOT values (6888, 6903, 6906, 2491, 0.290, 30.55, 0.20, 0.287, 29.25, 0.00, 0.007, 271.97, -7.79);
insert into SHOT values (6889, 6903, 6907, 2491, 0.300, 294.55, -68.30, 0.301, 296.57, -68.23, 0.004, 12.91, -17.42);
insert into SHOT values (6890, 6903, 6908, 2491, 4.640, 103.75, 83.50, 4.640, 104.30, 83.49, 0.005, 182.36, -1.92);
insert into SHOT values (6891, 6903, 6909, 2491, 4.790, 95.85, 3.40, 4.783, 95.89, 3.36, 0.008, 247.63, -29.45);
insert into SHOT values (6892, 6909, 6910, 2491, 1.390, 47.55, -3.50, 1.397, 47.62, -3.28, 0.009, 60.59, 33.89);
insert into SHOT values (6893, 6909, 6911, 2491, 1.120, 344.65, 17.50, 1.120, 344.79, 17.67, 0.004, 91.07, 49.08);
insert into SHOT values (6894, 6909, 6912, 2491, 2.310, 312.95, 11.30, 2.308, 313.21, 11.24, 0.011, 50.65, -14.19);
insert into SHOT values (6895, 6909, 6913, 2491, 1.650, 221.05, -2.70, 1.646, 221.05, -2.79, 0.004, 38.40, -30.98);
insert into SHOT values (6896, 6909, 6914, 2491, 2.840, 242.45, 2.00, 2.833, 242.44, 2.02, 0.007, 66.22, 7.21);
insert into SHOT values (6897, 6909, 6915, 2491, 11.440, 182.25, -0.10, 11.438, 182.20, -0.10, 0.009, 82.47, -0.21);
insert into SHOT values (6898, 6909, 6916, 2491, 9.300, 154.55, -0.70, 9.295, 154.51, -0.68, 0.009, 28.38, 25.03);
insert into SHOT values (6899, 6909, 6917, 2491, 4.020, 29.85, 0.10, 4.022, 29.82, 0.14, 0.005, 346.37, 41.41);
insert into SHOT values (6900, 6909, 6918, 2491, 9.090, 346.35, -0.40, 9.096, 346.39, -0.38, 0.009, 37.10, 21.50);
insert into SHOT values (6901, 6909, 6919, 2491, 6.730, 328.55, 0.20, 6.728, 328.55, 0.17, 0.004, 128.86, -60.88);
insert into SHOT values (6902, 6909, 6920, 2491, 0.540, 276.45, -87.30, 0.540, 270.00, -87.88, 0.006, 118.43, -5.71);
insert into SHOT values (6903, 6909, 6921, 2491, 3.640, 131.55, 78.60, 3.642, 131.63, 78.56, 0.004, 151.04, 29.49);
insert into SHOT values (6904, 6909, 6922, 2491, 0.940, 13.55, -30.30, 0.939, 13.52, -30.05, 0.004, 352.37, 76.74);
insert into SHOT values (6905, 6909, 6923, 2491, 1.050, 10.75, 50.70, 1.053, 11.14, 50.29, 0.009, 42.04, -15.86);
insert into SHOT values (6906, 6909, 6924, 2491, 1.830, 31.95, 83.20, 1.834, 32.28, 82.96, 0.009, 41.01, 19.44);
insert into SHOT values (6907, 6909, 6925, 2491, 3.480, 225.65, 83.90, 3.479, 225.00, 83.93, 0.005, 108.58, -3.62);
insert into SHOT values (6908, 6909, 6926, 2491, 0.820, 136.25, 80.00, 0.822, 135.00, 80.10, 0.004, 28.21, 37.17);
insert into SHOT values (6909, 6909, 6927, 2491, 7.180, 90.45, -3.40, 7.183, 90.40, -3.43, 0.008, 25.00, -31.72);
insert into SHOT values (6910, 6927, 6928, 2491, 0.710, 4.55, 5.10, 0.706, 4.90, 5.69, 0.009, 141.72, 47.45);
insert into SHOT values (6911, 6927, 6929, 2491, 1.080, 294.15, 1.30, 1.075, 294.18, 1.60, 0.008, 108.21, 44.95);
insert into SHOT values (6912, 6927, 6930, 2491, 3.510, 66.85, 6.30, 3.512, 66.89, 6.38, 0.006, 127.65, 60.66);
insert into SHOT values (6913, 6927, 6931, 2491, 6.860, 122.75, 2.20, 6.865, 122.74, 2.25, 0.008, 110.99, 53.26);
insert into SHOT values (6914, 6927, 6932, 2491, 4.170, 150.95, 2.80, 4.177, 151.04, 2.88, 0.011, 195.54, 33.98);
insert into SHOT values (6915, 6927, 6933, 2491, 3.780, 203.35, 4.50, 3.779, 203.30, 4.55, 0.005, 93.98, 44.35);
insert into SHOT values (6916, 6927, 6934, 2491, 2.770, 236.55, 5.70, 2.771, 236.54, 5.80, 0.005, 202.22, 81.84);
insert into SHOT values (6917, 6927, 6935, 2491, 0.820, 146.55, -86.00, 0.812, 149.04, -85.88, 0.008, 213.93, 71.09);
insert into SHOT values (6918, 6927, 6936, 2491, 0.570, 141.55, 78.50, 0.571, 142.13, 78.49, 0.002, 213.57, 50.12);
insert into SHOT values (6919, 6927, 6937, 2491, 17.750, 132.75, -0.10, 17.755, 132.74, -0.10, 0.006, 106.15, 9.67);
insert into SHOT values (6920, 6937, 6938, 2491, 1.640, 43.85, 4.50, 1.639, 43.76, 4.55, 0.003, 289.45, 25.54);
insert into SHOT values (6921, 6937, 6939, 2491, 2.250, 347.45, 0.60, 2.244, 347.39, 0.77, 0.009, 189.95, 46.07);
insert into SHOT values (6922, 6937, 6940, 2491, 1.880, 146.75, 9.60, 1.877, 146.91, 9.81, 0.009, 271.59, 45.36);
insert into SHOT values (6923, 6937, 6941, 2491, 1.720, 215.05, 15.30, 1.727, 215.22, 15.45, 0.010, 256.04, 39.37);
insert into SHOT values (6924, 6937, 6942, 2491, 1.830, 261.95, 12.30, 1.830, 261.96, 12.31, 0.001, 40.95, 15.32);
insert into SHOT values (6925, 6937, 6943, 2491, 3.070, 290.75, 6.40, 3.077, 290.69, 6.53, 0.011, 263.24, 47.85);
insert into SHOT values (6926, 6937, 6944, 2491, 0.730, 149.35, -84.20, 0.724, 156.80, -83.96, 0.012, 229.34, 31.98);
insert into SHOT values (6927, 6937, 6945, 2491, 0.930, 272.35, 85.10, 0.933, 270.00, 85.08, 0.005, 190.94, 45.71);
insert into SHOT values (6928, 6937, 6946, 2491, 4.600, 112.35, -6.00, 4.599, 112.36, -5.99, 0.002, 248.32, 33.36);
insert into SHOT values (6929, 6937, 6947, 2491, 2.430, 79.05, -7.40, 2.424, 78.97, -7.35, 0.007, 290.58, 25.34);
insert into SHOT values (6930, 6937, 6948, 2491, 5.720, 219.65, 1.00, 5.725, 219.61, 1.00, 0.006, 186.61, 1.52);
insert into SHOT values (6931, 6937, 6949, 2491, 3.950, 265.15, -0.40, 3.955, 265.07, -0.29, 0.011, 215.48, 46.00);
insert into SHOT values (6932, 6937, 6950, 2491, 16.980, 170.75, 4.20, 16.986, 170.76, 4.22, 0.009, 202.71, 45.23);
insert into SHOT values (6933, 6950, 6951, 2491, 5.380, 88.95, -3.00, 5.378, 88.93, -2.98, 0.003, 309.61, 35.03);
insert into SHOT values (6934, 6950, 6952, 2491, 9.040, 55.15, -5.90, 9.042, 55.14, -5.90, 0.002, 26.42, -24.71);
insert into SHOT values (6935, 6950, 6953, 2491, 8.400, 20.75, -6.90, 8.400, 20.72, -6.91, 0.005, 291.39, -10.40);
insert into SHOT values (6936, 6950, 6954, 2491, 4.250, 219.35, -10.80, 4.246, 219.45, -10.86, 0.010, 339.76, -22.26);
insert into SHOT values (6937, 6950, 6955, 2491, 4.830, 258.45, -5.20, 4.827, 258.48, -5.23, 0.005, 40.09, -28.19);
insert into SHOT values (6938, 6950, 6956, 2491, 6.600, 303.75, -4.00, 6.606, 303.74, -3.99, 0.006, 292.31, 3.72);
insert into SHOT values (6939, 6950, 6957, 2491, 6.480, 324.85, -5.90, 6.480, 324.86, -5.94, 0.004, 101.48, -75.13);
insert into SHOT values (6940, 6950, 6958, 2491, 1.030, 287.95, -86.30, 1.033, 285.95, -85.96, 0.007, 265.92, -17.56);
insert into SHOT values (6941, 6950, 6959, 2491, 1.340, 277.65, 82.70, 1.341, 280.01, 82.60, 0.007, 350.34, 6.60);
insert into SHOT values (6942, 6950, 6960, 2491, 1.170, 138.25, -3.60, 1.171, 138.12, -3.92, 0.007, 64.79, -67.61);
insert into SHOT values (6943, 6950, 6961, 2491, 15.520, 138.25, -3.70, 15.514, 138.25, -3.70, 0.006, 324.21, 15.72);
insert into SHOT values (6944, 6961, 6962, 2491, 6.130, 74.55, 4.30, 6.129, 74.53, 4.30, 0.002, 308.60, 9.31);
insert into SHOT values (6945, 6961, 6963, 2491, 6.930, 33.75, 3.00, 6.929, 33.80, 2.98, 0.007, 128.86, -21.53);
insert into SHOT values (6946, 6961, 6964, 2491, 10.030, 4.25, 3.30, 10.024, 4.24, 3.26, 0.010, 197.55, -50.21);
insert into SHOT values (6947, 6961, 6965, 2491, 18.790, 332.65, 4.30, 18.788, 332.64, 4.27, 0.009, 208.83, -72.68);
insert into SHOT values (6948, 6961, 6966, 2491, 0.160, 176.95, 6.20, 0.161, 176.42, 3.57, 0.008, 127.15, -75.20);
insert into SHOT values (6949, 6961, 6967, 2491, 7.410, 213.45, 6.20, 7.413, 213.43, 6.20, 0.003, 172.81, -4.58);
insert into SHOT values (6950, 6961, 6968, 2491, 7.820, 240.75, 5.20, 7.817, 240.70, 5.14, 0.011, 133.78, -53.04);
insert into SHOT values (6951, 6961, 6969, 2491, 7.110, 270.65, 4.70, 7.104, 270.65, 4.68, 0.006, 92.31, -24.60);
insert into SHOT values (6952, 6961, 6970, 2491, 13.690, 296.25, 1.90, 13.688, 296.25, 1.88, 0.004, 130.11, -62.14);
insert into SHOT values (6953, 6961, 6971, 2491, 0.260, 180.15, -80.00, 0.265, 180.00, -79.11, 0.006, 178.62, -39.14);
insert into SHOT values (6954, 6961, 6972, 2491, 1.560, 221.15, 87.60, 1.551, 218.66, 87.63, 0.009, 105.17, -70.28);
insert into SHOT values (6955, 6961, 6973, 2491, 5.390, 123.15, 4.60, 5.392, 123.16, 4.57, 0.004, 141.30, -39.29);
insert into SHOT values (6956, 6973, 6974, 2491, 11.940, 126.15, -0.10, 11.937, 126.14, -0.10, 0.004, 336.31, 13.54);
insert into SHOT values (6957, 6973, 6975, 2491, 8.770, 99.95, 1.60, 8.764, 99.92, 1.57, 0.008, 313.86, -36.45);
insert into SHOT values (6958, 6973, 6976, 2491, 4.300, 58.45, 0.60, 4.296, 58.42, 0.53, 0.007, 271.36, -50.54);
insert into SHOT values (6959, 6973, 6977, 2491, 5.430, 12.75, 2.40, 5.429, 12.78, 2.43, 0.004, 118.16, 39.63);
insert into SHOT values (6960, 6973, 6978, 2491, 9.470, 351.75, 1.10, 9.470, 351.74, 1.09, 0.002, 258.31, -56.57);
insert into SHOT values (6961, 6973, 6979, 2491, 11.880, 190.65, 1.90, 11.880, 190.63, 1.88, 0.006, 103.95, -42.86);
insert into SHOT values (6962, 6973, 6980, 2491, 7.900, 220.85, 2.10, 7.896, 220.84, 2.10, 0.004, 62.93, 7.19);
insert into SHOT values (6963, 6973, 6981, 2491, 10.250, 250.85, 2.10, 10.253, 250.86, 2.07, 0.007, 275.96, -55.80);
insert into SHOT values (6964, 6973, 6982, 2491, 12.460, 273.65, 1.00, 12.457, 273.64, 1.01, 0.005, 134.70, 32.39);
insert into SHOT values (6965, 6973, 6983, 2491, 0.320, 338.15, -86.10, 0.321, 333.43, -86.00, 0.002, 263.95, -21.21);
insert into SHOT values (6966, 6973, 6984, 2491, 1.440, 289.05, 75.60, 1.436, 289.44, 75.46, 0.006, 334.39, -53.97);
insert into SHOT values (6967, 6973, 6985, 2491, 11.310, 153.45, -1.60, 11.306, 153.46, -1.62, 0.006, 312.11, -41.03);
insert into SHOT values (6968, 6985, 6986, 2491, 5.200, 83.85, 3.00, 5.206, 83.93, 2.97, 0.010, 132.51, -12.70);
insert into SHOT values (6969, 6985, 6987, 2491, 5.370, 56.45, 4.70, 5.371, 56.43, 4.70, 0.002, 352.76, -0.27);
insert into SHOT values (6970, 6985, 6988, 2491, 8.050, 28.05, 4.20, 8.048, 28.10, 4.20, 0.007, 138.08, 3.39);
insert into SHOT values (6971, 6985, 6989, 2491, 10.080, 273.65, 4.00, 10.075, 273.65, 4.04, 0.009, 89.07, 53.55);
insert into SHOT values (6972, 6985, 6990, 2491, 5.290, 240.25, 5.00, 5.288, 240.17, 4.99, 0.007, 133.10, -8.36);
insert into SHOT values (6973, 6985, 6991, 2491, 9.990, 204.45, 3.40, 9.988, 204.41, 3.39, 0.008, 103.65, -18.05);
insert into SHOT values (6974, 6985, 6992, 2491, 8.060, 153.95, 4.30, 8.060, 153.95, 4.34, 0.006, 15.91, 82.36);
insert into SHOT values (6975, 6985, 6993, 2491, 0.410, 311.35, -82.90, 0.402, 315.00, -83.95, 0.011, 113.39, 38.04);
insert into SHOT values (6976, 6985, 6994, 2491, 1.750, 73.05, 86.60, 1.753, 73.30, 86.59, 0.003, 109.76, 75.99);
insert into SHOT values (6977, 6985, 6995, 2491, 12.350, 112.05, 0.50, 12.355, 112.06, 0.51, 0.006, 137.98, 22.21);
insert into SHOT values (6978, 6995, 6996, 2491, 1.180, 125.05, -1.00, 1.185, 125.03, -0.97, 0.005, 120.84, 7.05);
insert into SHOT values (6979, 6995, 6997, 2491, 1.340, 38.95, 3.00, 1.339, 38.93, 3.00, 0.001, 239.72, -5.34);
insert into SHOT values (6980, 6995, 6998, 2491, 2.600, 307.35, 5.00, 2.600, 307.31, 5.07, 0.004, 216.32, 64.15);
insert into SHOT values (6981, 6995, 6999, 2491, 2.420, 256.55, 11.40, 2.423, 256.61, 11.43, 0.004, 303.00, 26.41);
insert into SHOT values (6982, 6995, 7000, 2491, 1.910, 209.65, 4.00, 1.903, 209.67, 3.92, 0.007, 23.32, -26.77);
insert into SHOT values (6983, 6995, 7001, 2491, 0.730, 234.35, -44.70, 0.726, 234.46, -44.66, 0.005, 33.90, 49.89);
insert into SHOT values (6984, 6995, 7002, 2491, 1.850, 240.85, 73.80, 1.853, 240.95, 73.87, 0.004, 28.14, 65.06);
insert into SHOT values (6985, 6995, 7003, 2491, 6.480, 184.55, 0.80, 6.481, 184.51, 0.80, 0.004, 105.09, -6.78);
insert into SHOT values (6986, 7003, 7004, 2491, 2.380, 91.45, -2.40, 2.373, 91.45, -2.42, 0.007, 270.95, -2.69);
insert into SHOT values (6987, 7003, 7005, 2491, 0.540, 53.45, -8.70, 0.534, 52.70, -8.62, 0.009, 283.46, 10.52);
insert into SHOT values (6988, 7003, 7006, 2491, 2.820, 312.35, 9.70, 2.830, 312.38, 9.77, 0.011, 322.97, 27.38);
insert into SHOT values (6989, 7003, 7007, 2491, 4.470, 273.75, 14.40, 4.470, 273.84, 14.38, 0.007, 2.50, -13.33);
insert into SHOT values (6990, 7003, 7008, 2491, 4.770, 238.05, 5.70, 4.771, 238.08, 5.65, 0.005, 303.85, -49.38);
insert into SHOT values (6991, 7003, 7009, 2491, 3.900, 186.65, 5.80, 3.896, 186.67, 5.75, 0.006, 349.03, -45.75);
insert into SHOT values (6992, 7003, 7010, 2491, 0.630, 208.05, -76.50, 0.628, 208.30, -76.39, 0.003, 256.47, 71.49);
insert into SHOT values (6993, 7003, 7011, 2491, 2.010, 210.35, 75.90, 2.010, 210.76, 75.93, 0.004, 314.72, 8.69);
insert into SHOT values (6994, 7003, 7012, 2491, 9.670, 149.15, -2.10, 9.662, 149.16, -2.08, 0.009, 317.80, 27.70);
insert into SHOT values (6995, 7012, 7013, 2491, 2.060, 64.75, 12.40, 2.060, 64.71, 12.33, 0.003, 10.04, -53.34);
insert into SHOT values (6996, 7012, 7014, 2491, 1.900, 29.55, 13.30, 1.899, 29.48, 13.09, 0.007, 307.71, -71.50);
insert into SHOT values (6997, 7012, 7015, 2491, 3.520, 0.25, 8.60, 3.519, 0.33, 8.50, 0.008, 94.55, -52.36);
insert into SHOT values (6998, 7012, 7016, 2491, 1.540, 141.45, 9.90, 1.545, 141.40, 9.69, 0.007, 128.22, -39.54);
insert into SHOT values (6999, 7012, 7017, 2491, 2.210, 206.65, 9.80, 2.214, 206.68, 9.62, 0.008, 222.09, -51.92);
insert into SHOT values (7000, 7012, 7018, 2491, 3.710, 260.95, 8.00, 3.711, 260.92, 7.90, 0.007, 222.42, -66.55);
insert into SHOT values (7001, 7012, 7019, 2491, 0.760, 333.65, -74.00, 0.757, 333.43, -74.59, 0.008, 158.86, 3.86);
insert into SHOT values (7002, 7012, 7020, 2491, 0.620, 269.95, 81.90, 0.617, 270.00, 81.61, 0.005, 271.70, -55.29);
insert into SHOT values (7003, 7012, 7021, 2491, 9.970, 92.45, -0.10, 9.969, 92.47, -0.11, 0.005, 192.32, -32.20);
insert into SHOT values (7004, 7021, 7022, 2491, 1.710, 103.05, 15.80, 1.715, 102.94, 15.56, 0.009, 78.09, -37.68);
insert into SHOT values (7005, 7021, 7023, 2491, 1.790, 100.15, 13.30, 1.795, 100.22, 13.20, 0.006, 120.12, -16.38);
insert into SHOT values (7006, 7021, 7024, 2491, 1.690, 329.25, 20.80, 1.693, 329.22, 20.76, 0.003, 316.03, -2.36);
insert into SHOT values (7007, 7021, 7025, 2491, 3.070, 294.85, 9.90, 3.066, 294.87, 9.95, 0.005, 101.52, 26.40);
insert into SHOT values (7008, 7021, 7026, 2491, 2.320, 176.15, -4.30, 2.323, 176.04, -4.44, 0.008, 110.84, -50.80);
insert into SHOT values (7009, 7021, 7027, 2491, 2.990, 216.65, 6.20, 2.983, 216.64, 6.16, 0.007, 41.49, -24.14);
insert into SHOT values (7010, 7021, 7028, 2491, 3.580, 251.65, 7.00, 3.577, 251.62, 6.90, 0.007, 115.90, -65.26);
insert into SHOT values (7011, 7021, 7029, 2491, 1.630, 212.15, -48.20, 1.634, 212.23, -48.28, 0.005, 265.83, -68.85);
insert into SHOT values (7012, 7021, 7030, 2491, 0.790, 156.65, 71.60, 0.791, 156.50, 71.51, 0.002, 132.46, 13.85);
insert into SHOT values (7013, 7021, 7031, 2491, 4.070, 158.65, -16.40, 4.073, 158.69, -16.40, 0.004, 203.30, -12.62);
insert into SHOT values (7014, 7031, 7032, 2491, 0.620, 196.25, 22.00, 0.617, 196.22, 21.88, 0.003, 24.15, -47.41);
insert into SHOT values (7015, 7031, 7033, 2491, 1.420, 294.55, 18.90, 1.419, 294.66, 18.92, 0.003, 47.39, 0.78);
insert into SHOT values (7016, 7031, 7034, 2491, 2.420, 126.95, 2.90, 2.425, 126.78, 2.84, 0.009, 71.73, -15.26);
insert into SHOT values (7017, 7031, 7035, 2491, 1.460, 85.85, 6.80, 1.464, 85.66, 6.67, 0.007, 38.87, -23.85);
insert into SHOT values (7018, 7031, 7036, 2491, 1.550, 11.95, 13.30, 1.556, 12.20, 13.37, 0.009, 61.08, 21.26);
insert into SHOT values (7019, 7031, 7037, 2491, 0.830, 99.15, -87.30, 0.831, 90.00, -87.24, 0.006, 12.68, -8.23);
insert into SHOT values (7020, 7031, 7038, 2491, 0.350, 155.25, 75.90, 0.349, 150.26, 76.66, 0.009, 30.06, 3.63);
insert into SHOT values (7021, 7031, 7039, 2491, 7.450, 147.85, -2.00, 7.451, 147.78, -2.00, 0.009, 64.94, 0.01);
insert into SHOT values (7022, 7039, 7040, 2491, 2.560, 86.25, 9.40, 2.560, 86.14, 9.44, 0.005, 357.43, 21.59);
insert into SHOT values (7023, 7039, 7041, 2491, 0.760, 42.05, -3.80, 0.752, 41.76, -3.81, 0.009, 248.47, 2.48);
insert into SHOT values (7024, 7039, 7042, 2491, 1.440, 337.05, 8.90, 1.442, 336.85, 8.78, 0.006, 269.57, -27.99);
insert into SHOT values (7025, 7039, 7043, 2491, 1.170, 287.65, 11.40, 1.177, 287.65, 11.27, 0.008, 287.87, -9.63);
insert into SHOT values (7026, 7039, 7044, 2491, 0.700, 123.95, -2.00, 0.700, 123.92, -2.46, 0.006, 334.52, -82.33);
insert into SHOT values (7027, 7039, 7045, 2491, 0.530, 77.35, -75.80, 0.525, 75.96, -76.37, 0.008, 282.54, 28.45);
insert into SHOT values (7028, 7039, 7046, 2491, 0.370, 74.05, 82.90, 0.372, 75.96, 83.64, 0.006, 237.11, 30.96);
insert into SHOT values (7029, 7039, 7047, 2491, 0.530, 66.35, -82.50, 0.534, 63.43, -82.79, 0.006, 303.72, -48.23);
insert into SHOT values (7030, 7039, 7048, 2491, 4.550, 97.45, 9.70, 4.543, 97.44, 9.76, 0.008, 281.32, 24.97);
insert into SHOT values (7031, 7048, 7049, 2491, 1.550, 133.35, -0.30, 1.549, 133.17, -0.37, 0.005, 35.93, -21.06);
insert into SHOT values (7032, 7048, 7050, 2491, 0.590, 200.15, 0.30, 0.585, 199.98, 0.00, 0.006, 39.71, -31.45);
insert into SHOT values (7033, 7048, 7051, 2491, 1.430, 242.45, -2.50, 1.424, 242.35, -2.82, 0.010, 83.06, -48.79);
insert into SHOT values (7034, 7048, 7052, 2491, 1.970, 266.05, -4.30, 1.971, 265.91, -4.37, 0.005, 182.66, -26.30);
insert into SHOT values (7035, 7048, 7053, 2491, 0.310, 333.85, -0.30, 0.309, 335.10, -1.86, 0.011, 75.31, -50.72);
insert into SHOT values (7036, 7048, 7054, 2491, 0.640, 274.35, -87.30, 0.641, 270.00, -87.32, 0.002, 178.46, -17.26);
insert into SHOT values (7037, 7048, 7055, 2491, 0.940, 157.35, 83.70, 0.936, 158.20, 83.39, 0.006, 176.73, -41.93);
insert into SHOT values (7038, 7048, 7056, 2491, 4.990, 118.25, -5.50, 4.994, 118.21, -5.52, 0.005, 78.87, -20.50);
insert into SHOT values (7039, 7056, 7057, 2491, 2.430, 81.65, 4.60, 2.423, 81.67, 4.50, 0.008, 254.48, -35.95);
insert into SHOT values (7040, 7056, 7058, 2491, 1.070, 39.85, 5.40, 1.070, 39.67, 5.36, 0.003, 310.08, -11.69);
insert into SHOT values (7041, 7056, 7059, 2491, 1.310, 342.55, 6.60, 1.309, 342.54, 6.58, 0.002, 169.68, -21.45);
insert into SHOT values (7042, 7056, 7060, 2491, 1.480, 279.95, -0.10, 1.481, 279.72, 0.00, 0.007, 201.62, 22.87);
insert into SHOT values (7043, 7056, 7061, 2491, 0.580, 209.25, 15.60, 0.579, 208.86, 15.01, 0.007, 131.26, -56.70);
insert into SHOT values (7044, 7056, 7062, 2491, 1.000, 131.35, 17.70, 0.995, 131.58, 17.54, 0.007, 263.01, -37.77);
insert into SHOT values (7045, 7056, 7063, 2491, 2.410, 104.45, 1.80, 2.407, 104.44, 1.67, 0.006, 291.44, -63.69);
insert into SHOT values (7046, 7056, 7064, 2491, 0.550, 330.35, -42.30, 0.547, 330.26, -42.55, 0.004, 160.48, 2.40);
insert into SHOT values (7047, 7056, 7065, 2491, 0.900, 343.95, 71.30, 0.898, 344.05, 71.09, 0.004, 355.42, -42.61);
insert into SHOT values (7048, 7056, 7066, 2491, 4.020, 99.45, 4.80, 4.018, 99.49, 4.71, 0.007, 213.20, -66.05);
insert into SHOT values (7049, 7066, 7067, 2491, 1.520, 165.85, 0.80, 1.516, 165.87, 1.13, 0.010, 337.06, 65.23);
insert into SHOT values (7050, 7066, 7068, 2491, 1.350, 217.75, -0.50, 1.354, 217.80, -0.42, 0.005, 233.97, 22.01);
insert into SHOT values (7051, 7066, 7069, 2491, 0.860, 247.35, 2.60, 0.857, 247.33, 2.67, 0.003, 73.13, 18.36);
insert into SHOT values (7052, 7066, 7070, 2491, 0.490, 126.35, -4.10, 0.487, 126.63, -3.53, 0.006, 264.97, 53.96);
insert into SHOT values (7053, 7066, 7071, 2491, 1.050, 317.55, -0.40, 1.055, 317.69, 0.00, 0.009, 346.10, 53.45);
insert into SHOT values (7054, 7066, 7072, 2491, 0.740, 233.25, -66.60, 0.732, 234.69, -66.30, 0.012, 322.27, 51.03);
insert into SHOT values (7055, 7066, 7073, 2491, 0.590, 198.85, 60.40, 0.593, 198.43, 61.31, 0.010, 35.60, 44.46);
insert into SHOT values (7056, 7066, 7074, 2491, 2.010, 138.75, 0.50, 2.012, 138.63, 0.57, 0.005, 76.79, 26.84);
insert into SHOT values (7057, 7074, 7075, 2491, 1.630, 79.25, -0.20, 1.628, 79.38, 0.00, 0.007, 198.71, 52.95);
insert into SHOT values (7058, 7074, 7076, 2491, 0.760, 32.35, 7.60, 0.761, 32.01, 7.55, 0.005, 319.33, -6.21);
insert into SHOT values (7059, 7074, 7077, 2491, 1.040, 329.25, 5.70, 1.042, 329.23, 6.06, 0.007, 306.88, 80.85);
insert into SHOT values (7060, 7074, 7078, 2491, 0.550, 119.65, 5.60, 0.545, 119.88, 6.32, 0.009, 277.74, 47.69);
insert into SHOT values (7061, 7074, 7079, 2491, 1.060, 273.95, 2.40, 1.063, 273.78, 2.69, 0.007, 229.60, 51.14);
insert into SHOT values (7062, 7074, 7080, 2491, 0.680, 40.75, -48.00, 0.671, 40.46, -48.21, 0.010, 236.10, 32.32);
insert into SHOT values (7063, 7074, 7081, 2491, 0.970, 333.75, 69.00, 0.975, 332.70, 69.03, 0.008, 254.22, 34.30);
insert into SHOT values (7064, 7074, 7082, 2491, 4.110, 101.25, 3.50, 4.106, 101.26, 3.49, 0.004, 273.81, -14.43);
insert into SHOT values (7065, 7082, 7083, 2491, 0.950, 149.45, -2.20, 0.951, 149.66, -1.81, 0.007, 225.58, 61.22);
insert into SHOT values (7066, 7082, 7084, 2491, 0.630, 192.15, -4.60, 0.626, 192.03, -4.58, 0.004, 28.89, 6.71);
insert into SHOT values (7067, 7082, 7085, 2491, 0.570, 261.85, -2.70, 0.566, 261.87, -2.02, 0.008, 78.60, 61.71);
insert into SHOT values (7068, 7082, 7086, 2491, 1.500, 298.25, -1.20, 1.499, 298.27, -1.15, 0.002, 79.02, 52.57);
insert into SHOT values (7069, 7082, 7087, 2491, 0.390, 333.85, -7.60, 0.392, 334.09, -7.32, 0.003, 7.22, 27.60);
insert into SHOT values (7070, 7082, 7088, 2491, 0.870, 286.45, -62.10, 0.870, 285.75, -62.24, 0.005, 175.25, -11.99);
insert into SHOT values (7071, 7082, 7089, 2491, 0.520, 283.35, 72.40, 0.524, 284.93, 72.75, 0.006, 38.90, 42.41);
insert into SHOT values (7072, 7082, 7090, 2491, 3.850, 113.45, -11.30, 3.845, 113.44, -11.25, 0.006, 302.96, 45.80);
insert into SHOT values (7073, 7090, 7091, 2491, 1.520, 39.95, 2.50, 1.520, 40.19, 2.26, 0.009, 130.08, -44.34);
insert into SHOT values (7074, 7090, 7092, 2491, 0.760, 357.55, 0.40, 0.761, 357.74, 0.00, 0.006, 74.09, -63.86);
insert into SHOT values (7075, 7090, 7093, 2491, 1.400, 310.35, 5.50, 1.397, 310.33, 5.34, 0.005, 137.49, -54.01);
insert into SHOT values (7076, 7090, 7094, 2491, 2.380, 295.55, 5.60, 2.373, 295.59, 5.56, 0.008, 102.38, -17.33);
insert into SHOT values (7077, 7090, 7095, 2491, 1.520, 266.95, 11.80, 1.514, 266.91, 11.81, 0.006, 97.90, -8.15);
insert into SHOT values (7078, 7090, 7096, 2491, 0.440, 246.45, 20.70, 0.434, 245.32, 20.22, 0.011, 127.15, -31.08);
insert into SHOT values (7079, 7090, 7097, 2491, 1.270, 85.45, 9.00, 1.270, 85.43, 9.06, 0.001, 318.63, 65.03);
insert into SHOT values (7080, 7090, 7098, 2491, 0.490, 41.75, -54.90, 0.490, 42.14, -54.70, 0.003, 94.97, 20.42);
insert into SHOT values (7081, 7090, 7099, 2491, 1.290, 32.65, 48.80, 1.287, 32.94, 48.91, 0.006, 163.71, -6.18);
insert into SHOT values (7082, 7090, 7100, 2491, 6.960, 80.65, 8.60, 6.960, 80.63, 8.59, 0.002, 350.85, -22.74);
insert into SHOT values (7083, 7100, 7101, 2491, 2.140, 103.35, 12.00, 2.144, 103.51, 11.84, 0.009, 153.73, -33.34);
insert into SHOT values (7084, 7100, 7102, 2491, 3.110, 127.25, 10.80, 3.109, 127.28, 10.75, 0.003, 242.02, -54.14);
insert into SHOT values (7085, 7100, 7103, 2491, 1.870, 153.55, 11.30, 1.879, 153.57, 11.35, 0.010, 158.85, 22.11);
insert into SHOT values (7086, 7100, 7104, 2491, 0.970, 200.45, -5.10, 0.972, 199.93, -5.31, 0.010, 122.04, -22.97);
insert into SHOT values (7087, 7100, 7105, 2491, 2.480, 241.25, -4.40, 2.482, 241.26, -4.39, 0.002, 254.07, 6.71);
insert into SHOT values (7088, 7100, 7106, 2491, 3.460, 257.35, -4.70, 3.456, 257.25, -4.65, 0.008, 135.65, 27.84);
insert into SHOT values (7089, 7100, 7107, 2491, 2.120, 286.15, -9.30, 2.119, 286.10, -9.23, 0.003, 192.40, 53.37);
insert into SHOT values (7090, 7100, 7108, 2491, 0.550, 323.25, 10.20, 0.545, 323.34, 10.57, 0.006, 133.72, 25.83);
insert into SHOT values (7091, 7100, 7109, 2491, 0.730, 31.25, 26.70, 0.726, 31.72, 27.04, 0.008, 167.39, 14.48);
insert into SHOT values (7092, 7100, 7110, 2491, 0.610, 214.95, -60.10, 0.610, 214.22, -60.30, 0.004, 100.26, -15.66);
insert into SHOT values (7093, 7100, 7111, 2491, 1.660, 198.95, 71.10, 1.659, 198.43, 71.10, 0.005, 107.32, -5.94);
insert into SHOT values (7094, 7100, 7112, 2491, 4.900, 110.05, 9.70, 4.903, 110.08, 9.63, 0.008, 146.90, -48.13);
insert into SHOT values (7095, 7112, 7113, 2491, 1.310, 165.45, 1.60, 1.313, 165.43, 1.75, 0.004, 158.41, 51.68);
insert into SHOT values (7096, 7112, 7114, 2491, 1.000, 208.35, 1.00, 0.998, 208.11, 1.15, 0.005, 90.72, 28.13);
insert into SHOT values (7097, 7112, 7115, 2491, 2.140, 120.85, -3.90, 2.140, 121.01, -3.75, 0.008, 209.84, 42.77);
insert into SHOT values (7098, 7112, 7116, 2491, 0.380, 2.15, 8.60, 0.385, 1.51, 8.97, 0.007, 317.98, 27.48);
insert into SHOT values (7099, 7112, 7117, 2491, 0.350, 3.75, 9.50, 0.346, 3.37, 9.99, 0.006, 209.94, 23.45);
insert into SHOT values (7100, 7112, 7118, 2491, 1.460, 296.15, 11.70, 1.458, 296.21, 11.88, 0.005, 90.98, 49.61);
insert into SHOT values (7101, 7112, 7119, 2491, 1.830, 267.85, -2.90, 1.834, 267.81, -2.81, 0.005, 249.02, 33.61);
insert into SHOT values (7102, 7112, 7120, 2491, 0.570, 247.85, -58.10, 0.566, 248.55, -57.92, 0.005, 344.03, 46.49);
insert into SHOT values (7103, 7112, 7121, 2491, 1.250, 187.95, 78.40, 1.256, 186.84, 78.43, 0.007, 102.65, 48.60);
insert into SHOT values (7104, 7112, 7122, 2491, 6.960, 139.85, -1.30, 6.963, 139.84, -1.23, 0.009, 114.97, 65.34);
insert into SHOT values (7105, 7122, 7123, 2491, 5.250, 121.15, 1.80, 5.247, 121.11, 1.75, 0.007, 348.40, -48.31);
insert into SHOT values (7106, 7122, 7124, 2491, 3.970, 86.45, -0.30, 3.968, 86.39, -0.29, 0.005, 330.43, 9.49);
insert into SHOT values (7107, 7122, 7125, 2491, 2.810, 45.85, -1.50, 2.809, 45.72, -1.63, 0.009, 301.38, -45.04);
insert into SHOT values (7108, 7122, 7126, 2491, 2.380, 341.05, -1.50, 2.382, 340.88, -1.68, 0.011, 268.27, -46.41);
insert into SHOT values (7109, 7122, 7127, 2491, 2.410, 278.15, 8.40, 2.410, 278.20, 8.35, 0.003, 2.08, -44.92);
insert into SHOT values (7110, 7122, 7128, 2491, 3.070, 236.95, 13.00, 3.071, 237.00, 12.98, 0.003, 297.69, -11.01);
insert into SHOT values (7111, 7122, 7129, 2491, 3.850, 212.95, 8.90, 3.848, 212.98, 8.82, 0.006, 326.23, -68.36);
insert into SHOT values (7112, 7122, 7130, 2491, 4.720, 189.75, 7.20, 4.716, 189.84, 7.19, 0.009, 306.10, -10.18);
insert into SHOT values (7113, 7122, 7131, 2491, 6.160, 168.95, 5.20, 6.157, 169.00, 5.12, 0.010, 278.50, -54.11);
insert into SHOT values (7114, 7122, 7132, 2491, 5.850, 157.25, 4.80, 5.843, 157.27, 4.81, 0.007, 323.02, 3.75);
insert into SHOT values (7115, 7122, 7133, 2491, 0.830, 212.15, -26.80, 0.837, 212.41, -26.99, 0.009, 244.58, -42.04);
insert into SHOT values (7116, 7122, 7134, 2491, 0.670, 148.35, 73.90, 0.666, 150.64, 74.00, 0.009, 256.24, -25.74);
insert into SHOT values (7117, 7122, 7135, 2491, 8.520, 132.75, 0.70, 8.514, 132.76, 0.67, 0.008, 294.76, -31.36);
insert into SHOT values (7118, 7135, 7136, 2491, 5.050, 318.15, 6.40, 5.052, 318.15, 6.36, 0.004, 317.72, -50.12);
insert into SHOT values (7119, 7135, 7137, 2491, 2.880, 329.75, 7.50, 2.876, 329.66, 7.59, 0.008, 192.83, 31.38);
insert into SHOT values (7120, 7135, 7138, 2491, 1.950, 26.85, 16.00, 1.950, 26.98, 16.08, 0.005, 124.99, 30.95);
insert into SHOT values (7121, 7135, 7139, 2491, 1.830, 258.45, 1.20, 1.828, 258.32, 1.25, 0.005, 145.01, 20.70);
insert into SHOT values (7122, 7135, 7140, 2491, 0.720, 197.25, 3.00, 0.722, 196.93, 3.17, 0.005, 136.07, 26.67);
insert into SHOT values (7123, 7135, 7141, 2491, 2.010, 102.05, 3.70, 2.009, 102.09, 3.71, 0.002, 231.29, 7.94);
insert into SHOT values (7124, 7135, 7142, 2491, 0.800, 21.35, -35.20, 0.801, 21.48, -35.06, 0.003, 60.54, 26.29);
insert into SHOT values (7125, 7135, 7143, 2491, 2.370, 9.35, 51.60, 2.371, 9.40, 51.69, 0.004, 161.38, 44.33);
insert into SHOT values (7126, 7135, 7144, 2491, 13.000, 100.95, 1.40, 13.001, 100.96, 1.41, 0.003, 165.00, 54.42);
insert into SHOT values (7127, 7144, 7145, 2491, 8.180, 136.75, 1.30, 8.187, 136.73, 1.26, 0.009, 118.84, -36.91);
insert into SHOT values (7128, 7144, 7146, 2491, 3.320, 181.25, 2.80, 3.325, 181.21, 2.76, 0.006, 154.52, -22.51);
insert into SHOT values (7129, 7144, 7147, 2491, 3.710, 241.75, 4.10, 3.709, 241.77, 4.02, 0.006, 349.40, -72.84);
insert into SHOT values (7130, 7144, 7148, 2491, 5.680, 281.95, 2.80, 5.679, 281.90, 2.83, 0.005, 176.25, 29.00);
insert into SHOT values (7131, 7144, 7149, 2491, 5.570, 310.95, 2.90, 5.571, 310.99, 2.88, 0.005, 21.07, -21.87);
insert into SHOT values (7132, 7144, 7150, 2491, 4.320, 359.05, 2.40, 4.324, 359.07, 2.39, 0.005, 20.73, -10.90);
insert into SHOT values (7133, 7144, 7151, 2491, 4.530, 45.05, 4.20, 4.530, 45.09, 4.18, 0.004, 124.83, -28.32);
insert into SHOT values (7134, 7144, 7152, 2491, 7.070, 67.85, 4.60, 7.074, 67.84, 4.62, 0.005, 46.01, 36.42);
insert into SHOT values (7135, 7144, 7153, 2491, 8.140, 87.55, 4.40, 8.141, 87.53, 4.37, 0.006, 26.22, -54.48);
insert into SHOT values (7136, 7144, 7154, 2491, 0.300, 51.25, -52.30, 0.304, 53.75, -52.22, 0.009, 124.91, -17.31);
insert into SHOT values (7137, 7144, 7155, 2491, 1.990, 144.75, 72.60, 1.993, 144.46, 72.42, 0.008, 121.67, 7.87);
insert into SHOT values (7138, 7144, 7156, 2491, 14.490, 111.15, 1.40, 14.491, 111.16, 1.38, 0.005, 180.36, -47.26);
insert into SHOT values (7139, 7156, 7157, 2491, 4.610, 181.15, -0.10, 4.611, 181.12, -0.12, 0.003, 111.11, -37.01);
insert into SHOT values (7140, 7156, 7158, 2491, 5.410, 224.15, -0.60, 5.410, 224.18, -0.53, 0.007, 309.26, 68.61);
insert into SHOT values (7141, 7156, 7159, 2491, 4.580, 20.95, 3.30, 4.582, 21.01, 3.38, 0.008, 91.90, 50.60);
insert into SHOT values (7142, 7156, 7160, 2491, 5.560, 340.35, 0.30, 5.564, 340.36, 0.31, 0.004, 356.68, 12.79);
insert into SHOT values (7143, 7156, 7161, 2491, 7.790, 327.55, 0.10, 7.795, 327.57, 0.15, 0.009, 359.74, 44.86);
insert into SHOT values (7144, 7156, 7162, 2491, 13.780, 307.75, 1.00, 13.780, 307.78, 1.00, 0.007, 39.27, -4.23);
insert into SHOT values (7145, 7156, 7163, 2491, 11.160, 266.35, -0.90, 11.154, 266.35, -0.87, 0.008, 84.02, 41.40);
insert into SHOT values (7146, 7156, 7164, 2491, 0.760, 325.45, -48.10, 0.758, 325.38, -47.65, 0.006, 312.57, 62.84);
insert into SHOT values (7147, 7156, 7165, 2491, 2.850, 264.45, 83.50, 2.848, 264.64, 83.52, 0.002, 42.68, -45.58);
insert into SHOT values (7148, 7156, 7166, 2491, 13.420, 71.65, 1.50, 13.428, 71.63, 1.49, 0.009, 47.57, -7.94);
insert into SHOT values (7149, 7166, 7167, 2491, 10.950, 27.55, 2.50, 10.951, 27.55, 2.51, 0.003, 28.40, 69.63);
insert into SHOT values (7150, 7166, 7168, 2491, 8.020, 357.95, 1.30, 8.017, 357.93, 1.36, 0.009, 227.04, 62.97);
insert into SHOT values (7151, 7166, 7169, 2491, 7.970, 323.45, 0.60, 7.971, 323.42, 0.65, 0.008, 240.53, 56.36);
insert into SHOT values (7152, 7166, 7170, 2491, 10.990, 294.65, 0.60, 10.990, 294.63, 0.63, 0.006, 211.43, 52.94);
insert into SHOT values (7153, 7166, 7171, 2491, 10.990, 270.25, 0.40, 10.990, 270.26, 0.42, 0.004, 350.82, 54.62);
insert into SHOT values (7154, 7166, 7172, 2491, 12.740, 240.35, 1.40, 12.741, 240.36, 1.39, 0.002, 298.38, -35.22);
insert into SHOT values (7155, 7166, 7173, 2491, 11.950, 227.85, -0.50, 11.951, 227.85, -0.48, 0.004, 229.42, 74.50);
insert into SHOT values (7156, 7166, 7174, 2491, 8.270, 197.65, -0.90, 8.271, 197.67, -0.90, 0.003, 265.93, -1.91);
insert into SHOT values (7157, 7166, 7175, 2491, 6.190, 167.15, 3.50, 6.195, 167.20, 3.52, 0.008, 213.77, 15.53);
insert into SHOT values (7158, 7166, 7176, 2491, 9.040, 120.55, 1.80, 9.043, 120.59, 1.84, 0.010, 190.45, 38.41);
insert into SHOT values (7159, 7166, 7177, 2491, 11.260, 105.05, -0.40, 11.258, 105.09, -0.36, 0.011, 208.74, 49.16);
insert into SHOT values (7160, 7166, 7178, 2491, 0.580, 183.75, -32.10, 0.576, 184.67, -31.39, 0.011, 272.03, 46.17);
insert into SHOT values (7161, 7166, 7179, 2491, 9.210, 190.05, 77.10, 9.214, 190.06, 77.07, 0.006, 192.86, 23.82);
insert into SHOT values (7162, 7166, 7180, 2491, 27.180, 87.55, 0.90, 27.178, 87.55, 0.91, 0.004, 217.14, 46.23);
insert into SHOT values (7163, 7166, 7181, 2491, 31.890, 87.45, 0.70, 31.884, 87.45, 0.70, 0.006, 275.34, 3.79);
insert into SHOT values (7164, 7166, 7182, 2491, 24.110, 87.65, 1.00, 24.104, 87.65, 1.00, 0.006, 279.47, -7.25);
insert into SHOT values (7165, 7166, 7183, 2491, 27.200, 87.55, 0.90, 27.198, 87.56, 0.91, 0.005, 208.76, 37.07);
insert into SHOT values (7166, 7183, 7184, 2491, 4.620, 84.95, 3.40, 4.616, 84.90, 3.35, 0.007, 314.85, -35.60);
insert into SHOT values (7167, 7183, 7185, 2491, 5.850, 22.55, -1.80, 5.849, 22.53, -1.76, 0.004, 266.74, 59.75);
insert into SHOT values (7168, 7183, 7186, 2491, 6.610, 337.65, 1.70, 6.612, 337.59, 1.73, 0.008, 264.63, 27.64);
insert into SHOT values (7169, 7183, 7187, 2491, 12.330, 325.35, 3.40, 12.335, 325.35, 3.39, 0.005, 340.25, -13.60);
insert into SHOT values (7170, 7183, 7188, 2491, 13.630, 312.05, 3.90, 13.633, 312.05, 3.91, 0.004, 316.97, 43.39);
insert into SHOT values (7171, 7183, 7189, 2491, 14.750, 307.55, 2.40, 14.754, 307.53, 2.41, 0.007, 257.73, 21.03);
insert into SHOT values (7172, 7183, 7190, 2491, 15.600, 301.65, 1.90, 15.606, 301.63, 1.91, 0.008, 262.43, 20.64);
insert into SHOT values (7173, 7183, 7191, 2491, 17.690, 262.85, 2.00, 17.688, 262.85, 2.01, 0.003, 62.47, 53.97);
insert into SHOT values (7174, 7183, 7192, 2491, 14.550, 249.95, 0.70, 14.553, 249.95, 0.71, 0.004, 239.48, 33.19);
insert into SHOT values (7175, 7183, 7193, 2491, 14.360, 217.05, 0.10, 14.358, 217.05, 0.12, 0.005, 59.98, 67.21);
insert into SHOT values (7176, 7183, 7194, 2491, 7.490, 194.15, 1.50, 7.490, 194.15, 1.53, 0.004, 36.80, 84.58);
insert into SHOT values (7177, 7183, 7195, 2491, 1.270, 227.05, -32.80, 1.272, 226.90, -32.86, 0.004, 152.66, -34.57);
insert into SHOT values (7178, 7183, 7196, 2491, 1.140, 287.05, 73.90, 1.146, 286.19, 73.65, 0.009, 250.89, 29.86);
insert into SHOT values (7179, 7183, 7197, 2491, 25.000, 104.55, 0.80, 24.994, 104.55, 0.80, 0.006, 264.87, 8.92);
insert into SHOT values (7180, 7197, 7198, 2491, 10.450, 20.05, 13.40, 10.452, 20.07, 13.39, 0.005, 84.30, -19.10);
insert into SHOT values (7181, 7197, 7199, 2491, 10.970, 344.35, 10.00, 10.965, 344.37, 9.98, 0.007, 121.34, -42.75);
insert into SHOT values (7182, 7197, 7200, 2491, 13.720, 317.95, 3.50, 13.719, 317.96, 3.51, 0.004, 62.51, 41.09);
insert into SHOT values (7183, 7197, 7201, 2491, 15.700, 297.65, 2.30, 15.695, 297.66, 2.30, 0.006, 87.17, -0.66);
insert into SHOT values (7184, 7197, 7202, 2491, 18.130, 290.85, 2.30, 18.132, 290.86, 2.31, 0.004, 344.72, 40.70);
insert into SHOT values (7185, 7197, 7203, 2491, 24.920, 265.75, 0.80, 24.921, 265.74, 0.80, 0.004, 199.24, 34.48);
insert into SHOT values (7186, 7197, 7204, 2491, 24.040, 250.55, 1.10, 24.035, 250.55, 1.10, 0.006, 43.24, -15.44);
insert into SHOT values (7187, 7197, 7205, 2491, 19.760, 234.55, 1.60, 19.762, 234.54, 1.59, 0.004, 173.48, -26.46);
insert into SHOT values (7188, 7197, 7206, 2491, 13.790, 221.45, 0.60, 13.781, 221.44, 0.58, 0.011, 53.73, -24.54);
insert into SHOT values (7189, 7197, 7207, 2491, 5.600, 212.25, 0.70, 5.591, 212.21, 0.72, 0.010, 53.80, 9.18);
insert into SHOT values (7190, 7197, 7208, 2491, 4.540, 179.15, 2.40, 4.535, 179.11, 2.40, 0.006, 25.29, -1.08);
insert into SHOT values (7191, 7197, 7209, 2491, 0.550, 300.05, -53.00, 0.549, 301.26, -53.33, 0.008, 56.83, -5.51);
insert into SHOT values (7192, 7197, 7210, 2491, 3.070, 268.45, 79.20, 3.073, 268.99, 79.31, 0.009, 42.18, 30.21);
insert into SHOT values (7193, 7197, 7211, 2491, 30.470, 152.15, 7.20, 30.475, 152.14, 7.20, 0.008, 105.16, 8.22);
insert into SHOT values (7194, 7211, 7212, 2491, 15.550, 14.35, 1.20, 15.548, 14.34, 1.18, 0.007, 239.92, -60.25);
insert into SHOT values (7195, 7211, 7213, 2491, 4.010, 42.55, 7.80, 4.007, 42.45, 7.74, 0.008, 295.75, -30.16);
insert into SHOT values (7196, 7211, 7214, 2491, 2.550, 111.65, 6.60, 2.544, 111.59, 6.55, 0.007, 315.48, -26.09);
insert into SHOT values (7197, 7211, 7215, 2491, 7.280, 150.25, 7.60, 7.275, 150.24, 7.58, 0.006, 349.97, -29.68);
insert into SHOT values (7198, 7211, 7216, 2491, 18.860, 173.65, 0.30, 18.855, 173.67, 0.30, 0.008, 302.15, 9.47);
insert into SHOT values (7199, 7211, 7217, 2491, 13.290, 219.05, 3.50, 13.290, 219.06, 3.49, 0.004, 301.00, -19.84);
insert into SHOT values (7200, 7211, 7218, 2491, 9.560, 254.85, 1.10, 9.564, 254.84, 1.08, 0.006, 246.15, -38.78);
insert into SHOT values (7201, 7211, 7219, 2491, 11.190, 282.05, 0.60, 11.198, 282.06, 0.61, 0.009, 301.12, 18.76);
insert into SHOT values (7202, 7211, 7220, 2491, 3.300, 246.45, -19.80, 3.304, 246.49, -19.82, 0.004, 279.56, -29.83);
insert into SHOT values (7203, 7211, 7221, 2491, 2.370, 226.25, 57.50, 2.371, 226.27, 57.52, 0.001, 344.77, 62.11);
insert into SHOT values (7204, 7211, 7222, 2491, 12.970, 314.45, -7.40, 12.978, 314.43, -7.39, 0.009, 291.13, 3.15);
insert into SHOT values (7205, 7222, 7223, 2491, 4.050, 294.75, 29.60, 4.042, 294.74, 29.66, 0.009, 117.75, -2.94);
insert into SHOT values (7206, 7222, 7224, 2491, 5.390, 238.55, -0.90, 5.383, 238.53, -0.96, 0.009, 75.08, -34.32);
insert into SHOT values (7207, 7222, 7225, 2491, 6.430, 198.75, 4.90, 6.434, 198.75, 4.90, 0.004, 193.62, 12.24);
insert into SHOT values (7208, 7222, 7226, 2491, 14.260, 65.15, 9.60, 14.262, 65.15, 9.61, 0.003, 60.14, 44.48);
insert into SHOT values (7209, 7222, 7227, 2491, 13.130, 113.35, 10.70, 13.133, 113.33, 10.71, 0.006, 55.73, 20.65);
insert into SHOT values (7210, 7222, 7228, 2491, 1.800, 154.55, -27.80, 1.804, 154.40, -27.75, 0.006, 111.66, -4.66);
insert into SHOT values (7211, 7222, 7229, 2491, 3.230, 212.35, 60.10, 3.229, 212.31, 60.11, 0.002, 81.16, -2.84);
insert into SHOT values (7212, 7222, 7230, 2491, 10.350, 240.35, -27.90, 10.351, 240.33, -27.88, 0.006, 189.45, 32.23);
insert into SHOT values (7213, 7230, 7231, 2491, 1.660, 122.65, 5.00, 1.665, 122.44, 4.82, 0.009, 74.29, -30.62);
insert into SHOT values (7214, 7230, 7232, 2491, 2.290, 188.45, 2.70, 2.286, 188.31, 2.51, 0.010, 66.59, -49.91);
insert into SHOT values (7215, 7230, 7233, 2491, 2.430, 261.75, -3.60, 2.429, 261.94, -3.78, 0.011, 0.71, -42.65);
insert into SHOT values (7216, 7230, 7234, 2491, 1.340, 328.65, 7.30, 1.343, 328.82, 7.27, 0.005, 17.25, -2.96);
insert into SHOT values (7217, 7230, 7235, 2491, 0.390, 139.85, -44.80, 0.394, 139.40, -45.35, 0.006, 45.77, -67.25);
insert into SHOT values (7218, 7230, 7236, 2491, 1.190, 354.05, 87.50, 1.182, 0.00, 87.09, 0.013, 32.73, -41.70);
insert into SHOT values (7219, 7230, 7237, 2491, 4.220, 207.45, -2.80, 4.218, 207.42, -2.85, 0.005, 81.04, -52.65);
insert into SHOT values (7220, 7237, 7238, 2491, 0.710, 137.65, -21.20, 0.707, 136.85, -21.56, 0.011, 23.82, -17.89);
insert into SHOT values (7221, 7237, 7239, 2491, 1.090, 287.85, -8.30, 1.084, 287.93, -8.49, 0.007, 95.06, -21.60);
insert into SHOT values (7222, 7237, 7240, 2491, 0.350, 138.75, -67.40, 0.347, 138.01, -67.20, 0.004, 49.47, 61.05);
insert into SHOT values (7223, 7237, 7241, 2491, 0.290, 188.05, 76.40, 0.287, 189.46, 77.74, 0.008, 356.56, -13.93);
insert into SHOT values (7224, 7211, 7242, 2491, 12.770, 200.55, -5.10, 12.772, 200.57, -5.12, 0.007, 271.68, -41.58);
insert into SHOT values (7225, 7242, 7243, 2491, 7.520, 232.65, -5.10, 7.513, 232.66, -5.04, 0.010, 44.25, 54.57);
insert into SHOT values (7226, 7242, 7244, 2491, 3.390, 274.75, 7.30, 3.389, 274.78, 7.29, 0.002, 30.99, -21.49);
insert into SHOT values (7227, 7242, 7245, 2491, 8.090, 324.25, 12.30, 8.097, 324.26, 12.34, 0.009, 341.13, 50.25);
insert into SHOT values (7228, 7242, 7246, 2491, 11.170, 149.95, -5.40, 11.166, 149.93, -5.40, 0.006, 11.79, 11.77);
insert into SHOT values (7229, 7242, 7247, 2491, 9.220, 113.85, 0.70, 9.215, 113.81, 0.75, 0.011, 344.28, 43.07);
insert into SHOT values (7230, 7242, 7248, 2491, 8.690, 67.05, 4.80, 8.697, 67.04, 4.81, 0.007, 61.66, 22.64);
insert into SHOT values (7231, 7242, 7249, 2491, 1.710, 112.65, -48.30, 1.706, 112.74, -48.13, 0.007, 174.74, 73.79);
insert into SHOT values (7232, 7242, 7250, 2491, 2.790, 179.65, 79.70, 2.795, 180.00, 79.70, 0.006, 249.37, 56.62);
insert into SHOT values (7233, 7242, 7251, 2491, 11.590, 169.75, -9.20, 11.592, 169.73, -9.18, 0.005, 113.82, 35.27);
insert into SHOT values (7234, 7251, 7252, 2491, 4.470, 92.85, 18.60, 4.470, 92.84, 18.66, 0.004, 293.11, 71.75);
insert into SHOT values (7235, 7251, 7253, 2491, 4.180, 121.75, 4.40, 4.175, 121.74, 4.40, 0.005, 306.66, -7.74);
insert into SHOT values (7236, 7251, 7254, 2491, 5.540, 169.15, 1.40, 5.530, 169.16, 1.45, 0.011, 344.11, 25.62);
insert into SHOT values (7237, 7251, 7255, 2491, 6.670, 216.25, 4.10, 6.670, 216.32, 4.13, 0.009, 310.66, 20.91);
insert into SHOT values (7238, 7251, 7256, 2491, 12.400, 242.05, -0.50, 12.405, 242.07, -0.51, 0.007, 285.48, -14.00);
insert into SHOT values (7239, 7251, 7257, 2491, 12.670, 298.35, -2.90, 12.674, 298.35, -2.89, 0.004, 292.19, 14.07);
insert into SHOT values (7240, 7251, 7258, 2491, 8.830, 325.05, 6.00, 8.831, 325.06, 5.98, 0.004, 20.13, -51.48);
insert into SHOT values (7241, 7251, 7259, 2491, 17.460, 338.85, 14.30, 17.462, 338.83, 14.29, 0.006, 279.00, -26.84);
insert into SHOT values (7242, 7251, 7260, 2491, 0.410, 301.35, -64.70, 0.412, 303.69, -64.02, 0.009, 357.66, 4.35);
insert into SHOT values (7243, 7251, 7261, 2491, 3.510, 270.65, 76.70, 3.515, 270.71, 76.67, 0.005, 288.41, 56.75);
insert into SHOT values (7244, 7251, 7262, 2491, 10.490, 143.75, -5.70, 10.482, 143.73, -5.69, 0.008, 342.83, 13.13);
insert into SHOT values (7245, 7262, 7263, 2491, 2.070, 27.65, 7.10, 2.068, 27.56, 6.94, 0.007, 277.70, -61.00);
insert into SHOT values (7246, 7262, 7264, 2491, 5.130, 1.95, 0.60, 5.123, 1.90, 0.56, 0.009, 213.30, -24.73);
insert into SHOT values (7247, 7262, 7265, 2491, 7.160, 342.75, 2.10, 7.156, 342.76, 2.08, 0.005, 149.23, -31.65);
insert into SHOT values (7248, 7262, 7266, 2491, 2.870, 247.75, 1.00, 2.875, 247.72, 1.00, 0.005, 230.66, -0.95);
insert into SHOT values (7249, 7262, 7267, 2491, 4.370, 267.05, 5.40, 4.375, 266.97, 5.38, 0.008, 220.72, -9.00);
insert into SHOT values (7250, 7262, 7268, 2491, 5.990, 291.55, 4.30, 5.993, 291.50, 4.31, 0.006, 228.22, 8.55);
insert into SHOT values (7251, 7262, 7269, 2491, 5.680, 301.75, 2.20, 5.680, 301.67, 2.22, 0.008, 207.94, 14.72);
insert into SHOT values (7252, 7262, 7270, 2491, 2.310, 317.05, -35.90, 2.316, 316.95, -35.96, 0.007, 274.67, -47.46);
insert into SHOT values (7253, 7262, 7271, 2491, 0.940, 293.25, 51.70, 0.945, 293.07, 51.58, 0.005, 270.45, 26.11);
insert into SHOT values (7254, 7251, 7272, 2491, 22.940, 272.05, -9.00, 22.947, 272.05, -9.00, 0.007, 270.11, -11.40);
insert into SHOT values (7255, 7272, 7273, 2491, 17.960, 230.45, -0.00, 17.950, 230.45, 0.00, 0.010, 51.98, 0.00);
insert into SHOT values (7256, 7272, 7274, 2491, 15.760, 211.45, -0.10, 15.754, 211.45, -0.11, 0.006, 27.06, -24.14);
insert into SHOT values (7257, 7272, 7275, 2491, 8.850, 196.15, -0.70, 8.850, 196.14, -0.71, 0.002, 82.35, -55.54);
insert into SHOT values (7258, 7272, 7276, 2491, 12.320, 176.85, 0.60, 12.319, 176.84, 0.60, 0.003, 75.91, 19.06);
insert into SHOT values (7259, 7272, 7277, 2491, 13.860, 151.45, 0.80, 13.860, 151.42, 0.83, 0.010, 62.49, 42.29);
insert into SHOT values (7260, 7272, 7278, 2491, 12.740, 132.35, 2.80, 12.743, 132.33, 2.79, 0.006, 70.99, -21.49);
insert into SHOT values (7261, 7272, 7279, 2491, 12.110, 124.35, 4.60, 12.113, 124.33, 4.59, 0.004, 78.68, -16.67);
insert into SHOT values (7262, 7272, 7280, 2491, 9.870, 283.25, 8.10, 9.869, 283.25, 8.10, 0.002, 68.47, -23.91);
insert into SHOT values (7263, 7272, 7281, 2491, 5.810, 303.05, 8.70, 5.811, 303.14, 8.71, 0.009, 26.38, 7.53);
insert into SHOT values (7264, 7272, 7282, 2491, 4.130, 335.45, 4.80, 4.136, 335.49, 4.85, 0.008, 0.25, 33.87);
insert into SHOT values (7265, 7272, 7283, 2491, 6.800, 9.65, 6.40, 6.809, 9.70, 6.41, 0.011, 42.78, 10.49);
insert into SHOT values (7266, 7272, 7284, 2491, 6.410, 40.85, 11.80, 6.416, 40.87, 11.78, 0.007, 58.61, -6.60);
insert into SHOT values (7267, 7272, 7285, 2491, 8.950, 70.15, 10.10, 8.955, 70.11, 10.10, 0.008, 16.25, 3.27);
insert into SHOT values (7268, 7272, 7286, 2491, 0.370, 343.75, -67.70, 0.369, 347.91, -67.16, 0.011, 60.71, 12.33);
insert into SHOT values (7269, 7272, 7287, 2491, 3.560, 340.75, 80.80, 3.566, 341.57, 80.81, 0.010, 70.92, 35.55);
insert into SHOT values (7270, 7272, 7288, 2491, 16.140, 253.75, 3.70, 16.135, 253.77, 3.70, 0.008, 20.82, -11.12);
insert into SHOT values (7271, 7288, 7289, 2491, 5.170, 183.95, -6.90, 5.169, 183.91, -6.89, 0.004, 83.85, 17.72);
insert into SHOT values (7272, 7288, 7290, 2491, 5.570, 163.35, -1.80, 5.577, 163.32, -1.75, 0.009, 142.70, 32.45);
insert into SHOT values (7273, 7288, 7291, 2491, 10.180, 153.05, -3.10, 10.180, 153.03, -3.10, 0.003, 68.95, 9.74);
insert into SHOT values (7274, 7288, 7292, 2491, 7.660, 245.25, 0.70, 7.656, 245.21, 0.75, 0.009, 118.56, 44.26);
insert into SHOT values (7275, 7288, 7293, 2491, 5.000, 276.35, -3.20, 4.998, 276.33, -3.21, 0.003, 142.02, -19.08);
insert into SHOT values (7276, 7288, 7294, 2491, 10.270, 326.35, 0.10, 10.270, 326.36, 0.11, 0.003, 44.28, 55.97);
insert into SHOT values (7277, 7288, 7295, 2491, 5.170, 348.45, -3.50, 5.163, 348.47, -3.44, 0.009, 150.25, 39.89);
insert into SHOT values (7278, 7288, 7296, 2491, 7.210, 20.95, 7.80, 7.211, 21.00, 7.81, 0.006, 100.56, 13.63);
insert into SHOT values (7279, 7288, 7297, 2491, 1.180, 6.55, -77.70, 1.177, 6.84, -77.65, 0.003, 78.77, 65.03);
insert into SHOT values (7280, 7288, 7298, 2491, 1.330, 68.85, 80.70, 1.337, 70.71, 80.88, 0.011, 183.43, 44.67);
insert into SHOT values (7281, 7288, 7299, 2491, 12.280, 300.45, -1.90, 12.279, 300.45, -1.87, 0.007, 59.91, 84.81);
insert into SHOT values (7282, 7299, 7300, 2491, 7.400, 235.15, 0.10, 7.399, 235.13, 0.08, 0.004, 115.40, -44.16);
insert into SHOT values (7283, 7299, 7301, 2491, 3.850, 180.45, -0.00, 3.850, 180.45, 0.00, 0.000, 128.10, 0.00);
insert into SHOT values (7284, 7299, 7302, 2491, 6.200, 144.95, -0.10, 6.203, 144.98, -0.09, 0.005, 189.11, 10.32);
insert into SHOT values (7285, 7299, 7303, 2491, 3.460, 295.75, 3.00, 3.458, 295.75, 2.98, 0.003, 115.73, -24.11);
insert into SHOT values (7286, 7299, 7304, 2491, 1.700, 13.55, 5.00, 1.694, 13.71, 4.74, 0.011, 153.06, -48.67);
insert into SHOT values (7287, 7299, 7305, 2491, 6.370, 74.65, 3.50, 6.368, 74.67, 3.51, 0.004, 201.43, 17.92);
insert into SHOT values (7288, 7299, 7306, 2491, 9.680, 99.25, 2.30, 9.684, 99.28, 2.25, 0.011, 147.17, -52.42);
insert into SHOT values (7289, 7299, 7307, 2491, 0.950, 195.15, -29.50, 0.954, 195.38, -29.53, 0.005, 244.25, -26.75);
insert into SHOT values (7290, 7299, 7308, 2491, 1.470, 142.05, 68.00, 1.469, 142.31, 67.76, 0.007, 166.92, -26.53);
insert into SHOT values (7291, 7299, 7309, 2491, 10.290, 245.25, 0.70, 10.287, 245.23, 0.67, 0.007, 117.73, -51.67);
insert into SHOT values (7292, 7309, 7310, 2491, 1.130, 35.35, 9.20, 1.127, 35.12, 9.19, 0.005, 271.89, -7.09);
insert into SHOT values (7293, 7309, 7311, 2491, 0.700, 232.15, -1.30, 0.706, 232.48, -0.81, 0.009, 265.52, 38.32);
insert into SHOT values (7294, 7309, 7312, 2491, 1.070, 343.95, 77.20, 1.077, 343.07, 77.10, 0.008, 296.13, 53.03);
insert into SHOT values (7295, 7309, 7313, 2491, 0.440, 88.45, -79.90, 0.436, 90.00, -80.75, 0.008, 253.68, 23.17);
insert into SHOT values (7296, 7309, 7314, 2491, 4.900, 306.95, -1.80, 4.902, 306.87, -1.75, 0.008, 236.65, 28.66);
insert into SHOT values (7297, 7314, 7315, 2491, 0.620, 217.95, 25.30, 0.614, 217.69, 25.06, 0.007, 66.82, -44.13);
insert into SHOT values (7298, 7314, 7316, 2491, 0.490, 22.65, 6.50, 0.491, 22.89, 5.84, 0.006, 74.62, -64.43);
insert into SHOT values (7299, 7314, 7317, 2491, 0.440, 99.55, -57.90, 0.437, 99.87, -57.75, 0.003, 205.39, 63.84);
insert into SHOT values (7300, 7314, 7318, 2491, 0.730, 317.45, 81.50, 0.728, 318.81, 81.60, 0.004, 80.20, -33.34);
insert into SCRAPS values (2493, 2487, 'SP-Alex0-1', 1, 14.78838, 0.06780);
 insert into MAPS values (2589, 2487, 'MP-Trush-Yurruck-Entree', 'Trush-Yurruck-Entree', 1, 561.380, -10.330);
 insert into MAPITEMS values (2589, 4, 2493);
 insert into SURVEY values (2591, 2485, 'Tush_YurruckXR1', 'Tush_YurruckXR1.Tush-Yurruck.Koytendag', 'Tush_YurruckXR1');
 insert into CENTRELINE values (2592, 2591, NULL, NULL, NULL, 0.00, 0.00, 0.00);
 insert into SURVEY values (2593, 2591, 'Tush_YurruckXR1', 'Tush_YurruckXR1.Tush_YurruckXR1.Tush-Yurruck.Koytendag', 'Tush Yurruck');
 insert into CENTRELINE values (2594, 2593, NULL, NULL, NULL, 0.00, 0.00, 0.00);
 insert into CENTRELINE values (2595, 2593, NULL, '2024-04-17', NULL, 1383.93, 0.00, 198.60);
 insert into TOPO values (4, 2595);
 insert into TOPO values (3, 2595);
 insert into SHOT values (7301, 7319, 7320, 2595, 10.280, 16.85, 8.40, 10.277, 16.87, 8.39, 0.004, 143.41, -23.71);
insert into SHOT values (7302, 7319, 7321, 2595, 3.210, 78.25, 66.70, 3.214, 78.25, 66.60, 0.007, 78.49, 14.22);
insert into SHOT values (7303, 7319, 7322, 2595, 8.560, 179.65, 15.40, 8.557, 179.65, 15.38, 0.004, 346.54, -50.86);
insert into SHOT values (7304, 7319, 7323, 2595, 1.210, 150.45, -27.00, 1.211, 150.58, -27.01, 0.003, 219.10, -13.75);
insert into SHOT values (7305, 7319, 7324, 2595, 4.830, 138.55, -9.90, 4.833, 138.58, -9.89, 0.004, 176.43, 6.37);
insert into SHOT values (7306, 7319, 7325, 2595, 12.960, 327.15, 2.10, 12.957, 327.17, 2.08, 0.007, 91.46, -41.36);
insert into SHOT values (7307, 7319, 7326, 2595, 15.760, 299.25, 1.50, 15.756, 299.27, 1.49, 0.007, 69.20, -21.66);
insert into SHOT values (7308, 7319, 7327, 2595, 12.870, 238.75, 2.70, 12.870, 238.75, 2.72, 0.004, 147.56, 80.08);
insert into SHOT values (7309, 7319, 7328, 2595, 24.960, 265.75, -0.20, 24.959, 265.75, -0.21, 0.003, 75.68, -67.18);
insert into SHOT values (7310, 7319, 7329, 2595, 8.210, 280.95, 26.80, 8.205, 280.94, 26.81, 0.005, 111.14, -18.54);
insert into SHOT values (7311, 7319, 7330, 2595, 18.550, 278.45, 2.50, 18.548, 278.44, 2.50, 0.003, 156.66, 15.52);
insert into SHOT values (7312, 7319, 7331, 2595, 5.360, 288.55, 44.20, 5.360, 288.53, 44.25, 0.005, 128.21, 39.65);
insert into SHOT values (7313, 7319, 7332, 2595, 1.730, 290.35, -15.20, 1.724, 290.39, -15.13, 0.006, 95.74, 34.00);
insert into SHOT values (7314, 7319, 7333, 2595, 8.300, 279.55, -4.50, 8.300, 279.53, -4.49, 0.003, 185.01, 24.81);
insert into SHOT values (7315, 7319, 7334, 2595, 8.600, 248.35, -3.90, 8.593, 248.37, -3.87, 0.009, 39.78, 33.71);
insert into SHOT values (7316, 7319, 7335, 2595, 21.350, 117.65, 10.40, 21.346, 117.64, 10.39, 0.006, 344.10, -39.97);
insert into SHOT values (7317, 7319, 7336, 2595, 29.840, 94.35, 5.70, 29.843, 94.35, 5.69, 0.005, 64.06, -47.73);
insert into SHOT values (7318, 7319, 7337, 2595, 24.570, 134.55, 9.60, 24.571, 134.53, 9.61, 0.008, 47.45, 19.14);
insert into SHOT values (7319, 7319, 7338, 2595, 31.550, 148.35, 7.50, 31.555, 148.34, 7.50, 0.007, 113.97, 16.57);
insert into SHOT values (7320, 7319, 7339, 2595, 38.470, 153.45, 6.50, 38.470, 153.44, 6.49, 0.007, 71.15, -46.06);
insert into SHOT values (7321, 7319, 7340, 2595, 20.430, 150.75, 4.20, 20.435, 150.74, 4.21, 0.006, 127.76, 37.37);
insert into SHOT values (7322, 7319, 7341, 2595, 15.530, 166.05, 11.90, 15.533, 166.03, 11.89, 0.007, 108.04, -19.74);
insert into SHOT values (7323, 7319, 7342, 2595, 39.130, 159.45, 7.60, 39.134, 159.44, 7.61, 0.007, 116.97, 45.27);
insert into SHOT values (7324, 7319, 7343, 2595, 12.670, 156.25, 20.90, 12.668, 156.23, 20.90, 0.005, 34.95, 1.58);
insert into SHOT values (7325, 7319, 7344, 2595, 3.180, 171.25, 61.00, 3.177, 171.03, 61.03, 0.007, 55.44, -11.06);
insert into SHOT values (7326, 7319, 7345, 2595, 5.510, 199.15, 24.50, 5.510, 199.09, 24.45, 0.008, 127.14, -40.31);
insert into SHOT values (7327, 7319, 7346, 2595, 14.620, 91.85, 18.70, 14.620, 91.86, 18.71, 0.004, 197.20, 37.78);
insert into SHOT values (7328, 7319, 7347, 2595, 45.710, 77.15, 4.70, 45.715, 77.15, 4.71, 0.007, 119.01, 39.55);
insert into SHOT values (7329, 7319, 7348, 2595, 16.730, 48.65, 14.40, 16.737, 48.65, 14.39, 0.007, 54.23, -4.65);
insert into SHOT values (7330, 7319, 7349, 2595, 19.820, 72.85, 2.70, 19.823, 72.85, 2.69, 0.005, 55.81, -51.15);
insert into SHOT values (7331, 7349, 7350, 2595, 3.870, 197.95, -37.00, 3.870, 197.91, -37.02, 0.003, 82.96, -21.55);
insert into SHOT values (7332, 7349, 7351, 2595, 9.990, 176.45, 12.90, 9.991, 176.47, 12.90, 0.003, 255.31, -4.67);
insert into SHOT values (7333, 7349, 7352, 2595, 3.800, 214.75, 61.70, 3.804, 214.84, 61.71, 0.005, 274.50, 52.83);
insert into SHOT values (7334, 7349, 7353, 2595, 8.020, 268.95, 73.30, 8.027, 269.00, 73.35, 0.010, 61.71, 59.75);
insert into SHOT values (7335, 7349, 7354, 2595, 4.820, 335.55, 49.00, 4.823, 335.54, 49.00, 0.003, 321.85, 52.21);
insert into SHOT values (7336, 7349, 7355, 2595, 10.260, 7.35, 14.00, 10.258, 7.33, 14.05, 0.009, 224.07, 58.56);
insert into SHOT values (7337, 7349, 7356, 2595, 18.010, 30.55, 3.90, 18.005, 30.55, 3.92, 0.007, 212.97, 44.89);
insert into SHOT values (7338, 7349, 7357, 2595, 22.630, 21.45, 5.00, 22.627, 21.44, 5.02, 0.009, 233.85, 59.95);
insert into SHOT values (7339, 7349, 7358, 2595, 22.670, 52.45, 2.10, 22.671, 52.44, 2.10, 0.003, 340.90, -14.73);
insert into SHOT values (7340, 7349, 7359, 2595, 4.400, 32.55, -24.10, 4.400, 32.50, -24.00, 0.008, 348.05, 56.07);
insert into SHOT values (7341, 7349, 7360, 2595, 0.950, 51.85, -73.20, 0.952, 52.31, -73.01, 0.004, 84.66, -7.61);
insert into SHOT values (7342, 7349, 7361, 2595, 32.390, 76.85, -1.40, 32.390, 76.84, -1.40, 0.003, 338.35, 24.86);
insert into SHOT values (7343, 7349, 7362, 2595, 36.120, 91.15, 3.10, 36.120, 91.14, 3.11, 0.007, 1.95, 65.42);
insert into SHOT values (7344, 7349, 7363, 2595, 43.850, 100.85, 2.50, 43.856, 100.85, 2.51, 0.010, 134.25, 48.05);
insert into SHOT values (7345, 7349, 7364, 2595, 46.840, 110.95, 1.40, 46.839, 110.95, 1.41, 0.006, 334.48, 70.38);
insert into SHOT values (7346, 7349, 7365, 2595, 15.180, 123.35, 4.30, 15.184, 123.33, 4.31, 0.006, 74.41, 18.57);
insert into SHOT values (7347, 7349, 7366, 2595, 16.620, 134.85, 1.70, 16.625, 134.85, 1.72, 0.008, 153.20, 56.41);
insert into SHOT values (7348, 7349, 7367, 2595, 4.760, 39.25, 47.30, 4.760, 39.21, 47.33, 0.003, 274.48, 37.56);
insert into SHOT values (7349, 7349, 7368, 2595, 19.570, 87.35, 22.10, 19.570, 87.34, 22.12, 0.008, 294.48, 67.45);
insert into SHOT values (7350, 7349, 7369, 2595, 31.040, 96.75, 12.20, 31.042, 96.76, 12.20, 0.005, 165.42, 5.61);
insert into SHOT values (7351, 7349, 7370, 2595, 16.750, 297.55, 5.80, 16.748, 297.56, 5.83, 0.009, 60.39, 52.78);
insert into SHOT values (7352, 7349, 7371, 2595, 33.170, 304.45, 4.60, 33.164, 304.45, 4.60, 0.006, 119.20, -2.00);
insert into SHOT values (7353, 7349, 7372, 2595, 48.650, 309.15, 4.20, 48.651, 309.14, 4.21, 0.008, 234.38, 64.01);
insert into SHOT values (7354, 7349, 7373, 2595, 38.700, 317.75, 4.40, 38.696, 317.75, 4.40, 0.005, 107.41, 11.54);
insert into SHOT values (7355, 7349, 7374, 2595, 48.310, 308.85, 2.60, 48.305, 308.85, 2.61, 0.010, 110.81, 56.14);
insert into SHOT values (7356, 7349, 7375, 2595, 28.420, 330.15, 4.40, 28.421, 330.16, 4.40, 0.006, 52.12, -3.66);
insert into SHOT values (7357, 7349, 7376, 2595, 6.920, 316.65, 29.00, 6.919, 316.67, 29.05, 0.007, 102.20, 46.38);
insert into SHOT values (7358, 7349, 7377, 2595, 31.530, 343.65, 2.60, 31.527, 343.64, 2.60, 0.004, 216.26, -3.80);
insert into SHOT values (7359, 7349, 7378, 2595, 27.360, 349.65, -0.90, 27.358, 349.66, -0.90, 0.006, 104.07, -2.49);
insert into SHOT values (7360, 7349, 7379, 2595, 27.930, 359.25, 4.20, 27.928, 359.26, 4.21, 0.007, 116.38, 37.31);
insert into SHOT values (7361, 7349, 7380, 2595, 12.160, 354.45, 14.10, 12.163, 354.45, 14.13, 0.008, 27.80, 76.13);
insert into SHOT values (7362, 7349, 7381, 2595, 52.650, 95.95, 3.60, 52.648, 95.95, 3.60, 0.007, 216.73, 37.75);
insert into SHOT_FLAG values(7362, 'dpl');
insert into SHOT values (7363, 7349, 7382, 2595, 45.450, 192.55, 5.20, 45.448, 192.54, 5.20, 0.005, 68.35, 9.29);
insert into SHOT_FLAG values(7363, 'dpl');
insert into SHOT values (7364, 7349, 7383, 2595, 20.300, 344.95, -2.70, 20.305, 344.74, -2.48, 0.107, 260.96, 45.40);
insert into SHOT values (7365, 7383, 7384, 2595, 0.860, 215.55, -64.10, 0.855, 216.25, -64.21, 0.007, 344.16, 31.71);
insert into SHOT values (7366, 7383, 7385, 2595, 14.560, 105.65, 15.70, 14.562, 105.64, 15.70, 0.003, 72.54, 1.14);
insert into SHOT values (7367, 7383, 7386, 2595, 5.760, 92.65, 1.60, 5.758, 92.59, 1.59, 0.006, 345.23, -7.51);
insert into SHOT values (7368, 7383, 7387, 2595, 4.770, 102.35, 55.90, 4.769, 102.32, 55.93, 0.003, 308.89, 2.85);
insert into SHOT values (7369, 7383, 7388, 2595, 4.010, 215.95, 76.60, 4.008, 215.75, 76.67, 0.006, 67.39, -7.86);
insert into SHOT values (7370, 7383, 7389, 2595, 18.600, 210.45, 8.60, 18.598, 210.46, 8.63, 0.010, 358.48, 62.70);
insert into SHOT values (7371, 7383, 7390, 2595, 15.550, 219.45, 10.60, 15.547, 219.45, 10.60, 0.003, 31.63, -7.94);
insert into SHOT values (7372, 7383, 7391, 2595, 2.270, 297.15, -20.30, 2.263, 297.17, -20.16, 0.009, 108.29, 58.18);
insert into SHOT values (7373, 7383, 7392, 2595, 10.750, 301.85, 10.20, 10.744, 301.86, 10.24, 0.010, 111.83, 39.22);
insert into SHOT values (7374, 7383, 7393, 2595, 11.430, 341.25, 11.70, 11.433, 341.24, 11.71, 0.003, 307.17, 39.85);
insert into SHOT values (7375, 7383, 7394, 2595, 7.000, 2.35, 3.60, 7.000, 2.38, 3.60, 0.004, 94.92, 7.16);
insert into SHOT values (7376, 7383, 7395, 2595, 21.580, 353.15, 7.50, 21.578, 353.15, 7.51, 0.005, 138.28, 42.99);
insert into SHOT values (7377, 7383, 7396, 2595, 8.370, 8.35, 22.50, 8.373, 8.40, 22.54, 0.010, 97.31, 43.68);
insert into SHOT values (7378, 7383, 7397, 2595, 10.110, 33.85, 20.20, 10.112, 33.87, 20.19, 0.005, 90.31, -10.76);
insert into SHOT values (7379, 7383, 7398, 2595, 22.930, 266.95, 7.60, 22.925, 266.95, 7.62, 0.010, 91.43, 49.21);
insert into SHOT values (7380, 7383, 7399, 2595, 7.760, 264.55, -4.30, 7.756, 264.58, -4.29, 0.006, 31.67, 16.96);
insert into SHOT values (7381, 7383, 7400, 2595, 6.710, 261.45, 38.50, 6.709, 261.45, 38.54, 0.004, 73.95, 43.90);
insert into SHOT values (7382, 7383, 7401, 2595, 23.420, 6.75, 6.40, 23.418, 6.76, 6.40, 0.006, 119.32, -6.05);
insert into SHOT_FLAG values(7382, 'dpl');
insert into SHOT values (7383, 7383, 7402, 2595, 11.340, 278.55, 7.40, 11.339, 278.54, 7.40, 0.002, 159.70, -17.10);
insert into SHOT values (7384, 7402, 7403, 2595, 7.270, 224.45, -23.90, 7.262, 224.45, -23.88, 0.009, 42.28, 39.21);
insert into SHOT values (7385, 7402, 7404, 2595, 13.290, 219.65, 8.30, 13.285, 219.66, 8.31, 0.006, 12.25, 14.40);
insert into SHOT values (7386, 7402, 7405, 2595, 16.680, 269.05, 12.60, 16.674, 269.05, 12.61, 0.006, 87.54, 12.76);
insert into SHOT values (7387, 7402, 7406, 2595, 22.980, 294.55, 7.80, 22.981, 294.55, 7.80, 0.002, 326.88, 49.10);
insert into SHOT values (7388, 7402, 7407, 2595, 12.660, 305.15, 8.30, 12.657, 305.15, 8.31, 0.004, 122.71, 33.13);
insert into SHOT values (7389, 7402, 7408, 2595, 7.650, 343.05, 15.00, 7.650, 343.09, 15.00, 0.005, 68.84, 0.41);
insert into SHOT values (7390, 7402, 7409, 2595, 7.580, 285.05, -5.10, 7.579, 285.05, -5.07, 0.004, 104.70, 73.88);
insert into SHOT values (7391, 7402, 7410, 2595, 20.070, 285.75, -0.30, 20.065, 285.76, -0.29, 0.009, 66.91, 36.45);
insert into SHOT values (7392, 7402, 7411, 2595, 26.160, 285.65, 4.20, 26.158, 285.66, 4.21, 0.006, 46.12, 47.57);
insert into SHOT values (7393, 7402, 7412, 2595, 39.090, 284.05, 8.40, 39.087, 284.05, 8.40, 0.005, 54.77, -4.50);
insert into SHOT values (7394, 7402, 7413, 2595, 16.480, 283.75, 20.50, 16.480, 283.76, 20.53, 0.010, 71.83, 63.50);
insert into SHOT values (7395, 7402, 7414, 2595, 4.010, 279.25, 51.40, 4.016, 279.42, 51.43, 0.010, 354.48, 37.50);
insert into SHOT values (7396, 7402, 7415, 2595, 40.300, 282.35, 7.80, 40.297, 282.35, 7.80, 0.004, 71.29, 10.49);
insert into SHOT values (7397, 7383, 7416, 2595, 8.470, 14.55, 10.90, 8.480, 14.47, 11.01, 0.023, 315.62, 54.08);
insert into SHOT values (7398, 7416, 7417, 2595, 4.240, 97.45, 29.70, 4.238, 97.49, 29.70, 0.003, 217.04, -13.16);
insert into SHOT values (7399, 7416, 7418, 2595, 17.110, 108.55, 54.90, 17.107, 108.56, 54.92, 0.007, 267.49, 11.33);
insert into SHOT values (7400, 7416, 7419, 2595, 15.980, 73.85, 5.40, 15.977, 73.87, 5.39, 0.007, 191.87, -34.40);
insert into SHOT values (7401, 7416, 7420, 2595, 14.690, 36.25, 4.30, 14.686, 36.25, 4.30, 0.004, 204.73, -20.35);
insert into SHOT values (7402, 7416, 7421, 2595, 15.440, 7.45, -2.30, 15.433, 7.45, -2.30, 0.007, 180.05, -2.83);
insert into SHOT values (7403, 7416, 7422, 2595, 16.900, 334.35, -0.70, 16.899, 334.33, -0.71, 0.007, 234.76, -31.79);
insert into SHOT values (7404, 7416, 7423, 2595, 5.330, 286.25, 9.80, 5.338, 286.23, 9.82, 0.008, 272.94, 20.16);
insert into SHOT values (7405, 7416, 7424, 2595, 10.680, 258.55, 3.40, 10.681, 258.53, 3.38, 0.005, 196.83, -43.85);
insert into SHOT values (7406, 7416, 7425, 2595, 9.080, 311.45, -0.60, 9.083, 311.43, -0.63, 0.007, 267.82, -47.69);
insert into SHOT values (7407, 7416, 7426, 2595, 1.600, 308.95, -54.50, 1.600, 308.47, -54.35, 0.009, 241.22, 17.00);
insert into SHOT values (7408, 7416, 7427, 2595, 17.000, 132.65, 8.30, 16.999, 132.66, 8.29, 0.006, 222.94, -43.65);
insert into SHOT values (7409, 7416, 7428, 2595, 6.030, 199.85, -27.50, 6.028, 199.89, -27.46, 0.006, 283.25, 47.14);
insert into SHOT values (7410, 7383, 7429, 2595, 27.560, 114.15, 58.00, 27.567, 114.13, 58.01, 0.010, 36.11, 52.55);
insert into SHOT values (7411, 7416, 7430, 2595, 8.090, 337.15, -13.20, 8.096, 337.01, -13.06, 0.028, 275.11, 39.03);
insert into SHOT values (7412, 7430, 7431, 2595, 0.750, 208.25, -66.10, 0.754, 207.41, -66.21, 0.006, 121.44, -43.94);
insert into SHOT values (7413, 7430, 7432, 2595, 5.030, 203.85, 8.00, 5.032, 203.79, 8.00, 0.006, 137.09, -0.40);
insert into SHOT values (7414, 7430, 7433, 2595, 4.140, 159.65, 5.60, 4.149, 159.59, 5.53, 0.011, 134.47, -21.92);
insert into SHOT values (7415, 7430, 7434, 2595, 11.450, 136.15, 17.60, 11.448, 136.15, 17.59, 0.002, 296.06, -59.66);
insert into SHOT values (7416, 7430, 7435, 2595, 5.220, 208.25, 23.70, 5.215, 208.23, 23.62, 0.008, 77.61, -74.19);
insert into SHOT values (7417, 7430, 7436, 2595, 5.370, 159.25, 56.10, 5.363, 159.26, 56.07, 0.007, 303.46, -78.68);
insert into SHOT values (7418, 7430, 7437, 2595, 26.630, 108.55, 6.90, 26.636, 108.54, 6.90, 0.006, 90.62, 6.97);
insert into SHOT values (7419, 7430, 7438, 2595, 26.040, 87.15, 3.90, 26.042, 87.15, 3.90, 0.004, 133.43, -18.24);
insert into SHOT values (7420, 7430, 7439, 2595, 17.860, 58.75, 2.50, 17.862, 58.78, 2.50, 0.009, 138.57, 6.01);
insert into SHOT values (7421, 7430, 7440, 2595, 11.570, 38.85, -0.00, 11.571, 38.86, 0.00, 0.003, 107.00, 0.00);
insert into SHOT values (7422, 7430, 7441, 2595, 10.160, 19.65, 0.50, 10.163, 19.67, 0.45, 0.010, 62.74, -63.69);
insert into SHOT values (7423, 7430, 7442, 2595, 9.510, 86.65, -7.20, 9.512, 86.66, -7.25, 0.008, 144.04, -76.67);
insert into SHOT values (7424, 7430, 7443, 2595, 17.360, 93.95, -2.60, 17.360, 93.97, -2.61, 0.006, 189.46, -23.16);
insert into SHOT values (7425, 7430, 7444, 2595, 8.060, 94.55, 30.90, 8.065, 94.56, 30.88, 0.006, 104.69, 8.17);
insert into SHOT values (7426, 7430, 7445, 2595, 4.250, 63.85, 73.10, 4.244, 64.06, 73.09, 0.008, 167.70, -54.32);
insert into SHOT values (7427, 7430, 7446, 2595, 2.990, 271.35, -13.20, 2.992, 271.38, -13.34, 0.007, 7.47, -78.31);
insert into SHOT values (7428, 7430, 7447, 2595, 14.510, 289.95, -5.40, 14.512, 289.95, -5.42, 0.005, 321.79, -67.42);
insert into SHOT values (7429, 7430, 7448, 2595, 22.610, 299.25, -1.30, 22.606, 299.24, -1.32, 0.009, 152.53, -54.61);
insert into SHOT values (7430, 7430, 7449, 2595, 16.460, 313.85, 3.90, 16.453, 313.84, 3.90, 0.007, 154.80, 3.81);
insert into SHOT values (7431, 7430, 7450, 2595, 8.860, 331.15, 11.70, 8.856, 331.19, 11.66, 0.009, 81.34, -45.70);
insert into SHOT values (7432, 7430, 7451, 2595, 4.460, 314.25, 54.10, 4.454, 314.22, 54.14, 0.006, 145.45, -25.39);
insert into SHOT values (7433, 7430, 7452, 2595, 21.540, 288.35, 4.00, 21.534, 288.34, 3.99, 0.007, 130.08, -21.10);
insert into SHOT values (7434, 7430, 7453, 2595, 31.200, 99.65, 0.70, 31.204, 99.65, 0.70, 0.004, 106.13, -17.11);
insert into SHOT values (7435, 7430, 7454, 2595, 27.520, 296.85, 0.70, 27.526, 296.83, 0.98, 0.134, 226.14, 85.01);
insert into SHOT values (7436, 7454, 7455, 2595, 4.630, 222.15, -6.00, 4.628, 222.18, -6.08, 0.007, 359.62, -57.10);
insert into SHOT values (7437, 7454, 7456, 2595, 7.750, 352.85, 3.70, 7.746, 352.87, 3.70, 0.005, 142.91, -1.56);
insert into SHOT values (7438, 7454, 7457, 2595, 1.250, 334.15, -57.00, 1.251, 333.81, -57.08, 0.004, 229.68, -21.93);
insert into SHOT values (7439, 7454, 7458, 2595, 2.660, 295.05, 65.00, 2.659, 294.74, 65.01, 0.006, 194.72, -7.20);
insert into SHOT values (7440, 7454, 7459, 2595, 2.050, 217.65, 13.70, 2.053, 217.67, 13.52, 0.007, 228.51, -50.17);
insert into SHOT values (7441, 7454, 7460, 2595, 7.000, 184.95, -3.70, 7.001, 184.93, -3.77, 0.009, 103.68, -72.15);
insert into SHOT values (7442, 7454, 7461, 2595, 1.760, 149.35, -36.80, 1.762, 149.25, -36.97, 0.006, 32.60, -63.61);
insert into SHOT values (7443, 7454, 7462, 2595, 4.570, 115.15, -10.30, 4.570, 115.14, -10.34, 0.003, 350.52, -74.02);
insert into SHOT values (7444, 7454, 7463, 2595, 16.030, 114.95, -4.10, 16.035, 114.96, -4.11, 0.008, 152.24, -30.98);
insert into SHOT values (7445, 7454, 7464, 2595, 4.500, 112.55, 18.60, 4.501, 112.60, 18.52, 0.007, 166.55, -48.83);
insert into SHOT values (7446, 7454, 7465, 2595, 6.390, 69.55, 5.50, 6.389, 69.57, 5.48, 0.003, 172.38, -44.71);
insert into SHOT values (7447, 7454, 7466, 2595, 15.850, 96.15, 1.40, 15.846, 96.16, 1.37, 0.009, 235.53, -55.46);
insert into SHOT values (7448, 7454, 7467, 2595, 16.540, 138.75, 1.30, 16.536, 138.75, 1.28, 0.006, 303.00, -55.25);
insert into SHOT values (7449, 7454, 7468, 2595, 9.530, 174.35, -2.40, 9.535, 174.34, -2.40, 0.005, 152.96, -10.07);
insert into SHOT values (7450, 7454, 7469, 2595, 6.360, 17.25, 1.30, 6.356, 17.21, 1.26, 0.007, 245.91, -36.05);
insert into SHOT values (7451, 7454, 7470, 2595, 2.400, 7.05, -22.70, 2.404, 7.00, -22.76, 0.005, 327.28, -50.61);
insert into SHOT values (7452, 7454, 7471, 2595, 5.380, 307.55, -5.50, 5.381, 307.49, -5.54, 0.007, 228.74, -38.02);
insert into SHOT values (7453, 7454, 7472, 2595, 8.000, 287.65, 1.20, 7.997, 287.62, 1.15, 0.009, 159.92, -55.27);
insert into SHOT values (7454, 7454, 7473, 2595, 7.790, 303.65, 6.70, 7.790, 303.67, 6.63, 0.009, 9.38, -70.81);
insert into SHOT values (7455, 7454, 7474, 2595, 13.740, 344.65, 3.70, 13.738, 344.65, 3.67, 0.007, 182.74, -72.12);
insert into SHOT values (7456, 7454, 7475, 2595, 15.250, 307.55, 2.30, 15.263, 307.49, 2.44, 0.043, 251.37, 62.18);
insert into SHOT values (7457, 7475, 7476, 2595, 7.460, 342.65, 1.30, 7.460, 342.68, 1.31, 0.004, 72.80, 9.67);
insert into SHOT values (7458, 7475, 7477, 2595, 10.570, 317.35, 4.30, 10.567, 317.35, 4.29, 0.004, 148.48, -43.67);
insert into SHOT values (7459, 7475, 7478, 2595, 9.000, 218.05, 3.00, 9.002, 218.04, 2.99, 0.003, 194.95, -23.01);
insert into SHOT values (7460, 7475, 7479, 2595, 2.540, 228.35, -37.90, 2.534, 228.25, -37.99, 0.008, 75.04, 2.07);
insert into SHOT values (7461, 7475, 7480, 2595, 12.950, 258.85, 5.10, 12.946, 258.82, 5.10, 0.008, 135.96, -8.97);
insert into SHOT values (7462, 7475, 7481, 2595, 14.560, 275.05, -3.20, 14.559, 275.05, -3.19, 0.003, 52.79, 67.82);
insert into SHOT values (7463, 7475, 7482, 2595, 27.110, 271.35, 4.20, 27.110, 271.36, 4.19, 0.007, 355.34, -56.50);
insert into SHOT values (7464, 7475, 7483, 2595, 14.880, 295.15, 3.50, 14.875, 295.15, 3.51, 0.005, 111.77, 18.76);
insert into SHOT values (7465, 7475, 7484, 2595, 1.820, 264.25, 16.10, 1.819, 264.09, 15.95, 0.007, 182.21, -44.63);
insert into SHOT values (7466, 7475, 7485, 2595, 7.550, 58.75, 6.40, 7.553, 58.79, 6.38, 0.006, 113.35, -14.30);
insert into SHOT values (7467, 7475, 7486, 2595, 7.670, 92.15, 2.20, 7.671, 92.17, 2.17, 0.005, 158.45, -57.39);
insert into SHOT values (7468, 7475, 7487, 2595, 13.300, 100.65, -0.90, 13.301, 100.66, -0.90, 0.003, 166.02, -21.90);
insert into SHOT values (7469, 7475, 7488, 2595, 8.640, 149.75, -5.20, 8.641, 149.71, -5.25, 0.009, 62.07, -50.01);
insert into SHOT values (7470, 7475, 7489, 2595, 5.780, 122.35, -14.90, 5.783, 122.35, -14.93, 0.004, 136.88, -65.06);
insert into SHOT values (7471, 7475, 7490, 2595, 3.280, 127.45, 9.60, 3.285, 127.47, 9.64, 0.005, 144.85, 34.84);
insert into SHOT values (7472, 7475, 7491, 2595, 7.920, 81.95, 3.30, 7.921, 81.93, 3.26, 0.007, 22.63, -64.78);
insert into SHOT values (7473, 7491, 7492, 2595, 5.240, 28.55, -7.40, 5.239, 28.64, -7.35, 0.009, 124.38, 31.32);
insert into SHOT values (7474, 7491, 7493, 2595, 7.360, 69.65, -1.70, 7.363, 69.64, -1.63, 0.009, 58.64, 70.93);
insert into SHOT values (7475, 7491, 7494, 2595, 2.240, 129.45, -3.80, 2.243, 129.38, -3.58, 0.009, 88.06, 64.17);
insert into SHOT values (7476, 7491, 7495, 2595, 19.950, 123.15, 63.50, 19.959, 123.14, 63.49, 0.010, 109.18, 39.03);
insert into SHOT values (7477, 7491, 7496, 2595, 21.620, 118.65, 45.90, 21.629, 118.66, 45.89, 0.010, 136.04, 24.30);
insert into SHOT values (7478, 7491, 7497, 2595, 10.050, 102.35, 31.70, 10.056, 102.35, 31.67, 0.007, 100.66, -7.72);
insert into SHOT values (7479, 7491, 7498, 2595, 8.660, 122.15, 41.10, 8.671, 122.18, 41.10, 0.011, 147.54, 38.85);
insert into SHOT values (7480, 7491, 7499, 2595, 15.680, 247.45, 69.00, 15.682, 247.40, 68.99, 0.005, 185.22, 16.28);
insert into SHOT values (7481, 7491, 7500, 2595, 18.480, 212.65, 79.90, 18.487, 212.66, 79.90, 0.007, 231.99, 71.90);
insert into SHOT values (7482, 7491, 7501, 2595, 15.790, 273.95, 34.40, 15.791, 273.92, 34.39, 0.008, 198.36, -6.25);
insert into SHOT values (7483, 7491, 7502, 2595, 12.780, 292.25, 5.50, 12.774, 292.23, 5.53, 0.009, 148.34, 33.35);
insert into SHOT values (7484, 7491, 7503, 2595, 9.060, 285.95, -5.40, 9.058, 285.96, -5.38, 0.004, 58.87, 40.77);
insert into SHOT values (7485, 7491, 7504, 2595, 4.580, 289.75, -14.50, 4.576, 289.78, -14.43, 0.008, 62.43, 60.96);
insert into SHOT values (7486, 7491, 7505, 2595, 11.040, 109.55, 9.50, 11.043, 109.58, 9.54, 0.010, 188.17, 49.79);
insert into SHOT values (7487, 7491, 7506, 2595, 18.750, 112.25, 20.60, 18.758, 112.26, 20.60, 0.008, 129.87, 22.21);
insert into SHOT values (7488, 7491, 7507, 2595, 26.960, 112.65, 28.50, 26.968, 112.66, 28.50, 0.010, 146.38, 37.32);
insert into SHOT values (7489, 7507, 7508, 2595, 1.660, 194.55, 4.40, 1.659, 194.71, 4.49, 0.005, 295.69, 29.40);
insert into SHOT values (7490, 7507, 7509, 2595, 2.610, 38.35, -42.20, 2.617, 38.29, -42.26, 0.008, 5.75, -61.66);
insert into SHOT values (7491, 7507, 7510, 2595, 1.710, 133.15, -72.40, 1.710, 132.65, -72.41, 0.005, 37.49, -0.55);
insert into SHOT values (7492, 7507, 7511, 2595, 3.660, 138.75, -27.30, 3.655, 138.75, -27.37, 0.007, 319.25, -11.09);
insert into SHOT values (7493, 7507, 7512, 2595, 3.740, 118.45, -34.50, 3.738, 118.31, -34.56, 0.008, 359.77, -11.20);
insert into SHOT values (7494, 7507, 7513, 2595, 3.250, 251.15, -34.70, 3.250, 251.23, -34.70, 0.004, 337.96, 2.51);
insert into SHOT values (7495, 7507, 7514, 2595, 3.380, 322.45, -37.10, 3.381, 322.54, -37.11, 0.004, 48.11, -15.85);
insert into SHOT values (7496, 7507, 7515, 2595, 3.620, 284.35, -51.00, 3.628, 284.46, -51.02, 0.009, 331.66, -47.52);
insert into SHOT values (7497, 7507, 7516, 2595, 10.720, 291.65, -43.30, 10.718, 291.67, -43.29, 0.003, 37.74, 40.47);
insert into SHOT values (7498, 7507, 7517, 2595, 16.860, 293.45, -40.50, 16.859, 293.45, -40.51, 0.002, 133.66, -7.46);
insert into SHOT values (7499, 7507, 7518, 2595, 27.170, 286.25, 3.30, 27.168, 286.25, 3.29, 0.004, 80.71, -69.60);
insert into SHOT values (7500, 7507, 7519, 2595, 11.190, 278.25, 21.90, 11.193, 278.25, 21.87, 0.006, 274.90, -37.07);
insert into SHOT values (7501, 7507, 7520, 2595, 9.320, 252.05, 60.30, 9.313, 252.08, 60.30, 0.007, 41.94, -52.64);
insert into SHOT values (7502, 7507, 7521, 2595, 1.530, 175.55, -54.90, 1.525, 175.40, -55.08, 0.008, 13.61, 13.60);
insert into SHOT values (7503, 7521, 7522, 2595, 1.570, 186.25, -20.20, 1.578, 186.21, -20.40, 0.010, 175.97, -55.92);
insert into SHOT values (7504, 7521, 7523, 2595, 2.360, 110.05, -21.30, 2.358, 110.25, -21.39, 0.009, 221.76, -18.13);
insert into SHOT values (7505, 7521, 7524, 2595, 8.790, 112.35, -17.80, 8.793, 112.40, -17.81, 0.008, 184.32, -20.91);
insert into SHOT values (7506, 7521, 7525, 2595, 5.560, 101.35, -10.40, 5.560, 101.39, -10.47, 0.008, 204.07, -56.06);
insert into SHOT values (7507, 7521, 7526, 2595, 20.670, 108.35, -4.60, 20.666, 108.36, -4.61, 0.008, 235.52, -17.72);
insert into SHOT values (7508, 7521, 7527, 2595, 14.740, 106.75, 3.60, 14.733, 106.76, 3.58, 0.009, 264.26, -38.80);
insert into SHOT values (7509, 7521, 7528, 2595, 5.870, 108.85, 13.20, 5.872, 108.88, 13.19, 0.004, 157.12, -5.99);
insert into SHOT values (7510, 7521, 7529, 2595, 3.650, 108.55, 21.70, 3.646, 108.60, 21.73, 0.005, 257.13, 4.58);
insert into SHOT values (7511, 7521, 7530, 2595, 11.220, 110.95, -1.30, 11.215, 110.96, -1.33, 0.008, 274.80, -43.75);
insert into SHOT values (7512, 7521, 7531, 2595, 10.630, 104.75, -1.00, 10.623, 104.78, -1.02, 0.010, 242.72, -25.92);
insert into SHOT values (7513, 7521, 7532, 2595, 1.590, 69.15, 18.60, 1.578, 69.26, 18.47, 0.013, 232.27, -34.39);
insert into SHOT values (7514, 7521, 7533, 2595, 1.700, 100.85, 31.80, 1.699, 101.15, 31.59, 0.010, 172.90, -35.64);
insert into SHOT values (7515, 7521, 7534, 2595, 27.560, 106.45, -11.40, 27.560, 106.45, -11.41, 0.003, 255.20, -76.50);
insert into SHOT values (7516, 7534, 7535, 2595, 18.630, 252.45, 71.70, 18.633, 252.40, 71.69, 0.007, 203.83, 18.64);
insert into SHOT values (7517, 7534, 7536, 2595, 20.780, 251.65, 71.80, 20.780, 251.59, 71.79, 0.007, 177.84, -3.65);
insert into SHOT values (7518, 7534, 7537, 2595, 18.430, 251.25, 71.80, 18.432, 251.25, 71.80, 0.002, 61.52, 65.61);
insert into SHOT values (7519, 7521, 7538, 2595, 18.400, 250.85, 71.70, 18.402, 250.81, 71.69, 0.005, 206.33, 6.32);
insert into SHOT values (7520, 7475, 7539, 2595, 25.630, 268.25, 5.00, 25.637, 268.38, 5.24, 0.122, 0.52, 60.41);
insert into SHOT values (7521, 7539, 7540, 2595, 7.890, 148.35, 18.40, 7.888, 148.33, 18.40, 0.003, 24.70, -7.98);
insert into SHOT values (7522, 7539, 7541, 2595, 3.400, 269.95, 36.40, 3.398, 270.00, 36.26, 0.009, 306.08, -61.38);
insert into SHOT values (7523, 7539, 7542, 2595, 10.660, 322.15, 7.20, 10.659, 322.14, 7.17, 0.006, 208.61, -81.15);
insert into SHOT values (7524, 7539, 7543, 2595, 21.160, 335.35, 0.10, 21.156, 335.36, 0.08, 0.009, 104.85, -49.57);
insert into SHOT values (7525, 7539, 7544, 2595, 28.520, 356.65, 1.20, 28.515, 356.64, 1.19, 0.009, 212.30, -50.99);
insert into SHOT values (7526, 7539, 7545, 2595, 31.840, 8.15, 1.00, 31.836, 8.15, 0.99, 0.007, 212.80, -52.04);
insert into SHOT values (7527, 7539, 7546, 2595, 4.260, 355.65, -20.50, 4.260, 355.69, -20.47, 0.004, 65.03, 31.89);
insert into SHOT values (7528, 7539, 7547, 2595, 0.670, 220.85, -82.50, 0.676, 220.60, -82.17, 0.007, 216.05, -50.30);
insert into SHOT values (7529, 7539, 7548, 2595, 13.990, 130.05, 3.60, 13.989, 130.03, 3.61, 0.005, 24.76, 19.77);
insert into SHOT values (7530, 7539, 7549, 2595, 17.390, 91.65, -0.00, 17.387, 91.65, 0.00, 0.003, 276.80, 0.00);
insert into SHOT values (7531, 7539, 7550, 2595, 25.570, 72.85, -3.40, 25.571, 72.84, -3.41, 0.005, 2.46, -51.75);
insert into SHOT values (7532, 7539, 7551, 2595, 7.690, 55.95, -2.30, 7.692, 55.98, -2.31, 0.005, 123.40, -17.43);
insert into SHOT values (7533, 7539, 7552, 2595, 3.770, 74.95, -16.80, 3.775, 74.93, -16.78, 0.005, 59.53, -3.66);
insert into SHOT values (7534, 7539, 7553, 2595, 8.750, 73.75, 23.30, 8.754, 73.75, 23.28, 0.005, 77.92, -12.02);
insert into SHOT values (7535, 7539, 7554, 2595, 3.620, 79.65, 55.10, 3.622, 79.72, 55.08, 0.003, 130.28, 17.50);
insert into SHOT values (7536, 7539, 7555, 2595, 10.550, 127.55, -0.60, 10.555, 127.53, -0.60, 0.006, 97.60, 4.48);
insert into SHOT values (7537, 7539, 7556, 2595, 4.390, 99.25, -12.30, 4.388, 99.26, -12.37, 0.006, 259.65, -53.67);
insert into SHOT values (7538, 7539, 7557, 2595, 12.290, 28.05, 1.30, 12.288, 28.07, 1.31, 0.005, 146.57, 14.72);
insert into SHOT values (7539, 7539, 7558, 2595, 23.190, 28.75, 3.70, 23.190, 28.75, 3.68, 0.007, 333.15, -81.83);
insert into SHOT values (7540, 7539, 7559, 2595, 3.310, 8.35, -21.50, 3.316, 8.39, -21.59, 0.008, 43.86, -59.23);
insert into SHOT values (7541, 7539, 7560, 2595, 4.010, 350.45, -20.30, 4.010, 350.51, -20.28, 0.004, 73.49, 15.99);
insert into SHOT values (7542, 7539, 7561, 2595, 17.110, 3.05, 8.10, 17.105, 3.05, 8.10, 0.005, 189.73, -8.62);
insert into SHOT values (7543, 7539, 7562, 2595, 6.550, 2.45, 27.30, 6.544, 2.46, 27.29, 0.007, 165.55, -38.12);
insert into SHOT values (7544, 7539, 7563, 2595, 14.340, 127.15, 10.00, 14.344, 127.15, 10.00, 0.004, 116.73, -1.61);
insert into SHOT values (7545, 7563, 7564, 2595, 2.180, 212.75, -1.50, 2.178, 212.81, -1.58, 0.004, 338.62, -43.66);
insert into SHOT values (7546, 7563, 7565, 2595, 2.700, 193.55, -16.30, 2.702, 193.61, -16.34, 0.004, 257.45, -36.61);
insert into SHOT values (7547, 7563, 7566, 2595, 3.330, 188.05, 7.20, 3.329, 188.18, 7.07, 0.011, 279.16, -44.37);
insert into SHOT values (7548, 7563, 7567, 2595, 1.700, 192.45, 33.40, 1.693, 192.66, 33.33, 0.009, 325.35, -39.17);
insert into SHOT values (7549, 7563, 7568, 2595, 4.400, 187.95, -1.10, 4.403, 187.96, -1.17, 0.007, 208.22, -57.73);
insert into SHOT values (7550, 7539, 7569, 2595, 5.090, 149.95, 6.90, 5.086, 149.93, 6.89, 0.004, 352.89, -20.95);
insert into SHOT values (7551, 7569, 7570, 2595, 6.310, 267.75, -25.90, 6.310, 267.68, -25.94, 0.008, 165.41, -27.51);
insert into SHOT values (7552, 7569, 7571, 2595, 1.220, 228.05, -7.70, 1.221, 228.01, -7.53, 0.004, 205.48, 60.27);
insert into SHOT values (7553, 7571, 7572, 2595, 1.550, 307.05, -6.20, 1.551, 307.09, -6.29, 0.003, 354.84, -58.35);
insert into SHOT values (7554, 7571, 7573, 2595, 1.630, 257.65, -72.90, 1.633, 256.83, -72.81, 0.008, 193.59, -14.97);
insert into SHOT values (7555, 7571, 7574, 2595, 3.010, 164.95, -41.60, 3.017, 164.86, -41.53, 0.009, 139.16, -10.68);
insert into SHOT values (7556, 7571, 7575, 2595, 1.730, 221.15, 42.70, 1.726, 220.85, 42.67, 0.008, 111.71, -24.35);
insert into SHOT values (7557, 7571, 7576, 2595, 5.510, 235.45, 38.60, 5.500, 235.42, 38.58, 0.010, 71.52, -47.22);
insert into SHOT values (7558, 7571, 7577, 2595, 5.580, 246.65, 34.40, 5.575, 246.56, 34.40, 0.009, 125.85, -16.20);
insert into SHOT values (7559, 7571, 7578, 2595, 1.500, 254.85, 35.30, 1.495, 254.83, 35.12, 0.007, 91.07, -76.32);
insert into SHOT values (7560, 7571, 7579, 2595, 1.930, 256.85, -1.50, 1.932, 256.83, -1.78, 0.010, 230.78, -80.24);
insert into SHOT values (7561, 7571, 7580, 2595, 12.220, 243.85, 45.90, 12.214, 243.83, 45.89, 0.007, 118.31, -53.98);
insert into SHOT values (7562, 7539, 7581, 2595, 15.650, 4.85, -4.60, 15.649, 4.67, -4.43, 0.067, 277.32, 42.66);
insert into SHOT values (7563, 7581, 7582, 2595, 0.390, 184.65, -84.80, 0.391, 198.43, -85.36, 0.009, 306.24, -10.28);
insert into SHOT values (7564, 7581, 7583, 2595, 2.110, 283.95, -16.00, 2.111, 283.97, -15.95, 0.002, 304.94, 40.19);
insert into SHOT values (7565, 7581, 7584, 2595, 7.910, 281.05, -0.50, 7.918, 281.07, -0.51, 0.008, 301.04, -6.88);
insert into SHOT values (7566, 7581, 7585, 2595, 10.790, 279.25, 10.20, 10.789, 279.27, 10.20, 0.004, 23.66, -11.90);
insert into SHOT values (7567, 7581, 7586, 2595, 10.340, 269.75, 10.10, 10.340, 269.77, 10.08, 0.006, 355.88, -35.24);
insert into SHOT values (7568, 7581, 7587, 2595, 10.960, 293.25, 7.50, 10.966, 293.24, 7.49, 0.006, 277.89, -5.26);
insert into SHOT values (7569, 7581, 7588, 2595, 4.520, 278.95, 48.10, 4.516, 278.96, 48.08, 0.005, 76.24, -65.93);
insert into SHOT values (7570, 7581, 7589, 2595, 3.770, 51.85, 69.40, 3.770, 51.75, 69.43, 0.003, 281.04, 18.53);
insert into SHOT values (7571, 7581, 7590, 2595, 7.170, 84.55, 28.20, 7.171, 84.55, 28.21, 0.002, 231.02, 75.38);
insert into SHOT values (7572, 7581, 7591, 2595, 12.470, 87.85, 15.50, 12.471, 87.85, 15.49, 0.003, 118.36, -47.33);
insert into SHOT values (7573, 7581, 7592, 2595, 26.090, 90.45, 1.90, 26.085, 90.44, 1.89, 0.008, 310.90, -37.99);
insert into SHOT values (7574, 7581, 7593, 2595, 16.390, 70.95, 4.90, 16.385, 70.94, 4.90, 0.006, 266.14, 0.17);
insert into SHOT values (7575, 7581, 7594, 2595, 4.970, 86.65, -4.30, 4.972, 86.65, -4.27, 0.004, 83.46, 46.82);
insert into SHOT values (7576, 7581, 7595, 2595, 17.160, 55.65, 7.20, 17.157, 55.63, 7.20, 0.007, 303.03, -6.28);
insert into SHOT values (7577, 7581, 7596, 2595, 7.320, 45.25, 33.10, 7.320, 45.20, 33.12, 0.006, 300.20, 24.38);
insert into SHOT values (7578, 7581, 7597, 2595, 11.880, 19.95, 17.50, 11.877, 19.92, 17.49, 0.006, 266.63, -23.00);
insert into SHOT values (7579, 7581, 7598, 2595, 15.380, 7.85, 4.10, 15.382, 7.83, 4.10, 0.006, 302.16, 3.66);
insert into SHOT values (7580, 7581, 7599, 2595, 13.420, 349.05, 7.40, 13.425, 349.04, 7.40, 0.005, 336.72, 19.18);
insert into SHOT values (7581, 7581, 7600, 2595, 17.640, 335.25, 5.10, 17.645, 335.24, 5.10, 0.006, 316.66, 19.36);
insert into SHOT values (7582, 7581, 7601, 2595, 9.380, 325.75, -4.10, 9.388, 325.75, -4.09, 0.008, 327.17, 4.74);
insert into SHOT values (7583, 7581, 7602, 2595, 8.980, 321.85, 16.60, 8.983, 321.84, 16.56, 0.007, 303.76, -49.51);
insert into SHOT values (7584, 7581, 7603, 2595, 9.090, 26.85, 23.00, 9.094, 26.84, 22.98, 0.005, 12.09, -20.37);
insert into SHOT values (7585, 7581, 7604, 2595, 18.310, 32.55, 12.70, 18.312, 32.54, 12.68, 0.006, 358.87, -57.16);
insert into SHOT values (7586, 7581, 7605, 2595, 21.930, 28.95, -2.10, 21.934, 28.95, -2.12, 0.007, 39.31, -59.08);
insert into SHOT values (7587, 7581, 7606, 2595, 50.690, 33.25, 7.40, 50.691, 33.25, 7.40, 0.002, 333.46, 47.63);
insert into SHOT values (7588, 7581, 7607, 2595, 7.200, 125.05, 18.70, 7.194, 125.02, 18.73, 0.007, 333.62, 12.35);
insert into SHOT values (7589, 7581, 7608, 2595, 9.150, 158.55, 14.70, 9.140, 158.57, 14.70, 0.010, 317.82, -10.67);
insert into SHOT values (7590, 7581, 7609, 2595, 8.830, 176.45, 30.60, 8.823, 176.45, 30.59, 0.008, 352.27, -39.77);
insert into SHOT values (7591, 7581, 7610, 2595, 12.860, 208.25, 14.00, 12.860, 208.27, 13.99, 0.005, 294.42, -13.71);
insert into SHOT values (7592, 7581, 7611, 2595, 7.450, 188.65, 0.50, 7.445, 188.65, 0.46, 0.007, 2.94, -45.01);
insert into SHOT values (7593, 7581, 7612, 2595, 11.510, 227.65, 11.40, 11.509, 227.66, 11.37, 0.005, 302.36, -69.36);
insert into SHOT values (7594, 7581, 7613, 2595, 13.240, 242.45, 9.80, 13.240, 242.47, 9.78, 0.007, 329.72, -33.29);
insert into SHOT values (7595, 7581, 7614, 2595, 7.320, 249.95, 2.80, 7.320, 250.00, 2.82, 0.007, 344.25, 19.04);
insert into SHOT values (7596, 7581, 7615, 2595, 9.240, 246.95, 25.50, 9.244, 247.00, 25.50, 0.008, 312.58, 14.27);
insert into SHOT values (7597, 7581, 7616, 2595, 9.900, 247.35, 5.00, 9.895, 247.39, 4.99, 0.009, 11.08, -18.79);
insert into SHOT values (7598, 7616, 7617, 2595, 0.790, 296.65, -46.10, 0.789, 296.10, -46.25, 0.006, 184.04, -7.63);
insert into SHOT values (7599, 7616, 7618, 2595, 4.140, 322.55, 10.80, 4.139, 322.40, 10.86, 0.012, 220.22, 21.06);
insert into SHOT values (7600, 7616, 7619, 2595, 7.140, 259.65, 11.50, 7.147, 259.64, 11.46, 0.008, 248.65, -24.25);
insert into SHOT values (7601, 7616, 7620, 2595, 8.530, 275.25, 26.20, 8.539, 275.24, 26.20, 0.009, 269.01, 25.01);
insert into SHOT values (7602, 7616, 7621, 2595, 7.370, 252.85, 51.30, 7.373, 252.86, 51.25, 0.007, 260.85, -14.26);
insert into SHOT values (7603, 7616, 7622, 2595, 9.280, 286.95, -0.80, 9.282, 286.91, -0.80, 0.006, 218.18, -3.88);
insert into SHOT values (7604, 7616, 7623, 2595, 21.220, 285.05, 7.00, 21.219, 285.03, 7.01, 0.009, 183.21, 24.81);
insert into SHOT values (7605, 7616, 7624, 2595, 15.520, 290.55, 7.70, 15.525, 290.51, 7.70, 0.012, 225.19, 2.55);
insert into SHOT values (7606, 7616, 7625, 2595, 19.160, 286.75, 10.30, 19.168, 286.73, 10.31, 0.010, 253.88, 25.20);
insert into SHOT values (7607, 7616, 7626, 2595, 17.720, 282.45, 8.70, 17.724, 282.43, 8.70, 0.008, 224.18, -2.39);
insert into SHOT values (7608, 7616, 7627, 2595, 23.640, 285.15, 8.80, 23.639, 285.14, 8.81, 0.006, 180.93, 34.30);
insert into SHOT values (7609, 7616, 7628, 2595, 25.370, 284.65, 11.00, 25.373, 284.63, 11.00, 0.010, 215.17, -4.82);
insert into SHOT values (7610, 7581, 7629, 2595, 29.870, 314.55, 0.10, 29.876, 314.55, 0.10, 0.007, 332.16, -18.10);
insert into SHOT values (7611, 7629, 7630, 2595, 4.240, 268.15, 7.30, 4.237, 268.09, 7.32, 0.006, 140.26, 13.05);
insert into SHOT values (7612, 7629, 7631, 2595, 0.810, 286.25, -47.00, 0.807, 285.80, -46.97, 0.005, 175.58, 27.60);
insert into SHOT values (7613, 7629, 7632, 2595, 1.310, 315.85, 60.10, 1.313, 316.25, 60.28, 0.007, 73.32, 40.69);
insert into SHOT values (7614, 7629, 7633, 2595, 4.380, 28.85, 1.60, 4.374, 28.85, 1.57, 0.006, 207.06, -22.52);
insert into SHOT values (7615, 7629, 7634, 2595, 2.440, 128.75, -17.80, 2.443, 128.89, -17.88, 0.007, 197.48, -33.57);
insert into SHOT values (7616, 7629, 7635, 2595, 10.040, 91.95, 4.50, 10.037, 91.95, 4.51, 0.004, 276.22, 34.69);
insert into SHOT values (7617, 7629, 7636, 2595, 2.790, 129.45, 20.60, 2.792, 129.41, 20.55, 0.004, 100.52, -25.78);
insert into SHOT values (7618, 7629, 7637, 2595, 4.730, 156.25, 11.70, 4.732, 156.20, 11.70, 0.005, 97.26, 10.21);
insert into SHOT values (7619, 7629, 7638, 2595, 28.970, 322.75, 1.30, 28.966, 322.75, 1.31, 0.005, 160.34, 33.93);
insert into SHOT values (7620, 7581, 7639, 2595, 32.920, 16.45, 0.40, 32.906, 16.15, 1.24, 0.511, 279.30, 70.13);
insert into SHOT values (7621, 7639, 7640, 2595, 18.170, 205.65, -0.30, 18.173, 205.66, -0.28, 0.007, 263.32, 44.55);
insert into SHOT values (7622, 7639, 7641, 2595, 6.470, 215.15, 38.50, 6.474, 215.20, 38.50, 0.005, 272.36, 25.17);
insert into SHOT values (7623, 7639, 7642, 2595, 5.800, 216.15, 75.00, 5.798, 216.34, 74.99, 0.006, 295.68, -25.41);
insert into SHOT values (7624, 7639, 7643, 2595, 13.760, 129.25, 30.30, 13.761, 129.26, 30.29, 0.004, 183.38, -33.54);
insert into SHOT values (7625, 7639, 7644, 2595, 38.870, 106.25, 7.90, 38.866, 106.25, 7.90, 0.005, 311.90, -29.71);
insert into SHOT values (7626, 7639, 7645, 2595, 48.420, 105.65, -2.20, 48.419, 105.65, -2.20, 0.002, 321.64, -41.71);
insert into SHOT values (7627, 7639, 7646, 2595, 28.510, 132.25, 4.90, 28.506, 132.26, 4.91, 0.009, 258.93, 34.03);
insert into SHOT values (7628, 7639, 7647, 2595, 21.610, 164.95, 6.80, 21.608, 164.95, 6.80, 0.003, 308.82, 23.71);
insert into SHOT values (7629, 7639, 7648, 2595, 24.850, 175.55, 4.10, 24.848, 175.56, 4.11, 0.005, 293.83, 39.02);
insert into SHOT values (7630, 7639, 7649, 2595, 20.150, 204.65, -0.80, 20.151, 204.67, -0.80, 0.008, 286.91, 10.10);
insert into SHOT values (7631, 7639, 7650, 2595, 12.440, 191.25, -9.10, 12.444, 191.26, -9.11, 0.005, 236.88, -28.40);
insert into SHOT values (7632, 7639, 7651, 2595, 26.760, 194.25, -2.90, 26.757, 194.25, -2.89, 0.006, 331.13, 43.63);
insert into SHOT values (7633, 7639, 7652, 2595, 16.900, 184.25, 12.10, 16.901, 184.27, 12.09, 0.006, 261.37, -23.66);
insert into SHOT values (7634, 7639, 7653, 2595, 4.200, 193.05, -21.90, 4.205, 193.04, -21.93, 0.005, 182.44, -42.89);
insert into SHOT values (7635, 7639, 7654, 2595, 1.640, 45.35, -50.70, 1.641, 45.39, -50.70, 0.001, 91.08, -40.93);
insert into SHOT values (7636, 7639, 7655, 2595, 8.980, 55.35, 20.60, 8.977, 55.33, 20.61, 0.005, 277.26, 5.39);
insert into SHOT values (7637, 7639, 7656, 2595, 12.370, 78.45, 12.00, 12.365, 78.46, 12.00, 0.006, 237.84, -18.90);
insert into SHOT values (7638, 7639, 7657, 2595, 40.980, 85.55, 17.20, 40.981, 85.55, 17.20, 0.003, 24.30, 45.05);
insert into SHOT values (7639, 7639, 7658, 2595, 7.740, 27.65, 26.60, 7.741, 27.64, 26.63, 0.005, 253.37, 69.33);
insert into SHOT values (7640, 7639, 7659, 2595, 6.110, 320.05, -11.20, 6.108, 320.01, -11.23, 0.006, 195.22, -33.73);
insert into SHOT values (7641, 7639, 7660, 2595, 13.160, 277.65, -8.70, 13.167, 277.64, -8.69, 0.007, 258.72, 4.64);
insert into SHOT values (7642, 7639, 7661, 2595, 20.340, 249.15, -3.50, 20.348, 249.15, -3.49, 0.009, 244.52, 11.63);
insert into SHOT values (7643, 7639, 7662, 2595, 21.090, 266.15, -1.30, 21.093, 266.14, -1.30, 0.005, 218.62, -17.36);
insert into SHOT values (7644, 7639, 7663, 2595, 31.910, 277.55, -1.50, 31.917, 277.55, -1.49, 0.009, 265.77, 35.62);
insert into SHOT values (7645, 7639, 7664, 2595, 14.140, 336.75, 6.50, 14.143, 336.74, 6.50, 0.004, 296.27, -9.04);
insert into SHOT values (7646, 7639, 7665, 2595, 16.130, 316.15, 15.70, 16.134, 316.15, 15.71, 0.006, 311.67, 60.31);
insert into SHOT values (7647, 7639, 7666, 2595, 27.280, 307.35, 10.60, 27.285, 307.35, 10.60, 0.005, 305.84, 22.05);
insert into SHOT values (7648, 7639, 7667, 2595, 29.770, 309.95, 7.20, 29.773, 309.93, 7.20, 0.009, 238.95, -7.42);
insert into SHOT values (7649, 7639, 7668, 2595, 27.870, 320.25, 5.10, 27.868, 320.25, 5.11, 0.004, 155.40, 43.74);
insert into SHOT values (7650, 7639, 7669, 2595, 21.620, 330.05, 10.70, 21.625, 330.04, 10.71, 0.008, 310.34, 51.27);
insert into SHOT values (7651, 7639, 7670, 2595, 14.760, 308.95, -4.60, 14.767, 308.93, -4.58, 0.009, 279.88, 24.74);
insert into SHOT values (7652, 7639, 7671, 2595, 9.870, 283.15, -11.50, 9.872, 283.15, -11.51, 0.003, 265.12, -52.51);
insert into SHOT values (7653, 7639, 7672, 2595, 12.250, 297.65, 25.90, 12.247, 297.64, 25.90, 0.004, 160.99, -12.09);
insert into SHOT values (7654, 7639, 7673, 2595, 59.280, 89.55, 5.40, 59.275, 89.55, 5.40, 0.007, 226.36, 10.17);
insert into SHOT_FLAG values(7654, 'dpl');
insert into SHOT values (7655, 7639, 7674, 2595, 25.480, 317.05, 0.40, 25.494, 316.96, 0.74, 0.158, 243.76, 74.07);
insert into SHOT values (7656, 7674, 7675, 2595, 4.020, 258.05, -8.10, 4.024, 258.13, -8.00, 0.010, 303.12, 40.17);
insert into SHOT values (7657, 7674, 7676, 2595, 11.950, 215.45, 17.50, 11.949, 215.46, 17.54, 0.008, 358.87, 56.60);
insert into SHOT values (7658, 7674, 7677, 2595, 5.210, 207.65, -4.20, 5.207, 207.65, -4.19, 0.003, 24.24, 28.19);
insert into SHOT values (7659, 7674, 7678, 2595, 4.900, 184.95, -19.70, 4.894, 184.98, -19.70, 0.007, 341.19, 15.55);
insert into SHOT values (7660, 7674, 7679, 2595, 6.450, 240.05, 49.00, 6.453, 240.10, 49.00, 0.005, 307.02, 25.55);
insert into SHOT values (7661, 7674, 7680, 2595, 7.070, 271.45, 19.50, 7.068, 271.46, 19.51, 0.003, 57.24, -0.30);
insert into SHOT values (7662, 7674, 7681, 2595, 4.390, 298.35, 18.60, 4.390, 298.41, 18.59, 0.005, 21.67, -2.83);
insert into SHOT values (7663, 7674, 7682, 2595, 4.900, 23.25, 25.80, 4.908, 23.20, 25.85, 0.010, 348.57, 47.33);
insert into SHOT values (7664, 7674, 7683, 2595, 8.410, 83.95, 24.90, 8.405, 83.90, 24.91, 0.008, 315.52, -6.35);
insert into SHOT values (7665, 7674, 7684, 2595, 17.520, 55.65, 57.20, 17.522, 55.61, 57.21, 0.008, 310.67, 24.36);
insert into SHOT values (7666, 7674, 7685, 2595, 16.450, 10.35, 40.60, 16.455, 10.33, 40.61, 0.007, 310.65, 44.43);
insert into SHOT values (7667, 7674, 7686, 2595, 19.070, 52.05, 83.50, 19.073, 51.96, 83.50, 0.004, 316.12, 38.22);
insert into SHOT values (7668, 7674, 7687, 2595, 17.340, 158.65, 75.60, 17.343, 158.62, 75.62, 0.008, 359.65, 37.07);
insert into SHOT values (7669, 7674, 7688, 2595, 5.800, 171.75, 63.50, 5.799, 171.78, 63.51, 0.002, 309.39, -18.76);
insert into SHOT values (7670, 7674, 7689, 2595, 27.990, 283.85, 47.40, 27.999, 283.86, 47.40, 0.010, 316.08, 42.82);
insert into SHOT values (7671, 7674, 7690, 2595, 21.520, 304.95, 39.20, 21.529, 304.97, 39.21, 0.011, 354.94, 51.93);
insert into SHOT values (7672, 7674, 7691, 2595, 30.750, 271.05, 40.30, 30.752, 271.05, 40.30, 0.002, 292.37, 30.89);
insert into SHOT values (7673, 7674, 7692, 2595, 23.090, 88.35, 50.90, 23.087, 88.35, 50.91, 0.006, 273.34, 9.85);
insert into SHOT values (7674, 7674, 7693, 2595, 22.220, 74.45, 44.40, 22.220, 74.43, 44.41, 0.007, 310.43, 31.11);
insert into SHOT values (7675, 7674, 7694, 2595, 15.370, 81.35, 34.60, 15.374, 81.32, 34.60, 0.008, 18.65, 17.02);
insert into SHOT values (7676, 7674, 7695, 2595, 19.130, 109.45, 50.30, 19.128, 109.41, 50.31, 0.009, 344.70, 8.76);
insert into SHOT values (7677, 7674, 7696, 2595, 11.000, 241.05, 16.80, 10.963, 240.81, 17.46, 0.139, 91.72, 52.61);
insert into SHOT values (7678, 7696, 7697, 2595, 3.570, 146.75, -47.30, 3.566, 146.64, -47.29, 0.006, 28.49, 34.60);
insert into SHOT values (7679, 7696, 7698, 2595, 9.060, 175.05, -29.00, 9.055, 175.07, -29.00, 0.006, 318.88, 21.75);
insert into SHOT values (7680, 7696, 7699, 2595, 7.520, 116.65, -18.60, 7.518, 116.60, -18.62, 0.007, 358.99, -12.03);
insert into SHOT values (7681, 7696, 7700, 2595, 9.190, 138.25, -10.00, 9.190, 138.22, -9.96, 0.007, 59.65, 56.22);
insert into SHOT values (7682, 7696, 7701, 2595, 9.750, 38.25, -24.20, 9.748, 38.20, -24.16, 0.011, 316.83, 39.76);
insert into SHOT values (7683, 7696, 7702, 2595, 4.920, 16.65, 19.60, 4.920, 16.68, 19.60, 0.002, 106.69, -10.98);
insert into SHOT values (7684, 7696, 7703, 2595, 6.820, 345.35, 10.40, 6.821, 345.32, 10.39, 0.004, 272.84, -18.95);
insert into SHOT values (7685, 7696, 7704, 2595, 8.300, 315.95, 15.20, 8.304, 315.96, 15.22, 0.005, 345.16, 48.00);
insert into SHOT values (7686, 7696, 7705, 2595, 6.150, 304.45, 21.00, 6.157, 304.44, 21.03, 0.008, 292.38, 46.20);
insert into SHOT values (7687, 7696, 7706, 2595, 14.190, 276.85, 9.60, 14.189, 276.86, 9.61, 0.004, 42.76, 59.00);
insert into SHOT values (7688, 7696, 7707, 2595, 4.100, 289.05, -5.70, 4.106, 289.14, -5.73, 0.010, 336.62, -16.78);
insert into SHOT values (7689, 7696, 7708, 2595, 12.650, 302.95, 2.80, 12.616, 303.60, 3.36, 0.193, 48.98, 39.26);
insert into SHOT values (7690, 7708, 7709, 2595, 6.070, 294.15, -5.50, 6.071, 294.23, -5.58, 0.012, 22.00, -43.04);
insert into SHOT values (7691, 7708, 7710, 2595, 20.770, 284.15, 51.40, 20.772, 284.15, 51.38, 0.006, 296.62, -20.89);
insert into SHOT values (7692, 7708, 7711, 2595, 22.950, 300.85, 25.80, 22.949, 300.86, 25.78, 0.010, 349.65, -59.66);
insert into SHOT values (7693, 7708, 7712, 2595, 12.190, 305.95, 14.70, 12.197, 305.97, 14.67, 0.010, 329.55, -19.69);
insert into SHOT values (7694, 7708, 7713, 2595, 7.170, 313.95, 0.10, 7.171, 313.98, 0.08, 0.005, 28.31, -29.41);
insert into SHOT values (7695, 7708, 7714, 2595, 16.130, 325.15, 15.40, 16.138, 325.16, 15.38, 0.010, 337.40, -20.66);
insert into SHOT values (7696, 7708, 7715, 2595, 18.900, 336.45, 19.90, 18.898, 336.45, 19.89, 0.003, 140.46, -65.17);
insert into SHOT values (7697, 7708, 7716, 2595, 12.340, 352.85, 15.60, 12.344, 352.85, 15.55, 0.011, 356.86, -50.26);
insert into SHOT values (7698, 7708, 7717, 2595, 15.190, 347.15, 0.50, 15.191, 347.14, 0.49, 0.003, 304.51, -53.70);
insert into SHOT values (7699, 7708, 7718, 2595, 5.070, 329.35, -12.90, 5.079, 329.39, -12.97, 0.012, 356.67, -43.88);
insert into SHOT values (7700, 7708, 7719, 2595, 16.670, 21.95, 65.60, 16.669, 21.91, 65.60, 0.005, 303.94, -12.84);
insert into SHOT values (7701, 7708, 7720, 2595, 17.250, 94.45, 78.00, 17.246, 94.33, 78.02, 0.010, 325.30, -17.00);
insert into SHOT values (7702, 7708, 7721, 2595, 14.650, 50.75, 38.70, 14.651, 50.71, 38.70, 0.007, 327.82, 1.61);
insert into SHOT values (7703, 7708, 7722, 2595, 17.470, 98.35, 70.70, 17.461, 98.27, 70.70, 0.012, 340.93, -42.77);
insert into SHOT values (7704, 7708, 7723, 2595, 2.930, 215.15, 72.60, 2.924, 215.69, 72.60, 0.010, 319.04, -34.85);
insert into SHOT values (7705, 7708, 7724, 2595, 1.700, 165.75, 54.90, 1.695, 165.68, 55.09, 0.008, 355.09, -6.54);
insert into SHOT values (7706, 7708, 7725, 2595, 6.390, 184.15, 2.50, 6.382, 184.14, 2.42, 0.011, 14.40, -49.62);
insert into SHOT values (7707, 7708, 7726, 2595, 7.380, 189.75, -29.50, 7.383, 189.77, -29.54, 0.006, 281.27, -67.75);
insert into SHOT values (7708, 7708, 7727, 2595, 5.160, 120.05, -18.00, 5.160, 119.96, -18.06, 0.009, 16.04, -35.63);
insert into SHOT values (7709, 7708, 7728, 2595, 7.600, 161.65, 3.70, 7.593, 161.61, 3.70, 0.009, 14.49, -2.92);
insert into SHOT values (7710, 7708, 7729, 2595, 4.900, 230.55, -18.50, 4.901, 230.59, -18.56, 0.006, 324.36, -57.75);
insert into SHOT values (7711, 7708, 7730, 2595, 7.500, 211.05, -27.20, 7.497, 211.07, -27.23, 0.005, 5.62, -19.66);
insert into SHOT values (7712, 7708, 7731, 2595, 8.240, 193.45, -23.60, 8.238, 193.48, -23.61, 0.006, 314.30, -11.75);
insert into SHOT values (7713, 7708, 7732, 2595, 13.270, 210.65, -19.20, 13.272, 210.66, -19.22, 0.006, 308.93, -71.01);
insert into SHOT values (7714, 7732, 7733, 2595, 6.190, 108.65, -0.10, 6.195, 108.64, -0.09, 0.005, 97.50, 9.05);
insert into SHOT values (7715, 7732, 7734, 2595, 5.690, 204.65, 1.00, 5.688, 204.63, 1.01, 0.003, 74.32, 14.07);
insert into SHOT values (7716, 7732, 7735, 2595, 5.250, 164.95, -8.30, 5.244, 164.92, -8.33, 0.007, 7.89, -17.26);
insert into SHOT values (7717, 7732, 7736, 2595, 11.350, 169.45, -1.80, 11.348, 169.43, -1.77, 0.007, 45.89, 60.34);
insert into SHOT values (7718, 7732, 7737, 2595, 9.910, 159.05, 0.40, 9.904, 159.06, 0.40, 0.006, 322.77, 8.09);
insert into SHOT values (7719, 7732, 7738, 2595, 1.910, 162.45, 32.80, 1.911, 162.58, 32.97, 0.007, 280.15, 51.71);
insert into SHOT values (7720, 7732, 7739, 2595, 2.000, 60.35, 36.20, 1.998, 60.26, 36.20, 0.003, 301.16, -21.88);
insert into SHOT values (7721, 7732, 7740, 2595, 4.410, 64.65, 7.20, 4.409, 64.55, 7.17, 0.008, 329.76, -19.40);
insert into SHOT values (7722, 7732, 7741, 2595, 5.600, 13.75, 21.00, 5.602, 13.72, 21.03, 0.004, 304.74, 45.68);
insert into SHOT values (7723, 7732, 7742, 2595, 5.280, 248.75, 1.10, 5.279, 248.78, 1.09, 0.004, 0.86, -21.65);
insert into SHOT values (7724, 7732, 7743, 2595, 2.780, 272.65, -4.80, 2.783, 272.69, -4.74, 0.004, 306.17, 38.02);
insert into SHOT values (7725, 7732, 7744, 2595, 5.580, 276.85, 9.70, 5.579, 276.89, 9.70, 0.004, 13.39, -2.31);
insert into SHOT values (7726, 7732, 7745, 2595, 5.250, 312.35, 3.40, 5.247, 312.37, 3.39, 0.004, 96.89, -22.67);
insert into SHOT values (7727, 7732, 7746, 2595, 3.060, 328.15, 38.00, 3.064, 328.22, 38.09, 0.007, 54.42, 63.26);
insert into SHOT values (7728, 7732, 7747, 2595, 10.130, 157.05, -1.90, 10.128, 157.03, -1.87, 0.007, 34.08, 58.74);
insert into SHOT values (7729, 7732, 7748, 2595, 10.360, 157.05, -1.80, 10.356, 157.03, -1.77, 0.008, 22.40, 44.13);
insert into SHOT values (7730, 7732, 7749, 2595, 14.520, 280.15, 0.60, 14.518, 280.16, 0.59, 0.003, 50.69, -37.97);
insert into SHOT values (7731, 7749, 7750, 2595, 1.100, 28.55, 4.30, 1.095, 28.44, 4.71, 0.009, 230.04, 53.83);
insert into SHOT values (7732, 7749, 7751, 2595, 1.890, 230.75, 4.30, 1.889, 230.82, 4.55, 0.009, 347.61, 72.97);
insert into SHOT values (7733, 7749, 7752, 2595, 0.560, 291.55, -56.90, 0.555, 290.77, -56.01, 0.011, 247.31, 56.56);
insert into SHOT values (7734, 7749, 7753, 2595, 5.180, 310.75, -4.20, 5.176, 310.76, -4.21, 0.004, 119.73, -8.31);
insert into SHOT values (7735, 7749, 7754, 2595, 11.470, 279.15, -5.10, 11.471, 279.17, -5.10, 0.004, 348.11, -6.07);
insert into SHOT values (7736, 7749, 7755, 2595, 14.550, 292.35, -3.10, 14.554, 292.37, -3.07, 0.009, 335.06, 48.12);
insert into SHOT values (7737, 7749, 7756, 2595, 9.830, 291.05, 34.50, 9.831, 291.05, 34.51, 0.002, 58.55, 72.08);
insert into SHOT values (7738, 7749, 7757, 2595, 5.600, 302.85, 32.60, 5.600, 302.88, 32.64, 0.005, 73.67, 39.18);
insert into SHOT values (7739, 7749, 7758, 2595, 2.620, 282.85, 35.40, 2.621, 282.99, 35.45, 0.006, 23.02, 22.46);
insert into SHOT values (7740, 7749, 7759, 2595, 3.840, 282.15, 10.00, 3.844, 282.20, 10.04, 0.006, 323.87, 31.84);
insert into SHOT values (7741, 7749, 7760, 2595, 3.250, 99.35, 5.70, 3.249, 99.26, 5.83, 0.009, 349.60, 53.08);
insert into SHOT values (7742, 7749, 7761, 2595, 3.210, 109.85, -5.50, 3.203, 109.80, -5.38, 0.011, 312.20, 46.43);
insert into SHOT values (7743, 7749, 7762, 2595, 5.440, 110.35, 16.50, 5.440, 110.31, 16.56, 0.006, 352.90, 52.55);
insert into SHOT values (7744, 7749, 7763, 2595, 3.920, 123.55, 5.50, 3.921, 123.61, 5.56, 0.006, 208.44, 46.28);
insert into SHOT values (7745, 7749, 7764, 2595, 9.660, 293.75, 1.80, 9.663, 293.75, 1.84, 0.007, 303.84, 66.56);
insert into SHOT values (7746, 7764, 7765, 2595, 4.510, 203.95, -3.40, 4.516, 203.95, -3.43, 0.007, 204.60, -22.59);
insert into SHOT values (7747, 7764, 7766, 2595, 2.870, 201.95, 2.70, 2.870, 201.91, 2.60, 0.006, 122.24, -70.60);
insert into SHOT values (7748, 7764, 7767, 2595, 1.620, 200.95, 29.90, 1.619, 200.89, 30.01, 0.004, 53.77, 43.15);
insert into SHOT values (7749, 7764, 7768, 2595, 3.070, 179.65, 68.10, 3.073, 179.50, 68.02, 0.006, 148.95, 14.95);
insert into SHOT values (7750, 7764, 7769, 2595, 0.440, 14.55, 48.20, 0.438, 14.04, 48.83, 0.006, 223.49, 20.46);
insert into SHOT values (7751, 7764, 7770, 2595, 3.170, 273.35, -18.40, 3.167, 273.24, -18.41, 0.006, 153.84, 5.46);
insert into SHOT values (7752, 7764, 7771, 2595, 9.830, 276.45, -2.60, 9.832, 276.43, -2.62, 0.005, 217.76, -47.99);
insert into SHOT values (7753, 7764, 7772, 2595, 7.550, 280.75, -7.20, 7.552, 280.77, -7.23, 0.005, 342.38, -49.74);
insert into SHOT values (7754, 7764, 7773, 2595, 4.050, 273.35, 3.50, 4.044, 273.41, 3.40, 0.010, 55.08, -46.99);
insert into SHOT values (7755, 7764, 7774, 2595, 9.900, 276.75, 3.10, 9.902, 276.74, 3.07, 0.006, 240.38, -57.47);
insert into SHOT values (7756, 7764, 7775, 2595, 2.470, 95.15, -2.10, 2.471, 95.11, -2.09, 0.002, 46.96, 12.97);
insert into SHOT values (7757, 7775, 7776, 2595, 3.750, 28.35, -26.90, 3.750, 28.41, -26.96, 0.005, 147.41, -41.77);
insert into SHOT values (7758, 7674, 7777, 2595, 18.670, 86.75, 34.20, 18.655, 87.93, 33.92, 0.331, 170.43, -14.71);
insert into SHOT values (7759, 7777, 7778, 2595, 8.340, 72.95, 72.50, 8.336, 73.08, 72.49, 0.007, 156.38, -34.25);
insert into SHOT values (7760, 7777, 7779, 2595, 11.770, 2.45, 27.80, 11.768, 2.42, 27.81, 0.005, 247.40, 6.86);
insert into SHOT values (7761, 7777, 7780, 2595, 1.820, 125.05, -24.40, 1.821, 124.94, -24.33, 0.004, 59.60, 27.16);
insert into SHOT values (7762, 7777, 7781, 2595, 3.990, 172.05, 12.00, 3.995, 172.06, 11.99, 0.005, 178.55, 5.24);
insert into SHOT values (7763, 7777, 7782, 2595, 18.240, 114.65, 28.70, 18.238, 114.64, 28.71, 0.003, 331.92, 14.32);
insert into SHOT values (7764, 7777, 7783, 2595, 9.900, 128.95, 10.90, 9.899, 128.95, 10.89, 0.002, 339.44, -60.04);
insert into SHOT values (7765, 7777, 7784, 2595, 14.480, 301.65, 9.50, 14.480, 301.63, 9.50, 0.004, 214.79, 1.45);
insert into SHOT values (7766, 7777, 7785, 2595, 21.530, 280.85, -20.40, 21.530, 280.85, -20.39, 0.005, 332.21, 66.20);
insert into SHOT values (7767, 7777, 7786, 2595, 16.320, 284.95, -28.90, 16.325, 284.92, -28.90, 0.009, 227.04, -19.20);
insert into SHOT values (7768, 7777, 7787, 2595, 23.560, 270.85, -9.80, 23.566, 270.84, -9.80, 0.007, 238.51, 1.05);
insert into SHOT values (7769, 7777, 7788, 2595, 31.230, 281.25, -13.60, 31.228, 281.25, -13.59, 0.004, 133.57, 64.13);
insert into SHOT values (7770, 7777, 7789, 2595, 19.540, 259.55, 8.80, 19.540, 259.56, 8.80, 0.003, 352.33, 12.98);
insert into SHOT values (7771, 7777, 7790, 2595, 9.620, 254.25, 39.90, 9.617, 254.27, 39.91, 0.005, 41.19, -9.30);
insert into SHOT values (7772, 7777, 7791, 2595, 9.110, 241.25, 64.80, 9.108, 241.19, 64.78, 0.005, 171.30, -34.74);
insert into SHOT values (7773, 7777, 7792, 2595, 7.740, 102.05, -1.00, 7.743, 102.76, -1.26, 0.102, 190.97, -19.92);
insert into SHOT values (7774, 7792, 7793, 2595, 4.280, 180.15, 1.80, 4.282, 180.13, 1.87, 0.006, 152.59, 66.70);
insert into SHOT values (7775, 7792, 7794, 2595, 9.860, 151.75, 72.80, 9.861, 151.77, 72.79, 0.002, 183.76, 30.25);
insert into SHOT values (7776, 7792, 7795, 2595, 7.890, 17.75, 30.10, 7.890, 17.74, 30.12, 0.003, 217.28, 64.99);
insert into SHOT values (7777, 7792, 7796, 2595, 2.360, 23.05, -3.70, 2.362, 22.98, -3.64, 0.004, 324.98, 32.78);
insert into SHOT values (7778, 7792, 7797, 2595, 10.670, 58.05, 4.90, 10.672, 58.03, 4.89, 0.004, 354.57, -18.79);
insert into SHOT values (7779, 7792, 7798, 2595, 20.080, 106.15, 3.40, 20.085, 106.13, 3.40, 0.008, 51.06, -6.20);
insert into SHOT values (7780, 7792, 7799, 2595, 11.130, 124.45, 4.40, 11.131, 124.46, 4.43, 0.007, 202.66, 64.70);
insert into SHOT values (7781, 7792, 7800, 2595, 5.420, 145.75, -3.80, 5.423, 145.69, -3.81, 0.006, 88.17, -7.30);
insert into SHOT values (7782, 7792, 7801, 2595, 14.570, 114.25, -12.30, 14.571, 114.26, -12.28, 0.005, 172.96, 47.67);
insert into SHOT values (7783, 7792, 7802, 2595, 3.270, 107.75, -23.10, 3.274, 107.77, -23.01, 0.007, 120.01, 25.48);
insert into SHOT values (7784, 7792, 7803, 2595, 7.260, 127.05, -14.20, 7.256, 126.97, -14.20, 0.011, 14.31, 4.93);
insert into SHOT values (7785, 7803, 7804, 2595, 6.900, 110.85, -16.90, 6.899, 110.85, -16.85, 0.006, 141.71, 85.84);
insert into SHOT values (7786, 7803, 7805, 2595, 2.690, 148.25, -47.20, 2.690, 148.39, -47.08, 0.007, 197.10, 31.45);
insert into SHOT values (7787, 7803, 7806, 2595, 16.640, 150.65, -42.50, 16.642, 150.68, -42.49, 0.008, 207.78, 13.77);
insert into SHOT values (7788, 7803, 7807, 2595, 43.860, 148.65, -9.80, 43.856, 148.66, -9.79, 0.009, 266.44, 38.91);
insert into SHOT values (7789, 7803, 7808, 2595, 11.190, 167.75, -8.60, 11.186, 167.79, -8.59, 0.009, 285.80, 22.11);
insert into SHOT values (7790, 7803, 7809, 2595, 10.350, 146.05, 68.80, 10.352, 146.10, 68.78, 0.005, 183.43, 4.84);
insert into SHOT values (7791, 7803, 7810, 2595, 14.260, 104.35, 13.20, 14.261, 104.35, 13.21, 0.004, 345.19, 80.83);
insert into SHOT values (7792, 7803, 7811, 2595, 11.410, 85.45, 45.10, 11.417, 85.44, 45.12, 0.008, 57.22, 77.99);
insert into SHOT values (7793, 7803, 7812, 2595, 42.030, 133.95, -15.40, 42.023, 133.86, -15.34, 0.075, 47.84, 33.38);
insert into SHOT values (7794, 7792, 7813, 2595, 14.390, 222.05, 63.80, 14.388, 222.00, 63.80, 0.006, 113.17, -15.36);
insert into SHOT values (7795, 7792, 7814, 2595, 8.240, 0.35, 29.60, 8.179, 0.32, 29.76, 0.065, 183.20, -8.87);
insert into SHOT values (7796, 7814, 7815, 2595, 4.270, 247.05, 3.00, 4.263, 247.05, 2.96, 0.008, 66.97, -25.91);
insert into SHOT values (7797, 7814, 7816, 2595, 1.160, 223.45, -8.90, 1.160, 223.59, -8.93, 0.003, 317.10, -11.06);
insert into SHOT values (7798, 7814, 7817, 2595, 2.470, 247.35, 50.30, 2.467, 247.18, 50.38, 0.007, 111.38, -3.67);
insert into SHOT values (7799, 7814, 7818, 2595, 13.480, 271.65, 4.40, 13.475, 271.62, 4.38, 0.009, 144.89, -27.01);
insert into SHOT values (7800, 7814, 7819, 2595, 15.870, 285.05, 6.10, 15.871, 285.06, 6.08, 0.007, 340.09, -64.75);
insert into SHOT values (7801, 7814, 7820, 2595, 9.920, 300.15, 7.00, 9.914, 300.13, 7.01, 0.007, 141.23, 9.10);
insert into SHOT values (7802, 7814, 7821, 2595, 7.570, 321.15, 10.30, 7.568, 321.16, 10.28, 0.004, 98.91, -58.41);
insert into SHOT values (7803, 7814, 7822, 2595, 4.550, 299.45, -37.10, 4.552, 299.39, -37.17, 0.007, 178.28, -52.26);
insert into SHOT values (7804, 7814, 7823, 2595, 10.300, 274.45, -35.60, 10.303, 274.45, -35.62, 0.004, 322.58, -83.31);
insert into SHOT values (7805, 7814, 7824, 2595, 16.050, 284.85, -38.30, 16.056, 283.75, -38.89, 0.292, 172.26, -26.99);
insert into SHOT values (7806, 7824, 7825, 2595, 1.300, 65.95, -8.90, 1.296, 66.04, -8.88, 0.005, 219.55, 14.13);
insert into SHOT values (7807, 7824, 7826, 2595, 3.400, 76.55, -64.60, 3.400, 76.53, -64.56, 0.002, 65.14, 36.77);
insert into SHOT values (7808, 7824, 7827, 2595, 9.270, 74.65, -51.60, 9.264, 74.68, -51.60, 0.007, 210.77, 43.62);
insert into SHOT values (7809, 7824, 7828, 2595, 6.780, 93.85, -48.10, 6.784, 93.80, -48.11, 0.006, 30.46, -38.10);
insert into SHOT values (7810, 7824, 7829, 2595, 12.820, 83.95, -40.00, 12.815, 83.98, -40.02, 0.008, 228.47, 3.85);
insert into SHOT values (7811, 7824, 7830, 2595, 12.120, 98.65, -13.00, 12.117, 98.67, -13.02, 0.007, 230.70, -28.70);
insert into SHOT values (7812, 7824, 7831, 2595, 19.710, 106.35, 35.70, 19.711, 106.36, 35.69, 0.005, 167.33, -18.93);
insert into SHOT values (7813, 7824, 7832, 2595, 5.610, 118.65, 69.60, 5.613, 118.66, 69.56, 0.005, 122.22, 21.79);
insert into SHOT values (7814, 7824, 7833, 2595, 2.980, 172.05, 23.00, 2.985, 172.05, 23.07, 0.007, 170.57, 59.49);
insert into SHOT values (7815, 7824, 7834, 2595, 7.040, 119.25, 17.10, 7.040, 119.27, 17.10, 0.002, 201.54, -1.01);
insert into SHOT values (7816, 7824, 7835, 2595, 3.310, 248.75, 23.00, 3.308, 248.83, 22.96, 0.005, 355.85, -37.18);
insert into SHOT values (7817, 7824, 7836, 2595, 4.100, 301.15, 10.70, 4.100, 301.09, 10.68, 0.005, 208.51, -15.54);
insert into SHOT values (7818, 7824, 7837, 2595, 14.810, 94.45, -39.50, 14.807, 94.47, -39.51, 0.005, 222.87, 3.72);
insert into SHOT values (7819, 7824, 7838, 2595, 5.020, 272.95, 21.80, 5.017, 272.33, 21.64, 0.052, 185.93, -15.91);
insert into SHOT values (7820, 7838, 7839, 2595, 2.700, 282.75, -40.30, 2.704, 282.89, -40.32, 0.007, 344.39, -32.32);
insert into SHOT values (7821, 7838, 7840, 2595, 2.470, 191.85, 10.60, 2.464, 191.91, 10.52, 0.008, 346.28, -34.68);
insert into SHOT values (7822, 7838, 7841, 2595, 6.730, 346.95, 77.80, 6.723, 347.04, 77.75, 0.009, 14.50, -59.75);
insert into SHOT values (7823, 7838, 7842, 2595, 1.610, 33.45, 14.40, 1.609, 33.49, 14.39, 0.001, 158.00, -17.52);
insert into SHOT values (7824, 7838, 7843, 2595, 5.170, 334.75, 13.30, 5.165, 334.81, 13.21, 0.011, 95.14, -55.89);
insert into SHOT values (7825, 7838, 7844, 2595, 13.780, 315.75, -0.90, 13.777, 315.76, -0.91, 0.006, 80.18, -37.34);
insert into SHOT values (7826, 7838, 7845, 2595, 9.500, 338.75, -14.90, 9.503, 338.80, -14.94, 0.011, 63.93, -40.62);
insert into SHOT values (7827, 7838, 7846, 2595, 6.210, 348.95, 11.90, 6.215, 349.00, 11.89, 0.008, 37.99, -3.88);
insert into SHOT values (7828, 7838, 7847, 2595, 7.560, 257.85, 65.10, 7.553, 257.84, 65.09, 0.007, 89.72, -76.69);
insert into SHOT values (7829, 7838, 7848, 2595, 25.550, 242.95, 24.30, 25.549, 242.95, 24.29, 0.004, 286.71, -73.63);
insert into SHOT values (7830, 7838, 7849, 2595, 37.880, 257.55, 21.20, 37.871, 257.55, 21.19, 0.011, 51.68, -48.59);
insert into SHOT values (7831, 7838, 7850, 2595, 32.540, 261.35, 0.40, 32.540, 261.36, 0.39, 0.009, 347.39, -56.89);
insert into SHOT values (7832, 7838, 7851, 2595, 30.120, 270.05, -5.10, 30.119, 270.06, -5.10, 0.005, 9.42, -28.78);
insert into SHOT values (7833, 7838, 7852, 2595, 17.180, 280.55, -1.20, 17.175, 280.57, -1.20, 0.008, 47.11, -1.48);
insert into SHOT values (7834, 7838, 7853, 2595, 5.560, 322.35, -14.80, 5.523, 322.01, -15.22, 0.064, 176.25, -27.89);
insert into SHOT values (7835, 7853, 7854, 2595, 5.520, 92.65, 9.80, 5.516, 92.64, 9.81, 0.004, 290.61, 6.51);
insert into SHOT values (7836, 7853, 7855, 2595, 3.340, 21.75, 51.10, 3.342, 21.80, 51.07, 0.003, 56.19, 11.06);
insert into SHOT values (7837, 7853, 7856, 2595, 5.900, 309.85, 19.50, 5.898, 309.82, 19.51, 0.004, 182.41, 8.39);
insert into SHOT values (7838, 7853, 7857, 2595, 14.940, 358.45, 8.50, 14.940, 358.45, 8.51, 0.002, 178.64, 74.42);
insert into SHOT values (7839, 7853, 7858, 2595, 15.570, 17.45, 10.80, 15.571, 17.46, 10.81, 0.005, 96.57, 31.54);
insert into SHOT values (7840, 7853, 7859, 2595, 16.640, 43.25, 9.00, 16.640, 43.25, 9.02, 0.007, 215.45, 78.69);
insert into SHOT values (7841, 7853, 7860, 2595, 13.350, 17.65, -3.50, 13.352, 17.65, -3.48, 0.005, 2.64, 67.49);
insert into SHOT values (7842, 7853, 7861, 2595, 17.020, 329.25, 8.90, 17.022, 329.24, 8.92, 0.007, 250.57, 70.81);
insert into SHOT values (7843, 7853, 7862, 2595, 7.380, 315.15, 13.50, 7.376, 315.11, 13.57, 0.010, 171.75, 43.75);
insert into SHOT values (7844, 7853, 7863, 2595, 8.170, 342.25, 2.80, 8.169, 342.23, 2.81, 0.003, 229.96, 18.47);
insert into SHOT values (7845, 7853, 7864, 2595, 5.540, 339.45, 27.70, 5.539, 339.46, 27.76, 0.006, 146.78, 53.90);
insert into SHOT values (7846, 7853, 7865, 2595, 6.800, 268.25, 21.20, 6.803, 268.19, 21.20, 0.007, 206.82, 7.75);
insert into SHOT values (7847, 7853, 7866, 2595, 4.220, 225.15, 52.40, 4.229, 225.16, 52.39, 0.009, 228.62, 46.76);
insert into SHOT values (7848, 7853, 7867, 2595, 4.130, 149.25, 59.20, 4.133, 149.31, 59.20, 0.004, 206.36, 40.63);
insert into SHOT values (7849, 7853, 7868, 2595, 21.160, 166.15, 29.60, 21.169, 166.17, 29.61, 0.011, 215.57, 45.66);
insert into SHOT values (7850, 7853, 7869, 2595, 18.910, 189.55, 49.60, 18.912, 189.53, 49.59, 0.005, 141.32, -7.94);
insert into SHOT values (7851, 7853, 7870, 2595, 10.740, 207.75, -6.70, 10.790, 207.16, -6.92, 0.127, 139.71, -21.69);
insert into SHOT values (7852, 7870, 7871, 2595, 7.280, 74.95, 5.10, 7.276, 74.97, 5.05, 0.008, 218.75, -61.62);
insert into SHOT values (7853, 7870, 7872, 2595, 13.420, 46.95, 44.80, 13.411, 46.92, 44.80, 0.010, 266.48, -36.16);
insert into SHOT values (7854, 7870, 7873, 2595, 16.760, 178.55, 83.30, 16.755, 178.54, 83.28, 0.008, 174.80, -46.55);
insert into SHOT values (7855, 7870, 7874, 2595, 11.600, 186.85, 48.20, 11.597, 186.90, 48.16, 0.011, 247.02, -40.87);
insert into SHOT values (7856, 7870, 7875, 2595, 5.630, 193.95, 20.20, 5.632, 194.01, 20.15, 0.008, 251.76, -31.10);
insert into SHOT values (7857, 7870, 7876, 2595, 10.190, 331.95, 22.30, 10.190, 331.91, 22.26, 0.009, 266.75, -45.98);
insert into SHOT values (7858, 7870, 7877, 2595, 2.680, 315.65, -25.80, 2.680, 315.50, -25.88, 0.007, 211.50, -29.70);
insert into SHOT values (7859, 7870, 7878, 2595, 14.190, 240.35, 34.30, 14.189, 240.35, 34.27, 0.007, 254.84, -66.68);
insert into SHOT values (7860, 7870, 7879, 2595, 13.770, 308.75, 24.90, 13.762, 308.72, 24.88, 0.011, 172.98, -45.17);
insert into SHOT values (7861, 7870, 7880, 2595, 26.550, 266.25, 39.40, 26.555, 266.23, 39.39, 0.011, 225.58, -10.75);
insert into SHOT values (7862, 7870, 7674, 2595, 5.310, 153.35, -38.50, 5.381, 153.19, -38.09, 0.082, 145.11, -10.20);
insert into SHOT values (7863, 7870, 7881, 2595, 10.840, 324.05, 10.50, 10.860, 323.37, 10.08, 0.152, 248.50, -29.82);
insert into SHOT values (7864, 7881, 7882, 2595, 10.900, 189.35, -3.40, 10.902, 189.31, -3.37, 0.011, 116.26, 37.56);
insert into SHOT values (7865, 7881, 7883, 2595, 4.180, 235.15, -33.70, 4.179, 235.08, -33.72, 0.005, 125.71, -9.05);
insert into SHOT values (7866, 7881, 7884, 2595, 21.140, 218.85, 31.30, 21.145, 218.84, 31.32, 0.008, 168.16, 72.72);
insert into SHOT values (7867, 7881, 7885, 2595, 22.770, 229.95, 45.90, 22.778, 229.94, 45.91, 0.009, 186.93, 66.50);
insert into SHOT values (7868, 7881, 7886, 2595, 40.240, 257.25, 24.80, 40.233, 257.25, 24.81, 0.009, 71.78, 8.36);
insert into SHOT values (7869, 7881, 7887, 2595, 44.600, 264.25, 22.30, 44.597, 264.24, 22.31, 0.010, 126.30, 37.21);
insert into SHOT values (7870, 7881, 7888, 2595, 19.220, 267.05, 6.90, 19.215, 267.06, 6.90, 0.006, 66.26, 9.19);
insert into SHOT values (7871, 7881, 7889, 2595, 19.240, 267.85, -0.10, 19.234, 267.85, -0.09, 0.008, 70.76, 27.80);
insert into SHOT values (7872, 7881, 7890, 2595, 9.940, 265.75, -12.00, 9.933, 265.75, -11.97, 0.009, 82.82, 47.52);
insert into SHOT values (7873, 7881, 7891, 2595, 6.530, 229.65, -19.30, 6.522, 229.61, -19.25, 0.011, 86.75, 50.61);
insert into SHOT values (7874, 7881, 7892, 2595, 6.190, 195.65, -28.10, 6.188, 195.61, -28.05, 0.007, 125.28, 57.71);
insert into SHOT values (7875, 7881, 7708, 2595, 15.440, 226.65, -3.90, 15.486, 227.20, -4.41, 0.208, 303.31, -42.25);
insert into SHOT values (7876, 7881, 7893, 2595, 13.060, 263.05, -5.10, 13.053, 263.11, -4.97, 0.034, 10.58, 64.78);
insert into SHOT values (7877, 7893, 7894, 2595, 11.200, 195.75, -5.90, 11.196, 195.73, -5.90, 0.005, 56.93, 15.77);
insert into SHOT values (7878, 7893, 7895, 2595, 19.570, 184.45, 55.50, 19.571, 184.45, 55.51, 0.002, 349.96, 57.20);
insert into SHOT values (7879, 7893, 7896, 2595, 11.440, 155.35, 17.80, 11.444, 155.32, 17.81, 0.007, 92.81, 22.52);
insert into SHOT values (7880, 7893, 7897, 2595, 19.690, 132.65, 13.90, 19.692, 132.65, 13.90, 0.002, 110.82, -2.87);
insert into SHOT values (7881, 7893, 7898, 2595, 4.200, 110.45, -13.00, 4.204, 110.43, -12.92, 0.007, 92.69, 40.92);
insert into SHOT values (7882, 7893, 7899, 2595, 23.320, 126.85, 42.10, 23.328, 126.85, 42.10, 0.008, 131.33, 47.71);
insert into SHOT values (7883, 7893, 7900, 2595, 19.930, 142.45, 59.20, 19.931, 142.45, 59.20, 0.001, 28.51, 52.91);
insert into SHOT values (7884, 7893, 7901, 2595, 4.260, 53.55, 21.60, 4.262, 53.62, 21.62, 0.006, 129.18, 18.93);
insert into SHOT values (7885, 7893, 7902, 2595, 9.430, 78.35, 9.60, 9.435, 78.34, 9.64, 0.009, 58.46, 59.89);
insert into SHOT values (7886, 7893, 7903, 2595, 2.800, 358.35, -18.20, 2.800, 358.49, -18.11, 0.008, 79.91, 33.90);
insert into SHOT values (7887, 7893, 7904, 2595, 3.410, 0.25, 20.10, 3.407, 0.36, 20.08, 0.007, 110.51, -16.10);
insert into SHOT values (7888, 7893, 7905, 2595, 4.700, 321.55, -4.10, 4.695, 321.59, -4.03, 0.008, 104.26, 48.32);
insert into SHOT values (7889, 7893, 7906, 2595, 13.430, 326.75, 28.20, 13.433, 326.75, 28.21, 0.004, 353.26, 61.77);
insert into SHOT values (7890, 7893, 7907, 2595, 9.540, 293.85, 28.30, 9.543, 293.88, 28.34, 0.009, 33.97, 57.61);
insert into SHOT values (7891, 7893, 7908, 2595, 8.470, 274.15, 31.90, 8.471, 274.15, 31.93, 0.005, 96.44, 64.60);
insert into SHOT values (7892, 7893, 7909, 2595, 12.700, 261.45, 25.90, 12.704, 261.44, 25.91, 0.004, 244.42, 42.03);
insert into SHOT values (7893, 7893, 7910, 2595, 7.450, 259.05, 18.70, 7.452, 259.06, 18.71, 0.002, 288.39, 37.18);
insert into SHOT values (7894, 7893, 7911, 2595, 4.550, 258.05, 11.80, 4.552, 258.08, 11.79, 0.004, 310.52, -7.35);
insert into SHOT values (7895, 7893, 7912, 2595, 20.650, 238.35, 38.20, 20.645, 238.36, 38.21, 0.007, 36.68, -1.10);
insert into SHOT values (7896, 7893, 7913, 2595, 22.010, 252.65, 46.80, 22.012, 252.66, 46.81, 0.006, 20.26, 56.22);
insert into SHOT values (7897, 7893, 7914, 2595, 10.530, 327.45, -3.10, 10.529, 327.43, -3.10, 0.004, 222.08, -8.14);
insert into SHOT values (7898, 7893, 7915, 2595, 26.910, 329.95, 1.80, 26.910, 329.95, 1.81, 0.005, 213.51, 73.16);
insert into SHOT values (7899, 7893, 7916, 2595, 32.830, 319.75, 1.40, 32.827, 319.76, 1.40, 0.007, 80.92, -17.80);
insert into SHOT values (7900, 7893, 7917, 2595, 21.000, 307.75, 17.40, 20.998, 307.76, 17.40, 0.005, 66.91, 1.53);
insert into SHOT values (7901, 7893, 7918, 2595, 20.240, 264.05, 28.90, 20.219, 263.53, 29.12, 0.179, 154.19, 18.98);
insert into SHOT values (7902, 7918, 7919, 2595, 0.730, 161.65, -71.20, 0.728, 162.35, -71.50, 0.005, 308.96, 11.39);
insert into SHOT values (7903, 7918, 7920, 2595, 6.320, 187.25, 29.30, 6.313, 187.31, 29.31, 0.009, 328.34, -18.36);
insert into SHOT values (7904, 7918, 7921, 2595, 10.410, 192.35, 62.30, 10.410, 192.43, 62.34, 0.009, 323.98, 19.30);
insert into SHOT values (7905, 7918, 7922, 2595, 2.930, 340.75, 2.40, 2.937, 340.70, 2.34, 0.008, 322.60, -18.87);
insert into SHOT values (7906, 7918, 7923, 2595, 0.900, 314.55, -28.20, 0.903, 314.49, -27.73, 0.008, 307.03, 41.72);
insert into SHOT values (7907, 7918, 7924, 2595, 8.900, 238.55, 63.40, 8.902, 238.54, 63.40, 0.002, 210.40, 68.09);
insert into SHOT values (7908, 7918, 7925, 2595, 11.370, 130.95, 13.40, 11.369, 130.97, 13.43, 0.006, 253.55, 50.82);
insert into SHOT values (7909, 7918, 7926, 2595, 5.290, 45.15, 14.80, 5.288, 45.08, 14.79, 0.007, 296.33, -11.30);
insert into SHOT values (7910, 7918, 7927, 2595, 4.230, 72.15, -39.30, 4.228, 72.01, -39.34, 0.009, 318.78, -5.23);
insert into SHOT values (7911, 7918, 7928, 2595, 10.310, 249.45, 26.50, 10.311, 249.44, 26.50, 0.001, 203.90, -15.61);
insert into SHOT values (7912, 7918, 7929, 2595, 11.610, 291.25, 21.50, 11.615, 291.27, 21.52, 0.007, 336.51, 41.40);
insert into SHOT values (7913, 7918, 7930, 2595, 19.530, 278.65, 18.50, 19.532, 278.66, 18.51, 0.006, 1.86, 31.67);
insert into SHOT values (7914, 7918, 7931, 2595, 19.960, 278.65, 18.50, 19.935, 278.28, 18.66, 0.137, 169.55, 19.93);
insert into SHOT values (7915, 7931, 7932, 2595, 3.730, 218.05, 8.00, 3.732, 218.08, 7.85, 0.010, 249.99, -68.02);
insert into SHOT values (7916, 7931, 7933, 2595, 3.640, 300.85, 6.00, 3.639, 300.75, 5.99, 0.007, 198.45, -4.19);
insert into SHOT values (7917, 7931, 7934, 2595, 3.740, 328.45, -5.20, 3.737, 328.40, -5.22, 0.004, 194.76, -14.01);
insert into SHOT values (7918, 7931, 7935, 2595, 2.490, 269.55, 1.80, 2.491, 269.54, 1.61, 0.008, 253.08, -80.56);
insert into SHOT values (7919, 7931, 7936, 2595, 8.930, 280.55, 32.20, 8.926, 280.52, 32.15, 0.009, 199.59, -67.33);
insert into SHOT values (7920, 7931, 7937, 2595, 14.480, 272.25, 42.90, 14.476, 272.22, 42.88, 0.009, 188.69, -47.48);
insert into SHOT values (7921, 7931, 7938, 2595, 1.780, 220.55, -31.80, 1.785, 220.72, -31.78, 0.007, 265.74, -17.13);
insert into SHOT values (7922, 7931, 7939, 2595, 3.720, 201.55, -2.00, 3.724, 201.60, -2.00, 0.005, 244.86, -2.00);
insert into SHOT values (7923, 7931, 7940, 2595, 3.700, 296.95, 7.40, 3.697, 296.91, 7.30, 0.007, 165.12, -65.77);
insert into SHOT values (7924, 7931, 7941, 2595, 4.550, 326.95, -10.00, 4.549, 326.84, -10.00, 0.008, 226.84, 0.67);
insert into SHOT values (7925, 7931, 7942, 2595, 5.580, 0.95, -31.10, 5.586, 0.96, -31.15, 0.008, 18.34, -69.94);
insert into SHOT values (7926, 7931, 7943, 2595, 2.260, 340.35, -38.00, 2.268, 340.35, -38.12, 0.009, 338.86, -70.63);
insert into SHOT values (7927, 7931, 7944, 2595, 4.820, 349.35, -16.10, 4.821, 349.30, -16.14, 0.005, 253.96, -38.40);
insert into SHOT values (7928, 7931, 7945, 2595, 3.500, 337.75, -7.60, 3.502, 337.65, -7.71, 0.010, 261.82, -48.14);
insert into SHOT values (7929, 7931, 7946, 2595, 7.350, 266.95, 39.40, 7.345, 266.97, 39.38, 0.006, 33.52, -62.12);
insert into SHOT values (7930, 7931, 7947, 2595, 7.360, 268.25, 41.00, 7.353, 268.25, 40.96, 0.009, 96.71, -76.38);
insert into SHOT values (7931, 7947, 7948, 2595, 3.970, 352.75, 2.60, 3.967, 352.61, 2.60, 0.010, 245.99, -0.51);
insert into SHOT values (7932, 7947, 7949, 2595, 2.300, 278.45, 10.10, 2.301, 278.38, 10.26, 0.007, 184.59, 67.94);
insert into SHOT values (7933, 7947, 7950, 2595, 2.060, 52.75, -68.60, 2.049, 52.67, -68.77, 0.013, 239.04, 39.48);
insert into SHOT values (7934, 7947, 7951, 2595, 4.170, 103.15, -60.30, 4.167, 103.16, -60.31, 0.003, 269.58, 49.15);
insert into SHOT values (7935, 7947, 7952, 2595, 0.980, 72.75, 60.10, 0.977, 73.07, 60.50, 0.008, 233.30, 3.10);
insert into SHOT values (7936, 7947, 7953, 2595, 6.220, 305.85, 71.10, 6.227, 305.74, 71.07, 0.009, 270.48, 37.79);
insert into SHOT values (7937, 7947, 7954, 2595, 7.830, 276.45, 53.70, 7.832, 276.44, 53.68, 0.004, 260.80, -6.10);
insert into SHOT values (7938, 7947, 7955, 2595, 2.620, 289.65, 39.40, 2.627, 289.60, 39.48, 0.008, 257.06, 64.04);
insert into SHOT values (7939, 7947, 7956, 2595, 10.230, 288.15, 57.30, 10.235, 288.11, 57.27, 0.009, 259.96, 9.08);
insert into SHOT values (7940, 7947, 7957, 2595, 12.640, 305.25, 58.10, 12.648, 305.19, 58.12, 0.011, 226.66, 51.60);
insert into SHOT values (7941, 7947, 7958, 2595, 8.500, 310.45, 63.50, 8.504, 310.40, 63.49, 0.005, 261.56, 38.38);
insert into SHOT values (7942, 7947, 7959, 2595, 12.870, 317.95, 43.60, 12.876, 317.91, 43.60, 0.009, 265.45, 31.62);
insert into SHOT values (7943, 7947, 7960, 2595, 15.140, 294.15, 55.20, 15.148, 294.10, 55.21, 0.011, 228.48, 46.39);
insert into SHOT values (7944, 7931, 7961, 2595, 14.580, 351.25, -27.50, 14.567, 351.61, -27.78, 0.110, 110.09, -31.73);
insert into SHOT values (7945, 7961, 7962, 2595, 5.340, 199.65, 6.30, 5.340, 199.60, 6.34, 0.006, 105.42, 39.24);
insert into SHOT values (7946, 7961, 7963, 2595, 6.790, 187.05, 27.80, 6.791, 187.08, 27.83, 0.004, 287.16, 46.35);
insert into SHOT values (7947, 7961, 7964, 2595, 7.490, 165.35, 25.60, 7.496, 165.35, 25.61, 0.006, 163.15, 35.60);
insert into SHOT values (7948, 7961, 7965, 2595, 6.770, 174.65, 32.80, 6.775, 174.66, 32.80, 0.005, 189.80, 31.94);
insert into SHOT values (7949, 7961, 7966, 2595, 7.060, 175.25, 18.80, 7.061, 175.28, 18.84, 0.006, 276.01, 53.11);
insert into SHOT values (7950, 7961, 7967, 2595, 3.520, 169.85, -2.70, 3.519, 169.84, -2.61, 0.006, 15.71, 79.37);
insert into SHOT values (7951, 7961, 7968, 2595, 1.830, 164.35, -40.80, 1.830, 164.56, -40.56, 0.009, 211.59, 38.98);
insert into SHOT values (7952, 7961, 7969, 2595, 2.580, 274.35, -48.70, 2.583, 274.37, -48.69, 0.003, 292.81, -37.37);
insert into SHOT values (7953, 7961, 7970, 2595, 2.530, 292.35, -49.20, 2.527, 292.38, -49.10, 0.005, 323.95, 71.57);
insert into SHOT values (7954, 7961, 7971, 2595, 2.070, 254.15, -1.00, 2.070, 254.02, -0.83, 0.008, 168.15, 52.01);
insert into SHOT values (7955, 7961, 7972, 2595, 2.220, 269.45, 42.50, 2.223, 269.30, 42.44, 0.005, 217.99, 2.01);
insert into SHOT values (7956, 7961, 7973, 2595, 2.860, 129.55, -26.10, 2.863, 129.63, -26.11, 0.005, 185.17, -20.85);
insert into SHOT values (7957, 7961, 7974, 2595, 2.730, 103.55, -2.80, 2.729, 103.58, -2.73, 0.004, 215.55, 66.27);
insert into SHOT values (7958, 7961, 7975, 2595, 5.020, 127.05, 12.80, 5.024, 127.03, 12.88, 0.008, 102.15, 68.68);
insert into SHOT values (7959, 7961, 7976, 2595, 6.060, 141.75, 7.10, 6.064, 141.82, 7.10, 0.008, 201.97, 6.82);
insert into SHOT values (7960, 7961, 7977, 2595, 1.630, 290.85, -4.00, 1.631, 290.89, -3.87, 0.004, 341.32, 69.76);
insert into SHOT values (7961, 7977, 7978, 2595, 0.950, 253.65, 5.50, 0.953, 253.47, 5.42, 0.005, 214.72, -12.90);
insert into SHOT values (7962, 7977, 7979, 2595, 2.080, 289.55, -51.90, 2.083, 289.56, -51.94, 0.003, 315.34, -76.26);
insert into SHOT values (7963, 7977, 7980, 2595, 2.920, 9.45, 78.50, 2.918, 9.95, 78.56, 0.006, 133.85, -12.66);
insert into SHOT values (7964, 7977, 7981, 2595, 0.310, 54.85, 47.50, 0.310, 54.78, 47.86, 0.002, 244.99, 46.55);
insert into SHOT values (7965, 7977, 7982, 2595, 2.670, 326.05, 11.50, 2.669, 326.07, 11.46, 0.003, 105.31, -61.18);
insert into SHOT values (7966, 7977, 7983, 2595, 2.670, 311.55, 13.50, 2.666, 311.56, 13.45, 0.005, 123.25, -42.64);
insert into SHOT values (7967, 7977, 7984, 2595, 3.860, 314.15, -10.40, 3.855, 314.14, -10.46, 0.007, 136.52, -27.74);
insert into SHOT values (7968, 7977, 7985, 2595, 5.550, 317.75, 18.60, 5.549, 317.70, 18.60, 0.005, 221.88, -2.69);
insert into SHOT values (7969, 7977, 7986, 2595, 7.050, 309.45, 1.10, 7.042, 309.41, 1.06, 0.011, 161.10, -30.29);
insert into SHOT values (7970, 7961, 7987, 2595, 7.940, 122.75, -15.10, 7.968, 122.80, -14.98, 0.033, 135.61, 14.57);
insert into SHOT values (7971, 7987, 7988, 2595, 1.660, 9.15, -11.30, 1.664, 9.17, -11.44, 0.006, 22.24, -56.59);
insert into SHOT values (7972, 7987, 7989, 2595, 1.600, 12.35, -53.10, 1.602, 12.59, -53.04, 0.005, 71.15, -5.99);
insert into SHOT values (7973, 7987, 7990, 2595, 2.030, 59.15, 24.60, 2.034, 59.14, 24.40, 0.008, 57.32, -38.09);
insert into SHOT values (7974, 7987, 7991, 2595, 3.390, 85.45, 15.10, 3.387, 85.44, 15.06, 0.004, 276.21, -49.60);
insert into SHOT values (7975, 7987, 7992, 2595, 4.260, 76.05, -43.80, 4.265, 76.10, -43.76, 0.006, 102.23, -13.46);
insert into SHOT values (7976, 7987, 7993, 2595, 6.200, 50.25, -32.90, 6.200, 50.22, -32.92, 0.003, 298.53, -42.27);
insert into SHOT values (7977, 7987, 7994, 2595, 5.890, 87.85, -25.00, 5.895, 87.86, -24.98, 0.006, 93.93, -7.88);
insert into SHOT values (7978, 7987, 7995, 2595, 18.480, 59.25, -21.30, 18.493, 59.91, -21.28, 0.199, 145.31, 0.83);
insert into SHOT values (7979, 7995, 7996, 2595, 7.330, 74.05, -0.60, 7.331, 74.09, -0.63, 0.006, 148.74, -32.67);
insert into SHOT values (7980, 7995, 7997, 2595, 5.280, 85.85, 62.90, 5.280, 85.95, 62.89, 0.004, 165.92, -4.36);
insert into SHOT values (7981, 7995, 7998, 2595, 10.490, 214.85, 33.40, 10.488, 214.82, 33.38, 0.007, 125.69, -41.53);
insert into SHOT values (7982, 7995, 7999, 2595, 4.860, 207.55, 3.50, 4.857, 207.52, 3.42, 0.008, 75.45, -61.16);
insert into SHOT values (7983, 7995, 8000, 2595, 1.420, 93.95, -43.60, 1.423, 93.89, -43.51, 0.004, 78.82, -10.00);
insert into SHOT values (7984, 7995, 8001, 2595, 11.420, 99.55, -8.20, 11.424, 99.57, -8.20, 0.006, 145.81, -11.13);
insert into SHOT values (7985, 7995, 8002, 2595, 21.060, 94.45, -2.30, 21.060, 94.44, -2.31, 0.005, 9.27, -64.85);
insert into SHOT values (7986, 7995, 8003, 2595, 21.220, 110.45, 1.80, 21.226, 110.44, 1.78, 0.010, 90.45, -43.11);
insert into SHOT values (7987, 7995, 8004, 2595, 29.350, 104.05, 1.00, 29.351, 104.04, 1.00, 0.005, 31.98, -28.18);
insert into SHOT values (7988, 7995, 8005, 2595, 24.070, 120.55, 19.60, 24.073, 120.56, 19.59, 0.007, 156.66, -39.57);
insert into SHOT values (7989, 7995, 8006, 2595, 16.440, 135.75, 20.30, 16.443, 135.76, 20.28, 0.007, 174.02, -32.48);
insert into SHOT values (7990, 7995, 8007, 2595, 15.670, 149.35, 11.90, 15.670, 149.34, 11.90, 0.003, 71.76, -21.53);
insert into SHOT values (7991, 7995, 8008, 2595, 16.750, 132.35, -5.10, 16.751, 132.35, -5.10, 0.002, 190.76, -40.27);
insert into SHOT values (7992, 7995, 8009, 2595, 21.930, 131.75, 4.30, 21.932, 131.74, 4.29, 0.006, 74.37, -41.35);
insert into SHOT values (7993, 7995, 8010, 2595, 11.910, 227.05, 33.20, 11.906, 227.03, 33.20, 0.005, 83.39, -18.67);
insert into SHOT values (7994, 7995, 8011, 2595, 15.080, 232.35, 19.40, 15.080, 232.34, 19.40, 0.002, 129.92, 25.93);
insert into SHOT values (7995, 7995, 8012, 2595, 11.190, 252.05, 20.50, 11.189, 252.05, 20.51, 0.002, 68.33, 44.45);
insert into SHOT values (7996, 7995, 8013, 2595, 7.630, 240.45, 15.30, 7.627, 240.44, 15.28, 0.004, 96.22, -56.57);
insert into SHOT values (7997, 7995, 8014, 2595, 5.360, 237.75, 5.40, 5.358, 237.71, 5.35, 0.006, 129.64, -49.39);
insert into SHOT values (7998, 7995, 8015, 2595, 6.920, 348.05, -8.60, 6.916, 348.10, -8.65, 0.009, 119.43, -33.43);
insert into SHOT values (7999, 7995, 8016, 2595, 18.390, 356.35, -1.60, 18.385, 356.35, -1.62, 0.009, 172.85, -49.56);
insert into SHOT values (8000, 7995, 8017, 2595, 28.810, 355.05, 2.90, 28.804, 355.05, 2.89, 0.010, 149.53, -48.73);
insert into SHOT values (8001, 7995, 8018, 2595, 6.680, 354.25, 10.60, 6.678, 354.23, 10.61, 0.004, 214.30, 18.61);
insert into SHOT values (8002, 7995, 8019, 2595, 9.160, 327.95, 3.50, 9.160, 327.96, 3.51, 0.002, 69.98, 21.01);
insert into SHOT values (8003, 7995, 8020, 2595, 7.810, 13.45, 3.60, 7.811, 13.50, 3.60, 0.007, 96.75, -3.12);
insert into SHOT values (8004, 7995, 8021, 2595, 6.210, 38.65, 4.10, 6.213, 38.65, 4.06, 0.005, 31.48, -54.14);
insert into SHOT values (8005, 7995, 8022, 2595, 6.360, 298.25, 3.70, 6.357, 298.22, 3.70, 0.004, 167.67, -6.06);
insert into SHOT values (8006, 7995, 7893, 2595, 24.520, 136.95, -1.20, 24.553, 137.00, -1.54, 0.151, 172.08, -76.02);
insert into SHOT values (8007, 7995, 8023, 2595, 12.090, 340.75, -1.20, 12.087, 340.77, -1.23, 0.009, 105.11, -50.88);
insert into SHOT values (8008, 8023, 8024, 2595, 4.540, 323.65, 2.60, 4.539, 323.61, 2.65, 0.005, 212.63, 51.21);
insert into SHOT values (8009, 8023, 8025, 2595, 3.650, 287.85, -4.50, 3.657, 287.89, -4.39, 0.010, 306.39, 38.78);
insert into SHOT values (8010, 8023, 8026, 2595, 11.700, 284.75, 2.00, 11.703, 284.76, 2.01, 0.004, 323.50, 22.66);
insert into SHOT values (8011, 8023, 8027, 2595, 10.840, 263.75, 7.60, 10.840, 263.75, 7.63, 0.006, 90.55, 82.04);
insert into SHOT values (8012, 8023, 8028, 2595, 21.540, 276.65, 4.80, 21.541, 276.66, 4.82, 0.009, 1.21, 57.58);
insert into SHOT values (8013, 8023, 8029, 2595, 19.880, 288.75, 2.50, 19.882, 288.74, 2.51, 0.005, 217.06, 31.48);
insert into SHOT values (8014, 8023, 8030, 2595, 22.530, 277.65, 14.90, 22.533, 277.65, 14.92, 0.007, 329.11, 70.12);
insert into SHOT values (8015, 8023, 8031, 2595, 3.400, 206.95, 23.00, 3.401, 206.97, 23.02, 0.002, 265.41, 42.70);
insert into SHOT values (8016, 8023, 8032, 2595, 2.230, 216.05, -17.00, 2.229, 216.22, -16.95, 0.007, 309.84, 16.84);
insert into SHOT values (8017, 8023, 8033, 2595, 3.340, 332.95, 2.20, 3.339, 332.90, 2.23, 0.004, 221.43, 29.03);
insert into SHOT values (8018, 8023, 8034, 2595, 5.700, 48.15, -10.10, 5.697, 48.18, -10.11, 0.004, 180.19, -5.70);
insert into SHOT values (8019, 8023, 8035, 2595, 11.270, 41.75, -0.10, 11.268, 41.73, -0.10, 0.005, 292.52, -4.07);
insert into SHOT values (8020, 8023, 8036, 2595, 5.070, 29.65, 44.20, 5.075, 29.67, 44.23, 0.006, 59.84, 67.07);
insert into SHOT values (8021, 8023, 8037, 2595, 3.750, 338.65, 15.50, 3.758, 338.61, 15.59, 0.010, 315.44, 51.81);
insert into SHOT values (8022, 8023, 8038, 2595, 2.020, 85.15, -14.40, 2.020, 85.02, -14.33, 0.005, 5.93, 27.30);
insert into SHOT values (8023, 8023, 8039, 2595, 9.280, 90.85, -3.60, 9.279, 90.87, -3.58, 0.004, 193.43, 42.98);
insert into SHOT values (8024, 8023, 8040, 2595, 20.730, 92.45, -0.50, 20.730, 92.46, -0.50, 0.004, 183.72, 11.69);
insert into SHOT values (8025, 8023, 8041, 2595, 17.990, 95.75, 2.60, 17.989, 95.75, 2.61, 0.004, 276.44, 74.26);
insert into SHOT values (8026, 8023, 8042, 2595, 16.890, 83.35, 2.60, 16.891, 83.36, 2.61, 0.006, 167.54, 40.97);
insert into SHOT values (8027, 8023, 8043, 2595, 13.800, 71.75, 1.90, 13.802, 71.75, 1.91, 0.003, 73.92, 58.37);
insert into SHOT values (8028, 8023, 8044, 2595, 9.260, 61.15, 2.90, 9.259, 61.16, 2.91, 0.003, 184.79, 30.25);
insert into SHOT values (8029, 8023, 8045, 2595, 17.970, 97.05, 3.90, 17.968, 97.05, 3.93, 0.008, 270.93, 69.60);
insert into SHOT values (8030, 8023, 8046, 2595, 8.140, 101.75, 4.00, 8.139, 101.73, 4.02, 0.004, 359.09, 32.49);
insert into SHOT values (8031, 8023, 8047, 2595, 9.870, 129.85, -2.20, 9.869, 129.86, -2.21, 0.002, 260.49, -28.75);
insert into SHOT values (8032, 8023, 8048, 2595, 5.360, 150.95, 15.20, 5.359, 150.96, 15.25, 0.005, 314.87, 62.50);
insert into SHOT values (8033, 8023, 8049, 2595, 3.420, 151.45, -11.60, 3.416, 151.44, -11.48, 0.008, 336.53, 68.80);
insert into SHOT values (8034, 8023, 8050, 2595, 9.660, 81.65, 40.70, 9.656, 81.67, 40.73, 0.007, 238.05, 5.97);
insert into SHOT values (8035, 8023, 8051, 2595, 12.650, 90.15, 27.10, 12.652, 90.15, 27.13, 0.007, 236.20, 79.31);
insert into SHOT values (8036, 8023, 8052, 2595, 15.940, 91.75, 11.90, 15.941, 91.76, 11.91, 0.005, 182.40, 37.59);
insert into SHOT values (8037, 8023, 8053, 2595, 23.070, 93.05, 8.70, 23.068, 93.04, 8.70, 0.004, 321.43, 6.45);
insert into SHOT values (8038, 8023, 8054, 2595, 22.800, 281.85, 5.90, 22.805, 281.85, 5.91, 0.008, 309.70, 50.62);
insert into SHOT values (8039, 8023, 8055, 2595, 6.650, 18.25, 2.30, 6.649, 18.24, 2.33, 0.003, 237.48, 74.73);
insert into SHOT values (8040, 8055, 8056, 2595, 10.290, 2.45, 5.10, 10.291, 2.46, 5.13, 0.006, 87.37, 68.28);
insert into SHOT values (8041, 8055, 8057, 2595, 1.230, 355.45, -24.30, 1.234, 355.41, -24.41, 0.005, 337.39, -54.69);
insert into SHOT values (8042, 8055, 8058, 2595, 5.070, 265.65, 1.80, 5.077, 265.71, 1.81, 0.008, 302.21, 5.08);
insert into SHOT values (8043, 8055, 8059, 2595, 5.030, 24.95, 76.10, 5.028, 24.87, 76.05, 0.005, 4.04, -31.46);
insert into SHOT values (8044, 8055, 8060, 2595, 5.460, 57.85, 9.10, 5.456, 57.81, 9.07, 0.006, 282.45, -37.53);
insert into SHOT values (8045, 8055, 8061, 2595, 1.740, 88.35, 37.60, 1.741, 88.34, 37.52, 0.003, 82.15, -39.46);
insert into SHOT values (8046, 8055, 8062, 2595, 6.430, 28.95, -1.70, 6.426, 28.96, -1.69, 0.004, 192.60, 10.13);
insert into SHOT values (8047, 8055, 8063, 2595, 4.320, 357.95, -7.10, 4.316, 357.86, -7.05, 0.009, 237.81, 27.07);
insert into SHOT values (8048, 8055, 8064, 2595, 13.370, 303.65, 21.20, 13.376, 303.65, 21.21, 0.007, 312.27, 48.18);
insert into SHOT values (8049, 8055, 8065, 2595, 22.380, 287.85, 16.30, 22.382, 287.84, 16.30, 0.005, 221.66, -14.36);
insert into SHOT values (8050, 8055, 8066, 2595, 5.560, 281.35, 13.10, 5.561, 281.39, 13.09, 0.004, 352.52, -2.35);
insert into SHOT values (8051, 8055, 8067, 2595, 10.240, 338.15, 3.70, 10.248, 338.13, 3.69, 0.009, 309.81, -5.37);
insert into SHOT values (8052, 8055, 8068, 2595, 6.030, 99.45, -0.90, 6.032, 99.45, -0.85, 0.005, 94.72, 61.58);
insert into SHOT values (8053, 8055, 8069, 2595, 6.090, 106.55, -0.90, 6.082, 106.53, -0.94, 0.009, 302.10, -27.66);
insert into SHOT values (8054, 8055, 8070, 2595, 6.010, 88.15, -8.10, 6.004, 88.17, -8.14, 0.008, 252.26, -23.61);
insert into SHOT values (8055, 8055, 8071, 2595, 8.730, 86.65, 9.40, 8.732, 86.67, 9.43, 0.006, 150.71, 46.19);
insert into SHOT values (8056, 8055, 8072, 2595, 17.970, 82.95, -0.60, 17.967, 82.93, -0.61, 0.006, 323.24, -19.33);
insert into SHOT values (8057, 8055, 8073, 2595, 18.620, 90.65, -0.90, 18.613, 90.65, -0.89, 0.007, 276.89, 20.64);
insert into SHOT values (8058, 8055, 8074, 2595, 15.960, 86.85, -4.20, 15.957, 86.83, -4.20, 0.006, 328.41, -10.81);
insert into SHOT values (8059, 8055, 8075, 2595, 9.380, 145.95, -1.30, 9.380, 145.95, -1.28, 0.003, 248.68, 72.25);
insert into SHOT values (8060, 8055, 8076, 2595, 23.350, 89.95, 0.30, 23.350, 89.95, 0.29, 0.002, 159.98, -66.94);
insert into SHOT values (8061, 8076, 8077, 2595, 1.680, 19.65, -6.70, 1.678, 19.63, -6.50, 0.006, 217.33, 73.98);
insert into SHOT values (8062, 8076, 8078, 2595, 1.920, 50.15, -56.60, 1.918, 49.99, -56.54, 0.004, 332.65, 43.45);
insert into SHOT values (8063, 8076, 8079, 2595, 3.080, 106.35, -8.70, 3.079, 106.41, -8.59, 0.007, 205.86, 60.39);
insert into SHOT values (8064, 8076, 8080, 2595, 8.270, 94.45, 3.00, 8.267, 94.45, 3.05, 0.008, 278.96, 61.92);
insert into SHOT values (8065, 8076, 8081, 2595, 4.140, 76.65, -3.10, 4.139, 76.57, -3.05, 0.007, 337.68, 33.72);
insert into SHOT values (8066, 8076, 8082, 2595, 4.730, 84.85, -24.90, 4.727, 84.78, -24.90, 0.006, 328.03, 14.87);
insert into SHOT values (8067, 8076, 8083, 2595, 13.690, 90.55, -19.60, 13.683, 90.53, -19.60, 0.007, 299.59, 18.18);
insert into SHOT values (8068, 8076, 8084, 2595, 9.340, 90.15, -12.40, 9.337, 90.13, -12.37, 0.007, 330.40, 53.09);
insert into SHOT values (8069, 8076, 8085, 2595, 13.520, 94.05, -12.90, 13.515, 94.05, -12.91, 0.006, 274.66, -15.70);
insert into SHOT values (8070, 8076, 8086, 2595, 16.050, 92.55, -8.00, 16.052, 92.56, -7.99, 0.005, 149.23, 44.81);
insert into SHOT values (8071, 8076, 8087, 2595, 3.440, 106.65, 72.70, 3.445, 106.48, 72.74, 0.006, 358.40, 61.25);
insert into SHOT values (8072, 8076, 8088, 2595, 2.520, 258.25, 8.80, 2.523, 258.19, 8.89, 0.006, 213.51, 53.03);
insert into SHOT values (8073, 8076, 8089, 2595, 4.520, 294.45, -3.50, 4.523, 294.46, -3.42, 0.007, 312.86, 55.67);
insert into SHOT values (8074, 8076, 8090, 2595, 5.470, 268.35, 28.10, 5.478, 268.34, 28.10, 0.008, 261.98, 27.54);
insert into SHOT values (8075, 8076, 8091, 2595, 17.800, 91.85, -13.30, 17.795, 91.85, -13.29, 0.006, 251.89, 52.47);
insert into SHOT_FLAG values(8075, 'dpl');
insert into SHOT values (8076, 8055, 8092, 2595, 6.680, 351.25, 1.30, 6.680, 351.21, 1.29, 0.004, 262.28, -21.37);
insert into SHOT values (8077, 8092, 8093, 2595, 3.260, 8.75, -6.40, 3.257, 8.71, -6.35, 0.005, 234.21, 44.89);
insert into SHOT values (8078, 8092, 8094, 2595, 0.990, 6.45, -42.30, 0.987, 6.25, -41.95, 0.007, 316.95, 62.42);
insert into SHOT values (8079, 8092, 8095, 2595, 4.390, 41.05, 70.00, 4.395, 41.22, 70.01, 0.007, 120.37, 45.80);
insert into SHOT values (8080, 8092, 8096, 2595, 9.420, 60.25, -1.30, 9.422, 60.28, -1.28, 0.006, 131.49, 36.37);
insert into SHOT values (8081, 8092, 8097, 2595, 12.600, 69.85, -2.50, 12.604, 69.84, -2.50, 0.004, 36.67, -5.29);
insert into SHOT values (8082, 8092, 8098, 2595, 13.160, 84.45, -1.80, 13.158, 84.46, -1.79, 0.005, 216.79, 47.98);
insert into SHOT values (8083, 8092, 8099, 2595, 9.500, 95.25, -3.70, 9.500, 95.27, -3.68, 0.004, 189.22, 47.55);
insert into SHOT values (8084, 8092, 8100, 2595, 5.680, 109.95, -2.20, 5.686, 109.97, -2.22, 0.006, 126.68, -18.31);
insert into SHOT values (8085, 8092, 8101, 2595, 6.640, 123.35, -4.60, 6.642, 123.35, -4.58, 0.003, 141.74, 52.30);
insert into SHOT values (8086, 8092, 8102, 2595, 6.970, 123.85, 42.30, 6.968, 123.84, 42.31, 0.002, 314.93, -23.29);
insert into SHOT values (8087, 8092, 8103, 2595, 8.080, 212.55, 2.40, 8.074, 212.55, 2.41, 0.006, 34.24, 15.40);
insert into SHOT values (8088, 8092, 8104, 2595, 7.840, 213.05, 38.00, 7.843, 213.05, 38.01, 0.004, 207.69, 61.40);
insert into SHOT values (8089, 8092, 8105, 2595, 19.340, 265.45, -0.10, 19.341, 265.46, -0.09, 0.006, 347.71, 38.23);
insert into SHOT values (8090, 8092, 8106, 2595, 15.840, 253.35, 13.70, 15.836, 253.34, 13.70, 0.004, 93.48, -20.69);
insert into SHOT values (8091, 8092, 8107, 2595, 10.800, 261.85, 34.70, 10.802, 261.84, 34.71, 0.002, 207.69, 56.43);
insert into SHOT values (8092, 8092, 8108, 2595, 19.670, 269.75, 17.50, 19.672, 269.76, 17.51, 0.006, 346.00, 65.36);
insert into SHOT values (8093, 8092, 8109, 2595, 16.160, 277.35, 15.90, 16.157, 277.36, 15.91, 0.005, 62.87, 31.58);
insert into SHOT values (8094, 8092, 8110, 2595, 19.160, 90.55, 10.10, 19.158, 90.55, 10.10, 0.002, 286.20, -0.66);
insert into SHOT values (8095, 8092, 8111, 2595, 13.090, 71.15, 1.80, 13.089, 71.14, 1.80, 0.003, 325.49, -20.75);
insert into SHOT values (8096, 8111, 8112, 2595, 0.630, 188.95, -9.10, 0.634, 188.26, -9.07, 0.009, 129.12, -2.37);
insert into SHOT values (8097, 8111, 8113, 2595, 1.570, 130.45, -72.40, 1.564, 130.73, -72.32, 0.007, 211.92, 69.95);
insert into SHOT values (8098, 8111, 8114, 2595, 3.230, 101.35, -21.40, 3.232, 101.31, -21.42, 0.003, 39.96, -31.98);
insert into SHOT values (8099, 8111, 8115, 2595, 8.860, 96.95, -10.10, 8.861, 96.98, -10.07, 0.006, 163.81, 37.33);
insert into SHOT values (8100, 8111, 8116, 2595, 4.660, 111.65, 7.20, 4.665, 111.69, 7.27, 0.008, 147.10, 48.53);
insert into SHOT values (8101, 8111, 8117, 2595, 8.210, 109.75, 31.80, 8.215, 109.76, 31.81, 0.005, 129.54, 45.70);
insert into SHOT values (8102, 8111, 8118, 2595, 3.010, 93.45, 9.00, 3.012, 93.47, 8.98, 0.003, 115.46, -17.79);
insert into SHOT values (8103, 8111, 8119, 2595, 9.270, 99.75, -6.60, 9.274, 99.75, -6.56, 0.007, 99.52, 50.74);
insert into SHOT values (8104, 8119, 8120, 2595, 0.610, 192.65, 4.00, 0.605, 192.43, 3.79, 0.006, 40.93, -27.23);
insert into SHOT values (8105, 8119, 8121, 2595, 10.150, 102.45, 9.40, 10.152, 102.45, 9.41, 0.003, 128.93, 45.37);
insert into SHOT values (8106, 8119, 8122, 2595, 3.120, 108.35, 2.90, 3.122, 108.32, 2.94, 0.003, 69.25, 39.73);
insert into SHOT values (8107, 8119, 8123, 2595, 2.170, 78.35, 6.30, 2.167, 78.48, 6.36, 0.006, 203.66, 17.08);
insert into SHOT values (8108, 8119, 8124, 2595, 2.750, 26.35, -27.60, 2.749, 26.35, -27.75, 0.007, 203.05, -54.66);
insert into SHOT values (8109, 8119, 8125, 2595, 3.580, 28.75, -25.20, 3.583, 28.78, -25.28, 0.006, 89.98, -70.64);
insert into SHOT values (8110, 8119, 8126, 2595, 3.840, 32.15, -31.60, 3.839, 32.14, -31.57, 0.002, 336.96, 66.20);
insert into SHOT values (8111, 8119, 8127, 2595, 3.670, 23.65, -31.10, 3.673, 23.63, -31.15, 0.005, 338.76, -70.83);
insert into SHOT values (8112, 8119, 8128, 2595, 5.350, 29.75, -27.80, 5.354, 29.76, -27.84, 0.005, 55.72, -66.40);
insert into SHOT values (8113, 8119, 8129, 2595, 11.270, 101.35, 7.90, 11.266, 101.37, 7.91, 0.006, 235.05, 9.73);
insert into SHOT values (8114, 8092, 8130, 2595, 29.380, 272.95, 4.30, 29.381, 272.95, 4.29, 0.004, 332.72, -41.47);
insert into SHOT values (8115, 8130, 8131, 2595, 1.710, 344.35, -24.90, 1.703, 344.26, -24.64, 0.011, 203.76, 68.83);
insert into SHOT values (8116, 8130, 8132, 2595, 4.220, 10.65, 62.40, 4.219, 10.62, 62.42, 0.002, 221.61, 6.54);
insert into SHOT values (8117, 8130, 8133, 2595, 4.210, 198.55, 67.20, 4.220, 198.55, 67.20, 0.010, 197.16, 68.87);
insert into SHOT values (8118, 8130, 8134, 2595, 1.600, 193.25, 23.40, 1.601, 192.99, 23.56, 0.008, 95.90, 34.82);
insert into SHOT values (8119, 8130, 8135, 2595, 2.050, 50.65, -56.20, 2.050, 51.03, -56.04, 0.009, 110.82, 21.96);
insert into SHOT values (8120, 8130, 8136, 2595, 4.590, 84.95, -21.90, 4.596, 85.02, -21.84, 0.009, 122.62, 12.31);
insert into SHOT values (8121, 8130, 8137, 2595, 8.510, 76.75, 6.80, 8.516, 76.74, 6.81, 0.006, 57.96, 22.58);
insert into SHOT values (8122, 8130, 8138, 2595, 10.250, 115.55, 5.60, 10.257, 115.54, 5.65, 0.012, 94.44, 56.74);
insert into SHOT values (8123, 8130, 8139, 2595, 9.610, 308.65, 6.20, 9.605, 308.62, 6.22, 0.007, 168.19, 17.11);
insert into SHOT values (8124, 8130, 8140, 2595, 22.060, 280.25, 8.50, 22.061, 280.24, 8.52, 0.010, 192.84, 78.61);
insert into SHOT values (8125, 8130, 8141, 2595, 19.040, 275.15, 18.30, 19.036, 275.14, 18.31, 0.005, 118.66, 18.63);
insert into SHOT values (8126, 8130, 8142, 2595, 4.330, 263.05, 8.00, 4.325, 263.02, 8.11, 0.010, 99.48, 48.94);
insert into SHOT values (8127, 8130, 8143, 2595, 13.270, 281.75, -3.20, 13.269, 281.76, -3.20, 0.003, 38.54, 15.08);
insert into SHOT values (8128, 8130, 8144, 2595, 4.250, 284.85, -9.40, 4.245, 284.80, -9.35, 0.007, 147.16, 37.60);
insert into SHOT values (8129, 8130, 8145, 2595, 23.810, 277.95, -1.60, 23.808, 277.95, -1.59, 0.005, 122.79, 63.18);
insert into SHOT values (8130, 8145, 8146, 2595, 5.040, 221.95, -2.50, 5.040, 221.86, -2.50, 0.008, 131.05, -1.17);
insert into SHOT values (8131, 8145, 8147, 2595, 1.800, 211.35, -28.30, 1.794, 211.27, -28.29, 0.007, 52.25, 30.46);
insert into SHOT values (8132, 8145, 8148, 2595, 6.190, 212.35, 76.40, 6.194, 212.38, 76.40, 0.004, 253.24, 70.78);
insert into SHOT values (8133, 8145, 8149, 2595, 5.280, 4.85, 42.10, 5.277, 4.84, 42.13, 0.004, 197.48, 2.23);
insert into SHOT values (8134, 8145, 8150, 2595, 7.720, 19.15, 6.50, 7.725, 19.17, 6.47, 0.007, 44.51, -34.85);
insert into SHOT values (8135, 8145, 8151, 2595, 3.770, 19.05, -18.50, 3.773, 19.09, -18.55, 0.005, 79.41, -49.46);
insert into SHOT values (8136, 8145, 8152, 2595, 4.650, 278.35, -12.00, 4.650, 278.34, -12.04, 0.003, 155.80, -81.96);
insert into SHOT values (8137, 8145, 8153, 2595, 7.790, 266.95, -1.50, 7.794, 266.91, -1.47, 0.008, 214.09, 30.63);
insert into SHOT values (8138, 8145, 8154, 2595, 3.380, 278.85, 17.00, 3.377, 278.91, 17.05, 0.005, 54.02, 20.60);
insert into SHOT values (8139, 8145, 8155, 2595, 5.230, 298.55, 2.80, 5.233, 298.58, 2.85, 0.006, 338.49, 49.90);
insert into SHOT values (8140, 8145, 8156, 2595, 7.060, 309.05, -8.20, 7.062, 309.02, -8.22, 0.005, 235.45, -38.18);
insert into SHOT values (8141, 8145, 8157, 2595, 3.790, 141.15, -3.80, 3.792, 141.22, -3.78, 0.006, 204.50, 12.28);
insert into SHOT values (8142, 8145, 8158, 2595, 7.870, 20.55, -3.50, 7.875, 20.56, -3.49, 0.005, 31.59, 4.91);
insert into SHOT values (8143, 8145, 8159, 2595, 9.680, 50.95, 2.10, 9.675, 50.96, 2.07, 0.007, 206.96, -43.29);
insert into SHOT values (8144, 8145, 8160, 2595, 10.310, 66.45, 0.80, 10.310, 66.44, 0.78, 0.004, 341.24, -77.40);
insert into SHOT values (8145, 8145, 8161, 2595, 4.460, 77.65, -8.50, 4.460, 77.70, -8.51, 0.004, 162.96, -11.76);
insert into SHOT values (8146, 8145, 8162, 2595, 7.540, 113.55, 1.50, 7.540, 113.54, 1.52, 0.003, 11.75, 61.21);
insert into SHOT values (8147, 8145, 8163, 2595, 5.100, 71.85, 53.80, 5.103, 71.81, 53.84, 0.005, 306.92, 58.58);
insert into SHOT values (8148, 8145, 8164, 2595, 9.380, 82.25, 34.20, 9.381, 82.22, 34.18, 0.005, 38.18, -26.76);
insert into SHOT values (8149, 8145, 8165, 2595, 11.440, 287.45, -0.80, 11.438, 287.45, -0.80, 0.003, 89.34, -6.14);
insert into SHOT values (8150, 7995, 8166, 2595, 24.130, 99.15, 1.00, 24.132, 98.99, 1.23, 0.119, 9.11, 55.93);
insert into SHOT values (8151, 8166, 8167, 2595, 4.050, 191.75, 1.50, 4.046, 191.70, 1.56, 0.007, 49.08, 34.52);
insert into SHOT values (8152, 8166, 8168, 2595, 9.460, 192.35, 65.70, 9.457, 192.32, 65.71, 0.004, 41.66, -26.10);
insert into SHOT values (8153, 8166, 8169, 2595, 4.660, 27.35, 16.10, 4.663, 27.37, 16.06, 0.005, 44.42, -27.01);
insert into SHOT values (8154, 8166, 8170, 2595, 16.380, 246.65, -2.10, 16.373, 246.63, -2.10, 0.008, 102.71, 1.52);
insert into SHOT values (8155, 8166, 8171, 2595, 7.210, 270.95, -13.90, 7.202, 270.98, -13.90, 0.009, 62.49, 12.92);
insert into SHOT values (8156, 8166, 8172, 2595, 5.590, 235.25, -2.40, 5.580, 235.23, -2.36, 0.010, 68.04, 23.05);
insert into SHOT values (8157, 8166, 8173, 2595, 10.660, 297.65, -6.90, 10.656, 297.66, -6.90, 0.004, 102.19, 8.44);
insert into SHOT values (8158, 8166, 8174, 2595, 6.270, 319.35, 40.00, 6.263, 319.40, 40.05, 0.010, 114.26, -1.62);
insert into SHOT values (8159, 8166, 8175, 2595, 11.070, 101.95, 34.80, 11.076, 101.93, 34.79, 0.007, 73.82, 17.19);
insert into SHOT values (8160, 8166, 8176, 2595, 16.030, 105.15, 9.80, 16.033, 105.15, 9.80, 0.004, 126.55, 23.77);
insert into SHOT values (8161, 8166, 8177, 2595, 11.420, 94.45, -4.20, 11.425, 94.43, -4.22, 0.007, 55.45, -30.89);
insert into SHOT values (8162, 8166, 8178, 2595, 3.620, 90.35, -13.00, 3.622, 90.32, -12.92, 0.005, 62.73, 53.48);
insert into SHOT values (8163, 8166, 8179, 2595, 8.580, 64.65, 34.00, 8.581, 64.70, 34.01, 0.006, 161.70, 19.77);
insert into SHOT values (8164, 8166, 8180, 2595, 9.280, 77.45, 68.20, 9.286, 77.45, 68.17, 0.007, 79.96, 30.66);
insert into SHOT values (8165, 8166, 8181, 2595, 16.970, 93.15, 1.40, 16.980, 93.04, 1.59, 0.065, 18.54, 58.77);
insert into SHOT values (8166, 8181, 8182, 2595, 8.010, 224.95, 1.80, 8.015, 224.95, 1.79, 0.006, 226.01, -16.29);
insert into SHOT values (8167, 8181, 8183, 2595, 4.850, 190.55, 23.80, 4.844, 190.52, 23.74, 0.008, 43.04, -64.06);
insert into SHOT values (8168, 8181, 8184, 2595, 10.340, 129.95, 9.00, 10.341, 129.96, 8.96, 0.008, 162.81, -71.48);
insert into SHOT values (8169, 8181, 8185, 2595, 5.010, 127.65, -24.30, 5.006, 127.70, -24.30, 0.006, 260.17, 17.33);
insert into SHOT values (8170, 8181, 8186, 2595, 6.980, 126.55, -10.80, 6.980, 126.52, -10.82, 0.004, 32.74, -30.18);
insert into SHOT values (8171, 8181, 8187, 2595, 0.980, 142.95, -46.50, 0.978, 143.47, -46.57, 0.007, 255.97, 7.42);
insert into SHOT values (8172, 8181, 8188, 2595, 11.930, 253.35, 12.70, 11.931, 253.32, 12.69, 0.006, 178.90, -28.28);
insert into SHOT values (8173, 8181, 8189, 2595, 9.480, 268.85, 45.60, 9.477, 268.88, 45.59, 0.005, 24.20, -41.76);
insert into SHOT values (8174, 8181, 8190, 2595, 6.900, 301.15, 13.50, 6.898, 301.15, 13.50, 0.002, 103.36, -20.15);
insert into SHOT values (8175, 8181, 8191, 2595, 10.290, 217.85, 0.90, 10.293, 217.82, 0.89, 0.007, 152.57, -14.30);
insert into SHOT values (8176, 8181, 8192, 2595, 12.410, 191.65, 5.70, 12.417, 191.67, 5.69, 0.009, 229.56, -16.25);
insert into SHOT values (8177, 8181, 8193, 2595, 9.510, 172.05, 8.20, 9.507, 172.06, 8.16, 0.007, 317.59, -64.27);
insert into SHOT values (8178, 8181, 8194, 2595, 8.580, 181.85, -15.30, 8.580, 181.87, -15.34, 0.007, 297.87, -60.25);
insert into SHOT values (8179, 8181, 8195, 2595, 8.600, 41.15, -18.40, 8.599, 41.17, -18.44, 0.007, 175.52, -48.58);
insert into SHOT values (8180, 8181, 8196, 2595, 19.690, 52.45, -5.50, 19.688, 52.46, -5.51, 0.006, 164.27, -27.17);
insert into SHOT values (8181, 8181, 8197, 2595, 13.730, 19.15, 5.30, 13.724, 19.14, 5.31, 0.007, 222.56, 14.83);
insert into SHOT values (8182, 8181, 8198, 2595, 4.790, 336.15, 16.10, 4.791, 336.16, 16.12, 0.002, 46.21, 52.00);
insert into SHOT values (8183, 8181, 8199, 2595, 14.850, 74.95, 4.60, 14.845, 74.96, 4.60, 0.006, 228.32, -9.28);
insert into SHOT values (8184, 8181, 8200, 2595, 9.610, 66.95, -5.30, 9.607, 66.92, -5.32, 0.006, 303.60, -21.59);
insert into SHOT values (8185, 8181, 8201, 2595, 9.380, 54.45, -9.80, 9.378, 54.47, -9.82, 0.005, 182.21, -38.96);
insert into SHOT values (8186, 8181, 8202, 2595, 10.560, 26.95, -7.20, 10.563, 26.96, -7.23, 0.007, 65.78, -71.11);
insert into SHOT values (8187, 8181, 8203, 2595, 11.560, 55.35, 7.10, 11.553, 55.34, 7.11, 0.007, 250.25, 9.37);
insert into SHOT values (8188, 8181, 8204, 2595, 6.060, 57.95, 23.50, 6.058, 57.94, 23.44, 0.006, 340.42, -82.31);
insert into SHOT values (8189, 8181, 7853, 2595, 10.830, 179.45, -5.90, 10.829, 179.26, -5.94, 0.037, 86.64, -10.51);
insert into SHOT values (8190, 8181, 8205, 2595, 26.100, 60.55, 2.20, 26.091, 60.29, 2.46, 0.168, 323.87, 44.66);
insert into SHOT values (8191, 8205, 8206, 2595, 2.000, 162.55, -2.50, 2.004, 162.56, -2.29, 0.008, 168.60, 61.38);
insert into SHOT values (8192, 8205, 8207, 2595, 1.010, 27.05, 74.00, 1.010, 27.47, 73.80, 0.004, 58.84, -12.41);
insert into SHOT values (8193, 8205, 8208, 2595, 3.400, 334.25, 0.30, 3.399, 334.19, 0.34, 0.004, 230.99, 31.04);
insert into SHOT values (8194, 8205, 8209, 2595, 13.510, 228.65, -3.70, 13.511, 228.64, -3.69, 0.003, 171.12, 31.97);
insert into SHOT values (8195, 8205, 8210, 2595, 17.360, 270.65, -2.70, 17.360, 270.66, -2.67, 0.009, 354.04, 64.58);
insert into SHOT values (8196, 8205, 8211, 2595, 5.740, 262.15, 4.20, 5.739, 262.17, 4.20, 0.002, 24.84, -10.00);
insert into SHOT values (8197, 8205, 8212, 2595, 15.960, 245.95, -10.70, 15.958, 245.95, -10.69, 0.004, 33.15, 61.53);
insert into SHOT values (8198, 8205, 8213, 2595, 8.660, 111.85, -3.20, 8.665, 111.85, -3.18, 0.006, 115.09, 34.01);
insert into SHOT values (8199, 8205, 8214, 2595, 9.350, 65.55, -3.00, 9.352, 65.52, -3.00, 0.005, 2.60, -7.27);
insert into SHOT values (8200, 8205, 8215, 2595, 9.530, 67.95, -8.00, 9.531, 67.97, -7.96, 0.008, 134.92, 55.30);
insert into SHOT values (8201, 8205, 8216, 2595, 5.690, 40.95, -6.00, 5.687, 40.99, -5.95, 0.006, 162.40, 47.98);
insert into SHOT values (8202, 8205, 8217, 2595, 9.310, 53.85, -2.70, 9.313, 53.83, -2.71, 0.004, 12.48, -19.60);
insert into SHOT values (8203, 8205, 8218, 2595, 5.480, 54.95, 9.90, 5.482, 54.96, 9.98, 0.008, 117.94, 84.51);
insert into SHOT values (8204, 8205, 8219, 2595, 3.110, 54.15, 30.80, 3.120, 54.11, 30.85, 0.010, 41.22, 46.30);
insert into SHOT values (8205, 8205, 8220, 2595, 3.170, 22.55, -6.30, 3.170, 22.58, -6.16, 0.008, 89.52, 77.48);
insert into SHOT values (8206, 8205, 8221, 2595, 11.680, 56.25, -8.10, 11.678, 56.10, -7.97, 0.039, 330.28, 41.27);
insert into SHOT values (8207, 8221, 8222, 2595, 1.030, 125.45, 7.60, 1.034, 125.86, 7.78, 0.009, 192.21, 25.11);
insert into SHOT values (8208, 8221, 8223, 2595, 1.060, 323.65, 62.70, 1.058, 323.37, 62.66, 0.003, 229.59, -38.81);
insert into SHOT values (8209, 8221, 8224, 2595, 2.540, 327.55, 8.80, 2.535, 327.39, 8.85, 0.009, 200.99, 9.22);
insert into SHOT values (8210, 8221, 8225, 2595, 0.830, 339.65, -32.40, 0.824, 338.96, -32.28, 0.011, 221.71, 26.64);
insert into SHOT values (8211, 8221, 8226, 2595, 2.150, 69.35, 12.50, 2.147, 69.32, 12.64, 0.006, 266.05, 48.14);
insert into SHOT values (8212, 8221, 8227, 2595, 3.970, 352.55, 9.50, 3.969, 352.51, 9.57, 0.006, 221.71, 55.00);
insert into SHOT values (8213, 8221, 8228, 2595, 2.790, 29.45, 1.20, 2.782, 29.51, 1.24, 0.009, 188.77, 9.80);
insert into SHOT values (8214, 8221, 8229, 2595, 4.480, 51.95, 12.50, 4.473, 51.98, 12.52, 0.007, 215.55, 2.78);
insert into SHOT values (8215, 8221, 8230, 2595, 1.330, 205.05, 28.00, 1.339, 205.05, 28.08, 0.009, 204.61, 39.74);
insert into SHOT values (8216, 8221, 8231, 2595, 1.840, 234.45, -11.80, 1.844, 234.46, -11.58, 0.008, 239.02, 49.33);
insert into SHOT values (8217, 8221, 8232, 2595, 4.000, 232.45, 2.30, 4.004, 232.41, 2.29, 0.004, 197.97, -7.01);
insert into SHOT values (8218, 8221, 8233, 2595, 2.380, 195.85, 3.40, 2.385, 195.85, 3.37, 0.005, 194.57, -13.87);
insert into SHOT values (8219, 8221, 8234, 2595, 5.730, 28.35, 22.70, 5.727, 28.26, 22.81, 0.014, 257.67, 40.40);
insert into SHOT values (8220, 8234, 8235, 2595, 2.230, 243.75, 4.10, 2.224, 243.78, 4.13, 0.006, 51.94, 5.16);
insert into SHOT values (8221, 8234, 8236, 2595, 5.670, 281.05, 15.60, 5.672, 281.08, 15.65, 0.006, 358.45, 56.86);
insert into SHOT values (8222, 8234, 8237, 2595, 4.110, 298.85, 22.60, 4.107, 298.86, 22.63, 0.004, 102.71, 8.66);
insert into SHOT values (8223, 8234, 8238, 2595, 3.490, 320.75, 13.00, 3.488, 320.73, 13.09, 0.006, 154.13, 53.19);
insert into SHOT values (8224, 8234, 8239, 2595, 3.700, 308.65, 11.50, 3.703, 308.73, 11.53, 0.006, 16.49, 21.90);
insert into SHOT values (8225, 8234, 8240, 2595, 6.530, 319.65, 13.10, 6.534, 319.65, 13.09, 0.004, 326.42, -0.51);
insert into SHOT values (8226, 8234, 8241, 2595, 6.450, 301.85, 15.20, 6.455, 301.88, 15.18, 0.006, 333.57, -10.26);
insert into SHOT values (8227, 8234, 8242, 2595, 4.680, 309.15, 17.80, 4.681, 309.08, 17.79, 0.005, 233.62, -6.90);
insert into SHOT values (8228, 8234, 8243, 2595, 1.250, 24.05, -83.30, 1.248, 24.78, -83.41, 0.004, 169.86, 24.37);
insert into SHOT values (8229, 8234, 8244, 2595, 2.700, 56.95, -4.40, 2.704, 56.96, -4.45, 0.005, 63.44, -35.56);
insert into SHOT values (8230, 8234, 8245, 2595, 7.390, 71.75, 11.40, 7.390, 71.74, 11.39, 0.001, 10.98, -28.92);
insert into SHOT values (8231, 8234, 8246, 2595, 2.490, 126.35, 39.10, 2.490, 126.16, 39.10, 0.006, 34.41, -3.41);
insert into SHOT values (8232, 8234, 8247, 2595, 2.660, 158.95, 21.40, 2.659, 158.93, 21.40, 0.001, 16.62, -22.59);
insert into SHOT values (8233, 8234, 8248, 2595, 2.820, 184.15, -6.10, 2.823, 184.09, -6.10, 0.004, 139.22, -4.38);
insert into SHOT values (8234, 8234, 8249, 2595, 1.750, 113.05, -36.60, 1.746, 113.09, -36.56, 0.004, 271.02, 50.69);
insert into SHOT values (8235, 8234, 8250, 2595, 9.280, 312.85, 11.60, 9.276, 312.86, 11.63, 0.007, 114.14, 37.88);
insert into SHOT values (8236, 8234, 8251, 2595, 7.160, 100.35, 3.70, 7.151, 100.33, 3.77, 0.012, 291.76, 39.85);
insert into SHOT values (8237, 8251, 8252, 2595, 2.320, 24.45, 6.20, 2.323, 24.57, 6.18, 0.005, 85.96, -5.87);
insert into SHOT values (8238, 8251, 8253, 2595, 4.490, 333.35, 14.70, 4.490, 333.32, 14.71, 0.003, 229.81, 14.20);
insert into SHOT values (8239, 8251, 8254, 2595, 4.390, 282.55, 14.60, 4.393, 282.50, 14.63, 0.006, 227.08, 37.66);
insert into SHOT values (8240, 8251, 8255, 2595, 7.640, 272.05, 4.50, 7.638, 272.03, 4.51, 0.003, 145.29, 11.66);
insert into SHOT values (8241, 8251, 8256, 2595, 9.150, 266.85, -8.10, 9.145, 266.83, -8.11, 0.005, 111.90, -7.93);
insert into SHOT values (8242, 8251, 8257, 2595, 5.200, 243.15, 3.30, 5.196, 243.19, 3.31, 0.005, 18.91, 7.45);
insert into SHOT values (8243, 8251, 8258, 2595, 5.860, 198.65, 11.70, 5.862, 198.59, 11.71, 0.006, 121.79, 16.16);
insert into SHOT values (8244, 8251, 8259, 2595, 1.520, 195.25, 71.70, 1.526, 194.62, 71.85, 0.009, 85.19, 51.10);
insert into SHOT values (8245, 8251, 8260, 2595, 0.890, 116.45, -58.80, 0.886, 116.00, -59.03, 0.006, 332.46, 11.93);
insert into SHOT values (8246, 8251, 8261, 2595, 4.570, 103.45, -20.00, 4.572, 103.45, -19.95, 0.005, 110.12, 40.25);
insert into SHOT values (8247, 8251, 8262, 2595, 15.880, 102.35, -7.50, 15.880, 102.36, -7.49, 0.004, 177.86, 43.09);
insert into SHOT values (8248, 8251, 8263, 2595, 13.520, 107.45, -1.80, 13.518, 107.44, -1.78, 0.005, 322.66, 61.75);
insert into SHOT values (8249, 8251, 8264, 2595, 8.880, 138.25, 3.10, 8.880, 138.20, 3.10, 0.008, 46.68, -1.67);
insert into SHOT values (8250, 8251, 8265, 2595, 6.780, 172.45, 6.30, 6.781, 172.41, 6.35, 0.007, 82.08, 53.52);
insert into SHOT values (8251, 8251, 8266, 2595, 4.080, 117.25, 31.80, 4.079, 117.30, 31.81, 0.004, 229.41, 0.32);
insert into SHOT values (8252, 8251, 8267, 2595, 12.230, 102.65, 2.60, 12.228, 102.63, 2.62, 0.007, 350.27, 44.21);
insert into SHOT values (8253, 8251, 8268, 2595, 3.950, 66.95, 6.30, 3.949, 66.90, 6.40, 0.008, 315.39, 59.95);
insert into SHOT values (8254, 8251, 8269, 2595, 6.670, 92.65, -1.90, 6.671, 92.66, -1.89, 0.002, 157.81, 28.73);
insert into SHOT values (8255, 8251, 8270, 2595, 20.740, 97.85, -2.90, 20.733, 97.77, -2.68, 0.084, 1.21, 70.18);
insert into SHOT values (8256, 8270, 8271, 2595, 2.560, 182.55, 14.20, 2.561, 182.54, 14.24, 0.002, 151.83, 69.18);
insert into SHOT values (8257, 8270, 8272, 2595, 1.230, 171.45, -11.20, 1.227, 171.40, -11.28, 0.003, 10.55, -18.75);
insert into SHOT values (8258, 8270, 8273, 2595, 1.120, 358.75, 84.70, 1.114, 0.00, 84.85, 0.007, 146.63, -51.76);
insert into SHOT values (8259, 8270, 8274, 2595, 2.130, 14.05, -40.40, 2.126, 13.95, -40.47, 0.005, 226.52, 5.47);
insert into SHOT values (8260, 8270, 8275, 2595, 6.990, 9.55, 8.10, 6.985, 9.57, 8.06, 0.007, 155.21, -45.41);
insert into SHOT values (8261, 8270, 8276, 2595, 2.130, 13.85, 36.60, 2.130, 13.87, 36.60, 0.001, 112.86, 3.11);
insert into SHOT values (8262, 8270, 8277, 2595, 6.640, 63.05, -17.20, 6.636, 63.07, -17.27, 0.009, 220.34, -45.44);
insert into SHOT values (8263, 8270, 8278, 2595, 12.640, 75.75, -11.70, 12.636, 75.73, -11.74, 0.010, 294.87, -43.52);
insert into SHOT values (8264, 8270, 8279, 2595, 11.550, 81.85, 10.90, 11.543, 81.83, 10.89, 0.008, 285.10, -29.06);
insert into SHOT values (8265, 8270, 8280, 2595, 4.560, 69.75, 28.80, 4.557, 69.80, 28.73, 0.008, 161.46, -63.92);
insert into SHOT values (8266, 8270, 8281, 2595, 11.880, 56.95, 5.40, 11.877, 56.94, 5.41, 0.004, 262.11, 30.02);
insert into SHOT values (8267, 8270, 8282, 2595, 18.140, 71.05, 4.10, 18.135, 71.06, 4.08, 0.010, 204.59, -45.85);
insert into SHOT values (8268, 8270, 8283, 2595, 7.850, 95.55, 5.20, 7.849, 95.58, 5.19, 0.004, 194.54, -19.12);
insert into SHOT values (8269, 8270, 8284, 2595, 6.390, 245.75, 4.70, 6.395, 245.73, 4.66, 0.007, 219.73, -33.30);
insert into SHOT values (8270, 8270, 8285, 2595, 3.490, 216.65, 12.30, 3.495, 216.67, 12.22, 0.007, 227.61, -29.10);
insert into SHOT values (8271, 8270, 8286, 2595, 3.000, 277.15, 14.30, 3.005, 277.10, 14.26, 0.006, 252.34, -9.71);
insert into SHOT values (8272, 8270, 8287, 2595, 8.080, 273.55, -10.00, 8.079, 273.53, -10.05, 0.008, 141.82, -65.07);
insert into SHOT values (8273, 8270, 8288, 2595, 7.010, 311.25, 10.80, 7.011, 311.23, 10.77, 0.005, 269.43, -51.15);
insert into SHOT values (8274, 8270, 8289, 2595, 16.590, 79.75, -2.30, 16.582, 79.64, -2.14, 0.056, 338.12, 54.84);
insert into SHOT values (8275, 8289, 8290, 2595, 8.770, 214.65, -4.80, 8.771, 214.65, -4.77, 0.004, 245.09, 68.71);
insert into SHOT values (8276, 8289, 8291, 2595, 7.140, 224.55, -21.90, 7.140, 224.57, -21.87, 0.004, 293.71, 47.42);
insert into SHOT values (8277, 8289, 8292, 2595, 5.140, 215.75, -26.10, 5.144, 215.75, -26.06, 0.005, 220.51, 14.35);
insert into SHOT values (8278, 8289, 8293, 2595, 8.010, 199.25, -14.70, 8.007, 199.30, -14.69, 0.008, 309.01, 19.26);
insert into SHOT values (8279, 8289, 8294, 2595, 3.730, 182.75, 49.70, 3.727, 182.85, 49.65, 0.006, 266.68, -47.78);
insert into SHOT values (8280, 8289, 8295, 2595, 6.990, 155.35, 14.60, 6.991, 155.37, 14.58, 0.003, 211.62, -37.39);
insert into SHOT values (8281, 8289, 8296, 2595, 9.300, 155.65, -3.50, 9.300, 155.70, -3.51, 0.008, 247.06, -15.40);
insert into SHOT values (8282, 8289, 8297, 2595, 4.210, 164.75, -13.90, 4.206, 164.81, -13.90, 0.006, 299.03, 13.32);
insert into SHOT values (8283, 8289, 8298, 2595, 7.170, 170.95, -0.80, 7.170, 170.93, -0.80, 0.002, 89.24, 2.92);
insert into SHOT values (8284, 8289, 8299, 2595, 9.540, 175.95, 6.20, 9.539, 175.95, 6.20, 0.001, 353.83, -31.91);
insert into SHOT values (8285, 8289, 8300, 2595, 15.480, 131.95, 9.20, 15.472, 131.95, 9.19, 0.009, 313.12, -35.65);
insert into SHOT values (8286, 8289, 8301, 2595, 7.110, 107.85, 18.80, 7.103, 107.84, 18.81, 0.007, 293.93, -10.09);
insert into SHOT values (8287, 8289, 8302, 2595, 15.550, 169.25, 4.50, 15.550, 169.26, 4.50, 0.002, 268.27, -1.20);
insert into SHOT values (8288, 8289, 8303, 2595, 5.910, 343.75, 23.60, 5.913, 343.71, 23.63, 0.006, 278.87, 41.41);
insert into SHOT values (8289, 8289, 8304, 2595, 4.130, 285.55, 49.30, 4.132, 285.48, 49.24, 0.006, 250.38, -10.82);
insert into SHOT values (8290, 8289, 8305, 2595, 8.630, 274.15, 20.50, 8.637, 274.18, 20.47, 0.010, 304.02, -13.84);
insert into SHOT values (8291, 8289, 8306, 2595, 9.520, 292.45, 16.90, 9.523, 292.46, 16.91, 0.003, 321.15, 48.65);
insert into SHOT values (8292, 8289, 8307, 2595, 8.320, 233.55, 18.10, 8.318, 233.54, 18.07, 0.005, 140.56, -69.77);
insert into SHOT values (8293, 8289, 8308, 2595, 9.240, 216.05, -22.30, 9.240, 216.05, -22.33, 0.004, 22.61, -60.94);
insert into SHOT values (8294, 8308, 8309, 2595, 2.040, 140.95, 2.00, 2.035, 140.99, 1.97, 0.006, 306.25, -12.22);
insert into SHOT values (8295, 8308, 8310, 2595, 0.430, 35.85, -86.30, 0.431, 26.57, -87.02, 0.007, 248.26, -7.59);
insert into SHOT values (8296, 8308, 8311, 2595, 0.300, 199.55, 54.70, 0.303, 200.56, 55.65, 0.006, 329.36, 52.84);
insert into SHOT values (8297, 8308, 8312, 2595, 3.260, 286.65, -21.80, 3.261, 286.70, -21.78, 0.003, 359.50, 13.27);
insert into SHOT values (8298, 8308, 8313, 2595, 6.030, 220.05, -27.50, 6.037, 220.08, -27.42, 0.011, 236.48, 23.19);
insert into SHOT values (8299, 8308, 8314, 2595, 2.410, 197.55, -40.80, 2.407, 197.54, -40.71, 0.005, 172.29, 83.38);
insert into SHOT values (8300, 8308, 8315, 2595, 1.880, 186.45, 14.30, 1.882, 186.62, 14.46, 0.008, 272.37, 46.27);
insert into SHOT values (8301, 8308, 8316, 2595, 2.370, 176.95, -18.40, 2.372, 176.95, -18.18, 0.009, 176.13, 61.66);
insert into SHOT values (8302, 8308, 8317, 2595, 12.980, 186.75, -29.10, 12.977, 186.79, -29.09, 0.008, 292.49, 18.68);
insert into SHOT values (8303, 8289, 8318, 2595, 22.980, 153.15, 2.20, 22.972, 153.33, 2.45, 0.124, 252.42, 52.38);
insert into SHOT values (8304, 8318, 8319, 2595, 7.810, 245.85, 26.10, 7.812, 245.85, 26.13, 0.004, 218.05, 82.81);
insert into SHOT values (8305, 8318, 8320, 2595, 8.420, 260.75, 72.00, 8.423, 260.72, 71.99, 0.003, 228.45, 39.35);
insert into SHOT values (8306, 8318, 8321, 2595, 3.760, 182.65, 10.80, 3.760, 182.64, 10.73, 0.005, 128.75, -79.16);
insert into SHOT values (8307, 8318, 8322, 2595, 2.710, 176.95, -36.20, 2.706, 177.11, -36.24, 0.007, 300.42, 4.17);
insert into SHOT values (8308, 8318, 8323, 2595, 10.100, 134.55, 30.50, 10.104, 134.58, 30.51, 0.007, 199.88, 35.49);
insert into SHOT values (8309, 8318, 8324, 2595, 10.580, 99.55, 39.50, 10.580, 99.59, 39.50, 0.006, 186.74, 2.90);
insert into SHOT values (8310, 8318, 8325, 2595, 3.700, 134.85, -24.50, 3.701, 135.00, -24.59, 0.011, 231.52, -32.20);
insert into SHOT values (8311, 8318, 8326, 2595, 4.220, 320.75, -24.70, 4.222, 320.71, -24.64, 0.006, 284.77, 38.04);
insert into SHOT values (8312, 8318, 8327, 2595, 12.680, 327.15, -8.20, 12.678, 327.13, -8.21, 0.004, 210.05, -20.88);
insert into SHOT values (8313, 8318, 8328, 2595, 9.780, 307.85, 4.50, 9.780, 307.83, 4.52, 0.004, 207.33, 45.89);
insert into SHOT values (8314, 8318, 8329, 2595, 9.780, 5.25, 9.10, 9.784, 5.23, 9.12, 0.006, 316.47, 33.03);
insert into SHOT values (8315, 8318, 8330, 2595, 0.820, 134.15, -15.80, 0.808, 133.96, -15.79, 0.012, 327.28, 16.04);
insert into SHOT values (8316, 8330, 8331, 2595, 1.700, 146.95, -73.50, 1.701, 147.62, -73.41, 0.006, 212.11, -0.06);
insert into SHOT values (8317, 8330, 8332, 2595, 3.720, 189.15, 1.20, 3.729, 189.26, 1.23, 0.012, 226.81, 10.00);
insert into SHOT values (8318, 8330, 8333, 2595, 8.110, 175.75, 82.70, 8.106, 176.11, 82.68, 0.008, 249.88, -32.06);
insert into SHOT values (8319, 8330, 8334, 2595, 7.070, 119.15, -2.70, 7.054, 119.22, -2.60, 0.022, 269.42, 36.25);
insert into SHOT values (8320, 8334, 8335, 2595, 0.410, 211.25, -70.50, 0.414, 210.26, -70.39, 0.005, 161.58, -48.10);
insert into SHOT values (8321, 8334, 8336, 2595, 2.890, 190.55, 13.20, 2.893, 190.43, 13.19, 0.006, 127.48, 0.59);
insert into SHOT values (8322, 8334, 8337, 2595, 10.050, 80.95, 69.90, 10.052, 81.00, 69.91, 0.004, 193.02, 31.49);
insert into SHOT values (8323, 8334, 8338, 2595, 9.160, 64.75, 58.30, 9.159, 64.82, 58.26, 0.008, 116.59, -24.88);
insert into SHOT values (8324, 8334, 8339, 2595, 8.860, 113.95, 64.50, 8.856, 113.95, 64.46, 0.008, 112.69, -57.56);
insert into SHOT values (8325, 8334, 8340, 2595, 4.950, 14.15, 31.10, 4.947, 14.20, 31.03, 0.008, 89.20, -60.07);
insert into SHOT values (8326, 8334, 8341, 2595, 1.520, 24.45, -0.10, 1.517, 24.54, -0.38, 0.008, 166.25, -62.58);
insert into SHOT values (8327, 8334, 8342, 2595, 3.660, 179.55, -27.90, 3.668, 179.47, -27.96, 0.010, 140.66, -45.96);
insert into SHOT values (8328, 8334, 8343, 2595, 4.280, 225.85, -24.40, 4.280, 225.73, -24.43, 0.009, 127.12, -12.96);
insert into SHOT values (8329, 8334, 8344, 2595, 5.150, 255.45, -2.20, 5.148, 255.48, -2.23, 0.004, 20.85, -35.96);
insert into SHOT values (8330, 8334, 8345, 2595, 4.050, 284.45, -9.30, 4.051, 284.49, -9.38, 0.006, 7.32, -63.23);
insert into SHOT values (8331, 8334, 8346, 2595, 10.100, 268.25, 41.40, 10.099, 268.26, 41.41, 0.003, 59.29, 14.02);
insert into SHOT values (8332, 8334, 8347, 2595, 6.230, 200.75, -31.90, 6.231, 200.70, -31.87, 0.006, 136.29, 21.72);
insert into SHOT values (8333, 8347, 8348, 2595, 1.070, 259.15, -3.20, 1.071, 259.22, -3.21, 0.001, 325.57, -11.24);
insert into SHOT values (8334, 8347, 8349, 2595, 0.550, 307.05, 60.60, 0.546, 307.69, 59.39, 0.013, 328.40, -46.81);
insert into SHOT values (8335, 8347, 8350, 2595, 0.670, 208.75, -58.50, 0.675, 209.54, -59.27, 0.011, 346.79, -50.84);
insert into SHOT values (8336, 8347, 8351, 2595, 1.720, 78.15, 3.50, 1.721, 77.91, 3.33, 0.009, 358.48, -33.99);
insert into SHOT values (8337, 8347, 8352, 2595, 1.430, 20.35, 59.00, 1.426, 20.65, 58.85, 0.007, 97.92, -55.64);
insert into SHOT values (8338, 8347, 8353, 2595, 2.110, 14.35, 24.30, 2.114, 14.40, 24.01, 0.011, 26.29, -47.03);
insert into SHOT values (8339, 8347, 8354, 2595, 1.500, 50.75, 10.30, 1.500, 50.49, 9.98, 0.011, 335.36, -50.21);
insert into SHOT values (8340, 8347, 8355, 2595, 4.140, 110.75, -1.40, 4.138, 110.67, -1.52, 0.011, 356.91, -54.78);
insert into SHOT values (8341, 8347, 8356, 2595, 5.850, 130.85, -3.10, 5.851, 130.84, -3.14, 0.004, 62.67, -68.01);
insert into SHOT values (8342, 8347, 8357, 2595, 3.760, 139.25, 2.80, 3.755, 139.22, 2.75, 0.006, 343.15, -35.19);
insert into SHOT values (8343, 8347, 8358, 2595, 2.890, 144.15, -21.30, 2.890, 144.07, -21.31, 0.004, 50.73, -3.02);
insert into SHOT values (8344, 8347, 8359, 2595, 4.230, 183.35, -8.30, 4.233, 183.29, -8.42, 0.010, 107.90, -63.24);
insert into SHOT values (8345, 8347, 8360, 2595, 8.760, 145.05, -1.10, 8.763, 145.04, -1.11, 0.003, 117.19, -33.11);
insert into CENTRELINE values (2596, 2593, NULL, '2024-04-19', NULL, 23.10, 0.00, 0.00);
 insert into TOPO values (4, 2596);
 insert into TOPO values (1, 2596);
 insert into TOPO values (7, 2596);
 insert into SHOT values (8346, 8076, 8361, 2596, 16.680, 97.65, -11.50, 16.678, 97.63, -11.48, 0.008, 2.99, 44.27);
insert into SHOT values (8347, 8361, 8362, 2596, 0.610, 189.35, 0.60, 0.618, 189.31, 0.00, 0.010, 186.40, -37.96);
insert into SHOT values (8348, 8361, 8363, 2596, 0.950, 198.55, 78.20, 0.951, 197.53, 77.91, 0.006, 162.81, 0.71);
insert into SHOT values (8349, 8361, 8364, 2596, 0.870, 137.55, -79.20, 0.875, 137.49, -79.28, 0.005, 353.39, -86.95);
insert into SHOT values (8350, 8361, 8365, 2596, 1.870, 125.85, -40.60, 1.875, 126.15, -40.59, 0.009, 185.85, -19.72);
insert into SHOT values (8351, 8365, 8366, 2596, 0.360, 18.55, -6.00, 0.360, 17.93, -6.39, 0.005, 278.34, -31.05);
insert into SHOT values (8352, 8365, 8367, 2596, 0.290, 237.15, 83.20, 0.292, 251.57, 83.78, 0.009, 352.38, 13.19);
insert into SHOT values (8353, 8365, 8368, 2596, 0.560, 253.85, 9.80, 0.560, 254.20, 10.29, 0.006, 0.80, 53.20);
insert into SHOT values (8354, 8365, 8369, 2596, 0.430, 244.75, -58.40, 0.435, 246.80, -58.30, 0.009, 314.54, -23.31);
insert into SHOT values (8355, 8365, 8370, 2596, 4.550, 97.35, -2.40, 4.551, 97.33, -2.39, 0.002, 41.86, 14.96);
insert into SHOT values (8356, 8370, 8371, 2596, 0.610, 44.95, 11.70, 0.613, 44.33, 11.29, 0.008, 344.60, -26.20);
insert into SHOT values (8357, 8370, 8372, 2596, 0.890, 126.35, 61.40, 0.887, 126.33, 61.58, 0.004, 308.67, -19.26);
insert into SHOT values (8358, 8370, 8373, 2596, 1.380, 125.95, 56.40, 1.377, 126.42, 56.61, 0.008, 258.53, 3.87);
insert into SHOT values (8359, 8370, 8374, 2596, 0.550, 185.75, 4.00, 0.545, 186.34, 4.21, 0.008, 319.49, 11.89);
insert into SHOT values (8360, 8370, 8375, 2596, 0.740, 218.35, -82.00, 0.738, 221.19, -81.71, 0.007, 277.18, 24.47);
insert into SCRAPS values (2598, 2591, 'SP-Xav1-1', 1, 9.74339, 0.04564);
 insert into SCRAPS values (2677, 2591, 'SP-Xav1-3', 1, 66.34316, 1.26585);
 insert into SCRAPS values (2808, 2591, 'SP-Xav1-4', 1, 60.82254, 0.66428);
 insert into SCRAPS values (2889, 2591, 'SP-Xav1-5', 1, 1.32652, 0.10904);
 insert into SCRAPS values (2907, 2591, 'SP-Xav1-2', 1, 30.44218, 0.23144);
 insert into MAPS values (3048, 2591, 'MP-Tush_YurruckXR1', 'Tush Yurruck XR1', 1, 1407.030, -42.770);
 insert into MAPITEMS values (3048, 4, 2598);
 insert into MAPITEMS values (3048, 4, 2907);
 insert into MAPITEMS values (3048, 4, 2677);
 insert into MAPITEMS values (3048, 4, 2889);
 insert into MAPITEMS values (3048, 4, 2808);
 insert into SURVEY values (3051, 2485, 'Alex2', 'Alex2.Tush-Yurruck.Koytendag', 'Alex2');
 insert into CENTRELINE values (3052, 3051, NULL, NULL, NULL, 0.00, 0.00, 0.00);
 insert into SURVEY values (3053, 3051, 'Tush-Yurruck_02', 'Tush-Yurruck_02.Alex2.Tush-Yurruck.Koytendag', 'Tush-Yurruck 02');
 insert into CENTRELINE values (3054, 3053, NULL, NULL, NULL, 0.00, 0.00, 0.00);
 insert into CENTRELINE values (3055, 3053, NULL, '2024-04-17', NULL, 217.65, 0.00, 0.00);
 insert into TOPO values (6, 3055);
 insert into TOPO values (2, 3055);
 insert into TOPO values (7, 3055);
 insert into SHOT values (8361, 8376, 8377, 3055, 7.460, 49.75, 6.90, 7.460, 49.71, 6.85, 0.008, 333.24, -49.78);
insert into SHOT values (8362, 8376, 8378, 3055, 14.250, 59.35, 10.80, 14.250, 59.33, 10.80, 0.004, 333.41, -2.44);
insert into SHOT values (8363, 8376, 8379, 3055, 15.250, 11.35, 8.70, 15.248, 11.32, 8.68, 0.009, 271.89, -46.59);
insert into SHOT values (8364, 8376, 8380, 3055, 10.990, 351.55, 5.90, 10.997, 351.54, 5.90, 0.008, 334.04, 2.31);
insert into SHOT values (8365, 8376, 8381, 3055, 10.710, 293.55, 7.70, 10.710, 293.55, 7.67, 0.005, 230.63, -83.38);
insert into SHOT values (8366, 8376, 8382, 3055, 9.130, 268.05, 8.20, 9.128, 268.10, 8.19, 0.008, 10.43, -15.71);
insert into SHOT values (8367, 8376, 8383, 3055, 12.920, 242.65, 9.00, 12.923, 242.67, 8.99, 0.006, 297.50, -10.07);
insert into SHOT values (8368, 8376, 8384, 3055, 12.470, 206.95, 8.60, 12.469, 206.96, 8.58, 0.005, 292.69, -62.82);
insert into SHOT values (8369, 8376, 8385, 3055, 6.460, 159.15, 10.00, 6.453, 159.17, 9.99, 0.007, 319.38, -14.46);
insert into SHOT values (8370, 8376, 8386, 3055, 8.110, 149.35, 14.30, 8.105, 149.39, 14.29, 0.007, 276.57, -25.91);
insert into SHOT values (8371, 8376, 8387, 3055, 7.240, 125.15, 12.40, 7.237, 125.15, 12.37, 0.005, 295.44, -67.34);
insert into SHOT values (8372, 8376, 8388, 3055, 0.700, 43.65, -60.90, 0.698, 42.61, -60.89, 0.006, 306.36, 14.86);
insert into SHOT values (8373, 8376, 8389, 3055, 3.770, 93.95, 77.60, 3.768, 93.53, 77.56, 0.007, 22.40, -18.28);
insert into SHOT values (8374, 8376, 8390, 3055, 20.730, 83.45, 3.60, 20.731, 82.92, 3.26, 0.226, 355.78, -32.62);
insert into SHOT values (8375, 8390, 8391, 3055, 5.840, 333.05, 6.80, 5.841, 333.04, 6.78, 0.002, 297.09, -37.13);
insert into SHOT values (8376, 8390, 8392, 3055, 5.430, 299.45, 6.40, 5.435, 299.51, 6.44, 0.009, 351.52, 33.69);
insert into SHOT values (8377, 8390, 8393, 3055, 6.430, 82.45, 3.60, 6.430, 82.39, 3.66, 0.009, 346.05, 42.28);
insert into SHOT values (8378, 8390, 8394, 3055, 9.120, 133.55, 9.10, 9.119, 133.52, 9.09, 0.006, 35.77, -24.22);
insert into SHOT values (8379, 8390, 8395, 3055, 8.350, 170.25, 5.10, 8.343, 170.23, 5.09, 0.007, 11.22, -18.16);
insert into SHOT values (8380, 8390, 8396, 3055, 8.060, 201.95, 2.60, 8.053, 201.97, 2.63, 0.009, 356.73, 28.31);
insert into SHOT values (8381, 8390, 8397, 3055, 9.440, 226.95, 4.60, 9.441, 226.98, 4.62, 0.006, 311.01, 28.82);
insert into SHOT values (8382, 8390, 8398, 3055, 1.630, 105.05, -79.10, 1.630, 104.93, -79.02, 0.002, 89.32, 14.18);
insert into SHOT values (8383, 8390, 8399, 3055, 3.440, 132.95, 56.00, 3.439, 132.89, 55.97, 0.003, 71.85, -42.24);
insert into SHOT values (8384, 8390, 8400, 3055, 12.050, 55.45, -12.90, 12.064, 55.19, -13.03, 0.062, 333.51, -28.89);
insert into SHOT values (8385, 8400, 8401, 3055, 8.370, 57.45, -3.10, 8.376, 57.45, -3.08, 0.007, 59.24, 23.70);
insert into SHOT values (8386, 8400, 8402, 3055, 3.900, 11.05, 9.80, 3.898, 11.11, 9.75, 0.006, 117.98, -43.95);
insert into SHOT values (8387, 8400, 8403, 3055, 5.930, 318.65, 5.10, 5.933, 318.70, 5.12, 0.007, 20.45, 23.58);
insert into SHOT values (8388, 8400, 8404, 3055, 9.250, 115.75, 5.20, 9.252, 115.73, 5.21, 0.004, 55.37, 26.34);
insert into SHOT values (8389, 8400, 8405, 3055, 6.510, 159.55, 6.70, 6.512, 159.55, 6.70, 0.002, 156.36, 12.33);
insert into SHOT values (8390, 8400, 8406, 3055, 5.760, 217.35, 2.20, 5.754, 217.37, 2.19, 0.006, 17.97, -10.74);
insert into SHOT values (8391, 8400, 8407, 3055, 0.400, 50.65, -32.00, 0.400, 49.76, -31.66, 0.006, 334.81, 19.93);
insert into SHOT values (8392, 8400, 8408, 3055, 3.090, 106.65, 54.70, 3.088, 106.61, 54.70, 0.003, 335.19, -47.09);
insert into SHOT values (8393, 8400, 8409, 3055, 34.270, 3.65, 16.30, 34.274, 3.64, 16.30, 0.005, 321.96, 16.42);
insert into SHOT values (8394, 8400, 8410, 3055, 23.180, 341.55, 16.20, 23.184, 341.57, 16.21, 0.008, 47.56, 23.25);
insert into SHOT values (8395, 8400, 8411, 3055, 29.060, 291.35, 4.60, 29.063, 291.36, 4.60, 0.005, 346.26, -6.46);
insert into SHOT values (8396, 8400, 8412, 3055, 10.190, 274.65, 3.90, 10.187, 274.68, 3.88, 0.007, 26.06, -24.54);
insert into SHOT values (8397, 8400, 8413, 3055, 20.810, 69.35, 0.10, 20.822, 68.86, -0.22, 0.213, 342.82, -33.06);
insert into SHOT values (8398, 8413, 8414, 3055, 11.010, 89.25, 15.80, 11.005, 89.24, 15.77, 0.008, 289.31, -67.12);
insert into SHOT values (8399, 8413, 8415, 3055, 6.700, 135.25, 13.50, 6.690, 135.25, 13.48, 0.010, 314.97, -23.41);
insert into SHOT values (8400, 8413, 8416, 3055, 8.690, 197.35, 3.90, 8.686, 197.39, 3.89, 0.007, 318.93, -8.27);
insert into SHOT values (8401, 8413, 8417, 3055, 11.330, 221.55, 3.90, 11.332, 221.56, 3.90, 0.003, 262.58, -12.67);
insert into SHOT values (8402, 8413, 8418, 3055, 33.310, 301.75, 5.00, 33.311, 301.75, 4.99, 0.004, 248.55, -53.70);
insert into SHOT values (8403, 8413, 8419, 3055, 32.770, 318.15, 6.70, 32.771, 318.14, 6.69, 0.007, 240.11, -28.88);
insert into SHOT values (8404, 8413, 8420, 3055, 27.350, 333.15, 8.20, 27.350, 333.14, 8.20, 0.004, 240.01, -14.84);
insert into SHOT values (8405, 8413, 8421, 3055, 10.050, 336.45, 6.20, 10.049, 336.46, 6.17, 0.006, 64.94, -65.86);
insert into SHOT values (8406, 8413, 8422, 3055, 7.560, 22.95, 6.70, 7.562, 22.88, 6.68, 0.010, 307.88, -11.96);
insert into SHOT values (8407, 8413, 8423, 3055, 0.470, 320.85, -66.80, 0.480, 321.34, -66.42, 0.011, 334.22, -48.33);
insert into SHOT values (8408, 8413, 8424, 3055, 6.260, 298.05, 85.50, 6.260, 297.60, 85.45, 0.007, 261.71, -6.07);
insert into SHOT values (8409, 8413, 8425, 3055, 8.270, 43.25, 13.00, 8.287, 42.99, 12.83, 0.047, 344.72, -25.78);
insert into SHOT values (8410, 8425, 8426, 3055, 2.510, 9.45, 0.30, 2.504, 9.42, 0.23, 0.007, 199.10, -26.66);
insert into SHOT values (8411, 8425, 8427, 3055, 3.330, 60.15, 2.40, 3.331, 60.28, 2.41, 0.007, 144.26, 4.25);
insert into SHOT values (8412, 8425, 8428, 3055, 0.950, 305.35, -6.00, 0.946, 305.04, -6.07, 0.007, 174.65, -6.00);
insert into SHOT values (8413, 8425, 8429, 3055, 2.700, 135.35, -4.80, 2.704, 135.45, -4.88, 0.007, 188.38, -34.02);
insert into SHOT values (8414, 8425, 8430, 3055, 2.590, 173.95, -11.40, 2.595, 173.91, -11.33, 0.006, 155.85, 18.58);
insert into SHOT values (8415, 8425, 8431, 3055, 12.270, 197.15, -8.20, 12.275, 197.14, -8.20, 0.005, 170.94, 0.60);
insert into SHOT values (8416, 8425, 8432, 3055, 5.410, 114.15, -1.40, 5.413, 114.10, -1.38, 0.006, 62.11, 21.37);
insert into SHOT values (8417, 8425, 8433, 3055, 1.540, 82.75, -82.30, 1.543, 84.29, -82.52, 0.009, 217.80, -26.93);
insert into SHOT values (8418, 8425, 8434, 3055, 13.860, 102.65, 67.20, 13.863, 102.69, 67.20, 0.005, 188.99, 36.98);
insert into SHOT values (8419, 8425, 8435, 3055, 13.470, 90.35, -4.40, 13.473, 89.87, -4.56, 0.118, 359.97, -18.13);
insert into SHOT values (8420, 8435, 8436, 3055, 3.030, 202.15, 1.40, 3.024, 202.15, 1.33, 0.007, 19.78, -34.23);
insert into SHOT values (8421, 8435, 8437, 3055, 4.090, 142.25, 4.80, 4.085, 142.29, 4.77, 0.006, 295.62, -21.03);
insert into SHOT values (8422, 8435, 8438, 3055, 6.380, 117.45, 0.60, 6.378, 117.45, 0.54, 0.007, 296.58, -76.57);
insert into SHOT values (8423, 8435, 8439, 3055, 11.420, 121.85, -9.20, 11.416, 121.87, -9.22, 0.007, 256.27, -34.53);
insert into SHOT values (8424, 8435, 8440, 3055, 23.640, 97.95, 3.50, 23.640, 97.94, 3.49, 0.004, 14.89, -45.80);
insert into SHOT values (8425, 8435, 8441, 3055, 25.900, 78.05, 2.40, 25.894, 78.04, 2.39, 0.008, 281.80, -35.16);
insert into SHOT values (8426, 8435, 8442, 3055, 30.490, 61.65, 2.60, 30.488, 61.63, 2.59, 0.008, 318.85, -21.60);
insert into SHOT values (8427, 8435, 8443, 3055, 28.130, 46.85, 3.80, 28.134, 46.85, 3.79, 0.006, 39.95, -43.80);
insert into SHOT values (8428, 8435, 8444, 3055, 19.830, 32.55, 4.40, 19.835, 32.55, 4.40, 0.005, 33.65, -16.04);
insert into SHOT values (8429, 8435, 8445, 3055, 18.300, 5.65, 9.40, 18.302, 5.66, 9.37, 0.010, 40.84, -63.12);
insert into SHOT values (8430, 8435, 8446, 3055, 21.270, 345.85, 6.90, 21.273, 345.86, 6.88, 0.008, 27.24, -44.26);
insert into SHOT values (8431, 8435, 8447, 3055, 23.260, 337.65, 6.60, 23.261, 337.64, 6.59, 0.005, 271.79, -46.97);
insert into SHOT values (8432, 8435, 8448, 3055, 1.170, 359.85, -70.40, 1.177, 0.00, -70.64, 0.008, 157.30, -70.99);
insert into SHOT values (8433, 8435, 8449, 3055, 13.820, 326.75, 74.30, 13.816, 326.78, 74.29, 0.005, 11.40, -59.03);
insert into SHOT values (8434, 8435, 8450, 3055, 31.670, 68.75, 2.30, 31.668, 68.75, 2.30, 0.003, 273.63, -20.13);
insert into SHOT values (8435, 8450, 8451, 3055, 27.650, 233.55, 2.70, 27.653, 233.55, 2.69, 0.005, 265.97, -31.40);
insert into SHOT values (8436, 8450, 8452, 3055, 18.540, 284.15, 2.60, 18.542, 284.16, 2.60, 0.003, 341.46, -19.49);
insert into SHOT values (8437, 8450, 8453, 3055, 4.140, 323.85, -3.00, 4.142, 323.85, -3.04, 0.004, 327.38, -58.95);
insert into SHOT values (8438, 8450, 8454, 3055, 1.390, 11.85, -2.70, 1.392, 12.04, -2.88, 0.007, 77.08, -41.91);
insert into SHOT values (8439, 8450, 8455, 3055, 0.770, 110.95, 7.10, 0.765, 110.82, 6.76, 0.007, 311.62, -47.14);
insert into SHOT values (8440, 8450, 8456, 3055, 1.340, 175.05, 0.40, 1.335, 174.84, 0.43, 0.007, 41.20, 5.58);
insert into SHOT values (8441, 8450, 8457, 3055, 3.370, 304.25, 83.80, 3.370, 304.99, 83.76, 0.005, 9.32, -3.15);
insert into SHOT values (8442, 8450, 8458, 3055, 1.490, 332.65, -72.20, 1.493, 332.88, -72.03, 0.006, 352.36, -13.61);
insert into SHOT values (8443, 8435, 8459, 3055, 12.870, 2.15, 6.40, 12.894, 2.10, 6.19, 0.054, 341.92, -55.45);
insert into SHOT values (8444, 8459, 8460, 3055, 18.100, 300.95, -0.50, 18.099, 300.96, -0.51, 0.004, 50.27, -32.48);
insert into SHOT values (8445, 8459, 8461, 3055, 10.510, 324.55, 0.10, 10.505, 324.57, 0.05, 0.010, 104.50, -53.84);
insert into SHOT values (8446, 8459, 8462, 3055, 6.610, 353.75, 1.00, 6.610, 353.75, 0.95, 0.005, 310.94, -85.04);
insert into SHOT values (8447, 8459, 8463, 3055, 8.570, 71.05, -0.10, 8.577, 71.02, -0.13, 0.010, 33.88, -31.71);
insert into SHOT values (8448, 8459, 8464, 3055, 26.040, 102.15, -2.10, 26.039, 102.13, -2.11, 0.009, 2.41, -42.02);
insert into SHOT values (8449, 8459, 8465, 3055, 26.930, 120.65, -0.20, 26.933, 120.65, -0.21, 0.007, 133.23, -65.19);
insert into SHOT values (8450, 8459, 8466, 3055, 31.130, 140.95, -1.80, 31.132, 140.93, -1.80, 0.008, 67.10, -15.44);
insert into SHOT values (8451, 8459, 8467, 3055, 17.820, 158.15, -3.40, 17.819, 158.15, -3.41, 0.003, 302.21, -71.20);
insert into SHOT values (8452, 8459, 8468, 3055, 15.820, 184.05, -2.60, 15.815, 184.03, -2.61, 0.008, 53.67, -18.09);
insert into SHOT values (8453, 8459, 8469, 3055, 17.680, 211.75, 12.10, 17.675, 211.73, 12.08, 0.009, 86.26, -43.19);
insert into SHOT values (8454, 8459, 8470, 3055, 1.720, 259.15, -43.70, 1.720, 259.32, -43.79, 0.005, 17.18, -21.39);
insert into SHOT values (8455, 8459, 8471, 3055, 18.110, 252.85, 46.80, 18.104, 252.87, 46.81, 0.008, 44.86, -11.08);
insert into SHOT values (8456, 8459, 8472, 3055, 4.870, 198.55, 71.40, 4.863, 198.43, 71.42, 0.007, 57.40, -48.95);
insert into SHOT values (8457, 8459, 8473, 3055, 4.240, 167.75, 66.10, 4.235, 167.58, 66.03, 0.009, 103.54, -48.78);
insert into SHOT values (8458, 8459, 8474, 3055, 4.300, 190.25, 66.10, 4.297, 190.28, 66.14, 0.005, 359.45, -16.68);
insert into SHOT values (8459, 8459, 8475, 3055, 7.510, 308.85, -6.50, 7.528, 309.14, -6.64, 0.046, 15.86, -25.78);
insert into SHOT values (8460, 8475, 8476, 3055, 6.060, 72.85, 2.90, 6.056, 72.88, 2.93, 0.007, 212.90, 30.89);
insert into SHOT values (8461, 8475, 8477, 3055, 3.690, 22.25, -3.80, 3.681, 22.24, -3.74, 0.010, 207.62, 27.43);
insert into SHOT values (8462, 8475, 8478, 3055, 5.570, 330.75, 0.50, 5.570, 330.77, 0.51, 0.002, 74.74, 39.57);
insert into SHOT values (8463, 8475, 8479, 3055, 11.050, 288.55, -1.70, 11.047, 288.53, -1.66, 0.009, 158.88, 63.86);
insert into SHOT values (8464, 8475, 8480, 3055, 18.330, 276.65, -1.40, 18.328, 276.64, -1.38, 0.008, 141.84, 75.09);
insert into SHOT values (8465, 8475, 8481, 3055, 29.270, 141.15, 5.90, 29.272, 141.16, 5.90, 0.007, 212.86, 10.10);
insert into SHOT values (8466, 8475, 8482, 3055, 2.260, 357.45, -51.10, 2.256, 357.56, -51.28, 0.008, 157.83, -7.92);
insert into SHOT values (8467, 8475, 8483, 3055, 3.970, 54.05, 75.30, 3.969, 53.93, 75.37, 0.006, 255.26, -0.53);
insert into SHOT values (8468, 8475, 8484, 3055, 12.830, 153.35, 71.00, 12.830, 153.43, 70.98, 0.008, 208.37, -7.44);
insert into SHOT values (8469, 8475, 8485, 3055, 11.530, 356.25, -16.00, 11.528, 356.22, -15.96, 0.009, 274.69, 58.92);
insert into SHOT values (8470, 8485, 8486, 3055, 5.840, 39.95, 6.10, 5.840, 39.97, 6.09, 0.002, 141.51, -14.93);
insert into SHOT values (8471, 8485, 8487, 3055, 10.290, 358.25, 5.20, 10.287, 358.27, 5.19, 0.005, 132.01, -31.37);
insert into SHOT values (8472, 8485, 8488, 3055, 11.600, 342.65, 5.80, 11.594, 342.65, 5.79, 0.006, 162.18, -21.48);
insert into SHOT values (8473, 8485, 8489, 3055, 9.030, 306.75, 6.40, 9.030, 306.75, 6.36, 0.007, 20.10, -81.13);
insert into SHOT values (8474, 8485, 8490, 3055, 7.740, 268.65, -0.80, 7.733, 268.59, -0.82, 0.010, 136.56, -10.61);
insert into SHOT values (8475, 8485, 8491, 3055, 5.310, 223.35, 1.70, 5.308, 223.32, 1.62, 0.008, 95.47, -65.75);
insert into SHOT values (8476, 8485, 8492, 3055, 7.530, 138.05, 6.40, 7.537, 138.03, 6.32, 0.013, 122.03, -46.33);
insert into SHOT values (8477, 8485, 8493, 3055, 0.620, 235.25, -57.30, 0.624, 234.87, -58.08, 0.010, 79.91, -57.39);
insert into SHOT values (8478, 8485, 8494, 3055, 1.970, 244.45, 71.90, 1.968, 243.85, 71.86, 0.007, 160.13, -21.46);
insert into SHOT values (8479, 8485, 8495, 3055, 22.690, 253.05, 0.50, 22.688, 253.03, 0.48, 0.010, 144.93, -53.85);
insert into SHOT values (8480, 8495, 8496, 3055, 0.610, 181.65, 1.30, 0.611, 181.88, 1.88, 0.007, 260.53, 68.01);
insert into SHOT values (8481, 8495, 8497, 3055, 0.690, 1.85, 1.70, 0.691, 1.66, 1.66, 0.002, 286.41, -11.32);
insert into SHOT values (8482, 8495, 8498, 3055, 0.450, 269.15, 78.10, 0.449, 270.00, 78.44, 0.003, 63.64, -6.05);
insert into SHOT values (8483, 8495, 8499, 3055, 0.560, 217.25, -82.70, 0.555, 213.69, -82.53, 0.007, 137.58, 50.20);
insert into SHOT values (8484, 8475, 8500, 3055, 25.420, 269.35, 3.40, 25.428, 270.23, 3.11, 0.409, 357.58, -18.17);
insert into SHOT values (8485, 8500, 8501, 3055, 0.810, 356.35, 4.50, 0.814, 356.47, 4.23, 0.006, 19.01, -39.07);
insert into SHOT values (8486, 8500, 8502, 3055, 10.900, 273.35, 5.50, 10.898, 273.33, 5.48, 0.006, 161.06, -49.84);
insert into SHOT values (8487, 8500, 8503, 3055, 16.380, 258.25, 4.00, 16.373, 258.24, 3.99, 0.008, 105.48, -18.26);
insert into SHOT values (8488, 8500, 8504, 3055, 16.040, 248.55, 1.10, 16.033, 248.56, 1.11, 0.008, 51.34, 14.77);
insert into SHOT values (8489, 8500, 8505, 3055, 32.690, 164.05, -3.00, 32.694, 164.04, -3.00, 0.009, 101.92, 5.71);
insert into SHOT values (8490, 8500, 8506, 3055, 31.370, 157.95, -3.00, 31.377, 157.94, -3.00, 0.010, 117.98, 10.24);
insert into SHOT values (8491, 8500, 8507, 3055, 1.340, 166.85, -73.60, 1.345, 166.33, -73.55, 0.006, 112.02, -46.91);
insert into SHOT values (8492, 8500, 8508, 3055, 11.570, 251.55, 71.90, 11.573, 251.51, 71.90, 0.003, 186.28, 47.12);
insert into SHOT values (8493, 8500, 8509, 3055, 20.990, 244.55, -0.20, 20.972, 245.22, -0.46, 0.265, 339.26, -21.45);
insert into SHOT values (8494, 8509, 8510, 3055, 3.770, 8.45, -0.30, 3.770, 8.39, -0.30, 0.004, 283.90, -3.71);
insert into SHOT values (8495, 8509, 8511, 3055, 11.450, 309.35, 2.10, 11.448, 309.32, 2.10, 0.005, 198.68, 4.78);
insert into SHOT values (8496, 8509, 8512, 3055, 24.480, 239.15, 0.10, 24.487, 239.14, 0.12, 0.010, 211.55, 44.13);
insert into SHOT values (8497, 8509, 8513, 3055, 5.790, 151.45, -30.10, 5.786, 151.49, -30.08, 0.006, 270.73, 42.17);
insert into SHOT values (8498, 8509, 8514, 3055, 5.830, 85.95, 80.50, 5.830, 86.42, 80.50, 0.008, 178.73, -0.32);
insert into SHOT values (8499, 8509, 8515, 3055, 9.640, 269.95, -0.90, 9.642, 270.30, -1.01, 0.062, 358.83, -17.58);
insert into SHOT values (8500, 8515, 8516, 3055, 11.180, 73.55, 3.80, 11.181, 73.55, 3.79, 0.002, 58.41, -32.22);
insert into SHOT values (8501, 8515, 8517, 3055, 8.300, 41.95, 3.80, 8.296, 41.92, 3.80, 0.006, 274.72, -0.69);
insert into SHOT values (8502, 8515, 8518, 3055, 7.200, 2.25, 3.40, 7.198, 2.23, 3.42, 0.004, 228.29, 48.03);
insert into SHOT values (8503, 8515, 8519, 3055, 11.270, 331.25, 0.10, 11.269, 331.25, 0.10, 0.001, 120.88, 16.47);
insert into SHOT values (8504, 8515, 8520, 3055, 22.300, 330.55, 5.50, 22.304, 330.54, 5.51, 0.007, 280.85, 23.59);
insert into SHOT values (8505, 8515, 8521, 3055, 29.570, 310.45, 6.60, 29.577, 310.44, 6.60, 0.008, 294.67, 10.00);
insert into SHOT values (8506, 8515, 8522, 3055, 27.660, 289.35, 5.40, 27.666, 289.34, 5.39, 0.009, 246.28, -19.01);
insert into SHOT values (8507, 8515, 8523, 3055, 19.960, 257.15, 1.00, 19.963, 257.15, 1.00, 0.004, 248.79, 27.54);
insert into SHOT values (8508, 8515, 8524, 3055, 15.620, 219.45, 1.40, 15.627, 219.47, 1.39, 0.009, 256.75, -10.94);
insert into SHOT values (8509, 8515, 8525, 3055, 15.810, 203.55, 5.20, 15.806, 203.55, 5.19, 0.005, 8.43, -37.75);
insert into SHOT values (8510, 8515, 8526, 3055, 18.170, 203.75, 1.30, 18.174, 203.76, 1.29, 0.006, 236.27, -23.07);
insert into SHOT values (8511, 8515, 8527, 3055, 3.400, 244.25, -32.00, 3.400, 244.32, -31.96, 0.004, 312.34, 23.12);
insert into SHOT values (8512, 8515, 8528, 3055, 6.090, 315.45, 78.40, 6.094, 315.33, 78.42, 0.005, 198.93, 57.41);
insert into SCRAPS values (3057, 3051, 'SP-Alex2-1', 1, 69.61281, 2.53542);
 insert into MAPS values (3099, 3051, 'MP-Alex2', 'Alex2', 1, 217.650, -4.680);
 insert into MAPITEMS values (3099, 4, 3057);
 insert into SURVEY values (3102, 2485, 'Alex3', 'Alex3.Tush-Yurruck.Koytendag', 'Alex3');
 insert into CENTRELINE values (3103, 3102, NULL, NULL, NULL, 0.00, 0.00, 0.00);
 insert into SURVEY values (3104, 3102, 'Tush-Yurruck_03', 'Tush-Yurruck_03.Alex3.Tush-Yurruck.Koytendag', 'Tush-Yurruck 03');
 insert into CENTRELINE values (3105, 3104, NULL, NULL, NULL, 0.00, 0.00, 0.00);
 insert into CENTRELINE values (3106, 3104, NULL, '2024-04-17', NULL, 633.02, 0.00, 18.76);
 insert into TOPO values (6, 3106);
 insert into TOPO values (2, 3106);
 insert into TOPO values (7, 3106);
 insert into SHOT values (8513, 8529, 8530, 3106, 9.440, 170.75, 11.60, 9.444, 170.73, 11.61, 0.005, 132.46, 21.73);
insert into SHOT values (8514, 8529, 8531, 3106, 14.280, 148.55, 4.20, 14.280, 148.55, 4.22, 0.004, 233.63, 74.69);
insert into SHOT values (8515, 8529, 8532, 3106, 16.850, 124.65, 2.00, 16.845, 124.64, 2.01, 0.006, 321.59, 20.29);
insert into SHOT values (8516, 8529, 8533, 3106, 27.140, 71.05, 0.10, 27.140, 71.06, 0.11, 0.005, 164.12, 31.76);
insert into SHOT values (8517, 8529, 8534, 3106, 19.710, 42.15, 3.20, 19.712, 42.16, 3.20, 0.004, 94.48, -3.38);
insert into SHOT values (8518, 8529, 8535, 3106, 20.990, 15.45, 2.80, 20.994, 15.46, 2.81, 0.008, 65.05, 37.67);
insert into SHOT values (8519, 8529, 8536, 3106, 14.860, 288.95, 4.90, 14.858, 288.96, 4.90, 0.004, 55.97, 9.84);
insert into SHOT values (8520, 8529, 8537, 3106, 27.830, 261.05, 2.80, 27.833, 261.04, 2.80, 0.005, 199.55, 5.54);
insert into SHOT values (8521, 8529, 8538, 3106, 23.580, 241.65, 1.60, 23.575, 241.65, 1.60, 0.005, 47.81, 18.56);
insert into SHOT values (8522, 8529, 8539, 3106, 2.940, 224.55, -52.00, 2.935, 224.55, -51.92, 0.007, 254.25, 88.01);
insert into SHOT values (8523, 8529, 8540, 3106, 5.610, 289.05, 81.60, 5.610, 289.32, 81.64, 0.005, 61.45, 1.97);
insert into SHOT values (8524, 8529, 8541, 3106, 26.280, 109.65, -1.70, 26.287, 109.66, -1.94, 0.111, 171.08, -86.23);
insert into SHOT values (8525, 8541, 8542, 3106, 9.320, 255.75, 12.90, 9.316, 255.72, 12.90, 0.006, 124.38, -6.27);
insert into SHOT values (8526, 8541, 8543, 3106, 12.300, 203.35, 12.20, 12.298, 203.32, 12.16, 0.011, 115.85, -60.58);
insert into SHOT values (8527, 8541, 8544, 3106, 13.240, 166.45, 8.70, 13.247, 166.44, 8.68, 0.008, 153.38, -19.78);
insert into SHOT values (8528, 8541, 8545, 3106, 20.060, 138.65, 2.10, 20.065, 138.64, 2.08, 0.008, 105.60, -40.20);
insert into SHOT values (8529, 8541, 8546, 3106, 21.060, 117.05, 2.90, 21.069, 117.05, 2.88, 0.011, 124.92, -30.77);
insert into SHOT values (8530, 8541, 8547, 3106, 22.330, 103.95, 3.60, 22.333, 103.97, 3.59, 0.008, 171.14, -14.79);
insert into SHOT values (8531, 8541, 8548, 3106, 15.670, 42.85, 1.80, 15.667, 42.85, 1.79, 0.004, 205.67, -35.16);
insert into SHOT values (8532, 8541, 8549, 3106, 15.280, 25.35, 3.50, 15.277, 25.36, 3.49, 0.004, 171.98, -42.31);
insert into SHOT values (8533, 8541, 8550, 3106, 0.960, 96.05, -65.00, 0.963, 96.95, -64.60, 0.010, 137.92, 0.33);
insert into SHOT values (8534, 8541, 8551, 3106, 5.030, 9.55, 73.50, 5.028, 9.66, 73.47, 0.004, 68.37, -41.43);
insert into SHOT values (8535, 8541, 8552, 3106, 21.490, 78.15, 2.80, 21.497, 78.31, 2.56, 0.109, 158.27, -55.10);
insert into SHOT values (8536, 8552, 8553, 3106, 6.770, 168.45, 3.60, 6.771, 168.39, 3.56, 0.009, 91.71, -35.96);
insert into SHOT values (8537, 8552, 8554, 3106, 14.270, 122.65, 2.40, 14.274, 122.63, 2.41, 0.006, 71.94, 23.66);
insert into SHOT values (8538, 8552, 8555, 3106, 5.510, 43.15, -0.90, 5.512, 43.16, -0.94, 0.004, 77.15, -56.74);
insert into SHOT values (8539, 8552, 8556, 3106, 4.440, 334.75, -0.50, 4.442, 334.82, -0.52, 0.006, 42.06, -11.91);
insert into SHOT values (8540, 8552, 8557, 3106, 8.020, 292.85, 4.00, 8.019, 292.88, 4.00, 0.004, 38.18, 7.23);
insert into SHOT values (8541, 8552, 8558, 3106, 1.490, 61.05, -86.90, 1.492, 60.26, -86.90, 0.002, 332.97, -62.87);
insert into SHOT values (8542, 8552, 8559, 3106, 5.950, 195.25, 77.20, 5.947, 194.99, 77.23, 0.007, 74.94, -17.13);
insert into SHOT values (8543, 8552, 8560, 3106, 14.320, 83.55, 3.60, 14.333, 83.66, 3.44, 0.051, 143.98, -50.84);
insert into SHOT values (8544, 8560, 8561, 3106, 9.880, 205.35, -1.00, 9.874, 205.37, -0.99, 0.008, 354.15, 18.13);
insert into SHOT values (8545, 8560, 8562, 3106, 14.140, 224.15, 0.50, 14.137, 224.17, 0.49, 0.007, 344.50, -30.50);
insert into SHOT values (8546, 8560, 8563, 3106, 8.640, 160.45, 11.70, 8.637, 160.45, 11.69, 0.004, 333.95, -34.99);
insert into SHOT values (8547, 8560, 8564, 3106, 9.570, 49.45, 2.70, 9.571, 49.41, 2.69, 0.006, 326.35, -7.41);
insert into SHOT values (8548, 8560, 8565, 3106, 4.270, 2.95, 0.30, 4.276, 2.95, 0.27, 0.006, 3.47, -22.39);
insert into SHOT values (8549, 8560, 8566, 3106, 4.720, 305.85, -0.50, 4.727, 305.88, -0.48, 0.007, 323.86, 9.32);
insert into SHOT values (8550, 8560, 8567, 3106, 1.290, 24.55, -64.40, 1.297, 24.27, -64.44, 0.007, 332.21, -62.99);
insert into SHOT values (8551, 8560, 8568, 3106, 1.330, 71.75, 74.70, 1.326, 71.57, 74.80, 0.004, 271.52, -40.96);
insert into SHOT values (8552, 8560, 8569, 3106, 21.840, 98.25, -1.00, 21.845, 98.32, -1.23, 0.093, 181.62, -73.04);
insert into SHOT values (8553, 8569, 8570, 3106, 12.280, 245.15, 10.40, 12.278, 245.18, 10.42, 0.007, 358.40, 27.99);
insert into SHOT values (8554, 8569, 8571, 3106, 12.190, 214.05, 9.60, 12.192, 214.05, 9.63, 0.007, 198.64, 79.27);
insert into SHOT values (8555, 8569, 8572, 3106, 13.470, 181.25, 13.20, 13.470, 181.22, 13.22, 0.007, 80.26, 35.02);
insert into SHOT values (8556, 8569, 8573, 3106, 18.240, 155.55, 18.00, 18.240, 155.55, 18.01, 0.004, 345.55, 66.95);
insert into SHOT values (8557, 8569, 8574, 3106, 19.750, 108.95, 21.40, 19.749, 108.95, 21.41, 0.004, 300.18, 59.42);
insert into SHOT values (8558, 8569, 8575, 3106, 11.650, 63.75, 28.20, 11.653, 63.76, 28.22, 0.005, 126.02, 65.74);
insert into SHOT values (8559, 8569, 8576, 3106, 7.270, 43.35, 32.40, 7.280, 43.35, 32.39, 0.010, 45.68, 26.65);
insert into SHOT values (8560, 8569, 8577, 3106, 10.760, 6.85, 20.00, 10.761, 6.87, 20.00, 0.004, 76.13, -1.78);
insert into SHOT values (8561, 8569, 8578, 3106, 17.980, 337.95, 8.30, 17.981, 337.95, 8.31, 0.004, 243.29, 84.91);
insert into SHOT values (8562, 8569, 8579, 3106, 1.770, 255.95, -51.40, 1.765, 256.34, -51.41, 0.009, 8.60, 21.87);
insert into SHOT values (8563, 8569, 8580, 3106, 5.970, 56.15, 78.90, 5.973, 56.31, 78.86, 0.006, 92.47, 17.07);
insert into SHOT values (8564, 8569, 8581, 3106, 12.030, 128.75, 12.40, 12.035, 128.68, 12.28, 0.029, 76.52, -53.59);
insert into SHOT values (8565, 8581, 8582, 3106, 9.940, 159.25, 18.00, 9.939, 159.25, 17.99, 0.002, 66.01, -71.11);
insert into SHOT values (8566, 8581, 8583, 3106, 8.130, 194.75, 12.10, 8.131, 194.72, 12.07, 0.006, 124.10, -42.81);
insert into SHOT values (8567, 8581, 8584, 3106, 10.150, 227.15, 8.60, 10.154, 227.14, 8.55, 0.009, 208.27, -56.02);
insert into SHOT values (8568, 8581, 8585, 3106, 15.310, 257.45, 6.20, 15.304, 257.43, 6.19, 0.008, 109.60, -25.97);
insert into SHOT values (8569, 8581, 8586, 3106, 16.330, 83.95, 18.70, 16.326, 83.95, 18.68, 0.006, 250.79, -71.67);
insert into SHOT values (8570, 8581, 8587, 3106, 20.250, 11.45, 11.00, 20.248, 11.46, 10.99, 0.006, 118.88, -37.60);
insert into SHOT values (8571, 8581, 8588, 3106, 20.340, 347.75, 14.60, 20.332, 347.76, 14.59, 0.011, 126.14, -40.22);
insert into SHOT values (8572, 8581, 8589, 3106, 14.290, 328.55, 8.40, 14.286, 328.57, 8.37, 0.010, 88.09, -50.70);
insert into SHOT values (8573, 8581, 8590, 3106, 1.540, 286.65, -57.60, 1.539, 286.23, -57.67, 0.006, 174.82, 2.36);
insert into SHOT values (8574, 8581, 8591, 3106, 4.820, 118.35, 83.30, 4.814, 118.37, 83.22, 0.009, 120.31, -50.24);
insert into SHOT values (8575, 8581, 8592, 3106, 10.690, 145.35, 20.80, 10.686, 145.36, 20.77, 0.006, 290.78, -70.77);
insert into SHOT values (8576, 8592, 8593, 3106, 2.670, 31.65, 34.70, 2.674, 31.81, 34.63, 0.008, 80.77, 0.16);
insert into SHOT values (8577, 8592, 8594, 3106, 1.500, 103.65, 24.00, 1.509, 103.83, 23.85, 0.011, 128.43, -0.56);
insert into SHOT values (8578, 8592, 8595, 3106, 2.390, 140.25, 7.80, 2.394, 140.13, 7.92, 0.008, 85.14, 43.90);
insert into SHOT values (8579, 8592, 8596, 3106, 4.810, 168.25, 41.90, 4.812, 168.25, 41.84, 0.005, 170.10, -24.58);
insert into SHOT values (8580, 8592, 8597, 3106, 2.730, 234.65, 15.00, 2.733, 234.56, 15.06, 0.006, 169.77, 38.24);
insert into SHOT values (8581, 8592, 8598, 3106, 7.040, 268.05, 5.10, 7.032, 268.04, 5.14, 0.009, 98.73, 27.15);
insert into SHOT values (8582, 8592, 8599, 3106, 1.360, 23.55, -86.40, 1.362, 29.74, -86.61, 0.011, 144.62, -14.80);
insert into SHOT values (8583, 8592, 8600, 3106, 9.620, 222.75, 83.90, 9.624, 222.61, 83.92, 0.006, 80.03, 48.50);
insert into SHOT values (8584, 8592, 8601, 3106, 21.960, 116.75, -0.60, 21.964, 116.76, -0.60, 0.007, 171.38, -0.33);
insert into SHOT values (8585, 8601, 8602, 3106, 4.150, 61.15, 16.60, 4.157, 61.18, 16.63, 0.008, 82.01, 33.35);
insert into SHOT values (8586, 8601, 8603, 3106, 3.670, 2.85, 13.10, 3.670, 2.89, 13.07, 0.003, 91.82, -37.57);
insert into SHOT values (8587, 8601, 8604, 3106, 2.740, 175.35, 10.60, 2.737, 175.31, 10.74, 0.008, 20.11, 52.06);
insert into SHOT values (8588, 8601, 8605, 3106, 4.570, 138.75, 13.20, 4.570, 138.64, 13.16, 0.009, 51.34, -23.74);
insert into SHOT values (8589, 8601, 8606, 3106, 1.840, 225.55, 14.10, 1.838, 225.45, 14.17, 0.004, 93.88, 24.07);
insert into SHOT values (8590, 8601, 8607, 3106, 2.810, 271.05, 5.60, 2.804, 271.03, 5.73, 0.009, 100.95, 42.90);
insert into SHOT values (8591, 8601, 8608, 3106, 1.850, 292.05, -52.20, 1.849, 292.27, -52.15, 0.005, 12.35, 21.87);
insert into SHOT values (8592, 8601, 8609, 3106, 4.400, 120.45, 86.90, 4.397, 119.74, 86.85, 0.006, 83.17, -35.98);
insert into SHOT values (8593, 8601, 8610, 3106, 10.960, 123.35, 8.50, 10.965, 123.34, 8.50, 0.005, 101.93, 0.09);
insert into SHOT values (8594, 8610, 8611, 3106, 8.760, 128.45, 25.10, 8.758, 128.45, 25.13, 0.006, 315.37, 46.46);
insert into SHOT values (8595, 8610, 8612, 3106, 3.970, 231.35, 40.20, 3.968, 231.43, 40.18, 0.005, 333.82, -29.63);
insert into SHOT values (8596, 8610, 8613, 3106, 6.150, 283.05, 15.50, 6.156, 283.05, 15.45, 0.008, 286.29, -26.74);
insert into SHOT values (8597, 8610, 8614, 3106, 3.070, 63.05, -0.20, 3.068, 62.85, -0.19, 0.011, 322.62, 3.79);
insert into SHOT values (8598, 8610, 8615, 3106, 1.520, 11.45, 6.90, 1.521, 11.46, 6.80, 0.003, 24.89, -66.40);
insert into SHOT values (8599, 8610, 8616, 3106, 6.640, 324.75, -4.40, 6.642, 324.77, -4.40, 0.004, 16.72, -8.93);
insert into SHOT values (8600, 8610, 8617, 3106, 7.430, 320.15, 7.50, 7.433, 320.17, 7.50, 0.005, 4.75, 2.31);
insert into SHOT values (8601, 8610, 8618, 3106, 1.390, 358.75, -74.10, 1.396, 358.53, -73.77, 0.010, 349.72, -18.62);
insert into SHOT values (8602, 8610, 8619, 3106, 5.050, 332.15, 82.50, 5.054, 332.28, 82.42, 0.008, 344.06, 23.17);
insert into SHOT values (8603, 8610, 8620, 3106, 12.140, 113.15, -5.70, 12.129, 113.12, -5.68, 0.013, 320.20, 26.45);
insert into SHOT values (8604, 8620, 8621, 3106, 3.970, 29.75, 21.10, 3.963, 29.82, 21.00, 0.011, 159.12, -56.42);
insert into SHOT values (8605, 8620, 8622, 3106, 3.880, 73.95, 12.40, 3.885, 74.10, 12.34, 0.012, 133.35, -15.63);
insert into SHOT values (8606, 8620, 8623, 3106, 4.900, 348.15, 13.00, 4.897, 348.15, 12.98, 0.004, 168.61, -39.99);
insert into SHOT values (8607, 8620, 8624, 3106, 9.610, 316.05, 9.30, 9.603, 316.03, 9.29, 0.008, 164.40, -20.93);
insert into SHOT values (8608, 8620, 8625, 3106, 13.170, 300.75, 7.00, 13.164, 300.75, 6.98, 0.007, 128.24, -43.41);
insert into SHOT values (8609, 8620, 8626, 3106, 9.330, 286.35, 13.10, 9.318, 286.32, 13.09, 0.013, 128.92, -20.35);
insert into SHOT values (8610, 8620, 8627, 3106, 5.530, 267.45, 18.70, 5.527, 267.37, 18.68, 0.008, 157.14, -21.96);
insert into SHOT values (8611, 8620, 8628, 3106, 4.010, 224.45, 20.40, 4.011, 224.35, 20.28, 0.011, 164.07, -47.33);
insert into SHOT values (8612, 8620, 8629, 3106, 0.610, 173.55, -59.40, 0.615, 172.65, -59.47, 0.007, 105.85, -42.96);
insert into SHOT values (8613, 8620, 8630, 3106, 4.750, 230.65, 79.00, 4.748, 230.36, 78.96, 0.006, 170.91, -26.90);
insert into SHOT values (8614, 8620, 8631, 3106, 17.990, 107.15, -16.50, 17.998, 107.15, -16.49, 0.009, 117.71, -3.72);
insert into SHOT values (8615, 8631, 8632, 3106, 10.970, 100.85, 4.80, 10.964, 100.87, 4.76, 0.010, 247.82, -50.09);
insert into SHOT values (8616, 8631, 8633, 3106, 19.180, 58.25, 2.90, 19.181, 58.25, 2.90, 0.001, 99.43, -15.13);
insert into SHOT values (8617, 8631, 8634, 3106, 20.250, 38.15, -5.70, 20.249, 38.13, -5.70, 0.008, 300.52, 8.99);
insert into SHOT values (8618, 8631, 8635, 3106, 29.200, 11.85, -1.60, 29.203, 11.84, -1.61, 0.007, 315.51, -45.38);
insert into SHOT values (8619, 8631, 8636, 3106, 30.560, 354.65, -6.70, 30.561, 354.65, -6.71, 0.005, 32.19, -75.59);
insert into SHOT values (8620, 8631, 8637, 3106, 2.430, 137.75, -34.10, 2.433, 137.82, -34.27, 0.008, 259.04, -68.48);
insert into SHOT values (8621, 8631, 8638, 3106, 4.480, 130.25, 64.20, 4.478, 130.22, 64.16, 0.004, 96.31, -62.23);
insert into SHOT values (8622, 8631, 8639, 3106, 14.900, 155.85, 61.80, 14.897, 155.84, 61.81, 0.005, 350.21, -16.61);
insert into SHOT values (8623, 8631, 8640, 3106, 14.330, 161.25, -11.50, 14.366, 160.75, -11.52, 0.127, 86.82, -5.91);
insert into SHOT values (8624, 8640, 8641, 3106, 4.840, 77.05, 4.00, 4.837, 76.94, 4.03, 0.010, 325.68, 13.98);
insert into SHOT values (8625, 8640, 8642, 3106, 7.970, 117.55, 9.90, 7.968, 117.54, 9.90, 0.002, 318.20, -9.27);
insert into SHOT values (8626, 8640, 8643, 3106, 5.050, 33.45, 5.80, 5.057, 33.41, 5.79, 0.008, 5.31, -2.40);
insert into SHOT values (8627, 8640, 8644, 3106, 5.450, 356.75, 3.70, 5.451, 356.73, 3.79, 0.008, 274.22, 79.42);
insert into SHOT values (8628, 8640, 8645, 3106, 9.000, 199.45, -4.10, 8.996, 199.46, -4.08, 0.006, 348.05, 35.66);
insert into SHOT values (8629, 8640, 8646, 3106, 6.050, 246.65, 2.00, 6.047, 246.70, 2.09, 0.011, 9.28, 53.10);
insert into SHOT values (8630, 8640, 8647, 3106, 6.440, 320.15, 5.10, 6.445, 320.18, 5.16, 0.009, 4.11, 53.65);
insert into SHOT values (8631, 8640, 8648, 3106, 3.290, 10.05, -33.80, 3.297, 10.08, -33.72, 0.009, 20.35, 1.43);
insert into SHOT values (8632, 8640, 8649, 3106, 1.600, 342.95, 70.20, 1.605, 342.90, 70.19, 0.005, 329.72, 65.06);
insert into SHOT values (8633, 8640, 8650, 3106, 6.910, 13.55, 55.40, 6.915, 13.54, 55.37, 0.006, 8.06, 21.33);
insert into SHOT values (8634, 8640, 8651, 3106, 7.160, 123.25, 7.30, 7.193, 123.22, 7.19, 0.036, 117.83, -15.77);
insert into SHOT values (8635, 8651, 8652, 3106, 1.990, 132.05, 11.70, 1.997, 132.10, 11.85, 0.009, 148.54, 48.52);
insert into SHOT values (8636, 8651, 8653, 3106, 1.980, 42.85, 17.40, 1.982, 43.07, 17.62, 0.011, 135.70, 47.31);
insert into SHOT values (8637, 8651, 8654, 3106, 3.530, 7.65, 13.90, 3.535, 7.70, 13.91, 0.006, 45.45, 19.94);
insert into SHOT values (8638, 8651, 8655, 3106, 6.640, 204.55, 1.50, 6.639, 204.48, 1.55, 0.010, 106.32, 37.44);
insert into SHOT values (8639, 8651, 8656, 3106, 9.310, 241.05, 18.30, 9.309, 241.03, 18.35, 0.008, 105.62, 55.02);
insert into SHOT values (8640, 8651, 8657, 3106, 6.880, 300.25, -7.70, 6.878, 300.21, -7.69, 0.005, 184.03, 21.68);
insert into SHOT values (8641, 8651, 8658, 3106, 14.530, 301.95, -2.30, 14.529, 301.94, -2.29, 0.004, 199.92, 49.53);
insert into SHOT values (8642, 8651, 8659, 3106, 10.280, 332.25, 1.80, 10.275, 332.26, 1.84, 0.009, 125.20, 53.06);
insert into SHOT values (8643, 8651, 8660, 3106, 3.350, 308.55, -38.70, 3.345, 308.63, -38.67, 0.007, 81.14, 43.81);
insert into SHOT values (8644, 8651, 8661, 3106, 5.280, 301.55, 77.10, 5.283, 301.80, 77.13, 0.006, 54.41, 30.32);
insert into SHOT values (8645, 8651, 8662, 3106, 11.390, 85.15, 11.40, 11.394, 85.17, 11.39, 0.006, 132.04, -11.73);
insert into SHOT values (8646, 8651, 8663, 3106, 6.860, 196.35, 2.80, 6.870, 195.90, 2.75, 0.055, 117.41, -5.33);
insert into SHOT values (8647, 8663, 8664, 3106, 5.110, 27.55, -0.40, 5.108, 27.52, -0.45, 0.005, 261.33, -52.09);
insert into SHOT values (8648, 8663, 8665, 3106, 3.660, 56.95, -5.10, 3.665, 56.96, -5.17, 0.007, 68.00, -44.42);
insert into SHOT values (8649, 8663, 8666, 3106, 5.140, 87.75, -4.50, 5.139, 87.76, -4.46, 0.004, 188.82, 68.31);
insert into SHOT values (8650, 8663, 8667, 3106, 9.070, 110.75, -9.00, 9.071, 110.72, -9.01, 0.005, 36.11, -14.09);
insert into SHOT values (8651, 8663, 8668, 3106, 6.950, 300.85, 27.50, 6.948, 300.85, 27.52, 0.003, 113.27, 16.87);
insert into SHOT values (8652, 8663, 8669, 3106, 1.260, 252.75, 37.10, 1.261, 252.65, 37.08, 0.002, 187.36, -1.21);
insert into SHOT values (8653, 8663, 8670, 3106, 2.020, 202.85, 3.90, 2.022, 202.75, 3.97, 0.005, 137.83, 34.51);
insert into SHOT values (8654, 8663, 8671, 3106, 4.710, 70.05, -61.10, 4.708, 69.97, -61.06, 0.005, 6.14, 46.08);
insert into SHOT values (8655, 8663, 8672, 3106, 3.750, 34.45, 50.80, 3.750, 34.50, 50.89, 0.006, 188.85, 41.18);
insert into SHOT values (8656, 8663, 8673, 3106, 11.110, 129.05, -13.90, 11.154, 128.97, -13.85, 0.047, 109.62, -1.29);
insert into SHOT values (8657, 8673, 8674, 3106, 4.840, 70.95, 8.40, 4.847, 70.88, 8.42, 0.009, 30.48, 19.75);
insert into SHOT values (8658, 8673, 8675, 3106, 1.910, 41.85, 11.80, 1.917, 41.76, 11.74, 0.008, 19.92, -4.33);
insert into SHOT values (8659, 8673, 8676, 3106, 3.660, 6.65, 18.20, 3.668, 6.59, 18.27, 0.010, 338.45, 44.51);
insert into SHOT values (8660, 8673, 8677, 3106, 6.460, 196.95, 28.50, 6.460, 197.00, 28.48, 0.006, 276.56, -25.82);
insert into SHOT values (8661, 8673, 8678, 3106, 5.710, 242.95, 30.80, 5.714, 242.96, 30.85, 0.007, 286.92, 72.24);
insert into SHOT values (8662, 8673, 8679, 3106, 11.050, 305.45, 16.30, 11.049, 305.44, 16.29, 0.002, 185.32, -50.68);
insert into SHOT values (8663, 8673, 8680, 3106, 3.440, 270.85, -0.20, 3.440, 270.83, -0.17, 0.002, 202.67, 62.77);
insert into SHOT values (8664, 8673, 8681, 3106, 21.210, 104.85, -8.70, 21.214, 104.84, -8.70, 0.005, 55.33, -19.06);
insert into SHOT values (8665, 8681, 8682, 3106, 20.110, 157.65, 5.50, 20.106, 157.65, 5.51, 0.005, 326.59, 31.21);
insert into SHOT values (8666, 8682, 8683, 3106, 3.410, 197.05, 11.40, 3.415, 197.03, 11.49, 0.007, 179.52, 55.16);
insert into SHOT values (8667, 8682, 8684, 3106, 3.240, 248.35, 12.10, 3.246, 248.37, 12.09, 0.006, 258.30, 8.47);
insert into SHOT values (8668, 8682, 8685, 3106, 4.640, 290.45, 6.00, 4.646, 290.40, 6.05, 0.008, 250.56, 37.16);
insert into SHOT values (8669, 8682, 8686, 3106, 8.340, 86.95, 6.20, 8.340, 86.96, 6.19, 0.002, 158.23, -26.33);
insert into SHOT values (8670, 8682, 8687, 3106, 9.550, 50.85, 0.40, 9.546, 50.82, 0.42, 0.007, 275.65, 30.31);
insert into SHOT values (8671, 8682, 8688, 3106, 8.130, 21.25, 1.40, 8.123, 21.22, 1.41, 0.008, 227.93, 10.32);
insert into SHOT values (8672, 8682, 8689, 3106, 12.270, 13.75, 1.20, 12.263, 13.73, 1.21, 0.009, 223.37, 20.77);
insert into SHOT values (8673, 8682, 8690, 3106, 2.380, 73.15, -39.90, 2.384, 73.15, -39.92, 0.004, 74.52, -51.71);
insert into SHOT values (8674, 8682, 8691, 3106, 2.430, 139.85, 73.20, 2.434, 140.19, 73.21, 0.006, 222.30, 40.96);
insert into SHOT values (8675, 8682, 8692, 3106, 11.200, 141.15, -1.90, 11.201, 141.16, -1.89, 0.003, 217.44, 23.05);
insert into SHOT values (8676, 8692, 8693, 3106, 0.630, 88.75, -23.30, 0.632, 89.01, -23.31, 0.003, 150.08, -14.85);
insert into SHOT values (8677, 8692, 8694, 3106, 2.170, 150.35, 6.30, 2.176, 150.35, 6.33, 0.007, 152.06, 16.65);
insert into SHOT values (8678, 8692, 8695, 3106, 3.120, 358.05, 3.30, 3.117, 357.97, 3.31, 0.005, 232.53, 4.61);
insert into SHOT values (8679, 8692, 8696, 3106, 8.380, 218.65, 8.10, 8.379, 218.64, 8.10, 0.002, 112.20, -25.45);
insert into SHOT values (8680, 8692, 8697, 3106, 6.670, 285.45, 15.10, 6.672, 285.40, 15.12, 0.007, 208.89, 21.62);
insert into SHOT values (8681, 8692, 8698, 3106, 10.110, 308.65, 8.80, 10.108, 308.66, 8.82, 0.004, 86.19, 49.13);
insert into SHOT values (8682, 8692, 8699, 3106, 1.540, 278.15, -63.50, 1.542, 278.37, -63.52, 0.003, 4.55, -34.60);
insert into SHOT values (8683, 8692, 8700, 3106, 1.850, 19.35, 79.60, 1.849, 19.54, 79.76, 0.005, 187.23, 4.37);
insert into SHOT values (8684, 8692, 8701, 3106, 17.660, 179.05, 3.20, 17.660, 179.06, 3.21, 0.005, 270.70, 56.81);
insert into SHOT values (8685, 8701, 8702, 3106, 3.150, 226.05, 34.40, 3.153, 225.93, 34.37, 0.006, 169.09, 3.26);
insert into SHOT values (8686, 8701, 8703, 3106, 4.370, 151.65, -1.10, 4.377, 151.62, -1.18, 0.009, 133.32, -40.66);
insert into SHOT values (8687, 8701, 8704, 3106, 7.400, 306.55, 15.70, 7.396, 306.55, 15.69, 0.005, 127.84, -32.69);
insert into SHOT values (8688, 8701, 8705, 3106, 13.600, 102.25, -1.60, 13.606, 102.27, -1.60, 0.008, 140.59, -2.02);
insert into SHOT values (8689, 8701, 8706, 3106, 8.260, 70.75, -3.50, 8.267, 70.75, -3.54, 0.009, 75.54, -40.83);
insert into SHOT values (8690, 8701, 8707, 3106, 5.450, 39.25, -1.70, 5.453, 39.27, -1.79, 0.009, 68.31, -66.45);
insert into SHOT values (8691, 8701, 8708, 3106, 10.960, 9.65, -4.10, 10.963, 9.63, -4.13, 0.007, 319.88, -61.13);
insert into SHOT values (8692, 8701, 8709, 3106, 2.970, 72.55, -35.70, 2.973, 72.62, -35.83, 0.008, 194.78, -63.53);
insert into SHOT values (8693, 8701, 8710, 3106, 3.640, 96.95, 72.40, 3.642, 96.74, 72.30, 0.008, 67.07, 2.73);
insert into SHOT values (8694, 8701, 8711, 3106, 16.420, 124.15, -20.40, 16.425, 124.14, -20.42, 0.007, 104.08, -61.82);
insert into SHOT values (8695, 8711, 8712, 3106, 5.870, 84.25, 1.50, 5.872, 84.23, 1.56, 0.007, 38.25, 68.46);
insert into SHOT values (8696, 8711, 8713, 3106, 10.080, 46.65, 1.90, 10.079, 46.61, 1.93, 0.009, 306.19, 39.24);
insert into SHOT values (8697, 8711, 8714, 3106, 10.400, 17.35, -1.40, 10.396, 17.35, -1.38, 0.006, 183.11, 46.23);
insert into SHOT values (8698, 8711, 8715, 3106, 19.090, 347.25, -0.90, 19.092, 347.26, -0.90, 0.004, 44.13, -1.95);
insert into SHOT values (8699, 8711, 8716, 3106, 4.770, 252.55, 18.70, 4.771, 252.49, 18.70, 0.005, 177.37, 7.67);
insert into SHOT values (8700, 8711, 8717, 3106, 10.800, 202.05, -2.80, 10.802, 202.05, -2.81, 0.003, 197.74, -51.92);
insert into SHOT values (8701, 8711, 8718, 3106, 5.160, 180.05, -0.50, 5.160, 180.11, -0.44, 0.008, 267.98, 41.84);
insert into SHOT values (8702, 8711, 8719, 3106, 9.110, 162.25, -3.20, 9.107, 162.26, -3.21, 0.004, 310.70, -19.27);
insert into SHOT values (8703, 8711, 8720, 3106, 13.140, 151.15, -4.10, 13.138, 151.17, -4.10, 0.004, 263.98, -6.87);
insert into SHOT values (8704, 8711, 8721, 3106, 3.100, 172.55, -32.40, 3.103, 172.55, -32.34, 0.005, 173.13, 12.69);
insert into SHOT values (8705, 8711, 8722, 3106, 6.960, 133.25, 84.00, 6.958, 133.33, 83.99, 0.002, 176.79, -50.72);
insert into SHOT values (8706, 8711, 8723, 3106, 19.050, 346.45, -0.60, 19.051, 346.46, -0.60, 0.004, 68.64, -7.83);
insert into SHOT values (8707, 8723, 8724, 3106, 19.250, 126.55, 1.60, 19.244, 126.57, 1.61, 0.009, 263.40, 16.38);
insert into SHOT values (8708, 8724, 8725, 3106, 4.010, 357.25, 12.10, 4.013, 357.37, 12.08, 0.009, 66.26, -3.64);
insert into SHOT values (8709, 8724, 8726, 3106, 2.970, 42.95, 15.40, 2.979, 43.03, 15.38, 0.010, 65.56, 7.43);
insert into SHOT values (8710, 8724, 8727, 3106, 5.490, 90.95, 11.20, 5.496, 90.96, 11.23, 0.006, 98.93, 34.28);
insert into SHOT values (8711, 8724, 8728, 3106, 16.750, 148.75, -5.40, 16.758, 148.73, -5.41, 0.010, 114.32, -20.91);
insert into SHOT values (8712, 8724, 8729, 3106, 12.240, 213.65, -0.30, 12.240, 213.64, -0.28, 0.005, 114.40, 60.77);
insert into SHOT values (8713, 8724, 8730, 3106, 14.250, 237.15, -3.20, 14.249, 237.14, -3.22, 0.006, 128.61, -54.93);
insert into SHOT values (8714, 8724, 8731, 3106, 13.480, 251.25, -6.40, 13.476, 251.23, -6.39, 0.007, 126.76, 22.75);
insert into SHOT values (8715, 8724, 8732, 3106, 1.560, 210.25, -52.10, 1.560, 210.04, -52.06, 0.004, 128.61, 15.48);
insert into SHOT values (8716, 8724, 8733, 3106, 3.120, 180.65, 77.30, 3.117, 180.00, 77.21, 0.010, 117.97, -22.64);
insert into SHOT values (8717, 8724, 8734, 3106, 10.620, 133.55, -6.40, 10.619, 133.54, -6.38, 0.004, 29.21, 69.02);
insert into SHOT values (8718, 8734, 8735, 3106, 7.040, 346.65, 13.70, 7.034, 346.63, 13.65, 0.009, 186.70, -56.39);
insert into SHOT values (8719, 8734, 8736, 3106, 5.510, 16.05, 17.70, 5.504, 16.05, 17.66, 0.007, 194.12, -47.82);
insert into SHOT values (8720, 8734, 8737, 3106, 8.310, 17.35, 19.20, 8.308, 17.35, 19.18, 0.003, 187.36, -75.21);
insert into SHOT values (8721, 8734, 8738, 3106, 11.940, 48.25, 13.10, 11.939, 48.28, 13.07, 0.008, 133.89, -47.74);
insert into SHOT values (8722, 8734, 8739, 3106, 4.400, 69.75, 14.00, 4.404, 69.74, 13.93, 0.007, 64.18, -41.02);
insert into SHOT values (8723, 8734, 8740, 3106, 9.910, 255.85, 0.50, 9.910, 255.87, 0.46, 0.007, 338.11, -65.53);
insert into SHOT values (8724, 8734, 8741, 3106, 8.050, 181.85, -0.20, 8.054, 181.85, -0.21, 0.005, 184.12, -24.09);
insert into SHOT values (8725, 8734, 8742, 3106, 5.220, 150.05, 1.40, 5.221, 150.00, 1.32, 0.009, 71.80, -57.15);
insert into SHOT values (8726, 8734, 8743, 3106, 1.660, 183.25, -41.50, 1.659, 183.23, -41.53, 0.001, 19.78, -2.15);
insert into SHOT values (8727, 8734, 8744, 3106, 2.680, 213.55, 65.60, 2.678, 213.55, 65.66, 0.003, 34.43, -10.96);
insert into SHOT values (8728, 8734, 8745, 3106, 17.980, 201.35, -0.40, 17.982, 201.33, -0.41, 0.008, 127.93, -33.50);
insert into SHOT values (8729, 8745, 8746, 3106, 9.340, 87.35, -3.20, 9.334, 87.36, -3.19, 0.006, 255.90, 13.72);
insert into SHOT values (8730, 8745, 8747, 3106, 5.770, 68.85, -1.60, 5.770, 68.86, -1.59, 0.002, 145.46, 37.52);
insert into SHOT values (8731, 8745, 8748, 3106, 10.020, 42.05, -0.40, 10.019, 42.05, -0.40, 0.001, 243.36, -2.87);
insert into SHOT values (8732, 8745, 8749, 3106, 6.740, 192.05, 13.80, 6.740, 192.08, 13.82, 0.005, 288.78, 30.42);
insert into SHOT values (8733, 8745, 8750, 3106, 11.200, 182.35, 13.90, 11.197, 182.37, 13.90, 0.005, 303.00, -5.96);
insert into SHOT values (8734, 8745, 8751, 3106, 6.610, 249.15, 16.80, 6.615, 249.19, 16.78, 0.007, 289.90, -4.11);
insert into SHOT values (8735, 8745, 8752, 3106, 9.290, 314.85, 7.50, 9.293, 314.87, 7.48, 0.005, 359.97, -30.48);
insert into SHOT values (8736, 8745, 8753, 3106, 11.990, 347.85, 5.50, 11.992, 347.86, 5.50, 0.003, 40.30, 13.37);
insert into SHOT values (8737, 8745, 8754, 3106, 1.340, 8.55, -52.70, 1.339, 8.43, -52.31, 0.009, 354.23, 40.16);
insert into SHOT values (8738, 8745, 8755, 3106, 1.230, 327.05, 80.00, 1.229, 326.31, 79.86, 0.004, 281.41, -18.61);
insert into SHOT values (8739, 8745, 8756, 3106, 16.750, 133.65, 2.00, 16.745, 133.64, 2.02, 0.007, 328.68, 46.59);
insert into SHOT values (8740, 8756, 8757, 3106, 5.260, 115.55, 3.20, 5.264, 115.59, 3.16, 0.006, 160.99, -34.33);
insert into SHOT values (8741, 8756, 8758, 3106, 6.780, 90.25, 2.90, 6.779, 90.25, 2.88, 0.003, 244.14, -65.24);
insert into SHOT values (8742, 8756, 8759, 3106, 4.650, 9.85, 2.50, 4.644, 9.93, 2.47, 0.009, 142.85, -17.60);
insert into SHOT values (8743, 8756, 8760, 3106, 9.300, 358.75, -2.20, 9.299, 358.77, -2.22, 0.004, 107.54, -44.16);
insert into SHOT values (8744, 8756, 8761, 3106, 10.680, 340.45, -0.50, 10.675, 340.46, -0.54, 0.009, 134.26, -51.08);
insert into SHOT values (8745, 8756, 8762, 3106, 5.390, 298.75, 6.40, 5.390, 298.67, 6.39, 0.007, 211.46, -6.35);
insert into SHOT values (8746, 8756, 8763, 3106, 1.240, 270.65, 12.00, 1.236, 270.47, 11.67, 0.009, 142.87, -59.06);
insert into SHOT values (8747, 8756, 8764, 3106, 8.050, 228.75, 5.70, 8.047, 228.75, 5.71, 0.003, 54.33, 9.69);
insert into SHOT values (8748, 8756, 8765, 3106, 6.620, 199.15, 2.90, 6.624, 199.15, 2.86, 0.007, 196.63, -47.72);
insert into SHOT values (8749, 8756, 8766, 3106, 1.960, 40.05, -43.20, 1.964, 40.17, -43.42, 0.009, 169.83, -65.45);
insert into SHOT values (8750, 8756, 8767, 3106, 1.300, 28.85, 83.00, 1.300, 29.74, 82.88, 0.004, 70.91, -4.71);
insert into SHOT values (8751, 8756, 8768, 3106, 8.110, 153.25, -1.30, 8.110, 153.25, -1.34, 0.006, 76.72, -85.33);
insert into SHOT values (8752, 8768, 8769, 3106, 2.140, 181.45, 7.70, 2.140, 181.35, 7.79, 0.005, 89.59, 42.12);
insert into SHOT values (8753, 8768, 8770, 3106, 3.590, 139.45, 9.10, 3.592, 139.57, 9.13, 0.008, 214.94, 15.45);
insert into SHOT values (8754, 8768, 8771, 3106, 5.000, 106.65, 6.30, 5.000, 106.72, 6.31, 0.006, 193.45, 11.89);
insert into SHOT values (8755, 8768, 8772, 3106, 5.010, 74.75, -1.80, 5.007, 74.83, -1.83, 0.008, 189.17, -19.73);
insert into SHOT values (8756, 8768, 8773, 3106, 1.740, 44.95, 3.10, 1.742, 45.00, 3.29, 0.006, 82.47, 66.58);
insert into SHOT values (8757, 8768, 8774, 3106, 0.730, 177.05, -57.90, 0.733, 177.06, -57.79, 0.003, 179.40, -31.69);
insert into SHOT values (8758, 8768, 8775, 3106, 1.430, 126.75, 66.60, 1.429, 126.47, 66.41, 0.005, 92.42, -25.78);
insert into SHOT values (8759, 8768, 8776, 3106, 5.550, 77.55, -10.50, 5.550, 77.62, -10.49, 0.007, 168.96, 11.83);
insert into SHOT values (8760, 8776, 8777, 3106, 4.670, 32.25, -1.60, 4.671, 32.23, -1.59, 0.002, 334.59, 10.42);
insert into SHOT values (8761, 8776, 8778, 3106, 3.460, 5.75, -2.20, 3.460, 5.81, -2.15, 0.005, 90.96, 37.46);
insert into SHOT values (8762, 8776, 8779, 3106, 3.110, 334.45, -1.30, 3.114, 334.51, -1.29, 0.005, 12.21, 6.37);
insert into SHOT values (8763, 8776, 8780, 3106, 5.770, 315.05, -1.20, 5.778, 315.07, -1.19, 0.009, 329.58, 5.56);
insert into SHOT values (8764, 8776, 8781, 3106, 1.360, 150.75, -3.90, 1.355, 150.78, -3.81, 0.005, 321.82, 27.16);
insert into SHOT values (8765, 8776, 8782, 3106, 1.560, 192.95, 2.80, 1.552, 193.05, 2.95, 0.009, 354.27, 23.91);
insert into SHOT values (8766, 8776, 8783, 3106, 5.030, 222.85, 18.80, 5.030, 222.87, 18.79, 0.002, 299.68, -26.03);
insert into SHOT values (8767, 8776, 8784, 3106, 0.750, 163.75, -64.60, 0.749, 163.30, -65.27, 0.009, 359.82, -15.77);
insert into SHOT values (8768, 8776, 8785, 3106, 0.830, 175.05, 52.50, 0.829, 175.43, 52.77, 0.005, 313.17, 17.04);
insert into SHOT values (8769, 8776, 8786, 3106, 4.980, 113.65, -3.10, 4.973, 113.62, -3.11, 0.007, 312.54, -5.66);
insert into SHOT values (8770, 8776, 8787, 3106, 5.780, 113.55, -3.10, 5.777, 113.50, -3.08, 0.006, 351.39, 23.36);
insert into SHOT values (8771, 8787, 8788, 3106, 23.770, 112.05, 3.40, 23.768, 112.06, 3.40, 0.004, 227.42, 4.32);
insert into SHOT values (8772, 8787, 8789, 3106, 21.390, 99.65, 4.00, 21.394, 99.66, 3.99, 0.006, 132.50, -21.31);
insert into SHOT values (8773, 8787, 8790, 3106, 25.580, 96.95, 2.60, 25.584, 96.94, 2.60, 0.004, 69.56, -5.12);
insert into SHOT values (8774, 8787, 8791, 3106, 14.650, 73.05, 3.80, 14.647, 73.05, 3.80, 0.003, 234.16, -15.37);
insert into SHOT values (8775, 8787, 8792, 3106, 15.070, 47.65, 5.00, 15.064, 47.65, 4.99, 0.007, 232.68, -29.78);
insert into SHOT values (8776, 8787, 8793, 3106, 14.830, 22.25, 2.30, 14.825, 22.25, 2.28, 0.007, 186.20, -46.66);
insert into SHOT values (8777, 8787, 8794, 3106, 8.700, 207.45, 0.20, 8.699, 207.45, 0.20, 0.001, 27.23, -31.23);
insert into SHOT values (8778, 8787, 8795, 3106, 4.790, 239.55, -3.10, 4.790, 239.47, -3.11, 0.007, 151.54, -8.09);
insert into SHOT values (8779, 8787, 8796, 3106, 4.760, 280.55, -0.60, 4.760, 280.53, -0.60, 0.002, 207.11, -5.72);
insert into SHOT values (8780, 8787, 8797, 3106, 0.390, 242.35, -64.10, 0.389, 241.93, -64.09, 0.002, 136.39, 32.48);
insert into SHOT values (8781, 8787, 8798, 3106, 1.050, 267.35, 70.50, 1.050, 266.73, 70.50, 0.004, 178.15, 3.42);
insert into SHOT values (8782, 8799, 8800, 3106, 18.010, 118.55, -0.20, 18.011, 118.56, -0.22, 0.008, 181.71, -67.37);
insert into SHOT values (8783, 8800, 8801, 3106, 8.260, 208.75, -0.60, 8.257, 208.74, -0.56, 0.007, 60.62, 65.45);
insert into SHOT values (8784, 8800, 8802, 3106, 8.410, 187.75, -2.30, 8.403, 187.73, -2.25, 0.010, 24.75, 46.39);
insert into SHOT values (8785, 8800, 8803, 3106, 6.920, 137.05, 2.50, 6.927, 136.99, 2.57, 0.012, 89.04, 41.05);
insert into SHOT values (8786, 8800, 8804, 3106, 7.510, 119.45, 2.90, 7.514, 119.37, 2.90, 0.011, 49.15, 0.23);
insert into SHOT values (8787, 8800, 8805, 3106, 8.290, 105.05, 4.60, 8.289, 105.01, 4.64, 0.008, 0.93, 43.21);
insert into SHOT values (8788, 8800, 8806, 3106, 11.790, 48.75, 18.60, 11.801, 48.77, 18.63, 0.013, 76.48, 45.76);
insert into SHOT values (8789, 8800, 8807, 3106, 11.570, 18.55, 19.90, 11.579, 18.58, 19.89, 0.011, 56.98, 9.33);
insert into SHOT values (8790, 8800, 8808, 3106, 15.010, 357.85, 15.70, 15.012, 357.86, 15.73, 0.009, 85.73, 73.62);
insert into SHOT values (8791, 8800, 8809, 3106, 15.020, 345.15, 12.60, 15.020, 345.18, 12.61, 0.008, 78.81, 25.80);
insert into SHOT values (8792, 8800, 8810, 3106, 1.480, 29.45, -31.60, 1.479, 29.41, -31.38, 0.006, 6.29, 67.07);
insert into SHOT values (8793, 8800, 8811, 3106, 3.140, 60.55, 70.50, 3.143, 60.52, 70.35, 0.009, 57.54, 0.70);
insert into SHOT values (8794, 8800, 8812, 3106, 9.900, 92.65, 6.90, 9.902, 92.62, 6.90, 0.005, 27.75, 7.77);
insert into SHOT values (8795, 8812, 8813, 3106, 3.730, 163.15, 9.00, 3.735, 163.14, 9.09, 0.008, 153.77, 54.78);
insert into SHOT values (8796, 8812, 8814, 3106, 5.260, 203.45, 17.20, 5.262, 203.45, 17.25, 0.005, 248.68, 83.23);
insert into SHOT values (8797, 8812, 8815, 3106, 1.410, 240.45, 2.30, 1.403, 240.51, 2.45, 0.008, 49.03, 24.75);
insert into SHOT values (8798, 8812, 8816, 3106, 8.330, 251.25, -0.30, 8.333, 251.24, -0.28, 0.005, 224.66, 48.60);
insert into SHOT values (8799, 8812, 8817, 3106, 12.140, 48.65, 9.10, 12.141, 48.65, 9.10, 0.002, 76.53, -1.42);
insert into SHOT values (8800, 8812, 8818, 3106, 8.630, 14.65, 14.30, 8.633, 14.68, 14.35, 0.010, 98.54, 58.12);
insert into SHOT values (8801, 8812, 8819, 3106, 9.670, 336.75, 17.20, 9.670, 336.79, 17.20, 0.007, 67.84, 4.01);
insert into SHOT values (8802, 8812, 8820, 3106, 13.780, 322.15, 12.80, 13.778, 322.17, 12.83, 0.009, 93.93, 52.14);
insert into SHOT values (8803, 8812, 8821, 3106, 1.730, 86.95, -42.90, 1.728, 86.85, -42.61, 0.009, 60.53, 55.96);
insert into SHOT values (8804, 8812, 8822, 3106, 2.020, 108.85, 71.80, 2.021, 108.43, 71.77, 0.005, 37.28, 12.38);
insert into SHOT values (8805, 8812, 8823, 3106, 15.240, 95.45, 0.80, 15.241, 95.46, 0.83, 0.008, 173.62, 67.07);
insert into SHOT values (8806, 8823, 8824, 3106, 10.150, 128.55, 11.90, 10.152, 128.54, 11.88, 0.004, 104.85, -48.98);
insert into SHOT values (8807, 8823, 8825, 3106, 12.070, 155.25, 10.10, 12.070, 155.22, 10.07, 0.008, 74.85, -53.08);
insert into SHOT values (8808, 8823, 8826, 3106, 8.740, 52.25, 24.70, 8.740, 52.26, 24.69, 0.003, 128.04, -44.19);
insert into SHOT values (8809, 8823, 8827, 3106, 8.640, 2.95, 27.20, 8.646, 2.98, 27.19, 0.007, 39.87, 5.26);
insert into SHOT values (8810, 8823, 8828, 3106, 10.630, 335.25, 23.00, 10.629, 335.29, 22.98, 0.009, 59.80, -23.90);
insert into SHOT values (8811, 8823, 8829, 3106, 16.860, 306.25, 10.10, 16.857, 306.28, 10.08, 0.011, 49.26, -39.36);
insert into SHOT values (8812, 8823, 8830, 3106, 13.220, 246.85, 2.80, 13.218, 246.85, 2.78, 0.006, 32.61, -74.26);
insert into SHOT values (8813, 8823, 8831, 3106, 15.110, 225.45, 0.00, 15.111, 225.46, 0.00, 0.002, 279.57, 0.00);
insert into SHOT values (8814, 8823, 8832, 3106, 1.230, 292.35, -67.20, 1.235, 292.25, -67.36, 0.006, 145.83, -76.21);
insert into SHOT values (8815, 8823, 8833, 3106, 3.250, 342.15, 79.40, 3.246, 342.47, 79.39, 0.006, 73.93, -53.17);
insert into SHOT values (8816, 8823, 8834, 3106, 9.170, 223.15, 2.70, 9.165, 223.14, 2.69, 0.006, 56.92, -20.75);
insert into SHOT values (8817, 8834, 8835, 3106, 5.360, 192.15, 4.50, 5.357, 192.21, 4.50, 0.007, 304.86, -4.64);
insert into SHOT values (8818, 8834, 8836, 3106, 7.910, 161.05, 10.30, 7.909, 161.03, 10.27, 0.005, 74.89, -58.97);
insert into SHOT values (8819, 8834, 8837, 3106, 7.530, 132.15, 12.90, 7.525, 132.13, 12.90, 0.006, 341.20, -10.42);
insert into SHOT values (8820, 8834, 8838, 3106, 12.880, 103.75, 8.60, 12.880, 103.76, 8.57, 0.007, 184.95, -61.11);
insert into SHOT values (8821, 8834, 8839, 3106, 13.690, 74.85, 11.10, 13.682, 74.85, 11.08, 0.009, 260.16, -38.69);
insert into SHOT values (8822, 8834, 8840, 3106, 13.470, 47.35, 10.40, 13.469, 47.32, 10.39, 0.006, 309.45, -15.95);
insert into SHOT values (8823, 8834, 8841, 3106, 12.700, 18.65, 9.40, 12.696, 18.62, 9.38, 0.008, 255.88, -32.38);
insert into SHOT values (8824, 8834, 8842, 3106, 15.790, 2.15, 9.40, 15.793, 2.13, 9.40, 0.005, 306.21, 12.12);
insert into SHOT values (8825, 8834, 8843, 3106, 17.580, 343.15, 8.50, 17.580, 343.15, 8.51, 0.002, 139.52, 74.82);
insert into SHOT values (8826, 8834, 8844, 3106, 6.820, 294.35, 5.60, 6.826, 294.34, 5.55, 0.009, 284.39, -40.43);
insert into SHOT values (8827, 8834, 8845, 3106, 5.690, 273.75, 3.40, 5.692, 273.73, 3.42, 0.004, 237.89, 44.85);
insert into SHOT values (8828, 8834, 8846, 3106, 1.490, 247.05, -71.60, 1.488, 247.75, -71.37, 0.009, 296.18, 26.40);
insert into SHOT values (8829, 8834, 8847, 3106, 3.290, 115.85, 79.70, 3.293, 116.13, 79.67, 0.005, 170.38, 40.20);
insert into SHOT values (8830, 8834, 8848, 3106, 3.380, 180.35, 74.80, 3.379, 180.64, 74.73, 0.006, 230.35, -16.36);
insert into SHOT values (8831, 8834, 8849, 3106, 7.760, 233.65, -15.20, 7.761, 233.64, -15.24, 0.006, 136.05, -71.66);
insert into SHOT values (8832, 8849, 8850, 3106, 2.210, 301.45, 4.30, 2.210, 301.45, 4.41, 0.004, 16.04, 87.07);
insert into SHOT values (8833, 8849, 8851, 3106, 1.700, 241.75, 0.90, 1.700, 241.93, 1.01, 0.006, 329.57, 31.84);
insert into SHOT values (8834, 8849, 8852, 3106, 4.310, 159.75, 1.30, 4.307, 159.76, 1.33, 0.004, 329.81, 37.15);
insert into SHOT values (8835, 8849, 8853, 3106, 6.890, 135.35, 0.90, 6.888, 135.35, 0.92, 0.003, 299.53, 43.53);
insert into SHOT values (8836, 8849, 8854, 3106, 5.590, 103.65, 5.70, 5.585, 103.64, 5.75, 0.008, 295.68, 39.32);
insert into SHOT values (8837, 8849, 8855, 3106, 0.720, 108.55, -37.10, 0.713, 108.43, -37.07, 0.007, 301.16, 39.78);
insert into SHOT values (8838, 8849, 8856, 3106, 0.680, 204.85, 79.30, 0.682, 208.61, 79.41, 0.009, 303.31, 12.37);
insert into SHOT values (8839, 8849, 8787, 3106, 17.460, 210.15, -1.40, 17.458, 210.16, -1.38, 0.008, 316.52, 53.10);
insert into SHOT values (8840, 8673, 8857, 3106, 13.430, 107.05, -11.00, 13.443, 106.73, -10.93, 0.076, 28.98, 9.58);
insert into SHOT values (8841, 8857, 8858, 3106, 3.230, 136.45, -5.50, 3.226, 136.51, -5.51, 0.005, 272.08, -4.56);
insert into SHOT values (8842, 8857, 8859, 3106, 3.360, 197.35, 3.30, 3.358, 197.35, 3.24, 0.004, 7.63, -61.63);
insert into SHOT values (8843, 8857, 8860, 3106, 5.260, 225.25, 3.00, 5.254, 225.31, 2.95, 0.010, 2.62, -33.02);
insert into SHOT values (8844, 8857, 8861, 3106, 7.750, 97.45, -5.10, 7.746, 97.45, -5.11, 0.004, 279.79, -14.16);
insert into SHOT values (8845, 8857, 8862, 3106, 7.370, 63.55, -2.40, 7.368, 63.54, -2.41, 0.003, 270.21, -27.26);
insert into SHOT values (8846, 8857, 8863, 3106, 7.080, 29.25, 2.90, 7.078, 29.21, 2.83, 0.010, 276.57, -59.13);
insert into SHOT values (8847, 8857, 8864, 3106, 7.010, 343.55, 4.20, 7.015, 343.56, 4.17, 0.006, 358.88, -34.01);
insert into SHOT values (8848, 8857, 8865, 3106, 7.170, 325.65, 0.50, 7.173, 325.62, 0.48, 0.005, 279.36, -30.11);
insert into SHOT values (8849, 8857, 8866, 3106, 1.180, 113.45, -59.70, 1.177, 113.07, -60.08, 0.009, 318.18, -7.34);
insert into SHOT values (8850, 8857, 8867, 3106, 1.170, 306.25, 84.10, 1.167, 308.66, 83.70, 0.010, 341.29, -22.06);
insert into SHOT values (8851, 8857, 8868, 3106, 5.100, 122.05, -5.70, 5.109, 121.81, -5.73, 0.023, 55.33, -8.71);
insert into SHOT values (8852, 8868, 8869, 3106, 6.590, 125.85, -8.30, 6.586, 125.89, -8.29, 0.006, 259.91, 12.76);
insert into SHOT values (8853, 8868, 8870, 3106, 3.870, 81.75, -3.70, 3.869, 81.66, -3.70, 0.006, 341.23, -2.45);
insert into SHOT values (8854, 8868, 8871, 3106, 6.190, 28.15, 0.40, 6.192, 28.14, 0.37, 0.004, 356.61, -54.98);
insert into SHOT values (8855, 8868, 8872, 3106, 8.320, 2.95, 2.70, 8.320, 2.90, 2.69, 0.008, 271.83, -14.35);
insert into SHOT values (8856, 8868, 8873, 3106, 2.570, 211.45, 12.90, 2.565, 211.59, 12.84, 0.009, 337.36, -25.84);
insert into SHOT values (8857, 8868, 8874, 3106, 2.590, 273.05, 21.50, 2.594, 273.09, 21.49, 0.004, 296.84, 10.61);
insert into SHOT values (8858, 8868, 8875, 3106, 12.410, 303.35, 4.00, 12.419, 303.34, 3.97, 0.011, 297.04, -30.23);
insert into SHOT values (8859, 8868, 8876, 3106, 1.100, 87.35, -60.10, 1.093, 86.82, -60.35, 0.010, 300.89, 21.66);
insert into SHOT values (8860, 8868, 8877, 3106, 1.660, 191.25, 71.50, 1.654, 192.17, 71.62, 0.011, 312.33, -23.26);
insert into SHOT values (8861, 8868, 8878, 3106, 15.370, 351.85, 8.90, 15.370, 351.82, 8.91, 0.007, 257.60, 16.42);
insert into SHOT values (8862, 8868, 8879, 3106, 12.960, 163.05, -2.50, 12.949, 162.69, -2.52, 0.083, 64.90, -3.24);
insert into SHOT values (8863, 8879, 8880, 3106, 7.620, 133.25, 6.10, 7.620, 133.24, 6.10, 0.002, 38.54, 8.46);
insert into SHOT values (8864, 8879, 8881, 3106, 9.240, 113.25, 4.20, 9.235, 113.28, 4.22, 0.008, 249.73, 23.98);
insert into SHOT values (8865, 8879, 8882, 3106, 14.260, 71.35, 4.20, 14.256, 71.34, 4.22, 0.008, 290.39, 47.58);
insert into SHOT values (8866, 8879, 8883, 3106, 6.840, 345.75, -2.00, 6.837, 345.68, -2.01, 0.009, 232.76, -8.12);
insert into SHOT values (8867, 8879, 8884, 3106, 4.700, 322.65, -2.20, 4.698, 322.62, -2.20, 0.003, 190.12, 6.94);
insert into SHOT values (8868, 8879, 8885, 3106, 1.770, 300.75, 2.70, 1.768, 300.63, 2.59, 0.005, 187.48, -40.30);
insert into SHOT values (8869, 8879, 8886, 3106, 2.120, 197.15, 5.00, 2.124, 197.32, 5.13, 0.009, 254.97, 34.71);
insert into SHOT values (8870, 8879, 8887, 3106, 9.970, 156.95, 6.40, 9.973, 156.95, 6.39, 0.004, 170.77, -22.34);
insert into SHOT values (8871, 8879, 8888, 3106, 7.450, 189.25, 1.00, 7.448, 189.27, 1.00, 0.003, 305.78, -0.34);
insert into SHOT values (8872, 8879, 8889, 3106, 0.920, 83.35, -56.00, 0.917, 83.29, -55.95, 0.003, 292.51, 68.36);
insert into SHOT values (8873, 8879, 8890, 3106, 1.140, 142.65, 68.10, 1.143, 142.59, 68.01, 0.004, 134.48, 38.58);
insert into SHOT values (8874, 8879, 8891, 3106, 14.270, 179.45, 2.70, 14.266, 179.48, 2.69, 0.008, 296.07, -15.51);
insert into SHOT values (8875, 8879, 8892, 3106, 8.550, 30.85, 1.30, 8.550, 30.83, 1.34, 0.007, 296.07, 60.35);
insert into SHOT_FLAG values(8875, 'dpl');
insert into SHOT values (8876, 8892, 8893, 3106, 3.660, 87.05, 2.30, 3.658, 87.02, 2.19, 0.007, 307.83, -67.96);
insert into SHOT_FLAG values(8876, 'dpl');
insert into SHOT values (8877, 8892, 8894, 3106, 4.520, 42.95, 5.90, 4.517, 42.93, 5.85, 0.006, 254.18, -52.94);
insert into SHOT_FLAG values(8877, 'dpl');
insert into SHOT values (8878, 8892, 8895, 3106, 2.270, 3.75, 13.10, 2.263, 3.64, 13.03, 0.009, 216.31, -30.34);
insert into SHOT_FLAG values(8878, 'dpl');
insert into SHOT values (8879, 8892, 8896, 3106, 7.360, 230.35, 7.60, 7.365, 230.34, 7.57, 0.007, 212.36, -31.26);
insert into SHOT_FLAG values(8879, 'dpl');
insert into SHOT values (8880, 8892, 8897, 3106, 1.560, 256.95, 19.00, 1.562, 256.72, 18.67, 0.011, 204.12, -46.17);
insert into SHOT_FLAG values(8880, 'dpl');
insert into SHOT values (8881, 8892, 8898, 3106, 11.510, 163.15, 4.10, 11.513, 163.14, 4.08, 0.004, 141.65, -43.49);
insert into SHOT_FLAG values(8881, 'dpl');
insert into SHOT values (8882, 8892, 8899, 3106, 1.010, 122.15, -44.30, 1.014, 122.59, -44.44, 0.007, 200.61, -38.79);
insert into SHOT_FLAG values(8882, 'dpl');
insert into SHOT values (8883, 8892, 8900, 3106, 1.460, 136.65, 73.80, 1.459, 136.97, 73.66, 0.004, 174.27, -27.92);
insert into SHOT_FLAG values(8883, 'dpl');
insert into SHOT values (8884, 8892, 8901, 3106, 10.210, 99.55, 6.40, 10.214, 99.58, 6.35, 0.011, 148.47, -45.18);
insert into SHOT_FLAG values(8884, 'dpl');
insert into SHOT values (8885, 8901, 8902, 3106, 0.650, 4.95, -3.20, 0.653, 4.40, -2.63, 0.009, 299.84, 42.33);
insert into SHOT_FLAG values(8885, 'dpl');
insert into SHOT values (8886, 8901, 8903, 3106, 2.230, 322.45, -14.10, 2.234, 322.50, -13.99, 0.006, 341.00, 30.18);
insert into SHOT_FLAG values(8886, 'dpl');
insert into SHOT values (8887, 8901, 8904, 3106, 3.830, 304.75, -0.20, 3.836, 304.81, -0.15, 0.008, 336.36, 23.80);
insert into SHOT_FLAG values(8887, 'dpl');
insert into SHOT values (8888, 8901, 8905, 3106, 11.470, 275.75, -1.80, 11.473, 275.76, -1.80, 0.004, 296.70, 4.34);
insert into SHOT_FLAG values(8888, 'dpl');
insert into SHOT values (8889, 8901, 8906, 3106, 0.570, 37.75, -1.00, 0.564, 37.07, -1.02, 0.009, 265.94, -0.33);
insert into SHOT_FLAG values(8889, 'dpl');
insert into SHOT values (8890, 8901, 8907, 3106, 1.780, 66.95, 2.30, 1.775, 66.76, 2.26, 0.008, 298.73, -10.86);
insert into SHOT_FLAG values(8890, 'dpl');
insert into SHOT values (8891, 8901, 8908, 3106, 1.550, 65.85, 2.50, 1.550, 65.59, 2.59, 0.007, 335.12, 18.65);
insert into SHOT_FLAG values(8891, 'dpl');
insert into SHOT values (8892, 8901, 8909, 3106, 0.990, 83.25, -2.10, 0.988, 83.02, -1.74, 0.008, 326.18, 54.69);
insert into SHOT_FLAG values(8892, 'dpl');
insert into SHOT values (8893, 8901, 8910, 3106, 0.750, 216.75, 10.60, 0.755, 217.33, 10.68, 0.009, 274.45, 12.81);
insert into SHOT_FLAG values(8893, 'dpl');
insert into SHOT values (8894, 8901, 8911, 3106, 0.880, 211.55, -28.90, 0.876, 212.24, -28.66, 0.011, 313.44, 29.08);
insert into SHOT_FLAG values(8894, 'dpl');
insert into SHOT values (8895, 8901, 8912, 3106, 1.900, 78.95, 67.80, 1.899, 78.69, 67.92, 0.005, 297.51, 9.29);
insert into SHOT_FLAG values(8895, 'dpl');
insert into SHOT values (8896, 8631, 8913, 3106, 21.680, 24.85, -16.00, 21.677, 24.83, -16.01, 0.009, 264.05, -28.93);
insert into SHOT values (8897, 8913, 8914, 3106, 5.970, 97.35, -1.40, 5.970, 97.32, -1.44, 0.005, 13.39, -49.98);
insert into SHOT values (8898, 8913, 8915, 3106, 6.360, 150.95, 2.30, 6.358, 150.89, 2.34, 0.008, 37.65, 35.22);
insert into SHOT values (8899, 8913, 8916, 3106, 11.280, 173.05, 3.20, 11.281, 173.01, 3.20, 0.007, 93.07, 2.74);
insert into SHOT values (8900, 8913, 8917, 3106, 14.760, 195.55, 8.40, 14.762, 195.53, 8.41, 0.006, 123.65, 37.87);
insert into SHOT values (8901, 8913, 8918, 3106, 20.430, 174.25, 21.70, 20.432, 174.23, 21.69, 0.009, 113.42, -24.83);
insert into SHOT values (8902, 8913, 8919, 3106, 9.880, 37.55, 4.10, 9.880, 37.58, 4.12, 0.006, 127.12, 34.48);
insert into SHOT values (8903, 8913, 8920, 3106, 10.290, 17.65, 6.10, 10.292, 17.69, 6.08, 0.009, 91.18, -23.52);
insert into SHOT values (8904, 8913, 8921, 3106, 11.040, 346.35, 2.60, 11.042, 346.37, 2.60, 0.004, 44.70, -11.11);
insert into SHOT values (8905, 8913, 8922, 3106, 9.910, 319.65, 10.10, 9.909, 319.70, 10.11, 0.009, 55.99, 14.03);
insert into SHOT values (8906, 8913, 8923, 3106, 0.460, 32.65, -60.90, 0.462, 34.38, -60.08, 0.010, 80.05, 11.57);
insert into SHOT values (8907, 8913, 8924, 3106, 10.560, 41.85, 71.60, 10.560, 41.96, 71.59, 0.007, 115.73, -1.09);
insert into SHOT values (8908, 8913, 8925, 3106, 10.760, 65.75, 1.80, 10.765, 65.75, 1.81, 0.005, 59.08, 21.58);
insert into SHOT values (8909, 8925, 8926, 3106, 3.870, 56.35, 10.50, 3.872, 56.35, 10.42, 0.006, 60.33, -61.70);
insert into SHOT values (8910, 8925, 8927, 3106, 14.280, 78.95, 13.70, 14.283, 78.95, 13.69, 0.004, 80.76, -29.64);
insert into SHOT values (8911, 8925, 8928, 3106, 14.090, 141.35, 4.50, 14.088, 141.36, 4.48, 0.006, 266.92, -59.80);
insert into SHOT values (8912, 8925, 8929, 3106, 11.080, 156.55, 2.50, 11.086, 156.54, 2.48, 0.008, 136.20, -25.96);
insert into SHOT values (8913, 8925, 8930, 3106, 4.140, 317.35, 5.40, 4.137, 317.36, 5.41, 0.003, 119.13, 7.65);
insert into SHOT values (8914, 8925, 8931, 3106, 4.160, 216.45, 5.90, 4.162, 216.45, 5.93, 0.003, 227.90, 47.44);
insert into SHOT values (8915, 8925, 8932, 3106, 0.960, 270.95, -64.50, 0.962, 270.00, -64.77, 0.008, 154.70, -24.93);
insert into SHOT values (8916, 8925, 8933, 3106, 4.520, 336.05, 81.70, 4.516, 336.22, 81.79, 0.008, 142.23, -18.42);
insert into SHOT values (8917, 8925, 8934, 3106, 24.860, 104.15, 2.20, 24.861, 104.14, 2.19, 0.005, 39.85, -55.45);
insert into SHOT values (8918, 8925, 8935, 3106, 26.810, 337.35, 1.80, 26.810, 337.35, 1.80, 0.002, 5.61, -85.22);
insert into SHOT values (8919, 8935, 8936, 3106, 2.400, 219.05, -5.00, 2.405, 219.07, -5.01, 0.005, 229.66, -9.41);
insert into SHOT values (8920, 8935, 8937, 3106, 1.910, 24.45, -3.70, 1.906, 24.54, -3.61, 0.006, 167.43, 31.88);
insert into SHOT values (8921, 8935, 8938, 3106, 6.670, 286.75, -8.50, 6.673, 286.73, -8.53, 0.005, 251.99, -51.48);
insert into SHOT values (8922, 8935, 8939, 3106, 1.290, 213.55, -72.30, 1.292, 213.69, -72.13, 0.005, 226.07, -13.30);
insert into SHOT values (8923, 8935, 8940, 3106, 1.750, 294.55, 57.20, 1.747, 294.39, 57.28, 0.005, 149.21, -12.45);
insert into SCRAPS values (3108, 3102, 'SP-Alex3-1', 1, 49.56968, 0.57214);
 insert into SCRAPS values (3242, 3102, 'SP-Alex3-2', 1, 39.94052, 2.99101);
 insert into MAPS values (3254, 3102, 'MP-Alex3', 'Alex3', 1, 633.020, -18.900);
 insert into MAPITEMS values (3254, 4, 3108);
 insert into MAPITEMS values (3254, 4, 3242);
 insert into SURVEY values (3257, 2485, 'Alex4', 'Alex4.Tush-Yurruck.Koytendag', 'Alex4');
 insert into CENTRELINE values (3258, 3257, NULL, NULL, NULL, 0.00, 0.00, 0.00);
 insert into SURVEY values (3259, 3257, 'Tush-Yurruck_04', 'Tush-Yurruck_04.Alex4.Tush-Yurruck.Koytendag', 'Tush-Yurruck 04');
 insert into CENTRELINE values (3260, 3259, NULL, NULL, NULL, 0.00, 0.00, 0.00);
 insert into CENTRELINE values (3261, 3259, NULL, '2024-04-19', NULL, 354.44, 0.00, 0.00);
 insert into TOPO values (4, 3261);
 insert into TOPO values (1, 3261);
 insert into TOPO values (7, 3261);
 insert into SHOT values (8924, 8941, 8942, 3261, 4.730, 272.15, -24.40, 4.728, 272.13, -24.49, 0.008, 108.67, -51.68);
insert into SHOT values (8925, 8941, 8943, 3261, 14.730, 258.75, 5.40, 14.726, 258.75, 5.38, 0.007, 66.96, -63.93);
insert into SHOT values (8926, 8941, 8944, 3261, 13.070, 259.65, 11.80, 13.064, 259.64, 11.79, 0.006, 102.39, -25.80);
insert into SHOT values (8927, 8941, 8945, 3261, 8.210, 260.45, 35.00, 8.204, 260.41, 34.95, 0.010, 153.87, -63.22);
insert into SHOT values (8928, 8941, 8946, 3261, 6.650, 271.35, 79.20, 6.647, 271.39, 79.24, 0.006, 83.39, -20.93);
insert into SHOT values (8929, 8941, 8947, 3261, 6.590, 269.35, 77.70, 6.581, 269.18, 77.72, 0.010, 136.97, -57.61);
insert into SHOT values (8930, 8941, 8948, 3261, 4.560, 65.15, 76.70, 4.552, 65.15, 76.70, 0.008, 245.42, -74.88);
insert into SHOT values (8931, 8941, 8949, 3261, 6.660, 93.85, 37.60, 6.662, 93.91, 37.55, 0.009, 137.82, -24.51);
insert into SHOT values (8932, 8941, 8950, 3261, 16.230, 84.15, 18.00, 16.233, 84.16, 17.98, 0.008, 126.68, -41.96);
insert into SHOT values (8933, 8941, 8951, 3261, 1.890, 84.85, -27.10, 1.898, 84.90, -27.28, 0.010, 103.84, -63.89);
insert into SHOT values (8934, 8941, 8952, 3261, 14.680, 4.45, 13.50, 14.673, 4.62, 13.36, 0.057, 91.85, -40.86);
insert into SHOT values (8935, 8952, 8953, 3261, 4.210, 285.35, -9.10, 4.212, 285.34, -9.15, 0.004, 254.55, -72.51);
insert into SHOT values (8936, 8952, 8954, 3261, 8.120, 290.25, 8.10, 8.117, 290.24, 8.07, 0.005, 136.68, -52.56);
insert into SHOT values (8937, 8952, 8955, 3261, 7.350, 288.45, 14.10, 7.346, 288.41, 14.10, 0.006, 159.60, -5.18);
insert into SHOT values (8938, 8952, 8956, 3261, 1.970, 290.95, 32.60, 1.968, 290.84, 32.58, 0.004, 181.21, -22.19);
insert into SHOT values (8939, 8952, 8957, 3261, 1.270, 122.25, 47.40, 1.269, 122.22, 47.15, 0.006, 113.61, -56.15);
insert into SHOT values (8940, 8952, 8958, 3261, 15.240, 105.45, 6.40, 15.244, 105.47, 6.40, 0.006, 158.86, 11.28);
insert into SHOT values (8941, 8952, 8959, 3261, 7.470, 103.65, -10.20, 7.478, 103.68, -10.24, 0.010, 132.17, -43.12);
insert into SHOT values (8942, 8952, 8960, 3261, 1.890, 103.85, -64.00, 1.894, 103.87, -63.86, 0.006, 106.83, -12.41);
insert into SHOT values (8943, 8952, 8961, 3261, 16.780, 349.15, -0.90, 16.772, 349.35, -1.09, 0.081, 87.98, -43.92);
insert into SHOT values (8944, 8961, 8962, 3261, 3.090, 268.45, -36.70, 3.089, 268.38, -36.56, 0.008, 229.32, 55.90);
insert into SHOT values (8945, 8961, 8963, 3261, 6.750, 258.75, -3.90, 6.754, 258.79, -3.91, 0.006, 307.88, -7.97);
insert into SHOT values (8946, 8961, 8964, 3261, 9.510, 257.95, 7.50, 9.509, 257.94, 7.49, 0.002, 149.72, -37.66);
insert into SHOT values (8947, 8961, 8965, 3261, 9.060, 261.85, 14.20, 9.064, 261.89, 14.18, 0.008, 313.69, -17.92);
insert into SHOT values (8948, 8961, 8966, 3261, 4.720, 260.65, 18.20, 4.727, 260.64, 18.24, 0.008, 255.79, 44.42);
insert into SHOT values (8949, 8961, 8967, 3261, 2.100, 270.55, 62.00, 2.107, 270.58, 61.97, 0.007, 277.60, 54.19);
insert into SHOT values (8950, 8961, 8968, 3261, 2.950, 34.45, 71.50, 2.952, 34.54, 71.54, 0.003, 165.11, 51.28);
insert into SHOT values (8951, 8961, 8969, 3261, 6.110, 110.05, 84.50, 6.108, 109.98, 84.50, 0.002, 350.39, -67.53);
insert into SHOT values (8952, 8961, 8970, 3261, 7.080, 105.55, 66.10, 7.076, 105.59, 66.11, 0.005, 252.32, -39.07);
insert into SHOT values (8953, 8961, 8971, 3261, 7.020, 112.65, 66.50, 7.021, 112.71, 66.52, 0.005, 238.32, 29.64);
insert into SHOT values (8954, 8961, 8972, 3261, 4.680, 99.95, 52.90, 4.678, 100.00, 52.88, 0.004, 193.91, -49.08);
insert into SHOT values (8955, 8961, 8973, 3261, 12.480, 83.85, 21.60, 12.485, 83.87, 21.62, 0.007, 136.17, 51.54);
insert into SHOT values (8956, 8961, 8974, 3261, 11.250, 81.65, 17.20, 11.248, 81.65, 17.22, 0.004, 253.76, 47.10);
insert into SHOT values (8957, 8961, 8975, 3261, 2.900, 75.85, -12.80, 2.897, 75.87, -12.76, 0.004, 237.10, 44.63);
insert into SHOT values (8958, 8961, 8976, 3261, 1.790, 69.15, -52.30, 1.783, 69.08, -52.24, 0.007, 277.29, 64.73);
insert into SHOT values (8959, 8961, 8977, 3261, 25.460, 329.45, 1.00, 25.451, 329.65, 0.74, 0.144, 64.58, -52.41);
insert into SHOT values (8960, 8977, 8978, 3261, 2.810, 258.55, -46.10, 2.807, 258.46, -46.02, 0.006, 185.86, 56.13);
insert into SHOT values (8961, 8977, 8979, 3261, 5.940, 244.45, -16.40, 5.947, 244.47, -16.31, 0.012, 256.05, 37.58);
insert into SHOT values (8962, 8977, 8980, 3261, 10.380, 243.85, 7.50, 10.380, 243.88, 7.53, 0.008, 338.50, 39.82);
insert into SHOT values (8963, 8977, 8981, 3261, 3.170, 249.65, 31.90, 3.176, 249.82, 31.93, 0.010, 311.33, 28.36);
insert into SHOT values (8964, 8977, 8982, 3261, 1.750, 34.95, 78.50, 1.756, 34.59, 78.43, 0.007, 1.96, 51.88);
insert into SHOT values (8965, 8977, 8983, 3261, 9.830, 43.15, 22.20, 9.829, 43.13, 22.24, 0.007, 268.47, 53.17);
insert into SHOT values (8966, 8977, 8984, 3261, 10.990, 44.15, 22.90, 10.994, 44.12, 22.91, 0.007, 345.49, 30.34);
insert into SHOT values (8967, 8977, 8985, 3261, 2.400, 41.25, -33.90, 2.400, 41.13, -33.93, 0.004, 303.88, -18.97);
insert into SHOT values (8968, 8977, 8986, 3261, 1.640, 59.85, -86.30, 1.633, 60.95, -86.39, 0.007, 205.62, 61.98);
insert into SHOT values (8969, 8977, 8987, 3261, 24.620, 325.35, -1.50, 24.615, 325.52, -1.75, 0.128, 62.01, -55.70);
insert into SHOT values (8970, 8987, 8988, 3261, 4.600, 245.55, -26.60, 4.604, 245.61, -26.58, 0.006, 293.25, -2.81);
insert into SHOT values (8971, 8987, 8989, 3261, 5.550, 244.85, -1.90, 5.550, 244.82, -1.96, 0.007, 157.42, -65.56);
insert into SHOT values (8972, 8987, 8990, 3261, 4.740, 245.65, 14.40, 4.746, 245.72, 14.40, 0.008, 292.35, 8.65);
insert into SHOT values (8973, 8987, 8991, 3261, 8.940, 245.65, 28.70, 8.942, 245.69, 28.67, 0.008, 299.30, -25.15);
insert into SHOT values (8974, 8987, 8992, 3261, 7.290, 262.75, 51.80, 7.290, 262.73, 51.82, 0.003, 114.75, 25.05);
insert into SHOT values (8975, 8987, 8993, 3261, 5.400, 346.55, 81.60, 5.399, 346.14, 81.55, 0.007, 293.23, -16.31);
insert into SHOT values (8976, 8987, 8994, 3261, 9.280, 46.15, 27.70, 9.274, 46.13, 27.69, 0.007, 246.82, -33.23);
insert into SHOT values (8977, 8987, 8995, 3261, 8.670, 44.45, 23.80, 8.665, 44.44, 23.82, 0.006, 239.72, 12.16);
insert into SHOT values (8978, 8987, 8996, 3261, 2.680, 42.85, 1.60, 2.676, 42.88, 1.50, 0.007, 204.67, -47.13);
insert into SHOT values (8979, 8987, 8997, 3261, 3.440, 46.45, -18.20, 3.442, 46.49, -18.29, 0.006, 135.66, -68.26);
insert into SHOT values (8980, 8987, 8998, 3261, 1.000, 39.65, -69.40, 1.002, 39.17, -69.67, 0.006, 258.61, -40.62);
insert into SHOT values (8981, 8987, 8999, 3261, 33.000, 344.35, 5.00, 33.004, 344.35, 4.99, 0.008, 344.89, -52.96);
insert into SHOT values (8982, 8987, 9000, 3261, 27.400, 344.25, 5.10, 27.399, 344.51, 4.84, 0.178, 69.94, -44.90);
insert into SHOT values (8983, 9000, 9001, 3261, 1.030, 248.85, -38.80, 1.034, 248.86, -38.95, 0.005, 255.29, -73.01);
insert into SHOT values (8984, 9000, 9002, 3261, 2.670, 249.85, -10.10, 2.674, 249.78, -10.12, 0.005, 207.14, -19.50);
insert into SHOT values (8985, 9000, 9003, 3261, 2.550, 248.85, 6.90, 2.552, 248.70, 6.98, 0.008, 171.43, 28.85);
insert into SHOT values (8986, 9000, 9004, 3261, 5.690, 248.45, 29.90, 5.696, 248.37, 29.91, 0.009, 195.18, 23.26);
insert into SHOT values (8987, 9000, 9005, 3261, 3.970, 247.35, 51.10, 3.970, 247.34, 51.11, 0.001, 81.82, 27.23);
insert into SHOT values (8988, 9000, 9006, 3261, 4.670, 250.65, 63.10, 4.664, 250.62, 63.11, 0.006, 88.20, -53.23);
insert into SHOT values (8989, 9000, 9007, 3261, 4.190, 100.15, 82.80, 4.194, 100.89, 82.75, 0.009, 157.64, 20.63);
insert into SHOT values (8990, 9000, 9008, 3261, 5.620, 104.75, 39.00, 5.628, 104.83, 38.97, 0.011, 141.87, 17.39);
insert into SHOT values (8991, 9000, 9009, 3261, 7.500, 109.05, 20.70, 7.498, 109.05, 20.70, 0.002, 262.98, -32.65);
insert into SHOT values (8992, 9000, 9010, 3261, 4.050, 106.45, 4.00, 4.057, 106.51, 3.96, 0.008, 138.95, -17.56);
insert into SHOT values (8993, 9000, 9011, 3261, 4.290, 104.65, -13.80, 4.290, 104.74, -13.75, 0.007, 186.59, 27.21);
insert into SHOT values (8994, 9000, 9012, 3261, 0.880, 102.75, -63.60, 0.881, 103.32, -63.70, 0.004, 204.08, -23.91);
insert into SHOT values (8995, 9000, 9013, 3261, 16.590, 53.45, -0.20, 16.593, 53.63, -0.38, 0.073, 140.52, -45.20);
insert into SHOT values (8996, 9013, 9014, 3261, 4.070, 308.75, -23.90, 4.064, 308.66, -23.95, 0.009, 167.47, -6.63);
insert into SHOT values (8997, 9013, 9015, 3261, 2.830, 305.75, -10.10, 2.823, 305.63, -9.99, 0.010, 171.27, 38.68);
insert into SHOT values (8998, 9013, 9016, 3261, 6.030, 303.95, 17.70, 6.021, 303.91, 17.70, 0.010, 146.66, -18.97);
insert into SHOT values (8999, 9013, 9017, 3261, 6.570, 302.75, 30.80, 6.567, 302.76, 30.87, 0.009, 114.03, 40.23);
insert into SHOT values (9000, 9013, 9018, 3261, 2.960, 316.05, 87.80, 2.962, 318.81, 87.94, 0.009, 101.51, 13.56);
insert into SHOT values (9001, 9013, 9019, 3261, 3.000, 129.45, 61.80, 3.010, 129.60, 61.69, 0.012, 150.15, 29.76);
insert into SHOT values (9002, 9013, 9020, 3261, 7.760, 129.35, 14.70, 7.765, 129.33, 14.70, 0.006, 98.94, 8.38);
insert into SHOT values (9003, 9013, 9021, 3261, 5.710, 158.75, 19.50, 5.718, 158.67, 19.52, 0.011, 111.16, 22.12);
insert into SHOT values (9004, 9013, 9022, 3261, 12.910, 108.95, 12.60, 12.917, 108.98, 12.61, 0.010, 157.20, 21.66);
insert into SHOT values (9005, 9013, 9023, 3261, 9.630, 100.95, 27.90, 9.636, 100.97, 27.91, 0.007, 129.68, 34.73);
insert into SHOT values (9006, 9013, 9024, 3261, 7.900, 81.55, 20.00, 7.906, 81.56, 19.97, 0.007, 98.10, -15.41);
insert into SHOT values (9007, 9013, 9025, 3261, 6.700, 88.45, 4.10, 6.700, 88.46, 4.11, 0.001, 204.48, 44.72);
insert into SHOT values (9008, 9013, 9026, 3261, 3.900, 112.55, -10.10, 3.906, 112.63, -10.03, 0.009, 152.56, 24.56);
insert into SHOT values (9009, 9013, 9027, 3261, 1.000, 73.95, -76.80, 0.996, 74.74, -76.77, 0.005, 170.04, 48.33);
insert into SHOT values (9010, 9013, 9028, 3261, 24.250, 116.45, 6.40, 24.256, 116.46, 6.39, 0.008, 151.03, -23.25);
insert into SHOT values (9011, 9028, 9029, 3261, 1.400, 32.65, -41.70, 1.397, 32.47, -41.72, 0.004, 268.13, 18.61);
insert into SHOT values (9012, 9028, 9030, 3261, 1.590, 212.15, -48.40, 1.581, 212.18, -48.30, 0.010, 24.61, 65.21);
insert into SHOT values (9013, 9028, 9031, 3261, 0.960, 75.65, -79.20, 0.958, 74.48, -78.76, 0.008, 46.62, 20.81);
insert into SHOT values (9014, 9028, 9032, 3261, 3.090, 343.65, 84.50, 3.095, 344.58, 84.42, 0.008, 30.14, 32.15);
insert into SHOT values (9015, 9013, 9033, 3261, 9.720, 6.65, 6.40, 9.717, 6.78, 6.32, 0.026, 101.67, -31.46);
insert into SHOT values (9016, 9033, 9034, 3261, 3.050, 241.95, -44.50, 3.054, 241.79, -44.48, 0.007, 181.10, -17.66);
insert into SHOT values (9017, 9033, 9035, 3261, 4.550, 242.25, -4.50, 4.550, 242.14, -4.54, 0.009, 151.80, -18.54);
insert into SHOT values (9018, 9033, 9036, 3261, 7.220, 243.45, 17.20, 7.222, 243.40, 17.15, 0.009, 182.31, -35.48);
insert into SHOT values (9019, 9033, 9037, 3261, 2.330, 255.65, 56.30, 2.330, 255.64, 56.37, 0.003, 79.96, 31.91);
insert into SHOT values (9020, 9033, 9038, 3261, 2.870, 63.15, 82.30, 2.867, 64.09, 82.20, 0.009, 118.05, -27.73);
insert into SHOT values (9021, 9033, 9039, 3261, 5.520, 54.35, 45.50, 5.516, 54.46, 45.43, 0.011, 129.58, -42.04);
insert into SHOT values (9022, 9033, 9040, 3261, 6.890, 57.65, 23.40, 6.892, 57.72, 23.34, 0.011, 114.12, -35.43);
insert into SHOT values (9023, 9033, 9041, 3261, 4.050, 54.55, 3.00, 4.051, 54.66, 2.97, 0.008, 137.38, -13.95);
insert into SHOT values (9024, 9033, 9042, 3261, 2.990, 57.55, -11.90, 2.992, 57.56, -11.96, 0.004, 84.41, -72.05);
insert into SHOT values (9025, 9033, 9043, 3261, 2.090, 84.95, -77.10, 2.094, 85.14, -76.98, 0.006, 101.69, -27.28);
insert into SHOT values (9026, 9033, 9044, 3261, 18.820, 302.05, -5.10, 18.804, 302.10, -5.34, 0.082, 84.36, -69.54);
insert into SHOT values (9027, 9044, 9045, 3261, 2.020, 211.45, -21.80, 2.021, 211.49, -21.79, 0.001, 271.35, 6.38);
insert into SHOT values (9028, 9044, 9046, 3261, 1.630, 214.45, 7.40, 1.639, 214.47, 7.36, 0.009, 218.64, 0.40);
insert into SHOT values (9029, 9044, 9047, 3261, 5.230, 215.35, 31.80, 5.239, 215.40, 31.79, 0.010, 241.63, 22.94);
insert into SHOT values (9030, 9044, 9048, 3261, 4.940, 217.55, 49.20, 4.942, 217.58, 49.18, 0.003, 253.71, 8.68);
insert into SHOT values (9031, 9044, 9049, 3261, 6.860, 134.95, 89.30, 6.860, 140.19, 89.35, 0.009, 265.14, 3.13);
insert into SHOT values (9032, 9044, 9050, 3261, 5.720, 338.35, 67.40, 5.729, 338.10, 67.43, 0.013, 251.04, 44.22);
insert into SHOT values (9033, 9044, 9051, 3261, 14.440, 357.55, 62.90, 14.444, 357.47, 62.92, 0.010, 256.71, 30.84);
insert into SHOT values (9034, 9044, 9052, 3261, 8.740, 40.45, 28.50, 8.735, 40.46, 28.52, 0.006, 211.84, -3.56);
insert into SHOT values (9035, 9044, 9053, 3261, 11.680, 47.65, -0.90, 11.674, 47.67, -0.88, 0.008, 186.22, 24.62);
insert into SHOT values (9036, 9044, 9054, 3261, 4.080, 45.05, -12.50, 4.070, 45.00, -12.49, 0.010, 245.01, 17.17);
insert into SHOT values (9037, 9044, 9055, 3261, 0.640, 25.35, -70.00, 0.636, 25.35, -70.69, 0.009, 205.42, 9.21);
insert into SHOT values (9038, 9044, 9056, 3261, 22.040, 28.45, -7.30, 22.037, 28.44, -7.30, 0.004, 251.40, 6.47);
insert into SHOT values (9039, 9056, 9057, 3261, 1.790, 3.65, -17.80, 1.787, 3.70, -17.59, 0.007, 119.20, 76.29);
insert into SHOT values (9040, 9056, 9058, 3261, 4.710, 358.45, 13.50, 4.712, 358.50, 13.50, 0.004, 65.40, 6.18);
insert into SHOT values (9041, 9056, 9059, 3261, 3.380, 0.35, 38.40, 3.381, 0.43, 38.39, 0.004, 73.23, 7.34);
insert into SHOT values (9042, 9056, 9060, 3261, 2.320, 212.15, 85.30, 2.328, 212.01, 85.35, 0.008, 50.58, 79.15);
insert into SHOT values (9043, 9056, 9061, 3261, 9.830, 133.95, 5.10, 9.834, 133.97, 5.13, 0.008, 170.27, 51.60);
insert into SHOT values (9044, 9056, 9062, 3261, 7.090, 147.05, -8.20, 7.093, 147.03, -8.19, 0.004, 114.18, 20.54);
insert into SHOT values (9045, 9056, 9063, 3261, 1.560, 145.75, -36.60, 1.561, 146.06, -36.57, 0.007, 225.46, 0.93);
insert into SHOT values (9046, 9056, 9064, 3261, 5.620, 85.65, 1.10, 5.617, 85.71, 1.12, 0.007, 203.75, 17.06);
insert into SHOT values (9047, 9064, 9065, 3261, 1.320, 348.15, -29.70, 1.324, 348.50, -29.41, 0.010, 34.90, 22.72);
insert into SHOT values (9048, 9064, 9066, 3261, 8.460, 359.55, 5.90, 8.465, 359.59, 5.90, 0.008, 50.91, 2.67);
insert into SHOT values (9049, 9064, 9067, 3261, 0.940, 18.85, 44.30, 0.945, 18.97, 44.28, 0.006, 38.56, 39.37);
insert into SHOT values (9050, 9064, 9068, 3261, 1.770, 158.35, 51.30, 1.764, 158.10, 51.46, 0.009, 11.10, -8.83);
insert into SHOT values (9051, 9064, 9069, 3261, 5.780, 156.05, 11.80, 5.780, 156.02, 11.78, 0.004, 78.02, -31.60);
insert into SHOT values (9052, 9064, 9070, 3261, 4.830, 155.55, -5.40, 4.823, 155.52, -5.35, 0.009, 357.34, 31.84);
insert into SHOT values (9053, 9064, 9071, 3261, 1.610, 159.55, -26.90, 1.606, 159.54, -27.04, 0.006, 342.44, -15.87);
insert into SHOT values (9054, 9064, 9072, 3261, 0.870, 180.75, -82.20, 0.867, 180.00, -82.71, 0.008, 10.84, 13.37);
insert into SHOT values (9055, 9064, 9073, 3261, 5.320, 59.05, -45.10, 5.324, 58.93, -45.08, 0.009, 356.58, -10.65);
insert into SHOT values (9056, 9073, 9074, 3261, 6.770, 340.05, 42.30, 6.768, 340.01, 42.36, 0.008, 191.84, 28.12);
insert into SHOT values (9057, 9073, 9075, 3261, 6.150, 350.75, 40.00, 6.146, 350.82, 40.11, 0.014, 143.32, 29.06);
insert into SHOT values (9058, 9073, 9076, 3261, 8.610, 29.75, 31.60, 8.605, 29.78, 31.61, 0.007, 170.30, -12.26);
insert into SHOT values (9059, 9073, 9077, 3261, 7.380, 60.75, 33.60, 7.387, 60.81, 33.62, 0.010, 117.91, 37.57);
insert into SHOT values (9060, 9073, 9078, 3261, 6.480, 109.35, 38.80, 6.485, 109.40, 38.76, 0.009, 142.95, -2.64);
insert into SHOT values (9061, 9073, 9079, 3261, 5.210, 148.55, 45.10, 5.212, 148.56, 45.07, 0.003, 157.03, -8.74);
insert into SHOT values (9062, 9073, 9080, 3261, 4.680, 119.45, 67.20, 4.687, 119.67, 67.17, 0.010, 174.86, 34.09);
insert into SHOT values (9063, 9073, 9081, 3261, 4.860, 2.85, 67.10, 4.860, 3.04, 67.21, 0.011, 145.71, 15.92);
insert into SHOT values (9064, 9073, 9082, 3261, 2.030, 358.45, 8.60, 2.024, 358.57, 8.81, 0.010, 146.09, 39.70);
insert into SHOT values (9065, 9073, 9083, 3261, 1.970, 189.55, 2.60, 1.978, 189.32, 2.61, 0.011, 145.17, 3.21);
insert into SHOT values (9066, 9073, 9084, 3261, 0.680, 144.45, -83.70, 0.675, 144.46, -82.68, 0.013, 144.55, 27.33);
insert into SHOT values (9067, 9073, 9085, 3261, 8.380, 134.95, -20.30, 8.387, 134.95, -20.23, 0.013, 134.63, 34.65);
insert into SHOT values (9068, 9085, 9086, 3261, 5.640, 47.85, -6.50, 5.636, 47.82, -6.52, 0.005, 262.36, -18.69);
insert into SHOT values (9069, 9085, 9087, 3261, 5.450, 55.45, 18.70, 5.447, 55.42, 18.63, 0.008, 321.76, -68.65);
insert into SHOT values (9070, 9085, 9088, 3261, 1.540, 62.05, 71.00, 1.534, 61.39, 70.93, 0.008, 329.97, -46.58);
insert into SHOT values (9071, 9085, 9089, 3261, 1.190, 125.05, 88.30, 1.190, 135.00, 88.64, 0.009, 271.76, 3.37);
insert into SHOT values (9072, 9085, 9090, 3261, 1.400, 257.55, 30.70, 1.401, 257.57, 30.44, 0.007, 264.24, -46.34);
insert into SHOT values (9073, 9085, 9091, 3261, 4.070, 286.25, 5.70, 4.073, 286.33, 5.64, 0.008, 344.41, -30.94);
insert into SHOT values (9074, 9085, 9092, 3261, 0.680, 261.85, -65.00, 0.686, 262.15, -64.72, 0.007, 277.69, -33.66);
insert into SHOT values (9075, 9085, 9093, 3261, 7.860, 223.95, -9.20, 7.860, 224.01, -9.22, 0.009, 319.48, -22.63);
insert into SHOT values (9076, 9093, 9094, 3261, 1.130, 96.05, -35.30, 1.131, 96.20, -35.08, 0.005, 134.17, 36.39);
insert into SHOT values (9077, 9093, 9095, 3261, 1.800, 88.65, -1.00, 1.801, 88.73, -0.95, 0.003, 162.35, 28.97);
insert into SHOT values (9078, 9093, 9096, 3261, 1.410, 78.95, 40.20, 1.411, 79.32, 40.15, 0.007, 154.87, -0.77);
insert into SHOT values (9079, 9093, 9097, 3261, 0.710, 238.35, 73.20, 0.710, 237.09, 73.42, 0.005, 116.28, 3.32);
insert into SHOT values (9080, 9093, 9098, 3261, 0.460, 250.65, 9.40, 0.461, 250.77, 8.74, 0.005, 281.72, -70.13);
insert into SHOT values (9081, 9093, 9099, 3261, 0.310, 216.05, -42.60, 0.312, 214.38, -42.37, 0.007, 142.11, -1.38);
insert into SHOT values (9082, 9093, 9100, 3261, 5.920, 143.95, -3.10, 5.921, 143.94, -3.10, 0.001, 122.39, 6.18);
insert into SHOT values (9083, 9100, 9101, 3261, 8.500, 214.05, -0.30, 8.507, 214.03, -0.34, 0.009, 187.04, -36.61);
insert into SHOT values (9084, 9100, 9102, 3261, 0.880, 125.25, 15.50, 0.877, 125.38, 15.20, 0.006, 256.66, -63.42);
insert into SHOT values (9085, 9100, 9103, 3261, 1.220, 241.05, 72.20, 1.219, 241.39, 72.05, 0.004, 278.25, -23.38);
insert into SHOT values (9086, 9100, 9104, 3261, 1.950, 263.45, -3.60, 1.946, 263.50, -3.54, 0.005, 59.45, 31.40);
insert into SHOT values (9087, 9100, 9105, 3261, 1.740, 266.05, 15.30, 1.746, 265.91, 15.28, 0.007, 232.41, 6.87);
insert into SHOT values (9088, 9100, 9106, 3261, 1.280, 268.05, 52.20, 1.276, 267.80, 52.30, 0.005, 128.98, -14.97);
insert into SHOT values (9089, 9101, 9107, 3261, 1.620, 146.75, 5.70, 1.612, 146.71, 6.05, 0.013, 334.39, 45.49);
insert into SHOT values (9090, 9101, 9108, 3261, 2.120, 289.15, 0.60, 2.119, 289.29, 0.81, 0.009, 29.23, 55.80);
insert into SHOT values (9091, 9101, 9109, 3261, 0.950, 219.65, 80.40, 0.953, 219.81, 80.57, 0.004, 28.79, 55.55);
insert into SHOT values (9092, 9101, 9110, 3261, 0.420, 252.55, -66.40, 0.415, 252.65, -66.20, 0.005, 43.75, 83.11);
insert into SHOT values (9093, 9101, 9111, 3261, 17.130, 136.45, -5.90, 17.123, 136.43, -5.90, 0.009, 359.64, 5.09);
insert into SHOT values (9094, 9085, 9112, 3261, 17.330, 135.55, -5.90, 17.326, 135.54, -5.93, 0.010, 340.80, -56.05);
insert into SHOT values (9095, 9112, 9113, 3261, 1.800, 78.35, -12.10, 1.794, 78.50, -11.90, 0.010, 214.58, 47.93);
insert into SHOT values (9096, 9112, 9114, 3261, 2.210, 249.05, 12.30, 2.218, 248.89, 12.50, 0.013, 203.79, 46.79);
insert into SHOT values (9097, 9112, 9115, 3261, 0.690, 218.95, -81.00, 0.689, 217.87, -80.48, 0.007, 199.52, 13.19);
insert into SHOT values (9098, 9112, 9116, 3261, 0.930, 155.75, 85.90, 0.932, 161.57, 86.11, 0.008, 274.89, 17.97);
insert into SHOT values (9099, 9044, 9117, 3261, 17.760, 281.75, 15.00, 17.738, 282.09, 14.40, 0.215, 357.55, -60.18);
insert into SHOT values (9100, 9117, 9118, 3261, 2.320, 215.55, 46.30, 2.323, 215.87, 46.32, 0.009, 296.87, 16.64);
insert into SHOT values (9101, 9117, 9119, 3261, 1.550, 304.75, 84.60, 1.557, 306.87, 84.47, 0.010, 358.78, 45.08);
insert into SHOT values (9102, 9117, 9120, 3261, 4.040, 5.05, 80.50, 4.046, 4.27, 80.44, 0.012, 303.72, 27.38);
insert into SHOT values (9103, 9117, 9121, 3261, 4.980, 5.25, 63.00, 4.986, 5.06, 62.93, 0.011, 321.56, 14.23);
insert into SHOT values (9104, 9117, 9122, 3261, 6.600, 21.65, 31.50, 6.599, 21.59, 31.52, 0.006, 265.51, 13.94);
insert into SHOT values (9105, 9117, 9123, 3261, 3.060, 18.45, 2.20, 3.057, 18.32, 2.25, 0.008, 265.56, 18.27);
insert into SHOT values (9106, 9117, 9124, 3261, 3.480, 19.45, -14.60, 3.482, 19.40, -14.47, 0.009, 343.90, 56.76);
insert into SHOT values (9107, 9117, 9125, 3261, 1.650, 329.75, -76.10, 1.650, 330.26, -75.86, 0.008, 357.67, 12.47);
insert into SHOT values (9108, 9117, 9126, 3261, 15.800, 308.45, -5.50, 15.807, 308.90, -6.14, 0.216, 43.86, -54.44);
insert into SHOT values (9109, 9126, 9127, 3261, 1.370, 252.05, -58.30, 1.371, 252.07, -58.58, 0.007, 68.87, -40.16);
insert into SHOT values (9110, 9126, 9128, 3261, 2.740, 238.15, -40.80, 2.741, 237.99, -40.78, 0.006, 161.26, 3.71);
insert into SHOT values (9111, 9126, 9129, 3261, 5.880, 231.35, 79.60, 5.876, 231.51, 79.60, 0.005, 340.57, -47.31);
insert into SHOT values (9112, 9126, 9130, 3261, 6.350, 85.75, 61.60, 6.353, 85.82, 61.64, 0.006, 206.15, 44.40);
insert into SHOT values (9113, 9126, 9131, 3261, 6.150, 80.85, 47.90, 6.147, 80.93, 47.89, 0.007, 186.44, -28.65);
insert into SHOT values (9114, 9126, 9132, 3261, 2.000, 73.95, 20.80, 2.004, 73.89, 20.75, 0.004, 46.66, -2.75);
insert into SHOT values (9115, 9126, 9133, 3261, 1.640, 67.05, -4.70, 1.645, 67.03, -4.53, 0.007, 61.69, 38.18);
insert into SHOT values (9116, 9126, 9134, 3261, 1.100, 60.95, -74.00, 1.104, 60.95, -73.75, 0.006, 60.76, -24.74);
insert into SHOT values (9117, 9126, 9135, 3261, 5.260, 27.65, 25.40, 5.264, 27.75, 25.06, 0.032, 53.69, -54.55);
insert into SHOT values (9118, 9135, 9136, 3261, 1.110, 313.15, 2.50, 1.112, 313.18, 2.58, 0.002, 329.54, 40.51);
insert into SHOT values (9119, 9135, 9137, 3261, 3.210, 312.25, 28.10, 3.203, 312.27, 28.13, 0.007, 122.47, -15.18);
insert into SHOT values (9120, 9135, 9138, 3261, 2.280, 306.15, 66.40, 2.279, 306.49, 66.52, 0.007, 77.60, 5.47);
insert into SHOT values (9121, 9135, 9139, 3261, 1.880, 122.25, 68.40, 1.883, 122.09, 68.30, 0.005, 98.61, 23.08);
insert into SHOT values (9122, 9135, 9140, 3261, 4.340, 133.35, 26.40, 4.343, 133.33, 26.38, 0.004, 116.12, 4.63);
insert into SHOT values (9123, 9135, 9141, 3261, 1.570, 131.15, -4.70, 1.572, 131.12, -4.74, 0.002, 102.30, -36.94);
insert into SHOT values (9124, 9135, 9142, 3261, 0.550, 131.45, -37.80, 0.556, 131.31, -37.74, 0.006, 118.64, -30.88);
insert into SHOT values (9125, 9135, 9143, 3261, 7.820, 45.95, 14.40, 7.834, 46.01, 13.96, 0.062, 62.58, -61.69);
insert into SHOT values (9126, 9143, 9144, 3261, 2.160, 271.45, -5.20, 2.159, 271.60, -5.05, 0.008, 4.31, 45.72);
insert into SHOT values (9127, 9143, 9145, 3261, 4.630, 268.25, 16.70, 4.627, 268.32, 16.70, 0.006, 25.66, -4.48);
insert into SHOT values (9128, 9143, 9146, 3261, 3.700, 264.45, 46.00, 3.700, 264.42, 45.96, 0.003, 232.90, -34.35);
insert into SHOT values (9129, 9143, 9147, 3261, 2.740, 297.55, 89.60, 2.740, 296.57, 89.53, 0.003, 290.77, 1.18);
insert into SHOT values (9130, 9143, 9148, 3261, 3.160, 64.15, 63.00, 3.164, 63.97, 63.02, 0.006, 346.77, 43.95);
insert into SHOT values (9131, 9143, 9149, 3261, 4.460, 64.35, 39.10, 4.465, 64.32, 39.17, 0.007, 358.00, 76.69);
insert into SHOT values (9132, 9143, 9150, 3261, 4.760, 63.25, 20.20, 4.763, 63.26, 20.27, 0.006, 130.44, 79.53);
insert into SHOT values (9133, 9143, 9151, 3261, 0.650, 64.55, -35.50, 0.648, 64.40, -34.81, 0.008, 40.06, 65.57);
insert into SHOT values (9134, 9143, 9152, 3261, 14.320, 142.75, -0.70, 14.314, 142.41, -1.12, 0.135, 47.33, -50.96);
insert into SHOT values (9135, 9152, 9153, 3261, 1.660, 40.75, -57.20, 1.664, 40.95, -57.26, 0.006, 112.27, -54.92);
insert into SHOT values (9136, 9152, 9154, 3261, 1.240, 36.75, 7.40, 1.240, 36.40, 7.41, 0.007, 309.43, 2.27);
insert into SHOT values (9137, 9152, 9155, 3261, 3.930, 28.15, 37.60, 3.935, 28.13, 37.58, 0.005, 13.10, 24.38);
insert into SHOT values (9138, 9152, 9156, 3261, 5.440, 48.35, 68.00, 5.437, 48.18, 67.97, 0.007, 334.46, -31.77);
insert into SHOT values (9139, 9152, 9157, 3261, 6.930, 95.75, 79.40, 6.929, 95.84, 79.38, 0.003, 144.76, -31.68);
insert into SHOT values (9140, 9152, 9158, 3261, 3.020, 194.45, 48.90, 3.015, 194.60, 48.85, 0.008, 298.12, -47.60);
insert into SHOT values (9141, 9152, 9159, 3261, 1.650, 183.45, -78.90, 1.651, 183.58, -78.80, 0.003, 196.98, -15.89);
insert into SHOT values (9142, 9152, 9160, 3261, 0.250, 199.45, -45.30, 0.248, 200.56, -46.49, 0.006, 346.01, -21.00);
insert into SHOT values (9143, 9152, 9161, 3261, 5.010, 106.95, -12.50, 5.022, 106.73, -12.77, 0.032, 35.19, -52.82);
insert into SHOT values (9144, 9161, 9162, 3261, 0.370, 35.35, 0.30, 0.366, 34.99, 1.56, 0.009, 246.29, 61.18);
insert into SHOT values (9145, 9161, 9163, 3261, 1.230, 44.15, 57.60, 1.230, 44.38, 57.69, 0.003, 162.00, 25.83);
insert into SHOT values (9146, 9161, 9164, 3261, 4.690, 42.85, 64.80, 4.692, 42.76, 64.93, 0.011, 243.36, 35.30);
insert into SHOT values (9147, 9161, 9165, 3261, 7.370, 299.55, 89.10, 7.371, 300.96, 89.09, 0.003, 13.64, 16.89);
insert into SHOT values (9148, 9161, 9166, 3261, 5.260, 221.55, 61.00, 5.268, 221.50, 61.05, 0.010, 138.06, 77.76);
insert into SHOT values (9149, 9161, 9167, 3261, 4.650, 205.45, 45.00, 4.654, 205.55, 44.98, 0.007, 262.01, 15.23);
insert into SHOT values (9150, 9161, 9168, 3261, 1.500, 204.05, 31.70, 1.504, 203.96, 31.68, 0.005, 179.00, 21.45);
insert into SHOT values (9151, 9161, 9169, 3261, 2.470, 219.85, -47.70, 2.469, 219.89, -47.49, 0.009, 232.09, 48.38);
insert into SHOT values (9152, 9161, 9170, 3261, 1.380, 150.65, -84.10, 1.378, 151.70, -83.85, 0.007, 175.78, 22.88);
insert into SHOT values (9153, 9161, 9171, 3261, 5.480, 334.65, 39.30, 5.486, 334.58, 39.37, 0.010, 242.17, 61.74);
insert into SHOT values (9154, 9161, 9172, 3261, 8.740, 105.35, 29.80, 8.741, 105.37, 29.85, 0.008, 236.68, 55.15);
insert into SHOT values (9155, 9161, 9173, 3261, 7.520, 147.35, 20.10, 7.525, 147.37, 20.13, 0.007, 181.32, 54.81);
insert into SHOT values (9156, 9161, 9044, 3261, 14.030, 142.55, -22.40, 14.031, 142.23, -22.86, 0.133, 22.60, -50.93);
insert into SHOT values (9157, 9143, 9174, 3261, 5.440, 344.15, 7.70, 5.430, 344.26, 7.62, 0.016, 115.54, -32.74);
insert into SHOT values (9158, 9174, 9175, 3261, 8.430, 309.25, 3.00, 8.433, 309.27, 3.06, 0.010, 349.07, 66.71);
insert into SHOT values (9159, 9174, 9176, 3261, 4.320, 344.15, 10.30, 4.325, 344.04, 10.39, 0.012, 277.78, 39.63);
insert into SHOT values (9160, 9174, 9177, 3261, 2.140, 36.35, 25.00, 2.143, 35.98, 25.13, 0.014, 309.56, 24.33);
insert into SHOT values (9161, 9174, 9178, 3261, 4.720, 101.45, 16.00, 4.716, 101.46, 16.13, 0.011, 275.00, 52.49);
insert into SHOT values (9162, 9174, 9179, 3261, 7.530, 249.75, 3.70, 7.530, 249.76, 3.73, 0.004, 348.66, 76.50);
insert into SHOT values (9163, 9174, 9180, 3261, 6.060, 210.35, 7.10, 6.061, 210.36, 7.11, 0.002, 251.13, 30.40);
insert into SHOT values (9164, 9174, 9181, 3261, 6.030, 203.35, 4.30, 6.033, 203.41, 4.37, 0.010, 275.07, 48.85);
insert into SHOT values (9165, 9174, 9182, 3261, 2.570, 32.55, 59.30, 2.570, 32.24, 59.30, 0.007, 303.94, 1.44);
insert into SHOT values (9166, 9174, 9183, 3261, 3.030, 213.15, 74.50, 3.029, 213.89, 74.55, 0.011, 317.74, 1.07);
insert into SHOT values (9167, 9174, 9184, 3261, 3.070, 212.35, 37.30, 3.075, 212.45, 37.45, 0.011, 313.28, 64.81);
insert into SHOT values (9168, 9174, 9185, 3261, 2.770, 219.55, -18.80, 2.768, 219.58, -18.76, 0.003, 350.19, 53.62);
insert into SHOT values (9169, 9174, 9186, 3261, 0.510, 294.15, -67.50, 0.510, 293.96, -67.26, 0.002, 274.62, 31.57);
insert into SHOT values (9170, 9174, 9187, 3261, 3.380, 222.15, 31.40, 3.388, 222.19, 31.50, 0.010, 255.23, 65.34);
insert into SHOT values (9171, 9174, 9188, 3261, 3.450, 267.75, -29.20, 3.449, 267.72, -29.15, 0.004, 203.47, 59.10);
insert into SHOT values (9172, 9188, 9189, 3261, 0.890, 216.05, 6.10, 0.885, 216.22, 5.84, 0.007, 8.05, -39.46);
insert into SHOT values (9173, 9188, 9190, 3261, 4.690, 226.35, 37.30, 4.686, 226.41, 37.30, 0.006, 353.72, -21.67);
insert into SHOT values (9174, 9188, 9191, 3261, 4.670, 223.25, 40.90, 4.672, 223.28, 40.92, 0.003, 306.27, 52.43);
insert into SHOT values (9175, 9188, 9192, 3261, 5.600, 312.55, 68.80, 5.599, 312.60, 68.81, 0.002, 72.69, -27.12);
insert into SHOT values (9176, 9188, 9193, 3261, 5.250, 3.55, 28.50, 5.252, 3.60, 28.42, 0.008, 41.02, -37.17);
insert into SHOT values (9177, 9188, 9194, 3261, 2.960, 6.35, 18.50, 2.960, 6.34, 18.51, 0.001, 293.37, 60.03);
insert into SHOT values (9178, 9188, 9195, 3261, 13.590, 302.35, 2.50, 13.593, 302.37, 2.49, 0.006, 359.70, -27.91);
insert into SHOT values (9179, 9188, 9196, 3261, 19.240, 285.05, 4.00, 19.237, 285.07, 3.99, 0.008, 36.48, -14.41);
insert into SHOT values (9180, 9188, 9197, 3261, 7.510, 259.95, 14.30, 7.503, 259.94, 14.27, 0.007, 89.22, -41.44);
insert into SHOT values (9181, 9188, 9198, 3261, 6.260, 281.05, -40.70, 6.259, 281.07, -40.80, 0.011, 86.72, -44.64);
insert into SCRAPS values (3263, 3257, 'SP-Alex4-1', 1, 72.22159, 2.31290);
 insert into MAPS values (3371, 3257, 'MP-Alex4', 'Alex4', 1, 354.440, -18.710);
 insert into MAPITEMS values (3371, 4, 3263);
 insert into SURVEY values (3375, 2485, 'Alex6', 'Alex6.Tush-Yurruck.Koytendag', 'Alex6');
 insert into CENTRELINE values (3376, 3375, NULL, NULL, NULL, 0.00, 0.00, 0.00);
 insert into SURVEY values (3377, 3375, 'Tush-Yurruck_06', 'Tush-Yurruck_06.Alex6.Tush-Yurruck.Koytendag', 'Tush-Yurruck 06');
 insert into CENTRELINE values (3378, 3377, NULL, NULL, NULL, 0.00, 0.00, 0.00);
 insert into CENTRELINE values (3379, 3377, NULL, '2024-04-19', NULL, 180.63, 0.00, 0.00);
 insert into TOPO values (4, 3379);
 insert into TOPO values (1, 3379);
 insert into TOPO values (7, 3379);
 insert into SHOT values (9182, 9199, 9200, 3379, 13.480, 119.65, 11.90, 13.442, 119.65, 12.15, 0.071, 300.02, 45.18);
insert into SHOT values (9183, 9200, 9201, 3379, 1.510, 86.75, 18.80, 1.514, 86.80, 18.89, 0.005, 110.43, 47.91);
insert into SHOT values (9184, 9200, 9202, 3379, 4.580, 6.05, 10.00, 4.583, 5.98, 9.93, 0.009, 311.53, -36.87);
insert into SHOT values (9185, 9200, 9203, 3379, 6.100, 331.05, 6.10, 6.104, 331.03, 6.11, 0.005, 302.58, 20.94);
insert into SHOT values (9186, 9200, 9204, 3379, 0.790, 201.85, -72.70, 0.787, 202.25, -72.42, 0.005, 232.82, 52.88);
insert into SHOT values (9187, 9200, 9205, 3379, 2.160, 207.25, 23.90, 2.156, 207.47, 23.80, 0.010, 314.05, -32.20);
insert into SHOT values (9188, 9200, 9206, 3379, 9.050, 210.25, 56.30, 9.047, 210.30, 56.34, 0.008, 356.58, 6.06);
insert into SHOT values (9189, 9200, 9207, 3379, 7.810, 142.85, 85.10, 7.808, 142.96, 85.12, 0.004, 300.78, -23.50);
insert into SHOT values (9190, 9200, 9208, 3379, 29.060, 121.15, -2.40, 29.056, 121.92, -2.41, 0.392, 212.17, -0.45);
insert into SHOT values (9191, 9208, 9209, 3379, 1.530, 33.95, 12.50, 1.528, 33.80, 12.47, 0.004, 282.09, -15.09);
insert into SHOT values (9192, 9208, 9210, 3379, 5.910, 342.65, 6.60, 5.906, 342.65, 6.61, 0.004, 167.28, 10.82);
insert into SHOT values (9193, 9208, 9211, 3379, 13.010, 329.65, 3.60, 13.014, 329.66, 3.61, 0.006, 10.17, 30.22);
insert into SHOT values (9194, 9208, 9212, 3379, 12.460, 294.05, 3.40, 12.462, 294.05, 3.40, 0.002, 308.83, 27.12);
insert into SHOT values (9195, 9208, 9213, 3379, 4.470, 275.55, -7.10, 4.475, 275.56, -7.06, 0.006, 282.07, 25.76);
insert into SHOT values (9196, 9208, 9214, 3379, 3.420, 230.95, -14.10, 3.422, 230.99, -14.03, 0.005, 266.20, 37.61);
insert into SHOT values (9197, 9208, 9215, 3379, 2.430, 220.85, 19.20, 2.425, 220.93, 19.26, 0.006, 9.40, 8.13);
insert into SHOT values (9198, 9208, 9216, 3379, 2.200, 228.15, 61.00, 2.207, 228.41, 61.00, 0.008, 286.34, 45.40);
insert into SHOT values (9199, 9208, 9217, 3379, 1.340, 97.35, 69.70, 1.343, 97.43, 69.79, 0.003, 243.56, 69.60);
insert into SHOT values (9200, 9208, 9218, 3379, 0.860, 85.45, -82.30, 0.857, 84.81, -82.60, 0.005, 279.99, 24.45);
insert into SHOT values (9201, 9208, 9219, 3379, 13.650, 140.65, -10.60, 13.644, 141.05, -10.60, 0.095, 234.63, 0.57);
insert into SHOT values (9202, 9219, 9220, 3379, 0.750, 85.15, -10.40, 0.754, 85.36, -9.93, 0.008, 115.64, 44.39);
insert into SHOT values (9203, 9219, 9221, 3379, 1.480, 90.65, 56.90, 1.481, 90.71, 56.84, 0.002, 114.92, 5.02);
insert into SHOT values (9204, 9219, 9222, 3379, 1.420, 217.65, 75.30, 1.427, 217.18, 75.22, 0.008, 178.76, 54.06);
insert into SHOT values (9205, 9219, 9223, 3379, 1.620, 211.05, 50.10, 1.623, 210.77, 50.35, 0.009, 87.44, 50.32);
insert into SHOT values (9206, 9219, 9224, 3379, 4.030, 252.95, 17.60, 4.029, 252.89, 17.63, 0.005, 145.32, 18.21);
insert into SHOT values (9207, 9219, 9225, 3379, 1.190, 255.65, -6.60, 1.186, 255.26, -6.29, 0.011, 143.25, 37.80);
insert into SHOT values (9208, 9219, 9226, 3379, 9.200, 199.75, 4.50, 9.208, 199.74, 4.55, 0.011, 186.62, 46.10);
insert into SHOT values (9209, 9219, 9227, 3379, 3.710, 148.45, -2.20, 3.711, 148.45, -2.16, 0.003, 169.35, 72.19);
insert into SHOT values (9210, 9219, 9228, 3379, 3.800, 39.75, 19.90, 3.800, 39.89, 20.00, 0.011, 143.73, 36.34);
insert into SHOT values (9211, 9219, 9229, 3379, 3.740, 291.75, 19.60, 3.738, 291.68, 19.70, 0.008, 155.70, 41.76);
insert into SHOT values (9212, 9219, 9230, 3379, 2.870, 311.55, 17.70, 2.873, 311.44, 17.84, 0.009, 227.81, 55.37);
insert into SHOT values (9213, 9219, 9231, 3379, 11.900, 171.05, -0.00, 11.915, 171.36, 0.00, 0.066, 247.95, 0.00);
insert into SHOT values (9214, 9231, 9232, 3379, 3.960, 55.15, 6.30, 3.961, 55.14, 6.38, 0.006, 351.54, 82.15);
insert into SHOT values (9215, 9231, 9233, 3379, 1.720, 61.75, -34.70, 1.711, 61.62, -34.54, 0.011, 276.69, 58.19);
insert into SHOT values (9216, 9231, 9234, 3379, 2.330, 238.85, 12.60, 2.336, 238.82, 12.61, 0.006, 226.97, 17.54);
insert into SHOT values (9217, 9231, 9235, 3379, 1.000, 282.45, 76.70, 1.008, 282.26, 76.49, 0.009, 274.36, 51.76);
insert into SHOT values (9218, 9231, 9236, 3379, 5.180, 157.45, 10.60, 5.178, 157.47, 10.68, 0.008, 310.71, 63.77);
insert into SHOT values (9219, 9231, 9237, 3379, 7.010, 145.65, 0.50, 7.009, 145.70, 0.57, 0.011, 242.32, 55.74);
insert into SHOT values (9220, 9231, 9238, 3379, 8.150, 123.95, 6.50, 8.152, 123.93, 6.55, 0.008, 52.02, 64.78);
insert into SHOT values (9221, 9231, 9239, 3379, 7.370, 102.85, 4.90, 7.370, 102.83, 4.90, 0.003, 15.25, 8.84);
insert into SHOT values (9222, 9231, 9240, 3379, 7.500, 71.95, 1.10, 7.499, 71.98, 1.15, 0.007, 172.66, 59.24);
insert into SHOT values (9223, 9231, 9241, 3379, 7.410, 100.85, -14.90, 7.391, 101.06, -14.90, 0.032, 225.86, 9.54);
insert into SHOT values (9224, 9241, 9242, 3379, 2.050, 331.35, -17.70, 2.054, 331.60, -17.86, 0.011, 46.00, -37.15);
insert into SHOT values (9225, 9241, 9243, 3379, 3.550, 337.65, 10.40, 3.548, 337.77, 10.39, 0.008, 85.27, -6.13);
insert into SHOT values (9226, 9241, 9244, 3379, 4.680, 341.05, 42.60, 4.683, 341.04, 42.60, 0.003, 325.73, 45.65);
insert into SHOT values (9227, 9241, 9245, 3379, 3.110, 15.95, 71.00, 3.112, 15.95, 70.88, 0.007, 15.41, -4.80);
insert into SHOT values (9228, 9241, 9246, 3379, 1.070, 143.35, 15.90, 1.068, 142.91, 15.75, 0.009, 45.55, -21.41);
insert into SHOT values (9229, 9241, 9247, 3379, 8.310, 12.65, -2.50, 8.310, 12.66, -2.48, 0.003, 106.42, 49.44);
insert into SHOT values (9230, 9241, 9248, 3379, 10.500, 37.15, -5.30, 10.509, 37.15, -5.30, 0.009, 43.70, -0.69);
insert into SHOT values (9231, 9241, 9249, 3379, 7.330, 35.95, -20.90, 7.311, 35.88, -21.00, 0.025, 236.04, -11.94);
insert into SHOT values (9232, 9249, 9250, 3379, 5.880, 156.25, 5.80, 5.877, 156.20, 5.76, 0.007, 41.13, -35.56);
insert into SHOT values (9233, 9249, 9251, 3379, 3.960, 32.75, 23.90, 3.963, 32.73, 23.81, 0.007, 16.48, -39.75);
insert into SHOT values (9234, 9249, 9252, 3379, 4.430, 94.95, 18.20, 4.436, 94.90, 18.13, 0.009, 67.37, -24.70);
insert into SHOT values (9235, 9249, 9253, 3379, 2.140, 191.35, 3.50, 2.136, 191.36, 3.49, 0.004, 4.47, -8.60);
insert into SHOT values (9236, 9249, 9254, 3379, 3.060, 194.95, 48.10, 3.058, 194.79, 48.22, 0.009, 58.38, 15.98);
insert into SHOT values (9237, 9249, 9255, 3379, 3.540, 118.35, 78.40, 3.542, 117.65, 78.42, 0.009, 23.94, 14.75);
insert into SHOT values (9238, 9250, 9256, 3379, 3.260, 26.35, 0.80, 3.261, 26.41, 0.88, 0.006, 107.61, 52.89);
insert into SHOT values (9239, 9250, 9257, 3379, 5.110, 243.15, 13.50, 5.107, 243.18, 13.59, 0.009, 35.87, 53.36);
insert into SHOT values (9240, 9250, 9258, 3379, 5.240, 276.05, 10.20, 5.242, 276.01, 10.22, 0.004, 203.88, 28.79);
insert into SHOT values (9241, 9250, 9259, 3379, 3.180, 179.35, 19.40, 3.182, 179.43, 19.46, 0.006, 259.65, 41.93);
insert into SHOT values (9242, 9250, 9260, 3379, 1.880, 202.05, -16.00, 1.883, 202.04, -15.72, 0.010, 197.65, 57.39);
insert into SHOT values (9243, 9250, 9261, 3379, 1.870, 23.45, -37.40, 1.864, 23.45, -37.32, 0.007, 201.83, 61.91);
insert into SHOT values (9244, 9250, 9262, 3379, 2.820, 41.15, 39.00, 2.822, 41.11, 39.10, 0.006, 263.38, 68.48);
insert into SHOT values (9245, 9250, 9263, 3379, 6.820, 68.65, 0.10, 6.817, 68.67, 0.17, 0.009, 212.29, 66.12);
insert into SHOT values (9246, 9250, 9264, 3379, 6.830, 58.55, 0.90, 6.832, 58.59, 0.92, 0.006, 128.13, 27.32);
insert into SHOT values (9247, 9250, 9265, 3379, 7.710, 110.55, 7.70, 7.706, 110.55, 7.76, 0.008, 293.28, 55.87);
insert into SHOT values (9248, 9250, 9266, 3379, 3.120, 175.85, 19.30, 3.126, 175.91, 19.44, 0.010, 225.80, 63.44);
insert into SHOT values (9249, 9250, 9267, 3379, 4.960, 142.85, 16.80, 4.967, 142.86, 16.85, 0.009, 155.86, 47.35);
insert into SHOT values (9250, 9250, 9268, 3379, 6.200, 54.75, 10.10, 6.195, 54.75, 10.13, 0.006, 237.70, 26.36);
insert into SHOT values (9251, 9263, 9269, 3379, 1.530, 16.65, 5.70, 1.532, 16.77, 5.62, 0.005, 69.99, -25.78);
insert into SHOT values (9252, 9263, 9270, 3379, 1.970, 192.05, 9.60, 1.969, 191.89, 9.65, 0.006, 93.97, 14.96);
insert into SHOT values (9253, 9263, 9271, 3379, 1.410, 101.05, 77.80, 1.401, 99.78, 77.88, 0.011, 341.01, -47.35);
insert into SHOT values (9254, 9263, 9272, 3379, 0.880, 87.35, -81.10, 0.881, 85.91, -80.84, 0.005, 47.21, -6.23);
insert into SHOT values (9255, 9249, 9273, 3379, 3.050, 196.55, 3.70, 3.063, 196.54, 3.74, 0.013, 193.85, 13.93);
insert into SHOT values (9256, 9273, 9274, 3379, 4.560, 202.95, 15.90, 4.562, 202.94, 15.90, 0.002, 181.11, 25.50);
insert into SHOT values (9257, 9273, 9275, 3379, 3.350, 316.85, 27.50, 3.353, 316.77, 27.34, 0.011, 285.49, -40.53);
insert into SHOT values (9258, 9273, 9276, 3379, 4.640, 322.25, 64.20, 4.644, 322.22, 64.16, 0.005, 311.93, 27.42);
insert into SHOT values (9259, 9273, 9277, 3379, 1.060, 270.55, -71.70, 1.066, 270.00, -71.40, 0.009, 246.06, -24.66);
insert into SHOT values (9260, 9273, 9278, 3379, 3.010, 225.05, -46.40, 3.029, 225.00, -46.30, 0.020, 219.14, -30.52);
insert into SHOT values (9261, 9278, 9279, 3379, 0.690, 183.25, 15.20, 0.685, 183.47, 15.23, 0.005, 334.72, -9.75);
insert into SHOT values (9262, 9278, 9280, 3379, 1.650, 357.75, 1.80, 1.652, 357.57, 1.73, 0.006, 291.78, -18.00);
insert into SHOT values (9263, 9278, 9281, 3379, 1.030, 294.45, 80.40, 1.036, 296.57, 80.05, 0.011, 337.82, 24.70);
insert into SHOT values (9264, 9278, 9282, 3379, 1.130, 330.65, 67.30, 1.138, 329.93, 67.31, 0.010, 269.12, 50.29);
insert into SHOT values (9265, 9278, 9283, 3379, 1.260, 269.15, -61.40, 1.258, 270.00, -60.99, 0.013, 322.34, 28.94);
insert into SHOT values (9266, 9278, 9284, 3379, 2.210, 323.15, -11.60, 2.214, 322.87, -11.46, 0.013, 258.76, 20.25);
insert into SHOT values (9267, 9284, 9285, 3379, 1.000, 262.65, -1.80, 0.999, 262.52, -1.72, 0.003, 148.59, 29.65);
insert into SHOT values (9268, 9284, 9286, 3379, 1.030, 68.15, -18.70, 1.033, 68.42, -18.63, 0.005, 124.96, 2.43);
insert into SHOT values (9269, 9284, 9287, 3379, 0.740, 294.85, 60.50, 0.736, 294.44, 60.47, 0.005, 168.13, -51.81);
insert into SHOT values (9270, 9284, 9288, 3379, 1.010, 345.05, -73.00, 1.016, 344.58, -72.77, 0.007, 320.94, -34.31);
insert into SHOT values (9271, 9284, 9289, 3379, 5.740, 61.45, 3.40, 5.738, 61.42, 3.40, 0.003, 295.03, -6.99);
insert into SHOT values (9272, 9284, 9290, 3379, 5.160, 28.65, 0.40, 5.165, 28.70, 0.33, 0.009, 73.40, -43.23);
insert into SHOT values (9273, 9284, 9291, 3379, 5.050, 346.65, -3.50, 5.040, 346.43, -3.53, 0.022, 228.19, -4.53);
insert into SHOT values (9274, 9291, 9292, 3379, 3.560, 207.05, 3.30, 3.553, 207.00, 3.39, 0.010, 49.38, 31.71);
insert into SHOT values (9275, 9291, 9293, 3379, 5.680, 227.55, -3.80, 5.675, 227.58, -3.84, 0.007, 18.60, -32.30);
insert into SHOT values (9276, 9291, 9294, 3379, 2.340, 260.65, 6.00, 2.333, 260.82, 6.15, 0.012, 37.59, 27.78);
insert into SHOT values (9277, 9291, 9295, 3379, 3.440, 302.15, 4.10, 3.438, 302.25, 4.17, 0.008, 50.54, 31.59);
insert into SHOT values (9278, 9291, 9296, 3379, 2.180, 11.95, 14.00, 2.182, 12.00, 14.06, 0.003, 74.08, 50.63);
insert into SHOT values (9279, 9291, 9297, 3379, 1.610, 344.05, 70.20, 1.617, 344.20, 70.08, 0.008, 358.74, 42.62);
insert into SHOT values (9280, 9291, 9298, 3379, 2.390, 219.65, 48.50, 2.390, 219.62, 48.50, 0.001, 141.23, -0.30);
insert into SHOT values (9281, 9291, 9299, 3379, 3.740, 277.95, 1.50, 3.756, 277.81, 1.53, 0.019, 247.77, 6.44);
insert into SHOT values (9282, 9299, 9300, 3379, 3.630, 233.35, -3.70, 3.624, 233.32, -3.80, 0.009, 69.12, -40.77);
insert into SHOT values (9283, 9299, 9301, 3379, 4.840, 262.65, -0.10, 4.840, 262.64, -0.12, 0.002, 163.83, -63.88);
insert into SHOT values (9284, 9299, 9302, 3379, 8.880, 283.65, -9.50, 8.881, 283.67, -9.53, 0.006, 14.95, -52.01);
insert into SHOT values (9285, 9299, 9303, 3379, 7.070, 308.95, -3.90, 7.069, 309.02, -3.89, 0.008, 43.80, 6.07);
insert into SHOT values (9286, 9299, 9304, 3379, 7.120, 318.95, -0.60, 7.117, 318.99, -0.64, 0.008, 80.72, -43.44);
insert into SHOT values (9287, 9299, 9305, 3379, 1.300, 2.05, -4.70, 1.306, 2.20, -4.83, 0.007, 35.27, -28.65);
insert into SHOT values (9288, 9299, 9306, 3379, 1.020, 195.75, 82.10, 1.019, 192.99, 82.48, 0.009, 58.52, -1.94);
insert into SHOT values (9289, 9299, 9307, 3379, 1.100, 169.15, -0.50, 1.100, 169.00, -0.52, 0.003, 84.32, -7.76);
insert into SHOT values (9290, 9299, 9308, 3379, 3.780, 195.15, -7.30, 3.793, 195.26, -7.27, 0.015, 222.97, 1.17);
insert into SHOT values (9291, 9308, 9309, 3379, 2.770, 73.65, 4.90, 2.772, 73.60, 4.76, 0.007, 29.93, -62.07);
insert into SHOT values (9292, 9308, 9310, 3379, 1.570, 74.35, 38.80, 1.569, 74.38, 38.65, 0.004, 92.84, -64.37);
insert into SHOT values (9293, 9308, 9311, 3379, 1.330, 213.55, 42.70, 1.326, 213.69, 42.75, 0.005, 2.23, -22.94);
insert into SHOT values (9294, 9308, 9312, 3379, 1.090, 266.05, -12.20, 1.087, 266.22, -12.22, 0.004, 39.91, 4.43);
insert into SHOT values (9295, 9308, 9313, 3379, 0.410, 254.45, -83.50, 0.412, 255.96, -84.26, 0.006, 62.60, -26.40);
insert into SHOT values (9296, 9308, 9314, 3379, 3.910, 136.05, 13.90, 3.913, 136.17, 13.90, 0.009, 209.52, 4.70);
insert into SHOT values (9297, 9314, 9315, 3379, 2.180, 43.25, 12.30, 2.178, 43.29, 12.19, 0.005, 156.64, -70.56);
insert into SHOT values (9298, 9314, 9316, 3379, 1.900, 112.35, 25.50, 1.895, 112.36, 25.64, 0.007, 288.92, 17.47);
insert into SHOT values (9299, 9314, 9317, 3379, 3.810, 178.35, 14.70, 3.804, 178.44, 14.62, 0.010, 301.31, -43.30);
insert into SHOT values (9300, 9314, 9318, 3379, 5.810, 212.65, 9.40, 5.817, 212.69, 9.40, 0.009, 244.09, 7.21);
insert into SHOT values (9301, 9314, 9319, 3379, 15.090, 234.45, -2.20, 15.093, 234.44, -2.20, 0.003, 214.37, -12.47);
insert into SHOT values (9302, 9314, 9320, 3379, 2.390, 319.15, 13.50, 2.392, 319.18, 13.54, 0.003, 2.50, 44.17);
insert into SHOT values (9303, 9314, 9321, 3379, 7.550, 235.25, 14.70, 7.547, 235.27, 14.66, 0.006, 6.41, -64.99);
insert into SHOT values (9304, 9314, 9322, 3379, 2.570, 244.85, 65.20, 2.569, 244.86, 65.08, 0.005, 246.32, -33.01);
insert into SHOT values (9305, 9314, 9323, 3379, 2.800, 304.75, 62.30, 2.801, 304.67, 62.32, 0.002, 196.88, 24.75);
insert into SHOT values (9306, 9314, 9324, 3379, 11.180, 274.35, 0.80, 11.183, 274.36, 0.77, 0.007, 305.02, -56.72);
insert into SHOT values (9307, 9314, 9325, 3379, 14.660, 270.75, 1.10, 14.683, 270.47, 1.09, 0.076, 198.50, -1.09);
insert into SHOT values (9308, 9325, 9326, 3379, 12.600, 129.55, 0.30, 12.602, 129.53, 0.27, 0.008, 58.38, -48.41);
insert into SHOT values (9309, 9325, 9327, 3379, 7.770, 141.05, 0.60, 7.772, 141.01, 0.59, 0.006, 67.98, -12.72);
insert into SHOT values (9310, 9325, 9328, 3379, 4.120, 184.85, -18.30, 4.112, 184.85, -18.29, 0.008, 4.85, 25.47);
insert into SHOT values (9311, 9325, 9329, 3379, 3.380, 162.15, 20.70, 3.379, 162.14, 20.62, 0.005, 118.53, -79.53);
insert into SHOT values (9312, 9325, 9330, 3379, 3.430, 123.15, 23.70, 3.427, 123.03, 23.74, 0.008, 3.28, 10.09);
insert into SHOT values (9313, 9325, 9331, 3379, 3.370, 62.45, 5.40, 3.379, 62.37, 5.43, 0.010, 33.59, 16.24);
insert into SHOT values (9314, 9325, 9332, 3379, 2.670, 26.75, -26.70, 2.673, 26.89, -26.68, 0.006, 90.39, -2.84);
insert into SHOT values (9315, 9325, 9333, 3379, 6.450, 159.15, -5.50, 6.454, 159.31, -5.51, 0.018, 236.29, -5.60);
insert into SHOT values (9316, 9200, 9334, 3379, 8.930, 127.65, -10.10, 8.890, 127.43, -10.11, 0.052, 347.71, 6.70);
insert into SHOT values (9317, 9334, 9335, 3379, 2.480, 139.45, 4.40, 2.482, 139.42, 4.39, 0.003, 115.85, -5.54);
insert into SHOT values (9318, 9334, 9336, 3379, 2.740, 196.45, 45.00, 2.743, 196.47, 45.01, 0.003, 217.19, 47.84);
insert into SHOT values (9319, 9334, 9337, 3379, 3.100, 279.45, 11.50, 3.094, 279.49, 11.56, 0.007, 78.83, 16.35);
insert into SHOT values (9320, 9334, 9338, 3379, 1.310, 284.35, -32.80, 1.304, 284.29, -32.99, 0.007, 113.07, -2.81);
insert into SHOT values (9321, 9334, 9339, 3379, 18.980, 167.65, -12.70, 18.941, 167.87, -12.78, 0.087, 288.61, -11.52);
insert into SHOT values (9322, 9339, 9340, 3379, 3.090, 86.35, 6.80, 3.088, 86.45, 6.88, 0.007, 200.71, 35.66);
insert into SHOT values (9323, 9339, 9341, 3379, 5.440, 133.25, 4.40, 5.442, 133.28, 4.43, 0.005, 191.24, 35.35);
insert into SHOT values (9324, 9339, 9342, 3379, 8.470, 147.25, 1.80, 8.470, 147.25, 1.83, 0.004, 88.89, 88.89);
insert into SHOT values (9325, 9339, 9343, 3379, 7.320, 20.65, 12.00, 7.320, 20.61, 12.06, 0.009, 269.19, 58.65);
insert into SHOT values (9326, 9339, 9344, 3379, 11.730, 2.55, 15.00, 11.722, 2.53, 15.03, 0.011, 203.16, 22.27);
insert into SHOT values (9327, 9339, 9345, 3379, 8.950, 329.75, 16.80, 8.952, 329.72, 16.82, 0.005, 250.16, 40.19);
insert into SHOT values (9328, 9339, 9346, 3379, 1.070, 39.25, -57.50, 1.065, 39.29, -57.72, 0.007, 215.66, 20.73);
insert into SHOT values (9329, 9339, 9347, 3379, 1.560, 265.45, 26.60, 1.561, 265.07, 26.64, 0.009, 177.04, 9.11);
insert into SHOT values (9330, 9339, 9348, 3379, 2.020, 67.15, 44.70, 2.015, 67.38, 44.80, 0.008, 202.43, -5.97);
insert into SHOT values (9331, 9339, 9349, 3379, 4.040, 147.35, -30.60, 4.004, 147.32, -30.63, 0.036, 329.94, 27.17);
insert into SHOT values (9332, 9349, 9350, 3379, 3.470, 184.35, -2.80, 3.475, 184.46, -2.80, 0.008, 240.15, -3.40);
insert into SHOT values (9333, 9349, 9351, 3379, 5.720, 193.35, 37.50, 5.723, 193.36, 37.45, 0.006, 206.10, -22.33);
insert into SHOT values (9334, 9349, 9352, 3379, 3.850, 333.75, 48.50, 3.849, 333.74, 48.44, 0.004, 320.91, -53.20);
insert into SHOT values (9335, 9349, 9353, 3379, 6.550, 319.65, 12.60, 6.550, 319.63, 12.61, 0.002, 219.25, 31.22);
insert into SHOT values (9336, 9349, 9354, 3379, 1.300, 338.55, -34.20, 1.301, 338.20, -34.13, 0.007, 263.90, 5.92);
insert into SHOT values (9337, 9349, 9355, 3379, 4.450, 32.15, -52.80, 4.455, 32.10, -52.83, 0.006, 321.33, -64.03);
insert into SHOT values (9338, 9349, 9356, 3379, 2.730, 173.95, -67.20, 2.732, 174.02, -67.27, 0.004, 323.09, -52.63);
insert into SHOT values (9339, 9349, 9357, 3379, 7.290, 287.05, 5.10, 7.319, 287.32, 5.09, 0.045, 336.41, 2.50);
insert into SCRAPS values (3381, 3375, 'SP-Alex6-1', 1, 54.38121, 1.69517);
 insert into SCRAPS values (3427, 3375, 'SP-Alex6-2', 1, 76.51676, 11.76931);
 insert into MAPS values (3437, 3375, 'MP-Alex6', 'Alex6', 1, 180.630, -11.370);
 insert into MAPITEMS values (3437, 4, 3381);
 insert into MAPITEMS values (3437, 4, 3427);
 insert into SURVEY values (3441, 2485, 'Alex7', 'Alex7.Tush-Yurruck.Koytendag', 'Alex7');
 insert into CENTRELINE values (3442, 3441, NULL, NULL, NULL, 0.00, 0.00, 0.00);
 insert into SURVEY values (3443, 3441, 'Tush-Yurruck_07', 'Tush-Yurruck_07.Alex7.Tush-Yurruck.Koytendag', 'Tush-Yurruck 07');
 insert into CENTRELINE values (3444, 3443, NULL, NULL, NULL, 0.00, 0.00, 0.00);
 insert into CENTRELINE values (3445, 3443, NULL, '2024-04-29', NULL, 269.20, 0.00, 0.00);
 insert into TOPO values (6, 3445);
 insert into TOPO values (7, 3445);
 insert into SHOT values (9340, 9358, 9359, 3445, 4.790, 226.95, 0.10, 4.790, 226.95, 0.12, 0.002, 119.13, 76.77);
insert into SHOT values (9341, 9358, 9360, 3445, 13.650, 186.35, 0.70, 13.655, 186.35, 0.67, 0.008, 184.30, -54.77);
insert into SHOT values (9342, 9358, 9361, 3445, 34.100, 154.05, 1.90, 34.103, 154.06, 1.90, 0.006, 214.80, -5.66);
insert into SHOT values (9343, 9358, 9362, 3445, 2.090, 55.55, -2.00, 2.087, 55.55, -2.20, 0.008, 237.08, -67.87);
insert into SHOT values (9344, 9358, 9363, 3445, 5.120, 58.65, 2.40, 5.120, 58.67, 2.35, 0.005, 136.76, -66.35);
insert into SHOT values (9345, 9358, 9364, 3445, 19.120, 37.35, 3.50, 19.120, 37.36, 3.48, 0.008, 117.55, -74.16);
insert into SHOT values (9346, 9358, 9365, 3445, 12.260, 12.55, 3.80, 12.259, 12.56, 3.79, 0.003, 112.34, -51.90);
insert into SHOT values (9347, 9358, 9366, 3445, 0.840, 126.75, 77.60, 0.839, 128.16, 77.75, 0.005, 245.38, -4.65);
insert into SHOT values (9348, 9358, 9367, 3445, 0.380, 172.85, -78.90, 0.387, 171.87, -79.46, 0.008, 19.05, -68.92);
insert into SHOT values (9349, 9358, 9368, 3445, 14.710, 95.15, 3.00, 14.688, 95.36, 2.54, 0.132, 201.80, -65.23);
insert into SHOT values (9350, 9368, 9369, 3445, 9.160, 72.95, 1.00, 9.153, 72.97, 1.00, 0.008, 228.77, 0.96);
insert into SHOT values (9351, 9368, 9370, 3445, 11.400, 100.95, 3.40, 11.397, 100.94, 3.42, 0.005, 301.53, 50.59);
insert into SHOT values (9352, 9368, 9371, 3445, 22.960, 207.45, 2.10, 22.960, 207.46, 2.10, 0.004, 292.86, -21.87);
insert into SHOT values (9353, 9368, 9372, 3445, 0.170, 218.55, 0.80, 0.170, 220.24, 0.00, 0.006, 305.85, -25.32);
insert into SHOT values (9354, 9368, 9373, 3445, 18.310, 260.15, -0.30, 18.310, 260.16, -0.31, 0.005, 356.18, -62.10);
insert into SHOT values (9355, 9368, 9374, 3445, 11.490, 3.25, 3.50, 11.490, 3.25, 3.49, 0.001, 241.09, -80.14);
insert into SHOT values (9356, 9368, 9375, 3445, 0.690, 171.05, 84.40, 0.694, 171.87, 84.15, 0.005, 187.75, 43.09);
insert into SHOT values (9357, 9368, 9376, 3445, 0.520, 146.15, -85.30, 0.522, 153.43, -85.08, 0.006, 218.98, -16.42);
insert into SHOT values (9358, 9368, 9377, 3445, 17.070, 145.35, 1.60, 17.066, 145.97, 1.04, 0.248, 235.80, -42.29);
insert into SHOT values (9359, 9377, 9378, 3445, 16.910, 202.35, 1.10, 16.904, 202.36, 1.12, 0.009, 352.59, 38.12);
insert into SHOT values (9360, 9377, 9379, 3445, 21.080, 246.55, 0.20, 21.082, 246.55, 0.22, 0.007, 220.06, 74.60);
insert into SHOT values (9361, 9377, 9380, 3445, 12.560, 155.05, 1.60, 12.554, 155.07, 1.60, 0.007, 299.55, -5.71);
insert into SHOT values (9362, 9377, 9381, 3445, 13.700, 98.85, 1.20, 13.695, 98.82, 1.21, 0.009, 331.77, 20.45);
insert into SHOT values (9363, 9377, 9382, 3445, 23.400, 335.05, -0.50, 23.404, 335.06, -0.49, 0.006, 3.97, 42.63);
insert into SHOT values (9364, 9377, 9383, 3445, 12.530, 6.55, 0.30, 12.532, 6.55, 0.32, 0.005, 19.15, 64.69);
insert into SHOT values (9365, 9377, 9384, 3445, 0.730, 272.15, 82.10, 0.737, 275.71, 82.16, 0.009, 2.42, 47.99);
insert into SHOT values (9366, 9377, 9385, 3445, 0.700, 305.85, -79.70, 0.702, 308.66, -79.49, 0.007, 12.22, -10.59);
insert into SHOT values (9367, 9377, 9386, 3445, 9.980, 127.55, 1.00, 9.956, 127.86, 0.69, 0.080, 240.82, -42.77);
insert into SHOT values (9368, 9386, 9387, 3445, 15.560, 22.15, 0.40, 15.560, 22.16, 0.41, 0.004, 110.57, 20.31);
insert into SHOT values (9369, 9386, 9388, 3445, 11.130, 89.95, 1.40, 11.133, 89.95, 1.39, 0.004, 84.43, -30.01);
insert into SHOT values (9370, 9386, 9389, 3445, 11.000, 193.35, -0.40, 11.007, 193.34, -0.42, 0.008, 181.08, -23.11);
insert into SHOT values (9371, 9386, 9390, 3445, 0.690, 257.65, 81.90, 0.686, 257.47, 82.28, 0.006, 80.93, -31.75);
insert into SHOT values (9372, 9386, 9391, 3445, 0.570, 216.55, -86.80, 0.571, 213.69, -86.38, 0.005, 193.32, -11.02);
insert into SHOT values (9373, 9386, 9392, 3445, 14.690, 112.25, -1.00, 14.673, 112.61, -1.48, 0.156, 214.59, -52.37);
insert into SHOT values (9374, 9392, 9393, 3445, 8.250, 98.15, 5.60, 8.251, 98.12, 5.56, 0.007, 29.89, -47.60);
insert into SHOT values (9375, 9392, 9394, 3445, 3.340, 29.55, 11.40, 3.344, 29.61, 11.38, 0.006, 71.33, -1.81);
insert into SHOT values (9376, 9392, 9395, 3445, 15.490, 194.45, -1.00, 15.491, 194.43, -1.00, 0.005, 115.92, 3.66);
insert into SHOT values (9377, 9392, 9396, 3445, 10.620, 233.65, -3.20, 10.617, 233.67, -3.24, 0.009, 1.80, -56.18);
insert into SHOT values (9378, 9392, 9397, 3445, 0.720, 90.25, 75.60, 0.713, 90.00, 75.38, 0.007, 50.40, -80.56);
insert into SHOT values (9379, 9392, 9398, 3445, 0.600, 156.35, -76.50, 0.607, 155.22, -76.36, 0.008, 113.99, -57.61);
insert into SHOT values (9380, 9392, 9399, 3445, 10.930, 150.85, -0.00, 10.925, 151.28, -0.42, 0.114, 245.12, -44.46);
insert into SHOT values (9381, 9399, 9400, 3445, 12.970, 266.15, -1.40, 12.963, 266.15, -1.37, 0.010, 85.29, 44.97);
insert into SHOT values (9382, 9399, 9401, 3445, 10.640, 230.95, -1.40, 10.639, 230.95, -1.40, 0.001, 25.06, -1.87);
insert into SHOT values (9383, 9399, 9402, 3445, 10.080, 147.75, -1.70, 10.081, 147.73, -1.65, 0.010, 71.36, 67.43);
insert into SHOT values (9384, 9399, 9403, 3445, 11.860, 65.35, 4.80, 11.869, 65.36, 4.83, 0.011, 84.12, 41.37);
insert into SHOT values (9385, 9399, 9404, 3445, 6.010, 21.85, 9.20, 6.015, 21.86, 9.28, 0.010, 29.24, 66.16);
insert into SHOT values (9386, 9399, 9405, 3445, 0.710, 224.65, 70.80, 0.717, 225.00, 71.59, 0.012, 33.83, 52.23);
insert into SHOT values (9387, 9399, 9406, 3445, 0.550, 101.85, -57.20, 0.552, 101.31, -56.37, 0.009, 81.99, 15.23);
insert into SHOT values (9388, 9399, 9407, 3445, 17.730, 182.95, -1.50, 17.729, 182.94, -1.49, 0.005, 78.87, 61.36);
insert into SHOT values (9389, 9407, 9408, 3445, 3.140, 322.35, 2.20, 3.140, 322.51, 2.19, 0.009, 49.16, -3.52);
insert into SHOT values (9390, 9407, 9409, 3445, 4.570, 122.95, 15.00, 4.573, 122.90, 14.95, 0.006, 80.48, -25.55);
insert into SHOT values (9391, 9407, 9410, 3445, 4.200, 199.15, 16.10, 4.198, 199.11, 16.18, 0.007, 62.32, 51.25);
insert into SHOT values (9392, 9407, 9411, 3445, 0.640, 344.05, 80.70, 0.639, 343.30, 80.59, 0.002, 289.37, -43.49);
insert into SHOT values (9393, 9407, 9412, 3445, 0.410, 124.45, -57.90, 0.411, 123.69, -58.28, 0.004, 5.93, -39.37);
insert into SHOT values (9394, 9407, 9413, 3445, 2.650, 264.05, 8.00, 2.650, 264.09, 8.03, 0.002, 2.10, 30.52);
insert into SHOT values (9395, 9413, 9414, 3445, 1.610, 199.55, 26.00, 1.608, 199.44, 26.21, 0.007, 49.35, 37.12);
insert into SHOT values (9396, 9413, 9415, 3445, 4.430, 299.15, 4.30, 4.431, 299.12, 4.27, 0.003, 227.86, -39.09);
insert into SHOT values (9397, 9413, 9416, 3445, 3.600, 0.05, 13.40, 3.597, 0.16, 13.34, 0.008, 106.03, -30.75);
insert into SHOT values (9398, 9413, 9417, 3445, 2.230, 67.35, 16.00, 2.228, 67.50, 15.89, 0.007, 162.72, -39.04);
insert into SHOT values (9399, 9413, 9418, 3445, 3.680, 148.55, 26.40, 3.680, 148.53, 26.46, 0.004, 5.50, 61.82);
insert into SHOT values (9400, 9413, 9419, 3445, 1.100, 358.15, 83.40, 1.098, 0.00, 83.20, 0.006, 48.31, -26.38);
insert into SHOT values (9401, 9413, 9420, 3445, 0.870, 19.95, -76.30, 0.874, 20.22, -76.60, 0.006, 184.73, -52.12);
insert into SHOT values (9402, 9413, 9421, 3445, 6.680, 255.15, 5.10, 6.680, 255.11, 5.07, 0.006, 164.45, -37.52);
insert into SHOT values (9403, 9421, 9422, 3445, 1.090, 299.75, 14.50, 1.098, 299.95, 14.77, 0.010, 329.05, 43.74);
insert into SHOT values (9404, 9421, 9423, 3445, 2.660, 48.35, 7.30, 2.663, 48.22, 7.33, 0.007, 347.15, 16.63);
insert into SHOT values (9405, 9421, 9424, 3445, 1.220, 180.15, -1.20, 1.220, 180.00, -0.94, 0.006, 94.86, 59.97);
insert into SHOT values (9406, 9421, 9425, 3445, 4.230, 123.95, 8.80, 4.230, 123.88, 8.84, 0.006, 28.13, 29.21);
insert into SHOT values (9407, 9421, 9426, 3445, 3.960, 90.15, 9.80, 3.959, 90.15, 9.89, 0.006, 275.91, 69.66);
insert into SHOT values (9408, 9421, 9427, 3445, 2.070, 260.45, 74.30, 2.076, 260.71, 74.43, 0.008, 39.08, 62.42);
insert into SHOT values (9409, 9421, 9428, 3445, 0.790, 119.25, -85.10, 0.783, 116.57, -85.08, 0.008, 20.73, 65.93);
insert into SHOT values (9410, 9421, 9429, 3445, 3.110, 199.45, -23.90, 3.110, 199.52, -23.90, 0.003, 288.36, -0.16);
insert into SHOT values (9411, 9429, 9430, 3445, 3.820, 84.65, 3.20, 3.823, 84.59, 3.30, 0.008, 30.34, 53.04);
insert into SHOT values (9412, 9429, 9431, 3445, 2.290, 258.35, 3.40, 2.281, 258.34, 3.52, 0.010, 79.75, 24.90);
insert into SHOT values (9413, 9429, 9432, 3445, 1.620, 190.15, 2.50, 1.616, 189.99, 2.48, 0.006, 59.06, -6.22);
insert into SHOT values (9414, 9429, 9433, 3445, 2.110, 130.35, 3.90, 2.113, 130.19, 4.07, 0.009, 62.42, 45.31);
insert into SHOT values (9415, 9429, 9434, 3445, 1.730, 318.85, 2.60, 1.724, 319.00, 2.66, 0.007, 100.47, 11.71);
insert into SHOT values (9416, 9429, 9435, 3445, 0.880, 153.85, 69.90, 0.884, 152.59, 69.88, 0.008, 77.69, 27.62);
insert into SHOT values (9417, 9429, 9436, 3445, 0.450, 212.25, -77.30, 0.450, 212.01, -77.90, 0.005, 37.27, -12.35);
insert into SHOT values (9418, 9429, 9437, 3445, 3.600, 156.05, -8.70, 3.600, 155.96, -8.63, 0.007, 68.09, 37.73);
insert into SHOT values (9419, 9437, 9438, 3445, 0.520, 256.85, 1.20, 0.524, 256.76, 1.09, 0.004, 245.25, -12.18);
insert into SHOT values (9420, 9437, 9439, 3445, 0.890, 90.25, 2.80, 0.891, 90.00, 2.57, 0.005, 15.43, -40.81);
insert into SHOT values (9421, 9437, 9440, 3445, 1.600, 151.75, -3.60, 1.600, 151.99, -3.58, 0.007, 240.02, 3.96);
insert into SHOT values (9422, 9437, 9441, 3445, 1.370, 291.05, 13.80, 1.370, 291.16, 13.94, 0.004, 38.19, 49.95);
insert into SHOT values (9423, 9437, 9442, 3445, 1.350, 12.15, 2.90, 1.351, 11.98, 2.97, 0.005, 297.08, 21.83);
insert into SHOT values (9424, 9437, 9443, 3445, 0.620, 1.05, 85.30, 0.622, 0.00, 85.39, 0.002, 229.57, 59.60);
insert into SHOT values (9425, 9437, 9444, 3445, 0.430, 87.85, -85.90, 0.431, 90.00, -86.01, 0.002, 212.06, -38.96);
insert into SHOT values (9426, 9437, 9445, 3445, 3.590, 175.75, -7.10, 3.588, 175.81, -7.21, 0.008, 303.80, -52.50);
insert into SHOT values (9427, 9445, 9446, 3445, 0.720, 275.95, -0.60, 0.713, 275.63, 0.00, 0.011, 127.30, 44.60);
insert into SHOT values (9428, 9445, 9447, 3445, 0.400, 111.25, 12.90, 0.406, 110.73, 12.82, 0.007, 78.72, 5.93);
insert into SHOT values (9429, 9445, 9448, 3445, 0.440, 142.55, 69.20, 0.451, 142.43, 68.67, 0.012, 140.04, 48.15);
insert into SHOT values (9430, 9445, 9449, 3445, 0.360, 342.25, -86.30, 0.351, 0.00, -86.73, 0.012, 106.71, 51.36);
insert into SHOT values (9431, 9445, 9450, 3445, 3.840, 188.65, -3.00, 3.838, 188.55, -2.99, 0.007, 80.60, 8.07);
insert into SHOT values (9432, 9450, 9451, 3445, 0.760, 280.05, -2.80, 0.762, 279.83, -2.26, 0.008, 225.98, 63.49);
insert into SHOT values (9433, 9450, 9452, 3445, 0.770, 118.35, 2.10, 0.766, 118.91, 2.24, 0.009, 237.38, 11.80);
insert into SHOT values (9434, 9450, 9453, 3445, 0.600, 166.85, 78.80, 0.602, 170.54, 78.35, 0.009, 224.99, 8.80);
insert into SHOT values (9435, 9450, 9454, 3445, 0.480, 293.45, -77.90, 0.482, 291.80, -77.09, 0.008, 269.70, -4.93);
insert into SHOT values (9436, 9421, 9455, 3445, 1.240, 241.35, 14.10, 1.234, 241.50, 14.55, 0.012, 39.22, 42.85);
insert into SHOT values (9437, 9455, 9456, 3445, 7.990, 268.25, 16.50, 7.990, 268.21, 16.43, 0.011, 203.21, -54.57);
insert into SHOT values (9438, 9456, 9457, 3445, 0.540, 186.95, -2.20, 0.535, 187.52, -2.14, 0.007, 320.15, 5.67);
insert into SHOT values (9439, 9456, 9458, 3445, 0.440, 1.55, 0.70, 0.440, 1.30, 1.30, 0.005, 275.82, 67.54);
insert into SHOT values (9440, 9456, 9459, 3445, 1.030, 22.95, 84.50, 1.035, 23.96, 84.54, 0.005, 121.06, 69.66);
insert into SHOT values (9441, 9456, 9460, 3445, 2.210, 250.55, -84.30, 2.201, 251.57, -84.23, 0.010, 315.55, 64.51);
insert into SHOT values (9442, 9399, 9461, 3445, 6.290, 228.95, -0.70, 6.317, 229.04, -0.91, 0.037, 250.36, -39.11);
insert into SHOT values (9443, 9461, 9462, 3445, 4.630, 193.45, 2.20, 4.629, 193.38, 2.23, 0.007, 92.87, 20.21);
insert into SHOT values (9444, 9461, 9463, 3445, 18.590, 333.85, 0.60, 18.592, 333.86, 0.59, 0.006, 34.40, -46.16);
insert into SHOT values (9445, 9461, 9464, 3445, 12.350, 17.45, 2.90, 12.354, 17.45, 2.92, 0.006, 20.16, 54.56);
insert into SHOT values (9446, 9461, 9465, 3445, 6.400, 98.35, 1.10, 6.408, 98.26, 1.07, 0.013, 44.25, -12.50);
insert into SHOT values (9447, 9461, 9466, 3445, 4.540, 189.65, -1.80, 4.536, 189.65, -1.77, 0.004, 10.76, 35.80);
insert into SHOT values (9448, 9461, 9467, 3445, 18.000, 271.65, 1.20, 18.027, 271.46, 0.60, 0.198, 208.34, -70.51);
insert into SHOT values (9449, 9461, 9468, 3445, 0.600, 262.25, 75.30, 0.599, 262.41, 75.38, 0.001, 58.42, -19.57);
insert into SHOT values (9450, 9461, 9469, 3445, 0.540, 34.15, -86.90, 0.541, 33.69, -86.18, 0.007, 31.73, -6.57);
insert into SHOT values (9451, 9467, 9470, 3445, 5.640, 281.85, 10.20, 5.638, 281.86, 10.22, 0.003, 87.49, 25.84);
insert into SHOT values (9452, 9467, 9471, 3445, 15.840, 327.65, 3.70, 15.832, 327.67, 3.69, 0.009, 114.45, -13.81);
insert into SHOT values (9453, 9467, 9472, 3445, 17.570, 347.85, 2.00, 17.563, 347.86, 1.99, 0.009, 136.45, -21.11);
insert into SHOT values (9454, 9467, 9473, 3445, 11.290, 17.15, 0.00, 11.283, 17.17, 0.00, 0.008, 174.03, 0.00);
insert into SHOT values (9455, 9467, 9474, 3445, 8.620, 61.95, -0.20, 8.621, 61.98, -0.20, 0.004, 143.32, 1.20);
insert into SHOT values (9456, 9467, 9475, 3445, 7.200, 119.35, -2.30, 7.210, 119.34, -2.31, 0.010, 112.30, -6.00);
insert into SHOT values (9457, 9467, 9476, 3445, 6.120, 244.75, 11.20, 6.120, 244.76, 11.21, 0.002, 350.49, 55.68);
insert into SHOT values (9458, 9467, 9477, 3445, 3.770, 172.85, 9.50, 3.771, 172.74, 9.46, 0.008, 94.89, -17.14);
insert into SHOT values (9459, 9467, 9478, 3445, 0.850, 118.05, 87.10, 0.851, 116.57, 86.99, 0.002, 83.80, 27.86);
insert into SHOT values (9460, 9467, 9479, 3445, 0.680, 183.45, -71.00, 0.677, 182.60, -71.01, 0.005, 73.49, 40.43);
insert into SHOT values (9461, 9467, 9480, 3445, 6.200, 198.55, 11.30, 6.205, 198.49, 11.34, 0.009, 145.28, 34.84);
insert into SHOT values (9462, 9480, 9481, 3445, 2.740, 115.55, 15.40, 2.735, 115.59, 15.26, 0.008, 258.58, -66.23);
insert into SHOT values (9463, 9480, 9482, 3445, 1.980, 265.75, 19.90, 1.982, 265.70, 19.76, 0.006, 238.74, -45.25);
insert into SHOT values (9464, 9480, 9483, 3445, 1.100, 84.85, 77.90, 1.095, 85.03, 77.82, 0.006, 153.31, -82.02);
insert into SHOT values (9465, 9480, 9484, 3445, 0.640, 146.95, -86.80, 0.641, 146.31, -86.78, 0.001, 96.06, -62.51);
insert into SHOT values (9466, 9480, 9485, 3445, 4.260, 238.55, 28.00, 4.260, 238.59, 28.00, 0.003, 334.38, 1.06);
insert into SHOT values (9467, 9485, 9486, 3445, 2.030, 60.75, 24.10, 2.031, 60.68, 23.81, 0.011, 35.17, -57.93);
insert into SHOT values (9468, 9485, 9487, 3445, 2.640, 240.75, 29.10, 2.637, 240.66, 29.03, 0.006, 137.43, -45.16);
insert into SHOT values (9469, 9485, 9488, 3445, 3.630, 346.35, 5.00, 3.625, 346.39, 4.91, 0.008, 140.22, -50.41);
insert into SHOT values (9470, 9485, 9489, 3445, 2.950, 31.45, 15.70, 2.945, 31.45, 15.56, 0.009, 212.72, -68.53);
insert into SHOT values (9471, 9485, 9490, 3445, 2.400, 300.85, 14.90, 2.398, 300.88, 14.74, 0.007, 59.58, -79.42);
insert into SHOT values (9472, 9485, 9491, 3445, 1.350, 296.65, 87.00, 1.342, 296.57, 87.13, 0.009, 118.25, -66.33);
insert into SHOT values (9473, 9485, 9492, 3445, 0.860, 246.95, -79.40, 0.864, 246.80, -79.84, 0.008, 70.80, -38.41);
insert into SHOT values (9474, 9485, 9493, 3445, 5.530, 142.85, -0.00, 5.532, 142.86, 0.00, 0.002, 169.35, 0.00);
insert into SHOT values (9475, 9493, 9494, 3445, 1.540, 71.05, 12.50, 1.538, 70.96, 12.39, 0.004, 311.10, -51.18);
insert into SHOT values (9476, 9493, 9495, 3445, 0.820, 262.65, 0.10, 0.816, 262.96, 0.00, 0.006, 33.65, -13.67);
insert into SHOT values (9477, 9493, 9496, 3445, 3.160, 224.95, 81.80, 3.153, 225.00, 81.75, 0.008, 237.02, -76.25);
insert into SHOT values (9478, 9493, 9497, 3445, 2.380, 167.55, -86.10, 2.386, 165.96, -86.04, 0.008, 110.72, -45.30);
insert into SHOT values (9479, 9493, 9498, 3445, 10.020, 160.85, 19.30, 10.016, 160.86, 19.30, 0.005, 328.05, -22.58);
insert into SHOT values (9480, 9498, 9499, 3445, 1.870, 293.45, -6.20, 1.865, 293.52, -6.16, 0.006, 88.09, 19.54);
insert into SHOT values (9481, 9498, 9500, 3445, 2.530, 254.35, 0.90, 2.524, 254.37, 0.91, 0.006, 67.88, 2.34);
insert into SHOT values (9482, 9498, 9501, 3445, 1.230, 181.95, 1.30, 1.231, 181.86, 1.40, 0.003, 119.12, 44.74);
insert into SHOT values (9483, 9498, 9502, 3445, 3.870, 9.45, 1.50, 3.865, 9.54, 1.48, 0.008, 142.11, -9.47);
insert into SHOT values (9484, 9498, 9503, 3445, 2.250, 325.45, 83.40, 2.244, 326.31, 83.54, 0.009, 114.23, -34.86);
insert into SHOT values (9485, 9498, 9504, 3445, 1.760, 343.35, -82.70, 1.764, 344.05, -82.89, 0.007, 136.25, -35.89);
insert into SHOT values (9486, 9498, 9505, 3445, 3.260, 235.55, -4.60, 3.261, 235.53, -4.57, 0.002, 192.22, 38.04);
insert into SHOT values (9487, 9505, 9506, 3445, 1.330, 133.95, -2.50, 1.331, 133.78, -2.58, 0.004, 57.17, -26.24);
insert into SHOT values (9488, 9505, 9507, 3445, 0.580, 315.85, -3.40, 0.581, 316.40, -3.95, 0.008, 35.67, -44.88);
insert into SHOT values (9489, 9505, 9508, 3445, 0.800, 125.55, 81.00, 0.801, 122.47, 80.63, 0.009, 71.34, -1.00);
insert into SHOT values (9490, 9505, 9509, 3445, 0.580, 314.05, -71.90, 0.589, 315.00, -71.83, 0.010, 354.06, -61.42);
insert into SHOT values (9491, 9505, 9510, 3445, 3.270, 207.65, 39.70, 3.269, 207.48, 39.74, 0.008, 100.39, 9.07);
insert into SHOT values (9492, 9510, 9511, 3445, 0.580, 324.75, 3.40, 0.581, 324.12, 2.96, 0.008, 244.25, -34.12);
insert into SHOT values (9493, 9510, 9512, 3445, 0.550, 137.45, 2.70, 0.545, 137.23, 2.10, 0.008, 342.25, -49.95);
insert into SHOT values (9494, 9510, 9513, 3445, 0.290, 174.15, 85.40, 0.281, 180.00, 85.91, 0.010, 322.92, -66.56);
insert into SHOT values (9495, 9510, 9514, 3445, 0.530, 267.55, -70.80, 0.541, 266.82, -70.53, 0.011, 246.49, -56.02);
insert into SHOT values (9496, 9467, 9515, 3445, 10.810, 326.65, 1.70, 10.811, 326.28, 1.33, 0.099, 239.01, -45.37);
insert into SHOT values (9497, 9515, 9516, 3445, 9.590, 25.35, 0.20, 9.582, 25.33, 0.24, 0.011, 222.34, 36.55);
insert into SHOT values (9498, 9515, 9517, 3445, 3.490, 249.75, 0.40, 3.496, 249.75, 0.49, 0.008, 250.14, 42.48);
insert into SHOT values (9499, 9515, 9518, 3445, 6.510, 164.95, 3.30, 6.512, 165.02, 3.35, 0.010, 243.88, 31.93);
insert into SHOT values (9500, 9515, 9519, 3445, 1.030, 287.15, 78.70, 1.031, 286.70, 78.32, 0.007, 273.89, -0.26);
insert into SHOT values (9501, 9515, 9520, 3445, 0.340, 44.65, -70.40, 0.339, 45.00, -70.53, 0.001, 187.71, 14.61);
insert into SHOT values (9502, 9515, 9521, 3445, 12.690, 209.65, 8.40, 12.691, 209.65, 8.43, 0.006, 78.57, 85.90);
insert into SHOT values (9503, 9515, 9522, 3445, 10.430, 293.05, 0.10, 10.456, 292.79, -0.27, 0.087, 231.71, -51.41);
insert into SHOT values (9504, 9522, 9523, 3445, 4.890, 257.55, 0.00, 4.886, 257.47, 0.00, 0.008, 139.12, 0.00);
insert into SHOT values (9505, 9522, 9524, 3445, 7.820, 187.75, -3.20, 7.823, 187.73, -3.15, 0.008, 140.33, 55.02);
insert into SHOT values (9506, 9522, 9525, 3445, 3.610, 131.55, 0.60, 3.613, 131.63, 0.63, 0.006, 194.60, 20.43);
insert into SHOT values (9507, 9522, 9526, 3445, 11.570, 53.85, 2.10, 11.573, 53.86, 2.13, 0.007, 98.24, 57.78);
insert into SHOT values (9508, 9522, 9527, 3445, 2.950, 29.85, 0.60, 2.944, 29.96, 0.78, 0.013, 168.24, 46.43);
insert into SHOT values (9509, 9522, 9528, 3445, 0.890, 184.35, 68.70, 0.893, 183.47, 68.28, 0.009, 149.37, 5.12);
insert into SHOT values (9510, 9522, 9529, 3445, 0.510, 230.45, -77.70, 0.501, 228.81, -77.76, 0.009, 102.26, 65.03);
insert into SHOT values (9511, 9522, 9530, 3445, 4.770, 157.85, -5.10, 4.769, 157.86, -5.05, 0.004, 290.43, 70.82);
insert into SHOT values (9512, 9530, 9531, 3445, 1.240, 218.45, 3.10, 1.240, 218.44, 3.24, 0.003, 189.76, 83.78);
insert into SHOT values (9513, 9530, 9532, 3445, 0.350, 57.65, 3.30, 0.350, 59.04, 3.27, 0.008, 145.38, -1.00);
insert into SHOT values (9514, 9530, 9533, 3445, 0.940, 197.15, 73.40, 0.940, 197.10, 73.18, 0.004, 193.45, -13.27);
insert into SHOT values (9515, 9530, 9534, 3445, 0.420, 222.85, -71.60, 0.422, 221.99, -71.41, 0.003, 176.73, -27.64);
insert into SHOT values (9516, 9530, 9535, 3445, 7.290, 157.15, -1.90, 7.296, 157.16, -1.89, 0.006, 172.84, 16.31);
insert into SHOT values (9517, 9535, 9536, 3445, 0.350, 64.25, -6.90, 0.347, 64.18, -6.63, 0.004, 252.15, 33.35);
insert into SHOT values (9518, 9535, 9537, 3445, 0.360, 223.75, -11.50, 0.354, 223.83, -11.42, 0.006, 39.26, 15.86);
insert into SHOT values (9519, 9535, 9538, 3445, 0.380, 66.35, 87.00, 0.381, 63.43, 86.63, 0.003, 41.40, 10.93);
insert into SHOT values (9520, 9535, 9539, 3445, 0.410, 240.45, -76.70, 0.411, 237.99, -76.73, 0.004, 149.50, -13.85);
insert into SHOT values (9521, 9522, 9540, 3445, 8.720, 340.15, -1.90, 8.722, 339.80, -2.17, 0.067, 251.06, -37.34);
insert into SHOT values (9522, 9540, 9541, 3445, 7.970, 227.25, -2.20, 7.974, 227.24, -2.23, 0.006, 203.78, -43.07);
insert into SHOT values (9523, 9540, 9542, 3445, 12.980, 277.75, -1.40, 12.982, 277.75, -1.41, 0.004, 272.81, -50.00);
insert into SHOT values (9524, 9540, 9543, 3445, 13.470, 354.35, 2.70, 13.460, 354.37, 2.68, 0.012, 154.46, -22.86);
insert into SHOT values (9525, 9540, 9544, 3445, 23.700, 33.05, 1.20, 23.698, 33.05, 1.18, 0.007, 251.83, -67.35);
insert into SHOT values (9526, 9540, 9545, 3445, 25.400, 61.05, 1.10, 25.397, 61.05, 1.11, 0.004, 219.63, 36.98);
insert into SHOT values (9527, 9540, 9546, 3445, 0.860, 279.65, 47.00, 0.861, 278.82, 47.03, 0.009, 192.08, 6.94);
insert into SHOT values (9528, 9540, 9547, 3445, 0.490, 51.85, -80.30, 0.488, 54.46, -79.84, 0.006, 101.13, 30.07);
insert into SHOT values (9529, 9540, 9548, 3445, 8.540, 308.95, -1.20, 8.555, 308.64, -1.54, 0.070, 235.52, -46.54);
insert into SHOT values (9530, 9548, 9549, 3445, 10.560, 305.35, -5.10, 10.557, 305.32, -5.05, 0.010, 190.57, 57.17);
insert into SHOT values (9531, 9548, 9550, 3445, 22.460, 48.05, 2.70, 22.465, 48.05, 2.70, 0.005, 59.01, 21.38);
insert into SHOT values (9532, 9548, 9551, 3445, 22.500, 77.25, 2.70, 22.499, 77.25, 2.70, 0.001, 262.50, 6.93);
insert into SHOT values (9533, 9548, 9552, 3445, 3.420, 98.55, 2.20, 3.421, 98.58, 2.35, 0.009, 165.22, 77.26);
insert into SHOT values (9534, 9548, 9553, 3445, 10.540, 178.75, -0.50, 10.543, 178.75, -0.49, 0.004, 177.79, 34.19);
insert into SHOT values (9535, 9548, 9554, 3445, 4.490, 268.25, -1.90, 4.484, 268.21, -1.79, 0.011, 118.65, 55.05);
insert into SHOT values (9536, 9548, 9555, 3445, 12.260, 227.65, 5.20, 12.262, 227.62, 5.24, 0.011, 145.59, 55.71);
insert into SHOT values (9537, 9555, 9556, 3445, 1.960, 316.05, 1.80, 1.960, 316.03, 1.75, 0.002, 223.12, -70.63);
insert into SHOT values (9538, 9555, 9557, 3445, 1.020, 157.45, 12.90, 1.019, 157.56, 12.46, 0.008, 216.14, -74.24);
insert into SHOT values (9539, 9555, 9558, 3445, 1.170, 182.55, 74.10, 1.165, 183.58, 74.03, 0.008, 272.14, -42.37);
insert into SHOT values (9540, 9555, 9559, 3445, 1.120, 177.55, -81.10, 1.123, 176.63, -81.28, 0.005, 39.76, -40.68);
insert into SHOT values (9541, 9548, 9560, 3445, 15.860, 0.15, 0.50, 15.850, 359.60, 0.00, 0.205, 266.47, -42.35);
insert into SHOT values (9542, 9560, 9358, 3445, 3.190, 233.65, -6.10, 3.217, 233.78, -6.25, 0.029, 248.52, -22.08);
insert into SCRAPS values (3447, 3441, 'SP-Alex7-1', 1, 100.00000, 1.05303);
 insert into MAPS values (3539, 3441, 'MP-Alex7', 'Alex7', 1, 269.200, -10.400);
 insert into MAPITEMS values (3539, 4, 3447);
 insert into SURVEY values (3543, 50, 'Vertikalnaya', 'Vertikalnaya.Koytendag', 'Vertikalnaya');
 insert into CENTRELINE values (3544, 3543, NULL, NULL, NULL, 0.00, 0.00, 0.00);
 insert into SURVEY values (3545, 3543, 'Vertikalnaya', 'Vertikalnaya.Vertikalnaya.Koytendag', 'Vertikalnaya');
 insert into CENTRELINE values (3546, 3545, NULL, NULL, NULL, 0.00, 0.00, 0.00);
 insert into CENTRELINE values (3547, 3545, NULL, '2024-04-22', NULL, 544.83, 0.00, 0.00);
 insert into TOPO values (4, 3547);
 insert into TOPO values (1, 3547);
 insert into TOPO values (9, 3547);
 insert into TOPO values (7, 3547);
 insert into SHOT values (9543, 9561, 9562, 3547, 2.200, 227.25, 3.70, 2.198, 227.22, 3.65, 0.003, 82.81, -42.63);
insert into SHOT values (9544, 9561, 9563, 3547, 4.890, 166.75, -0.80, 4.890, 166.76, -0.82, 0.002, 228.48, -60.28);
insert into SHOT values (9545, 9561, 9564, 3547, 7.220, 133.75, -2.50, 7.221, 133.76, -2.46, 0.005, 195.08, 66.31);
insert into SHOT values (9546, 9561, 9565, 3547, 1.410, 80.45, 4.40, 1.413, 80.60, 4.46, 0.005, 131.81, 20.49);
insert into SHOT values (9547, 9561, 9566, 3547, 1.320, 141.85, -84.70, 1.316, 141.34, -84.42, 0.008, 131.33, 34.95);
insert into SHOT values (9548, 9561, 9567, 3547, 1.590, 84.25, -26.60, 1.585, 84.33, -26.61, 0.006, 241.65, 20.54);
insert into SHOT values (9549, 9561, 9568, 3547, 2.040, 225.15, -28.80, 2.040, 225.23, -28.71, 0.004, 286.30, 45.28);
insert into SHOT values (9550, 9561, 9569, 3547, 1.380, 166.75, 83.50, 1.379, 165.07, 83.54, 0.005, 63.82, -13.59);
insert into SHOT values (9551, 9561, 9570, 3547, 1.640, 208.95, 17.60, 1.645, 209.02, 17.70, 0.006, 237.89, 46.21);
insert into SHOT values (9552, 9561, 9571, 3547, 1.010, 90.15, 9.50, 1.014, 90.00, 9.65, 0.006, 56.04, 35.39);
insert into SHOT values (9553, 9561, 9572, 3547, 13.520, 141.65, -11.10, 13.515, 141.64, -11.09, 0.006, 337.11, 31.18);
insert into SHOT values (9554, 9572, 9573, 3547, 4.040, 123.65, -4.10, 4.049, 123.69, -4.11, 0.009, 142.21, -7.26);
insert into SHOT values (9555, 9572, 9574, 3547, 8.710, 160.95, -1.00, 8.717, 160.98, -0.99, 0.009, 197.08, 13.04);
insert into SHOT values (9556, 9572, 9575, 3547, 3.210, 221.15, -2.00, 3.213, 221.09, -1.96, 0.005, 167.44, 24.46);
insert into SHOT values (9557, 9572, 9576, 3547, 1.740, 59.05, -1.30, 1.736, 59.15, -1.32, 0.005, 201.77, -5.97);
insert into SHOT values (9558, 9572, 9577, 3547, 4.230, 349.95, 14.30, 4.222, 350.01, 14.26, 0.009, 138.47, -30.81);
insert into SHOT values (9559, 9572, 9578, 3547, 3.610, 287.75, 10.70, 3.611, 287.72, 10.69, 0.002, 229.45, -6.87);
insert into SHOT values (9560, 9572, 9579, 3547, 0.400, 183.35, 86.00, 0.401, 180.00, 85.71, 0.003, 142.77, 19.88);
insert into SHOT values (9561, 9572, 9580, 3547, 0.380, 346.95, -81.60, 0.383, 348.69, -82.36, 0.006, 148.13, -40.33);
insert into SHOT values (9562, 9572, 9581, 3547, 13.160, 132.75, 0.60, 13.170, 132.75, 0.57, 0.013, 138.39, -37.58);
insert into SHOT values (9563, 9581, 9582, 3547, 6.980, 65.45, -0.60, 6.972, 65.42, -0.58, 0.009, 269.89, 19.74);
insert into SHOT values (9564, 9581, 9583, 3547, 13.760, 77.65, -1.10, 13.753, 77.61, -1.08, 0.012, 309.03, 19.59);
insert into SHOT values (9565, 9581, 9584, 3547, 22.600, 87.95, -1.50, 22.592, 87.94, -1.50, 0.008, 281.40, 11.38);
insert into SHOT values (9566, 9581, 9585, 3547, 0.730, 120.65, -2.40, 0.723, 120.83, -2.38, 0.008, 283.65, 4.23);
insert into SHOT values (9567, 9581, 9586, 3547, 4.580, 262.45, 1.80, 4.582, 262.47, 1.88, 0.007, 308.06, 67.99);
insert into SHOT values (9568, 9581, 9587, 3547, 6.780, 320.15, 1.50, 6.790, 320.14, 1.52, 0.010, 313.83, 14.68);
insert into SHOT values (9569, 9581, 9588, 3547, 11.970, 298.05, 1.50, 11.980, 298.04, 1.53, 0.012, 288.79, 33.36);
insert into SHOT values (9570, 9581, 9589, 3547, 0.580, 155.25, 82.70, 0.584, 153.43, 83.40, 0.008, 352.96, 33.96);
insert into SHOT values (9571, 9581, 9590, 3547, 4.160, 12.65, -2.40, 4.164, 12.63, -2.34, 0.006, 357.84, 42.84);
insert into SHOT values (9572, 9581, 9591, 3547, 1.190, 52.35, -84.90, 1.185, 48.81, -84.85, 0.008, 325.10, 38.87);
insert into SHOT values (9573, 9581, 9592, 3547, 3.690, 11.25, -15.60, 3.693, 11.18, -15.55, 0.006, 321.73, 23.33);
insert into SHOT values (9574, 9581, 9593, 3547, 3.260, 15.75, 37.10, 3.267, 15.58, 37.09, 0.010, 322.49, 20.56);
insert into SHOT values (9575, 9581, 9594, 3547, 20.130, 84.65, -1.60, 20.126, 84.64, -1.59, 0.006, 308.70, 19.80);
insert into SHOT values (9576, 9594, 9595, 3547, 11.080, 139.35, -0.70, 11.085, 139.35, -0.67, 0.007, 149.51, 47.19);
insert into SHOT values (9577, 9594, 9596, 3547, 4.320, 131.35, 2.40, 4.319, 131.34, 2.39, 0.002, 353.86, -30.96);
insert into SHOT values (9578, 9594, 9597, 3547, 4.820, 186.75, 2.20, 4.818, 186.80, 2.26, 0.007, 307.88, 44.85);
insert into SHOT values (9579, 9594, 9598, 3547, 6.520, 236.95, 2.00, 6.517, 236.97, 2.02, 0.005, 24.07, 31.10);
insert into SHOT values (9580, 9594, 9599, 3547, 13.950, 258.25, 4.10, 13.947, 258.26, 4.11, 0.005, 36.14, 29.71);
insert into SHOT values (9581, 9594, 9600, 3547, 1.830, 291.05, 1.60, 1.834, 291.10, 1.56, 0.004, 316.93, -15.08);
insert into SHOT values (9582, 9594, 9601, 3547, 2.170, 220.85, 73.90, 2.175, 220.29, 73.90, 0.008, 143.11, 40.41);
insert into SHOT values (9583, 9594, 9602, 3547, 4.460, 221.25, 49.00, 4.463, 221.26, 49.03, 0.004, 264.31, 79.11);
insert into SHOT values (9584, 9594, 9603, 3547, 5.000, 204.35, 26.80, 5.006, 204.33, 26.84, 0.007, 179.15, 54.15);
insert into SHOT values (9585, 9594, 9604, 3547, 4.680, 202.45, -17.10, 4.675, 202.49, -17.04, 0.008, 335.62, 53.43);
insert into SHOT values (9586, 9594, 9605, 3547, 1.250, 143.05, -87.80, 1.251, 143.13, -87.71, 0.002, 145.05, -24.56);
insert into SHOT values (9587, 9594, 9606, 3547, 1.350, 22.85, -66.80, 1.350, 23.20, -66.74, 0.004, 91.46, 13.42);
insert into SHOT values (9588, 9594, 9607, 3547, 10.930, 138.55, 2.90, 10.932, 138.53, 2.94, 0.008, 64.79, 58.59);
insert into SHOT values (9589, 9607, 9608, 3547, 3.250, 10.45, -2.00, 3.245, 10.30, -2.12, 0.012, 245.41, -33.37);
insert into SHOT values (9590, 9607, 9609, 3547, 6.820, 60.65, 2.10, 6.819, 60.65, 2.10, 0.001, 223.16, 6.21);
insert into SHOT values (9591, 9607, 9610, 3547, 14.550, 86.55, 0.70, 14.547, 86.57, 0.67, 0.010, 204.03, -51.23);
insert into SHOT values (9592, 9607, 9611, 3547, 5.320, 98.45, 2.20, 5.311, 98.45, 2.16, 0.009, 277.58, -26.55);
insert into SHOT values (9593, 9607, 9612, 3547, 3.260, 286.65, -4.20, 3.264, 286.60, -4.22, 0.005, 253.23, -13.24);
insert into SHOT values (9594, 9607, 9613, 3547, 4.330, 293.05, -1.50, 4.335, 292.96, -1.59, 0.011, 236.18, -38.15);
insert into SHOT values (9595, 9607, 9614, 3547, 17.760, 302.65, -2.80, 17.764, 302.64, -2.81, 0.005, 269.93, -30.39);
insert into SHOT values (9596, 9607, 9615, 3547, 5.940, 322.85, -1.40, 5.940, 322.80, -1.45, 0.007, 231.31, -44.83);
insert into SHOT values (9597, 9607, 9616, 3547, 4.060, 343.15, -0.50, 4.056, 343.08, -0.57, 0.008, 209.58, -35.71);
insert into SHOT values (9598, 9607, 9617, 3547, 3.120, 359.75, 7.50, 3.116, 359.63, 7.38, 0.010, 243.11, -44.97);
insert into SHOT values (9599, 9607, 9618, 3547, 2.220, 0.45, 70.40, 2.217, 0.00, 70.50, 0.008, 231.29, -10.36);
insert into SHOT values (9600, 9607, 9619, 3547, 2.870, 9.55, 44.40, 2.863, 9.55, 44.31, 0.008, 184.76, -75.15);
insert into SHOT values (9601, 9607, 9620, 3547, 2.210, 17.85, 5.00, 2.203, 17.77, 4.95, 0.008, 220.62, -19.45);
insert into SHOT values (9602, 9607, 9621, 3547, 3.500, 18.05, -23.60, 3.503, 17.98, -23.74, 0.010, 278.54, -66.77);
insert into SHOT values (9603, 9607, 9622, 3547, 1.410, 115.05, -86.80, 1.412, 119.74, -86.73, 0.007, 191.06, -17.91);
insert into SHOT values (9604, 9607, 9623, 3547, 0.320, 192.05, 7.40, 0.320, 192.72, 7.17, 0.004, 275.22, -17.85);
insert into SHOT values (9605, 9607, 9624, 3547, 9.720, 75.25, 4.70, 9.710, 75.27, 4.67, 0.012, 230.99, -31.88);
insert into SHOT values (9606, 9624, 9625, 3547, 5.030, 197.05, -4.20, 5.024, 197.06, -4.22, 0.006, 7.64, -14.84);
insert into SHOT values (9607, 9624, 9626, 3547, 6.030, 133.15, 0.20, 6.028, 133.12, 0.19, 0.004, 10.11, -14.81);
insert into SHOT values (9608, 9624, 9627, 3547, 9.110, 102.15, 3.30, 9.108, 102.13, 3.34, 0.007, 343.85, 52.56);
insert into SHOT values (9609, 9624, 9628, 3547, 13.120, 76.05, 3.10, 13.126, 76.05, 3.10, 0.006, 74.38, 4.76);
insert into SHOT values (9610, 9624, 9629, 3547, 7.230, 236.95, -6.70, 7.219, 236.95, -6.68, 0.011, 54.69, 18.29);
insert into SHOT values (9611, 9624, 9630, 3547, 11.330, 259.45, -7.10, 11.325, 259.49, -7.10, 0.009, 19.30, 2.52);
insert into SHOT values (9612, 9624, 9631, 3547, 3.780, 190.95, 37.30, 3.778, 190.94, 37.31, 0.003, 27.72, -14.67);
insert into SHOT values (9613, 9624, 9632, 3547, 5.890, 177.05, 9.50, 5.888, 177.04, 9.48, 0.003, 32.33, -49.81);
insert into SHOT values (9614, 9624, 9633, 3547, 3.530, 175.45, -24.20, 3.528, 175.37, -24.09, 0.008, 94.61, 57.06);
insert into SHOT values (9615, 9624, 9634, 3547, 1.620, 184.85, -84.30, 1.618, 183.58, -84.31, 0.004, 84.89, 28.83);
insert into SHOT values (9616, 9624, 9635, 3547, 1.550, 16.55, -50.30, 1.550, 16.98, -50.15, 0.008, 83.39, 17.73);
insert into SHOT values (9617, 9624, 9636, 3547, 6.250, 147.35, -1.00, 6.253, 147.28, -1.01, 0.009, 79.74, -6.07);
insert into SHOT values (9618, 9636, 9637, 3547, 1.240, 209.25, 5.80, 1.239, 209.69, 6.03, 0.011, 311.38, 25.97);
insert into SHOT values (9619, 9636, 9638, 3547, 1.700, 45.15, 3.30, 1.700, 45.00, 3.37, 0.005, 313.46, 25.82);
insert into SHOT values (9620, 9636, 9639, 3547, 2.300, 98.15, 3.80, 2.298, 98.02, 3.99, 0.009, 341.59, 53.49);
insert into SHOT values (9621, 9636, 9640, 3547, 2.100, 131.25, 1.50, 2.091, 131.31, 1.64, 0.011, 296.36, 28.38);
insert into SHOT values (9622, 9636, 9641, 3547, 1.840, 143.45, -2.90, 1.832, 143.44, -2.82, 0.008, 324.92, 22.08);
insert into SHOT values (9623, 9636, 9642, 3547, 6.490, 346.25, 3.60, 6.489, 346.24, 3.62, 0.003, 194.02, 57.27);
insert into SHOT values (9624, 9636, 9643, 3547, 11.180, 22.35, 2.70, 11.179, 22.32, 2.72, 0.007, 281.22, 26.81);
insert into SHOT values (9625, 9636, 9644, 3547, 6.540, 283.35, -0.40, 6.547, 283.34, -0.35, 0.009, 270.28, 39.50);
insert into SHOT values (9626, 9636, 9645, 3547, 10.290, 308.75, -3.90, 10.295, 308.76, -3.90, 0.006, 320.61, -1.28);
insert into SHOT values (9627, 9636, 9646, 3547, 3.300, 38.05, 83.20, 3.303, 37.75, 83.18, 0.004, 340.33, 52.70);
insert into SHOT values (9628, 9636, 9647, 3547, 1.760, 21.95, 44.20, 1.761, 21.89, 44.29, 0.003, 259.45, 60.99);
insert into SHOT values (9629, 9636, 9648, 3547, 4.120, 217.35, 47.50, 4.121, 217.41, 47.54, 0.004, 333.08, 38.67);
insert into SHOT values (9630, 9636, 9649, 3547, 0.900, 1.15, -70.60, 0.901, 0.00, -70.56, 0.006, 280.53, -10.22);
insert into SHOT values (9631, 9636, 9650, 3547, 15.100, 101.35, -34.30, 15.100, 101.33, -34.30, 0.005, 358.06, -9.00);
insert into SHOT values (9632, 9636, 9651, 3547, 12.480, 40.55, 6.40, 12.483, 40.52, 6.39, 0.007, 336.39, -9.48);
insert into SHOT values (9633, 9651, 9652, 3547, 6.060, 128.55, 8.40, 6.064, 128.57, 8.44, 0.006, 159.59, 48.03);
insert into SHOT values (9634, 9651, 9653, 3547, 7.170, 176.35, 1.30, 7.176, 176.40, 1.36, 0.012, 225.13, 38.98);
insert into SHOT values (9635, 9651, 9654, 3547, 5.000, 202.85, -2.30, 5.006, 202.82, -2.29, 0.006, 180.18, 6.20);
insert into SHOT values (9636, 9651, 9655, 3547, 9.670, 220.15, -3.30, 9.674, 220.17, -3.26, 0.009, 261.09, 51.09);
insert into SHOT values (9637, 9651, 9656, 3547, 7.300, 256.05, -2.80, 7.304, 256.04, -2.75, 0.008, 240.17, 56.57);
insert into SHOT values (9638, 9651, 9657, 3547, 1.070, 206.95, 71.90, 1.074, 206.57, 71.80, 0.005, 169.89, 38.30);
insert into SHOT values (9639, 9651, 9658, 3547, 0.840, 185.05, -85.60, 0.833, 188.13, -85.13, 0.010, 216.70, 46.10);
insert into SHOT values (9640, 9651, 9659, 3547, 5.100, 158.25, 5.30, 5.103, 158.28, 5.40, 0.010, 208.54, 66.86);
insert into SHOT values (9641, 9659, 9660, 3547, 3.800, 244.75, 0.30, 3.802, 244.78, 0.30, 0.003, 287.35, 1.80);
insert into SHOT values (9642, 9659, 9661, 3547, 6.660, 313.25, -2.50, 6.664, 313.23, -2.58, 0.010, 286.68, -68.34);
insert into SHOT values (9643, 9659, 9662, 3547, 5.750, 14.35, 3.90, 5.752, 14.33, 3.89, 0.003, 322.70, -20.75);
insert into SHOT values (9644, 9659, 9663, 3547, 0.620, 154.05, 2.90, 0.622, 154.26, 2.76, 0.004, 196.61, -22.10);
insert into SHOT values (9645, 9659, 9664, 3547, 0.800, 321.35, 79.50, 0.793, 320.71, 79.67, 0.008, 164.70, -58.81);
insert into SHOT values (9646, 9659, 9665, 3547, 1.570, 329.15, -73.20, 1.576, 329.47, -73.31, 0.008, 81.01, -68.70);
insert into SHOT values (9647, 9659, 9666, 3547, 6.910, 222.05, 2.60, 6.911, 222.01, 2.57, 0.006, 141.00, -33.03);
insert into SHOT values (9648, 9666, 9667, 3547, 2.240, 213.55, -19.40, 2.243, 213.61, -19.54, 0.006, 289.85, -67.33);
insert into SHOT values (9649, 9666, 9668, 3547, 2.560, 323.35, -1.80, 2.567, 323.40, -1.79, 0.008, 340.01, 3.10);
insert into SHOT values (9650, 9666, 9669, 3547, 1.590, 75.95, 5.90, 1.587, 75.70, 5.79, 0.008, 324.74, -25.00);
insert into SHOT values (9651, 9666, 9670, 3547, 1.230, 129.95, 4.20, 1.225, 129.69, 4.21, 0.008, 357.01, -0.62);
insert into SHOT values (9652, 9666, 9671, 3547, 0.930, 233.85, 88.40, 0.930, 243.43, 88.62, 0.005, 10.31, 3.84);
insert into SHOT values (9653, 9666, 9672, 3547, 1.410, 262.25, -61.70, 1.412, 262.35, -61.40, 0.008, 271.13, 10.91);
insert into SHOT values (9654, 9666, 9673, 3547, 5.160, 104.65, 9.60, 5.156, 104.58, 9.60, 0.007, 340.70, -4.24);
insert into SHOT values (9655, 9659, 9674, 3547, 9.440, 64.45, 12.20, 9.435, 64.44, 12.18, 0.007, 275.03, -47.60);
insert into SHOT values (9656, 9674, 9675, 3547, 1.510, 302.65, 9.00, 1.503, 302.62, 9.19, 0.008, 128.72, 27.18);
insert into SHOT values (9657, 9674, 9676, 3547, 3.420, 6.55, 19.70, 3.420, 6.60, 19.65, 0.004, 66.73, -43.74);
insert into SHOT values (9658, 9674, 9677, 3547, 2.750, 50.75, 21.50, 2.758, 50.85, 21.48, 0.009, 82.69, 13.72);
insert into SHOT values (9659, 9674, 9678, 3547, 2.560, 210.15, -0.10, 2.554, 210.08, 0.00, 0.008, 57.49, 33.14);
insert into SHOT values (9660, 9674, 9679, 3547, 0.360, 233.65, 59.30, 0.357, 231.84, 60.13, 0.008, 97.52, 3.20);
insert into SHOT values (9661, 9674, 9680, 3547, 0.670, 344.95, -71.00, 0.666, 346.61, -71.09, 0.008, 95.57, 27.66);
insert into SHOT values (9662, 9674, 9681, 3547, 3.570, 285.15, -10.60, 3.565, 285.23, -10.67, 0.008, 67.51, -23.11);
insert into SHOT values (9663, 9674, 9682, 3547, 6.300, 20.75, 17.70, 6.300, 20.79, 17.74, 0.006, 123.97, 45.87);
insert into SHOT values (9664, 9682, 9683, 3547, 4.460, 270.25, -2.30, 4.464, 270.26, -2.31, 0.004, 279.50, -15.36);
insert into SHOT values (9665, 9682, 9684, 3547, 2.560, 327.85, 3.20, 2.565, 327.92, 3.13, 0.007, 1.67, -25.99);
insert into SHOT values (9666, 9682, 9685, 3547, 4.470, 27.25, 4.90, 4.471, 27.26, 4.88, 0.002, 54.50, -60.64);
insert into SHOT values (9667, 9682, 9686, 3547, 5.000, 64.95, 11.20, 4.998, 64.90, 11.19, 0.005, 313.44, -14.04);
insert into SHOT values (9668, 9682, 9687, 3547, 5.560, 110.15, 24.60, 5.561, 110.12, 24.54, 0.006, 70.82, -46.56);
insert into SHOT values (9669, 9682, 9688, 3547, 4.050, 156.55, 4.40, 4.047, 156.48, 4.39, 0.005, 33.63, -7.45);
insert into SHOT values (9670, 9682, 9689, 3547, 1.590, 238.65, -8.30, 1.588, 238.54, -8.33, 0.004, 111.44, -6.91);
insert into SHOT values (9671, 9682, 9690, 3547, 2.310, 195.25, -7.40, 2.310, 195.19, -7.46, 0.004, 87.64, -44.60);
insert into SHOT values (9672, 9682, 9691, 3547, 1.220, 287.65, 43.40, 1.211, 287.82, 43.25, 0.010, 75.15, -59.49);
insert into SHOT values (9673, 9682, 9692, 3547, 0.960, 252.95, 72.50, 0.955, 254.05, 72.26, 0.008, 319.19, -42.22);
insert into SHOT values (9674, 9682, 9693, 3547, 4.310, 119.25, 26.80, 4.311, 119.23, 26.74, 0.005, 94.84, -43.50);
insert into SHOT values (9675, 9682, 9694, 3547, 4.520, 273.65, 0.30, 4.519, 273.68, 0.25, 0.004, 18.52, -56.42);
insert into SHOT values (9676, 9682, 9695, 3547, 3.870, 123.25, 38.80, 3.864, 123.22, 38.78, 0.007, 327.84, -49.04);
insert into SHOT values (9677, 9581, 9696, 3547, 9.460, 72.65, -2.30, 9.458, 72.64, -2.24, 0.010, 296.21, 75.30);
insert into SHOT values (9678, 9696, 9697, 3547, 8.530, 126.95, -3.10, 8.525, 126.98, -3.16, 0.011, 269.59, -51.51);
insert into SHOT values (9679, 9696, 9698, 3547, 4.380, 168.75, -1.50, 4.375, 168.79, -1.57, 0.008, 315.69, -41.27);
insert into SHOT values (9680, 9696, 9699, 3547, 3.980, 191.05, -1.40, 3.977, 191.17, -1.44, 0.009, 304.17, -17.05);
insert into SHOT values (9681, 9696, 9700, 3547, 3.710, 175.65, 57.80, 3.701, 175.65, 57.74, 0.009, 1.14, -82.26);
insert into SHOT values (9682, 9696, 9701, 3547, 1.470, 201.65, -76.30, 1.471, 202.11, -76.42, 0.004, 336.56, -24.96);
insert into SHOT values (9683, 9696, 9702, 3547, 0.300, 0.65, 5.50, 0.301, 0.00, 3.81, 0.009, 292.48, -67.30);
insert into SHOT values (9684, 9696, 9703, 3547, 6.310, 84.35, -37.20, 6.312, 84.29, -37.24, 0.007, 341.81, -42.77);
insert into SHOT values (9685, 9703, 9704, 3547, 1.510, 157.95, -7.70, 1.512, 158.06, -7.60, 0.004, 210.12, 33.14);
insert into SHOT values (9686, 9703, 9705, 3547, 2.950, 109.95, -1.70, 2.950, 110.03, -1.75, 0.005, 204.14, -29.94);
insert into SHOT values (9687, 9703, 9706, 3547, 2.010, 131.15, -0.40, 2.012, 131.37, -0.28, 0.009, 205.22, 26.23);
insert into SHOT values (9688, 9703, 9707, 3547, 1.560, 246.45, -1.20, 1.563, 246.22, -1.10, 0.007, 182.10, 21.36);
insert into SHOT values (9689, 9703, 9708, 3547, 1.300, 283.25, 1.80, 1.303, 282.86, 1.76, 0.009, 213.84, -5.08);
insert into SHOT values (9690, 9703, 9709, 3547, 6.480, 199.85, 74.20, 6.485, 199.87, 74.21, 0.005, 243.81, 78.13);
insert into SHOT values (9691, 9703, 9710, 3547, 8.260, 103.85, -70.70, 8.264, 103.99, -70.70, 0.008, 185.99, -32.71);
insert into SHOT values (9692, 9703, 9711, 3547, 9.940, 249.55, -80.00, 9.942, 249.37, -79.97, 0.007, 201.52, -7.75);
insert into SHOT values (9693, 9703, 9712, 3547, 13.110, 108.65, -82.50, 13.112, 108.75, -82.50, 0.004, 205.72, -34.76);
insert into SHOT values (9694, 9712, 9713, 3547, 1.340, 9.95, 9.10, 1.337, 10.03, 9.04, 0.004, 156.71, -28.74);
insert into SHOT values (9695, 9712, 9714, 3547, 4.150, 86.85, 6.30, 4.152, 86.80, 6.36, 0.006, 21.55, 52.50);
insert into SHOT values (9696, 9712, 9715, 3547, 1.440, 299.85, 16.40, 1.444, 299.90, 16.50, 0.005, 322.86, 48.21);
insert into SHOT values (9697, 9712, 9716, 3547, 6.670, 285.65, 38.40, 6.672, 285.66, 38.46, 0.008, 90.67, 63.48);
insert into SHOT values (9698, 9712, 9717, 3547, 18.920, 252.85, 82.60, 18.918, 252.83, 82.59, 0.003, 227.46, -49.05);
insert into SHOT values (9699, 9712, 9718, 3547, 4.650, 76.95, -45.50, 4.649, 76.90, -45.39, 0.009, 50.92, 46.02);
insert into SHOT values (9700, 9712, 9719, 3547, 2.040, 46.05, -36.50, 2.039, 45.99, -36.41, 0.004, 342.12, 60.28);
insert into SHOT values (9701, 9712, 9720, 3547, 3.010, 59.95, -51.30, 3.010, 60.03, -51.32, 0.003, 157.84, -19.01);
insert into SHOT values (9702, 9720, 9721, 3547, 0.980, 180.15, -4.50, 0.973, 180.00, -4.13, 0.010, 20.05, 42.86);
insert into SHOT values (9703, 9720, 9722, 3547, 0.790, 244.75, -1.10, 0.783, 245.07, -0.73, 0.010, 32.30, 32.20);
insert into SHOT values (9704, 9720, 9723, 3547, 2.200, 79.55, -16.40, 2.194, 79.60, -16.41, 0.006, 242.77, 10.58);
insert into SHOT values (9705, 9720, 9724, 3547, 1.770, 124.05, -11.90, 1.765, 124.15, -11.77, 0.007, 266.99, 44.70);
insert into SHOT values (9706, 9720, 9725, 3547, 0.650, 260.75, -59.30, 0.652, 261.38, -59.20, 0.004, 323.65, -14.78);
insert into SHOT values (9707, 9720, 9726, 3547, 7.810, 211.15, -82.60, 7.805, 211.16, -82.60, 0.005, 20.21, 79.44);
insert into SHOT values (9708, 9720, 9727, 3547, 21.990, 254.95, 76.70, 21.991, 255.00, 76.69, 0.006, 307.47, -1.95);
insert into SHOT values (9709, 9720, 9728, 3547, 11.560, 270.35, -69.20, 11.556, 270.42, -69.16, 0.010, 314.62, 42.92);
insert into SHOT values (9710, 9728, 9729, 3547, 3.030, 22.55, 5.90, 3.028, 22.65, 5.88, 0.006, 129.96, -14.88);
insert into SHOT values (9711, 9728, 9730, 3547, 2.930, 311.55, -0.00, 2.926, 311.54, 0.00, 0.004, 140.56, 0.00);
insert into SHOT values (9712, 9728, 9731, 3547, 14.360, 289.85, 38.30, 14.358, 289.82, 38.31, 0.006, 181.22, -0.24);
insert into SHOT values (9713, 9728, 9732, 3547, 3.170, 60.55, -3.10, 3.170, 60.68, -3.07, 0.007, 149.89, 11.06);
insert into SHOT values (9714, 9728, 9733, 3547, 0.860, 129.95, 7.70, 0.866, 129.81, 7.30, 0.009, 112.55, -35.95);
insert into SHOT values (9715, 9728, 9734, 3547, 1.870, 10.75, -61.90, 1.868, 11.18, -62.02, 0.008, 133.01, -3.09);
insert into SHOT values (9716, 9728, 9735, 3547, 10.000, 279.15, 83.40, 9.996, 279.05, 83.43, 0.007, 120.16, -34.17);
insert into SHOT values (9717, 9728, 9736, 3547, 13.750, 291.15, 41.70, 13.741, 291.14, 41.69, 0.009, 130.45, -47.80);
insert into SHOT values (9718, 9728, 9737, 3547, 11.930, 325.95, -63.10, 11.929, 325.96, -63.11, 0.003, 133.28, -15.63);
insert into SHOT values (9719, 9737, 9738, 3547, 7.800, 272.05, 12.80, 7.799, 272.03, 12.82, 0.003, 146.90, 38.91);
insert into SHOT values (9720, 9737, 9739, 3547, 8.250, 285.15, 8.80, 8.250, 285.14, 8.79, 0.002, 214.88, -69.98);
insert into SHOT values (9721, 9737, 9740, 3547, 0.970, 212.85, 7.50, 0.970, 212.70, 7.11, 0.007, 141.38, -68.12);
insert into SHOT values (9722, 9737, 9741, 3547, 2.230, 127.85, -2.20, 2.232, 127.90, -2.31, 0.005, 171.00, -58.03);
insert into SHOT values (9723, 9737, 9742, 3547, 0.420, 17.75, -5.60, 0.422, 18.00, -5.43, 0.003, 53.54, 17.11);
insert into SHOT values (9724, 9737, 9743, 3547, 10.420, 180.15, 80.00, 10.418, 180.00, 80.00, 0.005, 97.16, -19.65);
insert into SHOT values (9725, 9737, 9744, 3547, 16.460, 262.95, -87.60, 16.464, 262.46, -87.61, 0.008, 143.02, -33.32);
insert into SHOT values (9726, 9744, 9745, 3547, 6.700, 184.65, -5.40, 6.692, 184.65, -5.40, 0.008, 4.61, 3.61);
insert into SHOT values (9727, 9744, 9746, 3547, 20.490, 242.95, -6.80, 20.488, 242.96, -6.78, 0.007, 2.39, 64.85);
insert into SHOT values (9728, 9744, 9747, 3547, 21.400, 330.85, 0.40, 21.404, 330.84, 0.40, 0.006, 278.73, 5.53);
insert into SHOT values (9729, 9744, 9748, 3547, 7.560, 14.25, 0.30, 7.562, 14.24, 0.30, 0.003, 343.33, 8.42);
insert into SHOT values (9730, 9744, 9749, 3547, 10.940, 317.55, 65.80, 10.942, 317.53, 65.79, 0.004, 288.26, 23.14);
insert into SHOT values (9731, 9744, 9750, 3547, 11.420, 19.75, -40.40, 11.423, 19.75, -40.38, 0.005, 15.39, 17.16);
insert into SHOT values (9732, 9744, 9751, 3547, 25.760, 294.25, -7.60, 25.760, 294.26, -7.58, 0.008, 14.38, 65.20);
insert into SHOT values (9733, 9751, 9752, 3547, 21.060, 164.15, 4.50, 21.062, 164.16, 4.49, 0.006, 233.87, -23.26);
insert into SHOT values (9734, 9751, 9753, 3547, 9.190, 336.65, -0.50, 9.192, 336.67, -0.56, 0.011, 38.37, -68.56);
insert into SHOT values (9735, 9751, 9754, 3547, 9.900, 279.55, 16.70, 9.897, 279.53, 16.68, 0.006, 161.38, -56.07);
insert into SHOT values (9736, 9751, 9755, 3547, 18.350, 215.95, 11.40, 18.347, 215.95, 11.38, 0.007, 5.64, -74.58);
insert into SHOT values (9737, 9751, 9756, 3547, 28.170, 130.95, 4.30, 28.165, 130.96, 4.30, 0.007, 273.46, -17.97);
insert into SHOT values (9738, 9751, 9757, 3547, 18.750, 61.95, 1.10, 18.748, 61.93, 1.10, 0.006, 314.79, 0.44);
insert into SHOT values (9739, 9751, 9758, 3547, 7.390, 268.95, 83.30, 7.380, 269.33, 83.31, 0.011, 19.45, -57.12);
insert into SHOT values (9740, 9751, 9759, 3547, 0.700, 42.05, -80.90, 0.708, 41.19, -81.37, 0.010, 241.96, -61.91);
insert into SHOT values (9741, 9751, 9760, 3547, 23.030, 260.95, 21.20, 23.033, 260.95, 21.18, 0.010, 248.13, -52.21);
insert into SHOT values (9742, 9760, 9761, 3547, 2.020, 182.15, 10.30, 2.014, 182.02, 10.30, 0.008, 36.87, -8.87);
insert into SHOT values (9743, 9760, 9762, 3547, 5.150, 127.25, -2.30, 5.150, 127.18, -2.23, 0.009, 39.34, 47.68);
insert into SHOT values (9744, 9760, 9763, 3547, 6.510, 73.55, 3.50, 6.518, 73.57, 3.52, 0.009, 90.90, 17.55);
insert into SHOT values (9745, 9760, 9764, 3547, 2.890, 9.25, 7.80, 2.895, 9.23, 7.94, 0.009, 356.91, 62.96);
insert into SHOT values (9746, 9760, 9765, 3547, 5.420, 329.55, 7.70, 5.419, 329.57, 7.74, 0.004, 97.33, 61.20);
insert into SHOT values (9747, 9760, 9766, 3547, 7.970, 248.45, 13.40, 7.967, 248.50, 13.43, 0.008, 7.48, 20.50);
insert into SHOT values (9748, 9760, 9767, 3547, 3.360, 21.85, 71.50, 3.364, 22.00, 71.49, 0.005, 82.18, 48.21);
insert into SHOT values (9749, 9760, 9768, 3547, 1.430, 127.25, -85.60, 1.424, 123.69, -85.64, 0.009, 22.64, 39.82);
insert into SHOT values (9750, 9760, 9769, 3547, 13.100, 266.65, 20.60, 13.099, 266.68, 20.61, 0.007, 11.94, 7.28);
insert into SHOT values (9751, 9769, 9770, 3547, 3.840, 154.45, 6.00, 3.845, 154.44, 5.97, 0.006, 147.78, -14.59);
insert into SHOT values (9752, 9769, 9771, 3547, 8.810, 210.65, 22.40, 8.812, 210.63, 22.41, 0.004, 138.60, 38.50);
insert into SHOT values (9753, 9769, 9772, 3547, 6.490, 333.05, 33.50, 6.485, 333.06, 33.51, 0.005, 146.03, -22.40);
insert into SHOT values (9754, 9769, 9773, 3547, 4.890, 27.65, 5.10, 4.886, 27.67, 5.17, 0.007, 183.39, 50.06);
insert into SHOT values (9755, 9769, 9774, 3547, 4.940, 63.55, -0.90, 4.938, 63.54, -0.93, 0.003, 266.57, -45.92);
insert into SHOT values (9756, 9769, 9775, 3547, 3.220, 290.55, 86.00, 3.218, 290.85, 86.00, 0.002, 15.63, -60.88);
insert into SHOT values (9757, 9769, 9776, 3547, 0.960, 37.15, -70.70, 0.953, 37.23, -70.77, 0.007, 209.04, 61.23);
insert into SHOT values (9758, 9769, 9777, 3547, 6.090, 276.15, 52.30, 6.090, 276.17, 52.33, 0.003, 68.99, 26.01);
insert into SHOT values (9759, 9777, 9778, 3547, 5.870, 333.55, -1.30, 5.864, 333.57, -1.27, 0.007, 136.26, 28.84);
insert into SHOT values (9760, 9777, 9779, 3547, 2.200, 81.25, -3.70, 2.199, 81.35, -3.65, 0.004, 177.98, 26.22);
insert into SHOT values (9761, 9777, 9780, 3547, 5.330, 159.85, -2.40, 5.329, 159.90, -2.37, 0.006, 261.96, 34.99);
insert into SHOT values (9762, 9777, 9781, 3547, 7.570, 204.25, -3.60, 7.570, 204.22, -3.56, 0.006, 117.83, 58.15);
insert into SHOT values (9763, 9777, 9782, 3547, 3.650, 257.55, 1.60, 3.648, 257.49, 1.57, 0.005, 140.58, -23.69);
insert into SHOT values (9764, 9777, 9783, 3547, 5.010, 309.15, -2.90, 5.010, 309.16, -2.86, 0.004, 16.17, 72.99);
insert into SHOT values (9765, 9777, 9784, 3547, 1.660, 141.85, 82.80, 1.664, 142.59, 82.61, 0.007, 166.97, 25.23);
insert into SHOT values (9766, 9777, 9785, 3547, 2.570, 336.35, -72.70, 2.567, 336.11, -72.65, 0.005, 268.95, 47.58);
insert into SHOT values (9767, 9777, 9786, 3547, 4.880, 247.85, 37.20, 4.881, 247.79, 37.19, 0.004, 177.62, -5.74);
insert into SHOT values (9768, 9786, 9787, 3547, 6.840, 347.15, 12.70, 6.847, 347.11, 12.74, 0.010, 307.04, 40.09);
insert into SHOT values (9769, 9786, 9788, 3547, 3.870, 37.05, 9.40, 3.872, 37.02, 9.36, 0.003, 352.28, -36.63);
insert into SHOT values (9770, 9786, 9789, 3547, 1.460, 94.45, 8.20, 1.459, 94.37, 8.27, 0.003, 341.16, 38.38);
insert into SHOT values (9771, 9786, 9790, 3547, 5.790, 262.75, 24.30, 5.794, 262.71, 24.25, 0.007, 232.41, -22.23);
insert into SHOT values (9772, 9786, 9791, 3547, 5.490, 207.75, 6.10, 5.488, 207.74, 6.07, 0.004, 56.92, -59.21);
insert into SHOT values (9773, 9786, 9792, 3547, 1.600, 273.25, -76.20, 1.596, 273.01, -76.21, 0.004, 147.50, 63.10);
insert into SHOT values (9774, 9786, 9793, 3547, 3.480, 5.05, 82.30, 3.482, 4.86, 82.21, 0.006, 349.38, 13.75);
insert into SHOT values (9775, 9786, 9794, 3547, 7.760, 262.15, 33.90, 7.761, 262.15, 33.91, 0.002, 113.18, 73.18);
insert into SHOT values (9776, 9794, 9795, 3547, 6.170, 0.05, 0.60, 6.170, 0.00, 0.56, 0.007, 273.67, -40.91);
insert into SHOT values (9777, 9794, 9796, 3547, 1.080, 189.85, 9.10, 1.079, 189.73, 9.07, 0.003, 74.09, -17.88);
insert into SHOT values (9778, 9794, 9797, 3547, 5.970, 84.95, -5.70, 5.972, 84.98, -5.67, 0.005, 139.09, 36.68);
insert into SHOT values (9779, 9794, 9798, 3547, 6.250, 52.05, -2.90, 6.249, 52.03, -2.94, 0.005, 301.76, -57.36);
insert into SHOT values (9780, 9794, 9799, 3547, 3.010, 331.75, 14.90, 3.008, 331.67, 14.83, 0.006, 234.00, -45.27);
insert into SHOT values (9781, 9794, 9800, 3547, 0.830, 170.55, 79.40, 0.834, 172.41, 79.54, 0.007, 276.83, 39.20);
insert into SHOT values (9782, 9794, 9801, 3547, 2.810, 95.35, -70.30, 2.813, 95.47, -70.39, 0.006, 241.48, -51.59);
insert into SHOT values (9783, 9794, 9802, 3547, 3.530, 313.35, 6.30, 3.530, 313.38, 6.34, 0.003, 44.35, 51.80);
insert into SHOT values (9784, 9794, 9803, 3547, 2.820, 262.35, 14.90, 2.817, 262.41, 14.81, 0.006, 18.14, -59.95);
insert into SHOT values (9785, 9794, 9804, 3547, 7.090, 295.75, 1.70, 7.088, 295.77, 1.70, 0.003, 69.07, -5.60);
insert into SHOT values (9786, 9804, 9805, 3547, 2.690, 27.45, 7.40, 2.688, 27.24, 7.48, 0.011, 285.75, 19.42);
insert into SHOT values (9787, 9804, 9806, 3547, 6.370, 349.95, 2.30, 6.375, 349.87, 2.34, 0.011, 286.96, 24.37);
insert into SHOT values (9788, 9804, 9807, 3547, 5.940, 301.15, 21.10, 5.948, 301.14, 21.09, 0.008, 295.25, 11.41);
insert into SHOT values (9789, 9804, 9808, 3547, 6.730, 264.35, 26.30, 6.734, 264.39, 26.26, 0.007, 304.27, -14.52);
insert into SHOT values (9790, 9804, 9809, 3547, 1.490, 217.55, 14.50, 1.487, 217.67, 14.41, 0.005, 346.98, -39.01);
insert into SHOT values (9791, 9804, 9810, 3547, 1.930, 170.95, 9.10, 1.929, 170.93, 9.25, 0.005, 6.24, 67.25);
insert into SHOT values (9792, 9804, 9811, 3547, 0.890, 86.85, 2.10, 0.882, 86.75, 1.95, 0.009, 277.89, -17.81);
insert into SHOT values (9793, 9804, 9812, 3547, 1.710, 119.25, 85.00, 1.706, 118.30, 85.04, 0.004, 359.30, -51.07);
insert into SHOT values (9794, 9804, 9813, 3547, 1.100, 260.45, -80.40, 1.097, 261.03, -79.90, 0.010, 272.75, 26.78);
insert into SHOT values (9795, 9804, 9814, 3547, 9.210, 292.75, 32.20, 9.212, 292.72, 32.21, 0.005, 217.41, 25.24);
insert into SHOT values (9796, 9814, 9815, 3547, 0.410, 197.35, -8.80, 0.405, 197.53, -9.96, 0.010, 6.95, -46.98);
insert into SHOT values (9797, 9814, 9816, 3547, 0.350, 18.55, -12.40, 0.357, 18.43, -12.95, 0.008, 11.96, -38.65);
insert into SHOT values (9798, 9814, 9817, 3547, 0.730, 275.25, -64.70, 0.730, 275.53, -64.74, 0.002, 24.45, -0.71);
insert into SHOT values (9799, 9814, 9818, 3547, 0.480, 86.55, 84.80, 0.482, 75.96, 85.09, 0.008, 335.11, 13.65);
insert into SHOT values (9800, 9744, 9819, 3547, 17.560, 126.95, -11.40, 17.550, 126.94, -11.40, 0.010, 317.90, 5.07);
insert into SHOT values (9801, 9819, 9820, 3547, 8.170, 21.05, -1.10, 8.169, 21.10, -1.12, 0.008, 119.26, -24.26);
insert into SHOT values (9802, 9819, 9821, 3547, 5.620, 213.35, 5.20, 5.620, 213.26, 5.21, 0.008, 124.75, 4.43);
insert into SHOT values (9803, 9819, 9822, 3547, 10.540, 332.25, 9.80, 10.537, 332.27, 9.84, 0.009, 104.76, 43.65);
insert into SHOT values (9804, 9819, 9823, 3547, 11.960, 277.35, 9.80, 11.953, 277.37, 9.83, 0.010, 74.38, 25.53);
insert into SHOT values (9805, 9819, 9824, 3547, 25.230, 98.55, -0.00, 25.230, 98.55, 0.00, 0.001, 26.22, 0.00);
insert into SHOT values (9806, 9819, 9825, 3547, 34.640, 170.95, 4.30, 34.639, 170.94, 4.30, 0.007, 68.60, 22.39);
insert into SHOT values (9807, 9819, 9826, 3547, 15.610, 154.45, -5.50, 15.614, 154.42, -5.48, 0.010, 99.83, 36.28);
insert into SHOT values (9808, 9826, 9827, 3547, 19.410, 96.45, 6.40, 19.403, 96.46, 6.39, 0.009, 244.17, -25.02);
insert into SHOT values (9809, 9826, 9828, 3547, 21.480, 72.45, 5.10, 21.480, 72.45, 5.07, 0.010, 149.57, -78.65);
insert into SHOT values (9810, 9826, 9829, 3547, 20.750, 113.55, 14.20, 20.751, 113.56, 14.20, 0.003, 192.88, -2.48);
insert into SHOT values (9811, 9826, 9830, 3547, 6.550, 232.55, 17.70, 6.558, 232.54, 17.67, 0.009, 228.02, -9.55);
insert into SHOT values (9812, 9826, 9831, 3547, 6.970, 294.85, 11.10, 6.971, 294.80, 11.08, 0.006, 220.61, -18.62);
insert into SHOT values (9813, 9826, 9832, 3547, 20.100, 3.55, 1.80, 20.098, 3.54, 1.80, 0.004, 247.48, -18.57);
insert into SHOT values (9814, 9826, 9833, 3547, 20.950, 26.95, 3.80, 20.944, 26.95, 3.78, 0.010, 223.32, -57.34);
insert into SHOT values (9815, 9826, 9834, 3547, 13.580, 156.05, 15.40, 13.581, 156.08, 15.37, 0.009, 224.79, -42.14);
insert into SHOT values (9816, 9826, 9835, 3547, 8.720, 186.75, 87.90, 8.716, 187.13, 87.88, 0.006, 222.38, -48.78);
insert into SHOT values (9817, 9826, 9836, 3547, 1.350, 315.75, -81.70, 1.355, 315.00, -81.60, 0.006, 275.81, -45.75);
insert into SHOT values (9818, 9834, 9837, 3547, 10.700, 264.55, -3.90, 10.703, 264.57, -3.91, 0.006, 322.88, -23.88);
insert into SHOT values (9819, 9834, 9838, 3547, 14.550, 148.85, -1.90, 14.544, 148.85, -1.89, 0.006, 334.81, 22.78);
insert into SHOT values (9820, 9834, 9839, 3547, 11.230, 193.75, -1.40, 11.225, 193.76, -1.38, 0.007, 340.89, 39.87);
insert into SHOT values (9821, 9834, 9840, 3547, 11.520, 233.85, -1.90, 11.521, 233.87, -1.89, 0.004, 303.49, 27.82);
insert into SHOT values (9822, 9834, 9841, 3547, 17.540, 319.35, 0.00, 17.544, 319.35, 0.00, 0.004, 304.27, 0.00);
insert into SHOT values (9823, 9834, 9842, 3547, 16.710, 43.65, 12.20, 16.709, 43.64, 12.20, 0.004, 300.89, -17.01);
insert into SHOT values (9824, 9834, 9843, 3547, 7.830, 244.85, 84.50, 7.836, 244.80, 84.50, 0.006, 212.86, 78.33);
insert into SHOT values (9825, 9834, 9844, 3547, 0.920, 212.15, -72.30, 0.922, 213.11, -72.67, 0.008, 350.36, -27.17);
insert into SHOT values (9826, 9834, 9845, 3547, 15.890, 213.75, -9.00, 15.890, 213.75, -8.98, 0.006, 238.67, 80.38);
insert into SHOT values (9827, 9845, 9846, 3547, 10.190, 81.25, 6.00, 10.194, 81.21, 5.97, 0.010, 24.69, -29.58);
insert into SHOT values (9828, 9845, 9847, 3547, 7.530, 112.85, 1.00, 7.530, 112.82, 0.99, 0.004, 28.87, -19.41);
insert into SHOT values (9829, 9845, 9848, 3547, 15.280, 152.55, -4.30, 15.282, 152.53, -4.32, 0.008, 76.59, -35.14);
insert into SHOT values (9830, 9845, 9849, 3547, 9.100, 181.35, -2.80, 9.094, 181.32, -2.84, 0.009, 31.35, -35.21);
insert into SHOT values (9831, 9845, 9850, 3547, 1.450, 249.95, -1.50, 1.446, 250.19, -1.59, 0.007, 13.32, -15.94);
insert into SHOT values (9832, 9845, 9851, 3547, 6.060, 345.75, 1.30, 6.067, 345.78, 1.23, 0.011, 9.76, -42.71);
insert into SHOT values (9833, 9845, 9852, 3547, 3.870, 98.85, 33.80, 3.870, 98.76, 33.75, 0.006, 26.65, -28.45);
insert into SHOT values (9834, 9845, 9853, 3547, 2.190, 86.15, -77.80, 2.199, 85.03, -77.88, 0.013, 348.86, -46.14);
insert into SHOT values (9835, 9845, 9854, 3547, 14.870, 170.75, -5.70, 14.867, 170.74, -5.71, 0.005, 19.15, -36.07);
insert into SHOT values (9836, 9854, 9855, 3547, 4.170, 267.35, 0.90, 4.165, 267.38, 0.83, 0.008, 60.66, -43.65);
insert into SHOT values (9837, 9854, 9856, 3547, 3.790, 105.45, -4.10, 3.787, 105.51, -4.09, 0.005, 231.18, 11.59);
insert into SHOT values (9838, 9854, 9857, 3547, 7.970, 190.95, 5.30, 7.969, 190.97, 5.26, 0.007, 298.84, -64.01);
insert into SHOT values (9839, 9854, 9858, 3547, 7.950, 152.15, 2.00, 7.945, 152.14, 2.02, 0.006, 340.38, 26.32);
insert into SHOT values (9840, 9854, 9859, 3547, 4.570, 327.15, 5.00, 4.567, 327.11, 5.03, 0.005, 185.35, 20.23);
insert into SHOT values (9841, 9854, 9860, 3547, 9.060, 34.85, 0.30, 9.066, 34.85, 0.32, 0.006, 31.29, 23.89);
insert into SHOT values (9842, 9854, 9861, 3547, 1.060, 246.85, 75.90, 1.062, 247.38, 75.83, 0.004, 300.74, 32.99);
insert into SHOT values (9843, 9854, 9862, 3547, 1.490, 126.25, -50.80, 1.496, 126.38, -50.86, 0.006, 170.20, -58.99);
insert into SHOT values (9844, 9854, 9863, 3547, 9.200, 180.95, 3.40, 9.197, 180.94, 3.37, 0.007, 40.27, -59.29);
insert into SHOT values (9845, 9863, 9864, 3547, 4.470, 72.65, 1.00, 4.464, 72.66, 1.03, 0.007, 244.52, 16.77);
insert into SHOT values (9846, 9863, 9865, 3547, 4.960, 134.95, 4.00, 4.962, 135.00, 4.04, 0.006, 202.29, 40.19);
insert into SHOT values (9847, 9863, 9866, 3547, 1.930, 208.65, 1.50, 1.938, 208.68, 1.48, 0.009, 215.96, -3.52);
insert into SHOT values (9848, 9863, 9867, 3547, 1.240, 286.75, -1.50, 1.241, 286.39, -1.39, 0.008, 202.64, 17.44);
insert into SHOT values (9849, 9863, 9868, 3547, 3.870, 320.65, 5.00, 3.873, 320.57, 5.04, 0.006, 257.66, 25.66);
insert into SHOT values (9850, 9863, 9869, 3547, 1.340, 330.95, 79.80, 1.342, 330.26, 79.62, 0.006, 298.20, 12.27);
insert into SHOT values (9851, 9863, 9870, 3547, 0.960, 189.35, -80.10, 0.956, 190.01, -79.59, 0.010, 204.05, 36.11);
insert into SHOT values (9852, 9863, 9871, 3547, 8.010, 166.55, 8.20, 8.010, 166.58, 8.26, 0.009, 278.83, 60.93);
insert into SHOT values (9853, 9871, 9872, 3547, 0.250, 258.85, -2.70, 0.246, 258.23, -4.66, 0.010, 108.81, -57.24);
insert into SHOT values (9854, 9871, 9873, 3547, 0.380, 70.15, 1.30, 0.383, 70.14, 1.50, 0.003, 69.54, 25.81);
insert into SHOT values (9855, 9871, 9874, 3547, 0.230, 162.65, 0.60, 0.231, 162.35, 0.00, 0.003, 108.67, -58.23);
insert into SHOT values (9856, 9871, 9875, 3547, 0.270, 161.05, 78.20, 0.268, 161.57, 76.33, 0.009, 165.10, -28.08);
insert into SHOT values (9857, 9871, 9876, 3547, 0.590, 261.65, -82.40, 0.594, 261.87, -83.17, 0.009, 79.52, -35.28);
insert into SHOT values (9858, 9845, 9877, 3547, 26.500, 69.25, 11.40, 26.499, 69.23, 11.38, 0.010, 341.60, -50.35);
insert into SHOT values (9859, 9877, 9878, 3547, 3.620, 15.05, 0.80, 3.615, 15.07, 0.79, 0.006, 178.36, -5.63);
insert into SHOT values (9860, 9877, 9879, 3547, 12.500, 91.35, 7.90, 12.502, 91.34, 7.91, 0.003, 53.02, 36.93);
insert into SHOT values (9861, 9877, 9880, 3547, 4.320, 145.45, 5.10, 4.325, 145.50, 5.17, 0.008, 183.07, 44.72);
insert into SHOT values (9862, 9877, 9881, 3547, 4.620, 190.55, -0.90, 4.618, 190.48, -0.87, 0.006, 76.74, 23.55);
insert into SHOT values (9863, 9877, 9882, 3547, 10.860, 223.55, -11.40, 10.858, 223.52, -11.37, 0.009, 131.56, 46.29);
insert into SHOT values (9864, 9877, 9883, 3547, 4.840, 48.95, 82.80, 4.848, 48.99, 82.78, 0.009, 57.40, 69.77);
insert into SHOT values (9865, 9877, 9884, 3547, 1.570, 195.05, -71.00, 1.568, 194.57, -70.76, 0.008, 156.95, 32.74);
insert into SHOT values (9866, 9877, 9885, 3547, 9.120, 89.55, 8.00, 9.129, 89.56, 8.00, 0.009, 96.55, 4.66);
insert into SHOT values (9867, 9885, 9886, 3547, 1.030, 357.95, 0.70, 1.031, 357.78, 1.11, 0.008, 283.18, 66.46);
insert into SHOT values (9868, 9885, 9887, 3547, 3.700, 177.95, -0.40, 3.702, 177.99, -0.31, 0.007, 224.25, 59.51);
insert into SHOT values (9869, 9885, 9888, 3547, 3.860, 98.75, -3.20, 3.851, 98.83, -3.13, 0.011, 247.60, 28.98);
insert into SHOT values (9870, 9885, 9889, 3547, 3.880, 131.35, -2.10, 3.878, 131.34, -2.07, 0.003, 334.99, 51.09);
insert into SHOT values (9871, 9885, 9890, 3547, 4.400, 216.25, 2.40, 4.404, 216.22, 2.47, 0.007, 186.78, 50.38);
insert into SHOT values (9872, 9885, 9891, 3547, 1.770, 290.25, 0.20, 1.778, 290.07, 0.32, 0.010, 254.52, 21.39);
insert into SHOT values (9873, 9885, 9892, 3547, 31.080, 167.35, 82.40, 31.083, 167.35, 82.40, 0.003, 342.56, 75.62);
insert into SHOT values (9874, 9885, 9893, 3547, 7.840, 113.15, -14.30, 7.835, 113.19, -14.26, 0.009, 238.01, 45.51);
insert into SHOT values (9875, 9893, 9894, 3547, 0.720, 356.15, 4.70, 0.724, 356.03, 4.75, 0.005, 335.87, 12.78);
insert into SHOT values (9876, 9893, 9895, 3547, 1.820, 62.65, -1.30, 1.826, 62.59, -1.57, 0.010, 43.76, -57.27);
insert into SHOT values (9877, 9893, 9896, 3547, 1.510, 114.35, 2.70, 1.505, 114.35, 2.67, 0.005, 294.34, -13.92);
insert into SHOT values (9878, 9893, 9897, 3547, 0.790, 168.05, 2.90, 0.787, 168.26, 2.91, 0.004, 299.22, 0.47);
insert into SHOT values (9879, 9893, 9898, 3547, 8.890, 91.35, -14.70, 8.894, 91.33, -14.72, 0.006, 53.59, -44.30);
insert into SHOT values (9880, 9893, 9899, 3547, 0.580, 154.25, 84.00, 0.573, 149.04, 84.16, 0.009, 38.48, -49.23);
insert into SHOT values (9881, 9893, 9900, 3547, 0.660, 45.05, -82.60, 0.665, 45.00, -82.67, 0.005, 250.67, -88.24);
insert into SHOT values (9882, 9898, 9901, 3547, 2.490, 91.15, -49.30, 2.489, 91.06, -49.39, 0.005, 307.08, -27.79);
insert into SHOT values (9883, 9898, 9902, 3547, 1.980, 278.45, 72.90, 1.979, 278.82, 72.75, 0.007, 317.24, -22.15);
insert into SHOT values (9884, 9898, 9903, 3547, 0.480, 11.05, 0.60, 0.479, 10.84, 1.20, 0.005, 241.58, 65.55);
insert into SHOT values (9885, 9898, 9904, 3547, 0.490, 194.25, 10.10, 0.493, 194.32, 10.51, 0.005, 207.35, 56.04);
insert into SHOT values (9886, 9905, 9826, 3547, 10.390, 213.75, -1.60, 10.385, 213.77, -1.60, 0.006, 0.22, 1.07);
insert into SHOT values (9887, 9905, 9906, 3547, 15.650, 228.05, 2.50, 15.650, 228.06, 2.49, 0.004, 316.06, -44.72);
insert into SHOT values (9888, 9905, 9907, 3547, 21.860, 142.45, 10.10, 21.854, 142.46, 10.09, 0.008, 290.18, -27.29);
insert into SHOT values (9889, 9905, 9908, 3547, 10.350, 51.65, 2.10, 10.350, 51.63, 2.05, 0.010, 331.61, -73.47);
insert into SHOT values (9890, 9905, 9909, 3547, 11.380, 351.55, 7.90, 11.380, 351.53, 7.88, 0.005, 276.30, -49.56);
insert into SHOT values (9891, 9905, 9910, 3547, 23.760, 68.65, 84.60, 23.755, 68.48, 84.60, 0.008, 336.67, -35.21);
insert into SHOT values (9892, 9905, 9911, 3547, 10.520, 186.95, 75.70, 10.514, 187.10, 75.74, 0.012, 329.00, -20.37);
insert into SHOT values (9893, 9905, 9912, 3547, 13.570, 192.25, 46.30, 13.568, 192.26, 46.30, 0.002, 334.23, -18.07);
insert into SHOT values (9894, 9905, 9913, 3547, 9.380, 348.55, 67.60, 9.380, 348.56, 67.56, 0.007, 356.70, -18.46);
insert into SHOT values (9895, 9905, 9914, 3547, 31.190, 90.35, 86.90, 31.185, 90.34, 86.91, 0.008, 272.43, -33.07);
insert into SCRAPS values (3549, 3543, 'SP-Vertikalnaya-00', 1, 7.38725, 0.13126);
 insert into SCRAPS values (3593, 3543, 'SP-Vertikalnaya-01', 1, 0.57665, 0.01912);
 insert into SCRAPS values (3719, 3543, 'SC-Vertikalnaya-Coupe-00', 2, 1.22849, 0.01874);
 insert into SCRAPS values (3767, 3543, 'SC-Vertikalnaya-Coupe-01', 2, 33.39824, 0.32122);
 insert into SCRAPS values (3808, 3543, 'SC-Vertikalnaya-Coupe-02', 2, 0.98593, 0.03601);
 insert into MAPS values (3835, 3543, 'MP-Vertikalnaya', 'Vertikalnaya', 1, 544.830, -71.630);
 insert into MAPITEMS values (3835, 4, 3549);
 insert into MAPITEMS values (3835, 4, 3593);
 insert into MAPS values (3836, 3543, 'MC-Vertikalnaya', 'Vertikalnaya', 2, 544.830, -71.630);
 insert into MAPITEMS values (3836, 4, 3719);
 insert into MAPITEMS values (3836, 4, 3767);
 insert into MAPITEMS values (3836, 4, 3808);
 insert into SURVEY values (3838, 50, 'Chevres', 'Chevres.Koytendag', 'Grotte des Chevres');
 insert into CENTRELINE values (3839, 3838, NULL, NULL, NULL, 0.00, 0.00, 0.00);
 insert into SURVEY values (3840, 3838, '0tkm_79', '0tkm_79.Chevres.Koytendag', 'Grotte des chevres ');
 insert into CENTRELINE values (3841, 3840, NULL, NULL, NULL, 0.00, 0.00, 0.00);
 insert into CENTRELINE values (3842, 3840, NULL, '2024-04-23', NULL, 21.74, 10.06, 0.00);
 insert into TOPO values (11, 3842);
 insert into SHOT values (9896, 9915, 9916, 3842, 6.486, 158.87, 12.72, 6.488, 158.79, 12.73, 0.009, 81.28, 13.76);
insert into SHOT_FLAG values(9896, 'srf');
insert into SHOT values (9897, 9916, 9917, 3842, 3.576, 193.43, 4.52, 3.579, 193.45, 4.49, 0.004, 218.49, -28.67);
insert into SHOT_FLAG values(9897, 'srf');
insert into SHOT values (9898, 9917, 9918, 3842, 8.031, 162.28, 11.43, 8.031, 162.32, 11.42, 0.007, 252.68, -17.18);
insert into SHOT values (9899, 9918, 9919, 3842, 4.690, 153.46, 2.94, 4.693, 153.38, 2.93, 0.008, 86.91, -6.67);
insert into SHOT values (9900, 9917, 9920, 3842, 9.844, 237.17, 2.43, 9.848, 237.20, 2.44, 0.007, 294.43, 23.88);
insert into SHOT values (9901, 9917, 9921, 3842, 7.935, 236.56, 18.11, 7.938, 236.63, 18.13, 0.009, 312.26, 20.84);
insert into SHOT values (9902, 9917, 9922, 3842, 5.255, 222.98, 54.81, 5.251, 223.13, 54.78, 0.009, 315.16, -30.52);
insert into SHOT values (9903, 9917, 9923, 3842, 3.300, 221.25, 81.57, 3.295, 221.63, 81.60, 0.006, 342.30, -49.01);
insert into SHOT values (9904, 9917, 9924, 3842, 3.084, 85.12, 54.68, 3.083, 85.16, 54.82, 0.008, 255.76, 28.52);
insert into SHOT values (9905, 9917, 9925, 3842, 3.545, 80.51, 31.96, 3.542, 80.41, 32.06, 0.008, 301.19, 25.34);
insert into SHOT values (9906, 9917, 9926, 3842, 3.098, 85.18, 3.96, 3.098, 85.17, 3.89, 0.004, 42.62, -83.01);
insert into SHOT values (9907, 9917, 9927, 3842, 0.500, 129.22, -79.09, 0.499, 130.60, -79.34, 0.003, 267.17, 16.26);
insert into SHOT values (9908, 9918, 9928, 3842, 1.065, 286.41, -78.58, 1.061, 286.70, -78.65, 0.005, 79.09, 59.29);
insert into SHOT values (9909, 9918, 9929, 3842, 1.503, 200.88, 82.88, 1.501, 199.44, 83.10, 0.008, 57.79, -10.58);
insert into SHOT values (9910, 9918, 9930, 3842, 8.893, 234.12, -11.16, 8.891, 234.14, -11.15, 0.003, 352.35, 13.21);
insert into SHOT values (9911, 9918, 9931, 3842, 6.866, 233.48, 4.63, 6.865, 233.50, 4.68, 0.006, 355.79, 64.45);
insert into SHOT values (9912, 9918, 9932, 3842, 2.211, 223.93, 54.84, 2.209, 224.04, 55.03, 0.008, 26.15, 17.49);
insert into SHOT values (9913, 9918, 9933, 3842, 1.458, 129.45, 76.50, 1.461, 127.87, 76.46, 0.010, 49.31, 13.36);
insert into SHOT values (9914, 9918, 9934, 3842, 2.018, 61.65, 32.88, 2.029, 61.63, 32.83, 0.011, 58.68, 23.69);
insert into SHOT values (9915, 9918, 9935, 3842, 2.344, 47.26, -3.05, 2.345, 47.25, -2.93, 0.005, 38.41, 71.04);
insert into SHOT values (9916, 9919, 9936, 3842, 4.759, 20.72, 9.08, 4.762, 20.67, 9.06, 0.006, 328.21, -10.62);
insert into SHOT values (9917, 9919, 9937, 3842, 6.518, 58.81, 11.04, 6.520, 58.74, 11.05, 0.008, 337.87, 16.34);
insert into SHOT values (9918, 9919, 9938, 3842, 5.168, 76.77, 14.03, 5.170, 76.74, 14.11, 0.007, 342.62, 72.50);
insert into SHOT values (9919, 9919, 9939, 3842, 5.123, 96.68, 12.53, 5.116, 96.67, 12.53, 0.007, 286.20, -11.17);
insert into SHOT values (9920, 9919, 9940, 3842, 5.555, 105.77, 10.50, 5.547, 105.74, 10.49, 0.008, 307.51, -14.29);
insert into SHOT values (9921, 9919, 9941, 3842, 8.165, 119.78, 6.18, 8.159, 119.79, 6.19, 0.006, 282.57, 3.03);
insert into SHOT values (9922, 9919, 9942, 3842, 9.018, 126.36, 5.61, 9.011, 126.38, 5.60, 0.008, 275.34, -11.71);
insert into SHOT values (9923, 9919, 9943, 3842, 6.629, 134.70, 6.39, 6.625, 134.69, 6.41, 0.005, 327.83, 20.85);
insert into SHOT values (9924, 9919, 9944, 3842, 6.547, 147.18, 4.86, 6.543, 147.21, 4.91, 0.008, 287.77, 39.33);
insert into SHOT values (9925, 9919, 9945, 3842, 7.653, 158.69, 4.22, 7.652, 158.71, 4.27, 0.007, 276.39, 60.17);
insert into SHOT values (9926, 9919, 9946, 3842, 7.578, 175.38, 2.32, 7.571, 175.37, 2.35, 0.008, 5.57, 20.50);
insert into SHOT values (9927, 9919, 9947, 3842, 6.777, 196.26, -1.11, 6.773, 196.29, -1.10, 0.005, 332.13, 13.88);
insert into SHOT values (9928, 9919, 9948, 3842, 5.820, 221.08, -3.06, 5.820, 221.09, -3.05, 0.002, 307.50, 34.93);
insert into SHOT values (9929, 9919, 9949, 3842, 6.207, 238.09, -6.91, 6.202, 238.14, -6.85, 0.010, 7.70, 44.63);
insert into SHOT values (9930, 9919, 9950, 3842, 9.412, 265.88, -11.54, 9.413, 265.90, -11.52, 0.005, 322.47, 40.93);
insert into SHOT values (9931, 9919, 9951, 3842, 12.559, 295.81, -3.01, 12.558, 295.81, -3.01, 0.001, 138.91, -34.07);
insert into SHOT values (9932, 9919, 9952, 3842, 4.862, 28.33, 14.69, 4.863, 28.31, 14.77, 0.007, 272.26, 77.41);
insert into SHOT values (9933, 9919, 9953, 3842, 0.916, 303.24, 73.33, 0.919, 304.29, 73.17, 0.006, 357.97, 22.86);
insert into SHOT values (9934, 9919, 9954, 3842, 3.166, 231.06, 10.76, 3.163, 231.14, 10.75, 0.005, 350.15, -12.66);
insert into SHOT values (9935, 9919, 9955, 3842, 5.830, 231.09, -0.57, 5.832, 231.13, -0.59, 0.005, 293.57, -31.00);
insert into STATION values (1, '0', 56, 294061.66, 4202337.89, 1297.00);
insert into STATION_FLAG values(1, 'ent');
insert into STATION_FLAG values(1, 'fix');
insert into STATION values (2, '.', 56, 294055.36, 4202333.05, 1298.02);
insert into STATION values (3, '.', 56, 294059.34, 4202328.34, 1297.84);
insert into STATION values (4, '.', 56, 294063.34, 4202335.31, 1296.97);
insert into STATION values (5, '.', 56, 294058.04, 4202339.73, 1297.27);
insert into STATION values (6, '.', 56, 294060.77, 4202339.71, 1296.12);
insert into STATION values (7, '.', 56, 294060.59, 4202337.92, 1294.24);
insert into STATION values (8, '.', 56, 294057.31, 4202329.11, 1288.45);
insert into STATION values (9, '.', 56, 294060.11, 4202327.78, 1291.98);
insert into STATION values (10, '.', 56, 294062.61, 4202325.77, 1287.15);
insert into STATION values (11, '.', 56, 294057.56, 4202331.82, 1293.03);
insert into STATION values (12, '1', 56, 294056.38, 4202321.28, 1280.96);
insert into STATION values (13, '.', 56, 294056.04, 4202320.70, 1283.69);
insert into STATION values (14, '.', 56, 294056.54, 4202321.50, 1288.16);
insert into STATION values (15, '.', 56, 294057.40, 4202319.45, 1281.94);
insert into STATION values (16, '.', 56, 294053.08, 4202323.54, 1281.75);
insert into STATION values (17, '.', 56, 294055.14, 4202325.50, 1285.39);
insert into STATION values (18, '.', 56, 294058.79, 4202325.40, 1286.56);
insert into STATION values (19, '.', 56, 294059.47, 4202323.28, 1283.50);
insert into STATION values (20, '.', 56, 294058.33, 4202326.63, 1282.75);
insert into STATION values (21, '.', 56, 294058.53, 4202332.84, 1288.60);
insert into STATION values (22, '.', 56, 294063.17, 4202335.62, 1293.10);
insert into STATION values (23, '.', 56, 294055.28, 4202318.48, 1279.27);
insert into STATION values (24, '.', 56, 294053.73, 4202319.11, 1279.11);
insert into STATION values (25, '.', 56, 294056.71, 4202319.45, 1280.06);
insert into STATION values (26, '.', 56, 294054.51, 4202320.32, 1278.15);
insert into STATION values (27, '.', 56, 294055.13, 4202319.95, 1276.95);
insert into STATION values (28, '2', 56, 294055.62, 4202317.83, 1278.14);
insert into STATION values (29, '.', 56, 294054.65, 4202317.73, 1278.04);
insert into STATION values (30, '.', 56, 294056.17, 4202317.95, 1276.90);
insert into STATION values (31, '.', 56, 294057.34, 4202317.66, 1277.58);
insert into STATION values (32, '.', 56, 294056.69, 4202314.20, 1278.27);
insert into STATION values (33, '.', 56, 294054.30, 4202313.65, 1277.84);
insert into STATION values (34, '.', 56, 294055.25, 4202317.19, 1278.47);
insert into STATION values (35, '.', 56, 294052.80, 4202316.95, 1277.64);
insert into STATION values (36, '3', 56, 294054.53, 4202315.88, 1278.07);
insert into STATION values (37, '.', 56, 294054.86, 4202315.77, 1276.86);
insert into STATION values (38, '.', 56, 294056.79, 4202314.17, 1277.35);
insert into STATION values (39, '.', 56, 294053.91, 4202314.93, 1279.23);
insert into STATION values (40, '.', 56, 294052.82, 4202317.05, 1277.54);
insert into STATION values (41, '.', 56, 294057.02, 4202317.58, 1277.79);
insert into STATION values (42, '.', 56, 294053.39, 4202314.48, 1278.57);
insert into STATION values (43, '.', 56, 294052.82, 4202314.18, 1277.80);
insert into STATION values (44, '.', 56, 294052.13, 4202316.04, 1277.90);
insert into STATION values (45, '.', 56, 294052.81, 4202314.79, 1276.86);
insert into STATION values (46, '.', 56, 294050.86, 4202315.53, 1278.13);
insert into STATION values (47, '.', 56, 294045.66, 4202308.32, 1277.42);
insert into STATION values (48, '.', 56, 294052.49, 4202314.32, 1278.64);
insert into STATION values (49, '4', 56, 294047.50, 4202311.67, 1278.45);
insert into STATION values (50, '.', 56, 294047.12, 4202312.72, 1278.47);
insert into STATION values (51, '.', 56, 294047.70, 4202311.88, 1281.67);
insert into STATION values (52, '.', 56, 294050.24, 4202309.25, 1280.29);
insert into STATION values (53, '.', 56, 294049.31, 4202310.35, 1276.94);
insert into STATION values (54, '.', 56, 294045.55, 4202312.81, 1277.36);
insert into STATION values (55, '.', 56, 294044.28, 4202310.07, 1276.96);
insert into STATION values (56, '.', 56, 294045.60, 4202309.58, 1280.41);
insert into STATION values (57, '.', 56, 294045.46, 4202308.47, 1278.25);
insert into STATION values (58, '.', 56, 294047.40, 4202309.19, 1279.41);
insert into STATION values (59, '5', 56, 294043.89, 4202313.17, 1279.59);
insert into STATION values (60, '6', 56, 294043.69, 4202310.21, 1283.28);
insert into STATION values (61, '.', 56, 294043.32, 4202309.12, 1283.55);
insert into STATION values (62, '.', 56, 294043.63, 4202310.45, 1283.89);
insert into STATION values (63, '.', 56, 294043.73, 4202310.67, 1283.32);
insert into STATION values (64, '.', 56, 294043.02, 4202310.20, 1282.68);
insert into STATION values (65, '.', 56, 294042.40, 4202311.11, 1283.69);
insert into STATION values (66, '.', 56, 294043.26, 4202310.99, 1283.37);
insert into STATION values (67, '.', 56, 294042.26, 4202310.10, 1284.20);
insert into STATION values (68, '7', 56, 294040.72, 4202311.51, 1283.70);
insert into STATION values (69, '.', 56, 294039.28, 4202312.55, 1283.59);
insert into STATION values (70, '.', 56, 294040.16, 4202313.18, 1281.97);
insert into STATION values (71, '.', 56, 294041.85, 4202310.62, 1284.22);
insert into STATION values (72, '.', 56, 294040.80, 4202311.50, 1285.08);
insert into STATION values (73, '.', 56, 294040.29, 4202312.21, 1285.16);
insert into STATION values (74, '.', 56, 294041.01, 4202313.08, 1283.67);
insert into STATION values (75, '.', 56, 294042.45, 4202312.06, 1283.96);
insert into STATION values (76, '.', 56, 294041.14, 4202313.68, 1281.88);
insert into STATION values (77, '.', 56, 294042.67, 4202311.50, 1282.77);
insert into STATION values (78, '.', 56, 294041.48, 4202311.76, 1282.77);
insert into STATION values (79, '.', 56, 294041.45, 4202312.01, 1288.49);
insert into STATION values (80, '.', 56, 294042.18, 4202309.17, 1291.27);
insert into STATION values (81, '.', 56, 294041.24, 4202311.82, 1285.79);
insert into STATION values (82, '.', 56, 294038.85, 4202311.28, 1285.40);
insert into STATION values (83, '8', 56, 294038.88, 4202311.29, 1285.46);
insert into STATION values (84, '.', 56, 294039.26, 4202311.31, 1285.61);
insert into STATION values (85, '.', 56, 294039.38, 4202310.85, 1286.55);
insert into STATION values (86, '.', 56, 294039.41, 4202311.80, 1286.07);
insert into STATION values (87, '.', 56, 294039.08, 4202311.74, 1286.07);
insert into STATION values (88, '.', 56, 294038.70, 4202311.15, 1284.69);
insert into STATION values (89, '.', 56, 294040.76, 4202310.31, 1290.93);
insert into STATION values (90, '.', 56, 294039.16, 4202309.29, 1290.67);
insert into STATION values (91, '.', 56, 294038.09, 4202309.63, 1292.63);
insert into STATION values (92, '.', 56, 294039.33, 4202310.51, 1286.99);
insert into STATION values (93, '9', 56, 294039.34, 4202310.47, 1287.01);
insert into STATION values (94, '.', 56, 294039.32, 4202310.52, 1286.95);
insert into STATION values (95, '.', 56, 294039.33, 4202310.49, 1287.00);
insert into STATION values (96, '.', 56, 294039.41, 4202312.49, 1287.51);
insert into STATION values (97, '.', 56, 294037.72, 4202311.34, 1292.95);
insert into STATION values (98, '.', 56, 294042.86, 4202310.44, 1286.87);
insert into STATION values (99, '.', 56, 294042.97, 4202307.03, 1285.17);
insert into STATION values (100, '.', 56, 294040.43, 4202306.41, 1285.61);
insert into STATION values (101, '.', 56, 294043.96, 4202308.35, 1291.40);
insert into STATION values (102, '.', 56, 294040.95, 4202306.43, 1290.18);
insert into STATION values (103, '.', 56, 294037.16, 4202310.58, 1288.01);
insert into STATION values (104, '.', 56, 294034.87, 4202314.48, 1290.27);
insert into STATION values (105, '.', 56, 294033.66, 4202314.27, 1293.08);
insert into STATION values (106, '.', 56, 294036.03, 4202310.15, 1293.68);
insert into STATION values (107, '.', 56, 294035.09, 4202307.37, 1291.70);
insert into STATION values (108, '.', 56, 294037.74, 4202306.84, 1290.87);
insert into STATION values (109, '.', 56, 294036.44, 4202305.78, 1289.53);
insert into STATION values (110, '10', 56, 294031.42, 4202312.73, 1293.35);
insert into STATION values (111, '0', 175, 293850.18, 4202355.43, 1300.00);
insert into STATION_FLAG values(111, 'ent');
insert into STATION_FLAG values(111, 'fix');
insert into STATION values (112, '1', 175, 293851.24, 4202363.45, 1289.35);
insert into STATION values (113, '2', 175, 293844.03, 4202372.80, 1285.17);
insert into STATION values (114, '3', 175, 293844.00, 4202372.77, 1284.38);
insert into STATION values (115, '4', 175, 293852.55, 4202386.53, 1270.88);
insert into STATION values (116, '5', 175, 293846.03, 4202396.64, 1263.13);
insert into STATION values (117, '6', 175, 293843.03, 4202392.92, 1263.71);
insert into STATION values (118, '7', 175, 293833.87, 4202384.95, 1267.10);
insert into STATION values (119, '8', 175, 293850.08, 4202403.15, 1261.21);
insert into STATION values (120, '9', 175, 293856.02, 4202393.85, 1271.47);
insert into STATION values (121, '10', 175, 293855.81, 4202398.28, 1270.18);
insert into STATION values (122, '11', 175, 293857.07, 4202405.07, 1263.81);
insert into STATION values (123, '12', 175, 293859.12, 4202392.00, 1270.27);
insert into STATION values (124, '13', 175, 293858.72, 4202394.11, 1271.68);
insert into STATION values (125, '14', 175, 293858.13, 4202394.63, 1273.25);
insert into STATION values (126, '15', 175, 293862.82, 4202392.73, 1278.39);
insert into STATION values (127, '.', 175, 293847.24, 4202356.56, 1297.90);
insert into STATION values (128, '.', 175, 293839.52, 4202366.93, 1298.74);
insert into STATION values (129, '.', 175, 293847.90, 4202369.61, 1299.57);
insert into STATION values (130, '.', 175, 293857.22, 4202362.22, 1298.24);
insert into STATION values (131, '.', 175, 293859.59, 4202353.58, 1298.72);
insert into STATION values (132, '.', 175, 293857.19, 4202346.42, 1298.46);
insert into STATION values (133, '.', 175, 293848.99, 4202364.06, 1289.92);
insert into STATION values (134, '.', 175, 293848.00, 4202372.08, 1290.89);
insert into STATION values (135, '.', 175, 293843.91, 4202373.12, 1285.08);
insert into STATION values (136, '.', 175, 293838.67, 4202374.17, 1285.44);
insert into STATION values (137, '.', 175, 293843.16, 4202371.85, 1285.28);
insert into STATION values (138, '.', 175, 293840.13, 4202378.59, 1284.62);
insert into STATION values (139, '.', 175, 293846.90, 4202376.69, 1284.75);
insert into STATION values (140, '.', 175, 293851.67, 4202371.42, 1285.49);
insert into STATION values (141, '.', 175, 293842.00, 4202388.06, 1269.63);
insert into STATION values (142, '.', 175, 293849.04, 4202390.71, 1270.11);
insert into STATION values (143, '.', 175, 293852.27, 4202397.00, 1269.52);
insert into STATION values (144, '.', 175, 293855.52, 4202397.73, 1272.53);
insert into STATION values (145, '.', 175, 293858.48, 4202394.86, 1272.24);
insert into STATION values (146, '.', 175, 293861.21, 4202393.51, 1272.82);
insert into STATION values (147, '.', 175, 293863.22, 4202391.56, 1273.02);
insert into STATION values (148, '.', 175, 293861.52, 4202388.64, 1271.38);
insert into STATION values (149, '.', 175, 293857.60, 4202384.20, 1271.08);
insert into STATION values (150, '.', 175, 293854.24, 4202382.28, 1271.96);
insert into STATION values (151, '.', 175, 293854.97, 4202375.58, 1273.14);
insert into STATION values (152, '.', 175, 293854.04, 4202374.98, 1273.61);
insert into STATION values (153, '.', 175, 293853.33, 4202386.52, 1276.74);
insert into STATION values (154, '.', 175, 293844.81, 4202396.26, 1261.45);
insert into STATION values (155, '.', 175, 293846.81, 4202397.62, 1261.62);
insert into STATION values (156, '.', 175, 293839.93, 4202389.11, 1264.34);
insert into STATION values (157, '.', 175, 293838.49, 4202391.49, 1264.32);
insert into STATION values (158, '.', 175, 293840.89, 4202394.25, 1263.36);
insert into STATION values (159, '.', 175, 293842.46, 4202396.17, 1261.49);
insert into STATION values (160, '.', 175, 293853.89, 4202395.22, 1270.56);
insert into STATION values (161, '.', 175, 293854.77, 4202395.83, 1271.16);
insert into STATION values (162, '.', 175, 293857.16, 4202395.29, 1271.79);
insert into STATION values (163, '.', 175, 293856.59, 4202393.94, 1269.61);
insert into STATION values (164, '.', 175, 293858.88, 4202387.82, 1270.64);
insert into STATION values (165, '.', 175, 293853.57, 4202398.39, 1269.24);
insert into STATION values (166, '.', 175, 293857.91, 4202398.97, 1269.63);
insert into STATION values (167, '.', 175, 293856.70, 4202397.95, 1271.00);
insert into STATION values (168, '.', 175, 293856.08, 4202398.55, 1268.52);
insert into STATION values (169, '.', 175, 293856.17, 4202405.51, 1263.74);
insert into STATION values (170, '.', 175, 293857.45, 4202405.00, 1263.68);
insert into STATION values (171, '.', 175, 293857.14, 4202405.17, 1264.13);
insert into STATION values (172, '.', 175, 293857.19, 4202405.14, 1263.13);
insert into STATION values (173, '.', 175, 293858.14, 4202394.71, 1271.84);
insert into STATION values (174, '.', 175, 293859.19, 4202393.61, 1271.69);
insert into STATION values (175, '.', 175, 293858.69, 4202394.05, 1272.01);
insert into STATION values (176, '.', 175, 293858.82, 4202394.19, 1271.06);
insert into STATION values (177, '.', 175, 293856.39, 4202393.30, 1274.24);
insert into STATION values (178, '.', 175, 293853.37, 4202395.55, 1276.21);
insert into STATION values (179, '.', 175, 293854.52, 4202400.73, 1276.68);
insert into STATION values (180, '.', 175, 293859.24, 4202398.08, 1275.11);
insert into STATION values (181, '.', 175, 293860.86, 4202395.24, 1274.33);
insert into STATION values (182, '.', 175, 293859.78, 4202393.62, 1273.83);
insert into STATION values (183, '.', 175, 293858.39, 4202392.45, 1274.75);
insert into STATION values (184, '0', 258, 266339.33, 4166732.93, 350.00);
insert into STATION_FLAG values(184, 'ent');
insert into STATION_FLAG values(184, 'fix');
insert into STATION values (185, '.', 258, 266340.73, 4166752.43, 349.76);
insert into STATION values (186, '.', 258, 266339.67, 4166745.85, 350.02);
insert into STATION values (187, '.', 258, 266342.70, 4166754.15, 347.56);
insert into STATION values (188, '.', 258, 266343.14, 4166749.94, 348.20);
insert into STATION values (189, '.', 258, 266343.58, 4166753.52, 343.38);
insert into STATION values (190, '.', 258, 266341.39, 4166755.18, 341.01);
insert into STATION values (191, '.', 258, 266341.06, 4166757.68, 338.74);
insert into STATION values (192, '.', 258, 266342.10, 4166757.87, 336.40);
insert into STATION values (193, '.', 258, 266341.56, 4166756.74, 334.31);
insert into STATION values (194, '.', 258, 266341.65, 4166756.93, 334.72);
insert into STATION values (195, '.', 258, 266342.78, 4166754.63, 336.85);
insert into STATION values (196, '12', 258, 266339.92, 4166757.18, 329.69);
insert into STATION values (197, '.', 258, 266341.21, 4166756.90, 335.54);
insert into STATION values (198, '.', 258, 266333.43, 4166750.80, 336.22);
insert into STATION values (199, '0', 262, 266316.53, 4166629.39, 350.00);
insert into STATION_FLAG values(199, 'ent');
insert into STATION_FLAG values(199, 'fix');
insert into STATION values (200, '.', 262, 266316.80, 4166633.86, 348.78);
insert into STATION values (201, '.', 262, 266318.84, 4166644.00, 347.46);
insert into STATION values (202, '.', 262, 266319.93, 4166655.37, 346.76);
insert into STATION values (203, '.', 262, 266319.02, 4166646.40, 348.04);
insert into STATION values (204, '.', 262, 266316.58, 4166634.25, 348.03);
insert into STATION values (205, '.', 262, 266316.54, 4166646.12, 341.67);
insert into STATION values (206, '.', 262, 266319.31, 4166639.63, 340.40);
insert into STATION values (207, '.', 262, 266320.17, 4166645.61, 338.25);
insert into STATION values (208, '.', 262, 266320.21, 4166651.25, 336.19);
insert into STATION values (209, '.', 262, 266319.96, 4166656.63, 332.35);
insert into STATION values (210, '.', 262, 266323.09, 4166654.15, 336.39);
insert into STATION values (211, '.', 262, 266323.76, 4166646.48, 337.96);
insert into STATION values (212, '.', 262, 266320.05, 4166653.27, 336.35);
insert into STATION values (213, '.', 262, 266319.95, 4166648.99, 334.40);
insert into STATION values (214, '.', 262, 266319.75, 4166650.24, 333.08);
insert into STATION values (215, '.', 262, 266318.15, 4166645.10, 334.95);
insert into STATION values (216, '.', 262, 266320.10, 4166651.33, 335.36);
insert into STATION values (217, '.', 262, 266317.49, 4166646.33, 336.29);
insert into STATION values (218, '.', 262, 266319.15, 4166654.28, 333.58);
insert into STATION values (219, '.', 262, 266318.68, 4166653.30, 332.68);
insert into STATION values (220, '36', 262, 266318.45, 4166654.07, 331.27);
insert into STATION values (221, '0', 286, 279973.31, 4198960.97, 922.87);
insert into STATION values (222, '.', 286, 279974.30, 4198961.23, 923.08);
insert into STATION values (223, '.', 286, 279973.66, 4198961.02, 922.50);
insert into STATION values (224, '.', 286, 279973.81, 4198960.71, 923.65);
insert into STATION values (225, '.', 286, 279974.18, 4198959.93, 922.73);
insert into STATION values (226, '.', 286, 279974.80, 4198958.41, 922.87);
insert into STATION values (227, '.', 286, 279974.14, 4198959.53, 923.72);
insert into STATION values (228, '.', 286, 279973.49, 4198960.19, 923.17);
insert into STATION values (229, '.', 286, 279974.98, 4198959.00, 923.45);
insert into STATION values (230, '.', 286, 279974.14, 4198963.38, 922.21);
insert into STATION values (231, '.', 286, 279973.60, 4198962.09, 923.40);
insert into STATION values (232, '.', 286, 279973.75, 4198964.34, 923.18);
insert into STATION values (233, '.', 286, 279975.43, 4198964.52, 922.35);
insert into STATION values (234, '.', 286, 279973.31, 4198964.61, 922.76);
insert into STATION values (235, '.', 286, 279971.84, 4198962.59, 922.49);
insert into STATION values (236, '.', 286, 279972.78, 4198962.17, 922.25);
insert into STATION values (237, '0b', 286, 279974.48, 4198960.44, 923.45);
insert into STATION values (238, '.', 286, 279974.47, 4198960.45, 923.43);
insert into STATION values (239, '.', 286, 279972.20, 4198960.37, 922.85);
insert into STATION values (240, '.', 286, 279972.92, 4198960.67, 922.27);
insert into STATION values (241, '.', 286, 279973.15, 4198960.67, 923.38);
insert into STATION values (242, '.', 286, 279974.01, 4198958.58, 923.40);
insert into STATION values (243, '.', 286, 279973.10, 4198959.03, 923.32);
insert into STATION values (244, '.', 286, 279973.67, 4198959.19, 922.56);
insert into STATION values (245, '.', 286, 279973.61, 4198957.69, 923.28);
insert into STATION values (246, '.', 286, 279973.52, 4198956.97, 924.40);
insert into STATION values (247, '.', 286, 279973.38, 4198956.97, 923.99);
insert into STATION values (248, '.', 286, 279973.81, 4198957.17, 923.94);
insert into STATION values (249, '1', 286, 279974.95, 4198955.34, 924.86);
insert into STATION values (250, '2', 286, 279975.41, 4198965.86, 922.32);
insert into STATION values (251, '.', 286, 279974.33, 4198966.12, 922.48);
insert into STATION values (252, '.', 286, 279974.78, 4198966.23, 922.14);
insert into STATION values (253, '.', 286, 279975.07, 4198966.11, 922.58);
insert into STATION values (254, '.', 286, 279973.67, 4198968.05, 922.05);
insert into STATION values (255, '.', 286, 279974.85, 4198967.99, 922.13);
insert into STATION values (256, '.', 286, 279973.29, 4198970.41, 921.70);
insert into STATION values (257, '.', 286, 279973.44, 4198968.84, 921.88);
insert into STATION values (258, '.', 286, 279973.68, 4198969.07, 922.29);
insert into STATION values (259, '.', 286, 279974.55, 4198967.42, 922.03);
insert into STATION values (260, '3', 286, 279970.14, 4198975.16, 921.14);
insert into STATION values (261, '.', 286, 279972.26, 4198974.41, 920.87);
insert into STATION values (262, '.', 286, 279971.16, 4198974.93, 919.96);
insert into STATION values (263, '.', 286, 279971.19, 4198974.11, 925.46);
insert into STATION values (264, '.', 286, 279971.35, 4198971.26, 925.68);
insert into STATION values (265, '.', 286, 279971.24, 4198971.59, 923.88);
insert into STATION values (266, '.', 286, 279970.02, 4198972.97, 921.80);
insert into STATION values (267, '.', 286, 279972.09, 4198970.41, 921.23);
insert into STATION values (268, '.', 286, 279970.70, 4198973.01, 920.58);
insert into STATION values (269, '.', 286, 279969.10, 4198974.66, 921.05);
insert into STATION values (270, '.', 286, 279970.64, 4198974.07, 925.65);
insert into STATION values (271, '.', 286, 279971.65, 4198980.43, 918.35);
insert into STATION values (272, '.', 286, 279970.41, 4198995.37, 920.12);
insert into STATION values (273, '.', 286, 279974.04, 4198989.97, 921.86);
insert into STATION values (274, '.', 286, 279973.74, 4198981.96, 922.53);
insert into STATION values (275, '.', 286, 279972.90, 4198977.17, 922.35);
insert into STATION values (276, '.', 286, 279971.36, 4198979.25, 924.55);
insert into STATION values (277, '.', 286, 279969.73, 4198978.53, 920.99);
insert into STATION values (278, '4', 286, 279974.45, 4198985.79, 919.14);
insert into STATION values (279, '.', 286, 279973.69, 4198985.95, 917.85);
insert into STATION values (280, '.', 286, 279970.28, 4198985.64, 917.46);
insert into STATION values (281, '.', 286, 279972.04, 4198985.71, 917.61);
insert into STATION values (282, '.', 286, 279967.22, 4198986.27, 921.91);
insert into STATION values (283, '.', 286, 279965.06, 4198987.76, 928.44);
insert into STATION values (284, '.', 286, 279968.81, 4198989.00, 928.83);
insert into STATION values (285, '.', 286, 279974.61, 4198988.87, 927.64);
insert into STATION values (286, '.', 286, 279975.98, 4198987.18, 920.35);
insert into STATION values (287, '.', 286, 279966.34, 4198995.97, 914.25);
insert into STATION values (288, '.', 286, 279966.43, 4198995.67, 920.12);
insert into STATION values (289, '.', 286, 279971.68, 4198994.10, 919.80);
insert into STATION values (290, '.', 286, 279969.89, 4198994.00, 921.71);
insert into STATION values (291, '.', 286, 279967.93, 4198993.26, 927.75);
insert into STATION values (292, '.', 286, 279970.24, 4198991.52, 927.67);
insert into STATION values (293, '.', 286, 279972.06, 4198985.63, 927.95);
insert into STATION values (294, '.', 286, 279972.33, 4198980.96, 918.95);
insert into STATION values (295, '.', 286, 279970.05, 4198980.05, 920.14);
insert into STATION values (296, '.', 286, 279974.43, 4198982.87, 919.83);
insert into STATION values (297, '.', 286, 279972.59, 4198981.01, 923.62);
insert into STATION values (298, '.', 286, 279972.44, 4198985.27, 928.08);
insert into STATION values (299, '5', 286, 279980.10, 4198984.64, 921.53);
insert into STATION values (300, '6', 286, 279973.18, 4198990.02, 918.01);
insert into STATION values (301, '.', 286, 279968.96, 4198989.65, 916.60);
insert into STATION values (302, '.', 286, 279972.56, 4198989.88, 916.56);
insert into STATION values (303, '.', 286, 279967.02, 4198990.58, 921.22);
insert into STATION values (304, '.', 286, 279968.33, 4198992.64, 923.08);
insert into STATION values (305, '.', 286, 279970.58, 4198992.85, 922.36);
insert into STATION values (306, '.', 286, 279972.57, 4198992.38, 920.52);
insert into STATION values (307, '.', 286, 279965.18, 4198996.23, 914.60);
insert into STATION values (308, '.', 286, 279959.56, 4199010.64, 913.69);
insert into STATION values (309, '.', 286, 279970.55, 4198994.01, 914.99);
insert into STATION values (310, '.', 286, 279969.04, 4198997.06, 913.50);
insert into STATION values (311, '.', 286, 279972.25, 4198993.30, 915.61);
insert into STATION values (312, '.', 286, 279971.87, 4198987.39, 917.22);
insert into STATION values (313, '7', 286, 279972.34, 4198978.26, 928.04);
insert into STATION values (314, '8', 286, 279964.66, 4198986.63, 927.94);
insert into STATION values (315, '9', 286, 279968.21, 4198996.61, 913.91);
insert into STATION values (316, '.', 286, 279968.30, 4198996.58, 913.65);
insert into STATION values (317, '.', 286, 279968.80, 4198997.30, 920.65);
insert into STATION values (318, '.', 286, 279972.61, 4198997.32, 914.71);
insert into STATION values (319, '.', 286, 279973.52, 4199000.33, 913.67);
insert into STATION values (320, '.', 286, 279968.27, 4199000.00, 911.89);
insert into STATION values (321, '.', 286, 279967.55, 4198999.06, 920.00);
insert into STATION values (322, '.', 286, 279964.91, 4198996.89, 915.25);
insert into STATION values (323, '.', 286, 279965.95, 4198996.91, 918.10);
insert into STATION values (324, '.', 286, 279969.09, 4198994.40, 914.42);
insert into STATION values (325, '.', 286, 279966.60, 4198992.75, 916.48);
insert into STATION values (326, '10', 286, 279966.54, 4198998.88, 913.27);
insert into STATION values (327, '11', 286, 279965.02, 4199002.05, 912.01);
insert into STATION values (328, '12', 286, 279964.49, 4199004.53, 910.00);
insert into STATION_FLAG values(328, 'ent');
insert into STATION_FLAG values(328, 'fix');
insert into STATION values (329, '00', 295, 271312.42, 4169207.31, 745.00);
insert into STATION_FLAG values(329, 'ent');
insert into STATION_FLAG values(329, 'fix');
insert into STATION values (330, '1', 295, 271334.10, 4169207.15, 744.62);
insert into STATION values (331, '.', 295, 271312.50, 4169209.00, 745.20);
insert into STATION values (332, '.', 295, 271312.46, 4169205.70, 745.10);
insert into STATION values (333, '.', 295, 271312.43, 4169207.31, 744.81);
insert into STATION values (334, '.', 295, 271312.69, 4169207.90, 747.88);
insert into STATION values (335, '.', 295, 271334.51, 4169208.36, 744.62);
insert into STATION values (336, '.', 295, 271333.51, 4169205.81, 744.62);
insert into STATION values (337, '.', 295, 271334.08, 4169207.17, 744.24);
insert into STATION values (338, '.', 295, 271334.24, 4169207.29, 746.57);
insert into STATION values (339, '2', 295, 271354.04, 4169206.72, 746.58);
insert into STATION values (340, '.', 295, 271354.34, 4169204.97, 746.46);
insert into STATION values (341, '.', 295, 271354.03, 4169207.00, 746.59);
insert into STATION values (342, '.', 295, 271354.20, 4169206.74, 744.87);
insert into STATION values (343, '.', 295, 271354.24, 4169206.19, 747.07);
insert into STATION values (344, '3', 295, 271373.63, 4169206.46, 746.79);
insert into STATION values (345, '.', 295, 271373.75, 4169202.36, 746.41);
insert into STATION values (346, '.', 295, 271373.61, 4169206.83, 746.66);
insert into STATION values (347, '.', 295, 271373.68, 4169206.35, 745.21);
insert into STATION values (348, '.', 295, 271373.94, 4169205.65, 747.45);
insert into STATION values (349, '4', 295, 271395.21, 4169205.47, 747.32);
insert into STATION values (350, '.', 295, 271395.33, 4169207.46, 747.24);
insert into STATION values (351, '.', 295, 271395.19, 4169205.25, 747.35);
insert into STATION values (352, '.', 295, 271395.14, 4169205.43, 745.69);
insert into STATION values (353, '.', 295, 271395.23, 4169206.19, 747.82);
insert into STATION values (354, '5', 295, 271414.80, 4169206.86, 747.50);
insert into STATION values (355, '.', 295, 271414.81, 4169204.79, 747.38);
insert into STATION values (356, '.', 295, 271414.75, 4169207.26, 746.99);
insert into STATION values (357, '.', 295, 271414.91, 4169206.40, 745.91);
insert into STATION values (358, '.', 295, 271415.08, 4169206.13, 748.08);
insert into STATION values (359, '6', 295, 271437.33, 4169204.48, 747.82);
insert into STATION values (360, '.', 295, 271437.17, 4169206.90, 747.73);
insert into STATION values (361, '.', 295, 271437.69, 4169204.56, 748.29);
insert into STATION values (362, '.', 295, 271438.05, 4169205.60, 748.65);
insert into STATION values (363, '.', 295, 271437.49, 4169205.99, 746.21);
insert into STATION values (364, '7', 295, 271461.29, 4169206.86, 747.73);
insert into STATION values (365, '.', 295, 271461.15, 4169204.44, 747.53);
insert into STATION values (366, '.', 295, 271461.68, 4169206.87, 746.40);
insert into STATION values (367, '.', 295, 271461.56, 4169205.86, 746.25);
insert into STATION values (368, '.', 295, 271461.77, 4169205.57, 748.53);
insert into STATION values (369, '8', 295, 271484.84, 4169202.18, 748.06);
insert into STATION values (370, '.', 295, 271485.20, 4169203.86, 747.86);
insert into STATION values (371, '.', 295, 271484.81, 4169201.99, 748.08);
insert into STATION values (372, '.', 295, 271485.29, 4169202.98, 746.37);
insert into STATION values (373, '.', 295, 271485.17, 4169202.88, 748.38);
insert into STATION values (374, '9', 295, 271513.75, 4169203.73, 748.10);
insert into STATION values (375, '.', 295, 271513.50, 4169201.58, 748.12);
insert into STATION values (376, '.', 295, 271514.87, 4169204.07, 747.33);
insert into STATION values (377, '.', 295, 271514.09, 4169202.86, 746.63);
insert into STATION values (378, '.', 295, 271514.11, 4169202.24, 749.01);
insert into STATION values (379, '10', 295, 271533.97, 4169201.45, 748.18);
insert into STATION values (380, '.', 295, 271534.14, 4169203.46, 748.06);
insert into STATION values (381, '.', 295, 271534.16, 4169201.52, 747.10);
insert into STATION values (382, '.', 295, 271534.06, 4169202.45, 746.94);
insert into STATION values (383, '.', 295, 271534.42, 4169202.59, 749.08);
insert into STATION values (384, '11', 295, 271549.75, 4169203.71, 748.77);
insert into STATION values (385, '.', 295, 271549.57, 4169200.79, 748.57);
insert into STATION values (386, '.', 295, 271549.82, 4169203.90, 747.60);
insert into STATION values (387, '.', 295, 271549.74, 4169202.85, 747.33);
insert into STATION values (388, '.', 295, 271549.67, 4169202.26, 749.64);
insert into STATION values (389, 'PTR_FR24_A21_12', 295, 271570.76, 4169202.31, 746.71);
insert into STATION values (390, '.', 295, 271578.70, 4169202.94, 747.80);
insert into STATION values (391, '.', 295, 271577.89, 4169203.47, 751.60);
insert into STATION values (392, '.', 295, 271571.79, 4169204.27, 755.47);
insert into STATION values (393, '.', 295, 271549.93, 4169202.65, 749.19);
insert into STATION values (394, '.', 295, 271556.48, 4169203.59, 755.26);
insert into STATION values (395, '.', 295, 271556.22, 4169225.09, 745.24);
insert into STATION values (396, '.', 295, 271580.74, 4169219.35, 747.57);
insert into STATION values (397, '.', 295, 271551.92, 4169184.76, 755.37);
insert into STATION values (398, '.', 295, 271577.49, 4169186.66, 747.45);
insert into STATION values (399, '13', 295, 271567.14, 4169220.52, 742.35);
insert into STATION values (400, '.', 295, 271576.96, 4169224.30, 747.53);
insert into STATION values (401, '.', 295, 271575.20, 4169234.06, 744.34);
insert into STATION values (402, '.', 295, 271556.57, 4169236.46, 739.36);
insert into STATION values (403, '.', 295, 271555.17, 4169226.95, 741.47);
insert into STATION values (404, '.', 295, 271580.95, 4169213.13, 747.56);
insert into STATION values (405, '.', 295, 271550.18, 4169214.49, 746.71);
insert into STATION values (406, '.', 295, 271563.08, 4169222.49, 752.99);
insert into STATION values (407, '.', 295, 271566.46, 4169220.97, 741.72);
insert into STATION values (408, '14', 295, 271558.10, 4169239.25, 734.24);
insert into STATION values (409, '.', 295, 271552.23, 4169238.54, 734.14);
insert into STATION values (410, '.', 295, 271555.23, 4169248.91, 732.75);
insert into STATION values (411, '.', 295, 271567.97, 4169251.96, 732.69);
insert into STATION values (412, '.', 295, 271569.45, 4169240.00, 735.50);
insert into STATION values (413, '.', 295, 271572.75, 4169230.33, 740.21);
insert into STATION values (414, '.', 295, 271553.47, 4169231.16, 734.49);
insert into STATION values (415, '.', 295, 271564.05, 4169241.27, 744.34);
insert into STATION values (416, '.', 295, 271562.37, 4169240.13, 732.17);
insert into STATION values (417, '.', 295, 271562.34, 4169252.33, 724.14);
insert into STATION values (418, '.', 295, 271566.18, 4169234.62, 736.17);
insert into STATION values (419, '.', 295, 271553.20, 4169250.83, 722.44);
insert into STATION values (420, '.', 295, 271553.39, 4169250.13, 723.15);
insert into STATION values (421, '15', 295, 271553.16, 4169250.77, 722.52);
insert into STATION values (422, '.', 295, 271545.98, 4169253.13, 722.29);
insert into STATION values (423, '.', 295, 271551.64, 4169269.36, 718.04);
insert into STATION values (424, '.', 295, 271564.26, 4169269.29, 723.57);
insert into STATION values (425, '.', 295, 271565.97, 4169257.17, 725.07);
insert into STATION values (426, '.', 295, 271568.76, 4169247.09, 731.73);
insert into STATION values (427, '.', 295, 271548.38, 4169245.02, 723.93);
insert into STATION values (428, '.', 295, 271551.77, 4169239.87, 728.68);
insert into STATION values (429, '.', 295, 271556.58, 4169255.87, 720.12);
insert into STATION values (430, '.', 295, 271557.08, 4169248.93, 733.98);
insert into STATION values (431, '16', 295, 271556.32, 4169275.96, 718.36);
insert into STATION values (432, '.', 295, 271546.58, 4169271.41, 716.04);
insert into STATION values (433, '.', 295, 271548.36, 4169264.74, 717.44);
insert into STATION values (434, '.', 295, 271550.46, 4169257.78, 720.37);
insert into STATION values (435, '.', 295, 271569.24, 4169251.80, 730.62);
insert into STATION values (436, '.', 295, 271568.89, 4169265.09, 729.74);
insert into STATION values (437, '.', 295, 271559.58, 4169282.55, 722.29);
insert into STATION values (438, '.', 295, 271554.71, 4169288.41, 721.30);
insert into STATION values (439, '.', 295, 271550.00, 4169280.12, 716.50);
insert into STATION values (440, '.', 295, 271554.94, 4169276.58, 724.71);
insert into STATION values (441, '.', 295, 271545.85, 4169277.37, 710.19);
insert into STATION values (442, '.', 295, 271551.62, 4169271.87, 715.28);
insert into STATION values (443, '17', 295, 271544.02, 4169279.38, 710.72);
insert into STATION values (444, '.', 295, 271542.94, 4169276.11, 711.29);
insert into STATION values (445, '.', 295, 271534.98, 4169277.83, 713.42);
insert into STATION values (446, '.', 295, 271539.20, 4169283.56, 712.76);
insert into STATION values (447, '.', 295, 271544.26, 4169281.90, 711.54);
insert into STATION values (448, '.', 295, 271549.37, 4169280.89, 714.32);
insert into STATION values (449, '.', 295, 271546.94, 4169274.27, 713.81);
insert into STATION values (450, '.', 295, 271544.16, 4169277.05, 717.51);
insert into STATION values (451, '.', 295, 271544.47, 4169279.38, 710.31);
insert into STATION values (452, '.', 295, 271541.89, 4169277.43, 709.30);
insert into STATION values (453, '18', 295, 271528.93, 4169288.90, 712.28);
insert into STATION values (454, '.', 295, 271535.52, 4169292.62, 712.47);
insert into STATION values (455, '.', 295, 271532.68, 4169290.65, 715.01);
insert into STATION values (456, '.', 295, 271533.56, 4169299.32, 711.88);
insert into STATION values (457, '.', 295, 271527.66, 4169304.90, 712.36);
insert into STATION values (458, '.', 295, 271527.08, 4169296.00, 713.31);
insert into STATION values (459, '.', 295, 271529.80, 4169283.28, 713.26);
insert into STATION values (460, '.', 295, 271533.18, 4169280.22, 713.26);
insert into STATION values (461, '.', 295, 271539.16, 4169283.74, 712.72);
insert into STATION values (462, '.', 295, 271532.82, 4169287.49, 711.00);
insert into STATION values (463, '.', 295, 271533.57, 4169286.06, 715.45);
insert into STATION values (464, '19', 295, 271534.76, 4169310.85, 709.37);
insert into STATION values (465, '.', 295, 271534.56, 4169299.01, 710.80);
insert into STATION values (466, '.', 295, 271539.48, 4169304.41, 710.01);
insert into STATION values (467, '.', 295, 271536.39, 4169310.83, 709.61);
insert into STATION values (468, '.', 295, 271538.65, 4169316.40, 709.63);
insert into STATION values (469, '.', 295, 271526.70, 4169298.62, 712.27);
insert into STATION values (470, '.', 295, 271528.24, 4169308.24, 710.99);
insert into STATION values (471, '.', 295, 271524.52, 4169315.23, 711.27);
insert into STATION values (472, '.', 295, 271520.19, 4169325.54, 712.31);
insert into STATION values (473, '.', 295, 271528.75, 4169315.47, 713.86);
insert into STATION values (474, '.', 295, 271532.43, 4169312.52, 708.28);
insert into STATION values (475, '20', 295, 271532.90, 4169333.71, 710.13);
insert into STATION values (476, '.', 295, 271537.50, 4169325.69, 712.81);
insert into STATION values (477, '.', 295, 271532.39, 4169324.51, 715.13);
insert into STATION values (478, '.', 295, 271525.84, 4169324.19, 713.13);
insert into STATION values (479, '.', 295, 271530.15, 4169313.27, 711.57);
insert into STATION values (480, '.', 295, 271521.41, 4169330.96, 711.72);
insert into STATION values (481, '.', 295, 271533.43, 4169337.68, 713.54);
insert into STATION values (482, '.', 295, 271529.45, 4169346.41, 712.21);
insert into STATION values (483, '.', 295, 271506.53, 4169343.96, 713.95);
insert into STATION values (484, '.', 295, 271517.54, 4169335.55, 712.88);
insert into STATION values (485, '.', 295, 271531.03, 4169336.77, 708.70);
insert into STATION values (486, '.', 295, 271524.56, 4169341.97, 715.06);
insert into STATION values (487, '21', 295, 271514.61, 4169347.66, 712.83);
insert into STATION values (488, '.', 295, 271510.91, 4169339.68, 713.35);
insert into STATION values (489, '.', 295, 271515.53, 4169339.55, 712.77);
insert into STATION values (490, '.', 295, 271524.02, 4169330.23, 712.55);
insert into STATION values (491, '.', 295, 271532.11, 4169343.61, 712.96);
insert into STATION values (492, '.', 295, 271527.41, 4169350.58, 713.06);
insert into STATION values (493, '.', 295, 271510.51, 4169352.65, 714.23);
insert into STATION values (494, '.', 295, 271515.21, 4169354.36, 713.69);
insert into STATION values (495, '.', 295, 271513.51, 4169343.35, 711.83);
insert into STATION values (496, '.', 295, 271514.15, 4169345.33, 715.14);
insert into STATION values (497, '22', 295, 271537.48, 4169366.89, 710.74);
insert into STATION values (498, '.', 295, 271532.79, 4169373.91, 710.92);
insert into STATION values (499, '.', 295, 271523.30, 4169370.09, 714.55);
insert into STATION values (500, '.', 295, 271525.31, 4169364.27, 713.55);
insert into STATION values (501, '.', 295, 271531.87, 4169355.99, 712.25);
insert into STATION values (502, '.', 295, 271539.48, 4169360.16, 710.23);
insert into STATION values (503, '.', 295, 271541.39, 4169361.15, 710.10);
insert into STATION values (504, '.', 295, 271539.43, 4169365.68, 710.41);
insert into STATION values (505, '.', 295, 271534.09, 4169361.45, 714.79);
insert into STATION values (506, '.', 295, 271535.26, 4169363.76, 709.66);
insert into STATION values (507, '23', 295, 271527.87, 4169376.05, 710.25);
insert into STATION values (508, '.', 295, 271520.32, 4169374.61, 713.49);
insert into STATION values (509, '.', 295, 271523.50, 4169370.51, 714.78);
insert into STATION values (510, '.', 295, 271527.52, 4169377.31, 710.37);
insert into STATION values (511, '.', 295, 271530.51, 4169380.68, 710.92);
insert into STATION values (512, '.', 295, 271531.99, 4169374.99, 710.93);
insert into STATION values (513, '.', 295, 271537.64, 4169367.37, 710.94);
insert into STATION values (514, '.', 295, 271530.65, 4169377.52, 717.15);
insert into STATION values (515, '.', 295, 271527.92, 4169377.43, 709.35);
insert into STATION values (516, '24', 295, 271506.01, 4169400.38, 710.60);
insert into STATION values (517, '.', 295, 271511.36, 4169418.39, 711.65);
insert into STATION values (518, '.', 295, 271516.50, 4169407.47, 714.33);
insert into STATION values (519, '.', 295, 271526.27, 4169390.99, 714.53);
insert into STATION values (520, '.', 295, 271516.96, 4169377.88, 712.13);
insert into STATION values (521, '.', 295, 271509.02, 4169388.92, 710.78);
insert into STATION values (522, '.', 295, 271503.54, 4169391.50, 712.60);
insert into STATION values (523, '.', 295, 271489.31, 4169410.87, 718.88);
insert into STATION values (524, '.', 295, 271497.89, 4169408.91, 711.94);
insert into STATION values (525, '.', 295, 271504.59, 4169405.40, 718.60);
insert into STATION values (526, '.', 295, 271507.11, 4169402.96, 708.66);
insert into STATION values (527, '25', 295, 271496.38, 4169438.56, 715.92);
insert into STATION values (528, '.', 295, 271506.13, 4169441.54, 717.21);
insert into STATION values (529, '.', 295, 271510.67, 4169426.93, 715.28);
insert into STATION values (530, '.', 295, 271492.34, 4169425.49, 717.31);
insert into STATION values (531, '.', 295, 271489.42, 4169429.15, 718.05);
insert into STATION values (532, '.', 295, 271479.48, 4169441.71, 724.19);
insert into STATION values (533, '.', 295, 271496.06, 4169434.52, 712.28);
insert into STATION values (534, '.', 295, 271500.31, 4169427.66, 709.50);
insert into STATION values (535, '.', 295, 271495.20, 4169434.13, 724.07);
insert into STATION values (536, '.', 295, 271475.65, 4169437.71, 722.94);
insert into STATION values (537, '26', 295, 271478.17, 4169437.15, 721.78);
insert into STATION values (538, '.', 295, 271506.05, 4169445.54, 719.65);
insert into STATION values (539, '.', 295, 271491.47, 4169427.47, 720.08);
insert into STATION values (540, '.', 295, 271478.63, 4169433.66, 722.40);
insert into STATION values (541, '.', 295, 271487.45, 4169471.19, 720.49);
insert into STATION values (542, '.', 295, 271483.61, 4169454.05, 728.78);
insert into STATION values (543, '.', 295, 271482.49, 4169442.47, 720.62);
insert into STATION values (544, '.', 295, 271475.13, 4169452.29, 718.84);
insert into STATION values (545, '.', 295, 271508.52, 4169436.75, 712.56);
insert into STATION values (546, '27', 295, 271469.43, 4169467.74, 720.28);
insert into STATION values (547, '.', 295, 271485.19, 4169487.73, 722.56);
insert into STATION values (548, '.', 295, 271491.25, 4169476.31, 721.23);
insert into STATION values (549, '.', 295, 271488.96, 4169466.53, 719.22);
insert into STATION values (550, '.', 295, 271458.63, 4169470.70, 721.16);
insert into STATION values (551, '.', 295, 271462.60, 4169462.73, 722.08);
insert into STATION values (552, '.', 295, 271469.47, 4169449.91, 720.75);
insert into STATION values (553, '.', 295, 271473.67, 4169465.04, 727.74);
insert into STATION values (554, '.', 295, 271467.75, 4169470.83, 718.89);
insert into STATION values (555, '.', 295, 271485.76, 4169467.55, 714.34);
insert into STATION values (556, '28', 295, 271468.86, 4169486.13, 720.77);
insert into STATION values (557, '.', 295, 271480.68, 4169497.37, 719.14);
insert into STATION values (558, '.', 295, 271489.23, 4169488.15, 719.87);
insert into STATION values (559, '.', 295, 271494.30, 4169471.42, 723.49);
insert into STATION values (560, '.', 295, 271469.00, 4169485.95, 720.79);
insert into STATION values (561, '.', 295, 271468.68, 4169456.41, 723.21);
insert into STATION values (562, '.', 295, 271462.62, 4169463.84, 722.42);
insert into STATION values (563, '.', 295, 271493.26, 4169473.08, 722.85);
insert into STATION values (564, '.', 295, 271457.72, 4169489.85, 722.65);
insert into STATION values (565, '.', 295, 271455.80, 4169482.32, 722.80);
insert into STATION values (566, '.', 295, 271464.21, 4169488.04, 726.14);
insert into STATION values (567, '.', 295, 271470.57, 4169489.60, 727.54);
insert into STATION values (568, '.', 295, 271468.92, 4169488.00, 719.79);
insert into STATION values (569, '.', 295, 271471.89, 4169492.22, 718.37);
insert into STATION values (570, '.', 295, 271472.45, 4169499.93, 717.92);
insert into STATION values (571, '.', 295, 271466.37, 4169513.79, 715.72);
insert into STATION values (572, '29', 295, 271468.67, 4169529.58, 721.68);
insert into STATION values (573, '.', 295, 271446.92, 4169524.98, 720.20);
insert into STATION values (574, '.', 295, 271451.96, 4169513.97, 722.71);
insert into STATION values (575, '.', 295, 271458.77, 4169506.96, 720.55);
insert into STATION values (576, '.', 295, 271450.41, 4169540.19, 722.08);
insert into STATION values (577, '.', 295, 271469.51, 4169531.43, 722.91);
insert into STATION values (578, '.', 295, 271470.98, 4169528.45, 722.29);
insert into STATION values (579, '.', 295, 271466.36, 4169531.14, 728.54);
insert into STATION values (580, '.', 295, 271461.31, 4169530.44, 719.24);
insert into STATION values (581, '.', 295, 271467.23, 4169525.89, 718.12);
insert into STATION values (582, '30', 295, 271458.40, 4169548.54, 725.05);
insert into STATION values (583, '.', 295, 271445.49, 4169545.88, 728.96);
insert into STATION values (584, '.', 295, 271450.05, 4169538.03, 727.08);
insert into STATION values (585, '.', 295, 271446.14, 4169519.87, 723.91);
insert into STATION values (586, '.', 295, 271458.16, 4169509.49, 719.98);
insert into STATION values (587, '.', 295, 271450.74, 4169514.69, 723.48);
insert into STATION values (588, '.', 295, 271470.40, 4169538.28, 726.88);
insert into STATION values (589, '.', 295, 271478.94, 4169548.03, 730.56);
insert into STATION values (590, '.', 295, 271472.64, 4169553.72, 729.31);
insert into STATION values (591, '.', 295, 271465.69, 4169560.94, 728.37);
insert into STATION values (592, '.', 295, 271459.35, 4169563.46, 727.29);
insert into STATION values (593, '.', 295, 271455.55, 4169569.78, 725.91);
insert into STATION values (594, '.', 295, 271449.06, 4169579.79, 724.71);
insert into STATION values (595, '.', 295, 271460.21, 4169551.27, 731.29);
insert into STATION values (596, '.', 295, 271441.39, 4169563.46, 723.51);
insert into STATION values (597, '31', 295, 271451.74, 4169573.66, 724.64);
insert into STATION values (598, '.', 295, 271458.32, 4169565.13, 725.51);
insert into STATION values (599, '.', 295, 271442.01, 4169572.63, 724.32);
insert into STATION values (600, '.', 295, 271444.41, 4169567.76, 723.76);
insert into STATION values (601, '.', 295, 271431.51, 4169584.85, 722.70);
insert into STATION values (602, '.', 295, 271441.17, 4169557.91, 725.31);
insert into STATION values (603, '.', 295, 271445.12, 4169552.72, 725.03);
insert into STATION values (604, '.', 295, 271446.66, 4169560.99, 732.62);
insert into STATION values (605, '.', 295, 271447.73, 4169569.74, 721.98);
insert into STATION values (606, '32', 295, 271436.85, 4169593.24, 722.93);
insert into STATION values (607, '.', 295, 271434.10, 4169595.50, 724.67);
insert into STATION values (608, '.', 295, 271432.37, 4169609.14, 724.72);
insert into STATION values (609, '.', 295, 271431.74, 4169591.69, 726.13);
insert into STATION values (610, '.', 295, 271430.12, 4169582.43, 726.84);
insert into STATION values (611, '.', 295, 271433.42, 4169578.41, 726.55);
insert into STATION values (612, '.', 295, 271453.45, 4169583.56, 728.04);
insert into STATION values (613, '.', 295, 271443.99, 4169592.20, 724.38);
insert into STATION values (614, '.', 295, 271442.88, 4169599.25, 725.10);
insert into STATION values (615, '.', 295, 271454.78, 4169617.24, 733.71);
insert into STATION values (616, '.', 295, 271448.30, 4169618.17, 729.26);
insert into STATION values (617, '.', 295, 271442.69, 4169597.85, 734.33);
insert into STATION values (618, '.', 295, 271440.64, 4169594.15, 722.11);
insert into STATION values (619, '33', 295, 271437.39, 4169625.86, 725.21);
insert into STATION values (620, '.', 295, 271428.78, 4169622.02, 725.36);
insert into STATION values (621, '.', 295, 271428.10, 4169630.92, 725.41);
insert into STATION values (622, '.', 295, 271425.18, 4169639.26, 726.86);
insert into STATION values (623, '.', 295, 271439.13, 4169637.86, 729.00);
insert into STATION values (624, '.', 295, 271444.37, 4169630.42, 729.71);
insert into STATION values (625, '.', 295, 271447.87, 4169621.94, 729.39);
insert into STATION values (626, '.', 295, 271451.44, 4169609.15, 730.57);
insert into STATION values (627, '.', 295, 271454.02, 4169597.36, 731.44);
insert into STATION values (628, '.', 295, 271439.11, 4169614.85, 735.57);
insert into STATION values (629, '.', 295, 271435.33, 4169623.22, 723.91);
insert into STATION values (630, '34', 295, 271425.75, 4169643.56, 727.36);
insert into STATION values (631, '.', 295, 271440.11, 4169658.82, 738.69);
insert into STATION values (632, '.', 295, 271440.47, 4169647.40, 735.69);
insert into STATION values (633, '.', 295, 271441.30, 4169642.07, 735.18);
insert into STATION values (634, '.', 295, 271446.22, 4169626.83, 731.50);
insert into STATION values (635, '.', 295, 271455.68, 4169609.90, 732.41);
insert into STATION values (636, '.', 295, 271433.29, 4169609.14, 728.83);
insert into STATION values (637, '.', 295, 271426.12, 4169624.96, 729.91);
insert into STATION values (638, '.', 295, 271428.97, 4169641.08, 725.77);
insert into STATION values (639, '.', 295, 271435.37, 4169636.16, 737.08);
insert into STATION values (640, '35', 295, 271428.48, 4169656.24, 728.93);
insert into STATION values (641, '.', 295, 271424.39, 4169660.95, 730.52);
insert into STATION values (642, '.', 295, 271423.88, 4169655.12, 729.47);
insert into STATION values (643, '.', 295, 271424.65, 4169646.49, 728.56);
insert into STATION values (644, '.', 295, 271441.35, 4169662.56, 736.65);
insert into STATION values (645, '.', 295, 271442.76, 4169653.73, 735.97);
insert into STATION values (646, '.', 295, 271439.39, 4169645.39, 736.60);
insert into STATION values (647, '.', 295, 271429.52, 4169664.05, 727.55);
insert into STATION values (648, '.', 295, 271429.18, 4169657.60, 741.98);
insert into STATION values (649, '36', 295, 271428.47, 4169670.28, 731.79);
insert into STATION values (650, '.', 295, 271415.60, 4169675.60, 735.52);
insert into STATION values (651, '.', 295, 271421.88, 4169668.62, 733.00);
insert into STATION values (652, '.', 295, 271423.53, 4169661.29, 729.32);
insert into STATION values (653, '.', 295, 271439.90, 4169660.67, 737.88);
insert into STATION values (654, '.', 295, 271439.51, 4169670.91, 739.65);
insert into STATION values (655, '.', 295, 271439.60, 4169681.47, 736.61);
insert into STATION values (656, '.', 295, 271439.71, 4169687.96, 734.80);
insert into STATION values (657, '.', 295, 271431.20, 4169671.02, 742.72);
insert into STATION values (658, '.', 295, 271429.97, 4169670.60, 731.03);
insert into STATION values (659, '37', 295, 271431.79, 4169697.92, 734.07);
insert into STATION values (660, '.', 295, 271436.19, 4169701.54, 735.78);
insert into STATION values (661, '.', 295, 271436.51, 4169711.21, 737.30);
insert into STATION values (662, '.', 295, 271434.18, 4169728.05, 739.19);
insert into STATION values (663, '.', 295, 271422.24, 4169719.83, 739.81);
insert into STATION values (664, '.', 295, 271427.32, 4169702.38, 734.86);
insert into STATION values (665, '.', 295, 271426.66, 4169696.99, 735.43);
insert into STATION values (666, '.', 295, 271425.97, 4169690.19, 737.39);
insert into STATION values (667, '.', 295, 271430.58, 4169700.13, 739.04);
insert into STATION values (668, '.', 295, 271430.23, 4169704.23, 732.01);
insert into STATION values (669, '38', 295, 271425.20, 4169711.82, 734.85);
insert into STATION values (670, '.', 295, 271439.56, 4169720.46, 745.40);
insert into STATION values (671, '.', 295, 271437.20, 4169731.43, 745.67);
insert into STATION values (672, '.', 295, 271420.98, 4169723.86, 737.92);
insert into STATION values (673, '.', 295, 271436.34, 4169702.08, 735.84);
insert into STATION values (674, '.', 295, 271424.79, 4169705.14, 735.66);
insert into STATION values (675, '.', 295, 271409.65, 4169706.08, 735.14);
insert into STATION values (676, '.', 295, 271407.03, 4169710.75, 733.77);
insert into STATION values (677, '.', 295, 271404.38, 4169716.88, 732.30);
insert into STATION values (678, '.', 295, 271418.05, 4169718.81, 736.46);
insert into STATION values (679, '.', 295, 271423.86, 4169712.42, 745.33);
insert into STATION values (680, '.', 295, 271423.93, 4169712.72, 733.06);
insert into STATION values (681, '39', 295, 271421.92, 4169732.28, 738.29);
insert into STATION values (682, '.', 295, 271435.79, 4169733.46, 744.19);
insert into STATION values (683, '.', 295, 271433.12, 4169742.03, 742.52);
insert into STATION values (684, '.', 295, 271433.86, 4169724.21, 741.59);
insert into STATION values (685, '.', 295, 271418.46, 4169742.03, 740.24);
insert into STATION values (686, '.', 295, 271417.62, 4169734.52, 739.48);
insert into STATION values (687, '.', 295, 271415.17, 4169728.90, 740.68);
insert into STATION values (688, '.', 295, 271421.27, 4169726.34, 739.08);
insert into STATION values (689, '.', 295, 271424.32, 4169731.24, 744.31);
insert into STATION values (690, '.', 295, 271423.78, 4169732.04, 736.97);
insert into STATION values (691, '40', 295, 271436.00, 4169758.50, 744.13);
insert into STATION values (692, '.', 295, 271440.60, 4169764.75, 747.08);
insert into STATION values (693, '.', 295, 271434.80, 4169766.08, 747.12);
insert into STATION values (694, '.', 295, 271426.91, 4169763.83, 747.56);
insert into STATION values (695, '.', 295, 271443.58, 4169751.41, 746.19);
insert into STATION values (696, '.', 295, 271437.90, 4169746.75, 745.62);
insert into STATION values (697, '.', 295, 271434.21, 4169746.70, 744.43);
insert into STATION values (698, '.', 295, 271436.30, 4169754.82, 748.50);
insert into STATION values (699, '.', 295, 271438.51, 4169756.07, 742.68);
insert into STATION values (700, '.', 295, 271451.99, 4169764.98, 750.04);
insert into STATION values (701, '41', 295, 271451.11, 4169764.70, 749.58);
insert into STATION values (702, '.', 295, 271453.09, 4169777.54, 749.63);
insert into STATION values (703, '.', 295, 271447.87, 4169772.28, 751.34);
insert into STATION values (704, '.', 295, 271434.76, 4169771.52, 757.77);
insert into STATION values (705, '.', 295, 271431.45, 4169757.56, 749.26);
insert into STATION values (706, '.', 295, 271432.53, 4169761.07, 750.41);
insert into STATION values (707, '.', 295, 271441.57, 4169752.72, 748.62);
insert into STATION values (708, '.', 295, 271452.72, 4169754.61, 751.02);
insert into STATION values (709, '.', 295, 271448.32, 4169761.12, 747.37);
insert into STATION values (710, '.', 295, 271444.35, 4169761.27, 757.74);
insert into STATION values (711, '42', 295, 271452.16, 4169769.27, 746.97);
insert into STATION values (712, '.', 295, 271463.87, 4169775.25, 749.24);
insert into STATION values (713, '.', 295, 271454.58, 4169776.09, 748.84);
insert into STATION values (714, '.', 295, 271448.43, 4169778.10, 749.59);
insert into STATION values (715, '.', 295, 271446.84, 4169772.28, 750.70);
insert into STATION values (716, '.', 295, 271451.30, 4169764.83, 749.49);
insert into STATION values (717, '.', 295, 271453.80, 4169765.98, 748.40);
insert into STATION values (718, '.', 295, 271463.44, 4169762.15, 748.58);
insert into STATION values (719, '.', 295, 271470.99, 4169764.48, 747.92);
insert into STATION values (720, '.', 295, 271458.02, 4169766.37, 744.74);
insert into STATION values (721, '.', 295, 271450.94, 4169768.73, 752.95);
insert into STATION values (722, '43', 295, 271471.15, 4169773.66, 746.65);
insert into STATION values (723, '.', 295, 271483.45, 4169779.99, 746.87);
insert into STATION values (724, '.', 295, 271479.56, 4169774.30, 747.01);
insert into STATION values (725, '.', 295, 271473.89, 4169771.13, 747.41);
insert into STATION values (726, '.', 295, 271471.45, 4169766.10, 748.15);
insert into STATION values (727, '.', 295, 271464.97, 4169761.64, 748.82);
insert into STATION values (728, '.', 295, 271480.51, 4169787.45, 747.18);
insert into STATION values (729, '.', 295, 271473.26, 4169783.78, 747.30);
insert into STATION values (730, '.', 295, 271467.09, 4169779.20, 746.92);
insert into STATION values (731, '.', 295, 271465.65, 4169773.89, 746.89);
insert into STATION values (732, '.', 295, 271470.08, 4169774.89, 748.79);
insert into STATION values (733, '.', 295, 271470.95, 4169774.38, 746.35);
insert into STATION values (734, 'PTR_FR24_A16_44', 295, 271484.15, 4169784.06, 745.95);
insert into STATION values (735, '.', 295, 271486.12, 4169780.19, 746.04);
insert into STATION values (736, '.', 295, 271487.35, 4169784.66, 746.38);
insert into STATION values (737, '.', 295, 271479.62, 4169773.83, 747.38);
insert into STATION values (738, '.', 295, 271473.57, 4169783.53, 747.57);
insert into STATION values (739, '.', 295, 271481.67, 4169787.38, 746.78);
insert into STATION values (740, '.', 295, 271484.27, 4169784.95, 746.04);
insert into STATION values (741, '.', 295, 271484.23, 4169784.04, 746.91);
insert into STATION values (742, '.', 295, 271484.00, 4169783.88, 745.10);
insert into STATION values (743, '45', 295, 271488.64, 4169782.98, 746.46);
insert into STATION values (744, '.', 295, 271488.03, 4169784.15, 746.63);
insert into STATION values (745, '.', 295, 271488.69, 4169783.48, 747.05);
insert into STATION values (746, '.', 295, 271490.54, 4169783.32, 745.64);
insert into STATION values (747, '.', 295, 271489.54, 4169780.30, 746.67);
insert into STATION values (748, '46', 295, 271491.69, 4169787.84, 747.11);
insert into STATION values (749, '.', 295, 271493.44, 4169786.23, 747.68);
insert into STATION values (750, '.', 295, 271492.08, 4169787.80, 747.78);
insert into STATION values (751, '.', 295, 271489.24, 4169790.04, 746.87);
insert into STATION values (752, '.', 295, 271491.97, 4169788.09, 746.51);
insert into STATION values (753, '.', 295, 271492.53, 4169796.21, 747.48);
insert into STATION values (754, '.', 295, 271495.59, 4169788.29, 747.39);
insert into STATION values (755, '47', 295, 271497.36, 4169795.31, 747.94);
insert into STATION values (756, '.', 295, 271500.79, 4169790.08, 748.91);
insert into STATION values (757, '.', 295, 271496.43, 4169798.54, 750.00);
insert into STATION values (758, '.', 295, 271500.59, 4169800.11, 748.63);
insert into STATION values (759, '.', 295, 271513.38, 4169797.72, 749.08);
insert into STATION values (760, '.', 295, 271497.86, 4169795.09, 750.01);
insert into STATION values (761, '.', 295, 271498.93, 4169794.13, 747.00);
insert into STATION values (762, '.', 295, 271492.88, 4169796.91, 748.72);
insert into STATION values (763, '.', 295, 271495.44, 4169788.65, 747.81);
insert into STATION values (764, '48', 295, 271509.98, 4169804.88, 747.77);
insert into STATION values (765, '.', 295, 271506.95, 4169811.19, 748.91);
insert into STATION values (766, '.', 295, 271503.89, 4169805.35, 748.61);
insert into STATION values (767, '.', 295, 271500.40, 4169800.85, 748.15);
insert into STATION values (768, '.', 295, 271517.49, 4169804.88, 749.71);
insert into STATION values (769, '.', 295, 271515.48, 4169799.96, 749.83);
insert into STATION values (770, '.', 295, 271512.04, 4169795.24, 749.49);
insert into STATION values (771, '.', 295, 271510.35, 4169803.96, 750.07);
insert into STATION values (772, '.', 295, 271508.75, 4169804.68, 747.34);
insert into STATION values (773, '49', 295, 271517.28, 4169815.96, 749.23);
insert into STATION values (774, '.', 295, 271506.01, 4169822.25, 749.25);
insert into STATION values (775, '.', 295, 271515.52, 4169815.66, 749.28);
insert into STATION values (776, '.', 295, 271504.18, 4169805.85, 748.74);
insert into STATION values (777, '.', 295, 271520.78, 4169819.86, 749.63);
insert into STATION values (778, '.', 295, 271530.80, 4169813.78, 749.35);
insert into STATION values (779, '.', 295, 271523.94, 4169809.38, 749.91);
insert into STATION values (780, '.', 295, 271513.58, 4169797.17, 749.49);
insert into STATION values (781, '.', 295, 271516.81, 4169813.38, 751.22);
insert into STATION values (782, '.', 295, 271516.27, 4169814.80, 748.74);
insert into STATION values (783, '50', 295, 271509.13, 4169829.71, 749.00);
insert into STATION values (784, '.', 295, 271505.37, 4169829.72, 747.48);
insert into STATION values (785, '.', 295, 271507.68, 4169837.41, 748.04);
insert into STATION values (786, '.', 295, 271514.51, 4169840.91, 748.32);
insert into STATION values (787, '.', 295, 271518.85, 4169833.16, 748.11);
insert into STATION values (788, '.', 295, 271520.43, 4169826.30, 748.28);
insert into STATION values (789, '.', 295, 271510.40, 4169830.62, 747.38);
insert into STATION values (790, '.', 295, 271511.83, 4169831.40, 750.13);
insert into STATION values (791, '51', 295, 271525.37, 4169847.12, 747.81);
insert into STATION values (792, '.', 295, 271521.15, 4169850.45, 748.17);
insert into STATION values (793, '.', 295, 271520.14, 4169846.05, 747.81);
insert into STATION values (794, '.', 295, 271515.39, 4169841.23, 747.25);
insert into STATION values (795, '.', 295, 271520.88, 4169837.16, 747.39);
insert into STATION values (796, '.', 295, 271528.01, 4169849.41, 747.92);
insert into STATION values (797, '.', 295, 271529.39, 4169846.71, 747.83);
insert into STATION values (798, '.', 295, 271529.38, 4169840.42, 747.70);
insert into STATION values (799, '.', 295, 271526.02, 4169846.39, 749.41);
insert into STATION values (800, '.', 295, 271525.31, 4169847.41, 747.49);
insert into STATION values (801, '52', 295, 271517.81, 4169856.56, 748.38);
insert into STATION values (802, '53', 295, 271504.37, 4169848.80, 748.68);
insert into STATION values (803, '54', 295, 271540.29, 4169859.51, 748.42);
insert into STATION values (804, '.', 295, 271536.15, 4169856.57, 748.99);
insert into STATION values (805, '.', 295, 271537.13, 4169852.70, 749.18);
insert into STATION values (806, '.', 295, 271543.97, 4169852.83, 749.83);
insert into STATION values (807, '.', 295, 271542.06, 4169860.05, 749.58);
insert into STATION values (808, '.', 295, 271535.72, 4169863.15, 749.28);
insert into STATION values (809, '.', 295, 271534.07, 4169861.85, 748.71);
insert into STATION values (810, '55', 295, 271543.10, 4169835.49, 749.48);
insert into STATION values (811, '.', 295, 271541.49, 4169834.70, 749.78);
insert into STATION values (812, '.', 295, 271545.23, 4169830.02, 750.28);
insert into STATION values (813, '.', 295, 271548.15, 4169828.50, 751.05);
insert into STATION values (814, '.', 295, 271555.29, 4169831.45, 751.54);
insert into STATION values (815, '.', 295, 271539.30, 4169841.13, 750.24);
insert into STATION values (816, '.', 295, 271545.46, 4169843.02, 749.77);
insert into STATION values (817, '.', 295, 271544.20, 4169850.73, 750.30);
insert into STATION values (818, '.', 295, 271544.37, 4169838.51, 751.52);
insert into STATION values (819, '.', 295, 271544.36, 4169837.21, 748.99);
insert into STATION values (820, '56', 295, 271550.04, 4169829.89, 750.31);
insert into STATION values (821, '.', 295, 271555.25, 4169831.96, 751.29);
insert into STATION values (822, '.', 295, 271550.98, 4169834.97, 751.73);
insert into STATION values (823, '.', 295, 271545.79, 4169841.87, 750.97);
insert into STATION values (824, '.', 295, 271549.32, 4169827.36, 751.60);
insert into STATION values (825, '.', 295, 271546.38, 4169829.47, 750.55);
insert into STATION values (826, '.', 295, 271541.22, 4169834.70, 749.87);
insert into STATION values (827, '.', 295, 271548.98, 4169830.23, 752.81);
insert into STATION values (828, '.', 295, 271551.11, 4169830.20, 749.73);
insert into STATION values (829, '57', 295, 271571.97, 4169813.22, 750.55);
insert into STATION values (830, '.', 295, 271502.61, 4169845.60, 749.15);
insert into STATION values (831, '.', 295, 271511.69, 4169850.77, 748.85);
insert into STATION values (832, '.', 295, 271505.10, 4169848.85, 751.35);
insert into STATION values (833, '.', 295, 271505.43, 4169849.38, 748.05);
insert into STATION values (834, '58', 295, 271479.66, 4169860.68, 747.84);
insert into STATION values (835, '.', 295, 271475.51, 4169856.77, 746.85);
insert into STATION values (836, '.', 295, 271479.84, 4169853.70, 749.85);
insert into STATION values (837, '.', 295, 271485.56, 4169849.02, 747.97);
insert into STATION values (838, '.', 295, 271489.84, 4169856.76, 749.06);
insert into STATION values (839, '.', 295, 271484.63, 4169862.47, 748.49);
insert into STATION values (840, '.', 295, 271481.00, 4169863.89, 747.88);
insert into STATION values (841, '.', 295, 271473.01, 4169863.34, 746.51);
insert into STATION values (842, '.', 295, 271477.40, 4169858.15, 752.75);
insert into STATION values (843, '.', 295, 271478.57, 4169860.12, 746.73);
insert into STATION values (844, '59', 295, 271463.49, 4169856.43, 745.38);
insert into STATION values (845, '.', 295, 271455.53, 4169856.19, 746.18);
insert into STATION values (846, '.', 295, 271462.58, 4169854.29, 745.88);
insert into STATION values (847, '.', 295, 271466.78, 4169852.78, 745.88);
insert into STATION values (848, '.', 295, 271451.17, 4169862.72, 745.17);
insert into STATION values (849, '.', 295, 271454.33, 4169868.70, 745.44);
insert into STATION values (850, '.', 295, 271462.70, 4169863.27, 745.86);
insert into STATION values (851, '.', 295, 271465.08, 4169860.93, 745.02);
insert into STATION values (852, '.', 295, 271471.70, 4169860.25, 745.79);
insert into STATION values (853, '.', 295, 271462.70, 4169858.19, 747.64);
insert into STATION values (854, '.', 295, 271463.20, 4169858.17, 744.52);
insert into STATION values (855, '60', 295, 271446.19, 4169862.12, 746.09);
insert into STATION values (856, '.', 295, 271437.48, 4169867.87, 745.70);
insert into STATION values (857, '.', 295, 271442.18, 4169861.81, 745.04);
insert into STATION values (858, '.', 295, 271442.07, 4169857.64, 743.61);
insert into STATION values (859, '.', 295, 271445.72, 4169852.99, 743.41);
insert into STATION values (860, '.', 295, 271451.03, 4169853.07, 744.37);
insert into STATION values (861, '.', 295, 271454.63, 4169855.42, 745.30);
insert into STATION values (862, '.', 295, 271450.26, 4169862.81, 744.43);
insert into STATION values (863, '.', 295, 271450.12, 4169865.87, 744.43);
insert into STATION values (864, '.', 295, 271447.57, 4169869.91, 744.28);
insert into STATION values (865, '.', 295, 271443.71, 4169873.19, 744.37);
insert into STATION values (866, '.', 295, 271440.71, 4169875.58, 744.53);
insert into STATION values (867, '.', 295, 271448.21, 4169863.54, 747.20);
insert into STATION values (868, '.', 295, 271447.34, 4169863.74, 744.32);
insert into STATION values (869, '.', 295, 271449.28, 4169863.17, 743.38);
insert into STATION values (870, '61', 295, 271434.26, 4169879.53, 744.22);
insert into STATION values (871, '.', 295, 271417.10, 4169877.19, 743.07);
insert into STATION values (872, '.', 295, 271425.32, 4169872.38, 743.74);
insert into STATION values (873, '.', 295, 271433.64, 4169871.42, 744.99);
insert into STATION values (874, '.', 295, 271438.40, 4169866.67, 745.92);
insert into STATION values (875, '.', 295, 271442.59, 4169874.00, 745.34);
insert into STATION values (876, '.', 295, 271441.03, 4169880.42, 744.56);
insert into STATION values (877, '.', 295, 271436.46, 4169889.68, 741.66);
insert into STATION values (878, '.', 295, 271431.00, 4169892.74, 743.34);
insert into STATION values (879, '.', 295, 271421.68, 4169892.35, 743.12);
insert into STATION values (880, '.', 295, 271420.55, 4169888.69, 744.79);
insert into STATION values (881, '.', 295, 271426.44, 4169887.78, 741.78);
insert into STATION values (882, '.', 295, 271433.88, 4169880.15, 746.09);
insert into STATION values (883, '.', 295, 271429.68, 4169878.15, 750.70);
insert into STATION values (884, '62', 295, 271422.29, 4169905.72, 742.36);
insert into STATION values (885, '.', 295, 271424.32, 4169906.64, 742.12);
insert into STATION values (886, '.', 295, 271424.12, 4169912.80, 743.29);
insert into STATION values (887, '.', 295, 271419.87, 4169914.60, 744.18);
insert into STATION values (888, '.', 295, 271418.01, 4169910.13, 743.18);
insert into STATION values (889, '.', 295, 271427.15, 4169899.86, 743.52);
insert into STATION values (890, '.', 295, 271426.78, 4169906.82, 749.50);
insert into STATION values (891, '.', 295, 271423.22, 4169905.03, 740.78);
insert into STATION values (892, '63', 295, 271421.13, 4169917.52, 747.00);
insert into STATION values (893, '64', 295, 271415.22, 4169890.93, 742.47);
insert into STATION values (894, '.', 295, 271405.87, 4169892.07, 741.11);
insert into STATION values (895, '.', 295, 271407.61, 4169886.74, 738.73);
insert into STATION values (896, '.', 295, 271412.73, 4169883.42, 740.23);
insert into STATION values (897, '.', 295, 271417.05, 4169879.31, 741.90);
insert into STATION values (898, '.', 295, 271415.19, 4169892.75, 742.27);
insert into STATION values (899, '.', 295, 271419.39, 4169889.43, 743.11);
insert into STATION values (900, '.', 295, 271413.68, 4169891.15, 739.69);
insert into STATION values (901, '.', 295, 271407.11, 4169888.37, 737.26);
insert into STATION values (902, '.', 295, 271413.04, 4169890.26, 743.80);
insert into STATION values (903, '65', 295, 271407.10, 4169903.13, 740.45);
insert into STATION values (904, '.', 295, 271414.90, 4169896.22, 742.97);
insert into STATION values (905, '.', 295, 271414.20, 4169901.43, 742.93);
insert into STATION values (906, '.', 295, 271414.99, 4169908.14, 740.37);
insert into STATION values (907, '.', 295, 271412.22, 4169914.33, 739.28);
insert into STATION values (908, '.', 295, 271401.51, 4169915.65, 739.66);
insert into STATION values (909, '.', 295, 271400.59, 4169909.32, 740.10);
insert into STATION values (910, '.', 295, 271402.56, 4169898.20, 742.37);
insert into STATION values (911, '.', 295, 271405.37, 4169894.15, 742.73);
insert into STATION values (912, '.', 295, 271409.64, 4169900.06, 750.15);
insert into STATION values (913, '.', 295, 271410.75, 4169908.84, 737.72);
insert into STATION values (914, '66', 295, 271404.29, 4169928.99, 738.22);
insert into STATION values (915, '.', 295, 271391.87, 4169940.67, 736.15);
insert into STATION values (916, '.', 295, 271397.10, 4169927.72, 737.16);
insert into STATION values (917, '.', 295, 271411.49, 4169917.12, 739.14);
insert into STATION values (918, '.', 295, 271411.06, 4169926.37, 738.38);
insert into STATION values (919, '.', 295, 271411.15, 4169933.49, 739.11);
insert into STATION values (920, '.', 295, 271403.28, 4169944.28, 736.63);
insert into STATION values (921, '.', 295, 271397.64, 4169954.42, 735.50);
insert into STATION values (922, '.', 295, 271407.95, 4169935.98, 746.27);
insert into STATION values (923, '.', 295, 271404.78, 4169931.42, 736.91);
insert into STATION values (924, '.', 295, 271399.17, 4169941.19, 737.38);
insert into STATION values (925, '67', 295, 271396.45, 4169948.42, 734.88);
insert into STATION values (926, '.', 295, 271388.01, 4169948.06, 736.20);
insert into STATION values (927, '.', 295, 271392.66, 4169944.71, 736.22);
insert into STATION values (928, '.', 295, 271391.48, 4169960.49, 735.77);
insert into STATION values (929, '.', 295, 271396.64, 4169949.32, 734.96);
insert into STATION values (930, '.', 295, 271397.98, 4169954.48, 735.83);
insert into STATION values (931, '.', 295, 271402.53, 4169948.28, 736.10);
insert into STATION values (932, '.', 295, 271402.79, 4169944.86, 736.15);
insert into STATION values (933, '.', 295, 271396.70, 4169948.98, 736.81);
insert into STATION values (934, '.', 295, 271396.28, 4169948.39, 734.59);
insert into STATION values (935, '68', 295, 271389.80, 4169962.07, 735.67);
insert into STATION values (936, '.', 295, 271380.74, 4169965.00, 735.03);
insert into STATION values (937, '.', 295, 271380.47, 4169957.63, 734.90);
insert into STATION values (938, '.', 295, 271384.00, 4169948.69, 735.50);
insert into STATION values (939, '.', 295, 271392.55, 4169958.45, 735.70);
insert into STATION values (940, '.', 295, 271388.91, 4169965.73, 735.11);
insert into STATION values (941, '.', 295, 271387.94, 4169963.29, 736.72);
insert into STATION values (942, '.', 295, 271386.69, 4169963.48, 734.63);
insert into STATION values (943, '69', 295, 271380.17, 4169970.30, 734.70);
insert into STATION values (944, '.', 295, 271379.13, 4169965.05, 734.98);
insert into STATION values (945, '.', 295, 271387.27, 4169966.19, 735.18);
insert into STATION values (946, '.', 295, 271376.25, 4169968.04, 734.59);
insert into STATION values (947, '.', 295, 271371.91, 4169966.04, 734.39);
insert into STATION values (948, '.', 295, 271373.67, 4169974.32, 734.86);
insert into STATION values (949, '.', 295, 271378.02, 4169974.91, 734.58);
insert into STATION values (950, '.', 295, 271386.42, 4169982.18, 734.88);
insert into STATION values (951, '.', 295, 271379.47, 4169970.16, 737.06);
insert into STATION values (952, '.', 295, 271377.44, 4169968.46, 732.92);
insert into STATION values (953, '70', 295, 271380.33, 4169990.19, 732.85);
insert into STATION values (954, '71', 295, 271344.80, 4169986.01, 735.64);
insert into STATION values (955, '72', 295, 271373.72, 4169966.10, 733.67);
insert into STATION values (956, '.', 295, 271370.69, 4169962.78, 736.37);
insert into STATION values (957, '.', 295, 271379.79, 4169956.83, 735.80);
insert into STATION values (958, '.', 295, 271379.02, 4169964.14, 735.47);
insert into STATION values (959, '.', 295, 271368.12, 4169967.20, 735.85);
insert into STATION values (960, '.', 295, 271371.36, 4169974.29, 734.43);
insert into STATION values (961, '.', 295, 271365.88, 4169981.93, 735.68);
insert into STATION values (962, '.', 295, 271372.86, 4169967.18, 738.56);
insert into STATION values (963, '.', 295, 271374.59, 4169965.67, 732.81);
insert into STATION values (964, '73', 295, 271377.57, 4169948.30, 733.99);
insert into STATION values (965, '.', 295, 271370.43, 4169939.62, 736.63);
insert into STATION values (966, '.', 295, 271378.09, 4169947.14, 734.74);
insert into STATION values (967, '.', 295, 271379.85, 4169949.82, 735.05);
insert into STATION values (968, '.', 295, 271379.15, 4169955.21, 735.13);
insert into STATION values (969, '.', 295, 271372.51, 4169958.87, 735.50);
insert into STATION values (970, '.', 295, 271364.49, 4169947.23, 735.07);
insert into STATION values (971, '.', 295, 271374.86, 4169947.96, 736.82);
insert into STATION values (972, '.', 295, 271375.00, 4169948.53, 732.60);
insert into STATION values (973, '74', 295, 271359.18, 4169941.83, 732.93);
insert into STATION values (974, '.', 295, 271355.90, 4169930.43, 734.85);
insert into STATION values (975, '.', 295, 271360.14, 4169926.79, 736.72);
insert into STATION values (976, '.', 295, 271377.59, 4169948.33, 734.36);
insert into STATION values (977, '.', 295, 271362.70, 4169945.03, 733.36);
insert into STATION values (978, '.', 295, 271360.17, 4169945.30, 734.20);
insert into STATION values (979, '.', 295, 271356.00, 4169953.58, 735.90);
insert into STATION values (980, '.', 295, 271352.93, 4169950.86, 736.23);
insert into STATION values (981, '.', 295, 271349.00, 4169944.41, 733.26);
insert into STATION values (982, '.', 295, 271347.67, 4169940.28, 733.78);
insert into STATION values (983, '.', 295, 271357.46, 4169941.54, 737.92);
insert into STATION values (984, '.', 295, 271358.19, 4169941.86, 732.09);
insert into STATION values (985, '75', 295, 271353.41, 4169930.79, 734.41);
insert into STATION values (986, '.', 295, 271354.66, 4169930.10, 734.62);
insert into STATION values (987, '.', 295, 271361.05, 4169936.09, 735.16);
insert into STATION values (988, '.', 295, 271353.67, 4169924.01, 734.46);
insert into STATION values (989, '.', 295, 271346.02, 4169912.37, 733.55);
insert into STATION values (990, '.', 295, 271344.41, 4169925.44, 735.39);
insert into STATION values (991, '.', 295, 271342.30, 4169928.90, 734.24);
insert into STATION values (992, '.', 295, 271348.16, 4169941.08, 733.30);
insert into STATION values (993, '.', 295, 271354.03, 4169932.91, 739.75);
insert into STATION values (994, '.', 295, 271352.79, 4169931.63, 733.72);
insert into STATION values (995, '76', 295, 271350.62, 4169915.52, 733.54);
insert into STATION values (996, '.', 295, 271354.00, 4169917.54, 733.91);
insert into STATION values (997, '.', 295, 271353.59, 4169922.98, 734.33);
insert into STATION values (998, '.', 295, 271345.37, 4169924.74, 733.65);
insert into STATION values (999, '.', 295, 271343.65, 4169917.76, 733.52);
insert into STATION values (1000, '.', 295, 271346.05, 4169911.86, 732.76);
insert into STATION values (1001, '.', 295, 271346.77, 4169916.23, 736.27);
insert into STATION values (1002, '.', 295, 271348.89, 4169917.22, 732.62);
insert into STATION values (1003, '77', 295, 271341.30, 4169889.67, 730.46);
insert into STATION values (1004, '.', 295, 271332.81, 4169883.28, 731.71);
insert into STATION values (1005, '.', 295, 271336.65, 4169871.36, 730.93);
insert into STATION values (1006, '.', 295, 271338.77, 4169864.96, 731.29);
insert into STATION values (1007, '.', 295, 271353.63, 4169878.35, 733.27);
insert into STATION values (1008, '.', 295, 271350.26, 4169891.58, 732.10);
insert into STATION values (1009, '.', 295, 271333.03, 4169890.12, 731.29);
insert into STATION values (1010, '.', 295, 271352.59, 4169909.99, 733.28);
insert into STATION values (1011, '.', 295, 271341.73, 4169909.63, 732.00);
insert into STATION values (1012, '.', 295, 271343.78, 4169887.93, 736.82);
insert into STATION values (1013, '.', 295, 271342.32, 4169889.30, 729.74);
insert into STATION values (1014, '78', 295, 271341.92, 4169873.90, 730.77);
insert into STATION values (1015, '.', 295, 271359.49, 4169859.39, 735.15);
insert into STATION values (1016, '.', 295, 271348.82, 4169875.37, 733.13);
insert into STATION values (1017, '.', 295, 271352.85, 4169879.94, 734.25);
insert into STATION values (1018, '.', 295, 271353.40, 4169887.36, 732.63);
insert into STATION values (1019, '.', 295, 271350.78, 4169891.87, 731.96);
insert into STATION values (1020, '.', 295, 271336.56, 4169897.60, 731.57);
insert into STATION values (1021, '.', 295, 271332.13, 4169882.92, 731.30);
insert into STATION values (1022, '.', 295, 271338.99, 4169870.05, 730.68);
insert into STATION values (1023, '.', 295, 271337.85, 4169865.81, 730.27);
insert into STATION values (1024, '.', 295, 271340.97, 4169860.80, 730.26);
insert into STATION values (1025, '.', 295, 271341.69, 4169872.32, 733.90);
insert into STATION values (1026, '.', 295, 271341.57, 4169872.72, 729.70);
insert into STATION values (1027, '79', 295, 271344.22, 4169856.64, 731.20);
insert into STATION values (1028, '.', 295, 271363.65, 4169860.40, 731.48);
insert into STATION values (1029, '.', 295, 271362.58, 4169870.36, 733.45);
insert into STATION values (1030, '.', 295, 271349.26, 4169874.29, 733.33);
insert into STATION values (1031, '.', 295, 271338.03, 4169870.98, 731.04);
insert into STATION values (1032, '.', 295, 271342.46, 4169858.96, 730.89);
insert into STATION values (1033, '.', 295, 271345.27, 4169853.22, 730.55);
insert into STATION values (1034, '.', 295, 271358.83, 4169860.14, 736.73);
insert into STATION values (1035, '.', 295, 271350.75, 4169857.45, 729.29);
insert into STATION values (1036, '80', 295, 271357.82, 4169843.18, 731.03);
insert into STATION values (1037, '.', 295, 271358.83, 4169832.39, 731.11);
insert into STATION values (1038, '.', 295, 271353.51, 4169837.58, 731.65);
insert into STATION values (1039, '.', 295, 271352.75, 4169845.19, 730.90);
insert into STATION values (1040, '.', 295, 271362.00, 4169857.08, 733.80);
insert into STATION values (1041, '.', 295, 271370.31, 4169838.34, 733.18);
insert into STATION values (1042, '.', 295, 271371.55, 4169830.92, 732.00);
insert into STATION values (1043, '.', 295, 271371.57, 4169818.00, 731.33);
insert into STATION values (1044, '81', 295, 271365.07, 4169819.21, 729.76);
insert into STATION values (1045, '.', 295, 271360.81, 4169823.66, 730.09);
insert into STATION values (1046, '.', 295, 271361.18, 4169816.61, 730.59);
insert into STATION values (1047, '.', 295, 271361.08, 4169816.27, 730.50);
insert into STATION values (1048, '.', 295, 271364.23, 4169812.55, 730.40);
insert into STATION values (1049, '.', 295, 271370.68, 4169805.43, 730.65);
insert into STATION values (1050, '.', 295, 271371.99, 4169816.60, 731.00);
insert into STATION values (1051, '.', 295, 271372.48, 4169821.02, 732.05);
insert into STATION values (1052, '.', 295, 271371.60, 4169827.89, 733.11);
insert into STATION values (1053, '.', 295, 271368.83, 4169819.31, 732.93);
insert into STATION values (1054, '.', 295, 271367.08, 4169819.25, 729.01);
insert into STATION values (1055, '82', 295, 271377.31, 4169804.80, 729.60);
insert into STATION values (1056, '.', 295, 271387.24, 4169811.07, 731.27);
insert into STATION values (1057, '.', 295, 271378.52, 4169812.23, 733.22);
insert into STATION values (1058, '.', 295, 271373.59, 4169816.57, 733.56);
insert into STATION values (1059, '.', 295, 271363.55, 4169808.89, 732.00);
insert into STATION values (1060, '.', 295, 271370.65, 4169804.56, 731.67);
insert into STATION values (1061, '.', 295, 271375.12, 4169800.05, 732.09);
insert into STATION values (1062, '.', 295, 271381.02, 4169793.56, 732.99);
insert into STATION values (1063, '.', 295, 271375.88, 4169804.32, 734.23);
insert into STATION values (1064, '.', 295, 271376.62, 4169805.42, 729.01);
insert into STATION values (1065, '83', 295, 271394.99, 4169794.02, 733.46);
insert into STATION values (1066, '.', 295, 271403.22, 4169797.07, 740.34);
insert into STATION values (1067, '.', 295, 271395.10, 4169802.74, 736.70);
insert into STATION values (1068, '.', 295, 271375.75, 4169801.81, 737.61);
insert into STATION values (1069, '.', 295, 271385.09, 4169789.35, 741.18);
insert into STATION values (1070, '.', 295, 271387.48, 4169777.49, 735.17);
insert into STATION values (1071, '.', 295, 271393.90, 4169784.66, 738.01);
insert into STATION values (1072, '.', 295, 271393.84, 4169792.83, 732.25);
insert into STATION values (1073, '84', 295, 271393.74, 4169779.26, 732.61);
insert into STATION values (1074, '.', 295, 271401.41, 4169770.93, 731.28);
insert into STATION values (1075, '.', 295, 271401.95, 4169782.23, 732.44);
insert into STATION values (1076, '.', 295, 271391.31, 4169765.72, 729.12);
insert into STATION values (1077, '.', 295, 271382.66, 4169775.20, 731.05);
insert into STATION values (1078, '.', 295, 271378.83, 4169787.82, 732.49);
insert into STATION values (1079, '.', 295, 271380.48, 4169795.20, 732.61);
insert into STATION values (1080, '.', 295, 271389.15, 4169773.63, 744.70);
insert into STATION values (1081, '.', 295, 271384.52, 4169769.04, 722.97);
insert into STATION values (1082, '.', 295, 271391.28, 4169778.10, 729.10);
insert into STATION values (1083, '85', 295, 271385.06, 4169767.45, 723.61);
insert into STATION values (1084, '.', 295, 271388.27, 4169764.49, 723.72);
insert into STATION values (1085, '.', 295, 271398.78, 4169768.62, 730.30);
insert into STATION values (1086, '.', 295, 271385.24, 4169775.82, 727.39);
insert into STATION values (1087, '.', 295, 271378.75, 4169774.52, 725.01);
insert into STATION values (1088, '.', 295, 271372.64, 4169770.08, 725.19);
insert into STATION values (1089, '.', 295, 271384.71, 4169767.36, 723.60);
insert into STATION values (1090, '.', 295, 271377.34, 4169760.88, 724.67);
insert into STATION values (1091, '.', 295, 271380.40, 4169767.16, 727.54);
insert into STATION values (1092, '.', 295, 271380.56, 4169768.17, 722.05);
insert into STATION values (1093, '86', 295, 271393.14, 4169740.23, 724.01);
insert into STATION values (1094, '.', 295, 271399.42, 4169734.79, 725.48);
insert into STATION values (1095, '.', 295, 271397.69, 4169741.64, 725.53);
insert into STATION values (1096, '.', 295, 271395.88, 4169746.27, 724.79);
insert into STATION values (1097, '.', 295, 271394.55, 4169752.02, 725.18);
insert into STATION values (1098, '.', 295, 271387.28, 4169748.90, 724.23);
insert into STATION values (1099, '.', 295, 271389.49, 4169740.89, 724.34);
insert into STATION values (1100, '.', 295, 271390.55, 4169733.85, 723.91);
insert into STATION values (1101, '.', 295, 271392.83, 4169729.71, 724.12);
insert into STATION values (1102, '.', 295, 271392.67, 4169738.13, 725.22);
insert into STATION values (1103, '.', 295, 271391.86, 4169737.36, 722.81);
insert into STATION values (1104, '87', 295, 271395.78, 4169720.63, 722.96);
insert into STATION values (1105, '.', 295, 271397.15, 4169716.45, 724.16);
insert into STATION values (1106, '.', 295, 271401.55, 4169717.06, 724.46);
insert into STATION values (1107, '.', 295, 271405.91, 4169723.17, 728.00);
insert into STATION values (1108, '.', 295, 271401.17, 4169726.65, 725.23);
insert into STATION values (1109, '.', 295, 271399.20, 4169732.45, 725.24);
insert into STATION values (1110, '.', 295, 271393.08, 4169727.55, 724.03);
insert into STATION values (1111, '.', 295, 271396.40, 4169720.90, 724.78);
insert into STATION values (1112, '.', 295, 271398.11, 4169719.97, 722.74);
insert into STATION values (1113, 'PTR_FR24_A21_00', 302, 271570.76, 4169202.31, 746.71);
insert into STATION values (1114, '1', 302, 271577.10, 4169182.78, 746.17);
insert into STATION values (1115, '2', 302, 271573.25, 4169162.10, 742.58);
insert into STATION values (1116, '.', 302, 271573.50, 4169162.07, 742.50);
insert into STATION values (1117, '3', 302, 271564.66, 4169151.62, 740.39);
insert into STATION values (1118, '4', 302, 271573.93, 4169117.92, 732.67);
insert into STATION values (1119, '5', 302, 271571.96, 4169105.76, 733.74);
insert into STATION values (1120, '6', 302, 271572.21, 4169089.11, 733.83);
insert into STATION values (1121, '.', 302, 271572.23, 4169089.11, 733.85);
insert into STATION values (1122, '7', 302, 271564.96, 4169066.98, 730.27);
insert into STATION values (1123, '8', 302, 271562.03, 4169051.37, 726.20);
insert into STATION values (1124, '9', 302, 271552.53, 4169024.30, 726.14);
insert into STATION values (1125, '10', 302, 271546.90, 4169003.18, 729.13);
insert into STATION values (1126, '11', 302, 271546.76, 4168965.52, 731.13);
insert into STATION values (1127, '12', 302, 271548.09, 4168956.88, 731.60);
insert into STATION values (1128, '13', 302, 271553.59, 4168922.10, 744.95);
insert into STATION values (1129, '14', 302, 271548.72, 4168898.24, 750.21);
insert into STATION values (1130, '15', 302, 271542.64, 4168863.82, 759.94);
insert into STATION values (1131, '.', 302, 271542.57, 4168863.88, 760.02);
insert into STATION values (1132, '16', 302, 271542.34, 4168848.57, 765.26);
insert into STATION values (1133, '17', 302, 271538.21, 4168832.43, 770.85);
insert into STATION values (1134, '18', 302, 271541.39, 4168829.24, 774.00);
insert into STATION_FLAG values(1134, 'ent');
insert into STATION_FLAG values(1134, 'fix');
insert into STATION values (1135, 'PTR_FR24_A00_Geophysicalskaya', 312, 270251.00, 4172755.00, 870.00);
insert into STATION_FLAG values(1135, 'ent');
insert into STATION_FLAG values(1135, 'fix');
insert into STATION_FLAG values(1135, 'air');
insert into STATION values (1136, '.', 312, 270251.02, 4172754.43, 869.48);
insert into STATION values (1137, '.', 312, 270250.94, 4172755.43, 869.60);
insert into STATION values (1138, '.', 312, 270250.88, 4172755.03, 868.94);
insert into STATION values (1139, '.', 312, 270251.10, 4172755.01, 870.14);
insert into STATION values (1140, '1', 312, 270251.18, 4172754.44, 869.00);
insert into STATION values (1141, '.', 312, 270251.30, 4172755.30, 869.05);
insert into STATION values (1142, '.', 312, 270251.72, 4172755.37, 869.05);
insert into STATION values (1143, '.', 312, 270251.28, 4172754.65, 868.79);
insert into STATION values (1144, '.', 312, 270252.21, 4172755.09, 868.68);
insert into STATION values (1145, '.', 312, 270251.79, 4172754.13, 869.00);
insert into STATION values (1146, '.', 312, 270252.78, 4172754.57, 868.95);
insert into STATION values (1147, '.', 312, 270251.95, 4172755.47, 869.02);
insert into STATION values (1148, '2', 312, 270254.03, 4172755.14, 869.28);
insert into STATION values (1149, '.', 312, 270252.93, 4172754.91, 869.04);
insert into STATION values (1150, '.', 312, 270253.37, 4172754.75, 868.73);
insert into STATION values (1151, '.', 312, 270253.72, 4172754.80, 868.81);
insert into STATION values (1152, '.', 312, 270252.91, 4172755.16, 869.35);
insert into STATION values (1153, '.', 312, 270253.47, 4172755.26, 869.53);
insert into STATION values (1154, '.', 312, 270253.72, 4172754.99, 869.69);
insert into STATION values (1155, '.', 312, 270252.92, 4172756.44, 869.22);
insert into STATION values (1156, '.', 312, 270253.58, 4172756.30, 869.29);
insert into STATION values (1157, '.', 312, 270253.83, 4172754.99, 869.72);
insert into STATION values (1158, '.', 312, 270253.48, 4172755.12, 868.64);
insert into STATION values (1159, '.', 312, 270254.04, 4172754.88, 867.75);
insert into STATION values (1160, '3', 312, 270253.95, 4172754.34, 868.01);
insert into STATION values (1161, '.', 312, 270256.27, 4172755.26, 868.70);
insert into STATION values (1162, '.', 312, 270256.66, 4172754.26, 868.21);
insert into STATION values (1163, '.', 312, 270254.93, 4172753.51, 867.86);
insert into STATION values (1164, '.', 312, 270254.38, 4172753.46, 867.85);
insert into STATION values (1165, '.', 312, 270253.79, 4172752.59, 867.82);
insert into STATION values (1166, '.', 312, 270252.94, 4172752.85, 868.00);
insert into STATION values (1167, '.', 312, 270253.08, 4172753.90, 868.03);
insert into STATION values (1168, '.', 312, 270253.10, 4172754.49, 868.27);
insert into STATION values (1169, '.', 312, 270253.90, 4172754.54, 868.53);
insert into STATION values (1170, '.', 312, 270253.85, 4172754.13, 868.78);
insert into STATION values (1171, '.', 312, 270253.96, 4172753.71, 868.32);
insert into STATION values (1172, '.', 312, 270254.09, 4172753.82, 867.49);
insert into STATION values (1173, '4', 312, 270253.48, 4172752.70, 867.56);
insert into STATION values (1174, '.', 312, 270254.29, 4172753.37, 867.48);
insert into STATION values (1175, '.', 312, 270254.44, 4172752.82, 867.48);
insert into STATION values (1176, '.', 312, 270253.88, 4172753.05, 868.06);
insert into STATION values (1177, '.', 312, 270253.93, 4172752.85, 866.68);
insert into STATION values (1178, '.', 312, 270254.43, 4172752.86, 866.49);
insert into STATION values (1179, '5', 312, 270254.54, 4172752.67, 866.64);
insert into STATION values (1180, '.', 312, 270254.72, 4172753.46, 866.65);
insert into STATION values (1181, '.', 312, 270254.93, 4172753.26, 866.62);
insert into STATION values (1182, '.', 312, 270254.59, 4172752.19, 866.85);
insert into STATION values (1183, '.', 312, 270254.91, 4172752.26, 866.98);
insert into STATION values (1184, '.', 312, 270254.71, 4172752.74, 867.04);
insert into STATION values (1185, '.', 312, 270255.49, 4172753.00, 866.74);
insert into STATION values (1186, '.', 312, 270254.58, 4172752.24, 866.60);
insert into STATION values (1187, '6', 312, 270256.31, 4172752.54, 865.07);
insert into STATION values (1188, '.', 312, 270256.74, 4172753.64, 865.90);
insert into STATION values (1189, '.', 312, 270257.63, 4172753.91, 866.13);
insert into STATION values (1190, '.', 312, 270256.72, 4172751.10, 865.32);
insert into STATION values (1191, '.', 312, 270255.07, 4172751.22, 865.61);
insert into STATION values (1192, '.', 312, 270256.21, 4172752.35, 864.80);
insert into STATION values (1193, '.', 312, 270256.03, 4172752.12, 865.84);
insert into STATION values (1194, '.', 312, 270257.59, 4172751.77, 865.96);
insert into STATION values (1195, '.', 312, 270259.49, 4172751.61, 865.29);
insert into STATION values (1196, '7', 312, 270263.08, 4172751.60, 863.24);
insert into STATION values (1197, '.', 312, 270261.26, 4172756.68, 866.21);
insert into STATION values (1198, '.', 312, 270263.94, 4172758.16, 865.92);
insert into STATION values (1199, '.', 312, 270268.63, 4172757.44, 864.36);
insert into STATION values (1200, '.', 312, 270272.13, 4172749.45, 862.83);
insert into STATION values (1201, '.', 312, 270273.55, 4172743.52, 862.45);
insert into STATION values (1202, '.', 312, 270263.56, 4172751.02, 864.69);
insert into STATION values (1203, '.', 312, 270263.46, 4172751.32, 862.48);
insert into STATION values (1204, '.', 312, 270253.07, 4172747.30, 864.11);
insert into STATION values (1205, '.', 312, 270254.64, 4172743.44, 862.87);
insert into STATION values (1206, '.', 312, 270262.38, 4172750.27, 864.62);
insert into STATION values (1207, '.', 312, 270263.27, 4172747.20, 864.73);
insert into STATION values (1208, '.', 312, 270264.90, 4172739.64, 863.60);
insert into STATION values (1209, '.', 312, 270264.59, 4172745.29, 860.32);
insert into STATION values (1210, '8', 312, 270267.99, 4172758.49, 864.43);
insert into STATION values (1211, '9', 312, 270263.53, 4172742.47, 859.91);
insert into STATION values (1212, '.', 312, 270274.03, 4172740.98, 861.40);
insert into STATION values (1213, '.', 312, 270248.08, 4172740.11, 858.35);
insert into STATION values (1214, '.', 312, 270249.72, 4172736.39, 856.81);
insert into STATION values (1215, '.', 312, 270254.56, 4172729.77, 854.56);
insert into STATION values (1216, '.', 312, 270263.78, 4172741.52, 859.08);
insert into STATION values (1217, '.', 312, 270264.48, 4172737.75, 857.53);
insert into STATION values (1218, '.', 312, 270263.93, 4172737.77, 860.24);
insert into STATION values (1219, '.', 312, 270265.36, 4172730.88, 858.93);
insert into STATION values (1220, '10', 312, 270268.10, 4172731.74, 856.28);
insert into STATION values (1221, '.', 312, 270275.64, 4172737.97, 859.65);
insert into STATION values (1222, '.', 312, 270279.56, 4172735.02, 858.81);
insert into STATION values (1223, '.', 312, 270283.28, 4172730.66, 858.42);
insert into STATION values (1224, '.', 312, 270268.03, 4172715.60, 851.83);
insert into STATION values (1225, '.', 312, 270276.12, 4172714.34, 852.07);
insert into STATION values (1226, '.', 312, 270255.24, 4172726.92, 853.88);
insert into STATION values (1227, '.', 312, 270269.43, 4172729.48, 854.57);
insert into STATION values (1228, '.', 312, 270268.51, 4172730.68, 859.60);
insert into STATION values (1229, '.', 312, 270270.21, 4172729.69, 858.94);
insert into STATION values (1230, '.', 312, 270277.49, 4172722.59, 859.50);
insert into STATION values (1231, '11', 312, 270273.67, 4172721.05, 854.00);
insert into STATION values (1232, '.', 312, 270275.02, 4172714.41, 851.93);
insert into STATION values (1233, '.', 312, 270280.33, 4172713.97, 852.70);
insert into STATION values (1234, '.', 312, 270276.32, 4172720.23, 856.34);
insert into STATION values (1235, '.', 312, 270283.15, 4172717.81, 857.69);
insert into STATION values (1236, '.', 312, 270274.73, 4172719.92, 852.62);
insert into STATION values (1237, '.', 312, 270279.37, 4172718.28, 851.63);
insert into STATION values (1238, '12', 312, 270284.10, 4172714.89, 852.23);
insert into STATION values (1239, '.', 312, 270290.01, 4172721.02, 853.01);
insert into STATION values (1240, '.', 312, 270284.55, 4172713.27, 852.20);
insert into STATION values (1241, '.', 312, 270286.50, 4172711.88, 850.86);
insert into STATION values (1242, '.', 312, 270288.16, 4172714.56, 854.61);
insert into STATION values (1243, '.', 312, 270288.69, 4172712.13, 848.71);
insert into STATION values (1244, '.', 312, 270286.16, 4172715.12, 850.97);
insert into STATION values (1245, '13', 312, 270289.66, 4172711.65, 850.08);
insert into STATION values (1246, '.', 312, 270292.16, 4172714.53, 850.74);
insert into STATION values (1247, '.', 312, 270289.57, 4172711.81, 848.72);
insert into STATION values (1248, '.', 312, 270291.24, 4172711.52, 847.26);
insert into STATION values (1249, '14', 312, 270293.93, 4172711.22, 847.76);
insert into STATION values (1250, '.', 312, 270292.41, 4172710.17, 848.20);
insert into STATION values (1251, '.', 312, 270293.32, 4172710.26, 847.96);
insert into STATION values (1252, '.', 312, 270294.92, 4172709.85, 847.52);
insert into STATION values (1253, '.', 312, 270294.83, 4172711.54, 847.65);
insert into STATION values (1254, '.', 312, 270293.93, 4172710.90, 848.71);
insert into STATION values (1255, '.', 312, 270294.05, 4172712.19, 848.67);
insert into STATION values (1256, '.', 312, 270292.76, 4172712.69, 847.70);
insert into STATION values (1257, '.', 312, 270292.79, 4172714.93, 846.94);
insert into STATION values (1258, '15', 312, 270294.96, 4172714.89, 845.87);
insert into STATION values (1259, '.', 312, 270295.19, 4172713.31, 844.74);
insert into STATION values (1260, '.', 312, 270294.02, 4172714.02, 844.98);
insert into STATION values (1261, '.', 312, 270294.30, 4172714.45, 844.34);
insert into STATION values (1262, '.', 312, 270293.96, 4172717.09, 845.91);
insert into STATION values (1263, '16', 312, 270295.10, 4172714.83, 843.90);
insert into STATION values (1264, '.', 312, 270296.17, 4172715.43, 842.03);
insert into STATION values (1265, '.', 312, 270296.38, 4172714.91, 844.44);
insert into STATION values (1266, '.', 312, 270295.69, 4172714.85, 844.83);
insert into STATION values (1267, '17', 312, 270302.92, 4172711.78, 840.11);
insert into STATION values (1268, '.', 312, 270300.51, 4172707.13, 840.15);
insert into STATION values (1269, '.', 312, 270308.23, 4172703.14, 840.53);
insert into STATION values (1270, '.', 312, 270300.86, 4172712.45, 842.86);
insert into STATION values (1271, '.', 312, 270303.35, 4172710.95, 842.93);
insert into STATION values (1272, '.', 312, 270306.07, 4172712.27, 842.88);
insert into STATION values (1273, '.', 312, 270308.56, 4172712.54, 841.34);
insert into STATION values (1274, '.', 312, 270308.83, 4172721.25, 840.24);
insert into STATION values (1275, '.', 312, 270304.64, 4172718.12, 841.42);
insert into STATION values (1276, '.', 312, 270317.58, 4172725.19, 838.96);
insert into STATION values (1277, '.', 312, 270308.11, 4172712.44, 837.79);
insert into STATION values (1278, '.', 312, 270311.58, 4172713.89, 836.16);
insert into STATION values (1279, '18', 312, 270310.74, 4172712.86, 837.08);
insert into STATION values (1280, '.', 312, 270313.70, 4172722.77, 839.03);
insert into STATION values (1281, '.', 312, 270321.48, 4172722.45, 839.08);
insert into STATION values (1282, '.', 312, 270312.71, 4172702.56, 839.89);
insert into STATION values (1283, '.', 312, 270320.12, 4172696.44, 840.18);
insert into STATION values (1284, '.', 312, 270314.77, 4172712.59, 834.99);
insert into STATION values (1285, '.', 312, 270318.84, 4172712.30, 834.22);
insert into STATION values (1286, '.', 312, 270312.35, 4172711.87, 841.05);
insert into STATION values (1287, '.', 312, 270320.35, 4172710.55, 842.88);
insert into STATION values (1288, 'PTR_FR24_A01_19', 312, 270329.48, 4172707.19, 836.67);
insert into STATION values (1289, '.', 312, 270319.95, 4172696.24, 838.92);
insert into STATION values (1290, '.', 312, 270333.80, 4172716.73, 834.29);
insert into STATION values (1291, '.', 312, 270330.80, 4172721.58, 831.63);
insert into STATION values (1292, '.', 312, 270334.34, 4172719.67, 829.79);
insert into STATION values (1293, '.', 312, 270331.27, 4172711.70, 832.34);
insert into STATION values (1294, '.', 312, 270340.53, 4172712.19, 832.96);
insert into STATION values (1295, '.', 312, 270344.12, 4172708.25, 835.31);
insert into STATION values (1296, '.', 312, 270331.20, 4172708.11, 842.48);
insert into STATION values (1297, '.', 312, 270335.40, 4172681.87, 844.52);
insert into STATION values (1298, '.', 312, 270337.17, 4172701.44, 835.75);
insert into STATION values (1299, '.', 312, 270344.52, 4172696.12, 837.29);
insert into STATION values (1300, '.', 312, 270336.83, 4172698.38, 837.90);
insert into STATION values (1301, '20', 312, 270343.75, 4172691.59, 839.60);
insert into STATION values (1302, '.', 312, 270354.48, 4172696.29, 839.13);
insert into STATION values (1303, '.', 312, 270367.99, 4172691.78, 839.01);
insert into STATION values (1304, '.', 312, 270345.47, 4172688.42, 847.20);
insert into STATION values (1305, '.', 312, 270352.22, 4172682.77, 849.87);
insert into STATION values (1306, '.', 312, 270333.42, 4172685.17, 843.07);
insert into STATION values (1307, '.', 312, 270337.84, 4172679.82, 844.71);
insert into STATION values (1308, '.', 312, 270345.07, 4172692.29, 838.59);
insert into STATION values (1309, '.', 312, 270351.58, 4172690.51, 837.29);
insert into STATION values (1310, '21', 312, 270354.35, 4172683.76, 841.01);
insert into STATION values (1311, '.', 312, 270375.44, 4172685.48, 842.30);
insert into STATION values (1312, '.', 312, 270380.31, 4172676.39, 842.43);
insert into STATION values (1313, '.', 312, 270345.07, 4172673.66, 842.69);
insert into STATION values (1314, '.', 312, 270350.55, 4172664.34, 842.99);
insert into STATION values (1315, '.', 312, 270357.52, 4172680.05, 848.76);
insert into STATION values (1316, '.', 312, 270363.61, 4172670.26, 850.05);
insert into STATION values (1317, '.', 312, 270357.08, 4172678.41, 839.75);
insert into STATION values (1318, '.', 312, 270361.91, 4172671.87, 839.83);
insert into STATION values (1319, '22', 312, 270368.55, 4172664.33, 841.30);
insert into STATION values (1320, '.', 312, 270381.00, 4172663.29, 841.57);
insert into STATION values (1321, '.', 312, 270383.23, 4172654.81, 840.17);
insert into STATION values (1322, '.', 312, 270382.88, 4172650.51, 839.56);
insert into STATION values (1323, '.', 312, 270353.12, 4172658.94, 843.31);
insert into STATION values (1324, '.', 312, 270355.79, 4172649.83, 842.18);
insert into STATION values (1325, '.', 312, 270366.57, 4172659.54, 846.47);
insert into STATION values (1326, '.', 312, 270373.13, 4172644.56, 845.21);
insert into STATION values (1327, '.', 312, 270365.49, 4172655.01, 837.89);
insert into STATION values (1328, '.', 312, 270373.64, 4172651.03, 836.82);
insert into STATION values (1329, '.', 312, 270369.84, 4172662.03, 848.83);
insert into STATION values (1330, '23', 312, 270375.09, 4172644.94, 836.54);
insert into STATION values (1331, '.', 312, 270359.62, 4172637.44, 838.35);
insert into STATION values (1332, '.', 312, 270364.26, 4172624.18, 836.91);
insert into STATION values (1333, '.', 312, 270373.65, 4172609.93, 836.05);
insert into STATION values (1334, '.', 312, 270373.21, 4172641.36, 844.47);
insert into STATION values (1335, '.', 312, 270377.45, 4172636.29, 847.08);
insert into STATION values (1336, '.', 312, 270384.64, 4172651.89, 838.37);
insert into STATION values (1337, '.', 312, 270386.19, 4172646.59, 837.76);
insert into STATION values (1338, '.', 312, 270376.08, 4172646.76, 835.63);
insert into STATION values (1339, '.', 312, 270377.30, 4172641.62, 833.94);
insert into STATION values (1340, '.', 312, 270381.19, 4172634.97, 833.41);
insert into STATION values (1341, 'PTR_FR24_A02_24', 312, 270379.67, 4172621.29, 834.39);
insert into STATION values (1342, '.', 312, 270400.86, 4172636.00, 835.07);
insert into STATION values (1343, '.', 312, 270386.35, 4172623.64, 842.40);
insert into STATION values (1344, '.', 312, 270390.17, 4172621.58, 841.89);
insert into STATION values (1345, '.', 312, 270388.95, 4172611.46, 832.44);
insert into STATION values (1346, '.', 312, 270398.49, 4172612.30, 832.20);
insert into STATION values (1347, '.', 312, 270382.95, 4172620.79, 832.66);
insert into STATION values (1348, '.', 312, 270393.55, 4172618.18, 830.07);
insert into STATION values (1349, '.', 312, 270368.19, 4172608.12, 834.97);
insert into STATION values (1350, '.', 312, 270376.23, 4172614.18, 843.29);
insert into STATION values (1351, '25', 312, 270374.88, 4172610.12, 831.10);
insert into STATION values (1352, '.', 312, 270379.30, 4172621.28, 834.49);
insert into STATION values (1353, '.', 312, 270382.36, 4172607.48, 831.43);
insert into STATION values (1354, '.', 312, 270376.70, 4172605.49, 830.92);
insert into STATION values (1355, '.', 312, 270364.98, 4172609.94, 831.77);
insert into STATION values (1356, '.', 312, 270365.85, 4172606.00, 829.29);
insert into STATION values (1357, '.', 312, 270372.50, 4172609.23, 835.03);
insert into STATION values (1358, '.', 312, 270371.84, 4172605.51, 833.32);
insert into STATION values (1359, '.', 312, 270371.07, 4172602.83, 829.43);
insert into STATION values (1360, '.', 312, 270372.71, 4172610.70, 830.29);
insert into STATION values (1361, '.', 312, 270370.53, 4172607.03, 827.81);
insert into STATION values (1362, '26', 312, 270372.20, 4172603.30, 826.32);
insert into STATION values (1363, '.', 312, 270373.52, 4172603.36, 825.90);
insert into STATION values (1364, '.', 312, 270373.83, 4172602.71, 825.44);
insert into STATION values (1365, '.', 312, 270369.18, 4172601.70, 825.92);
insert into STATION values (1366, '.', 312, 270372.30, 4172602.55, 827.28);
insert into STATION values (1367, '.', 312, 270372.46, 4172602.22, 826.35);
insert into STATION values (1368, '.', 312, 270372.16, 4172601.24, 823.72);
insert into STATION values (1369, '.', 312, 270372.97, 4172600.72, 823.18);
insert into STATION values (1370, '27', 312, 270373.13, 4172597.38, 821.11);
insert into STATION values (1371, '.', 312, 270368.54, 4172596.51, 821.52);
insert into STATION values (1372, '.', 312, 270364.30, 4172592.02, 819.58);
insert into STATION values (1373, '.', 312, 270372.59, 4172597.60, 821.98);
insert into STATION values (1374, '.', 312, 270373.34, 4172595.94, 821.64);
insert into STATION values (1375, '.', 312, 270373.39, 4172595.91, 820.21);
insert into STATION values (1376, '.', 312, 270376.05, 4172600.55, 821.90);
insert into STATION values (1377, '.', 312, 270381.97, 4172595.58, 818.86);
insert into STATION values (1378, '.', 312, 270382.43, 4172593.46, 818.00);
insert into STATION values (1379, '.', 312, 270376.89, 4172590.42, 817.58);
insert into STATION values (1380, '28', 312, 270376.32, 4172587.24, 816.94);
insert into STATION values (1381, '.', 312, 270384.85, 4172591.17, 816.02);
insert into STATION values (1382, '.', 312, 270383.40, 4172584.69, 816.45);
insert into STATION values (1383, '.', 312, 270375.66, 4172591.32, 821.31);
insert into STATION values (1384, '.', 312, 270376.54, 4172585.81, 820.00);
insert into STATION values (1385, '.', 312, 270376.46, 4172586.17, 816.17);
insert into STATION values (1386, '.', 312, 270361.70, 4172590.55, 818.15);
insert into STATION values (1387, '.', 312, 270358.97, 4172582.44, 817.44);
insert into STATION values (1388, '.', 312, 270359.19, 4172568.83, 817.95);
insert into STATION values (1389, '.', 312, 270372.91, 4172581.66, 815.00);
insert into STATION values (1390, '.', 312, 270374.76, 4172575.12, 814.54);
insert into STATION values (1391, '.', 312, 270376.32, 4172580.53, 819.40);
insert into STATION values (1392, '29', 312, 270385.24, 4172558.63, 814.94);
insert into STATION values (1393, '.', 312, 270397.68, 4172567.65, 816.80);
insert into STATION values (1394, '.', 312, 270404.82, 4172561.05, 818.03);
insert into STATION values (1395, '.', 312, 270370.91, 4172553.06, 818.47);
insert into STATION values (1396, '.', 312, 270378.97, 4172542.18, 817.51);
insert into STATION values (1397, '.', 312, 270381.84, 4172564.36, 819.91);
insert into STATION values (1398, '.', 312, 270386.57, 4172560.06, 820.12);
insert into STATION values (1399, '.', 312, 270394.42, 4172555.20, 820.49);
insert into STATION values (1400, '.', 312, 270386.56, 4172557.24, 813.54);
insert into STATION values (1401, '.', 312, 270390.52, 4172554.65, 813.04);
insert into STATION values (1402, '.', 312, 270384.06, 4172562.11, 812.66);
insert into STATION values (1403, '.', 312, 270380.46, 4172568.32, 813.54);
insert into STATION values (1404, 'PTR_FR24_A03_30', 312, 270397.88, 4172550.95, 813.84);
insert into STATION values (1405, '.', 312, 270401.86, 4172564.79, 817.22);
insert into STATION values (1406, '.', 312, 270406.83, 4172560.08, 816.42);
insert into STATION values (1407, '.', 312, 270406.33, 4172545.86, 814.84);
insert into STATION values (1408, '.', 312, 270407.31, 4172543.65, 814.93);
insert into STATION values (1409, '.', 312, 270409.33, 4172547.04, 815.01);
insert into STATION values (1410, '.', 312, 270408.10, 4172534.75, 815.42);
insert into STATION values (1411, '.', 312, 270386.43, 4172537.66, 816.09);
insert into STATION values (1412, '.', 312, 270376.71, 4172542.93, 817.79);
insert into STATION values (1413, '.', 312, 270393.80, 4172548.19, 819.80);
insert into STATION values (1414, '.', 312, 270398.00, 4172548.94, 819.76);
insert into STATION values (1415, '.', 312, 270402.43, 4172550.66, 820.65);
insert into STATION values (1416, '.', 312, 270401.46, 4172551.34, 813.29);
insert into STATION values (1417, '.', 312, 270405.75, 4172550.71, 819.54);
insert into STATION values (1418, '31', 312, 270411.80, 4172551.30, 815.00);
insert into STATION values (1419, '.', 312, 270413.03, 4172552.18, 815.69);
insert into STATION values (1420, '.', 312, 270410.18, 4172548.06, 815.19);
insert into STATION values (1421, '.', 312, 270412.78, 4172546.18, 815.16);
insert into STATION values (1422, '.', 312, 270411.85, 4172547.94, 813.65);
insert into STATION values (1423, '.', 312, 270416.54, 4172547.29, 817.88);
insert into STATION values (1424, '32', 312, 270393.44, 4172531.95, 812.58);
insert into STATION values (1425, '.', 312, 270405.40, 4172529.98, 815.74);
insert into STATION values (1426, '.', 312, 270387.39, 4172532.22, 813.22);
insert into STATION values (1427, '.', 312, 270393.47, 4172531.81, 818.43);
insert into STATION values (1428, '.', 312, 270393.26, 4172531.86, 811.16);
insert into STATION values (1429, '.', 312, 270391.30, 4172522.50, 813.46);
insert into STATION values (1430, '.', 312, 270407.27, 4172540.71, 815.26);
insert into STATION values (1431, '.', 312, 270385.22, 4172538.16, 814.88);
insert into STATION values (1432, '33', 312, 270397.31, 4172516.83, 808.86);
insert into STATION values (1433, '.', 312, 270403.72, 4172517.35, 811.01);
insert into STATION values (1434, '.', 312, 270390.57, 4172516.57, 811.59);
insert into STATION values (1435, '.', 312, 270397.40, 4172516.61, 812.53);
insert into STATION values (1436, '.', 312, 270397.04, 4172516.89, 807.33);
insert into STATION values (1437, '.', 312, 270401.37, 4172506.11, 811.87);
insert into STATION values (1438, '.', 312, 270403.94, 4172521.35, 813.09);
insert into STATION values (1439, '.', 312, 270392.64, 4172522.81, 814.06);
insert into STATION values (1440, '.', 312, 270390.45, 4172509.95, 810.86);
insert into STATION values (1441, '34', 312, 270392.11, 4172506.18, 809.17);
insert into STATION values (1442, '.', 312, 270389.73, 4172508.27, 809.77);
insert into STATION values (1443, '.', 312, 270399.88, 4172503.36, 810.48);
insert into STATION values (1444, '.', 312, 270392.10, 4172506.39, 812.25);
insert into STATION values (1445, '.', 312, 270392.62, 4172506.58, 807.78);
insert into STATION values (1446, '.', 312, 270404.29, 4172512.81, 810.58);
insert into STATION values (1447, '.', 312, 270390.72, 4172512.31, 810.58);
insert into STATION values (1448, '.', 312, 270386.21, 4172506.46, 810.45);
insert into STATION values (1449, '.', 312, 270397.47, 4172498.90, 813.01);
insert into STATION values (1450, '35', 312, 270387.35, 4172499.11, 810.71);
insert into STATION values (1451, '.', 312, 270398.04, 4172500.07, 812.71);
insert into STATION values (1452, '.', 312, 270387.37, 4172499.07, 813.14);
insert into STATION values (1453, '.', 312, 270379.72, 4172495.54, 812.60);
insert into STATION values (1454, '.', 312, 270387.32, 4172498.98, 809.06);
insert into STATION values (1455, '.', 312, 270400.08, 4172492.18, 814.37);
insert into STATION values (1456, '.', 312, 270388.33, 4172486.18, 812.60);
insert into STATION values (1457, '.', 312, 270385.55, 4172504.55, 811.00);
insert into STATION values (1458, '36', 312, 270379.03, 4172496.73, 812.23);
insert into STATION values (1459, '.', 312, 270379.16, 4172488.10, 813.05);
insert into STATION values (1460, '.', 312, 270379.24, 4172485.38, 813.36);
insert into STATION values (1461, 'PTR_FR24_A05_37', 312, 270387.47, 4172490.45, 811.51);
insert into STATION values (1462, '.', 312, 270384.65, 4172489.48, 812.77);
insert into STATION values (1463, '.', 312, 270398.11, 4172496.58, 813.50);
insert into STATION values (1464, '.', 312, 270387.51, 4172490.41, 813.35);
insert into STATION values (1465, '.', 312, 270387.83, 4172490.92, 810.05);
insert into STATION values (1466, '.', 312, 270389.94, 4172486.07, 812.72);
insert into STATION values (1467, '.', 312, 270381.68, 4172498.42, 812.77);
insert into STATION values (1468, '.', 312, 270397.82, 4172500.36, 813.57);
insert into STATION values (1469, '38', 312, 270393.45, 4172489.41, 811.96);
insert into STATION values (1470, '.', 312, 270400.08, 4172490.48, 813.61);
insert into STATION values (1471, '.', 312, 270389.26, 4172486.37, 812.78);
insert into STATION values (1472, '.', 312, 270393.45, 4172489.23, 813.83);
insert into STATION values (1473, '.', 312, 270393.19, 4172489.51, 810.54);
insert into STATION values (1474, '39', 312, 270394.50, 4172480.86, 809.93);
insert into STATION values (1475, '.', 312, 270389.82, 4172481.80, 811.07);
insert into STATION values (1476, '.', 312, 270401.74, 4172485.70, 812.40);
insert into STATION values (1477, '.', 312, 270394.48, 4172480.46, 812.36);
insert into STATION values (1478, '.', 312, 270394.21, 4172480.90, 808.43);
insert into STATION values (1479, '.', 312, 270396.72, 4172470.08, 811.21);
insert into STATION values (1480, '40', 312, 270390.89, 4172473.93, 810.16);
insert into STATION values (1481, '.', 312, 270392.04, 4172468.56, 810.83);
insert into STATION values (1482, '.', 312, 270389.05, 4172478.17, 811.38);
insert into STATION values (1483, '.', 312, 270390.70, 4172473.79, 811.95);
insert into STATION values (1484, '.', 312, 270390.77, 4172474.27, 808.79);
insert into STATION values (1485, '.', 312, 270397.33, 4172471.56, 811.15);
insert into STATION values (1486, '.', 312, 270385.34, 4172477.79, 811.18);
insert into STATION values (1487, '41', 312, 270380.67, 4172471.21, 810.66);
insert into STATION values (1488, '.', 312, 270386.34, 4172466.16, 810.28);
insert into STATION values (1489, '.', 312, 270380.04, 4172461.32, 810.82);
insert into STATION values (1490, '.', 312, 270380.28, 4172476.24, 810.99);
insert into STATION values (1491, '.', 312, 270380.64, 4172471.17, 811.83);
insert into STATION values (1492, '.', 312, 270380.55, 4172471.06, 808.76);
insert into STATION values (1493, '42', 312, 270366.92, 4172471.84, 809.45);
insert into STATION values (1494, '.', 312, 270366.54, 4172477.29, 811.74);
insert into STATION values (1495, '.', 312, 270366.69, 4172466.67, 809.51);
insert into STATION values (1496, '.', 312, 270366.93, 4172471.62, 811.05);
insert into STATION values (1497, '.', 312, 270366.98, 4172471.83, 808.58);
insert into STATION values (1498, '.', 312, 270369.92, 4172477.14, 811.05);
insert into STATION values (1499, '.', 312, 270358.45, 4172471.46, 810.23);
insert into STATION values (1500, '43', 312, 270360.93, 4172471.05, 809.26);
insert into STATION values (1501, '.', 312, 270360.20, 4172469.89, 809.39);
insert into STATION values (1502, '.', 312, 270362.84, 4172474.01, 811.05);
insert into STATION values (1503, '.', 312, 270360.86, 4172471.23, 810.93);
insert into STATION values (1504, '.', 312, 270360.31, 4172470.74, 808.28);
insert into STATION values (1505, '44', 312, 270357.83, 4172474.33, 809.47);
insert into STATION values (1506, '.', 312, 270355.70, 4172472.70, 808.25);
insert into STATION values (1507, '.', 312, 270366.19, 4172480.30, 817.61);
insert into STATION values (1508, '.', 312, 270349.79, 4172478.88, 809.66);
insert into STATION values (1509, '.', 312, 270358.59, 4172471.86, 810.74);
insert into STATION values (1510, '.', 312, 270358.09, 4172474.39, 808.20);
insert into STATION values (1511, '.', 312, 270357.82, 4172474.37, 810.56);
insert into STATION values (1512, '45', 312, 270353.12, 4172479.49, 808.34);
insert into STATION values (1513, '.', 312, 270353.44, 4172475.81, 808.65);
insert into STATION values (1514, '.', 312, 270350.12, 4172482.76, 808.71);
insert into STATION values (1515, '.', 312, 270352.42, 4172479.86, 813.09);
insert into STATION values (1516, '.', 312, 270352.87, 4172479.42, 807.11);
insert into STATION values (1517, '46', 312, 270341.88, 4172481.89, 803.15);
insert into STATION values (1518, '.', 312, 270341.82, 4172484.50, 803.29);
insert into STATION values (1519, '.', 312, 270342.23, 4172475.97, 804.29);
insert into STATION values (1520, '.', 312, 270341.78, 4172482.18, 805.58);
insert into STATION values (1521, '.', 312, 270341.99, 4172481.81, 801.70);
insert into STATION values (1522, '.', 312, 270338.18, 4172478.23, 803.62);
insert into STATION values (1523, '.', 312, 270345.86, 4172481.83, 803.75);
insert into STATION values (1524, '47', 312, 270329.94, 4172477.15, 802.59);
insert into STATION values (1525, '.', 312, 270330.43, 4172476.03, 802.58);
insert into STATION values (1526, '.', 312, 270328.32, 4172478.55, 802.90);
insert into STATION values (1527, '.', 312, 270329.95, 4172477.20, 804.11);
insert into STATION values (1528, '.', 312, 270329.94, 4172477.16, 801.73);
insert into STATION values (1529, '.', 312, 270331.74, 4172476.39, 802.75);
insert into STATION values (1530, '.', 312, 270330.82, 4172479.84, 802.63);
insert into STATION values (1531, '.', 312, 270326.01, 4172476.11, 803.26);
insert into STATION values (1532, 'PTR_FR24_A06_48', 312, 270325.41, 4172475.64, 802.78);
insert into STATION values (1533, '.', 312, 270326.50, 4172475.16, 802.84);
insert into STATION values (1534, '.', 312, 270324.37, 4172476.44, 802.80);
insert into STATION values (1535, '.', 312, 270325.43, 4172475.71, 803.74);
insert into STATION values (1536, '.', 312, 270325.29, 4172475.60, 801.40);
insert into STATION values (1537, '49', 312, 270325.13, 4172473.72, 801.51);
insert into STATION values (1538, '.', 312, 270325.48, 4172472.58, 801.80);
insert into STATION values (1539, '.', 312, 270324.48, 4172474.95, 801.99);
insert into STATION values (1540, '.', 312, 270325.06, 4172473.69, 801.94);
insert into STATION values (1541, '.', 312, 270325.19, 4172473.65, 801.15);
insert into STATION values (1542, '50', 312, 270320.05, 4172470.81, 801.21);
insert into STATION values (1543, '51', 312, 270352.44, 4172489.02, 812.20);
insert into STATION values (1544, '.', 312, 270351.87, 4172489.24, 812.23);
insert into STATION values (1545, '.', 312, 270364.09, 4172474.92, 814.78);
insert into STATION values (1546, '.', 312, 270352.50, 4172488.90, 813.04);
insert into STATION values (1547, '.', 312, 270352.82, 4172488.88, 811.09);
insert into STATION values (1548, '52', 312, 270362.28, 4172489.18, 813.21);
insert into STATION values (1549, '.', 312, 270367.27, 4172479.43, 818.36);
insert into STATION values (1550, '.', 312, 270358.83, 4172479.93, 815.40);
insert into STATION values (1551, '.', 312, 270362.20, 4172491.80, 812.88);
insert into STATION values (1552, '.', 312, 270362.21, 4172489.14, 814.29);
insert into STATION values (1553, '.', 312, 270362.29, 4172489.36, 811.39);
insert into STATION values (1554, '53', 312, 270376.25, 4172486.76, 816.87);
insert into STATION values (1555, '.', 312, 270375.09, 4172479.03, 817.43);
insert into STATION values (1556, '.', 312, 270378.08, 4172492.57, 817.23);
insert into STATION values (1557, '.', 312, 270376.01, 4172486.40, 819.53);
insert into STATION values (1558, '.', 312, 270375.03, 4172486.25, 814.14);
insert into STATION values (1559, '.', 312, 270365.05, 4172475.70, 816.52);
insert into STATION values (1560, '.', 312, 270358.17, 4172480.87, 816.27);
insert into STATION values (1561, '.', 312, 270366.25, 4172487.31, 816.71);
insert into STATION values (1562, '.', 312, 270373.85, 4172491.49, 816.75);
insert into STATION values (1563, '.', 312, 270384.09, 4172479.07, 816.81);
insert into STATION values (1564, '.', 312, 270383.11, 4172487.61, 817.15);
insert into STATION values (1565, '.', 312, 270388.70, 4172485.92, 817.29);
insert into STATION values (1566, '54', 312, 270386.77, 4172486.08, 814.45);
insert into STATION values (1567, '.', 312, 270389.00, 4172485.37, 814.97);
insert into STATION values (1568, '.', 312, 270383.21, 4172489.05, 815.05);
insert into STATION values (1569, '.', 312, 270388.32, 4172486.79, 814.75);
insert into STATION values (1570, '.', 312, 270386.78, 4172485.83, 813.11);
insert into STATION values (1571, '.', 312, 270386.59, 4172485.78, 818.39);
insert into STATION values (1572, '55', 312, 270413.96, 4172547.10, 813.53);
insert into STATION values (1573, '.', 312, 270414.42, 4172549.45, 813.84);
insert into STATION values (1574, '.', 312, 270413.62, 4172545.95, 813.94);
insert into STATION values (1575, '.', 312, 270414.34, 4172547.12, 817.29);
insert into STATION values (1576, '.', 312, 270415.19, 4172549.14, 816.01);
insert into STATION values (1577, '.', 312, 270414.10, 4172547.12, 812.66);
insert into STATION values (1578, '.', 312, 270420.82, 4172548.35, 812.93);
insert into STATION values (1579, '.', 312, 270417.82, 4172545.14, 813.60);
insert into STATION values (1580, '56', 312, 270423.69, 4172545.33, 811.08);
insert into STATION values (1581, '.', 312, 270421.86, 4172541.80, 811.92);
insert into STATION values (1582, '.', 312, 270423.58, 4172548.35, 811.76);
insert into STATION values (1583, '.', 312, 270423.92, 4172544.93, 815.86);
insert into STATION values (1584, '.', 312, 270423.64, 4172545.29, 809.96);
insert into STATION values (1585, '.', 312, 270425.61, 4172539.65, 811.88);
insert into STATION values (1586, '.', 312, 270431.18, 4172548.93, 812.77);
insert into STATION values (1587, '.', 312, 270421.47, 4172548.47, 811.55);
insert into STATION values (1588, '57', 312, 270433.86, 4172541.46, 812.21);
insert into STATION values (1589, '.', 312, 270431.10, 4172536.02, 812.46);
insert into STATION values (1590, '.', 312, 270437.75, 4172548.05, 812.69);
insert into STATION values (1591, '.', 312, 270430.02, 4172548.88, 812.56);
insert into STATION values (1592, '.', 312, 270447.71, 4172541.73, 814.40);
insert into STATION values (1593, '.', 312, 270437.80, 4172532.11, 813.98);
insert into STATION values (1594, '.', 312, 270433.95, 4172541.38, 814.31);
insert into STATION values (1595, '.', 312, 270433.42, 4172540.88, 809.53);
insert into STATION values (1596, '58', 312, 270447.00, 4172531.14, 815.79);
insert into STATION values (1597, '.', 312, 270450.95, 4172534.94, 816.38);
insert into STATION values (1598, '.', 312, 270445.50, 4172529.39, 815.52);
insert into STATION values (1599, '.', 312, 270447.10, 4172531.09, 817.08);
insert into STATION values (1600, '.', 312, 270446.94, 4172531.07, 814.11);
insert into STATION values (1601, '.', 312, 270456.60, 4172529.42, 816.78);
insert into STATION values (1602, '59', 312, 270456.95, 4172523.21, 816.39);
insert into STATION values (1603, '.', 312, 270466.05, 4172529.25, 815.95);
insert into STATION values (1604, '.', 312, 270453.05, 4172518.70, 816.33);
insert into STATION values (1605, '.', 312, 270456.80, 4172523.22, 818.22);
insert into STATION values (1606, '.', 312, 270456.47, 4172523.14, 813.94);
insert into STATION values (1607, '.', 312, 270460.59, 4172516.15, 816.37);
insert into STATION values (1608, '.', 312, 270458.23, 4172538.01, 816.62);
insert into STATION values (1609, '.', 312, 270467.01, 4172515.67, 816.34);
insert into STATION values (1610, '.', 312, 270468.37, 4172514.62, 816.34);
insert into STATION values (1611, 'PTR_FR24_A07_60', 312, 270466.98, 4172515.67, 816.34);
insert into STATION values (1612, '.', 312, 270469.20, 4172516.71, 816.92);
insert into STATION values (1613, '.', 312, 270465.18, 4172514.16, 816.15);
insert into STATION values (1614, '.', 312, 270467.04, 4172515.61, 817.33);
insert into STATION values (1615, '.', 312, 270466.74, 4172515.43, 814.68);
insert into STATION values (1616, '61', 312, 270463.26, 4172514.78, 813.39);
insert into STATION values (1617, '.', 312, 270459.86, 4172514.20, 813.54);
insert into STATION values (1618, '.', 312, 270464.34, 4172514.38, 813.64);
insert into STATION values (1619, '.', 312, 270463.20, 4172514.78, 814.17);
insert into STATION values (1620, '.', 312, 270463.39, 4172514.49, 811.89);
insert into STATION values (1621, '62', 312, 270466.46, 4172510.71, 814.00);
insert into STATION values (1622, '63', 312, 270436.22, 4172547.34, 811.87);
insert into STATION values (1623, '.', 312, 270426.95, 4172549.43, 812.82);
insert into STATION values (1624, '.', 312, 270440.23, 4172546.67, 812.78);
insert into STATION values (1625, '.', 312, 270436.06, 4172547.35, 814.32);
insert into STATION values (1626, '.', 312, 270436.32, 4172547.33, 810.82);
insert into STATION values (1627, '.', 312, 270440.25, 4172566.37, 809.51);
insert into STATION values (1628, '.', 312, 270433.55, 4172534.62, 814.28);
insert into STATION values (1629, '.', 312, 270428.57, 4172550.51, 810.57);
insert into STATION values (1630, '64', 312, 270441.93, 4172554.90, 810.41);
insert into STATION values (1631, '.', 312, 270447.79, 4172561.47, 810.07);
insert into STATION values (1632, '.', 312, 270450.16, 4172549.56, 811.10);
insert into STATION values (1633, '.', 312, 270438.44, 4172547.45, 811.13);
insert into STATION values (1634, '.', 312, 270426.34, 4172553.63, 809.51);
insert into STATION values (1635, '.', 312, 270423.11, 4172560.49, 809.69);
insert into STATION values (1636, '.', 312, 270441.86, 4172555.03, 811.97);
insert into STATION values (1637, '.', 312, 270441.96, 4172554.78, 809.30);
insert into STATION values (1638, '65', 312, 270437.17, 4172563.26, 809.56);
insert into STATION values (1639, '.', 312, 270438.61, 4172572.85, 810.38);
insert into STATION values (1640, '.', 312, 270426.38, 4172552.23, 810.16);
insert into STATION values (1641, '.', 312, 270449.30, 4172556.90, 810.91);
insert into STATION values (1642, '.', 312, 270433.78, 4172572.81, 810.40);
insert into STATION values (1643, '.', 312, 270420.24, 4172568.68, 809.66);
insert into STATION values (1644, '.', 312, 270437.12, 4172563.21, 811.12);
insert into STATION values (1645, '.', 312, 270437.17, 4172563.29, 808.02);
insert into STATION values (1646, '66', 312, 270419.16, 4172575.24, 809.52);
insert into STATION values (1647, '.', 312, 270421.08, 4172578.39, 809.98);
insert into STATION values (1648, '.', 312, 270418.13, 4172573.61, 809.56);
insert into STATION values (1649, '.', 312, 270419.04, 4172575.26, 810.08);
insert into STATION values (1650, '.', 312, 270419.15, 4172575.20, 808.49);
insert into STATION values (1651, '67', 312, 270411.30, 4172582.80, 809.35);
insert into STATION values (1652, '.', 312, 270411.16, 4172582.33, 809.32);
insert into STATION values (1653, '.', 312, 270411.47, 4172583.42, 809.37);
insert into STATION values (1654, '.', 312, 270411.33, 4172582.94, 808.83);
insert into STATION values (1655, '.', 312, 270411.21, 4172582.85, 809.60);
insert into STATION values (1656, '68', 312, 270441.26, 4172573.00, 810.59);
insert into STATION values (1657, '.', 312, 270443.94, 4172573.19, 810.44);
insert into STATION values (1658, '.', 312, 270440.82, 4172573.02, 810.60);
insert into STATION values (1659, '.', 312, 270441.25, 4172573.07, 811.28);
insert into STATION values (1660, '.', 312, 270441.28, 4172573.13, 809.59);
insert into STATION values (1661, '69', 312, 270441.77, 4172575.85, 811.56);
insert into STATION values (1662, '.', 312, 270448.10, 4172575.81, 812.70);
insert into STATION values (1663, '.', 312, 270433.22, 4172573.83, 812.86);
insert into STATION values (1664, '.', 312, 270441.55, 4172576.81, 814.98);
insert into STATION values (1665, '.', 312, 270441.44, 4172575.75, 810.21);
insert into STATION values (1666, '.', 312, 270444.30, 4172596.27, 816.12);
insert into STATION values (1667, '.', 312, 270463.07, 4172590.35, 813.50);
insert into STATION values (1668, '.', 312, 270420.21, 4172581.56, 811.95);
insert into STATION values (1669, '.', 312, 270420.64, 4172584.62, 812.60);
insert into STATION values (1670, '.', 312, 270445.73, 4172574.55, 811.55);
insert into STATION values (1671, '.', 312, 270442.35, 4172573.76, 811.58);
insert into STATION values (1672, '70', 312, 270436.29, 4172584.33, 813.82);
insert into STATION values (1673, '.', 312, 270432.97, 4172601.16, 822.48);
insert into STATION values (1674, '.', 312, 270430.96, 4172575.69, 814.72);
insert into STATION values (1675, '.', 312, 270453.23, 4172597.03, 818.43);
insert into STATION values (1676, '.', 312, 270451.59, 4172583.62, 815.92);
insert into STATION values (1677, '.', 312, 270448.76, 4172578.43, 814.01);
insert into STATION values (1678, '.', 312, 270436.15, 4172584.01, 811.90);
insert into STATION values (1679, '.', 312, 270436.13, 4172584.14, 815.50);
insert into STATION values (1680, '.', 312, 270435.67, 4172585.78, 819.81);
insert into STATION values (1681, '71', 312, 270418.69, 4172583.59, 812.36);
insert into STATION values (1682, '.', 312, 270418.42, 4172582.54, 812.32);
insert into STATION values (1683, '.', 312, 270419.41, 4172584.55, 812.45);
insert into STATION values (1684, '.', 312, 270418.55, 4172583.61, 813.23);
insert into STATION values (1685, '.', 312, 270418.60, 4172583.69, 811.06);
insert into STATION values (1686, '72', 312, 270414.91, 4172593.44, 815.38);
insert into STATION values (1687, '.', 312, 270414.01, 4172608.39, 821.62);
insert into STATION values (1688, '.', 312, 270421.65, 4172586.85, 817.52);
insert into STATION values (1689, '.', 312, 270438.40, 4172602.29, 820.35);
insert into STATION values (1690, '.', 312, 270413.02, 4172590.44, 815.26);
insert into STATION values (1691, '.', 312, 270414.91, 4172593.40, 820.93);
insert into STATION values (1692, '.', 312, 270415.30, 4172593.24, 814.22);
insert into STATION values (1693, 'PTR_FR24_A04_73', 312, 270430.00, 4172597.50, 817.92);
insert into STATION values (1694, '.', 312, 270444.46, 4172602.78, 821.36);
insert into STATION values (1695, '.', 312, 270416.51, 4172588.49, 816.59);
insert into STATION values (1696, '.', 312, 270428.78, 4172585.80, 817.55);
insert into STATION values (1697, '.', 312, 270451.61, 4172584.03, 816.54);
insert into STATION values (1698, '.', 312, 270429.92, 4172597.64, 817.93);
insert into STATION values (1699, '.', 312, 270429.43, 4172596.87, 823.03);
insert into STATION values (1700, '.', 312, 270430.10, 4172597.41, 815.56);
insert into STATION values (1701, '74', 312, 270435.10, 4172592.56, 817.58);
insert into STATION values (1702, '.', 312, 270429.69, 4172586.10, 817.97);
insert into STATION values (1703, '.', 312, 270439.14, 4172598.60, 819.50);
insert into STATION values (1704, '.', 312, 270435.20, 4172591.81, 822.33);
insert into STATION values (1705, '.', 312, 270435.32, 4172592.68, 815.47);
insert into STATION values (1706, '.', 312, 270434.42, 4172585.28, 817.55);
insert into STATION values (1707, '.', 312, 270451.09, 4172586.82, 817.82);
insert into STATION values (1708, '.', 312, 270453.05, 4172597.86, 817.52);
insert into STATION values (1709, '75', 312, 270452.41, 4172588.19, 813.67);
insert into STATION values (1710, '.', 312, 270454.70, 4172597.61, 816.13);
insert into STATION values (1711, '.', 312, 270452.50, 4172587.86, 813.67);
insert into STATION values (1712, '.', 312, 270453.03, 4172588.59, 817.42);
insert into STATION values (1713, '.', 312, 270452.60, 4172588.28, 812.33);
insert into STATION values (1714, '.', 312, 270462.83, 4172591.11, 814.89);
insert into STATION values (1715, '.', 312, 270443.44, 4172597.18, 817.46);
insert into STATION values (1716, '76', 312, 270462.89, 4172587.28, 811.57);
insert into STATION values (1717, '.', 312, 270468.46, 4172594.83, 811.85);
insert into STATION values (1718, '.', 312, 270462.46, 4172581.43, 810.96);
insert into STATION values (1719, '.', 312, 270462.93, 4172587.40, 812.75);
insert into STATION values (1720, '.', 312, 270462.93, 4172587.27, 810.13);
insert into STATION values (1721, '.', 312, 270463.11, 4172590.43, 813.52);
insert into STATION values (1722, '.', 312, 270461.37, 4172595.93, 815.86);
insert into STATION values (1723, '.', 312, 270461.34, 4172585.57, 811.98);
insert into STATION values (1724, 'PTR_FR24_A08_77', 312, 270485.05, 4172585.56, 813.75);
insert into STATION values (1725, '.', 312, 270485.07, 4172586.27, 813.82);
insert into STATION values (1726, '.', 312, 270485.04, 4172584.61, 813.77);
insert into STATION values (1727, '.', 312, 270485.08, 4172585.70, 814.74);
insert into STATION values (1728, '.', 312, 270485.05, 4172585.46, 813.24);
insert into STATION values (1729, '78', 312, 270490.25, 4172585.03, 815.04);
insert into STATION values (1730, '79', 312, 270417.97, 4172612.35, 821.03);
insert into STATION values (1731, '.', 312, 270414.97, 4172608.88, 821.22);
insert into STATION values (1732, '.', 312, 270421.24, 4172616.02, 821.79);
insert into STATION values (1733, '.', 312, 270416.31, 4172613.18, 825.39);
insert into STATION values (1734, '.', 312, 270417.89, 4172612.22, 820.07);
insert into STATION values (1735, 'PTR_FR24_A09_80', 312, 270415.29, 4172614.91, 824.05);
insert into STATION values (1736, 'PTR_FR24_A02_24', 681, 270379.67, 4172621.29, 834.39);
insert into STATION values (1737, '1', 681, 270411.36, 4172615.21, 830.12);
insert into STATION values (1738, '.', 681, 270411.28, 4172633.04, 832.66);
insert into STATION values (1739, '.', 681, 270408.17, 4172611.35, 830.33);
insert into STATION values (1740, '.', 681, 270411.50, 4172615.04, 831.24);
insert into STATION values (1741, '.', 681, 270411.02, 4172615.37, 828.77);
insert into STATION values (1742, 'PTR_FR24_A09_2', 681, 270415.29, 4172614.91, 824.05);
insert into STATION values (1743, '.', 681, 270415.54, 4172618.58, 825.25);
insert into STATION values (1744, '.', 681, 270415.41, 4172610.11, 824.22);
insert into STATION values (1745, '.', 681, 270415.90, 4172614.70, 825.67);
insert into STATION values (1746, '.', 681, 270415.93, 4172614.74, 821.92);
insert into STATION values (1747, '3', 681, 270421.55, 4172628.93, 821.59);
insert into STATION values (1748, '.', 681, 270411.35, 4172619.77, 822.48);
insert into STATION values (1749, '.', 681, 270418.72, 4172628.26, 821.75);
insert into STATION values (1750, '.', 681, 270422.05, 4172629.05, 821.53);
insert into STATION values (1751, '.', 681, 270421.00, 4172628.89, 823.46);
insert into STATION values (1752, '.', 681, 270421.48, 4172628.85, 820.44);
insert into STATION values (1753, '4', 681, 270417.56, 4172633.84, 820.05);
insert into STATION values (1754, '.', 681, 270416.50, 4172633.18, 820.24);
insert into STATION values (1755, '.', 681, 270418.65, 4172634.41, 819.84);
insert into STATION values (1756, '.', 681, 270417.49, 4172633.88, 820.88);
insert into STATION values (1757, '.', 681, 270417.66, 4172633.91, 819.57);
insert into STATION values (1758, '5', 681, 270416.42, 4172640.99, 816.64);
insert into STATION values (1759, '.', 681, 270412.85, 4172643.33, 816.79);
insert into STATION values (1760, '.', 681, 270417.28, 4172639.98, 819.79);
insert into STATION values (1761, '.', 681, 270416.45, 4172641.22, 815.77);
insert into STATION values (1762, '6', 681, 270438.27, 4172653.48, 809.43);
insert into STATION values (1763, '.', 681, 270438.77, 4172656.56, 809.67);
insert into STATION values (1764, '.', 681, 270438.50, 4172644.05, 810.64);
insert into STATION values (1765, '.', 681, 270438.25, 4172653.10, 812.77);
insert into STATION values (1766, '.', 681, 270438.29, 4172653.38, 808.57);
insert into STATION values (1767, '7', 681, 270455.38, 4172652.75, 808.62);
insert into STATION values (1768, '.', 681, 270453.62, 4172652.90, 808.79);
insert into STATION values (1769, '.', 681, 270457.98, 4172642.29, 809.41);
insert into STATION values (1770, '.', 681, 270455.82, 4172651.86, 811.42);
insert into STATION values (1771, '.', 681, 270455.39, 4172652.61, 807.95);
insert into STATION values (1772, '8', 681, 270461.84, 4172655.53, 807.98);
insert into STATION values (1773, '.', 681, 270458.14, 4172656.70, 808.22);
insert into STATION values (1774, '.', 681, 270468.94, 4172654.13, 808.49);
insert into STATION values (1775, '.', 681, 270461.82, 4172655.79, 810.45);
insert into STATION values (1776, '.', 681, 270461.87, 4172655.54, 807.62);
insert into STATION values (1777, '9', 681, 270464.41, 4172670.96, 808.99);
insert into STATION values (1778, '.', 681, 270457.35, 4172668.36, 809.40);
insert into STATION values (1779, '.', 681, 270441.94, 4172673.86, 809.51);
insert into STATION values (1780, '.', 681, 270467.24, 4172686.35, 810.61);
insert into STATION values (1781, '.', 681, 270467.29, 4172668.11, 809.31);
insert into STATION values (1782, '.', 681, 270464.18, 4172671.23, 815.92);
insert into STATION values (1783, '.', 681, 270464.43, 4172670.98, 808.56);
insert into STATION values (1784, '10', 681, 270478.58, 4172671.69, 812.03);
insert into STATION values (1785, '.', 681, 270481.34, 4172679.90, 814.18);
insert into STATION values (1786, '.', 681, 270478.55, 4172667.49, 813.42);
insert into STATION values (1787, '.', 681, 270479.10, 4172673.45, 818.32);
insert into STATION values (1788, '.', 681, 270478.64, 4172671.64, 811.59);
insert into STATION values (1789, '11', 681, 270494.09, 4172679.65, 815.30);
insert into STATION values (1790, '.', 681, 270494.15, 4172683.60, 815.26);
insert into STATION values (1791, '.', 681, 270494.63, 4172666.44, 814.58);
insert into STATION values (1792, '.', 681, 270496.05, 4172678.78, 824.88);
insert into STATION values (1793, '.', 681, 270494.08, 4172679.66, 814.40);
insert into STATION values (1794, '12', 681, 270507.72, 4172679.30, 816.92);
insert into STATION values (1795, '.', 681, 270510.47, 4172681.78, 818.09);
insert into STATION values (1796, '.', 681, 270506.91, 4172671.01, 818.15);
insert into STATION values (1797, '.', 681, 270508.35, 4172676.60, 831.62);
insert into STATION values (1798, '.', 681, 270507.80, 4172679.28, 816.42);
insert into STATION values (1799, '13', 681, 270504.03, 4172685.92, 818.22);
insert into STATION values (1800, '.', 681, 270499.73, 4172684.77, 819.24);
insert into STATION values (1801, '.', 681, 270510.45, 4172685.98, 819.15);
insert into STATION values (1802, '.', 681, 270503.93, 4172686.38, 821.54);
insert into STATION values (1803, '.', 681, 270504.04, 4172685.96, 817.97);
insert into STATION values (1804, '14', 681, 270508.14, 4172691.25, 813.64);
insert into STATION values (1805, '.', 681, 270508.68, 4172695.01, 813.99);
insert into STATION values (1806, '.', 681, 270508.79, 4172686.66, 813.89);
insert into STATION values (1807, '.', 681, 270508.77, 4172689.86, 821.46);
insert into STATION values (1808, '.', 681, 270508.08, 4172691.19, 813.23);
insert into STATION values (1809, '15', 681, 270515.81, 4172686.90, 810.59);
insert into STATION values (1810, 'PTR_FR24_A20_16', 681, 270512.32, 4172678.18, 817.49);
insert into STATION values (1811, '.', 681, 270513.24, 4172681.20, 817.73);
insert into STATION values (1812, '.', 681, 270510.37, 4172670.83, 817.63);
insert into STATION values (1813, '.', 681, 270512.20, 4172678.13, 820.24);
insert into STATION values (1814, '.', 681, 270512.32, 4172678.12, 816.82);
insert into STATION values (1815, 'A20', 808, 270512.32, 4172678.18, 817.49);
insert into STATION values (1816, '.', 808, 270512.07, 4172670.80, 817.71);
insert into STATION values (1817, '.', 808, 270512.60, 4172676.63, 816.82);
insert into STATION values (1818, '.', 808, 270513.78, 4172681.23, 817.57);
insert into STATION values (1819, '.', 808, 270513.15, 4172678.31, 820.28);
insert into STATION values (1820, '.', 808, 270514.57, 4172675.71, 825.50);
insert into STATION values (1821, '.', 808, 270513.06, 4172672.76, 823.53);
insert into STATION values (1822, '.', 808, 270514.97, 4172675.88, 816.54);
insert into STATION values (1823, '.', 808, 270526.23, 4172669.23, 815.25);
insert into STATION values (1824, '.', 808, 270531.24, 4172665.58, 815.50);
insert into STATION values (1825, '.', 808, 270524.67, 4172677.43, 818.46);
insert into STATION values (1826, '.', 808, 270520.57, 4172670.06, 818.09);
insert into STATION values (1827, '.', 808, 270524.06, 4172671.17, 818.97);
insert into STATION values (1828, '.', 808, 270521.72, 4172673.53, 821.81);
insert into STATION values (1829, '1', 808, 270532.62, 4172667.68, 816.85);
insert into STATION values (1830, '.', 808, 270528.34, 4172661.67, 817.47);
insert into STATION values (1831, '.', 808, 270532.01, 4172666.35, 815.70);
insert into STATION values (1832, '.', 808, 270532.55, 4172662.81, 822.82);
insert into STATION values (1833, '.', 808, 270532.85, 4172667.96, 817.36);
insert into STATION values (1834, '.', 808, 270531.69, 4172670.39, 817.34);
insert into STATION values (1835, '.', 808, 270526.99, 4172669.93, 819.16);
insert into STATION values (1836, '.', 808, 270522.29, 4172667.87, 817.41);
insert into STATION values (1837, '.', 808, 270530.36, 4172667.70, 815.70);
insert into STATION values (1838, '.', 808, 270545.39, 4172662.84, 816.87);
insert into STATION values (1839, '.', 808, 270548.34, 4172655.33, 817.83);
insert into STATION values (1840, '.', 808, 270541.44, 4172654.91, 817.64);
insert into STATION values (1841, '.', 808, 270533.67, 4172658.05, 817.48);
insert into STATION values (1842, '.', 808, 270540.04, 4172654.38, 814.19);
insert into STATION values (1843, '.', 808, 270548.94, 4172643.44, 811.49);
insert into STATION values (1844, '.', 808, 270550.49, 4172649.90, 810.93);
insert into STATION values (1845, '.', 808, 270551.06, 4172653.14, 812.11);
insert into STATION values (1846, '.', 808, 270546.82, 4172656.37, 812.25);
insert into STATION values (1847, '.', 808, 270536.16, 4172664.70, 815.15);
insert into STATION values (1848, '.', 808, 270535.93, 4172662.35, 822.67);
insert into STATION values (1849, '.', 808, 270539.88, 4172661.26, 820.81);
insert into STATION values (1850, '.', 808, 270544.23, 4172659.10, 819.21);
insert into STATION values (1851, '.', 808, 270549.53, 4172648.12, 812.94);
insert into STATION values (1852, '2', 808, 270550.25, 4172649.27, 812.67);
insert into STATION values (1853, '.', 808, 270550.31, 4172649.26, 810.94);
insert into STATION values (1854, '.', 808, 270553.46, 4172650.50, 811.07);
insert into STATION values (1855, '.', 808, 270549.04, 4172651.41, 811.25);
insert into STATION values (1856, '.', 808, 270545.67, 4172656.24, 812.22);
insert into STATION values (1857, '.', 808, 270542.40, 4172653.59, 812.11);
insert into STATION values (1858, '.', 808, 270543.07, 4172649.70, 812.54);
insert into STATION values (1859, '.', 808, 270547.28, 4172650.87, 813.95);
insert into STATION values (1860, '.', 808, 270548.01, 4172645.49, 812.54);
insert into STATION values (1861, '.', 808, 270550.33, 4172642.12, 812.30);
insert into STATION values (1862, '.', 808, 270553.43, 4172644.70, 810.91);
insert into STATION values (1863, '.', 808, 270556.20, 4172646.28, 811.95);
insert into STATION values (1864, '.', 808, 270551.18, 4172647.80, 812.76);
insert into STATION values (1865, '.', 808, 270551.85, 4172642.00, 812.40);
insert into STATION values (1866, '3', 808, 270554.40, 4172637.18, 812.47);
insert into STATION values (1867, '.', 808, 270554.41, 4172637.28, 812.14);
insert into STATION values (1868, '.', 808, 270551.91, 4172635.05, 830.49);
insert into STATION values (1869, '.', 808, 270551.88, 4172639.03, 823.88);
insert into STATION values (1870, '.', 808, 270554.29, 4172640.58, 817.11);
insert into STATION values (1871, '.', 808, 270555.05, 4172642.67, 813.05);
insert into STATION values (1872, '.', 808, 270554.78, 4172639.38, 811.99);
insert into STATION values (1873, '.', 808, 270557.83, 4172643.29, 812.43);
insert into STATION values (1874, '.', 808, 270551.47, 4172641.60, 812.16);
insert into STATION values (1875, '.', 808, 270547.95, 4172637.82, 814.52);
insert into STATION values (1876, '.', 808, 270540.48, 4172638.34, 819.04);
insert into STATION values (1877, '.', 808, 270538.60, 4172638.66, 823.62);
insert into STATION values (1878, '.', 808, 270543.73, 4172632.08, 821.45);
insert into STATION values (1879, '.', 808, 270550.52, 4172630.64, 816.80);
insert into STATION values (1880, '.', 808, 270551.31, 4172641.33, 817.45);
insert into STATION values (1881, '.', 808, 270554.37, 4172630.25, 829.90);
insert into STATION values (1882, '.', 808, 270563.33, 4172628.36, 818.51);
insert into STATION values (1883, '.', 808, 270582.79, 4172621.80, 823.34);
insert into STATION values (1884, '.', 808, 270578.49, 4172636.07, 821.02);
insert into STATION values (1885, '.', 808, 270563.44, 4172639.58, 817.99);
insert into STATION values (1886, '.', 808, 270565.73, 4172636.66, 814.27);
insert into STATION values (1887, '.', 808, 270586.24, 4172626.50, 827.64);
insert into STATION values (1888, '.', 808, 270573.20, 4172629.53, 830.06);
insert into STATION values (1889, '.', 808, 270567.09, 4172637.15, 824.95);
insert into STATION values (1890, '.', 808, 270572.56, 4172635.03, 827.39);
insert into STATION values (1891, '.', 808, 270565.44, 4172634.99, 814.08);
insert into STATION values (1892, '4', 808, 270533.81, 4172639.84, 830.27);
insert into STATION values (1893, '.', 808, 270564.27, 4172632.72, 837.43);
insert into STATION values (1894, '.', 808, 270560.50, 4172633.60, 836.49);
insert into STATION values (1895, '.', 808, 270566.02, 4172632.31, 837.84);
insert into STATION values (1896, '5', 808, 270584.84, 4172630.01, 819.64);
insert into STATION values (1897, '.', 808, 270583.87, 4172621.81, 823.74);
insert into STATION values (1898, '.', 808, 270584.95, 4172629.12, 817.75);
insert into STATION values (1899, '.', 808, 270588.36, 4172628.35, 818.11);
insert into STATION values (1900, '.', 808, 270598.31, 4172619.77, 820.76);
insert into STATION values (1901, '.', 808, 270593.80, 4172621.26, 826.07);
insert into STATION values (1902, '.', 808, 270587.81, 4172620.95, 824.52);
insert into STATION values (1903, '.', 808, 270586.51, 4172627.78, 826.90);
insert into STATION values (1904, '.', 808, 270585.62, 4172631.39, 823.02);
insert into STATION values (1905, '.', 808, 270579.97, 4172629.06, 818.29);
insert into STATION values (1906, '.', 808, 270570.69, 4172626.39, 820.74);
insert into STATION values (1907, '.', 808, 270563.69, 4172639.54, 820.49);
insert into STATION values (1908, '.', 808, 270591.48, 4172627.32, 823.93);
insert into STATION values (1909, '.', 808, 270590.12, 4172630.17, 822.58);
insert into STATION values (1910, '6', 808, 270592.27, 4172625.58, 819.70);
insert into STATION values (1911, '.', 808, 270593.84, 4172625.40, 817.54);
insert into STATION values (1912, '.', 808, 270591.84, 4172618.23, 819.78);
insert into STATION values (1913, '.', 808, 270591.84, 4172620.68, 826.73);
insert into STATION values (1914, '.', 808, 270593.32, 4172628.26, 824.93);
insert into STATION values (1915, '.', 808, 270592.50, 4172631.58, 822.25);
insert into STATION values (1916, '.', 808, 270593.66, 4172636.05, 822.69);
insert into STATION values (1917, '.', 808, 270592.68, 4172630.25, 819.16);
insert into STATION values (1918, '.', 808, 270601.03, 4172630.29, 819.40);
insert into STATION values (1919, '.', 808, 270606.03, 4172621.93, 819.45);
insert into STATION values (1920, '.', 808, 270611.94, 4172622.76, 819.66);
insert into STATION values (1921, '.', 808, 270605.39, 4172625.82, 816.62);
insert into STATION values (1922, '.', 808, 270613.33, 4172628.33, 817.77);
insert into STATION values (1923, '.', 808, 270598.77, 4172625.61, 820.47);
insert into STATION values (1924, '.', 808, 270596.44, 4172625.29, 824.42);
insert into STATION values (1925, '.', 808, 270586.30, 4172620.47, 821.44);
insert into STATION values (1926, '7', 808, 270578.92, 4172627.59, 818.93);
insert into STATION values (1927, '.', 808, 270572.48, 4172622.29, 818.57);
insert into STATION values (1928, '.', 808, 270570.38, 4172629.71, 815.32);
insert into STATION values (1929, '.', 808, 270564.07, 4172640.16, 817.98);
insert into STATION values (1930, '8', 808, 270576.73, 4172620.10, 818.29);
insert into STATION values (1931, '.', 808, 270581.49, 4172618.22, 813.46);
insert into STATION values (1932, '.', 808, 270578.24, 4172619.77, 816.92);
insert into STATION values (1933, '.', 808, 270578.50, 4172619.03, 816.55);
insert into STATION values (1934, '.', 808, 270579.70, 4172618.82, 814.82);
insert into STATION values (1935, '.', 808, 270581.25, 4172618.73, 815.11);
insert into STATION values (1936, '.', 808, 270576.67, 4172619.65, 816.38);
insert into STATION values (1937, '.', 808, 270572.19, 4172620.56, 814.09);
insert into STATION values (1938, '9', 808, 270581.42, 4172618.23, 813.60);
insert into STATION values (1939, '.', 808, 270580.96, 4172615.76, 812.92);
insert into STATION values (1940, '.', 808, 270586.15, 4172615.67, 812.38);
insert into STATION values (1941, '.', 808, 270591.76, 4172615.56, 811.93);
insert into STATION values (1942, '.', 808, 270585.89, 4172617.79, 812.86);
insert into STATION values (1943, '.', 808, 270589.83, 4172616.68, 810.95);
insert into STATION values (1944, '.', 808, 270582.92, 4172616.77, 813.83);
insert into STATION values (1945, '.', 808, 270581.33, 4172616.82, 815.31);
insert into STATION values (1946, '.', 808, 270578.07, 4172616.75, 814.41);
insert into STATION values (1947, '.', 808, 270574.50, 4172616.79, 812.21);
insert into STATION values (1948, '.', 808, 270568.99, 4172616.02, 810.75);
insert into STATION values (1949, '.', 808, 270576.75, 4172619.12, 812.82);
insert into STATION values (1950, '.', 808, 270579.67, 4172618.80, 813.38);
insert into STATION values (1951, '.', 808, 270580.07, 4172618.75, 813.75);
insert into STATION values (1952, '.', 808, 270581.52, 4172618.18, 812.95);
insert into STATION values (1953, '.', 808, 270581.51, 4172617.27, 812.59);
insert into STATION values (1954, '10', 808, 270592.62, 4172615.80, 812.84);
insert into STATION values (1955, '11', 808, 270572.31, 4172616.73, 811.79);
insert into STATION values (1956, '.', 808, 270572.01, 4172615.76, 811.68);
insert into STATION values (1957, '.', 808, 270572.08, 4172616.78, 810.87);
insert into STATION values (1958, '.', 808, 270569.28, 4172617.12, 810.28);
insert into STATION values (1959, '.', 808, 270566.64, 4172617.71, 809.94);
insert into STATION values (1960, '.', 808, 270566.61, 4172618.14, 813.35);
insert into STATION values (1961, '.', 808, 270570.97, 4172615.70, 811.84);
insert into STATION values (1962, '.', 808, 270569.45, 4172618.54, 811.14);
insert into STATION values (1963, '.', 808, 270574.47, 4172612.77, 810.82);
insert into STATION values (1964, '.', 808, 270574.42, 4172615.18, 811.66);
insert into STATION values (1965, '.', 808, 270573.35, 4172615.60, 811.23);
insert into STATION values (1966, '.', 808, 270573.82, 4172615.37, 811.81);
insert into STATION values (1967, '12', 808, 270565.55, 4172618.02, 810.77);
insert into STATION values (1968, '.', 808, 270565.20, 4172616.20, 810.86);
insert into STATION values (1969, '.', 808, 270565.23, 4172617.71, 809.90);
insert into STATION values (1970, '.', 808, 270564.87, 4172619.39, 810.20);
insert into STATION values (1971, '.', 808, 270563.50, 4172619.08, 810.96);
insert into STATION values (1972, '.', 808, 270563.33, 4172617.76, 811.38);
insert into STATION values (1973, '.', 808, 270561.68, 4172616.38, 810.27);
insert into STATION values (1974, '.', 808, 270560.27, 4172618.62, 810.11);
insert into STATION values (1975, '.', 808, 270556.26, 4172617.64, 810.69);
insert into STATION values (1976, '.', 808, 270555.20, 4172620.96, 810.43);
insert into STATION values (1977, '.', 808, 270560.74, 4172620.04, 810.46);
insert into STATION values (1978, '.', 808, 270569.28, 4172616.18, 812.64);
insert into STATION values (1979, '13', 808, 270557.65, 4172618.53, 811.10);
insert into STATION values (1980, '.', 808, 270557.41, 4172618.59, 810.20);
insert into STATION values (1981, '.', 808, 270556.50, 4172616.55, 810.57);
insert into STATION values (1982, '.', 808, 270555.39, 4172618.20, 810.49);
insert into STATION values (1983, '.', 808, 270554.43, 4172620.41, 810.16);
insert into STATION values (1984, '.', 808, 270553.74, 4172623.18, 809.84);
insert into STATION values (1985, '.', 808, 270556.78, 4172623.96, 810.02);
insert into STATION values (1986, '.', 808, 270559.98, 4172623.67, 809.57);
insert into STATION values (1987, '.', 808, 270560.08, 4172620.24, 810.18);
insert into STATION values (1988, '.', 808, 270558.02, 4172619.30, 811.66);
insert into STATION values (1989, '.', 808, 270561.70, 4172619.82, 810.09);
insert into STATION values (1990, '.', 808, 270559.00, 4172616.90, 810.83);
insert into STATION values (1991, '.', 808, 270553.26, 4172624.85, 809.84);
insert into STATION values (1992, '14', 808, 270553.27, 4172625.11, 809.67);
insert into STATION values (1993, '15', 808, 270574.84, 4172613.13, 811.57);
insert into STATION values (1994, '.', 808, 270577.70, 4172613.04, 809.25);
insert into STATION values (1995, '.', 808, 270584.56, 4172609.79, 806.10);
insert into STATION values (1996, '.', 808, 270575.92, 4172614.43, 810.61);
insert into STATION values (1997, '.', 808, 270575.18, 4172613.70, 810.22);
insert into STATION values (1998, '.', 808, 270574.74, 4172612.52, 810.40);
insert into STATION values (1999, '.', 808, 270580.60, 4172613.02, 815.68);
insert into STATION values (2000, '.', 808, 270583.58, 4172611.78, 815.35);
insert into STATION values (2001, '.', 808, 270590.64, 4172609.78, 810.67);
insert into STATION values (2002, '.', 808, 270587.50, 4172610.24, 808.60);
insert into STATION values (2003, '.', 808, 270581.87, 4172610.58, 810.20);
insert into STATION values (2004, '.', 808, 270584.22, 4172609.70, 806.24);
insert into STATION values (2005, '.', 808, 270571.55, 4172614.07, 810.19);
insert into STATION values (2006, '.', 808, 270574.03, 4172614.78, 811.44);
insert into STATION values (2007, '.', 808, 270573.99, 4172615.08, 810.76);
insert into STATION values (2008, '.', 808, 270573.55, 4172616.87, 811.06);
insert into STATION values (2009, '.', 808, 270574.99, 4172614.73, 811.33);
insert into STATION values (2010, '.', 808, 270572.20, 4172613.85, 810.61);
insert into STATION values (2011, '16', 808, 270584.64, 4172609.78, 806.20);
insert into STATION values (2012, 'B59', 808, 270624.08, 4172629.85, 819.47);
insert into STATION values (2013, '.', 808, 270635.82, 4172631.10, 821.15);
insert into STATION values (2014, '.', 808, 270625.73, 4172630.12, 824.75);
insert into STATION values (2015, '.', 808, 270621.78, 4172627.21, 824.33);
insert into STATION values (2016, '.', 808, 270619.80, 4172621.35, 821.36);
insert into STATION values (2017, '.', 808, 270623.67, 4172629.13, 818.94);
insert into STATION values (2018, '.', 808, 270622.82, 4172603.47, 822.67);
insert into STATION values (2019, '.', 808, 270629.91, 4172617.50, 824.77);
insert into STATION values (2020, '.', 808, 270639.61, 4172625.74, 825.07);
insert into STATION values (2021, '.', 808, 270649.99, 4172600.62, 826.01);
insert into STATION values (2022, '.', 808, 270634.49, 4172614.74, 821.18);
insert into STATION values (2023, '.', 808, 270625.61, 4172623.64, 819.58);
insert into STATION values (2024, '.', 808, 270632.65, 4172640.83, 821.09);
insert into STATION values (2025, '.', 808, 270637.59, 4172653.02, 817.46);
insert into STATION values (2026, '.', 808, 270629.51, 4172661.14, 819.97);
insert into STATION values (2027, '.', 808, 270619.95, 4172635.32, 820.61);
insert into STATION values (2028, '.', 808, 270618.45, 4172633.00, 820.61);
insert into STATION values (2029, '.', 808, 270624.02, 4172630.98, 818.72);
insert into STATION values (2030, '.', 808, 270622.97, 4172638.00, 818.81);
insert into STATION values (2031, '.', 808, 270624.74, 4172634.84, 823.48);
insert into STATION values (2032, '.', 808, 270611.98, 4172621.58, 820.91);
insert into STATION values (2033, '.', 808, 270602.37, 4172620.61, 819.52);
insert into STATION values (2034, '.', 808, 270600.95, 4172630.03, 819.51);
insert into STATION values (2035, '.', 808, 270612.90, 4172632.12, 819.71);
insert into STATION values (2036, '.', 808, 270613.69, 4172628.27, 822.59);
insert into STATION values (2037, '.', 808, 270606.44, 4172626.88, 820.73);
insert into STATION values (2038, '.', 808, 270598.90, 4172625.43, 816.88);
insert into STATION values (2039, '.', 808, 270618.06, 4172629.17, 818.42);
insert into STATION values (2040, '.', 808, 270619.01, 4172633.00, 819.31);
insert into STATION values (2041, '.', 808, 270619.71, 4172632.47, 821.88);
insert into STATION values (2042, '18', 808, 270651.10, 4172600.21, 825.33);
insert into STATION values (2043, '19', 808, 270616.13, 4172652.75, 817.95);
insert into STATION values (2044, '.', 808, 270614.19, 4172651.40, 818.35);
insert into STATION values (2045, '.', 808, 270617.70, 4172651.13, 822.73);
insert into STATION values (2046, '.', 808, 270630.25, 4172653.78, 823.90);
insert into STATION values (2047, '.', 808, 270634.63, 4172653.97, 818.47);
insert into STATION values (2048, '.', 808, 270618.25, 4172652.61, 817.58);
insert into STATION values (2049, '.', 808, 270622.67, 4172648.06, 816.85);
insert into STATION values (2050, '.', 808, 270624.97, 4172639.57, 817.70);
insert into STATION values (2051, '.', 808, 270633.93, 4172638.77, 820.01);
insert into STATION values (2052, '.', 808, 270619.18, 4172640.29, 818.58);
insert into STATION values (2053, '.', 808, 270601.74, 4172655.15, 814.31);
insert into STATION values (2054, '.', 808, 270602.01, 4172663.45, 813.76);
insert into STATION values (2055, '.', 808, 270602.79, 4172670.10, 813.46);
insert into STATION values (2056, '.', 808, 270612.90, 4172665.87, 816.86);
insert into STATION values (2057, '.', 808, 270610.22, 4172660.50, 821.34);
insert into STATION values (2058, '.', 808, 270600.17, 4172665.93, 816.54);
insert into STATION values (2059, '.', 808, 270598.58, 4172665.62, 815.70);
insert into STATION values (2060, '20', 808, 270637.09, 4172661.12, 821.16);
insert into STATION values (2061, '21', 808, 270589.84, 4172671.60, 813.23);
insert into STATION values (2062, '.', 808, 270586.18, 4172669.89, 812.25);
insert into STATION values (2063, '.', 808, 270589.03, 4172670.73, 811.96);
insert into STATION values (2064, '.', 808, 270587.91, 4172669.93, 817.27);
insert into STATION values (2065, '.', 808, 270589.92, 4172672.08, 812.19);
insert into STATION values (2066, '.', 808, 270595.53, 4172677.87, 813.10);
insert into STATION values (2067, '.', 808, 270588.69, 4172683.92, 817.54);
insert into STATION values (2068, '.', 808, 270581.82, 4172678.35, 814.70);
insert into STATION values (2069, '.', 808, 270588.18, 4172675.13, 812.83);
insert into STATION values (2070, '.', 808, 270587.00, 4172693.95, 815.24);
insert into STATION values (2071, '.', 808, 270587.12, 4172668.43, 811.77);
insert into STATION values (2072, '.', 808, 270588.93, 4172663.91, 810.23);
insert into STATION values (2073, '.', 808, 270587.22, 4172661.72, 811.11);
insert into STATION values (2074, '.', 808, 270595.42, 4172662.30, 812.76);
insert into STATION values (2075, '.', 808, 270601.49, 4172659.14, 813.97);
insert into STATION values (2076, '.', 808, 270600.27, 4172669.15, 813.70);
insert into STATION values (2077, '.', 808, 270595.45, 4172668.04, 812.08);
insert into STATION values (2078, '.', 808, 270596.16, 4172667.26, 815.47);
insert into STATION values (2079, '.', 808, 270590.90, 4172655.44, 810.43);
insert into STATION values (2080, '22', 808, 270591.11, 4172653.70, 810.10);
insert into STATION values (2081, '23', 808, 270579.40, 4172692.42, 813.15);
insert into STATION values (2082, '.', 808, 270580.22, 4172693.93, 814.85);
insert into STATION values (2083, '.', 808, 270579.26, 4172691.29, 817.08);
insert into STATION values (2084, '.', 808, 270576.24, 4172688.01, 810.34);
insert into STATION values (2085, '.', 808, 270574.03, 4172681.29, 814.01);
insert into STATION values (2086, '.', 808, 270576.24, 4172684.98, 819.69);
insert into STATION values (2087, '.', 808, 270589.95, 4172664.56, 815.86);
insert into STATION values (2088, '.', 808, 270587.49, 4172681.18, 819.64);
insert into STATION values (2089, '.', 808, 270585.14, 4172683.35, 823.52);
insert into STATION values (2090, '.', 808, 270593.48, 4172680.12, 815.11);
insert into STATION values (2091, '.', 808, 270582.28, 4172687.17, 810.99);
insert into STATION values (2092, '.', 808, 270587.76, 4172680.45, 811.90);
insert into STATION values (2093, '.', 808, 270561.57, 4172686.44, 813.28);
insert into STATION values (2094, '.', 808, 270576.01, 4172689.04, 810.18);
insert into STATION values (2095, '.', 808, 270571.50, 4172688.93, 807.65);
insert into STATION values (2096, '.', 808, 270563.40, 4172690.92, 809.26);
insert into STATION values (2097, '.', 808, 270536.03, 4172703.92, 811.27);
insert into STATION values (2098, '.', 808, 270539.67, 4172704.60, 815.25);
insert into STATION values (2099, '.', 808, 270547.46, 4172709.72, 812.26);
insert into STATION values (2100, '.', 808, 270553.01, 4172687.84, 814.04);
insert into STATION values (2101, 'B58', 808, 270561.91, 4172691.98, 811.12);
insert into STATION values (2102, '.', 808, 270557.92, 4172687.65, 811.84);
insert into STATION values (2103, '.', 808, 270546.91, 4172690.89, 812.79);
insert into STATION values (2104, '.', 808, 270546.65, 4172700.98, 815.05);
insert into STATION values (2105, '.', 808, 270546.55, 4172709.74, 812.19);
insert into STATION values (2106, '.', 808, 270562.09, 4172697.64, 810.08);
insert into STATION values (2107, '.', 808, 270560.37, 4172708.40, 809.83);
insert into STATION values (2108, '.', 808, 270563.54, 4172703.95, 811.34);
insert into STATION values (2109, '.', 808, 270567.29, 4172701.06, 810.72);
insert into STATION values (2110, '.', 808, 270563.58, 4172698.34, 809.39);
insert into STATION values (2111, '.', 808, 270566.86, 4172715.56, 809.31);
insert into STATION values (2112, '.', 808, 270574.04, 4172715.13, 807.87);
insert into STATION values (2113, '.', 808, 270562.09, 4172721.77, 808.20);
insert into STATION values (2114, '.', 808, 270559.86, 4172691.51, 808.62);
insert into STATION values (2115, '.', 808, 270556.35, 4172691.82, 806.58);
insert into STATION values (2116, '.', 808, 270545.84, 4172693.45, 802.00);
insert into STATION values (2117, '.', 808, 270542.69, 4172693.54, 804.11);
insert into STATION values (2118, '.', 808, 270539.65, 4172693.08, 804.94);
insert into STATION values (2119, '.', 808, 270540.43, 4172691.77, 805.89);
insert into STATION values (2120, '.', 808, 270549.57, 4172690.36, 807.15);
insert into STATION values (2121, '.', 808, 270545.04, 4172694.82, 806.51);
insert into STATION values (2122, '.', 808, 270554.09, 4172694.15, 809.01);
insert into STATION values (2123, '25', 808, 270537.98, 4172692.96, 806.04);
insert into STATION values (2124, '.', 808, 270538.08, 4172694.27, 805.88);
insert into STATION values (2125, '.', 808, 270537.78, 4172693.55, 804.94);
insert into STATION values (2126, '.', 808, 270538.19, 4172694.34, 806.09);
insert into STATION values (2127, '.', 808, 270534.57, 4172695.45, 804.78);
insert into STATION values (2128, '.', 808, 270531.58, 4172694.59, 806.09);
insert into STATION values (2129, '.', 808, 270528.91, 4172696.34, 807.52);
insert into STATION values (2130, '.', 808, 270524.19, 4172699.97, 803.56);
insert into STATION values (2131, '.', 808, 270530.42, 4172695.59, 804.43);
insert into STATION values (2132, '.', 808, 270528.30, 4172698.12, 801.73);
insert into STATION values (2133, '.', 808, 270527.64, 4172697.42, 802.24);
insert into STATION values (2134, '.', 808, 270536.14, 4172694.09, 804.84);
insert into STATION values (2135, '.', 808, 270541.30, 4172693.39, 804.31);
insert into STATION values (2136, '.', 808, 270546.50, 4172693.92, 802.29);
insert into STATION values (2137, '.', 808, 270543.68, 4172691.84, 805.60);
insert into STATION values (2138, '.', 808, 270540.37, 4172693.67, 806.17);
insert into STATION values (2139, '26', 808, 270533.84, 4172695.52, 803.65);
insert into STATION values (2140, '.', 808, 270532.84, 4172694.57, 803.87);
insert into STATION values (2141, '.', 808, 270530.69, 4172695.79, 803.60);
insert into STATION values (2142, '.', 808, 270528.15, 4172697.08, 803.33);
insert into STATION values (2143, '.', 808, 270523.67, 4172700.08, 802.83);
insert into STATION values (2144, '.', 808, 270532.72, 4172696.25, 803.50);
insert into STATION values (2145, '.', 808, 270531.69, 4172696.84, 799.90);
insert into STATION values (2146, '.', 808, 270528.29, 4172697.01, 809.30);
insert into STATION values (2147, '.', 808, 270531.94, 4172694.40, 812.14);
insert into STATION values (2148, '.', 808, 270525.71, 4172699.00, 805.99);
insert into STATION values (2149, '.', 808, 270523.04, 4172699.23, 803.97);
insert into STATION values (2150, '.', 808, 270519.58, 4172701.38, 800.65);
insert into STATION values (2151, '.', 808, 270519.03, 4172702.16, 797.51);
insert into STATION values (2152, '27', 808, 270524.42, 4172699.53, 798.64);
insert into STATION values (2153, '.', 808, 270524.68, 4172700.11, 798.55);
insert into STATION values (2154, '.', 808, 270524.40, 4172699.94, 797.23);
insert into STATION values (2155, '.', 808, 270521.74, 4172698.52, 805.94);
insert into STATION values (2156, '.', 808, 270526.17, 4172697.78, 802.02);
insert into STATION values (2157, '.', 808, 270527.91, 4172697.06, 806.40);
insert into STATION values (2158, '.', 808, 270526.16, 4172699.28, 799.33);
insert into STATION values (2159, '.', 808, 270527.16, 4172698.75, 797.48);
insert into STATION values (2160, '.', 808, 270528.72, 4172698.24, 798.49);
insert into STATION values (2161, '.', 808, 270530.03, 4172697.47, 800.43);
insert into STATION values (2162, '.', 808, 270522.08, 4172700.35, 797.53);
insert into STATION values (2163, '.', 808, 270520.03, 4172701.41, 798.50);
insert into STATION values (2164, '.', 808, 270517.96, 4172700.33, 799.72);
insert into STATION values (2165, '.', 808, 270517.78, 4172700.62, 800.79);
insert into STATION values (2166, '.', 808, 270514.53, 4172702.37, 798.13);
insert into STATION values (2167, '.', 808, 270516.77, 4172702.63, 797.52);
insert into STATION values (2168, '28', 808, 270512.81, 4172703.11, 798.55);
insert into STATION values (2169, '29', 808, 270633.49, 4172647.63, 817.68);
insert into STATION values (2170, '.', 808, 270640.01, 4172647.21, 816.24);
insert into STATION values (2171, '.', 808, 270635.02, 4172647.61, 816.41);
insert into STATION values (2172, '.', 808, 270634.00, 4172649.92, 820.17);
insert into STATION values (2173, '.', 808, 270633.82, 4172657.83, 817.43);
insert into STATION values (2174, '.', 808, 270638.15, 4172643.44, 819.06);
insert into STATION values (2175, '.', 808, 270637.12, 4172651.30, 815.18);
insert into STATION values (2176, '.', 808, 270648.53, 4172658.30, 810.78);
insert into STATION values (2177, '.', 808, 270639.71, 4172657.08, 815.68);
insert into STATION values (2178, '.', 808, 270638.73, 4172657.95, 813.96);
insert into STATION values (2179, 'B57', 808, 270638.71, 4172660.28, 815.02);
insert into STATION values (2180, '.', 808, 270644.51, 4172654.09, 812.05);
insert into STATION values (2181, '.', 808, 270643.86, 4172659.32, 814.01);
insert into STATION values (2182, '.', 808, 270652.28, 4172663.15, 811.99);
insert into STATION values (2183, '.', 808, 270648.92, 4172666.18, 813.17);
insert into STATION values (2184, '.', 808, 270654.24, 4172675.04, 814.38);
insert into STATION values (2185, '.', 808, 270658.96, 4172691.53, 814.82);
insert into STATION values (2186, '.', 808, 270639.67, 4172662.00, 815.27);
insert into STATION values (2187, '.', 808, 270644.13, 4172669.89, 812.93);
insert into STATION values (2188, '.', 808, 270640.32, 4172674.27, 811.17);
insert into STATION values (2189, '.', 808, 270633.19, 4172681.54, 808.43);
insert into STATION values (2190, '.', 808, 270636.34, 4172666.13, 812.77);
insert into STATION values (2191, '.', 808, 270638.10, 4172661.78, 816.69);
insert into STATION values (2192, '.', 808, 270631.07, 4172667.51, 814.36);
insert into STATION values (2193, '.', 808, 270630.12, 4172662.44, 816.55);
insert into STATION values (2194, '.', 808, 270637.48, 4172660.96, 816.59);
insert into STATION values (2195, '.', 808, 270638.80, 4172660.25, 814.13);
insert into STATION values (2196, '.', 808, 270642.56, 4172657.31, 811.91);
insert into STATION values (2197, '31', 808, 270652.63, 4172658.28, 810.75);
insert into STATION values (2198, 'B56', 808, 270649.70, 4172678.22, 815.50);
insert into STATION values (2199, '.', 808, 270649.21, 4172677.69, 811.70);
insert into STATION values (2200, '.', 808, 270657.86, 4172670.32, 816.39);
insert into STATION values (2201, '.', 808, 270650.76, 4172665.17, 815.50);
insert into STATION values (2202, '.', 808, 270649.78, 4172670.45, 813.91);
insert into STATION values (2203, '.', 808, 270659.88, 4172678.66, 814.78);
insert into STATION values (2204, '.', 808, 270660.08, 4172677.47, 811.71);
insert into STATION values (2205, '.', 808, 270652.79, 4172680.14, 814.26);
insert into STATION values (2206, '.', 808, 270660.50, 4172686.95, 814.65);
insert into STATION values (2207, '.', 808, 270659.77, 4172692.48, 814.09);
insert into STATION values (2208, '.', 808, 270652.00, 4172681.95, 814.29);
insert into STATION values (2209, '.', 808, 270650.86, 4172680.07, 815.93);
insert into STATION values (2210, '.', 808, 270631.97, 4172674.08, 809.75);
insert into STATION values (2211, '.', 808, 270633.92, 4172671.08, 813.21);
insert into STATION values (2212, '.', 808, 270636.60, 4172665.64, 812.94);
insert into STATION values (2213, '.', 808, 270633.32, 4172666.73, 813.75);
insert into STATION values (2214, '.', 808, 270639.49, 4172666.16, 812.22);
insert into STATION values (2215, '.', 808, 270641.55, 4172672.80, 810.72);
insert into STATION values (2216, '.', 808, 270641.71, 4172681.09, 810.11);
insert into STATION values (2217, '.', 808, 270619.74, 4172686.05, 807.78);
insert into STATION values (2218, '.', 808, 270633.66, 4172689.85, 808.44);
insert into STATION values (2219, '.', 808, 270634.21, 4172694.85, 809.24);
insert into STATION values (2220, '.', 808, 270643.66, 4172689.50, 811.31);
insert into STATION values (2221, '.', 808, 270634.89, 4172686.07, 813.14);
insert into STATION values (2222, '.', 808, 270643.33, 4172680.69, 815.26);
insert into STATION values (2223, '.', 808, 270616.16, 4172694.04, 806.66);
insert into STATION values (2224, '33', 808, 270658.75, 4172691.82, 813.34);
insert into STATION values (2225, '.', 808, 270656.33, 4172705.57, 807.78);
insert into STATION values (2226, '.', 808, 270647.85, 4172702.97, 808.66);
insert into STATION values (2227, '.', 808, 270646.18, 4172697.38, 810.81);
insert into STATION values (2228, '.', 808, 270664.88, 4172691.56, 814.33);
insert into STATION values (2229, '.', 808, 270661.56, 4172691.10, 815.48);
insert into STATION values (2230, '.', 808, 270667.24, 4172686.34, 811.70);
insert into STATION values (2231, '.', 808, 270663.60, 4172691.45, 811.18);
insert into STATION values (2232, '.', 808, 270664.75, 4172696.21, 810.27);
insert into STATION values (2233, '.', 808, 270659.17, 4172691.06, 812.26);
insert into STATION values (2234, '.', 808, 270677.95, 4172690.03, 808.67);
insert into STATION values (2235, '.', 808, 270686.88, 4172689.09, 809.66);
insert into STATION values (2236, '.', 808, 270680.95, 4172688.96, 812.55);
insert into STATION values (2237, '.', 808, 270679.85, 4172695.87, 808.73);
insert into STATION values (2238, '.', 808, 270678.10, 4172685.26, 809.25);
insert into STATION values (2239, 'B55', 808, 270696.85, 4172687.79, 809.52);
insert into STATION values (2240, '.', 808, 270696.71, 4172687.34, 809.11);
insert into STATION values (2241, '.', 808, 270695.20, 4172674.78, 810.88);
insert into STATION values (2242, '.', 808, 270693.76, 4172683.56, 810.49);
insert into STATION values (2243, '.', 808, 270686.57, 4172684.28, 811.46);
insert into STATION values (2244, '.', 808, 270693.53, 4172688.92, 809.43);
insert into STATION values (2245, '.', 808, 270698.39, 4172672.76, 809.63);
insert into STATION values (2246, '.', 808, 270705.19, 4172670.19, 811.09);
insert into STATION values (2247, '.', 808, 270710.35, 4172673.84, 810.57);
insert into STATION values (2248, '.', 808, 270713.10, 4172678.43, 810.37);
insert into STATION values (2249, '.', 808, 270721.58, 4172682.02, 811.12);
insert into STATION values (2250, '.', 808, 270718.31, 4172686.05, 810.65);
insert into STATION values (2251, '.', 808, 270716.98, 4172688.30, 810.40);
insert into STATION values (2252, '.', 808, 270714.78, 4172692.65, 809.20);
insert into STATION values (2253, '.', 808, 270707.67, 4172693.83, 809.11);
insert into STATION values (2254, '.', 808, 270702.42, 4172697.08, 808.95);
insert into STATION values (2255, '.', 808, 270691.48, 4172693.83, 810.73);
insert into STATION values (2256, '.', 808, 270694.45, 4172689.39, 809.32);
insert into STATION values (2257, '.', 808, 270681.40, 4172693.43, 811.02);
insert into STATION values (2258, '.', 808, 270689.91, 4172689.63, 814.29);
insert into STATION values (2259, '.', 808, 270696.60, 4172688.02, 812.08);
insert into STATION values (2260, '.', 808, 270701.06, 4172681.64, 812.79);
insert into STATION values (2261, '.', 808, 270704.23, 4172674.45, 813.10);
insert into STATION values (2262, '.', 808, 270707.07, 4172662.95, 813.92);
insert into STATION values (2263, '.', 808, 270716.87, 4172664.23, 814.64);
insert into STATION values (2264, '.', 808, 270708.27, 4172686.70, 812.34);
insert into STATION values (2265, '.', 808, 270703.39, 4172688.91, 815.47);
insert into STATION values (2266, '.', 808, 270699.13, 4172690.11, 815.44);
insert into STATION values (2267, '.', 808, 270705.74, 4172691.52, 811.34);
insert into STATION values (2268, '.', 808, 270719.11, 4172684.01, 813.46);
insert into STATION values (2269, '35', 808, 270715.16, 4172659.76, 816.40);
insert into STATION values (2270, '36', 808, 270719.56, 4172686.34, 811.91);
insert into STATION values (2271, '.', 808, 270715.07, 4172715.14, 809.57);
insert into STATION values (2272, '.', 808, 270722.71, 4172704.49, 812.33);
insert into STATION values (2273, '.', 808, 270728.28, 4172700.77, 812.59);
insert into STATION values (2274, '.', 808, 270732.67, 4172695.23, 812.25);
insert into STATION values (2275, '.', 808, 270718.38, 4172688.70, 811.52);
insert into STATION values (2276, '.', 808, 270719.50, 4172686.96, 811.17);
insert into STATION values (2277, '.', 808, 270718.54, 4172679.64, 810.54);
insert into STATION values (2278, '.', 808, 270721.71, 4172682.21, 811.89);
insert into STATION values (2279, '.', 808, 270730.40, 4172681.50, 813.82);
insert into STATION values (2280, '.', 808, 270724.04, 4172684.93, 813.32);
insert into STATION values (2281, '.', 808, 270721.48, 4172687.21, 811.50);
insert into STATION values (2282, '.', 808, 270731.82, 4172693.72, 813.04);
insert into STATION values (2283, '.', 808, 270721.99, 4172688.06, 815.25);
insert into STATION values (2284, '.', 808, 270721.57, 4172690.43, 811.51);
insert into STATION values (2285, '.', 808, 270719.28, 4172691.08, 810.84);
insert into STATION values (2286, '.', 808, 270716.40, 4172696.42, 809.55);
insert into STATION values (2287, 'B54', 808, 270730.75, 4172689.62, 812.81);
insert into STATION values (2288, '.', 808, 270732.51, 4172693.97, 811.99);
insert into STATION values (2289, '.', 808, 270729.34, 4172690.27, 811.94);
insert into STATION values (2290, '.', 808, 270714.70, 4172690.84, 811.23);
insert into STATION values (2291, '.', 808, 270708.84, 4172700.32, 809.95);
insert into STATION values (2292, '.', 808, 270700.71, 4172710.30, 809.23);
insert into STATION values (2293, '.', 808, 270687.70, 4172733.35, 809.06);
insert into STATION values (2294, '.', 808, 270703.33, 4172719.91, 812.38);
insert into STATION values (2295, '.', 808, 270714.44, 4172714.40, 810.63);
insert into STATION values (2296, '.', 808, 270724.67, 4172683.18, 812.50);
insert into STATION values (2297, '.', 808, 270729.86, 4172685.80, 813.79);
insert into STATION values (2298, '.', 808, 270729.00, 4172687.49, 816.75);
insert into STATION values (2299, '38', 808, 270699.81, 4172726.56, 808.85);
insert into STATION values (2300, '39', 808, 270726.95, 4172679.94, 814.09);
insert into STATION values (2301, 'B53', 808, 270746.90, 4172682.02, 811.58);
insert into STATION values (2302, '.', 808, 270746.67, 4172681.86, 810.95);
insert into STATION values (2303, '.', 808, 270748.83, 4172680.09, 811.02);
insert into STATION values (2304, '.', 808, 270754.74, 4172678.10, 810.98);
insert into STATION values (2305, '.', 808, 270749.97, 4172683.07, 810.47);
insert into STATION values (2306, '.', 808, 270752.88, 4172687.56, 810.35);
insert into STATION values (2307, '.', 808, 270757.20, 4172682.53, 810.24);
insert into STATION values (2308, '.', 808, 270763.65, 4172684.56, 813.48);
insert into STATION values (2309, '.', 808, 270768.73, 4172682.99, 816.55);
insert into STATION values (2310, '.', 808, 270769.73, 4172679.60, 812.26);
insert into STATION values (2311, '.', 808, 270781.95, 4172680.21, 810.85);
insert into STATION values (2312, '.', 808, 270758.03, 4172679.38, 812.36);
insert into STATION values (2313, '.', 808, 270748.89, 4172689.94, 811.25);
insert into STATION values (2314, '.', 808, 270745.70, 4172684.89, 810.59);
insert into STATION values (2315, '.', 808, 270739.59, 4172694.86, 811.84);
insert into STATION values (2316, '.', 808, 270741.23, 4172678.09, 812.85);
insert into STATION values (2317, '.', 808, 270744.11, 4172669.45, 813.53);
insert into STATION values (2318, '.', 808, 270751.11, 4172657.25, 815.38);
insert into STATION values (2319, '.', 808, 270750.23, 4172669.82, 815.04);
insert into STATION values (2320, '.', 808, 270749.90, 4172676.29, 815.16);
insert into STATION values (2321, '.', 808, 270759.53, 4172657.70, 814.03);
insert into STATION values (2322, '.', 808, 270748.39, 4172677.35, 811.24);
insert into STATION values (2323, '41', 808, 270759.30, 4172650.78, 814.82);
insert into STATION values (2324, '42', 808, 270792.75, 4172682.22, 812.54);
insert into STATION values (2325, '.', 808, 270794.75, 4172676.57, 812.71);
insert into STATION values (2326, '.', 808, 270798.76, 4172677.78, 814.34);
insert into STATION values (2327, '.', 808, 270801.20, 4172680.37, 815.12);
insert into STATION values (2328, '.', 808, 270793.47, 4172683.07, 812.76);
insert into STATION values (2329, '.', 808, 270794.59, 4172683.47, 811.58);
insert into STATION values (2330, '.', 808, 270792.94, 4172682.79, 811.40);
insert into STATION values (2331, '.', 808, 270789.89, 4172677.55, 813.05);
insert into STATION values (2332, '.', 808, 270786.25, 4172678.44, 810.74);
insert into STATION values (2333, '.', 808, 270787.21, 4172683.17, 811.98);
insert into STATION values (2334, '.', 808, 270779.58, 4172680.49, 813.89);
insert into STATION values (2335, '.', 808, 270778.58, 4172679.81, 812.32);
insert into STATION values (2336, '.', 808, 270770.99, 4172680.68, 809.75);
insert into STATION values (2337, '.', 808, 270796.80, 4172676.54, 813.05);
insert into STATION values (2338, '.', 808, 270798.65, 4172678.24, 814.28);
insert into STATION values (2339, '.', 808, 270800.99, 4172680.35, 815.24);
insert into STATION values (2340, '.', 808, 270793.57, 4172679.49, 814.41);
insert into STATION values (2341, '.', 808, 270794.82, 4172679.58, 812.10);
insert into STATION values (2342, '.', 808, 270799.13, 4172679.17, 813.94);
insert into STATION values (2343, '.', 808, 270794.06, 4172682.13, 812.40);
insert into STATION values (2344, '.', 808, 270799.49, 4172683.06, 808.46);
insert into STATION values (2345, '.', 808, 270799.99, 4172683.54, 811.07);
insert into STATION values (2346, '.', 808, 270797.78, 4172682.50, 811.65);
insert into STATION values (2347, '.', 808, 270797.61, 4172682.88, 812.41);
insert into STATION values (2348, '43', 808, 270810.96, 4172684.05, 812.22);
insert into STATION values (2349, '43b', 808, 270811.95, 4172684.15, 812.22);
insert into STATION values (2350, '44', 808, 270733.92, 4172680.46, 815.48);
insert into STATION values (2351, '.', 808, 270733.87, 4172681.80, 815.30);
insert into STATION values (2352, '.', 808, 270733.45, 4172681.01, 814.40);
insert into STATION values (2353, '.', 808, 270731.38, 4172682.70, 825.98);
insert into STATION values (2354, '.', 808, 270728.41, 4172682.52, 818.00);
insert into STATION values (2355, '.', 808, 270725.62, 4172682.29, 822.14);
insert into STATION values (2356, '.', 808, 270727.98, 4172680.94, 813.19);
insert into STATION values (2357, '45', 808, 270728.04, 4172682.37, 813.65);
insert into STATION values (2358, '46', 808, 270754.06, 4172664.37, 813.61);
insert into STATION values (2359, '.', 808, 270760.30, 4172667.61, 813.95);
insert into STATION values (2360, '.', 808, 270757.01, 4172668.10, 813.69);
insert into STATION values (2361, '.', 808, 270760.36, 4172665.07, 813.32);
insert into STATION values (2362, '.', 808, 270760.24, 4172661.02, 813.45);
insert into STATION values (2363, '.', 808, 270760.43, 4172657.18, 813.57);
insert into STATION values (2364, '.', 808, 270759.76, 4172653.84, 813.79);
insert into STATION values (2365, '.', 808, 270758.17, 4172650.18, 814.30);
insert into STATION values (2366, '.', 808, 270753.17, 4172656.82, 814.73);
insert into STATION values (2367, '.', 808, 270755.67, 4172661.36, 813.19);
insert into STATION values (2368, '.', 808, 270758.67, 4172650.72, 814.99);
insert into STATION values (2369, '.', 808, 270756.21, 4172659.92, 814.83);
insert into STATION values (2370, '.', 808, 270754.51, 4172663.53, 814.61);
insert into STATION values (2371, '.', 808, 270753.31, 4172664.10, 816.20);
insert into STATION values (2372, '.', 808, 270749.14, 4172659.83, 815.34);
insert into STATION values (2373, '.', 808, 270746.97, 4172662.62, 815.36);
insert into STATION values (2374, '.', 808, 270745.92, 4172666.12, 814.57);
insert into STATION values (2375, '.', 808, 270756.26, 4172673.29, 812.93);
insert into STATION values (2376, '.', 808, 270753.15, 4172668.17, 812.66);
insert into STATION values (2377, '47', 808, 270750.29, 4172657.88, 815.76);
insert into STATION values (2378, '.', 808, 270746.52, 4172651.32, 817.95);
insert into STATION values (2379, '.', 808, 270750.05, 4172658.75, 815.96);
insert into STATION values (2380, '.', 808, 270750.76, 4172657.32, 815.92);
insert into STATION values (2381, '.', 808, 270749.23, 4172658.02, 816.83);
insert into STATION values (2382, '.', 808, 270748.15, 4172658.76, 819.81);
insert into STATION values (2383, '.', 808, 270747.93, 4172659.72, 822.36);
insert into STATION values (2384, '.', 808, 270750.31, 4172660.35, 822.96);
insert into STATION values (2385, '.', 808, 270751.27, 4172658.75, 818.17);
insert into STATION values (2386, '.', 808, 270749.86, 4172658.40, 818.95);
insert into STATION values (2387, '.', 808, 270750.45, 4172657.70, 816.72);
insert into STATION values (2388, '48', 808, 270749.40, 4172662.19, 830.15);
insert into STATION values (2389, '.', 808, 270748.55, 4172666.29, 843.93);
insert into STATION values (2390, '49', 808, 270758.05, 4172653.99, 813.81);
insert into STATION values (2391, '.', 808, 270760.70, 4172653.27, 813.70);
insert into STATION values (2392, '.', 808, 270758.26, 4172653.87, 813.33);
insert into STATION values (2393, '.', 808, 270757.88, 4172652.54, 815.27);
insert into STATION values (2394, '.', 808, 270756.34, 4172651.93, 814.34);
insert into STATION values (2395, '.', 808, 270755.01, 4172650.91, 814.17);
insert into STATION values (2396, '.', 808, 270753.24, 4172651.98, 813.50);
insert into STATION values (2397, '.', 808, 270752.72, 4172654.64, 814.06);
insert into STATION values (2398, '.', 808, 270756.78, 4172652.76, 813.24);
insert into STATION values (2399, '.', 808, 270754.52, 4172650.00, 813.14);
insert into STATION values (2400, '.', 808, 270754.96, 4172646.30, 813.70);
insert into STATION values (2401, '.', 808, 270750.80, 4172643.27, 813.65);
insert into STATION values (2402, '.', 808, 270751.98, 4172647.83, 813.22);
insert into STATION values (2403, '.', 808, 270761.67, 4172657.80, 814.36);
insert into STATION values (2404, '.', 808, 270759.65, 4172659.85, 813.73);
insert into STATION values (2405, '.', 808, 270757.41, 4172655.21, 815.34);
insert into STATION values (2406, '.', 808, 270755.74, 4172659.26, 815.11);
insert into STATION values (2407, '.', 808, 270752.61, 4172655.98, 814.24);
insert into STATION values (2408, '.', 808, 270757.02, 4172656.63, 813.29);
insert into STATION values (2409, 'B52', 808, 270739.16, 4172634.44, 812.85);
insert into STATION values (2410, '.', 808, 270723.22, 4172626.48, 810.73);
insert into STATION values (2411, '.', 808, 270738.87, 4172633.85, 816.49);
insert into STATION values (2412, '.', 808, 270734.55, 4172631.69, 816.01);
insert into STATION values (2413, '.', 808, 270750.78, 4172637.26, 815.86);
insert into STATION values (2414, '.', 808, 270762.79, 4172631.56, 814.60);
insert into STATION values (2415, '.', 808, 270776.91, 4172616.15, 812.12);
insert into STATION values (2416, '.', 808, 270775.74, 4172610.64, 812.62);
insert into STATION values (2417, '.', 808, 270770.25, 4172607.56, 812.85);
insert into STATION values (2418, '.', 808, 270761.41, 4172600.50, 812.99);
insert into STATION values (2419, '.', 808, 270754.56, 4172590.35, 811.63);
insert into STATION values (2420, '.', 808, 270741.52, 4172605.97, 813.00);
insert into STATION values (2421, '.', 808, 270727.58, 4172612.33, 813.99);
insert into STATION values (2422, '.', 808, 270725.93, 4172622.21, 813.20);
insert into STATION values (2423, '.', 808, 270738.14, 4172629.69, 811.79);
insert into STATION values (2424, '.', 808, 270741.53, 4172624.58, 811.77);
insert into STATION values (2425, '.', 808, 270738.03, 4172615.23, 811.14);
insert into STATION values (2426, '.', 808, 270748.21, 4172622.70, 811.76);
insert into STATION values (2427, '.', 808, 270748.61, 4172615.36, 814.23);
insert into STATION values (2428, '.', 808, 270740.68, 4172624.90, 815.70);
insert into STATION values (2429, '.', 808, 270731.05, 4172641.63, 815.72);
insert into STATION values (2430, '.', 808, 270717.15, 4172650.10, 816.74);
insert into STATION values (2431, '.', 808, 270709.00, 4172653.17, 816.02);
insert into STATION values (2432, '.', 808, 270724.15, 4172652.55, 816.28);
insert into STATION values (2433, '.', 808, 270721.55, 4172650.10, 814.09);
insert into STATION values (2434, '.', 808, 270728.36, 4172642.07, 811.67);
insert into STATION values (2435, '.', 808, 270717.45, 4172635.48, 811.52);
insert into STATION values (2436, '.', 808, 270738.54, 4172643.43, 814.15);
insert into STATION values (2437, '.', 808, 270744.34, 4172649.71, 813.95);
insert into STATION values (2438, '.', 808, 270750.29, 4172651.61, 814.07);
insert into STATION values (2439, '.', 808, 270745.07, 4172641.96, 812.65);
insert into STATION values (2440, '.', 808, 270740.57, 4172636.58, 812.39);
insert into STATION values (2441, '.', 808, 270748.93, 4172640.80, 813.81);
insert into STATION values (2442, '.', 808, 270749.73, 4172643.17, 813.74);
insert into STATION values (2443, '.', 808, 270748.10, 4172645.19, 814.92);
insert into STATION values (2444, '.', 808, 270743.44, 4172639.96, 814.90);
insert into STATION values (2445, '.', 808, 270741.00, 4172637.74, 818.60);
insert into STATION values (2446, '51', 808, 270716.22, 4172652.65, 816.34);
insert into STATION values (2447, '52', 808, 270732.04, 4172623.20, 810.77);
insert into STATION values (2448, '.', 808, 270725.78, 4172622.28, 808.26);
insert into STATION values (2449, '.', 808, 270726.45, 4172618.42, 808.12);
insert into STATION values (2450, '.', 808, 270727.27, 4172620.66, 808.32);
insert into STATION values (2451, '.', 808, 270727.24, 4172621.24, 808.36);
insert into STATION values (2452, '.', 808, 270726.53, 4172622.79, 809.00);
insert into STATION values (2453, '.', 808, 270722.11, 4172628.30, 811.22);
insert into STATION values (2454, '.', 808, 270729.94, 4172625.24, 815.08);
insert into STATION values (2455, '.', 808, 270732.34, 4172616.47, 815.46);
insert into STATION values (2456, '.', 808, 270726.01, 4172608.97, 815.23);
insert into STATION values (2457, '.', 808, 270730.92, 4172622.70, 809.86);
insert into STATION values (2458, '.', 808, 270729.93, 4172622.21, 809.45);
insert into STATION values (2459, '53', 808, 270722.93, 4172619.29, 806.58);
insert into STATION values (2460, '.', 808, 270720.36, 4172618.62, 805.52);
insert into STATION values (2461, '.', 808, 270716.92, 4172621.30, 804.67);
insert into STATION values (2462, '.', 808, 270717.58, 4172624.12, 805.31);
insert into STATION values (2463, '.', 808, 270721.54, 4172622.40, 806.46);
insert into STATION values (2464, '.', 808, 270721.13, 4172620.30, 806.67);
insert into STATION values (2465, '.', 808, 270716.99, 4172622.13, 805.17);
insert into STATION values (2466, '.', 808, 270718.95, 4172622.11, 804.91);
insert into STATION values (2467, '.', 808, 270721.14, 4172620.59, 805.52);
insert into STATION values (2468, '.', 808, 270722.14, 4172618.18, 805.99);
insert into STATION values (2469, '.', 808, 270722.74, 4172619.39, 806.90);
insert into STATION values (2470, '.', 808, 270722.86, 4172619.24, 806.31);
insert into STATION values (2471, '.', 808, 270716.35, 4172622.35, 804.08);
insert into STATION values (2472, '.', 808, 270716.03, 4172622.39, 803.78);
insert into STATION values (2473, '.', 808, 270716.38, 4172622.22, 803.91);
insert into STATION values (2474, '54', 808, 270716.13, 4172622.33, 803.83);
insert into STATION values (2475, 'B51', 808, 270752.31, 4172617.28, 812.78);
insert into STATION values (2476, '.', 808, 270766.39, 4172629.81, 812.32);
insert into STATION values (2477, '.', 808, 270757.39, 4172630.09, 812.64);
insert into STATION values (2478, '.', 808, 270772.46, 4172625.70, 812.21);
insert into STATION values (2479, '.', 808, 270758.64, 4172619.24, 813.44);
insert into STATION values (2480, '.', 808, 270754.50, 4172617.30, 814.02);
insert into STATION values (2481, '.', 808, 270774.14, 4172618.83, 812.59);
insert into STATION values (2482, '.', 808, 270777.99, 4172613.38, 812.05);
insert into STATION values (2483, '.', 808, 270772.58, 4172608.07, 812.16);
insert into STATION values (2484, '.', 808, 270754.16, 4172615.77, 812.62);
insert into STATION values (2485, '.', 808, 270760.05, 4172598.25, 812.60);
insert into STATION values (2486, '.', 808, 270755.13, 4172595.72, 811.72);
insert into STATION values (2487, '.', 808, 270751.78, 4172597.71, 812.54);
insert into STATION values (2488, '.', 808, 270746.51, 4172598.84, 811.46);
insert into STATION values (2489, '.', 808, 270751.89, 4172611.66, 811.79);
insert into STATION values (2490, '.', 808, 270751.33, 4172601.93, 810.89);
insert into STATION values (2491, '.', 808, 270754.27, 4172612.64, 812.13);
insert into STATION values (2492, '.', 808, 270752.23, 4172611.88, 814.12);
insert into STATION values (2493, '.', 808, 270753.04, 4172616.24, 814.23);
insert into STATION values (2494, '.', 808, 270751.74, 4172637.98, 813.86);
insert into STATION values (2495, '.', 808, 270736.93, 4172606.93, 813.04);
insert into STATION values (2496, '.', 808, 270730.12, 4172614.23, 814.50);
insert into STATION values (2497, '.', 808, 270749.31, 4172617.41, 812.14);
insert into STATION values (2498, '.', 808, 270747.01, 4172617.67, 814.49);
insert into STATION values (2499, '56', 808, 270753.58, 4172590.62, 811.46);
insert into STATION values (2500, '.', 808, 270754.65, 4172590.33, 814.67);
insert into STATION values (2501, '.', 808, 270757.03, 4172591.54, 811.61);
insert into STATION values (2502, '.', 808, 270753.57, 4172590.12, 811.20);
insert into STATION values (2503, '.', 808, 270746.89, 4172586.09, 812.27);
insert into STATION values (2504, '.', 808, 270750.95, 4172588.48, 814.35);
insert into STATION values (2505, '.', 808, 270753.23, 4172577.48, 813.66);
insert into STATION values (2506, '.', 808, 270759.13, 4172571.72, 814.16);
insert into STATION values (2507, '.', 808, 270772.20, 4172571.57, 813.14);
insert into STATION values (2508, '.', 808, 270761.33, 4172585.04, 812.20);
insert into STATION values (2509, '.', 808, 270758.58, 4172583.27, 811.67);
insert into STATION values (2510, '.', 808, 270758.58, 4172579.57, 812.52);
insert into STATION values (2511, '.', 808, 270757.44, 4172585.37, 815.82);
insert into STATION values (2512, '.', 808, 270762.20, 4172576.85, 815.51);
insert into STATION values (2513, '.', 808, 270754.55, 4172589.42, 814.77);
insert into STATION values (2514, '.', 808, 270755.63, 4172595.33, 811.31);
insert into STATION values (2515, '.', 808, 270753.30, 4172595.98, 812.47);
insert into STATION values (2516, '.', 808, 270750.81, 4172595.10, 812.19);
insert into STATION values (2517, '.', 808, 270753.32, 4172590.83, 811.43);
insert into STATION values (2518, '.', 808, 270752.66, 4172591.66, 810.92);
insert into STATION values (2519, '.', 808, 270752.30, 4172594.19, 810.42);
insert into STATION values (2520, '.', 808, 270751.45, 4172599.08, 810.64);
insert into STATION values (2521, '.', 808, 270752.59, 4172595.97, 812.66);
insert into STATION values (2522, '.', 808, 270753.43, 4172593.12, 813.47);
insert into STATION values (2523, '57', 808, 270766.87, 4172568.33, 815.69);
insert into STATION values (2524, '.', 808, 270767.13, 4172568.23, 813.85);
insert into STATION values (2525, '.', 808, 270773.40, 4172570.39, 812.94);
insert into STATION values (2526, '.', 808, 270765.89, 4172571.05, 813.63);
insert into STATION values (2527, '.', 808, 270763.49, 4172575.47, 813.30);
insert into STATION values (2528, '.', 808, 270765.51, 4172572.58, 815.85);
insert into STATION values (2529, '.', 808, 270770.23, 4172580.63, 813.17);
insert into STATION values (2530, '.', 808, 270766.59, 4172582.49, 813.40);
insert into STATION values (2531, '.', 808, 270759.97, 4172570.65, 814.63);
insert into STATION values (2532, '.', 808, 270760.89, 4172567.52, 815.24);
insert into STATION values (2533, '.', 808, 270760.09, 4172558.84, 816.22);
insert into STATION values (2534, '.', 808, 270760.92, 4172552.20, 815.66);
insert into STATION values (2535, '.', 808, 270766.70, 4172564.05, 814.49);
insert into STATION values (2536, '.', 808, 270766.03, 4172552.00, 818.75);
insert into STATION values (2537, '.', 808, 270769.96, 4172564.39, 814.54);
insert into STATION values (2538, '.', 808, 270775.96, 4172566.73, 814.41);
insert into STATION values (2539, '.', 808, 270787.81, 4172558.81, 814.20);
insert into STATION values (2540, '.', 808, 270791.58, 4172550.80, 816.17);
insert into STATION values (2541, '.', 808, 270762.22, 4172537.00, 815.80);
insert into STATION values (2542, '.', 808, 270756.21, 4172533.77, 815.88);
insert into STATION values (2543, 'B50', 808, 270768.89, 4172538.48, 815.86);
insert into STATION values (2544, '59', 808, 270777.59, 4172614.07, 810.91);
insert into STATION values (2545, '.', 808, 270780.29, 4172618.12, 810.48);
insert into STATION values (2546, '.', 808, 270777.68, 4172614.38, 810.44);
insert into STATION values (2547, '.', 808, 270777.02, 4172609.62, 810.54);
insert into STATION values (2548, '.', 808, 270777.60, 4172613.78, 812.91);
insert into STATION values (2549, '.', 808, 270773.73, 4172624.82, 813.00);
insert into STATION values (2550, '.', 808, 270775.27, 4172615.72, 813.14);
insert into STATION values (2551, '.', 808, 270771.11, 4172617.27, 813.04);
insert into STATION values (2552, '.', 808, 270777.01, 4172614.38, 810.94);
insert into STATION values (2553, '.', 808, 270766.56, 4172608.82, 812.49);
insert into STATION values (2554, '.', 808, 270787.87, 4172615.32, 809.86);
insert into STATION values (2555, '.', 808, 270789.78, 4172610.26, 809.09);
insert into STATION values (2556, '.', 808, 270787.95, 4172604.82, 808.96);
insert into STATION values (2557, '.', 808, 270782.05, 4172606.90, 810.01);
insert into STATION values (2558, '.', 808, 270782.26, 4172611.35, 810.33);
insert into STATION values (2559, '.', 808, 270787.69, 4172612.55, 809.65);
insert into STATION values (2560, '.', 808, 270782.39, 4172612.96, 810.81);
insert into STATION values (2561, '60', 808, 270789.43, 4172606.94, 808.50);
insert into STATION values (2562, '.', 808, 270790.40, 4172606.32, 808.60);
insert into STATION values (2563, '61', 808, 270754.54, 4172590.01, 811.55);
insert into STATION values (2564, '.', 808, 270790.39, 4172606.35, 808.59);
insert into STATION values (2565, '62', 808, 270756.92, 4172587.86, 811.43);
insert into STATION values (2566, '63', 808, 270764.42, 4172591.30, 806.34);
insert into STATION values (2567, '1', 1265, 270554.70, 4172642.25, 811.85);
insert into STATION values (2568, '0', 1265, 270550.22, 4172649.12, 812.76);
insert into STATION values (2569, '2', 1265, 270564.76, 4172633.00, 815.13);
insert into STATION values (2570, '2.1', 1265, 270576.02, 4172633.78, 817.28);
insert into STATION values (2571, '2.2', 1265, 270584.84, 4172630.01, 819.64);
insert into STATION values (2572, '2.1.1', 1265, 270561.41, 4172626.09, 824.44);
insert into STATION values (2573, '2.1.1.1', 1265, 270559.18, 4172619.17, 823.13);
insert into STATION values (2574, '2.1.1.2', 1265, 270564.56, 4172615.71, 823.26);
insert into STATION values (2575, '-', 1265, 270564.31, 4172639.23, 815.57);
insert into STATION values (2576, '-', 1265, 270562.72, 4172635.97, 824.80);
insert into STATION values (2577, '-', 1265, 270560.69, 4172628.97, 828.38);
insert into STATION values (2578, '-', 1265, 270563.10, 4172627.12, 817.11);
insert into STATION values (2579, '-', 1265, 270564.72, 4172632.61, 813.75);
insert into STATION values (2580, '-', 1265, 270546.98, 4172618.50, 831.52);
insert into STATION values (2581, '-', 1265, 270564.43, 4172625.50, 822.97);
insert into STATION values (2582, '-', 1265, 270564.24, 4172621.80, 822.46);
insert into STATION values (2583, '-', 1265, 270564.78, 4172619.00, 822.32);
insert into STATION values (2584, '-', 1265, 270560.93, 4172626.66, 822.14);
insert into STATION values (2585, '-', 1265, 270561.05, 4172625.19, 822.25);
insert into STATION values (2586, '-', 1265, 270560.93, 4172622.95, 821.99);
insert into STATION values (2587, '-', 1265, 270560.99, 4172619.62, 822.16);
insert into STATION values (2588, '-', 1265, 270557.88, 4172626.51, 823.03);
insert into STATION values (2589, '-', 1265, 270557.71, 4172621.60, 823.04);
insert into STATION values (2590, '-', 1265, 270558.00, 4172617.25, 823.10);
insert into STATION values (2591, '-', 1265, 270561.30, 4172621.50, 822.17);
insert into STATION values (2592, '-', 1265, 270561.01, 4172619.48, 822.24);
insert into STATION values (2593, '-', 1265, 270561.66, 4172617.64, 821.73);
insert into STATION values (2594, '-', 1265, 270564.08, 4172615.65, 822.97);
insert into STATION values (2595, '-', 1265, 270558.08, 4172618.16, 823.25);
insert into STATION values (2596, '-', 1265, 270557.83, 4172616.64, 823.21);
insert into STATION values (2597, '-', 1265, 270561.27, 4172621.27, 824.63);
insert into STATION values (2598, '-', 1265, 270560.81, 4172618.35, 824.34);
insert into STATION values (2599, '-', 1265, 270560.39, 4172615.78, 824.28);
insert into STATION values (2600, '-', 1265, 270564.42, 4172614.63, 823.27);
insert into STATION values (2601, '-', 1265, 270568.70, 4172610.18, 823.33);
insert into STATION values (2602, '-', 1265, 270565.94, 4172609.18, 822.96);
insert into STATION values (2603, '-', 1265, 270564.82, 4172607.52, 822.69);
insert into STATION values (2604, '-', 1265, 270564.53, 4172594.69, 822.74);
insert into STATION values (2605, '-', 1265, 270562.58, 4172594.01, 822.61);
insert into STATION values (2606, '-', 1265, 270557.28, 4172609.41, 822.65);
insert into STATION values (2607, '-', 1265, 270556.12, 4172610.51, 822.36);
insert into STATION values (2608, '-', 1265, 270560.13, 4172608.76, 823.83);
insert into STATION values (2609, '-', 1265, 270557.65, 4172617.03, 822.47);
insert into STATION values (2610, '-', 1265, 270551.27, 4172616.08, 822.32);
insert into STATION values (2611, '-', 1265, 270552.45, 4172613.10, 822.23);
insert into STATION values (2612, '-', 1265, 270556.88, 4172610.75, 822.35);
insert into STATION values (2613, '-', 1265, 270561.52, 4172616.22, 821.34);
insert into STATION values (2614, '-', 1265, 270557.58, 4172614.31, 812.39);
insert into STATION values (2615, '-', 1265, 270557.94, 4172611.47, 811.22);
insert into STATION values (2616, '-', 1265, 270558.83, 4172609.92, 815.64);
insert into STATION values (2617, '-', 1265, 270559.69, 4172610.10, 819.14);
insert into STATION values (2618, '-', 1265, 270557.84, 4172606.22, 821.58);
insert into STATION values (2619, '-', 1265, 270561.62, 4172614.74, 824.00);
insert into STATION values (2620, '-', 1265, 270560.67, 4172611.98, 824.82);
insert into STATION values (2621, '-', 1265, 270560.80, 4172608.17, 823.59);
insert into STATION values (2622, '-', 1265, 270559.77, 4172599.38, 822.86);
insert into STATION values (2623, 'B56', 1297, 270649.70, 4172678.22, 815.50);
insert into STATION values (2624, '1', 1297, 270632.92, 4172683.00, 809.51);
insert into STATION values (2625, '.', 1297, 270627.04, 4172677.22, 809.79);
insert into STATION values (2626, '.', 1297, 270630.91, 4172685.04, 813.48);
insert into STATION values (2627, '.', 1297, 270634.57, 4172687.75, 811.41);
insert into STATION values (2628, '.', 1297, 270634.19, 4172694.57, 809.96);
insert into STATION values (2629, '.', 1297, 270638.85, 4172696.43, 810.59);
insert into STATION values (2630, '.', 1297, 270644.06, 4172692.94, 812.50);
insert into STATION values (2631, '.', 1297, 270640.41, 4172685.36, 814.66);
insert into STATION values (2632, '.', 1297, 270624.94, 4172691.84, 813.80);
insert into STATION values (2633, '.', 1297, 270628.83, 4172698.65, 811.13);
insert into STATION values (2634, '.', 1297, 270632.45, 4172699.44, 810.67);
insert into STATION values (2635, '.', 1297, 270632.20, 4172683.97, 808.53);
insert into STATION values (2636, '.', 1297, 270628.97, 4172690.50, 807.65);
insert into STATION values (2637, '.', 1297, 270620.39, 4172702.11, 806.91);
insert into STATION values (2638, '.', 1297, 270628.15, 4172700.59, 807.08);
insert into STATION values (2639, '2', 1297, 270617.63, 4172692.50, 806.66);
insert into STATION values (2640, '.', 1297, 270617.36, 4172693.87, 806.93);
insert into STATION values (2641, '.', 1297, 270615.74, 4172693.58, 807.25);
insert into STATION values (2642, '.', 1297, 270617.35, 4172693.29, 809.37);
insert into STATION values (2643, '.', 1297, 270621.17, 4172692.00, 810.81);
insert into STATION values (2644, '.', 1297, 270624.80, 4172696.25, 813.90);
insert into STATION values (2645, '.', 1297, 270633.75, 4172695.12, 810.25);
insert into STATION values (2646, '.', 1297, 270633.25, 4172702.27, 808.96);
insert into STATION values (2647, '.', 1297, 270620.84, 4172693.99, 806.63);
insert into STATION values (2648, '.', 1297, 270618.90, 4172693.22, 805.94);
insert into STATION values (2649, '.', 1297, 270623.01, 4172690.13, 807.48);
insert into STATION values (2650, '.', 1297, 270629.14, 4172684.84, 812.67);
insert into STATION values (2651, '.', 1297, 270617.34, 4172693.50, 804.81);
insert into STATION values (2652, '.', 1297, 270616.60, 4172694.27, 806.16);
insert into STATION values (2653, '.', 1297, 270615.62, 4172695.74, 804.92);
insert into STATION values (2654, '.', 1297, 270615.49, 4172694.08, 805.28);
insert into STATION values (2655, '.', 1297, 270615.32, 4172692.99, 805.36);
insert into STATION values (2656, '.', 1297, 270617.15, 4172693.39, 804.61);
insert into STATION values (2657, '.', 1297, 270617.29, 4172693.90, 805.99);
insert into STATION values (2658, '.', 1297, 270617.21, 4172693.88, 807.20);
insert into STATION values (2659, '3', 1297, 270615.17, 4172695.80, 804.22);
insert into STATION values (2660, '.', 1297, 270617.19, 4172694.68, 804.56);
insert into STATION values (2661, '.', 1297, 270616.36, 4172694.74, 803.77);
insert into STATION values (2662, '.', 1297, 270615.60, 4172695.21, 803.37);
insert into STATION values (2663, '.', 1297, 270616.32, 4172695.25, 805.63);
insert into STATION values (2664, '.', 1297, 270617.59, 4172693.31, 805.18);
insert into STATION values (2665, '.', 1297, 270616.26, 4172693.86, 804.11);
insert into STATION values (2666, '.', 1297, 270617.03, 4172691.81, 804.71);
insert into STATION values (2667, '.', 1297, 270616.61, 4172691.28, 804.99);
insert into STATION values (2668, '.', 1297, 270615.98, 4172691.82, 804.60);
insert into STATION values (2669, '.', 1297, 270616.41, 4172691.94, 804.29);
insert into STATION values (2670, '.', 1297, 270617.64, 4172689.10, 804.62);
insert into STATION values (2671, '.', 1297, 270616.13, 4172696.37, 804.10);
insert into STATION values (2672, '.', 1297, 270618.67, 4172698.14, 802.58);
insert into STATION values (2673, '.', 1297, 270616.52, 4172698.40, 803.19);
insert into STATION values (2674, '.', 1297, 270616.32, 4172697.65, 803.94);
insert into STATION values (2675, '.', 1297, 270616.11, 4172696.94, 802.49);
insert into STATION values (2676, '.', 1297, 270615.14, 4172697.70, 803.53);
insert into STATION values (2677, '4', 1297, 270617.53, 4172686.31, 805.23);
insert into STATION values (2678, '5', 1297, 270616.59, 4172699.68, 802.63);
insert into STATION values (2679, '.', 1297, 270616.70, 4172699.63, 801.65);
insert into STATION values (2680, '.', 1297, 270615.22, 4172700.19, 802.73);
insert into STATION values (2681, '.', 1297, 270616.42, 4172702.03, 802.43);
insert into STATION values (2682, '.', 1297, 270619.41, 4172701.77, 801.95);
insert into STATION values (2683, '.', 1297, 270621.48, 4172700.79, 801.99);
insert into STATION values (2684, '.', 1297, 270621.44, 4172697.64, 801.53);
insert into STATION values (2685, '.', 1297, 270619.23, 4172696.89, 802.53);
insert into STATION values (2686, '.', 1297, 270618.20, 4172696.52, 803.26);
insert into STATION values (2687, '.', 1297, 270617.86, 4172698.29, 802.12);
insert into STATION values (2688, '.', 1297, 270618.71, 4172699.05, 801.77);
insert into STATION values (2689, '.', 1297, 270618.61, 4172700.42, 801.85);
insert into STATION values (2690, '.', 1297, 270617.40, 4172699.45, 801.54);
insert into STATION values (2691, '6', 1297, 270621.57, 4172697.50, 801.49);
insert into STATION values (2692, '7', 1297, 270626.95, 4172708.79, 807.29);
insert into STATION values (2693, '8', 1297, 270645.75, 4172696.92, 810.96);
insert into STATION values (2694, '.', 1297, 270656.22, 4172686.97, 816.89);
insert into STATION values (2695, '.', 1297, 270648.35, 4172694.65, 811.23);
insert into STATION values (2696, '.', 1297, 270650.19, 4172699.12, 810.69);
insert into STATION values (2697, '.', 1297, 270650.33, 4172701.24, 808.71);
insert into STATION values (2698, '.', 1297, 270653.84, 4172706.34, 808.77);
insert into STATION values (2699, '.', 1297, 270647.82, 4172698.16, 811.26);
insert into STATION values (2700, '.', 1297, 270648.03, 4172704.20, 808.65);
insert into STATION values (2701, '.', 1297, 270645.67, 4172697.78, 809.40);
insert into STATION values (2702, '.', 1297, 270641.27, 4172697.15, 810.17);
insert into STATION values (2703, '.', 1297, 270637.27, 4172694.92, 810.17);
insert into STATION values (2704, '.', 1297, 270641.96, 4172695.42, 809.85);
insert into STATION values (2705, '.', 1297, 270645.24, 4172694.09, 810.73);
insert into STATION values (2706, '.', 1297, 270644.14, 4172694.64, 811.74);
insert into STATION values (2707, '.', 1297, 270645.34, 4172696.21, 811.48);
insert into STATION values (2708, 'B49', 1297, 270665.73, 4172705.37, 807.63);
insert into STATION values (2709, '.', 1297, 270665.59, 4172701.02, 809.02);
insert into STATION values (2710, '.', 1297, 270679.86, 4172683.58, 810.64);
insert into STATION values (2711, '.', 1297, 270679.61, 4172696.55, 809.47);
insert into STATION values (2712, '.', 1297, 270698.25, 4172700.71, 808.72);
insert into STATION values (2713, '.', 1297, 270687.57, 4172698.08, 808.88);
insert into STATION values (2714, '.', 1297, 270700.04, 4172703.00, 807.99);
insert into STATION values (2715, '.', 1297, 270684.35, 4172708.83, 808.76);
insert into STATION values (2716, '.', 1297, 270675.17, 4172710.18, 808.54);
insert into STATION values (2717, '.', 1297, 270674.48, 4172712.49, 807.97);
insert into STATION values (2718, '.', 1297, 270672.02, 4172709.03, 812.48);
insert into STATION values (2719, '.', 1297, 270667.21, 4172707.17, 812.15);
insert into STATION values (2720, '.', 1297, 270663.24, 4172705.23, 810.31);
insert into STATION values (2721, '.', 1297, 270658.28, 4172703.53, 810.78);
insert into STATION values (2722, '.', 1297, 270649.77, 4172701.72, 810.22);
insert into STATION values (2723, '.', 1297, 270645.12, 4172700.32, 809.19);
insert into STATION values (2724, '.', 1297, 270650.37, 4172705.14, 808.65);
insert into STATION values (2725, '.', 1297, 270660.40, 4172707.26, 807.96);
insert into STATION values (2726, '.', 1297, 270661.68, 4172708.66, 808.45);
insert into STATION values (2727, '.', 1297, 270662.94, 4172706.04, 807.33);
insert into STATION values (2728, '.', 1297, 270656.71, 4172703.85, 807.42);
insert into STATION values (2729, '.', 1297, 270652.78, 4172701.86, 808.24);
insert into STATION values (2730, '.', 1297, 270654.19, 4172698.39, 809.55);
insert into STATION values (2731, '.', 1297, 270660.88, 4172698.21, 809.98);
insert into STATION values (2732, '.', 1297, 270664.87, 4172703.40, 807.19);
insert into STATION values (2733, '.', 1297, 270675.03, 4172696.35, 807.65);
insert into STATION values (2734, '.', 1297, 270669.61, 4172702.88, 806.86);
insert into STATION values (2735, '.', 1297, 270677.58, 4172703.57, 806.92);
insert into STATION values (2736, '.', 1297, 270671.36, 4172708.44, 805.74);
insert into STATION values (2737, '.', 1297, 270665.99, 4172710.15, 805.99);
insert into STATION values (2738, '.', 1297, 270668.88, 4172722.41, 807.06);
insert into STATION values (2739, '.', 1297, 270681.72, 4172724.66, 808.51);
insert into STATION values (2740, '.', 1297, 270659.67, 4172718.65, 808.93);
insert into STATION values (2741, '.', 1297, 270660.23, 4172725.70, 809.07);
insert into STATION values (2742, '.', 1297, 270668.33, 4172721.82, 809.88);
insert into STATION values (2743, '.', 1297, 270667.01, 4172712.04, 809.64);
insert into STATION values (2744, '10', 1297, 270670.68, 4172727.33, 807.96);
insert into STATION values (2745, '.', 1297, 270669.47, 4172724.85, 809.88);
insert into STATION values (2746, '.', 1297, 270668.65, 4172718.82, 810.16);
insert into STATION values (2747, '.', 1297, 270659.96, 4172721.59, 809.61);
insert into STATION values (2748, '.', 1297, 270660.52, 4172729.63, 809.50);
insert into STATION values (2749, '.', 1297, 270662.26, 4172737.04, 809.82);
insert into STATION values (2750, '.', 1297, 270664.88, 4172743.32, 809.63);
insert into STATION values (2751, '.', 1297, 270670.81, 4172732.59, 810.38);
insert into STATION values (2752, '.', 1297, 270670.60, 4172731.32, 806.76);
insert into STATION values (2753, '.', 1297, 270667.18, 4172725.84, 807.45);
insert into STATION values (2754, '.', 1297, 270672.38, 4172723.85, 806.95);
insert into STATION values (2755, '.', 1297, 270676.72, 4172724.56, 805.29);
insert into STATION values (2756, '.', 1297, 270684.36, 4172719.73, 808.05);
insert into STATION values (2757, '.', 1297, 270686.72, 4172715.22, 808.91);
insert into STATION values (2758, '.', 1297, 270684.68, 4172710.80, 808.72);
insert into STATION values (2759, '.', 1297, 270676.97, 4172716.01, 808.26);
insert into STATION values (2760, '.', 1297, 270674.89, 4172716.17, 808.97);
insert into STATION values (2761, '.', 1297, 270672.40, 4172725.34, 809.74);
insert into STATION values (2762, '.', 1297, 270676.10, 4172726.72, 809.87);
insert into STATION values (2763, '.', 1297, 270671.31, 4172727.48, 808.05);
insert into STATION values (2764, '.', 1297, 270680.46, 4172731.98, 807.62);
insert into STATION values (2765, '.', 1297, 270691.10, 4172747.64, 809.83);
insert into STATION values (2766, '.', 1297, 270675.94, 4172735.79, 810.49);
insert into STATION values (2767, '.', 1297, 270672.23, 4172748.59, 810.32);
insert into STATION values (2768, '.', 1297, 270674.02, 4172739.99, 806.43);
insert into STATION values (2769, '.', 1297, 270667.81, 4172741.26, 808.24);
insert into STATION values (2770, '11', 1297, 270683.78, 4172709.40, 808.49);
insert into STATION values (2771, 'B48', 1297, 270679.86, 4172743.21, 807.76);
insert into STATION values (2772, '.', 1297, 270681.11, 4172742.63, 807.07);
insert into STATION values (2773, '.', 1297, 270685.76, 4172740.21, 806.47);
insert into STATION values (2774, '.', 1297, 270693.02, 4172729.56, 807.30);
insert into STATION values (2775, '.', 1297, 270694.92, 4172727.53, 811.01);
insert into STATION values (2776, '.', 1297, 270692.04, 4172736.74, 811.33);
insert into STATION values (2777, '.', 1297, 270683.68, 4172740.96, 811.04);
insert into STATION values (2778, '.', 1297, 270680.10, 4172743.04, 810.23);
insert into STATION values (2779, '.', 1297, 270685.76, 4172745.01, 810.83);
insert into STATION values (2780, '.', 1297, 270692.01, 4172747.12, 809.51);
insert into STATION values (2781, '.', 1297, 270699.18, 4172738.52, 809.71);
insert into STATION values (2782, '.', 1297, 270708.91, 4172728.63, 809.23);
insert into STATION values (2783, '.', 1297, 270712.56, 4172719.67, 809.31);
insert into STATION values (2784, '.', 1297, 270721.18, 4172705.54, 810.00);
insert into STATION values (2785, '.', 1297, 270686.84, 4172733.89, 808.57);
insert into STATION values (2786, '.', 1297, 270684.63, 4172733.41, 808.10);
insert into STATION values (2787, '.', 1297, 270680.64, 4172734.58, 808.78);
insert into STATION values (2788, '.', 1297, 270677.51, 4172732.99, 809.91);
insert into STATION values (2789, '.', 1297, 270670.70, 4172734.74, 809.36);
insert into STATION values (2790, '.', 1297, 270660.73, 4172729.39, 809.45);
insert into STATION values (2791, '.', 1297, 270666.08, 4172752.84, 809.35);
insert into STATION values (2792, '.', 1297, 270668.92, 4172758.12, 809.47);
insert into STATION values (2793, '.', 1297, 270673.57, 4172760.53, 810.18);
insert into STATION values (2794, '.', 1297, 270680.87, 4172758.72, 809.50);
insert into STATION values (2795, '.', 1297, 270678.90, 4172746.18, 806.79);
insert into STATION values (2796, '.', 1297, 270675.74, 4172754.62, 804.37);
insert into STATION values (2797, '.', 1297, 270675.04, 4172769.33, 801.09);
insert into STATION values (2798, '.', 1297, 270675.48, 4172753.29, 804.94);
insert into STATION values (2799, '.', 1297, 270670.49, 4172775.99, 803.27);
insert into STATION values (2800, '.', 1297, 270677.75, 4172748.47, 810.24);
insert into STATION values (2801, '13', 1297, 270674.89, 4172775.10, 802.01);
insert into STATION values (2802, '.', 1297, 270681.01, 4172772.03, 802.37);
insert into STATION values (2803, '.', 1297, 270677.33, 4172774.00, 801.02);
insert into STATION values (2804, '.', 1297, 270677.49, 4172773.23, 806.97);
insert into STATION values (2805, '.', 1297, 270673.54, 4172774.73, 807.73);
insert into STATION values (2806, '.', 1297, 270671.18, 4172774.53, 805.34);
insert into STATION values (2807, '.', 1297, 270668.63, 4172773.90, 802.21);
insert into STATION values (2808, '.', 1297, 270663.95, 4172773.45, 798.54);
insert into STATION values (2809, '.', 1297, 270666.01, 4172767.44, 800.63);
insert into STATION values (2810, '.', 1297, 270668.09, 4172762.60, 802.21);
insert into STATION values (2811, '.', 1297, 270666.01, 4172763.71, 806.70);
insert into STATION values (2812, '.', 1297, 270674.58, 4172768.95, 800.86);
insert into STATION values (2813, '.', 1297, 270674.26, 4172762.30, 801.52);
insert into STATION values (2814, '.', 1297, 270674.77, 4172754.83, 804.07);
insert into STATION values (2815, '.', 1297, 270679.79, 4172759.13, 805.96);
insert into STATION values (2816, '.', 1297, 270680.68, 4172765.70, 803.98);
insert into STATION values (2817, '.', 1297, 270673.55, 4172768.70, 809.48);
insert into STATION values (2818, '.', 1297, 270681.00, 4172775.91, 800.02);
insert into STATION values (2819, '.', 1297, 270683.55, 4172775.01, 800.44);
insert into STATION values (2820, '.', 1297, 270683.31, 4172776.76, 801.38);
insert into STATION values (2821, '.', 1297, 270682.70, 4172778.26, 800.28);
insert into STATION values (2822, '.', 1297, 270685.45, 4172777.88, 799.85);
insert into STATION values (2823, '.', 1297, 270687.80, 4172777.60, 799.33);
insert into STATION values (2824, '.', 1297, 270686.21, 4172776.76, 800.48);
insert into STATION values (2825, '.', 1297, 270689.14, 4172776.43, 797.64);
insert into STATION values (2826, '.', 1297, 270686.57, 4172775.35, 799.25);
insert into STATION values (2827, '.', 1297, 270693.30, 4172777.51, 797.79);
insert into STATION values (2828, '.', 1297, 270683.60, 4172781.94, 800.73);
insert into STATION values (2829, '.', 1297, 270679.86, 4172783.45, 801.50);
insert into STATION values (2830, '.', 1297, 270675.90, 4172782.40, 801.49);
insert into STATION values (2831, '.', 1297, 270673.84, 4172780.40, 800.76);
insert into STATION values (2832, '.', 1297, 270680.08, 4172787.41, 798.28);
insert into STATION values (2833, '.', 1297, 270677.61, 4172779.73, 799.67);
insert into STATION values (2834, '.', 1297, 270692.29, 4172795.15, 798.04);
insert into STATION values (2835, '14', 1297, 270694.76, 4172776.16, 798.14);
insert into STATION values (2836, '15', 1297, 270690.26, 4172793.25, 798.84);
insert into STATION values (2837, '.', 1297, 270691.57, 4172789.57, 798.01);
insert into STATION values (2838, '.', 1297, 270685.91, 4172784.29, 798.18);
insert into STATION values (2839, '.', 1297, 270682.98, 4172783.07, 799.73);
insert into STATION values (2840, '.', 1297, 270672.68, 4172779.68, 799.96);
insert into STATION values (2841, '.', 1297, 270668.77, 4172790.86, 798.12);
insert into STATION values (2842, '.', 1297, 270675.16, 4172796.25, 798.11);
insert into STATION values (2843, '.', 1297, 270680.02, 4172804.87, 798.27);
insert into STATION values (2844, '.', 1297, 270684.07, 4172806.36, 797.93);
insert into STATION values (2845, '.', 1297, 270687.25, 4172806.22, 798.40);
insert into STATION values (2846, '.', 1297, 270690.73, 4172803.09, 798.73);
insert into STATION values (2847, '.', 1297, 270687.81, 4172798.22, 798.01);
insert into STATION values (2848, '.', 1297, 270683.64, 4172800.16, 798.10);
insert into STATION values (2849, '.', 1297, 270687.28, 4172796.23, 798.02);
insert into STATION values (2850, '.', 1297, 270680.81, 4172795.26, 798.13);
insert into STATION values (2851, '.', 1297, 270681.11, 4172792.26, 798.29);
insert into STATION values (2852, '.', 1297, 270679.66, 4172788.67, 798.51);
insert into STATION values (2853, '.', 1297, 270684.73, 4172790.46, 798.00);
insert into STATION values (2854, '.', 1297, 270687.23, 4172788.78, 797.92);
insert into STATION values (2855, '.', 1297, 270689.65, 4172793.62, 798.01);
insert into STATION values (2856, '.', 1297, 270690.33, 4172794.87, 798.07);
insert into STATION values (2857, '.', 1297, 270687.32, 4172791.41, 800.47);
insert into STATION values (2858, '.', 1297, 270681.47, 4172788.91, 800.30);
insert into STATION values (2859, '.', 1297, 270684.93, 4172794.34, 800.00);
insert into STATION values (2860, '.', 1297, 270690.09, 4172797.59, 800.07);
insert into STATION values (2861, '.', 1297, 270690.40, 4172793.31, 799.69);
insert into STATION values (2862, '.', 1297, 270690.40, 4172793.36, 797.98);
insert into STATION values (2863, '.', 1297, 270695.14, 4172798.55, 797.94);
insert into STATION values (2864, '.', 1297, 270698.60, 4172797.49, 797.69);
insert into STATION values (2865, '.', 1297, 270701.16, 4172794.71, 797.88);
insert into STATION values (2866, '.', 1297, 270702.88, 4172792.24, 797.62);
insert into STATION values (2867, '.', 1297, 270695.45, 4172791.09, 797.86);
insert into STATION values (2868, '.', 1297, 270693.86, 4172793.36, 797.79);
insert into STATION values (2869, '.', 1297, 270692.97, 4172790.32, 797.81);
insert into STATION values (2870, '.', 1297, 270695.41, 4172791.80, 798.31);
insert into STATION values (2871, '16', 1297, 270698.90, 4172790.84, 797.97);
insert into STATION values (2872, '.', 1297, 270699.01, 4172790.61, 798.90);
insert into STATION values (2873, '.', 1297, 270698.80, 4172790.68, 797.69);
insert into STATION values (2874, '.', 1297, 270700.40, 4172790.52, 797.68);
insert into STATION values (2875, '.', 1297, 270702.93, 4172790.36, 797.68);
insert into STATION values (2876, '.', 1297, 270703.07, 4172795.73, 797.74);
insert into STATION values (2877, '.', 1297, 270700.25, 4172798.92, 797.83);
insert into STATION values (2878, '.', 1297, 270697.32, 4172799.56, 797.56);
insert into STATION values (2879, '.', 1297, 270699.16, 4172792.57, 798.54);
insert into STATION values (2880, '.', 1297, 270699.09, 4172791.96, 797.61);
insert into STATION values (2881, '.', 1297, 270698.80, 4172789.49, 799.16);
insert into STATION values (2882, '.', 1297, 270697.15, 4172785.28, 799.15);
insert into STATION values (2883, '.', 1297, 270692.21, 4172784.14, 798.27);
insert into STATION values (2884, '.', 1297, 270689.91, 4172787.00, 797.87);
insert into STATION values (2885, '.', 1297, 270697.31, 4172777.21, 798.02);
insert into STATION values (2886, '.', 1297, 270702.57, 4172778.25, 798.02);
insert into STATION values (2887, '.', 1297, 270702.72, 4172785.74, 798.14);
insert into STATION values (2888, '.', 1297, 270702.91, 4172788.22, 797.96);
insert into STATION values (2889, '.', 1297, 270700.62, 4172787.46, 797.57);
insert into STATION values (2890, '.', 1297, 270698.52, 4172787.41, 797.57);
insert into STATION values (2891, '.', 1297, 270696.64, 4172781.96, 798.90);
insert into STATION values (2892, '.', 1297, 270697.89, 4172786.16, 799.04);
insert into STATION values (2893, '17', 1297, 270692.00, 4172775.46, 798.24);
insert into STATION values (2894, '18', 1297, 270701.31, 4172730.09, 808.98);
insert into STATION values (2895, '.', 1297, 270691.43, 4172721.51, 809.07);
insert into STATION values (2896, '.', 1297, 270687.15, 4172729.09, 809.35);
insert into STATION values (2897, '.', 1297, 270687.22, 4172733.56, 808.37);
insert into STATION values (2898, '.', 1297, 270694.41, 4172733.43, 811.46);
insert into STATION values (2899, '.', 1297, 270698.06, 4172729.11, 811.58);
insert into STATION values (2900, '.', 1297, 270701.77, 4172724.49, 812.04);
insert into STATION values (2901, '.', 1297, 270705.33, 4172716.92, 812.26);
insert into STATION values (2902, '.', 1297, 270705.22, 4172704.73, 808.35);
insert into STATION values (2903, '.', 1297, 270696.20, 4172712.78, 807.91);
insert into STATION values (2904, '.', 1297, 270694.08, 4172717.73, 808.98);
insert into STATION values (2905, '.', 1297, 270700.86, 4172727.13, 808.54);
insert into STATION values (2906, '.', 1297, 270703.75, 4172727.99, 808.60);
insert into STATION values (2907, '.', 1297, 270705.27, 4172731.39, 809.18);
insert into STATION values (2908, '.', 1297, 270709.33, 4172727.46, 809.39);
insert into STATION values (2909, '.', 1297, 270712.12, 4172720.41, 809.33);
insert into STATION values (2910, '.', 1297, 270719.49, 4172707.68, 809.33);
insert into STATION values (2911, '.', 1297, 270695.93, 4172741.72, 809.96);
insert into STATION values (2912, '.', 1297, 270701.60, 4172736.92, 809.51);
insert into STATION values (2913, '.', 1297, 270698.97, 4172733.35, 811.02);
insert into STATION values (2914, '19', 1297, 270710.07, 4172708.04, 808.25);
insert into STATION values (2915, '.', 1297, 270717.03, 4172710.62, 808.55);
insert into STATION values (2916, '.', 1297, 270714.05, 4172710.08, 812.64);
insert into STATION values (2917, '.', 1297, 270710.31, 4172707.52, 812.97);
insert into STATION values (2918, '.', 1297, 270708.12, 4172712.79, 807.56);
insert into STATION values (2919, '.', 1297, 270708.35, 4172729.08, 809.65);
insert into STATION values (2920, '.', 1297, 270712.90, 4172719.44, 809.46);
insert into STATION values (2921, '.', 1297, 270705.47, 4172717.00, 812.08);
insert into STATION values (2922, '.', 1297, 270697.20, 4172712.35, 808.08);
insert into STATION values (2923, '.', 1297, 270691.86, 4172720.95, 809.07);
insert into STATION values (2924, '.', 1297, 270706.90, 4172703.86, 807.95);
insert into STATION values (2925, '.', 1297, 270709.30, 4172701.68, 808.67);
insert into STATION values (2926, '.', 1297, 270715.86, 4172689.15, 811.06);
insert into STATION values (2927, '.', 1297, 270722.64, 4172691.62, 813.06);
insert into STATION values (2928, '.', 1297, 270725.60, 4172698.43, 812.84);
insert into STATION values (2929, '.', 1297, 270715.59, 4172701.99, 812.88);
insert into STATION values (2930, '.', 1297, 270717.45, 4172700.53, 809.78);
insert into STATION values (2931, '.', 1297, 270711.45, 4172706.18, 808.20);
insert into STATION values (2932, '.', 1297, 270709.76, 4172707.98, 807.85);
insert into STATION values (2933, '.', 1297, 270706.95, 4172707.54, 807.50);
insert into STATION values (2934, '.', 1297, 270698.34, 4172705.81, 806.78);
insert into STATION values (2935, '.', 1297, 270698.28, 4172708.60, 808.13);
insert into STATION values (2936, '.', 1297, 270703.43, 4172706.64, 809.26);
insert into STATION values (2937, '.', 1297, 270705.47, 4172704.89, 808.30);
insert into STATION values (2938, '.', 1297, 270700.93, 4172703.11, 807.98);
insert into STATION values (2939, '20', 1297, 270689.37, 4172702.89, 807.92);
insert into STATION values (2940, '.', 1297, 270689.23, 4172699.16, 809.53);
insert into STATION values (2941, '.', 1297, 270697.86, 4172699.61, 809.02);
insert into STATION values (2942, '.', 1297, 270699.69, 4172702.92, 808.19);
insert into STATION values (2943, '.', 1297, 270697.12, 4172708.70, 807.96);
insert into STATION values (2944, '.', 1297, 270692.31, 4172711.51, 808.05);
insert into STATION values (2945, '.', 1297, 270687.27, 4172709.62, 809.30);
insert into STATION values (2946, '.', 1297, 270684.91, 4172708.40, 808.44);
insert into STATION values (2947, '.', 1297, 270676.72, 4172711.28, 809.04);
insert into STATION values (2948, '.', 1297, 270689.09, 4172704.82, 811.38);
insert into STATION values (2949, '.', 1297, 270689.61, 4172703.55, 814.04);
insert into STATION values (2950, '.', 1297, 270685.39, 4172697.06, 808.69);
insert into STATION values (2951, '.', 1297, 270687.62, 4172701.98, 809.77);
insert into STATION values (2952, '.', 1297, 270681.51, 4172702.94, 811.13);
insert into STATION values (2953, '.', 1297, 270679.19, 4172705.79, 815.20);
insert into STATION values (2954, '.', 1297, 270682.72, 4172707.60, 811.55);
insert into STATION values (2955, '.', 1297, 270682.50, 4172703.22, 807.57);
insert into STATION values (2956, '.', 1297, 270683.54, 4172707.13, 807.72);
insert into STATION values (2957, '.', 1297, 270676.35, 4172711.49, 808.99);
insert into STATION values (2958, '.', 1297, 270677.74, 4172713.35, 809.15);
insert into STATION values (2959, '.', 1297, 270666.38, 4172700.09, 808.97);
insert into STATION values (2960, '.', 1297, 270666.67, 4172694.56, 809.78);
insert into STATION values (2961, '.', 1297, 270658.27, 4172706.46, 807.65);
insert into STATION values (2962, '22', 1297, 270676.00, 4172695.20, 810.07);
insert into STATION values (2963, '.', 1297, 270676.37, 4172694.77, 808.44);
insert into STATION values (2964, '.', 1297, 270680.17, 4172696.37, 809.41);
insert into STATION values (2965, '.', 1297, 270668.75, 4172695.65, 808.57);
insert into STATION values (2966, 'B55', 1297, 270696.85, 4172687.79, 809.52);
insert into STATION values (2967, '25', 1297, 270712.39, 4172680.71, 810.84);
insert into STATION values (2968, '26', 1297, 270721.22, 4172694.22, 811.17);
insert into STATION values (2969, '.', 1297, 270721.58, 4172692.51, 814.36);
insert into STATION values (2970, '.', 1297, 270728.80, 4172698.64, 812.74);
insert into STATION values (2971, '.', 1297, 270717.41, 4172689.12, 811.07);
insert into STATION values (2972, '.', 1297, 270723.55, 4172683.84, 815.12);
insert into STATION values (2973, '.', 1297, 270730.84, 4172685.14, 813.10);
insert into STATION values (2974, '.', 1297, 270724.50, 4172704.21, 811.06);
insert into STATION values (2975, '.', 1297, 270721.38, 4172695.67, 810.65);
insert into STATION values (2976, '.', 1297, 270714.52, 4172692.14, 810.13);
insert into STATION values (2977, 'B54', 1297, 270730.75, 4172689.62, 812.81);
insert into STATION values (2978, 'PTR_FR24_B59_00', 1438, 270624.08, 4172629.85, 819.47);
insert into STATION values (2979, '.', 1438, 270633.97, 4172628.70, 821.48);
insert into STATION values (2980, '.', 1438, 270636.69, 4172637.44, 822.28);
insert into STATION values (2981, '.', 1438, 270619.98, 4172621.04, 820.74);
insert into STATION values (2982, '.', 1438, 270609.26, 4172622.89, 820.48);
insert into STATION values (2983, '.', 1438, 270619.05, 4172632.93, 819.92);
insert into STATION values (2984, '.', 1438, 270624.06, 4172629.75, 818.82);
insert into STATION values (2985, '.', 1438, 270623.76, 4172629.58, 824.95);
insert into STATION values (2986, '12', 1438, 270626.32, 4172604.60, 821.45);
insert into STATION values (2987, '.', 1438, 270623.91, 4172601.69, 821.89);
insert into STATION values (2988, '.', 1438, 270633.73, 4172594.01, 823.56);
insert into STATION values (2989, '.', 1438, 270640.65, 4172624.07, 824.63);
insert into STATION values (2990, '.', 1438, 270638.12, 4172620.16, 823.53);
insert into STATION values (2991, '.', 1438, 270641.47, 4172617.19, 824.00);
insert into STATION values (2992, '.', 1438, 270629.57, 4172606.78, 819.66);
insert into STATION values (2993, '.', 1438, 270627.20, 4172604.66, 825.22);
insert into STATION values (2994, '13', 1438, 270644.59, 4172598.21, 819.86);
insert into STATION values (2995, '.', 1438, 270644.55, 4172598.79, 820.04);
insert into STATION values (2996, '.', 1438, 270654.48, 4172607.81, 822.44);
insert into STATION values (2997, '.', 1438, 270648.06, 4172589.06, 820.89);
insert into STATION values (2998, '.', 1438, 270642.44, 4172595.74, 823.16);
insert into STATION values (2999, '.', 1438, 270636.82, 4172596.00, 822.36);
insert into STATION values (3000, '.', 1438, 270646.14, 4172598.17, 817.49);
insert into STATION values (3001, '.', 1438, 270644.62, 4172597.76, 824.30);
insert into STATION values (3002, '14', 1438, 270669.43, 4172597.88, 820.97);
insert into STATION values (3003, '.', 1438, 270669.82, 4172599.78, 821.30);
insert into STATION values (3004, '.', 1438, 270669.84, 4172585.10, 823.20);
insert into STATION values (3005, '.', 1438, 270675.72, 4172582.82, 822.71);
insert into STATION values (3006, '.', 1438, 270657.63, 4172581.62, 822.62);
insert into STATION values (3007, '.', 1438, 270652.31, 4172588.10, 821.38);
insert into STATION values (3008, '.', 1438, 270665.62, 4172600.04, 820.85);
insert into STATION values (3009, '.', 1438, 270670.18, 4172593.12, 819.68);
insert into STATION values (3010, '.', 1438, 270669.53, 4172597.68, 823.23);
insert into STATION values (3011, '15', 1438, 270677.55, 4172583.84, 821.27);
insert into STATION values (3012, '.', 1438, 270687.31, 4172585.62, 822.70);
insert into STATION values (3013, '.', 1438, 270677.90, 4172584.24, 821.34);
insert into STATION values (3014, '.', 1438, 270676.12, 4172581.58, 821.75);
insert into STATION values (3015, '.', 1438, 270671.93, 4172584.68, 822.58);
insert into STATION values (3016, '.', 1438, 270681.35, 4172584.54, 820.01);
insert into STATION values (3017, '.', 1438, 270680.06, 4172583.74, 825.21);
insert into STATION values (3018, '16', 1438, 270683.58, 4172554.88, 821.99);
insert into STATION values (3019, '.', 1438, 270691.65, 4172561.69, 822.02);
insert into STATION values (3020, '.', 1438, 270696.90, 4172556.98, 821.70);
insert into STATION values (3021, '.', 1438, 270692.04, 4172559.45, 821.63);
insert into STATION values (3022, '.', 1438, 270676.64, 4172559.93, 822.26);
insert into STATION values (3023, '.', 1438, 270675.32, 4172564.78, 821.94);
insert into STATION values (3024, '.', 1438, 270691.47, 4172554.89, 819.66);
insert into STATION values (3025, '.', 1438, 270683.23, 4172554.34, 825.53);
insert into STATION values (3026, '17', 1438, 270676.05, 4172550.25, 824.12);
insert into STATION values (3027, '.', 1438, 270674.04, 4172557.71, 822.98);
insert into STATION values (3028, '.', 1438, 270667.47, 4172556.57, 823.06);
insert into STATION values (3029, '.', 1438, 270684.34, 4172534.30, 824.34);
insert into STATION values (3030, '.', 1438, 270671.94, 4172540.36, 823.97);
insert into STATION values (3031, '.', 1438, 270678.51, 4172552.66, 821.35);
insert into STATION values (3032, '.', 1438, 270676.12, 4172550.26, 825.00);
insert into STATION values (3033, '18', 1438, 270666.84, 4172550.06, 822.39);
insert into STATION values (3034, '.', 1438, 270668.10, 4172558.71, 821.59);
insert into STATION values (3035, '.', 1438, 270660.59, 4172559.03, 818.45);
insert into STATION values (3036, '.', 1438, 270665.92, 4172548.76, 820.24);
insert into STATION values (3037, '.', 1438, 270666.86, 4172550.09, 823.04);
insert into STATION values (3038, 'PTR_FR24_A19_19', 1438, 270655.27, 4172553.65, 818.51);
insert into STATION values (3039, '.', 1438, 270655.60, 4172558.51, 818.97);
insert into STATION values (3040, '.', 1438, 270644.41, 4172540.68, 816.67);
insert into STATION values (3041, '.', 1438, 270665.06, 4172539.64, 821.96);
insert into STATION values (3042, '.', 1438, 270651.75, 4172552.73, 815.38);
insert into STATION values (3043, '.', 1438, 270654.72, 4172553.91, 822.40);
insert into STATION values (3044, '20', 1438, 270640.59, 4172564.06, 812.70);
insert into STATION values (3045, '21', 1438, 270640.63, 4172576.56, 809.33);
insert into STATION values (3046, '.', 1438, 270653.80, 4172565.04, 813.39);
insert into STATION values (3047, '.', 1438, 270648.29, 4172569.12, 810.09);
insert into STATION values (3048, '.', 1438, 270643.85, 4172571.68, 809.58);
insert into STATION values (3049, '.', 1438, 270638.09, 4172574.07, 809.84);
insert into STATION values (3050, '.', 1438, 270639.68, 4172564.35, 812.75);
insert into STATION values (3051, '.', 1438, 270640.48, 4172564.77, 809.75);
insert into STATION values (3052, '.', 1438, 270640.63, 4172564.01, 814.26);
insert into STATION values (3053, '22', 1438, 270635.67, 4172554.35, 814.98);
insert into STATION values (3054, '.', 1438, 270629.59, 4172550.16, 813.93);
insert into STATION values (3055, '.', 1438, 270622.98, 4172555.27, 809.89);
insert into STATION values (3056, '.', 1438, 270626.63, 4172560.25, 810.22);
insert into STATION values (3057, '.', 1438, 270635.14, 4172561.26, 813.68);
insert into STATION values (3058, '.', 1438, 270645.07, 4172569.42, 812.07);
insert into STATION values (3059, '.', 1438, 270634.41, 4172556.66, 811.73);
insert into STATION values (3060, '.', 1438, 270635.53, 4172554.51, 816.40);
insert into STATION values (3061, '23', 1438, 270622.94, 4172556.24, 808.95);
insert into STATION values (3062, '24', 1438, 270631.17, 4172560.53, 812.15);
insert into STATION values (3063, '.', 1438, 270626.67, 4172559.84, 811.09);
insert into STATION values (3064, '.', 1438, 270622.75, 4172555.22, 809.15);
insert into STATION values (3065, '.', 1438, 270631.60, 4172568.36, 815.13);
insert into STATION values (3066, '.', 1438, 270636.37, 4172564.76, 816.76);
insert into STATION values (3067, '.', 1438, 270629.53, 4172558.22, 810.14);
insert into STATION values (3068, '.', 1438, 270631.18, 4172560.64, 813.39);
insert into STATION values (3069, '25', 1438, 270629.51, 4172565.35, 812.46);
insert into STATION values (3070, '.', 1438, 270626.41, 4172563.30, 811.45);
insert into STATION values (3071, '.', 1438, 270625.96, 4172566.40, 811.20);
insert into STATION values (3072, '.', 1438, 270629.85, 4172567.77, 813.10);
insert into STATION values (3073, '.', 1438, 270633.29, 4172568.50, 815.94);
insert into STATION values (3074, '.', 1438, 270629.44, 4172565.81, 811.52);
insert into STATION values (3075, '.', 1438, 270629.43, 4172565.63, 814.16);
insert into STATION values (3076, '26', 1438, 270626.08, 4172575.49, 809.37);
insert into STATION values (3077, '.', 1438, 270623.43, 4172571.60, 811.37);
insert into STATION values (3078, '.', 1438, 270626.26, 4172575.78, 809.33);
insert into STATION values (3079, '.', 1438, 270626.18, 4172575.72, 806.71);
insert into STATION values (3080, '.', 1438, 270626.12, 4172575.50, 811.72);
insert into STATION values (3081, '27', 1438, 270621.86, 4172576.30, 807.03);
insert into STATION values (3082, '.', 1438, 270615.42, 4172574.39, 806.80);
insert into STATION values (3083, '.', 1438, 270614.39, 4172578.91, 806.47);
insert into STATION values (3084, '.', 1438, 270625.40, 4172576.73, 807.28);
insert into STATION values (3085, '.', 1438, 270624.10, 4172580.97, 806.92);
insert into STATION values (3086, '.', 1438, 270622.11, 4172576.46, 805.28);
insert into STATION values (3087, '.', 1438, 270622.47, 4172575.78, 810.87);
insert into STATION values (3088, '28', 1438, 270619.30, 4172584.91, 804.63);
insert into STATION values (3089, '.', 1438, 270620.11, 4172585.44, 804.65);
insert into STATION values (3090, '.', 1438, 270613.97, 4172581.23, 804.54);
insert into STATION values (3091, '.', 1438, 270615.67, 4172576.96, 807.79);
insert into STATION values (3092, '.', 1438, 270619.08, 4172585.14, 803.04);
insert into STATION values (3093, '.', 1438, 270619.00, 4172584.47, 808.23);
insert into STATION values (3094, 'PTR_FR24_A11_29', 1438, 270611.57, 4172590.67, 800.93);
insert into STATION values (3095, '.', 1438, 270610.12, 4172589.24, 801.00);
insert into STATION values (3096, '.', 1438, 270612.45, 4172591.38, 800.91);
insert into STATION values (3097, '.', 1438, 270610.28, 4172592.44, 801.02);
insert into STATION values (3098, '.', 1438, 270612.36, 4172591.16, 800.31);
insert into STATION values (3099, '.', 1438, 270611.65, 4172591.08, 802.86);
insert into STATION values (3100, '30', 1438, 270659.77, 4172546.00, 819.87);
insert into STATION values (3101, '.', 1438, 270641.91, 4172528.36, 815.89);
insert into STATION values (3102, '.', 1438, 270637.55, 4172546.56, 815.18);
insert into STATION values (3103, '.', 1438, 270651.84, 4172559.27, 818.02);
insert into STATION values (3104, '.', 1438, 270659.04, 4172546.78, 818.03);
insert into STATION values (3105, '.', 1438, 270659.49, 4172545.47, 822.32);
insert into STATION values (3106, '31', 1438, 270652.54, 4172534.61, 817.10);
insert into STATION values (3107, '.', 1438, 270642.16, 4172527.80, 815.34);
insert into STATION values (3108, '.', 1438, 270650.64, 4172526.47, 816.41);
insert into STATION values (3109, '.', 1438, 270667.00, 4172533.36, 821.40);
insert into STATION values (3110, '.', 1438, 270665.03, 4172539.27, 821.38);
insert into STATION values (3111, '.', 1438, 270652.14, 4172533.14, 814.67);
insert into STATION values (3112, '.', 1438, 270652.62, 4172534.40, 818.78);
insert into STATION values (3113, '32', 1438, 270660.20, 4172520.62, 819.24);
insert into STATION values (3114, '.', 1438, 270666.93, 4172523.29, 821.04);
insert into STATION values (3115, '.', 1438, 270654.13, 4172517.62, 817.66);
insert into STATION values (3116, '.', 1438, 270650.85, 4172521.44, 816.67);
insert into STATION values (3117, '.', 1438, 270658.33, 4172519.57, 817.61);
insert into STATION values (3118, '.', 1438, 270660.13, 4172520.41, 820.59);
insert into STATION values (3119, '33', 1438, 270664.93, 4172516.29, 821.51);
insert into STATION values (3120, '.', 1438, 270666.99, 4172517.47, 821.83);
insert into STATION values (3121, '.', 1438, 270662.29, 4172511.46, 821.12);
insert into STATION values (3122, '.', 1438, 270665.04, 4172516.05, 820.49);
insert into STATION values (3123, '.', 1438, 270664.92, 4172516.24, 822.09);
insert into STATION values (3124, '34', 1438, 270669.56, 4172515.37, 823.36);
insert into STATION values (3125, '.', 1438, 270668.01, 4172516.88, 823.43);
insert into STATION values (3126, '.', 1438, 270671.98, 4172512.69, 823.96);
insert into STATION values (3127, '.', 1438, 270669.54, 4172514.55, 822.79);
insert into STATION values (3128, '.', 1438, 270669.61, 4172515.32, 824.00);
insert into STATION values (3129, '35', 1438, 270682.48, 4172517.70, 826.71);
insert into STATION values (3130, '.', 1438, 270687.19, 4172528.83, 827.11);
insert into STATION values (3131, '.', 1438, 270678.68, 4172509.61, 827.19);
insert into STATION values (3132, '.', 1438, 270683.22, 4172516.45, 825.29);
insert into STATION values (3133, '.', 1438, 270682.39, 4172517.59, 827.73);
insert into STATION values (3134, 'PTR_FR24_A12_36', 1438, 270691.23, 4172511.80, 827.81);
insert into STATION values (3135, '.', 1438, 270686.32, 4172523.34, 826.60);
insert into STATION values (3136, '.', 1438, 270696.86, 4172491.83, 830.10);
insert into STATION values (3137, '.', 1438, 270689.44, 4172491.10, 827.99);
insert into STATION values (3138, '.', 1438, 270679.74, 4172525.13, 825.92);
insert into STATION values (3139, '.', 1438, 270691.74, 4172512.56, 826.62);
insert into STATION values (3140, '.', 1438, 270691.33, 4172511.80, 829.64);
insert into STATION values (3141, '37', 1438, 270695.53, 4172527.77, 826.23);
insert into STATION values (3142, '.', 1438, 270678.00, 4172523.94, 827.30);
insert into STATION values (3143, '.', 1438, 270707.32, 4172546.04, 821.88);
insert into STATION values (3144, '.', 1438, 270723.86, 4172538.12, 817.41);
insert into STATION values (3145, '.', 1438, 270696.72, 4172533.13, 821.41);
insert into STATION values (3146, '.', 1438, 270695.29, 4172527.75, 828.13);
insert into STATION values (3147, '38', 1438, 270695.13, 4172539.60, 822.11);
insert into STATION values (3148, '.', 1438, 270690.44, 4172527.55, 826.61);
insert into STATION values (3149, '.', 1438, 270675.44, 4172534.26, 824.83);
insert into STATION values (3150, '.', 1438, 270691.42, 4172560.09, 821.53);
insert into STATION values (3151, '.', 1438, 270700.54, 4172552.81, 821.93);
insert into STATION values (3152, '.', 1438, 270709.60, 4172544.14, 821.29);
insert into STATION values (3153, '.', 1438, 270694.36, 4172539.94, 820.34);
insert into STATION values (3154, '.', 1438, 270695.11, 4172540.33, 827.17);
insert into STATION values (3155, '39', 1438, 270709.03, 4172526.04, 823.31);
insert into STATION values (3156, '.', 1438, 270704.12, 4172544.16, 819.36);
insert into STATION values (3157, '.', 1438, 270712.58, 4172543.10, 818.65);
insert into STATION values (3158, '.', 1438, 270718.95, 4172546.16, 818.26);
insert into STATION values (3159, '.', 1438, 270719.76, 4172529.93, 820.47);
insert into STATION values (3160, '.', 1438, 270724.29, 4172523.99, 820.77);
insert into STATION values (3161, '.', 1438, 270726.15, 4172509.18, 822.18);
insert into STATION values (3162, '.', 1438, 270729.19, 4172498.23, 823.97);
insert into STATION values (3163, '.', 1438, 270710.93, 4172525.78, 821.05);
insert into STATION values (3164, '.', 1438, 270709.65, 4172526.52, 828.07);
insert into STATION values (3165, '40', 1438, 270719.59, 4172539.33, 817.31);
insert into STATION values (3166, '.', 1438, 270717.79, 4172545.37, 818.49);
insert into STATION values (3167, '.', 1438, 270709.54, 4172545.17, 820.27);
insert into STATION values (3168, '.', 1438, 270725.88, 4172558.53, 816.22);
insert into STATION values (3169, '.', 1438, 270732.88, 4172540.37, 817.22);
insert into STATION values (3170, '.', 1438, 270726.10, 4172536.12, 818.04);
insert into STATION values (3171, '.', 1438, 270720.91, 4172531.19, 819.73);
insert into STATION values (3172, '.', 1438, 270719.62, 4172539.30, 816.85);
insert into STATION values (3173, '.', 1438, 270719.88, 4172540.15, 821.97);
insert into STATION values (3174, '41', 1438, 270731.73, 4172546.12, 816.82);
insert into STATION values (3175, '.', 1438, 270729.30, 4172556.11, 816.03);
insert into STATION values (3176, '.', 1438, 270722.84, 4172553.81, 816.39);
insert into STATION values (3177, '.', 1438, 270736.69, 4172556.51, 816.06);
insert into STATION values (3178, '.', 1438, 270743.02, 4172547.30, 815.77);
insert into STATION values (3179, '.', 1438, 270733.17, 4172543.64, 816.73);
insert into STATION values (3180, '.', 1438, 270729.26, 4172538.94, 817.41);
insert into STATION values (3181, '.', 1438, 270731.80, 4172546.13, 816.54);
insert into STATION values (3182, '.', 1438, 270732.13, 4172546.14, 819.34);
insert into STATION values (3183, '42', 1438, 270757.27, 4172542.55, 815.08);
insert into STATION values (3184, '.', 1438, 270751.39, 4172548.86, 815.73);
insert into STATION values (3185, '.', 1438, 270753.72, 4172552.93, 815.92);
insert into STATION values (3186, '.', 1438, 270760.04, 4172550.58, 816.18);
insert into STATION values (3187, '.', 1438, 270761.87, 4172535.85, 815.32);
insert into STATION values (3188, '.', 1438, 270754.54, 4172533.84, 815.40);
insert into STATION values (3189, '.', 1438, 270757.32, 4172542.41, 814.67);
insert into STATION values (3190, '.', 1438, 270757.41, 4172542.41, 818.16);
insert into STATION values (3191, 'PTR_FR24_B50_43', 1438, 270768.89, 4172538.48, 815.86);
insert into STATION values (3192, '.', 1438, 270775.47, 4172547.91, 816.48);
insert into STATION values (3193, '.', 1438, 270773.93, 4172527.06, 816.23);
insert into STATION values (3194, '.', 1438, 270763.41, 4172529.24, 815.50);
insert into STATION values (3195, '.', 1438, 270761.01, 4172551.06, 816.01);
insert into STATION values (3196, '.', 1438, 270768.89, 4172538.56, 815.42);
insert into STATION values (3197, '.', 1438, 270769.12, 4172538.99, 818.85);
insert into STATION values (3198, '44', 1438, 270787.22, 4172526.23, 818.41);
insert into STATION values (3199, '.', 1438, 270788.13, 4172529.82, 818.48);
insert into STATION values (3200, '.', 1438, 270791.93, 4172546.38, 819.10);
insert into STATION values (3201, '.', 1438, 270782.06, 4172518.79, 817.82);
insert into STATION values (3202, '.', 1438, 270784.70, 4172515.34, 817.88);
insert into STATION values (3203, '.', 1438, 270775.83, 4172526.46, 818.27);
insert into STATION values (3204, '.', 1438, 270787.33, 4172525.99, 817.72);
insert into STATION values (3205, '.', 1438, 270786.56, 4172526.52, 821.87);
insert into STATION values (3206, '45', 1438, 270796.99, 4172517.76, 818.41);
insert into STATION values (3207, '.', 1438, 270812.22, 4172536.67, 819.09);
insert into STATION values (3208, '.', 1438, 270802.41, 4172508.71, 818.13);
insert into STATION values (3209, '.', 1438, 270791.67, 4172505.44, 817.75);
insert into STATION values (3210, '.', 1438, 270797.05, 4172517.66, 818.04);
insert into STATION values (3211, '.', 1438, 270797.35, 4172517.43, 820.46);
insert into STATION values (3212, 'PTR_FR24_A13_46', 1438, 270817.58, 4172512.60, 819.56);
insert into STATION values (3213, '.', 1438, 270815.24, 4172532.67, 819.73);
insert into STATION values (3214, '.', 1438, 270814.11, 4172504.41, 820.12);
insert into STATION values (3215, '.', 1438, 270803.07, 4172508.70, 819.35);
insert into STATION values (3216, '.', 1438, 270817.59, 4172512.79, 818.77);
insert into STATION values (3217, '.', 1438, 270817.84, 4172512.44, 821.74);
insert into STATION values (3218, 'PTR_FR24_A10_00', 1560, 270496.82, 4172775.98, 803.23);
insert into STATION values (3219, '.', 1560, 270499.65, 4172778.55, 802.40);
insert into STATION values (3220, '.', 1560, 270494.64, 4172773.83, 802.67);
insert into STATION values (3221, '.', 1560, 270496.74, 4172776.17, 802.12);
insert into STATION values (3222, '.', 1560, 270493.61, 4172776.62, 802.79);
insert into STATION values (3223, '.', 1560, 270497.02, 4172779.85, 802.60);
insert into STATION values (3224, '.', 1560, 270505.58, 4172774.59, 802.95);
insert into STATION values (3225, '.', 1560, 270507.29, 4172769.68, 803.04);
insert into STATION values (3226, '.', 1560, 270501.22, 4172765.90, 802.81);
insert into STATION values (3227, '1', 1560, 270494.11, 4172780.73, 801.88);
insert into STATION values (3228, '2', 1560, 270507.11, 4172769.94, 802.21);
insert into STATION values (3229, '.', 1560, 270507.94, 4172770.65, 802.46);
insert into STATION values (3230, '.', 1560, 270501.64, 4172766.35, 802.21);
insert into STATION values (3231, '.', 1560, 270503.56, 4172760.81, 802.07);
insert into STATION values (3232, '.', 1560, 270508.72, 4172768.72, 802.41);
insert into STATION values (3233, '.', 1560, 270507.16, 4172769.96, 801.89);
insert into STATION values (3234, '.', 1560, 270506.98, 4172769.78, 803.44);
insert into STATION values (3235, '.', 1560, 270507.32, 4172759.44, 802.52);
insert into STATION values (3236, '3', 1560, 270508.00, 4172754.19, 801.82);
insert into STATION values (3237, '.', 1560, 270514.70, 4172757.19, 802.76);
insert into STATION values (3238, '.', 1560, 270505.15, 4172754.65, 802.79);
insert into STATION values (3239, '.', 1560, 270502.82, 4172745.01, 807.03);
insert into STATION values (3240, '.', 1560, 270499.01, 4172751.10, 807.90);
insert into STATION values (3241, '.', 1560, 270518.88, 4172751.54, 805.79);
insert into STATION values (3242, '.', 1560, 270508.00, 4172754.20, 801.58);
insert into STATION values (3243, '.', 1560, 270508.12, 4172753.86, 806.22);
insert into STATION values (3244, '4', 1560, 270518.91, 4172744.48, 805.41);
insert into STATION values (3245, '.', 1560, 270494.63, 4172749.93, 807.76);
insert into STATION values (3246, '.', 1560, 270511.65, 4172738.44, 806.40);
insert into STATION values (3247, '.', 1560, 270525.64, 4172748.69, 805.87);
insert into STATION values (3248, '.', 1560, 270520.94, 4172750.35, 806.35);
insert into STATION values (3249, '.', 1560, 270507.70, 4172741.13, 805.61);
insert into STATION values (3250, '.', 1560, 270501.72, 4172754.75, 805.86);
insert into STATION values (3251, '.', 1560, 270515.87, 4172740.91, 801.85);
insert into STATION values (3252, '.', 1560, 270518.16, 4172744.69, 811.11);
insert into STATION values (3253, '5', 1560, 270497.77, 4172747.73, 806.31);
insert into STATION values (3254, '6', 1560, 270529.83, 4172728.92, 806.84);
insert into STATION values (3255, '.', 1560, 270534.68, 4172735.32, 808.28);
insert into STATION values (3256, '.', 1560, 270531.30, 4172736.97, 807.83);
insert into STATION values (3257, '.', 1560, 270527.84, 4172727.51, 807.32);
insert into STATION values (3258, '.', 1560, 270523.30, 4172730.11, 807.02);
insert into STATION values (3259, '.', 1560, 270518.49, 4172735.12, 806.82);
insert into STATION values (3260, '.', 1560, 270529.34, 4172740.27, 807.93);
insert into STATION values (3261, '.', 1560, 270529.80, 4172728.86, 806.24);
insert into STATION values (3262, '.', 1560, 270530.00, 4172729.29, 809.25);
insert into STATION values (3263, '7', 1560, 270540.35, 4172719.24, 809.49);
insert into STATION values (3264, '.', 1560, 270541.63, 4172725.49, 808.95);
insert into STATION values (3265, '.', 1560, 270540.04, 4172716.32, 808.91);
insert into STATION values (3266, '.', 1560, 270537.12, 4172728.13, 808.48);
insert into STATION values (3267, '.', 1560, 270534.88, 4172720.86, 809.08);
insert into STATION values (3268, '.', 1560, 270540.40, 4172720.11, 807.03);
insert into STATION values (3269, '.', 1560, 270540.38, 4172719.58, 810.98);
insert into STATION values (3270, '8', 1560, 270556.17, 4172720.22, 808.96);
insert into STATION values (3271, '.', 1560, 270556.97, 4172723.00, 808.54);
insert into STATION values (3272, '.', 1560, 270555.49, 4172714.87, 808.56);
insert into STATION values (3273, '.', 1560, 270547.96, 4172715.57, 808.22);
insert into STATION values (3274, '.', 1560, 270551.62, 4172724.33, 808.49);
insert into STATION values (3275, '.', 1560, 270546.87, 4172725.05, 808.38);
insert into STATION values (3276, '.', 1560, 270551.54, 4172728.75, 808.83);
insert into STATION values (3277, '.', 1560, 270563.13, 4172719.06, 809.04);
insert into STATION values (3278, '.', 1560, 270557.69, 4172713.88, 808.44);
insert into STATION values (3279, '.', 1560, 270556.13, 4172720.03, 807.29);
insert into STATION values (3280, '.', 1560, 270556.44, 4172719.99, 810.97);
insert into STATION values (3281, '9', 1560, 270568.90, 4172709.55, 809.60);
insert into STATION values (3282, '.', 1560, 270571.59, 4172709.77, 809.16);
insert into STATION values (3283, '.', 1560, 270560.76, 4172709.89, 809.53);
insert into STATION values (3284, '.', 1560, 270558.49, 4172714.96, 809.38);
insert into STATION values (3285, '.', 1560, 270571.32, 4172717.66, 806.88);
insert into STATION values (3286, '.', 1560, 270569.34, 4172703.69, 809.14);
insert into STATION values (3287, '.', 1560, 270559.74, 4172707.26, 809.09);
insert into STATION values (3288, '.', 1560, 270568.90, 4172709.29, 807.66);
insert into STATION values (3289, '.', 1560, 270568.79, 4172709.53, 810.97);
insert into STATION values (3290, '10', 1560, 270557.65, 4172703.96, 808.72);
insert into STATION values (3291, '.', 1560, 270559.42, 4172706.94, 808.72);
insert into STATION values (3292, '.', 1560, 270554.11, 4172707.35, 808.34);
insert into STATION values (3293, '.', 1560, 270547.15, 4172709.53, 809.64);
insert into STATION values (3294, '.', 1560, 270567.62, 4172700.87, 810.23);
insert into STATION values (3295, '.', 1560, 270569.78, 4172706.70, 809.61);
insert into STATION values (3296, '.', 1560, 270575.32, 4172695.51, 813.68);
insert into STATION values (3297, '.', 1560, 270557.64, 4172704.00, 808.25);
insert into STATION values (3298, '.', 1560, 270557.88, 4172703.76, 816.65);
insert into STATION values (3299, 'PTR_FR24_B58_11', 1560, 270561.91, 4172691.98, 811.12);
insert into STATION values (3300, '.', 1560, 270567.65, 4172701.08, 811.12);
insert into STATION values (3301, '.', 1560, 270571.66, 4172697.80, 811.42);
insert into STATION values (3302, '.', 1560, 270567.54, 4172701.16, 811.11);
insert into STATION values (3303, '.', 1560, 270561.85, 4172686.10, 814.52);
insert into STATION values (3304, '.', 1560, 270567.63, 4172682.25, 814.79);
insert into STATION values (3305, '.', 1560, 270554.79, 4172687.02, 814.33);
insert into STATION values (3306, '.', 1560, 270549.29, 4172695.49, 813.13);
insert into STATION values (3307, '.', 1560, 270563.93, 4172694.94, 809.77);
insert into STATION values (3308, '.', 1560, 270563.44, 4172692.35, 817.29);
insert into STATION values (3309, '.', 1560, 270563.06, 4172688.29, 824.43);
insert into STATION values (3310, 'PTR_FR24_A13_46', 1599, 270817.58, 4172512.60, 819.56);
insert into STATION values (3311, '1', 1599, 270842.63, 4172519.67, 819.79);
insert into STATION values (3312, '.', 1599, 270843.28, 4172524.57, 820.30);
insert into STATION values (3313, '.', 1599, 270846.74, 4172517.86, 820.57);
insert into STATION values (3314, '.', 1599, 270842.80, 4172515.70, 820.03);
insert into STATION values (3315, '.', 1599, 270837.19, 4172511.75, 820.39);
insert into STATION values (3316, '.', 1599, 270838.70, 4172526.12, 820.40);
insert into STATION values (3317, '.', 1599, 270842.45, 4172519.71, 821.06);
insert into STATION values (3318, '.', 1599, 270842.68, 4172519.54, 818.93);
insert into STATION values (3319, '2', 1599, 270855.00, 4172520.44, 821.16);
insert into STATION values (3320, '.', 1599, 270854.93, 4172521.02, 821.18);
insert into STATION values (3321, '.', 1599, 270854.95, 4172514.29, 825.46);
insert into STATION values (3322, '.', 1599, 270860.28, 4172516.79, 822.79);
insert into STATION values (3323, '.', 1599, 270860.23, 4172520.21, 821.64);
insert into STATION values (3324, '.', 1599, 270850.43, 4172517.61, 823.27);
insert into STATION values (3325, '.', 1599, 270852.27, 4172520.52, 821.64);
insert into STATION values (3326, '.', 1599, 270855.01, 4172520.43, 819.98);
insert into STATION values (3327, '.', 1599, 270854.90, 4172519.51, 823.47);
insert into STATION values (3328, '3', 1599, 270860.35, 4172519.40, 822.76);
insert into STATION values (3329, '.', 1599, 270860.34, 4172519.85, 822.78);
insert into STATION values (3330, '.', 1599, 270861.56, 4172516.42, 822.74);
insert into STATION values (3331, '.', 1599, 270862.31, 4172519.91, 822.60);
insert into STATION values (3332, '.', 1599, 270862.69, 4172517.62, 822.56);
insert into STATION values (3333, '.', 1599, 270864.42, 4172517.45, 822.87);
insert into STATION values (3334, '.', 1599, 270860.00, 4172519.01, 822.89);
insert into STATION values (3335, '.', 1599, 270860.53, 4172518.93, 823.72);
insert into STATION values (3336, '.', 1599, 270860.79, 4172519.20, 820.99);
insert into STATION values (3337, '4', 1599, 270867.62, 4172518.68, 821.76);
insert into STATION values (3338, '.', 1599, 270869.25, 4172517.21, 821.90);
insert into STATION values (3339, '.', 1599, 270866.54, 4172517.18, 821.95);
insert into STATION values (3340, '.', 1599, 270867.29, 4172519.06, 821.83);
insert into STATION values (3341, '.', 1599, 270867.42, 4172520.64, 821.87);
insert into STATION values (3342, '.', 1599, 270870.92, 4172522.41, 821.87);
insert into STATION values (3343, '.', 1599, 270873.04, 4172520.98, 821.82);
insert into STATION values (3344, '.', 1599, 270868.74, 4172515.27, 821.72);
insert into STATION values (3345, '.', 1599, 270867.58, 4172518.59, 823.28);
insert into STATION values (3346, '.', 1599, 270867.69, 4172518.67, 821.11);
insert into STATION values (3347, '5', 1599, 270865.20, 4172507.72, 820.04);
insert into STATION values (3348, '.', 1599, 270867.83, 4172508.03, 820.48);
insert into STATION values (3349, '.', 1599, 270867.67, 4172503.39, 820.46);
insert into STATION values (3350, '.', 1599, 270863.87, 4172495.75, 820.49);
insert into STATION values (3351, '.', 1599, 270861.95, 4172506.65, 820.82);
insert into STATION values (3352, '.', 1599, 270863.93, 4172509.59, 820.40);
insert into STATION values (3353, '.', 1599, 270865.30, 4172507.60, 821.11);
insert into STATION values (3354, '.', 1599, 270865.22, 4172507.70, 819.55);
insert into STATION values (3355, '6', 1599, 270861.06, 4172488.15, 820.51);
insert into STATION values (3356, '.', 1599, 270864.91, 4172492.02, 820.30);
insert into STATION values (3357, '.', 1599, 270863.27, 4172494.60, 820.32);
insert into STATION values (3358, '.', 1599, 270868.65, 4172486.21, 820.36);
insert into STATION values (3359, '.', 1599, 270873.40, 4172476.86, 820.40);
insert into STATION values (3360, '.', 1599, 270856.16, 4172457.38, 819.81);
insert into STATION values (3361, '.', 1599, 270848.40, 4172472.38, 820.87);
insert into STATION values (3362, '.', 1599, 270849.97, 4172482.47, 821.84);
insert into STATION values (3363, '.', 1599, 270848.64, 4172486.60, 822.61);
insert into STATION values (3364, '.', 1599, 270830.29, 4172493.39, 824.79);
insert into STATION values (3365, '.', 1599, 270831.84, 4172502.31, 826.59);
insert into STATION values (3366, '.', 1599, 270846.23, 4172504.19, 824.72);
insert into STATION values (3367, '.', 1599, 270854.76, 4172499.88, 822.57);
insert into STATION values (3368, '.', 1599, 270861.01, 4172488.06, 822.18);
insert into STATION values (3369, '.', 1599, 270861.07, 4172488.04, 819.36);
insert into STATION values (3370, 'PTR_FR24_A14_7', 1599, 270865.45, 4172460.92, 819.19);
insert into STATION values (3371, '.', 1599, 270858.43, 4172453.45, 820.03);
insert into STATION values (3372, '.', 1599, 270879.94, 4172463.15, 821.59);
insert into STATION values (3373, '.', 1599, 270882.98, 4172440.93, 822.36);
insert into STATION values (3374, '.', 1599, 270869.72, 4172426.39, 821.81);
insert into STATION values (3375, '.', 1599, 270851.18, 4172467.77, 820.83);
insert into STATION values (3376, '.', 1599, 270865.80, 4172487.53, 820.91);
insert into STATION values (3377, '.', 1599, 270865.12, 4172460.58, 822.83);
insert into STATION values (3378, '.', 1599, 270865.47, 4172460.95, 818.76);
insert into STATION values (3379, '8', 1599, 270878.25, 4172429.78, 819.89);
insert into STATION values (3380, '.', 1599, 270868.92, 4172428.25, 821.24);
insert into STATION values (3381, '.', 1599, 270875.92, 4172420.11, 823.26);
insert into STATION values (3382, '.', 1599, 270885.06, 4172428.70, 822.42);
insert into STATION values (3383, '.', 1599, 270883.83, 4172437.07, 821.86);
insert into STATION values (3384, '.', 1599, 270880.90, 4172449.49, 822.34);
insert into STATION values (3385, '.', 1599, 270866.11, 4172434.14, 821.14);
insert into STATION values (3386, '.', 1599, 270878.33, 4172429.49, 823.74);
insert into STATION values (3387, '.', 1599, 270878.11, 4172429.90, 819.10);
insert into STATION values (3388, '9', 1599, 270884.94, 4172418.45, 824.07);
insert into STATION values (3389, '.', 1599, 270888.48, 4172425.47, 822.89);
insert into STATION values (3390, '.', 1599, 270877.16, 4172406.31, 822.45);
insert into STATION values (3391, '.', 1599, 270873.89, 4172420.65, 823.24);
insert into STATION values (3392, '.', 1599, 270883.79, 4172432.02, 823.21);
insert into STATION values (3393, '.', 1599, 270893.65, 4172418.80, 823.11);
insert into STATION values (3394, '.', 1599, 270884.90, 4172418.46, 824.54);
insert into STATION values (3395, '.', 1599, 270885.14, 4172418.34, 821.94);
insert into STATION values (3396, '10', 1599, 270891.65, 4172409.27, 821.80);
insert into STATION values (3397, '.', 1599, 270888.50, 4172424.97, 821.16);
insert into STATION values (3398, '.', 1599, 270896.93, 4172420.41, 821.33);
insert into STATION values (3399, '.', 1599, 270904.31, 4172416.84, 821.10);
insert into STATION values (3400, '.', 1599, 270901.75, 4172404.80, 821.80);
insert into STATION values (3401, '.', 1599, 270910.45, 4172380.70, 821.08);
insert into STATION values (3402, '.', 1599, 270898.47, 4172402.92, 821.78);
insert into STATION values (3403, '.', 1599, 270892.63, 4172385.25, 822.64);
insert into STATION values (3404, '.', 1599, 270887.09, 4172391.06, 822.75);
insert into STATION values (3405, '.', 1599, 270882.05, 4172394.91, 822.58);
insert into STATION values (3406, '.', 1599, 270879.88, 4172403.80, 822.34);
insert into STATION values (3407, '.', 1599, 270876.65, 4172408.23, 822.96);
insert into STATION values (3408, '.', 1599, 270870.22, 4172419.33, 822.58);
insert into STATION values (3409, '.', 1599, 270869.43, 4172429.53, 822.06);
insert into STATION values (3410, '.', 1599, 270891.83, 4172409.48, 823.57);
insert into STATION values (3411, '.', 1599, 270891.82, 4172409.36, 820.68);
insert into STATION values (3412, '11', 1599, 270916.84, 4172414.65, 819.68);
insert into STATION values (3413, '.', 1599, 270913.37, 4172418.34, 821.15);
insert into STATION values (3414, '.', 1599, 270912.82, 4172415.28, 820.51);
insert into STATION values (3415, '.', 1599, 270921.56, 4172420.42, 820.82);
insert into STATION values (3416, '.', 1599, 270922.63, 4172416.22, 820.67);
insert into STATION values (3417, '.', 1599, 270922.67, 4172410.79, 821.23);
insert into STATION values (3418, '.', 1599, 270917.14, 4172412.49, 820.46);
insert into STATION values (3419, '.', 1599, 270917.02, 4172415.15, 822.48);
insert into STATION values (3420, '.', 1599, 270916.97, 4172414.58, 819.29);
insert into STATION values (3421, '12', 1599, 270929.25, 4172424.12, 820.85);
insert into STATION values (3422, '.', 1599, 270930.07, 4172423.17, 820.96);
insert into STATION values (3423, '.', 1599, 270932.23, 4172425.34, 820.67);
insert into STATION values (3424, '.', 1599, 270928.29, 4172424.90, 821.85);
insert into STATION values (3425, '.', 1599, 270928.27, 4172421.53, 820.99);
insert into STATION values (3426, '.', 1599, 270929.18, 4172424.23, 821.94);
insert into STATION values (3427, '.', 1599, 270929.37, 4172424.10, 819.89);
insert into STATION values (3428, '13', 1599, 270930.10, 4172422.39, 820.32);
insert into STATION values (3429, '.', 1599, 270930.64, 4172422.91, 820.10);
insert into STATION values (3430, '.', 1599, 270929.93, 4172422.17, 820.32);
insert into STATION values (3431, '.', 1599, 270932.01, 4172421.77, 820.38);
insert into STATION values (3432, '.', 1599, 270933.27, 4172419.89, 820.50);
insert into STATION values (3433, '.', 1599, 270929.84, 4172423.22, 820.29);
insert into STATION values (3434, '.', 1599, 270929.73, 4172423.81, 820.39);
insert into STATION values (3435, '.', 1599, 270930.05, 4172422.29, 820.67);
insert into STATION values (3436, '.', 1599, 270930.16, 4172422.37, 819.92);
insert into STATION values (3437, '14', 1599, 270937.61, 4172413.79, 820.44);
insert into STATION values (3438, '15', 1599, 270893.77, 4172400.61, 821.88);
insert into STATION values (3439, '.', 1599, 270898.96, 4172402.72, 822.17);
insert into STATION values (3440, '.', 1599, 270901.77, 4172411.97, 822.97);
insert into STATION values (3441, '.', 1599, 270897.71, 4172419.74, 823.28);
insert into STATION values (3442, '.', 1599, 270887.47, 4172384.16, 822.34);
insert into STATION values (3443, '.', 1599, 270882.53, 4172393.54, 823.34);
insert into STATION values (3444, '.', 1599, 270908.38, 4172378.91, 820.87);
insert into STATION values (3445, '.', 1599, 270880.20, 4172405.00, 823.00);
insert into STATION values (3446, '.', 1599, 270893.75, 4172400.19, 824.05);
insert into STATION values (3447, '.', 1599, 270893.78, 4172400.67, 821.33);
insert into STATION values (3448, '.', 1599, 270891.42, 4172379.12, 821.35);
insert into STATION values (3449, '16', 1599, 270901.91, 4172378.29, 820.30);
insert into STATION values (3450, '.', 1599, 270904.91, 4172377.05, 820.89);
insert into STATION values (3451, '.', 1599, 270898.67, 4172377.09, 820.89);
insert into STATION values (3452, '.', 1599, 270899.78, 4172373.54, 820.83);
insert into STATION values (3453, '.', 1599, 270900.95, 4172371.88, 820.89);
insert into STATION values (3454, '.', 1599, 270905.29, 4172369.24, 819.34);
insert into STATION values (3455, '.', 1599, 270882.29, 4172390.67, 823.02);
insert into STATION values (3456, '.', 1599, 270902.36, 4172396.06, 822.51);
insert into STATION values (3457, '.', 1599, 270908.97, 4172377.58, 821.90);
insert into STATION values (3458, '.', 1599, 270901.17, 4172378.02, 824.67);
insert into STATION values (3459, '.', 1599, 270901.59, 4172378.19, 818.57);
insert into STATION values (3460, 'PTR_FR24_A15_17', 1599, 270912.45, 4172365.30, 818.10);
insert into STATION values (3461, '.', 1599, 270909.44, 4172363.74, 820.18);
insert into STATION values (3462, '.', 1599, 270912.70, 4172363.66, 818.52);
insert into STATION values (3463, '.', 1599, 270906.02, 4172369.93, 819.15);
insert into STATION values (3464, '.', 1599, 270912.30, 4172365.26, 818.91);
insert into STATION values (3465, '.', 1599, 270912.37, 4172365.31, 817.56);
insert into STATION values (3466, '18', 1599, 270852.89, 4172480.02, 820.37);
insert into STATION values (3467, '.', 1599, 270848.31, 4172470.14, 820.21);
insert into STATION values (3468, '.', 1599, 270854.18, 4172460.79, 820.23);
insert into STATION values (3469, '.', 1599, 270868.65, 4172482.64, 821.15);
insert into STATION values (3470, '.', 1599, 270880.01, 4172461.13, 821.06);
insert into STATION values (3471, '.', 1599, 270843.64, 4172489.03, 821.09);
insert into STATION values (3472, '.', 1599, 270837.06, 4172494.85, 823.61);
insert into STATION values (3473, '.', 1599, 270849.32, 4172501.24, 824.98);
insert into STATION values (3474, '.', 1599, 270838.78, 4172476.75, 819.25);
insert into STATION values (3475, '.', 1599, 270853.07, 4172481.34, 822.88);
insert into STATION values (3476, '.', 1599, 270852.88, 4172479.96, 818.99);
insert into STATION values (3477, '19', 1599, 270829.84, 4172486.70, 819.14);
insert into STATION values (3478, '.', 1599, 270827.18, 4172483.26, 819.55);
insert into STATION values (3479, '.', 1599, 270820.21, 4172491.94, 819.67);
insert into STATION values (3480, '.', 1599, 270823.14, 4172495.39, 819.85);
insert into STATION values (3481, '.', 1599, 270832.93, 4172493.67, 821.81);
insert into STATION values (3482, '.', 1599, 270848.03, 4172497.13, 826.15);
insert into STATION values (3483, '.', 1599, 270841.88, 4172479.50, 819.97);
insert into STATION values (3484, '.', 1599, 270829.63, 4172486.66, 820.69);
insert into STATION values (3485, '.', 1599, 270829.74, 4172486.65, 818.63);
insert into STATION values (3486, '20', 1599, 270825.41, 4172496.24, 820.60);
insert into STATION values (3487, '.', 1599, 270822.49, 4172495.28, 820.59);
insert into STATION values (3488, '.', 1599, 270830.78, 4172502.41, 826.63);
insert into STATION values (3489, '.', 1599, 270839.39, 4172492.82, 826.92);
insert into STATION values (3490, '.', 1599, 270844.76, 4172481.42, 820.90);
insert into STATION values (3491, '.', 1599, 270824.49, 4172485.87, 819.71);
insert into STATION values (3492, '.', 1599, 270825.71, 4172496.44, 822.51);
insert into STATION values (3493, '.', 1599, 270825.69, 4172496.24, 819.11);
insert into STATION values (3494, '21', 1599, 270820.59, 4172500.05, 823.08);
insert into STATION values (3495, '.', 1599, 270819.91, 4172498.04, 822.84);
insert into STATION values (3496, '.', 1599, 270818.68, 4172502.04, 822.99);
insert into STATION values (3497, '.', 1599, 270821.13, 4172505.88, 824.01);
insert into STATION values (3498, '.', 1599, 270825.72, 4172501.79, 827.17);
insert into STATION values (3499, '.', 1599, 270822.78, 4172498.77, 823.22);
insert into STATION values (3500, '.', 1599, 270820.73, 4172500.09, 824.15);
insert into STATION values (3501, '.', 1599, 270820.49, 4172500.05, 820.47);
insert into STATION values (3502, '22', 1599, 270818.81, 4172505.53, 822.26);
insert into STATION values (3503, '.', 1599, 270822.25, 4172506.92, 823.15);
insert into STATION values (3504, '.', 1599, 270817.22, 4172500.57, 821.97);
insert into STATION values (3505, '.', 1599, 270813.65, 4172504.12, 819.71);
insert into STATION values (3506, '.', 1599, 270825.00, 4172499.79, 826.42);
insert into STATION values (3507, '.', 1599, 270819.26, 4172499.76, 823.40);
insert into STATION values (3508, '.', 1599, 270818.90, 4172505.34, 823.89);
insert into STATION values (3509, '.', 1599, 270818.83, 4172505.46, 821.56);
insert into STATION values (3510, '23', 1599, 270803.29, 4172537.51, 818.76);
insert into STATION values (3511, '.', 1599, 270779.10, 4172549.86, 819.61);
insert into STATION values (3512, '.', 1599, 270800.76, 4172552.51, 818.09);
insert into STATION values (3513, '.', 1599, 270811.36, 4172547.01, 819.13);
insert into STATION values (3514, '.', 1599, 270823.67, 4172543.22, 819.02);
insert into STATION values (3515, '.', 1599, 270813.74, 4172533.57, 820.01);
insert into STATION values (3516, '.', 1599, 270810.23, 4172507.78, 820.46);
insert into STATION values (3517, '.', 1599, 270803.39, 4172537.58, 820.31);
insert into STATION values (3518, '.', 1599, 270803.33, 4172537.49, 818.20);
insert into STATION values (3519, '24', 1599, 270811.59, 4172563.77, 817.26);
insert into STATION values (3520, '.', 1599, 270804.65, 4172563.52, 817.81);
insert into STATION values (3521, '.', 1599, 270809.91, 4172569.39, 817.33);
insert into STATION values (3522, '.', 1599, 270815.95, 4172567.57, 817.04);
insert into STATION values (3523, '.', 1599, 270815.94, 4172561.35, 817.61);
insert into STATION values (3524, '.', 1599, 270815.05, 4172557.09, 817.51);
insert into STATION values (3525, '.', 1599, 270805.15, 4172557.27, 818.15);
insert into STATION values (3526, '.', 1599, 270811.49, 4172563.91, 818.64);
insert into STATION values (3527, '.', 1599, 270811.62, 4172563.78, 816.69);
insert into STATION values (3528, '25', 1599, 270813.76, 4172577.84, 816.27);
insert into STATION values (3529, '.', 1599, 270810.11, 4172578.10, 816.74);
insert into STATION values (3530, '.', 1599, 270812.18, 4172582.88, 816.70);
insert into STATION values (3531, '.', 1599, 270816.97, 4172578.94, 816.25);
insert into STATION values (3532, '.', 1599, 270818.24, 4172574.90, 817.02);
insert into STATION values (3533, '.', 1599, 270815.74, 4172573.18, 816.78);
insert into STATION values (3534, '.', 1599, 270809.66, 4172570.49, 816.98);
insert into STATION values (3535, '.', 1599, 270813.91, 4172577.86, 817.39);
insert into STATION values (3536, '.', 1599, 270813.79, 4172577.72, 815.67);
insert into STATION values (3537, '26', 1599, 270817.20, 4172585.59, 814.12);
insert into STATION values (3538, '.', 1599, 270816.82, 4172585.85, 814.17);
insert into STATION values (3539, '.', 1599, 270816.97, 4172587.83, 814.01);
insert into STATION values (3540, '.', 1599, 270818.96, 4172584.74, 814.89);
insert into STATION values (3541, '.', 1599, 270817.15, 4172583.11, 814.31);
insert into STATION values (3542, '.', 1599, 270817.33, 4172585.61, 816.16);
insert into STATION values (3543, '.', 1599, 270817.26, 4172585.61, 812.82);
insert into STATION values (3544, '27', 1599, 270818.71, 4172590.61, 814.33);
insert into STATION values (3545, '.', 1599, 270816.63, 4172590.83, 814.69);
insert into STATION values (3546, '.', 1599, 270814.24, 4172593.92, 815.66);
insert into STATION values (3547, '.', 1599, 270816.64, 4172594.89, 815.39);
insert into STATION values (3548, '.', 1599, 270819.14, 4172595.65, 815.19);
insert into STATION values (3549, '.', 1599, 270820.83, 4172593.76, 814.86);
insert into STATION values (3550, '.', 1599, 270819.98, 4172590.87, 814.52);
insert into STATION values (3551, '.', 1599, 270820.27, 4172589.22, 814.53);
insert into STATION values (3552, '.', 1599, 270817.94, 4172589.01, 814.38);
insert into STATION values (3553, '.', 1599, 270818.76, 4172590.55, 817.91);
insert into STATION values (3554, '.', 1599, 270818.74, 4172590.55, 813.23);
insert into STATION values (3555, '28', 1599, 270819.20, 4172592.89, 814.21);
insert into STATION values (3556, '.', 1599, 270817.13, 4172596.22, 815.18);
insert into STATION values (3557, '.', 1599, 270816.24, 4172590.30, 815.20);
insert into STATION values (3558, '.', 1599, 270820.96, 4172593.40, 814.39);
insert into STATION values (3559, '.', 1599, 270820.40, 4172591.74, 814.17);
insert into STATION values (3560, '.', 1599, 270820.26, 4172591.39, 814.27);
insert into STATION values (3561, '29', 1599, 270811.12, 4172594.20, 817.57);
insert into STATION values (3562, '30', 1599, 270821.49, 4172594.81, 811.84);
insert into STATION values (3563, '.', 1599, 270820.62, 4172595.74, 812.27);
insert into STATION values (3564, '.', 1599, 270823.49, 4172597.45, 812.14);
insert into STATION values (3565, '.', 1599, 270823.88, 4172595.44, 812.05);
insert into STATION values (3566, '.', 1599, 270822.25, 4172593.78, 812.02);
insert into STATION values (3567, '.', 1599, 270820.96, 4172593.41, 812.18);
insert into STATION values (3568, '.', 1599, 270821.49, 4172594.86, 812.84);
insert into STATION values (3569, '.', 1599, 270821.47, 4172594.82, 811.30);
insert into STATION values (3570, 'PTR_FR24_B70_31', 1599, 270825.52, 4172598.95, 811.88);
insert into STATION values (3571, '.', 1599, 270824.83, 4172599.72, 811.90);
insert into STATION values (3572, '.', 1599, 270828.53, 4172597.30, 811.86);
insert into STATION values (3573, '.', 1599, 270825.77, 4172596.98, 812.00);
insert into STATION values (3574, '.', 1599, 270824.20, 4172595.94, 812.15);
insert into STATION values (3575, '.', 1599, 270819.93, 4172593.37, 813.19);
insert into STATION values (3576, '.', 1599, 270823.92, 4172598.14, 812.08);
insert into STATION values (3577, '.', 1599, 270825.64, 4172598.73, 813.12);
insert into STATION values (3578, '.', 1599, 270825.48, 4172598.87, 811.23);
insert into STATION values (3579, '32', 1599, 270828.57, 4172597.27, 811.76);
insert into STATION values (3580, '.', 1599, 270828.31, 4172596.81, 811.81);
insert into STATION values (3581, '.', 1599, 270828.57, 4172597.82, 811.75);
insert into STATION values (3582, '.', 1599, 270828.56, 4172597.21, 812.40);
insert into STATION values (3583, '.', 1599, 270828.55, 4172597.24, 811.41);
insert into STATION values (3584, '33', 1599, 270796.91, 4172517.43, 818.93);
insert into STATION values (3585, '.', 1599, 270799.34, 4172507.03, 819.04);
insert into STATION values (3586, '.', 1599, 270786.28, 4172512.19, 819.22);
insert into STATION values (3587, '.', 1599, 270780.85, 4172543.59, 820.21);
insert into STATION values (3588, '.', 1599, 270815.52, 4172531.59, 819.83);
insert into STATION values (3589, '.', 1599, 270796.87, 4172517.23, 821.04);
insert into STATION values (3590, '.', 1599, 270796.96, 4172517.44, 818.40);
insert into STATION values (3591, '34', 1599, 270784.46, 4172511.10, 817.83);
insert into STATION values (3592, '.', 1599, 270783.86, 4172506.79, 817.31);
insert into STATION values (3593, '.', 1599, 270780.01, 4172518.55, 817.50);
insert into STATION values (3594, '.', 1599, 270779.92, 4172510.36, 817.64);
insert into STATION values (3595, '.', 1599, 270786.53, 4172507.72, 817.93);
insert into STATION values (3596, '.', 1599, 270784.25, 4172511.01, 819.72);
insert into STATION values (3597, '.', 1599, 270784.54, 4172511.23, 817.12);
insert into STATION values (3598, '35', 1599, 270775.41, 4172513.47, 815.72);
insert into STATION values (3599, '.', 1599, 270770.54, 4172517.72, 815.53);
insert into STATION values (3600, '.', 1599, 270774.72, 4172510.06, 815.84);
insert into STATION values (3601, '.', 1599, 270779.14, 4172510.02, 816.86);
insert into STATION values (3602, '.', 1599, 270775.47, 4172517.50, 817.17);
insert into STATION values (3603, '.', 1599, 270775.26, 4172513.30, 819.35);
insert into STATION values (3604, '.', 1599, 270775.33, 4172513.47, 814.83);
insert into STATION values (3605, '36', 1599, 270771.41, 4172506.64, 813.16);
insert into STATION values (3606, '.', 1599, 270773.44, 4172505.35, 813.34);
insert into STATION values (3607, '.', 1599, 270771.15, 4172502.17, 813.23);
insert into STATION values (3608, '.', 1599, 270763.46, 4172502.63, 812.43);
insert into STATION values (3609, '.', 1599, 270766.01, 4172509.00, 813.60);
insert into STATION values (3610, '.', 1599, 270766.66, 4172511.29, 813.86);
insert into STATION values (3611, '.', 1599, 270770.41, 4172510.13, 813.71);
insert into STATION values (3612, '.', 1599, 270771.27, 4172506.65, 814.46);
insert into STATION values (3613, '.', 1599, 270771.38, 4172506.84, 812.45);
insert into STATION values (3614, '37', 1599, 270766.12, 4172517.55, 814.61);
insert into STATION values (3615, '38', 1599, 270769.88, 4172500.46, 811.92);
insert into STATION values (3616, '.', 1599, 270773.45, 4172501.03, 812.12);
insert into STATION values (3617, '.', 1599, 270784.81, 4172492.87, 812.35);
insert into STATION values (3618, '.', 1599, 270778.41, 4172488.35, 812.15);
insert into STATION values (3619, '.', 1599, 270770.66, 4172489.16, 812.02);
insert into STATION values (3620, '.', 1599, 270765.99, 4172495.61, 812.12);
insert into STATION values (3621, '.', 1599, 270764.10, 4172500.83, 812.11);
insert into STATION values (3622, '.', 1599, 270766.40, 4172506.09, 812.61);
insert into STATION values (3623, '.', 1599, 270770.07, 4172500.30, 812.74);
insert into STATION values (3624, '.', 1599, 270769.82, 4172500.39, 811.52);
insert into STATION values (3625, '39', 1599, 270774.49, 4172489.36, 812.02);
insert into STATION values (3626, '.', 1599, 270779.00, 4172491.24, 812.13);
insert into STATION values (3627, '.', 1599, 270780.18, 4172485.01, 812.16);
insert into STATION values (3628, '.', 1599, 270770.86, 4172479.62, 811.73);
insert into STATION values (3629, '.', 1599, 270771.35, 4172487.60, 811.60);
insert into STATION values (3630, '.', 1599, 270768.79, 4172492.69, 812.23);
insert into STATION values (3631, '.', 1599, 270774.58, 4172489.39, 812.73);
insert into STATION values (3632, '.', 1599, 270774.30, 4172489.48, 811.35);
insert into STATION values (3633, 'PTR_FR24_B69_40', 1599, 270778.48, 4172480.75, 811.91);
insert into STATION values (3634, '.', 1599, 270780.45, 4172482.59, 812.03);
insert into STATION values (3635, '.', 1599, 270774.91, 4172476.81, 811.76);
insert into STATION values (3636, '.', 1599, 270782.15, 4172474.52, 811.82);
insert into STATION values (3637, '.', 1599, 270782.72, 4172479.26, 812.05);
insert into STATION values (3638, '.', 1599, 270778.60, 4172480.68, 812.82);
insert into STATION values (3639, '.', 1599, 270778.55, 4172480.91, 811.28);
insert into STATION values (3640, '41', 1599, 270788.52, 4172472.13, 810.93);
insert into STATION values (3641, '00', 1750, 266003.00, 4170934.00, 353.00);
insert into STATION_FLAG values(3641, 'ent');
insert into STATION_FLAG values(3641, 'fix');
insert into STATION values (3642, '.', 1750, 266030.13, 4170946.39, 364.69);
insert into STATION values (3643, '.', 1750, 266011.47, 4170911.17, 359.34);
insert into STATION values (3644, '.', 1750, 265993.25, 4170910.04, 354.72);
insert into STATION values (3645, '.', 1750, 265977.29, 4170969.98, 367.28);
insert into STATION values (3646, '.', 1750, 266025.92, 4170967.17, 370.11);
insert into STATION values (3647, '.', 1750, 266029.47, 4170932.13, 364.26);
insert into STATION values (3648, '.', 1750, 266018.08, 4170918.52, 358.75);
insert into STATION values (3649, '.', 1750, 265996.49, 4170910.28, 359.13);
insert into STATION values (3650, '1', 1750, 266004.76, 4170925.82, 351.04);
insert into STATION values (3651, '.', 1750, 265985.46, 4170923.03, 356.70);
insert into STATION values (3652, '.', 1750, 265993.40, 4170909.20, 353.51);
insert into STATION values (3653, '.', 1750, 266012.45, 4170909.36, 354.87);
insert into STATION values (3654, '.', 1750, 266018.80, 4170919.68, 355.70);
insert into STATION values (3655, '.', 1750, 265995.24, 4170942.41, 354.24);
insert into STATION values (3656, '.', 1750, 266004.62, 4170925.65, 350.24);
insert into STATION values (3657, '2', 1750, 266005.21, 4170922.19, 349.11);
insert into STATION values (3658, '.', 1750, 266006.97, 4170904.08, 349.69);
insert into STATION values (3659, '.', 1750, 265991.18, 4170909.93, 347.62);
insert into STATION values (3660, '.', 1750, 265992.31, 4170922.58, 348.64);
insert into STATION values (3661, '.', 1750, 266002.14, 4170925.39, 349.21);
insert into STATION values (3662, '.', 1750, 266006.06, 4170923.10, 349.31);
insert into STATION values (3663, '.', 1750, 266004.75, 4170921.53, 346.74);
insert into STATION values (3664, '3', 1750, 266000.86, 4170919.11, 346.82);
insert into STATION values (3665, '.', 1750, 266016.48, 4170913.23, 349.49);
insert into STATION values (3666, '.', 1750, 266003.61, 4170901.23, 347.20);
insert into STATION values (3667, '.', 1750, 265990.44, 4170911.36, 346.71);
insert into STATION values (3668, '.', 1750, 266005.92, 4170909.54, 359.32);
insert into STATION values (3669, '.', 1750, 266001.25, 4170918.82, 345.03);
insert into STATION values (3670, '4', 1750, 266002.21, 4170911.74, 343.65);
insert into STATION values (3671, '.', 1750, 265995.98, 4170908.68, 343.01);
insert into STATION values (3672, '.', 1750, 265989.49, 4170914.61, 348.22);
insert into STATION values (3673, '.', 1750, 266008.77, 4170899.16, 343.48);
insert into STATION values (3674, '.', 1750, 266002.62, 4170904.66, 353.05);
insert into STATION values (3675, '.', 1750, 266002.79, 4170911.44, 341.85);
insert into STATION values (3676, '5', 1750, 266010.13, 4170904.28, 340.03);
insert into STATION values (3677, '.', 1750, 266020.12, 4170898.41, 340.62);
insert into STATION values (3678, '.', 1750, 266010.32, 4170892.91, 339.61);
insert into STATION values (3679, '.', 1750, 265998.73, 4170895.54, 339.45);
insert into STATION values (3680, '.', 1750, 265992.74, 4170904.32, 339.73);
insert into STATION values (3681, '.', 1750, 266010.82, 4170904.10, 338.35);
insert into STATION values (3682, '.', 1750, 266009.31, 4170902.82, 346.12);
insert into STATION values (3683, '6', 1750, 266015.85, 4170897.48, 337.08);
insert into STATION values (3684, '.', 1750, 266006.16, 4170901.13, 337.78);
insert into STATION values (3685, '.', 1750, 265992.60, 4170906.20, 339.08);
insert into STATION values (3686, '.', 1750, 266001.84, 4170893.05, 338.73);
insert into STATION values (3687, '.', 1750, 266013.97, 4170889.10, 338.53);
insert into STATION values (3688, '.', 1750, 266016.64, 4170889.66, 337.96);
insert into STATION values (3689, '.', 1750, 266022.37, 4170895.52, 338.90);
insert into STATION values (3690, '.', 1750, 266024.97, 4170900.61, 339.07);
insert into STATION values (3691, '.', 1750, 266024.84, 4170910.35, 343.55);
insert into STATION values (3692, '.', 1750, 266014.61, 4170906.28, 340.47);
insert into STATION values (3693, '.', 1750, 266007.91, 4170907.70, 342.28);
insert into STATION values (3694, '.', 1750, 266001.86, 4170907.08, 341.85);
insert into STATION values (3695, '.', 1750, 266015.11, 4170897.16, 342.38);
insert into STATION values (3696, '.', 1750, 266015.30, 4170897.51, 336.16);
insert into STATION values (3697, '7', 1750, 266004.14, 4170892.86, 332.52);
insert into STATION values (3698, '.', 1750, 266004.87, 4170888.54, 333.55);
insert into STATION values (3699, '.', 1750, 266011.18, 4170890.24, 336.33);
insert into STATION values (3700, '.', 1750, 265990.36, 4170883.89, 335.01);
insert into STATION values (3701, '.', 1750, 265989.50, 4170905.92, 337.34);
insert into STATION values (3702, '.', 1750, 266003.35, 4170902.96, 335.31);
insert into STATION values (3703, '.', 1750, 266009.57, 4170898.83, 334.05);
insert into STATION values (3704, '.', 1750, 266003.32, 4170892.31, 338.42);
insert into STATION values (3705, '.', 1750, 266003.65, 4170893.24, 330.80);
insert into STATION values (3706, '8', 1750, 265988.16, 4170894.77, 328.86);
insert into STATION values (3707, '.', 1750, 265984.18, 4170911.70, 330.60);
insert into STATION values (3708, '.', 1750, 265987.75, 4170877.31, 332.01);
insert into STATION values (3709, '.', 1750, 265998.27, 4170884.50, 335.04);
insert into STATION values (3710, '.', 1750, 265991.74, 4170905.54, 332.93);
insert into STATION values (3711, '.', 1750, 266005.64, 4170898.95, 334.08);
insert into STATION values (3712, '.', 1750, 265967.97, 4170897.85, 331.30);
insert into STATION values (3713, '.', 1750, 265973.93, 4170881.52, 331.49);
insert into STATION values (3714, '.', 1750, 265981.59, 4170876.96, 330.69);
insert into STATION values (3715, '.', 1750, 265988.15, 4170896.53, 336.93);
insert into STATION values (3716, '.', 1750, 265988.19, 4170894.73, 327.62);
insert into STATION values (3717, '9', 1750, 265974.28, 4170894.18, 330.82);
insert into STATION values (3718, '.', 1750, 265976.65, 4170879.12, 331.56);
insert into STATION values (3719, '.', 1750, 265963.94, 4170882.14, 330.37);
insert into STATION values (3720, '.', 1750, 265971.88, 4170900.30, 328.62);
insert into STATION values (3721, '.', 1750, 265983.04, 4170910.02, 331.89);
insert into STATION values (3722, '.', 1750, 265999.34, 4170884.08, 334.18);
insert into STATION values (3723, '.', 1750, 265974.18, 4170894.28, 329.80);
insert into STATION values (3724, '.', 1750, 265974.17, 4170893.76, 335.00);
insert into STATION values (3725, '10', 1750, 265958.00, 4170887.75, 334.54);
insert into STATION values (3726, '.', 1750, 265960.73, 4170900.86, 335.33);
insert into STATION values (3727, '.', 1750, 265953.92, 4170887.52, 336.52);
insert into STATION values (3728, '.', 1750, 265954.15, 4170884.54, 334.81);
insert into STATION values (3729, '.', 1750, 265960.22, 4170881.01, 333.74);
insert into STATION values (3730, '.', 1750, 265966.53, 4170882.36, 332.98);
insert into STATION values (3731, '.', 1750, 265966.08, 4170894.61, 333.72);
insert into STATION values (3732, '.', 1750, 265957.88, 4170887.75, 336.02);
insert into STATION values (3733, '.', 1750, 265957.99, 4170887.76, 333.15);
insert into STATION values (3734, '11', 1750, 265953.36, 4170872.35, 331.76);
insert into STATION values (3735, '.', 1750, 265953.03, 4170872.47, 331.76);
insert into STATION values (3736, '.', 1750, 265954.33, 4170872.22, 331.73);
insert into STATION values (3737, '.', 1750, 265952.98, 4170871.95, 333.65);
insert into STATION values (3738, '.', 1750, 265953.38, 4170872.15, 330.17);
insert into STATION values (3739, '12', 1750, 266016.18, 4170893.13, 336.73);
insert into STATION values (3740, '.', 1750, 266023.08, 4170895.98, 338.79);
insert into STATION values (3741, '.', 1750, 266014.17, 4170890.25, 337.10);
insert into STATION values (3742, '.', 1750, 266016.39, 4170888.79, 336.99);
insert into STATION values (3743, '.', 1750, 266023.09, 4170890.45, 337.41);
insert into STATION values (3744, '.', 1750, 266025.70, 4170907.64, 340.71);
insert into STATION values (3745, '.', 1750, 266002.31, 4170905.72, 340.89);
insert into STATION values (3746, '.', 1750, 265996.63, 4170905.65, 340.83);
insert into STATION values (3747, '.', 1750, 265994.97, 4170896.77, 338.05);
insert into STATION values (3748, '.', 1750, 266006.28, 4170890.78, 337.73);
insert into STATION values (3749, '.', 1750, 266016.76, 4170893.28, 339.27);
insert into STATION values (3750, '.', 1750, 266016.26, 4170893.22, 335.79);
insert into STATION values (3751, '13', 1750, 266032.39, 4170868.78, 327.23);
insert into STATION values (3752, '.', 1750, 266014.83, 4170875.78, 329.79);
insert into STATION values (3753, '.', 1750, 266031.82, 4170891.28, 332.89);
insert into STATION values (3754, '.', 1750, 266044.57, 4170896.20, 331.45);
insert into STATION values (3755, '.', 1750, 266049.69, 4170871.51, 329.69);
insert into STATION values (3756, '.', 1750, 266037.62, 4170860.92, 326.60);
insert into STATION values (3757, '.', 1750, 266030.53, 4170858.53, 327.34);
insert into STATION values (3758, '.', 1750, 266017.80, 4170862.99, 327.72);
insert into STATION values (3759, '.', 1750, 266031.10, 4170869.43, 334.17);
insert into STATION values (3760, '.', 1750, 266031.89, 4170868.32, 325.25);
insert into STATION values (3761, '14', 1750, 266026.86, 4170863.48, 327.08);
insert into STATION values (3762, '.', 1750, 266033.55, 4170858.43, 326.72);
insert into STATION values (3763, '.', 1750, 266024.53, 4170857.66, 326.89);
insert into STATION values (3764, '.', 1750, 266017.39, 4170864.58, 327.89);
insert into STATION values (3765, '.', 1750, 266013.83, 4170880.13, 328.90);
insert into STATION values (3766, '.', 1750, 266026.45, 4170863.52, 331.77);
insert into STATION values (3767, '.', 1750, 266026.95, 4170863.44, 325.92);
insert into STATION values (3768, '15', 1750, 266013.50, 4170844.57, 320.97);
insert into STATION values (3769, '.', 1750, 266011.68, 4170846.55, 321.06);
insert into STATION values (3770, '.', 1750, 266013.22, 4170840.64, 321.25);
insert into STATION values (3771, '.', 1750, 266019.67, 4170841.88, 321.50);
insert into STATION values (3772, '.', 1750, 266017.95, 4170848.31, 321.12);
insert into STATION values (3773, '.', 1750, 266015.48, 4170853.25, 321.64);
insert into STATION values (3774, '.', 1750, 266011.87, 4170847.06, 321.03);
insert into STATION values (3775, '.', 1750, 266013.87, 4170844.61, 322.51);
insert into STATION values (3776, '.', 1750, 266013.17, 4170844.87, 319.65);
insert into STATION values (3777, '16', 1750, 266056.07, 4170877.57, 326.53);
insert into STATION values (3778, '.', 1750, 266048.33, 4170898.42, 333.16);
insert into STATION values (3779, '.', 1750, 266060.83, 4170870.66, 328.29);
insert into STATION values (3780, '.', 1750, 266055.93, 4170882.48, 339.07);
insert into STATION values (3781, '.', 1750, 266056.30, 4170877.57, 325.57);
insert into STATION values (3782, '.', 1750, 266035.79, 4170889.06, 330.34);
insert into STATION values (3783, '.', 1750, 266036.85, 4170862.20, 328.77);
insert into STATION values (3784, '17', 1750, 266080.03, 4170888.66, 319.84);
insert into STATION values (3785, '.', 1750, 266096.30, 4170857.74, 327.08);
insert into STATION values (3786, '.', 1750, 266070.85, 4170915.71, 327.87);
insert into STATION values (3787, '.', 1750, 266050.79, 4170905.99, 330.37);
insert into STATION values (3788, '.', 1750, 266083.74, 4170859.09, 330.46);
insert into STATION values (3789, '.', 1750, 266056.49, 4170870.57, 327.80);
insert into STATION values (3790, '.', 1750, 266080.33, 4170885.92, 352.01);
insert into STATION values (3791, '.', 1750, 266080.20, 4170888.55, 318.88);
insert into STATION values (3792, '18', 1750, 266091.30, 4170893.29, 314.50);
insert into STATION values (3793, '.', 1750, 266117.63, 4170863.16, 323.08);
insert into STATION values (3794, '.', 1750, 266091.69, 4170863.33, 326.79);
insert into STATION values (3795, '.', 1750, 266065.46, 4170867.86, 329.07);
insert into STATION values (3796, '.', 1750, 266095.93, 4170891.94, 348.84);
insert into STATION values (3797, '.', 1750, 266091.67, 4170893.43, 313.44);
insert into STATION values (3798, '19', 1750, 266103.80, 4170906.92, 316.90);
insert into STATION values (3799, '.', 1750, 266125.26, 4170920.46, 318.01);
insert into STATION values (3800, '.', 1750, 266103.55, 4170908.04, 338.78);
insert into STATION values (3801, '.', 1750, 266103.90, 4170905.98, 315.15);
insert into STATION values (3802, '20', 1750, 266124.07, 4170906.80, 316.90);
insert into STATION values (3803, '.', 1750, 266137.12, 4170909.27, 318.48);
insert into STATION values (3804, '.', 1750, 266097.89, 4170931.34, 320.93);
insert into STATION values (3805, '.', 1750, 266117.15, 4170930.54, 318.76);
insert into STATION values (3806, '.', 1750, 266122.43, 4170907.11, 333.37);
insert into STATION values (3807, '.', 1750, 266124.33, 4170906.40, 314.59);
insert into STATION values (3808, '21', 1750, 266119.05, 4170922.77, 315.64);
insert into STATION values (3809, '.', 1750, 266111.12, 4170933.09, 316.62);
insert into STATION values (3810, '.', 1750, 266123.68, 4170933.10, 316.27);
insert into STATION values (3811, '.', 1750, 266126.71, 4170921.77, 315.48);
insert into STATION values (3812, '.', 1750, 266127.04, 4170919.64, 316.18);
insert into STATION values (3813, '.', 1750, 266120.08, 4170921.99, 322.89);
insert into STATION values (3814, '.', 1750, 266110.10, 4170913.18, 338.45);
insert into STATION values (3815, '.', 1750, 266119.23, 4170922.72, 314.35);
insert into STATION values (3816, '22', 1750, 266133.46, 4170898.05, 317.76);
insert into STATION values (3817, '.', 1750, 266138.47, 4170907.87, 318.38);
insert into STATION values (3818, '.', 1750, 266148.05, 4170899.72, 318.97);
insert into STATION values (3819, '.', 1750, 266141.45, 4170887.32, 318.94);
insert into STATION values (3820, '.', 1750, 266130.80, 4170873.36, 320.24);
insert into STATION values (3821, '.', 1750, 266133.15, 4170899.17, 331.65);
insert into STATION values (3822, '.', 1750, 266133.83, 4170897.99, 315.68);
insert into STATION values (3823, '23', 1750, 266141.54, 4170889.37, 314.74);
insert into STATION values (3824, '.', 1750, 266144.49, 4170905.20, 317.29);
insert into STATION values (3825, '.', 1750, 266153.37, 4170895.33, 316.16);
insert into STATION values (3826, '.', 1750, 266143.43, 4170886.23, 315.00);
insert into STATION values (3827, '.', 1750, 266139.51, 4170886.08, 314.71);
insert into STATION values (3828, '.', 1750, 266141.64, 4170889.28, 313.94);
insert into STATION values (3829, '24', 1750, 266176.22, 4170890.07, 315.35);
insert into STATION values (3830, '25', 1750, 266130.97, 4170928.14, 316.05);
insert into STATION values (3831, '.', 1750, 266125.24, 4170934.74, 316.43);
insert into STATION values (3832, '.', 1750, 266146.43, 4170922.31, 317.88);
insert into STATION values (3833, '.', 1750, 266134.46, 4170920.13, 317.70);
insert into STATION values (3834, '.', 1750, 266114.40, 4170934.55, 317.14);
insert into STATION values (3835, '.', 1750, 266114.62, 4170924.77, 316.78);
insert into STATION values (3836, '.', 1750, 266130.79, 4170928.65, 320.32);
insert into STATION values (3837, '.', 1750, 266131.09, 4170928.79, 314.43);
insert into STATION values (3838, '26', 1750, 266140.15, 4170946.99, 317.63);
insert into STATION values (3839, '.', 1750, 266132.16, 4170952.03, 317.17);
insert into STATION values (3840, '.', 1750, 266159.51, 4170945.86, 318.34);
insert into STATION values (3841, '.', 1750, 266141.34, 4170922.23, 317.24);
insert into STATION values (3842, '.', 1750, 266140.54, 4170947.03, 320.92);
insert into STATION values (3843, '.', 1750, 266140.25, 4170947.29, 316.78);
insert into STATION values (3844, '27', 1750, 266146.32, 4170947.31, 318.64);
insert into STATION values (3845, '.', 1750, 266128.12, 4170947.52, 318.54);
insert into STATION values (3846, '.', 1750, 266143.99, 4170955.66, 318.40);
insert into STATION values (3847, '.', 1750, 266155.37, 4170962.28, 319.77);
insert into STATION values (3848, '.', 1750, 266164.78, 4170950.06, 322.34);
insert into STATION values (3849, '.', 1750, 266156.21, 4170933.21, 318.61);
insert into STATION values (3850, '.', 1750, 266145.30, 4170922.54, 316.69);
insert into STATION values (3851, '.', 1750, 266137.34, 4170921.60, 316.69);
insert into STATION values (3852, '.', 1750, 266146.52, 4170945.62, 323.35);
insert into STATION values (3853, '.', 1750, 266146.71, 4170949.00, 316.33);
insert into STATION values (3854, '28', 1750, 266166.11, 4170928.70, 317.83);
insert into STATION values (3855, '.', 1750, 266173.45, 4170932.83, 321.14);
insert into STATION values (3856, '.', 1750, 266168.44, 4170942.55, 321.65);
insert into STATION values (3857, '.', 1750, 266157.67, 4170933.10, 318.90);
insert into STATION values (3858, '.', 1750, 266164.28, 4170923.26, 318.54);
insert into STATION values (3859, '.', 1750, 266169.49, 4170922.65, 318.40);
insert into STATION values (3860, '.', 1750, 266181.06, 4170926.13, 321.62);
insert into STATION values (3861, '.', 1750, 266167.83, 4170930.59, 321.36);
insert into STATION values (3862, '.', 1750, 266166.11, 4170928.22, 316.16);
insert into STATION values (3863, '29', 1750, 266178.99, 4170921.86, 320.99);
insert into STATION values (3864, '.', 1750, 266170.08, 4170915.96, 318.28);
insert into STATION values (3865, '.', 1750, 266182.47, 4170925.62, 319.79);
insert into STATION values (3866, '.', 1750, 266187.01, 4170910.96, 318.09);
insert into STATION values (3867, '.', 1750, 266178.82, 4170907.23, 317.82);
insert into STATION values (3868, '.', 1750, 266176.81, 4170928.67, 320.50);
insert into STATION values (3869, '.', 1750, 266178.98, 4170921.76, 323.70);
insert into STATION values (3870, '.', 1750, 266179.04, 4170921.92, 320.05);
insert into STATION values (3871, '30', 1750, 266184.91, 4170908.96, 318.18);
insert into STATION values (3872, '31', 1750, 266151.94, 4170957.57, 318.89);
insert into STATION values (3873, '.', 1750, 266158.17, 4170960.24, 319.13);
insert into STATION values (3874, '.', 1750, 266148.16, 4170955.58, 318.54);
insert into STATION values (3875, '.', 1750, 266146.24, 4170963.46, 318.74);
insert into STATION values (3876, '.', 1750, 266153.16, 4170968.38, 318.20);
insert into STATION values (3877, '.', 1750, 266165.40, 4170948.58, 321.13);
insert into STATION values (3878, '.', 1750, 266154.54, 4170934.21, 319.13);
insert into STATION values (3879, '.', 1750, 266146.27, 4170945.65, 319.00);
insert into STATION values (3880, '.', 1750, 266143.54, 4170949.52, 317.00);
insert into STATION values (3881, '.', 1750, 266152.09, 4170957.65, 320.53);
insert into STATION values (3882, '.', 1750, 266152.11, 4170957.38, 317.08);
insert into STATION values (3883, '32', 1750, 266146.08, 4170971.56, 318.12);
insert into STATION values (3884, '.', 1750, 266150.93, 4170972.54, 318.53);
insert into STATION values (3885, '.', 1750, 266141.85, 4170970.98, 318.74);
insert into STATION values (3886, '.', 1750, 266146.04, 4170976.64, 318.47);
insert into STATION values (3887, '.', 1750, 266153.50, 4170968.03, 318.52);
insert into STATION values (3888, '.', 1750, 266144.39, 4170967.50, 318.83);
insert into STATION values (3889, '.', 1750, 266146.22, 4170971.45, 319.56);
insert into STATION values (3890, '.', 1750, 266146.11, 4170971.70, 317.45);
insert into STATION values (3891, '.', 1750, 266142.80, 4170974.79, 318.56);
insert into STATION values (3892, '33', 1750, 266142.43, 4170974.29, 318.64);
insert into STATION values (3893, '00', 1957, 266002.00, 4170947.00, 353.00);
insert into STATION_FLAG values(3893, 'ent');
insert into STATION_FLAG values(3893, 'fix');
insert into STATION values (3894, '.', 1957, 265998.87, 4170949.55, 352.55);
insert into STATION values (3895, '.', 1957, 266003.52, 4170953.57, 352.94);
insert into STATION values (3896, '.', 1957, 265994.60, 4170944.64, 352.18);
insert into STATION values (3897, '.', 1957, 266002.89, 4170946.64, 352.98);
insert into STATION values (3898, '.', 1957, 266005.05, 4170949.36, 352.84);
insert into STATION values (3899, '.', 1957, 266000.52, 4170944.52, 352.93);
insert into STATION values (3900, '1', 1957, 265997.97, 4170951.15, 347.11);
insert into STATION values (3901, '.', 1957, 265999.04, 4170954.00, 347.09);
insert into STATION values (3902, '.', 1957, 265999.41, 4170950.21, 347.24);
insert into STATION values (3903, '.', 1957, 265997.30, 4170947.90, 347.87);
insert into STATION values (3904, '.', 1957, 265995.67, 4170951.82, 346.86);
insert into STATION values (3905, '.', 1957, 265997.47, 4170952.73, 347.06);
insert into STATION values (3906, '.', 1957, 265997.36, 4170951.33, 348.76);
insert into STATION values (3907, '.', 1957, 265996.91, 4170951.70, 344.05);
insert into STATION values (3908, '2', 1957, 265994.01, 4170954.18, 342.81);
insert into STATION values (3909, '.', 1957, 265993.43, 4170954.34, 342.70);
insert into STATION values (3910, '.', 1957, 265994.70, 4170955.90, 342.80);
insert into STATION values (3911, '.', 1957, 265998.61, 4170957.37, 343.03);
insert into STATION values (3912, '.', 1957, 266000.04, 4170955.65, 342.74);
insert into STATION values (3913, '.', 1957, 265995.68, 4170952.45, 342.85);
insert into STATION values (3914, '.', 1957, 265994.39, 4170952.53, 342.86);
insert into STATION values (3915, '.', 1957, 265994.10, 4170954.31, 343.88);
insert into STATION values (3916, '.', 1957, 265996.16, 4170954.87, 344.63);
insert into STATION values (3917, '.', 1957, 265994.15, 4170953.88, 341.54);
insert into STATION values (3918, '3', 1957, 265996.32, 4170962.55, 337.15);
insert into STATION values (3919, '.', 1957, 265993.25, 4170968.31, 336.02);
insert into STATION values (3920, '.', 1957, 265986.11, 4170970.07, 335.02);
insert into STATION values (3921, '.', 1957, 265976.49, 4170963.29, 334.00);
insert into STATION values (3922, '.', 1957, 265978.40, 4170948.52, 336.11);
insert into STATION values (3923, '.', 1957, 265992.70, 4170957.70, 337.30);
insert into STATION values (3924, '.', 1957, 265996.71, 4170959.75, 337.19);
insert into STATION values (3925, '.', 1957, 266000.24, 4170960.93, 338.24);
insert into STATION values (3926, '.', 1957, 266005.02, 4170968.16, 337.54);
insert into STATION values (3927, '.', 1957, 266018.42, 4170967.67, 337.74);
insert into STATION values (3928, '.', 1957, 265996.09, 4170962.75, 338.71);
insert into STATION values (3929, '.', 1957, 265995.77, 4170963.27, 335.19);
insert into STATION values (3930, '4', 1957, 266005.72, 4170969.67, 334.42);
insert into STATION values (3931, '.', 1957, 266005.56, 4170970.50, 334.38);
insert into STATION values (3932, '.', 1957, 266007.32, 4170963.64, 337.98);
insert into STATION values (3933, '.', 1957, 266014.42, 4170970.92, 334.84);
insert into STATION values (3934, '.', 1957, 265996.82, 4170968.66, 335.03);
insert into STATION values (3935, '.', 1957, 266007.41, 4170969.03, 338.46);
insert into STATION values (3936, '.', 1957, 266006.23, 4170969.29, 332.96);
insert into STATION values (3937, '5', 1957, 266018.82, 4170971.57, 333.78);
insert into STATION values (3938, '.', 1957, 266018.82, 4170970.88, 333.85);
insert into STATION values (3939, '.', 1957, 266018.40, 4170972.22, 333.89);
insert into STATION values (3940, '.', 1957, 266018.91, 4170971.48, 334.40);
insert into STATION values (3941, '.', 1957, 266018.87, 4170971.51, 332.27);
insert into STATION values (3942, '6', 1957, 265989.58, 4170966.35, 334.78);
insert into STATION values (3943, '.', 1957, 265988.14, 4170956.30, 335.22);
insert into STATION values (3944, '.', 1957, 265987.38, 4170970.43, 334.55);
insert into STATION values (3945, '.', 1957, 265969.46, 4170962.09, 331.12);
insert into STATION values (3946, '.', 1957, 265988.32, 4170946.45, 339.64);
insert into STATION values (3947, '.', 1957, 265989.41, 4170965.75, 336.70);
insert into STATION values (3948, '.', 1957, 265988.49, 4170966.63, 332.79);
insert into STATION values (3949, '7', 1957, 265975.21, 4170958.76, 328.93);
insert into STATION values (3950, '.', 1957, 265980.23, 4170945.93, 331.36);
insert into STATION values (3951, '.', 1957, 265964.41, 4170937.51, 331.94);
insert into STATION values (3952, '.', 1957, 265951.99, 4170939.24, 324.34);
insert into STATION values (3953, '.', 1957, 265965.48, 4170965.36, 325.51);
insert into STATION values (3954, '.', 1957, 265974.73, 4170967.70, 328.83);
insert into STATION values (3955, '.', 1957, 265993.91, 4170967.42, 336.02);
insert into STATION values (3956, '.', 1957, 265990.49, 4170948.47, 340.35);
insert into STATION values (3957, '.', 1957, 265975.84, 4170940.17, 335.40);
insert into STATION values (3958, '.', 1957, 265974.91, 4170958.01, 334.69);
insert into STATION values (3959, '.', 1957, 265975.04, 4170958.00, 325.82);
insert into STATION values (3960, '8', 1957, 265963.19, 4170958.45, 325.27);
insert into STATION values (3961, '.', 1957, 265952.16, 4170941.95, 325.58);
insert into STATION values (3962, '.', 1957, 265939.66, 4170951.64, 326.56);
insert into STATION values (3963, '.', 1957, 265960.93, 4170968.05, 324.50);
insert into STATION values (3964, '.', 1957, 265931.08, 4170973.94, 323.41);
insert into STATION values (3965, '.', 1957, 265977.86, 4170934.36, 332.25);
insert into STATION values (3966, '.', 1957, 265984.21, 4170971.41, 332.40);
insert into STATION values (3967, '.', 1957, 265963.22, 4170956.99, 332.09);
insert into STATION values (3968, '.', 1957, 265963.32, 4170958.56, 323.61);
insert into STATION values (3969, '9', 1957, 265956.32, 4170962.05, 321.81);
insert into STATION values (3970, '.', 1957, 265921.89, 4170959.25, 326.85);
insert into STATION values (3971, '.', 1957, 265935.44, 4170980.95, 324.47);
insert into STATION values (3972, '.', 1957, 265960.21, 4170973.92, 322.77);
insert into STATION values (3973, '.', 1957, 265960.62, 4170987.32, 320.06);
insert into STATION values (3974, '.', 1957, 265968.73, 4170967.82, 324.86);
insert into STATION values (3975, '.', 1957, 265955.06, 4170941.17, 327.22);
insert into STATION values (3976, '.', 1957, 265954.76, 4170961.66, 326.79);
insert into STATION values (3977, '.', 1957, 265956.83, 4170962.77, 319.87);
insert into STATION values (3978, '10', 1957, 265952.52, 4170979.00, 319.40);
insert into STATION values (3979, '.', 1957, 265959.91, 4170993.61, 318.60);
insert into STATION values (3980, '.', 1957, 265962.10, 4170976.87, 319.07);
insert into STATION values (3981, '.', 1957, 265958.00, 4170972.71, 319.12);
insert into STATION values (3982, '.', 1957, 265952.23, 4170980.19, 324.76);
insert into STATION values (3983, '.', 1957, 265952.43, 4170978.88, 317.95);
insert into STATION values (3984, '11', 1957, 265956.00, 4170975.76, 317.88);
insert into STATION values (3985, '.', 1957, 265959.75, 4170970.23, 318.28);
insert into STATION values (3986, '.', 1957, 265964.37, 4170980.33, 317.39);
insert into STATION values (3987, '.', 1957, 265956.04, 4170975.92, 317.89);
insert into STATION values (3988, '.', 1957, 265959.03, 4170974.58, 322.73);
insert into STATION values (3989, '.', 1957, 265957.06, 4170976.26, 315.49);
insert into STATION values (3990, '12', 1957, 265959.80, 4170980.51, 314.32);
insert into STATION values (3991, '.', 1957, 265963.56, 4170973.40, 314.02);
insert into STATION values (3992, '.', 1957, 265969.40, 4170979.00, 313.98);
insert into STATION values (3993, '.', 1957, 265969.64, 4170991.89, 314.53);
insert into STATION values (3994, '.', 1957, 265956.95, 4171000.69, 314.57);
insert into STATION values (3995, '.', 1957, 265961.71, 4170981.22, 319.78);
insert into STATION values (3996, '.', 1957, 265959.82, 4170980.41, 314.05);
insert into STATION values (3997, '13', 1957, 265971.19, 4170980.32, 314.10);
insert into STATION values (3998, 'F1', 2039, 271949.73, 4189934.93, 585.35);
insert into STATION values (3999, 'F', 2039, 271949.73, 4189934.93, 585.35);
insert into STATION values (4000, '1', 2039, 271981.46, 4189915.71, 585.35);
insert into STATION values (4001, '2', 2039, 271968.42, 4189918.29, 593.34);
insert into STATION values (4002, '3', 2039, 271990.24, 4189910.39, 585.35);
insert into STATION values (4003, '4', 2039, 272002.05, 4189903.23, 585.35);
insert into STATION values (4004, '5', 2039, 272010.86, 4189894.67, 585.35);
insert into STATION values (4005, '6', 2039, 272042.01, 4189885.02, 585.35);
insert into STATION values (4006, '7', 2039, 272052.52, 4189888.60, 585.35);
insert into STATION values (4007, '8', 2039, 272076.57, 4189885.98, 590.94);
insert into STATION values (4008, '9', 2039, 272089.31, 4189877.96, 593.05);
insert into STATION values (4009, '10', 2039, 272088.51, 4189890.52, 600.92);
insert into STATION values (4010, '11', 2039, 272094.40, 4189891.75, 608.62);
insert into STATION values (4011, '12', 2039, 272101.41, 4189890.10, 606.14);
insert into STATION values (4012, '13', 2039, 272087.52, 4189872.46, 595.19);
insert into STATION values (4013, '14', 2039, 272115.29, 4189886.85, 602.59);
insert into STATION values (4014, '15', 2039, 272135.04, 4189887.46, 593.38);
insert into STATION values (4015, '16', 2039, 272151.40, 4189892.09, 590.38);
insert into STATION values (4016, '17', 2039, 272155.73, 4189907.00, 596.97);
insert into STATION values (4017, '18', 2039, 272161.85, 4189913.08, 600.63);
insert into STATION values (4018, '19', 2039, 272173.46, 4189917.72, 599.98);
insert into STATION values (4019, '20', 2039, 272203.35, 4189923.96, 592.93);
insert into STATION values (4020, '21', 2039, 272227.46, 4189928.56, 585.42);
insert into STATION values (4021, '22', 2039, 272227.53, 4189949.00, 587.57);
insert into STATION values (4022, '23', 2039, 272223.63, 4189967.68, 585.23);
insert into STATION values (4023, '24', 2039, 272216.40, 4189964.93, 590.85);
insert into STATION values (4024, '25', 2039, 272205.80, 4189994.39, 593.04);
insert into STATION values (4025, '26', 2039, 272197.87, 4190008.82, 593.61);
insert into STATION values (4026, '27', 2039, 272190.46, 4190024.87, 593.00);
insert into STATION values (4027, '28', 2039, 272184.71, 4190033.45, 596.35);
insert into STATION values (4028, '29', 2039, 272180.11, 4190048.71, 596.35);
insert into STATION values (4029, '30', 2039, 272173.41, 4190075.99, 593.40);
insert into STATION values (4030, '31', 2039, 272097.86, 4189903.64, 619.02);
insert into STATION values (4031, 'Kaptarhana', 2039, 272090.94, 4189902.57, 620.00);
insert into STATION_FLAG values(4031, 'ent');
insert into STATION_FLAG values(4031, 'con');
insert into STATION_FLAG values(4031, 'fix');
insert into STATION_FLAG values(4031, 'air');
insert into STATION values (4032, '.', 2039, 272104.11, 4189901.14, 624.05);
insert into STATION values (4033, '.', 2039, 272104.59, 4189895.86, 627.75);
insert into STATION values (4034, '.', 2039, 272099.28, 4189890.11, 630.50);
insert into STATION values (4035, '.', 2039, 272090.54, 4189883.58, 631.41);
insert into STATION values (4036, '.', 2039, 272082.11, 4189884.63, 625.36);
insert into STATION values (4037, '.', 2039, 272085.17, 4189897.04, 620.70);
insert into STATION values (4038, '0', 2216, 271747.53, 4189738.78, 606.63);
insert into STATION values (4039, '0b', 2216, 271747.53, 4189738.78, 606.63);
insert into STATION values (4040, '.', 2216, 271743.89, 4189747.29, 605.39);
insert into STATION values (4041, '.', 2216, 271752.81, 4189725.50, 605.58);
insert into STATION values (4042, '.', 2216, 271747.66, 4189738.78, 607.50);
insert into STATION values (4043, '.', 2216, 271747.84, 4189739.86, 604.22);
insert into STATION values (4044, '1', 2216, 271753.89, 4189739.95, 605.14);
insert into STATION values (4045, '.', 2216, 271753.15, 4189744.49, 605.42);
insert into STATION values (4046, '.', 2216, 271757.27, 4189732.81, 604.96);
insert into STATION values (4047, '.', 2216, 271754.47, 4189740.18, 606.93);
insert into STATION values (4048, '.', 2216, 271753.99, 4189739.91, 604.71);
insert into STATION values (4049, '2', 2216, 271763.89, 4189745.24, 605.04);
insert into STATION values (4050, '.', 2216, 271763.72, 4189749.72, 604.53);
insert into STATION values (4051, '.', 2216, 271768.59, 4189732.86, 607.68);
insert into STATION values (4052, '.', 2216, 271764.36, 4189745.44, 606.67);
insert into STATION values (4053, '.', 2216, 271764.09, 4189745.34, 604.59);
insert into STATION values (4054, '3', 2216, 271773.30, 4189741.81, 607.91);
insert into STATION values (4055, '.', 2216, 271767.87, 4189749.47, 607.93);
insert into STATION values (4056, '.', 2216, 271777.16, 4189731.36, 607.39);
insert into STATION values (4057, '.', 2216, 271773.02, 4189741.32, 611.07);
insert into STATION values (4058, '.', 2216, 271773.80, 4189742.00, 604.49);
insert into STATION values (4059, '4', 2216, 271782.24, 4189745.89, 606.84);
insert into STATION values (4060, '.', 2216, 271783.57, 4189756.33, 605.83);
insert into STATION values (4061, '.', 2216, 271784.28, 4189736.31, 605.66);
insert into STATION values (4062, '.', 2216, 271783.44, 4189745.43, 610.95);
insert into STATION values (4063, '.', 2216, 271783.02, 4189745.25, 604.10);
insert into STATION values (4064, '5', 2216, 271794.03, 4189751.35, 605.22);
insert into STATION values (4065, '.', 2216, 271789.98, 4189758.92, 604.26);
insert into STATION values (4066, '.', 2216, 271797.82, 4189747.26, 604.35);
insert into STATION values (4067, '.', 2216, 271794.86, 4189751.24, 607.09);
insert into STATION values (4068, '.', 2216, 271794.17, 4189751.38, 604.02);
insert into STATION values (4069, '6', 2216, 271807.32, 4189764.66, 604.40);
insert into STATION values (4070, '.', 2216, 271806.08, 4189766.24, 604.25);
insert into STATION values (4071, '.', 2216, 271810.82, 4189760.27, 604.01);
insert into STATION values (4072, '.', 2216, 271807.87, 4189765.00, 606.37);
insert into STATION values (4073, '.', 2216, 271807.34, 4189764.77, 603.54);
insert into STATION values (4074, '7', 2216, 271813.11, 4189770.15, 604.42);
insert into STATION values (4075, '.', 2216, 271805.27, 4189766.03, 604.38);
insert into STATION values (4076, '.', 2216, 271812.44, 4189757.94, 604.23);
insert into STATION values (4077, '.', 2216, 271808.34, 4189766.11, 609.38);
insert into STATION values (4078, '.', 2216, 271807.33, 4189764.79, 603.42);
insert into STATION values (4079, '8', 2216, 271815.10, 4189774.21, 608.99);
insert into STATION values (4080, '.', 2216, 271814.81, 4189774.73, 608.93);
insert into STATION values (4081, '.', 2216, 271819.34, 4189769.91, 607.81);
insert into STATION values (4082, '.', 2216, 271815.34, 4189774.21, 609.96);
insert into STATION values (4083, '.', 2216, 271815.19, 4189774.06, 607.33);
insert into STATION values (4084, '9', 2216, 271818.31, 4189773.52, 607.47);
insert into STATION values (4085, '.', 2216, 271816.11, 4189775.48, 607.46);
insert into STATION values (4086, '.', 2216, 271821.37, 4189771.80, 607.05);
insert into STATION values (4087, '.', 2216, 271818.87, 4189773.54, 608.41);
insert into STATION values (4088, '.', 2216, 271818.13, 4189773.99, 605.86);
insert into STATION values (4089, '10', 2216, 271817.37, 4189781.44, 604.09);
insert into STATION values (4090, '.', 2216, 271816.52, 4189781.58, 604.08);
insert into STATION values (4091, '.', 2216, 271821.71, 4189781.53, 603.98);
insert into STATION values (4092, '.', 2216, 271817.43, 4189781.56, 605.03);
insert into STATION values (4093, '.', 2216, 271817.36, 4189781.44, 603.58);
insert into STATION values (4094, '11', 2216, 271817.26, 4189786.31, 604.59);
insert into STATION values (4095, '.', 2216, 271815.09, 4189782.72, 603.71);
insert into STATION values (4096, '.', 2216, 271819.88, 4189790.64, 604.17);
insert into STATION values (4097, '.', 2216, 271816.94, 4189786.36, 605.69);
insert into STATION values (4098, '.', 2216, 271817.02, 4189786.30, 603.80);
insert into STATION values (4099, '12', 2216, 271808.64, 4189790.89, 605.15);
insert into STATION values (4100, '.', 2216, 271803.06, 4189783.73, 604.91);
insert into STATION values (4101, '.', 2216, 271813.10, 4189794.93, 605.80);
insert into STATION values (4102, '.', 2216, 271808.00, 4189790.90, 606.96);
insert into STATION values (4103, '.', 2216, 271808.33, 4189791.22, 603.57);
insert into STATION values (4104, '.', 2216, 271808.36, 4189791.06, 606.84);
insert into STATION values (4105, '.', 2216, 271808.40, 4189791.10, 603.65);
insert into STATION values (4106, '13', 2216, 271798.57, 4189794.50, 603.87);
insert into STATION values (4107, '.', 2216, 271790.45, 4189794.88, 603.26);
insert into STATION values (4108, '.', 2216, 271809.42, 4189793.45, 603.76);
insert into STATION values (4109, '.', 2216, 271799.15, 4189794.94, 606.47);
insert into STATION values (4110, '.', 2216, 271798.70, 4189794.59, 602.97);
insert into STATION values (4111, '14', 2216, 271813.29, 4189802.54, 604.17);
insert into STATION values (4112, '.', 2216, 271805.45, 4189811.58, 602.78);
insert into STATION values (4113, '.', 2216, 271813.97, 4189800.92, 604.01);
insert into STATION values (4114, '.', 2216, 271814.07, 4189802.42, 606.27);
insert into STATION values (4115, '.', 2216, 271813.12, 4189802.71, 603.01);
insert into STATION values (4116, '15', 2216, 271816.78, 4189805.70, 608.57);
insert into STATION values (4117, '.', 2216, 271814.15, 4189806.75, 607.71);
insert into STATION values (4118, '.', 2216, 271819.78, 4189805.32, 607.41);
insert into STATION values (4119, '.', 2216, 271816.94, 4189805.74, 609.08);
insert into STATION values (4120, '.', 2216, 271816.91, 4189805.75, 605.94);
insert into STATION values (4121, 'Mumiyskaya', 2216, 271815.85, 4189812.72, 610.00);
insert into STATION_FLAG values(4121, 'ent');
insert into STATION_FLAG values(4121, 'fix');
insert into STATION values (4122, '.', 2216, 271813.03, 4189812.89, 609.47);
insert into STATION values (4123, '.', 2216, 271819.76, 4189811.38, 609.37);
insert into STATION values (4124, '.', 2216, 271816.36, 4189812.59, 612.28);
insert into STATION values (4125, '.', 2216, 271815.91, 4189812.18, 608.20);
insert into STATION values (4126, '0', 2225, 271931.18, 4164111.43, 385.00);
insert into STATION_FLAG values(4126, 'ent');
insert into STATION_FLAG values(4126, 'fix');
insert into STATION values (4127, '.', 2225, 271931.58, 4164121.59, 384.48);
insert into STATION values (4128, '.', 2225, 271937.41, 4164115.55, 385.35);
insert into STATION values (4129, '.', 2225, 271925.36, 4164121.79, 383.94);
insert into STATION values (4130, '.', 2225, 271923.39, 4164113.31, 384.06);
insert into STATION values (4131, '.', 2225, 271931.97, 4164122.26, 382.73);
insert into STATION values (4132, '.', 2225, 271931.60, 4164126.71, 376.60);
insert into STATION values (4133, '.', 2225, 271931.14, 4164126.60, 372.23);
insert into STATION values (4134, '.', 2225, 271930.69, 4164129.76, 366.15);
insert into STATION values (4135, '.', 2225, 271929.97, 4164138.68, 353.52);
insert into STATION values (4136, '.', 2225, 271930.15, 4164131.46, 362.26);
insert into STATION values (4137, '.', 2225, 271916.01, 4164121.61, 367.61);
insert into STATION values (4138, '.', 2225, 271941.96, 4164122.69, 369.20);
insert into STATION values (4139, '.', 2225, 271934.99, 4164125.79, 373.06);
insert into STATION values (4140, '.', 2225, 271935.03, 4164125.83, 371.05);
insert into STATION values (4141, '.', 2225, 271934.88, 4164126.00, 369.21);
insert into STATION values (4142, '.', 2225, 271934.99, 4164127.13, 367.37);
insert into STATION values (4143, '.', 2225, 271935.59, 4164129.88, 363.02);
insert into STATION values (4144, '.', 2225, 271937.73, 4164139.26, 349.83);
insert into STATION values (4145, '1', 2225, 271941.82, 4164121.09, 386.64);
insert into STATION values (4146, '2', 2225, 271941.41, 4164126.48, 386.17);
insert into STATION values (4147, '.', 2225, 271939.61, 4164120.49, 379.59);
insert into STATION values (4148, '.', 2225, 271931.80, 4164105.53, 365.20);
insert into STATION values (4149, '3', 2225, 271916.89, 4164101.75, 348.96);
insert into STATION values (4150, '.', 2225, 271910.95, 4164111.98, 350.87);
insert into STATION values (4151, '.', 2225, 271913.70, 4164121.47, 359.36);
insert into STATION values (4152, '.', 2225, 271907.53, 4164120.60, 351.55);
insert into STATION values (4153, '.', 2225, 271931.73, 4164129.73, 378.86);
insert into STATION values (4154, '.', 2225, 271912.71, 4164129.11, 357.36);
insert into STATION values (4155, '.', 2225, 271918.30, 4164114.01, 367.79);
insert into STATION values (4156, '.', 2225, 271931.54, 4164121.59, 381.93);
insert into STATION values (4157, '.', 2225, 271917.40, 4164114.90, 366.16);
insert into STATION values (4158, '.', 2225, 271916.67, 4164114.28, 361.34);
insert into STATION values (4159, '.', 2225, 271910.90, 4164112.22, 349.94);
insert into STATION values (4160, '.', 2225, 271911.29, 4164110.57, 348.61);
insert into STATION values (4161, '0', 2251, 269085.12, 4169369.40, 614.88);
insert into STATION values (4162, '1', 2251, 269083.69, 4169372.52, 615.92);
insert into STATION values (4163, '2', 2251, 269079.60, 4169369.80, 618.91);
insert into STATION values (4164, '3', 2251, 269076.84, 4169373.59, 622.06);
insert into STATION values (4165, '4', 2251, 269074.65, 4169372.89, 623.13);
insert into STATION values (4166, '5', 2251, 269074.26, 4169375.71, 625.00);
insert into STATION_FLAG values(4166, 'ent');
insert into STATION_FLAG values(4166, 'fix');
insert into STATION values (4167, '-', 2251, 269091.03, 4169364.06, 627.60);
insert into STATION values (4168, '-', 2251, 269088.48, 4169373.20, 625.55);
insert into STATION values (4169, '-', 2251, 269090.56, 4169381.42, 628.29);
insert into STATION values (4170, '-', 2251, 269076.71, 4169362.41, 625.06);
insert into STATION values (4171, '-', 2251, 269082.17, 4169381.03, 625.19);
insert into STATION values (4172, '0', 2255, 269085.12, 4169369.40, 614.88);
insert into STATION values (4173, '1', 2255, 269092.76, 4169366.56, 609.00);
insert into STATION values (4174, '2', 2255, 269098.46, 4169364.96, 604.72);
insert into STATION values (4175, '3', 2255, 269110.39, 4169368.80, 596.86);
insert into STATION values (4176, '4', 2255, 269121.03, 4169371.93, 590.25);
insert into STATION values (4177, '5', 2255, 269131.89, 4169375.38, 586.07);
insert into STATION values (4178, '6', 2255, 269144.43, 4169384.09, 577.60);
insert into STATION values (4179, '7', 2255, 269155.54, 4169396.26, 568.35);
insert into STATION values (4180, '8', 2255, 269179.17, 4169390.37, 563.53);
insert into STATION values (4181, '9', 2255, 269201.50, 4169365.13, 558.48);
insert into STATION values (4182, '10', 2255, 269220.58, 4169363.87, 547.19);
insert into STATION values (4183, '11', 2255, 269240.42, 4169358.04, 535.09);
insert into STATION values (4184, '12', 2255, 269254.76, 4169352.78, 522.47);
insert into STATION values (4185, '13', 2255, 269277.34, 4169354.71, 518.04);
insert into STATION values (4186, '14', 2255, 269290.42, 4169353.48, 514.58);
insert into STATION values (4187, '15', 2255, 269302.39, 4169348.53, 509.17);
insert into STATION values (4188, 'B00', 2255, 269302.96, 4169342.22, 508.17);
insert into STATION values (4189, '17', 2255, 269292.04, 4169339.82, 509.32);
insert into STATION values (4190, '18', 2255, 269279.43, 4169341.10, 509.16);
insert into STATION values (4191, '19', 2255, 269283.80, 4169335.74, 508.82);
insert into STATION values (4192, '20', 2255, 269289.16, 4169317.50, 502.43);
insert into STATION values (4193, '20.1', 2255, 269279.84, 4169321.73, 501.07);
insert into STATION values (4194, '21', 2255, 269292.97, 4169309.76, 498.99);
insert into STATION values (4195, '21.1', 2255, 269285.53, 4169308.72, 501.16);
insert into STATION values (4196, 'B01', 2255, 269299.99, 4169302.88, 497.13);
insert into STATION values (4197, '23', 2255, 269310.47, 4169318.56, 500.92);
insert into STATION values (4198, '24', 2255, 269313.85, 4169323.65, 502.58);
insert into STATION values (4199, '24.1', 2255, 269312.39, 4169333.30, 506.30);
insert into STATION values (4200, '22.1', 2255, 269296.25, 4169295.40, 498.23);
insert into STATION values (4201, '22.2', 2255, 269284.76, 4169283.28, 498.91);
insert into STATION values (4202, '22.3', 2255, 269287.43, 4169258.29, 500.23);
insert into STATION values (4203, 'B02', 2255, 269289.37, 4169251.19, 500.03);
insert into STATION values (4204, '22.4.1', 2255, 269281.11, 4169253.91, 500.69);
insert into STATION values (4205, '22.4.0.1', 2255, 269278.80, 4169243.83, 501.47);
insert into STATION values (4206, '22.4.0.2', 2255, 269269.40, 4169230.24, 499.61);
insert into STATION values (4207, '22.4.0.3', 2255, 269279.92, 4169226.36, 498.19);
insert into STATION values (4208, '22.4.0.3.1', 2255, 269288.28, 4169226.46, 499.52);
insert into STATION values (4209, '22.4.0.4', 2255, 269280.57, 4169223.26, 497.93);
insert into STATION values (4210, 'B3', 2255, 269293.83, 4169212.65, 499.64);
insert into STATION values (4211, '22.5', 2255, 269309.33, 4169262.69, 499.29);
insert into STATION values (4212, '22.6', 2255, 269344.43, 4169266.03, 498.48);
insert into STATION values (4213, '22.6.1', 2255, 269324.76, 4169274.62, 497.32);
insert into STATION values (4214, '22.6.2', 2255, 269305.57, 4169287.50, 497.91);
insert into STATION values (4215, '22.6.3', 2255, 269296.56, 4169293.36, 497.79);
insert into STATION values (4216, '4.1', 2255, 269131.98, 4169356.70, 583.07);
insert into STATION values (4217, '4.2', 2255, 269119.50, 4169333.17, 578.79);
insert into STATION values (4218, '4.3', 2255, 269124.86, 4169324.65, 578.35);
insert into STATION values (4219, '-', 2255, 269084.81, 4169366.31, 615.52);
insert into STATION values (4220, '-', 2255, 269086.54, 4169368.38, 615.40);
insert into STATION values (4221, '-', 2255, 269087.38, 4169370.03, 615.26);
insert into STATION values (4222, '-', 2255, 269088.31, 4169372.10, 615.46);
insert into STATION values (4223, '-', 2255, 269086.49, 4169373.88, 615.75);
insert into STATION values (4224, '-', 2255, 269084.82, 4169375.20, 615.94);
insert into STATION values (4225, '-', 2255, 269087.81, 4169369.12, 613.84);
insert into STATION values (4226, '-', 2255, 269087.72, 4169368.12, 613.77);
insert into STATION values (4227, '-', 2255, 269093.88, 4169367.13, 612.40);
insert into STATION values (4228, '-', 2255, 269095.37, 4169375.35, 610.38);
insert into STATION values (4229, '-', 2255, 269092.25, 4169363.71, 609.13);
insert into STATION values (4230, '-', 2255, 269090.54, 4169378.08, 610.71);
insert into STATION values (4231, '-', 2255, 269101.08, 4169370.26, 606.98);
insert into STATION values (4232, '-', 2255, 269098.46, 4169361.04, 603.08);
insert into STATION values (4233, '-', 2255, 269109.75, 4169386.29, 602.23);
insert into STATION values (4234, '-', 2255, 269099.11, 4169365.29, 602.51);
insert into STATION values (4235, '-', 2255, 269115.81, 4169384.36, 596.65);
insert into STATION values (4236, '-', 2255, 269114.39, 4169338.87, 592.83);
insert into STATION values (4237, '-', 2255, 269112.39, 4169368.57, 602.80);
insert into STATION values (4238, '-', 2255, 269124.03, 4169383.50, 589.76);
insert into STATION values (4239, '-', 2255, 269112.34, 4169331.68, 591.00);
insert into STATION values (4240, '-', 2255, 269124.95, 4169370.95, 601.02);
insert into STATION values (4241, '-', 2255, 269141.91, 4169367.40, 589.65);
insert into STATION values (4242, '-', 2255, 269131.73, 4169354.70, 589.25);
insert into STATION values (4243, '-', 2255, 269131.95, 4169346.70, 582.88);
insert into STATION values (4244, '-', 2255, 269129.48, 4169384.97, 586.39);
insert into STATION values (4245, '-', 2255, 269131.95, 4169372.78, 598.87);
insert into STATION values (4246, '-', 2255, 269135.78, 4169359.16, 590.16);
insert into STATION values (4247, '-', 2255, 269103.87, 4169368.59, 605.14);
insert into STATION values (4248, '-', 2255, 269122.59, 4169371.31, 602.00);
insert into STATION values (4249, '-', 2255, 269138.64, 4169385.34, 583.84);
insert into STATION values (4250, '-', 2255, 269143.02, 4169382.52, 584.66);
insert into STATION values (4251, '-', 2255, 269152.18, 4169377.25, 583.61);
insert into STATION values (4252, '-', 2255, 269146.08, 4169371.76, 583.94);
insert into STATION values (4253, '-', 2255, 269143.99, 4169400.74, 579.45);
insert into STATION values (4254, '-', 2255, 269144.85, 4169384.02, 584.93);
insert into STATION values (4255, '-', 2255, 269146.41, 4169378.40, 586.31);
insert into STATION values (4256, '-', 2255, 269148.10, 4169367.98, 583.22);
insert into STATION values (4257, '-', 2255, 269140.01, 4169376.04, 587.41);
insert into STATION values (4258, '-', 2255, 269132.61, 4169379.82, 587.09);
insert into STATION values (4259, '-', 2255, 269140.74, 4169380.09, 588.02);
insert into STATION values (4260, '-', 2255, 269154.04, 4169406.47, 568.65);
insert into STATION values (4261, '-', 2255, 269155.09, 4169398.00, 583.87);
insert into STATION values (4262, '-', 2255, 269183.41, 4169389.68, 585.33);
insert into STATION values (4263, '-', 2255, 269190.37, 4169405.70, 565.07);
insert into STATION values (4264, '-', 2255, 269180.56, 4169387.29, 583.76);
insert into STATION values (4265, '-', 2255, 269172.64, 4169366.64, 568.26);
insert into STATION values (4266, '-', 2255, 269185.15, 4169361.45, 568.53);
insert into STATION values (4267, '-', 2255, 269213.87, 4169386.84, 569.41);
insert into STATION values (4268, '-', 2255, 269219.09, 4169398.99, 558.57);
insert into STATION values (4269, '-', 2255, 269205.80, 4169370.08, 582.68);
insert into STATION values (4270, '-', 2255, 269200.48, 4169354.77, 560.17);
insert into STATION values (4271, '-', 2255, 269202.45, 4169356.41, 569.88);
insert into STATION values (4272, '-', 2255, 269230.76, 4169383.13, 549.13);
insert into STATION values (4273, '-', 2255, 269220.31, 4169365.50, 568.19);
insert into STATION values (4274, '-', 2255, 269216.92, 4169352.01, 547.86);
insert into STATION values (4275, '-', 2255, 269231.36, 4169353.07, 542.57);
insert into STATION values (4276, '-', 2255, 269240.14, 4169361.60, 543.11);
insert into STATION values (4277, '-', 2255, 269242.38, 4169377.12, 542.18);
insert into STATION values (4278, '-', 2255, 269246.97, 4169376.69, 536.16);
insert into STATION values (4279, '-', 2255, 269243.63, 4169359.64, 540.16);
insert into STATION values (4280, '-', 2255, 269249.62, 4169367.67, 532.37);
insert into STATION values (4281, '-', 2255, 269250.98, 4169361.29, 531.43);
insert into STATION values (4282, '-', 2255, 269248.18, 4169353.21, 531.25);
insert into STATION values (4283, '-', 2255, 269241.02, 4169346.46, 533.76);
insert into STATION values (4284, '-', 2255, 269288.88, 4169456.36, 526.52);
insert into STATION values (4285, '-', 2255, 269255.52, 4169353.16, 525.47);
insert into STATION values (4286, '-', 2255, 269255.09, 4169350.21, 522.77);
insert into STATION values (4287, '-', 2255, 269269.50, 4169345.19, 520.59);
insert into STATION values (4288, '-', 2255, 269271.85, 4169350.21, 520.10);
insert into STATION values (4289, '-', 2255, 269285.08, 4169377.92, 521.40);
insert into STATION values (4290, '-', 2255, 269277.64, 4169356.21, 523.18);
insert into STATION values (4291, '-', 2255, 269276.50, 4169350.72, 518.33);
insert into STATION values (4292, '-', 2255, 269280.76, 4169354.04, 515.13);
insert into STATION values (4293, '-', 2255, 269287.26, 4169352.23, 516.75);
insert into STATION values (4294, '-', 2255, 269288.64, 4169356.72, 516.99);
insert into STATION values (4295, '-', 2255, 269296.15, 4169367.53, 517.50);
insert into STATION values (4296, '-', 2255, 269298.38, 4169375.56, 516.97);
insert into STATION values (4297, '-', 2255, 269293.81, 4169382.51, 517.72);
insert into STATION values (4298, '-', 2255, 269290.28, 4169411.82, 520.38);
insert into STATION values (4299, '-', 2255, 269296.26, 4169365.96, 516.08);
insert into STATION values (4300, '-', 2255, 269295.21, 4169357.21, 514.94);
insert into STATION values (4301, '14b', 2255, 269292.62, 4169353.67, 524.63);
insert into STATION values (4302, '-', 2255, 269289.90, 4169329.21, 509.79);
insert into STATION values (4303, '-', 2255, 269302.36, 4169346.85, 513.57);
insert into STATION values (4304, '-', 2255, 269309.43, 4169325.20, 510.19);
insert into STATION values (4305, '-', 2255, 269315.54, 4169351.75, 509.95);
insert into STATION values (4306, '-', 2255, 269308.83, 4169377.17, 511.61);
insert into STATION values (4307, '-', 2255, 269319.60, 4169368.37, 510.58);
insert into STATION values (4308, '-', 2255, 269302.76, 4169341.64, 513.14);
insert into STATION values (4309, '-', 2255, 269289.36, 4169348.80, 512.95);
insert into STATION values (4310, '-', 2255, 269290.35, 4169349.02, 512.80);
insert into STATION values (4311, '-', 2255, 269291.03, 4169341.00, 512.08);
insert into STATION values (4312, '-', 2255, 269285.16, 4169329.63, 509.29);
insert into STATION values (4313, '-', 2255, 269278.73, 4169333.91, 509.08);
insert into STATION values (4314, '-', 2255, 269277.83, 4169346.72, 510.36);
insert into STATION values (4315, '-', 2255, 269279.25, 4169341.57, 511.35);
insert into STATION values (4316, '-', 2255, 269276.45, 4169335.78, 509.30);
insert into STATION values (4317, '-', 2255, 269263.80, 4169341.69, 508.15);
insert into STATION values (4318, '-', 2255, 269262.64, 4169342.62, 508.62);
insert into STATION values (4319, '-', 2255, 269283.60, 4169335.32, 511.01);
insert into STATION values (4320, '-', 2255, 269278.90, 4169332.68, 508.51);
insert into STATION values (4321, '-', 2255, 269282.13, 4169330.12, 507.90);
insert into STATION values (4322, '-', 2255, 269285.89, 4169327.42, 506.93);
insert into STATION values (4323, '-', 2255, 269282.56, 4169328.01, 506.20);
insert into STATION values (4324, '-', 2255, 269279.11, 4169328.86, 505.31);
insert into STATION values (4325, '-', 2255, 269287.32, 4169316.08, 503.04);
insert into STATION values (4326, '-', 2255, 269284.44, 4169317.26, 503.12);
insert into STATION values (4327, '-', 2255, 269280.21, 4169319.05, 502.81);
insert into STATION values (4328, '-', 2255, 269277.59, 4169321.19, 502.79);
insert into STATION values (4329, '20.1b', 2255, 269279.86, 4169319.93, 513.96);
insert into STATION values (4330, '-', 2255, 269281.35, 4169319.53, 513.02);
insert into STATION values (4331, '-', 2255, 269280.30, 4169310.17, 502.66);
insert into STATION values (4332, '-', 2255, 269286.30, 4169305.26, 501.25);
insert into STATION values (4333, '-', 2255, 269307.57, 4169308.82, 501.22);
insert into STATION values (4334, '21b', 2255, 269296.28, 4169309.90, 518.00);
insert into STATION values (4335, '21.1b', 2255, 269280.63, 4169307.75, 517.20);
insert into STATION values (4336, '-', 2255, 269309.65, 4169302.84, 500.87);
insert into STATION values (4337, '-', 2255, 269290.37, 4169300.03, 500.71);
insert into STATION values (4338, '-', 2255, 269299.20, 4169301.25, 505.54);
insert into STATION values (4339, '-', 2255, 269309.87, 4169307.17, 500.91);
insert into STATION values (4340, '-', 2255, 269309.94, 4169312.81, 500.41);
insert into STATION values (4341, '-', 2255, 269310.83, 4169316.13, 501.49);
insert into STATION values (4342, '-', 2255, 269280.98, 4169280.51, 503.21);
insert into STATION values (4343, '-', 2255, 269280.57, 4169271.13, 504.31);
insert into STATION values (4344, '-', 2255, 269313.59, 4169316.72, 501.74);
insert into STATION values (4345, '-', 2255, 269318.73, 4169318.03, 502.49);
insert into STATION values (4346, '-', 2255, 269311.23, 4169318.86, 507.85);
insert into STATION values (4347, '-', 2255, 269321.31, 4169321.33, 502.64);
insert into STATION values (4348, '-', 2255, 269321.22, 4169325.42, 503.85);
insert into STATION values (4349, '-', 2255, 269320.43, 4169326.70, 503.42);
insert into STATION values (4350, '-', 2255, 269315.67, 4169323.95, 508.63);
insert into STATION values (4351, '-', 2255, 269313.03, 4169303.17, 498.81);
insert into STATION values (4352, '-', 2255, 269311.45, 4169289.16, 500.81);
insert into STATION values (4353, '-', 2255, 269304.71, 4169283.83, 500.20);
insert into STATION values (4354, '-', 2255, 269297.80, 4169294.04, 505.40);
insert into STATION values (4355, '-', 2255, 269287.25, 4169296.72, 500.51);
insert into STATION values (4356, '-', 2255, 269285.60, 4169293.38, 501.23);
insert into STATION values (4357, '-', 2255, 269280.84, 4169288.61, 502.37);
insert into STATION values (4358, '-', 2255, 269297.10, 4169284.05, 500.88);
insert into STATION values (4359, '-', 2255, 269295.83, 4169279.53, 502.59);
insert into STATION values (4360, '-', 2255, 269292.19, 4169279.67, 501.19);
insert into STATION values (4361, '-', 2255, 269279.22, 4169284.09, 501.50);
insert into STATION values (4362, '-', 2255, 269278.42, 4169278.10, 501.90);
insert into STATION values (4363, '-', 2255, 269279.70, 4169274.51, 501.65);
insert into STATION values (4364, '-', 2255, 269293.32, 4169276.42, 502.67);
insert into STATION values (4365, '-', 2255, 269290.45, 4169273.49, 501.85);
insert into STATION values (4366, '-', 2255, 269287.78, 4169269.34, 508.23);
insert into STATION values (4367, '-', 2255, 269285.13, 4169279.93, 505.02);
insert into STATION values (4368, '-', 2255, 269280.09, 4169255.65, 501.20);
insert into STATION values (4369, '-', 2255, 269280.66, 4169257.89, 501.87);
insert into STATION values (4370, '-', 2255, 269290.65, 4169258.46, 500.99);
insert into STATION values (4371, '-', 2255, 269290.77, 4169262.43, 501.37);
insert into STATION values (4372, '-', 2255, 269287.63, 4169258.09, 502.49);
insert into STATION values (4373, '-', 2255, 269292.35, 4169247.56, 501.19);
insert into STATION values (4374, '-', 2255, 269291.44, 4169244.17, 501.80);
insert into STATION values (4375, '-', 2255, 269290.35, 4169238.47, 502.44);
insert into STATION values (4376, '-', 2255, 269278.19, 4169253.98, 501.47);
insert into STATION values (4377, '-', 2255, 269278.69, 4169250.99, 500.98);
insert into STATION values (4378, '-', 2255, 269288.77, 4169251.04, 502.32);
insert into STATION values (4379, '22.4.1b', 2255, 269283.50, 4169253.62, 512.67);
insert into STATION values (4380, '-', 2255, 269279.11, 4169244.17, 499.91);
insert into STATION values (4381, '-', 2255, 269278.61, 4169243.99, 502.13);
insert into STATION values (4382, '-', 2255, 269276.72, 4169245.10, 501.81);
insert into STATION values (4383, '-', 2255, 269278.65, 4169243.82, 501.48);
insert into STATION values (4384, '-', 2255, 269278.37, 4169249.32, 501.78);
insert into STATION values (4385, '-', 2255, 269271.98, 4169241.16, 501.73);
insert into STATION values (4386, '-', 2255, 269294.77, 4169232.39, 501.76);
insert into STATION values (4387, '-', 2255, 269292.42, 4169228.60, 501.48);
insert into STATION values (4388, '-', 2255, 269290.62, 4169225.57, 501.53);
insert into STATION values (4389, '-', 2255, 269287.33, 4169224.35, 502.21);
insert into STATION values (4390, '-', 2255, 269269.44, 4169230.28, 499.40);
insert into STATION values (4391, '-', 2255, 269269.63, 4169230.02, 501.88);
insert into STATION values (4392, '-', 2255, 269264.09, 4169232.43, 500.98);
insert into STATION values (4393, '-', 2255, 269262.08, 4169230.53, 501.52);
insert into STATION values (4394, '-', 2255, 269265.30, 4169226.84, 501.06);
insert into STATION values (4395, '-', 2255, 269268.95, 4169226.13, 501.01);
insert into STATION values (4396, '-', 2255, 269272.39, 4169225.81, 500.67);
insert into STATION values (4397, '-', 2255, 269264.87, 4169232.73, 501.31);
insert into STATION values (4398, '-', 2255, 269268.12, 4169233.61, 500.97);
insert into STATION values (4399, '-', 2255, 269269.58, 4169235.01, 501.26);
insert into STATION values (4400, '-', 2255, 269261.00, 4169228.00, 504.29);
insert into STATION values (4401, '-', 2255, 269261.95, 4169229.66, 503.13);
insert into STATION values (4402, '22.4.0.2b', 2255, 269258.92, 4169228.56, 504.91);
insert into STATION values (4403, '-', 2255, 269281.15, 4169226.51, 503.83);
insert into STATION values (4404, '-', 2255, 269292.45, 4169225.74, 500.41);
insert into STATION values (4405, '-', 2255, 269295.24, 4169230.49, 500.80);
insert into STATION values (4406, '-', 2255, 269295.50, 4169236.08, 501.53);
insert into STATION values (4407, '-', 2255, 269291.71, 4169241.99, 501.62);
insert into STATION values (4408, '-', 2255, 269279.69, 4169236.01, 500.35);
insert into STATION values (4409, '-', 2255, 269277.82, 4169232.71, 499.74);
insert into STATION values (4410, '-', 2255, 269288.47, 4169243.06, 501.81);
insert into STATION values (4411, '-', 2255, 269287.20, 4169225.31, 494.67);
insert into STATION values (4412, '22.4.0.3.1b', 2255, 269286.47, 4169224.18, 514.37);
insert into STATION values (4413, '-', 2255, 269269.31, 4169217.69, 497.01);
insert into STATION values (4414, '-', 2255, 269274.63, 4169216.10, 496.80);
insert into STATION values (4415, '-', 2255, 269276.76, 4169215.10, 496.98);
insert into STATION values (4416, '-', 2255, 269275.37, 4169205.95, 496.09);
insert into STATION values (4417, '-', 2255, 269281.34, 4169222.47, 502.67);
insert into STATION values (4418, '-', 2255, 269267.24, 4169219.14, 500.06);
insert into STATION values (4419, '-', 2255, 269266.25, 4169219.64, 500.25);
insert into STATION values (4420, '-', 2255, 269271.23, 4169223.40, 499.94);
insert into STATION values (4421, '-', 2255, 269289.21, 4169222.10, 500.52);
insert into STATION values (4422, '-', 2255, 269290.57, 4169223.45, 500.83);
insert into STATION values (4423, '-', 2255, 269290.57, 4169225.05, 500.79);
insert into STATION values (4424, '-', 2255, 269308.39, 4169265.69, 500.52);
insert into STATION values (4425, '-', 2255, 269309.12, 4169263.01, 502.35);
insert into STATION values (4426, '-', 2255, 269311.61, 4169257.89, 501.57);
insert into STATION values (4427, '-', 2255, 269314.99, 4169259.00, 501.44);
insert into STATION values (4428, '-', 2255, 269320.19, 4169257.91, 501.56);
insert into STATION values (4429, '-', 2255, 269307.87, 4169255.76, 501.44);
insert into STATION values (4430, '-', 2255, 269301.36, 4169263.26, 501.27);
insert into STATION values (4431, '-', 2255, 269364.84, 4169273.23, 499.00);
insert into STATION values (4432, '-', 2255, 269350.21, 4169308.77, 498.96);
insert into STATION values (4433, '-', 2255, 269345.13, 4169265.48, 502.11);
insert into STATION values (4434, '-', 2255, 269344.39, 4169259.13, 499.85);
insert into STATION values (4435, '-', 2255, 269335.92, 4169259.62, 499.62);
insert into STATION values (4436, '-', 2255, 269325.64, 4169259.78, 499.99);
insert into STATION values (4437, '-', 2255, 269323.41, 4169282.95, 498.45);
insert into STATION values (4438, '-', 2255, 269324.73, 4169279.65, 500.05);
insert into STATION values (4439, '-', 2255, 269323.44, 4169283.94, 497.97);
insert into STATION values (4440, '-', 2255, 269325.70, 4169285.46, 498.52);
insert into STATION values (4441, '-', 2255, 269328.72, 4169287.54, 498.26);
insert into STATION values (4442, '-', 2255, 269332.44, 4169289.08, 498.73);
insert into STATION values (4443, '-', 2255, 269335.28, 4169288.02, 499.14);
insert into STATION values (4444, '-', 2255, 269325.31, 4169274.05, 500.94);
insert into STATION values (4445, '-', 2255, 269314.03, 4169266.69, 498.99);
insert into STATION values (4446, '-', 2255, 269313.32, 4169272.78, 498.79);
insert into STATION values (4447, '-', 2255, 269313.90, 4169277.72, 498.81);
insert into STATION values (4448, '-', 2255, 269301.15, 4169280.48, 500.68);
insert into STATION values (4449, '-', 2255, 269316.09, 4169290.08, 500.34);
insert into STATION values (4450, '-', 2255, 269304.31, 4169287.68, 502.70);
insert into STATION values (4451, '-', 2255, 269139.64, 4169357.78, 583.68);
insert into STATION values (4452, '-', 2255, 269122.40, 4169341.91, 585.47);
insert into STATION values (4453, '-', 2255, 269130.84, 4169357.16, 593.07);
insert into STATION values (4454, '-', 2255, 269133.72, 4169348.52, 579.00);
insert into STATION values (4455, '-', 2255, 269129.38, 4169349.43, 579.34);
insert into STATION values (4456, '-', 2255, 269121.14, 4169333.57, 578.99);
insert into STATION values (4457, '-', 2255, 269119.80, 4169333.20, 579.99);
insert into STATION values (4458, '-', 2255, 269118.13, 4169331.95, 578.97);
insert into STATION values (4459, '-', 2255, 269122.50, 4169329.92, 578.50);
insert into STATION values (4460, '-', 2255, 269121.17, 4169328.94, 578.45);
insert into STATION values (4461, '-', 2255, 269121.68, 4169330.86, 579.37);
insert into STATION values (4462, '-', 2255, 269121.02, 4169328.95, 579.35);
insert into STATION values (4463, '-', 2255, 269117.19, 4169337.04, 579.35);
insert into STATION values (4464, '-', 2255, 269113.89, 4169335.61, 579.75);
insert into STATION values (4465, '-', 2255, 269114.44, 4169333.84, 578.95);
insert into STATION values (4466, '-', 2255, 269124.87, 4169324.65, 578.35);
insert into STATION values (4467, '-', 2255, 269124.85, 4169324.66, 578.35);
insert into STATION values (4468, '-', 2255, 269119.80, 4169333.34, 578.78);
insert into STATION values (4469, '-', 2255, 269119.81, 4169333.34, 578.78);
insert into STATION values (4470, '-', 2255, 269124.50, 4169324.36, 578.38);
insert into STATION values (4471, '-', 2255, 269124.91, 4169324.62, 578.73);
insert into STATION values (4472, '-', 2255, 269124.45, 4169324.41, 578.40);
insert into STATION values (4473, '-', 2255, 269125.20, 4169324.87, 578.36);
insert into STATION values (4474, '4.3b', 2255, 269127.56, 4169320.45, 577.23);
insert into STATION values (4475, 'B80', 2262, 269152.04, 4169086.17, 472.63);
insert into STATION values (4476, '.', 2262, 269152.99, 4169089.00, 472.49);
insert into STATION values (4477, '.', 2262, 269151.32, 4169087.08, 472.76);
insert into STATION values (4478, '.', 2262, 269148.04, 4169086.55, 472.97);
insert into STATION values (4479, '.', 2262, 269151.18, 4169085.04, 472.72);
insert into STATION values (4480, '.', 2262, 269152.53, 4169086.16, 474.91);
insert into STATION values (4481, '.', 2262, 269151.61, 4169088.62, 470.96);
insert into STATION values (4482, '.', 2262, 269151.08, 4169087.73, 470.59);
insert into STATION values (4483, '.', 2262, 269151.17, 4169088.29, 469.59);
insert into STATION values (4484, '.', 2262, 269152.04, 4169086.35, 471.71);
insert into STATION values (4485, '.', 2262, 269155.34, 4169086.32, 471.65);
insert into STATION values (4486, '.', 2262, 269156.06, 4169088.30, 473.17);
insert into STATION values (4487, '.', 2262, 269154.37, 4169086.24, 474.65);
insert into STATION values (4488, '.', 2262, 269155.48, 4169083.48, 474.44);
insert into STATION values (4489, '.', 2262, 269160.67, 4169082.65, 473.94);
insert into STATION values (4490, '.', 2262, 269169.72, 4169084.01, 474.85);
insert into STATION values (4491, '.', 2262, 269158.37, 4169084.92, 472.73);
insert into STATION values (4492, '.', 2262, 269157.53, 4169088.36, 473.32);
insert into STATION values (4493, '1', 2262, 269151.36, 4169090.02, 469.20);
insert into STATION values (4494, '2', 2262, 269167.97, 4169090.78, 473.38);
insert into STATION values (4495, '.', 2262, 269167.94, 4169090.37, 471.41);
insert into STATION values (4496, '.', 2262, 269167.77, 4169089.75, 476.27);
insert into STATION values (4497, '.', 2262, 269164.15, 4169086.97, 476.32);
insert into STATION values (4498, '.', 2262, 269158.04, 4169083.81, 474.00);
insert into STATION values (4499, '.', 2262, 269165.70, 4169080.98, 474.09);
insert into STATION values (4500, '.', 2262, 269170.47, 4169077.99, 475.57);
insert into STATION values (4501, '.', 2262, 269169.64, 4169087.15, 474.20);
insert into STATION values (4502, '.', 2262, 269171.15, 4169083.01, 470.16);
insert into STATION values (4503, '.', 2262, 269167.53, 4169088.63, 471.78);
insert into STATION values (4504, '.', 2262, 269165.10, 4169093.35, 472.24);
insert into STATION values (4505, '.', 2262, 269162.44, 4169091.73, 473.21);
insert into STATION values (4506, '.', 2262, 269159.84, 4169089.67, 474.10);
insert into STATION values (4507, '.', 2262, 269164.45, 4169091.45, 476.61);
insert into STATION values (4508, '.', 2262, 269165.33, 4169092.12, 471.61);
insert into STATION values (4509, '3', 2262, 269170.68, 4169081.93, 470.38);
insert into STATION values (4510, '.', 2262, 269168.92, 4169083.42, 470.18);
insert into STATION values (4511, '.', 2262, 269166.37, 4169087.01, 471.67);
insert into STATION values (4512, '.', 2262, 269169.41, 4169081.52, 470.79);
insert into STATION values (4513, '.', 2262, 269170.27, 4169080.68, 470.64);
insert into STATION values (4514, '.', 2262, 269169.10, 4169079.98, 468.82);
insert into STATION values (4515, '.', 2262, 269165.30, 4169079.05, 467.00);
insert into STATION values (4516, '.', 2262, 269167.77, 4169080.90, 468.76);
insert into STATION values (4517, '.', 2262, 269168.47, 4169080.86, 468.52);
insert into STATION values (4518, '.', 2262, 269175.38, 4169096.61, 469.54);
insert into STATION values (4519, '.', 2262, 269178.86, 4169096.89, 469.48);
insert into STATION values (4520, '.', 2262, 269170.70, 4169082.89, 475.59);
insert into STATION values (4521, '.', 2262, 269170.25, 4169078.37, 475.99);
insert into STATION values (4522, '.', 2262, 269172.53, 4169082.39, 470.51);
insert into STATION values (4523, '.', 2262, 269175.08, 4169079.29, 472.42);
insert into STATION values (4524, '.', 2262, 269184.46, 4169083.34, 475.23);
insert into STATION values (4525, '.', 2262, 269181.14, 4169079.85, 483.50);
insert into STATION values (4526, '.', 2262, 269181.47, 4169087.32, 473.61);
insert into STATION values (4527, '.', 2262, 269180.76, 4169085.35, 471.55);
insert into STATION values (4528, '.', 2262, 269189.38, 4169076.66, 476.43);
insert into STATION values (4529, '4', 2262, 269164.59, 4169078.38, 467.32);
insert into STATION values (4530, '5', 2262, 269185.14, 4169083.92, 472.87);
insert into STATION values (4531, '.', 2262, 269187.96, 4169075.91, 473.39);
insert into STATION values (4532, '.', 2262, 269191.40, 4169076.98, 474.86);
insert into STATION values (4533, '.', 2262, 269186.45, 4169086.29, 474.90);
insert into STATION values (4534, '.', 2262, 269184.10, 4169085.69, 471.99);
insert into STATION values (4535, '.', 2262, 269180.81, 4169089.55, 472.45);
insert into STATION values (4536, '.', 2262, 269178.96, 4169097.38, 471.08);
insert into STATION values (4537, '.', 2262, 269182.98, 4169098.78, 471.77);
insert into STATION values (4538, '.', 2262, 269188.66, 4169103.41, 471.31);
insert into STATION values (4539, '.', 2262, 269189.82, 4169099.51, 472.33);
insert into STATION values (4540, '.', 2262, 269190.47, 4169096.46, 472.87);
insert into STATION values (4541, '.', 2262, 269189.23, 4169089.89, 472.58);
insert into STATION values (4542, '.', 2262, 269199.38, 4169103.01, 473.41);
insert into STATION values (4543, '.', 2262, 269196.34, 4169104.77, 475.19);
insert into STATION values (4544, '.', 2262, 269209.29, 4169102.43, 477.26);
insert into STATION values (4545, '.', 2262, 269198.25, 4169099.42, 477.63);
insert into STATION values (4546, '.', 2262, 269188.61, 4169089.65, 477.00);
insert into STATION values (4547, '.', 2262, 269185.93, 4169085.80, 475.77);
insert into STATION values (4548, 'B79', 2262, 269202.59, 4169103.97, 474.40);
insert into STATION values (4549, '.', 2262, 269201.34, 4169103.56, 477.65);
insert into STATION values (4550, '.', 2262, 269198.00, 4169108.81, 475.70);
insert into STATION values (4551, '.', 2262, 269202.25, 4169104.07, 473.51);
insert into STATION values (4552, '.', 2262, 269193.59, 4169102.45, 474.56);
insert into STATION values (4553, '.', 2262, 269192.44, 4169097.81, 475.76);
insert into STATION values (4554, '.', 2262, 269182.16, 4169089.10, 473.70);
insert into STATION values (4555, '.', 2262, 269196.03, 4169096.97, 472.45);
insert into STATION values (4556, '.', 2262, 269189.90, 4169076.18, 475.36);
insert into STATION values (4557, '.', 2262, 269195.68, 4169078.98, 475.13);
insert into STATION values (4558, '.', 2262, 269202.10, 4169101.11, 477.23);
insert into STATION values (4559, '.', 2262, 269207.73, 4169089.48, 476.29);
insert into STATION values (4560, '.', 2262, 269207.79, 4169091.06, 472.55);
insert into STATION values (4561, '.', 2262, 269204.07, 4169100.90, 473.17);
insert into STATION values (4562, '.', 2262, 269221.45, 4169085.47, 478.35);
insert into STATION values (4563, '.', 2262, 269220.67, 4169087.48, 480.37);
insert into STATION values (4564, '.', 2262, 269232.45, 4169087.45, 476.67);
insert into STATION values (4565, '.', 2262, 269222.15, 4169095.20, 475.90);
insert into STATION values (4566, '.', 2262, 269208.49, 4169103.97, 476.90);
insert into STATION values (4567, '.', 2262, 269218.02, 4169118.48, 477.19);
insert into STATION values (4568, '.', 2262, 269206.72, 4169115.05, 477.05);
insert into STATION values (4569, '.', 2262, 269210.64, 4169109.01, 478.69);
insert into STATION values (4570, '.', 2262, 269221.31, 4169113.00, 480.36);
insert into STATION values (4571, '.', 2262, 269219.59, 4169110.65, 474.95);
insert into STATION values (4572, '.', 2262, 269205.06, 4169104.69, 473.83);
insert into STATION values (4573, '7', 2262, 269205.45, 4169071.56, 473.61);
insert into STATION values (4574, '8', 2262, 269195.02, 4169102.56, 473.14);
insert into STATION values (4575, '.', 2262, 269195.02, 4169105.09, 473.18);
insert into STATION values (4576, '.', 2262, 269192.71, 4169105.30, 471.93);
insert into STATION values (4577, '.', 2262, 269192.69, 4169104.71, 473.50);
insert into STATION values (4578, '.', 2262, 269192.02, 4169104.24, 472.80);
insert into STATION values (4579, '.', 2262, 269191.30, 4169106.18, 472.40);
insert into STATION values (4580, '9', 2262, 269177.94, 4169117.96, 472.30);
insert into STATION values (4581, '10', 2262, 269223.08, 4169088.90, 474.29);
insert into STATION values (4582, '.', 2262, 269222.44, 4169085.40, 476.98);
insert into STATION values (4583, '.', 2262, 269222.97, 4169088.17, 474.48);
insert into STATION values (4584, '.', 2262, 269222.91, 4169088.84, 481.16);
insert into STATION values (4585, '.', 2262, 269223.57, 4169093.71, 477.81);
insert into STATION values (4586, '.', 2262, 269224.77, 4169093.87, 477.68);
insert into STATION values (4587, '.', 2262, 269223.23, 4169091.23, 473.50);
insert into STATION values (4588, '.', 2262, 269215.60, 4169094.43, 472.33);
insert into STATION values (4589, '.', 2262, 269214.31, 4169092.83, 479.28);
insert into STATION values (4590, '.', 2262, 269218.85, 4169091.16, 483.75);
insert into STATION values (4591, '.', 2262, 269231.40, 4169085.61, 478.44);
insert into STATION values (4592, '.', 2262, 269237.89, 4169090.18, 479.76);
insert into STATION values (4593, '.', 2262, 269238.66, 4169095.18, 480.44);
insert into STATION values (4594, '.', 2262, 269247.15, 4169089.34, 485.98);
insert into STATION values (4595, '.', 2262, 269231.00, 4169089.74, 482.89);
insert into STATION values (4596, '.', 2262, 269236.81, 4169097.07, 484.99);
insert into STATION values (4597, '.', 2262, 269238.16, 4169096.63, 479.54);
insert into STATION values (4598, '.', 2262, 269235.82, 4169096.59, 477.40);
insert into STATION values (4599, '.', 2262, 269230.99, 4169093.09, 475.17);
insert into STATION values (4600, '.', 2262, 269228.16, 4169091.11, 473.92);
insert into STATION values (4601, '.', 2262, 269225.54, 4169092.66, 475.18);
insert into STATION values (4602, '.', 2262, 269226.41, 4169093.52, 478.76);
insert into STATION values (4603, '.', 2262, 269227.68, 4169093.53, 476.30);
insert into STATION values (4604, '11', 2262, 269236.85, 4169097.51, 479.42);
insert into STATION values (4605, '.', 2262, 269234.47, 4169101.95, 480.83);
insert into STATION values (4606, '.', 2262, 269243.39, 4169095.74, 481.20);
insert into STATION values (4607, '.', 2262, 269237.86, 4169097.04, 478.59);
insert into STATION values (4608, '.', 2262, 269242.56, 4169101.67, 484.94);
insert into STATION values (4609, '.', 2262, 269254.31, 4169110.26, 485.46);
insert into STATION values (4610, '.', 2262, 269265.58, 4169115.57, 485.16);
insert into STATION values (4611, '.', 2262, 269259.72, 4169116.13, 482.52);
insert into STATION values (4612, '.', 2262, 269245.95, 4169108.97, 481.27);
insert into STATION values (4613, '.', 2262, 269239.12, 4169104.04, 481.35);
insert into STATION values (4614, '.', 2262, 269238.78, 4169098.60, 478.54);
insert into STATION values (4615, '.', 2262, 269244.80, 4169104.08, 478.61);
insert into STATION values (4616, '.', 2262, 269246.96, 4169102.24, 480.38);
insert into STATION values (4617, '12', 2262, 269259.89, 4169112.91, 481.05);
insert into STATION values (4618, '.', 2262, 269260.91, 4169116.39, 482.06);
insert into STATION values (4619, '.', 2262, 269260.70, 4169113.13, 486.07);
insert into STATION values (4620, '.', 2262, 269261.08, 4169111.06, 487.29);
insert into STATION values (4621, '.', 2262, 269261.04, 4169108.73, 484.52);
insert into STATION values (4622, '.', 2262, 269261.66, 4169106.10, 482.46);
insert into STATION values (4623, '.', 2262, 269260.14, 4169112.72, 480.60);
insert into STATION values (4624, '.', 2262, 269255.36, 4169115.86, 481.36);
insert into STATION values (4625, '.', 2262, 269251.11, 4169113.63, 477.84);
insert into STATION values (4626, '.', 2262, 269253.21, 4169113.40, 483.59);
insert into STATION values (4627, '.', 2262, 269257.43, 4169112.28, 485.51);
insert into STATION values (4628, '.', 2262, 269254.47, 4169105.20, 484.44);
insert into STATION values (4629, '.', 2262, 269252.16, 4169107.26, 480.56);
insert into STATION values (4630, '.', 2262, 269267.05, 4169118.53, 483.25);
insert into STATION values (4631, '.', 2262, 269277.13, 4169121.37, 484.46);
insert into STATION values (4632, '.', 2262, 269276.44, 4169114.26, 483.56);
insert into STATION values (4633, '.', 2262, 269268.60, 4169110.69, 483.17);
insert into STATION values (4634, '.', 2262, 269265.24, 4169113.94, 480.08);
insert into STATION values (4635, '.', 2262, 269273.50, 4169116.60, 481.29);
insert into STATION values (4636, '.', 2262, 269266.34, 4169114.23, 485.93);
insert into STATION values (4637, '.', 2262, 269270.24, 4169115.69, 485.79);
insert into STATION values (4638, '13', 2262, 269278.15, 4169118.10, 482.65);
insert into STATION values (4639, '.', 2262, 269278.24, 4169114.41, 483.31);
insert into STATION values (4640, '.', 2262, 269279.81, 4169117.59, 488.16);
insert into STATION values (4641, '.', 2262, 269278.82, 4169121.29, 484.44);
insert into STATION values (4642, '.', 2262, 269278.36, 4169118.13, 482.06);
insert into STATION values (4643, '.', 2262, 269284.13, 4169119.12, 481.36);
insert into STATION values (4644, '.', 2262, 269293.17, 4169120.95, 481.50);
insert into STATION values (4645, '.', 2262, 269301.33, 4169122.21, 481.87);
insert into STATION values (4646, '.', 2262, 269289.77, 4169122.62, 483.37);
insert into STATION values (4647, '.', 2262, 269285.00, 4169122.42, 483.56);
insert into STATION values (4648, '.', 2262, 269308.24, 4169122.68, 484.78);
insert into STATION values (4649, '.', 2262, 269296.10, 4169119.56, 487.28);
insert into STATION values (4650, '.', 2262, 269287.82, 4169116.31, 484.65);
insert into STATION values (4651, 'B78', 2262, 269302.58, 4169124.73, 483.21);
insert into STATION values (4652, '.', 2262, 269304.76, 4169119.79, 483.29);
insert into STATION values (4653, '.', 2262, 269304.42, 4169123.00, 481.43);
insert into STATION values (4654, '.', 2262, 269303.38, 4169125.06, 487.27);
insert into STATION values (4655, '.', 2262, 269296.21, 4169132.19, 485.58);
insert into STATION values (4656, '.', 2262, 269286.03, 4169152.89, 488.79);
insert into STATION values (4657, '.', 2262, 269293.45, 4169154.33, 490.71);
insert into STATION values (4658, '.', 2262, 269302.19, 4169130.95, 485.42);
insert into STATION values (4659, '.', 2262, 269302.68, 4169127.81, 486.13);
insert into STATION values (4660, '.', 2262, 269297.98, 4169136.44, 489.29);
insert into STATION values (4661, '.', 2262, 269298.11, 4169135.57, 485.03);
insert into STATION values (4662, '.', 2262, 269301.17, 4169127.09, 483.29);
insert into STATION values (4663, '.', 2262, 269294.72, 4169128.64, 486.15);
insert into STATION values (4664, '.', 2262, 269290.11, 4169128.42, 485.90);
insert into STATION values (4665, '.', 2262, 269293.01, 4169125.26, 486.51);
insert into STATION values (4666, '.', 2262, 269286.90, 4169124.77, 485.75);
insert into STATION values (4667, '.', 2262, 269293.96, 4169126.72, 483.91);
insert into STATION values (4668, '.', 2262, 269295.01, 4169124.85, 482.71);
insert into STATION values (4669, '.', 2262, 269300.52, 4169125.89, 482.88);
insert into STATION values (4670, '.', 2262, 269303.96, 4169119.90, 482.53);
insert into STATION values (4671, '.', 2262, 269299.27, 4169118.01, 483.60);
insert into STATION values (4672, '.', 2262, 269292.61, 4169116.87, 483.17);
insert into STATION values (4673, '.', 2262, 269300.18, 4169122.55, 481.30);
insert into STATION values (4674, '.', 2262, 269291.94, 4169122.90, 482.06);
insert into STATION values (4675, '.', 2262, 269285.98, 4169117.50, 485.34);
insert into STATION values (4676, '.', 2262, 269307.51, 4169128.84, 485.42);
insert into STATION values (4677, '.', 2262, 269313.85, 4169132.21, 491.60);
insert into STATION values (4678, '.', 2262, 269315.34, 4169128.38, 488.01);
insert into STATION values (4679, '.', 2262, 269315.58, 4169132.75, 487.08);
insert into STATION values (4680, '.', 2262, 269320.85, 4169140.48, 492.04);
insert into STATION values (4681, '15', 2262, 269318.31, 4169133.52, 490.38);
insert into STATION values (4682, '16', 2262, 269291.39, 4169126.37, 484.28);
insert into STATION values (4683, '.', 2262, 269290.64, 4169123.90, 485.48);
insert into STATION values (4684, '.', 2262, 269291.15, 4169125.52, 484.44);
insert into STATION values (4685, '.', 2262, 269291.16, 4169126.55, 486.40);
insert into STATION values (4686, '.', 2262, 269290.91, 4169128.81, 485.60);
insert into STATION values (4687, '.', 2262, 269291.28, 4169127.75, 484.01);
insert into STATION values (4688, '.', 2262, 269290.10, 4169126.52, 483.81);
insert into STATION values (4689, '.', 2262, 269284.04, 4169127.06, 483.47);
insert into STATION values (4690, '.', 2262, 269271.39, 4169128.10, 485.69);
insert into STATION values (4691, '.', 2262, 269286.43, 4169126.61, 486.26);
insert into STATION values (4692, '.', 2262, 269281.85, 4169124.80, 485.32);
insert into STATION values (4693, '.', 2262, 269273.77, 4169125.18, 484.59);
insert into STATION values (4694, '.', 2262, 269278.44, 4169129.47, 484.49);
insert into STATION values (4695, '.', 2262, 269268.06, 4169130.50, 484.41);
insert into STATION values (4696, '17', 2262, 269267.17, 4169129.39, 482.98);
insert into STATION values (4697, '.', 2262, 269265.94, 4169125.63, 483.98);
insert into STATION values (4698, '.', 2262, 269266.70, 4169128.19, 482.31);
insert into STATION values (4699, '.', 2262, 269267.10, 4169130.88, 483.53);
insert into STATION values (4700, '.', 2262, 269266.76, 4169129.70, 485.01);
insert into STATION values (4701, '.', 2262, 269261.10, 4169128.38, 483.05);
insert into STATION values (4702, '.', 2262, 269260.11, 4169137.41, 480.06);
insert into STATION values (4703, '.', 2262, 269266.08, 4169128.89, 482.07);
insert into STATION values (4704, '.', 2262, 269262.19, 4169130.15, 479.90);
insert into STATION values (4705, 'B77', 2262, 269249.20, 4169139.92, 481.00);
insert into STATION values (4706, '.', 2262, 269257.54, 4169129.41, 479.47);
insert into STATION values (4707, '.', 2262, 269253.74, 4169150.30, 483.49);
insert into STATION values (4708, '.', 2262, 269249.46, 4169140.88, 480.59);
insert into STATION values (4709, '.', 2262, 269250.28, 4169140.06, 483.66);
insert into STATION values (4710, '.', 2262, 269257.95, 4169139.84, 483.90);
insert into STATION values (4711, '.', 2262, 269273.52, 4169134.64, 482.65);
insert into STATION values (4712, '.', 2262, 269237.62, 4169153.55, 483.48);
insert into STATION values (4713, '.', 2262, 269246.71, 4169124.85, 480.81);
insert into STATION values (4714, '.', 2262, 269253.32, 4169127.57, 481.18);
insert into STATION values (4715, '.', 2262, 269236.27, 4169126.23, 482.42);
insert into STATION values (4716, '.', 2262, 269245.86, 4169130.98, 483.88);
insert into STATION values (4717, '19', 2262, 269244.75, 4169132.36, 480.73);
insert into STATION values (4718, '.', 2262, 269235.64, 4169134.40, 480.99);
insert into STATION values (4719, '.', 2262, 269245.23, 4169132.62, 483.77);
insert into STATION values (4720, '.', 2262, 269255.04, 4169129.61, 482.43);
insert into STATION values (4721, '.', 2262, 269234.15, 4169128.74, 480.00);
insert into STATION values (4722, '.', 2262, 269235.09, 4169123.97, 479.04);
insert into STATION values (4723, '.', 2262, 269225.94, 4169104.30, 478.19);
insert into STATION values (4724, '.', 2262, 269236.09, 4169120.36, 484.44);
insert into STATION values (4725, '.', 2262, 269244.26, 4169131.06, 483.16);
insert into STATION values (4726, '.', 2262, 269251.51, 4169125.61, 479.71);
insert into STATION values (4727, '.', 2262, 269243.72, 4169125.22, 476.86);
insert into STATION values (4728, '.', 2262, 269241.03, 4169115.91, 477.33);
insert into STATION values (4729, '21', 2262, 269246.54, 4169150.50, 481.15);
insert into STATION values (4730, '.', 2262, 269252.09, 4169151.25, 482.07);
insert into STATION values (4731, '.', 2262, 269251.65, 4169155.19, 481.48);
insert into STATION values (4732, '.', 2262, 269247.37, 4169154.42, 480.17);
insert into STATION values (4733, '.', 2262, 269250.07, 4169159.58, 480.26);
insert into STATION values (4734, '.', 2262, 269247.41, 4169155.41, 483.18);
insert into STATION values (4735, '.', 2262, 269249.45, 4169163.14, 481.65);
insert into STATION values (4736, '.', 2262, 269244.65, 4169160.57, 480.72);
insert into STATION values (4737, '.', 2262, 269243.98, 4169155.69, 481.47);
insert into STATION values (4738, '.', 2262, 269246.08, 4169151.63, 484.30);
insert into STATION values (4739, '.', 2262, 269238.51, 4169153.84, 483.03);
insert into STATION values (4740, '22', 2262, 269255.26, 4169163.71, 481.17);
insert into STATION values (4741, '.', 2262, 269252.07, 4169167.02, 481.72);
insert into STATION values (4742, '.', 2262, 269255.34, 4169164.11, 480.76);
insert into STATION values (4743, '.', 2262, 269255.86, 4169163.94, 483.45);
insert into STATION values (4744, '.', 2262, 269255.87, 4169173.78, 484.68);
insert into STATION values (4745, '.', 2262, 269261.40, 4169180.19, 485.46);
insert into STATION values (4746, '.', 2262, 269256.84, 4169166.55, 481.86);
insert into STATION values (4747, '.', 2262, 269262.77, 4169175.43, 485.56);
insert into STATION values (4748, '.', 2262, 269264.13, 4169173.72, 485.08);
insert into STATION values (4749, '.', 2262, 269266.57, 4169165.47, 485.29);
insert into STATION values (4750, '.', 2262, 269267.43, 4169163.55, 484.36);
insert into STATION values (4751, '.', 2262, 269258.15, 4169160.54, 482.66);
insert into STATION values (4752, 'B76', 2262, 269260.49, 4169162.76, 482.90);
insert into STATION values (4753, '.', 2262, 269266.90, 4169160.89, 484.06);
insert into STATION values (4754, '.', 2262, 269268.18, 4169163.99, 484.03);
insert into STATION values (4755, '.', 2262, 269270.48, 4169170.73, 484.86);
insert into STATION values (4756, '.', 2262, 269262.07, 4169165.99, 483.67);
insert into STATION values (4757, '.', 2262, 269267.52, 4169157.82, 484.19);
insert into STATION values (4758, '.', 2262, 269262.83, 4169159.89, 484.17);
insert into STATION values (4759, '.', 2262, 269260.52, 4169160.65, 483.10);
insert into STATION values (4760, '.', 2262, 269273.72, 4169141.30, 485.60);
insert into STATION values (4761, '.', 2262, 269270.06, 4169151.42, 482.90);
insert into STATION values (4762, '.', 2262, 269269.12, 4169166.21, 483.76);
insert into STATION values (4763, '.', 2262, 269273.73, 4169167.99, 484.57);
insert into STATION values (4764, '24', 2262, 269278.17, 4169169.04, 485.95);
insert into STATION values (4765, '.', 2262, 269284.60, 4169171.34, 486.72);
insert into STATION values (4766, '.', 2262, 269278.79, 4169169.03, 487.80);
insert into STATION values (4767, '.', 2262, 269277.92, 4169169.58, 485.61);
insert into STATION values (4768, '.', 2262, 269279.02, 4169167.16, 486.23);
insert into STATION values (4769, '.', 2262, 269284.39, 4169163.31, 486.16);
insert into STATION values (4770, '.', 2262, 269288.14, 4169166.96, 486.97);
insert into STATION values (4771, '.', 2262, 269279.50, 4169175.97, 487.67);
insert into STATION values (4772, '.', 2262, 269271.24, 4169172.22, 485.84);
insert into STATION values (4773, '.', 2262, 269276.37, 4169171.00, 485.51);
insert into STATION values (4774, '.', 2262, 269274.16, 4169174.90, 487.79);
insert into STATION values (4775, '25', 2262, 269286.75, 4169165.39, 485.92);
insert into STATION values (4776, '26', 2262, 269272.51, 4169179.73, 486.86);
insert into STATION values (4777, '.', 2262, 269272.35, 4169180.61, 486.20);
insert into STATION values (4778, '.', 2262, 269266.40, 4169193.83, 487.72);
insert into STATION values (4779, '.', 2262, 269280.57, 4169198.75, 488.20);
insert into STATION values (4780, '.', 2262, 269279.19, 4169181.91, 488.18);
insert into STATION values (4781, '.', 2262, 269272.39, 4169180.62, 488.06);
insert into STATION values (4782, '.', 2262, 269284.72, 4169182.54, 490.91);
insert into STATION values (4783, '.', 2262, 269276.74, 4169176.33, 487.97);
insert into STATION values (4784, '.', 2262, 269285.15, 4169177.28, 492.38);
insert into STATION values (4785, '.', 2262, 269274.30, 4169178.65, 486.00);
insert into STATION values (4786, '.', 2262, 269265.48, 4169176.78, 486.01);
insert into STATION values (4787, '.', 2262, 269258.62, 4169178.33, 484.00);
insert into STATION values (4788, '.', 2262, 269260.48, 4169175.88, 485.17);
insert into STATION values (4789, '.', 2262, 269267.61, 4169177.98, 485.42);
insert into STATION values (4790, '27', 2262, 269259.33, 4169173.38, 483.35);
insert into STATION values (4791, '.', 2262, 269262.35, 4169169.14, 484.04);
insert into STATION values (4792, '.', 2262, 269259.09, 4169172.62, 485.49);
insert into STATION values (4793, '.', 2262, 269256.08, 4169175.24, 483.89);
insert into STATION values (4794, '.', 2262, 269258.93, 4169174.18, 482.29);
insert into STATION values (4795, '.', 2262, 269258.71, 4169172.91, 485.54);
insert into STATION values (4796, '.', 2262, 269263.92, 4169175.15, 485.09);
insert into STATION values (4797, '.', 2262, 269262.89, 4169177.59, 483.74);
insert into STATION values (4798, '.', 2262, 269256.90, 4169171.09, 483.47);
insert into STATION values (4799, '28', 2262, 269256.90, 4169171.11, 483.56);
insert into STATION values (4800, '29', 2262, 269267.72, 4169156.32, 483.11);
insert into STATION values (4801, '.', 2262, 269262.46, 4169150.24, 482.65);
insert into STATION values (4802, '.', 2262, 269270.42, 4169156.94, 484.33);
insert into STATION values (4803, '.', 2262, 269268.14, 4169155.67, 482.36);
insert into STATION values (4804, '.', 2262, 269267.21, 4169155.13, 485.19);
insert into STATION values (4805, '.', 2262, 269269.09, 4169148.99, 484.08);
insert into STATION values (4806, '.', 2262, 269280.49, 4169153.10, 487.49);
insert into STATION values (4807, '.', 2262, 269281.63, 4169141.39, 486.52);
insert into STATION values (4808, 'B75', 2262, 269265.04, 4169149.88, 482.42);
insert into STATION values (4809, '.', 2262, 269268.39, 4169149.33, 491.11);
insert into STATION values (4810, '.', 2262, 269270.89, 4169150.21, 494.07);
insert into STATION values (4811, '.', 2262, 269290.23, 4169150.56, 496.27);
insert into STATION values (4812, '.', 2262, 269275.27, 4169156.66, 486.81);
insert into STATION values (4813, '.', 2262, 269280.62, 4169152.69, 487.77);
insert into STATION values (4814, '.', 2262, 269278.78, 4169141.48, 486.64);
insert into STATION values (4815, '.', 2262, 269265.53, 4169149.21, 481.72);
insert into STATION values (4816, '.', 2262, 269257.87, 4169129.34, 482.65);
insert into STATION values (4817, '.', 2262, 269261.24, 4169149.84, 482.64);
insert into STATION values (4818, '31', 2262, 269254.02, 4169138.70, 480.53);
insert into STATION values (4819, '32', 2262, 269270.48, 4169151.10, 483.52);
insert into STATION values (4820, '.', 2262, 269270.57, 4169150.66, 483.52);
insert into STATION values (4821, '.', 2262, 269273.62, 4169149.67, 491.55);
insert into STATION values (4822, '.', 2262, 269271.35, 4169156.04, 485.48);
insert into STATION values (4823, '.', 2262, 269272.71, 4169150.41, 483.13);
insert into STATION values (4824, '.', 2262, 269278.39, 4169149.61, 484.12);
insert into STATION values (4825, '.', 2262, 269281.62, 4169152.22, 486.66);
insert into STATION values (4826, '.', 2262, 269300.87, 4169131.33, 487.71);
insert into STATION values (4827, 'B74', 2262, 269296.28, 4169146.01, 489.22);
insert into STATION values (4828, '.', 2262, 269319.41, 4169129.98, 489.93);
insert into STATION values (4829, '.', 2262, 269320.90, 4169128.22, 485.42);
insert into STATION values (4830, '.', 2262, 269329.05, 4169131.29, 486.73);
insert into STATION values (4831, '.', 2262, 269329.83, 4169136.82, 490.78);
insert into STATION values (4832, '.', 2262, 269321.44, 4169141.75, 491.38);
insert into STATION values (4833, '.', 2262, 269320.79, 4169136.71, 492.90);
insert into STATION values (4834, '.', 2262, 269328.55, 4169139.40, 492.70);
insert into STATION values (4835, '.', 2262, 269326.27, 4169142.39, 491.86);
insert into STATION values (4836, '.', 2262, 269330.95, 4169137.65, 490.91);
insert into STATION values (4837, '.', 2262, 269326.33, 4169138.72, 490.41);
insert into STATION values (4838, '.', 2262, 269315.10, 4169153.24, 491.99);
insert into STATION values (4839, '.', 2262, 269290.67, 4169156.51, 490.25);
insert into STATION values (4840, '.', 2262, 269302.20, 4169145.86, 488.10);
insert into STATION values (4841, '.', 2262, 269310.78, 4169136.26, 486.51);
insert into STATION values (4842, '.', 2262, 269311.26, 4169131.05, 484.65);
insert into STATION values (4843, '35', 2262, 269332.32, 4169142.20, 491.33);
insert into STATION values (4844, '.', 2262, 269333.11, 4169137.11, 491.55);
insert into STATION values (4845, '.', 2262, 269332.65, 4169139.72, 490.52);
insert into STATION values (4846, '.', 2262, 269337.27, 4169137.30, 491.43);
insert into STATION values (4847, '.', 2262, 269341.36, 4169139.43, 492.91);
insert into STATION values (4848, '.', 2262, 269338.70, 4169140.55, 491.51);
insert into STATION values (4849, '.', 2262, 269333.72, 4169142.09, 492.81);
insert into STATION values (4850, '.', 2262, 269335.22, 4169143.93, 492.34);
insert into STATION values (4851, '.', 2262, 269333.46, 4169145.32, 490.86);
insert into STATION values (4852, '.', 2262, 269336.29, 4169148.79, 491.13);
insert into STATION values (4853, '.', 2262, 269335.40, 4169147.69, 492.86);
insert into STATION values (4854, '.', 2262, 269332.77, 4169147.60, 492.32);
insert into STATION values (4855, '.', 2262, 269329.31, 4169147.10, 492.64);
insert into STATION values (4856, '36', 2262, 269340.10, 4169150.61, 493.00);
insert into STATION values (4857, '37', 2262, 269340.06, 4169141.96, 492.35);
insert into STATION values (4858, '.', 2262, 269340.73, 4169138.75, 492.63);
insert into STATION values (4859, '.', 2262, 269339.78, 4169143.42, 492.75);
insert into STATION values (4860, '.', 2262, 269340.75, 4169142.83, 495.13);
insert into STATION values (4861, '.', 2262, 269340.90, 4169141.58, 494.68);
insert into STATION values (4862, '.', 2262, 269340.57, 4169140.55, 491.53);
insert into STATION values (4863, '.', 2262, 269344.00, 4169140.32, 490.68);
insert into STATION values (4864, '.', 2262, 269344.23, 4169141.37, 491.30);
insert into STATION values (4865, '.', 2262, 269350.56, 4169139.04, 493.11);
insert into STATION values (4866, '.', 2262, 269351.67, 4169142.46, 495.46);
insert into STATION values (4867, '.', 2262, 269346.35, 4169143.48, 496.55);
insert into STATION values (4868, '.', 2262, 269342.25, 4169141.98, 495.21);
insert into STATION values (4869, '.', 2262, 269344.97, 4169144.46, 494.11);
insert into STATION values (4870, '38', 2262, 269349.54, 4169144.49, 493.54);
insert into STATION values (4871, '.', 2262, 269349.22, 4169143.31, 496.53);
insert into STATION values (4872, '.', 2262, 269353.11, 4169140.24, 494.35);
insert into STATION values (4873, '.', 2262, 269348.53, 4169138.61, 493.70);
insert into STATION values (4874, '.', 2262, 269343.61, 4169139.29, 493.61);
insert into STATION values (4875, '.', 2262, 269346.73, 4169144.64, 493.56);
insert into STATION values (4876, '.', 2262, 269348.81, 4169146.88, 493.47);
insert into STATION values (4877, '.', 2262, 269349.02, 4169145.77, 492.90);
insert into STATION values (4878, '.', 2262, 269350.07, 4169146.09, 496.56);
insert into STATION values (4879, '.', 2262, 269351.08, 4169146.00, 493.59);
insert into STATION values (4880, '.', 2262, 269351.51, 4169146.12, 494.31);
insert into STATION values (4881, '.', 2262, 269351.43, 4169145.48, 496.52);
insert into STATION values (4882, '.', 2262, 269352.26, 4169143.32, 496.17);
insert into STATION values (4883, '39', 2262, 269353.33, 4169147.38, 495.46);
insert into STATION values (4884, '.', 2262, 269352.94, 4169149.67, 496.33);
insert into STATION values (4885, '.', 2262, 269353.40, 4169147.72, 497.34);
insert into STATION values (4886, '.', 2262, 269354.60, 4169145.33, 496.24);
insert into STATION values (4887, '.', 2262, 269353.97, 4169146.99, 495.03);
insert into STATION values (4888, '.', 2262, 269356.03, 4169149.09, 494.29);
insert into STATION values (4889, '.', 2262, 269358.03, 4169149.70, 495.53);
insert into STATION values (4890, '.', 2262, 269360.42, 4169150.74, 497.36);
insert into STATION values (4891, '.', 2262, 269358.14, 4169150.41, 498.76);
insert into STATION values (4892, '.', 2262, 269349.28, 4169147.75, 496.16);
insert into STATION values (4893, '40', 2262, 269360.58, 4169150.51, 497.69);
insert into STATION values (4894, '.', 2262, 269361.26, 4169148.91, 499.42);
insert into STATION values (4895, '.', 2262, 269359.28, 4169152.26, 498.65);
insert into STATION values (4896, '.', 2262, 269360.23, 4169151.34, 497.14);
insert into STATION values (4897, '.', 2262, 269360.56, 4169150.48, 499.77);
insert into STATION values (4898, '.', 2262, 269362.01, 4169151.89, 500.51);
insert into STATION values (4899, '41', 2262, 269362.58, 4169153.66, 501.31);
insert into STATION values (4900, '42', 2262, 269315.95, 4169146.54, 490.24);
insert into STATION values (4901, '.', 2262, 269320.21, 4169145.42, 490.54);
insert into STATION values (4902, '.', 2262, 269319.24, 4169148.22, 488.97);
insert into STATION values (4903, '.', 2262, 269316.74, 4169153.00, 491.54);
insert into STATION values (4904, '.', 2262, 269318.29, 4169149.90, 495.90);
insert into STATION values (4905, '.', 2262, 269322.98, 4169152.41, 491.77);
insert into STATION values (4906, '.', 2262, 269333.48, 4169155.92, 489.20);
insert into STATION values (4907, '.', 2262, 269325.48, 4169153.84, 488.68);
insert into STATION values (4908, '.', 2262, 269323.23, 4169133.92, 491.16);
insert into STATION values (4909, '.', 2262, 269310.00, 4169127.13, 488.68);
insert into STATION values (4910, '.', 2262, 269293.50, 4169138.83, 487.12);
insert into STATION values (4911, '.', 2262, 269292.49, 4169158.88, 491.07);
insert into STATION values (4912, '.', 2262, 269307.81, 4169147.69, 488.30);
insert into STATION values (4913, '.', 2262, 269309.02, 4169146.95, 492.09);
insert into STATION values (4914, '.', 2262, 269316.57, 4169144.94, 488.46);
insert into STATION values (4915, '.', 2262, 269327.03, 4169160.14, 489.94);
insert into STATION values (4916, '43', 2262, 269327.03, 4169160.10, 489.94);
insert into STATION values (4917, '.', 2262, 269328.79, 4169162.31, 489.89);
insert into STATION values (4918, '.', 2262, 269327.00, 4169160.11, 489.94);
insert into STATION values (4919, '.', 2262, 269327.73, 4169160.46, 492.25);
insert into STATION values (4920, '.', 2262, 269335.81, 4169160.06, 491.36);
insert into STATION values (4921, '.', 2262, 269333.62, 4169165.74, 490.89);
insert into STATION values (4922, '.', 2262, 269327.06, 4169167.96, 491.38);
insert into STATION values (4923, '.', 2262, 269325.54, 4169162.36, 489.40);
insert into STATION values (4924, '.', 2262, 269317.97, 4169158.43, 491.03);
insert into STATION values (4925, '.', 2262, 269326.37, 4169159.76, 489.18);
insert into STATION values (4926, '.', 2262, 269319.15, 4169154.18, 490.18);
insert into STATION values (4927, '.', 2262, 269324.97, 4169156.66, 489.03);
insert into STATION values (4928, '.', 2262, 269325.43, 4169157.00, 491.66);
insert into STATION values (4929, '.', 2262, 269332.05, 4169152.47, 489.30);
insert into STATION values (4930, '44', 2262, 269334.88, 4169171.34, 491.45);
insert into STATION values (4931, '45', 2262, 269315.06, 4169164.54, 492.05);
insert into STATION values (4932, '46', 2262, 269297.22, 4169160.73, 490.14);
insert into STATION values (4933, '.', 2262, 269287.05, 4169156.84, 489.80);
insert into STATION values (4934, '.', 2262, 269293.25, 4169166.22, 490.29);
insert into STATION values (4935, '.', 2262, 269294.44, 4169170.76, 490.43);
insert into STATION values (4936, '.', 2262, 269305.57, 4169160.26, 491.55);
insert into STATION values (4937, '.', 2262, 269312.25, 4169164.33, 492.87);
insert into STATION values (4938, '.', 2262, 269303.91, 4169170.17, 493.37);
insert into STATION values (4939, '.', 2262, 269300.23, 4169165.01, 494.62);
insert into STATION values (4940, '.', 2262, 269297.42, 4169160.86, 491.10);
insert into STATION values (4941, '.', 2262, 269301.59, 4169160.47, 488.92);
insert into STATION values (4942, 'B73', 2262, 269295.52, 4169171.74, 489.91);
insert into STATION values (4943, '.', 2262, 269293.85, 4169171.93, 490.22);
insert into STATION values (4944, '.', 2262, 269294.05, 4169178.85, 488.05);
insert into STATION values (4945, '.', 2262, 269299.86, 4169184.00, 490.69);
insert into STATION values (4946, '.', 2262, 269297.35, 4169176.67, 491.71);
insert into STATION values (4947, '.', 2262, 269296.69, 4169175.18, 493.28);
insert into STATION values (4948, '.', 2262, 269293.45, 4169187.63, 489.86);
insert into STATION values (4949, '.', 2262, 269286.86, 4169198.82, 490.91);
insert into STATION values (4950, '.', 2262, 269288.61, 4169188.14, 487.13);
insert into STATION values (4951, '.', 2262, 269285.38, 4169181.24, 490.13);
insert into STATION values (4952, '.', 2262, 269279.04, 4169181.24, 491.58);
insert into STATION values (4953, '.', 2262, 269291.24, 4169174.62, 491.78);
insert into STATION values (4954, '.', 2262, 269310.07, 4169163.49, 494.21);
insert into STATION values (4955, '.', 2262, 269312.15, 4169170.53, 492.64);
insert into STATION values (4956, '.', 2262, 269300.67, 4169172.41, 492.53);
insert into STATION values (4957, '.', 2262, 269311.66, 4169179.01, 491.87);
insert into STATION values (4958, '.', 2262, 269308.12, 4169173.79, 489.56);
insert into STATION values (4959, '.', 2262, 269298.70, 4169171.81, 488.43);
insert into STATION values (4960, '48', 2262, 269318.72, 4169174.69, 493.62);
insert into STATION values (4961, '.', 2262, 269314.50, 4169163.73, 494.05);
insert into STATION values (4962, '.', 2262, 269318.33, 4169173.50, 492.78);
insert into STATION values (4963, '.', 2262, 269317.63, 4169174.41, 495.68);
insert into STATION values (4964, '.', 2262, 269320.14, 4169176.96, 497.45);
insert into STATION values (4965, '.', 2262, 269324.68, 4169176.95, 494.70);
insert into STATION values (4966, '.', 2262, 269326.40, 4169174.51, 492.59);
insert into STATION values (4967, '.', 2262, 269325.77, 4169173.87, 494.88);
insert into STATION values (4968, '.', 2262, 269330.81, 4169175.04, 496.70);
insert into STATION values (4969, '.', 2262, 269322.15, 4169176.19, 497.43);
insert into STATION values (4970, '49', 2262, 269331.57, 4169174.05, 495.77);
insert into STATION values (4971, '.', 2262, 269331.48, 4169172.85, 495.87);
insert into STATION values (4972, '.', 2262, 269332.34, 4169172.53, 496.00);
insert into STATION values (4973, '.', 2262, 269332.43, 4169174.05, 498.09);
insert into STATION values (4974, '.', 2262, 269332.66, 4169175.79, 496.13);
insert into STATION values (4975, '.', 2262, 269331.65, 4169173.75, 495.10);
insert into STATION values (4976, '.', 2262, 269332.23, 4169173.51, 497.70);
insert into STATION values (4977, '.', 2262, 269333.18, 4169172.81, 496.07);
insert into STATION values (4978, '.', 2262, 269333.63, 4169172.57, 495.00);
insert into STATION values (4979, '.', 2262, 269329.38, 4169175.77, 494.95);
insert into STATION values (4980, '.', 2262, 269328.70, 4169173.61, 495.20);
insert into STATION values (4981, '.', 2262, 269329.20, 4169174.43, 496.48);
insert into STATION values (4982, '50', 2262, 269339.08, 4169167.76, 493.71);
insert into STATION values (4983, 'B72', 2262, 269288.62, 4169189.14, 488.42);
insert into STATION values (4984, '.', 2262, 269294.58, 4169187.96, 489.66);
insert into STATION values (4985, '.', 2262, 269279.86, 4169184.70, 490.10);
insert into STATION values (4986, '.', 2262, 269286.01, 4169183.74, 488.77);
insert into STATION values (4987, '.', 2262, 269289.63, 4169184.57, 486.99);
insert into STATION values (4988, '.', 2262, 269289.50, 4169187.49, 491.79);
insert into STATION values (4989, '.', 2262, 269293.84, 4169194.79, 490.03);
insert into STATION values (4990, '.', 2262, 269289.41, 4169199.80, 494.67);
insert into STATION values (4991, '.', 2262, 269288.24, 4169197.04, 499.48);
insert into STATION values (4992, '.', 2262, 269288.65, 4169189.86, 492.31);
insert into STATION values (4993, '.', 2262, 269281.30, 4169199.45, 493.28);
insert into STATION values (4994, '.', 2262, 269269.73, 4169205.07, 491.50);
insert into STATION values (4995, '.', 2262, 269262.17, 4169201.83, 490.32);
insert into STATION values (4996, '.', 2262, 269274.18, 4169195.94, 495.07);
insert into STATION values (4997, '.', 2262, 269277.24, 4169194.74, 486.77);
insert into STATION values (4998, '.', 2262, 269264.51, 4169176.77, 486.62);
insert into STATION values (4999, '52', 2262, 269303.30, 4169192.67, 489.45);
insert into STATION values (5000, '.', 2262, 269303.48, 4169192.79, 487.94);
insert into STATION values (5001, '.', 2262, 269303.41, 4169191.95, 490.39);
insert into STATION values (5002, '.', 2262, 269301.36, 4169187.31, 489.28);
insert into STATION values (5003, '.', 2262, 269307.56, 4169183.86, 491.50);
insert into STATION values (5004, '.', 2262, 269312.07, 4169184.43, 493.04);
insert into STATION values (5005, '.', 2262, 269312.49, 4169188.88, 491.51);
insert into STATION values (5006, '.', 2262, 269302.66, 4169188.89, 488.17);
insert into STATION values (5007, '.', 2262, 269299.63, 4169188.70, 488.43);
insert into STATION values (5008, 'B71b', 2262, 269308.18, 4169187.88, 490.45);
insert into STATION values (5009, '.', 2262, 269306.75, 4169183.35, 491.87);
insert into STATION values (5010, '.', 2262, 269313.32, 4169186.53, 491.82);
insert into STATION values (5011, '.', 2262, 269310.40, 4169193.50, 489.95);
insert into STATION values (5012, '.', 2262, 269304.00, 4169192.97, 489.11);
insert into STATION values (5013, '.', 2262, 269301.38, 4169187.90, 489.41);
insert into STATION values (5014, '.', 2262, 269303.48, 4169190.10, 487.78);
insert into STATION values (5015, '.', 2262, 269304.75, 4169189.22, 494.79);
insert into STATION values (5016, '.', 2262, 269309.29, 4169188.12, 495.92);
insert into STATION values (5017, '54', 2262, 269320.83, 4169188.22, 500.12);
insert into STATION values (5018, '55', 2262, 269304.66, 4169179.11, 497.19);
insert into STATION values (5019, '56', 2262, 269267.17, 4169187.64, 486.56);
insert into STATION values (5020, '.', 2262, 269262.22, 4169191.11, 487.71);
insert into STATION values (5021, '.', 2262, 269265.38, 4169188.08, 484.81);
insert into STATION values (5022, '.', 2262, 269266.88, 4169187.23, 488.71);
insert into STATION values (5023, '.', 2262, 269266.52, 4169175.87, 486.73);
insert into STATION values (5024, '.', 2262, 269277.34, 4169176.25, 488.09);
insert into STATION values (5025, '.', 2262, 269277.54, 4169182.73, 487.73);
insert into STATION values (5026, '.', 2262, 269272.99, 4169186.84, 486.96);
insert into STATION values (5027, '.', 2262, 269262.44, 4169192.74, 488.04);
insert into STATION values (5028, '.', 2262, 269258.06, 4169192.39, 488.37);
insert into STATION values (5029, '.', 2262, 269258.46, 4169185.22, 486.81);
insert into STATION values (5030, '.', 2262, 269260.34, 4169187.08, 485.43);
insert into STATION values (5031, '57', 2262, 269251.42, 4169150.63, 480.84);
insert into STATION values (5032, '58', 2262, 269255.98, 4169190.10, 487.48);
insert into STATION values (5033, '.', 2262, 269257.40, 4169192.43, 488.33);
insert into STATION values (5034, '.', 2262, 269256.07, 4169190.47, 490.43);
insert into STATION values (5035, '.', 2262, 269250.97, 4169184.83, 490.47);
insert into STATION values (5036, '.', 2262, 269254.14, 4169188.30, 486.15);
insert into STATION values (5037, '.', 2262, 269251.16, 4169189.20, 485.68);
insert into STATION values (5038, '.', 2262, 269245.02, 4169189.76, 485.84);
insert into STATION values (5039, '.', 2262, 269246.56, 4169189.78, 489.48);
insert into STATION values (5040, '.', 2262, 269249.39, 4169187.59, 488.39);
insert into STATION values (5041, '.', 2262, 269251.88, 4169192.64, 488.43);
insert into STATION values (5042, '.', 2262, 269249.45, 4169192.36, 488.48);
insert into STATION values (5043, '.', 2262, 269252.08, 4169195.77, 489.07);
insert into STATION values (5044, '.', 2262, 269252.88, 4169201.04, 490.31);
insert into STATION values (5045, '.', 2262, 269254.63, 4169193.08, 487.61);
insert into STATION values (5046, '.', 2262, 269255.20, 4169193.83, 490.46);
insert into STATION values (5047, '.', 2262, 269255.99, 4169197.13, 490.71);
insert into STATION values (5048, '.', 2262, 269257.37, 4169195.13, 489.62);
insert into STATION values (5049, '.', 2262, 269257.18, 4169192.36, 489.03);
insert into STATION values (5050, '59', 2262, 269253.57, 4169199.11, 489.37);
insert into STATION values (5051, '.', 2262, 269252.50, 4169199.85, 489.84);
insert into STATION values (5052, '.', 2262, 269256.05, 4169199.60, 492.88);
insert into STATION values (5053, '.', 2262, 269257.55, 4169196.98, 490.22);
insert into STATION values (5054, '.', 2262, 269257.42, 4169195.12, 489.81);
insert into STATION values (5055, '.', 2262, 269256.42, 4169199.28, 488.30);
insert into STATION values (5056, '.', 2262, 269259.95, 4169204.16, 489.74);
insert into STATION values (5057, '.', 2262, 269257.10, 4169207.68, 490.42);
insert into STATION values (5058, '.', 2262, 269254.41, 4169207.17, 490.25);
insert into STATION values (5059, '.', 2262, 269258.85, 4169202.10, 489.50);
insert into STATION values (5060, '.', 2262, 269261.50, 4169201.82, 489.50);
insert into STATION values (5061, '.', 2262, 269264.25, 4169197.83, 489.59);
insert into STATION values (5062, '.', 2262, 269257.78, 4169199.94, 488.69);
insert into STATION values (5063, '60', 2262, 269266.34, 4169201.44, 488.77);
insert into STATION values (5064, '.', 2262, 269266.61, 4169203.90, 490.20);
insert into STATION values (5065, '.', 2262, 269269.71, 4169198.96, 491.12);
insert into STATION values (5066, '.', 2262, 269268.98, 4169194.61, 489.06);
insert into STATION values (5067, '.', 2262, 269274.46, 4169203.29, 491.16);
insert into STATION values (5068, '.', 2262, 269278.68, 4169199.91, 492.52);
insert into STATION values (5069, '.', 2262, 269273.39, 4169187.06, 487.28);
insert into STATION values (5070, '61', 2262, 269267.41, 4169187.53, 486.43);
insert into STATION values (5071, '62', 2262, 269277.35, 4169172.73, 487.01);
insert into STATION values (5072, '64', 2262, 269285.68, 4169203.00, 494.64);
insert into STATION values (5073, '.', 2262, 269283.51, 4169203.66, 495.74);
insert into STATION values (5074, '.', 2262, 269284.62, 4169204.61, 502.49);
insert into STATION values (5075, '.', 2262, 269275.94, 4169212.17, 497.03);
insert into STATION values (5076, '.', 2262, 269280.97, 4169220.79, 502.38);
insert into STATION values (5077, '.', 2262, 269274.45, 4169222.98, 497.54);
insert into STATION values (5078, '.', 2262, 269291.23, 4169205.41, 495.59);
insert into STATION values (5079, '.', 2262, 269287.13, 4169204.05, 494.13);
insert into STATION values (5080, '.', 2262, 269287.96, 4169215.57, 497.27);
insert into STATION values (5081, '.', 2262, 269297.32, 4169213.87, 500.31);
insert into STATION values (5082, '.', 2262, 269287.99, 4169215.36, 501.93);
insert into STATION values (5083, 'B3', 2262, 269293.83, 4169212.65, 499.64);
insert into STATION values (5084, '.', 2262, 269296.62, 4169221.66, 500.75);
insert into STATION values (5085, '.', 2262, 269292.08, 4169213.57, 504.28);
insert into STATION values (5086, '.', 2262, 269291.22, 4169213.89, 497.96);
insert into STATION values (5087, '.', 2262, 269288.05, 4169212.68, 495.95);
insert into STATION values (5088, '.', 2262, 269275.91, 4169213.83, 496.02);
insert into STATION values (5089, '.', 2262, 269267.19, 4169206.33, 495.70);
insert into STATION values (5090, '.', 2262, 269267.62, 4169218.78, 499.13);
insert into STATION values (5091, '.', 2262, 269282.28, 4169223.48, 502.52);
insert into STATION values (5092, '.', 2262, 269278.69, 4169232.20, 501.46);
insert into STATION values (5093, '.', 2262, 269300.90, 4169210.91, 503.90);
insert into STATION values (5094, '.', 2262, 269298.85, 4169211.65, 501.00);
insert into STATION values (5095, '.', 2262, 269305.86, 4169211.65, 504.06);
insert into STATION values (5096, '.', 2262, 269310.05, 4169211.16, 507.31);
insert into STATION values (5097, '.', 2262, 269313.44, 4169210.96, 513.28);
insert into STATION values (5098, '.', 2262, 269305.57, 4169210.53, 518.45);
insert into STATION values (5099, '.', 2262, 269294.21, 4169212.78, 503.22);
insert into STATION values (5100, '.', 2262, 269299.99, 4169210.69, 506.09);
insert into STATION values (5101, '.', 2262, 269298.26, 4169212.75, 503.88);
insert into STATION values (5102, '66', 2262, 269306.49, 4169211.36, 521.43);
insert into STATION values (5103, '67', 2262, 269316.29, 4169210.55, 515.56);
insert into STATION values (5104, '67b', 2262, 269316.29, 4169210.55, 540.56);
insert into STATION values (5105, '68', 2262, 269287.67, 4169218.96, 499.09);
insert into STATION values (5106, '.', 2262, 269296.20, 4169238.07, 501.81);
insert into STATION values (5107, '.', 2262, 269288.72, 4169236.41, 502.49);
insert into STATION values (5108, '.', 2262, 269287.66, 4169221.55, 501.96);
insert into STATION values (5109, '.', 2262, 269278.11, 4169231.84, 501.71);
insert into STATION values (5110, '.', 2262, 269265.80, 4169221.54, 499.78);
insert into STATION values (5111, '.', 2262, 269287.80, 4169218.91, 497.86);
insert into STATION values (5112, '.', 2262, 269289.74, 4169201.95, 495.26);
insert into STATION values (5113, '.', 2262, 269290.65, 4169211.67, 502.40);
insert into STATION values (5114, '.', 2262, 269273.88, 4169205.47, 495.58);
insert into STATION values (5115, '.', 2262, 269275.80, 4169207.52, 491.02);
insert into STATION values (5116, '.', 2262, 269271.95, 4169218.91, 494.01);
insert into STATION values (5117, '.', 2262, 269296.37, 4169221.41, 497.93);
insert into STATION values (5118, '.', 2262, 269298.65, 4169222.05, 497.61);
insert into STATION values (5119, '69', 2262, 269296.34, 4169221.40, 497.92);
insert into STATION values (5120, '.', 2262, 269296.64, 4169221.20, 499.22);
insert into STATION values (5121, '.', 2262, 269300.08, 4169222.89, 497.44);
insert into STATION values (5122, '.', 2262, 269300.24, 4169221.19, 497.02);
insert into STATION values (5123, '.', 2262, 269300.82, 4169215.05, 500.79);
insert into STATION values (5124, '.', 2262, 269296.38, 4169217.07, 498.70);
insert into STATION values (5125, '.', 2262, 269295.05, 4169223.56, 498.00);
insert into STATION values (5126, '.', 2262, 269289.87, 4169206.33, 499.21);
insert into STATION values (5127, '70', 2262, 269301.79, 4169222.34, 496.69);
insert into STATION values (5128, '.', 2262, 269305.97, 4169224.21, 494.19);
insert into STATION values (5129, '.', 2262, 269301.79, 4169224.24, 495.91);
insert into STATION values (5130, '.', 2262, 269301.92, 4169222.28, 497.03);
insert into STATION values (5131, '.', 2262, 269302.05, 4169221.19, 496.63);
insert into STATION values (5132, '.', 2262, 269301.95, 4169221.34, 495.51);
insert into STATION values (5133, '.', 2262, 269304.18, 4169222.22, 494.77);
insert into STATION values (5134, '.', 2262, 269305.74, 4169223.00, 495.85);
insert into STATION values (5135, '.', 2262, 269300.80, 4169221.59, 496.83);
insert into STATION values (5136, '.', 2262, 269300.76, 4169222.95, 496.93);
insert into STATION values (5137, '71', 2262, 269306.00, 4169224.24, 494.22);
insert into STATION values (5138, '.', 2262, 269306.55, 4169223.96, 494.55);
insert into STATION values (5139, '.', 2262, 269305.07, 4169224.81, 494.81);
insert into STATION values (5140, '.', 2262, 269307.90, 4169226.36, 496.58);
insert into STATION values (5141, '.', 2262, 269306.36, 4169225.34, 494.34);
insert into STATION values (5142, '72', 2262, 269306.18, 4169227.41, 495.61);
insert into STATION values (5143, '.', 2262, 269305.12, 4169225.26, 495.47);
insert into STATION values (5144, '.', 2262, 269306.30, 4169228.05, 495.87);
insert into STATION values (5145, '.', 2262, 269306.07, 4169226.75, 494.77);
insert into STATION values (5146, '.', 2262, 269306.86, 4169224.56, 494.68);
insert into STATION values (5147, '.', 2262, 269303.37, 4169226.17, 495.36);
insert into STATION values (5148, '.', 2262, 269300.33, 4169226.26, 496.41);
insert into STATION values (5149, '.', 2262, 269300.94, 4169225.47, 497.97);
insert into STATION values (5150, '.', 2262, 269304.23, 4169227.12, 497.38);
insert into STATION values (5151, '.', 2262, 269303.91, 4169227.45, 496.64);
insert into STATION values (5152, '.', 2262, 269302.52, 4169225.17, 497.11);
insert into STATION values (5153, '.', 2262, 269308.41, 4169227.04, 495.57);
insert into STATION values (5154, '.', 2262, 269308.35, 4169226.15, 494.66);
insert into STATION values (5155, '.', 2262, 269310.31, 4169225.15, 496.16);
insert into STATION values (5156, '73', 2262, 269298.62, 4169225.60, 498.50);
insert into STATION values (5157, '74', 2262, 269310.91, 4169226.17, 493.73);
insert into STATION values (5158, 'B00', 2269, 269302.96, 4169342.22, 508.17);
insert into STATION values (5159, '.', 2269, 269319.67, 4169363.96, 510.08);
insert into STATION values (5160, '.', 2269, 269302.73, 4169343.34, 513.19);
insert into STATION values (5161, '.', 2269, 269303.13, 4169342.31, 507.32);
insert into STATION values (5162, '1', 2269, 269295.66, 4169350.72, 510.14);
insert into STATION values (5163, '.', 2269, 269294.20, 4169347.89, 511.48);
insert into STATION values (5164, '.', 2269, 269296.34, 4169353.51, 510.32);
insert into STATION values (5165, '.', 2269, 269295.54, 4169350.94, 513.98);
insert into STATION values (5166, '.', 2269, 269295.67, 4169350.84, 509.60);
insert into STATION values (5167, '2', 2269, 269292.29, 4169353.92, 512.39);
insert into STATION values (5168, '.', 2269, 269290.27, 4169350.98, 512.74);
insert into STATION values (5169, '.', 2269, 269295.36, 4169355.17, 513.06);
insert into STATION values (5170, '.', 2269, 269292.10, 4169353.83, 514.18);
insert into STATION values (5171, '.', 2269, 269292.44, 4169354.26, 511.40);
insert into STATION values (5172, '3', 2269, 269286.01, 4169356.37, 514.80);
insert into STATION values (5173, '.', 2269, 269282.01, 4169348.81, 516.04);
insert into STATION values (5174, '.', 2269, 269292.13, 4169359.73, 516.62);
insert into STATION values (5175, '.', 2269, 269283.82, 4169355.85, 524.76);
insert into STATION values (5176, '.', 2269, 269285.79, 4169356.41, 513.83);
insert into STATION values (5177, '4', 2269, 269287.13, 4169384.94, 516.20);
insert into STATION values (5178, '.', 2269, 269253.49, 4169371.66, 522.97);
insert into STATION values (5179, '.', 2269, 269300.50, 4169382.79, 513.99);
insert into STATION values (5180, '.', 2269, 269286.67, 4169385.94, 519.47);
insert into STATION values (5181, '.', 2269, 269287.10, 4169384.99, 515.37);
insert into STATION values (5182, '5', 2269, 269288.03, 4169400.78, 516.31);
insert into STATION values (5183, '.', 2269, 269246.15, 4169403.08, 524.77);
insert into STATION values (5184, '.', 2269, 269296.66, 4169401.84, 513.90);
insert into STATION values (5185, '.', 2269, 269287.92, 4169401.09, 519.75);
insert into STATION values (5186, '.', 2269, 269288.13, 4169400.91, 514.88);
insert into STATION values (5187, '6', 2269, 269287.45, 4169427.33, 514.04);
insert into STATION values (5188, '.', 2269, 269257.46, 4169442.05, 523.05);
insert into STATION values (5189, '.', 2269, 269294.75, 4169424.10, 514.15);
insert into STATION values (5190, '.', 2269, 269283.88, 4169428.35, 526.26);
insert into STATION values (5191, '.', 2269, 269287.45, 4169427.17, 513.14);
insert into STATION values (5192, '7', 2269, 269304.78, 4169449.72, 510.46);
insert into STATION values (5193, '.', 2269, 269311.77, 4169435.10, 509.75);
insert into STATION values (5194, '.', 2269, 269304.91, 4169450.29, 519.70);
insert into STATION values (5195, '.', 2269, 269304.83, 4169449.59, 509.99);
insert into STATION values (5196, '8', 2269, 269324.94, 4169466.67, 511.47);
insert into STATION values (5197, '.', 2269, 269335.48, 4169493.49, 515.57);
insert into STATION values (5198, '.', 2269, 269344.98, 4169470.19, 513.36);
insert into STATION values (5199, '.', 2269, 269333.43, 4169449.91, 513.74);
insert into STATION values (5200, '.', 2269, 269324.39, 4169467.92, 521.45);
insert into STATION values (5201, '.', 2269, 269324.32, 4169466.94, 507.92);
insert into STATION values (5202, '.', 2269, 269324.57, 4169513.73, 523.29);
insert into STATION values (5203, '.', 2269, 269336.73, 4169492.24, 515.38);
insert into STATION values (5204, '.', 2269, 269348.12, 4169474.49, 513.65);
insert into STATION values (5205, '.', 2269, 269337.89, 4169447.73, 512.71);
insert into STATION values (5206, '9', 2269, 269345.70, 4169459.38, 507.24);
insert into STATION values (5207, '9b', 2269, 269345.70, 4169459.38, 517.24);
insert into STATION values (5208, '.', 2269, 269349.92, 4169466.28, 509.18);
insert into STATION values (5209, '.', 2269, 269342.69, 4169448.87, 510.02);
insert into STATION values (5210, '.', 2269, 269347.50, 4169459.34, 517.03);
insert into STATION values (5211, '.', 2269, 269345.72, 4169459.34, 506.97);
insert into STATION values (5212, '.', 2269, 269348.53, 4169467.62, 510.83);
insert into STATION values (5213, '.', 2269, 269344.76, 4169448.82, 510.74);
insert into STATION values (5214, '.', 2269, 269346.19, 4169458.75, 516.39);
insert into STATION values (5215, '.', 2269, 269345.57, 4169459.31, 506.90);
insert into STATION values (5216, '10', 2269, 269376.44, 4169451.12, 510.75);
insert into STATION values (5217, '.', 2269, 269370.78, 4169473.75, 514.53);
insert into STATION values (5218, '.', 2269, 269370.12, 4169440.62, 513.85);
insert into STATION values (5219, '.', 2269, 269376.89, 4169450.95, 517.95);
insert into STATION values (5220, '.', 2269, 269376.14, 4169450.90, 509.51);
insert into STATION values (5221, '11', 2269, 269386.19, 4169464.04, 513.90);
insert into STATION values (5222, '.', 2269, 269382.05, 4169473.22, 514.32);
insert into STATION values (5223, '.', 2269, 269394.05, 4169458.53, 514.96);
insert into STATION values (5224, '.', 2269, 269385.91, 4169464.32, 515.78);
insert into STATION values (5225, '.', 2269, 269386.25, 4169464.02, 513.24);
insert into STATION values (5226, '12', 2269, 269394.52, 4169468.40, 514.15);
insert into STATION values (5227, '.', 2269, 269393.63, 4169471.72, 514.64);
insert into STATION values (5228, '.', 2269, 269394.93, 4169467.03, 514.26);
insert into STATION values (5229, '.', 2269, 269394.10, 4169468.99, 515.83);
insert into STATION values (5230, '.', 2269, 269394.66, 4169468.50, 513.11);
insert into STATION values (5231, '13', 2269, 269411.57, 4169480.66, 514.83);
insert into STATION values (5232, '.', 2269, 269393.55, 4169482.83, 514.29);
insert into STATION values (5233, '.', 2269, 269420.90, 4169486.26, 516.83);
insert into STATION values (5234, '.', 2269, 269411.78, 4169480.68, 518.87);
insert into STATION values (5235, '.', 2269, 269411.40, 4169480.07, 512.97);
insert into STATION values (5236, '14', 2269, 269404.85, 4169498.96, 512.85);
insert into STATION values (5237, '.', 2269, 269393.81, 4169499.05, 514.50);
insert into STATION values (5238, '.', 2269, 269416.73, 4169499.22, 515.12);
insert into STATION values (5239, '.', 2269, 269404.17, 4169499.22, 520.17);
insert into STATION values (5240, '.', 2269, 269404.75, 4169498.94, 511.59);
insert into STATION values (5241, '15', 2269, 269404.83, 4169525.29, 521.77);
insert into STATION values (5242, '.', 2269, 269391.41, 4169512.90, 516.69);
insert into STATION values (5243, '.', 2269, 269392.97, 4169523.92, 522.64);
insert into STATION values (5244, '.', 2269, 269399.81, 4169531.37, 525.18);
insert into STATION values (5245, '.', 2269, 269404.48, 4169531.60, 524.67);
insert into STATION values (5246, '.', 2269, 269412.30, 4169528.74, 522.35);
insert into STATION values (5247, '.', 2269, 269418.91, 4169515.86, 518.42);
insert into STATION values (5248, '16', 2269, 269420.45, 4169474.62, 516.45);
insert into STATION values (5249, '.', 2269, 269427.86, 4169478.31, 516.94);
insert into STATION values (5250, '.', 2269, 269413.87, 4169471.42, 517.84);
insert into STATION values (5251, '.', 2269, 269421.17, 4169474.42, 519.98);
insert into STATION values (5252, '.', 2269, 269420.51, 4169474.60, 515.59);
insert into STATION values (5253, '17', 2269, 269419.92, 4169451.74, 521.80);
insert into STATION values (5254, '.', 2269, 269424.53, 4169459.74, 521.38);
insert into STATION values (5255, '.', 2269, 269395.67, 4169452.22, 523.62);
insert into STATION values (5256, '.', 2269, 269419.77, 4169451.72, 526.20);
insert into STATION values (5257, '.', 2269, 269420.06, 4169452.02, 520.48);
insert into STATION values (5258, '18', 2269, 269429.44, 4169436.65, 521.14);
insert into STATION values (5259, '.', 2269, 269405.11, 4169435.14, 521.73);
insert into STATION values (5260, '.', 2269, 269430.15, 4169419.46, 521.29);
insert into STATION values (5261, '.', 2269, 269429.04, 4169437.17, 526.59);
insert into STATION values (5262, '.', 2269, 269429.46, 4169436.70, 520.11);
insert into STATION values (5263, '19', 2269, 269408.78, 4169437.51, 521.28);
insert into STATION values (5264, '.', 2269, 269410.25, 4169423.15, 520.22);
insert into STATION values (5265, '.', 2269, 269397.77, 4169453.32, 522.02);
insert into STATION values (5266, '.', 2269, 269408.64, 4169437.69, 524.48);
insert into STATION values (5267, '.', 2269, 269408.57, 4169438.09, 519.77);
insert into STATION values (5268, '20', 2269, 269380.14, 4169433.61, 515.00);
insert into STATION values (5269, '21', 2269, 269373.94, 4169446.26, 511.71);
insert into STATION values (5270, '.', 2269, 269368.55, 4169442.91, 512.73);
insert into STATION values (5271, '.', 2269, 269383.69, 4169455.06, 514.64);
insert into STATION values (5272, '.', 2269, 269373.70, 4169446.62, 515.25);
insert into STATION values (5273, '.', 2269, 269374.80, 4169446.68, 510.00);
insert into STATION values (5274, '.', 2269, 269376.12, 4169451.25, 510.62);
insert into STATION values (5275, '22', 2269, 269443.56, 4169428.05, 517.89);
insert into STATION values (5276, '.', 2269, 269433.53, 4169456.15, 525.22);
insert into STATION values (5277, '.', 2269, 269442.82, 4169421.59, 519.79);
insert into STATION values (5278, '.', 2269, 269444.51, 4169428.84, 524.51);
insert into STATION values (5279, '.', 2269, 269443.30, 4169427.55, 516.25);
insert into STATION values (5280, '23', 2269, 269472.52, 4169428.18, 519.05);
insert into STATION values (5281, '.', 2269, 269486.09, 4169460.69, 520.41);
insert into STATION values (5282, '.', 2269, 269467.72, 4169405.51, 521.41);
insert into STATION values (5283, '.', 2269, 269473.34, 4169429.30, 526.25);
insert into STATION values (5284, '.', 2269, 269472.66, 4169427.96, 518.04);
insert into STATION values (5285, '24', 2269, 269499.23, 4169422.86, 514.79);
insert into STATION values (5286, '.', 2269, 269483.07, 4169447.61, 521.88);
insert into STATION values (5287, '.', 2269, 269499.89, 4169413.58, 519.99);
insert into STATION values (5288, '.', 2269, 269499.69, 4169425.62, 523.24);
insert into STATION values (5289, '.', 2269, 269499.10, 4169422.06, 512.64);
insert into STATION values (5290, 'B80', 2269, 269508.73, 4169417.70, 514.54);
insert into STATION values (5291, '.', 2269, 269523.05, 4169416.54, 517.70);
insert into STATION values (5292, '.', 2269, 269500.97, 4169412.88, 519.58);
insert into STATION values (5293, '.', 2269, 269509.65, 4169418.95, 522.51);
insert into STATION values (5294, '.', 2269, 269508.78, 4169417.65, 514.09);
insert into STATION values (5295, '25', 2269, 269518.09, 4169447.66, 517.40);
insert into STATION values (5296, '.', 2269, 269508.98, 4169457.04, 520.04);
insert into STATION values (5297, '.', 2269, 269540.22, 4169437.97, 519.34);
insert into STATION values (5298, '.', 2269, 269536.91, 4169435.09, 517.99);
insert into STATION values (5299, '.', 2269, 269527.91, 4169435.69, 517.75);
insert into STATION values (5300, '.', 2269, 269517.66, 4169446.45, 522.18);
insert into STATION values (5301, '.', 2269, 269516.98, 4169444.60, 525.84);
insert into STATION values (5302, '.', 2269, 269517.67, 4169447.85, 515.84);
insert into STATION values (5303, '26', 2269, 269512.73, 4169429.63, 514.72);
insert into STATION values (5304, '.', 2269, 269537.39, 4169418.99, 516.84);
insert into STATION values (5305, '27', 2269, 269530.48, 4169422.01, 516.14);
insert into STATION values (5306, '.', 2269, 269532.65, 4169430.69, 516.69);
insert into STATION values (5307, '.', 2269, 269529.78, 4169418.67, 515.99);
insert into STATION values (5308, '.', 2269, 269530.37, 4169422.53, 518.37);
insert into STATION values (5309, '.', 2269, 269530.71, 4169422.09, 514.29);
insert into STATION values (5310, '28', 2269, 269552.76, 4169412.75, 516.52);
insert into STATION values (5311, '.', 2269, 269541.14, 4169424.46, 516.20);
insert into STATION values (5312, '.', 2269, 269550.27, 4169423.37, 517.22);
insert into STATION values (5313, '.', 2269, 269552.64, 4169419.03, 516.22);
insert into STATION values (5314, '.', 2269, 269556.06, 4169417.98, 516.50);
insert into STATION values (5315, '.', 2269, 269556.00, 4169418.58, 516.37);
insert into STATION values (5316, '.', 2269, 269546.70, 4169420.77, 515.80);
insert into STATION values (5317, '.', 2269, 269530.38, 4169418.67, 516.38);
insert into STATION values (5318, 'B81', 2269, 269528.03, 4169458.05, 516.52);
insert into STATION values (5319, '.', 2269, 269514.22, 4169457.00, 519.39);
insert into STATION values (5320, '.', 2269, 269532.31, 4169452.24, 518.81);
insert into STATION values (5321, '.', 2269, 269526.64, 4169461.02, 528.17);
insert into STATION values (5322, '.', 2269, 269528.05, 4169458.09, 515.97);
insert into STATION values (5323, '29', 2269, 269517.44, 4169469.18, 518.00);
insert into STATION values (5324, '.', 2269, 269515.14, 4169462.51, 520.99);
insert into STATION values (5325, '.', 2269, 269525.87, 4169484.87, 524.73);
insert into STATION values (5326, '.', 2269, 269515.81, 4169469.43, 523.94);
insert into STATION values (5327, '.', 2269, 269517.40, 4169469.19, 517.43);
insert into STATION values (5328, '30', 2269, 269501.83, 4169463.70, 519.13);
insert into STATION values (5329, '.', 2269, 269501.68, 4169464.20, 519.10);
insert into STATION values (5330, '29b', 2269, 269516.48, 4169465.97, 536.11);
insert into STATION values (5331, '29c', 2269, 269516.73, 4169470.35, 539.17);
insert into STATION values (5332, '.', 2269, 269502.78, 4169468.20, 519.51);
insert into STATION values (5333, '.', 2269, 269501.29, 4169465.76, 521.35);
insert into STATION values (5334, '.', 2269, 269500.88, 4169465.97, 517.40);
insert into STATION values (5335, '31', 2269, 269493.99, 4169468.26, 518.11);
insert into STATION values (5336, '.', 2269, 269490.92, 4169465.29, 518.56);
insert into STATION values (5337, '.', 2269, 269495.36, 4169471.08, 519.37);
insert into STATION values (5338, '.', 2269, 269493.64, 4169468.55, 521.27);
insert into STATION values (5339, '.', 2269, 269494.09, 4169468.37, 517.48);
insert into STATION values (5340, '.', 2269, 269484.32, 4169473.91, 516.85);
insert into STATION values (5341, '32', 2269, 269490.45, 4169471.57, 518.83);
insert into STATION values (5342, '.', 2269, 269489.22, 4169470.05, 519.14);
insert into STATION values (5343, '.', 2269, 269491.37, 4169472.38, 518.58);
insert into STATION values (5344, '.', 2269, 269490.15, 4169471.62, 519.45);
insert into STATION values (5345, '.', 2269, 269490.23, 4169471.67, 518.05);
insert into STATION values (5346, '33', 2269, 269483.59, 4169480.43, 516.37);
insert into STATION values (5347, '34', 2269, 269506.28, 4169468.75, 520.03);
insert into STATION values (5348, '.', 2269, 269472.12, 4169479.86, 518.04);
insert into STATION values (5349, '.', 2269, 269502.98, 4169466.83, 520.93);
insert into STATION values (5350, '.', 2269, 269518.47, 4169474.60, 521.88);
insert into STATION values (5351, '.', 2269, 269506.10, 4169469.31, 523.40);
insert into STATION values (5352, '.', 2269, 269506.32, 4169468.99, 518.78);
insert into STATION values (5353, '35', 2269, 269508.25, 4169482.27, 518.92);
insert into STATION values (5354, '.', 2269, 269495.16, 4169471.95, 520.00);
insert into STATION values (5355, '.', 2269, 269483.88, 4169474.98, 520.03);
insert into STATION values (5356, '.', 2269, 269477.72, 4169479.52, 519.08);
insert into STATION values (5357, '.', 2269, 269483.30, 4169484.48, 519.54);
insert into STATION values (5358, '.', 2269, 269493.41, 4169487.39, 520.10);
insert into STATION values (5359, '.', 2269, 269521.00, 4169475.16, 522.03);
insert into STATION values (5360, '.', 2269, 269522.96, 4169486.31, 522.78);
insert into STATION values (5361, '.', 2269, 269526.39, 4169478.20, 525.76);
insert into STATION values (5362, '.', 2269, 269522.74, 4169479.55, 533.26);
insert into STATION values (5363, '.', 2269, 269508.32, 4169481.94, 525.81);
insert into STATION values (5364, '.', 2269, 269500.90, 4169485.57, 524.92);
insert into STATION values (5365, '.', 2269, 269507.85, 4169482.19, 517.59);
insert into STATION values (5366, '36', 2269, 269520.34, 4169505.83, 521.98);
insert into STATION values (5367, '.', 2269, 269508.83, 4169506.04, 523.33);
insert into STATION values (5368, '.', 2269, 269526.27, 4169500.21, 522.38);
insert into STATION values (5369, '.', 2269, 269535.53, 4169496.20, 519.29);
insert into STATION values (5370, '36b', 2269, 269526.83, 4169512.97, 542.68);
insert into STATION values (5371, '.', 2269, 269522.81, 4169510.85, 518.16);
insert into STATION values (5372, 'B82', 2269, 269534.40, 4169519.30, 523.68);
insert into STATION values (5373, '.', 2269, 269504.14, 4169510.70, 525.00);
insert into STATION values (5374, '.', 2269, 269538.84, 4169523.26, 524.76);
insert into STATION values (5375, '.', 2269, 269532.79, 4169519.34, 521.06);
insert into STATION values (5376, '.', 2269, 269535.97, 4169522.47, 523.62);
insert into STATION values (5377, '37', 2269, 269511.66, 4169533.64, 526.46);
insert into STATION values (5378, '.', 2269, 269505.65, 4169533.02, 520.42);
insert into STATION values (5379, '.', 2269, 269486.78, 4169529.63, 521.11);
insert into STATION values (5380, '.', 2269, 269505.07, 4169531.66, 532.32);
insert into STATION values (5381, '.', 2269, 269499.19, 4169535.90, 536.05);
insert into STATION values (5382, '.', 2269, 269505.53, 4169523.08, 539.52);
insert into STATION values (5383, '.', 2269, 269511.46, 4169533.66, 534.62);
insert into STATION values (5384, '.', 2269, 269515.32, 4169541.47, 525.62);
insert into STATION values (5385, '.', 2269, 269514.94, 4169540.95, 533.21);
insert into STATION values (5386, '.', 2269, 269511.86, 4169533.77, 525.44);
insert into STATION values (5387, '38', 2269, 269459.42, 4169563.86, 548.79);
insert into STATION values (5388, '.', 2269, 269460.04, 4169555.09, 547.57);
insert into STATION values (5389, '.', 2269, 269502.79, 4169568.77, 541.56);
insert into STATION values (5390, '.', 2269, 269489.04, 4169581.00, 543.37);
insert into STATION values (5391, '.', 2269, 269489.81, 4169575.80, 543.85);
insert into STATION values (5392, '.', 2269, 269494.75, 4169574.77, 543.46);
insert into STATION values (5393, '.', 2269, 269489.52, 4169583.67, 543.47);
insert into STATION values (5394, '.', 2269, 269488.07, 4169584.79, 543.30);
insert into STATION values (5395, '.', 2269, 269473.80, 4169578.47, 546.27);
insert into STATION values (5396, '.', 2269, 269461.34, 4169568.96, 561.61);
insert into STATION values (5397, '.', 2269, 269459.47, 4169563.36, 546.21);
insert into STATION values (5398, '39', 2269, 269430.33, 4169571.79, 564.95);
insert into STATION values (5399, '.', 2269, 269433.19, 4169556.45, 555.28);
insert into STATION values (5400, '.', 2269, 269431.96, 4169563.31, 564.21);
insert into STATION values (5401, '.', 2269, 269429.83, 4169571.99, 570.92);
insert into STATION values (5402, '.', 2269, 269425.92, 4169580.44, 568.76);
insert into STATION values (5403, '.', 2269, 269433.05, 4169582.43, 560.34);
insert into STATION values (5404, '40', 2269, 269419.06, 4169573.13, 570.86);
insert into STATION values (5405, '41', 2269, 269555.84, 4169519.45, 526.21);
insert into STATION values (5406, '.', 2269, 269555.41, 4169522.62, 523.19);
insert into STATION values (5407, '.', 2269, 269554.35, 4169526.51, 527.37);
insert into STATION values (5408, '.', 2269, 269554.93, 4169523.76, 531.36);
insert into STATION values (5409, '.', 2269, 269557.42, 4169519.22, 530.96);
insert into STATION values (5410, '.', 2269, 269557.31, 4169515.77, 526.81);
insert into STATION values (5411, '.', 2269, 269556.13, 4169518.14, 525.01);
insert into STATION values (5412, '42', 2269, 269564.26, 4169526.21, 524.83);
insert into STATION values (5413, '43', 2269, 269574.90, 4169538.74, 523.99);
insert into STATION values (5414, '.', 2269, 269562.63, 4169529.62, 525.47);
insert into STATION values (5415, '.', 2269, 269564.32, 4169528.11, 530.34);
insert into STATION values (5416, '.', 2269, 269568.12, 4169522.47, 533.49);
insert into STATION values (5417, '.', 2269, 269572.81, 4169519.73, 525.99);
insert into STATION values (5418, '.', 2269, 269569.20, 4169522.52, 522.78);
insert into STATION values (5419, '.', 2269, 269565.19, 4169545.99, 522.07);
insert into STATION values (5420, '.', 2269, 269575.79, 4169539.21, 530.64);
insert into STATION values (5421, '.', 2269, 269583.10, 4169532.75, 525.46);
insert into STATION values (5422, '.', 2269, 269574.95, 4169538.60, 523.27);
insert into STATION values (5423, '44', 2269, 269600.92, 4169543.58, 537.07);
insert into STATION values (5424, '.', 2269, 269586.83, 4169553.57, 535.38);
insert into STATION values (5425, '.', 2269, 269600.84, 4169543.79, 542.79);
insert into STATION values (5426, '.', 2269, 269611.38, 4169538.52, 536.12);
insert into STATION values (5427, '.', 2269, 269608.40, 4169538.77, 543.90);
insert into STATION values (5428, '45', 2269, 269603.10, 4169554.75, 542.41);
insert into STATION values (5429, '.', 2269, 269595.96, 4169561.30, 542.22);
insert into STATION values (5430, '.', 2269, 269601.80, 4169555.75, 543.24);
insert into STATION values (5431, '.', 2269, 269603.33, 4169554.50, 543.68);
insert into STATION values (5432, '.', 2269, 269607.97, 4169550.69, 542.88);
insert into STATION values (5433, '46', 2269, 269603.77, 4169558.20, 543.82);
insert into STATION values (5434, '.', 2269, 269600.35, 4169560.40, 544.04);
insert into STATION values (5435, '.', 2269, 269603.28, 4169558.61, 546.75);
insert into STATION values (5436, '.', 2269, 269606.23, 4169560.04, 550.81);
insert into STATION values (5437, '.', 2269, 269610.25, 4169553.93, 546.91);
insert into STATION values (5438, '.', 2269, 269604.24, 4169557.86, 543.17);
insert into STATION values (5439, '47', 2269, 269600.92, 4169543.52, 535.85);
insert into STATION values (5440, '48', 2269, 269609.58, 4169538.67, 532.33);
insert into STATION values (5441, '.', 2269, 269617.18, 4169544.83, 535.53);
insert into STATION values (5442, '.', 2269, 269612.18, 4169539.52, 532.38);
insert into STATION values (5443, '.', 2269, 269610.45, 4169540.10, 536.18);
insert into STATION values (5444, '.', 2269, 269609.15, 4169538.04, 541.13);
insert into STATION values (5445, '.', 2269, 269605.50, 4169534.63, 533.66);
insert into STATION values (5446, '.', 2269, 269603.65, 4169532.18, 527.57);
insert into STATION values (5447, '.', 2269, 269608.40, 4169536.65, 529.57);
insert into STATION values (5448, '49', 2269, 269617.23, 4169526.42, 524.49);
insert into STATION values (5449, '50', 2269, 269560.73, 4169517.16, 524.15);
insert into STATION values (5450, '.', 2269, 269562.79, 4169517.62, 525.20);
insert into STATION values (5451, '.', 2269, 269561.24, 4169516.23, 528.37);
insert into STATION values (5452, '.', 2269, 269555.44, 4169513.01, 529.89);
insert into STATION values (5453, '.', 2269, 269554.18, 4169512.60, 526.54);
insert into STATION values (5454, '.', 2269, 269559.87, 4169516.49, 523.12);
insert into STATION values (5455, '51', 2269, 269557.77, 4169495.24, 523.45);
insert into STATION values (5456, '.', 2269, 269565.27, 4169498.49, 524.31);
insert into STATION values (5457, '.', 2269, 269572.68, 4169497.06, 524.68);
insert into STATION values (5458, '.', 2269, 269577.45, 4169493.74, 524.86);
insert into STATION values (5459, '.', 2269, 269578.88, 4169490.96, 523.97);
insert into STATION values (5460, '.', 2269, 269566.85, 4169490.16, 523.79);
insert into STATION values (5461, '.', 2269, 269552.80, 4169496.29, 524.75);
insert into STATION values (5462, '.', 2269, 269557.91, 4169495.13, 527.11);
insert into STATION values (5463, '.', 2269, 269557.77, 4169495.20, 522.16);
insert into STATION values (5464, '52', 2269, 269560.67, 4169489.70, 524.25);
insert into STATION values (5465, '.', 2269, 269569.76, 4169488.45, 524.25);
insert into STATION values (5466, '.', 2269, 269573.85, 4169484.61, 526.41);
insert into STATION values (5467, '.', 2269, 269574.15, 4169482.43, 526.51);
insert into STATION values (5468, '.', 2269, 269570.14, 4169481.99, 525.34);
insert into STATION values (5469, '.', 2269, 269566.04, 4169480.51, 524.86);
insert into STATION values (5470, '.', 2269, 269552.13, 4169495.57, 523.97);
insert into STATION values (5471, '.', 2269, 269552.80, 4169491.94, 525.90);
insert into STATION values (5472, '.', 2269, 269559.63, 4169490.09, 527.59);
insert into STATION values (5473, '.', 2269, 269560.02, 4169489.69, 523.06);
insert into STATION values (5474, '.', 2269, 269548.30, 4169486.40, 524.05);
insert into STATION values (5475, '53', 2269, 269552.61, 4169487.85, 524.27);
insert into STATION values (5476, '.', 2269, 269544.35, 4169485.52, 524.32);
insert into STATION values (5477, '.', 2269, 269561.44, 4169480.54, 528.62);
insert into STATION values (5478, '.', 2269, 269555.35, 4169484.47, 528.56);
insert into STATION values (5479, '.', 2269, 269551.23, 4169488.80, 524.48);
insert into STATION values (5480, '.', 2269, 269552.39, 4169487.58, 526.74);
insert into STATION values (5481, '.', 2269, 269552.60, 4169487.85, 523.89);
insert into STATION values (5482, '54', 2269, 269553.28, 4169480.90, 526.20);
insert into STATION values (5483, '54b', 2269, 269553.28, 4169480.90, 551.20);
insert into STATION values (5484, '.', 2269, 269550.02, 4169481.30, 526.01);
insert into STATION values (5485, '.', 2269, 269560.80, 4169480.55, 526.92);
insert into STATION values (5486, '.', 2269, 269557.94, 4169474.86, 526.73);
insert into STATION values (5487, '.', 2269, 269545.04, 4169486.77, 525.68);
insert into STATION values (5488, '.', 2269, 269549.02, 4169484.73, 522.60);
insert into STATION values (5489, '.', 2269, 269553.43, 4169481.02, 524.34);
insert into STATION values (5490, '.', 2269, 269550.06, 4169481.43, 531.13);
insert into STATION values (5491, '.', 2269, 269561.25, 4169479.30, 531.70);
insert into STATION values (5492, '.', 2269, 269559.61, 4169482.51, 538.12);
insert into STATION values (5493, '.', 2269, 269552.75, 4169483.35, 535.75);
insert into STATION values (5494, '.', 2269, 269555.50, 4169487.65, 546.58);
insert into STATION values (5495, '.', 2269, 269565.50, 4169486.10, 548.04);
insert into STATION values (5496, '.', 2269, 269557.96, 4169485.71, 546.36);
insert into STATION values (5497, '55', 2269, 269543.74, 4169481.39, 521.54);
insert into STATION values (5498, '.', 2269, 269552.24, 4169473.53, 526.07);
insert into STATION values (5499, '.', 2269, 269539.65, 4169481.69, 521.46);
insert into STATION values (5500, '.', 2269, 269543.45, 4169481.42, 524.94);
insert into STATION values (5501, '.', 2269, 269544.21, 4169481.14, 520.97);
insert into STATION values (5502, '56', 2269, 269552.28, 4169462.00, 521.48);
insert into STATION values (5503, '.', 2269, 269555.90, 4169459.76, 523.20);
insert into STATION values (5504, '.', 2269, 269551.41, 4169462.61, 525.02);
insert into STATION values (5505, '.', 2269, 269546.90, 4169466.67, 520.41);
insert into STATION values (5506, '.', 2269, 269549.52, 4169464.93, 519.22);
insert into STATION values (5507, '.', 2269, 269558.69, 4169465.88, 542.98);
insert into STATION values (5508, '.', 2269, 269555.39, 4169454.90, 541.06);
insert into STATION values (5509, '.', 2269, 269528.51, 4169462.21, 516.00);
insert into STATION values (5510, '.', 2269, 269536.34, 4169456.57, 516.02);
insert into STATION values (5511, '.', 2269, 269540.63, 4169462.78, 515.89);
insert into STATION values (5512, '.', 2269, 269526.62, 4169450.14, 515.56);
insert into STATION values (5513, '.', 2269, 269520.77, 4169456.47, 516.29);
insert into STATION values (5514, '.', 2269, 269513.58, 4169464.23, 516.22);
insert into STATION values (5515, '.', 2269, 269289.28, 4169348.44, 512.90);
insert into STATION values (5516, '.', 2269, 269302.31, 4169342.72, 513.18);
insert into STATION values (5517, '.', 2269, 269316.36, 4169350.74, 509.56);
insert into STATION values (5518, '.', 2269, 269305.84, 4169344.08, 506.50);
insert into STATION values (5519, '57', 2269, 269301.86, 4169363.98, 510.84);
insert into STATION values (5520, '.', 2269, 269295.40, 4169365.87, 514.73);
insert into STATION values (5521, '.', 2269, 269302.34, 4169364.28, 513.48);
insert into STATION values (5522, '.', 2269, 269322.26, 4169359.44, 507.79);
insert into STATION values (5523, '.', 2269, 269317.17, 4169360.04, 512.33);
insert into STATION values (5524, '.', 2269, 269303.81, 4169363.53, 509.32);
insert into STATION values (5525, '58', 2269, 269307.36, 4169379.37, 511.33);
insert into STATION values (5526, '.', 2269, 269300.36, 4169379.83, 513.02);
insert into STATION values (5527, '.', 2269, 269305.49, 4169386.56, 511.77);
insert into STATION values (5528, '.', 2269, 269310.52, 4169390.09, 507.35);
insert into STATION values (5529, '.', 2269, 269316.92, 4169383.48, 504.31);
insert into STATION values (5530, '.', 2269, 269309.41, 4169379.25, 511.27);
insert into STATION values (5531, '.', 2269, 269307.41, 4169379.63, 509.47);
insert into STATION values (5532, '59', 2269, 269315.93, 4169354.78, 509.27);
insert into STATION values (5533, '.', 2269, 269322.04, 4169355.44, 507.30);
insert into STATION values (5534, '.', 2269, 269293.84, 4169354.57, 513.97);
insert into STATION values (5535, '.', 2269, 269313.53, 4169355.40, 513.07);
insert into STATION values (5536, '.', 2269, 269315.92, 4169354.36, 507.68);
insert into STATION values (5537, '60', 2269, 269322.63, 4169349.79, 507.63);
insert into STATION values (5538, '.', 2269, 269325.42, 4169351.86, 507.75);
insert into STATION values (5539, '.', 2269, 269322.60, 4169348.68, 510.16);
insert into STATION values (5540, '.', 2269, 269303.38, 4169325.80, 511.40);
insert into STATION values (5541, '.', 2269, 269321.49, 4169348.43, 506.01);
insert into STATION values (5542, '61', 2269, 269323.29, 4169337.15, 507.06);
insert into STATION values (5543, '.', 2269, 269334.55, 4169346.03, 509.57);
insert into STATION values (5544, '.', 2269, 269325.40, 4169338.35, 510.53);
insert into STATION values (5545, '61b', 2269, 269331.79, 4169332.33, 525.23);
insert into STATION values (5546, '.', 2269, 269320.26, 4169338.03, 512.39);
insert into STATION values (5547, '.', 2269, 269278.25, 4169337.03, 510.84);
insert into STATION values (5548, '.', 2269, 269320.81, 4169337.03, 504.67);
insert into STATION values (5549, '62', 2269, 269334.15, 4169343.10, 508.76);
insert into STATION values (5550, '.', 2269, 269335.95, 4169353.57, 508.28);
insert into STATION values (5551, '.', 2269, 269334.64, 4169345.90, 509.40);
insert into STATION values (5552, '.', 2269, 269334.30, 4169342.54, 509.97);
insert into STATION values (5553, '.', 2269, 269331.58, 4169336.99, 509.58);
insert into STATION values (5554, '.', 2269, 269307.48, 4169319.55, 510.44);
insert into STATION values (5555, '.', 2269, 269334.91, 4169331.30, 510.07);
insert into STATION values (5556, '.', 2269, 269333.98, 4169341.84, 507.41);
insert into STATION values (5557, '63', 2269, 269346.21, 4169343.68, 508.76);
insert into STATION values (5558, '.', 2269, 269340.21, 4169353.53, 508.22);
insert into STATION values (5559, '.', 2269, 269342.10, 4169358.35, 511.09);
insert into STATION values (5560, '.', 2269, 269345.64, 4169354.26, 510.33);
insert into STATION values (5561, '.', 2269, 269348.33, 4169346.75, 509.59);
insert into STATION values (5562, '.', 2269, 269346.17, 4169343.73, 507.33);
insert into STATION values (5563, '.', 2269, 269345.96, 4169343.53, 509.70);
insert into STATION values (5564, '.', 2269, 269344.10, 4169340.90, 509.02);
insert into STATION values (5565, '.', 2269, 269345.36, 4169342.44, 507.35);
insert into STATION values (5566, '64', 2269, 269348.04, 4169328.63, 508.35);
insert into STATION values (5567, '.', 2269, 269357.35, 4169333.31, 508.86);
insert into STATION values (5568, '.', 2269, 269357.18, 4169324.90, 509.77);
insert into STATION values (5569, '.', 2269, 269358.11, 4169328.19, 510.16);
insert into STATION values (5570, '64b', 2269, 269347.28, 4169328.64, 522.51);
insert into STATION values (5571, '.', 2269, 269337.74, 4169322.03, 504.93);
insert into STATION values (5572, '.', 2269, 269339.27, 4169323.29, 508.61);
insert into STATION values (5573, '.', 2269, 269344.82, 4169326.84, 505.37);
insert into STATION values (5574, '65', 2269, 269345.93, 4169334.60, 506.85);
insert into STATION values (5575, '66', 2269, 269338.17, 4169333.16, 508.07);
insert into STATION values (5576, '.', 2269, 269333.44, 4169327.53, 508.74);
insert into STATION values (5577, '.', 2269, 269330.07, 4169329.27, 515.51);
insert into STATION values (5578, '.', 2269, 269336.97, 4169333.90, 509.58);
insert into STATION values (5579, '.', 2269, 269338.93, 4169334.85, 508.88);
insert into STATION values (5580, '.', 2269, 269342.31, 4169348.34, 508.15);
insert into STATION values (5581, '67', 2269, 269328.90, 4169340.01, 507.84);
insert into STATION values (5582, '.', 2269, 269328.96, 4169332.29, 508.74);
insert into STATION values (5583, '.', 2269, 269328.65, 4169331.82, 506.55);
insert into STATION values (5584, '.', 2269, 269327.96, 4169333.19, 511.46);
insert into STATION values (5585, '.', 2269, 269328.87, 4169340.19, 509.47);
insert into STATION values (5586, '.', 2269, 269333.10, 4169356.33, 507.37);
insert into STATION values (5587, '68', 2269, 269325.25, 4169336.94, 505.82);
insert into STATION values (5588, '69', 2269, 269320.64, 4169347.74, 507.32);
insert into STATION values (5589, '70', 2269, 269303.03, 4169339.86, 508.62);
insert into STATION values (5590, '0', 2277, 281928.81, 4197568.15, 1509.00);
insert into STATION_FLAG values(5590, 'ent');
insert into STATION_FLAG values(5590, 'fix');
insert into STATION values (5591, '.', 2277, 281928.21, 4197567.29, 1509.15);
insert into STATION values (5592, '.', 2277, 281928.00, 4197567.82, 1509.52);
insert into STATION values (5593, '.', 2277, 281928.02, 4197568.30, 1509.52);
insert into STATION values (5594, '.', 2277, 281928.81, 4197568.45, 1509.17);
insert into STATION values (5595, '.', 2277, 281928.72, 4197567.79, 1508.54);
insert into STATION values (5596, '.', 2277, 281927.25, 4197568.44, 1508.51);
insert into STATION values (5597, '.', 2277, 281926.29, 4197569.16, 1508.34);
insert into STATION values (5598, '.', 2277, 281925.40, 4197569.67, 1508.73);
insert into STATION values (5599, '.', 2277, 281926.96, 4197568.71, 1509.30);
insert into STATION values (5600, '.', 2277, 281925.08, 4197569.55, 1508.45);
insert into STATION values (5601, '.', 2277, 281925.92, 4197568.81, 1508.72);
insert into STATION values (5602, '.', 2277, 281927.20, 4197567.92, 1509.00);
insert into STATION values (5603, '.', 2277, 281927.17, 4197569.02, 1508.87);
insert into STATION values (5604, '.', 2277, 281926.84, 4197569.05, 1508.77);
insert into STATION values (5605, '1', 2277, 281921.92, 4197571.49, 1507.81);
insert into STATION values (5606, 'Promeszutochnaya_Tunnel_00', 2296, 270740.40, 4169404.40, 645.00);
insert into STATION_FLAG values(5606, 'ent');
insert into STATION_FLAG values(5606, 'fix');
insert into STATION_FLAG values(5606, 'air');
insert into STATION values (5607, '.', 2296, 270740.08, 4169403.71, 644.55);
insert into STATION values (5608, '.', 2296, 270742.33, 4169405.74, 644.60);
insert into STATION values (5609, '.', 2296, 270740.47, 4169403.94, 647.22);
insert into STATION values (5610, '.', 2296, 270740.47, 4169404.32, 644.48);
insert into STATION values (5611, '.', 2296, 270740.53, 4169404.32, 644.99);
insert into STATION values (5612, '1', 2296, 270747.73, 4169399.66, 644.39);
insert into STATION values (5613, '.', 2296, 270748.01, 4169399.95, 644.34);
insert into STATION values (5614, '.', 2296, 270746.83, 4169398.42, 644.31);
insert into STATION values (5615, '.', 2296, 270747.97, 4169399.82, 645.99);
insert into STATION values (5616, '.', 2296, 270747.72, 4169399.55, 643.96);
insert into STATION values (5617, '2', 2296, 270758.25, 4169387.83, 643.25);
insert into STATION values (5618, '.', 2296, 270759.80, 4169389.01, 642.94);
insert into STATION values (5619, '.', 2296, 270758.53, 4169387.75, 644.29);
insert into STATION values (5620, '.', 2296, 270758.41, 4169387.74, 641.90);
insert into STATION values (5621, '.', 2296, 270758.06, 4169387.63, 643.28);
insert into STATION values (5622, '3', 2296, 270772.33, 4169376.89, 638.52);
insert into STATION values (5623, '.', 2296, 270773.05, 4169378.83, 638.59);
insert into STATION values (5624, '.', 2296, 270772.34, 4169376.77, 640.99);
insert into STATION values (5625, '.', 2296, 270772.33, 4169376.87, 637.05);
insert into STATION values (5626, '.', 2296, 270772.19, 4169376.51, 638.53);
insert into STATION values (5627, '4', 2296, 270799.04, 4169376.29, 637.25);
insert into STATION values (5628, '.', 2296, 270807.16, 4169376.31, 636.19);
insert into STATION values (5629, '.', 2296, 270799.80, 4169380.67, 637.12);
insert into STATION values (5630, '.', 2296, 270817.84, 4169363.05, 635.72);
insert into STATION values (5631, '.', 2296, 270819.92, 4169355.80, 633.97);
insert into STATION values (5632, '.', 2296, 270807.67, 4169358.08, 635.10);
insert into STATION values (5633, '.', 2296, 270796.54, 4169366.24, 636.83);
insert into STATION values (5634, '.', 2296, 270792.92, 4169370.14, 637.13);
insert into STATION values (5635, '.', 2296, 270779.92, 4169380.44, 636.26);
insert into STATION values (5636, '.', 2296, 270786.10, 4169388.98, 635.25);
insert into STATION values (5637, '.', 2296, 270798.80, 4169375.59, 640.44);
insert into STATION values (5638, '.', 2296, 270799.10, 4169378.56, 632.45);
insert into STATION values (5639, '5', 2296, 270816.36, 4169354.71, 632.31);
insert into STATION values (5640, '.', 2296, 270809.20, 4169353.90, 633.01);
insert into STATION values (5641, '.', 2296, 270805.29, 4169359.76, 634.60);
insert into STATION values (5642, '.', 2296, 270813.16, 4169369.44, 634.40);
insert into STATION values (5643, '.', 2296, 270820.84, 4169363.37, 632.85);
insert into STATION values (5644, '.', 2296, 270823.51, 4169359.27, 632.82);
insert into STATION values (5645, '.', 2296, 270819.93, 4169352.19, 632.35);
insert into STATION values (5646, '.', 2296, 270817.10, 4169343.67, 632.94);
insert into STATION values (5647, '.', 2296, 270815.24, 4169353.34, 635.13);
insert into STATION values (5648, '.', 2296, 270812.45, 4169356.85, 645.18);
insert into STATION values (5649, '.', 2296, 270813.52, 4169358.61, 641.01);
insert into STATION values (5650, '.', 2296, 270811.22, 4169365.61, 638.39);
insert into STATION values (5651, '6', 2296, 270818.48, 4169326.27, 625.79);
insert into STATION values (5652, '.', 2296, 270810.87, 4169329.63, 627.20);
insert into STATION values (5653, '.', 2296, 270809.70, 4169318.59, 625.24);
insert into STATION values (5654, '.', 2296, 270812.31, 4169310.33, 626.36);
insert into STATION values (5655, '.', 2296, 270825.45, 4169308.80, 626.65);
insert into STATION values (5656, '.', 2296, 270826.63, 4169323.92, 626.13);
insert into STATION values (5657, '.', 2296, 270832.49, 4169324.46, 627.48);
insert into STATION values (5658, '.', 2296, 270830.70, 4169331.37, 626.74);
insert into STATION values (5659, '.', 2296, 270825.74, 4169340.06, 627.82);
insert into STATION values (5660, '.', 2296, 270819.41, 4169325.95, 628.99);
insert into STATION values (5661, '.', 2296, 270818.50, 4169326.08, 624.62);
insert into STATION values (5662, '.', 2296, 270819.53, 4169319.89, 627.73);
insert into STATION values (5663, '.', 2296, 270819.21, 4169336.05, 631.57);
insert into STATION values (5664, '7', 2296, 270822.06, 4169306.98, 629.59);
insert into STATION values (5665, '.', 2296, 270827.78, 4169308.43, 630.11);
insert into STATION values (5666, '.', 2296, 270811.92, 4169295.74, 629.86);
insert into STATION values (5667, '.', 2296, 270831.04, 4169281.68, 631.61);
insert into STATION values (5668, '.', 2296, 270846.58, 4169301.29, 631.84);
insert into STATION values (5669, '.', 2296, 270849.09, 4169289.19, 632.14);
insert into STATION values (5670, '.', 2296, 270821.81, 4169310.31, 629.47);
insert into STATION values (5671, '.', 2296, 270814.09, 4169310.09, 630.18);
insert into STATION values (5672, '.', 2296, 270822.44, 4169306.96, 631.94);
insert into STATION values (5673, '.', 2296, 270826.25, 4169299.10, 632.19);
insert into STATION values (5674, '.', 2296, 270822.13, 4169306.99, 628.27);
insert into STATION values (5675, '8', 2296, 270833.62, 4169282.78, 632.36);
insert into STATION values (5676, '.', 2296, 270845.24, 4169301.12, 632.28);
insert into STATION values (5677, '.', 2296, 270849.53, 4169289.52, 633.45);
insert into STATION values (5678, '.', 2296, 270829.56, 4169272.01, 631.21);
insert into STATION values (5679, '.', 2296, 270825.23, 4169278.42, 631.31);
insert into STATION values (5680, '.', 2296, 270813.61, 4169285.08, 630.63);
insert into STATION values (5681, '.', 2296, 270836.18, 4169282.24, 629.64);
insert into STATION values (5682, '.', 2296, 270833.63, 4169282.77, 632.67);
insert into STATION values (5683, 'PTR_FR24_A98_9', 2296, 270840.15, 4169281.07, 630.56);
insert into STATION values (5684, '.', 2296, 270848.97, 4169295.79, 632.36);
insert into STATION values (5685, '.', 2296, 270830.95, 4169268.16, 628.64);
insert into STATION values (5686, '.', 2296, 270828.64, 4169274.55, 630.21);
insert into STATION values (5687, '.', 2296, 270861.35, 4169266.48, 630.02);
insert into STATION values (5688, '.', 2296, 270841.27, 4169280.06, 633.56);
insert into STATION values (5689, '.', 2296, 270840.56, 4169281.56, 628.76);
insert into STATION values (5690, '10', 2296, 270845.90, 4169279.23, 630.80);
insert into STATION values (5691, '.', 2296, 270836.59, 4169305.89, 633.07);
insert into STATION values (5692, '.', 2296, 270846.18, 4169295.73, 632.39);
insert into STATION values (5693, '.', 2296, 270859.17, 4169289.84, 633.13);
insert into STATION values (5694, '.', 2296, 270859.34, 4169260.71, 628.32);
insert into STATION values (5695, '.', 2296, 270845.88, 4169279.07, 630.77);
insert into STATION values (5696, '.', 2296, 270829.20, 4169275.88, 628.92);
insert into STATION values (5697, '.', 2296, 270846.04, 4169279.31, 632.69);
insert into STATION values (5698, '.', 2296, 270845.93, 4169279.58, 629.20);
insert into STATION values (5699, '11', 2296, 270862.47, 4169270.19, 630.43);
insert into STATION values (5700, '.', 2296, 270879.31, 4169266.78, 631.87);
insert into STATION values (5701, '.', 2296, 270868.62, 4169280.49, 633.48);
insert into STATION values (5702, '.', 2296, 270851.84, 4169260.33, 628.26);
insert into STATION values (5703, '.', 2296, 270827.12, 4169270.60, 628.95);
insert into STATION values (5704, '.', 2296, 270862.45, 4169269.57, 631.56);
insert into STATION values (5705, '.', 2296, 270862.63, 4169269.26, 629.22);
insert into STATION values (5706, '12', 2296, 270869.57, 4169259.33, 626.28);
insert into STATION values (5707, '.', 2296, 270879.63, 4169266.84, 628.91);
insert into STATION values (5708, '.', 2296, 270862.25, 4169253.51, 626.40);
insert into STATION values (5709, '.', 2296, 270851.49, 4169263.99, 628.44);
insert into STATION values (5710, '.', 2296, 270870.25, 4169268.31, 629.30);
insert into STATION values (5711, '.', 2296, 270887.00, 4169249.97, 622.44);
insert into STATION values (5712, '.', 2296, 270870.01, 4169259.75, 627.73);
insert into STATION values (5713, '.', 2296, 270869.76, 4169259.25, 625.07);
insert into STATION values (5714, '13', 2296, 270883.83, 4169244.34, 620.86);
insert into STATION values (5715, '.', 2296, 270877.34, 4169243.77, 620.98);
insert into STATION values (5716, '.', 2296, 270891.40, 4169242.92, 624.57);
insert into STATION values (5717, '.', 2296, 270891.02, 4169238.99, 624.54);
insert into STATION values (5718, '.', 2296, 270885.27, 4169237.86, 621.90);
insert into STATION values (5719, '.', 2296, 270890.37, 4169245.66, 623.30);
insert into STATION values (5720, '.', 2296, 270883.79, 4169244.10, 621.99);
insert into STATION values (5721, '.', 2296, 270883.62, 4169244.31, 620.33);
insert into STATION values (5722, '14', 2296, 270880.58, 4169240.77, 620.38);
insert into STATION values (5723, '.', 2296, 270874.55, 4169238.70, 620.14);
insert into STATION values (5724, '.', 2296, 270886.00, 4169237.09, 621.63);
insert into STATION values (5725, '.', 2296, 270880.28, 4169240.48, 621.86);
insert into STATION values (5726, '.', 2296, 270879.87, 4169240.64, 619.48);
insert into STATION values (5727, '15', 2296, 270883.89, 4169231.25, 620.50);
insert into STATION values (5728, '.', 2296, 270904.28, 4169227.56, 624.15);
insert into STATION values (5729, '.', 2296, 270874.88, 4169230.22, 619.18);
insert into STATION values (5730, '.', 2296, 270883.90, 4169231.19, 621.24);
insert into STATION values (5731, '.', 2296, 270883.79, 4169231.37, 619.97);
insert into STATION values (5732, '16', 2296, 270896.08, 4169219.57, 621.15);
insert into STATION values (5733, '.', 2296, 270903.54, 4169213.41, 623.42);
insert into STATION values (5734, '.', 2296, 270879.72, 4169223.97, 619.13);
insert into STATION values (5735, '.', 2296, 270886.08, 4169212.02, 619.37);
insert into STATION values (5736, '.', 2296, 270895.89, 4169219.53, 622.19);
insert into STATION values (5737, '.', 2296, 270895.96, 4169219.49, 620.49);
insert into STATION values (5738, '17', 2296, 270895.02, 4169210.04, 620.35);
insert into STATION values (5739, '.', 2296, 270891.88, 4169207.58, 620.21);
insert into STATION values (5740, '.', 2296, 270900.73, 4169211.40, 621.23);
insert into STATION values (5741, '.', 2296, 270898.45, 4169206.88, 620.55);
insert into STATION values (5742, '.', 2296, 270894.32, 4169205.83, 620.60);
insert into STATION values (5743, '.', 2296, 270895.00, 4169209.89, 621.20);
insert into STATION values (5744, '.', 2296, 270895.22, 4169210.04, 619.96);
insert into STATION values (5745, '18', 2296, 270896.98, 4169207.34, 620.58);
insert into STATION values (5746, '.', 2296, 270895.08, 4169206.67, 620.38);
insert into STATION values (5747, '.', 2296, 270899.79, 4169208.44, 620.87);
insert into STATION values (5748, '.', 2296, 270897.09, 4169207.30, 621.33);
insert into STATION values (5749, '.', 2296, 270896.95, 4169207.33, 620.21);
insert into STATION values (5750, '19', 2296, 270898.70, 4169204.08, 620.11);
insert into STATION values (5751, '.', 2296, 270903.15, 4169203.61, 621.16);
insert into STATION values (5752, '.', 2296, 270892.37, 4169204.80, 620.54);
insert into STATION values (5753, '.', 2296, 270900.80, 4169196.36, 620.74);
insert into STATION values (5754, '.', 2296, 270900.21, 4169205.64, 620.46);
insert into STATION values (5755, '.', 2296, 270898.71, 4169204.02, 621.21);
insert into STATION values (5756, '.', 2296, 270898.55, 4169204.04, 619.49);
insert into STATION values (5757, '20', 2296, 270895.58, 4169194.99, 619.98);
insert into STATION values (5758, '.', 2296, 270902.69, 4169198.13, 621.38);
insert into STATION values (5759, '.', 2296, 270892.39, 4169190.28, 620.41);
insert into STATION values (5760, '.', 2296, 270895.69, 4169194.95, 620.58);
insert into STATION values (5761, '.', 2296, 270895.54, 4169194.85, 619.51);
insert into STATION values (5762, '21', 2296, 270897.96, 4169183.80, 621.75);
insert into STATION values (5763, '.', 2296, 270894.62, 4169178.21, 621.78);
insert into STATION values (5764, '.', 2296, 270885.97, 4169184.21, 622.10);
insert into STATION values (5765, '.', 2296, 270889.82, 4169188.21, 621.45);
insert into STATION values (5766, '.', 2296, 270905.58, 4169184.78, 622.30);
insert into STATION values (5767, '.', 2296, 270897.81, 4169183.92, 622.83);
insert into STATION values (5768, '.', 2296, 270897.90, 4169183.67, 620.83);
insert into STATION values (5769, '22', 2296, 270898.22, 4169177.80, 621.13);
insert into STATION values (5770, '.', 2296, 270891.88, 4169179.36, 621.79);
insert into STATION values (5771, '.', 2296, 270897.90, 4169177.42, 621.36);
insert into STATION values (5772, '.', 2296, 270891.24, 4169181.74, 622.31);
insert into STATION values (5773, '.', 2296, 270896.94, 4169186.05, 621.98);
insert into STATION values (5774, '.', 2296, 270903.88, 4169185.55, 622.48);
insert into STATION values (5775, '.', 2296, 270897.96, 4169178.03, 621.87);
insert into STATION values (5776, '.', 2296, 270898.07, 4169177.86, 620.33);
insert into STATION values (5777, '23', 2296, 270891.91, 4169179.42, 621.74);
insert into STATION values (5778, '.', 2296, 270890.08, 4169181.50, 621.96);
insert into STATION values (5779, '.', 2296, 270891.43, 4169178.48, 621.86);
insert into STATION values (5780, '.', 2296, 270893.50, 4169180.39, 621.67);
insert into STATION values (5781, '.', 2296, 270892.45, 4169178.62, 621.83);
insert into STATION values (5782, '.', 2296, 270891.81, 4169179.50, 622.22);
insert into STATION values (5783, '.', 2296, 270892.01, 4169179.68, 620.69);
insert into STATION values (5784, '24', 2296, 270886.21, 4169180.07, 621.14);
insert into STATION values (5785, '.', 2296, 270886.25, 4169180.64, 621.24);
insert into STATION values (5786, '.', 2296, 270886.70, 4169178.80, 621.42);
insert into STATION values (5787, '.', 2296, 270886.06, 4169180.06, 621.70);
insert into STATION values (5788, '.', 2296, 270885.62, 4169180.99, 619.25);
insert into STATION values (5789, '25', 2296, 270881.41, 4169181.06, 617.90);
insert into STATION values (5790, '.', 2296, 270873.55, 4169182.88, 615.98);
insert into STATION values (5791, '.', 2296, 270883.73, 4169179.54, 618.29);
insert into STATION values (5792, '.', 2296, 270883.22, 4169184.37, 618.70);
insert into STATION values (5793, '.', 2296, 270883.65, 4169181.29, 618.41);
insert into STATION values (5794, '.', 2296, 270881.46, 4169181.21, 618.84);
insert into STATION values (5795, '.', 2296, 270881.19, 4169180.76, 616.81);
insert into STATION values (5796, '26', 2296, 270875.08, 4169171.50, 615.46);
insert into STATION values (5797, '.', 2296, 270865.68, 4169176.87, 613.22);
insert into STATION values (5798, '.', 2296, 270876.94, 4169169.87, 615.24);
insert into STATION values (5799, '.', 2296, 270872.66, 4169165.62, 615.16);
insert into STATION values (5800, '.', 2296, 270868.63, 4169170.63, 614.53);
insert into STATION values (5801, '.', 2296, 270874.92, 4169171.55, 616.67);
insert into STATION values (5802, '.', 2296, 270874.89, 4169171.68, 613.68);
insert into STATION values (5803, '27', 2296, 270862.61, 4169164.74, 612.87);
insert into STATION values (5804, '.', 2296, 270862.94, 4169169.27, 612.66);
insert into STATION values (5805, '.', 2296, 270861.99, 4169159.67, 613.84);
insert into STATION values (5806, '.', 2296, 270856.47, 4169162.47, 612.79);
insert into STATION values (5807, '.', 2296, 270868.42, 4169167.84, 613.23);
insert into STATION values (5808, '.', 2296, 270862.35, 4169164.60, 613.78);
insert into STATION values (5809, '.', 2296, 270862.86, 4169165.09, 611.85);
insert into STATION values (5810, '28', 2296, 270855.66, 4169164.61, 612.21);
insert into STATION values (5811, '.', 2296, 270854.68, 4169168.96, 611.11);
insert into STATION values (5812, '.', 2296, 270854.69, 4169153.22, 612.29);
insert into STATION values (5813, '.', 2296, 270860.25, 4169172.24, 611.43);
insert into STATION values (5814, '.', 2296, 270848.54, 4169162.83, 610.31);
insert into STATION values (5815, '.', 2296, 270855.55, 4169164.71, 613.19);
insert into STATION values (5816, '.', 2296, 270855.43, 4169165.19, 609.85);
insert into STATION values (5817, '.', 2296, 270855.62, 4169164.43, 611.53);
insert into STATION values (5818, '.', 2296, 270855.83, 4169165.23, 609.59);
insert into STATION values (5819, 'PTR_FR24_B35_29', 2296, 270847.11, 4169161.03, 608.84);
insert into STATION values (5820, '.', 2296, 270848.38, 4169158.86, 609.93);
insert into STATION values (5821, '.', 2296, 270846.70, 4169161.67, 609.02);
insert into STATION values (5822, 'PTR_FR24_A98_0', 2303, 270840.15, 4169281.07, 630.56);
insert into STATION values (5823, '.', 2303, 270873.35, 4169280.00, 633.06);
insert into STATION values (5824, '.', 2303, 270859.81, 4169288.40, 632.40);
insert into STATION values (5825, '.', 2303, 270828.90, 4169272.15, 630.41);
insert into STATION values (5826, '.', 2303, 270827.36, 4169275.97, 630.10);
insert into STATION values (5827, '.', 2303, 270823.90, 4169288.40, 631.84);
insert into STATION values (5828, '.', 2303, 270839.73, 4169280.39, 633.36);
insert into STATION values (5829, '.', 2303, 270839.88, 4169281.05, 629.97);
insert into STATION values (5830, '1', 2303, 270838.06, 4169270.96, 627.47);
insert into STATION values (5831, '.', 2303, 270857.42, 4169253.06, 623.53);
insert into STATION values (5832, '.', 2303, 270852.98, 4169258.41, 624.87);
insert into STATION values (5833, '.', 2303, 270838.67, 4169269.29, 626.96);
insert into STATION values (5834, '.', 2303, 270834.11, 4169264.22, 625.09);
insert into STATION values (5835, '.', 2303, 270829.45, 4169266.24, 625.67);
insert into STATION values (5836, '.', 2303, 270829.54, 4169272.78, 629.39);
insert into STATION values (5837, '.', 2303, 270823.39, 4169281.21, 630.18);
insert into STATION values (5838, '.', 2303, 270837.72, 4169270.76, 629.56);
insert into STATION values (5839, '.', 2303, 270837.40, 4169270.36, 626.45);
insert into STATION values (5840, '2', 2303, 270829.16, 4169268.84, 627.23);
insert into STATION values (5841, '.', 2303, 270828.01, 4169266.52, 626.18);
insert into STATION values (5842, '.', 2303, 270833.23, 4169264.27, 625.47);
insert into STATION values (5843, '.', 2303, 270826.11, 4169271.38, 627.63);
insert into STATION values (5844, '.', 2303, 270830.02, 4169272.45, 627.93);
insert into STATION values (5845, '.', 2303, 270830.20, 4169270.07, 629.29);
insert into STATION values (5846, '.', 2303, 270828.57, 4169268.37, 624.97);
insert into STATION values (5847, '3', 2303, 270818.58, 4169268.63, 624.16);
insert into STATION values (5848, '.', 2303, 270819.36, 4169265.91, 624.92);
insert into STATION values (5849, '.', 2303, 270817.35, 4169273.01, 624.42);
insert into STATION values (5850, '.', 2303, 270823.81, 4169266.40, 625.39);
insert into STATION values (5851, '.', 2303, 270810.68, 4169270.79, 624.32);
insert into STATION values (5852, '.', 2303, 270818.39, 4169268.15, 625.40);
insert into STATION values (5853, '.', 2303, 270819.74, 4169267.54, 623.05);
insert into STATION values (5854, '4', 2303, 270810.60, 4169269.06, 623.93);
insert into STATION values (5855, '.', 2303, 270812.98, 4169276.52, 625.26);
insert into STATION values (5856, '.', 2303, 270817.50, 4169274.79, 625.71);
insert into STATION values (5857, '.', 2303, 270807.02, 4169277.52, 623.43);
insert into STATION values (5858, '.', 2303, 270806.14, 4169245.11, 621.24);
insert into STATION values (5859, '.', 2303, 270814.95, 4169251.27, 622.30);
insert into STATION values (5860, '.', 2303, 270818.28, 4169264.19, 624.30);
insert into STATION values (5861, '.', 2303, 270810.13, 4169268.51, 624.49);
insert into STATION values (5862, '.', 2303, 270808.82, 4169269.64, 621.27);
insert into STATION values (5863, '5', 2303, 270787.84, 4169254.21, 618.43);
insert into STATION values (5864, '.', 2303, 270787.70, 4169235.58, 620.49);
insert into STATION values (5865, '.', 2303, 270797.15, 4169239.45, 622.33);
insert into STATION values (5866, '.', 2303, 270807.24, 4169245.43, 620.97);
insert into STATION values (5867, '.', 2303, 270785.21, 4169255.35, 618.87);
insert into STATION values (5868, '.', 2303, 270787.54, 4169260.92, 618.56);
insert into STATION values (5869, '.', 2303, 270792.27, 4169261.39, 619.04);
insert into STATION values (5870, '.', 2303, 270787.62, 4169254.09, 620.47);
insert into STATION values (5871, '.', 2303, 270787.73, 4169252.09, 615.96);
insert into STATION values (5872, '.', 2303, 270770.37, 4169233.93, 612.98);
insert into STATION values (5873, 'A99', 2303, 270770.07, 4169234.10, 613.56);
insert into STATION values (5874, '.', 2303, 270770.37, 4169233.94, 613.08);
insert into STATION values (5875, '.', 2303, 270788.24, 4169221.68, 614.40);
insert into STATION values (5876, '.', 2303, 270796.23, 4169230.45, 616.47);
insert into STATION values (5877, '.', 2303, 270775.43, 4169250.18, 616.54);
insert into STATION values (5878, '.', 2303, 270768.90, 4169242.01, 614.20);
insert into STATION values (5879, '.', 2303, 270759.81, 4169241.14, 610.29);
insert into STATION values (5880, '.', 2303, 270770.97, 4169232.62, 616.11);
insert into STATION values (5881, '.', 2303, 270770.24, 4169232.89, 612.29);
insert into STATION values (5882, 'A97', 2303, 270744.04, 4169222.76, 611.77);
insert into STATION values (5883, '.', 2303, 270743.42, 4169223.43, 611.91);
insert into STATION values (5884, '.', 2303, 270744.80, 4169221.88, 612.27);
insert into STATION values (5885, '.', 2303, 270743.41, 4169222.59, 613.79);
insert into STATION values (5886, '.', 2303, 270744.06, 4169222.70, 611.35);
insert into STATION values (5887, 'A98', 2303, 270739.02, 4169220.77, 608.22);
insert into STATION values (5888, '.', 2303, 270738.56, 4169222.21, 608.03);
insert into STATION values (5889, '.', 2303, 270739.29, 4169220.44, 608.22);
insert into STATION values (5890, '.', 2303, 270738.56, 4169221.03, 611.13);
insert into STATION values (5891, '.', 2303, 270738.83, 4169221.65, 606.78);
insert into STATION values (5892, '8', 2303, 270735.08, 4169222.31, 604.99);
insert into STATION values (5893, '.', 2303, 270735.97, 4169218.23, 604.22);
insert into STATION values (5894, '.', 2303, 270738.19, 4169214.30, 600.32);
insert into STATION values (5895, '.', 2303, 270738.49, 4169216.92, 602.36);
insert into STATION values (5896, '.', 2303, 270737.28, 4169220.09, 604.58);
insert into STATION values (5897, '.', 2303, 270736.78, 4169222.33, 604.96);
insert into STATION values (5898, '.', 2303, 270736.83, 4169222.31, 608.83);
insert into STATION values (5899, '.', 2303, 270735.64, 4169222.76, 603.88);
insert into STATION values (5900, '9', 2303, 270736.22, 4169226.33, 604.93);
insert into STATION values (5901, '.', 2303, 270734.51, 4169225.87, 604.51);
insert into STATION values (5902, '.', 2303, 270737.25, 4169226.54, 604.95);
insert into STATION values (5903, '.', 2303, 270735.89, 4169226.30, 605.44);
insert into STATION values (5904, '.', 2303, 270734.99, 4169226.42, 603.44);
insert into STATION values (5905, '10', 2303, 270730.20, 4169229.17, 604.32);
insert into STATION values (5906, '.', 2303, 270730.38, 4169227.97, 603.88);
insert into STATION values (5907, '.', 2303, 270730.36, 4169229.76, 604.27);
insert into STATION values (5908, '.', 2303, 270730.41, 4169229.02, 604.93);
insert into STATION values (5909, '.', 2303, 270730.15, 4169228.88, 603.41);
insert into STATION values (5910, '.', 2303, 270730.37, 4169228.97, 603.00);
insert into STATION values (5911, '11', 2303, 270726.30, 4169227.11, 603.15);
insert into STATION values (5912, '.', 2303, 270726.30, 4169227.10, 603.16);
insert into STATION values (5913, '.', 2303, 270724.59, 4169230.06, 602.98);
insert into STATION values (5914, '.', 2303, 270728.04, 4169228.48, 602.73);
insert into STATION values (5915, '.', 2303, 270727.21, 4169226.40, 603.25);
insert into STATION values (5916, '.', 2303, 270726.58, 4169228.28, 604.59);
insert into STATION values (5917, '.', 2303, 270727.02, 4169227.51, 601.66);
insert into STATION values (5918, '.', 2303, 270728.93, 4169232.93, 600.21);
insert into STATION values (5919, 'A91', 2303, 270730.42, 4169235.71, 598.64);
insert into STATION values (5920, '.', 2303, 270730.15, 4169238.26, 598.27);
insert into STATION values (5921, '.', 2303, 270733.14, 4169232.84, 599.09);
insert into STATION values (5922, '.', 2303, 270726.65, 4169236.61, 599.21);
insert into STATION values (5923, '.', 2303, 270727.21, 4169232.87, 599.48);
insert into STATION values (5924, '.', 2303, 270729.95, 4169236.11, 599.46);
insert into STATION values (5925, '.', 2303, 270729.69, 4169236.47, 597.77);
insert into STATION values (5926, '12', 2303, 270715.69, 4169234.37, 599.47);
insert into STATION values (5927, '.', 2303, 270715.67, 4169229.64, 599.15);
insert into STATION values (5928, '.', 2303, 270709.90, 4169235.89, 601.31);
insert into STATION values (5929, '.', 2303, 270719.07, 4169236.60, 598.80);
insert into STATION values (5930, '.', 2303, 270718.22, 4169233.22, 598.04);
insert into STATION values (5931, '.', 2303, 270715.26, 4169233.67, 601.59);
insert into STATION values (5932, '13', 2303, 270709.20, 4169233.08, 601.22);
insert into STATION values (5933, '.', 2303, 270715.52, 4169235.12, 601.68);
insert into STATION values (5934, '.', 2303, 270709.86, 4169237.44, 601.58);
insert into STATION values (5935, '.', 2303, 270706.67, 4169237.98, 601.25);
insert into STATION values (5936, '.', 2303, 270702.30, 4169233.65, 601.43);
insert into STATION values (5937, '.', 2303, 270703.25, 4169230.80, 601.54);
insert into STATION values (5938, '.', 2303, 270706.16, 4169227.91, 601.25);
insert into STATION values (5939, '.', 2303, 270709.96, 4169227.49, 601.64);
insert into STATION values (5940, '.', 2303, 270708.71, 4169234.47, 603.18);
insert into STATION values (5941, '.', 2303, 270709.35, 4169233.52, 600.54);
insert into STATION values (5942, '14', 2303, 270694.84, 4169234.92, 602.63);
insert into STATION values (5943, '.', 2303, 270693.84, 4169239.94, 602.80);
insert into STATION values (5944, '.', 2303, 270693.14, 4169230.98, 601.83);
insert into STATION values (5945, '.', 2303, 270699.27, 4169233.67, 602.98);
insert into STATION values (5946, '.', 2303, 270694.36, 4169237.71, 605.98);
insert into STATION values (5947, '.', 2303, 270695.07, 4169235.25, 602.25);
insert into STATION values (5948, '15', 2303, 270685.16, 4169240.46, 599.73);
insert into STATION values (5949, '.', 2303, 270686.96, 4169244.63, 599.42);
insert into STATION values (5950, '.', 2303, 270680.40, 4169232.71, 596.67);
insert into STATION values (5951, '.', 2303, 270686.47, 4169230.20, 598.90);
insert into STATION values (5952, '.', 2303, 270693.68, 4169244.94, 599.95);
insert into STATION values (5953, '.', 2303, 270685.49, 4169241.05, 602.05);
insert into STATION values (5954, '.', 2303, 270680.00, 4169241.57, 595.45);
insert into STATION values (5955, '16', 2303, 270670.87, 4169251.79, 595.28);
insert into STATION values (5956, '.', 2303, 270676.22, 4169255.12, 596.59);
insert into STATION values (5957, '.', 2303, 270667.76, 4169250.22, 595.57);
insert into STATION values (5958, '.', 2303, 270671.39, 4169252.20, 598.18);
insert into STATION values (5959, '.', 2303, 270671.62, 4169253.48, 594.38);
insert into STATION values (5960, '.', 2303, 270675.27, 4169251.61, 593.65);
insert into STATION values (5961, '.', 2303, 270680.86, 4169251.58, 597.42);
insert into STATION values (5962, '.', 2303, 270665.76, 4169253.48, 595.42);
insert into STATION values (5963, '17', 2303, 270668.04, 4169267.75, 597.65);
insert into STATION values (5964, '.', 2303, 270668.27, 4169267.80, 597.69);
insert into STATION values (5965, '.', 2303, 270664.27, 4169266.35, 597.26);
insert into STATION values (5966, '.', 2303, 270667.96, 4169267.76, 598.48);
insert into STATION values (5967, '.', 2303, 270666.98, 4169267.67, 596.32);
insert into STATION values (5968, '18', 2303, 270664.69, 4169271.39, 599.57);
insert into STATION values (5969, '.', 2303, 270667.98, 4169272.53, 599.52);
insert into STATION values (5970, '.', 2303, 270664.10, 4169271.59, 599.98);
insert into STATION values (5971, '.', 2303, 270664.29, 4169272.47, 603.06);
insert into STATION values (5972, '.', 2303, 270665.25, 4169272.93, 598.52);
insert into STATION values (5973, '19', 2303, 270664.12, 4169282.57, 597.84);
insert into STATION values (5974, '.', 2303, 270659.69, 4169281.27, 598.32);
insert into STATION values (5975, '.', 2303, 270664.31, 4169282.68, 598.03);
insert into STATION values (5976, '.', 2303, 270665.70, 4169283.33, 598.99);
insert into STATION values (5977, '.', 2303, 270663.84, 4169282.73, 598.62);
insert into STATION values (5978, '.', 2303, 270663.36, 4169282.36, 596.92);
insert into STATION values (5979, '20', 2303, 270664.64, 4169290.41, 602.02);
insert into STATION values (5980, '.', 2303, 270662.10, 4169291.74, 601.92);
insert into STATION values (5981, '.', 2303, 270665.14, 4169290.07, 602.12);
insert into STATION values (5982, '.', 2303, 270664.10, 4169291.10, 600.73);
insert into STATION values (5983, '.', 2303, 270663.98, 4169291.45, 603.18);
insert into STATION values (5984, '21', 2303, 270667.94, 4169296.05, 601.92);
insert into STATION values (5985, '.', 2303, 270669.06, 4169295.51, 601.82);
insert into STATION values (5986, '.', 2303, 270666.67, 4169296.56, 602.05);
insert into STATION values (5987, '.', 2303, 270667.55, 4169295.98, 603.46);
insert into STATION values (5988, '.', 2303, 270667.77, 4169296.02, 600.23);
insert into STATION values (5989, '22', 2303, 270671.11, 4169299.64, 597.94);
insert into STATION values (5990, '.', 2303, 270670.19, 4169300.48, 599.12);
insert into STATION values (5991, '.', 2303, 270672.56, 4169298.94, 597.61);
insert into STATION values (5992, '.', 2303, 270671.23, 4169299.78, 598.78);
insert into STATION values (5993, '.', 2303, 270671.45, 4169299.51, 597.49);
insert into STATION values (5994, '23', 2303, 270673.40, 4169302.22, 597.18);
insert into STATION values (5995, '.', 2303, 270671.84, 4169301.43, 598.08);
insert into STATION values (5996, '.', 2303, 270674.27, 4169302.74, 597.59);
insert into STATION values (5997, '.', 2303, 270673.68, 4169302.99, 598.92);
insert into STATION values (5998, '.', 2303, 270673.47, 4169300.47, 595.09);
insert into STATION values (5999, '24', 2303, 270671.15, 4169301.94, 600.83);
insert into STATION values (6000, '.', 2303, 270669.92, 4169302.06, 601.00);
insert into STATION values (6001, '.', 2303, 270671.83, 4169301.69, 600.90);
insert into STATION values (6002, '.', 2303, 270670.84, 4169301.83, 601.32);
insert into STATION values (6003, '.', 2303, 270671.17, 4169302.15, 599.70);
insert into STATION values (6004, '25', 2303, 270672.59, 4169303.39, 600.42);
insert into STATION values (6005, '.', 2303, 270671.39, 4169305.09, 602.58);
insert into STATION values (6006, '.', 2303, 270674.26, 4169303.54, 600.96);
insert into STATION values (6007, '.', 2303, 270672.59, 4169304.35, 602.64);
insert into STATION values (6008, '.', 2303, 270672.94, 4169303.63, 599.99);
insert into STATION values (6009, '26', 2303, 270673.84, 4169309.68, 601.94);
insert into STATION values (6010, '.', 2303, 270672.93, 4169307.97, 602.31);
insert into STATION values (6011, '.', 2303, 270675.75, 4169312.91, 602.31);
insert into STATION values (6012, '.', 2303, 270673.80, 4169309.56, 602.83);
insert into STATION values (6013, '.', 2303, 270675.86, 4169306.49, 599.57);
insert into STATION values (6014, '27', 2303, 270671.67, 4169309.86, 604.41);
insert into STATION values (6015, '.', 2303, 270670.73, 4169306.73, 606.29);
insert into STATION values (6016, '.', 2303, 270672.24, 4169311.39, 605.90);
insert into STATION values (6017, '.', 2303, 270673.56, 4169309.83, 605.06);
insert into STATION values (6018, '.', 2303, 270672.17, 4169309.66, 606.42);
insert into STATION values (6019, '.', 2303, 270674.77, 4169310.76, 601.41);
insert into STATION values (6020, '28', 2303, 270675.72, 4169313.03, 604.89);
insert into STATION values (6021, '.', 2303, 270674.92, 4169313.43, 605.05);
insert into STATION values (6022, '.', 2303, 270675.63, 4169313.23, 605.54);
insert into STATION values (6023, '.', 2303, 270676.06, 4169312.81, 605.04);
insert into STATION values (6024, '.', 2303, 270674.91, 4169313.11, 604.39);
insert into STATION values (6025, '29', 2303, 270677.53, 4169319.43, 604.90);
insert into STATION values (6026, 'A92', 2303, 270679.64, 4169324.26, 603.74);
insert into STATION values (6027, '30', 2303, 270685.63, 4169318.26, 603.87);
insert into STATION values (6028, 'A93', 2303, 270690.65, 4169316.81, 604.56);
insert into STATION values (6029, '.', 2303, 270687.73, 4169322.69, 603.66);
insert into STATION values (6030, '.', 2303, 270690.38, 4169323.29, 604.22);
insert into STATION values (6031, '.', 2303, 270693.53, 4169321.57, 604.78);
insert into STATION values (6032, '.', 2303, 270696.21, 4169318.64, 604.27);
insert into STATION values (6033, '.', 2303, 270698.95, 4169313.44, 604.23);
insert into STATION values (6034, '.', 2303, 270684.74, 4169317.62, 606.34);
insert into STATION values (6035, '.', 2303, 270689.42, 4169310.44, 604.89);
insert into STATION values (6036, '.', 2303, 270691.24, 4169305.12, 604.38);
insert into STATION values (6037, '.', 2303, 270687.39, 4169313.91, 605.34);
insert into STATION values (6038, '.', 2303, 270690.82, 4169315.47, 608.31);
insert into STATION values (6039, '.', 2303, 270690.45, 4169315.90, 603.46);
insert into STATION values (6040, '32', 2303, 270694.80, 4169299.46, 605.69);
insert into STATION values (6041, '.', 2303, 270696.36, 4169299.82, 605.35);
insert into STATION values (6042, '.', 2303, 270695.57, 4169299.63, 606.21);
insert into STATION values (6043, '.', 2303, 270696.18, 4169299.50, 604.45);
insert into STATION values (6044, '.', 2303, 270694.60, 4169299.33, 605.76);
insert into STATION values (6045, '.', 2303, 270697.35, 4169295.07, 604.60);
insert into STATION values (6046, '33', 2303, 270701.45, 4169288.89, 603.35);
insert into STATION values (6047, '.', 2303, 270703.55, 4169289.59, 603.55);
insert into STATION values (6048, '.', 2303, 270696.60, 4169287.16, 603.67);
insert into STATION values (6049, '.', 2303, 270701.66, 4169288.76, 603.98);
insert into STATION values (6050, '.', 2303, 270704.42, 4169288.37, 601.20);
insert into STATION values (6051, '34', 2303, 270702.44, 4169268.61, 602.85);
insert into STATION values (6052, '.', 2303, 270703.78, 4169268.60, 603.28);
insert into STATION values (6053, '.', 2303, 270704.87, 4169265.41, 603.19);
insert into STATION values (6054, '.', 2303, 270700.15, 4169269.04, 602.67);
insert into STATION values (6055, '.', 2303, 270702.12, 4169268.62, 602.03);
insert into STATION values (6056, '.', 2303, 270702.99, 4169268.45, 603.46);
insert into STATION values (6057, '35', 2303, 270704.47, 4169266.06, 603.20);
insert into STATION values (6058, '.', 2303, 270705.50, 4169266.38, 603.43);
insert into STATION values (6059, '.', 2303, 270703.88, 4169265.62, 603.58);
insert into STATION values (6060, '.', 2303, 270704.46, 4169266.02, 604.19);
insert into STATION values (6061, '.', 2303, 270704.50, 4169266.53, 602.52);
insert into STATION values (6062, '36', 2303, 270704.91, 4169263.54, 605.31);
insert into STATION values (6063, '.', 2303, 270706.94, 4169263.35, 605.48);
insert into STATION values (6064, '.', 2303, 270703.74, 4169262.91, 605.71);
insert into STATION values (6065, '.', 2303, 270704.86, 4169263.07, 606.71);
insert into STATION values (6066, '.', 2303, 270706.94, 4169263.52, 603.44);
insert into STATION values (6067, '37', 2303, 270705.14, 4169260.12, 605.50);
insert into STATION values (6068, '.', 2303, 270706.50, 4169259.79, 605.54);
insert into STATION values (6069, '.', 2303, 270702.29, 4169259.07, 606.18);
insert into STATION values (6070, '.', 2303, 270706.22, 4169257.72, 609.23);
insert into STATION values (6071, '.', 2303, 270705.66, 4169259.47, 603.65);
insert into STATION values (6072, '38', 2303, 270705.98, 4169252.69, 602.07);
insert into STATION values (6073, '.', 2303, 270701.91, 4169251.98, 601.78);
insert into STATION values (6074, '.', 2303, 270704.79, 4169251.49, 605.88);
insert into STATION values (6075, '.', 2303, 270705.50, 4169251.87, 600.53);
insert into STATION values (6076, '.', 2303, 270706.57, 4169252.23, 602.09);
insert into STATION values (6077, '39', 2303, 270701.50, 4169238.35, 600.48);
insert into STATION values (6078, '.', 2303, 270706.86, 4169238.51, 600.35);
insert into STATION values (6079, '.', 2303, 270706.71, 4169243.44, 600.06);
insert into STATION values (6080, '.', 2303, 270702.26, 4169248.75, 600.57);
insert into STATION values (6081, '.', 2303, 270700.86, 4169233.15, 601.21);
insert into STATION values (6082, '.', 2303, 270694.10, 4169232.15, 603.43);
insert into STATION values (6083, '.', 2303, 270692.01, 4169235.33, 603.41);
insert into STATION values (6084, '.', 2303, 270701.67, 4169237.47, 604.39);
insert into STATION values (6085, '.', 2303, 270704.76, 4169236.70, 598.68);
insert into STATION values (6086, '40', 2303, 270708.68, 4169233.21, 601.38);
insert into STATION values (6087, '.', 2303, 270707.22, 4169227.51, 602.09);
insert into STATION values (6088, '.', 2303, 270703.03, 4169230.63, 601.80);
insert into STATION values (6089, '.', 2303, 270712.84, 4169230.70, 600.84);
insert into STATION values (6090, '.', 2303, 270714.94, 4169236.22, 600.33);
insert into STATION values (6091, '.', 2303, 270710.32, 4169238.01, 600.81);
insert into STATION values (6092, '.', 2303, 270708.18, 4169237.28, 601.47);
insert into STATION values (6093, '.', 2303, 270706.96, 4169238.00, 601.34);
insert into STATION values (6094, '.', 2303, 270709.08, 4169233.16, 603.94);
insert into STATION values (6095, '.', 2303, 270715.42, 4169228.94, 596.92);
insert into STATION values (6096, '.', 2303, 270711.06, 4169234.30, 599.39);
insert into STATION values (6097, '41', 2303, 270718.35, 4169234.36, 598.19);
insert into STATION values (6098, '0', 2310, 270770.07, 4169234.10, 613.56);
insert into STATION values (6099, '1', 2310, 270773.47, 4169220.03, 613.27);
insert into STATION values (6100, '2', 2310, 270777.68, 4169213.81, 612.17);
insert into STATION values (6101, '3', 2310, 270785.94, 4169184.81, 605.08);
insert into STATION values (6102, '4', 2310, 270783.43, 4169174.71, 605.76);
insert into STATION values (6103, '5', 2310, 270791.58, 4169164.70, 602.39);
insert into STATION values (6104, '6', 2310, 270806.84, 4169150.02, 602.37);
insert into STATION values (6105, '7', 2310, 270831.56, 4169151.68, 604.21);
insert into STATION values (6106, '8', 2310, 270845.94, 4169159.50, 608.58);
insert into STATION values (6107, 'PTR_FR24_B35_9', 2310, 270847.11, 4169161.03, 608.84);
insert into STATION values (6108, '-', 2310, 270763.18, 4169222.86, 613.47);
insert into STATION values (6109, '-', 2310, 270786.37, 4169223.97, 615.75);
insert into STATION values (6110, '-', 2310, 270778.17, 4169251.00, 616.54);
insert into STATION values (6111, '-', 2310, 270767.57, 4169243.71, 612.21);
insert into STATION values (6112, '-', 2310, 270770.83, 4169233.53, 616.22);
insert into STATION values (6113, '-', 2310, 270770.63, 4169233.91, 612.55);
insert into STATION values (6114, '-', 2310, 270776.91, 4169205.95, 612.85);
insert into STATION values (6115, '-', 2310, 270753.54, 4169205.91, 612.86);
insert into STATION values (6116, '-', 2310, 270797.23, 4169233.19, 614.96);
insert into STATION values (6117, '-', 2310, 270781.81, 4169198.54, 608.01);
insert into STATION values (6118, '-', 2310, 270766.19, 4169242.42, 611.48);
insert into STATION values (6119, '-', 2310, 270771.30, 4169220.48, 616.44);
insert into STATION values (6120, '-', 2310, 270782.85, 4169208.22, 611.70);
insert into STATION values (6121, '-', 2310, 270792.41, 4169217.13, 609.69);
insert into STATION values (6122, '-', 2310, 270770.60, 4169211.19, 612.52);
insert into STATION values (6123, '-', 2310, 270758.81, 4169180.45, 610.00);
insert into STATION values (6124, '-', 2310, 270784.99, 4169195.76, 606.98);
insert into STATION values (6125, '-', 2310, 270795.75, 4169228.24, 613.01);
insert into STATION values (6126, '-', 2310, 270778.40, 4169213.88, 613.92);
insert into STATION values (6127, '-', 2310, 270777.52, 4169213.46, 611.05);
insert into STATION values (6128, '-', 2310, 270786.08, 4169184.96, 604.60);
insert into STATION values (6129, '-', 2310, 270786.08, 4169184.96, 604.58);
insert into STATION values (6130, '-', 2310, 270760.06, 4169179.30, 609.37);
insert into STATION values (6131, '-', 2310, 270772.55, 4169165.47, 604.46);
insert into STATION values (6132, '-', 2310, 270789.52, 4169185.33, 604.26);
insert into STATION values (6133, '-', 2310, 270788.91, 4169192.76, 605.73);
insert into STATION values (6134, '-', 2310, 270785.50, 4169184.09, 606.15);
insert into STATION values (6135, '-', 2310, 270785.91, 4169184.80, 604.13);
insert into STATION values (6136, '-', 2310, 270781.09, 4169164.58, 606.39);
insert into STATION values (6137, '-', 2310, 270769.09, 4169158.58, 601.43);
insert into STATION values (6138, '-', 2310, 270749.11, 4169182.93, 613.05);
insert into STATION values (6139, '-', 2310, 270789.25, 4169186.20, 605.31);
insert into STATION values (6140, '-', 2310, 270794.43, 4169172.27, 603.30);
insert into STATION values (6141, '-', 2310, 270783.15, 4169174.61, 607.44);
insert into STATION values (6142, '-', 2310, 270783.66, 4169174.60, 604.16);
insert into STATION values (6143, '-', 2310, 270797.64, 4169167.54, 602.90);
insert into STATION values (6144, '-', 2310, 270801.67, 4169158.48, 602.29);
insert into STATION values (6145, '-', 2310, 270785.78, 4169159.17, 601.87);
insert into STATION values (6146, '-', 2310, 270777.54, 4169161.03, 601.76);
insert into STATION values (6147, '-', 2310, 270790.28, 4169163.58, 604.33);
insert into STATION values (6148, '-', 2310, 270791.11, 4169164.51, 601.28);
insert into STATION values (6149, '-', 2310, 270821.62, 4169134.85, 602.22);
insert into STATION values (6150, '-', 2310, 270804.68, 4169146.44, 602.42);
insert into STATION values (6151, '-', 2310, 270810.71, 4169153.81, 602.67);
insert into STATION values (6152, '-', 2310, 270818.58, 4169151.84, 602.79);
insert into STATION values (6153, '-', 2310, 270822.80, 4169132.63, 604.82);
insert into STATION values (6154, '-', 2310, 270807.19, 4169148.71, 605.60);
insert into STATION values (6155, '-', 2310, 270807.95, 4169150.48, 600.77);
insert into STATION values (6156, '-', 2310, 270831.08, 4169149.20, 604.47);
insert into STATION values (6157, '-', 2310, 270832.21, 4169153.38, 604.28);
insert into STATION values (6158, '-', 2310, 270836.49, 4169151.41, 605.82);
insert into STATION values (6159, '-', 2310, 270825.34, 4169146.75, 606.37);
insert into STATION values (6160, '-', 2310, 270825.68, 4169150.95, 604.10);
insert into STATION values (6161, '-', 2310, 270832.08, 4169151.05, 605.87);
insert into STATION values (6162, '-', 2310, 270831.57, 4169151.81, 603.20);
insert into STATION values (6163, '-', 2310, 270849.95, 4169151.19, 609.98);
insert into STATION values (6164, '-', 2310, 270845.84, 4169160.37, 609.16);
insert into STATION values (6165, '-', 2310, 270846.74, 4169158.50, 608.67);
insert into STATION values (6166, '-', 2310, 270847.53, 4169160.27, 606.84);
insert into STATION values (6167, 'Promeszutochnaya_Tunnel_01', 2317, 270586.61, 4168955.97, 640.00);
insert into STATION_FLAG values(6167, 'ent');
insert into STATION_FLAG values(6167, 'fix');
insert into STATION_FLAG values(6167, 'air');
insert into STATION values (6168, '1', 2317, 270592.29, 4168954.61, 640.04);
insert into STATION values (6169, '2', 2317, 270598.06, 4168956.51, 641.53);
insert into STATION values (6170, '3', 2317, 270615.37, 4168958.53, 640.41);
insert into STATION values (6171, '4', 2317, 270634.60, 4168962.02, 640.73);
insert into STATION values (6172, '5', 2317, 270654.92, 4168965.89, 641.39);
insert into STATION values (6173, '6', 2317, 270671.99, 4168968.60, 643.06);
insert into STATION values (6174, '7', 2317, 270686.71, 4168970.95, 645.31);
insert into STATION values (6175, '8', 2317, 270698.44, 4168973.25, 647.11);
insert into STATION values (6176, '9', 2317, 270697.76, 4168975.20, 647.94);
insert into STATION values (6177, '-', 2317, 270592.46, 4168954.20, 642.86);
insert into STATION values (6178, '-', 2317, 270592.64, 4168953.78, 640.05);
insert into STATION values (6179, '-', 2317, 270592.32, 4168956.55, 640.26);
insert into STATION values (6180, '-', 2317, 270592.33, 4168956.73, 642.13);
insert into STATION values (6181, '-', 2317, 270598.02, 4168956.95, 641.65);
insert into STATION values (6182, '-', 2317, 270598.02, 4168956.91, 642.05);
insert into STATION values (6183, '-', 2317, 270598.31, 4168956.94, 640.32);
insert into STATION values (6184, '-', 2317, 270598.06, 4168955.04, 641.63);
insert into STATION values (6185, '-', 2317, 270615.05, 4168960.01, 640.96);
insert into STATION values (6186, '-', 2317, 270615.11, 4168959.53, 642.21);
insert into STATION values (6187, '-', 2317, 270615.27, 4168958.07, 642.21);
insert into STATION values (6188, '-', 2317, 270615.61, 4168957.84, 640.57);
insert into STATION values (6189, '-', 2317, 270634.79, 4168961.07, 640.85);
insert into STATION values (6190, '-', 2317, 270634.46, 4168961.26, 642.62);
insert into STATION values (6191, '-', 2317, 270633.91, 4168962.69, 642.70);
insert into STATION values (6192, '-', 2317, 270634.42, 4168963.21, 640.97);
insert into STATION values (6193, '-', 2317, 270655.08, 4168964.94, 641.50);
insert into STATION values (6194, '-', 2317, 270654.82, 4168965.06, 642.93);
insert into STATION values (6195, '-', 2317, 270654.11, 4168966.77, 642.95);
insert into STATION values (6196, '-', 2317, 270654.53, 4168966.93, 641.63);
insert into STATION values (6197, '-', 2317, 270671.82, 4168969.51, 643.39);
insert into STATION values (6198, '-', 2317, 270671.59, 4168969.07, 644.94);
insert into STATION values (6199, '-', 2317, 270671.56, 4168968.64, 644.85);
insert into STATION values (6200, '-', 2317, 270671.91, 4168967.40, 643.28);
insert into STATION values (6201, '-', 2317, 270671.84, 4168967.49, 644.70);
insert into STATION values (6202, '-', 2317, 270686.38, 4168972.04, 645.27);
insert into STATION values (6203, '-', 2317, 270686.35, 4168971.55, 647.09);
insert into STATION values (6204, '-', 2317, 270686.89, 4168969.91, 646.73);
insert into STATION values (6205, '-', 2317, 270686.85, 4168970.13, 645.55);
insert into STATION values (6206, '-', 2317, 270697.26, 4168975.14, 646.83);
insert into STATION values (6207, '-', 2317, 270697.10, 4168974.64, 649.21);
insert into STATION values (6208, '-', 2317, 270698.03, 4168972.96, 649.14);
insert into STATION values (6209, '-', 2317, 270700.00, 4168976.66, 647.73);
insert into STATION values (6210, '-', 2317, 270701.55, 4168977.17, 639.60);
insert into STATION values (6211, '-', 2317, 270698.29, 4168975.72, 645.92);
insert into STATION values (6212, '-', 2317, 270700.45, 4168977.12, 648.92);
insert into STATION values (6213, '-', 2317, 270700.11, 4168976.31, 651.03);
insert into STATION values (6214, '-', 2317, 270697.82, 4168976.27, 647.43);
insert into STATION values (6215, '-', 2317, 270704.29, 4168971.72, 644.45);
insert into STATION values (6216, '1', 2324, 270584.80, 4169064.88, 605.30);
insert into STATION values (6217, 'Promeszutochnaya_Entree_Nat', 2324, 270578.60, 4169063.90, 605.00);
insert into STATION_FLAG values(6217, 'ent');
insert into STATION_FLAG values(6217, 'fix');
insert into STATION_FLAG values(6217, 'air');
insert into STATION values (6218, '2', 2324, 270594.24, 4169059.31, 606.97);
insert into STATION values (6219, '3', 2324, 270606.54, 4169056.81, 607.73);
insert into STATION values (6220, '4', 2324, 270612.22, 4169052.25, 607.30);
insert into STATION values (6221, '5', 2324, 270625.15, 4169046.67, 608.02);
insert into STATION values (6222, '6', 2324, 270634.12, 4169049.44, 611.12);
insert into STATION values (6223, '7', 2324, 270642.11, 4169038.88, 612.64);
insert into STATION values (6224, '8', 2324, 270650.35, 4169029.91, 613.41);
insert into STATION values (6225, '9', 2324, 270656.84, 4169025.76, 613.32);
insert into STATION values (6226, '10', 2324, 270665.13, 4169020.94, 614.19);
insert into STATION values (6227, '11', 2324, 270673.88, 4169015.89, 615.65);
insert into STATION values (6228, '12', 2324, 270678.00, 4169016.82, 617.98);
insert into STATION values (6229, '13', 2324, 270681.35, 4169012.72, 619.09);
insert into STATION values (6230, '-', 2324, 270585.50, 4169067.27, 605.74);
insert into STATION values (6231, '-', 2324, 270586.13, 4169066.40, 609.11);
insert into STATION values (6232, '-', 2324, 270583.50, 4169060.74, 609.44);
insert into STATION values (6233, '-', 2324, 270582.72, 4169058.84, 607.12);
insert into STATION values (6234, '-', 2324, 270583.13, 4169058.80, 604.44);
insert into STATION values (6235, '-', 2324, 270587.83, 4169058.25, 606.33);
insert into STATION values (6236, '-', 2324, 270591.54, 4169062.26, 606.42);
insert into STATION values (6237, '-', 2324, 270593.65, 4169057.77, 607.11);
insert into STATION values (6238, '-', 2324, 270593.69, 4169059.01, 608.32);
insert into STATION values (6239, '-', 2324, 270594.27, 4169060.65, 608.11);
insert into STATION values (6240, '-', 2324, 270595.43, 4169061.35, 607.23);
insert into STATION values (6241, '-', 2324, 270600.09, 4169059.49, 607.77);
insert into STATION values (6242, '-', 2324, 270605.27, 4169056.59, 608.07);
insert into STATION values (6243, '-', 2324, 270602.94, 4169054.47, 607.99);
insert into STATION values (6244, '-', 2324, 270604.70, 4169053.99, 607.57);
insert into STATION values (6245, '-', 2324, 270604.33, 4169054.72, 609.04);
insert into STATION values (6246, '-', 2324, 270605.76, 4169056.87, 609.05);
insert into STATION values (6247, '-', 2324, 270606.18, 4169056.55, 607.03);
insert into STATION values (6248, '-', 2324, 270609.75, 4169054.23, 608.36);
insert into STATION values (6249, '-', 2324, 270608.45, 4169052.42, 608.33);
insert into STATION values (6250, '-', 2324, 270612.51, 4169052.58, 607.36);
insert into STATION values (6251, '-', 2324, 270612.65, 4169052.83, 609.10);
insert into STATION values (6252, '-', 2324, 270611.27, 4169051.82, 609.33);
insert into STATION values (6253, '-', 2324, 270611.28, 4169051.49, 609.29);
insert into STATION values (6254, '-', 2324, 270610.94, 4169050.70, 608.26);
insert into STATION values (6255, '-', 2324, 270611.06, 4169050.75, 607.40);
insert into STATION values (6256, '-', 2324, 270625.31, 4169048.95, 608.40);
insert into STATION values (6257, '-', 2324, 270624.84, 4169048.43, 610.53);
insert into STATION values (6258, '-', 2324, 270624.51, 4169046.29, 610.64);
insert into STATION values (6259, '-', 2324, 270624.36, 4169044.83, 609.83);
insert into STATION values (6260, '-', 2324, 270624.86, 4169045.16, 608.40);
insert into STATION values (6261, '-', 2324, 270633.70, 4169050.27, 611.20);
insert into STATION values (6262, '-', 2324, 270633.89, 4169048.60, 612.81);
insert into STATION values (6263, '-', 2324, 270634.50, 4169045.76, 612.09);
insert into STATION values (6264, '-', 2324, 270633.53, 4169045.44, 610.23);
insert into STATION values (6265, '-', 2324, 270631.56, 4169044.69, 610.06);
insert into STATION values (6266, '-', 2324, 270634.96, 4169045.36, 610.98);
insert into STATION values (6267, '-', 2324, 270637.01, 4169044.32, 611.62);
insert into STATION values (6268, '-', 2324, 270636.48, 4169050.13, 611.36);
insert into STATION values (6269, '-', 2324, 270638.02, 4169049.39, 610.88);
insert into STATION values (6270, '-', 2324, 270638.68, 4169047.25, 610.56);
insert into STATION values (6271, '-', 2324, 270637.96, 4169044.82, 611.57);
insert into STATION values (6272, '-', 2324, 270638.26, 4169046.85, 610.92);
insert into STATION values (6273, '-', 2324, 270630.02, 4169055.35, 610.34);
insert into STATION values (6274, '-', 2324, 270643.32, 4169040.07, 612.64);
insert into STATION values (6275, '-', 2324, 270642.26, 4169040.16, 614.35);
insert into STATION values (6276, '-', 2324, 270641.45, 4169038.38, 613.64);
insert into STATION values (6277, '-', 2324, 270641.48, 4169038.13, 613.19);
insert into STATION values (6278, '-', 2324, 270641.79, 4169038.56, 612.70);
insert into STATION values (6279, '-', 2324, 270651.40, 4169031.04, 613.37);
insert into STATION values (6280, '-', 2324, 270651.49, 4169031.51, 614.57);
insert into STATION values (6281, '-', 2324, 270650.34, 4169030.74, 615.79);
insert into STATION values (6282, '-', 2324, 270650.03, 4169030.13, 614.90);
insert into STATION values (6283, '-', 2324, 270649.31, 4169029.16, 614.34);
insert into STATION values (6284, '-', 2324, 270648.85, 4169029.06, 613.85);
insert into STATION values (6285, '-', 2324, 270657.46, 4169026.93, 613.70);
insert into STATION values (6286, '-', 2324, 270657.37, 4169027.47, 615.87);
insert into STATION values (6287, '-', 2324, 270657.08, 4169026.65, 615.50);
insert into STATION values (6288, '-', 2324, 270656.31, 4169025.25, 615.11);
insert into STATION values (6289, '-', 2324, 270656.39, 4169024.94, 614.52);
insert into STATION values (6290, '-', 2324, 270656.60, 4169025.15, 613.43);
insert into STATION values (6291, '-', 2324, 270665.49, 4169021.45, 614.26);
insert into STATION values (6292, '-', 2324, 270664.99, 4169021.45, 616.01);
insert into STATION values (6293, '-', 2324, 270664.10, 4169020.30, 615.29);
insert into STATION values (6294, '-', 2324, 270662.91, 4169018.95, 615.06);
insert into STATION values (6295, '-', 2324, 270662.81, 4169018.77, 614.14);
insert into STATION values (6296, '-', 2324, 270674.37, 4169017.64, 615.91);
insert into STATION values (6297, '-', 2324, 270674.91, 4169019.48, 618.98);
insert into STATION values (6298, '-', 2324, 270675.04, 4169016.47, 618.71);
insert into STATION values (6299, '-', 2324, 270674.24, 4169014.94, 617.04);
insert into STATION values (6300, '-', 2324, 270673.74, 4169015.42, 615.72);
insert into STATION values (6301, '-', 2324, 270677.78, 4169015.15, 618.11);
insert into STATION values (6302, '-', 2324, 270677.86, 4169016.56, 619.57);
insert into STATION values (6303, '-', 2324, 270678.06, 4169016.41, 623.38);
insert into STATION values (6304, '-', 2324, 270678.44, 4169017.75, 618.78);
insert into STATION values (6305, '-', 2324, 270678.77, 4169017.28, 618.25);
insert into STATION values (6306, '-', 2324, 270681.63, 4169012.87, 619.17);
insert into STATION values (6307, '-', 2324, 270680.70, 4169012.16, 619.30);
insert into STATION values (6308, '-', 2324, 270676.94, 4169007.56, 635.39);
insert into STATION values (6309, '-', 2324, 270680.56, 4169012.45, 620.30);
insert into STATION values (6310, '-', 2324, 270681.13, 4169007.61, 610.43);
insert into STATION values (6311, '-', 2324, 270667.39, 4169025.80, 631.11);
insert into STATION values (6312, '00', 2331, 270697.76, 4168975.20, 647.94);
insert into STATION values (6313, '.', 2331, 270699.73, 4168977.54, 647.76);
insert into STATION values (6314, '.', 2331, 270701.68, 4168974.95, 648.01);
insert into STATION values (6315, '.', 2331, 270704.84, 4168971.00, 647.81);
insert into STATION values (6316, '.', 2331, 270697.88, 4168979.55, 648.00);
insert into STATION values (6317, '.', 2331, 270699.13, 4168973.35, 647.89);
insert into STATION values (6318, '.', 2331, 270697.08, 4168972.12, 647.97);
insert into STATION values (6319, '.', 2331, 270695.53, 4168972.27, 647.88);
insert into STATION values (6320, '.', 2331, 270694.52, 4168973.93, 647.77);
insert into STATION values (6321, '.', 2331, 270697.92, 4168975.38, 649.71);
insert into STATION values (6322, '.', 2331, 270697.32, 4168975.41, 646.53);
insert into STATION values (6323, '.', 2331, 270699.77, 4168977.65, 637.76);
insert into STATION values (6324, '1', 2331, 270705.56, 4168970.06, 647.31);
insert into STATION values (6325, '.', 2331, 270703.01, 4168969.56, 647.14);
insert into STATION values (6326, '.', 2331, 270697.85, 4168975.23, 646.56);
insert into STATION values (6327, '.', 2331, 270693.66, 4168983.59, 646.68);
insert into STATION values (6328, '.', 2331, 270700.48, 4168976.72, 647.06);
insert into STATION values (6329, '.', 2331, 270706.93, 4168967.37, 648.77);
insert into STATION values (6330, '.', 2331, 270705.33, 4168966.00, 649.07);
insert into STATION values (6331, '.', 2331, 270704.62, 4168970.26, 650.66);
insert into STATION values (6332, '.', 2331, 270705.52, 4168970.04, 645.66);
insert into STATION values (6333, '2', 2331, 270700.93, 4168974.82, 641.33);
insert into STATION values (6334, '.', 2331, 270702.11, 4168976.00, 641.15);
insert into STATION values (6335, '.', 2331, 270700.57, 4168976.54, 649.31);
insert into STATION values (6336, '.', 2331, 270701.13, 4168974.98, 639.93);
insert into STATION values (6337, '3', 2331, 270695.10, 4168985.22, 630.68);
insert into STATION values (6338, '.', 2331, 270696.49, 4168986.06, 630.60);
insert into STATION values (6339, '.', 2331, 270692.54, 4168984.18, 630.68);
insert into STATION values (6340, '.', 2331, 270694.27, 4168985.22, 641.72);
insert into STATION values (6341, '.', 2331, 270695.49, 4168985.62, 629.97);
insert into STATION values (6342, '4', 2331, 270686.02, 4169001.30, 622.44);
insert into STATION values (6343, '.', 2331, 270688.24, 4169002.34, 622.22);
insert into STATION values (6344, '.', 2331, 270686.72, 4169001.75, 624.60);
insert into STATION values (6345, '.', 2331, 270686.69, 4169001.46, 621.48);
insert into STATION values (6346, '5', 2331, 270686.99, 4169003.28, 621.73);
insert into STATION values (6347, '.', 2331, 270685.72, 4169002.75, 622.17);
insert into STATION values (6348, '.', 2331, 270687.36, 4169003.46, 621.89);
insert into STATION values (6349, '.', 2331, 270685.71, 4169003.26, 625.83);
insert into STATION values (6350, '.', 2331, 270686.54, 4169003.48, 620.68);
insert into STATION values (6351, '6', 2331, 270681.35, 4169012.72, 619.09);
insert into STATION values (6352, '7', 2331, 270686.22, 4169005.10, 621.58);
insert into STATION values (6353, '.', 2331, 270685.19, 4169004.75, 621.36);
insert into STATION values (6354, '.', 2331, 270684.55, 4169004.98, 626.35);
insert into STATION values (6355, '.', 2331, 270686.44, 4169005.22, 621.57);
insert into STATION values (6356, '.', 2331, 270686.11, 4169004.75, 620.15);
insert into STATION values (6357, '.', 2331, 270686.02, 4169005.20, 619.20);
insert into STATION values (6358, '8', 2331, 270680.04, 4169009.05, 612.36);
insert into STATION values (6359, '.', 2331, 270681.86, 4169010.37, 612.35);
insert into STATION values (6360, '.', 2331, 270679.87, 4169008.80, 612.41);
insert into STATION values (6361, '.', 2331, 270680.94, 4169008.92, 610.95);
insert into STATION values (6362, '.', 2331, 270683.42, 4169009.18, 622.02);
insert into STATION values (6363, '.', 2331, 270684.36, 4169007.74, 611.24);
insert into STATION values (6364, '.', 2331, 270682.24, 4169006.57, 610.90);
insert into STATION values (6365, '.', 2331, 270679.38, 4169011.61, 612.23);
insert into STATION values (6366, '.', 2331, 270676.90, 4169014.22, 611.82);
insert into STATION values (6367, '.', 2331, 270677.99, 4169011.47, 611.75);
insert into STATION values (6368, '9', 2331, 270687.99, 4169001.10, 608.12);
insert into STATION values (6369, '.', 2331, 270690.10, 4169005.21, 608.52);
insert into STATION values (6370, '.', 2331, 270686.74, 4168999.97, 608.07);
insert into STATION values (6371, '.', 2331, 270687.64, 4169000.92, 607.35);
insert into STATION values (6372, '.', 2331, 270687.98, 4169000.63, 610.01);
insert into STATION values (6373, '.', 2331, 270689.00, 4169007.08, 608.26);
insert into STATION values (6374, '.', 2331, 270683.03, 4169004.03, 608.73);
insert into STATION values (6375, '10', 2331, 270688.89, 4168998.79, 608.77);
insert into STATION values (6376, '.', 2331, 270689.83, 4168999.41, 608.68);
insert into STATION values (6377, '.', 2331, 270690.17, 4168998.43, 607.06);
insert into STATION values (6378, '.', 2331, 270689.47, 4168998.76, 611.35);
insert into STATION values (6379, '.', 2331, 270688.74, 4168998.64, 608.76);
insert into STATION values (6380, '11', 2331, 270694.28, 4168995.36, 604.96);
insert into STATION values (6381, '.', 2331, 270695.62, 4168994.62, 604.95);
insert into STATION values (6382, '.', 2331, 270692.66, 4168997.54, 605.36);
insert into STATION values (6383, '.', 2331, 270694.27, 4168994.49, 619.18);
insert into STATION values (6384, '.', 2331, 270694.67, 4168995.36, 603.72);
insert into STATION values (6385, '12', 2331, 270712.96, 4169004.78, 588.69);
insert into STATION values (6386, '.', 2331, 270713.39, 4169006.45, 588.86);
insert into STATION values (6387, '.', 2331, 270712.56, 4169002.30, 588.99);
insert into STATION values (6388, '.', 2331, 270713.66, 4169004.05, 587.81);
insert into STATION values (6389, '.', 2331, 270713.36, 4169000.87, 603.86);
insert into STATION values (6390, '13', 2331, 270725.42, 4168997.55, 596.30);
insert into STATION values (6391, '.', 2331, 270727.43, 4169000.44, 596.21);
insert into STATION values (6392, '.', 2331, 270722.36, 4168992.90, 600.33);
insert into STATION values (6393, '.', 2331, 270724.44, 4168995.33, 597.74);
insert into STATION values (6394, '.', 2331, 270725.97, 4168995.03, 604.89);
insert into STATION values (6395, '.', 2331, 270725.90, 4168997.58, 594.96);
insert into STATION values (6396, '.', 2331, 270719.23, 4169004.15, 589.55);
insert into STATION values (6397, '.', 2331, 270719.01, 4169003.88, 594.33);
insert into STATION values (6398, '.', 2331, 270714.80, 4168997.11, 597.81);
insert into STATION values (6399, '14', 2331, 270746.36, 4169001.19, 599.19);
insert into STATION values (6400, '.', 2331, 270746.37, 4169002.70, 600.48);
insert into STATION values (6401, '.', 2331, 270749.00, 4168988.86, 599.26);
insert into STATION values (6402, '.', 2331, 270742.79, 4169001.46, 599.69);
insert into STATION values (6403, '.', 2331, 270742.14, 4168998.54, 598.98);
insert into STATION values (6404, '.', 2331, 270748.39, 4169000.88, 597.72);
insert into STATION values (6405, '.', 2331, 270746.50, 4169001.17, 601.17);
insert into STATION values (6406, '15', 2331, 270758.18, 4168994.79, 594.92);
insert into STATION values (6407, '.', 2331, 270769.39, 4168999.11, 598.94);
insert into STATION values (6408, '.', 2331, 270770.50, 4168994.46, 599.14);
insert into STATION values (6409, '.', 2331, 270773.73, 4168987.59, 599.35);
insert into STATION values (6410, '.', 2331, 270760.92, 4169005.91, 597.23);
insert into STATION values (6411, '.', 2331, 270754.96, 4169003.46, 595.74);
insert into STATION values (6412, '.', 2331, 270751.79, 4169000.24, 596.61);
insert into STATION values (6413, '.', 2331, 270745.89, 4168990.26, 600.97);
insert into STATION values (6414, '.', 2331, 270752.73, 4168989.39, 598.60);
insert into STATION values (6415, '.', 2331, 270758.66, 4168995.73, 602.32);
insert into STATION values (6416, '.', 2331, 270760.04, 4168996.79, 592.98);
insert into STATION values (6417, '16', 2331, 270753.00, 4169015.47, 593.85);
insert into STATION values (6418, '.', 2331, 270749.10, 4169016.24, 593.76);
insert into STATION values (6419, '.', 2331, 270760.76, 4169017.63, 597.38);
insert into STATION values (6420, '.', 2331, 270753.74, 4169016.11, 596.80);
insert into STATION values (6421, '.', 2331, 270749.22, 4169021.84, 594.57);
insert into STATION values (6422, '.', 2331, 270744.85, 4169030.09, 595.81);
insert into STATION values (6423, '.', 2331, 270760.77, 4169029.18, 598.60);
insert into STATION values (6424, '.', 2331, 270759.78, 4169008.93, 595.97);
insert into STATION values (6425, '.', 2331, 270754.18, 4169004.14, 595.26);
insert into STATION values (6426, '.', 2331, 270751.40, 4169018.45, 590.37);
insert into STATION values (6427, '17', 2331, 270752.57, 4169042.27, 598.41);
insert into STATION values (6428, '.', 2331, 270754.14, 4169053.67, 597.93);
insert into STATION values (6429, '.', 2331, 270745.99, 4169047.38, 597.51);
insert into STATION values (6430, '.', 2331, 270744.92, 4169039.98, 596.66);
insert into STATION values (6431, '.', 2331, 270763.54, 4169039.67, 599.20);
insert into STATION values (6432, '.', 2331, 270760.16, 4169032.21, 598.28);
insert into STATION values (6433, '.', 2331, 270753.02, 4169042.05, 599.67);
insert into STATION values (6434, '.', 2331, 270751.76, 4169042.44, 596.75);
insert into STATION values (6435, '18', 2331, 270764.78, 4169040.66, 599.25);
insert into STATION values (6436, '.', 2331, 270766.22, 4169039.20, 599.34);
insert into STATION values (6437, '.', 2331, 270770.46, 4169047.97, 599.09);
insert into STATION values (6438, '.', 2331, 270757.82, 4169053.24, 598.88);
insert into STATION values (6439, '.', 2331, 270750.15, 4169042.21, 598.51);
insert into STATION values (6440, '.', 2331, 270764.93, 4169041.06, 601.20);
insert into STATION values (6441, '.', 2331, 270763.76, 4169042.18, 596.14);
insert into STATION values (6442, '19', 2331, 270769.59, 4169048.52, 598.19);
insert into STATION values (6443, '.', 2331, 270771.17, 4169052.11, 597.79);
insert into STATION values (6444, '.', 2331, 270767.12, 4169053.88, 600.06);
insert into STATION values (6445, '.', 2331, 270761.94, 4169052.14, 600.71);
insert into STATION values (6446, '.', 2331, 270773.71, 4169046.10, 597.91);
insert into STATION values (6447, '.', 2331, 270770.67, 4169045.12, 597.72);
insert into STATION values (6448, '.', 2331, 270768.75, 4169044.83, 597.96);
insert into STATION values (6449, '.', 2331, 270769.92, 4169048.02, 599.68);
insert into STATION values (6450, '.', 2331, 270769.24, 4169046.03, 596.19);
insert into STATION values (6451, '20', 2331, 270780.58, 4169044.67, 596.10);
insert into STATION values (6452, '.', 2331, 270781.24, 4169044.51, 596.28);
insert into STATION values (6453, '.', 2331, 270781.20, 4169046.39, 596.30);
insert into STATION values (6454, '.', 2331, 270777.67, 4169048.05, 595.90);
insert into STATION values (6455, '.', 2331, 270777.51, 4169043.96, 595.99);
insert into STATION values (6456, '.', 2331, 270779.97, 4169043.89, 596.03);
insert into STATION values (6457, '.', 2331, 270780.25, 4169045.40, 594.69);
insert into STATION values (6458, '.', 2331, 270780.74, 4169045.05, 597.46);
insert into STATION values (6459, '21', 2331, 270782.63, 4169049.11, 595.03);
insert into STATION values (6460, '.', 2331, 270779.25, 4169050.91, 595.12);
insert into STATION values (6461, '.', 2331, 270787.01, 4169049.91, 595.30);
insert into STATION values (6462, '.', 2331, 270786.16, 4169056.47, 595.74);
insert into STATION values (6463, '.', 2331, 270783.09, 4169058.66, 595.60);
insert into STATION values (6464, '.', 2331, 270783.10, 4169050.79, 595.58);
insert into STATION values (6465, '.', 2331, 270782.99, 4169050.77, 594.24);
insert into STATION values (6466, '22', 2331, 270785.08, 4169057.35, 595.60);
insert into STATION values (6467, '.', 2331, 270786.52, 4169055.81, 596.18);
insert into STATION values (6468, '.', 2331, 270783.98, 4169059.03, 596.07);
insert into STATION values (6469, '.', 2331, 270781.49, 4169057.51, 595.38);
insert into STATION values (6470, '.', 2331, 270784.83, 4169052.51, 595.91);
insert into STATION values (6471, '.', 2331, 270788.69, 4169054.10, 597.62);
insert into STATION values (6472, '.', 2331, 270785.65, 4169057.40, 596.81);
insert into STATION values (6473, '.', 2331, 270785.17, 4169057.61, 595.37);
insert into STATION values (6474, '23', 2331, 270787.37, 4169062.32, 595.62);
insert into STATION values (6475, '.', 2331, 270782.19, 4169063.26, 594.77);
insert into STATION values (6476, '.', 2331, 270791.75, 4169065.02, 596.82);
insert into STATION values (6477, '.', 2331, 270781.00, 4169068.15, 594.16);
insert into STATION values (6478, '.', 2331, 270783.46, 4169068.59, 594.50);
insert into STATION values (6479, '.', 2331, 270786.91, 4169062.95, 596.17);
insert into STATION values (6480, '.', 2331, 270787.89, 4169062.90, 595.05);
insert into STATION values (6481, '24', 2331, 270786.79, 4169065.24, 595.53);
insert into STATION values (6482, '.', 2331, 270781.75, 4169068.13, 594.06);
insert into STATION values (6483, '.', 2331, 270791.67, 4169065.57, 597.82);
insert into STATION values (6484, '.', 2331, 270787.34, 4169065.42, 596.50);
insert into STATION values (6485, '.', 2331, 270786.69, 4169066.85, 594.80);
insert into STATION values (6486, '.', 2331, 270786.31, 4169073.40, 594.47);
insert into STATION values (6487, '.', 2331, 270795.80, 4169072.69, 598.25);
insert into STATION values (6488, '25', 2331, 270792.49, 4169078.99, 595.92);
insert into STATION values (6489, '.', 2331, 270789.71, 4169081.00, 595.11);
insert into STATION values (6490, '.', 2331, 270798.32, 4169077.95, 599.49);
insert into STATION values (6491, '.', 2331, 270794.90, 4169090.89, 595.92);
insert into STATION values (6492, '.', 2331, 270793.66, 4169079.63, 596.89);
insert into STATION values (6493, '.', 2331, 270792.14, 4169080.33, 594.68);
insert into STATION values (6494, '.', 2331, 270787.73, 4169072.77, 596.20);
insert into STATION values (6495, '26', 2331, 270806.25, 4169094.88, 597.61);
insert into STATION values (6496, '.', 2331, 270801.83, 4169098.92, 595.38);
insert into STATION values (6497, '.', 2331, 270813.63, 4169089.49, 598.26);
insert into STATION values (6498, '.', 2331, 270807.47, 4169099.88, 597.15);
insert into STATION values (6499, '.', 2331, 270803.34, 4169095.52, 597.05);
insert into STATION values (6500, '.', 2331, 270806.19, 4169095.41, 598.36);
insert into STATION values (6501, '.', 2331, 270806.37, 4169096.52, 596.81);
insert into STATION values (6502, '27', 2331, 270817.53, 4169113.98, 599.15);
insert into STATION values (6503, '.', 2331, 270812.96, 4169115.06, 598.55);
insert into STATION values (6504, '.', 2331, 270832.54, 4169109.09, 605.47);
insert into STATION values (6505, '.', 2331, 270813.87, 4169128.28, 600.71);
insert into STATION values (6506, '.', 2331, 270812.81, 4169112.19, 598.21);
insert into STATION values (6507, '.', 2331, 270819.90, 4169107.82, 599.74);
insert into STATION values (6508, '.', 2331, 270816.58, 4169114.28, 600.76);
insert into STATION values (6509, '.', 2331, 270815.98, 4169115.18, 598.27);
insert into STATION values (6510, '28', 2331, 270811.79, 4169143.71, 602.65);
insert into STATION values (6511, '.', 2331, 270803.90, 4169182.34, 607.22);
insert into STATION values (6512, '.', 2331, 270805.78, 4169173.39, 606.16);
insert into STATION values (6513, '.', 2331, 270807.69, 4169142.06, 600.79);
insert into STATION values (6514, '.', 2331, 270818.43, 4169148.18, 604.15);
insert into STATION values (6515, '.', 2331, 270811.99, 4169146.37, 602.79);
insert into STATION values (6516, '.', 2331, 270811.53, 4169144.26, 602.65);
insert into STATION values (6517, '.', 2331, 270813.69, 4169153.26, 603.51);
insert into STATION values (6518, '.', 2331, 270810.42, 4169138.15, 601.33);
insert into STATION values (6519, '.', 2331, 270823.37, 4169144.98, 605.62);
insert into STATION values (6520, '.', 2331, 270811.71, 4169143.99, 602.12);
insert into STATION values (6521, '.', 2331, 270811.50, 4169143.74, 602.07);
insert into STATION values (6522, '.', 2331, 270811.76, 4169144.19, 605.39);
insert into STATION values (6523, '29', 2331, 270797.98, 4169161.89, 601.98);
insert into STATION values (6524, '.', 2331, 270792.35, 4169153.79, 600.05);
insert into STATION values (6525, '.', 2331, 270799.88, 4169164.41, 602.17);
insert into STATION values (6526, '.', 2331, 270794.97, 4169171.18, 603.11);
insert into STATION values (6527, '.', 2331, 270781.94, 4169159.96, 601.33);
insert into STATION values (6528, '.', 2331, 270796.76, 4169151.84, 601.31);
insert into STATION values (6529, '.', 2331, 270802.10, 4169160.89, 601.72);
insert into STATION values (6530, '.', 2331, 270797.69, 4169162.43, 604.60);
insert into STATION values (6531, '.', 2331, 270794.41, 4169160.74, 599.88);
insert into STATION values (6532, '30', 2331, 270783.43, 4169174.71, 605.76);
insert into STATION values (6533, '31', 2331, 270762.24, 4168983.56, 596.56);
insert into STATION values (6534, '.', 2331, 270762.70, 4168976.06, 599.28);
insert into STATION values (6535, '.', 2331, 270766.39, 4168977.95, 596.97);
insert into STATION values (6536, '.', 2331, 270776.75, 4168983.67, 597.24);
insert into STATION values (6537, '.', 2331, 270773.03, 4168987.95, 598.26);
insert into STATION values (6538, '.', 2331, 270769.28, 4168996.19, 598.56);
insert into STATION values (6539, '.', 2331, 270765.11, 4168985.56, 602.75);
insert into STATION values (6540, '.', 2331, 270764.16, 4168984.60, 594.99);
insert into STATION values (6541, '32', 2331, 270786.76, 4168972.66, 595.20);
insert into STATION values (6542, '.', 2331, 270779.22, 4168957.97, 596.44);
insert into STATION values (6543, '.', 2331, 270771.26, 4168967.88, 595.00);
insert into STATION values (6544, '.', 2331, 270789.80, 4168946.63, 594.83);
insert into STATION values (6545, '.', 2331, 270812.01, 4168975.79, 598.50);
insert into STATION values (6546, '.', 2331, 270794.97, 4168981.86, 597.70);
insert into STATION values (6547, '.', 2331, 270782.33, 4168981.60, 598.50);
insert into STATION values (6548, '.', 2331, 270787.00, 4168972.89, 594.64);
insert into STATION values (6549, '.', 2331, 270788.20, 4168972.59, 600.55);
insert into STATION values (6550, '33', 2331, 270809.65, 4168958.83, 598.10);
insert into STATION values (6551, '.', 2331, 270826.95, 4168954.79, 599.34);
insert into STATION values (6552, '.', 2331, 270820.95, 4168965.42, 600.34);
insert into STATION values (6553, '.', 2331, 270814.31, 4168973.47, 600.51);
insert into STATION values (6554, '.', 2331, 270805.57, 4168929.63, 595.68);
insert into STATION values (6555, '.', 2331, 270788.30, 4168939.10, 595.56);
insert into STATION values (6556, '.', 2331, 270783.74, 4168954.24, 596.12);
insert into STATION values (6557, '.', 2331, 270809.46, 4168957.65, 601.58);
insert into STATION values (6558, '.', 2331, 270811.07, 4168957.14, 596.67);
insert into STATION values (6559, '34', 2331, 270816.87, 4168937.68, 597.52);
insert into STATION values (6560, '.', 2331, 270809.40, 4168935.26, 596.37);
insert into STATION values (6561, '.', 2331, 270827.29, 4168937.50, 598.06);
insert into STATION values (6562, '.', 2331, 270826.14, 4168955.90, 599.85);
insert into STATION values (6563, '.', 2331, 270787.73, 4168943.47, 595.49);
insert into STATION values (6564, '.', 2331, 270815.86, 4168937.02, 599.69);
insert into STATION values (6565, '.', 2331, 270816.83, 4168935.99, 595.96);
insert into STATION values (6566, '35', 2331, 270825.08, 4168910.22, 593.28);
insert into STATION values (6567, '.', 2331, 270808.30, 4168895.71, 586.55);
insert into STATION values (6568, '.', 2331, 270801.52, 4168909.37, 588.53);
insert into STATION values (6569, '.', 2331, 270800.79, 4168920.75, 590.97);
insert into STATION values (6570, '.', 2331, 270835.32, 4168903.93, 593.12);
insert into STATION values (6571, '.', 2331, 270825.50, 4168910.30, 593.32);
insert into STATION values (6572, '.', 2331, 270831.24, 4168929.01, 596.70);
insert into STATION values (6573, '.', 2331, 270824.91, 4168910.23, 595.05);
insert into STATION values (6574, '.', 2331, 270817.53, 4168905.88, 589.59);
insert into STATION values (6575, '36', 2331, 270832.43, 4168893.75, 591.07);
insert into STATION values (6576, '.', 2331, 270845.18, 4168892.01, 589.99);
insert into STATION values (6577, '.', 2331, 270836.32, 4168895.33, 592.19);
insert into STATION values (6578, '.', 2331, 270804.61, 4168909.71, 589.33);
insert into STATION values (6579, '.', 2331, 270809.04, 4168896.77, 587.80);
insert into STATION values (6580, '.', 2331, 270830.63, 4168894.20, 593.29);
insert into STATION values (6581, '.', 2331, 270832.26, 4168894.16, 589.91);
insert into STATION values (6582, '37', 2331, 270837.01, 4168885.19, 587.44);
insert into STATION values (6583, '.', 2331, 270840.24, 4168883.76, 588.34);
insert into STATION values (6584, '.', 2331, 270833.52, 4168884.47, 586.65);
insert into STATION values (6585, '.', 2331, 270830.01, 4168883.96, 586.28);
insert into STATION values (6586, '.', 2331, 270837.03, 4168885.00, 588.54);
insert into STATION values (6587, '.', 2331, 270836.93, 4168884.64, 586.41);
insert into STATION values (6588, '38', 2331, 270835.51, 4168880.66, 585.39);
insert into STATION values (6589, '.', 2331, 270834.44, 4168878.10, 584.98);
insert into STATION values (6590, '.', 2331, 270840.87, 4168882.53, 586.90);
insert into STATION values (6591, '.', 2331, 270838.89, 4168883.63, 586.83);
insert into STATION values (6592, '.', 2331, 270841.10, 4168875.35, 586.11);
insert into STATION values (6593, '.', 2331, 270831.38, 4168878.23, 584.44);
insert into STATION values (6594, '.', 2331, 270835.44, 4168880.35, 586.27);
insert into STATION values (6595, '.', 2331, 270835.65, 4168880.11, 585.02);
insert into STATION values (6596, '39', 2331, 270849.33, 4168874.84, 586.91);
insert into STATION values (6597, '.', 2331, 270844.19, 4168866.44, 586.34);
insert into STATION values (6598, '.', 2331, 270845.43, 4168873.09, 586.36);
insert into STATION values (6599, '.', 2331, 270849.66, 4168875.23, 586.83);
insert into STATION values (6600, '.', 2331, 270849.08, 4168873.23, 587.79);
insert into STATION values (6601, '.', 2331, 270849.05, 4168874.39, 586.44);
insert into STATION values (6602, '40', 2331, 270861.97, 4168857.59, 589.53);
insert into STATION values (6603, '.', 2331, 270860.59, 4168855.07, 588.25);
insert into STATION values (6604, '.', 2331, 270865.38, 4168862.26, 587.87);
insert into STATION values (6605, '.', 2331, 270873.70, 4168858.59, 587.29);
insert into STATION values (6606, '.', 2331, 270867.02, 4168850.56, 586.58);
insert into STATION values (6607, '.', 2331, 270853.36, 4168857.74, 587.27);
insert into STATION values (6608, '.', 2331, 270857.77, 4168864.50, 587.74);
insert into STATION values (6609, '.', 2331, 270861.46, 4168858.44, 590.71);
insert into STATION values (6610, '.', 2331, 270861.69, 4168857.66, 587.28);
insert into STATION values (6611, '41', 2331, 270876.67, 4168849.73, 584.28);
insert into STATION values (6612, '.', 2331, 270877.06, 4168850.37, 584.50);
insert into STATION values (6613, '.', 2331, 270876.49, 4168847.21, 584.06);
insert into STATION values (6614, '.', 2331, 270876.61, 4168849.18, 584.58);
insert into STATION values (6615, '.', 2331, 270876.72, 4168849.65, 584.99);
insert into STATION values (6616, '.', 2331, 270876.80, 4168849.93, 584.15);
insert into STATION values (6617, '42', 2331, 270887.35, 4168844.09, 584.53);
insert into STATION values (6618, '.', 2331, 270886.50, 4168842.75, 584.34);
insert into STATION values (6619, '.', 2331, 270888.08, 4168840.74, 583.63);
insert into STATION values (6620, '.', 2331, 270890.89, 4168841.14, 583.70);
insert into STATION values (6621, '.', 2331, 270887.45, 4168844.67, 584.67);
insert into STATION values (6622, '.', 2331, 270885.72, 4168846.21, 585.02);
insert into STATION values (6623, '.', 2331, 270887.20, 4168843.53, 585.28);
insert into STATION values (6624, '.', 2331, 270887.17, 4168843.19, 583.57);
insert into STATION values (6625, '43', 2331, 270893.40, 4168834.64, 582.16);
insert into STATION values (6626, '.', 2331, 270896.84, 4168836.79, 584.35);
insert into STATION values (6627, '.', 2331, 270892.68, 4168833.43, 582.05);
insert into STATION values (6628, '.', 2331, 270893.50, 4168837.76, 583.71);
insert into STATION values (6629, '.', 2331, 270893.57, 4168834.17, 583.92);
insert into STATION values (6630, '.', 2331, 270892.93, 4168833.00, 581.38);
insert into STATION values (6631, '44', 2331, 270895.78, 4168828.58, 581.19);
insert into STATION values (6632, '.', 2331, 270895.43, 4168828.26, 581.14);
insert into STATION values (6633, '.', 2331, 270896.16, 4168828.95, 581.22);
insert into STATION values (6634, '.', 2331, 270895.74, 4168828.63, 581.49);
insert into STATION values (6635, '.', 2331, 270895.78, 4168828.62, 580.84);
insert into STATION values (6636, '0', 2341, 263663.07, 4174350.31, 419.48);
insert into STATION values (6637, '.', 2341, 263663.38, 4174350.84, 420.75);
insert into STATION values (6638, '.', 2341, 263663.89, 4174350.66, 420.20);
insert into STATION values (6639, '.', 2341, 263664.53, 4174350.23, 420.55);
insert into STATION values (6640, '.', 2341, 263663.14, 4174350.10, 419.62);
insert into STATION values (6641, '.', 2341, 263663.69, 4174348.78, 417.90);
insert into STATION values (6642, '.', 2341, 263663.07, 4174349.45, 418.84);
insert into STATION values (6643, '.', 2341, 263662.60, 4174351.23, 421.31);
insert into STATION values (6644, '.', 2341, 263662.15, 4174349.76, 419.42);
insert into STATION values (6645, '.', 2341, 263662.20, 4174350.60, 420.63);
insert into STATION values (6646, '.', 2341, 263662.18, 4174350.97, 420.13);
insert into STATION values (6647, '.', 2341, 263664.98, 4174349.67, 419.72);
insert into STATION values (6648, '1', 2341, 263665.01, 4174349.70, 419.75);
insert into STATION values (6649, '2', 2341, 263662.05, 4174349.67, 418.89);
insert into STATION values (6650, '.', 2341, 263661.83, 4174349.83, 417.82);
insert into STATION values (6651, '.', 2341, 263661.76, 4174349.57, 418.40);
insert into STATION values (6652, '.', 2341, 263661.89, 4174350.19, 418.23);
insert into STATION values (6653, '.', 2341, 263662.69, 4174350.70, 419.79);
insert into STATION values (6654, '.', 2341, 263660.84, 4174350.60, 418.54);
insert into STATION values (6655, '.', 2341, 263660.70, 4174350.30, 418.63);
insert into STATION values (6656, '3', 2341, 263661.08, 4174351.03, 419.09);
insert into STATION values (6657, '.', 2341, 263661.28, 4174351.06, 419.09);
insert into STATION values (6658, '.', 2341, 263661.20, 4174350.95, 419.44);
insert into STATION values (6659, '.', 2341, 263660.89, 4174350.93, 419.22);
insert into STATION values (6660, '.', 2341, 263660.99, 4174351.04, 418.78);
insert into STATION values (6661, '4', 2341, 263661.03, 4174352.20, 420.00);
insert into STATION_FLAG values(6661, 'ent');
insert into STATION_FLAG values(6661, 'fix');
insert into STATION values (6662, '0', 2363, 263644.40, 4174357.12, 419.00);
insert into STATION_FLAG values(6662, 'ent');
insert into STATION_FLAG values(6662, 'fix');
insert into STATION values (6663, '.', 2363, 263643.99, 4174358.20, 418.91);
insert into STATION values (6664, '.', 2363, 263644.15, 4174357.48, 418.46);
insert into STATION values (6665, '.', 2363, 263644.06, 4174357.57, 419.34);
insert into STATION values (6666, '.', 2363, 263643.11, 4174357.52, 418.55);
insert into STATION values (6667, '.', 2363, 263642.19, 4174356.98, 418.43);
insert into STATION values (6668, '.', 2363, 263640.84, 4174357.34, 418.69);
insert into STATION values (6669, '.', 2363, 263642.15, 4174358.27, 418.81);
insert into STATION values (6670, '.', 2363, 263642.27, 4174356.25, 418.68);
insert into STATION values (6671, '1', 2363, 263641.94, 4174357.05, 418.45);
insert into STATION values (6672, '.', 2363, 263641.99, 4174355.42, 418.55);
insert into STATION values (6673, '.', 2363, 263641.11, 4174355.82, 418.49);
insert into STATION values (6674, '.', 2363, 263640.84, 4174356.82, 418.28);
insert into STATION values (6675, '.', 2363, 263640.81, 4174356.17, 417.34);
insert into STATION values (6676, '.', 2363, 263640.20, 4174355.73, 417.57);
insert into STATION values (6677, '.', 2363, 263640.68, 4174356.58, 417.80);
insert into STATION values (6678, '.', 2363, 263640.92, 4174358.00, 418.57);
insert into STATION values (6679, '.', 2363, 263641.95, 4174358.25, 418.82);
insert into STATION values (6680, '.', 2363, 263641.92, 4174357.10, 418.82);
insert into STATION values (6681, '2', 2363, 263639.37, 4174355.42, 417.49);
insert into STATION values (6682, '0', 2386, 263634.41, 4174335.73, 417.50);
insert into STATION values (6683, '.', 2386, 263635.12, 4174335.43, 417.45);
insert into STATION values (6684, '.', 2386, 263635.36, 4174336.29, 417.53);
insert into STATION values (6685, '.', 2386, 263635.57, 4174336.78, 417.39);
insert into STATION values (6686, '.', 2386, 263634.71, 4174335.03, 417.51);
insert into STATION values (6687, '.', 2386, 263634.46, 4174334.26, 417.26);
insert into STATION values (6688, '.', 2386, 263634.43, 4174334.94, 416.87);
insert into STATION values (6689, '.', 2386, 263634.65, 4174335.81, 417.18);
insert into STATION values (6690, '.', 2386, 263634.17, 4174335.74, 419.02);
insert into STATION values (6691, '1', 2386, 263634.24, 4174333.12, 416.89);
insert into STATION values (6692, '2', 2386, 263633.96, 4174335.93, 417.54);
insert into STATION values (6693, '.', 2386, 263633.91, 4174335.84, 418.49);
insert into STATION values (6694, '.', 2386, 263634.27, 4174335.18, 419.17);
insert into STATION values (6695, '.', 2386, 263633.73, 4174335.50, 417.82);
insert into STATION values (6696, '.', 2386, 263635.63, 4174337.00, 418.35);
insert into STATION values (6697, '.', 2386, 263634.75, 4174336.78, 418.33);
insert into STATION values (6698, '.', 2386, 263634.02, 4174335.78, 417.29);
insert into STATION values (6699, '.', 2386, 263633.50, 4174336.45, 417.54);
insert into STATION values (6700, '.', 2386, 263633.91, 4174336.93, 417.85);
insert into STATION values (6701, '.', 2386, 263633.14, 4174335.91, 417.12);
insert into STATION values (6702, '.', 2386, 263632.99, 4174335.85, 416.41);
insert into STATION values (6703, '.', 2386, 263633.28, 4174336.23, 417.48);
insert into STATION values (6704, '3', 2386, 263631.40, 4174336.50, 417.17);
insert into STATION values (6705, '.', 2386, 263630.59, 4174338.90, 416.67);
insert into STATION values (6706, '.', 2386, 263630.23, 4174338.60, 416.72);
insert into STATION values (6707, '.', 2386, 263631.90, 4174338.45, 417.07);
insert into STATION values (6708, '.', 2386, 263632.71, 4174338.26, 417.18);
insert into STATION values (6709, '.', 2386, 263633.27, 4174337.12, 417.32);
insert into STATION values (6710, '.', 2386, 263632.95, 4174335.76, 417.58);
insert into STATION values (6711, '.', 2386, 263629.75, 4174336.14, 416.88);
insert into STATION values (6712, '.', 2386, 263629.72, 4174336.59, 416.06);
insert into STATION values (6713, '.', 2386, 263631.49, 4174336.75, 416.72);
insert into STATION values (6714, '.', 2386, 263631.90, 4174333.64, 417.99);
insert into STATION values (6715, '.', 2386, 263631.94, 4174334.95, 417.87);
insert into STATION values (6716, '.', 2386, 263632.19, 4174335.50, 417.34);
insert into STATION values (6717, '4', 2386, 263627.10, 4174337.67, 416.27);
insert into STATION values (6718, '5', 2386, 263631.70, 4174334.70, 417.64);
insert into STATION values (6719, '.', 2386, 263631.48, 4174335.04, 417.67);
insert into STATION values (6720, '.', 2386, 263630.59, 4174333.90, 419.07);
insert into STATION values (6721, '.', 2386, 263628.17, 4174334.90, 417.74);
insert into STATION values (6722, '.', 2386, 263631.34, 4174333.91, 417.53);
insert into STATION values (6723, '.', 2386, 263632.13, 4174333.34, 417.90);
insert into STATION values (6724, '.', 2386, 263634.14, 4174333.98, 418.35);
insert into STATION values (6725, '.', 2386, 263631.70, 4174334.71, 417.23);
insert into STATION values (6726, '6', 2386, 263629.64, 4174333.26, 415.88);
insert into STATION values (6727, '7', 2386, 263633.88, 4174339.28, 417.12);
insert into STATION values (6728, '.', 2386, 263634.09, 4174339.43, 415.25);
insert into STATION values (6729, '.', 2386, 263632.97, 4174339.45, 416.70);
insert into STATION values (6730, '.', 2386, 263634.14, 4174338.85, 417.32);
insert into STATION values (6731, '.', 2386, 263633.33, 4174338.82, 417.15);
insert into STATION values (6732, '.', 2386, 263633.64, 4174338.59, 417.18);
insert into STATION values (6733, '.', 2386, 263633.10, 4174337.95, 415.88);
insert into STATION values (6734, '.', 2386, 263633.08, 4174338.10, 416.68);
insert into STATION values (6735, '.', 2386, 263637.31, 4174339.60, 419.82);
insert into STATION values (6736, '.', 2386, 263634.69, 4174340.85, 419.69);
insert into STATION values (6737, '.', 2386, 263632.96, 4174340.79, 419.24);
insert into STATION values (6738, '.', 2386, 263633.06, 4174339.68, 417.84);
insert into STATION values (6739, '.', 2386, 263634.00, 4174340.10, 417.45);
insert into STATION values (6740, '8', 2386, 263634.14, 4174340.18, 417.87);
insert into STATION values (6741, '.', 2386, 263634.87, 4174340.13, 418.02);
insert into STATION values (6742, '.', 2386, 263636.03, 4174338.91, 418.04);
insert into STATION values (6743, '.', 2386, 263636.05, 4174343.03, 418.35);
insert into STATION values (6744, '.', 2386, 263634.53, 4174344.06, 418.27);
insert into STATION values (6745, '.', 2386, 263632.79, 4174342.58, 418.44);
insert into STATION values (6746, '.', 2386, 263631.87, 4174341.90, 419.13);
insert into STATION values (6747, '.', 2386, 263634.06, 4174340.48, 419.46);
insert into STATION values (6748, '.', 2386, 263635.01, 4174339.88, 420.48);
insert into STATION values (6749, '.', 2386, 263633.35, 4174339.25, 417.98);
insert into STATION values (6750, '.', 2386, 263631.16, 4174340.72, 417.05);
insert into STATION values (6751, '.', 2386, 263632.63, 4174340.28, 418.10);
insert into STATION values (6752, '.', 2386, 263629.86, 4174340.44, 416.21);
insert into STATION values (6753, '9', 2386, 263628.14, 4174340.60, 414.81);
insert into STATION values (6754, '10', 2386, 263634.26, 4174341.65, 417.94);
insert into STATION values (6755, '.', 2386, 263637.14, 4174339.56, 419.37);
insert into STATION values (6756, '.', 2386, 263635.86, 4174341.81, 419.87);
insert into STATION values (6757, '.', 2386, 263635.07, 4174344.51, 417.97);
insert into STATION values (6758, '.', 2386, 263632.87, 4174342.83, 418.28);
insert into STATION values (6759, '.', 2386, 263632.94, 4174343.45, 416.12);
insert into STATION values (6760, '.', 2386, 263634.09, 4174342.25, 417.07);
insert into STATION values (6761, '11', 2386, 263635.32, 4174342.08, 418.36);
insert into STATION values (6762, '.', 2386, 263636.76, 4174342.87, 416.37);
insert into STATION values (6763, '.', 2386, 263635.91, 4174343.00, 416.28);
insert into STATION values (6764, '.', 2386, 263636.83, 4174342.67, 414.82);
insert into STATION values (6765, '.', 2386, 263636.89, 4174344.31, 414.81);
insert into STATION values (6766, '.', 2386, 263633.79, 4174343.37, 416.41);
insert into STATION values (6767, '12', 2386, 263636.80, 4174343.22, 415.07);
insert into STATION values (6768, '.', 2386, 263637.28, 4174343.54, 415.26);
insert into STATION values (6769, '.', 2386, 263636.90, 4174343.56, 414.82);
insert into STATION values (6770, '.', 2386, 263636.08, 4174344.79, 414.75);
insert into STATION values (6771, '.', 2386, 263634.73, 4174347.35, 414.81);
insert into STATION values (6772, '.', 2386, 263635.83, 4174344.45, 415.48);
insert into STATION values (6773, '.', 2386, 263636.47, 4174343.80, 416.21);
insert into STATION values (6774, '.', 2386, 263636.94, 4174341.84, 415.45);
insert into STATION values (6775, '.', 2386, 263636.30, 4174342.04, 415.35);
insert into STATION values (6776, '13', 2386, 263635.26, 4174346.87, 414.95);
insert into STATION values (6777, '.', 2386, 263634.55, 4174347.88, 414.83);
insert into STATION values (6778, '.', 2386, 263634.21, 4174346.30, 415.24);
insert into STATION values (6779, '.', 2386, 263635.20, 4174346.88, 414.77);
insert into STATION values (6780, '.', 2386, 263635.23, 4174346.82, 415.97);
insert into STATION values (6781, '.', 2386, 263636.43, 4174346.42, 415.75);
insert into STATION values (6782, '.', 2386, 263638.26, 4174348.19, 416.60);
insert into STATION values (6783, '.', 2386, 263636.51, 4174347.59, 416.53);
insert into STATION values (6784, '.', 2386, 263636.31, 4174348.09, 415.69);
insert into STATION values (6785, '.', 2386, 263638.01, 4174349.48, 417.45);
insert into STATION values (6786, '.', 2386, 263637.73, 4174349.19, 417.22);
insert into STATION values (6787, '.', 2386, 263638.00, 4174349.49, 417.46);
insert into STATION values (6788, '14', 2386, 263638.01, 4174349.48, 417.46);
insert into STATION values (6789, '15', 2386, 263633.03, 4174343.51, 416.77);
insert into STATION values (6790, '.', 2386, 263632.97, 4174343.51, 416.32);
insert into STATION values (6791, '.', 2386, 263629.37, 4174339.96, 415.40);
insert into STATION values (6792, '.', 2386, 263631.19, 4174342.93, 416.24);
insert into STATION values (6793, '.', 2386, 263632.73, 4174343.55, 416.84);
insert into STATION values (6794, '.', 2386, 263633.22, 4174344.41, 417.06);
insert into STATION values (6795, '.', 2386, 263632.15, 4174344.41, 417.05);
insert into STATION values (6796, '16', 2386, 263632.30, 4174344.34, 418.51);
insert into STATION values (6797, '.', 2386, 263630.12, 4174343.21, 418.37);
insert into STATION values (6798, '.', 2386, 263630.20, 4174344.66, 418.31);
insert into STATION values (6799, '.', 2386, 263630.81, 4174346.28, 418.29);
insert into STATION values (6800, '.', 2386, 263631.37, 4174345.40, 418.22);
insert into STATION values (6801, '.', 2386, 263631.96, 4174344.43, 417.98);
insert into STATION values (6802, '.', 2386, 263632.66, 4174344.22, 416.99);
insert into STATION values (6803, '.', 2386, 263633.45, 4174344.28, 415.88);
insert into STATION values (6804, '.', 2386, 263632.65, 4174344.37, 418.36);
insert into STATION values (6805, '.', 2386, 263633.02, 4174346.07, 419.75);
insert into STATION values (6806, '.', 2386, 263631.34, 4174345.21, 419.49);
insert into STATION values (6807, '17', 2386, 263630.18, 4174345.83, 418.29);
insert into STATION values (6808, '.', 2386, 263629.98, 4174345.33, 418.28);
insert into STATION values (6809, '.', 2386, 263630.06, 4174345.14, 417.35);
insert into STATION values (6810, '.', 2386, 263630.14, 4174345.95, 418.53);
insert into STATION values (6811, '.', 2386, 263630.12, 4174345.83, 418.70);
insert into STATION values (6812, '.', 2386, 263630.30, 4174346.13, 418.34);
insert into STATION values (6813, '18', 2386, 263629.09, 4174346.45, 417.00);
insert into STATION_FLAG values(6813, 'ent');
insert into STATION_FLAG values(6813, 'fix');
insert into STATION values (6814, '0', 2460, 270936.28, 4164242.57, 350.00);
insert into STATION_FLAG values(6814, 'ent');
insert into STATION_FLAG values(6814, 'fix');
insert into STATION values (6815, '1', 2460, 270924.61, 4164238.33, 348.80);
insert into STATION values (6816, '.', 2460, 270916.30, 4164245.47, 349.72);
insert into STATION values (6817, '.', 2460, 270914.58, 4164257.97, 350.00);
insert into STATION values (6818, '.', 2460, 270913.44, 4164273.95, 348.51);
insert into STATION values (6819, '.', 2460, 270927.93, 4164267.62, 348.89);
insert into STATION values (6820, '.', 2460, 270937.78, 4164256.20, 349.38);
insert into STATION values (6821, '.', 2460, 270916.34, 4164243.32, 345.79);
insert into STATION values (6822, '.', 2460, 270916.95, 4164242.76, 338.75);
insert into STATION values (6823, '.', 2460, 270919.71, 4164240.29, 335.96);
insert into STATION values (6824, '.', 2460, 270919.22, 4164238.46, 329.37);
insert into STATION values (6825, '.', 2460, 270924.84, 4164237.89, 335.27);
insert into STATION values (6826, '.', 2460, 270919.56, 4164242.06, 338.20);
insert into STATION values (6827, '.', 2460, 270924.61, 4164241.91, 340.90);
insert into STATION values (6828, '.', 2460, 270915.79, 4164241.33, 333.37);
insert into STATION values (6829, '.', 2460, 270915.10, 4164241.22, 331.74);
insert into STATION values (6830, '.', 2460, 270916.38, 4164241.16, 330.33);
insert into STATION values (6831, '.', 2460, 270912.38, 4164244.98, 331.03);
insert into STATION values (6832, '2', 2460, 270912.10, 4164244.49, 329.93);
insert into STATION values (6833, '.', 2460, 270919.37, 4164237.06, 333.47);
insert into STATION values (6834, '.', 2460, 270919.20, 4164237.59, 332.20);
insert into STATION values (6835, '.', 2460, 270918.88, 4164237.50, 331.43);
insert into STATION values (6836, '00', 2489, 271918.03, 4170888.28, 884.07);
insert into STATION values (6837, 'PTR_FR24_A60_1', 2489, 271921.29, 4170897.17, 885.00);
insert into STATION_FLAG values(6837, 'ent');
insert into STATION_FLAG values(6837, 'fix');
insert into STATION values (6838, '2', 2489, 271931.85, 4170907.38, 883.20);
insert into STATION values (6839, '.', 2489, 271946.44, 4170894.36, 883.98);
insert into STATION values (6840, '.', 2489, 271941.02, 4170906.07, 883.71);
insert into STATION values (6841, '.', 2489, 271936.75, 4170911.76, 882.92);
insert into STATION values (6842, '.', 2489, 271918.59, 4170903.19, 883.92);
insert into STATION values (6843, '.', 2489, 271917.13, 4170909.49, 883.69);
insert into STATION values (6844, '.', 2489, 271917.60, 4170915.80, 883.34);
insert into STATION values (6845, '.', 2489, 271922.38, 4170920.88, 883.02);
insert into STATION values (6846, '.', 2489, 271928.10, 4170920.58, 882.53);
insert into STATION values (6847, '.', 2489, 271933.04, 4170914.81, 882.31);
insert into STATION values (6848, '.', 2489, 271931.57, 4170907.50, 882.15);
insert into STATION values (6849, '.', 2489, 271931.75, 4170907.27, 885.38);
insert into STATION values (6850, '.', 2489, 271932.52, 4170906.41, 885.17);
insert into STATION values (6851, '3', 2489, 271958.31, 4170907.50, 876.16);
insert into STATION values (6852, '.', 2489, 271959.07, 4170908.97, 876.24);
insert into STATION values (6853, '.', 2489, 271954.44, 4170912.45, 876.46);
insert into STATION values (6854, '.', 2489, 271964.16, 4170906.22, 876.32);
insert into STATION values (6855, '.', 2489, 271953.28, 4170870.09, 878.27);
insert into STATION values (6856, '.', 2489, 271954.16, 4170903.50, 877.50);
insert into STATION values (6857, '.', 2489, 271943.95, 4170903.93, 880.04);
insert into STATION values (6858, '.', 2489, 271940.07, 4170907.67, 880.27);
insert into STATION values (6859, '.', 2489, 271958.31, 4170907.47, 875.79);
insert into STATION values (6860, '.', 2489, 271958.22, 4170907.34, 877.92);
insert into STATION values (6861, 'PTR_FR24_A61_4', 2489, 271962.46, 4170902.88, 876.41);
insert into STATION values (6862, '.', 2489, 271964.40, 4170905.88, 876.50);
insert into STATION values (6863, '.', 2489, 271967.91, 4170900.26, 876.50);
insert into STATION values (6864, '.', 2489, 271968.93, 4170888.79, 877.19);
insert into STATION values (6865, '.', 2489, 271946.06, 4170888.89, 880.60);
insert into STATION values (6866, '.', 2489, 271943.25, 4170893.90, 880.61);
insert into STATION values (6867, '.', 2489, 271962.42, 4170902.80, 875.82);
insert into STATION values (6868, '.', 2489, 271962.33, 4170902.65, 878.39);
insert into STATION values (6869, '5', 2489, 271964.17, 4170879.34, 876.16);
insert into STATION values (6870, '.', 2489, 271971.66, 4170870.40, 876.40);
insert into STATION values (6871, '.', 2489, 271972.31, 4170878.38, 876.03);
insert into STATION values (6872, '.', 2489, 271971.76, 4170887.72, 876.38);
insert into STATION values (6873, '.', 2489, 271945.89, 4170892.94, 881.46);
insert into STATION values (6874, '.', 2489, 271944.21, 4170877.51, 881.45);
insert into STATION values (6875, '.', 2489, 271954.46, 4170870.94, 877.15);
insert into STATION values (6876, '.', 2489, 271961.81, 4170865.49, 876.62);
insert into STATION values (6877, '.', 2489, 271964.17, 4170879.27, 875.80);
insert into STATION values (6878, '.', 2489, 271963.87, 4170879.33, 878.48);
insert into STATION values (6879, '6', 2489, 271970.01, 4170860.76, 876.60);
insert into STATION values (6880, '.', 2489, 271969.01, 4170855.25, 876.92);
insert into STATION values (6881, '.', 2489, 271972.88, 4170857.57, 876.95);
insert into STATION values (6882, '.', 2489, 271973.65, 4170861.74, 876.76);
insert into STATION values (6883, '.', 2489, 271972.10, 4170867.66, 876.86);
insert into STATION values (6884, '.', 2489, 271965.54, 4170865.34, 877.57);
insert into STATION values (6885, '.', 2489, 271964.09, 4170860.87, 877.43);
insert into STATION values (6886, '.', 2489, 271970.01, 4170860.70, 876.14);
insert into STATION values (6887, '.', 2489, 271969.72, 4170860.44, 878.93);
insert into STATION values (6888, '7', 2489, 271956.60, 4170856.67, 877.31);
insert into STATION values (6889, '.', 2489, 271955.24, 4170854.38, 877.04);
insert into STATION values (6890, '.', 2489, 271957.71, 4170854.26, 877.19);
insert into STATION values (6891, '.', 2489, 271961.28, 4170853.63, 877.23);
insert into STATION values (6892, '.', 2489, 271956.37, 4170857.08, 877.33);
insert into STATION values (6893, '.', 2489, 271957.95, 4170857.68, 877.37);
insert into STATION values (6894, '.', 2489, 271956.57, 4170856.76, 875.84);
insert into STATION values (6895, '.', 2489, 271956.70, 4170856.98, 879.03);
insert into STATION values (6896, '8', 2489, 271974.25, 4170853.28, 876.56);
insert into STATION values (6897, '.', 2489, 271976.89, 4170852.90, 876.78);
insert into STATION values (6898, '.', 2489, 271975.41, 4170854.26, 876.51);
insert into STATION values (6899, '.', 2489, 271973.30, 4170856.04, 876.52);
insert into STATION values (6900, '.', 2489, 271972.01, 4170853.65, 876.56);
insert into STATION values (6901, '.', 2489, 271974.23, 4170853.29, 876.18);
insert into STATION values (6902, '.', 2489, 271974.59, 4170853.11, 878.86);
insert into STATION values (6903, '9', 2489, 271977.42, 4170902.97, 876.07);
insert into STATION values (6904, '.', 2489, 271977.20, 4170902.14, 876.10);
insert into STATION values (6905, '.', 2489, 271978.75, 4170901.54, 876.22);
insert into STATION values (6906, '.', 2489, 271977.56, 4170903.22, 876.07);
insert into STATION values (6907, '.', 2489, 271977.32, 4170903.02, 875.79);
insert into STATION values (6908, '.', 2489, 271977.93, 4170902.84, 880.68);
insert into STATION values (6909, '10', 2489, 271982.17, 4170902.48, 876.35);
insert into STATION values (6910, '.', 2489, 271983.20, 4170903.42, 876.27);
insert into STATION values (6911, '.', 2489, 271981.89, 4170903.51, 876.69);
insert into STATION values (6912, '.', 2489, 271980.52, 4170904.03, 876.80);
insert into STATION values (6913, '.', 2489, 271981.09, 4170901.24, 876.27);
insert into STATION values (6914, '.', 2489, 271979.66, 4170901.17, 876.45);
insert into STATION values (6915, '.', 2489, 271981.73, 4170891.05, 876.33);
insert into STATION values (6916, '.', 2489, 271986.17, 4170894.09, 876.24);
insert into STATION values (6917, '.', 2489, 271984.17, 4170905.97, 876.36);
insert into STATION values (6918, '.', 2489, 271980.03, 4170911.32, 876.29);
insert into STATION values (6919, '.', 2489, 271978.66, 4170908.22, 876.37);
insert into STATION values (6920, '.', 2489, 271982.15, 4170902.48, 875.81);
insert into STATION values (6921, '.', 2489, 271982.71, 4170902.00, 879.92);
insert into STATION values (6922, '.', 2489, 271982.36, 4170903.27, 875.88);
insert into STATION values (6923, '.', 2489, 271982.30, 4170903.14, 877.16);
insert into STATION values (6924, '.', 2489, 271982.29, 4170902.67, 878.17);
insert into STATION values (6925, '.', 2489, 271981.91, 4170902.22, 879.81);
insert into STATION values (6926, '.', 2489, 271982.27, 4170902.38, 877.16);
insert into STATION values (6927, '11', 2489, 271989.34, 4170902.43, 875.92);
insert into STATION values (6928, '.', 2489, 271989.40, 4170903.13, 875.99);
insert into STATION values (6929, '.', 2489, 271988.36, 4170902.87, 875.95);
insert into STATION values (6930, '.', 2489, 271992.55, 4170903.80, 876.31);
insert into STATION values (6931, '.', 2489, 271995.11, 4170898.72, 876.19);
insert into STATION values (6932, '.', 2489, 271991.36, 4170898.78, 876.13);
insert into STATION values (6933, '.', 2489, 271987.85, 4170898.97, 876.22);
insert into STATION values (6934, '.', 2489, 271987.04, 4170900.91, 876.20);
insert into STATION values (6935, '.', 2489, 271989.37, 4170902.38, 875.11);
insert into STATION values (6936, '.', 2489, 271989.41, 4170902.34, 876.48);
insert into STATION values (6937, '12', 2489, 272002.38, 4170890.38, 875.89);
insert into STATION values (6938, '.', 2489, 272003.51, 4170891.56, 876.02);
insert into STATION values (6939, '.', 2489, 272001.89, 4170892.57, 875.92);
insert into STATION values (6940, '.', 2489, 272003.39, 4170888.83, 876.21);
insert into STATION values (6941, '.', 2489, 272001.42, 4170889.02, 876.35);
insert into STATION values (6942, '.', 2489, 272000.61, 4170890.13, 876.28);
insert into STATION values (6943, '.', 2489, 271999.52, 4170891.46, 876.24);
insert into STATION values (6944, '.', 2489, 272002.41, 4170890.31, 875.17);
insert into STATION values (6945, '.', 2489, 272002.30, 4170890.38, 876.82);
insert into STATION values (6946, '.', 2489, 272006.61, 4170888.64, 875.41);
insert into STATION values (6947, '.', 2489, 272004.74, 4170890.84, 875.58);
insert into STATION values (6948, '.', 2489, 271998.73, 4170885.97, 875.99);
insert into STATION values (6949, '.', 2489, 271998.44, 4170890.04, 875.87);
insert into STATION values (6950, '13', 2489, 272005.10, 4170873.66, 877.14);
insert into STATION values (6951, '.', 2489, 272010.47, 4170873.76, 876.86);
insert into STATION values (6952, '.', 2489, 272012.48, 4170878.80, 876.21);
insert into STATION values (6953, '.', 2489, 272008.05, 4170881.46, 876.13);
insert into STATION values (6954, '.', 2489, 272002.45, 4170870.44, 876.34);
insert into STATION values (6955, '.', 2489, 272000.39, 4170872.70, 876.70);
insert into STATION values (6956, '.', 2489, 271999.62, 4170877.32, 876.68);
insert into STATION values (6957, '.', 2489, 272001.39, 4170878.93, 876.47);
insert into STATION values (6958, '.', 2489, 272005.03, 4170873.68, 876.11);
insert into STATION values (6959, '.', 2489, 272004.93, 4170873.69, 878.47);
insert into STATION values (6960, '.', 2489, 272005.88, 4170872.79, 877.06);
insert into STATION values (6961, '14', 2489, 272015.41, 4170862.11, 876.14);
insert into STATION values (6962, '.', 2489, 272021.30, 4170863.74, 876.60);
insert into STATION values (6963, '.', 2489, 272019.26, 4170867.86, 876.50);
insert into STATION values (6964, '.', 2489, 272016.15, 4170872.09, 876.71);
insert into STATION values (6965, '.', 2489, 272006.80, 4170878.75, 877.54);
insert into STATION values (6966, '.', 2489, 272015.42, 4170861.95, 876.15);
insert into STATION values (6967, '.', 2489, 272011.35, 4170855.96, 876.94);
insert into STATION values (6968, '.', 2489, 272008.62, 4170858.30, 876.84);
insert into STATION values (6969, '.', 2489, 272008.33, 4170862.19, 876.72);
insert into STATION values (6970, '.', 2489, 272003.14, 4170868.16, 876.59);
insert into STATION values (6971, '.', 2489, 272015.41, 4170862.06, 875.88);
insert into STATION values (6972, '.', 2489, 272015.37, 4170862.06, 877.69);
insert into STATION values (6973, '15', 2489, 272019.91, 4170859.17, 876.57);
insert into STATION values (6974, '.', 2489, 272029.55, 4170852.13, 876.55);
insert into STATION values (6975, '.', 2489, 272028.54, 4170857.66, 876.81);
insert into STATION values (6976, '.', 2489, 272023.57, 4170861.42, 876.61);
insert into STATION values (6977, '.', 2489, 272021.11, 4170864.46, 876.80);
insert into STATION values (6978, '.', 2489, 272018.55, 4170868.54, 876.75);
insert into STATION values (6979, '.', 2489, 272017.72, 4170847.50, 876.96);
insert into STATION values (6980, '.', 2489, 272014.75, 4170853.20, 876.86);
insert into STATION values (6981, '.', 2489, 272010.23, 4170855.81, 876.94);
insert into STATION values (6982, '.', 2489, 272007.48, 4170859.96, 876.79);
insert into STATION values (6983, '.', 2489, 272019.90, 4170859.19, 876.25);
insert into STATION values (6984, '.', 2489, 272019.57, 4170859.29, 877.96);
insert into STATION values (6985, '16', 2489, 272024.96, 4170849.06, 876.25);
insert into STATION values (6986, '.', 2489, 272030.13, 4170849.61, 876.52);
insert into STATION values (6987, '.', 2489, 272029.42, 4170852.02, 876.69);
insert into STATION values (6988, '.', 2489, 272028.74, 4170856.14, 876.84);
insert into STATION values (6989, '.', 2489, 272014.93, 4170849.70, 876.96);
insert into STATION values (6990, '.', 2489, 272020.39, 4170846.44, 876.71);
insert into STATION values (6991, '.', 2489, 272020.84, 4170839.98, 876.84);
insert into STATION values (6992, '.', 2489, 272028.49, 4170841.84, 876.86);
insert into STATION values (6993, '.', 2489, 272024.93, 4170849.09, 875.85);
insert into STATION values (6994, '.', 2489, 272025.06, 4170849.09, 878.00);
insert into STATION values (6995, '17', 2489, 272036.41, 4170844.42, 876.36);
insert into STATION values (6996, '.', 2489, 272037.38, 4170843.74, 876.34);
insert into STATION values (6997, '.', 2489, 272037.25, 4170845.46, 876.43);
insert into STATION values (6998, '.', 2489, 272034.35, 4170845.99, 876.59);
insert into STATION values (6999, '.', 2489, 272034.10, 4170843.87, 876.84);
insert into STATION values (7000, '.', 2489, 272035.47, 4170842.77, 876.49);
insert into STATION values (7001, '.', 2489, 272035.99, 4170844.12, 875.85);
insert into STATION values (7002, '.', 2489, 272035.96, 4170844.17, 878.14);
insert into STATION values (7003, '18', 2489, 272035.90, 4170837.96, 876.45);
insert into STATION values (7004, '.', 2489, 272038.27, 4170837.90, 876.35);
insert into STATION values (7005, '.', 2489, 272036.32, 4170838.28, 876.37);
insert into STATION values (7006, '.', 2489, 272033.84, 4170839.84, 876.93);
insert into STATION values (7007, '.', 2489, 272031.58, 4170838.25, 877.56);
insert into STATION values (7008, '.', 2489, 272031.87, 4170835.45, 876.92);
insert into STATION values (7009, '.', 2489, 272035.45, 4170834.11, 876.84);
insert into STATION values (7010, '.', 2489, 272035.83, 4170837.83, 875.84);
insert into STATION values (7011, '.', 2489, 272035.65, 4170837.54, 878.40);
insert into STATION values (7012, '19', 2489, 272040.85, 4170829.67, 876.10);
insert into STATION values (7013, '.', 2489, 272042.67, 4170830.53, 876.54);
insert into STATION values (7014, '.', 2489, 272041.76, 4170831.28, 876.53);
insert into STATION values (7015, '.', 2489, 272040.87, 4170833.15, 876.62);
insert into STATION values (7016, '.', 2489, 272041.80, 4170828.48, 876.36);
insert into STATION values (7017, '.', 2489, 272039.87, 4170827.72, 876.47);
insert into STATION values (7018, '.', 2489, 272037.22, 4170829.09, 876.61);
insert into STATION values (7019, '.', 2489, 272040.76, 4170829.85, 875.37);
insert into STATION values (7020, '.', 2489, 272040.76, 4170829.67, 876.71);
insert into STATION values (7021, '20', 2489, 272050.81, 4170829.24, 876.08);
insert into STATION values (7022, '.', 2489, 272052.42, 4170828.87, 876.54);
insert into STATION values (7023, '.', 2489, 272052.53, 4170828.93, 876.49);
insert into STATION values (7024, '.', 2489, 272050.00, 4170830.60, 876.68);
insert into STATION values (7025, '.', 2489, 272048.07, 4170830.51, 876.61);
insert into STATION values (7026, '.', 2489, 272050.97, 4170826.93, 875.90);
insert into STATION values (7027, '.', 2489, 272049.04, 4170826.86, 876.40);
insert into STATION values (7028, '.', 2489, 272047.44, 4170828.12, 876.51);
insert into STATION values (7029, '.', 2489, 272050.23, 4170828.32, 874.86);
insert into STATION values (7030, '.', 2489, 272050.91, 4170829.01, 876.83);
insert into STATION values (7031, '21', 2489, 272052.23, 4170825.60, 874.93);
insert into STATION values (7032, '.', 2489, 272052.07, 4170825.05, 875.16);
insert into STATION values (7033, '.', 2489, 272051.01, 4170826.16, 875.39);
insert into STATION values (7034, '.', 2489, 272054.17, 4170824.15, 875.05);
insert into STATION values (7035, '.', 2489, 272053.68, 4170825.71, 875.10);
insert into STATION values (7036, '.', 2489, 272052.55, 4170827.08, 875.29);
insert into STATION values (7037, '.', 2489, 272052.27, 4170825.60, 874.10);
insert into STATION values (7038, '.', 2489, 272052.27, 4170825.53, 875.27);
insert into STATION values (7039, '22', 2489, 272056.20, 4170819.30, 874.67);
insert into STATION values (7040, '.', 2489, 272058.72, 4170819.47, 875.09);
insert into STATION values (7041, '.', 2489, 272056.70, 4170819.86, 874.62);
insert into STATION values (7042, '.', 2489, 272055.64, 4170820.61, 874.89);
insert into STATION values (7043, '.', 2489, 272055.10, 4170819.65, 874.90);
insert into STATION values (7044, '.', 2489, 272056.78, 4170818.91, 874.64);
insert into STATION values (7045, '.', 2489, 272056.32, 4170819.33, 874.16);
insert into STATION values (7046, '.', 2489, 272056.24, 4170819.31, 875.04);
insert into STATION values (7047, '.', 2489, 272056.26, 4170819.33, 874.14);
insert into STATION values (7048, '23', 2489, 272060.64, 4170818.72, 875.44);
insert into STATION values (7049, '.', 2489, 272061.77, 4170817.66, 875.43);
insert into STATION values (7050, '.', 2489, 272060.44, 4170818.17, 875.44);
insert into STATION values (7051, '.', 2489, 272059.38, 4170818.06, 875.37);
insert into STATION values (7052, '.', 2489, 272058.68, 4170818.58, 875.29);
insert into STATION values (7053, '.', 2489, 272060.51, 4170819.00, 875.43);
insert into STATION values (7054, '.', 2489, 272060.61, 4170818.72, 874.80);
insert into STATION values (7055, '.', 2489, 272060.68, 4170818.62, 876.37);
insert into STATION values (7056, '24', 2489, 272065.02, 4170816.37, 874.96);
insert into STATION values (7057, '.', 2489, 272067.41, 4170816.72, 875.15);
insert into STATION values (7058, '.', 2489, 272065.70, 4170817.19, 875.06);
insert into STATION values (7059, '.', 2489, 272064.63, 4170817.61, 875.11);
insert into STATION values (7060, '.', 2489, 272063.56, 4170816.62, 874.96);
insert into STATION values (7061, '.', 2489, 272064.75, 4170815.88, 875.11);
insert into STATION values (7062, '.', 2489, 272065.73, 4170815.74, 875.26);
insert into STATION values (7063, '.', 2489, 272067.35, 4170815.77, 875.03);
insert into STATION values (7064, '.', 2489, 272064.82, 4170816.72, 874.59);
insert into STATION values (7065, '.', 2489, 272064.94, 4170816.65, 875.81);
insert into STATION values (7066, '25', 2489, 272068.97, 4170815.71, 875.29);
insert into STATION values (7067, '.', 2489, 272069.34, 4170814.24, 875.32);
insert into STATION values (7068, '.', 2489, 272068.14, 4170814.64, 875.28);
insert into STATION values (7069, '.', 2489, 272068.18, 4170815.38, 875.33);
insert into STATION values (7070, '.', 2489, 272069.36, 4170815.42, 875.26);
insert into STATION values (7071, '.', 2489, 272068.26, 4170816.49, 875.29);
insert into STATION values (7072, '.', 2489, 272068.73, 4170815.54, 874.62);
insert into STATION values (7073, '.', 2489, 272068.88, 4170815.44, 875.81);
insert into STATION values (7074, '26', 2489, 272070.30, 4170814.20, 875.31);
insert into STATION values (7075, '.', 2489, 272071.90, 4170814.50, 875.31);
insert into STATION values (7076, '.', 2489, 272070.70, 4170814.84, 875.41);
insert into STATION values (7077, '.', 2489, 272069.77, 4170815.09, 875.42);
insert into STATION values (7078, '.', 2489, 272070.77, 4170813.93, 875.37);
insert into STATION values (7079, '.', 2489, 272069.24, 4170814.27, 875.36);
insert into STATION values (7080, '.', 2489, 272070.59, 4170814.54, 874.81);
insert into STATION values (7081, '.', 2489, 272070.14, 4170814.51, 876.22);
insert into STATION values (7082, '27', 2489, 272074.32, 4170813.40, 875.56);
insert into STATION values (7083, '.', 2489, 272074.80, 4170812.58, 875.53);
insert into STATION values (7084, '.', 2489, 272074.19, 4170812.79, 875.51);
insert into STATION values (7085, '.', 2489, 272073.76, 4170813.32, 875.54);
insert into STATION values (7086, '.', 2489, 272073.00, 4170814.11, 875.53);
insert into STATION values (7087, '.', 2489, 272074.15, 4170813.75, 875.51);
insert into STATION values (7088, '.', 2489, 272073.93, 4170813.51, 874.79);
insert into STATION values (7089, '.', 2489, 272074.17, 4170813.44, 876.06);
insert into STATION values (7090, '28', 2489, 272077.78, 4170811.90, 874.81);
insert into STATION values (7091, '.', 2489, 272078.76, 4170813.06, 874.87);
insert into STATION values (7092, '.', 2489, 272077.75, 4170812.66, 874.81);
insert into STATION values (7093, '.', 2489, 272076.72, 4170812.80, 874.94);
insert into STATION values (7094, '.', 2489, 272075.65, 4170812.92, 875.04);
insert into STATION values (7095, '.', 2489, 272076.30, 4170811.82, 875.12);
insert into STATION values (7096, '.', 2489, 272077.41, 4170811.73, 874.96);
insert into STATION values (7097, '.', 2489, 272079.03, 4170812.00, 875.01);
insert into STATION values (7098, '.', 2489, 272077.97, 4170812.11, 874.41);
insert into STATION values (7099, '.', 2489, 272078.24, 4170812.61, 875.78);
insert into STATION values (7100, '29', 2489, 272084.57, 4170813.02, 875.85);
insert into STATION values (7101, '.', 2489, 272086.61, 4170812.53, 876.29);
insert into STATION values (7102, '.', 2489, 272087.00, 4170811.17, 876.43);
insert into STATION values (7103, '.', 2489, 272085.39, 4170811.37, 876.22);
insert into STATION values (7104, '.', 2489, 272084.24, 4170812.11, 875.76);
insert into STATION values (7105, '.', 2489, 272082.40, 4170811.83, 875.66);
insert into STATION values (7106, '.', 2489, 272081.21, 4170812.26, 875.57);
insert into STATION values (7107, '.', 2489, 272082.56, 4170813.60, 875.51);
insert into STATION values (7108, '.', 2489, 272084.25, 4170813.45, 875.95);
insert into STATION values (7109, '.', 2489, 272084.91, 4170813.57, 876.18);
insert into STATION values (7110, '.', 2489, 272084.40, 4170812.77, 875.32);
insert into STATION values (7111, '.', 2489, 272084.40, 4170812.51, 877.42);
insert into STATION values (7112, '30', 2489, 272089.11, 4170811.36, 876.67);
insert into STATION values (7113, '.', 2489, 272089.44, 4170810.09, 876.71);
insert into STATION values (7114, '.', 2489, 272088.64, 4170810.48, 876.69);
insert into STATION values (7115, '.', 2489, 272090.94, 4170810.26, 876.53);
insert into STATION values (7116, '.', 2489, 272089.12, 4170811.74, 876.73);
insert into STATION values (7117, '.', 2489, 272089.13, 4170811.70, 876.73);
insert into STATION values (7118, '.', 2489, 272087.83, 4170811.99, 876.97);
insert into STATION values (7119, '.', 2489, 272087.28, 4170811.29, 876.58);
insert into STATION values (7120, '.', 2489, 272088.83, 4170811.25, 876.19);
insert into STATION values (7121, '.', 2489, 272089.08, 4170811.11, 877.90);
insert into STATION values (7122, '31', 2489, 272093.60, 4170806.04, 876.52);
insert into STATION values (7123, '.', 2489, 272098.09, 4170803.33, 876.68);
insert into STATION values (7124, '.', 2489, 272097.56, 4170806.29, 876.50);
insert into STATION values (7125, '.', 2489, 272095.61, 4170808.00, 876.44);
insert into STATION values (7126, '.', 2489, 272092.82, 4170808.29, 876.45);
insert into STATION values (7127, '.', 2489, 272091.24, 4170806.38, 876.87);
insert into STATION values (7128, '.', 2489, 272091.09, 4170804.41, 877.21);
insert into STATION values (7129, '.', 2489, 272091.53, 4170802.85, 877.11);
insert into STATION values (7130, '.', 2489, 272092.80, 4170801.43, 877.11);
insert into STATION values (7131, '.', 2489, 272094.77, 4170800.02, 877.07);
insert into STATION values (7132, '.', 2489, 272095.85, 4170800.67, 877.01);
insert into STATION values (7133, '.', 2489, 272093.20, 4170805.41, 876.14);
insert into STATION values (7134, '.', 2489, 272093.69, 4170805.88, 877.16);
insert into STATION values (7135, '32', 2489, 272099.85, 4170800.26, 876.62);
insert into STATION values (7136, '.', 2489, 272096.50, 4170804.00, 877.18);
insert into STATION values (7137, '.', 2489, 272098.41, 4170802.72, 877.00);
insert into STATION values (7138, '.', 2489, 272100.70, 4170801.93, 877.16);
insert into STATION values (7139, '.', 2489, 272098.06, 4170799.89, 876.66);
insert into STATION values (7140, '.', 2489, 272099.64, 4170799.57, 876.66);
insert into STATION values (7141, '.', 2489, 272101.81, 4170799.84, 876.75);
insert into STATION values (7142, '.', 2489, 272100.09, 4170800.87, 876.16);
insert into STATION values (7143, '.', 2489, 272100.09, 4170801.71, 878.48);
insert into STATION values (7144, '33', 2489, 272112.61, 4170797.79, 876.94);
insert into STATION values (7145, '.', 2489, 272118.22, 4170791.83, 877.12);
insert into STATION values (7146, '.', 2489, 272112.54, 4170794.47, 877.10);
insert into STATION values (7147, '.', 2489, 272109.35, 4170796.04, 877.20);
insert into STATION values (7148, '.', 2489, 272107.06, 4170798.96, 877.22);
insert into STATION values (7149, '.', 2489, 272108.41, 4170801.44, 877.22);
insert into STATION values (7150, '.', 2489, 272112.54, 4170802.11, 877.12);
insert into STATION values (7151, '.', 2489, 272115.81, 4170800.98, 877.27);
insert into STATION values (7152, '.', 2489, 272119.14, 4170800.45, 877.51);
insert into STATION values (7153, '.', 2489, 272120.72, 4170798.14, 877.56);
insert into STATION values (7154, '.', 2489, 272112.76, 4170797.90, 876.70);
insert into STATION values (7155, '.', 2489, 272112.96, 4170797.30, 878.84);
insert into STATION values (7156, '34', 2489, 272126.12, 4170792.56, 877.29);
insert into STATION values (7157, '.', 2489, 272126.03, 4170787.95, 877.28);
insert into STATION values (7158, '.', 2489, 272122.35, 4170788.68, 877.24);
insert into STATION values (7159, '.', 2489, 272127.76, 4170796.83, 877.56);
insert into STATION values (7160, '.', 2489, 272124.25, 4170797.80, 877.32);
insert into STATION values (7161, '.', 2489, 272121.94, 4170799.14, 877.31);
insert into STATION values (7162, '.', 2489, 272115.23, 4170801.00, 877.53);
insert into STATION values (7163, '.', 2489, 272114.99, 4170791.85, 877.12);
insert into STATION values (7164, '.', 2489, 272125.83, 4170792.98, 876.73);
insert into STATION values (7165, '.', 2489, 272125.80, 4170792.53, 880.12);
insert into STATION values (7166, '35', 2489, 272138.86, 4170796.79, 877.64);
insert into STATION values (7167, '.', 2489, 272143.92, 4170806.49, 878.12);
insert into STATION values (7168, '.', 2489, 272138.57, 4170804.80, 877.83);
insert into STATION values (7169, '.', 2489, 272134.11, 4170803.19, 877.73);
insert into STATION values (7170, '.', 2489, 272128.87, 4170801.37, 877.76);
insert into STATION values (7171, '.', 2489, 272127.87, 4170796.84, 877.72);
insert into STATION values (7172, '.', 2489, 272127.79, 4170790.49, 877.95);
insert into STATION values (7173, '.', 2489, 272130.00, 4170788.77, 877.54);
insert into STATION values (7174, '.', 2489, 272136.35, 4170788.91, 877.51);
insert into STATION values (7175, '.', 2489, 272140.23, 4170790.76, 878.02);
insert into STATION values (7176, '.', 2489, 272146.64, 4170792.19, 877.93);
insert into STATION values (7177, '.', 2489, 272149.73, 4170793.86, 877.57);
insert into STATION values (7178, '.', 2489, 272138.82, 4170796.30, 877.34);
insert into STATION values (7179, '.', 2489, 272138.50, 4170794.76, 886.62);
insert into STATION values (7180, '.', 2489, 272166.01, 4170797.95, 878.07);
insert into STATION values (7181, '.', 2489, 272170.71, 4170798.21, 878.03);
insert into STATION values (7182, '.', 2489, 272162.94, 4170797.78, 878.06);
insert into STATION values (7183, '36', 2489, 272166.03, 4170797.95, 878.07);
insert into STATION values (7184, '.', 2489, 272170.62, 4170798.36, 878.34);
insert into STATION values (7185, '.', 2489, 272168.27, 4170803.35, 877.89);
insert into STATION values (7186, '.', 2489, 272163.51, 4170804.06, 878.27);
insert into STATION values (7187, '.', 2489, 272159.03, 4170808.08, 878.80);
insert into STATION values (7188, '.', 2489, 272155.93, 4170807.06, 879.00);
insert into STATION values (7189, '.', 2489, 272154.34, 4170806.93, 878.69);
insert into STATION values (7190, '.', 2489, 272152.75, 4170806.13, 878.59);
insert into STATION values (7191, '.', 2489, 272148.49, 4170795.75, 878.69);
insert into STATION values (7192, '.', 2489, 272152.36, 4170792.96, 878.25);
insert into STATION values (7193, '.', 2489, 272157.38, 4170786.49, 878.10);
insert into STATION values (7194, '.', 2489, 272164.20, 4170790.69, 878.27);
insert into STATION values (7195, '.', 2489, 272165.25, 4170797.22, 877.38);
insert into STATION values (7196, '.', 2489, 272165.72, 4170798.04, 879.17);
insert into STATION values (7197, 'PTR_FR24_B12_37', 2489, 272190.22, 4170791.67, 878.42);
insert into STATION values (7198, '.', 2489, 272193.71, 4170801.22, 880.84);
insert into STATION values (7199, '.', 2489, 272187.31, 4170802.07, 880.32);
insert into STATION values (7200, '.', 2489, 272181.05, 4170801.84, 879.26);
insert into STATION values (7201, '.', 2489, 272176.33, 4170798.95, 879.05);
insert into STATION values (7202, '.', 2489, 272173.29, 4170798.12, 879.15);
insert into STATION values (7203, '.', 2489, 272165.37, 4170789.82, 878.77);
insert into STATION values (7204, '.', 2489, 272167.56, 4170783.67, 878.88);
insert into STATION values (7205, '.', 2489, 272174.13, 4170780.21, 878.97);
insert into STATION values (7206, '.', 2489, 272181.10, 4170781.34, 878.56);
insert into STATION values (7207, '.', 2489, 272187.24, 4170786.94, 878.49);
insert into STATION values (7208, '.', 2489, 272190.29, 4170787.14, 878.61);
insert into STATION values (7209, '.', 2489, 272189.94, 4170791.84, 877.98);
insert into STATION values (7210, '.', 2489, 272189.65, 4170791.66, 881.44);
insert into STATION values (7211, '38', 2489, 272204.35, 4170764.94, 882.24);
insert into STATION values (7212, '.', 2489, 272208.20, 4170780.00, 882.56);
insert into STATION values (7213, '.', 2489, 272207.03, 4170767.87, 882.78);
insert into STATION values (7214, '.', 2489, 272206.70, 4170764.01, 882.53);
insert into STATION values (7215, '.', 2489, 272207.93, 4170758.68, 883.20);
insert into STATION values (7216, '.', 2489, 272206.43, 4170746.20, 882.34);
insert into STATION values (7217, '.', 2489, 272195.99, 4170754.64, 883.05);
insert into STATION values (7218, '.', 2489, 272195.12, 4170762.44, 882.42);
insert into STATION values (7219, '.', 2489, 272193.40, 4170767.28, 882.36);
insert into STATION values (7220, '.', 2489, 272201.50, 4170763.70, 881.12);
insert into STATION values (7221, '.', 2489, 272203.43, 4170764.06, 884.24);
insert into STATION values (7222, '39', 2489, 272195.16, 4170773.95, 880.57);
insert into STATION values (7223, '.', 2489, 272191.97, 4170775.42, 882.57);
insert into STATION values (7224, '.', 2489, 272190.57, 4170771.14, 880.48);
insert into STATION values (7225, '.', 2489, 272193.10, 4170767.88, 881.12);
insert into STATION values (7226, '.', 2489, 272207.92, 4170779.86, 882.95);
insert into STATION values (7227, '.', 2489, 272207.01, 4170768.84, 883.01);
insert into STATION values (7228, '.', 2489, 272195.85, 4170772.51, 879.73);
insert into STATION values (7229, '.', 2489, 272194.30, 4170772.59, 883.37);
insert into STATION values (7230, '40', 2489, 272187.21, 4170769.42, 875.73);
insert into STATION values (7231, '.', 2489, 272188.61, 4170768.53, 875.87);
insert into STATION values (7232, '.', 2489, 272186.88, 4170767.16, 875.83);
insert into STATION values (7233, '.', 2489, 272184.81, 4170769.08, 875.57);
insert into STATION values (7234, '.', 2489, 272186.52, 4170770.56, 875.90);
insert into STATION values (7235, '.', 2489, 272187.39, 4170769.21, 875.45);
insert into STATION values (7236, '.', 2489, 272187.21, 4170769.48, 876.91);
insert into STATION values (7237, '41', 2489, 272185.27, 4170765.68, 875.52);
insert into STATION values (7238, '.', 2489, 272185.72, 4170765.20, 875.26);
insert into STATION values (7239, '.', 2489, 272184.25, 4170766.01, 875.36);
insert into STATION values (7240, '.', 2489, 272185.36, 4170765.58, 875.20);
insert into STATION values (7241, '.', 2489, 272185.26, 4170765.62, 875.80);
insert into STATION values (7242, '42', 2489, 272199.88, 4170753.03, 881.10);
insert into STATION values (7243, '.', 2489, 272193.93, 4170748.49, 880.44);
insert into STATION values (7244, '.', 2489, 272196.53, 4170753.31, 881.53);
insert into STATION values (7245, '.', 2489, 272195.26, 4170759.45, 882.83);
insert into STATION values (7246, '.', 2489, 272205.45, 4170743.41, 880.05);
insert into STATION values (7247, '.', 2489, 272208.31, 4170749.31, 881.22);
insert into STATION values (7248, '.', 2489, 272207.86, 4170756.41, 881.83);
insert into STATION values (7249, '.', 2489, 272200.93, 4170752.59, 879.83);
insert into STATION values (7250, '.', 2489, 272199.88, 4170752.53, 883.85);
insert into STATION values (7251, '43', 2489, 272201.92, 4170741.77, 879.25);
insert into STATION values (7252, '.', 2489, 272206.15, 4170741.56, 880.68);
insert into STATION values (7253, '.', 2489, 272205.46, 4170739.58, 879.57);
insert into STATION values (7254, '.', 2489, 272202.96, 4170736.34, 879.39);
insert into STATION values (7255, '.', 2489, 272197.98, 4170736.41, 879.73);
insert into STATION values (7256, '.', 2489, 272190.96, 4170735.96, 879.14);
insert into STATION values (7257, '.', 2489, 272190.78, 4170747.78, 878.61);
insert into STATION values (7258, '.', 2489, 272196.89, 4170748.97, 880.17);
insert into STATION values (7259, '.', 2489, 272195.81, 4170757.55, 883.56);
insert into STATION values (7260, '.', 2489, 272201.77, 4170741.87, 878.88);
insert into STATION values (7261, '.', 2489, 272201.11, 4170741.78, 882.67);
insert into STATION values (7262, '44', 2489, 272208.09, 4170733.36, 878.21);
insert into STATION values (7263, '.', 2489, 272209.04, 4170735.18, 878.46);
insert into STATION values (7264, '.', 2489, 272208.26, 4170738.48, 878.26);
insert into STATION values (7265, '.', 2489, 272205.97, 4170740.19, 878.47);
insert into STATION values (7266, '.', 2489, 272205.43, 4170732.27, 878.26);
insert into STATION values (7267, '.', 2489, 272203.74, 4170733.13, 878.62);
insert into STATION values (7268, '.', 2489, 272202.53, 4170735.55, 878.66);
insert into STATION values (7269, '.', 2489, 272203.26, 4170736.34, 878.43);
insert into STATION values (7270, '.', 2489, 272206.81, 4170734.73, 876.85);
insert into STATION values (7271, '.', 2489, 272207.55, 4170733.59, 878.95);
insert into STATION values (7272, '45', 2489, 272179.27, 4170742.58, 875.66);
insert into STATION values (7273, '.', 2489, 272165.43, 4170731.15, 875.66);
insert into STATION values (7274, '.', 2489, 272171.05, 4170729.14, 875.63);
insert into STATION values (7275, '.', 2489, 272176.81, 4170734.08, 875.55);
insert into STATION values (7276, '.', 2489, 272179.95, 4170730.28, 875.79);
insert into STATION values (7277, '.', 2489, 272185.90, 4170730.41, 875.86);
insert into STATION values (7278, '.', 2489, 272188.68, 4170734.01, 876.28);
insert into STATION values (7279, '.', 2489, 272189.24, 4170735.77, 876.63);
insert into STATION values (7280, '.', 2489, 272169.76, 4170744.82, 877.05);
insert into STATION values (7281, '.', 2489, 272174.46, 4170745.72, 876.54);
insert into STATION values (7282, '.', 2489, 272177.56, 4170746.33, 876.01);
insert into STATION values (7283, '.', 2489, 272180.41, 4170749.25, 876.42);
insert into STATION values (7284, '.', 2489, 272183.38, 4170747.33, 876.97);
insert into STATION values (7285, '.', 2489, 272187.56, 4170745.58, 877.23);
insert into STATION values (7286, '.', 2489, 272179.24, 4170742.72, 875.32);
insert into STATION values (7287, '.', 2489, 272179.09, 4170743.12, 879.18);
insert into STATION values (7288, '46', 2489, 272163.81, 4170738.08, 876.70);
insert into STATION values (7289, '.', 2489, 272163.46, 4170732.96, 876.08);
insert into STATION values (7290, '.', 2489, 272165.41, 4170732.74, 876.53);
insert into STATION values (7291, '.', 2489, 272168.42, 4170729.02, 876.15);
insert into STATION values (7292, '.', 2489, 272156.86, 4170734.87, 876.80);
insert into STATION values (7293, '.', 2489, 272158.85, 4170738.63, 876.42);
insert into STATION values (7294, '.', 2489, 272158.12, 4170746.63, 876.72);
insert into STATION values (7295, '.', 2489, 272162.78, 4170743.13, 876.39);
insert into STATION values (7296, '.', 2489, 272166.37, 4170744.75, 877.68);
insert into STATION values (7297, '.', 2489, 272163.84, 4170738.33, 875.55);
insert into STATION values (7298, '.', 2489, 272164.01, 4170738.15, 878.02);
insert into STATION values (7299, 'PTR_FR24_A63_47', 2489, 272153.23, 4170744.30, 876.30);
insert into STATION values (7300, '.', 2489, 272147.16, 4170740.07, 876.31);
insert into STATION values (7301, '.', 2489, 272153.20, 4170740.45, 876.30);
insert into STATION values (7302, '.', 2489, 272156.79, 4170739.22, 876.29);
insert into STATION values (7303, '.', 2489, 272150.12, 4170745.80, 876.48);
insert into STATION values (7304, '.', 2489, 272153.63, 4170745.94, 876.44);
insert into STATION values (7305, '.', 2489, 272159.36, 4170745.98, 876.69);
insert into STATION values (7306, '.', 2489, 272162.78, 4170742.74, 876.68);
insert into STATION values (7307, '.', 2489, 272153.01, 4170743.50, 875.83);
insert into STATION values (7308, '.', 2489, 272153.57, 4170743.86, 877.66);
insert into STATION values (7309, '48', 2489, 272143.89, 4170739.99, 876.42);
insert into STATION values (7310, '.', 2489, 272144.53, 4170740.90, 876.60);
insert into STATION values (7311, '.', 2489, 272143.33, 4170739.56, 876.41);
insert into STATION values (7312, '.', 2489, 272143.82, 4170740.22, 877.47);
insert into STATION values (7313, '.', 2489, 272143.96, 4170739.99, 875.99);
insert into STATION values (7314, '49', 2489, 272139.97, 4170742.93, 876.27);
insert into STATION values (7315, '.', 2489, 272139.63, 4170742.49, 876.53);
insert into STATION values (7316, '.', 2489, 272140.16, 4170743.38, 876.32);
insert into STATION values (7317, '.', 2489, 272140.20, 4170742.89, 875.90);
insert into STATION values (7318, '.', 2489, 272139.90, 4170743.01, 876.99);
insert into STATION values (7319, 'B12', 2593, 272190.22, 4170791.67, 878.42);
insert into STATION values (7320, '.', 2593, 272193.17, 4170801.40, 879.92);
insert into STATION values (7321, '.', 2593, 272191.47, 4170791.93, 881.37);
insert into STATION values (7322, '.', 2593, 272190.27, 4170783.42, 880.69);
insert into STATION values (7323, '.', 2593, 272190.75, 4170790.73, 877.87);
insert into STATION values (7324, '.', 2593, 272193.37, 4170788.10, 877.59);
insert into STATION values (7325, '.', 2593, 272183.20, 4170802.55, 878.89);
insert into STATION values (7326, '.', 2593, 272176.48, 4170799.37, 878.83);
insert into STATION values (7327, '.', 2593, 272179.23, 4170785.00, 879.03);
insert into STATION values (7328, '.', 2593, 272165.33, 4170789.82, 878.33);
insert into STATION values (7329, '.', 2593, 272183.03, 4170793.06, 882.12);
insert into STATION values (7330, '.', 2593, 272171.89, 4170794.39, 879.23);
insert into STATION values (7331, '.', 2593, 272186.58, 4170792.89, 882.16);
insert into STATION values (7332, '.', 2593, 272188.66, 4170792.25, 877.97);
insert into STATION values (7333, '.', 2593, 272182.06, 4170793.04, 877.77);
insert into STATION values (7334, '.', 2593, 272182.25, 4170788.51, 877.84);
insert into STATION values (7335, '.', 2593, 272208.82, 4170781.93, 882.27);
insert into STATION values (7336, '.', 2593, 272219.83, 4170789.42, 881.38);
insert into STATION values (7337, '.', 2593, 272207.49, 4170774.68, 882.52);
insert into STATION values (7338, '.', 2593, 272206.64, 4170765.04, 882.54);
insert into STATION values (7339, '.', 2593, 272207.31, 4170757.48, 882.77);
insert into STATION values (7340, '.', 2593, 272200.18, 4170773.89, 879.92);
insert into STATION values (7341, '.', 2593, 272193.89, 4170776.92, 881.62);
insert into STATION values (7342, '.', 2593, 272203.84, 4170755.35, 883.60);
insert into STATION values (7343, '.', 2593, 272194.99, 4170780.84, 882.94);
insert into STATION values (7344, '.', 2593, 272190.46, 4170790.15, 881.20);
insert into STATION values (7345, '.', 2593, 272188.58, 4170786.93, 880.70);
insert into STATION values (7346, '.', 2593, 272204.06, 4170791.22, 883.11);
insert into STATION values (7347, '.', 2593, 272234.64, 4170801.80, 882.17);
insert into STATION values (7348, '.', 2593, 272202.39, 4170802.38, 882.58);
insert into STATION values (7349, 'B13', 2593, 272209.14, 4170797.51, 879.35);
insert into STATION values (7350, '.', 2593, 272208.19, 4170794.57, 877.02);
insert into STATION values (7351, '.', 2593, 272209.74, 4170787.79, 881.58);
insert into STATION values (7352, '.', 2593, 272208.11, 4170796.03, 882.70);
insert into STATION values (7353, '.', 2593, 272206.84, 4170797.47, 887.04);
insert into STATION values (7354, '.', 2593, 272207.83, 4170800.39, 882.99);
insert into STATION values (7355, '.', 2593, 272210.41, 4170807.38, 881.84);
insert into STATION values (7356, '.', 2593, 272218.27, 4170812.98, 880.58);
insert into STATION values (7357, '.', 2593, 272217.38, 4170818.49, 881.33);
insert into STATION values (7358, '.', 2593, 272227.10, 4170811.32, 880.18);
insert into STATION values (7359, '.', 2593, 272211.30, 4170800.90, 877.56);
insert into STATION values (7360, '.', 2593, 272209.36, 4170797.68, 878.44);
insert into STATION values (7361, '.', 2593, 272240.67, 4170804.88, 878.56);
insert into STATION values (7362, '.', 2593, 272245.20, 4170796.79, 881.31);
insert into STATION values (7363, '.', 2593, 272252.17, 4170789.26, 881.27);
insert into STATION values (7364, '.', 2593, 272252.87, 4170780.77, 880.50);
insert into STATION values (7365, '.', 2593, 272221.79, 4170789.19, 880.49);
insert into STATION values (7366, '.', 2593, 272220.92, 4170785.79, 879.85);
insert into STATION values (7367, '.', 2593, 272211.18, 4170800.01, 882.85);
insert into STATION values (7368, '.', 2593, 272227.25, 4170798.35, 886.72);
insert into STATION values (7369, '.', 2593, 272239.27, 4170793.94, 885.91);
insert into STATION values (7370, '.', 2593, 272194.37, 4170805.22, 881.05);
insert into STATION values (7371, '.', 2593, 272181.88, 4170816.21, 882.01);
insert into STATION values (7372, '.', 2593, 272171.51, 4170828.14, 882.92);
insert into STATION values (7373, '.', 2593, 272183.20, 4170826.07, 882.32);
insert into STATION values (7374, '.', 2593, 272171.56, 4170827.78, 881.55);
insert into STATION values (7375, '.', 2593, 272195.04, 4170822.09, 881.53);
insert into STATION values (7376, '.', 2593, 272204.99, 4170801.91, 882.71);
insert into STATION values (7377, '.', 2593, 272200.27, 4170827.73, 880.78);
insert into STATION values (7378, '.', 2593, 272204.23, 4170824.42, 878.92);
insert into STATION values (7379, '.', 2593, 272208.78, 4170825.36, 881.40);
insert into STATION values (7380, '.', 2593, 272208.00, 4170809.25, 882.32);
insert into STATION values (7381, '2', 2593, 272261.40, 4170792.06, 882.66);
insert into STATION values (7382, '3', 2593, 272199.31, 4170753.33, 883.47);
insert into STATION values (7383, 'B14', 2593, 272203.80, 4170817.08, 878.47);
insert into STATION values (7384, '.', 2593, 272203.58, 4170816.78, 877.70);
insert into STATION values (7385, '.', 2593, 272217.30, 4170813.30, 882.41);
insert into STATION values (7386, '.', 2593, 272209.55, 4170816.82, 878.63);
insert into STATION values (7387, '.', 2593, 272206.41, 4170816.51, 882.42);
insert into STATION values (7388, '.', 2593, 272203.26, 4170816.33, 882.37);
insert into STATION values (7389, '.', 2593, 272194.48, 4170801.23, 881.26);
insert into STATION values (7390, '.', 2593, 272194.09, 4170805.28, 881.33);
insert into STATION values (7391, '.', 2593, 272201.91, 4170818.05, 877.69);
insert into STATION values (7392, '.', 2593, 272194.82, 4170822.66, 880.38);
insert into STATION values (7393, '.', 2593, 272200.20, 4170827.68, 880.79);
insert into STATION values (7394, '.', 2593, 272204.09, 4170824.06, 878.91);
insert into STATION values (7395, '.', 2593, 272201.25, 4170838.32, 881.29);
insert into STATION values (7396, '.', 2593, 272204.93, 4170824.73, 881.68);
insert into STATION values (7397, '.', 2593, 272209.09, 4170824.96, 881.96);
insert into STATION values (7398, '.', 2593, 272181.11, 4170815.87, 881.51);
insert into STATION values (7399, '.', 2593, 272196.10, 4170816.35, 877.89);
insert into STATION values (7400, '.', 2593, 272198.61, 4170816.30, 882.65);
insert into STATION values (7401, '5', 2593, 272206.54, 4170840.19, 881.08);
insert into STATION values (7402, '6', 2593, 272192.68, 4170818.75, 879.93);
insert into STATION values (7403, '.', 2593, 272188.03, 4170814.01, 876.99);
insert into STATION values (7404, '.', 2593, 272184.29, 4170808.63, 881.85);
insert into STATION values (7405, '.', 2593, 272176.41, 4170818.48, 883.57);
insert into STATION values (7406, '.', 2593, 272171.97, 4170828.21, 883.05);
insert into STATION values (7407, '.', 2593, 272182.44, 4170825.96, 881.76);
insert into STATION values (7408, '.', 2593, 272190.53, 4170825.82, 881.91);
insert into STATION values (7409, '.', 2593, 272185.39, 4170820.71, 879.26);
insert into STATION values (7410, '.', 2593, 272173.37, 4170824.20, 879.83);
insert into STATION values (7411, '.', 2593, 272167.56, 4170825.79, 881.85);
insert into STATION values (7412, '.', 2593, 272155.17, 4170828.14, 885.64);
insert into STATION values (7413, '.', 2593, 272177.69, 4170822.42, 885.71);
insert into STATION values (7414, '.', 2593, 272190.21, 4170819.16, 883.07);
insert into STATION values (7415, '7', 2593, 272153.68, 4170827.29, 885.40);
insert into STATION values (7416, '8', 2593, 272205.88, 4170825.14, 880.09);
insert into STATION values (7417, '.', 2593, 272209.53, 4170824.66, 882.19);
insert into STATION values (7418, '.', 2593, 272215.20, 4170822.01, 894.09);
insert into STATION values (7419, '.', 2593, 272221.16, 4170829.56, 881.59);
insert into STATION values (7420, '.', 2593, 272214.54, 4170836.95, 881.19);
insert into STATION values (7421, '.', 2593, 272207.88, 4170840.43, 879.47);
insert into STATION values (7422, '.', 2593, 272198.56, 4170840.37, 879.88);
insert into STATION values (7423, '.', 2593, 272200.83, 4170826.61, 881.00);
insert into STATION values (7424, '.', 2593, 272195.43, 4170823.02, 880.72);
insert into STATION values (7425, '.', 2593, 272199.07, 4170831.15, 879.99);
insert into STATION values (7426, '.', 2593, 272205.15, 4170825.72, 878.79);
insert into STATION values (7427, '.', 2593, 272218.25, 4170813.74, 882.54);
insert into STATION values (7428, '.', 2593, 272204.06, 4170820.11, 877.31);
insert into STATION values (7429, '9', 2593, 272217.13, 4170811.11, 901.85);
insert into STATION values (7430, 'B15', 2593, 272202.80, 4170832.40, 878.26);
insert into STATION values (7431, '.', 2593, 272202.66, 4170832.13, 877.57);
insert into STATION values (7432, '.', 2593, 272200.79, 4170827.84, 878.96);
insert into STATION values (7433, '.', 2593, 272204.24, 4170828.53, 878.66);
insert into STATION values (7434, '.', 2593, 272210.36, 4170824.53, 881.72);
insert into STATION values (7435, '.', 2593, 272200.54, 4170828.19, 880.35);
insert into STATION values (7436, '.', 2593, 272203.86, 4170829.60, 882.71);
insert into STATION values (7437, '.', 2593, 272227.87, 4170823.99, 881.46);
insert into STATION values (7438, '.', 2593, 272228.75, 4170833.69, 880.03);
insert into STATION values (7439, '.', 2593, 272218.06, 4170841.65, 879.04);
insert into STATION values (7440, '.', 2593, 272210.06, 4170841.41, 878.26);
insert into STATION values (7441, '.', 2593, 272206.22, 4170841.97, 878.34);
insert into STATION values (7442, '.', 2593, 272212.22, 4170832.95, 877.06);
insert into STATION values (7443, '.', 2593, 272220.10, 4170831.20, 877.47);
insert into STATION values (7444, '.', 2593, 272209.70, 4170831.85, 882.40);
insert into STATION values (7445, '.', 2593, 272203.91, 4170832.94, 882.32);
insert into STATION values (7446, '.', 2593, 272199.89, 4170832.47, 877.57);
insert into STATION values (7447, '.', 2593, 272189.22, 4170837.33, 876.89);
insert into STATION values (7448, '.', 2593, 272183.08, 4170843.44, 877.74);
insert into STATION values (7449, '.', 2593, 272190.96, 4170843.77, 879.38);
insert into STATION values (7450, '.', 2593, 272198.62, 4170840.00, 880.05);
insert into STATION values (7451, '.', 2593, 272200.93, 4170834.22, 881.87);
insert into STATION values (7452, '.', 2593, 272182.41, 4170839.16, 879.76);
insert into STATION values (7453, '11', 2593, 272233.56, 4170827.17, 878.64);
insert into STATION values (7454, '12', 2593, 272178.24, 4170844.82, 878.73);
insert into STATION values (7455, '.', 2593, 272175.15, 4170841.41, 878.24);
insert into STATION values (7456, '.', 2593, 272177.28, 4170852.49, 879.23);
insert into STATION values (7457, '.', 2593, 272177.94, 4170845.43, 877.68);
insert into STATION values (7458, '.', 2593, 272177.22, 4170845.29, 881.14);
insert into STATION values (7459, '.', 2593, 272177.02, 4170843.24, 879.21);
insert into STATION values (7460, '.', 2593, 272177.64, 4170837.86, 878.27);
insert into STATION values (7461, '.', 2593, 272178.96, 4170843.61, 877.67);
insert into STATION values (7462, '.', 2593, 272182.31, 4170842.91, 877.91);
insert into STATION values (7463, '.', 2593, 272192.74, 4170838.07, 877.58);
insert into STATION values (7464, '.', 2593, 272182.18, 4170843.18, 880.16);
insert into STATION values (7465, '.', 2593, 272184.20, 4170847.04, 879.34);
insert into STATION values (7466, '.', 2593, 272193.99, 4170843.12, 879.11);
insert into STATION values (7467, '.', 2593, 272189.14, 4170832.39, 879.10);
insert into STATION values (7468, '.', 2593, 272179.18, 4170835.34, 878.33);
insert into STATION values (7469, '.', 2593, 272180.12, 4170850.89, 878.87);
insert into STATION values (7470, '.', 2593, 272178.51, 4170847.02, 877.80);
insert into STATION values (7471, '.', 2593, 272173.99, 4170848.08, 878.21);
insert into STATION values (7472, '.', 2593, 272170.62, 4170847.24, 878.89);
insert into STATION values (7473, '.', 2593, 272171.80, 4170849.11, 879.63);
insert into STATION values (7474, '.', 2593, 272174.61, 4170858.04, 879.61);
insert into STATION values (7475, 'B16', 2593, 272166.14, 4170854.10, 879.38);
insert into STATION values (7476, '.', 2593, 272163.92, 4170861.22, 879.55);
insert into STATION values (7477, '.', 2593, 272159.00, 4170861.85, 880.17);
insert into STATION values (7478, '.', 2593, 272160.60, 4170847.02, 879.85);
insert into STATION values (7479, '.', 2593, 272164.65, 4170852.77, 877.82);
insert into STATION values (7480, '.', 2593, 272153.49, 4170851.60, 880.53);
insert into STATION values (7481, '.', 2593, 272151.66, 4170855.38, 878.57);
insert into STATION values (7482, '.', 2593, 272139.11, 4170854.74, 881.36);
insert into STATION values (7483, '.', 2593, 272152.70, 4170860.41, 880.29);
insert into STATION values (7484, '.', 2593, 272164.40, 4170853.92, 879.88);
insert into STATION values (7485, '.', 2593, 272172.56, 4170857.99, 880.22);
insert into STATION values (7486, '.', 2593, 272173.80, 4170853.81, 879.67);
insert into STATION values (7487, '.', 2593, 272179.21, 4170851.64, 879.17);
insert into STATION values (7488, '.', 2593, 272170.48, 4170846.67, 878.59);
insert into STATION values (7489, '.', 2593, 272170.86, 4170851.11, 877.89);
insert into STATION values (7490, '.', 2593, 272168.71, 4170852.13, 879.93);
insert into STATION values (7491, '14', 2593, 272173.97, 4170855.21, 879.83);
insert into STATION values (7492, '.', 2593, 272176.46, 4170859.77, 879.16);
insert into STATION values (7493, '.', 2593, 272180.87, 4170857.77, 879.62);
insert into STATION values (7494, '.', 2593, 272175.70, 4170853.79, 879.69);
insert into STATION values (7495, '.', 2593, 272181.43, 4170850.34, 897.69);
insert into STATION values (7496, '.', 2593, 272187.18, 4170847.99, 895.36);
insert into STATION values (7497, '.', 2593, 272182.33, 4170853.38, 885.11);
insert into STATION values (7498, '.', 2593, 272179.50, 4170851.73, 885.53);
insert into STATION values (7499, '.', 2593, 272168.78, 4170853.05, 894.47);
insert into STATION values (7500, '.', 2593, 272172.22, 4170852.48, 898.03);
insert into STATION values (7501, '.', 2593, 272160.97, 4170856.10, 888.75);
insert into STATION values (7502, '.', 2593, 272162.20, 4170860.02, 881.06);
insert into STATION values (7503, '.', 2593, 272165.30, 4170857.69, 878.98);
insert into STATION values (7504, '.', 2593, 272169.80, 4170856.71, 878.69);
insert into STATION values (7505, '.', 2593, 272184.23, 4170851.56, 881.66);
insert into STATION values (7506, '.', 2593, 272190.22, 4170848.56, 886.43);
insert into STATION values (7507, '15', 2593, 272195.84, 4170846.08, 892.70);
insert into STATION values (7508, '.', 2593, 272195.42, 4170844.48, 892.83);
insert into STATION values (7509, '.', 2593, 272197.04, 4170847.60, 890.94);
insert into STATION values (7510, '.', 2593, 272196.22, 4170845.73, 891.07);
insert into STATION values (7511, '.', 2593, 272197.98, 4170843.64, 891.02);
insert into STATION values (7512, '.', 2593, 272198.55, 4170844.62, 890.58);
insert into STATION values (7513, '.', 2593, 272193.31, 4170845.22, 890.85);
insert into STATION values (7514, '.', 2593, 272194.20, 4170848.22, 890.66);
insert into STATION values (7515, '.', 2593, 272193.63, 4170846.65, 889.88);
insert into STATION values (7516, '.', 2593, 272188.59, 4170848.96, 885.35);
insert into STATION values (7517, '.', 2593, 272184.08, 4170851.18, 881.75);
insert into STATION values (7518, '.', 2593, 272169.80, 4170853.67, 894.26);
insert into STATION values (7519, '.', 2593, 272185.56, 4170847.57, 896.87);
insert into STATION values (7520, '.', 2593, 272191.45, 4170844.66, 900.79);
insert into STATION values (7521, 'B17', 2593, 272195.91, 4170845.21, 891.45);
insert into STATION values (7522, '.', 2593, 272195.75, 4170843.74, 890.90);
insert into STATION values (7523, '.', 2593, 272197.97, 4170844.45, 890.59);
insert into STATION values (7524, '.', 2593, 272203.65, 4170842.02, 888.76);
insert into STATION values (7525, '.', 2593, 272201.27, 4170844.13, 890.44);
insert into STATION values (7526, '.', 2593, 272215.46, 4170838.72, 889.79);
insert into STATION values (7527, '.', 2593, 272209.99, 4170840.97, 892.37);
insert into STATION values (7528, '.', 2593, 272201.32, 4170843.36, 892.79);
insert into STATION values (7529, '.', 2593, 272199.12, 4170844.13, 892.80);
insert into STATION values (7530, '.', 2593, 272206.38, 4170841.20, 891.19);
insert into STATION values (7531, '.', 2593, 272206.18, 4170842.50, 891.26);
insert into STATION values (7532, '.', 2593, 272197.31, 4170845.74, 891.95);
insert into STATION values (7533, '.', 2593, 272197.33, 4170844.93, 892.34);
insert into STATION values (7534, '17', 2593, 272221.82, 4170837.56, 886.00);
insert into STATION values (7535, '.', 2593, 272216.24, 4170835.79, 903.69);
insert into STATION values (7536, '.', 2593, 272215.66, 4170835.51, 905.74);
insert into STATION values (7537, '.', 2593, 272216.37, 4170835.71, 903.51);
insert into STATION values (7538, '18', 2593, 272190.45, 4170843.31, 908.92);
insert into STATION values (7539, '19', 2593, 272140.62, 4170853.38, 881.72);
insert into STATION values (7540, '.', 2593, 272144.55, 4170847.01, 884.21);
insert into STATION values (7541, '.', 2593, 272137.88, 4170853.38, 883.73);
insert into STATION values (7542, '.', 2593, 272134.13, 4170861.73, 883.05);
insert into STATION values (7543, '.', 2593, 272131.80, 4170872.61, 881.75);
insert into STATION values (7544, '.', 2593, 272138.95, 4170881.84, 882.31);
insert into STATION values (7545, '.', 2593, 272145.13, 4170884.89, 882.27);
insert into STATION values (7546, '.', 2593, 272140.32, 4170857.36, 880.23);
insert into STATION values (7547, '.', 2593, 272140.56, 4170853.31, 881.05);
insert into STATION values (7548, '.', 2593, 272151.31, 4170844.40, 882.60);
insert into STATION values (7549, '.', 2593, 272158.00, 4170852.88, 881.72);
insert into STATION values (7550, '.', 2593, 272165.01, 4170860.91, 880.20);
insert into STATION values (7551, '.', 2593, 272146.99, 4170857.68, 881.41);
insert into STATION values (7552, '.', 2593, 272144.11, 4170854.32, 880.63);
insert into STATION values (7553, '.', 2593, 272148.34, 4170855.63, 885.18);
insert into STATION values (7554, '.', 2593, 272142.66, 4170853.75, 884.69);
insert into STATION values (7555, '.', 2593, 272148.99, 4170846.95, 881.61);
insert into STATION values (7556, '.', 2593, 272144.85, 4170852.69, 880.78);
insert into STATION values (7557, '.', 2593, 272146.40, 4170864.22, 882.00);
insert into STATION values (7558, '.', 2593, 272151.75, 4170873.67, 883.21);
insert into STATION values (7559, '.', 2593, 272141.07, 4170856.43, 880.50);
insert into STATION values (7560, '.', 2593, 272140.00, 4170857.09, 880.33);
insert into STATION values (7561, '.', 2593, 272141.52, 4170870.29, 884.13);
insert into STATION values (7562, '.', 2593, 272140.87, 4170859.19, 884.72);
insert into STATION values (7563, '20', 2593, 272151.88, 4170844.85, 884.21);
insert into STATION values (7564, '.', 2593, 272150.70, 4170843.02, 884.15);
insert into STATION values (7565, '.', 2593, 272151.27, 4170842.33, 883.45);
insert into STATION values (7566, '.', 2593, 272151.41, 4170841.58, 884.62);
insert into STATION values (7567, '.', 2593, 272151.57, 4170843.47, 885.14);
insert into STATION values (7568, '21', 2593, 272151.27, 4170840.49, 884.12);
insert into STATION values (7569, '22', 2593, 272143.15, 4170849.01, 882.33);
insert into STATION values (7570, '23', 2593, 272137.48, 4170848.78, 879.57);
insert into STATION values (7571, '24', 2593, 272142.25, 4170848.20, 882.17);
insert into STATION values (7572, '.', 2593, 272141.02, 4170849.13, 882.00);
insert into STATION values (7573, '.', 2593, 272141.78, 4170848.09, 880.61);
insert into STATION values (7574, '.', 2593, 272142.84, 4170846.02, 880.17);
insert into STATION values (7575, '.', 2593, 272141.42, 4170847.24, 883.34);
insert into STATION values (7576, '.', 2593, 272138.71, 4170845.76, 885.60);
insert into STATION values (7577, '.', 2593, 272138.03, 4170846.37, 885.32);
insert into STATION values (7578, '.', 2593, 272141.07, 4170847.88, 883.03);
insert into STATION values (7579, '.', 2593, 272140.37, 4170847.76, 882.11);
insert into STATION values (7580, '25', 2593, 272134.62, 4170844.45, 890.94);
insert into STATION values (7581, 'B18', 2593, 272141.89, 4170868.93, 880.51);
insert into STATION values (7582, '.', 2593, 272141.88, 4170868.90, 880.12);
insert into STATION values (7583, '.', 2593, 272139.92, 4170869.42, 879.93);
insert into STATION values (7584, '.', 2593, 272134.12, 4170870.45, 880.44);
insert into STATION values (7585, '.', 2593, 272131.41, 4170870.64, 882.42);
insert into STATION values (7586, '.', 2593, 272131.71, 4170868.89, 882.32);
insert into STATION values (7587, '.', 2593, 272131.90, 4170873.22, 881.94);
insert into STATION values (7588, '.', 2593, 272138.91, 4170869.40, 883.87);
insert into STATION values (7589, '.', 2593, 272142.93, 4170869.75, 884.04);
insert into STATION values (7590, '.', 2593, 272148.18, 4170869.53, 883.90);
insert into STATION values (7591, '.', 2593, 272153.90, 4170869.38, 883.84);
insert into STATION values (7592, '.', 2593, 272167.96, 4170868.73, 881.37);
insert into STATION values (7593, '.', 2593, 272157.32, 4170874.26, 881.91);
insert into STATION values (7594, '.', 2593, 272146.84, 4170869.22, 880.14);
insert into STATION values (7595, '.', 2593, 272155.94, 4170878.54, 882.66);
insert into STATION values (7596, '.', 2593, 272146.24, 4170873.25, 884.51);
insert into STATION values (7597, '.', 2593, 272145.75, 4170879.58, 884.08);
insert into STATION values (7598, '.', 2593, 272143.98, 4170884.13, 881.61);
insert into STATION values (7599, '.', 2593, 272139.36, 4170882.00, 882.24);
insert into STATION values (7600, '.', 2593, 272134.53, 4170884.89, 882.08);
insert into STATION values (7601, '.', 2593, 272136.62, 4170876.67, 879.84);
insert into STATION values (7602, '.', 2593, 272136.57, 4170875.70, 883.07);
insert into STATION values (7603, '.', 2593, 272145.67, 4170876.40, 884.06);
insert into STATION values (7604, '.', 2593, 272151.50, 4170883.99, 884.53);
insert into STATION values (7605, '.', 2593, 272152.50, 4170888.11, 879.70);
insert into STATION values (7606, '.', 2593, 272169.45, 4170910.97, 887.04);
insert into STATION values (7607, '.', 2593, 272147.47, 4170865.02, 882.82);
insert into STATION values (7608, '.', 2593, 272145.12, 4170860.70, 882.83);
insert into STATION values (7609, '.', 2593, 272142.36, 4170861.35, 885.00);
insert into STATION values (7610, '.', 2593, 272135.98, 4170857.94, 883.62);
insert into STATION values (7611, '.', 2593, 272140.77, 4170861.57, 880.57);
insert into STATION values (7612, '.', 2593, 272133.55, 4170861.33, 882.78);
insert into STATION values (7613, '.', 2593, 272130.32, 4170862.90, 882.76);
insert into STATION values (7614, '.', 2593, 272135.02, 4170866.43, 880.87);
insert into STATION values (7615, '.', 2593, 272134.21, 4170865.67, 884.49);
insert into STATION values (7616, '27', 2593, 272132.79, 4170865.14, 881.37);
insert into STATION values (7617, '.', 2593, 272132.30, 4170865.38, 880.80);
insert into STATION values (7618, '.', 2593, 272130.31, 4170868.36, 882.15);
insert into STATION values (7619, '.', 2593, 272125.90, 4170863.88, 882.79);
insert into STATION values (7620, '.', 2593, 272125.16, 4170865.84, 885.14);
insert into STATION values (7621, '.', 2593, 272128.38, 4170863.78, 887.12);
insert into STATION values (7622, '.', 2593, 272123.91, 4170867.84, 881.24);
insert into STATION values (7623, '.', 2593, 272112.45, 4170870.60, 883.96);
insert into STATION values (7624, '.', 2593, 272118.38, 4170870.53, 883.45);
insert into STATION values (7625, '.', 2593, 272114.73, 4170870.57, 884.80);
insert into STATION values (7626, '.', 2593, 272115.68, 4170868.91, 884.05);
insert into STATION values (7627, '.', 2593, 272110.24, 4170871.24, 884.99);
insert into STATION values (7628, '28', 2593, 272108.69, 4170871.43, 886.21);
insert into STATION values (7629, '29', 2593, 272120.60, 4170889.89, 880.56);
insert into STATION values (7630, '.', 2593, 272116.40, 4170889.75, 881.10);
insert into STATION values (7631, '.', 2593, 272120.07, 4170890.04, 879.97);
insert into STATION values (7632, '.', 2593, 272120.15, 4170890.36, 881.70);
insert into STATION values (7633, '.', 2593, 272122.71, 4170893.72, 880.68);
insert into STATION values (7634, '.', 2593, 272122.41, 4170888.43, 879.81);
insert into STATION values (7635, '.', 2593, 272130.60, 4170889.55, 881.35);
insert into STATION values (7636, '.', 2593, 272122.62, 4170888.23, 881.54);
insert into STATION values (7637, '.', 2593, 272122.47, 4170885.65, 881.52);
insert into STATION values (7638, '30', 2593, 272103.07, 4170912.94, 881.22);
insert into STATION values (7639, 'B19', 2593, 272151.04, 4170900.53, 881.22);
insert into STATION values (7640, '.', 2593, 272143.17, 4170884.15, 881.13);
insert into STATION values (7641, '.', 2593, 272148.12, 4170896.39, 885.25);
insert into STATION values (7642, '.', 2593, 272150.15, 4170899.32, 886.82);
insert into STATION values (7643, '.', 2593, 272160.24, 4170893.01, 888.16);
insert into STATION values (7644, '.', 2593, 272188.00, 4170889.76, 886.56);
insert into STATION values (7645, '.', 2593, 272197.63, 4170887.48, 879.36);
insert into STATION values (7646, '.', 2593, 272172.06, 4170881.43, 883.66);
insert into STATION values (7647, '.', 2593, 272156.61, 4170879.81, 883.78);
insert into STATION values (7648, '.', 2593, 272152.96, 4170875.82, 883.00);
insert into STATION values (7649, '.', 2593, 272142.63, 4170882.22, 880.94);
insert into STATION values (7650, '.', 2593, 272148.64, 4170888.48, 879.25);
insert into STATION values (7651, '.', 2593, 272144.46, 4170874.63, 879.87);
insert into STATION values (7652, '.', 2593, 272149.81, 4170884.05, 884.76);
insert into STATION values (7653, '.', 2593, 272150.16, 4170896.73, 879.65);
insert into STATION values (7654, '.', 2593, 272151.78, 4170901.26, 879.95);
insert into STATION values (7655, '.', 2593, 272157.95, 4170905.31, 884.38);
insert into STATION values (7656, '.', 2593, 272162.89, 4170902.95, 883.79);
insert into STATION values (7657, '.', 2593, 272190.07, 4170903.57, 893.34);
insert into STATION values (7658, '.', 2593, 272154.25, 4170906.66, 884.69);
insert into STATION values (7659, '.', 2593, 272147.19, 4170905.12, 880.03);
insert into STATION values (7660, '.', 2593, 272138.14, 4170902.26, 879.23);
insert into STATION values (7661, '.', 2593, 272132.06, 4170893.30, 879.98);
insert into STATION values (7662, '.', 2593, 272130.00, 4170899.11, 880.74);
insert into STATION values (7663, '.', 2593, 272119.41, 4170904.72, 880.39);
insert into STATION values (7664, '.', 2593, 272145.49, 4170913.44, 882.82);
insert into STATION values (7665, '.', 2593, 272140.28, 4170911.73, 885.59);
insert into STATION values (7666, '.', 2593, 272129.72, 4170916.80, 886.24);
insert into STATION values (7667, '.', 2593, 272128.39, 4170919.49, 884.95);
insert into STATION values (7668, '.', 2593, 272133.29, 4170921.87, 883.70);
insert into STATION values (7669, '.', 2593, 272140.43, 4170918.94, 885.24);
insert into STATION values (7670, '.', 2593, 272139.59, 4170909.78, 880.04);
insert into STATION values (7671, '.', 2593, 272141.62, 4170902.73, 879.25);
insert into STATION values (7672, '.', 2593, 272141.28, 4170905.64, 886.57);
insert into STATION values (7673, '32', 2593, 272210.05, 4170900.99, 886.80);
insert into STATION values (7674, 'B20', 2593, 272133.64, 4170919.16, 881.55);
insert into STATION values (7675, '.', 2593, 272129.74, 4170918.34, 880.99);
insert into STATION values (7676, '.', 2593, 272127.03, 4170909.88, 885.15);
insert into STATION values (7677, '.', 2593, 272131.23, 4170914.56, 881.17);
insert into STATION values (7678, '.', 2593, 272133.24, 4170914.57, 879.90);
insert into STATION values (7679, '.', 2593, 272129.97, 4170917.05, 886.42);
insert into STATION values (7680, '.', 2593, 272126.98, 4170919.33, 883.91);
insert into STATION values (7681, '.', 2593, 272129.98, 4170921.14, 882.95);
insert into STATION values (7682, '.', 2593, 272135.38, 4170923.22, 883.69);
insert into STATION values (7683, '.', 2593, 272141.22, 4170919.97, 885.09);
insert into STATION values (7684, '.', 2593, 272141.47, 4170924.52, 896.28);
insert into STATION values (7685, '.', 2593, 272135.88, 4170931.45, 892.26);
insert into STATION values (7686, '.', 2593, 272135.34, 4170920.49, 900.50);
insert into STATION values (7687, '.', 2593, 272135.21, 4170915.15, 898.35);
insert into STATION values (7688, '.', 2593, 272134.01, 4170916.60, 886.74);
insert into STATION values (7689, '.', 2593, 272115.24, 4170923.70, 902.16);
insert into STATION values (7690, '.', 2593, 272119.97, 4170928.72, 895.16);
insert into STATION values (7691, '.', 2593, 272110.19, 4170919.59, 901.44);
insert into STATION values (7692, '.', 2593, 272148.19, 4170919.58, 899.47);
insert into STATION values (7693, '.', 2593, 272148.93, 4170923.42, 897.10);
insert into STATION values (7694, '.', 2593, 272146.15, 4170921.07, 890.28);
insert into STATION values (7695, '.', 2593, 272145.16, 4170915.10, 896.27);
insert into STATION values (7696, '34', 2593, 272124.51, 4170914.06, 884.84);
insert into STATION values (7697, '.', 2593, 272125.84, 4170912.04, 882.22);
insert into STATION values (7698, '.', 2593, 272125.19, 4170906.17, 880.45);
insert into STATION values (7699, '.', 2593, 272130.88, 4170910.87, 882.44);
insert into STATION values (7700, '.', 2593, 272130.54, 4170907.31, 883.25);
insert into STATION values (7701, '.', 2593, 272130.01, 4170921.05, 880.85);
insert into STATION values (7702, '.', 2593, 272125.84, 4170918.50, 886.49);
insert into STATION values (7703, '.', 2593, 272122.81, 4170920.55, 886.07);
insert into STATION values (7704, '.', 2593, 272118.94, 4170919.82, 887.02);
insert into STATION values (7705, '.', 2593, 272119.77, 4170917.31, 887.05);
insert into STATION values (7706, '.', 2593, 272110.62, 4170915.73, 887.21);
insert into STATION values (7707, '.', 2593, 272120.65, 4170915.40, 884.43);
insert into STATION values (7708, 'B21', 2593, 272114.02, 4170921.03, 885.58);
insert into STATION values (7709, '.', 2593, 272108.51, 4170923.51, 884.99);
insert into STATION values (7710, '.', 2593, 272101.45, 4170924.20, 901.81);
insert into STATION values (7711, '.', 2593, 272096.28, 4170931.63, 895.56);
insert into STATION values (7712, '.', 2593, 272104.47, 4170927.96, 888.67);
insert into STATION values (7713, '.', 2593, 272108.86, 4170926.01, 885.59);
insert into STATION values (7714, '.', 2593, 272105.13, 4170933.80, 889.86);
insert into STATION values (7715, '.', 2593, 272106.92, 4170937.32, 892.01);
insert into STATION values (7716, '.', 2593, 272112.54, 4170932.83, 888.89);
insert into STATION values (7717, '.', 2593, 272110.64, 4170935.84, 885.71);
insert into STATION values (7718, '.', 2593, 272111.50, 4170925.29, 884.44);
insert into STATION values (7719, '.', 2593, 272116.59, 4170927.42, 900.76);
insert into STATION values (7720, '.', 2593, 272117.59, 4170920.76, 902.45);
insert into STATION values (7721, '.', 2593, 272122.87, 4170928.27, 894.74);
insert into STATION values (7722, '.', 2593, 272119.73, 4170920.20, 902.06);
insert into STATION values (7723, '.', 2593, 272113.51, 4170920.32, 888.37);
insert into STATION values (7724, '.', 2593, 272114.26, 4170920.09, 886.97);
insert into STATION values (7725, '.', 2593, 272113.56, 4170914.67, 885.85);
insert into STATION values (7726, '.', 2593, 272112.93, 4170914.70, 881.94);
insert into STATION values (7727, '.', 2593, 272118.27, 4170918.58, 883.98);
insert into STATION values (7728, '.', 2593, 272116.41, 4170913.84, 886.07);
insert into STATION values (7729, '.', 2593, 272110.43, 4170918.08, 884.02);
insert into STATION values (7730, '.', 2593, 272110.58, 4170915.32, 882.15);
insert into STATION values (7731, '.', 2593, 272112.26, 4170913.69, 882.28);
insert into STATION values (7732, '36', 2593, 272107.63, 4170910.25, 881.21);
insert into STATION values (7733, '.', 2593, 272113.50, 4170908.27, 881.20);
insert into STATION values (7734, '.', 2593, 272105.26, 4170905.08, 881.31);
insert into STATION values (7735, '.', 2593, 272108.98, 4170905.24, 880.45);
insert into STATION values (7736, '.', 2593, 272109.71, 4170899.10, 880.86);
insert into STATION values (7737, '.', 2593, 272111.17, 4170901.00, 881.28);
insert into STATION values (7738, '.', 2593, 272108.11, 4170908.72, 882.25);
insert into STATION values (7739, '.', 2593, 272109.03, 4170911.05, 882.39);
insert into STATION values (7740, '.', 2593, 272111.58, 4170912.13, 881.76);
insert into STATION values (7741, '.', 2593, 272108.87, 4170915.33, 883.22);
insert into STATION values (7742, '.', 2593, 272102.71, 4170908.34, 881.31);
insert into STATION values (7743, '.', 2593, 272104.86, 4170910.38, 880.98);
insert into STATION values (7744, '.', 2593, 272102.17, 4170910.91, 882.15);
insert into STATION values (7745, '.', 2593, 272103.76, 4170913.78, 881.52);
insert into STATION values (7746, '.', 2593, 272106.36, 4170912.30, 883.10);
insert into STATION values (7747, '.', 2593, 272111.58, 4170900.93, 880.88);
insert into STATION values (7748, '37', 2593, 272111.67, 4170900.72, 880.89);
insert into STATION values (7749, '38', 2593, 272093.34, 4170912.81, 881.36);
insert into STATION values (7750, '.', 2593, 272093.86, 4170913.77, 881.45);
insert into STATION values (7751, '.', 2593, 272091.88, 4170911.62, 881.51);
insert into STATION values (7752, '.', 2593, 272093.05, 4170912.92, 880.90);
insert into STATION values (7753, '.', 2593, 272089.43, 4170916.18, 880.98);
insert into STATION values (7754, '.', 2593, 272082.06, 4170914.63, 880.34);
insert into STATION values (7755, '.', 2593, 272079.90, 4170918.34, 880.58);
insert into STATION values (7756, '.', 2593, 272085.78, 4170915.72, 886.93);
insert into STATION values (7757, '.', 2593, 272089.38, 4170915.37, 884.38);
insert into STATION values (7758, '.', 2593, 272091.26, 4170913.29, 882.88);
insert into STATION values (7759, '.', 2593, 272089.64, 4170913.61, 882.03);
insert into STATION values (7760, '.', 2593, 272096.53, 4170912.29, 881.69);
insert into STATION values (7761, '.', 2593, 272096.34, 4170911.73, 881.06);
insert into STATION values (7762, '.', 2593, 272098.23, 4170911.00, 882.91);
insert into STATION values (7763, '.', 2593, 272096.59, 4170910.65, 881.74);
insert into STATION values (7764, '39', 2593, 272084.50, 4170916.70, 881.67);
insert into STATION values (7765, '.', 2593, 272082.67, 4170912.58, 881.40);
insert into STATION values (7766, '.', 2593, 272083.43, 4170914.04, 881.80);
insert into STATION values (7767, '.', 2593, 272084.00, 4170915.39, 882.48);
insert into STATION values (7768, '.', 2593, 272084.51, 4170915.55, 884.52);
insert into STATION values (7769, '.', 2593, 272084.57, 4170916.98, 882.00);
insert into STATION values (7770, '.', 2593, 272081.50, 4170916.87, 880.67);
insert into STATION values (7771, '.', 2593, 272074.74, 4170917.80, 881.22);
insert into STATION values (7772, '.', 2593, 272077.14, 4170918.10, 880.72);
insert into STATION values (7773, '.', 2593, 272080.47, 4170916.94, 881.91);
insert into STATION values (7774, '40', 2593, 272074.68, 4170917.86, 882.20);
insert into STATION values (7775, '41', 2593, 272086.96, 4170916.48, 881.58);
insert into STATION values (7776, '42', 2593, 272088.55, 4170919.42, 879.88);
insert into STATION values (7777, '43', 2593, 272149.11, 4170919.72, 891.96);
insert into STATION values (7778, '.', 2593, 272151.51, 4170920.45, 899.91);
insert into STATION values (7779, '.', 2593, 272149.55, 4170930.12, 897.45);
insert into STATION values (7780, '.', 2593, 272150.47, 4170918.77, 891.21);
insert into STATION values (7781, '.', 2593, 272149.65, 4170915.85, 892.79);
insert into STATION values (7782, '.', 2593, 272163.65, 4170913.05, 900.72);
insert into STATION values (7783, '.', 2593, 272156.67, 4170913.61, 893.83);
insert into STATION values (7784, '.', 2593, 272136.95, 4170927.21, 894.35);
insert into STATION values (7785, '.', 2593, 272129.29, 4170923.52, 884.46);
insert into STATION values (7786, '.', 2593, 272135.30, 4170923.40, 884.07);
insert into STATION values (7787, '.', 2593, 272125.89, 4170920.06, 887.95);
insert into STATION values (7788, '.', 2593, 272119.34, 4170925.64, 884.62);
insert into STATION values (7789, '.', 2593, 272130.12, 4170916.22, 894.95);
insert into STATION values (7790, '.', 2593, 272142.01, 4170917.72, 898.13);
insert into STATION values (7791, '.', 2593, 272145.71, 4170917.85, 900.20);
insert into STATION values (7792, 'B22', 2593, 272156.66, 4170918.01, 891.79);
insert into STATION values (7793, '.', 2593, 272156.65, 4170913.73, 891.93);
insert into STATION values (7794, '.', 2593, 272158.04, 4170915.44, 901.21);
insert into STATION values (7795, '.', 2593, 272158.74, 4170924.51, 895.75);
insert into STATION values (7796, '.', 2593, 272157.58, 4170920.18, 891.64);
insert into STATION values (7797, '.', 2593, 272165.68, 4170923.64, 892.70);
insert into STATION values (7798, '.', 2593, 272175.92, 4170912.44, 892.98);
insert into STATION values (7799, '.', 2593, 272165.81, 4170911.73, 892.65);
insert into STATION values (7800, '.', 2593, 272159.71, 4170913.54, 891.43);
insert into STATION values (7801, '.', 2593, 272169.64, 4170912.16, 888.69);
insert into STATION values (7802, '.', 2593, 272159.53, 4170917.09, 890.51);
insert into STATION values (7803, '45', 2593, 272162.28, 4170913.78, 890.01);
insert into STATION values (7804, '.', 2593, 272168.45, 4170911.43, 888.01);
insert into STATION values (7805, '.', 2593, 272163.24, 4170912.22, 888.04);
insert into STATION values (7806, '.', 2593, 272168.29, 4170903.08, 878.77);
insert into STATION values (7807, '.', 2593, 272184.76, 4170876.87, 882.55);
insert into STATION values (7808, '.', 2593, 272164.62, 4170902.97, 888.34);
insert into STATION values (7809, '.', 2593, 272164.37, 4170910.67, 899.66);
insert into STATION values (7810, '.', 2593, 272175.73, 4170910.34, 893.27);
insert into STATION values (7811, '.', 2593, 272170.31, 4170914.42, 898.10);
insert into STATION values (7812, 'PTR_FR24_A62_3', 2593, 272191.50, 4170885.70, 878.89);
insert into STATION values (7813, '47', 2593, 272152.41, 4170913.29, 904.70);
insert into STATION values (7814, '48', 2593, 272156.70, 4170925.11, 895.85);
insert into STATION values (7815, '.', 2593, 272152.78, 4170923.45, 896.07);
insert into STATION values (7816, '.', 2593, 272155.91, 4170924.28, 895.67);
insert into STATION values (7817, '.', 2593, 272155.25, 4170924.50, 897.75);
insert into STATION values (7818, '.', 2593, 272143.27, 4170925.49, 896.88);
insert into STATION values (7819, '.', 2593, 272141.46, 4170929.21, 897.53);
insert into STATION values (7820, '.', 2593, 272148.19, 4170930.05, 897.06);
insert into STATION values (7821, '.', 2593, 272152.03, 4170930.91, 897.20);
insert into STATION values (7822, '.', 2593, 272153.54, 4170926.89, 893.10);
insert into STATION values (7823, '.', 2593, 272148.35, 4170925.76, 889.85);
insert into STATION values (7824, '49', 2593, 272144.56, 4170928.08, 885.77);
insert into STATION values (7825, '.', 2593, 272145.73, 4170928.60, 885.57);
insert into STATION values (7826, '.', 2593, 272145.98, 4170928.42, 882.70);
insert into STATION values (7827, '.', 2593, 272150.11, 4170929.60, 878.51);
insert into STATION values (7828, '.', 2593, 272149.08, 4170927.78, 880.72);
insert into STATION values (7829, '.', 2593, 272154.32, 4170929.11, 877.53);
insert into STATION values (7830, '.', 2593, 272156.23, 4170926.30, 883.04);
insert into STATION values (7831, '.', 2593, 272159.92, 4170923.57, 897.27);
insert into STATION values (7832, '.', 2593, 272146.28, 4170927.14, 891.03);
insert into STATION values (7833, '.', 2593, 272144.94, 4170925.36, 886.94);
insert into STATION values (7834, '.', 2593, 272150.43, 4170924.79, 887.84);
insert into STATION values (7835, '.', 2593, 272141.72, 4170926.98, 887.06);
insert into STATION values (7836, '.', 2593, 272141.11, 4170930.16, 886.53);
insert into STATION values (7837, '50', 2593, 272155.95, 4170927.19, 876.35);
insert into STATION values (7838, '51', 2593, 272139.90, 4170928.27, 887.62);
insert into STATION values (7839, '.', 2593, 272137.89, 4170928.73, 885.87);
insert into STATION values (7840, '.', 2593, 272139.40, 4170925.90, 888.07);
insert into STATION values (7841, '.', 2593, 272139.58, 4170929.66, 894.19);
insert into STATION values (7842, '.', 2593, 272140.76, 4170929.57, 888.02);
insert into STATION values (7843, '.', 2593, 272137.76, 4170932.82, 888.80);
insert into STATION values (7844, '.', 2593, 272130.29, 4170938.14, 887.40);
insert into STATION values (7845, '.', 2593, 272136.58, 4170936.83, 885.17);
insert into STATION values (7846, '.', 2593, 272138.74, 4170934.24, 888.90);
insert into STATION values (7847, '.', 2593, 272136.79, 4170927.60, 894.47);
insert into STATION values (7848, '.', 2593, 272119.16, 4170917.68, 898.13);
insert into STATION values (7849, '.', 2593, 272105.42, 4170920.66, 901.31);
insert into STATION values (7850, '.', 2593, 272107.73, 4170923.38, 887.84);
insert into STATION values (7851, '.', 2593, 272109.90, 4170928.30, 884.94);
insert into STATION values (7852, '.', 2593, 272123.02, 4170931.42, 887.26);
insert into STATION values (7853, 'B23', 2593, 272136.62, 4170932.47, 886.17);
insert into STATION values (7854, '.', 2593, 272142.05, 4170932.22, 887.11);
insert into STATION values (7855, '.', 2593, 272137.40, 4170934.42, 888.77);
insert into STATION values (7856, '.', 2593, 272132.35, 4170936.03, 888.14);
insert into STATION values (7857, '.', 2593, 272136.22, 4170947.24, 888.38);
insert into STATION values (7858, '.', 2593, 272141.21, 4170947.06, 889.09);
insert into STATION values (7859, '.', 2593, 272147.88, 4170944.44, 888.78);
insert into STATION values (7860, '.', 2593, 272140.66, 4170945.17, 885.36);
insert into STATION values (7861, '.', 2593, 272128.02, 4170946.92, 888.81);
insert into STATION values (7862, '.', 2593, 272131.56, 4170937.55, 887.90);
insert into STATION values (7863, '.', 2593, 272134.13, 4170940.24, 886.57);
insert into STATION values (7864, '.', 2593, 272134.90, 4170937.06, 888.75);
insert into STATION values (7865, '.', 2593, 272130.28, 4170932.27, 888.63);
insert into STATION values (7866, '.', 2593, 272134.79, 4170930.65, 889.52);
insert into STATION values (7867, '.', 2593, 272137.70, 4170930.65, 889.72);
insert into STATION values (7868, '.', 2593, 272141.02, 4170914.60, 896.63);
insert into STATION values (7869, '.', 2593, 272134.59, 4170920.38, 900.57);
insert into STATION values (7870, '53', 2593, 272131.73, 4170922.94, 884.87);
insert into STATION values (7871, '.', 2593, 272138.73, 4170924.82, 885.51);
insert into STATION values (7872, '.', 2593, 272138.68, 4170929.44, 894.32);
insert into STATION values (7873, '.', 2593, 272131.78, 4170920.98, 901.51);
insert into STATION values (7874, '.', 2593, 272130.80, 4170915.26, 893.51);
insert into STATION values (7875, '.', 2593, 272130.45, 4170917.81, 886.81);
insert into STATION values (7876, '.', 2593, 272127.29, 4170931.26, 888.73);
insert into STATION values (7877, '.', 2593, 272130.04, 4170924.66, 883.70);
insert into STATION values (7878, '.', 2593, 272121.54, 4170917.14, 892.86);
insert into STATION values (7879, '.', 2593, 272121.99, 4170930.75, 890.66);
insert into STATION values (7880, '.', 2593, 272111.25, 4170921.59, 901.72);
insert into STATION values (7881, '55', 2593, 272125.35, 4170931.52, 886.77);
insert into STATION values (7882, '.', 2593, 272123.59, 4170920.78, 886.13);
insert into STATION values (7883, '.', 2593, 272122.50, 4170929.53, 884.45);
insert into STATION values (7884, '.', 2593, 272114.02, 4170917.45, 897.76);
insert into STATION values (7885, '.', 2593, 272113.22, 4170921.32, 903.13);
insert into STATION values (7886, '.', 2593, 272089.73, 4170923.46, 903.65);
insert into STATION values (7887, '.', 2593, 272084.30, 4170927.38, 903.70);
insert into STATION values (7888, '.', 2593, 272106.30, 4170930.54, 889.08);
insert into STATION values (7889, '.', 2593, 272106.13, 4170930.80, 886.74);
insert into STATION values (7890, '.', 2593, 272115.66, 4170930.80, 884.71);
insert into STATION values (7891, '.', 2593, 272120.66, 4170927.53, 884.62);
insert into STATION values (7892, '.', 2593, 272123.88, 4170926.26, 883.86);
insert into STATION values (7893, 'B24', 2593, 272112.44, 4170929.96, 885.64);
insert into STATION values (7894, '.', 2593, 272109.42, 4170919.24, 884.49);
insert into STATION values (7895, '.', 2593, 272111.58, 4170918.91, 901.77);
insert into STATION values (7896, '.', 2593, 272116.99, 4170920.06, 889.14);
insert into STATION values (7897, '.', 2593, 272126.50, 4170917.01, 890.37);
insert into STATION values (7898, '.', 2593, 272116.28, 4170928.53, 884.70);
insert into STATION values (7899, '.', 2593, 272126.29, 4170919.58, 901.28);
insert into STATION values (7900, '.', 2593, 272118.66, 4170921.87, 902.76);
insert into STATION values (7901, '.', 2593, 272115.63, 4170932.31, 887.21);
insert into STATION values (7902, '.', 2593, 272121.55, 4170931.84, 887.22);
insert into STATION values (7903, '.', 2593, 272112.37, 4170932.62, 884.77);
insert into STATION values (7904, '.', 2593, 272112.46, 4170933.16, 886.81);
insert into STATION values (7905, '.', 2593, 272109.53, 4170933.63, 885.31);
insert into STATION values (7906, '.', 2593, 272105.95, 4170939.86, 891.99);
insert into STATION values (7907, '.', 2593, 272104.76, 4170933.36, 890.17);
insert into STATION values (7908, '.', 2593, 272105.27, 4170930.48, 890.12);
insert into STATION values (7909, '.', 2593, 272101.14, 4170928.26, 891.19);
insert into STATION values (7910, '.', 2593, 272105.51, 4170928.62, 888.03);
insert into STATION values (7911, '.', 2593, 272108.08, 4170929.04, 886.57);
insert into STATION values (7912, '.', 2593, 272098.63, 4170921.45, 898.41);
insert into STATION values (7913, '.', 2593, 272098.06, 4170925.47, 901.69);
insert into STATION values (7914, '.', 2593, 272106.78, 4170938.82, 885.07);
insert into STATION values (7915, '.', 2593, 272098.97, 4170953.24, 886.49);
insert into STATION values (7916, '.', 2593, 272091.24, 4170955.01, 886.44);
insert into STATION values (7917, '.', 2593, 272096.60, 4170942.23, 891.92);
insert into STATION values (7918, '58', 2593, 272094.89, 4170927.97, 895.48);
insert into STATION values (7919, '.', 2593, 272094.96, 4170927.75, 894.79);
insert into STATION values (7920, '.', 2593, 272094.19, 4170922.51, 898.57);
insert into STATION values (7921, '.', 2593, 272093.85, 4170923.25, 904.70);
insert into STATION values (7922, '.', 2593, 272093.92, 4170930.74, 895.60);
insert into STATION values (7923, '.', 2593, 272094.32, 4170928.53, 895.06);
insert into STATION values (7924, '.', 2593, 272091.49, 4170925.89, 903.44);
insert into STATION values (7925, '.', 2593, 272103.24, 4170920.72, 898.12);
insert into STATION values (7926, '.', 2593, 272098.51, 4170931.58, 896.83);
insert into STATION values (7927, '.', 2593, 272098.00, 4170928.98, 892.80);
insert into STATION values (7928, '.', 2593, 272086.25, 4170924.73, 900.08);
insert into STATION values (7929, '.', 2593, 272084.82, 4170931.89, 899.74);
insert into STATION values (7930, '.', 2593, 272076.58, 4170930.76, 901.68);
insert into STATION values (7931, 'B25', 2593, 272076.20, 4170930.69, 901.86);
insert into STATION values (7932, '.', 2593, 272073.92, 4170927.78, 902.37);
insert into STATION values (7933, '.', 2593, 272073.09, 4170932.54, 902.24);
insert into STATION values (7934, '.', 2593, 272074.25, 4170933.86, 901.52);
insert into STATION values (7935, '.', 2593, 272073.71, 4170930.67, 901.93);
insert into STATION values (7936, '.', 2593, 272068.77, 4170932.07, 906.61);
insert into STATION values (7937, '.', 2593, 272065.60, 4170931.10, 911.71);
insert into STATION values (7938, '.', 2593, 272075.21, 4170929.54, 900.92);
insert into STATION values (7939, '.', 2593, 272074.83, 4170927.23, 901.73);
insert into STATION values (7940, '.', 2593, 272072.93, 4170932.35, 902.33);
insert into STATION values (7941, '.', 2593, 272073.75, 4170934.44, 901.07);
insert into STATION values (7942, '.', 2593, 272076.28, 4170935.47, 898.97);
insert into STATION values (7943, '.', 2593, 272075.60, 4170932.37, 900.46);
insert into STATION values (7944, '.', 2593, 272075.34, 4170935.24, 900.52);
insert into STATION values (7945, '.', 2593, 272074.88, 4170933.90, 901.39);
insert into STATION values (7946, '.', 2593, 272070.53, 4170930.39, 906.52);
insert into STATION values (7947, '60', 2593, 272070.65, 4170930.52, 906.68);
insert into STATION values (7948, '.', 2593, 272070.14, 4170934.45, 906.86);
insert into STATION values (7949, '.', 2593, 272068.41, 4170930.85, 907.09);
insert into STATION values (7950, '.', 2593, 272071.24, 4170930.97, 904.77);
insert into STATION values (7951, '.', 2593, 272072.66, 4170930.05, 903.06);
insert into STATION values (7952, '.', 2593, 272071.11, 4170930.66, 907.53);
insert into STATION values (7953, '.', 2593, 272069.01, 4170931.70, 912.57);
insert into STATION values (7954, '.', 2593, 272066.04, 4170931.04, 912.99);
insert into STATION values (7955, '.', 2593, 272068.74, 4170931.20, 908.35);
insert into STATION values (7956, '.', 2593, 272065.39, 4170932.24, 915.29);
insert into STATION values (7957, '.', 2593, 272065.19, 4170934.37, 917.42);
insert into STATION values (7958, '.', 2593, 272067.76, 4170932.98, 914.29);
insert into STATION values (7959, '.', 2593, 272064.40, 4170937.44, 915.56);
insert into STATION values (7960, '61', 2593, 272062.76, 4170934.05, 919.12);
insert into STATION values (7961, 'B26', 2593, 272074.32, 4170943.44, 895.07);
insert into STATION values (7962, '.', 2593, 272072.54, 4170938.44, 895.66);
insert into STATION values (7963, '.', 2593, 272073.58, 4170937.48, 898.24);
insert into STATION values (7964, '.', 2593, 272076.03, 4170936.90, 898.31);
insert into STATION values (7965, '.', 2593, 272074.85, 4170937.77, 898.74);
insert into STATION values (7966, '.', 2593, 272074.87, 4170936.78, 897.35);
insert into STATION values (7967, '.', 2593, 272074.94, 4170939.98, 894.91);
insert into STATION values (7968, '.', 2593, 272074.69, 4170942.10, 893.88);
insert into STATION values (7969, '.', 2593, 272072.62, 4170943.57, 893.13);
insert into STATION values (7970, '.', 2593, 272072.79, 4170944.07, 893.16);
insert into STATION values (7971, '.', 2593, 272072.33, 4170942.87, 895.04);
insert into STATION values (7972, '.', 2593, 272072.68, 4170943.42, 896.57);
insert into STATION values (7973, '.', 2593, 272076.30, 4170941.80, 893.81);
insert into STATION values (7974, '.', 2593, 272076.97, 4170942.80, 894.94);
insert into STATION values (7975, '.', 2593, 272078.23, 4170940.49, 896.19);
insert into STATION values (7976, '.', 2593, 272078.04, 4170938.71, 895.82);
insert into STATION values (7977, '63', 2593, 272072.80, 4170944.02, 894.96);
insert into STATION values (7978, '.', 2593, 272071.89, 4170943.75, 895.05);
insert into STATION values (7979, '.', 2593, 272071.59, 4170944.45, 893.32);
insert into STATION values (7980, '.', 2593, 272072.90, 4170944.59, 897.82);
insert into STATION values (7981, '.', 2593, 272072.97, 4170944.14, 895.19);
insert into STATION values (7982, '.', 2593, 272071.34, 4170946.19, 895.49);
insert into STATION values (7983, '.', 2593, 272070.86, 4170945.74, 895.58);
insert into STATION values (7984, '.', 2593, 272070.08, 4170946.66, 894.26);
insert into STATION values (7985, '.', 2593, 272069.26, 4170947.91, 896.73);
insert into STATION values (7986, '64', 2593, 272067.36, 4170948.49, 895.09);
insert into STATION values (7987, '65', 2593, 272080.79, 4170939.27, 893.01);
insert into STATION values (7988, '.', 2593, 272081.05, 4170940.88, 892.68);
insert into STATION values (7989, '.', 2593, 272081.00, 4170940.21, 891.73);
insert into STATION values (7990, '.', 2593, 272082.38, 4170940.22, 893.85);
insert into STATION values (7991, '.', 2593, 272084.05, 4170939.53, 893.89);
insert into STATION values (7992, '.', 2593, 272083.78, 4170940.01, 890.06);
insert into STATION values (7993, '.', 2593, 272084.79, 4170942.60, 889.64);
insert into STATION values (7994, '.', 2593, 272086.13, 4170939.47, 890.52);
insert into STATION values (7995, 'B27', 2593, 272095.70, 4170947.91, 886.30);
insert into STATION values (7996, '.', 2593, 272102.75, 4170949.92, 886.22);
insert into STATION values (7997, '.', 2593, 272098.10, 4170948.08, 891.00);
insert into STATION values (7998, '.', 2593, 272090.70, 4170940.72, 892.07);
insert into STATION values (7999, '.', 2593, 272093.46, 4170943.61, 886.59);
insert into STATION values (8000, '.', 2593, 272096.73, 4170947.84, 885.32);
insert into STATION values (8001, '.', 2593, 272106.85, 4170946.03, 884.67);
insert into STATION values (8002, '.', 2593, 272116.68, 4170946.28, 885.45);
insert into STATION values (8003, '.', 2593, 272115.58, 4170940.50, 886.96);
insert into STATION values (8004, '.', 2593, 272124.17, 4170940.79, 886.81);
insert into STATION values (8005, '.', 2593, 272115.23, 4170936.38, 894.37);
insert into STATION values (8006, '.', 2593, 272106.46, 4170936.86, 892.00);
insert into STATION values (8007, '.', 2593, 272103.52, 4170934.72, 889.53);
insert into STATION values (8008, '.', 2593, 272108.03, 4170936.67, 884.81);
insert into STATION values (8009, '.', 2593, 272112.02, 4170933.35, 887.94);
insert into STATION values (8010, '.', 2593, 272088.41, 4170941.12, 892.82);
insert into STATION values (8011, '.', 2593, 272084.44, 4170939.22, 891.31);
insert into STATION values (8012, '.', 2593, 272085.73, 4170944.68, 890.22);
insert into STATION values (8013, '.', 2593, 272089.30, 4170944.28, 888.31);
insert into STATION values (8014, '.', 2593, 272091.19, 4170945.06, 886.80);
insert into STATION values (8015, '.', 2593, 272094.29, 4170954.60, 885.26);
insert into STATION values (8016, '.', 2593, 272094.53, 4170966.25, 885.78);
insert into STATION values (8017, '.', 2593, 272093.22, 4170976.57, 887.75);
insert into STATION values (8018, '.', 2593, 272095.04, 4170954.44, 887.53);
insert into STATION values (8019, '.', 2593, 272090.85, 4170955.66, 886.86);
insert into STATION values (8020, '.', 2593, 272097.52, 4170955.49, 886.79);
insert into STATION values (8021, '.', 2593, 272099.57, 4170952.75, 886.74);
insert into STATION values (8022, '.', 2593, 272090.11, 4170950.91, 886.71);
insert into STATION values (8023, 'B28', 2593, 272091.72, 4170959.32, 886.04);
insert into STATION values (8024, '.', 2593, 272089.03, 4170962.97, 886.25);
insert into STATION values (8025, '.', 2593, 272088.25, 4170960.44, 885.76);
insert into STATION values (8026, '.', 2593, 272080.41, 4170962.30, 886.45);
insert into STATION values (8027, '.', 2593, 272081.04, 4170958.15, 887.48);
insert into STATION values (8028, '.', 2593, 272070.40, 4170961.81, 887.85);
insert into STATION values (8029, '.', 2593, 272072.91, 4170965.70, 886.91);
insert into STATION values (8030, '.', 2593, 272070.14, 4170962.22, 891.84);
insert into STATION values (8031, '.', 2593, 272090.30, 4170956.53, 887.37);
insert into STATION values (8032, '.', 2593, 272090.46, 4170957.60, 885.39);
insert into STATION values (8033, '.', 2593, 272090.20, 4170962.29, 886.17);
insert into STATION values (8034, '.', 2593, 272095.90, 4170963.06, 885.04);
insert into STATION values (8035, '.', 2593, 272099.22, 4170967.73, 886.02);
insert into STATION values (8036, '.', 2593, 272093.52, 4170962.48, 889.58);
insert into STATION values (8037, '.', 2593, 272090.40, 4170962.69, 887.05);
insert into STATION values (8038, '.', 2593, 272093.67, 4170959.49, 885.54);
insert into STATION values (8039, '.', 2593, 272100.98, 4170959.18, 885.46);
insert into STATION values (8040, '.', 2593, 272112.43, 4170958.43, 885.86);
insert into STATION values (8041, '.', 2593, 272109.60, 4170957.52, 886.86);
insert into STATION values (8042, '.', 2593, 272108.48, 4170961.27, 886.81);
insert into STATION values (8043, '.', 2593, 272104.82, 4170963.64, 886.50);
insert into STATION values (8044, '.', 2593, 272099.82, 4170963.78, 886.51);
insert into STATION values (8045, '.', 2593, 272109.51, 4170957.12, 887.27);
insert into STATION values (8046, '.', 2593, 272099.67, 4170957.67, 886.61);
insert into STATION values (8047, '.', 2593, 272099.29, 4170953.00, 885.66);
insert into STATION values (8048, '.', 2593, 272094.23, 4170954.80, 887.45);
insert into STATION values (8049, '.', 2593, 272093.32, 4170956.38, 885.36);
insert into STATION values (8050, '.', 2593, 272098.96, 4170960.38, 892.34);
insert into STATION values (8051, '.', 2593, 272102.98, 4170959.29, 891.81);
insert into STATION values (8052, '.', 2593, 272107.31, 4170958.84, 889.33);
insert into STATION values (8053, '69', 2593, 272114.49, 4170958.11, 889.53);
insert into STATION values (8054, '70', 2593, 272069.52, 4170963.98, 888.39);
insert into STATION values (8055, 'B29', 2593, 272093.80, 4170965.63, 886.31);
insert into STATION values (8056, '.', 2593, 272094.24, 4170975.87, 887.23);
insert into STATION values (8057, '.', 2593, 272093.71, 4170966.75, 885.80);
insert into STATION values (8058, '.', 2593, 272088.74, 4170965.25, 886.47);
insert into STATION values (8059, '.', 2593, 272094.31, 4170966.73, 891.19);
insert into STATION values (8060, '.', 2593, 272098.36, 4170968.50, 887.17);
insert into STATION values (8061, '.', 2593, 272095.18, 4170965.67, 887.37);
insert into STATION values (8062, '.', 2593, 272096.91, 4170971.25, 886.12);
insert into STATION values (8063, '.', 2593, 272093.64, 4170969.91, 885.78);
insert into STATION values (8064, '.', 2593, 272083.42, 4170972.54, 891.15);
insert into STATION values (8065, '.', 2593, 272073.35, 4170972.21, 892.59);
insert into STATION values (8066, '.', 2593, 272088.49, 4170966.70, 887.57);
insert into STATION values (8067, '.', 2593, 272089.99, 4170975.12, 886.97);
insert into STATION values (8068, '.', 2593, 272099.75, 4170964.64, 886.22);
insert into STATION values (8069, '.', 2593, 272099.63, 4170963.90, 886.21);
insert into STATION values (8070, '.', 2593, 272099.74, 4170965.82, 885.46);
insert into STATION values (8071, '.', 2593, 272102.40, 4170966.13, 887.74);
insert into STATION values (8072, '.', 2593, 272111.63, 4170967.84, 886.12);
insert into STATION values (8073, '.', 2593, 272112.41, 4170965.42, 886.02);
insert into STATION values (8074, '.', 2593, 272109.69, 4170966.51, 885.14);
insert into STATION values (8075, '.', 2593, 272099.05, 4170957.86, 886.10);
insert into STATION values (8076, '72', 2593, 272117.15, 4170965.65, 886.43);
insert into STATION values (8077, '.', 2593, 272117.71, 4170967.22, 886.24);
insert into STATION values (8078, '.', 2593, 272117.96, 4170966.33, 884.83);
insert into STATION values (8079, '.', 2593, 272120.07, 4170964.79, 885.97);
insert into STATION values (8080, '.', 2593, 272125.38, 4170965.01, 886.87);
insert into STATION values (8081, '.', 2593, 272121.17, 4170966.61, 886.21);
insert into STATION values (8082, '.', 2593, 272121.42, 4170966.04, 884.44);
insert into STATION values (8083, '.', 2593, 272130.04, 4170965.53, 881.84);
insert into STATION values (8084, '.', 2593, 272126.27, 4170965.63, 884.43);
insert into STATION values (8085, '.', 2593, 272130.29, 4170964.72, 883.41);
insert into STATION values (8086, '.', 2593, 272133.03, 4170964.94, 884.20);
insert into STATION values (8087, '.', 2593, 272118.13, 4170965.36, 889.72);
insert into STATION values (8088, '.', 2593, 272114.71, 4170965.14, 886.82);
insert into STATION values (8089, '.', 2593, 272113.04, 4170967.52, 886.16);
insert into STATION values (8090, '.', 2593, 272112.32, 4170965.51, 889.01);
insert into STATION values (8091, '73', 2593, 272134.46, 4170965.09, 882.34);
insert into STATION values (8092, '74', 2593, 272092.78, 4170972.23, 886.46);
insert into STATION values (8093, '.', 2593, 272093.27, 4170975.43, 886.10);
insert into STATION values (8094, '.', 2593, 272092.86, 4170972.96, 885.80);
insert into STATION values (8095, '.', 2593, 272093.77, 4170973.36, 890.59);
insert into STATION values (8096, '.', 2593, 272100.96, 4170976.90, 886.25);
insert into STATION values (8097, '.', 2593, 272104.60, 4170976.57, 885.91);
insert into STATION values (8098, '.', 2593, 272105.87, 4170973.50, 886.05);
insert into STATION values (8099, '.', 2593, 272102.22, 4170971.36, 885.85);
insert into STATION values (8100, '.', 2593, 272098.12, 4170970.29, 886.24);
insert into STATION values (8101, '.', 2593, 272098.31, 4170968.59, 885.93);
insert into STATION values (8102, '.', 2593, 272097.06, 4170969.36, 891.15);
insert into STATION values (8103, '.', 2593, 272088.44, 4170965.43, 886.80);
insert into STATION values (8104, '.', 2593, 272089.41, 4170967.05, 891.29);
insert into STATION values (8105, '.', 2593, 272073.50, 4170970.70, 886.43);
insert into STATION values (8106, '.', 2593, 272078.04, 4170967.82, 890.21);
insert into STATION values (8107, '.', 2593, 272083.99, 4170970.97, 892.61);
insert into STATION values (8108, '.', 2593, 272074.02, 4170972.15, 892.38);
insert into STATION values (8109, '.', 2593, 272077.37, 4170974.22, 890.89);
insert into STATION values (8110, '75', 2593, 272111.64, 4170972.05, 889.82);
insert into STATION values (8111, '76', 2593, 272105.16, 4170976.46, 886.87);
insert into STATION values (8112, '.', 2593, 272105.07, 4170975.84, 886.77);
insert into STATION values (8113, '.', 2593, 272105.52, 4170976.15, 885.38);
insert into STATION values (8114, '.', 2593, 272108.11, 4170975.87, 885.69);
insert into STATION values (8115, '.', 2593, 272113.82, 4170975.40, 885.32);
insert into STATION values (8116, '.', 2593, 272109.46, 4170974.75, 887.46);
insert into STATION values (8117, '.', 2593, 272111.73, 4170974.10, 891.20);
insert into STATION values (8118, '.', 2593, 272108.13, 4170976.28, 887.34);
insert into STATION values (8119, '77', 2593, 272114.24, 4170974.90, 885.81);
insert into STATION values (8120, '.', 2593, 272114.11, 4170974.31, 885.85);
insert into STATION values (8121, '.', 2593, 272124.02, 4170972.74, 887.47);
insert into STATION values (8122, '.', 2593, 272117.20, 4170973.92, 885.97);
insert into STATION values (8123, '.', 2593, 272116.35, 4170975.33, 886.05);
insert into STATION values (8124, '.', 2593, 272115.32, 4170977.08, 884.53);
insert into STATION values (8125, '.', 2593, 272115.80, 4170977.74, 884.28);
insert into STATION values (8126, '.', 2593, 272115.98, 4170977.67, 883.80);
insert into STATION values (8127, '.', 2593, 272115.50, 4170977.78, 883.91);
insert into STATION values (8128, '78', 2593, 272116.59, 4170979.01, 883.31);
insert into STATION values (8129, '79', 2593, 272125.18, 4170972.70, 887.36);
insert into STATION values (8130, '80', 2593, 272063.52, 4170973.74, 888.66);
insert into STATION values (8131, '.', 2593, 272063.10, 4170975.23, 887.95);
insert into STATION values (8132, '.', 2593, 272063.88, 4170975.66, 892.40);
insert into STATION values (8133, '.', 2593, 272063.00, 4170972.19, 892.55);
insert into STATION values (8134, '.', 2593, 272063.19, 4170972.31, 889.30);
insert into STATION values (8135, '.', 2593, 272064.41, 4170974.46, 886.96);
insert into STATION values (8136, '.', 2593, 272067.77, 4170974.11, 886.95);
insert into STATION values (8137, '.', 2593, 272071.75, 4170975.68, 889.67);
insert into STATION values (8138, '.', 2593, 272072.73, 4170969.34, 889.67);
insert into STATION values (8139, '.', 2593, 272056.06, 4170979.70, 889.70);
insert into STATION values (8140, '.', 2593, 272042.05, 4170977.62, 891.93);
insert into STATION values (8141, '.', 2593, 272045.52, 4170975.36, 894.64);
insert into STATION values (8142, '.', 2593, 272059.27, 4170973.22, 889.27);
insert into STATION values (8143, '.', 2593, 272050.55, 4170976.44, 887.92);
insert into STATION values (8144, '.', 2593, 272059.47, 4170974.81, 887.97);
insert into STATION values (8145, '81', 2593, 272039.95, 4170977.03, 888.00);
insert into STATION values (8146, '.', 2593, 272036.59, 4170973.28, 887.78);
insert into STATION values (8147, '.', 2593, 272039.13, 4170975.68, 887.15);
insert into STATION values (8148, '.', 2593, 272039.17, 4170975.80, 894.02);
insert into STATION values (8149, '.', 2593, 272040.28, 4170980.93, 891.54);
insert into STATION values (8150, '.', 2593, 272042.47, 4170984.28, 888.87);
insert into STATION values (8151, '.', 2593, 272041.12, 4170980.41, 886.80);
insert into STATION values (8152, '.', 2593, 272035.45, 4170977.69, 887.03);
insert into STATION values (8153, '.', 2593, 272032.17, 4170976.61, 887.80);
insert into STATION values (8154, '.', 2593, 272036.76, 4170977.53, 888.99);
insert into STATION values (8155, '.', 2593, 272035.36, 4170979.53, 888.26);
insert into STATION values (8156, '.', 2593, 272034.52, 4170981.43, 886.99);
insert into STATION values (8157, '.', 2593, 272042.32, 4170974.08, 887.75);
insert into STATION values (8158, '.', 2593, 272042.71, 4170984.39, 887.52);
insert into STATION values (8159, '.', 2593, 272047.46, 4170983.12, 888.35);
insert into STATION values (8160, '.', 2593, 272049.40, 4170981.15, 888.14);
insert into STATION values (8161, '.', 2593, 272044.26, 4170977.97, 887.34);
insert into STATION values (8162, '.', 2593, 272046.86, 4170974.02, 888.20);
insert into STATION values (8163, '.', 2593, 272042.81, 4170977.97, 892.12);
insert into STATION values (8164, '.', 2593, 272047.64, 4170978.08, 893.27);
insert into STATION values (8165, '82', 2593, 272029.04, 4170980.46, 887.84);
insert into STATION values (8166, '83', 2593, 272119.53, 4170944.14, 886.82);
insert into STATION values (8167, '.', 2593, 272118.71, 4170940.18, 886.93);
insert into STATION values (8168, '.', 2593, 272118.70, 4170940.34, 895.44);
insert into STATION values (8169, '.', 2593, 272121.59, 4170948.12, 888.11);
insert into STATION values (8170, '.', 2593, 272104.51, 4170937.65, 886.22);
insert into STATION values (8171, '.', 2593, 272112.54, 4170944.26, 885.09);
insert into STATION values (8172, '.', 2593, 272114.95, 4170940.96, 886.59);
insert into STATION values (8173, '.', 2593, 272110.16, 4170949.05, 885.54);
insert into STATION values (8174, '.', 2593, 272116.41, 4170947.78, 890.85);
insert into STATION values (8175, '.', 2593, 272128.43, 4170942.26, 893.14);
insert into STATION values (8176, '.', 2593, 272134.78, 4170940.01, 889.55);
insert into STATION values (8177, '.', 2593, 272130.89, 4170943.26, 885.98);
insert into STATION values (8178, '.', 2593, 272123.06, 4170944.12, 886.01);
insert into STATION values (8179, '.', 2593, 272125.96, 4170947.18, 891.62);
insert into STATION values (8180, '.', 2593, 272122.90, 4170944.89, 895.44);
insert into STATION values (8181, 'B30', 2593, 272136.48, 4170943.24, 887.29);
insert into STATION values (8182, '.', 2593, 272130.82, 4170937.57, 887.54);
insert into STATION values (8183, '.', 2593, 272135.67, 4170938.88, 889.24);
insert into STATION values (8184, '.', 2593, 272144.31, 4170936.68, 888.90);
insert into STATION values (8185, '.', 2593, 272140.09, 4170940.45, 885.23);
insert into STATION values (8186, '.', 2593, 272141.99, 4170939.16, 885.98);
insert into STATION values (8187, '.', 2593, 272136.88, 4170942.70, 886.58);
insert into STATION values (8188, '.', 2593, 272125.33, 4170939.90, 889.91);
insert into STATION values (8189, '.', 2593, 272129.85, 4170943.11, 894.06);
insert into STATION values (8190, '.', 2593, 272130.74, 4170946.71, 888.90);
insert into STATION values (8191, '.', 2593, 272130.17, 4170935.11, 887.45);
insert into STATION values (8192, '.', 2593, 272133.98, 4170931.14, 888.52);
insert into STATION values (8193, '.', 2593, 272137.78, 4170933.92, 888.64);
insert into STATION values (8194, '.', 2593, 272136.21, 4170934.97, 885.02);
insert into STATION values (8195, '.', 2593, 272141.85, 4170949.38, 884.57);
insert into STATION values (8196, '.', 2593, 272152.02, 4170955.18, 885.40);
insert into STATION values (8197, '.', 2593, 272140.96, 4170956.15, 888.56);
insert into STATION values (8198, '.', 2593, 272134.62, 4170947.45, 888.62);
insert into STATION values (8199, '.', 2593, 272150.77, 4170947.08, 888.48);
insert into STATION values (8200, '.', 2593, 272145.28, 4170946.99, 886.40);
insert into STATION values (8201, '.', 2593, 272144.00, 4170948.61, 885.69);
insert into STATION values (8202, '.', 2593, 272141.23, 4170952.58, 885.96);
insert into STATION values (8203, '.', 2593, 272145.91, 4170949.76, 888.72);
insert into STATION values (8204, '.', 2593, 272141.19, 4170946.19, 889.70);
insert into STATION values (8205, '86', 2593, 272159.12, 4170956.16, 888.41);
insert into STATION values (8206, '.', 2593, 272159.72, 4170954.25, 888.33);
insert into STATION values (8207, '.', 2593, 272159.25, 4170956.41, 889.38);
insert into STATION values (8208, '.', 2593, 272157.64, 4170959.22, 888.43);
insert into STATION values (8209, '.', 2593, 272149.00, 4170947.25, 887.54);
insert into STATION values (8210, '.', 2593, 272141.78, 4170956.36, 887.60);
insert into STATION values (8211, '.', 2593, 272153.45, 4170955.38, 888.83);
insert into STATION values (8212, '.', 2593, 272144.80, 4170949.77, 885.45);
insert into STATION values (8213, '.', 2593, 272167.15, 4170952.94, 887.93);
insert into STATION values (8214, '.', 2593, 272167.62, 4170960.03, 887.92);
insert into STATION values (8215, '.', 2593, 272167.87, 4170959.70, 887.09);
insert into STATION values (8216, '.', 2593, 272162.83, 4170960.43, 887.82);
insert into STATION values (8217, '.', 2593, 272166.63, 4170961.65, 887.97);
insert into STATION values (8218, '.', 2593, 272163.54, 4170959.26, 889.36);
insert into STATION values (8219, '.', 2593, 272161.29, 4170957.73, 890.01);
insert into STATION values (8220, '.', 2593, 272160.33, 4170959.07, 888.07);
insert into STATION values (8221, '87', 2593, 272168.72, 4170962.61, 886.79);
insert into STATION values (8222, '.', 2593, 272169.55, 4170962.01, 886.93);
insert into STATION values (8223, '.', 2593, 272168.43, 4170963.00, 887.73);
insert into STATION values (8224, '.', 2593, 272167.37, 4170964.72, 887.18);
insert into STATION values (8225, '.', 2593, 272168.47, 4170963.26, 886.35);
insert into STATION values (8226, '.', 2593, 272170.68, 4170963.35, 887.26);
insert into STATION values (8227, '.', 2593, 272168.21, 4170966.49, 887.45);
insert into STATION values (8228, '.', 2593, 272170.09, 4170965.03, 886.85);
insert into STATION values (8229, '.', 2593, 272172.16, 4170965.30, 887.76);
insert into STATION values (8230, '.', 2593, 272168.22, 4170961.54, 887.42);
insert into STATION values (8231, '.', 2593, 272167.25, 4170961.56, 886.42);
insert into STATION values (8232, '.', 2593, 272165.55, 4170960.17, 886.95);
insert into STATION values (8233, '.', 2593, 272168.07, 4170960.32, 886.93);
insert into STATION values (8234, 'B31', 2593, 272171.22, 4170967.26, 889.01);
insert into STATION values (8235, '.', 2593, 272169.23, 4170966.28, 889.17);
insert into STATION values (8236, '.', 2593, 272165.86, 4170968.31, 890.54);
insert into STATION values (8237, '.', 2593, 272167.90, 4170969.09, 890.59);
insert into STATION values (8238, '.', 2593, 272169.07, 4170969.89, 889.80);
insert into STATION values (8239, '.', 2593, 272168.39, 4170969.53, 889.75);
insert into STATION values (8240, '.', 2593, 272167.10, 4170972.11, 890.49);
insert into STATION values (8241, '.', 2593, 272165.93, 4170970.55, 890.70);
insert into STATION values (8242, '.', 2593, 272167.76, 4170970.07, 890.44);
insert into STATION values (8243, '.', 2593, 272171.28, 4170967.39, 887.77);
insert into STATION values (8244, '.', 2593, 272173.48, 4170968.73, 888.80);
insert into STATION values (8245, '.', 2593, 272178.10, 4170969.53, 890.47);
insert into STATION values (8246, '.', 2593, 272172.78, 4170966.12, 890.58);
insert into STATION values (8247, '.', 2593, 272172.11, 4170964.95, 889.98);
insert into STATION values (8248, '.', 2593, 272171.02, 4170964.46, 888.71);
insert into STATION values (8249, '.', 2593, 272172.51, 4170966.71, 887.97);
insert into STATION values (8250, '89', 2593, 272164.56, 4170973.44, 890.88);
insert into STATION values (8251, '90', 2593, 272178.24, 4170965.98, 889.48);
insert into STATION values (8252, '.', 2593, 272179.20, 4170968.08, 889.73);
insert into STATION values (8253, '.', 2593, 272176.29, 4170969.86, 890.62);
insert into STATION values (8254, '.', 2593, 272174.09, 4170966.90, 890.59);
insert into STATION values (8255, '.', 2593, 272170.63, 4170966.25, 890.08);
insert into STATION values (8256, '.', 2593, 272169.20, 4170965.48, 888.19);
insert into STATION values (8257, '.', 2593, 272173.61, 4170963.64, 889.78);
insert into STATION values (8258, '.', 2593, 272176.41, 4170960.54, 890.67);
insert into STATION values (8259, '.', 2593, 272178.12, 4170965.52, 890.93);
insert into STATION values (8260, '.', 2593, 272178.65, 4170965.78, 888.72);
insert into STATION values (8261, '.', 2593, 272182.42, 4170964.98, 887.92);
insert into STATION values (8262, '.', 2593, 272193.62, 4170962.61, 887.41);
insert into STATION values (8263, '.', 2593, 272191.13, 4170961.93, 889.06);
insert into STATION values (8264, '.', 2593, 272184.15, 4170959.37, 889.96);
insert into STATION values (8265, '.', 2593, 272179.13, 4170959.30, 890.23);
insert into STATION values (8266, '.', 2593, 272181.32, 4170964.39, 891.63);
insert into STATION values (8267, '.', 2593, 272190.16, 4170963.31, 890.04);
insert into STATION values (8268, '.', 2593, 272181.85, 4170967.52, 889.92);
insert into STATION values (8269, '.', 2593, 272184.90, 4170965.67, 889.26);
insert into STATION values (8270, '91', 2593, 272198.76, 4170963.18, 888.51);
insert into STATION values (8271, '.', 2593, 272198.65, 4170960.70, 889.14);
insert into STATION values (8272, '.', 2593, 272198.94, 4170961.99, 888.27);
insert into STATION values (8273, '.', 2593, 272198.76, 4170963.28, 889.62);
insert into STATION values (8274, '.', 2593, 272199.15, 4170964.75, 887.13);
insert into STATION values (8275, '.', 2593, 272199.91, 4170970.00, 889.49);
insert into STATION values (8276, '.', 2593, 272199.17, 4170964.84, 889.78);
insert into STATION values (8277, '.', 2593, 272204.41, 4170966.05, 886.54);
insert into STATION values (8278, '.', 2593, 272210.75, 4170966.23, 885.94);
insert into STATION values (8279, '.', 2593, 272209.98, 4170964.79, 890.69);
insert into STATION values (8280, '.', 2593, 272202.51, 4170964.56, 890.70);
insert into STATION values (8281, '.', 2593, 272208.67, 4170969.63, 889.63);
insert into STATION values (8282, '.', 2593, 272215.87, 4170969.05, 889.80);
insert into STATION values (8283, '.', 2593, 272206.54, 4170962.42, 889.22);
insert into STATION values (8284, '.', 2593, 272192.95, 4170960.56, 889.03);
insert into STATION values (8285, '.', 2593, 272196.72, 4170960.44, 889.25);
insert into STATION values (8286, '.', 2593, 272195.87, 4170963.54, 889.25);
insert into STATION values (8287, '.', 2593, 272190.82, 4170963.67, 887.10);
insert into STATION values (8288, '.', 2593, 272193.58, 4170967.72, 889.82);
insert into STATION values (8289, 'B32', 2593, 272215.06, 4170966.16, 887.89);
insert into STATION values (8290, '.', 2593, 272210.09, 4170958.97, 887.16);
insert into STATION values (8291, '.', 2593, 272210.41, 4170961.44, 885.23);
insert into STATION values (8292, '.', 2593, 272212.36, 4170962.41, 885.63);
insert into STATION values (8293, '.', 2593, 272212.50, 4170958.85, 885.86);
insert into STATION values (8294, '.', 2593, 272214.94, 4170963.75, 890.73);
insert into STATION values (8295, '.', 2593, 272217.88, 4170960.01, 889.65);
insert into STATION values (8296, '.', 2593, 272218.88, 4170957.70, 887.32);
insert into STATION values (8297, '.', 2593, 272216.13, 4170962.22, 886.88);
insert into STATION values (8298, '.', 2593, 272216.19, 4170959.08, 887.79);
insert into STATION values (8299, '.', 2593, 272215.73, 4170956.70, 888.92);
insert into STATION values (8300, '.', 2593, 272226.42, 4170955.95, 890.36);
insert into STATION values (8301, '.', 2593, 272221.46, 4170964.10, 890.18);
insert into STATION values (8302, '.', 2593, 272217.95, 4170950.93, 889.11);
insert into STATION values (8303, '.', 2593, 272213.54, 4170971.36, 890.26);
insert into STATION values (8304, '.', 2593, 272212.46, 4170966.88, 891.02);
insert into STATION values (8305, '.', 2593, 272206.99, 4170966.75, 890.91);
insert into STATION values (8306, '.', 2593, 272206.64, 4170969.64, 890.66);
insert into STATION values (8307, '.', 2593, 272208.70, 4170961.46, 890.47);
insert into STATION values (8308, '93', 2593, 272210.03, 4170959.25, 884.38);
insert into STATION values (8309, '.', 2593, 272211.31, 4170957.67, 884.45);
insert into STATION values (8310, '.', 2593, 272210.04, 4170959.27, 883.95);
insert into STATION values (8311, '.', 2593, 272209.97, 4170959.09, 884.63);
insert into STATION values (8312, '.', 2593, 272207.13, 4170960.12, 883.17);
insert into STATION values (8313, '.', 2593, 272206.58, 4170955.15, 881.60);
insert into STATION values (8314, '.', 2593, 272209.48, 4170957.51, 882.81);
insert into STATION values (8315, '.', 2593, 272209.82, 4170957.44, 884.85);
insert into STATION values (8316, '.', 2593, 272210.15, 4170957.00, 883.64);
insert into STATION values (8317, '94', 2593, 272208.69, 4170947.99, 878.07);
insert into STATION values (8318, '95', 2593, 272225.36, 4170945.65, 888.87);
insert into STATION values (8319, '.', 2593, 272218.96, 4170942.78, 892.31);
insert into STATION values (8320, '.', 2593, 272222.79, 4170945.23, 896.88);
insert into STATION values (8321, '.', 2593, 272225.19, 4170941.96, 889.57);
insert into STATION values (8322, '.', 2593, 272225.47, 4170943.47, 887.27);
insert into STATION values (8323, '.', 2593, 272231.56, 4170939.54, 894.00);
insert into STATION values (8324, '.', 2593, 272233.41, 4170944.29, 895.60);
insert into STATION values (8325, '.', 2593, 272227.74, 4170943.27, 887.33);
insert into STATION values (8326, '.', 2593, 272222.93, 4170948.62, 887.11);
insert into STATION values (8327, '.', 2593, 272218.55, 4170956.19, 887.06);
insert into STATION values (8328, '.', 2593, 272217.66, 4170951.63, 889.64);
insert into STATION values (8329, '.', 2593, 272226.24, 4170955.27, 890.42);
insert into STATION values (8330, '96', 2593, 272225.92, 4170945.11, 888.65);
insert into STATION values (8331, '.', 2593, 272226.18, 4170944.70, 887.02);
insert into STATION values (8332, '.', 2593, 272225.32, 4170941.43, 888.73);
insert into STATION values (8333, '.', 2593, 272225.99, 4170944.08, 896.69);
insert into STATION values (8334, 'B33', 2593, 272232.07, 4170941.67, 888.33);
insert into STATION values (8335, '.', 2593, 272232.00, 4170941.55, 887.94);
insert into STATION values (8336, '.', 2593, 272231.56, 4170938.90, 888.99);
insert into STATION values (8337, '.', 2593, 272235.48, 4170942.21, 897.77);
insert into STATION values (8338, '.', 2593, 272236.43, 4170943.72, 896.12);
insert into STATION values (8339, '.', 2593, 272235.56, 4170940.12, 896.32);
insert into STATION values (8340, '.', 2593, 272233.11, 4170945.78, 890.88);
insert into STATION values (8341, '.', 2593, 272232.70, 4170943.05, 888.32);
insert into STATION values (8342, '.', 2593, 272232.10, 4170938.43, 886.61);
insert into STATION values (8343, '.', 2593, 272229.28, 4170938.95, 886.56);
insert into STATION values (8344, '.', 2593, 272227.09, 4170940.38, 888.13);
insert into STATION values (8345, '.', 2593, 272228.20, 4170942.67, 887.67);
insert into STATION values (8346, '.', 2593, 272224.50, 4170941.44, 895.01);
insert into STATION values (8347, '98', 2593, 272230.20, 4170936.72, 885.04);
insert into STATION values (8348, '.', 2593, 272229.15, 4170936.52, 884.98);
insert into STATION values (8349, '.', 2593, 272229.98, 4170936.89, 885.51);
insert into STATION values (8350, '.', 2593, 272230.03, 4170936.42, 884.46);
insert into STATION values (8351, '.', 2593, 272231.88, 4170937.08, 885.14);
insert into STATION values (8352, '.', 2593, 272230.46, 4170937.41, 886.26);
insert into STATION values (8353, '.', 2593, 272230.68, 4170938.59, 885.90);
insert into STATION values (8354, '.', 2593, 272231.34, 4170937.66, 885.30);
insert into STATION values (8355, '.', 2593, 272234.07, 4170935.26, 884.93);
insert into STATION values (8356, '.', 2593, 272234.62, 4170932.90, 884.72);
insert into STATION values (8357, '.', 2593, 272232.65, 4170933.88, 885.22);
insert into STATION values (8358, '.', 2593, 272231.78, 4170934.54, 883.99);
insert into STATION values (8359, '.', 2593, 272229.96, 4170932.54, 884.42);
insert into STATION values (8360, '99', 2593, 272235.22, 4170929.54, 884.87);
insert into STATION values (8361, '72a', 2593, 272133.35, 4170963.48, 883.11);
insert into STATION values (8362, '.', 2593, 272133.25, 4170962.87, 883.11);
insert into STATION values (8363, '.', 2593, 272133.29, 4170963.29, 884.04);
insert into STATION values (8364, '.', 2593, 272133.46, 4170963.36, 882.25);
insert into STATION values (8365, '72b', 2593, 272134.50, 4170962.64, 881.89);
insert into STATION values (8366, '.', 2593, 272134.61, 4170962.98, 881.85);
insert into STATION values (8367, '.', 2593, 272134.47, 4170962.63, 882.18);
insert into STATION values (8368, '.', 2593, 272133.97, 4170962.49, 881.99);
insert into STATION values (8369, '.', 2593, 272134.29, 4170962.55, 881.52);
insert into STATION values (8370, '72c', 2593, 272139.01, 4170962.06, 881.70);
insert into STATION values (8371, '.', 2593, 272139.43, 4170962.49, 881.82);
insert into STATION values (8372, '.', 2593, 272139.35, 4170961.81, 882.48);
insert into STATION values (8373, '.', 2593, 272139.62, 4170961.61, 882.85);
insert into STATION values (8374, '.', 2593, 272138.95, 4170961.52, 881.74);
insert into STATION values (8375, '.', 2593, 272138.94, 4170961.98, 880.97);
insert into STATION values (8376, 'PTR_FR24_B18_00', 3053, 272141.89, 4170868.93, 880.51);
insert into STATION values (8377, '.', 3053, 272147.54, 4170873.72, 881.40);
insert into STATION values (8378, '.', 3053, 272153.93, 4170876.07, 883.18);
insert into STATION values (8379, '.', 3053, 272144.85, 4170883.71, 882.81);
insert into STATION values (8380, '.', 3053, 272140.28, 4170879.75, 881.64);
insert into STATION values (8381, '.', 3053, 272132.16, 4170873.17, 881.94);
insert into STATION values (8382, '.', 3053, 272132.86, 4170868.63, 881.81);
insert into STATION values (8383, '.', 3053, 272130.55, 4170863.07, 882.53);
insert into STATION values (8384, '.', 3053, 272136.30, 4170857.94, 882.37);
insert into STATION values (8385, '.', 3053, 272144.15, 4170862.99, 881.63);
insert into STATION values (8386, '.', 3053, 272145.89, 4170862.17, 882.51);
insert into STATION values (8387, '.', 3053, 272147.67, 4170864.86, 882.06);
insert into STATION values (8388, '.', 3053, 272142.12, 4170869.18, 879.90);
insert into STATION values (8389, '.', 3053, 272142.70, 4170868.88, 884.19);
insert into STATION values (8390, '1', 3053, 272162.43, 4170871.48, 881.69);
insert into STATION values (8391, '.', 3053, 272159.80, 4170876.65, 882.38);
insert into STATION values (8392, '.', 3053, 272157.73, 4170874.14, 882.30);
insert into STATION values (8393, '.', 3053, 272168.79, 4170872.33, 882.10);
insert into STATION values (8394, '.', 3053, 272168.96, 4170865.28, 883.13);
insert into STATION values (8395, '.', 3053, 272163.84, 4170863.29, 882.43);
insert into STATION values (8396, '.', 3053, 272159.42, 4170864.02, 882.06);
insert into STATION values (8397, '.', 3053, 272155.55, 4170865.06, 882.45);
insert into STATION values (8398, '.', 3053, 272162.73, 4170871.40, 880.09);
insert into STATION values (8399, '.', 3053, 272163.84, 4170870.17, 884.54);
insert into STATION values (8400, '2', 3053, 272172.08, 4170878.19, 878.97);
insert into STATION values (8401, '.', 3053, 272179.13, 4170882.69, 878.52);
insert into STATION values (8402, '.', 3053, 272172.82, 4170881.96, 879.63);
insert into STATION values (8403, '.', 3053, 272168.18, 4170882.63, 879.50);
insert into STATION values (8404, '.', 3053, 272180.38, 4170874.19, 879.81);
insert into STATION values (8405, '.', 3053, 272174.34, 4170872.13, 879.73);
insert into STATION values (8406, '.', 3053, 272168.59, 4170873.62, 879.19);
insert into STATION values (8407, '.', 3053, 272172.34, 4170878.41, 878.76);
insert into STATION values (8408, '.', 3053, 272173.79, 4170877.68, 881.49);
insert into STATION values (8409, '.', 3053, 272174.17, 4170911.02, 888.59);
insert into STATION values (8410, '.', 3053, 272165.04, 4170899.31, 885.44);
insert into STATION values (8411, '.', 3053, 272145.10, 4170888.74, 881.30);
insert into STATION values (8412, '.', 3053, 272161.95, 4170879.02, 879.66);
insert into STATION values (8413, 'PTR_FR24_A62_3', 3053, 272191.50, 4170885.70, 878.89);
insert into STATION values (8414, '.', 3053, 272202.09, 4170885.84, 881.88);
insert into STATION values (8415, '.', 3053, 272196.08, 4170881.08, 880.45);
insert into STATION values (8416, '.', 3053, 272188.91, 4170877.43, 879.48);
insert into STATION values (8417, '.', 3053, 272184.00, 4170877.24, 879.66);
insert into STATION values (8418, '.', 3053, 272163.28, 4170903.16, 881.79);
insert into STATION values (8419, '.', 3053, 272169.78, 4170909.94, 882.71);
insert into STATION values (8420, '.', 3053, 272179.27, 4170909.85, 882.79);
insert into STATION values (8421, '.', 3053, 272187.51, 4170894.86, 879.97);
insert into STATION values (8422, '.', 3053, 272194.42, 4170892.62, 879.77);
insert into STATION values (8423, '.', 3053, 272191.38, 4170885.85, 878.45);
insert into STATION values (8424, '.', 3053, 272191.06, 4170885.93, 885.13);
insert into STATION values (8425, '4', 3053, 272197.01, 4170891.61, 880.73);
insert into STATION values (8426, '.', 3053, 272197.42, 4170894.08, 880.74);
insert into STATION values (8427, '.', 3053, 272199.90, 4170893.26, 880.87);
insert into STATION values (8428, '.', 3053, 272196.24, 4170892.15, 880.63);
insert into STATION values (8429, '.', 3053, 272198.90, 4170889.69, 880.50);
insert into STATION values (8430, '.', 3053, 272197.28, 4170889.08, 880.22);
insert into STATION values (8431, '.', 3053, 272193.43, 4170880.00, 878.98);
insert into STATION values (8432, '.', 3053, 272201.95, 4170889.40, 880.60);
insert into STATION values (8433, '.', 3053, 272197.21, 4170891.63, 879.20);
insert into STATION values (8434, '.', 3053, 272202.25, 4170890.43, 893.51);
insert into STATION values (8435, '5', 3053, 272210.44, 4170891.64, 879.66);
insert into STATION values (8436, '.', 3053, 272209.30, 4170888.84, 879.73);
insert into STATION values (8437, '.', 3053, 272212.93, 4170888.42, 880.00);
insert into STATION values (8438, '.', 3053, 272216.10, 4170888.70, 879.72);
insert into STATION values (8439, '.', 3053, 272220.01, 4170885.69, 877.83);
insert into STATION values (8440, '.', 3053, 272233.81, 4170888.38, 881.10);
insert into STATION values (8441, '.', 3053, 272235.75, 4170897.00, 880.74);
insert into STATION values (8442, '.', 3053, 272237.24, 4170906.11, 881.04);
insert into STATION values (8443, '.', 3053, 272230.92, 4170910.84, 881.52);
insert into STATION values (8444, '.', 3053, 272221.08, 4170908.31, 881.18);
insert into STATION values (8445, '.', 3053, 272212.22, 4170909.61, 882.64);
insert into STATION values (8446, '.', 3053, 272205.28, 4170912.12, 882.21);
insert into STATION values (8447, '.', 3053, 272201.65, 4170913.01, 882.33);
insert into STATION values (8448, '.', 3053, 272210.44, 4170892.03, 878.55);
insert into STATION values (8449, '.', 3053, 272208.39, 4170894.77, 892.96);
insert into STATION values (8450, '6', 3053, 272239.93, 4170903.11, 880.93);
insert into STATION values (8451, '.', 3053, 272217.71, 4170886.70, 882.23);
insert into STATION values (8452, '.', 3053, 272221.97, 4170907.64, 881.77);
insert into STATION values (8453, '.', 3053, 272237.49, 4170906.45, 880.71);
insert into STATION values (8454, '.', 3053, 272240.22, 4170904.47, 880.86);
insert into STATION values (8455, '.', 3053, 272240.64, 4170902.84, 881.02);
insert into STATION values (8456, '.', 3053, 272240.05, 4170901.78, 880.94);
insert into STATION values (8457, '.', 3053, 272239.63, 4170903.32, 884.28);
insert into STATION values (8458, '.', 3053, 272239.72, 4170903.52, 879.51);
insert into STATION values (8459, '7', 3053, 272210.91, 4170904.45, 881.05);
insert into STATION values (8460, '.', 3053, 272195.39, 4170913.76, 880.89);
insert into STATION values (8461, '.', 3053, 272204.82, 4170913.01, 881.06);
insert into STATION values (8462, '.', 3053, 272210.19, 4170911.02, 881.16);
insert into STATION values (8463, '.', 3053, 272219.02, 4170907.24, 881.03);
insert into STATION values (8464, '.', 3053, 272236.35, 4170898.98, 880.09);
insert into STATION values (8465, '.', 3053, 272234.08, 4170890.72, 880.95);
insert into STATION values (8466, '.', 3053, 272230.52, 4170880.29, 880.07);
insert into STATION values (8467, '.', 3053, 272217.53, 4170887.94, 879.99);
insert into STATION values (8468, '.', 3053, 272209.80, 4170888.69, 880.33);
insert into STATION values (8469, '.', 3053, 272201.82, 4170889.75, 884.75);
insert into STATION values (8470, '.', 3053, 272209.69, 4170904.22, 879.86);
insert into STATION values (8471, '.', 3053, 272199.07, 4170900.80, 894.25);
insert into STATION values (8472, '.', 3053, 272210.42, 4170902.98, 885.66);
insert into STATION values (8473, '.', 3053, 272211.28, 4170902.77, 884.92);
insert into STATION values (8474, '.', 3053, 272210.60, 4170902.74, 884.98);
insert into STATION values (8475, '8', 3053, 272205.11, 4170909.17, 880.18);
insert into STATION values (8476, '.', 3053, 272210.89, 4170910.95, 880.49);
insert into STATION values (8477, '.', 3053, 272206.50, 4170912.57, 879.94);
insert into STATION values (8478, '.', 3053, 272202.39, 4170914.03, 880.23);
insert into STATION values (8479, '.', 3053, 272194.64, 4170912.68, 879.86);
insert into STATION values (8480, '.', 3053, 272186.91, 4170911.29, 879.74);
insert into STATION values (8481, '.', 3053, 272223.37, 4170886.49, 883.19);
insert into STATION values (8482, '.', 3053, 272205.05, 4170910.58, 878.42);
insert into STATION values (8483, '.', 3053, 272205.92, 4170909.76, 884.02);
insert into STATION values (8484, '.', 3053, 272206.98, 4170905.43, 892.31);
insert into STATION values (8485, '9', 3053, 272204.38, 4170920.23, 877.01);
insert into STATION values (8486, '.', 3053, 272208.11, 4170924.68, 877.63);
insert into STATION values (8487, '.', 3053, 272204.07, 4170930.47, 877.94);
insert into STATION values (8488, '.', 3053, 272200.94, 4170931.24, 878.18);
insert into STATION values (8489, '.', 3053, 272197.19, 4170925.60, 878.01);
insert into STATION values (8490, '.', 3053, 272196.65, 4170920.04, 876.90);
insert into STATION values (8491, '.', 3053, 272200.74, 4170916.37, 877.16);
insert into STATION values (8492, '.', 3053, 272209.39, 4170914.66, 877.84);
insert into STATION values (8493, '.', 3053, 272204.11, 4170920.04, 876.48);
insert into STATION values (8494, '.', 3053, 272203.83, 4170919.96, 878.88);
insert into STATION values (8495, '10', 3053, 272182.68, 4170913.61, 877.20);
insert into STATION values (8496, '.', 3053, 272182.66, 4170913.00, 877.22);
insert into STATION values (8497, '.', 3053, 272182.70, 4170914.30, 877.22);
insert into STATION values (8498, '.', 3053, 272182.59, 4170913.61, 877.64);
insert into STATION values (8499, '.', 3053, 272182.64, 4170913.55, 876.65);
insert into STATION values (8500, '11', 3053, 272179.72, 4170909.27, 881.56);
insert into STATION values (8501, '.', 3053, 272179.67, 4170910.08, 881.62);
insert into STATION values (8502, '.', 3053, 272168.89, 4170909.90, 882.60);
insert into STATION values (8503, '.', 3053, 272163.73, 4170905.94, 882.70);
insert into STATION values (8504, '.', 3053, 272164.80, 4170903.41, 881.87);
insert into STATION values (8505, '.', 3053, 272188.70, 4170877.88, 879.85);
insert into STATION values (8506, '.', 3053, 272191.49, 4170880.23, 879.92);
insert into STATION values (8507, '.', 3053, 272179.81, 4170908.90, 880.27);
insert into STATION values (8508, '.', 3053, 272176.31, 4170908.13, 892.56);
insert into STATION values (8509, '12', 3053, 272160.68, 4170900.48, 881.39);
insert into STATION values (8510, '.', 3053, 272161.23, 4170904.21, 881.37);
insert into STATION values (8511, '.', 3053, 272151.83, 4170907.73, 881.81);
insert into STATION values (8512, '.', 3053, 272139.66, 4170887.92, 881.44);
insert into STATION values (8513, '.', 3053, 272163.07, 4170896.08, 878.49);
insert into STATION values (8514, '.', 3053, 272161.64, 4170900.54, 887.14);
insert into STATION values (8515, 'PTR_FR24_B19_13', 3053, 272151.04, 4170900.53, 881.22);
insert into STATION values (8516, '.', 3053, 272161.74, 4170903.69, 881.96);
insert into STATION values (8517, '.', 3053, 272156.57, 4170906.69, 881.77);
insert into STATION values (8518, '.', 3053, 272151.32, 4170907.71, 881.65);
insert into STATION values (8519, '.', 3053, 272145.62, 4170910.41, 881.24);
insert into STATION values (8520, '.', 3053, 272140.12, 4170919.86, 883.36);
insert into STATION values (8521, '.', 3053, 272128.68, 4170919.59, 884.62);
insert into STATION values (8522, '.', 3053, 272125.05, 4170909.65, 883.82);
insert into STATION values (8523, '.', 3053, 272131.58, 4170896.09, 881.57);
insert into STATION values (8524, '.', 3053, 272141.11, 4170888.47, 881.60);
insert into STATION values (8525, '.', 3053, 272144.75, 4170886.10, 882.65);
insert into STATION values (8526, '.', 3053, 272143.72, 4170883.90, 881.63);
insert into STATION values (8527, '.', 3053, 272148.44, 4170899.28, 879.42);
insert into STATION values (8528, '.', 3053, 272150.18, 4170901.40, 887.19);
insert into STATION values (8529, 'PTR_FR24_B13_00', 3104, 272209.14, 4170797.51, 879.35);
insert into STATION values (8530, '.', 3104, 272210.63, 4170788.38, 881.25);
insert into STATION values (8531, '.', 3104, 272216.57, 4170785.36, 880.40);
insert into STATION values (8532, '.', 3104, 272222.99, 4170787.94, 879.94);
insert into STATION values (8533, '.', 3104, 272234.81, 4170806.32, 879.40);
insert into STATION values (8534, '.', 3104, 272222.35, 4170812.10, 880.45);
insert into STATION values (8535, '.', 3104, 272214.73, 4170817.72, 880.38);
insert into STATION values (8536, '.', 3104, 272195.14, 4170802.32, 880.62);
insert into STATION values (8537, '.', 3104, 272181.68, 4170793.18, 880.71);
insert into STATION values (8538, '.', 3104, 272188.40, 4170786.32, 880.01);
insert into STATION values (8539, '.', 3104, 272207.87, 4170796.22, 877.04);
insert into STATION values (8540, '.', 3104, 272208.37, 4170797.78, 884.90);
insert into STATION values (8541, '1', 3104, 272233.88, 4170788.67, 878.46);
insert into STATION values (8542, '.', 3104, 272225.08, 4170786.43, 880.54);
insert into STATION values (8543, '.', 3104, 272229.12, 4170777.63, 881.05);
insert into STATION values (8544, '.', 3104, 272236.95, 4170775.94, 880.46);
insert into STATION values (8545, '.', 3104, 272247.13, 4170773.62, 879.19);
insert into STATION values (8546, '.', 3104, 272252.62, 4170779.10, 879.52);
insert into STATION values (8547, '.', 3104, 272255.51, 4170783.29, 879.86);
insert into STATION values (8548, '.', 3104, 272244.53, 4170800.15, 878.95);
insert into STATION values (8549, '.', 3104, 272240.41, 4170802.45, 879.39);
insert into STATION values (8550, '.', 3104, 272234.29, 4170788.62, 877.59);
insert into STATION values (8551, '.', 3104, 272234.12, 4170790.08, 883.28);
insert into STATION values (8552, '2', 3104, 272254.91, 4170793.02, 879.42);
insert into STATION values (8553, '.', 3104, 272256.27, 4170786.40, 879.84);
insert into STATION values (8554, '.', 3104, 272266.92, 4170785.33, 880.02);
insert into STATION values (8555, '.', 3104, 272258.68, 4170797.04, 879.33);
insert into STATION values (8556, '.', 3104, 272253.02, 4170797.04, 879.38);
insert into STATION values (8557, '.', 3104, 272247.54, 4170796.13, 879.98);
insert into STATION values (8558, '.', 3104, 272254.98, 4170793.06, 877.93);
insert into STATION values (8559, '.', 3104, 272254.57, 4170791.75, 885.22);
insert into STATION values (8560, '3', 3104, 272269.13, 4170794.60, 880.28);
insert into STATION values (8561, '.', 3104, 272264.90, 4170785.68, 880.11);
insert into STATION values (8562, '.', 3104, 272259.28, 4170784.46, 880.40);
insert into STATION values (8563, '.', 3104, 272271.96, 4170786.63, 882.03);
insert into STATION values (8564, '.', 3104, 272276.39, 4170800.82, 880.73);
insert into STATION values (8565, '.', 3104, 272269.35, 4170798.87, 880.30);
insert into STATION values (8566, '.', 3104, 272265.30, 4170797.37, 880.24);
insert into STATION values (8567, '.', 3104, 272269.36, 4170795.11, 879.11);
insert into STATION values (8568, '.', 3104, 272269.46, 4170794.71, 881.56);
insert into STATION values (8569, '4', 3104, 272290.74, 4170791.44, 879.81);
insert into STATION values (8570, '.', 3104, 272279.78, 4170786.37, 882.03);
insert into STATION values (8571, '.', 3104, 272284.01, 4170781.48, 881.85);
insert into STATION values (8572, '.', 3104, 272290.46, 4170778.33, 882.89);
insert into STATION values (8573, '.', 3104, 272297.92, 4170775.65, 885.45);
insert into STATION values (8574, '.', 3104, 272308.13, 4170785.47, 887.02);
insert into STATION values (8575, '.', 3104, 272299.95, 4170795.98, 885.32);
insert into STATION values (8576, '.', 3104, 272294.96, 4170795.91, 883.71);
insert into STATION values (8577, '.', 3104, 272291.95, 4170801.48, 883.49);
insert into STATION values (8578, '.', 3104, 272284.06, 4170807.93, 882.41);
insert into STATION values (8579, '.', 3104, 272289.67, 4170791.18, 878.43);
insert into STATION values (8580, '.', 3104, 272291.70, 4170792.08, 885.67);
insert into STATION values (8581, 'PTR_FR24_A64_5', 3104, 272299.92, 4170784.09, 882.37);
insert into STATION values (8582, '.', 3104, 272303.27, 4170775.25, 885.44);
insert into STATION values (8583, '.', 3104, 272297.90, 4170776.40, 884.07);
insert into STATION values (8584, '.', 3104, 272292.56, 4170777.26, 883.88);
insert into STATION values (8585, '.', 3104, 272285.07, 4170780.78, 884.02);
insert into STATION values (8586, '.', 3104, 272315.30, 4170785.72, 887.60);
insert into STATION values (8587, '.', 3104, 272303.87, 4170803.57, 886.23);
insert into STATION values (8588, '.', 3104, 272295.75, 4170803.32, 887.49);
insert into STATION values (8589, '.', 3104, 272292.55, 4170796.15, 884.45);
insert into STATION values (8590, '.', 3104, 272299.13, 4170784.32, 881.07);
insert into STATION values (8591, '.', 3104, 272300.42, 4170783.82, 887.15);
insert into STATION values (8592, '6', 3104, 272305.60, 4170775.87, 886.16);
insert into STATION values (8593, '.', 3104, 272306.76, 4170777.74, 887.68);
insert into STATION values (8594, '.', 3104, 272306.94, 4170775.54, 886.77);
insert into STATION values (8595, '.', 3104, 272307.12, 4170774.05, 886.49);
insert into STATION values (8596, '.', 3104, 272306.33, 4170772.36, 889.37);
insert into STATION values (8597, '.', 3104, 272303.45, 4170774.34, 886.87);
insert into STATION values (8598, '.', 3104, 272298.60, 4170775.63, 886.79);
insert into STATION values (8599, '.', 3104, 272305.64, 4170775.94, 884.80);
insert into STATION values (8600, '.', 3104, 272304.91, 4170775.12, 895.73);
insert into STATION values (8601, '7', 3104, 272325.21, 4170765.98, 885.93);
insert into STATION values (8602, '.', 3104, 272328.70, 4170767.90, 887.12);
insert into STATION values (8603, '.', 3104, 272325.39, 4170769.55, 886.76);
insert into STATION values (8604, '.', 3104, 272325.43, 4170763.30, 886.44);
insert into STATION values (8605, '.', 3104, 272328.15, 4170762.64, 886.97);
insert into STATION values (8606, '.', 3104, 272323.94, 4170764.73, 886.38);
insert into STATION values (8607, '.', 3104, 272322.42, 4170766.03, 886.21);
insert into STATION values (8608, '.', 3104, 272324.16, 4170766.41, 884.47);
insert into STATION values (8609, '.', 3104, 272325.42, 4170765.86, 890.32);
insert into STATION values (8610, '8', 3104, 272334.27, 4170760.02, 887.55);
insert into STATION values (8611, '.', 3104, 272340.48, 4170755.09, 891.27);
insert into STATION values (8612, '.', 3104, 272331.90, 4170758.13, 890.11);
insert into STATION values (8613, '.', 3104, 272328.49, 4170761.36, 889.19);
insert into STATION values (8614, '.', 3104, 272337.00, 4170761.42, 887.54);
insert into STATION values (8615, '.', 3104, 272334.57, 4170761.50, 887.73);
insert into STATION values (8616, '.', 3104, 272330.45, 4170765.43, 887.04);
insert into STATION values (8617, '.', 3104, 272329.55, 4170765.68, 888.52);
insert into STATION values (8618, '.', 3104, 272334.26, 4170760.41, 886.21);
insert into STATION values (8619, '.', 3104, 272333.96, 4170760.61, 892.56);
insert into STATION values (8620, '9', 3104, 272345.37, 4170755.28, 886.35);
insert into STATION values (8621, '.', 3104, 272347.21, 4170758.49, 887.77);
insert into STATION values (8622, '.', 3104, 272349.02, 4170756.32, 887.18);
insert into STATION values (8623, '.', 3104, 272344.39, 4170759.95, 887.45);
insert into STATION values (8624, '.', 3104, 272338.79, 4170762.10, 887.90);
insert into STATION values (8625, '.', 3104, 272334.14, 4170761.96, 887.95);
insert into STATION values (8626, '.', 3104, 272336.66, 4170757.83, 888.46);
insert into STATION values (8627, '.', 3104, 272340.14, 4170755.04, 888.12);
insert into STATION values (8628, '.', 3104, 272342.74, 4170752.59, 887.74);
insert into STATION values (8629, '.', 3104, 272345.41, 4170754.97, 885.82);
insert into STATION values (8630, '.', 3104, 272344.67, 4170754.70, 891.01);
insert into STATION values (8631, 'PTR_FR24_A79_10', 3104, 272361.86, 4170750.19, 881.24);
insert into STATION values (8632, '.', 3104, 272372.59, 4170748.13, 882.15);
insert into STATION values (8633, '.', 3104, 272378.15, 4170760.27, 882.21);
insert into STATION values (8634, '.', 3104, 272374.30, 4170766.04, 879.23);
insert into STATION values (8635, '.', 3104, 272367.85, 4170778.76, 880.42);
insert into STATION values (8636, '.', 3104, 272359.03, 4170780.41, 877.67);
insert into STATION values (8637, '.', 3104, 272363.21, 4170748.70, 879.87);
insert into STATION values (8638, '.', 3104, 272363.35, 4170748.93, 885.27);
insert into STATION values (8639, '.', 3104, 272364.74, 4170743.77, 894.37);
insert into STATION values (8640, '11', 3104, 272366.50, 4170736.90, 878.37);
insert into STATION values (8641, '.', 3104, 272371.20, 4170737.99, 878.71);
insert into STATION values (8642, '.', 3104, 272373.46, 4170733.27, 879.74);
insert into STATION values (8643, '.', 3104, 272369.27, 4170741.10, 878.88);
insert into STATION values (8644, '.', 3104, 272366.19, 4170742.33, 878.73);
insert into STATION values (8645, '.', 3104, 272363.51, 4170728.44, 877.73);
insert into STATION values (8646, '.', 3104, 272360.95, 4170734.51, 878.59);
insert into STATION values (8647, '.', 3104, 272362.39, 4170741.83, 878.95);
insert into STATION values (8648, '.', 3104, 272366.98, 4170739.60, 876.54);
insert into STATION values (8649, '.', 3104, 272366.34, 4170737.42, 879.88);
insert into STATION values (8650, '.', 3104, 272367.42, 4170740.72, 884.06);
insert into STATION values (8651, '12', 3104, 272372.47, 4170732.99, 879.27);
insert into STATION values (8652, '.', 3104, 272373.92, 4170731.68, 879.68);
insert into STATION values (8653, '.', 3104, 272373.76, 4170734.37, 879.87);
insert into STATION values (8654, '.', 3104, 272372.93, 4170736.39, 880.12);
insert into STATION values (8655, '.', 3104, 272369.72, 4170726.95, 879.45);
insert into STATION values (8656, '.', 3104, 272364.74, 4170728.71, 882.20);
insert into STATION values (8657, '.', 3104, 272366.58, 4170736.42, 878.35);
insert into STATION values (8658, '.', 3104, 272360.15, 4170740.67, 878.69);
insert into STATION values (8659, '.', 3104, 272367.69, 4170742.08, 879.60);
insert into STATION values (8660, '.', 3104, 272370.43, 4170734.62, 877.18);
insert into STATION values (8661, '.', 3104, 272371.47, 4170733.61, 884.42);
insert into STATION values (8662, '13', 3104, 272383.60, 4170733.93, 881.52);
insert into STATION values (8663, '14', 3104, 272370.59, 4170726.39, 879.60);
insert into STATION values (8664, '.', 3104, 272372.95, 4170730.92, 879.56);
insert into STATION values (8665, '.', 3104, 272373.65, 4170728.38, 879.27);
insert into STATION values (8666, '.', 3104, 272375.71, 4170726.59, 879.20);
insert into STATION values (8667, '.', 3104, 272378.97, 4170723.22, 878.18);
insert into STATION values (8668, '.', 3104, 272365.30, 4170729.55, 882.81);
insert into STATION values (8669, '.', 3104, 272369.63, 4170726.09, 880.36);
insert into STATION values (8670, '.', 3104, 272369.81, 4170724.53, 879.74);
insert into STATION values (8671, '.', 3104, 272372.73, 4170727.17, 875.48);
insert into STATION values (8672, '.', 3104, 272371.93, 4170728.34, 882.51);
insert into STATION values (8673, 'PTR_FR24_A65_15', 3104, 272379.01, 4170719.58, 876.93);
insert into STATION values (8674, '.', 3104, 272383.54, 4170721.15, 877.64);
insert into STATION values (8675, '.', 3104, 272380.26, 4170720.98, 877.32);
insert into STATION values (8676, '.', 3104, 272379.41, 4170723.04, 878.08);
insert into STATION values (8677, '.', 3104, 272377.35, 4170714.15, 880.01);
insert into STATION values (8678, '.', 3104, 272374.64, 4170717.35, 879.86);
insert into STATION values (8679, '.', 3104, 272370.37, 4170725.73, 880.03);
insert into STATION values (8680, '.', 3104, 272375.57, 4170719.63, 876.92);
insert into STATION values (8681, '16', 3104, 272399.28, 4170714.21, 873.72);
insert into STATION values (8682, '17', 3104, 272406.89, 4170695.70, 875.65);
insert into STATION values (8683, '.', 3104, 272405.91, 4170692.50, 876.33);
insert into STATION values (8684, '.', 3104, 272403.94, 4170694.53, 876.33);
insert into STATION values (8685, '.', 3104, 272402.56, 4170697.31, 876.14);
insert into STATION values (8686, '.', 3104, 272415.17, 4170696.14, 876.55);
insert into STATION values (8687, '.', 3104, 272414.29, 4170701.73, 875.72);
insert into STATION values (8688, '.', 3104, 272409.83, 4170703.27, 875.85);
insert into STATION values (8689, '.', 3104, 272409.80, 4170707.61, 875.91);
insert into STATION values (8690, '.', 3104, 272408.64, 4170696.23, 874.12);
insert into STATION values (8691, '.', 3104, 272407.34, 4170695.16, 877.98);
insert into STATION values (8692, '18', 3104, 272413.91, 4170686.98, 875.28);
insert into STATION values (8693, '.', 3104, 272414.49, 4170686.99, 875.03);
insert into STATION values (8694, '.', 3104, 272414.98, 4170685.10, 875.52);
insert into STATION values (8695, '.', 3104, 272413.80, 4170690.09, 875.46);
insert into STATION values (8696, '.', 3104, 272408.73, 4170680.50, 876.46);
insert into STATION values (8697, '.', 3104, 272407.70, 4170688.69, 877.02);
insert into STATION values (8698, '.', 3104, 272406.11, 4170693.22, 876.83);
insert into STATION values (8699, '.', 3104, 272413.23, 4170687.08, 873.90);
insert into STATION values (8700, '.', 3104, 272414.02, 4170687.29, 877.10);
insert into STATION values (8701, '19', 3104, 272414.20, 4170669.35, 876.27);
insert into STATION values (8702, '.', 3104, 272412.33, 4170667.54, 878.05);
insert into STATION values (8703, '.', 3104, 272416.28, 4170665.50, 876.18);
insert into STATION values (8704, '.', 3104, 272408.48, 4170673.59, 878.27);
insert into STATION values (8705, '.', 3104, 272427.49, 4170666.46, 875.89);
insert into STATION values (8706, '.', 3104, 272421.99, 4170672.07, 875.76);
insert into STATION values (8707, '.', 3104, 272417.65, 4170673.57, 876.10);
insert into STATION values (8708, '.', 3104, 272416.03, 4170680.13, 875.48);
insert into STATION values (8709, '.', 3104, 272416.50, 4170670.07, 874.53);
insert into STATION values (8710, '.', 3104, 272415.30, 4170669.22, 879.74);
insert into STATION values (8711, '20', 3104, 272426.94, 4170660.71, 870.54);
insert into STATION values (8712, '.', 3104, 272432.78, 4170661.30, 870.70);
insert into STATION values (8713, '.', 3104, 272434.26, 4170667.63, 870.88);
insert into STATION values (8714, '.', 3104, 272430.04, 4170670.63, 870.29);
insert into STATION values (8715, '.', 3104, 272422.73, 4170679.33, 870.24);
insert into STATION values (8716, '.', 3104, 272422.63, 4170659.35, 872.07);
insert into STATION values (8717, '.', 3104, 272422.89, 4170650.71, 870.01);
insert into STATION values (8718, '.', 3104, 272426.93, 4170655.55, 870.50);
insert into STATION values (8719, '.', 3104, 272429.71, 4170652.05, 870.03);
insert into STATION values (8720, '.', 3104, 272433.26, 4170649.23, 869.60);
insert into STATION values (8721, '.', 3104, 272427.28, 4170658.11, 868.88);
insert into STATION values (8722, '.', 3104, 272427.47, 4170660.21, 877.46);
insert into STATION values (8723, '21', 3104, 272422.48, 4170679.23, 870.34);
insert into STATION values (8724, '22', 3104, 272437.93, 4170667.77, 870.88);
insert into STATION values (8725, '.', 3104, 272437.75, 4170671.69, 871.72);
insert into STATION values (8726, '.', 3104, 272439.89, 4170669.87, 871.67);
insert into STATION values (8727, '.', 3104, 272443.32, 4170667.68, 871.95);
insert into STATION values (8728, '.', 3104, 272446.59, 4170653.51, 869.30);
insert into STATION values (8729, '.', 3104, 272431.15, 4170657.58, 870.82);
insert into STATION values (8730, '.', 3104, 272425.98, 4170660.05, 870.08);
insert into STATION values (8731, '.', 3104, 272425.25, 4170663.46, 869.38);
insert into STATION values (8732, '.', 3104, 272437.45, 4170666.94, 869.65);
insert into STATION values (8733, '.', 3104, 272437.93, 4170667.08, 873.92);
insert into STATION values (8734, 'PTR_FR24_A67_23', 3104, 272445.58, 4170660.50, 869.70);
insert into STATION values (8735, '.', 3104, 272444.00, 4170667.15, 871.36);
insert into STATION values (8736, '.', 3104, 272447.03, 4170665.54, 871.37);
insert into STATION values (8737, '.', 3104, 272447.92, 4170667.99, 872.43);
insert into STATION values (8738, '.', 3104, 272454.26, 4170668.24, 872.40);
insert into STATION values (8739, '.', 3104, 272449.59, 4170661.98, 870.76);
insert into STATION values (8740, '.', 3104, 272435.97, 4170658.08, 869.78);
insert into STATION values (8741, '.', 3104, 272445.32, 4170652.45, 869.67);
insert into STATION values (8742, '.', 3104, 272448.19, 4170655.98, 869.82);
insert into STATION values (8743, '.', 3104, 272445.51, 4170659.26, 868.60);
insert into STATION values (8744, '.', 3104, 272444.97, 4170659.58, 872.14);
insert into STATION values (8745, '25', 3104, 272439.04, 4170643.75, 869.57);
insert into STATION values (8746, '.', 3104, 272448.35, 4170644.18, 869.05);
insert into STATION values (8747, '.', 3104, 272444.42, 4170645.83, 869.41);
insert into STATION values (8748, '.', 3104, 272445.75, 4170651.19, 869.50);
insert into STATION values (8749, '.', 3104, 272437.67, 4170637.35, 871.18);
insert into STATION values (8750, '.', 3104, 272438.59, 4170632.89, 872.26);
insert into STATION values (8751, '.', 3104, 272433.12, 4170641.50, 871.48);
insert into STATION values (8752, '.', 3104, 272432.51, 4170650.25, 870.78);
insert into STATION values (8753, '.', 3104, 272436.53, 4170655.42, 870.72);
insert into STATION values (8754, '.', 3104, 272439.16, 4170644.56, 868.51);
insert into STATION values (8755, '.', 3104, 272438.92, 4170643.93, 870.78);
insert into STATION values (8756, '26', 3104, 272451.15, 4170632.20, 870.16);
insert into STATION values (8757, '.', 3104, 272455.89, 4170629.93, 870.45);
insert into STATION values (8758, '.', 3104, 272457.92, 4170632.17, 870.50);
insert into STATION values (8759, '.', 3104, 272451.95, 4170636.77, 870.36);
insert into STATION values (8760, '.', 3104, 272450.95, 4170641.49, 869.80);
insert into STATION values (8761, '.', 3104, 272447.58, 4170642.26, 870.06);
insert into STATION values (8762, '.', 3104, 272446.45, 4170634.77, 870.76);
insert into STATION values (8763, '.', 3104, 272449.94, 4170632.21, 870.41);
insert into STATION values (8764, '.', 3104, 272445.13, 4170626.92, 870.96);
insert into STATION values (8765, '.', 3104, 272448.98, 4170625.95, 870.49);
insert into STATION values (8766, '.', 3104, 272452.07, 4170633.29, 868.81);
insert into STATION values (8767, '.', 3104, 272451.23, 4170632.34, 871.45);
insert into STATION values (8768, '27', 3104, 272454.80, 4170624.96, 869.97);
insert into STATION values (8769, '.', 3104, 272454.75, 4170622.84, 870.26);
insert into STATION values (8770, '.', 3104, 272457.10, 4170622.26, 870.54);
insert into STATION values (8771, '.', 3104, 272459.56, 4170623.53, 870.52);
insert into STATION values (8772, '.', 3104, 272459.63, 4170626.27, 869.81);
insert into STATION values (8773, '.', 3104, 272456.03, 4170626.19, 870.07);
insert into STATION values (8774, '.', 3104, 272454.82, 4170624.57, 869.35);
insert into STATION values (8775, '.', 3104, 272455.26, 4170624.62, 871.28);
insert into STATION values (8776, '28', 3104, 272460.13, 4170626.13, 868.96);
insert into STATION values (8777, '.', 3104, 272462.62, 4170630.08, 868.83);
insert into STATION values (8778, '.', 3104, 272460.48, 4170629.57, 868.83);
insert into STATION values (8779, '.', 3104, 272458.79, 4170628.94, 868.89);
insert into STATION values (8780, '.', 3104, 272456.05, 4170630.22, 868.84);
insert into STATION values (8781, '.', 3104, 272460.79, 4170624.95, 868.87);
insert into STATION values (8782, '.', 3104, 272459.78, 4170624.62, 869.04);
insert into STATION values (8783, '.', 3104, 272456.89, 4170622.64, 870.58);
insert into STATION values (8784, '.', 3104, 272460.22, 4170625.83, 868.28);
insert into STATION values (8785, '.', 3104, 272460.17, 4170625.63, 869.62);
insert into STATION values (8786, '.', 3104, 272464.68, 4170624.14, 868.69);
insert into STATION values (8787, 'PTR_FR24_A68_29', 3104, 272465.42, 4170623.83, 868.65);
insert into STATION values (8788, '.', 3104, 272487.41, 4170614.92, 870.06);
insert into STATION values (8789, '.', 3104, 272486.46, 4170620.25, 870.14);
insert into STATION values (8790, '.', 3104, 272490.79, 4170620.74, 869.81);
insert into STATION values (8791, '.', 3104, 272479.40, 4170628.09, 869.62);
insert into STATION values (8792, '.', 3104, 272476.51, 4170633.94, 869.96);
insert into STATION values (8793, '.', 3104, 272471.03, 4170637.54, 869.24);
insert into STATION values (8794, '.', 3104, 272461.41, 4170616.11, 868.68);
insert into STATION values (8795, '.', 3104, 272461.30, 4170621.40, 868.39);
insert into STATION values (8796, '.', 3104, 272460.74, 4170624.70, 868.60);
insert into STATION values (8797, '.', 3104, 272465.27, 4170623.75, 868.30);
insert into STATION values (8798, '.', 3104, 272465.07, 4170623.81, 869.64);
insert into STATION values (8799, '23', 3104, 272445.67, 4170660.55, 869.34);
insert into STATION values (8800, '31', 3104, 272461.49, 4170651.94, 869.27);
insert into STATION values (8801, '.', 3104, 272457.52, 4170644.70, 869.19);
insert into STATION values (8802, '.', 3104, 272460.36, 4170643.62, 868.94);
insert into STATION values (8803, '.', 3104, 272466.21, 4170646.88, 869.58);
insert into STATION values (8804, '.', 3104, 272468.03, 4170648.26, 869.65);
insert into STATION values (8805, '.', 3104, 272469.47, 4170649.80, 869.94);
insert into STATION values (8806, '.', 3104, 272469.90, 4170659.31, 873.04);
insert into STATION values (8807, '.', 3104, 272464.96, 4170662.26, 873.21);
insert into STATION values (8808, '.', 3104, 272460.95, 4170666.38, 873.34);
insert into STATION values (8809, '.', 3104, 272457.74, 4170666.11, 872.55);
insert into STATION values (8810, '.', 3104, 272462.11, 4170653.04, 868.50);
insert into STATION values (8811, '.', 3104, 272462.41, 4170652.46, 872.23);
insert into STATION values (8812, '32', 3104, 272471.31, 4170651.49, 870.46);
insert into STATION values (8813, '.', 3104, 272472.38, 4170647.96, 871.05);
insert into STATION values (8814, '.', 3104, 272469.31, 4170646.88, 872.02);
insert into STATION values (8815, '.', 3104, 272470.09, 4170650.80, 870.52);
insert into STATION values (8816, '.', 3104, 272463.42, 4170648.81, 870.42);
insert into STATION values (8817, '.', 3104, 272480.31, 4170659.41, 872.38);
insert into STATION values (8818, '.', 3104, 272473.43, 4170659.58, 872.60);
insert into STATION values (8819, '.', 3104, 272467.67, 4170659.98, 873.32);
insert into STATION values (8820, '.', 3104, 272463.07, 4170662.10, 873.52);
insert into STATION values (8821, '.', 3104, 272472.58, 4170651.56, 869.29);
insert into STATION values (8822, '.', 3104, 272471.91, 4170651.29, 872.38);
insert into STATION values (8823, '33', 3104, 272486.48, 4170650.04, 870.68);
insert into STATION values (8824, '.', 3104, 272494.25, 4170643.85, 872.77);
insert into STATION values (8825, '.', 3104, 272491.46, 4170639.25, 872.79);
insert into STATION values (8826, '.', 3104, 272492.76, 4170654.90, 874.33);
insert into STATION values (8827, '.', 3104, 272486.88, 4170657.72, 874.63);
insert into STATION values (8828, '.', 3104, 272482.39, 4170658.93, 874.83);
insert into STATION values (8829, '.', 3104, 272473.10, 4170659.86, 873.63);
insert into STATION values (8830, '.', 3104, 272474.34, 4170644.85, 871.32);
insert into STATION values (8831, '.', 3104, 272475.71, 4170639.44, 870.68);
insert into STATION values (8832, '.', 3104, 272486.04, 4170650.22, 869.54);
insert into STATION values (8833, '.', 3104, 272486.30, 4170650.61, 873.87);
insert into STATION values (8834, '34', 3104, 272480.22, 4170643.36, 871.11);
insert into STATION values (8835, '.', 3104, 272479.09, 4170638.14, 871.53);
insert into STATION values (8836, '.', 3104, 272482.75, 4170636.00, 872.52);
insert into STATION values (8837, '.', 3104, 272485.66, 4170638.44, 872.79);
insert into STATION values (8838, '.', 3104, 272492.59, 4170640.33, 873.03);
insert into STATION values (8839, '.', 3104, 272493.18, 4170646.87, 873.74);
insert into STATION values (8840, '.', 3104, 272489.96, 4170652.34, 873.54);
insert into STATION values (8841, '.', 3104, 272484.22, 4170655.23, 873.18);
insert into STATION values (8842, '.', 3104, 272480.80, 4170658.93, 873.69);
insert into STATION values (8843, '.', 3104, 272475.18, 4170660.00, 873.71);
insert into STATION values (8844, '.', 3104, 272474.03, 4170646.16, 871.77);
insert into STATION values (8845, '.', 3104, 272474.55, 4170643.73, 871.45);
insert into STATION values (8846, '.', 3104, 272479.78, 4170643.18, 869.70);
insert into STATION values (8847, '.', 3104, 272480.75, 4170643.10, 874.35);
insert into STATION values (8848, '.', 3104, 272480.21, 4170642.47, 874.37);
insert into STATION values (8849, '35', 3104, 272474.19, 4170638.92, 869.07);
insert into STATION values (8850, '.', 3104, 272472.31, 4170640.07, 869.24);
insert into STATION values (8851, '.', 3104, 272472.69, 4170638.12, 869.10);
insert into STATION values (8852, '.', 3104, 272475.68, 4170634.88, 869.17);
insert into STATION values (8853, '.', 3104, 272479.03, 4170634.02, 869.18);
insert into STATION values (8854, '.', 3104, 272479.59, 4170637.61, 869.63);
insert into STATION values (8855, '.', 3104, 272474.73, 4170638.74, 868.64);
insert into STATION values (8856, '.', 3104, 272474.13, 4170638.81, 869.74);
insert into STATION values (8857, '36', 3104, 272391.65, 4170715.78, 874.38);
insert into STATION values (8858, '.', 3104, 272393.86, 4170713.45, 874.07);
insert into STATION values (8859, '.', 3104, 272390.65, 4170712.58, 874.57);
insert into STATION values (8860, '.', 3104, 272387.92, 4170712.09, 874.65);
insert into STATION values (8861, '.', 3104, 272399.30, 4170714.78, 873.69);
insert into STATION values (8862, '.', 3104, 272398.24, 4170719.06, 874.07);
insert into STATION values (8863, '.', 3104, 272395.10, 4170721.95, 874.73);
insert into STATION values (8864, '.', 3104, 272389.67, 4170722.49, 874.89);
insert into STATION values (8865, '.', 3104, 272387.60, 4170721.70, 874.44);
insert into STATION values (8866, '.', 3104, 272392.19, 4170715.55, 873.36);
insert into STATION values (8867, '.', 3104, 272391.55, 4170715.86, 875.54);
insert into STATION values (8868, '37', 3104, 272395.97, 4170713.10, 873.87);
insert into STATION values (8869, '.', 3104, 272401.25, 4170709.28, 872.92);
insert into STATION values (8870, '.', 3104, 272399.79, 4170713.66, 873.62);
insert into STATION values (8871, '.', 3104, 272398.89, 4170718.56, 873.91);
insert into STATION values (8872, '.', 3104, 272396.39, 4170721.40, 874.26);
insert into STATION values (8873, '.', 3104, 272394.66, 4170710.97, 874.44);
insert into STATION values (8874, '.', 3104, 272393.56, 4170713.23, 874.82);
insert into STATION values (8875, '.', 3104, 272385.62, 4170719.91, 874.73);
insert into STATION values (8876, '.', 3104, 272396.51, 4170713.13, 872.92);
insert into STATION values (8877, '.', 3104, 272395.86, 4170712.59, 875.44);
insert into STATION values (8878, '38', 3104, 272393.81, 4170728.13, 876.25);
insert into STATION values (8879, '39', 3104, 272399.82, 4170700.75, 873.30);
insert into STATION values (8880, '.', 3104, 272405.34, 4170695.56, 874.11);
insert into STATION values (8881, '.', 3104, 272408.28, 4170697.11, 873.98);
insert into STATION values (8882, '.', 3104, 272413.29, 4170705.30, 874.35);
insert into STATION values (8883, '.', 3104, 272398.13, 4170707.37, 873.06);
insert into STATION values (8884, '.', 3104, 272396.97, 4170704.48, 873.12);
insert into STATION values (8885, '.', 3104, 272398.30, 4170701.65, 873.38);
insert into STATION values (8886, '.', 3104, 272399.19, 4170698.73, 873.49);
insert into STATION values (8887, '.', 3104, 272403.70, 4170691.63, 874.41);
insert into STATION values (8888, '.', 3104, 272398.62, 4170693.40, 873.43);
insert into STATION values (8889, '.', 3104, 272400.33, 4170700.81, 872.54);
insert into STATION values (8890, '.', 3104, 272400.08, 4170700.41, 874.36);
insert into STATION values (8891, '40', 3104, 272399.95, 4170686.50, 873.97);
insert into STATION values (8892, 'PTR_FR24_A69_41', 3104, 272404.20, 4170708.09, 873.50);
insert into STATION values (8893, '.', 3104, 272407.85, 4170708.28, 873.64);
insert into STATION values (8894, '.', 3104, 272407.26, 4170711.38, 873.96);
insert into STATION values (8895, '.', 3104, 272404.34, 4170710.29, 874.01);
insert into STATION values (8896, '.', 3104, 272398.58, 4170703.43, 874.47);
insert into STATION values (8897, '.', 3104, 272402.76, 4170707.75, 874.00);
insert into STATION values (8898, '.', 3104, 272407.53, 4170697.10, 874.32);
insert into STATION values (8899, '.', 3104, 272404.81, 4170707.70, 872.79);
insert into STATION values (8900, '.', 3104, 272404.48, 4170707.79, 874.90);
insert into STATION values (8901, '42', 3104, 272414.21, 4170706.40, 874.63);
insert into STATION values (8902, '.', 3104, 272414.26, 4170707.05, 874.60);
insert into STATION values (8903, '.', 3104, 272412.89, 4170708.12, 874.09);
insert into STATION values (8904, '.', 3104, 272411.06, 4170708.59, 874.62);
insert into STATION values (8905, '.', 3104, 272402.80, 4170707.55, 874.27);
insert into STATION values (8906, '.', 3104, 272414.55, 4170706.85, 874.62);
insert into STATION values (8907, '.', 3104, 272415.84, 4170707.10, 874.70);
insert into STATION values (8908, '.', 3104, 272415.62, 4170707.04, 874.70);
insert into STATION values (8909, '.', 3104, 272415.19, 4170706.52, 874.60);
insert into STATION values (8910, '.', 3104, 272413.76, 4170705.81, 874.77);
insert into STATION values (8911, '.', 3104, 272413.80, 4170705.75, 874.21);
insert into STATION values (8912, '.', 3104, 272414.91, 4170706.54, 876.39);
insert into STATION values (8913, '43', 3104, 272370.61, 4170769.10, 875.26);
insert into STATION values (8914, '.', 3104, 272376.53, 4170768.34, 875.11);
insert into STATION values (8915, '.', 3104, 272373.70, 4170763.55, 875.52);
insert into STATION values (8916, '.', 3104, 272371.98, 4170757.92, 875.89);
insert into STATION values (8917, '.', 3104, 272366.70, 4170755.03, 877.42);
insert into STATION values (8918, '.', 3104, 272372.52, 4170750.21, 882.81);
insert into STATION values (8919, '.', 3104, 272376.62, 4170776.91, 875.97);
insert into STATION values (8920, '.', 3104, 272373.72, 4170778.85, 876.35);
insert into STATION values (8921, '.', 3104, 272368.01, 4170779.82, 875.76);
insert into STATION values (8922, '.', 3104, 272364.30, 4170776.54, 877.00);
insert into STATION values (8923, '.', 3104, 272370.74, 4170769.29, 874.86);
insert into STATION values (8924, '.', 3104, 272372.84, 4170771.58, 885.28);
insert into STATION values (8925, '44', 3104, 272380.42, 4170773.52, 875.60);
insert into STATION values (8926, '.', 3104, 272383.59, 4170775.63, 876.30);
insert into STATION values (8927, '.', 3104, 272394.04, 4170776.18, 878.98);
insert into STATION values (8928, '.', 3104, 272389.19, 4170762.55, 876.70);
insert into STATION values (8929, '.', 3104, 272384.83, 4170763.36, 876.08);
insert into STATION values (8930, '.', 3104, 272377.63, 4170776.55, 875.99);
insert into STATION values (8931, '.', 3104, 272377.96, 4170770.19, 876.03);
insert into STATION values (8932, '.', 3104, 272380.01, 4170773.52, 874.73);
insert into STATION values (8933, '.', 3104, 272380.16, 4170774.11, 880.07);
insert into STATION values (8934, '45', 3104, 272404.51, 4170767.45, 876.55);
insert into STATION values (8935, '46', 3104, 272370.10, 4170798.25, 876.44);
insert into STATION values (8936, '.', 3104, 272368.59, 4170796.39, 876.23);
insert into STATION values (8937, '.', 3104, 272370.89, 4170799.98, 876.32);
insert into STATION values (8938, '.', 3104, 272363.78, 4170800.15, 875.45);
insert into STATION values (8939, '.', 3104, 272369.88, 4170797.92, 875.21);
insert into STATION values (8940, '.', 3104, 272369.24, 4170798.64, 877.91);
insert into STATION values (8941, 'PTR_FR24_A64_00', 3259, 272299.92, 4170784.09, 882.37);
insert into STATION values (8942, '.', 3259, 272295.62, 4170784.25, 880.41);
insert into STATION values (8943, '.', 3259, 272285.54, 4170781.23, 883.75);
insert into STATION values (8944, '.', 3259, 272287.34, 4170781.79, 885.04);
insert into STATION values (8945, '.', 3259, 272293.29, 4170782.97, 887.07);
insert into STATION values (8946, '.', 3259, 272298.68, 4170784.12, 888.90);
insert into STATION values (8947, '.', 3259, 272298.52, 4170784.07, 888.80);
insert into STATION values (8948, '.', 3259, 272300.87, 4170784.53, 886.80);
insert into STATION values (8949, '.', 3259, 272305.19, 4170783.73, 886.43);
insert into STATION values (8950, '.', 3259, 272315.28, 4170785.66, 887.38);
insert into STATION values (8951, '.', 3259, 272301.60, 4170784.24, 881.50);
insert into STATION values (8952, '1', 3259, 272301.07, 4170798.32, 885.76);
insert into STATION values (8953, '.', 3259, 272297.06, 4170799.42, 885.09);
insert into STATION values (8954, '.', 3259, 272293.53, 4170801.10, 886.90);
insert into STATION values (8955, '.', 3259, 272294.31, 4170800.57, 887.55);
insert into STATION values (8956, '.', 3259, 272299.52, 4170798.91, 886.82);
insert into STATION values (8957, '.', 3259, 272301.80, 4170797.86, 886.69);
insert into STATION values (8958, '.', 3259, 272315.67, 4170794.28, 887.46);
insert into STATION values (8959, '.', 3259, 272308.22, 4170796.58, 884.43);
insert into STATION values (8960, '.', 3259, 272301.88, 4170798.12, 884.06);
insert into STATION values (8961, '2', 3259, 272297.97, 4170814.80, 885.44);
insert into STATION values (8962, '.', 3259, 272295.49, 4170814.73, 883.60);
insert into STATION values (8963, '.', 3259, 272291.36, 4170813.49, 884.98);
insert into STATION values (8964, '.', 3259, 272288.75, 4170812.83, 886.68);
insert into STATION values (8965, '.', 3259, 272289.27, 4170813.56, 887.66);
insert into STATION values (8966, '.', 3259, 272293.54, 4170814.07, 886.92);
insert into STATION values (8967, '.', 3259, 272296.98, 4170814.81, 887.30);
insert into STATION values (8968, '.', 3259, 272298.50, 4170815.57, 888.24);
insert into STATION values (8969, '.', 3259, 272298.52, 4170814.60, 891.52);
insert into STATION values (8970, '.', 3259, 272300.73, 4170814.03, 891.91);
insert into STATION values (8971, '.', 3259, 272300.55, 4170813.72, 891.88);
insert into STATION values (8972, '.', 3259, 272300.75, 4170814.31, 889.17);
insert into STATION values (8973, '.', 3259, 272309.51, 4170816.04, 890.04);
insert into STATION values (8974, '.', 3259, 272308.60, 4170816.36, 888.77);
insert into STATION values (8975, '.', 3259, 272300.71, 4170815.49, 884.80);
insert into STATION values (8976, '.', 3259, 272298.99, 4170815.19, 884.03);
insert into STATION values (8977, '3', 3259, 272285.11, 4170836.76, 885.77);
insert into STATION values (8978, '.', 3259, 272283.20, 4170836.37, 883.75);
insert into STATION values (8979, '.', 3259, 272279.96, 4170834.30, 884.10);
insert into STATION values (8980, '.', 3259, 272275.87, 4170832.23, 887.13);
insert into STATION values (8981, '.', 3259, 272282.58, 4170835.83, 887.45);
insert into STATION values (8982, '.', 3259, 272285.31, 4170837.05, 887.49);
insert into STATION values (8983, '.', 3259, 272291.33, 4170843.40, 889.49);
insert into STATION values (8984, '.', 3259, 272292.16, 4170844.03, 890.05);
insert into STATION values (8985, '.', 3259, 272286.42, 4170838.26, 884.43);
insert into STATION values (8986, '.', 3259, 272285.20, 4170836.81, 884.14);
insert into STATION values (8987, '4', 3259, 272271.18, 4170857.04, 885.02);
insert into STATION values (8988, '.', 3259, 272267.43, 4170855.34, 882.96);
insert into STATION values (8989, '.', 3259, 272266.16, 4170854.68, 884.83);
insert into STATION values (8990, '.', 3259, 272266.99, 4170855.15, 886.20);
insert into STATION values (8991, '.', 3259, 272264.03, 4170853.81, 889.31);
insert into STATION values (8992, '.', 3259, 272266.71, 4170856.47, 890.75);
insert into STATION values (8993, '.', 3259, 272270.99, 4170857.81, 890.36);
insert into STATION values (8994, '.', 3259, 272277.10, 4170862.73, 889.33);
insert into STATION values (8995, '.', 3259, 272276.73, 4170862.70, 888.52);
insert into STATION values (8996, '.', 3259, 272273.00, 4170859.00, 885.09);
insert into STATION values (8997, '.', 3259, 272273.55, 4170859.29, 883.94);
insert into STATION values (8998, '.', 3259, 272271.40, 4170857.31, 884.08);
insert into STATION values (8999, '.', 3259, 272262.31, 4170888.70, 887.89);
insert into STATION values (9000, '5', 3259, 272263.89, 4170883.35, 887.33);
insert into STATION values (9001, '.', 3259, 272263.14, 4170883.06, 886.68);
insert into STATION values (9002, '.', 3259, 272261.42, 4170882.44, 886.86);
insert into STATION values (9003, '.', 3259, 272261.53, 4170882.43, 887.64);
insert into STATION values (9004, '.', 3259, 272259.30, 4170881.53, 890.17);
insert into STATION values (9005, '.', 3259, 272261.59, 4170882.39, 890.42);
insert into STATION values (9006, '.', 3259, 272261.90, 4170882.65, 891.49);
insert into STATION values (9007, '.', 3259, 272264.41, 4170883.25, 891.49);
insert into STATION values (9008, '.', 3259, 272268.12, 4170882.23, 890.87);
insert into STATION values (9009, '.', 3259, 272270.52, 4170881.06, 889.98);
insert into STATION values (9010, '.', 3259, 272267.77, 4170882.20, 887.61);
insert into STATION values (9011, '.', 3259, 272267.92, 4170882.29, 886.31);
insert into STATION values (9012, '.', 3259, 272264.27, 4170883.26, 886.54);
insert into STATION values (9013, '6', 3259, 272277.25, 4170893.19, 887.22);
insert into STATION values (9014, '.', 3259, 272274.35, 4170895.51, 885.57);
insert into STATION values (9015, '.', 3259, 272274.99, 4170894.81, 886.73);
insert into STATION values (9016, '.', 3259, 272272.49, 4170896.39, 889.05);
insert into STATION values (9017, '.', 3259, 272272.51, 4170896.24, 890.59);
insert into STATION values (9018, '.', 3259, 272277.18, 4170893.27, 890.18);
insert into STATION values (9019, '.', 3259, 272278.35, 4170892.28, 889.87);
insert into STATION values (9020, '.', 3259, 272283.06, 4170888.43, 889.19);
insert into STATION values (9021, '.', 3259, 272279.21, 4170888.17, 889.13);
insert into STATION values (9022, '.', 3259, 272289.17, 4170889.09, 890.04);
insert into STATION values (9023, '.', 3259, 272285.61, 4170891.57, 891.73);
insert into STATION values (9024, '.', 3259, 272284.60, 4170894.28, 889.92);
insert into STATION values (9025, '.', 3259, 272283.93, 4170893.37, 887.70);
insert into STATION values (9026, '.', 3259, 272280.80, 4170891.71, 886.54);
insert into STATION values (9027, '.', 3259, 272277.47, 4170893.25, 886.25);
insert into STATION values (9028, '7', 3259, 272298.83, 4170882.45, 889.92);
insert into STATION values (9029, '.', 3259, 272299.39, 4170883.33, 888.99);
insert into STATION values (9030, '.', 3259, 272298.27, 4170881.56, 888.74);
insert into STATION values (9031, '.', 3259, 272299.01, 4170882.50, 888.98);
insert into STATION values (9032, '.', 3259, 272298.75, 4170882.74, 893.00);
insert into STATION values (9033, '8', 3259, 272278.39, 4170902.78, 888.29);
insert into STATION values (9034, '.', 3259, 272276.47, 4170901.75, 886.15);
insert into STATION values (9035, '.', 3259, 272274.38, 4170900.66, 887.93);
insert into STATION values (9036, '.', 3259, 272272.22, 4170899.69, 890.42);
insert into STATION values (9037, '.', 3259, 272277.14, 4170902.46, 890.23);
insert into STATION values (9038, '.', 3259, 272278.74, 4170902.95, 891.13);
insert into STATION values (9039, '.', 3259, 272281.54, 4170905.03, 892.22);
insert into STATION values (9040, '.', 3259, 272283.74, 4170906.16, 891.02);
insert into STATION values (9041, '.', 3259, 272281.69, 4170905.12, 888.50);
insert into STATION values (9042, '.', 3259, 272280.86, 4170904.35, 887.67);
insert into STATION values (9043, '.', 3259, 272278.86, 4170902.82, 886.25);
insert into STATION values (9044, 'PTR_FR24_A17_9', 3259, 272262.53, 4170912.73, 886.54);
insert into STATION values (9045, '.', 3259, 272261.55, 4170911.13, 885.79);
insert into STATION values (9046, '.', 3259, 272261.61, 4170911.39, 886.75);
insert into STATION values (9047, '.', 3259, 272259.95, 4170909.10, 889.30);
insert into STATION values (9048, '.', 3259, 272260.56, 4170910.17, 890.28);
insert into STATION values (9049, '.', 3259, 272262.58, 4170912.67, 893.40);
insert into STATION values (9050, '.', 3259, 272261.71, 4170914.77, 891.83);
insert into STATION values (9051, '.', 3259, 272262.24, 4170919.30, 899.40);
insert into STATION values (9052, '.', 3259, 272267.51, 4170918.57, 890.71);
insert into STATION values (9053, '.', 3259, 272271.16, 4170920.59, 886.36);
insert into STATION values (9054, '.', 3259, 272265.34, 4170915.54, 885.66);
insert into STATION values (9055, '.', 3259, 272262.62, 4170912.92, 885.94);
insert into STATION values (9056, '10', 3259, 272272.94, 4170931.95, 883.74);
insert into STATION values (9057, '.', 3259, 272273.05, 4170933.65, 883.20);
insert into STATION values (9058, '.', 3259, 272272.82, 4170936.53, 884.84);
insert into STATION values (9059, '.', 3259, 272272.96, 4170934.60, 885.84);
insert into STATION values (9060, '.', 3259, 272272.84, 4170931.79, 886.06);
insert into STATION values (9061, '.', 3259, 272279.99, 4170925.15, 884.62);
insert into STATION values (9062, '.', 3259, 272276.76, 4170926.06, 882.73);
insert into STATION values (9063, '.', 3259, 272273.64, 4170930.91, 882.81);
insert into STATION values (9064, '11', 3259, 272278.54, 4170932.37, 883.85);
insert into STATION values (9065, '.', 3259, 272278.31, 4170933.50, 883.20);
insert into STATION values (9066, '.', 3259, 272278.48, 4170940.79, 884.72);
insert into STATION values (9067, '.', 3259, 272278.76, 4170933.01, 884.51);
insert into STATION values (9068, '.', 3259, 272278.95, 4170931.35, 885.23);
insert into STATION values (9069, '.', 3259, 272280.84, 4170927.20, 885.03);
insert into STATION values (9070, '.', 3259, 272280.53, 4170928.00, 883.40);
insert into STATION values (9071, '.', 3259, 272279.04, 4170931.03, 883.12);
insert into STATION values (9072, '.', 3259, 272278.54, 4170932.26, 882.99);
insert into STATION values (9073, '12', 3259, 272281.76, 4170934.31, 880.08);
insert into STATION values (9074, '.', 3259, 272280.05, 4170939.01, 884.64);
insert into STATION values (9075, '.', 3259, 272281.01, 4170938.95, 884.04);
insert into STATION values (9076, '.', 3259, 272285.40, 4170940.67, 884.59);
insert into STATION values (9077, '.', 3259, 272287.13, 4170937.31, 884.17);
insert into STATION values (9078, '.', 3259, 272286.53, 4170932.63, 884.14);
insert into STATION values (9079, '.', 3259, 272283.68, 4170931.17, 883.77);
insert into STATION values (9080, '.', 3259, 272283.34, 4170933.41, 884.40);
insert into STATION values (9081, '.', 3259, 272281.86, 4170936.19, 884.56);
insert into STATION values (9082, '.', 3259, 272281.71, 4170936.31, 880.39);
insert into STATION values (9083, '.', 3259, 272281.44, 4170932.36, 880.17);
insert into STATION values (9084, '.', 3259, 272281.81, 4170934.24, 879.41);
insert into STATION values (9085, '13', 3259, 272287.33, 4170928.75, 877.18);
insert into STATION values (9086, '.', 3259, 272291.48, 4170932.51, 876.54);
insert into STATION values (9087, '.', 3259, 272291.58, 4170931.68, 878.92);
insert into STATION values (9088, '.', 3259, 272287.77, 4170928.99, 878.63);
insert into STATION values (9089, '.', 3259, 272287.35, 4170928.73, 878.37);
insert into STATION values (9090, '.', 3259, 272286.15, 4170928.49, 877.89);
insert into STATION values (9091, '.', 3259, 272283.44, 4170929.89, 877.58);
insert into STATION values (9092, '.', 3259, 272287.04, 4170928.71, 876.56);
insert into STATION values (9093, '14', 3259, 272281.94, 4170923.17, 875.92);
insert into STATION values (9094, '.', 3259, 272282.86, 4170923.07, 875.27);
insert into STATION values (9095, '.', 3259, 272283.74, 4170923.21, 875.89);
insert into STATION values (9096, '.', 3259, 272283.00, 4170923.37, 876.83);
insert into STATION values (9097, '.', 3259, 272281.77, 4170923.06, 876.60);
insert into STATION values (9098, '.', 3259, 272281.51, 4170923.02, 875.99);
insert into STATION values (9099, '.', 3259, 272281.81, 4170922.98, 875.71);
insert into STATION values (9100, '15', 3259, 272285.42, 4170918.39, 875.60);
insert into STATION values (9101, '16', 3259, 272280.66, 4170911.34, 875.55);
insert into STATION values (9102, '.', 3259, 272286.11, 4170917.90, 875.83);
insert into STATION values (9103, '.', 3259, 272285.09, 4170918.21, 876.76);
insert into STATION values (9104, '.', 3259, 272283.49, 4170918.17, 875.48);
insert into STATION values (9105, '.', 3259, 272283.74, 4170918.27, 876.06);
insert into STATION values (9106, '.', 3259, 272284.64, 4170918.36, 876.61);
insert into STATION values (9107, '.', 3259, 272281.54, 4170910.00, 875.72);
insert into STATION values (9108, '.', 3259, 272278.66, 4170912.04, 875.58);
insert into STATION values (9109, '.', 3259, 272280.56, 4170911.22, 876.49);
insert into STATION values (9110, '.', 3259, 272280.50, 4170911.29, 875.17);
insert into STATION values (9111, '.', 3259, 272292.40, 4170899.00, 873.79);
insert into STATION values (9112, '17', 3259, 272299.40, 4170916.45, 875.39);
insert into STATION values (9113, '.', 3259, 272301.12, 4170916.80, 875.02);
insert into STATION values (9114, '.', 3259, 272297.38, 4170915.67, 875.87);
insert into STATION values (9115, '.', 3259, 272299.33, 4170916.36, 874.71);
insert into STATION values (9116, '.', 3259, 272299.42, 4170916.39, 876.32);
insert into STATION values (9117, '18', 3259, 272245.73, 4170916.33, 890.95);
insert into STATION values (9118, '.', 3259, 272244.79, 4170915.03, 892.63);
insert into STATION values (9119, '.', 3259, 272245.61, 4170916.42, 892.50);
insert into STATION values (9120, '.', 3259, 272245.78, 4170917.00, 894.94);
insert into STATION values (9121, '.', 3259, 272245.93, 4170918.59, 895.39);
insert into STATION values (9122, '.', 3259, 272247.80, 4170921.56, 894.40);
insert into STATION values (9123, '.', 3259, 272246.69, 4170919.23, 891.07);
insert into STATION values (9124, '.', 3259, 272246.85, 4170919.51, 890.08);
insert into STATION values (9125, '.', 3259, 272245.53, 4170916.68, 889.35);
insert into STATION values (9126, '19', 3259, 272233.50, 4170926.20, 889.26);
insert into STATION values (9127, '.', 3259, 272232.82, 4170925.98, 888.09);
insert into STATION values (9128, '.', 3259, 272231.74, 4170925.10, 887.47);
insert into STATION values (9129, '.', 3259, 272232.67, 4170925.54, 895.04);
insert into STATION values (9130, '.', 3259, 272236.51, 4170926.42, 894.85);
insert into STATION values (9131, '.', 3259, 272237.57, 4170926.85, 893.82);
insert into STATION values (9132, '.', 3259, 272235.30, 4170926.72, 889.97);
insert into STATION values (9133, '.', 3259, 272235.01, 4170926.84, 889.13);
insert into STATION values (9134, '.', 3259, 272233.77, 4170926.35, 888.20);
insert into STATION values (9135, '20', 3259, 272235.72, 4170930.42, 891.49);
insert into STATION values (9136, '.', 3259, 272234.91, 4170931.18, 891.54);
insert into STATION values (9137, '.', 3259, 272233.63, 4170932.32, 893.00);
insert into STATION values (9138, '.', 3259, 272234.99, 4170930.96, 893.58);
insert into STATION values (9139, '.', 3259, 272236.31, 4170930.05, 893.24);
insert into STATION values (9140, '.', 3259, 272238.55, 4170927.75, 893.42);
insert into STATION values (9141, '.', 3259, 272236.90, 4170929.39, 891.36);
insert into STATION values (9142, '.', 3259, 272236.05, 4170930.13, 891.15);
insert into STATION values (9143, '21', 3259, 272241.19, 4170935.70, 893.38);
insert into STATION values (9144, '.', 3259, 272239.04, 4170935.76, 893.19);
insert into STATION values (9145, '.', 3259, 272236.76, 4170935.57, 894.71);
insert into STATION values (9146, '.', 3259, 272238.63, 4170935.45, 896.04);
insert into STATION values (9147, '.', 3259, 272241.17, 4170935.71, 896.12);
insert into STATION values (9148, '.', 3259, 272242.48, 4170936.33, 896.20);
insert into STATION values (9149, '.', 3259, 272244.31, 4170937.20, 896.20);
insert into STATION values (9150, '.', 3259, 272245.18, 4170937.71, 895.03);
insert into STATION values (9151, '.', 3259, 272241.67, 4170935.93, 893.01);
insert into STATION values (9152, '22', 3259, 272249.92, 4170924.36, 893.10);
insert into STATION values (9153, '.', 3259, 272250.51, 4170925.04, 891.70);
insert into STATION values (9154, '.', 3259, 272250.65, 4170925.35, 893.26);
insert into STATION values (9155, '.', 3259, 272251.39, 4170927.11, 895.50);
insert into STATION values (9156, '.', 3259, 272251.44, 4170925.72, 898.14);
insert into STATION values (9157, '.', 3259, 272251.19, 4170924.23, 899.91);
insert into STATION values (9158, '.', 3259, 272249.42, 4170922.44, 895.37);
insert into STATION values (9159, '.', 3259, 272249.90, 4170924.04, 891.48);
insert into STATION values (9160, '.', 3259, 272249.86, 4170924.20, 892.92);
insert into STATION values (9161, '23', 3259, 272254.61, 4170922.95, 891.99);
insert into STATION values (9162, '.', 3259, 272254.82, 4170923.25, 892.00);
insert into STATION values (9163, '.', 3259, 272255.07, 4170923.42, 893.03);
insert into STATION values (9164, '.', 3259, 272255.96, 4170924.41, 896.24);
insert into STATION values (9165, '.', 3259, 272254.51, 4170923.01, 899.36);
insert into STATION values (9166, '.', 3259, 272252.92, 4170921.04, 896.60);
insert into STATION values (9167, '.', 3259, 272253.19, 4170919.98, 895.28);
insert into STATION values (9168, '.', 3259, 272254.09, 4170921.78, 892.78);
insert into STATION values (9169, '.', 3259, 272253.54, 4170921.67, 890.17);
insert into STATION values (9170, '.', 3259, 272254.68, 4170922.82, 890.62);
insert into STATION values (9171, '.', 3259, 272252.79, 4170926.78, 895.47);
insert into STATION values (9172, '.', 3259, 272261.92, 4170920.94, 896.34);
insert into STATION values (9173, '.', 3259, 272258.42, 4170917.00, 894.58);
insert into STATION values (9174, '24', 3259, 272239.73, 4170940.88, 894.10);
insert into STATION values (9175, '.', 3259, 272233.21, 4170946.21, 894.55);
insert into STATION values (9176, '.', 3259, 272238.56, 4170944.97, 894.88);
insert into STATION values (9177, '.', 3259, 272240.87, 4170942.45, 895.01);
insert into STATION values (9178, '.', 3259, 272244.17, 4170939.98, 895.41);
insert into STATION values (9179, '.', 3259, 272232.68, 4170938.28, 894.59);
insert into STATION values (9180, '.', 3259, 272236.69, 4170935.69, 894.85);
insert into STATION values (9181, '.', 3259, 272237.34, 4170935.36, 894.56);
insert into STATION values (9182, '.', 3259, 272240.43, 4170941.99, 896.31);
insert into STATION values (9183, '.', 3259, 272239.28, 4170940.21, 897.02);
insert into STATION values (9184, '.', 3259, 272238.42, 4170938.82, 895.97);
insert into STATION values (9185, '.', 3259, 272238.06, 4170938.86, 893.21);
insert into STATION values (9186, '.', 3259, 272239.55, 4170940.96, 893.63);
insert into STATION values (9187, '.', 3259, 272237.79, 4170938.74, 895.87);
insert into STATION values (9188, '25', 3259, 272236.72, 4170940.76, 892.42);
insert into STATION values (9189, '.', 3259, 272236.20, 4170940.05, 892.51);
insert into STATION values (9190, '.', 3259, 272234.02, 4170938.19, 895.26);
insert into STATION values (9191, '.', 3259, 272234.30, 4170938.19, 895.48);
insert into STATION values (9192, '.', 3259, 272235.23, 4170942.13, 897.64);
insert into STATION values (9193, '.', 3259, 272237.01, 4170945.37, 894.92);
insert into STATION values (9194, '.', 3259, 272237.03, 4170943.55, 893.36);
insert into STATION values (9195, '.', 3259, 272225.25, 4170948.03, 893.01);
insert into STATION values (9196, '.', 3259, 272218.19, 4170945.75, 893.76);
insert into STATION values (9197, '.', 3259, 272229.56, 4170939.49, 894.27);
insert into STATION values (9198, 'PTR_FR24_B33_26', 3259, 272232.07, 4170941.67, 888.33);
insert into STATION values (9199, 'PTR_FR24_A79_00', 3377, 272361.86, 4170750.19, 881.24);
insert into STATION values (9200, '1', 3377, 272373.28, 4170743.69, 884.07);
insert into STATION values (9201, '.', 3377, 272374.71, 4170743.77, 884.56);
insert into STATION values (9202, '.', 3377, 272373.75, 4170748.18, 884.86);
insert into STATION values (9203, '.', 3377, 272370.34, 4170749.00, 884.72);
insert into STATION values (9204, '.', 3377, 272373.19, 4170743.47, 883.32);
insert into STATION values (9205, '.', 3377, 272372.37, 4170741.94, 884.94);
insert into STATION values (9206, '.', 3377, 272370.75, 4170739.36, 891.60);
insert into STATION values (9207, '.', 3377, 272373.68, 4170743.16, 891.85);
insert into STATION values (9208, '2', 3377, 272397.92, 4170728.34, 882.85);
insert into STATION values (9209, '.', 3377, 272398.75, 4170729.58, 883.18);
insert into STATION values (9210, '.', 3377, 272396.17, 4170733.94, 883.53);
insert into STATION values (9211, '.', 3377, 272391.36, 4170739.55, 883.67);
insert into STATION values (9212, '.', 3377, 272386.56, 4170733.41, 883.59);
insert into STATION values (9213, '.', 3377, 272393.50, 4170728.77, 882.30);
insert into STATION values (9214, '.', 3377, 272395.34, 4170726.25, 882.02);
insert into STATION values (9215, '.', 3377, 272396.42, 4170726.61, 883.65);
insert into STATION values (9216, '.', 3377, 272397.12, 4170727.63, 884.78);
insert into STATION values (9217, '.', 3377, 272398.38, 4170728.28, 884.11);
insert into STATION values (9218, '.', 3377, 272398.03, 4170728.35, 882.00);
insert into STATION values (9219, '3', 3377, 272406.35, 4170717.91, 880.34);
insert into STATION values (9220, '.', 3377, 272407.09, 4170717.97, 880.21);
insert into STATION values (9221, '.', 3377, 272407.16, 4170717.90, 881.58);
insert into STATION values (9222, '.', 3377, 272406.13, 4170717.62, 881.72);
insert into STATION values (9223, '.', 3377, 272405.82, 4170717.02, 881.59);
insert into STATION values (9224, '.', 3377, 272402.68, 4170716.78, 881.56);
insert into STATION values (9225, '.', 3377, 272405.21, 4170717.61, 880.21);
insert into STATION values (9226, '.', 3377, 272403.25, 4170709.27, 881.07);
insert into STATION values (9227, '.', 3377, 272408.29, 4170714.75, 880.20);
insert into STATION values (9228, '.', 3377, 272408.64, 4170720.65, 881.64);
insert into STATION values (9229, '.', 3377, 272403.08, 4170719.21, 881.60);
insert into STATION values (9230, '.', 3377, 272404.30, 4170719.72, 881.22);
insert into STATION values (9231, '4', 3377, 272408.14, 4170706.13, 880.34);
insert into STATION values (9232, '.', 3377, 272411.37, 4170708.38, 880.78);
insert into STATION values (9233, '.', 3377, 272409.38, 4170706.80, 879.37);
insert into STATION values (9234, '.', 3377, 272406.19, 4170704.95, 880.85);
insert into STATION values (9235, '.', 3377, 272407.91, 4170706.18, 881.32);
insert into STATION values (9236, '.', 3377, 272410.09, 4170701.43, 881.30);
insert into STATION values (9237, '.', 3377, 272412.09, 4170700.34, 880.41);
insert into STATION values (9238, '.', 3377, 272414.86, 4170701.61, 881.27);
insert into STATION values (9239, '.', 3377, 272415.30, 4170704.50, 880.97);
insert into STATION values (9240, '.', 3377, 272415.27, 4170708.45, 880.49);
insert into STATION values (9241, '5', 3377, 272415.15, 4170704.76, 878.44);
insert into STATION values (9242, '.', 3377, 272414.22, 4170706.48, 877.81);
insert into STATION values (9243, '.', 3377, 272413.83, 4170707.99, 879.08);
insert into STATION values (9244, '.', 3377, 272414.03, 4170708.02, 881.61);
insert into STATION values (9245, '.', 3377, 272415.43, 4170705.74, 881.38);
insert into STATION values (9246, '.', 3377, 272415.77, 4170703.94, 878.73);
insert into STATION values (9247, '.', 3377, 272416.97, 4170712.86, 878.08);
insert into STATION values (9248, '.', 3377, 272421.47, 4170713.10, 877.47);
insert into STATION values (9249, '6', 3377, 272419.15, 4170710.29, 875.82);
insert into STATION values (9250, 'PTR_FR24_A8_7', 3377, 272421.51, 4170704.94, 876.41);
insert into STATION values (9251, '.', 3377, 272421.11, 4170713.34, 877.42);
insert into STATION values (9252, '.', 3377, 272423.35, 4170709.93, 877.20);
insert into STATION values (9253, '.', 3377, 272418.73, 4170708.20, 875.95);
insert into STATION values (9254, '.', 3377, 272418.63, 4170708.32, 878.10);
insert into STATION values (9255, '.', 3377, 272419.78, 4170709.96, 879.29);
insert into STATION values (9256, '.', 3377, 272422.96, 4170707.86, 876.46);
insert into STATION values (9257, '.', 3377, 272417.08, 4170702.70, 877.61);
insert into STATION values (9258, '.', 3377, 272416.38, 4170705.48, 877.34);
insert into STATION values (9259, '.', 3377, 272421.54, 4170701.94, 877.47);
insert into STATION values (9260, '.', 3377, 272420.83, 4170703.26, 875.90);
insert into STATION values (9261, '.', 3377, 272422.10, 4170706.30, 875.28);
insert into STATION values (9262, '.', 3377, 272422.95, 4170706.59, 878.19);
insert into STATION values (9263, '8', 3377, 272427.86, 4170707.42, 876.43);
insert into STATION values (9264, '.', 3377, 272427.34, 4170708.50, 876.52);
insert into STATION values (9265, '.', 3377, 272428.66, 4170702.26, 877.45);
insert into STATION values (9266, '.', 3377, 272421.72, 4170702.00, 877.45);
insert into STATION values (9267, '.', 3377, 272424.38, 4170701.15, 877.85);
insert into STATION values (9268, '.', 3377, 272426.49, 4170708.46, 877.50);
insert into STATION values (9269, '.', 3377, 272428.30, 4170708.88, 876.58);
insert into STATION values (9270, '.', 3377, 272427.46, 4170705.52, 876.76);
insert into STATION values (9271, '.', 3377, 272428.15, 4170707.37, 877.80);
insert into STATION values (9272, '.', 3377, 272428.00, 4170707.43, 875.56);
insert into STATION values (9273, '9', 3377, 272418.28, 4170707.36, 876.02);
insert into STATION values (9274, '.', 3377, 272416.57, 4170703.32, 877.27);
insert into STATION values (9275, '.', 3377, 272416.24, 4170709.53, 877.56);
insert into STATION values (9276, '.', 3377, 272417.04, 4170708.96, 880.20);
insert into STATION values (9277, '.', 3377, 272417.94, 4170707.36, 875.01);
insert into STATION values (9278, '10', 3377, 272416.80, 4170705.88, 873.83);
insert into STATION values (9279, '.', 3377, 272416.76, 4170705.22, 874.01);
insert into STATION values (9280, '.', 3377, 272416.73, 4170707.53, 873.88);
insert into STATION values (9281, '.', 3377, 272416.64, 4170705.96, 874.85);
insert into STATION values (9282, '.', 3377, 272416.58, 4170706.26, 874.88);
insert into STATION values (9283, '.', 3377, 272416.19, 4170705.88, 872.73);
insert into STATION values (9284, '11', 3377, 272415.49, 4170707.61, 873.39);
insert into STATION values (9285, '.', 3377, 272414.50, 4170707.48, 873.36);
insert into STATION values (9286, '.', 3377, 272416.40, 4170707.97, 873.06);
insert into STATION values (9287, '.', 3377, 272415.16, 4170707.76, 874.03);
insert into STATION values (9288, '.', 3377, 272415.41, 4170707.90, 872.42);
insert into STATION values (9289, '.', 3377, 272420.52, 4170710.35, 873.73);
insert into STATION values (9290, '.', 3377, 272417.97, 4170712.14, 873.42);
insert into STATION values (9291, '12', 3377, 272414.31, 4170712.50, 873.08);
insert into STATION values (9292, '.', 3377, 272412.70, 4170709.34, 873.29);
insert into STATION values (9293, '.', 3377, 272410.13, 4170708.68, 872.70);
insert into STATION values (9294, '.', 3377, 272412.02, 4170712.13, 873.33);
insert into STATION values (9295, '.', 3377, 272411.41, 4170714.33, 873.33);
insert into STATION values (9296, '.', 3377, 272414.75, 4170714.57, 873.61);
insert into STATION values (9297, '.', 3377, 272414.16, 4170713.03, 874.60);
insert into STATION values (9298, '.', 3377, 272413.30, 4170711.28, 874.87);
insert into STATION values (9299, '13', 3377, 272410.59, 4170713.01, 873.18);
insert into STATION values (9300, '.', 3377, 272407.69, 4170710.85, 872.94);
insert into STATION values (9301, '.', 3377, 272405.79, 4170712.39, 873.17);
insert into STATION values (9302, '.', 3377, 272402.08, 4170715.08, 871.71);
insert into STATION values (9303, '.', 3377, 272405.11, 4170717.45, 872.70);
insert into STATION values (9304, '.', 3377, 272405.92, 4170718.38, 873.10);
insert into STATION values (9305, '.', 3377, 272410.64, 4170714.31, 873.07);
insert into STATION values (9306, '.', 3377, 272410.56, 4170712.88, 874.19);
insert into STATION values (9307, '.', 3377, 272410.80, 4170711.93, 873.17);
insert into STATION values (9308, '14', 3377, 272409.60, 4170709.38, 872.70);
insert into STATION values (9309, '.', 3377, 272412.25, 4170710.16, 872.93);
insert into STATION values (9310, '.', 3377, 272410.78, 4170709.71, 873.68);
insert into STATION values (9311, '.', 3377, 272409.06, 4170708.57, 873.60);
insert into STATION values (9312, '.', 3377, 272408.54, 4170709.31, 872.47);
insert into STATION values (9313, '.', 3377, 272409.56, 4170709.37, 872.29);
insert into STATION values (9314, '15', 3377, 272412.23, 4170706.64, 873.64);
insert into STATION values (9315, '.', 3377, 272413.69, 4170708.19, 874.10);
insert into STATION values (9316, '.', 3377, 272413.81, 4170705.99, 874.46);
insert into STATION values (9317, '.', 3377, 272412.33, 4170702.96, 874.60);
insert into STATION values (9318, '.', 3377, 272409.13, 4170701.81, 874.59);
insert into STATION values (9319, '.', 3377, 272399.96, 4170697.87, 873.06);
insert into STATION values (9320, '.', 3377, 272410.71, 4170708.40, 874.20);
insert into STATION values (9321, '.', 3377, 272406.23, 4170702.48, 875.55);
insert into STATION values (9322, '.', 3377, 272411.25, 4170706.18, 875.97);
insert into STATION values (9323, '.', 3377, 272411.16, 4170707.38, 876.12);
insert into STATION values (9324, '.', 3377, 272401.08, 4170707.49, 873.79);
insert into STATION values (9325, '16', 3377, 272397.55, 4170706.76, 873.92);
insert into STATION values (9326, '.', 3377, 272407.27, 4170698.74, 873.98);
insert into STATION values (9327, '.', 3377, 272402.44, 4170700.72, 874.00);
insert into STATION values (9328, '.', 3377, 272397.22, 4170702.87, 872.63);
insert into STATION values (9329, '.', 3377, 272398.52, 4170703.75, 875.11);
insert into STATION values (9330, '.', 3377, 272400.18, 4170705.05, 875.30);
insert into STATION values (9331, '.', 3377, 272400.53, 4170708.32, 874.24);
insert into STATION values (9332, '.', 3377, 272398.63, 4170708.89, 872.72);
insert into STATION values (9333, '17', 3377, 272399.82, 4170700.75, 873.30);
insert into STATION values (9334, '18', 3377, 272380.23, 4170738.37, 882.51);
insert into STATION values (9335, '.', 3377, 272381.84, 4170736.49, 882.70);
insert into STATION values (9336, '.', 3377, 272379.68, 4170736.51, 884.45);
insert into STATION values (9337, '.', 3377, 272377.24, 4170738.87, 883.13);
insert into STATION values (9338, '.', 3377, 272379.17, 4170738.64, 881.80);
insert into STATION values (9339, '19', 3377, 272384.11, 4170720.31, 878.32);
insert into STATION values (9340, '.', 3377, 272387.17, 4170720.50, 878.69);
insert into STATION values (9341, '.', 3377, 272388.06, 4170716.59, 878.74);
insert into STATION values (9342, '.', 3377, 272388.69, 4170713.19, 878.59);
insert into STATION values (9343, '.', 3377, 272386.63, 4170727.01, 879.85);
insert into STATION values (9344, '.', 3377, 272384.61, 4170731.62, 881.36);
insert into STATION values (9345, '.', 3377, 272379.79, 4170727.71, 880.91);
insert into STATION values (9346, '.', 3377, 272384.47, 4170720.75, 877.42);
insert into STATION values (9347, '.', 3377, 272382.72, 4170720.19, 879.02);
insert into STATION values (9348, '.', 3377, 272385.43, 4170720.86, 879.74);
insert into STATION values (9349, '20', 3377, 272385.97, 4170717.41, 876.28);
insert into STATION values (9350, '.', 3377, 272385.70, 4170713.95, 876.11);
insert into STATION values (9351, '.', 3377, 272384.92, 4170712.99, 879.76);
insert into STATION values (9352, '.', 3377, 272384.84, 4170719.70, 879.16);
insert into STATION values (9353, '.', 3377, 272381.83, 4170722.28, 877.71);
insert into STATION values (9354, '.', 3377, 272385.57, 4170718.41, 875.55);
insert into STATION values (9355, '.', 3377, 272387.40, 4170719.69, 872.73);
insert into STATION values (9356, '.', 3377, 272386.08, 4170716.36, 873.76);
insert into STATION values (9357, 'PTR_FR24_A65_21', 3377, 272379.01, 4170719.58, 876.93);
insert into STATION values (9358, 'PTR_FR24_A68_00', 3443, 272465.42, 4170623.83, 868.65);
insert into STATION values (9359, '.', 3443, 272461.92, 4170620.56, 868.66);
insert into STATION values (9360, '.', 3443, 272463.91, 4170610.26, 868.81);
insert into STATION values (9361, '.', 3443, 272480.33, 4170593.18, 869.78);
insert into STATION values (9362, '.', 3443, 272467.14, 4170625.01, 868.57);
insert into STATION values (9363, '.', 3443, 272469.79, 4170626.49, 868.86);
insert into STATION values (9364, '.', 3443, 272477.00, 4170639.00, 869.81);
insert into STATION values (9365, '.', 3443, 272468.08, 4170635.77, 869.46);
insert into STATION values (9366, '.', 3443, 272465.56, 4170623.72, 869.47);
insert into STATION values (9367, '.', 3443, 272465.43, 4170623.76, 868.27);
insert into STATION values (9368, '1', 3443, 272480.03, 4170622.46, 869.30);
insert into STATION values (9369, '.', 3443, 272488.78, 4170625.14, 869.46);
insert into STATION values (9370, '.', 3443, 272491.20, 4170620.30, 869.98);
insert into STATION values (9371, '.', 3443, 272469.45, 4170602.10, 870.14);
insert into STATION values (9372, '.', 3443, 272479.92, 4170622.33, 869.30);
insert into STATION values (9373, '.', 3443, 272461.99, 4170619.33, 869.20);
insert into STATION values (9374, '.', 3443, 272480.68, 4170633.91, 870.00);
insert into STATION values (9375, '.', 3443, 272480.04, 4170622.39, 869.99);
insert into STATION values (9376, '.', 3443, 272480.05, 4170622.42, 868.78);
insert into STATION values (9377, '2', 3443, 272489.58, 4170608.32, 869.61);
insert into STATION values (9378, '.', 3443, 272483.15, 4170592.69, 869.94);
insert into STATION values (9379, '.', 3443, 272470.24, 4170599.93, 869.69);
insert into STATION values (9380, '.', 3443, 272494.87, 4170596.94, 869.96);
insert into STATION values (9381, '.', 3443, 272503.11, 4170606.22, 869.90);
insert into STATION values (9382, '.', 3443, 272479.71, 4170629.54, 869.41);
insert into STATION values (9383, '.', 3443, 272491.01, 4170620.77, 869.68);
insert into STATION values (9384, '.', 3443, 272489.48, 4170608.33, 870.34);
insert into STATION values (9385, '.', 3443, 272489.48, 4170608.40, 868.92);
insert into STATION values (9386, '3', 3443, 272497.44, 4170602.21, 869.73);
insert into STATION values (9387, '.', 3443, 272503.31, 4170616.62, 869.84);
insert into STATION values (9388, '.', 3443, 272508.57, 4170602.22, 870.00);
insert into STATION values (9389, '.', 3443, 272494.90, 4170591.50, 869.65);
insert into STATION values (9390, '.', 3443, 272497.35, 4170602.19, 870.41);
insert into STATION values (9391, '.', 3443, 272497.42, 4170602.18, 869.16);
insert into STATION values (9392, '4', 3443, 272510.98, 4170596.57, 869.35);
insert into STATION values (9393, '.', 3443, 272519.11, 4170595.41, 870.15);
insert into STATION values (9394, '.', 3443, 272512.60, 4170599.42, 870.01);
insert into STATION values (9395, '.', 3443, 272507.12, 4170581.57, 869.08);
insert into STATION values (9396, '.', 3443, 272502.44, 4170590.29, 868.75);
insert into STATION values (9397, '.', 3443, 272511.16, 4170596.57, 870.04);
insert into STATION values (9398, '.', 3443, 272511.04, 4170596.44, 868.76);
insert into STATION values (9399, '5', 3443, 272516.23, 4170586.99, 869.27);
insert into STATION values (9400, '.', 3443, 272503.30, 4170586.12, 868.96);
insert into STATION values (9401, '.', 3443, 272507.97, 4170580.29, 869.01);
insert into STATION values (9402, '.', 3443, 272521.61, 4170578.47, 868.98);
insert into STATION values (9403, '.', 3443, 272526.98, 4170591.92, 870.27);
insert into STATION values (9404, '.', 3443, 272518.44, 4170592.50, 870.24);
insert into STATION values (9405, '.', 3443, 272516.07, 4170586.83, 869.95);
insert into STATION values (9406, '.', 3443, 272516.53, 4170586.93, 868.81);
insert into STATION values (9407, '6', 3443, 272515.32, 4170569.29, 868.81);
insert into STATION values (9408, '.', 3443, 272513.41, 4170571.78, 868.93);
insert into STATION values (9409, '.', 3443, 272519.03, 4170566.89, 869.99);
insert into STATION values (9410, '.', 3443, 272514.00, 4170565.48, 869.98);
insert into STATION values (9411, '.', 3443, 272515.29, 4170569.39, 869.44);
insert into STATION values (9412, '.', 3443, 272515.50, 4170569.17, 868.46);
insert into STATION values (9413, '7', 3443, 272512.71, 4170569.02, 869.18);
insert into STATION values (9414, '.', 3443, 272512.23, 4170567.66, 869.89);
insert into STATION values (9415, '.', 3443, 272508.85, 4170571.17, 869.51);
insert into STATION values (9416, '.', 3443, 272512.72, 4170572.52, 870.01);
insert into STATION values (9417, '.', 3443, 272514.69, 4170569.84, 869.79);
insert into STATION values (9418, '.', 3443, 272514.43, 4170566.21, 870.82);
insert into STATION values (9419, '.', 3443, 272512.71, 4170569.15, 870.27);
insert into STATION values (9420, '.', 3443, 272512.78, 4170569.21, 868.33);
insert into STATION values (9421, '8', 3443, 272506.28, 4170567.31, 869.77);
insert into STATION values (9422, '.', 3443, 272505.36, 4170567.84, 870.05);
insert into STATION values (9423, '.', 3443, 272508.25, 4170569.07, 870.11);
insert into STATION values (9424, '.', 3443, 272506.28, 4170566.09, 869.75);
insert into STATION values (9425, '.', 3443, 272509.75, 4170564.98, 870.42);
insert into STATION values (9426, '.', 3443, 272510.18, 4170567.30, 870.45);
insert into STATION values (9427, '.', 3443, 272505.73, 4170567.22, 871.77);
insert into STATION values (9428, '.', 3443, 272506.34, 4170567.28, 868.99);
insert into STATION values (9429, '9', 3443, 272505.33, 4170564.63, 868.51);
insert into STATION values (9430, '.', 3443, 272509.13, 4170564.99, 868.73);
insert into STATION values (9431, '.', 3443, 272503.10, 4170564.17, 868.65);
insert into STATION values (9432, '.', 3443, 272505.05, 4170563.04, 868.58);
insert into STATION values (9433, '.', 3443, 272506.94, 4170563.27, 868.66);
insert into STATION values (9434, '.', 3443, 272504.20, 4170565.93, 868.59);
insert into STATION values (9435, '.', 3443, 272505.47, 4170564.36, 869.34);
insert into STATION values (9436, '.', 3443, 272505.28, 4170564.55, 868.07);
insert into STATION values (9437, '10', 3443, 272506.78, 4170561.38, 867.97);
insert into STATION values (9438, '.', 3443, 272506.27, 4170561.26, 867.98);
insert into STATION values (9439, '.', 3443, 272507.67, 4170561.38, 868.01);
insert into STATION values (9440, '.', 3443, 272507.53, 4170559.97, 867.87);
insert into STATION values (9441, '.', 3443, 272505.54, 4170561.86, 868.30);
insert into STATION values (9442, '.', 3443, 272507.06, 4170562.70, 868.04);
insert into STATION values (9443, '.', 3443, 272506.78, 4170561.43, 868.59);
insert into STATION values (9444, '.', 3443, 272506.81, 4170561.38, 867.54);
insert into STATION values (9445, '11', 3443, 272507.04, 4170557.83, 867.52);
insert into STATION values (9446, '.', 3443, 272506.33, 4170557.90, 867.52);
insert into STATION values (9447, '.', 3443, 272507.41, 4170557.69, 867.61);
insert into STATION values (9448, '.', 3443, 272507.14, 4170557.70, 867.94);
insert into STATION values (9449, '.', 3443, 272507.04, 4170557.85, 867.17);
insert into STATION values (9450, '12', 3443, 272506.47, 4170554.04, 867.32);
insert into STATION values (9451, '.', 3443, 272505.72, 4170554.17, 867.29);
insert into STATION values (9452, '.', 3443, 272507.14, 4170553.67, 867.35);
insert into STATION values (9453, '.', 3443, 272506.49, 4170553.92, 867.91);
insert into STATION values (9454, '.', 3443, 272506.37, 4170554.08, 866.85);
insert into STATION values (9455, '13', 3443, 272505.23, 4170566.74, 870.08);
insert into STATION values (9456, '14', 3443, 272497.57, 4170566.50, 872.34);
insert into STATION values (9457, '.', 3443, 272497.50, 4170565.97, 872.32);
insert into STATION values (9458, '.', 3443, 272497.58, 4170566.94, 872.35);
insert into STATION values (9459, '.', 3443, 272497.61, 4170566.59, 873.37);
insert into STATION values (9460, '.', 3443, 272497.36, 4170566.43, 870.15);
insert into STATION values (9461, '15', 3443, 272511.46, 4170582.85, 869.17);
insert into STATION values (9462, '.', 3443, 272510.39, 4170578.35, 869.35);
insert into STATION values (9463, '.', 3443, 272503.27, 4170599.54, 869.36);
insert into STATION values (9464, '.', 3443, 272515.16, 4170594.62, 869.80);
insert into STATION values (9465, '.', 3443, 272517.80, 4170581.93, 869.29);
insert into STATION values (9466, '.', 3443, 272510.70, 4170578.38, 869.03);
insert into STATION values (9467, '16', 3443, 272493.44, 4170583.31, 869.36);
insert into STATION values (9468, '.', 3443, 272511.31, 4170582.83, 869.75);
insert into STATION values (9469, '.', 3443, 272511.48, 4170582.88, 868.63);
insert into STATION values (9470, '.', 3443, 272488.01, 4170584.45, 870.36);
insert into STATION values (9471, '.', 3443, 272484.99, 4170596.66, 870.38);
insert into STATION values (9472, '.', 3443, 272489.75, 4170600.47, 869.97);
insert into STATION values (9473, '.', 3443, 272496.77, 4170594.09, 869.36);
insert into STATION values (9474, '.', 3443, 272501.05, 4170587.36, 869.33);
insert into STATION values (9475, '.', 3443, 272499.72, 4170579.78, 869.07);
insert into STATION values (9476, '.', 3443, 272488.01, 4170580.75, 870.55);
insert into STATION values (9477, '.', 3443, 272493.91, 4170579.62, 869.98);
insert into STATION values (9478, '.', 3443, 272493.48, 4170583.29, 870.21);
insert into STATION values (9479, '.', 3443, 272493.43, 4170583.09, 868.72);
insert into STATION values (9480, '17', 3443, 272491.51, 4170577.54, 870.58);
insert into STATION values (9481, '.', 3443, 272493.89, 4170576.40, 871.30);
insert into STATION values (9482, '.', 3443, 272489.65, 4170577.40, 871.25);
insert into STATION values (9483, '.', 3443, 272491.74, 4170577.56, 871.65);
insert into STATION values (9484, '.', 3443, 272491.53, 4170577.51, 869.94);
insert into STATION values (9485, '18', 3443, 272488.30, 4170575.58, 872.58);
insert into STATION values (9486, '.', 3443, 272489.92, 4170576.49, 873.40);
insert into STATION values (9487, '.', 3443, 272486.29, 4170574.45, 873.86);
insert into STATION values (9488, '.', 3443, 272487.45, 4170579.09, 872.89);
insert into STATION values (9489, '.', 3443, 272489.78, 4170578.00, 873.37);
insert into STATION values (9490, '.', 3443, 272486.31, 4170576.77, 873.19);
insert into STATION values (9491, '.', 3443, 272488.24, 4170575.61, 873.92);
insert into STATION values (9492, '.', 3443, 272488.16, 4170575.52, 871.73);
insert into STATION values (9493, '19', 3443, 272491.64, 4170571.17, 872.58);
insert into STATION values (9494, '.', 3443, 272493.06, 4170571.66, 872.91);
insert into STATION values (9495, '.', 3443, 272490.83, 4170571.07, 872.58);
insert into STATION values (9496, '.', 3443, 272491.32, 4170570.85, 875.70);
insert into STATION values (9497, '.', 3443, 272491.68, 4170571.01, 870.20);
insert into STATION values (9498, '20', 3443, 272494.74, 4170562.24, 875.89);
insert into STATION values (9499, '.', 3443, 272493.04, 4170562.98, 875.69);
insert into STATION values (9500, '.', 3443, 272492.31, 4170561.56, 875.93);
insert into STATION values (9501, '.', 3443, 272494.70, 4170561.01, 875.92);
insert into STATION values (9502, '.', 3443, 272495.38, 4170566.05, 875.99);
insert into STATION values (9503, '.', 3443, 272494.60, 4170562.45, 878.12);
insert into STATION values (9504, '.', 3443, 272494.68, 4170562.45, 874.14);
insert into STATION values (9505, '21', 3443, 272492.06, 4170560.40, 875.63);
insert into STATION values (9506, '.', 3443, 272493.02, 4170559.48, 875.57);
insert into STATION values (9507, '.', 3443, 272491.66, 4170560.82, 875.59);
insert into STATION values (9508, '.', 3443, 272492.17, 4170560.33, 876.42);
insert into STATION values (9509, '.', 3443, 272491.93, 4170560.53, 875.07);
insert into STATION values (9510, '22', 3443, 272490.90, 4170558.17, 877.72);
insert into STATION values (9511, '.', 3443, 272490.56, 4170558.64, 877.75);
insert into STATION values (9512, '.', 3443, 272491.27, 4170557.77, 877.74);
insert into STATION values (9513, '.', 3443, 272490.90, 4170558.15, 878.00);
insert into STATION values (9514, '.', 3443, 272490.72, 4170558.16, 877.21);
insert into STATION values (9515, '23', 3443, 272487.44, 4170592.30, 869.61);
insert into STATION values (9516, '.', 3443, 272491.54, 4170600.96, 869.65);
insert into STATION values (9517, '.', 3443, 272484.16, 4170591.09, 869.64);
insert into STATION values (9518, '.', 3443, 272489.12, 4170586.02, 869.99);
insert into STATION values (9519, '.', 3443, 272487.24, 4170592.36, 870.62);
insert into STATION values (9520, '.', 3443, 272487.52, 4170592.38, 869.29);
insert into STATION values (9521, '24', 3443, 272481.23, 4170581.39, 871.47);
insert into STATION values (9522, '25', 3443, 272477.80, 4170596.35, 869.56);
insert into STATION values (9523, '.', 3443, 272473.03, 4170595.29, 869.56);
insert into STATION values (9524, '.', 3443, 272476.75, 4170588.61, 869.13);
insert into STATION values (9525, '.', 3443, 272480.50, 4170593.95, 869.60);
insert into STATION values (9526, '.', 3443, 272487.14, 4170603.17, 869.99);
insert into STATION values (9527, '.', 3443, 272479.27, 4170598.90, 869.60);
insert into STATION values (9528, '.', 3443, 272477.78, 4170596.02, 870.39);
insert into STATION values (9529, '.', 3443, 272477.72, 4170596.28, 869.07);
insert into STATION values (9530, '26', 3443, 272479.59, 4170591.95, 869.14);
insert into STATION values (9531, '.', 3443, 272478.82, 4170590.98, 869.21);
insert into STATION values (9532, '.', 3443, 272479.89, 4170592.13, 869.16);
insert into STATION values (9533, '.', 3443, 272479.51, 4170591.69, 870.04);
insert into STATION values (9534, '.', 3443, 272479.50, 4170591.85, 868.74);
insert into STATION values (9535, '27', 3443, 272482.42, 4170585.23, 868.90);
insert into STATION values (9536, '.', 3443, 272482.73, 4170585.38, 868.86);
insert into STATION values (9537, '.', 3443, 272482.18, 4170584.98, 868.83);
insert into STATION values (9538, '.', 3443, 272482.44, 4170585.24, 869.28);
insert into STATION values (9539, '.', 3443, 272482.34, 4170585.18, 868.50);
insert into STATION values (9540, '28', 3443, 272474.79, 4170604.53, 869.23);
insert into STATION values (9541, '.', 3443, 272468.94, 4170599.12, 868.92);
insert into STATION values (9542, '.', 3443, 272461.93, 4170606.28, 868.91);
insert into STATION values (9543, '.', 3443, 272473.47, 4170617.91, 869.86);
insert into STATION values (9544, '.', 3443, 272487.71, 4170624.39, 869.72);
insert into STATION values (9545, '.', 3443, 272497.01, 4170616.82, 869.72);
insert into STATION values (9546, '.', 3443, 272474.21, 4170604.62, 869.86);
insert into STATION values (9547, '.', 3443, 272474.86, 4170604.58, 868.75);
insert into STATION values (9548, '29', 3443, 272468.11, 4170609.87, 869.00);
insert into STATION values (9549, '.', 3443, 272459.53, 4170615.95, 868.07);
insert into STATION values (9550, '.', 3443, 272484.80, 4170624.87, 870.06);
insert into STATION values (9551, '.', 3443, 272490.03, 4170614.83, 870.06);
insert into STATION values (9552, '.', 3443, 272471.49, 4170609.36, 869.14);
insert into STATION values (9553, '.', 3443, 272468.34, 4170599.33, 868.91);
insert into STATION values (9554, '.', 3443, 272463.63, 4170609.73, 868.86);
insert into STATION values (9555, '30', 3443, 272459.09, 4170601.64, 870.12);
insert into STATION values (9556, '.', 3443, 272457.73, 4170603.05, 870.18);
insert into STATION values (9557, '.', 3443, 272459.47, 4170600.72, 870.34);
insert into STATION values (9558, '.', 3443, 272459.07, 4170601.32, 871.24);
insert into STATION values (9559, '.', 3443, 272459.10, 4170601.47, 869.01);
insert into STATION values (9560, '31', 3443, 272468.00, 4170625.72, 869.00);
insert into STATION values (9561, '00', 3545, 269965.63, 4173690.45, 850.00);
insert into STATION_FLAG values(9561, 'ent');
insert into STATION_FLAG values(9561, 'fix');
insert into STATION values (9562, '.', 3545, 269964.02, 4173688.96, 850.14);
insert into STATION values (9563, '.', 3545, 269966.75, 4173685.69, 849.93);
insert into STATION values (9564, '.', 3545, 269970.84, 4173685.46, 849.69);
insert into STATION values (9565, '.', 3545, 269967.02, 4173690.68, 850.11);
insert into STATION values (9566, '.', 3545, 269965.71, 4173690.35, 848.69);
insert into STATION values (9567, '.', 3545, 269967.04, 4173690.59, 849.29);
insert into STATION values (9568, '.', 3545, 269964.36, 4173689.19, 849.02);
insert into STATION values (9569, '.', 3545, 269965.67, 4173690.30, 851.37);
insert into STATION values (9570, '.', 3545, 269964.87, 4173689.08, 850.50);
insert into STATION values (9571, '.', 3545, 269966.63, 4173690.45, 850.17);
insert into STATION values (9572, '1', 3545, 269973.86, 4173680.05, 847.40);
insert into STATION values (9573, '.', 3545, 269977.22, 4173677.81, 847.11);
insert into STATION values (9574, '.', 3545, 269976.70, 4173671.81, 847.25);
insert into STATION values (9575, '.', 3545, 269971.75, 4173677.63, 847.29);
insert into STATION values (9576, '.', 3545, 269975.35, 4173680.94, 847.36);
insert into STATION values (9577, '.', 3545, 269973.15, 4173684.08, 848.44);
insert into STATION values (9578, '.', 3545, 269970.48, 4173681.13, 848.07);
insert into STATION values (9579, '.', 3545, 269973.86, 4173680.02, 847.80);
insert into STATION values (9580, '.', 3545, 269973.85, 4173680.10, 847.02);
insert into STATION values (9581, '2', 3545, 269983.53, 4173671.11, 847.53);
insert into STATION values (9582, '.', 3545, 269989.87, 4173674.01, 847.46);
insert into STATION values (9583, '.', 3545, 269996.96, 4173674.06, 847.27);
insert into STATION values (9584, '.', 3545, 270006.10, 4173671.92, 846.94);
insert into STATION values (9585, '.', 3545, 269984.15, 4173670.74, 847.50);
insert into STATION values (9586, '.', 3545, 269978.99, 4173670.51, 847.68);
insert into STATION values (9587, '.', 3545, 269979.18, 4173676.32, 847.71);
insert into STATION values (9588, '.', 3545, 269972.96, 4173676.74, 847.85);
insert into STATION values (9589, '.', 3545, 269983.56, 4173671.05, 848.11);
insert into STATION values (9590, '.', 3545, 269984.44, 4173675.17, 847.36);
insert into STATION values (9591, '.', 3545, 269983.61, 4173671.18, 846.35);
insert into STATION values (9592, '.', 3545, 269984.22, 4173674.60, 846.54);
insert into STATION values (9593, '.', 3545, 269984.23, 4173673.62, 849.50);
insert into STATION values (9594, '3', 3545, 270003.56, 4173672.99, 846.97);
insert into STATION values (9595, '.', 3545, 270010.78, 4173664.58, 846.84);
insert into STATION values (9596, '.', 3545, 270006.80, 4173670.14, 847.15);
insert into STATION values (9597, '.', 3545, 270002.99, 4173668.21, 847.16);
insert into STATION values (9598, '.', 3545, 269998.10, 4173669.44, 847.20);
insert into STATION values (9599, '.', 3545, 269989.94, 4173670.16, 847.97);
insert into STATION values (9600, '.', 3545, 270001.85, 4173673.65, 847.02);
insert into STATION values (9601, '.', 3545, 270003.17, 4173672.53, 849.06);
insert into STATION values (9602, '.', 3545, 270001.63, 4173670.79, 850.34);
insert into STATION values (9603, '.', 3545, 270001.72, 4173668.92, 849.23);
insert into STATION values (9604, '.', 3545, 270001.85, 4173668.86, 845.60);
insert into STATION values (9605, '.', 3545, 270003.59, 4173672.95, 845.72);
insert into STATION values (9606, '.', 3545, 270003.77, 4173673.48, 845.73);
insert into STATION values (9607, '4', 3545, 270010.79, 4173664.81, 847.53);
insert into STATION values (9608, '.', 3545, 270011.37, 4173668.00, 847.41);
insert into STATION values (9609, '.', 3545, 270016.73, 4173668.15, 847.78);
insert into STATION values (9610, '.', 3545, 270025.31, 4173665.68, 847.70);
insert into STATION values (9611, '.', 3545, 270016.04, 4173664.03, 847.73);
insert into STATION values (9612, '.', 3545, 270007.67, 4173665.74, 847.29);
insert into STATION values (9613, '.', 3545, 270006.80, 4173666.50, 847.41);
insert into STATION values (9614, '.', 3545, 269995.85, 4173674.38, 846.66);
insert into STATION values (9615, '.', 3545, 270007.20, 4173669.54, 847.38);
insert into STATION values (9616, '.', 3545, 270009.61, 4173668.69, 847.49);
insert into STATION values (9617, '.', 3545, 270010.77, 4173667.90, 847.93);
insert into STATION values (9618, '.', 3545, 270010.79, 4173665.55, 849.62);
insert into STATION values (9619, '.', 3545, 270011.13, 4173666.83, 849.53);
insert into STATION values (9620, '.', 3545, 270011.46, 4173666.90, 847.72);
insert into STATION values (9621, '.', 3545, 270011.78, 4173667.86, 846.12);
insert into STATION values (9622, '.', 3545, 270010.86, 4173664.77, 846.12);
insert into STATION values (9623, '.', 3545, 270010.72, 4173664.50, 847.57);
insert into STATION values (9624, '5', 3545, 270020.15, 4173667.27, 848.32);
insert into STATION values (9625, '.', 3545, 270018.68, 4173662.48, 847.95);
insert into STATION values (9626, '.', 3545, 270024.55, 4173663.15, 848.34);
insert into STATION values (9627, '.', 3545, 270029.04, 4173665.36, 848.85);
insert into STATION values (9628, '.', 3545, 270032.87, 4173670.43, 849.03);
insert into STATION values (9629, '.', 3545, 270014.14, 4173663.36, 847.48);
insert into STATION values (9630, '.', 3545, 270009.10, 4173665.22, 846.92);
insert into STATION values (9631, '.', 3545, 270019.58, 4173664.32, 850.61);
insert into STATION values (9632, '.', 3545, 270020.45, 4173661.47, 849.29);
insert into STATION values (9633, '.', 3545, 270020.41, 4173664.06, 846.88);
insert into STATION values (9634, '.', 3545, 270020.14, 4173667.11, 846.71);
insert into STATION values (9635, '.', 3545, 270020.44, 4173668.22, 847.13);
insert into STATION values (9636, '6', 3545, 270023.53, 4173662.01, 848.21);
insert into STATION values (9637, '.', 3545, 270022.92, 4173660.94, 848.34);
insert into STATION values (9638, '.', 3545, 270024.73, 4173663.21, 848.31);
insert into STATION values (9639, '.', 3545, 270025.80, 4173661.69, 848.37);
insert into STATION values (9640, '.', 3545, 270025.10, 4173660.63, 848.27);
insert into STATION values (9641, '.', 3545, 270024.62, 4173660.54, 848.12);
insert into STATION values (9642, '.', 3545, 270021.99, 4173668.30, 848.62);
insert into STATION values (9643, '.', 3545, 270027.77, 4173672.34, 848.74);
insert into STATION values (9644, '.', 3545, 270017.16, 4173663.52, 848.17);
insert into STATION values (9645, '.', 3545, 270015.52, 4173668.44, 847.51);
insert into STATION values (9646, '.', 3545, 270023.77, 4173662.32, 851.49);
insert into STATION values (9647, '.', 3545, 270024.00, 4173663.18, 849.44);
insert into STATION values (9648, '.', 3545, 270021.84, 4173659.80, 851.25);
insert into STATION values (9649, '.', 3545, 270023.53, 4173662.31, 847.36);
insert into STATION values (9650, '7', 3545, 270035.76, 4173659.56, 839.70);
insert into STATION values (9651, '8', 3545, 270031.59, 4173671.44, 849.60);
insert into STATION values (9652, '.', 3545, 270036.28, 4173667.70, 850.49);
insert into STATION values (9653, '.', 3545, 270032.04, 4173664.28, 849.77);
insert into STATION values (9654, '.', 3545, 270029.65, 4173666.83, 849.40);
insert into STATION values (9655, '.', 3545, 270025.36, 4173664.06, 849.05);
insert into STATION values (9656, '.', 3545, 270024.51, 4173669.68, 849.25);
insert into STATION values (9657, '.', 3545, 270031.44, 4173671.14, 850.62);
insert into STATION values (9658, '.', 3545, 270031.58, 4173671.37, 848.77);
insert into STATION values (9659, '9', 3545, 270033.47, 4173666.72, 850.08);
insert into STATION values (9660, '.', 3545, 270030.03, 4173665.10, 850.10);
insert into STATION values (9661, '.', 3545, 270028.62, 4173671.28, 849.78);
insert into STATION values (9662, '.', 3545, 270034.89, 4173672.28, 850.47);
insert into STATION values (9663, '.', 3545, 270033.74, 4173666.16, 850.11);
insert into STATION values (9664, '.', 3545, 270033.38, 4173666.83, 850.86);
insert into STATION values (9665, '.', 3545, 270033.24, 4173667.11, 848.57);
insert into STATION values (9666, '10', 3545, 270028.85, 4173661.59, 850.39);
insert into STATION values (9667, '.', 3545, 270027.68, 4173659.83, 849.64);
insert into STATION values (9668, '.', 3545, 270027.32, 4173663.65, 850.31);
insert into STATION values (9669, '.', 3545, 270030.38, 4173661.98, 850.55);
insert into STATION values (9670, '.', 3545, 270029.79, 4173660.81, 850.48);
insert into STATION values (9671, '.', 3545, 270028.83, 4173661.58, 851.32);
insert into STATION values (9672, '.', 3545, 270028.18, 4173661.50, 849.15);
insert into STATION values (9673, '11', 3545, 270033.77, 4173660.31, 851.25);
insert into STATION values (9674, '12', 3545, 270041.79, 4173670.70, 852.07);
insert into STATION values (9675, '.', 3545, 270040.54, 4173671.50, 852.31);
insert into STATION values (9676, '.', 3545, 270042.16, 4173673.90, 853.22);
insert into STATION values (9677, '.', 3545, 270043.78, 4173672.32, 853.08);
insert into STATION values (9678, '.', 3545, 270040.51, 4173668.49, 852.07);
insert into STATION values (9679, '.', 3545, 270041.65, 4173670.59, 852.38);
insert into STATION values (9680, '.', 3545, 270041.74, 4173670.91, 851.44);
insert into STATION values (9681, '.', 3545, 270038.41, 4173671.62, 851.41);
insert into STATION values (9682, '13', 3545, 270043.92, 4173676.31, 853.99);
insert into STATION values (9683, '.', 3545, 270039.46, 4173676.33, 853.81);
insert into STATION values (9684, '.', 3545, 270042.56, 4173678.48, 854.13);
insert into STATION values (9685, '.', 3545, 270045.96, 4173680.27, 854.37);
insert into STATION values (9686, '.', 3545, 270048.36, 4173678.39, 854.96);
insert into STATION values (9687, '.', 3545, 270048.67, 4173674.57, 856.30);
insert into STATION values (9688, '.', 3545, 270045.53, 4173672.61, 854.30);
insert into STATION values (9689, '.', 3545, 270042.58, 4173675.49, 853.76);
insert into STATION values (9690, '.', 3545, 270043.32, 4173674.10, 853.69);
insert into STATION values (9691, '.', 3545, 270043.08, 4173676.58, 854.82);
insert into STATION values (9692, '.', 3545, 270043.64, 4173676.23, 854.90);
insert into STATION values (9693, '.', 3545, 270047.28, 4173674.43, 855.93);
insert into STATION values (9694, '14', 3545, 270039.41, 4173676.60, 854.01);
insert into STATION values (9695, '15', 3545, 270046.44, 4173674.66, 856.41);
insert into STATION values (9696, '16', 3545, 269992.55, 4173673.93, 847.16);
insert into STATION values (9697, '.', 3545, 269999.35, 4173668.81, 846.69);
insert into STATION values (9698, '.', 3545, 269993.40, 4173669.64, 847.04);
insert into STATION values (9699, '.', 3545, 269991.78, 4173670.03, 847.06);
insert into STATION values (9700, '.', 3545, 269992.70, 4173671.96, 850.29);
insert into STATION values (9701, '.', 3545, 269992.42, 4173673.61, 845.73);
insert into STATION values (9702, '.', 3545, 269992.55, 4173674.23, 847.18);
insert into STATION values (9703, '17', 3545, 269997.55, 4173674.43, 843.34);
insert into STATION values (9704, '.', 3545, 269998.11, 4173673.04, 843.14);
insert into STATION values (9705, '.', 3545, 270000.32, 4173673.42, 843.25);
insert into STATION values (9706, '.', 3545, 269999.06, 4173673.10, 843.33);
insert into STATION values (9707, '.', 3545, 269996.12, 4173673.80, 843.31);
insert into STATION values (9708, '.', 3545, 269996.28, 4173674.72, 843.38);
insert into STATION values (9709, '.', 3545, 269996.95, 4173672.77, 849.58);
insert into STATION values (9710, '.', 3545, 270000.20, 4173673.77, 835.54);
insert into STATION values (9711, '.', 3545, 269995.93, 4173673.82, 833.55);
insert into STATION values (9712, '18', 3545, 269999.17, 4173673.88, 830.34);
insert into STATION values (9713, '.', 3545, 269999.40, 4173675.18, 830.55);
insert into STATION values (9714, '.', 3545, 270003.29, 4173674.11, 830.80);
insert into STATION values (9715, '.', 3545, 269997.97, 4173674.57, 830.75);
insert into STATION values (9716, '.', 3545, 269994.14, 4173675.29, 834.49);
insert into STATION values (9717, '.', 3545, 269996.84, 4173673.16, 849.10);
insert into STATION values (9718, '.', 3545, 270002.35, 4173674.62, 827.03);
insert into STATION values (9719, '.', 3545, 270000.35, 4173675.02, 829.13);
insert into STATION values (9720, '19', 3545, 270000.80, 4173674.82, 827.99);
insert into STATION values (9721, '.', 3545, 270000.80, 4173673.85, 827.92);
insert into STATION values (9722, '.', 3545, 270000.09, 4173674.49, 827.98);
insert into STATION values (9723, '.', 3545, 270002.87, 4173675.20, 827.37);
insert into STATION values (9724, '.', 3545, 270002.23, 4173673.85, 827.63);
insert into STATION values (9725, '.', 3545, 270000.47, 4173674.77, 827.43);
insert into STATION values (9726, '.', 3545, 270000.28, 4173673.96, 820.25);
insert into STATION values (9727, '.', 3545, 269995.91, 4173673.51, 849.39);
insert into STATION values (9728, '20', 3545, 269996.69, 4173674.85, 817.19);
insert into STATION values (9729, '.', 3545, 269997.85, 4173677.63, 817.50);
insert into STATION values (9730, '.', 3545, 269994.50, 4173676.79, 817.19);
insert into STATION values (9731, '.', 3545, 269986.09, 4173678.67, 826.09);
insert into STATION values (9732, '.', 3545, 269999.45, 4173676.40, 817.02);
insert into STATION values (9733, '.', 3545, 269997.35, 4173674.30, 817.30);
insert into STATION values (9734, '.', 3545, 269996.86, 4173675.71, 815.54);
insert into STATION values (9735, '.', 3545, 269995.56, 4173675.03, 827.12);
insert into STATION values (9736, '21', 3545, 269987.12, 4173678.55, 826.33);
insert into STATION values (9737, '22', 3545, 269993.67, 4173679.32, 806.55);
insert into STATION values (9738, '.', 3545, 269986.07, 4173679.59, 808.28);
insert into STATION values (9739, '.', 3545, 269985.80, 4173681.45, 807.81);
insert into STATION values (9740, '.', 3545, 269993.15, 4173678.51, 806.67);
insert into STATION values (9741, '.', 3545, 269995.43, 4173677.95, 806.46);
insert into STATION values (9742, '.', 3545, 269993.80, 4173679.72, 806.51);
insert into STATION values (9743, '.', 3545, 269993.67, 4173677.51, 816.81);
insert into STATION values (9744, '23', 3545, 269992.99, 4173679.23, 790.10);
insert into STATION values (9745, '.', 3545, 269992.45, 4173672.59, 789.47);
insert into STATION values (9746, '.', 3545, 269974.87, 4173669.98, 787.68);
insert into STATION values (9747, '.', 3545, 269982.56, 4173697.92, 790.25);
insert into STATION values (9748, '.', 3545, 269994.85, 4173686.56, 790.14);
insert into STATION values (9749, '.', 3545, 269989.96, 4173682.54, 800.08);
insert into STATION values (9750, '.', 3545, 269995.93, 4173687.42, 782.70);
insert into STATION values (9751, '24', 3545, 269969.71, 4173689.72, 786.70);
insert into STATION values (9752, '.', 3545, 269975.44, 4173669.52, 788.35);
insert into STATION values (9753, '.', 3545, 269966.07, 4173698.16, 786.61);
insert into STATION values (9754, '.', 3545, 269960.36, 4173691.29, 789.54);
insert into STATION values (9755, '.', 3545, 269959.15, 4173675.16, 790.32);
insert into STATION values (9756, '.', 3545, 269990.92, 4173671.31, 788.81);
insert into STATION values (9757, '.', 3545, 269986.25, 4173698.54, 787.06);
insert into STATION values (9758, '.', 3545, 269968.85, 4173689.71, 794.03);
insert into STATION values (9759, '.', 3545, 269969.78, 4173689.80, 786.00);
insert into STATION values (9760, '25', 3545, 269948.50, 4173686.34, 795.02);
insert into STATION values (9761, '.', 3545, 269948.43, 4173684.36, 795.38);
insert into STATION values (9762, '.', 3545, 269952.60, 4173683.23, 794.82);
insert into STATION values (9763, '.', 3545, 269954.74, 4173688.18, 795.42);
insert into STATION values (9764, '.', 3545, 269948.96, 4173689.17, 795.42);
insert into STATION values (9765, '.', 3545, 269945.78, 4173690.97, 795.75);
insert into STATION values (9766, '.', 3545, 269941.29, 4173683.50, 796.87);
insert into STATION values (9767, '.', 3545, 269948.90, 4173687.33, 798.21);
insert into STATION values (9768, '.', 3545, 269948.59, 4173686.28, 793.60);
insert into STATION values (9769, '26', 3545, 269936.26, 4173685.63, 799.63);
insert into STATION values (9770, '.', 3545, 269937.91, 4173682.18, 800.03);
insert into STATION values (9771, '.', 3545, 269932.11, 4173678.62, 802.99);
insert into STATION values (9772, '.', 3545, 269933.81, 4173690.45, 803.21);
insert into STATION values (9773, '.', 3545, 269938.52, 4173689.94, 800.07);
insert into STATION values (9774, '.', 3545, 269940.68, 4173687.83, 799.55);
insert into STATION values (9775, '.', 3545, 269936.05, 4173685.71, 802.84);
insert into STATION values (9776, '.', 3545, 269936.45, 4173685.88, 798.73);
insert into STATION values (9777, '27', 3545, 269932.56, 4173686.03, 804.45);
insert into STATION values (9778, '.', 3545, 269929.95, 4173691.28, 804.32);
insert into STATION values (9779, '.', 3545, 269934.73, 4173686.36, 804.31);
insert into STATION values (9780, '.', 3545, 269934.39, 4173681.03, 804.23);
insert into STATION values (9781, '.', 3545, 269929.46, 4173679.14, 803.98);
insert into STATION values (9782, '.', 3545, 269929.00, 4173685.24, 804.55);
insert into STATION values (9783, '.', 3545, 269928.68, 4173689.19, 804.20);
insert into STATION values (9784, '.', 3545, 269932.69, 4173685.86, 806.10);
insert into STATION values (9785, '.', 3545, 269932.25, 4173686.73, 802.00);
insert into STATION values (9786, '28', 3545, 269928.96, 4173684.56, 807.40);
insert into STATION values (9787, '.', 3545, 269927.47, 4173691.07, 808.91);
insert into STATION values (9788, '.', 3545, 269931.26, 4173687.61, 808.03);
insert into STATION values (9789, '.', 3545, 269930.40, 4173684.45, 807.61);
insert into STATION values (9790, '.', 3545, 269923.72, 4173683.89, 809.78);
insert into STATION values (9791, '.', 3545, 269926.42, 4173679.73, 807.98);
insert into STATION values (9792, '.', 3545, 269928.58, 4173684.58, 805.85);
insert into STATION values (9793, '.', 3545, 269929.00, 4173685.03, 810.85);
insert into STATION values (9794, '29', 3545, 269922.58, 4173683.68, 811.73);
insert into STATION values (9795, '.', 3545, 269922.58, 4173689.85, 811.79);
insert into STATION values (9796, '.', 3545, 269922.40, 4173682.63, 811.90);
insert into STATION values (9797, '.', 3545, 269928.50, 4173684.20, 811.14);
insert into STATION values (9798, '.', 3545, 269927.50, 4173687.52, 811.41);
insert into STATION values (9799, '.', 3545, 269921.20, 4173686.24, 812.50);
insert into STATION values (9800, '.', 3545, 269922.60, 4173683.53, 812.55);
insert into STATION values (9801, '.', 3545, 269923.52, 4173683.59, 809.08);
insert into STATION values (9802, '.', 3545, 269920.03, 4173686.09, 812.12);
insert into STATION values (9803, '.', 3545, 269919.88, 4173683.32, 812.45);
insert into STATION values (9804, '30', 3545, 269916.20, 4173686.76, 811.94);
insert into STATION values (9805, '.', 3545, 269917.42, 4173689.13, 812.29);
insert into STATION values (9806, '.', 3545, 269915.08, 4173693.03, 812.20);
insert into STATION values (9807, '.', 3545, 269911.45, 4173689.63, 814.08);
insert into STATION values (9808, '.', 3545, 269910.19, 4173686.17, 814.92);
insert into STATION values (9809, '.', 3545, 269915.32, 4173685.62, 812.31);
insert into STATION values (9810, '.', 3545, 269916.50, 4173684.88, 812.25);
insert into STATION values (9811, '.', 3545, 269917.08, 4173686.81, 811.97);
insert into STATION values (9812, '.', 3545, 269916.33, 4173686.69, 813.64);
insert into STATION values (9813, '.', 3545, 269916.01, 4173686.73, 810.86);
insert into STATION values (9814, '31', 3545, 269909.01, 4173689.77, 816.85);
insert into STATION values (9815, '.', 3545, 269908.89, 4173689.39, 816.78);
insert into STATION values (9816, '.', 3545, 269909.12, 4173690.10, 816.77);
insert into STATION values (9817, '.', 3545, 269908.70, 4173689.80, 816.19);
insert into STATION values (9818, '.', 3545, 269909.05, 4173689.78, 817.33);
insert into STATION values (9819, '32', 3545, 270006.74, 4173668.89, 786.63);
insert into STATION values (9820, '.', 3545, 270009.68, 4173676.51, 786.47);
insert into STATION values (9821, '.', 3545, 270003.67, 4173664.21, 787.14);
insert into STATION values (9822, '.', 3545, 270001.91, 4173678.08, 788.43);
insert into STATION values (9823, '.', 3545, 269995.06, 4173670.40, 788.67);
insert into STATION values (9824, '.', 3545, 270031.69, 4173665.14, 786.63);
insert into STATION values (9825, '.', 3545, 270012.18, 4173634.78, 789.23);
insert into STATION values (9826, '33', 3545, 270013.45, 4173654.87, 785.14);
insert into STATION values (9827, '.', 3545, 270032.61, 4173652.70, 787.30);
insert into STATION values (9828, '.', 3545, 270033.85, 4173661.32, 787.04);
insert into STATION values (9829, '.', 3545, 270031.89, 4173646.83, 790.23);
insert into STATION values (9830, '.', 3545, 270008.49, 4173651.07, 787.13);
insert into STATION values (9831, '.', 3545, 270007.24, 4173657.74, 786.48);
insert into STATION values (9832, '.', 3545, 270014.69, 4173674.92, 785.77);
insert into STATION values (9833, '.', 3545, 270022.92, 4173673.50, 786.52);
insert into STATION values (9834, '34', 3545, 270018.76, 4173642.90, 788.74);
insert into STATION values (9835, '.', 3545, 270013.41, 4173654.55, 793.85);
insert into STATION values (9836, '.', 3545, 270013.31, 4173655.01, 783.80);
insert into STATION values (9837, '.', 3545, 270008.13, 4173641.89, 788.01);
insert into STATION values (9838, '.', 3545, 270026.28, 4173630.46, 788.26);
insert into STATION values (9839, '.', 3545, 270016.09, 4173632.00, 788.47);
insert into STATION values (9840, '.', 3545, 270009.46, 4173636.11, 788.36);
insert into STATION values (9841, '.', 3545, 270007.33, 4173656.21, 788.74);
insert into STATION values (9842, '.', 3545, 270030.03, 4173654.72, 792.27);
insert into STATION values (9843, '.', 3545, 270018.08, 4173642.58, 796.54);
insert into STATION values (9844, '.', 3545, 270018.61, 4173642.67, 787.86);
insert into STATION values (9845, '35', 3545, 270010.04, 4173629.85, 786.26);
insert into STATION values (9846, '.', 3545, 270020.06, 4173631.40, 787.32);
insert into STATION values (9847, '.', 3545, 270016.98, 4173626.93, 786.39);
insert into STATION values (9848, '.', 3545, 270017.07, 4173616.33, 785.11);
insert into STATION values (9849, '.', 3545, 270009.83, 4173620.77, 785.81);
insert into STATION values (9850, '.', 3545, 270008.68, 4173629.36, 786.22);
insert into STATION values (9851, '.', 3545, 270008.55, 4173635.73, 786.39);
insert into STATION values (9852, '.', 3545, 270013.22, 4173629.36, 788.41);
insert into STATION values (9853, '.', 3545, 270010.50, 4173629.89, 784.11);
insert into STATION values (9854, '36', 3545, 270012.42, 4173615.25, 784.78);
insert into STATION values (9855, '.', 3545, 270008.26, 4173615.06, 784.84);
insert into STATION values (9856, '.', 3545, 270016.06, 4173614.24, 784.51);
insert into STATION values (9857, '.', 3545, 270010.91, 4173607.46, 785.51);
insert into STATION values (9858, '.', 3545, 270016.13, 4173608.23, 785.06);
insert into STATION values (9859, '.', 3545, 270009.95, 4173619.07, 785.18);
insert into STATION values (9860, '.', 3545, 270017.60, 4173622.69, 784.83);
insert into STATION values (9861, '.', 3545, 270012.18, 4173615.15, 785.81);
insert into STATION values (9862, '.', 3545, 270013.18, 4173614.69, 783.62);
insert into STATION values (9863, '37', 3545, 270012.27, 4173606.07, 785.32);
insert into STATION values (9864, '.', 3545, 270016.53, 4173607.40, 785.40);
insert into STATION values (9865, '.', 3545, 270015.77, 4173602.57, 785.67);
insert into STATION values (9866, '.', 3545, 270011.34, 4173604.37, 785.37);
insert into STATION values (9867, '.', 3545, 270011.08, 4173606.42, 785.29);
insert into STATION values (9868, '.', 3545, 270009.82, 4173609.05, 785.66);
insert into STATION values (9869, '.', 3545, 270012.15, 4173606.28, 786.64);
insert into STATION values (9870, '.', 3545, 270012.24, 4173605.90, 784.38);
insert into STATION values (9871, '38', 3545, 270014.11, 4173598.36, 786.47);
insert into STATION values (9872, '.', 3545, 270013.87, 4173598.31, 786.45);
insert into STATION values (9873, '.', 3545, 270014.47, 4173598.49, 786.48);
insert into STATION values (9874, '.', 3545, 270014.18, 4173598.14, 786.47);
insert into STATION values (9875, '.', 3545, 270014.13, 4173598.30, 786.73);
insert into STATION values (9876, '.', 3545, 270014.04, 4173598.35, 785.88);
insert into STATION values (9877, '39', 3545, 270034.33, 4173639.06, 791.49);
insert into STATION values (9878, '.', 3545, 270035.27, 4173642.55, 791.54);
insert into STATION values (9879, '.', 3545, 270046.71, 4173638.77, 793.21);
insert into STATION values (9880, '.', 3545, 270036.77, 4173635.51, 791.88);
insert into STATION values (9881, '.', 3545, 270033.49, 4173634.52, 791.42);
insert into STATION values (9882, '.', 3545, 270027.00, 4173631.34, 789.35);
insert into STATION values (9883, '.', 3545, 270034.79, 4173639.46, 796.30);
insert into STATION values (9884, '.', 3545, 270034.20, 4173638.56, 790.01);
insert into STATION values (9885, '40', 3545, 270043.37, 4173639.13, 792.76);
insert into STATION values (9886, '.', 3545, 270043.33, 4173640.16, 792.78);
insert into STATION values (9887, '.', 3545, 270043.50, 4173635.43, 792.74);
insert into STATION values (9888, '.', 3545, 270047.17, 4173638.54, 792.55);
insert into STATION values (9889, '.', 3545, 270046.28, 4173636.57, 792.62);
insert into STATION values (9890, '.', 3545, 270040.77, 4173635.58, 792.95);
insert into STATION values (9891, '.', 3545, 270041.70, 4173639.74, 792.77);
insert into STATION values (9892, '41', 3545, 270044.27, 4173635.12, 823.57);
insert into STATION values (9893, '42', 3545, 270050.35, 4173636.14, 790.83);
insert into STATION values (9894, '.', 3545, 270050.30, 4173636.86, 790.89);
insert into STATION values (9895, '.', 3545, 270051.97, 4173636.98, 790.78);
insert into STATION values (9896, '.', 3545, 270051.72, 4173635.52, 790.90);
insert into STATION values (9897, '.', 3545, 270050.51, 4173635.37, 790.87);
insert into STATION values (9898, '43', 3545, 270058.95, 4173635.94, 788.57);
insert into STATION values (9899, '.', 3545, 270050.38, 4173636.09, 791.40);
insert into STATION values (9900, '.', 3545, 270050.41, 4173636.20, 790.17);
insert into STATION values (9901, '.', 3545, 270060.57, 4173635.91, 786.68);
insert into STATION values (9902, '.', 3545, 270058.37, 4173636.03, 790.46);
insert into STATION values (9903, '.', 3545, 270059.04, 4173636.41, 788.58);
insert into STATION values (9904, '.', 3545, 270058.83, 4173635.47, 788.66);
insert into STATION values (9905, '44', 3545, 270019.22, 4173663.50, 785.43);
insert into STATION values (9906, '.', 3545, 270007.59, 4173653.05, 786.11);
insert into STATION values (9907, '.', 3545, 270032.33, 4173646.44, 789.26);
insert into STATION values (9908, '.', 3545, 270027.33, 4173669.92, 785.80);
insert into STATION values (9909, '.', 3545, 270017.56, 4173674.65, 786.99);
insert into STATION values (9910, '.', 3545, 270021.30, 4173664.32, 809.08);
insert into STATION values (9911, '.', 3545, 270018.90, 4173660.93, 795.62);
insert into STATION values (9912, '.', 3545, 270017.23, 4173654.34, 795.24);
insert into STATION values (9913, '.', 3545, 270018.51, 4173667.01, 794.10);
insert into STATION values (9914, '45', 3545, 270020.90, 4173663.49, 816.57);
insert into STATION values (9915, '0', 3840, 273419.59, 4169499.12, 912.00);
insert into STATION_FLAG values(9915, 'fix');
insert into STATION values (9916, '1', 3840, 273421.88, 4169493.22, 913.43);
insert into STATION_FLAG values(9916, 'ent');
insert into STATION values (9917, '2', 3840, 273421.05, 4169489.75, 913.71);
insert into STATION values (9918, '3', 3840, 273423.44, 4169482.25, 915.30);
insert into STATION values (9919, '4', 3840, 273425.54, 4169478.06, 915.54);
insert into STATION values (9920, '-', 3840, 273412.78, 4169484.42, 914.13);
insert into STATION values (9921, '-', 3840, 273414.75, 4169485.60, 916.18);
insert into STATION values (9922, '-', 3840, 273418.98, 4169487.54, 918.00);
insert into STATION values (9923, '-', 3840, 273420.73, 4169489.39, 916.97);
insert into STATION values (9924, '-', 3840, 273422.82, 4169489.90, 916.23);
insert into STATION values (9925, '-', 3840, 273424.01, 4169490.25, 915.59);
insert into STATION values (9926, '-', 3840, 273424.13, 4169490.01, 913.92);
insert into STATION values (9927, '-', 3840, 273421.12, 4169489.69, 913.22);
insert into STATION values (9928, '-', 3840, 273423.24, 4169482.31, 914.26);
insert into STATION values (9929, '-', 3840, 273423.38, 4169482.08, 916.79);
insert into STATION values (9930, '-', 3840, 273416.37, 4169477.14, 913.58);
insert into STATION values (9931, '-', 3840, 273417.94, 4169478.18, 915.86);
insert into STATION values (9932, '-', 3840, 273422.56, 4169481.34, 917.11);
insert into STATION values (9933, '-', 3840, 273423.71, 4169482.04, 916.72);
insert into STATION values (9934, '-', 3840, 273424.94, 4169483.06, 916.40);
insert into STATION values (9935, '-', 3840, 273425.16, 4169483.84, 915.18);
insert into STATION values (9936, '-', 3840, 273427.20, 4169482.46, 916.29);
insert into STATION values (9937, '-', 3840, 273431.01, 4169481.38, 916.79);
insert into STATION values (9938, '-', 3840, 273430.42, 4169479.21, 916.80);
insert into STATION values (9939, '-', 3840, 273430.50, 4169477.48, 916.65);
insert into STATION values (9940, '-', 3840, 273430.79, 4169476.58, 916.55);
insert into STATION values (9941, '-', 3840, 273432.58, 4169474.03, 916.42);
insert into STATION values (9942, '5', 3840, 273432.76, 4169472.74, 916.42);
insert into STATION values (9943, '-', 3840, 273430.22, 4169473.43, 916.28);
insert into STATION values (9944, '-', 3840, 273429.07, 4169472.58, 916.10);
insert into STATION values (9945, '-', 3840, 273428.31, 4169470.95, 916.11);
insert into STATION values (9946, '-', 3840, 273426.15, 4169470.52, 915.85);
insert into STATION values (9947, '-', 3840, 273423.64, 4169471.56, 915.41);
insert into STATION values (9948, '-', 3840, 273421.72, 4169473.68, 915.23);
insert into STATION values (9949, '-', 3840, 273420.31, 4169474.81, 914.80);
insert into STATION values (9950, '-', 3840, 273416.34, 4169477.40, 913.66);
insert into STATION values (9951, '-', 3840, 273414.25, 4169483.52, 914.88);
insert into STATION values (9952, '-', 3840, 273427.77, 4169482.20, 916.78);
insert into STATION values (9953, '-', 3840, 273425.32, 4169478.21, 916.42);
insert into STATION values (9954, '-', 3840, 273423.12, 4169476.11, 916.13);
insert into STATION values (9955, '-', 3840, 273421.00, 4169474.40, 915.48);
